Instance;Fitness;FunctionEvaluations;StartTimes;MachineAssignments;WorkerAssignments;UncertaintyParameters
0_BehnkeGeiger_42_workers.fjs;178.5286383805334;4359096;[22,31,41,58,72,13,35,46,55,64,0,13,24,35,46,10,22,31,44,61,22,33,45,55,65,0,12,28,37,49,0,11,21,31,41,0,10,21,33,51,11,30,47,58,70,12,24,34,45,56];[2,28,28,19,58,3,39,42,30,57,3,19,45,6,59,2,40,50,17,56,1,43,35,6,59,1,5,8,4,57,0,11,47,47,56,2,25,20,15,56,0,10,36,44,56,1,19,13,19,58];[25,3,21,21,86,68,85,53,3,18,83,69,21,62,77,28,64,2,79,23,51,87,34,89,49,0,80,8,43,12,20,1,85,39,10,1,60,27,77,13,48,44,76,24,31,82,1,72,71,8];[[0.7773566427005639,7.7735664270056395,1.0],[0.6698255595592497,6.698255595592498,1.0],[0.09913960392481702,0.9913960392481702,1.0],[0.35297051119014544,3.529705111901454,1.0],[0.4679077429008419,4.679077429008419,1.0],[0.5346837414708775,5.346837414708775,1.0],[0.9783090609123973,9.783090609123974,1.0],[0.13031535015865903,1.3031535015865903,1.0],[0.6712434682302663,6.712434682302662,1.0],[0.36422941594737557,3.6422941594737557,1.0],[0.48883570716198577,4.888357071619858,1.0],[0.20301221073405373,2.0301221073405373,1.0],[0.6661983755713592,6.661983755713592,1.0],[0.2276630312069321,2.276630312069321,1.0],[0.4580640582967631,4.580640582967631,1.0],[0.040722397554957435,0.40722397554957435,1.0],[0.9742897953778286,9.742897953778286,1.0],[0.4874760742689066,4.874760742689066,1.0],[0.4616138636373597,4.616138636373597,1.0],[0.7141471558082002,7.141471558082002,1.0],[0.4157281494999725,4.157281494999725,1.0],[0.888011688001529,8.88011688001529,1.0],[0.023293448723771704,0.23293448723771704,1.0],[0.8335062677845465,8.335062677845466,1.0],[0.4684947409975081,4.684947409975081,1.0],[0.8114798126442795,8.114798126442794,1.0],[0.9455914886158723,9.455914886158723,1.0],[0.9830883781948988,9.830883781948987,1.0],[0.1761820755785306,1.761820755785306,1.0],[0.698655759576308,6.98655759576308,1.0],[0.10885571131238292,1.0885571131238292,1.0],[0.16026373420620188,1.6026373420620188,1.0],[0.09286027402458918,0.9286027402458918,1.0],[0.3140620798928404,3.140620798928404,1.0],[0.01653868433866723,0.1653868433866723,1.0],[0.8540491257363622,8.540491257363621,1.0],[0.2910160386456968,2.910160386456968,1.0],[0.7800475863350328,7.800475863350328,1.0],[0.5480965161255696,5.480965161255696,1.0],[0.19433067669976123,1.9433067669976123,1.0],[0.2920382721805297,2.920382721805297,1.0],[0.3194527773994337,3.194527773994337,1.0],[0.6585982235379076,6.585982235379077,1.0],[0.23152103541222924,2.3152103541222924,1.0],[0.6194303369953537,6.194303369953537,1.0],[0.8953386098022104,8.953386098022104,1.0],[0.8694342085696831,8.694342085696832,1.0],[0.2938069356684523,2.938069356684523,1.0],[0.45820480858054946,4.582048085805495,1.0],[0.4849797978711191,4.849797978711191,1.0],[0.2803882693587225,2.803882693587225,1.0],[0.32895694635060024,3.2895694635060027,1.0],[0.9842424240265042,9.842424240265043,1.0],[0.011944137920874343,0.11944137920874343,1.0],[0.14290076829328524,1.4290076829328524,1.0],[0.6519772165446712,6.519772165446712,1.0],[0.07499317994693244,0.7499317994693244,1.0],[0.29207870228110877,2.920787022811088,1.0],[0.7934429721917705,7.934429721917705,1.0],[0.9115931008709737,9.115931008709737,1.0],[0.3703917795895437,3.7039177958954372,1.0],[0.20528221118666345,2.0528221118666345,1.0],[0.880081326784678,8.80081326784678,1.0],[0.6325664501560831,6.325664501560832,1.0],[0.503514326058558,5.0351432605855795,1.0],[0.3308435596710889,3.308435596710889,1.0],[0.3474001835074456,3.474001835074456,1.0],[0.2924115863324481,2.9241158633244813,1.0],[0.7653974346433319,7.653974346433319,1.0],[0.4784432998768373,4.784432998768374,1.0],[0.2015373401465821,2.015373401465821,1.0],[0.8715627297687166,8.715627297687167,1.0],[0.7551785489449617,7.5517854894496175,1.0],[0.8675584511848858,8.675584511848859,1.0],[0.9323236929247266,9.323236929247265,1.0],[0.24171326534063708,2.417132653406371,1.0],[0.8924504838872919,8.924504838872918,1.0],[0.7659566844206285,7.659566844206285,1.0],[0.4146826922981828,4.146826922981828,1.0],[0.32368260626724077,3.2368260626724075,1.0],[0.5613052389019693,5.613052389019693,1.0],[0.5908359788832377,5.908359788832377,1.0],[0.16558277680810296,1.6558277680810296,1.0],[0.4861970648764189,4.8619706487641885,1.0],[0.9490216941921916,9.490216941921917,1.0],[0.46819109749463483,4.681910974946348,1.0],[0.39662970244337636,3.9662970244337634,1.0],[0.9188065977724452,9.188065977724452,1.0],[0.9857276253270151,9.85727625327015,1.0],[0.9392006613006973,9.392006613006973,1.0]]
0_BehnkeGeiger_42_workers.fjs;186.96311792030193;3815028;[0,9,24,39,59,9,29,41,50,62,0,13,25,35,47,11,32,42,53,64,0,11,25,34,43,13,28,42,53,65,0,11,23,39,49,29,40,52,61,72,21,39,56,67,76,11,21,32,43,54];[2,4,31,20,58,2,39,42,53,57,3,45,15,13,58,0,21,4,48,56,1,37,35,6,59,3,5,8,4,59,0,14,20,47,57,2,25,18,15,58,1,10,36,27,56,1,19,22,17,56];[25,59,47,61,21,29,14,27,79,42,83,75,30,28,52,44,66,76,81,31,10,67,3,25,7,81,6,12,88,84,48,80,31,10,26,87,33,2,69,52,26,73,76,15,31,82,55,51,18,29];[[0.7966509679599704,7.966509679599704,1.0],[0.05862623274803458,0.5862623274803458,1.0],[0.7602397739740907,7.602397739740907,1.0],[0.8627037401845356,8.627037401845355,1.0],[0.09127403464611428,0.9127403464611428,1.0],[0.9024924365975527,9.024924365975528,1.0],[0.7858960565941281,7.858960565941281,1.0],[0.40667966546103385,4.0667966546103385,1.0],[0.37447264465852026,3.7447264465852026,1.0],[0.6490262282913547,6.490262282913547,1.0],[0.40092466608569977,4.009246660856998,1.0],[0.5721109226277574,5.721109226277575,1.0],[0.6077930620255084,6.077930620255084,1.0],[0.05072389565884072,0.5072389565884072,1.0],[0.7370880093375713,7.370880093375714,1.0],[0.708486383757228,7.08486383757228,1.0],[0.9221724532030824,9.221724532030823,1.0],[0.7149390332589045,7.149390332589045,1.0],[0.6557724968554814,6.5577249685548145,1.0],[0.7371071646895253,7.371071646895253,1.0],[0.18754222176317448,1.8754222176317448,1.0],[0.5019778365908455,5.019778365908455,1.0],[0.8950298548604116,8.950298548604117,1.0],[0.926358313475896,9.26358313475896,1.0],[0.01899157139556429,0.18991571395564288,1.0],[0.8777314655556964,8.777314655556964,1.0],[0.6362924717585655,6.362924717585655,1.0],[0.4066346562427898,4.066346562427898,1.0],[0.12957858368499198,1.2957858368499198,1.0],[0.8626878625294206,8.626878625294207,1.0],[0.25379646148203605,2.5379646148203605,1.0],[0.5928589993203222,5.9285899932032216,1.0],[0.0752821307110767,0.752821307110767,1.0],[0.55648541295561,5.5648541295561005,1.0],[0.39201372928372336,3.9201372928372336,1.0],[0.30661199501593694,3.0661199501593694,1.0],[0.16614394932812038,1.6614394932812038,1.0],[0.03548206500031437,0.35482065000314367,1.0],[0.8734081096560021,8.734081096560022,1.0],[0.6077933997757088,6.077933997757087,1.0],[0.00566233272181782,0.0566233272181782,1.0],[0.57937513910209,5.7937513910209,1.0],[0.766498732100053,7.66498732100053,1.0],[0.20058362814831487,2.0058362814831487,1.0],[0.9293225912363087,9.293225912363086,1.0],[0.8422636176481996,8.422636176481996,1.0],[0.5387041601810612,5.387041601810612,1.0],[0.9883390358185146,9.883390358185146,1.0],[0.21802702973914923,2.180270297391492,1.0],[0.038493402742472815,0.38493402742472815,1.0],[0.37032113547489287,3.7032113547489285,1.0],[0.1822270440474585,1.8222704404745849,1.0],[0.9462360068540245,9.462360068540246,1.0],[0.1150920367841759,1.150920367841759,1.0],[0.3529247978916473,3.529247978916473,1.0],[0.8631951229076982,8.631951229076982,1.0],[0.041228887544789705,0.41228887544789705,1.0],[0.08920964027917122,0.8920964027917122,1.0],[0.5188892304220151,5.1888923042201505,1.0],[0.3593751525090847,3.593751525090847,1.0],[0.02137850022746135,0.2137850022746135,1.0],[0.6705629807207766,6.705629807207766,1.0],[0.8415018800797289,8.41501880079729,1.0],[0.0549654710344607,0.549654710344607,1.0],[0.12847413232468474,1.2847413232468474,1.0],[0.12133653253479593,1.2133653253479593,1.0],[0.47496175692231557,4.7496175692231555,1.0],[0.6501440243508211,6.501440243508211,1.0],[0.26467231108682165,2.6467231108682165,1.0],[0.8283954411360489,8.283954411360488,1.0],[0.09632504623843086,0.9632504623843086,1.0],[0.9001492562131493,9.001492562131494,1.0],[0.22420503779756518,2.2420503779756515,1.0],[0.11601154122656976,1.1601154122656976,1.0],[0.20138930403775013,2.0138930403775013,1.0],[0.5571704471099438,5.571704471099438,1.0],[0.8954308805741998,8.954308805741999,1.0],[0.10783585956749675,1.0783585956749675,1.0],[0.6110196883093226,6.110196883093226,1.0],[0.5285746404071686,5.285746404071686,1.0],[0.4751239272073001,4.7512392720730015,1.0],[0.7846662958446119,7.846662958446119,1.0],[0.25197118373537,2.5197118373536997,1.0],[0.9011562601111824,9.011562601111825,1.0],[0.33015443004324485,3.3015443004324485,1.0],[0.39070876167562685,3.9070876167562685,1.0],[0.5024299090089163,5.024299090089163,1.0],[0.5414008895519862,5.414008895519862,1.0],[0.7061732576618968,7.061732576618968,1.0],[0.8167560629471541,8.167560629471541,1.0]]
0_BehnkeGeiger_42_workers.fjs;171.37400081818723;2437056;[18,27,36,47,58,0,18,29,38,47,14,27,38,54,67,0,14,24,34,45,22,33,44,54,63,0,12,26,35,45,29,40,49,59,69,0,10,21,30,44,10,29,46,57,66,12,22,34,45,56];[2,53,31,22,58,2,39,32,30,57,3,25,27,46,58,3,45,28,36,56,1,43,46,6,59,1,4,8,28,59,0,15,42,47,57,0,25,34,22,58,0,10,35,44,56,1,42,40,17,56];[8,41,74,89,3,68,47,60,79,10,40,11,40,57,8,83,31,77,17,62,51,46,30,77,70,6,6,84,68,33,2,21,66,7,14,76,45,0,5,52,48,66,11,15,1,44,52,78,82,27];[[0.5209484070219088,5.209484070219088,1.0],[0.42125020101147315,4.212502010114731,1.0],[0.22094517308324657,2.2094517308324657,1.0],[0.13033708391670573,1.3033708391670573,1.0],[0.48395776843282956,4.839577684328296,1.0],[0.6260889663051598,6.260889663051597,1.0],[0.6211218319323739,6.21121831932374,1.0],[0.707277595965894,7.07277595965894,1.0],[0.43539590023548325,4.3539590023548325,1.0],[0.04809800715767443,0.4809800715767443,1.0],[0.2254847064342842,2.254847064342842,1.0],[0.788548045160999,7.88548045160999,1.0],[0.42108890435006496,4.21088904350065,1.0],[0.5652029481252892,5.6520294812528915,1.0],[0.6764042610645917,6.764042610645918,1.0],[0.7568325816320766,7.568325816320765,1.0],[0.16251102322256883,1.6251102322256883,1.0],[0.4662293326345085,4.662293326345085,1.0],[0.652658580109924,6.526585801099239,1.0],[0.9348323542569703,9.348323542569704,1.0],[0.28093837261172117,2.8093837261172117,1.0],[0.9004772145836625,9.004772145836625,1.0],[0.848839594589838,8.48839594589838,1.0],[0.5244847531468491,5.244847531468491,1.0],[0.5786464188581003,5.786464188581003,1.0],[0.9355850494740874,9.355850494740874,1.0],[0.4401579992643663,4.401579992643663,1.0],[0.2893634937717525,2.8936349377175254,1.0],[0.7973797699194577,7.973797699194577,1.0],[0.10126138052386269,1.0126138052386269,1.0],[0.7187270677771636,7.187270677771636,1.0],[0.6449563433897082,6.449563433897082,1.0],[0.39126761491023665,3.9126761491023663,1.0],[0.9392975330999302,9.392975330999302,1.0],[0.609238184698229,6.09238184698229,1.0],[0.15484533159211777,1.5484533159211777,1.0],[0.41680311462661035,4.168031146266103,1.0],[0.9542543925010913,9.542543925010914,1.0],[0.08511902784380565,0.8511902784380565,1.0],[0.8102082222849146,8.102082222849146,1.0],[0.549048343145825,5.49048343145825,1.0],[0.797431305367372,7.974313053673719,1.0],[0.9212545834178625,9.212545834178625,1.0],[0.0840140116542355,0.840140116542355,1.0],[0.4271098529259699,4.2710985292596995,1.0],[0.4827049527125804,4.827049527125804,1.0],[0.4926248212853439,4.926248212853439,1.0],[0.8381214590808308,8.381214590808309,1.0],[0.06168361162523717,0.6168361162523717,1.0],[0.1800356634856508,1.800356634856508,1.0],[0.7512006320826361,7.5120063208263606,1.0],[0.8202315016053369,8.202315016053369,1.0],[0.9482269285705965,9.482269285705966,1.0],[0.09190024497370541,0.9190024497370541,1.0],[0.8275229129042858,8.275229129042858,1.0],[0.010223681010074426,0.10223681010074426,1.0],[0.7915178392051999,7.915178392051999,1.0],[0.23087148740184416,2.3087148740184418,1.0],[0.9176421264305312,9.176421264305311,1.0],[0.6337400704415804,6.3374007044158045,1.0],[0.4722514806957412,4.722514806957411,1.0],[0.15692662657496914,1.5692662657496914,1.0],[0.890455619982956,8.90455619982956,1.0],[0.3934374640442826,3.934374640442826,1.0],[0.9437473032889695,9.437473032889695,1.0],[0.027056184431497043,0.27056184431497043,1.0],[0.4303544994441807,4.303544994441807,1.0],[0.03986032371878334,0.3986032371878334,1.0],[0.27475171221519046,2.747517122151905,1.0],[0.9564909094852423,9.564909094852423,1.0],[0.3359902829981165,3.359902829981165,1.0],[0.04595304692857216,0.4595304692857216,1.0],[0.37548864135994087,3.754886413599409,1.0],[0.7100525719018224,7.100525719018224,1.0],[0.7195452743357282,7.195452743357283,1.0],[0.8188902738341958,8.188902738341957,1.0],[0.11659700681519214,1.1659700681519214,1.0],[0.5117406310798319,5.117406310798319,1.0],[0.4226359284361241,4.226359284361241,1.0],[0.4231179217423974,4.231179217423974,1.0],[0.5975978869418672,5.975978869418672,1.0],[0.10039657835066573,1.0039657835066573,1.0],[0.8661288460342442,8.661288460342442,1.0],[0.8262463782392978,8.262463782392977,1.0],[0.588405995089693,5.884059950896931,1.0],[0.302515462738837,3.0251546273883703,1.0],[0.031295122158443434,0.31295122158443434,1.0],[0.5757925091701167,5.757925091701167,1.0],[0.9545321496576605,9.545321496576605,1.0],[0.9649769610853548,9.649769610853548,1.0]]
0_BehnkeGeiger_42_workers.fjs;192.19723651420426;3983376;[10,31,40,51,65,12,30,42,53,63,15,28,37,49,61,0,12,22,32,46,31,42,54,64,77,0,15,29,38,47,0,11,23,33,43,30,41,54,66,79,11,31,48,59,71,0,10,20,32,44];[1,9,31,18,59,2,50,21,48,58,3,29,41,13,56,2,18,28,38,57,1,43,35,6,59,3,4,8,28,59,0,14,47,47,58,2,25,43,15,56,0,10,36,14,57,1,50,40,17,56];[89,58,39,2,31,68,29,59,36,56,14,22,45,43,59,57,20,53,82,14,51,55,10,25,13,81,67,34,61,84,2,3,84,78,80,30,25,64,70,37,0,38,76,9,71,82,35,6,67,79];[[0.49734142093980327,4.973414209398033,1.0],[0.35999045686025677,3.5999045686025677,1.0],[0.7220617567237175,7.220617567237175,1.0],[0.44672126724761885,4.4672126724761885,1.0],[0.4533596515962979,4.533596515962978,1.0],[0.025925678678183073,0.25925678678183073,1.0],[0.33490089376309407,3.3490089376309404,1.0],[0.4755440242737675,4.755440242737675,1.0],[0.45132356511490823,4.513235651149082,1.0],[0.08788974506102976,0.8788974506102976,1.0],[0.29509671683068217,2.9509671683068217,1.0],[0.33863234208051063,3.3863234208051063,1.0],[0.9020959027552419,9.020959027552419,1.0],[0.7173473735926632,7.173473735926632,1.0],[0.8986159167700656,8.986159167700656,1.0],[0.032997165944182005,0.32997165944182005,1.0],[0.2284682145918675,2.284682145918675,1.0],[0.5381470661357333,5.381470661357333,1.0],[0.06127510457974772,0.6127510457974772,1.0],[0.22935566071129299,2.29355660711293,1.0],[0.5598162304796008,5.598162304796008,1.0],[0.0008471767611641923,0.008471767611641923,1.0],[0.3920352782519039,3.9203527825190387,1.0],[0.03133523867093202,0.3133523867093202,1.0],[0.24056870266164254,2.4056870266164254,1.0],[0.8953787890847891,8.953787890847892,1.0],[0.3866575811855242,3.866575811855242,1.0],[0.26785644445085033,2.6785644445085035,1.0],[0.9113672758007916,9.113672758007915,1.0],[0.8561689403543553,8.561689403543554,1.0],[0.2548634438031525,2.548634438031525,1.0],[0.42717855363332036,4.271785536333203,1.0],[0.19719480126070077,1.9719480126070077,1.0],[0.7644816954164836,7.644816954164836,1.0],[0.45421054829626994,4.5421054829626994,1.0],[0.7701442479976394,7.701442479976394,1.0],[0.7544956928280053,7.544956928280053,1.0],[0.1329370279333042,1.329370279333042,1.0],[0.13608412133420567,1.3608412133420567,1.0],[0.7421993063471702,7.421993063471702,1.0],[0.8710335288246386,8.710335288246386,1.0],[0.18118149060958277,1.8118149060958277,1.0],[0.8581563188196332,8.581563188196332,1.0],[0.2027449363975372,2.0274493639753723,1.0],[0.3410290736485122,3.410290736485122,1.0],[0.6372290727852594,6.372290727852594,1.0],[0.14905275813887664,1.4905275813887664,1.0],[0.5109099957893487,5.109099957893487,1.0],[0.4352931558109894,4.352931558109894,1.0],[0.09760732352088275,0.9760732352088275,1.0],[0.05941930181032895,0.5941930181032895,1.0],[0.4305054409800979,4.305054409800979,1.0],[0.5024944042408487,5.024944042408487,1.0],[0.5079732331603702,5.079732331603703,1.0],[0.0640695575730742,0.640695575730742,1.0],[0.43169459272424404,4.316945927242441,1.0],[0.9774036975897298,9.774036975897298,1.0],[0.7083743064187731,7.083743064187731,1.0],[0.3236585836720067,3.2365858367200673,1.0],[0.6948341495565338,6.948341495565337,1.0],[0.3959747672493763,3.959747672493763,1.0],[0.5702020071109615,5.702020071109615,1.0],[0.1273830425097976,1.273830425097976,1.0],[0.0022121200251274953,0.022121200251274953,1.0],[0.7082383894336587,7.082383894336587,1.0],[0.46105048814669625,4.610504881466962,1.0],[0.048724340958554824,0.48724340958554824,1.0],[0.9996141487513373,9.996141487513373,1.0],[0.6273821455013189,6.273821455013189,1.0],[0.2348624347451349,2.348624347451349,1.0],[0.5041148841596441,5.041148841596441,1.0],[0.8039409645464441,8.039409645464442,1.0],[0.47932085049134165,4.793208504913417,1.0],[0.70795730946113,7.0795730946113,1.0],[0.007554994577610108,0.07554994577610108,1.0],[0.8007158968273879,8.00715896827388,1.0],[0.5714645581344422,5.714645581344422,1.0],[0.3553516990323421,3.5535169903234207,1.0],[0.4109500828077237,4.109500828077238,1.0],[0.8741229133056294,8.741229133056294,1.0],[0.9420210435021625,9.420210435021625,1.0],[0.30280487290994307,3.0280487290994307,1.0],[0.8284132151265241,8.284132151265242,1.0],[0.3304643624332526,3.304643624332526,1.0],[0.5345490821912385,5.345490821912385,1.0],[0.05846257531970078,0.5846257531970078,1.0],[0.3640608639017009,3.640608639017009,1.0],[0.4918937375846536,4.918937375846536,1.0],[0.05273726661906186,0.5273726661906186,1.0],[0.9082050684613338,9.082050684613337,1.0]]
0_BehnkeGeiger_42_workers.fjs;176.1119511060214;4407372;[13,39,48,59,74,10,28,39,48,57,0,13,22,32,44,28,40,49,60,72,0,11,22,32,41,21,33,47,57,70,19,30,39,49,59,0,10,21,39,50,0,19,36,47,56,11,21,36,50,60];[3,9,31,22,58,2,39,32,30,59,3,29,33,13,57,2,40,4,48,56,1,43,35,6,59,1,4,8,41,57,0,15,42,47,57,2,25,34,15,56,0,10,36,27,58,1,48,37,50,56];[59,7,72,54,86,68,10,77,86,28,83,4,50,20,20,35,64,27,20,49,10,18,88,24,68,21,81,1,83,85,48,4,63,9,14,14,45,71,80,35,48,15,76,61,70,82,79,84,44,81];[[0.4211249061401,4.211249061401,1.0],[0.9761073344853062,9.761073344853061,1.0],[0.6132800246752349,6.132800246752349,1.0],[0.6930423279788359,6.930423279788359,1.0],[0.5088628354481554,5.088628354481553,1.0],[0.18781156668551158,1.8781156668551158,1.0],[0.830121874145001,8.301218741450011,1.0],[0.8449241651217704,8.449241651217704,1.0],[0.20962821201639004,2.0962821201639006,1.0],[0.6505169872996391,6.505169872996391,1.0],[0.7003316191510263,7.003316191510263,1.0],[0.7150339547653067,7.150339547653068,1.0],[0.8091072451390076,8.091072451390076,1.0],[0.8451978833841938,8.451978833841938,1.0],[0.3695849781386673,3.695849781386673,1.0],[0.5056149902637381,5.056149902637381,1.0],[0.7206140757071586,7.206140757071586,1.0],[0.14319015826691817,1.4319015826691817,1.0],[0.026697115061789622,0.2669711506178962,1.0],[0.15341588178909327,1.5341588178909327,1.0],[0.8363432326370349,8.363432326370349,1.0],[0.3246336983988545,3.2463369839885448,1.0],[0.3029175030516511,3.029175030516511,1.0],[0.11785699745257816,1.1785699745257816,1.0],[0.12094663440427922,1.2094663440427922,1.0],[0.9680758098639723,9.680758098639723,1.0],[0.05051541232897139,0.5051541232897139,1.0],[0.9837100378798541,9.83710037879854,1.0],[0.5522705914806934,5.5227059148069335,1.0],[0.2474360532702261,2.474360532702261,1.0],[0.015934056387660878,0.15934056387660878,1.0],[0.8816507734170083,8.816507734170083,1.0],[0.38970094386643916,3.8970094386643916,1.0],[0.948399003178236,9.48399003178236,1.0],[0.05851121780149349,0.5851121780149349,1.0],[0.7974936305528121,7.974936305528121,1.0],[0.6609068549274018,6.609068549274017,1.0],[0.8088394062462949,8.08839406246295,1.0],[0.4910678923283146,4.910678923283146,1.0],[0.7183875619927151,7.183875619927152,1.0],[0.44010133419268005,4.4010133419268005,1.0],[0.23511737188381732,2.351173718838173,1.0],[0.13179454335673724,1.3179454335673724,1.0],[0.47235541919868507,4.7235541919868504,1.0],[0.736485892218076,7.36485892218076,1.0],[0.020512092588616526,0.20512092588616526,1.0],[0.15372078110124265,1.5372078110124265,1.0],[0.9186126274153484,9.186126274153484,1.0],[0.5327250835103642,5.327250835103642,1.0],[0.5544157030510064,5.544157030510064,1.0],[0.6069379100604821,6.069379100604822,1.0],[0.14801757270189186,1.4801757270189186,1.0],[0.4404344830924649,4.404344830924649,1.0],[0.38949638513061857,3.8949638513061857,1.0],[0.720992959617223,7.20992959617223,1.0],[0.48989961614799515,4.8989961614799515,1.0],[0.6559321524303485,6.559321524303485,1.0],[0.9188878069642079,9.18887806964208,1.0],[0.48657298069770416,4.865729806977042,1.0],[0.7972300829849082,7.972300829849082,1.0],[0.5639219663957465,5.639219663957466,1.0],[0.961016524120257,9.61016524120257,1.0],[0.47644799508871905,4.764479950887191,1.0],[0.24879011707166054,2.487901170716605,1.0],[0.9490182751915078,9.490182751915079,1.0],[0.7422259987799357,7.4222599877993565,1.0],[0.14336464132504567,1.4336464132504567,1.0],[0.3587815743778219,3.5878157437782185,1.0],[0.4933829199950983,4.933829199950983,1.0],[0.05388988630637248,0.5388988630637248,1.0],[0.218161652046843,2.18161652046843,1.0],[0.11036855637231835,1.1036855637231835,1.0],[0.11019665525187328,1.1019665525187328,1.0],[0.08321860713308704,0.8321860713308704,1.0],[0.8548431956714836,8.548431956714836,1.0],[0.8379786013676603,8.379786013676604,1.0],[0.49692456318177003,4.9692456318177,1.0],[0.3383418526610099,3.3834185266100993,1.0],[0.8847267085145368,8.847267085145369,1.0],[0.7727073339099483,7.727073339099483,1.0],[0.4378611007868425,4.378611007868425,1.0],[0.36357237359531624,3.6357237359531624,1.0],[0.9993128545514127,9.993128545514127,1.0],[0.011407353725907177,0.11407353725907177,1.0],[0.683883535316853,6.8388353531685295,1.0],[0.5777677015169478,5.777677015169478,1.0],[0.279572135569809,2.79572135569809,1.0],[0.5251374991808218,5.251374991808218,1.0],[0.19595099082337364,1.9595099082337364,1.0],[0.6934430548580864,6.934430548580864,1.0]]
0_BehnkeGeiger_42_workers.fjs;180.43882947157744;4910196;[30,39,49,61,72,12,30,41,50,59,0,13,25,34,46,0,12,29,39,64,18,29,40,49,58,13,30,44,57,74,10,22,32,42,54,0,10,21,30,44,0,18,36,47,56,29,39,49,61,73];[2,17,31,22,59,2,39,32,30,58,3,19,27,13,58,2,41,28,55,56,1,43,35,6,59,3,4,11,5,57,0,15,47,47,56,0,25,18,22,56,1,10,36,44,57,1,19,37,19,56];[7,46,12,47,70,68,27,87,46,56,12,16,72,79,65,34,20,5,16,31,51,18,3,25,70,32,60,74,61,85,1,9,10,67,51,63,38,2,63,49,58,12,68,32,13,64,47,71,89,24];[[0.4831103964860096,4.831103964860096,1.0],[0.9021829992468611,9.02182999246861,1.0],[0.5374571935128641,5.374571935128642,1.0],[0.8761340971511191,8.761340971511192,1.0],[0.573156942708234,5.7315694270823405,1.0],[0.994523847851402,9.945238478514021,1.0],[0.3574465703190305,3.574465703190305,1.0],[0.6617299629663892,6.617299629663892,1.0],[0.4882872262788658,4.882872262788657,1.0],[0.5726412824777106,5.726412824777106,1.0],[0.32388398325139345,3.2388398325139347,1.0],[0.8072354510963532,8.072354510963532,1.0],[0.8087324055796944,8.087324055796945,1.0],[0.660852452150834,6.60852452150834,1.0],[0.5802577271631468,5.802577271631469,1.0],[0.04408639890691246,0.4408639890691246,1.0],[0.7725635994624831,7.725635994624831,1.0],[0.340181488474281,3.4018148847428096,1.0],[0.09506024617702258,0.9506024617702258,1.0],[0.23214768683087816,2.321476868308782,1.0],[0.29508457816293987,2.9508457816293987,1.0],[0.12277001052286385,1.2277001052286385,1.0],[0.47347375902937305,4.73473759029373,1.0],[0.8739362489567938,8.739362489567938,1.0],[0.5942988909169951,5.942988909169951,1.0],[0.3932636751035087,3.932636751035087,1.0],[0.356262027818981,3.5626202781898098,1.0],[0.8443312190299666,8.443312190299665,1.0],[0.7137768111623821,7.137768111623821,1.0],[0.541649960332778,5.416499603327781,1.0],[0.26577494883360064,2.657749488336006,1.0],[0.9303686520183944,9.303686520183943,1.0],[0.6647036321879223,6.647036321879223,1.0],[0.8481261874486201,8.4812618744862,1.0],[0.2743023069142022,2.743023069142022,1.0],[0.5987856125347181,5.9878561253471805,1.0],[0.4569423976865593,4.569423976865593,1.0],[0.33213605365278576,3.3213605365278576,1.0],[0.81263475330977,8.1263475330977,1.0],[0.5964941538505839,5.964941538505839,1.0],[0.9947889064585738,9.947889064585738,1.0],[0.8287071581836081,8.28707158183608,1.0],[0.018381501525532307,0.18381501525532307,1.0],[0.6100637867915101,6.1006378679151005,1.0],[0.28754239195595754,2.8754239195595757,1.0],[0.7986732822669409,7.986732822669409,1.0],[0.8174504530922707,8.174504530922707,1.0],[0.18940839630142858,1.8940839630142858,1.0],[0.9250951518484526,9.250951518484525,1.0],[0.5373164168533412,5.373164168533412,1.0],[0.8365277849121914,8.365277849121913,1.0],[0.6316914250178033,6.316914250178033,1.0],[0.15184034432706983,1.5184034432706983,1.0],[0.5281662867111906,5.281662867111906,1.0],[0.4583451302924175,4.583451302924175,1.0],[0.04230631300605814,0.4230631300605814,1.0],[0.1258096578607567,1.258096578607567,1.0],[0.06582033812283716,0.6582033812283716,1.0],[0.897419605140406,8.97419605140406,1.0],[0.47272098686609687,4.727209868660969,1.0],[0.19003538760239747,1.9003538760239747,1.0],[0.34250509114102723,3.4250509114102723,1.0],[0.22496847931809727,2.2496847931809727,1.0],[0.293396880055004,2.9339688005500397,1.0],[0.3753743367942156,3.753743367942156,1.0],[0.4599736060992935,4.599736060992935,1.0],[0.47948809501936374,4.794880950193638,1.0],[0.958573092010442,9.585730920104421,1.0],[0.03253904300604349,0.3253904300604349,1.0],[0.4348005170756857,4.348005170756856,1.0],[0.24880188012436077,2.4880188012436077,1.0],[0.93408987269609,9.3408987269609,1.0],[0.35770560301992216,3.5770560301992216,1.0],[0.22393216152842832,2.2393216152842834,1.0],[0.8671870642757824,8.671870642757824,1.0],[0.20511903908208484,2.0511903908208486,1.0],[0.5992675664028208,5.992675664028208,1.0],[0.6786791129322917,6.786791129322917,1.0],[0.9375637812513765,9.375637812513766,1.0],[0.3890912025981019,3.8909120259810193,1.0],[0.6288767973577327,6.288767973577327,1.0],[0.36699471368723124,3.669947136872312,1.0],[0.04690020251623861,0.4690020251623861,1.0],[0.8490856184138454,8.490856184138455,1.0],[0.8901673736704244,8.901673736704245,1.0],[0.9161787126503858,9.161787126503857,1.0],[0.1131043999360144,1.131043999360144,1.0],[0.7774537080224232,7.774537080224232,1.0],[0.03095965729693917,0.3095965729693917,1.0],[0.03970963579151632,0.3970963579151632,1.0]]
0_BehnkeGeiger_42_workers.fjs;183.5034947716236;3174468;[0,9,19,42,62,9,28,39,48,58,0,13,22,31,42,0,21,30,40,53,10,21,32,42,51,21,34,48,57,66,31,42,51,62,74,21,31,43,52,63,13,36,53,64,73,0,10,20,31,43];[2,53,8,18,57,2,39,42,30,58,3,13,31,6,58,0,51,28,17,56,1,43,35,6,59,1,4,8,41,59,0,15,47,47,57,0,25,34,15,56,3,10,35,27,56,1,12,22,45,57];[7,25,70,18,68,3,33,63,77,56,12,75,7,38,59,21,86,54,85,82,10,46,53,87,70,89,68,8,25,33,20,81,60,86,26,76,43,3,21,13,71,66,64,61,84,64,40,24,7,6];[[0.34661995661142697,3.4661995661142697,1.0],[0.2286410960833074,2.286410960833074,1.0],[0.012392470279078194,0.12392470279078194,1.0],[0.9308270259025113,9.308270259025113,1.0],[0.3225145761620236,3.225145761620236,1.0],[0.0006954578022455582,0.006954578022455582,1.0],[0.2097170717940725,2.097170717940725,1.0],[0.5179602272351016,5.179602272351016,1.0],[0.7628222106217201,7.6282221062172,1.0],[0.3089717897377221,3.089717897377221,1.0],[0.15113122452813788,1.5113122452813788,1.0],[0.07045772229012492,0.7045772229012492,1.0],[0.8725064026541692,8.725064026541693,1.0],[0.3074981421409557,3.074981421409557,1.0],[0.272859759997538,2.7285975999753798,1.0],[0.9838464878398866,9.838464878398867,1.0],[0.7385079487399623,7.385079487399623,1.0],[0.7690782380223464,7.690782380223464,1.0],[0.7347776517949599,7.347776517949599,1.0],[0.040110031230356946,0.40110031230356946,1.0],[0.7832762173461114,7.832762173461115,1.0],[0.9889075602289727,9.889075602289727,1.0],[0.9868030389001332,9.868030389001332,1.0],[0.09156288276254032,0.9156288276254032,1.0],[0.6169801532161481,6.169801532161481,1.0],[0.9026788995265191,9.026788995265191,1.0],[0.7985407520091817,7.985407520091817,1.0],[0.3776281884996082,3.776281884996082,1.0],[0.3548331359348883,3.548331359348883,1.0],[0.4034509368723006,4.034509368723006,1.0],[0.5249010978369003,5.249010978369003,1.0],[0.41070078970850576,4.107007897085058,1.0],[0.63967628453626,6.3967628453626,1.0],[0.644865700493546,6.44865700493546,1.0],[0.7187044523063962,7.187044523063962,1.0],[0.4606778023011676,4.606778023011676,1.0],[0.947243245359423,9.47243245359423,1.0],[0.5480976670697533,5.480976670697533,1.0],[0.5212437467785531,5.212437467785531,1.0],[0.9974770776792315,9.974770776792315,1.0],[0.8347236528324226,8.347236528324226,1.0],[0.5920335208252621,5.92033520825262,1.0],[0.5281200476143402,5.281200476143402,1.0],[0.9947145418085902,9.947145418085903,1.0],[0.3807311818221505,3.807311818221505,1.0],[0.16524593628445206,1.6524593628445206,1.0],[0.360275223783056,3.60275223783056,1.0],[0.08085968119624642,0.8085968119624642,1.0],[0.8395205202311514,8.395205202311514,1.0],[0.9614069909390023,9.614069909390023,1.0],[0.08576140927512577,0.8576140927512577,1.0],[0.06230204186426158,0.6230204186426158,1.0],[0.48309802210777264,4.830980221077726,1.0],[0.7527011136301647,7.527011136301647,1.0],[0.5653273490612396,5.653273490612396,1.0],[0.14308306009955207,1.4308306009955207,1.0],[0.9027442860174946,9.027442860174945,1.0],[0.39175874054121795,3.9175874054121795,1.0],[0.04470890378303016,0.4470890378303016,1.0],[0.4575329191628308,4.575329191628308,1.0],[0.44418114285306354,4.441811428530635,1.0],[0.0791756906829707,0.791756906829707,1.0],[0.37770490385691646,3.7770490385691646,1.0],[0.24872151644563356,2.4872151644563356,1.0],[0.31414454419740034,3.141445441974003,1.0],[0.40750067283296354,4.075006728329635,1.0],[0.17219359428721337,1.7219359428721337,1.0],[0.3882072229758389,3.8820722297583887,1.0],[0.7592365563423323,7.592365563423323,1.0],[0.222327149798478,2.22327149798478,1.0],[0.563344095817858,5.63344095817858,1.0],[0.06385831253616747,0.6385831253616747,1.0],[0.4915379293409209,4.915379293409209,1.0],[0.6493348169788958,6.493348169788958,1.0],[0.35923654185193077,3.5923654185193077,1.0],[0.011177057117131461,0.11177057117131461,1.0],[0.2733467293051436,2.7334672930514357,1.0],[0.5355549647286275,5.355549647286275,1.0],[0.6301964483914466,6.301964483914466,1.0],[0.13021308409642796,1.3021308409642796,1.0],[0.25996455672831287,2.5996455672831287,1.0],[0.08504584081016042,0.8504584081016042,1.0],[0.7433003345161341,7.433003345161341,1.0],[0.18226229691513296,1.8226229691513296,1.0],[0.9489642736607146,9.489642736607145,1.0],[0.8673076709060825,8.673076709060826,1.0],[0.2783750143398719,2.783750143398719,1.0],[0.779542699505796,7.79542699505796,1.0],[0.05243151622562159,0.5243151622562159,1.0],[0.5237802038743088,5.237802038743088,1.0]]
0_BehnkeGeiger_42_workers.fjs;190.98879564072303;1143600;[0,9,19,35,48,13,35,47,56,66,0,13,23,32,44,28,40,50,63,77,22,33,49,62,71,10,22,36,45,59,0,12,26,37,48,12,22,39,50,61,9,28,46,57,69,0,10,25,39,51];[2,28,30,19,58,3,50,32,48,58,3,13,33,13,59,2,51,12,38,56,1,42,34,6,59,1,4,8,40,57,0,5,47,47,57,0,26,14,15,56,2,10,35,44,57,1,11,21,45,56];[43,11,75,87,79,18,48,32,32,56,77,4,13,30,70,29,28,22,46,82,47,9,73,52,68,47,67,52,75,65,37,70,42,33,14,54,85,4,28,23,44,58,77,8,31,60,87,59,82,20];[[0.8559393885152179,8.55939388515218,1.0],[0.8004839408308784,8.004839408308783,1.0],[0.5938433496209707,5.938433496209708,1.0],[0.8870093324131678,8.870093324131679,1.0],[0.741558169706834,7.4155816970683395,1.0],[0.8097670389513107,8.097670389513107,1.0],[0.2247324103169328,2.247324103169328,1.0],[0.9761818800633866,9.761818800633865,1.0],[0.6339038774096737,6.339038774096737,1.0],[0.5580285642552777,5.580285642552777,1.0],[0.4463526500656817,4.463526500656817,1.0],[0.28336462923826333,2.8336462923826335,1.0],[0.9019880415639555,9.019880415639555,1.0],[0.03268507148422006,0.32685071484220063,1.0],[0.4362825217209084,4.3628252172090844,1.0],[0.18851543397694082,1.8851543397694082,1.0],[0.9250090249429151,9.250090249429151,1.0],[0.9012349700248556,9.012349700248556,1.0],[0.12108560404704316,1.2108560404704316,1.0],[0.9174015512221217,9.174015512221217,1.0],[0.6336036775858569,6.3360367758585685,1.0],[0.8916415369189501,8.916415369189501,1.0],[0.9427537000908234,9.427537000908234,1.0],[0.6474269734768437,6.474269734768438,1.0],[0.2944017446773023,2.9440174467730227,1.0],[0.22784863884628848,2.278486388462885,1.0],[0.026726933813205345,0.26726933813205345,1.0],[0.5708724060922277,5.708724060922277,1.0],[0.09143396648058832,0.9143396648058832,1.0],[0.9728808105837072,9.728808105837071,1.0],[0.04913857274611522,0.49138572746115217,1.0],[0.8163054842016593,8.163054842016592,1.0],[0.12136143786009423,1.2136143786009423,1.0],[0.39347747924753973,3.9347747924753973,1.0],[0.7612563626694716,7.612563626694716,1.0],[0.2669682491794272,2.669682491794272,1.0],[0.032329137447332346,0.32329137447332346,1.0],[0.27066047462765497,2.7066047462765495,1.0],[0.8705591702034446,8.705591702034447,1.0],[0.8809847340925547,8.809847340925547,1.0],[0.18409719287978143,1.8409719287978143,1.0],[0.20156279965759893,2.015627996575989,1.0],[0.5164915614426145,5.164915614426145,1.0],[0.4956047792365974,4.956047792365974,1.0],[0.6077297164851029,6.0772971648510286,1.0],[0.9001180841411072,9.001180841411072,1.0],[0.78410741646787,7.8410741646787,1.0],[0.4806185677402214,4.806185677402214,1.0],[0.1147765683905323,1.147765683905323,1.0],[0.07024459811816619,0.7024459811816619,1.0],[0.3187451092517546,3.187451092517546,1.0],[0.0073062864940089955,0.07306286494008996,1.0],[0.5205444033755386,5.205444033755386,1.0],[0.6250968201912236,6.250968201912236,1.0],[0.25055568445480136,2.5055568445480136,1.0],[0.615922435604406,6.15922435604406,1.0],[0.3870907125242423,3.8709071252424234,1.0],[0.21814785067570475,2.1814785067570472,1.0],[0.8734963280117019,8.734963280117018,1.0],[0.28722080489037183,2.872208048903718,1.0],[0.09639359128751424,0.9639359128751424,1.0],[0.7548858731919171,7.548858731919172,1.0],[0.6851727386050028,6.851727386050028,1.0],[0.051174076075845676,0.5117407607584568,1.0],[0.17887018113864828,1.7887018113864828,1.0],[0.609251556117635,6.09251556117635,1.0],[0.24984154075152953,2.4984154075152953,1.0],[0.368174715277632,3.68174715277632,1.0],[0.05876744192941186,0.5876744192941186,1.0],[0.12260955919754979,1.226095591975498,1.0],[0.45916262109070083,4.591626210907008,1.0],[0.4009271808935736,4.009271808935736,1.0],[0.46504811859381157,4.650481185938116,1.0],[0.21320952910254887,2.1320952910254887,1.0],[0.6247271975216867,6.247271975216867,1.0],[0.28525256320918047,2.8525256320918047,1.0],[0.6348406939976744,6.348406939976744,1.0],[0.8319882392437383,8.319882392437384,1.0],[0.8395421352998061,8.395421352998062,1.0],[0.019614941273996434,0.19614941273996434,1.0],[0.5413984842077535,5.413984842077535,1.0],[0.2718798292635384,2.718798292635384,1.0],[0.4481717263007644,4.481717263007644,1.0],[0.26376858333274344,2.6376858333274344,1.0],[0.3349547069458171,3.349547069458171,1.0],[0.5175169666891029,5.175169666891028,1.0],[0.6865980117314152,6.865980117314152,1.0],[0.12545365307174206,1.2545365307174206,1.0],[0.02272642984071671,0.2272642984071671,1.0],[0.7308912721040333,7.308912721040333,1.0]]
0_BehnkeGeiger_42_workers.fjs;197.61266022526374;3153984;[12,21,31,47,58,0,21,32,41,53,21,43,54,63,80,0,12,23,37,49,29,40,55,68,78,23,38,52,61,70,10,29,40,54,70,21,31,47,57,80,0,23,43,56,68,0,10,27,40,60];[2,53,30,22,58,0,39,32,49,59,2,45,31,13,57,2,18,29,17,56,1,42,53,6,59,3,4,8,28,57,1,19,43,47,56,0,26,48,20,56,3,11,54,49,58,1,49,31,19,56];[43,89,41,47,72,87,10,32,56,27,0,67,69,84,1,54,75,2,26,37,47,89,86,77,56,81,17,34,7,79,48,11,19,25,10,76,60,23,71,52,71,4,11,1,37,82,20,55,65,9];[[0.5198238265685563,5.198238265685563,1.0],[0.9583988744400509,9.583988744400509,1.0],[0.3402956357666065,3.402956357666065,1.0],[0.7081849781179302,7.081849781179303,1.0],[0.9252189405445452,9.252189405445453,1.0],[0.05032666735654623,0.5032666735654623,1.0],[0.6613275461751585,6.613275461751585,1.0],[0.82711411373077,8.271141137307701,1.0],[0.8734961127808921,8.734961127808921,1.0],[0.5913019030238962,5.913019030238962,1.0],[0.11264722490163037,1.1264722490163037,1.0],[0.34477784983246407,3.4477784983246407,1.0],[0.011377599382669468,0.11377599382669468,1.0],[0.7909742881977946,7.909742881977946,1.0],[0.3277964015146908,3.277964015146908,1.0],[0.22222795698924247,2.2222795698924247,1.0],[0.14676573527209236,1.4676573527209236,1.0],[0.040648812187981,0.40648812187981,1.0],[0.14328037004549943,1.4328037004549943,1.0],[0.10349201402412567,1.0349201402412567,1.0],[0.2300149081299988,2.3001490812999883,1.0],[0.34985110243749995,3.4985110243749995,1.0],[0.866750807284636,8.66750807284636,1.0],[0.14758827376144812,1.4758827376144812,1.0],[0.22391440251713068,2.239144025171307,1.0],[0.24865543755958186,2.4865543755958184,1.0],[0.2300130943157953,2.300130943157953,1.0],[0.8293061040602848,8.293061040602849,1.0],[0.43895527513494326,4.389552751349433,1.0],[0.44969387575897835,4.496938757589783,1.0],[0.3412024287409555,3.4120242874095554,1.0],[0.9004679331719968,9.004679331719968,1.0],[0.43962892413733223,4.3962892413733226,1.0],[0.45751138605113895,4.575113860511389,1.0],[0.5639201948280074,5.639201948280074,1.0],[0.6726986423945157,6.726986423945157,1.0],[0.6597005192680269,6.597005192680268,1.0],[0.9102187034878934,9.102187034878934,1.0],[0.5766896035151798,5.766896035151799,1.0],[0.4155337643506154,4.155337643506154,1.0],[0.35757675057500693,3.5757675057500693,1.0],[0.5416053049315015,5.416053049315015,1.0],[0.24141379817839304,2.4141379817839304,1.0],[0.14373377933442777,1.4373377933442777,1.0],[0.05947898491433379,0.5947898491433379,1.0],[0.49975509403239127,4.9975509403239124,1.0],[0.3186129737753496,3.186129737753496,1.0],[0.7700173830289908,7.700173830289908,1.0],[0.48539290197593976,4.853929019759398,1.0],[0.4627755002794737,4.6277550027947365,1.0],[0.5376316431809531,5.376316431809531,1.0],[0.9085166904492054,9.085166904492054,1.0],[0.8894638917603915,8.894638917603915,1.0],[0.7295709856829492,7.295709856829492,1.0],[0.10156484356406248,1.0156484356406248,1.0],[0.7756986430311787,7.7569864303117875,1.0],[0.2646734419538803,2.646734419538803,1.0],[0.08522369075097047,0.8522369075097047,1.0],[0.05298946435344931,0.5298946435344931,1.0],[0.15739225219713138,1.5739225219713138,1.0],[0.4318886991151929,4.318886991151929,1.0],[0.633165302477868,6.33165302477868,1.0],[0.24439281766986376,2.4439281766986376,1.0],[0.8989634350161788,8.989634350161788,1.0],[0.5191347024590356,5.191347024590356,1.0],[0.6810385741390934,6.8103857413909346,1.0],[0.16547355180616963,1.6547355180616963,1.0],[0.7628548802754104,7.6285488027541035,1.0],[0.3141854421416449,3.1418544214164488,1.0],[0.41192209034050886,4.119220903405089,1.0],[0.02240642416721894,0.2240642416721894,1.0],[0.6263477255847869,6.263477255847869,1.0],[0.6946401733451906,6.946401733451905,1.0],[0.5537872676983423,5.537872676983423,1.0],[0.14353633683289113,1.4353633683289113,1.0],[0.3828088769666892,3.828088769666892,1.0],[0.20550831512341627,2.0550831512341627,1.0],[0.8424160101430348,8.424160101430347,1.0],[0.33056458054195836,3.3056458054195836,1.0],[0.9503462496022802,9.503462496022802,1.0],[0.733658429518869,7.33658429518869,1.0],[0.7327837389781332,7.327837389781332,1.0],[0.5833156544997408,5.833156544997408,1.0],[0.2636719126307169,2.6367191263071685,1.0],[0.7038517121832796,7.038517121832796,1.0],[0.9859996488049411,9.859996488049411,1.0],[0.3427619282161496,3.427619282161496,1.0],[0.731149933057056,7.31149933057056,1.0],[0.24180730800578631,2.418073080057863,1.0],[0.8057399760917423,8.057399760917423,1.0]]
0_BehnkeGeiger_42_workers.fjs;184.69150541266538;4804476;[22,31,40,51,61,11,32,43,52,61,23,36,48,57,73,10,22,33,47,62,22,33,47,58,73,10,22,36,45,55,0,11,20,30,40,0,10,24,36,51,0,23,42,56,71,0,10,20,31,44];[2,53,31,9,57,0,39,42,30,58,3,19,33,46,57,2,29,12,53,56,1,37,35,6,59,1,5,8,40,59,0,15,42,47,57,2,4,15,22,56,3,11,54,14,56,1,46,13,32,58];[43,53,37,12,68,61,86,36,60,56,84,44,13,37,20,40,41,8,85,32,47,35,7,26,70,1,6,82,76,84,66,21,66,48,14,7,42,63,52,28,71,13,39,83,89,44,17,17,24,27];[[0.18019241848515155,1.8019241848515155,1.0],[0.48736227300275514,4.873622730027551,1.0],[0.07759170039841756,0.7759170039841756,1.0],[0.5225667244081349,5.2256672440813485,1.0],[0.9196433340252647,9.196433340252646,1.0],[0.8762509611803474,8.762509611803473,1.0],[0.5029695910906639,5.029695910906638,1.0],[0.8160267976375112,8.160267976375112,1.0],[0.8059112000327816,8.059112000327817,1.0],[0.2140591090540045,2.140591090540045,1.0],[0.08805821114486456,0.8805821114486456,1.0],[0.20329737064426556,2.0329737064426556,1.0],[0.5837360924329463,5.837360924329463,1.0],[0.6737333796339059,6.737333796339059,1.0],[0.1608013027204077,1.6080130272040771,1.0],[0.7465026683932527,7.465026683932527,1.0],[0.5706715087422025,5.706715087422025,1.0],[0.4637998194614905,4.637998194614905,1.0],[0.510707169665419,5.10707169665419,1.0],[0.13436739791107,1.3436739791107,1.0],[0.5955836724768061,5.955836724768061,1.0],[0.9705970110642231,9.705970110642232,1.0],[0.1380260373669585,1.380260373669585,1.0],[0.6915046322372392,6.915046322372392,1.0],[0.4571104412123077,4.571104412123077,1.0],[0.7770933375992647,7.770933375992647,1.0],[0.4288907275773849,4.288907275773849,1.0],[0.7873492179192781,7.873492179192781,1.0],[0.45358103110054593,4.535810311005459,1.0],[0.29994077462327984,2.9994077462327984,1.0],[0.26785911780148886,2.6785911780148886,1.0],[0.41380996534982095,4.13809965349821,1.0],[0.8955750490686861,8.955750490686862,1.0],[0.33899298335361505,3.3899298335361507,1.0],[0.4439220021216055,4.439220021216055,1.0],[0.2663146653444304,2.663146653444304,1.0],[0.1912128081922898,1.912128081922898,1.0],[0.8422148536074314,8.422148536074314,1.0],[0.12934381348500923,1.2934381348500923,1.0],[0.5457493539256076,5.457493539256077,1.0],[0.6889713324133125,6.889713324133125,1.0],[0.3133089603750071,3.1330896037500713,1.0],[0.781346930988076,7.81346930988076,1.0],[0.7476684671478541,7.476684671478541,1.0],[0.694338776663945,6.943387766639449,1.0],[0.010283626574111193,0.10283626574111193,1.0],[0.7581500624990217,7.581500624990217,1.0],[0.8365660626079888,8.365660626079888,1.0],[0.8965297598339126,8.965297598339125,1.0],[0.42501586527499824,4.250158652749983,1.0],[0.29726573226441977,2.9726573226441975,1.0],[0.1892293583037329,1.8922935830373289,1.0],[0.7243244498868214,7.243244498868214,1.0],[0.8519753238078789,8.519753238078788,1.0],[0.10178542532455293,1.0178542532455293,1.0],[0.5249813114594203,5.249813114594203,1.0],[0.36905004287313525,3.6905004287313528,1.0],[0.14252011028375144,1.4252011028375144,1.0],[0.9116619067804255,9.116619067804255,1.0],[0.54316015559511,5.4316015559511,1.0],[0.4203904144024305,4.203904144024305,1.0],[0.8163513162724128,8.163513162724128,1.0],[0.8589171046239985,8.589171046239985,1.0],[0.7596233819507995,7.596233819507995,1.0],[0.8852403456386315,8.852403456386316,1.0],[0.14006433750837965,1.4006433750837965,1.0],[0.7153091891141413,7.153091891141413,1.0],[0.4033601431159366,4.033601431159366,1.0],[0.3246442732123802,3.246442732123802,1.0],[0.610505749299754,6.10505749299754,1.0],[0.9436716318473461,9.436716318473461,1.0],[0.22542293193962482,2.254229319396248,1.0],[0.22792853612720076,2.2792853612720076,1.0],[0.3202161638777423,3.202161638777423,1.0],[0.9471716155913338,9.471716155913338,1.0],[0.06517330654168263,0.6517330654168263,1.0],[0.5318417096543258,5.318417096543257,1.0],[0.060458432800693074,0.6045843280069307,1.0],[0.0568250937122835,0.568250937122835,1.0],[0.05525076001007523,0.5525076001007523,1.0],[0.08040862393544657,0.8040862393544657,1.0],[0.45414991337399147,4.541499133739915,1.0],[0.5398206863735848,5.398206863735848,1.0],[0.9620202223629081,9.62020222362908,1.0],[0.4443670125830569,4.443670125830569,1.0],[0.4943162252029675,4.9431622520296745,1.0],[0.301158822820192,3.01158822820192,1.0],[0.03764467466094412,0.3764467466094412,1.0],[0.32502817216022195,3.2502817216022195,1.0],[0.6923405421469611,6.92340542146961,1.0]]
0_BehnkeGeiger_46_workers.fjs;277.4343629964597;4983576;[21,36,51,68,80,48,59,74,85,106,12,25,35,54,68,59,79,90,102,118,36,48,60,72,105,16,27,38,48,58,0,16,28,39,56,14,29,48,59,73,39,52,63,78,93,39,53,64,79,92,53,69,85,100,116,27,43,59,72,84,0,12,25,64,77,9,21,32,43,54,0,14,39,54,71,29,46,63,75,92,46,69,90,102,117,0,9,21,33,43,25,39,52,72,102,52,79,88,99,108];[3,53,22,24,59,3,38,55,14,59,1,10,39,42,59,3,21,19,9,58,3,54,39,32,57,2,24,21,13,58,2,33,36,48,59,0,25,6,47,58,2,19,16,9,57,1,28,13,13,56,1,20,20,28,59,2,46,6,22,58,1,14,5,28,56,3,8,20,37,56,0,35,49,30,57,0,43,21,37,59,0,19,53,40,57,3,49,13,46,57,1,16,18,52,58,2,41,42,34,56];[68,55,26,44,10,5,45,3,74,73,24,38,23,17,54,85,23,78,25,33,16,49,22,83,52,81,0,46,58,25,78,16,59,57,54,44,60,46,87,59,74,9,88,70,33,3,16,27,13,63,29,74,16,69,38,86,11,4,71,41,76,11,8,72,15,72,7,36,52,24,6,33,18,71,60,61,21,75,77,3,67,29,37,24,88,62,19,41,80,69,12,45,84,43,14,76,80,48,49,59];[[0.7773566427005639,7.7735664270056395,1.0],[0.6698255595592497,6.698255595592498,1.0],[0.09913960392481702,0.9913960392481702,1.0],[0.35297051119014544,3.529705111901454,1.0],[0.4679077429008419,4.679077429008419,1.0],[0.5346837414708775,5.346837414708775,1.0],[0.9783090609123973,9.783090609123974,1.0],[0.13031535015865903,1.3031535015865903,1.0],[0.6712434682302663,6.712434682302662,1.0],[0.36422941594737557,3.6422941594737557,1.0],[0.48883570716198577,4.888357071619858,1.0],[0.20301221073405373,2.0301221073405373,1.0],[0.6661983755713592,6.661983755713592,1.0],[0.2276630312069321,2.276630312069321,1.0],[0.4580640582967631,4.580640582967631,1.0],[0.040722397554957435,0.40722397554957435,1.0],[0.9742897953778286,9.742897953778286,1.0],[0.4874760742689066,4.874760742689066,1.0],[0.4616138636373597,4.616138636373597,1.0],[0.7141471558082002,7.141471558082002,1.0],[0.4157281494999725,4.157281494999725,1.0],[0.888011688001529,8.88011688001529,1.0],[0.023293448723771704,0.23293448723771704,1.0],[0.8335062677845465,8.335062677845466,1.0],[0.4684947409975081,4.684947409975081,1.0],[0.8114798126442795,8.114798126442794,1.0],[0.9455914886158723,9.455914886158723,1.0],[0.9830883781948988,9.830883781948987,1.0],[0.1761820755785306,1.761820755785306,1.0],[0.698655759576308,6.98655759576308,1.0],[0.10885571131238292,1.0885571131238292,1.0],[0.16026373420620188,1.6026373420620188,1.0],[0.09286027402458918,0.9286027402458918,1.0],[0.3140620798928404,3.140620798928404,1.0],[0.01653868433866723,0.1653868433866723,1.0],[0.8540491257363622,8.540491257363621,1.0],[0.2910160386456968,2.910160386456968,1.0],[0.7800475863350328,7.800475863350328,1.0],[0.5480965161255696,5.480965161255696,1.0],[0.19433067669976123,1.9433067669976123,1.0],[0.2920382721805297,2.920382721805297,1.0],[0.3194527773994337,3.194527773994337,1.0],[0.6585982235379076,6.585982235379077,1.0],[0.23152103541222924,2.3152103541222924,1.0],[0.6194303369953537,6.194303369953537,1.0],[0.8953386098022104,8.953386098022104,1.0],[0.8694342085696831,8.694342085696832,1.0],[0.2938069356684523,2.938069356684523,1.0],[0.45820480858054946,4.582048085805495,1.0],[0.4849797978711191,4.849797978711191,1.0],[0.2803882693587225,2.803882693587225,1.0],[0.32895694635060024,3.2895694635060027,1.0],[0.9842424240265042,9.842424240265043,1.0],[0.011944137920874343,0.11944137920874343,1.0],[0.14290076829328524,1.4290076829328524,1.0],[0.6519772165446712,6.519772165446712,1.0],[0.07499317994693244,0.7499317994693244,1.0],[0.29207870228110877,2.920787022811088,1.0],[0.7934429721917705,7.934429721917705,1.0],[0.9115931008709737,9.115931008709737,1.0],[0.3703917795895437,3.7039177958954372,1.0],[0.20528221118666345,2.0528221118666345,1.0],[0.880081326784678,8.80081326784678,1.0],[0.6325664501560831,6.325664501560832,1.0],[0.503514326058558,5.0351432605855795,1.0],[0.3308435596710889,3.308435596710889,1.0],[0.3474001835074456,3.474001835074456,1.0],[0.2924115863324481,2.9241158633244813,1.0],[0.7653974346433319,7.653974346433319,1.0],[0.4784432998768373,4.784432998768374,1.0],[0.2015373401465821,2.015373401465821,1.0],[0.8715627297687166,8.715627297687167,1.0],[0.7551785489449617,7.5517854894496175,1.0],[0.8675584511848858,8.675584511848859,1.0],[0.9323236929247266,9.323236929247265,1.0],[0.24171326534063708,2.417132653406371,1.0],[0.8924504838872919,8.924504838872918,1.0],[0.7659566844206285,7.659566844206285,1.0],[0.4146826922981828,4.146826922981828,1.0],[0.32368260626724077,3.2368260626724075,1.0],[0.5613052389019693,5.613052389019693,1.0],[0.5908359788832377,5.908359788832377,1.0],[0.16558277680810296,1.6558277680810296,1.0],[0.4861970648764189,4.8619706487641885,1.0],[0.9490216941921916,9.490216941921917,1.0],[0.46819109749463483,4.681910974946348,1.0],[0.39662970244337636,3.9662970244337634,1.0],[0.9188065977724452,9.188065977724452,1.0],[0.9857276253270151,9.85727625327015,1.0],[0.9392006613006973,9.392006613006973,1.0]]
0_BehnkeGeiger_46_workers.fjs;285.55112825802127;4542540;[0,13,26,41,50,0,11,24,52,79,43,59,71,82,95,40,57,66,78,101,20,33,43,63,83,16,27,37,49,58,0,16,28,39,55,21,36,48,66,90,27,40,51,62,80,71,85,95,107,122,36,61,77,95,114,36,52,62,76,94,11,20,33,43,67,13,22,33,44,56,52,71,82,96,122,57,71,91,105,116,0,21,35,52,73,33,57,72,83,100,22,36,45,55,74,61,74,83,95,105];[1,27,20,24,56,3,52,46,43,59,3,10,24,42,57,2,7,39,5,58,3,6,36,34,57,2,53,9,39,58,2,33,36,48,59,0,16,16,54,58,2,45,30,17,56,1,53,17,14,56,0,20,12,15,58,1,44,6,51,59,3,13,5,32,59,1,10,8,25,57,1,13,50,29,59,2,25,31,37,57,0,18,43,53,57,3,29,14,55,56,1,38,41,55,58,0,41,16,35,59];[30,39,77,64,23,4,40,80,9,67,32,42,25,7,30,50,43,87,73,85,54,27,15,53,17,81,63,55,14,76,78,68,61,4,73,59,11,6,43,48,42,9,2,63,78,3,43,46,16,72,67,74,15,7,47,57,68,7,70,8,48,19,17,42,22,60,70,81,53,47,61,13,88,64,2,0,20,69,67,56,65,0,24,89,32,82,50,58,54,88,44,68,83,31,52,26,80,44,79,27];[[0.7966509679599704,7.966509679599704,1.0],[0.05862623274803458,0.5862623274803458,1.0],[0.7602397739740907,7.602397739740907,1.0],[0.8627037401845356,8.627037401845355,1.0],[0.09127403464611428,0.9127403464611428,1.0],[0.9024924365975527,9.024924365975528,1.0],[0.7858960565941281,7.858960565941281,1.0],[0.40667966546103385,4.0667966546103385,1.0],[0.37447264465852026,3.7447264465852026,1.0],[0.6490262282913547,6.490262282913547,1.0],[0.40092466608569977,4.009246660856998,1.0],[0.5721109226277574,5.721109226277575,1.0],[0.6077930620255084,6.077930620255084,1.0],[0.05072389565884072,0.5072389565884072,1.0],[0.7370880093375713,7.370880093375714,1.0],[0.708486383757228,7.08486383757228,1.0],[0.9221724532030824,9.221724532030823,1.0],[0.7149390332589045,7.149390332589045,1.0],[0.6557724968554814,6.5577249685548145,1.0],[0.7371071646895253,7.371071646895253,1.0],[0.18754222176317448,1.8754222176317448,1.0],[0.5019778365908455,5.019778365908455,1.0],[0.8950298548604116,8.950298548604117,1.0],[0.926358313475896,9.26358313475896,1.0],[0.01899157139556429,0.18991571395564288,1.0],[0.8777314655556964,8.777314655556964,1.0],[0.6362924717585655,6.362924717585655,1.0],[0.4066346562427898,4.066346562427898,1.0],[0.12957858368499198,1.2957858368499198,1.0],[0.8626878625294206,8.626878625294207,1.0],[0.25379646148203605,2.5379646148203605,1.0],[0.5928589993203222,5.9285899932032216,1.0],[0.0752821307110767,0.752821307110767,1.0],[0.55648541295561,5.5648541295561005,1.0],[0.39201372928372336,3.9201372928372336,1.0],[0.30661199501593694,3.0661199501593694,1.0],[0.16614394932812038,1.6614394932812038,1.0],[0.03548206500031437,0.35482065000314367,1.0],[0.8734081096560021,8.734081096560022,1.0],[0.6077933997757088,6.077933997757087,1.0],[0.00566233272181782,0.0566233272181782,1.0],[0.57937513910209,5.7937513910209,1.0],[0.766498732100053,7.66498732100053,1.0],[0.20058362814831487,2.0058362814831487,1.0],[0.9293225912363087,9.293225912363086,1.0],[0.8422636176481996,8.422636176481996,1.0],[0.5387041601810612,5.387041601810612,1.0],[0.9883390358185146,9.883390358185146,1.0],[0.21802702973914923,2.180270297391492,1.0],[0.038493402742472815,0.38493402742472815,1.0],[0.37032113547489287,3.7032113547489285,1.0],[0.1822270440474585,1.8222704404745849,1.0],[0.9462360068540245,9.462360068540246,1.0],[0.1150920367841759,1.150920367841759,1.0],[0.3529247978916473,3.529247978916473,1.0],[0.8631951229076982,8.631951229076982,1.0],[0.041228887544789705,0.41228887544789705,1.0],[0.08920964027917122,0.8920964027917122,1.0],[0.5188892304220151,5.1888923042201505,1.0],[0.3593751525090847,3.593751525090847,1.0],[0.02137850022746135,0.2137850022746135,1.0],[0.6705629807207766,6.705629807207766,1.0],[0.8415018800797289,8.41501880079729,1.0],[0.0549654710344607,0.549654710344607,1.0],[0.12847413232468474,1.2847413232468474,1.0],[0.12133653253479593,1.2133653253479593,1.0],[0.47496175692231557,4.7496175692231555,1.0],[0.6501440243508211,6.501440243508211,1.0],[0.26467231108682165,2.6467231108682165,1.0],[0.8283954411360489,8.283954411360488,1.0],[0.09632504623843086,0.9632504623843086,1.0],[0.9001492562131493,9.001492562131494,1.0],[0.22420503779756518,2.2420503779756515,1.0],[0.11601154122656976,1.1601154122656976,1.0],[0.20138930403775013,2.0138930403775013,1.0],[0.5571704471099438,5.571704471099438,1.0],[0.8954308805741998,8.954308805741999,1.0],[0.10783585956749675,1.0783585956749675,1.0],[0.6110196883093226,6.110196883093226,1.0],[0.5285746404071686,5.285746404071686,1.0],[0.4751239272073001,4.7512392720730015,1.0],[0.7846662958446119,7.846662958446119,1.0],[0.25197118373537,2.5197118373536997,1.0],[0.9011562601111824,9.011562601111825,1.0],[0.33015443004324485,3.3015443004324485,1.0],[0.39070876167562685,3.9070876167562685,1.0],[0.5024299090089163,5.024299090089163,1.0],[0.5414008895519862,5.414008895519862,1.0],[0.7061732576618968,7.061732576618968,1.0],[0.8167560629471541,8.167560629471541,1.0]]
0_BehnkeGeiger_46_workers.fjs;261.18398616522;4829304;[50,71,81,95,108,35,45,59,71,87,0,13,23,36,47,24,40,49,59,69,23,35,52,63,97,13,24,44,71,93,41,50,62,82,110,26,41,50,64,82,38,55,65,75,87,55,70,81,94,104,45,71,81,92,113,13,29,39,52,63,0,9,21,31,42,29,38,48,58,70,9,23,42,56,86,0,13,26,37,48,55,71,81,91,100,13,26,37,47,62,40,55,66,81,106,0,13,26,38,47];[0,38,36,24,59,3,52,45,42,59,1,31,23,42,56,2,23,32,9,58,3,21,20,34,59,2,11,12,11,58,0,33,5,48,57,0,37,4,41,58,1,19,8,32,57,1,39,33,27,56,3,18,17,28,56,1,44,6,22,56,3,14,4,39,58,1,15,11,54,57,3,26,50,31,56,2,41,35,29,59,2,49,40,55,57,0,8,14,42,59,2,43,43,52,58,0,19,30,34,57];[59,33,80,69,16,30,27,23,72,88,1,63,53,79,22,71,43,48,46,63,45,31,24,42,22,81,26,40,23,6,63,16,32,49,31,3,67,2,37,62,32,44,71,21,63,56,18,42,54,7,28,6,48,68,0,79,23,36,19,88,60,62,77,6,84,67,25,14,12,19,87,28,61,82,25,5,46,51,7,52,75,58,14,59,65,89,54,89,10,69,49,34,7,47,14,24,80,17,78,21];[[0.5209484070219088,5.209484070219088,1.0],[0.42125020101147315,4.212502010114731,1.0],[0.22094517308324657,2.2094517308324657,1.0],[0.13033708391670573,1.3033708391670573,1.0],[0.48395776843282956,4.839577684328296,1.0],[0.6260889663051598,6.260889663051597,1.0],[0.6211218319323739,6.21121831932374,1.0],[0.707277595965894,7.07277595965894,1.0],[0.43539590023548325,4.3539590023548325,1.0],[0.04809800715767443,0.4809800715767443,1.0],[0.2254847064342842,2.254847064342842,1.0],[0.788548045160999,7.88548045160999,1.0],[0.42108890435006496,4.21088904350065,1.0],[0.5652029481252892,5.6520294812528915,1.0],[0.6764042610645917,6.764042610645918,1.0],[0.7568325816320766,7.568325816320765,1.0],[0.16251102322256883,1.6251102322256883,1.0],[0.4662293326345085,4.662293326345085,1.0],[0.652658580109924,6.526585801099239,1.0],[0.9348323542569703,9.348323542569704,1.0],[0.28093837261172117,2.8093837261172117,1.0],[0.9004772145836625,9.004772145836625,1.0],[0.848839594589838,8.48839594589838,1.0],[0.5244847531468491,5.244847531468491,1.0],[0.5786464188581003,5.786464188581003,1.0],[0.9355850494740874,9.355850494740874,1.0],[0.4401579992643663,4.401579992643663,1.0],[0.2893634937717525,2.8936349377175254,1.0],[0.7973797699194577,7.973797699194577,1.0],[0.10126138052386269,1.0126138052386269,1.0],[0.7187270677771636,7.187270677771636,1.0],[0.6449563433897082,6.449563433897082,1.0],[0.39126761491023665,3.9126761491023663,1.0],[0.9392975330999302,9.392975330999302,1.0],[0.609238184698229,6.09238184698229,1.0],[0.15484533159211777,1.5484533159211777,1.0],[0.41680311462661035,4.168031146266103,1.0],[0.9542543925010913,9.542543925010914,1.0],[0.08511902784380565,0.8511902784380565,1.0],[0.8102082222849146,8.102082222849146,1.0],[0.549048343145825,5.49048343145825,1.0],[0.797431305367372,7.974313053673719,1.0],[0.9212545834178625,9.212545834178625,1.0],[0.0840140116542355,0.840140116542355,1.0],[0.4271098529259699,4.2710985292596995,1.0],[0.4827049527125804,4.827049527125804,1.0],[0.4926248212853439,4.926248212853439,1.0],[0.8381214590808308,8.381214590808309,1.0],[0.06168361162523717,0.6168361162523717,1.0],[0.1800356634856508,1.800356634856508,1.0],[0.7512006320826361,7.5120063208263606,1.0],[0.8202315016053369,8.202315016053369,1.0],[0.9482269285705965,9.482269285705966,1.0],[0.09190024497370541,0.9190024497370541,1.0],[0.8275229129042858,8.275229129042858,1.0],[0.010223681010074426,0.10223681010074426,1.0],[0.7915178392051999,7.915178392051999,1.0],[0.23087148740184416,2.3087148740184418,1.0],[0.9176421264305312,9.176421264305311,1.0],[0.6337400704415804,6.3374007044158045,1.0],[0.4722514806957412,4.722514806957411,1.0],[0.15692662657496914,1.5692662657496914,1.0],[0.890455619982956,8.90455619982956,1.0],[0.3934374640442826,3.934374640442826,1.0],[0.9437473032889695,9.437473032889695,1.0],[0.027056184431497043,0.27056184431497043,1.0],[0.4303544994441807,4.303544994441807,1.0],[0.03986032371878334,0.3986032371878334,1.0],[0.27475171221519046,2.747517122151905,1.0],[0.9564909094852423,9.564909094852423,1.0],[0.3359902829981165,3.359902829981165,1.0],[0.04595304692857216,0.4595304692857216,1.0],[0.37548864135994087,3.754886413599409,1.0],[0.7100525719018224,7.100525719018224,1.0],[0.7195452743357282,7.195452743357283,1.0],[0.8188902738341958,8.188902738341957,1.0],[0.11659700681519214,1.1659700681519214,1.0],[0.5117406310798319,5.117406310798319,1.0],[0.4226359284361241,4.226359284361241,1.0],[0.4231179217423974,4.231179217423974,1.0],[0.5975978869418672,5.975978869418672,1.0],[0.10039657835066573,1.0039657835066573,1.0],[0.8661288460342442,8.661288460342442,1.0],[0.8262463782392978,8.262463782392977,1.0],[0.588405995089693,5.884059950896931,1.0],[0.302515462738837,3.0251546273883703,1.0],[0.031295122158443434,0.31295122158443434,1.0],[0.5757925091701167,5.757925091701167,1.0],[0.9545321496576605,9.545321496576605,1.0],[0.9649769610853548,9.649769610853548,1.0]]
0_BehnkeGeiger_46_workers.fjs;292.8316528750469;1881696;[35,57,67,77,94,38,59,77,89,105,14,27,37,48,58,15,31,40,51,65,0,22,34,44,59,57,76,89,99,123,31,49,60,70,91,0,16,35,58,75,65,78,90,99,125,27,42,59,78,113,0,14,25,35,54,48,65,75,91,115,65,75,98,108,125,65,74,87,100,119,16,29,45,59,89,42,65,77,89,111,49,65,76,92,103,29,38,49,60,78,0,15,37,53,73,22,35,44,61,70];[0,22,30,42,59,3,50,45,13,59,1,40,24,42,59,2,7,19,5,58,0,22,39,34,56,0,25,21,45,56,2,33,4,48,56,3,19,48,7,56,2,19,8,10,57,1,12,26,24,56,1,18,17,29,57,3,44,5,12,59,3,15,4,39,59,1,20,50,7,58,3,26,50,29,57,1,41,46,29,57,2,47,32,53,58,3,33,13,45,58,2,45,40,54,59,0,41,28,34,57];[75,75,26,40,16,13,32,20,5,73,16,57,88,8,64,77,41,38,34,55,7,5,3,42,62,2,25,43,34,43,79,43,18,64,29,58,11,82,13,78,77,19,45,64,33,6,63,46,46,35,87,28,37,37,36,12,16,72,37,79,84,88,70,59,39,38,79,79,45,12,80,59,61,40,75,20,43,37,21,87,14,31,39,86,27,12,4,33,4,18,5,39,65,58,80,35,31,11,87,42];[[0.49734142093980327,4.973414209398033,1.0],[0.35999045686025677,3.5999045686025677,1.0],[0.7220617567237175,7.220617567237175,1.0],[0.44672126724761885,4.4672126724761885,1.0],[0.4533596515962979,4.533596515962978,1.0],[0.025925678678183073,0.25925678678183073,1.0],[0.33490089376309407,3.3490089376309404,1.0],[0.4755440242737675,4.755440242737675,1.0],[0.45132356511490823,4.513235651149082,1.0],[0.08788974506102976,0.8788974506102976,1.0],[0.29509671683068217,2.9509671683068217,1.0],[0.33863234208051063,3.3863234208051063,1.0],[0.9020959027552419,9.020959027552419,1.0],[0.7173473735926632,7.173473735926632,1.0],[0.8986159167700656,8.986159167700656,1.0],[0.032997165944182005,0.32997165944182005,1.0],[0.2284682145918675,2.284682145918675,1.0],[0.5381470661357333,5.381470661357333,1.0],[0.06127510457974772,0.6127510457974772,1.0],[0.22935566071129299,2.29355660711293,1.0],[0.5598162304796008,5.598162304796008,1.0],[0.0008471767611641923,0.008471767611641923,1.0],[0.3920352782519039,3.9203527825190387,1.0],[0.03133523867093202,0.3133523867093202,1.0],[0.24056870266164254,2.4056870266164254,1.0],[0.8953787890847891,8.953787890847892,1.0],[0.3866575811855242,3.866575811855242,1.0],[0.26785644445085033,2.6785644445085035,1.0],[0.9113672758007916,9.113672758007915,1.0],[0.8561689403543553,8.561689403543554,1.0],[0.2548634438031525,2.548634438031525,1.0],[0.42717855363332036,4.271785536333203,1.0],[0.19719480126070077,1.9719480126070077,1.0],[0.7644816954164836,7.644816954164836,1.0],[0.45421054829626994,4.5421054829626994,1.0],[0.7701442479976394,7.701442479976394,1.0],[0.7544956928280053,7.544956928280053,1.0],[0.1329370279333042,1.329370279333042,1.0],[0.13608412133420567,1.3608412133420567,1.0],[0.7421993063471702,7.421993063471702,1.0],[0.8710335288246386,8.710335288246386,1.0],[0.18118149060958277,1.8118149060958277,1.0],[0.8581563188196332,8.581563188196332,1.0],[0.2027449363975372,2.0274493639753723,1.0],[0.3410290736485122,3.410290736485122,1.0],[0.6372290727852594,6.372290727852594,1.0],[0.14905275813887664,1.4905275813887664,1.0],[0.5109099957893487,5.109099957893487,1.0],[0.4352931558109894,4.352931558109894,1.0],[0.09760732352088275,0.9760732352088275,1.0],[0.05941930181032895,0.5941930181032895,1.0],[0.4305054409800979,4.305054409800979,1.0],[0.5024944042408487,5.024944042408487,1.0],[0.5079732331603702,5.079732331603703,1.0],[0.0640695575730742,0.640695575730742,1.0],[0.43169459272424404,4.316945927242441,1.0],[0.9774036975897298,9.774036975897298,1.0],[0.7083743064187731,7.083743064187731,1.0],[0.3236585836720067,3.2365858367200673,1.0],[0.6948341495565338,6.948341495565337,1.0],[0.3959747672493763,3.959747672493763,1.0],[0.5702020071109615,5.702020071109615,1.0],[0.1273830425097976,1.273830425097976,1.0],[0.0022121200251274953,0.022121200251274953,1.0],[0.7082383894336587,7.082383894336587,1.0],[0.46105048814669625,4.610504881466962,1.0],[0.048724340958554824,0.48724340958554824,1.0],[0.9996141487513373,9.996141487513373,1.0],[0.6273821455013189,6.273821455013189,1.0],[0.2348624347451349,2.348624347451349,1.0],[0.5041148841596441,5.041148841596441,1.0],[0.8039409645464441,8.039409645464442,1.0],[0.47932085049134165,4.793208504913417,1.0],[0.70795730946113,7.0795730946113,1.0],[0.007554994577610108,0.07554994577610108,1.0],[0.8007158968273879,8.00715896827388,1.0],[0.5714645581344422,5.714645581344422,1.0],[0.3553516990323421,3.5535169903234207,1.0],[0.4109500828077237,4.109500828077238,1.0],[0.8741229133056294,8.741229133056294,1.0],[0.9420210435021625,9.420210435021625,1.0],[0.30280487290994307,3.0280487290994307,1.0],[0.8284132151265241,8.284132151265242,1.0],[0.3304643624332526,3.304643624332526,1.0],[0.5345490821912385,5.345490821912385,1.0],[0.05846257531970078,0.5846257531970078,1.0],[0.3640608639017009,3.640608639017009,1.0],[0.4918937375846536,4.918937375846536,1.0],[0.05273726661906186,0.5273726661906186,1.0],[0.9082050684613338,9.082050684613337,1.0]]
0_BehnkeGeiger_46_workers.fjs;281.6038647414634;4629852;[16,29,39,49,59,16,26,39,55,65,15,28,39,51,62,0,16,26,35,45,45,57,66,76,96,26,36,46,56,80,70,80,90,100,120,0,16,25,37,48,40,57,70,87,104,43,70,81,91,108,0,15,35,59,77,57,74,84,97,108,28,40,53,64,74,13,29,42,55,66,29,43,56,71,92,44,57,69,79,90,57,73,86,98,122,36,45,57,81,108,29,44,55,68,90,0,13,23,35,48];[2,38,30,24,56,3,50,7,23,57,1,52,52,42,58,2,7,32,9,58,3,17,39,34,57,3,53,21,53,56,0,33,47,49,59,3,37,51,29,57,1,44,19,31,59,0,52,48,14,57,1,20,46,28,59,3,44,6,21,58,1,14,4,35,57,0,10,45,29,59,0,13,49,31,56,2,41,8,15,59,2,47,24,55,57,3,34,38,42,56,2,39,20,55,58,0,41,16,35,59];[32,36,20,13,63,82,68,31,76,83,16,75,15,62,12,77,19,67,30,38,75,46,24,53,56,7,47,29,84,66,9,51,81,42,30,58,48,35,71,9,61,28,1,39,53,16,6,85,89,41,11,74,67,13,21,22,23,40,75,84,76,11,83,39,3,59,41,64,25,33,69,56,2,82,25,46,68,65,74,41,52,61,30,74,28,62,5,19,31,6,49,48,64,38,52,79,64,17,27,71];[[0.4211249061401,4.211249061401,1.0],[0.9761073344853062,9.761073344853061,1.0],[0.6132800246752349,6.132800246752349,1.0],[0.6930423279788359,6.930423279788359,1.0],[0.5088628354481554,5.088628354481553,1.0],[0.18781156668551158,1.8781156668551158,1.0],[0.830121874145001,8.301218741450011,1.0],[0.8449241651217704,8.449241651217704,1.0],[0.20962821201639004,2.0962821201639006,1.0],[0.6505169872996391,6.505169872996391,1.0],[0.7003316191510263,7.003316191510263,1.0],[0.7150339547653067,7.150339547653068,1.0],[0.8091072451390076,8.091072451390076,1.0],[0.8451978833841938,8.451978833841938,1.0],[0.3695849781386673,3.695849781386673,1.0],[0.5056149902637381,5.056149902637381,1.0],[0.7206140757071586,7.206140757071586,1.0],[0.14319015826691817,1.4319015826691817,1.0],[0.026697115061789622,0.2669711506178962,1.0],[0.15341588178909327,1.5341588178909327,1.0],[0.8363432326370349,8.363432326370349,1.0],[0.3246336983988545,3.2463369839885448,1.0],[0.3029175030516511,3.029175030516511,1.0],[0.11785699745257816,1.1785699745257816,1.0],[0.12094663440427922,1.2094663440427922,1.0],[0.9680758098639723,9.680758098639723,1.0],[0.05051541232897139,0.5051541232897139,1.0],[0.9837100378798541,9.83710037879854,1.0],[0.5522705914806934,5.5227059148069335,1.0],[0.2474360532702261,2.474360532702261,1.0],[0.015934056387660878,0.15934056387660878,1.0],[0.8816507734170083,8.816507734170083,1.0],[0.38970094386643916,3.8970094386643916,1.0],[0.948399003178236,9.48399003178236,1.0],[0.05851121780149349,0.5851121780149349,1.0],[0.7974936305528121,7.974936305528121,1.0],[0.6609068549274018,6.609068549274017,1.0],[0.8088394062462949,8.08839406246295,1.0],[0.4910678923283146,4.910678923283146,1.0],[0.7183875619927151,7.183875619927152,1.0],[0.44010133419268005,4.4010133419268005,1.0],[0.23511737188381732,2.351173718838173,1.0],[0.13179454335673724,1.3179454335673724,1.0],[0.47235541919868507,4.7235541919868504,1.0],[0.736485892218076,7.36485892218076,1.0],[0.020512092588616526,0.20512092588616526,1.0],[0.15372078110124265,1.5372078110124265,1.0],[0.9186126274153484,9.186126274153484,1.0],[0.5327250835103642,5.327250835103642,1.0],[0.5544157030510064,5.544157030510064,1.0],[0.6069379100604821,6.069379100604822,1.0],[0.14801757270189186,1.4801757270189186,1.0],[0.4404344830924649,4.404344830924649,1.0],[0.38949638513061857,3.8949638513061857,1.0],[0.720992959617223,7.20992959617223,1.0],[0.48989961614799515,4.8989961614799515,1.0],[0.6559321524303485,6.559321524303485,1.0],[0.9188878069642079,9.18887806964208,1.0],[0.48657298069770416,4.865729806977042,1.0],[0.7972300829849082,7.972300829849082,1.0],[0.5639219663957465,5.639219663957466,1.0],[0.961016524120257,9.61016524120257,1.0],[0.47644799508871905,4.764479950887191,1.0],[0.24879011707166054,2.487901170716605,1.0],[0.9490182751915078,9.490182751915079,1.0],[0.7422259987799357,7.4222599877993565,1.0],[0.14336464132504567,1.4336464132504567,1.0],[0.3587815743778219,3.5878157437782185,1.0],[0.4933829199950983,4.933829199950983,1.0],[0.05388988630637248,0.5388988630637248,1.0],[0.218161652046843,2.18161652046843,1.0],[0.11036855637231835,1.1036855637231835,1.0],[0.11019665525187328,1.1019665525187328,1.0],[0.08321860713308704,0.8321860713308704,1.0],[0.8548431956714836,8.548431956714836,1.0],[0.8379786013676603,8.379786013676604,1.0],[0.49692456318177003,4.9692456318177,1.0],[0.3383418526610099,3.3834185266100993,1.0],[0.8847267085145368,8.847267085145369,1.0],[0.7727073339099483,7.727073339099483,1.0],[0.4378611007868425,4.378611007868425,1.0],[0.36357237359531624,3.6357237359531624,1.0],[0.9993128545514127,9.993128545514127,1.0],[0.011407353725907177,0.11407353725907177,1.0],[0.683883535316853,6.8388353531685295,1.0],[0.5777677015169478,5.777677015169478,1.0],[0.279572135569809,2.79572135569809,1.0],[0.5251374991808218,5.251374991808218,1.0],[0.19595099082337364,1.9595099082337364,1.0],[0.6934430548580864,6.934430548580864,1.0]]
0_BehnkeGeiger_46_workers.fjs;295.3134864924032;981792;[21,35,51,67,77,57,68,79,88,100,41,60,75,87,109,45,69,84,96,125,9,21,52,65,112,49,60,87,104,124,60,78,88,105,124,14,34,52,61,94,0,13,24,39,57,0,14,40,56,66,26,44,60,75,98,37,49,66,82,106,35,44,55,66,79,34,45,57,67,81,44,57,71,87,116,13,26,42,56,65,60,84,94,114,128,0,9,35,52,64,13,41,50,66,89,0,13,25,38,47];[3,53,34,27,56,3,37,39,25,58,0,17,24,41,56,1,20,35,9,58,3,4,39,32,57,2,10,54,11,56,2,33,32,48,57,1,26,6,44,57,2,45,28,11,58,1,31,23,13,56,2,20,8,43,56,2,44,4,55,59,3,14,4,19,59,1,8,11,29,58,3,22,50,52,59,2,43,33,15,59,0,49,51,40,59,3,32,39,42,57,0,27,40,54,59,0,43,16,34,59];[76,51,35,67,63,38,16,3,69,47,4,52,44,86,79,6,66,61,76,13,40,32,80,48,9,81,33,36,6,24,79,21,71,38,43,41,5,58,43,68,22,9,25,76,49,3,81,39,11,72,43,74,28,24,26,50,33,26,4,67,74,46,46,75,39,15,12,86,19,12,64,3,65,43,15,71,78,11,48,58,25,38,81,72,11,80,56,28,83,81,58,35,65,32,83,29,12,0,49,71];[[0.4831103964860096,4.831103964860096,1.0],[0.9021829992468611,9.02182999246861,1.0],[0.5374571935128641,5.374571935128642,1.0],[0.8761340971511191,8.761340971511192,1.0],[0.573156942708234,5.7315694270823405,1.0],[0.994523847851402,9.945238478514021,1.0],[0.3574465703190305,3.574465703190305,1.0],[0.6617299629663892,6.617299629663892,1.0],[0.4882872262788658,4.882872262788657,1.0],[0.5726412824777106,5.726412824777106,1.0],[0.32388398325139345,3.2388398325139347,1.0],[0.8072354510963532,8.072354510963532,1.0],[0.8087324055796944,8.087324055796945,1.0],[0.660852452150834,6.60852452150834,1.0],[0.5802577271631468,5.802577271631469,1.0],[0.04408639890691246,0.4408639890691246,1.0],[0.7725635994624831,7.725635994624831,1.0],[0.340181488474281,3.4018148847428096,1.0],[0.09506024617702258,0.9506024617702258,1.0],[0.23214768683087816,2.321476868308782,1.0],[0.29508457816293987,2.9508457816293987,1.0],[0.12277001052286385,1.2277001052286385,1.0],[0.47347375902937305,4.73473759029373,1.0],[0.8739362489567938,8.739362489567938,1.0],[0.5942988909169951,5.942988909169951,1.0],[0.3932636751035087,3.932636751035087,1.0],[0.356262027818981,3.5626202781898098,1.0],[0.8443312190299666,8.443312190299665,1.0],[0.7137768111623821,7.137768111623821,1.0],[0.541649960332778,5.416499603327781,1.0],[0.26577494883360064,2.657749488336006,1.0],[0.9303686520183944,9.303686520183943,1.0],[0.6647036321879223,6.647036321879223,1.0],[0.8481261874486201,8.4812618744862,1.0],[0.2743023069142022,2.743023069142022,1.0],[0.5987856125347181,5.9878561253471805,1.0],[0.4569423976865593,4.569423976865593,1.0],[0.33213605365278576,3.3213605365278576,1.0],[0.81263475330977,8.1263475330977,1.0],[0.5964941538505839,5.964941538505839,1.0],[0.9947889064585738,9.947889064585738,1.0],[0.8287071581836081,8.28707158183608,1.0],[0.018381501525532307,0.18381501525532307,1.0],[0.6100637867915101,6.1006378679151005,1.0],[0.28754239195595754,2.8754239195595757,1.0],[0.7986732822669409,7.986732822669409,1.0],[0.8174504530922707,8.174504530922707,1.0],[0.18940839630142858,1.8940839630142858,1.0],[0.9250951518484526,9.250951518484525,1.0],[0.5373164168533412,5.373164168533412,1.0],[0.8365277849121914,8.365277849121913,1.0],[0.6316914250178033,6.316914250178033,1.0],[0.15184034432706983,1.5184034432706983,1.0],[0.5281662867111906,5.281662867111906,1.0],[0.4583451302924175,4.583451302924175,1.0],[0.04230631300605814,0.4230631300605814,1.0],[0.1258096578607567,1.258096578607567,1.0],[0.06582033812283716,0.6582033812283716,1.0],[0.897419605140406,8.97419605140406,1.0],[0.47272098686609687,4.727209868660969,1.0],[0.19003538760239747,1.9003538760239747,1.0],[0.34250509114102723,3.4250509114102723,1.0],[0.22496847931809727,2.2496847931809727,1.0],[0.293396880055004,2.9339688005500397,1.0],[0.3753743367942156,3.753743367942156,1.0],[0.4599736060992935,4.599736060992935,1.0],[0.47948809501936374,4.794880950193638,1.0],[0.958573092010442,9.585730920104421,1.0],[0.03253904300604349,0.3253904300604349,1.0],[0.4348005170756857,4.348005170756856,1.0],[0.24880188012436077,2.4880188012436077,1.0],[0.93408987269609,9.3408987269609,1.0],[0.35770560301992216,3.5770560301992216,1.0],[0.22393216152842832,2.2393216152842834,1.0],[0.8671870642757824,8.671870642757824,1.0],[0.20511903908208484,2.0511903908208486,1.0],[0.5992675664028208,5.992675664028208,1.0],[0.6786791129322917,6.786791129322917,1.0],[0.9375637812513765,9.375637812513766,1.0],[0.3890912025981019,3.8909120259810193,1.0],[0.6288767973577327,6.288767973577327,1.0],[0.36699471368723124,3.669947136872312,1.0],[0.04690020251623861,0.4690020251623861,1.0],[0.8490856184138454,8.490856184138455,1.0],[0.8901673736704244,8.901673736704245,1.0],[0.9161787126503858,9.161787126503857,1.0],[0.1131043999360144,1.131043999360144,1.0],[0.7774537080224232,7.774537080224232,1.0],[0.03095965729693917,0.3095965729693917,1.0],[0.03970963579151632,0.3970963579151632,1.0]]
0_BehnkeGeiger_46_workers.fjs;278.71260291204663;4968948;[27,47,64,75,91,32,42,56,68,88,0,13,23,41,52,13,36,47,74,84,47,69,78,88,104,37,48,62,72,97,60,78,88,99,116,56,77,93,105,114,24,37,47,57,76,0,11,23,33,43,0,11,23,34,79,48,60,70,84,94,42,51,63,88,117,20,32,41,53,70,13,27,36,50,59,11,24,37,47,65,36,56,68,88,102,11,20,36,48,60,51,65,75,88,110,0,13,30,41,51];[0,36,52,27,59,3,38,45,24,57,1,10,16,42,59,1,23,17,9,58,0,47,39,34,57,2,25,21,13,58,2,33,36,48,57,1,49,7,47,59,2,19,8,31,56,3,28,19,27,56,2,18,32,6,59,2,46,4,21,56,3,14,5,39,56,3,8,11,24,57,0,45,50,55,56,2,41,37,37,59,1,48,32,9,59,3,20,13,7,58,3,39,43,55,58,0,29,42,34,57];[13,3,80,53,16,65,17,25,54,22,4,35,0,55,56,51,25,70,31,4,7,57,62,48,24,81,0,29,29,15,65,51,44,71,31,77,36,77,37,72,42,14,14,88,74,58,1,16,3,63,22,32,43,11,82,58,13,42,37,88,42,62,31,32,65,24,87,73,74,20,86,5,6,76,69,71,67,18,44,0,78,64,63,9,45,12,29,72,57,17,48,75,9,41,52,42,33,15,69,52];[[0.34661995661142697,3.4661995661142697,1.0],[0.2286410960833074,2.286410960833074,1.0],[0.012392470279078194,0.12392470279078194,1.0],[0.9308270259025113,9.308270259025113,1.0],[0.3225145761620236,3.225145761620236,1.0],[0.0006954578022455582,0.006954578022455582,1.0],[0.2097170717940725,2.097170717940725,1.0],[0.5179602272351016,5.179602272351016,1.0],[0.7628222106217201,7.6282221062172,1.0],[0.3089717897377221,3.089717897377221,1.0],[0.15113122452813788,1.5113122452813788,1.0],[0.07045772229012492,0.7045772229012492,1.0],[0.8725064026541692,8.725064026541693,1.0],[0.3074981421409557,3.074981421409557,1.0],[0.272859759997538,2.7285975999753798,1.0],[0.9838464878398866,9.838464878398867,1.0],[0.7385079487399623,7.385079487399623,1.0],[0.7690782380223464,7.690782380223464,1.0],[0.7347776517949599,7.347776517949599,1.0],[0.040110031230356946,0.40110031230356946,1.0],[0.7832762173461114,7.832762173461115,1.0],[0.9889075602289727,9.889075602289727,1.0],[0.9868030389001332,9.868030389001332,1.0],[0.09156288276254032,0.9156288276254032,1.0],[0.6169801532161481,6.169801532161481,1.0],[0.9026788995265191,9.026788995265191,1.0],[0.7985407520091817,7.985407520091817,1.0],[0.3776281884996082,3.776281884996082,1.0],[0.3548331359348883,3.548331359348883,1.0],[0.4034509368723006,4.034509368723006,1.0],[0.5249010978369003,5.249010978369003,1.0],[0.41070078970850576,4.107007897085058,1.0],[0.63967628453626,6.3967628453626,1.0],[0.644865700493546,6.44865700493546,1.0],[0.7187044523063962,7.187044523063962,1.0],[0.4606778023011676,4.606778023011676,1.0],[0.947243245359423,9.47243245359423,1.0],[0.5480976670697533,5.480976670697533,1.0],[0.5212437467785531,5.212437467785531,1.0],[0.9974770776792315,9.974770776792315,1.0],[0.8347236528324226,8.347236528324226,1.0],[0.5920335208252621,5.92033520825262,1.0],[0.5281200476143402,5.281200476143402,1.0],[0.9947145418085902,9.947145418085903,1.0],[0.3807311818221505,3.807311818221505,1.0],[0.16524593628445206,1.6524593628445206,1.0],[0.360275223783056,3.60275223783056,1.0],[0.08085968119624642,0.8085968119624642,1.0],[0.8395205202311514,8.395205202311514,1.0],[0.9614069909390023,9.614069909390023,1.0],[0.08576140927512577,0.8576140927512577,1.0],[0.06230204186426158,0.6230204186426158,1.0],[0.48309802210777264,4.830980221077726,1.0],[0.7527011136301647,7.527011136301647,1.0],[0.5653273490612396,5.653273490612396,1.0],[0.14308306009955207,1.4308306009955207,1.0],[0.9027442860174946,9.027442860174945,1.0],[0.39175874054121795,3.9175874054121795,1.0],[0.04470890378303016,0.4470890378303016,1.0],[0.4575329191628308,4.575329191628308,1.0],[0.44418114285306354,4.441811428530635,1.0],[0.0791756906829707,0.791756906829707,1.0],[0.37770490385691646,3.7770490385691646,1.0],[0.24872151644563356,2.4872151644563356,1.0],[0.31414454419740034,3.141445441974003,1.0],[0.40750067283296354,4.075006728329635,1.0],[0.17219359428721337,1.7219359428721337,1.0],[0.3882072229758389,3.8820722297583887,1.0],[0.7592365563423323,7.592365563423323,1.0],[0.222327149798478,2.22327149798478,1.0],[0.563344095817858,5.63344095817858,1.0],[0.06385831253616747,0.6385831253616747,1.0],[0.4915379293409209,4.915379293409209,1.0],[0.6493348169788958,6.493348169788958,1.0],[0.35923654185193077,3.5923654185193077,1.0],[0.011177057117131461,0.11177057117131461,1.0],[0.2733467293051436,2.7334672930514357,1.0],[0.5355549647286275,5.355549647286275,1.0],[0.6301964483914466,6.301964483914466,1.0],[0.13021308409642796,1.3021308409642796,1.0],[0.25996455672831287,2.5996455672831287,1.0],[0.08504584081016042,0.8504584081016042,1.0],[0.7433003345161341,7.433003345161341,1.0],[0.18226229691513296,1.8226229691513296,1.0],[0.9489642736607146,9.489642736607145,1.0],[0.8673076709060825,8.673076709060826,1.0],[0.2783750143398719,2.783750143398719,1.0],[0.779542699505796,7.79542699505796,1.0],[0.05243151622562159,0.5243151622562159,1.0],[0.5237802038743088,5.237802038743088,1.0]]
0_BehnkeGeiger_46_workers.fjs;297.50954666256024;4995444;[31,46,63,72,86,0,24,36,48,74,52,65,75,87,99,61,79,94,109,124,9,21,30,40,55,52,63,78,105,121,0,9,19,29,49,23,38,63,73,113,24,38,54,69,86,29,43,55,78,90,14,29,39,52,62,46,63,75,91,114,21,31,44,55,82,43,52,62,82,100,63,77,90,106,126,38,52,67,88,109,38,60,73,88,103,0,9,23,34,44,0,14,30,40,61,9,23,33,47,66];[3,53,18,9,57,2,37,55,51,59,1,30,52,42,56,0,25,34,9,57,3,47,20,34,58,2,48,13,46,58,0,33,52,5,59,0,18,6,33,59,2,17,12,36,59,1,7,11,27,56,1,33,38,31,59,3,46,4,55,56,3,14,4,39,58,1,8,31,38,58,3,32,51,55,59,2,43,29,48,57,0,47,37,53,59,3,38,15,42,56,1,36,41,54,57,0,43,48,35,56];[5,4,21,35,7,41,75,8,8,29,39,85,46,31,79,11,50,81,23,42,13,44,14,42,30,81,22,74,67,15,65,51,28,27,35,74,52,53,82,58,9,70,68,75,12,81,3,14,6,70,61,85,9,74,12,75,89,58,21,10,87,72,44,6,10,55,31,40,28,20,15,70,65,40,61,76,64,69,2,76,58,57,20,15,47,80,18,31,60,79,79,3,40,11,83,48,45,64,71,59];[[0.8559393885152179,8.55939388515218,1.0],[0.8004839408308784,8.004839408308783,1.0],[0.5938433496209707,5.938433496209708,1.0],[0.8870093324131678,8.870093324131679,1.0],[0.741558169706834,7.4155816970683395,1.0],[0.8097670389513107,8.097670389513107,1.0],[0.2247324103169328,2.247324103169328,1.0],[0.9761818800633866,9.761818800633865,1.0],[0.6339038774096737,6.339038774096737,1.0],[0.5580285642552777,5.580285642552777,1.0],[0.4463526500656817,4.463526500656817,1.0],[0.28336462923826333,2.8336462923826335,1.0],[0.9019880415639555,9.019880415639555,1.0],[0.03268507148422006,0.32685071484220063,1.0],[0.4362825217209084,4.3628252172090844,1.0],[0.18851543397694082,1.8851543397694082,1.0],[0.9250090249429151,9.250090249429151,1.0],[0.9012349700248556,9.012349700248556,1.0],[0.12108560404704316,1.2108560404704316,1.0],[0.9174015512221217,9.174015512221217,1.0],[0.6336036775858569,6.3360367758585685,1.0],[0.8916415369189501,8.916415369189501,1.0],[0.9427537000908234,9.427537000908234,1.0],[0.6474269734768437,6.474269734768438,1.0],[0.2944017446773023,2.9440174467730227,1.0],[0.22784863884628848,2.278486388462885,1.0],[0.026726933813205345,0.26726933813205345,1.0],[0.5708724060922277,5.708724060922277,1.0],[0.09143396648058832,0.9143396648058832,1.0],[0.9728808105837072,9.728808105837071,1.0],[0.04913857274611522,0.49138572746115217,1.0],[0.8163054842016593,8.163054842016592,1.0],[0.12136143786009423,1.2136143786009423,1.0],[0.39347747924753973,3.9347747924753973,1.0],[0.7612563626694716,7.612563626694716,1.0],[0.2669682491794272,2.669682491794272,1.0],[0.032329137447332346,0.32329137447332346,1.0],[0.27066047462765497,2.7066047462765495,1.0],[0.8705591702034446,8.705591702034447,1.0],[0.8809847340925547,8.809847340925547,1.0],[0.18409719287978143,1.8409719287978143,1.0],[0.20156279965759893,2.015627996575989,1.0],[0.5164915614426145,5.164915614426145,1.0],[0.4956047792365974,4.956047792365974,1.0],[0.6077297164851029,6.0772971648510286,1.0],[0.9001180841411072,9.001180841411072,1.0],[0.78410741646787,7.8410741646787,1.0],[0.4806185677402214,4.806185677402214,1.0],[0.1147765683905323,1.147765683905323,1.0],[0.07024459811816619,0.7024459811816619,1.0],[0.3187451092517546,3.187451092517546,1.0],[0.0073062864940089955,0.07306286494008996,1.0],[0.5205444033755386,5.205444033755386,1.0],[0.6250968201912236,6.250968201912236,1.0],[0.25055568445480136,2.5055568445480136,1.0],[0.615922435604406,6.15922435604406,1.0],[0.3870907125242423,3.8709071252424234,1.0],[0.21814785067570475,2.1814785067570472,1.0],[0.8734963280117019,8.734963280117018,1.0],[0.28722080489037183,2.872208048903718,1.0],[0.09639359128751424,0.9639359128751424,1.0],[0.7548858731919171,7.548858731919172,1.0],[0.6851727386050028,6.851727386050028,1.0],[0.051174076075845676,0.5117407607584568,1.0],[0.17887018113864828,1.7887018113864828,1.0],[0.609251556117635,6.09251556117635,1.0],[0.24984154075152953,2.4984154075152953,1.0],[0.368174715277632,3.68174715277632,1.0],[0.05876744192941186,0.5876744192941186,1.0],[0.12260955919754979,1.226095591975498,1.0],[0.45916262109070083,4.591626210907008,1.0],[0.4009271808935736,4.009271808935736,1.0],[0.46504811859381157,4.650481185938116,1.0],[0.21320952910254887,2.1320952910254887,1.0],[0.6247271975216867,6.247271975216867,1.0],[0.28525256320918047,2.8525256320918047,1.0],[0.6348406939976744,6.348406939976744,1.0],[0.8319882392437383,8.319882392437384,1.0],[0.8395421352998061,8.395421352998062,1.0],[0.019614941273996434,0.19614941273996434,1.0],[0.5413984842077535,5.413984842077535,1.0],[0.2718798292635384,2.718798292635384,1.0],[0.4481717263007644,4.481717263007644,1.0],[0.26376858333274344,2.6376858333274344,1.0],[0.3349547069458171,3.349547069458171,1.0],[0.5175169666891029,5.175169666891028,1.0],[0.6865980117314152,6.865980117314152,1.0],[0.12545365307174206,1.2545365307174206,1.0],[0.02272642984071671,0.2272642984071671,1.0],[0.7308912721040333,7.308912721040333,1.0]]
0_BehnkeGeiger_46_workers.fjs;304.3300556037774;2806464;[65,78,96,105,120,23,45,58,68,82,16,31,41,78,100,61,78,87,96,119,0,23,36,46,62,31,42,55,75,87,50,59,69,90,109,0,16,26,38,53,78,91,102,117,129,0,14,25,44,81,59,85,101,114,132,28,46,68,82,99,26,50,63,74,93,42,54,79,91,131,45,63,75,90,101,44,65,78,89,115,54,79,96,111,125,13,26,36,46,56,14,28,38,51,71,0,13,30,42,70];[1,11,38,27,59,2,52,6,24,56,3,41,29,41,56,2,23,32,8,56,2,55,20,34,56,3,24,14,13,58,0,33,52,49,59,3,37,7,53,57,2,19,23,6,57,1,53,39,55,59,0,35,9,47,56,1,20,6,22,59,0,13,4,4,57,3,36,10,54,59,2,13,49,30,58,1,41,37,51,57,3,45,43,40,58,0,33,14,42,59,1,48,16,54,58,0,30,15,32,57];[22,6,72,29,16,76,8,72,55,73,44,42,13,86,49,19,58,56,53,48,19,49,32,48,65,3,81,3,67,39,24,51,14,0,77,69,9,47,74,36,82,65,75,9,36,13,63,46,49,10,75,60,36,50,86,23,55,77,38,18,27,57,0,28,3,73,41,80,2,33,14,7,49,34,82,58,89,17,30,6,66,33,45,70,84,56,87,9,60,46,35,61,80,30,52,29,32,15,71,18];[[0.5198238265685563,5.198238265685563,1.0],[0.9583988744400509,9.583988744400509,1.0],[0.3402956357666065,3.402956357666065,1.0],[0.7081849781179302,7.081849781179303,1.0],[0.9252189405445452,9.252189405445453,1.0],[0.05032666735654623,0.5032666735654623,1.0],[0.6613275461751585,6.613275461751585,1.0],[0.82711411373077,8.271141137307701,1.0],[0.8734961127808921,8.734961127808921,1.0],[0.5913019030238962,5.913019030238962,1.0],[0.11264722490163037,1.1264722490163037,1.0],[0.34477784983246407,3.4477784983246407,1.0],[0.011377599382669468,0.11377599382669468,1.0],[0.7909742881977946,7.909742881977946,1.0],[0.3277964015146908,3.277964015146908,1.0],[0.22222795698924247,2.2222795698924247,1.0],[0.14676573527209236,1.4676573527209236,1.0],[0.040648812187981,0.40648812187981,1.0],[0.14328037004549943,1.4328037004549943,1.0],[0.10349201402412567,1.0349201402412567,1.0],[0.2300149081299988,2.3001490812999883,1.0],[0.34985110243749995,3.4985110243749995,1.0],[0.866750807284636,8.66750807284636,1.0],[0.14758827376144812,1.4758827376144812,1.0],[0.22391440251713068,2.239144025171307,1.0],[0.24865543755958186,2.4865543755958184,1.0],[0.2300130943157953,2.300130943157953,1.0],[0.8293061040602848,8.293061040602849,1.0],[0.43895527513494326,4.389552751349433,1.0],[0.44969387575897835,4.496938757589783,1.0],[0.3412024287409555,3.4120242874095554,1.0],[0.9004679331719968,9.004679331719968,1.0],[0.43962892413733223,4.3962892413733226,1.0],[0.45751138605113895,4.575113860511389,1.0],[0.5639201948280074,5.639201948280074,1.0],[0.6726986423945157,6.726986423945157,1.0],[0.6597005192680269,6.597005192680268,1.0],[0.9102187034878934,9.102187034878934,1.0],[0.5766896035151798,5.766896035151799,1.0],[0.4155337643506154,4.155337643506154,1.0],[0.35757675057500693,3.5757675057500693,1.0],[0.5416053049315015,5.416053049315015,1.0],[0.24141379817839304,2.4141379817839304,1.0],[0.14373377933442777,1.4373377933442777,1.0],[0.05947898491433379,0.5947898491433379,1.0],[0.49975509403239127,4.9975509403239124,1.0],[0.3186129737753496,3.186129737753496,1.0],[0.7700173830289908,7.700173830289908,1.0],[0.48539290197593976,4.853929019759398,1.0],[0.4627755002794737,4.6277550027947365,1.0],[0.5376316431809531,5.376316431809531,1.0],[0.9085166904492054,9.085166904492054,1.0],[0.8894638917603915,8.894638917603915,1.0],[0.7295709856829492,7.295709856829492,1.0],[0.10156484356406248,1.0156484356406248,1.0],[0.7756986430311787,7.7569864303117875,1.0],[0.2646734419538803,2.646734419538803,1.0],[0.08522369075097047,0.8522369075097047,1.0],[0.05298946435344931,0.5298946435344931,1.0],[0.15739225219713138,1.5739225219713138,1.0],[0.4318886991151929,4.318886991151929,1.0],[0.633165302477868,6.33165302477868,1.0],[0.24439281766986376,2.4439281766986376,1.0],[0.8989634350161788,8.989634350161788,1.0],[0.5191347024590356,5.191347024590356,1.0],[0.6810385741390934,6.8103857413909346,1.0],[0.16547355180616963,1.6547355180616963,1.0],[0.7628548802754104,7.6285488027541035,1.0],[0.3141854421416449,3.1418544214164488,1.0],[0.41192209034050886,4.119220903405089,1.0],[0.02240642416721894,0.2240642416721894,1.0],[0.6263477255847869,6.263477255847869,1.0],[0.6946401733451906,6.946401733451905,1.0],[0.5537872676983423,5.537872676983423,1.0],[0.14353633683289113,1.4353633683289113,1.0],[0.3828088769666892,3.828088769666892,1.0],[0.20550831512341627,2.0550831512341627,1.0],[0.8424160101430348,8.424160101430347,1.0],[0.33056458054195836,3.3056458054195836,1.0],[0.9503462496022802,9.503462496022802,1.0],[0.733658429518869,7.33658429518869,1.0],[0.7327837389781332,7.327837389781332,1.0],[0.5833156544997408,5.833156544997408,1.0],[0.2636719126307169,2.6367191263071685,1.0],[0.7038517121832796,7.038517121832796,1.0],[0.9859996488049411,9.859996488049411,1.0],[0.3427619282161496,3.427619282161496,1.0],[0.731149933057056,7.31149933057056,1.0],[0.24180730800578631,2.418073080057863,1.0],[0.8057399760917423,8.057399760917423,1.0]]
0_BehnkeGeiger_46_workers.fjs;281.8270597621244;1632948;[33,49,59,70,85,23,33,52,62,78,26,39,62,89,120,39,55,64,75,110,39,60,70,80,96,49,60,80,89,102,0,16,26,44,59,43,58,69,80,91,9,26,43,57,66,60,71,86,95,123,16,27,49,60,72,27,39,56,69,87,0,9,20,32,44,0,9,22,32,44,16,30,43,59,69,0,16,30,41,51,55,72,92,104,115,30,43,58,69,96,9,23,35,45,69,58,71,81,94,112];[3,38,52,25,59,3,44,36,51,57,1,30,20,43,59,2,23,32,4,56,1,15,39,34,56,3,26,22,39,58,2,33,37,48,59,0,30,7,42,58,1,19,13,31,57,3,15,48,15,56,2,16,37,47,59,2,17,6,21,57,3,14,4,28,59,1,25,44,42,58,0,13,49,55,56,0,41,22,36,57,2,47,40,40,58,0,20,14,40,59,3,21,41,54,58,0,43,33,53,57];[85,58,11,58,16,8,33,85,60,7,16,73,85,35,21,71,23,83,88,48,70,12,65,48,24,56,43,17,32,15,78,51,42,19,13,80,18,29,57,8,5,25,26,33,33,63,89,54,49,1,43,52,62,88,61,46,69,34,28,10,16,49,65,43,53,34,12,71,21,20,47,12,65,2,41,46,4,59,13,51,81,50,6,41,25,56,64,30,4,5,23,13,83,3,30,26,24,44,38,17];[[0.18019241848515155,1.8019241848515155,1.0],[0.48736227300275514,4.873622730027551,1.0],[0.07759170039841756,0.7759170039841756,1.0],[0.5225667244081349,5.2256672440813485,1.0],[0.9196433340252647,9.196433340252646,1.0],[0.8762509611803474,8.762509611803473,1.0],[0.5029695910906639,5.029695910906638,1.0],[0.8160267976375112,8.160267976375112,1.0],[0.8059112000327816,8.059112000327817,1.0],[0.2140591090540045,2.140591090540045,1.0],[0.08805821114486456,0.8805821114486456,1.0],[0.20329737064426556,2.0329737064426556,1.0],[0.5837360924329463,5.837360924329463,1.0],[0.6737333796339059,6.737333796339059,1.0],[0.1608013027204077,1.6080130272040771,1.0],[0.7465026683932527,7.465026683932527,1.0],[0.5706715087422025,5.706715087422025,1.0],[0.4637998194614905,4.637998194614905,1.0],[0.510707169665419,5.10707169665419,1.0],[0.13436739791107,1.3436739791107,1.0],[0.5955836724768061,5.955836724768061,1.0],[0.9705970110642231,9.705970110642232,1.0],[0.1380260373669585,1.380260373669585,1.0],[0.6915046322372392,6.915046322372392,1.0],[0.4571104412123077,4.571104412123077,1.0],[0.7770933375992647,7.770933375992647,1.0],[0.4288907275773849,4.288907275773849,1.0],[0.7873492179192781,7.873492179192781,1.0],[0.45358103110054593,4.535810311005459,1.0],[0.29994077462327984,2.9994077462327984,1.0],[0.26785911780148886,2.6785911780148886,1.0],[0.41380996534982095,4.13809965349821,1.0],[0.8955750490686861,8.955750490686862,1.0],[0.33899298335361505,3.3899298335361507,1.0],[0.4439220021216055,4.439220021216055,1.0],[0.2663146653444304,2.663146653444304,1.0],[0.1912128081922898,1.912128081922898,1.0],[0.8422148536074314,8.422148536074314,1.0],[0.12934381348500923,1.2934381348500923,1.0],[0.5457493539256076,5.457493539256077,1.0],[0.6889713324133125,6.889713324133125,1.0],[0.3133089603750071,3.1330896037500713,1.0],[0.781346930988076,7.81346930988076,1.0],[0.7476684671478541,7.476684671478541,1.0],[0.694338776663945,6.943387766639449,1.0],[0.010283626574111193,0.10283626574111193,1.0],[0.7581500624990217,7.581500624990217,1.0],[0.8365660626079888,8.365660626079888,1.0],[0.8965297598339126,8.965297598339125,1.0],[0.42501586527499824,4.250158652749983,1.0],[0.29726573226441977,2.9726573226441975,1.0],[0.1892293583037329,1.8922935830373289,1.0],[0.7243244498868214,7.243244498868214,1.0],[0.8519753238078789,8.519753238078788,1.0],[0.10178542532455293,1.0178542532455293,1.0],[0.5249813114594203,5.249813114594203,1.0],[0.36905004287313525,3.6905004287313528,1.0],[0.14252011028375144,1.4252011028375144,1.0],[0.9116619067804255,9.116619067804255,1.0],[0.54316015559511,5.4316015559511,1.0],[0.4203904144024305,4.203904144024305,1.0],[0.8163513162724128,8.163513162724128,1.0],[0.8589171046239985,8.589171046239985,1.0],[0.7596233819507995,7.596233819507995,1.0],[0.8852403456386315,8.852403456386316,1.0],[0.14006433750837965,1.4006433750837965,1.0],[0.7153091891141413,7.153091891141413,1.0],[0.4033601431159366,4.033601431159366,1.0],[0.3246442732123802,3.246442732123802,1.0],[0.610505749299754,6.10505749299754,1.0],[0.9436716318473461,9.436716318473461,1.0],[0.22542293193962482,2.254229319396248,1.0],[0.22792853612720076,2.2792853612720076,1.0],[0.3202161638777423,3.202161638777423,1.0],[0.9471716155913338,9.471716155913338,1.0],[0.06517330654168263,0.6517330654168263,1.0],[0.5318417096543258,5.318417096543257,1.0],[0.060458432800693074,0.6045843280069307,1.0],[0.0568250937122835,0.568250937122835,1.0],[0.05525076001007523,0.5525076001007523,1.0],[0.08040862393544657,0.8040862393544657,1.0],[0.45414991337399147,4.541499133739915,1.0],[0.5398206863735848,5.398206863735848,1.0],[0.9620202223629081,9.62020222362908,1.0],[0.4443670125830569,4.443670125830569,1.0],[0.4943162252029675,4.9431622520296745,1.0],[0.301158822820192,3.01158822820192,1.0],[0.03764467466094412,0.3764467466094412,1.0],[0.32502817216022195,3.2502817216022195,1.0],[0.6923405421469611,6.92340542146961,1.0]]
0_BehnkeGeiger_60_workers.fjs;1916.9178154989365;202068;[355,365,393,432,458,62,262,442,560,718,54,244,271,473,745,177,320,333,505,538,455,516,624,647,788,62,78,123,134,464,413,446,507,585,835,262,538,560,585,879,182,260,354,404,522,35,56,99,127,141,506,524,576,602,651,22,35,174,203,558,250,262,290,304,482,127,219,244,308,516,496,522,543,592,661,218,321,470,516,721,292,466,528,540,811,322,346,364,387,397,87,111,376,404,516,43,54,368,395,505,379,395,481,506,563,134,285,475,515,614,395,412,456,479,492,26,43,66,293,558,91,124,461,473,598,356,366,524,580,638,424,436,446,488,627,260,293,473,562,862,125,141,165,470,646,110,196,528,624,761,233,250,260,280,849,134,400,426,521,818,243,256,284,551,566,0,14,323,565,664,199,218,411,431,774,438,461,478,490,832,190,415,444,473,883,211,232,253,304,332,459,469,490,534,769,161,361,525,546,839,150,175,195,384,420,0,108,223,422,535,164,190,431,481,658,400,425,460,490,608,160,182,196,274,305,196,219,246,440,755,469,496,611,624,856,220,233,251,457,622,370,400,411,442,534,300,328,356,494,584,366,404,446,467,505,195,505,535,551,610,123,134,393,522,702,151,282,444,470,806,46,62,152,381,394,277,417,487,501,576,123,134,271,442,674,175,196,506,535,785,253,277,366,506,780,412,438,473,487,644,101,110,141,163,192,461,482,505,528,796,0,22,305,323,516,522,571,586,603,840,307,333,529,584,760,317,345,421,536,791,356,427,440,457,588,21,46,480,785,863,391,413,462,504,631,345,381,399,411,474,328,348,360,457,781,47,62,381,393,438,431,479,506,516,719,365,379,403,425,821,67,87,300,499,694,289,317,333,543,745,219,243,364,381,476,0,386,466,481,807,498,516,565,615,811,278,292,549,561,677,88,134,158,447,583,300,322,349,664,884,141,151,209,308,435,372,404,580,610,706,113,127,509,522,688,323,340,394,405,733,446,496,551,562,595,64,399,454,479,677,75,91,149,274,546,111,123,149,158,315,78,101,426,438,623,37,127,195,418,457,256,278,303,440,596,109,123,152,171,725,340,355,379,501,705,14,37,47,62,323,346,356,465,492,732,232,253,409,421,532,436,459,551,576,643,56,610,624,652,731];[3,47,24,22,57,2,23,34,30,59,3,29,5,19,56,1,40,55,30,59,1,51,50,49,58,0,6,50,36,58,0,5,50,23,56,2,30,21,43,57,2,32,55,17,58,1,33,6,18,58,0,48,25,36,59,1,12,16,16,57,2,35,44,36,57,2,29,54,30,57,2,47,32,34,56,1,5,41,10,58,3,42,5,5,58,0,30,4,30,57,1,28,51,4,59,3,7,20,54,58,3,31,9,42,59,3,38,49,32,59,3,32,37,55,56,3,49,54,40,58,2,14,28,35,57,0,17,49,52,59,2,42,41,35,57,1,7,28,42,58,0,34,44,43,58,0,29,20,23,58,2,32,50,18,57,1,6,46,55,59,3,25,25,12,56,0,42,10,28,59,1,48,12,44,58,3,15,48,13,57,0,43,24,31,58,0,7,34,44,56,2,50,5,14,56,1,14,13,16,58,3,30,52,48,56,3,48,46,10,56,0,46,12,53,58,2,48,54,17,56,2,29,20,54,57,3,53,42,52,57,2,15,23,24,56,2,40,38,17,56,2,12,34,33,58,1,53,39,43,57,0,52,19,6,59,2,44,12,34,58,3,32,47,23,59,0,32,43,45,56,2,4,33,23,56,0,54,36,55,59,1,11,29,17,59,3,26,43,44,56,0,34,8,24,59,3,49,36,32,57,0,14,52,45,58,3,30,20,4,56,1,49,10,11,56,2,30,31,31,59,3,28,43,6,59,2,14,24,47,59,1,52,31,39,56,2,30,23,11,57,0,40,49,17,56,2,43,55,45,59,1,6,51,31,57,0,10,47,27,58,1,24,10,29,57,3,6,29,47,56,1,48,5,49,56,2,28,42,49,59,3,31,30,21,58,2,20,52,34,59,1,40,34,53,57,3,10,47,6,57,3,25,37,54,58,0,43,8,34,56,0,16,46,18,59,1,21,50,19,58,2,33,23,25,58,3,20,29,48,57,0,6,42,50,59,3,43,24,11,56,2,21,26,38,58,1,16,12,11,57,0,36,6,28,58,0,6,30,4,59,3,9,50,4,58,3,30,27,19,56,3,23,52,36,57,0,14,13,15,59,0,48,4,22,58,0,7,24,22,57,2,9,25,35,56,1,50,18,34,59];[57,2,86,27,44,41,26,61,82,50,61,1,54,3,0,74,86,72,35,22,49,66,87,20,64,26,65,16,62,10,55,45,39,40,21,35,70,40,18,63,2,49,1,66,55,64,11,87,33,11,52,8,63,15,29,4,28,47,51,6,26,70,5,45,54,1,1,31,14,88,60,71,16,59,43,38,26,80,68,40,59,37,16,24,14,38,21,28,25,44,21,56,66,18,11,41,45,88,26,70,26,10,52,30,45,30,33,67,9,70,5,62,54,88,66,1,79,83,16,0,58,8,72,31,77,50,40,14,68,11,14,11,13,69,75,75,18,64,8,41,80,35,14,20,0,12,56,81,50,48,71,75,60,14,52,65,81,31,56,5,54,83,85,89,4,37,17,25,26,69,6,32,51,83,3,19,34,24,1,88,54,32,4,0,56,53,87,23,11,27,67,17,44,55,36,56,3,30,75,25,88,65,79,17,77,23,29,40,73,47,51,49,54,39,24,34,17,46,80,22,61,58,14,41,84,29,13,4,37,2,57,36,35,83,80,70,64,63,78,56,60,39,78,10,64,42,9,17,64,69,63,63,11,85,88,65,33,18,26,64,42,37,28,76,10,64,45,64,68,23,54,20,29,48,52,42,25,62,46,73,17,36,44,78,20,30,55,26,77,18,45,16,37,28,76,68,43,72,74,71,28,4,80,25,13,41,59,16,53,43,60,5,7,50,69,58,59,37,88,37,35,14,87,72,21,83,76,0,27,44,47,7,7,58,22,37,67,68,36,70,61,82,23,37,53,59,2,85,73,7,85,33,27,3,28,80,77,86,4,68,51,79,41,80,57,78,23,30,22,26,35,79,20,5,61,22,78,84,9,29,22,88,48,73,33,20,74,39,2,48,2,85,11,88,46,34,29,61,2,43,4,42,49,5,57,70,88,12,85,1,33,66,27,85,73,70,59,50,33,23,19,50,59,50,21,28,73,48,22,42,74,21,18,68,42,55,12,84,70,8,82,64,43,65,74,24,43,60,84,57,75,7,8,31,89,20,58,67,71,86,9,36,6,1,10,16,49,13,10,59,86,46,65,18,51,52,46,27,53,35,47,22,36,82,33,6,12,58,18,19,50,71,64,45,56,48,80,68,3,72];[[0.7773566427005639,7.7735664270056395,1.0],[0.6698255595592497,6.698255595592498,1.0],[0.09913960392481702,0.9913960392481702,1.0],[0.35297051119014544,3.529705111901454,1.0],[0.4679077429008419,4.679077429008419,1.0],[0.5346837414708775,5.346837414708775,1.0],[0.9783090609123973,9.783090609123974,1.0],[0.13031535015865903,1.3031535015865903,1.0],[0.6712434682302663,6.712434682302662,1.0],[0.36422941594737557,3.6422941594737557,1.0],[0.48883570716198577,4.888357071619858,1.0],[0.20301221073405373,2.0301221073405373,1.0],[0.6661983755713592,6.661983755713592,1.0],[0.2276630312069321,2.276630312069321,1.0],[0.4580640582967631,4.580640582967631,1.0],[0.040722397554957435,0.40722397554957435,1.0],[0.9742897953778286,9.742897953778286,1.0],[0.4874760742689066,4.874760742689066,1.0],[0.4616138636373597,4.616138636373597,1.0],[0.7141471558082002,7.141471558082002,1.0],[0.4157281494999725,4.157281494999725,1.0],[0.888011688001529,8.88011688001529,1.0],[0.023293448723771704,0.23293448723771704,1.0],[0.8335062677845465,8.335062677845466,1.0],[0.4684947409975081,4.684947409975081,1.0],[0.8114798126442795,8.114798126442794,1.0],[0.9455914886158723,9.455914886158723,1.0],[0.9830883781948988,9.830883781948987,1.0],[0.1761820755785306,1.761820755785306,1.0],[0.698655759576308,6.98655759576308,1.0],[0.10885571131238292,1.0885571131238292,1.0],[0.16026373420620188,1.6026373420620188,1.0],[0.09286027402458918,0.9286027402458918,1.0],[0.3140620798928404,3.140620798928404,1.0],[0.01653868433866723,0.1653868433866723,1.0],[0.8540491257363622,8.540491257363621,1.0],[0.2910160386456968,2.910160386456968,1.0],[0.7800475863350328,7.800475863350328,1.0],[0.5480965161255696,5.480965161255696,1.0],[0.19433067669976123,1.9433067669976123,1.0],[0.2920382721805297,2.920382721805297,1.0],[0.3194527773994337,3.194527773994337,1.0],[0.6585982235379076,6.585982235379077,1.0],[0.23152103541222924,2.3152103541222924,1.0],[0.6194303369953537,6.194303369953537,1.0],[0.8953386098022104,8.953386098022104,1.0],[0.8694342085696831,8.694342085696832,1.0],[0.2938069356684523,2.938069356684523,1.0],[0.45820480858054946,4.582048085805495,1.0],[0.4849797978711191,4.849797978711191,1.0],[0.2803882693587225,2.803882693587225,1.0],[0.32895694635060024,3.2895694635060027,1.0],[0.9842424240265042,9.842424240265043,1.0],[0.011944137920874343,0.11944137920874343,1.0],[0.14290076829328524,1.4290076829328524,1.0],[0.6519772165446712,6.519772165446712,1.0],[0.07499317994693244,0.7499317994693244,1.0],[0.29207870228110877,2.920787022811088,1.0],[0.7934429721917705,7.934429721917705,1.0],[0.9115931008709737,9.115931008709737,1.0],[0.3703917795895437,3.7039177958954372,1.0],[0.20528221118666345,2.0528221118666345,1.0],[0.880081326784678,8.80081326784678,1.0],[0.6325664501560831,6.325664501560832,1.0],[0.503514326058558,5.0351432605855795,1.0],[0.3308435596710889,3.308435596710889,1.0],[0.3474001835074456,3.474001835074456,1.0],[0.2924115863324481,2.9241158633244813,1.0],[0.7653974346433319,7.653974346433319,1.0],[0.4784432998768373,4.784432998768374,1.0],[0.2015373401465821,2.015373401465821,1.0],[0.8715627297687166,8.715627297687167,1.0],[0.7551785489449617,7.5517854894496175,1.0],[0.8675584511848858,8.675584511848859,1.0],[0.9323236929247266,9.323236929247265,1.0],[0.24171326534063708,2.417132653406371,1.0],[0.8924504838872919,8.924504838872918,1.0],[0.7659566844206285,7.659566844206285,1.0],[0.4146826922981828,4.146826922981828,1.0],[0.32368260626724077,3.2368260626724075,1.0],[0.5613052389019693,5.613052389019693,1.0],[0.5908359788832377,5.908359788832377,1.0],[0.16558277680810296,1.6558277680810296,1.0],[0.4861970648764189,4.8619706487641885,1.0],[0.9490216941921916,9.490216941921917,1.0],[0.46819109749463483,4.681910974946348,1.0],[0.39662970244337636,3.9662970244337634,1.0],[0.9188065977724452,9.188065977724452,1.0],[0.9857276253270151,9.85727625327015,1.0],[0.9392006613006973,9.392006613006973,1.0]]
0_BehnkeGeiger_60_workers.fjs;1812.1964108518841;124296;[137,327,354,484,631,401,418,459,602,626,0,126,485,590,660,307,327,343,452,477,52,81,113,131,160,428,449,645,657,849,28,61,289,344,369,122,146,428,445,455,370,446,594,623,821,245,262,286,312,330,229,369,634,650,778,137,148,397,427,501,286,307,432,504,705,343,366,431,622,820,209,236,256,343,363,36,52,71,478,612,216,417,610,633,686,491,515,525,543,578,94,472,483,511,567,200,229,256,278,591,289,313,330,409,427,366,383,411,563,715,383,405,417,510,773,267,279,403,509,614,211,388,427,491,551,549,575,595,609,847,383,407,473,491,515,255,284,310,333,429,54,74,331,523,766,167,206,330,372,396,107,131,543,571,790,315,452,480,498,658,193,480,496,516,540,327,354,566,590,661,292,368,514,529,637,284,354,401,520,535,471,546,562,586,831,313,328,374,427,439,418,428,477,496,524,328,517,543,556,584,249,353,547,573,823,470,490,546,566,603,0,256,279,295,317,490,520,546,628,698,81,184,420,499,677,338,382,628,646,839,52,327,473,499,598,235,249,536,547,650,323,338,396,536,638,339,604,624,647,700,104,133,145,172,291,452,470,487,509,552,0,46,272,505,688,420,449,469,584,795,146,167,188,273,291,83,107,126,391,420,236,245,344,578,809,449,589,601,628,737,368,383,482,560,703,27,210,231,411,467,520,529,560,573,733,434,452,472,526,810,256,310,529,556,641,97,131,161,546,714,294,315,344,362,498,0,369,517,601,680,264,282,404,420,721,387,406,550,579,757,74,94,118,134,151,155,182,299,417,478,30,40,55,596,762,407,434,452,477,505,472,616,644,674,789,19,36,46,250,278,171,343,550,609,782,221,245,463,493,562,529,549,563,688,750,174,278,289,321,450,556,578,604,626,764,112,383,409,431,524,153,174,199,535,608,148,525,626,647,742,282,496,517,536,568,575,633,645,661,750,193,211,446,514,534,245,362,449,650,802,74,97,126,156,641,61,83,98,314,376,262,286,304,590,620,449,471,617,634,728,353,379,391,483,496,40,525,543,567,647,500,526,594,624,667,405,420,449,478,750,133,155,184,439,563,182,209,328,359,588,357,515,540,588,622,379,401,572,586,813,353,505,540,566,715,126,137,386,409,419];[1,16,17,52,58,3,33,47,33,59,0,30,36,40,56,3,35,51,22,58,2,44,35,20,59,3,21,54,15,59,0,7,23,21,57,3,25,52,31,56,0,16,36,18,58,3,33,6,17,57,1,12,27,37,58,0,32,17,17,57,3,12,11,21,57,1,11,46,30,56,2,21,21,52,58,1,5,10,10,57,0,41,23,28,56,3,46,33,31,57,3,29,27,48,58,1,26,23,39,58,2,45,52,47,59,1,37,52,7,56,2,34,16,52,59,2,13,6,43,56,3,41,12,18,58,1,32,49,53,56,1,39,18,37,56,1,10,54,15,58,3,45,10,42,58,3,45,45,20,57,0,42,55,4,58,1,24,44,55,57,0,24,14,45,56,3,16,36,30,58,0,51,36,14,57,1,12,18,6,59,2,40,23,27,58,2,7,17,39,57,3,50,5,31,56,2,13,14,24,59,0,13,53,33,57,1,48,13,50,59,1,53,14,8,56,1,40,8,6,58,2,44,38,22,58,0,16,42,48,59,1,42,22,5,57,0,4,53,25,58,0,13,20,34,59,2,38,45,43,56,2,54,12,44,58,1,7,43,53,57,2,39,25,19,59,2,35,52,9,59,3,24,18,4,56,0,30,15,25,56,2,46,29,19,58,3,50,6,47,58,2,38,47,12,59,3,18,6,37,57,1,12,33,29,56,1,29,36,21,56,2,10,36,11,56,1,7,14,46,57,1,29,41,55,58,3,21,24,30,57,0,53,38,14,58,0,11,54,13,59,3,34,11,49,59,2,4,21,34,57,2,31,9,13,57,1,24,5,42,59,3,48,52,31,57,1,17,26,6,58,0,35,6,49,56,3,31,21,49,56,1,7,16,10,56,1,23,42,15,58,3,38,37,54,56,1,47,46,4,57,1,23,23,6,58,0,46,37,23,59,0,24,34,54,57,1,23,38,21,58,3,28,41,5,58,2,41,47,49,57,1,4,17,51,58,0,29,39,42,58,3,36,28,48,58,2,50,51,46,57,3,25,6,29,56,2,55,37,5,57,2,11,29,38,59,2,30,10,13,57,2,33,45,39,59,2,25,12,15,56,2,50,29,5,57,3,12,42,23,59,0,42,50,40,59,1,48,55,26,58];[71,14,11,87,63,85,55,79,61,6,72,27,60,31,72,14,32,68,43,61,13,87,85,87,60,53,9,24,80,58,55,59,47,42,45,68,31,8,60,26,75,22,83,62,23,57,2,38,40,13,22,65,55,70,23,88,25,76,2,66,5,53,58,23,20,38,33,67,67,75,7,35,88,8,8,14,82,10,23,89,20,22,65,36,40,35,77,71,63,88,16,73,79,37,86,54,21,36,23,4,48,35,10,38,48,68,24,37,39,85,84,22,21,76,30,7,34,12,53,82,49,58,31,82,85,10,71,76,62,21,13,65,43,10,33,29,50,78,66,35,53,34,88,51,1,3,85,82,61,47,66,45,43,46,7,56,59,68,45,53,35,34,73,64,14,65,1,49,37,20,25,36,0,18,34,87,20,5,69,19,11,71,22,35,16,11,77,51,45,27,80,74,77,25,42,27,25,75,66,89,81,36,72,47,12,52,2,52,8,27,81,21,7,37,89,69,52,30,8,7,60,14,14,4,58,57,49,18,81,33,63,33,16,68,19,45,17,24,58,0,48,49,83,87,84,55,17,33,58,61,15,0,14,79,21,15,2,14,30,73,21,4,21,46,22,11,86,63,23,72,42,5,48,39,20,78,11,5,44,73,16,70,53,50,74,10,3,18,59,37,9,11,22,61,69,31,32,27,60,57,15,15,42,1,56,47,0,41,89,43,65,68,50,29,44,68,85,72,38,27,81,42,43,66,44,70,29,70,8,24,35,8,32,16,1,73,70,24,36,82,86,30,31,73,30,54,6,8,81,27,36,79,57,21,26,75,43,23,46,27,88,57,7,79,17,40,4,85,50,56,73,61,34,35,82,18,74,80,24,9,0,5,4,3,77,40,48,66,78,18,50,2,10,39,79,51,68,69,71,16,32,51,43,65,11,23,3,40,34,60,46,67,41,1,7,83,32,35,9,85,86,62,78,31,9,88,56,11,55,15,73,2,11,84,69,46,75,47,6,64,47,44,23,49,75,19,15,22,88,78,18,8,60,45,7,47,2,76,0,13,34,26,22,55,3,26,3,32,0,65,57,68,15,30,23,28,51,62,12,5,40,35,84,73,80,5,17,63,41,45,26,16,49,45,43,88,59,30,25,42];[[0.7966509679599704,7.966509679599704,1.0],[0.05862623274803458,0.5862623274803458,1.0],[0.7602397739740907,7.602397739740907,1.0],[0.8627037401845356,8.627037401845355,1.0],[0.09127403464611428,0.9127403464611428,1.0],[0.9024924365975527,9.024924365975528,1.0],[0.7858960565941281,7.858960565941281,1.0],[0.40667966546103385,4.0667966546103385,1.0],[0.37447264465852026,3.7447264465852026,1.0],[0.6490262282913547,6.490262282913547,1.0],[0.40092466608569977,4.009246660856998,1.0],[0.5721109226277574,5.721109226277575,1.0],[0.6077930620255084,6.077930620255084,1.0],[0.05072389565884072,0.5072389565884072,1.0],[0.7370880093375713,7.370880093375714,1.0],[0.708486383757228,7.08486383757228,1.0],[0.9221724532030824,9.221724532030823,1.0],[0.7149390332589045,7.149390332589045,1.0],[0.6557724968554814,6.5577249685548145,1.0],[0.7371071646895253,7.371071646895253,1.0],[0.18754222176317448,1.8754222176317448,1.0],[0.5019778365908455,5.019778365908455,1.0],[0.8950298548604116,8.950298548604117,1.0],[0.926358313475896,9.26358313475896,1.0],[0.01899157139556429,0.18991571395564288,1.0],[0.8777314655556964,8.777314655556964,1.0],[0.6362924717585655,6.362924717585655,1.0],[0.4066346562427898,4.066346562427898,1.0],[0.12957858368499198,1.2957858368499198,1.0],[0.8626878625294206,8.626878625294207,1.0],[0.25379646148203605,2.5379646148203605,1.0],[0.5928589993203222,5.9285899932032216,1.0],[0.0752821307110767,0.752821307110767,1.0],[0.55648541295561,5.5648541295561005,1.0],[0.39201372928372336,3.9201372928372336,1.0],[0.30661199501593694,3.0661199501593694,1.0],[0.16614394932812038,1.6614394932812038,1.0],[0.03548206500031437,0.35482065000314367,1.0],[0.8734081096560021,8.734081096560022,1.0],[0.6077933997757088,6.077933997757087,1.0],[0.00566233272181782,0.0566233272181782,1.0],[0.57937513910209,5.7937513910209,1.0],[0.766498732100053,7.66498732100053,1.0],[0.20058362814831487,2.0058362814831487,1.0],[0.9293225912363087,9.293225912363086,1.0],[0.8422636176481996,8.422636176481996,1.0],[0.5387041601810612,5.387041601810612,1.0],[0.9883390358185146,9.883390358185146,1.0],[0.21802702973914923,2.180270297391492,1.0],[0.038493402742472815,0.38493402742472815,1.0],[0.37032113547489287,3.7032113547489285,1.0],[0.1822270440474585,1.8222704404745849,1.0],[0.9462360068540245,9.462360068540246,1.0],[0.1150920367841759,1.150920367841759,1.0],[0.3529247978916473,3.529247978916473,1.0],[0.8631951229076982,8.631951229076982,1.0],[0.041228887544789705,0.41228887544789705,1.0],[0.08920964027917122,0.8920964027917122,1.0],[0.5188892304220151,5.1888923042201505,1.0],[0.3593751525090847,3.593751525090847,1.0],[0.02137850022746135,0.2137850022746135,1.0],[0.6705629807207766,6.705629807207766,1.0],[0.8415018800797289,8.41501880079729,1.0],[0.0549654710344607,0.549654710344607,1.0],[0.12847413232468474,1.2847413232468474,1.0],[0.12133653253479593,1.2133653253479593,1.0],[0.47496175692231557,4.7496175692231555,1.0],[0.6501440243508211,6.501440243508211,1.0],[0.26467231108682165,2.6467231108682165,1.0],[0.8283954411360489,8.283954411360488,1.0],[0.09632504623843086,0.9632504623843086,1.0],[0.9001492562131493,9.001492562131494,1.0],[0.22420503779756518,2.2420503779756515,1.0],[0.11601154122656976,1.1601154122656976,1.0],[0.20138930403775013,2.0138930403775013,1.0],[0.5571704471099438,5.571704471099438,1.0],[0.8954308805741998,8.954308805741999,1.0],[0.10783585956749675,1.0783585956749675,1.0],[0.6110196883093226,6.110196883093226,1.0],[0.5285746404071686,5.285746404071686,1.0],[0.4751239272073001,4.7512392720730015,1.0],[0.7846662958446119,7.846662958446119,1.0],[0.25197118373537,2.5197118373536997,1.0],[0.9011562601111824,9.011562601111825,1.0],[0.33015443004324485,3.3015443004324485,1.0],[0.39070876167562685,3.9070876167562685,1.0],[0.5024299090089163,5.024299090089163,1.0],[0.5414008895519862,5.414008895519862,1.0],[0.7061732576618968,7.061732576618968,1.0],[0.8167560629471541,8.167560629471541,1.0]]
0_BehnkeGeiger_60_workers.fjs;1904.6975040069624;299112;[329,338,366,524,647,297,314,418,479,548,426,448,528,558,653,0,26,121,274,376,19,159,330,531,690,339,351,375,515,761,45,78,88,168,471,370,398,452,473,487,140,259,425,438,455,125,146,278,476,487,146,188,206,517,749,188,198,344,367,837,230,249,278,306,443,408,439,485,547,733,348,399,456,537,606,292,431,459,476,521,213,518,531,562,656,198,284,573,610,812,433,494,514,553,716,0,11,41,335,351,26,269,342,479,786,387,411,432,523,791,158,204,339,367,628,488,504,548,567,684,40,222,403,506,867,314,329,364,425,662,398,408,432,485,658,92,121,381,399,584,469,538,565,580,799,246,275,329,420,575,403,511,548,582,812,72,448,489,506,876,404,523,562,577,881,23,50,120,223,629,177,230,553,573,874,316,543,580,605,730,489,525,542,634,856,28,40,64,379,556,11,23,323,453,692,247,258,408,455,569,274,291,313,322,755,329,348,381,514,622,120,139,180,292,364,317,366,403,431,580,294,317,344,528,642,0,58,241,365,696,162,174,351,380,411,443,469,504,532,601,174,188,199,554,821,78,95,176,416,643,173,204,222,242,783,224,247,510,522,585,436,492,531,554,674,121,137,151,350,492,196,459,521,541,640,310,394,417,443,609,242,253,269,417,431,50,147,168,190,723,249,274,304,320,339,197,317,506,530,761,0,10,375,487,521,10,28,350,367,713,354,376,417,443,508,351,370,394,527,537,465,489,500,513,589,355,387,555,580,859,275,297,323,367,777,338,380,398,633,828,271,292,328,367,611,221,230,473,485,545,154,173,296,472,827,95,421,432,456,847,154,172,184,199,223,418,483,504,565,668,137,192,218,230,248,47,121,154,554,786,172,196,208,339,709,224,389,430,488,767,258,280,307,325,342,227,394,425,542,750,439,506,528,548,682,291,316,344,364,391,78,88,101,225,241,117,465,483,492,816,127,140,408,482,803,139,262,330,539,619,280,294,408,448,737,204,313,324,340,595,69,305,317,542,720,391,404,433,449,497,382,408,432,554,708,504,529,579,594,845,100,199,473,513,832,253,271,471,521,680,376,451,466,493,861,408,494,522,575,775,370,382,443,457,482,88,109,342,449,497,109,125,148,303,532,81,92,309,322,507];[3,16,47,39,58,3,47,25,47,56,3,29,5,17,57,2,35,22,43,57,0,32,39,47,59,2,41,54,6,56,0,28,11,22,56,2,40,22,40,58,2,43,28,18,58,0,32,41,27,59,0,11,24,44,58,0,43,19,17,56,0,41,9,39,56,2,22,7,54,56,0,47,44,48,58,1,4,27,8,57,2,47,45,41,58,0,33,25,31,58,0,55,38,25,59,3,25,20,35,59,2,4,55,21,57,3,9,46,35,59,3,32,43,52,57,3,48,37,42,58,1,30,26,44,58,3,21,48,29,59,2,20,36,16,56,1,12,10,43,56,3,30,16,41,58,3,46,45,20,59,3,35,47,31,56,3,25,44,53,59,1,25,45,39,57,3,5,11,32,59,3,50,7,29,56,0,14,17,29,58,2,40,51,31,57,1,6,26,31,57,3,51,7,41,57,2,23,15,18,56,0,31,18,42,59,0,10,26,40,56,3,55,51,52,58,2,23,4,52,58,2,14,23,30,57,0,20,54,53,56,0,25,21,25,57,3,50,34,49,57,0,23,54,32,58,2,22,32,43,56,1,55,26,5,58,2,4,7,7,57,1,6,28,18,59,1,34,42,37,56,2,4,36,6,59,1,39,11,26,59,1,52,37,39,56,3,22,48,16,56,0,13,44,43,57,3,17,8,17,58,1,49,41,40,59,1,29,45,31,56,1,50,30,8,56,2,28,53,48,58,2,30,51,39,59,3,13,8,27,59,3,7,16,45,59,3,21,19,29,59,1,53,47,19,56,0,47,16,35,59,1,30,37,29,57,2,40,44,42,58,2,39,8,29,58,1,20,27,30,56,1,25,37,48,57,2,29,51,50,56,2,21,45,37,57,3,48,48,50,59,2,18,9,55,58,1,28,55,32,57,2,5,37,4,56,0,8,48,12,58,0,27,24,54,59,2,20,36,28,59,2,36,12,6,57,3,5,31,39,58,2,6,48,50,59,1,31,38,53,56,1,33,33,38,57,1,27,21,14,57,0,36,41,31,58,3,53,16,4,59,3,8,22,16,58,1,33,44,15,57,1,48,53,38,56,0,47,14,43,57,0,34,5,6,57,0,15,27,21,58,0,21,16,41,57,1,40,53,35,59];[5,87,71,62,69,30,33,4,44,49,22,23,79,33,1,87,29,43,72,34,34,73,61,8,59,39,32,15,34,58,71,34,53,47,3,7,32,53,59,60,3,32,42,56,60,64,51,31,17,47,59,59,73,70,41,83,46,76,50,24,45,68,87,34,9,30,68,53,52,24,0,66,71,39,8,15,76,14,18,1,10,83,6,29,16,34,28,88,1,40,77,44,89,78,21,83,0,47,33,70,19,2,24,73,16,47,64,10,82,81,45,28,23,87,3,64,22,37,67,60,54,75,87,57,38,55,53,79,17,86,25,84,69,67,40,55,88,44,19,50,56,21,53,68,79,76,13,55,80,11,13,14,48,80,28,62,84,2,42,61,4,14,79,31,25,27,37,74,53,22,79,32,14,78,21,83,87,37,35,45,76,43,77,52,71,63,60,24,39,26,27,37,6,30,87,78,49,34,78,17,15,64,57,21,89,62,41,41,51,36,22,69,21,40,16,3,17,47,81,33,11,63,89,18,27,71,46,13,67,24,53,85,48,64,10,37,61,75,61,85,59,84,89,16,3,12,58,69,66,61,23,75,9,0,75,60,64,33,38,73,50,78,83,0,62,15,56,21,43,80,66,2,48,5,47,52,11,75,58,12,40,20,38,61,37,17,26,71,7,60,84,53,1,27,59,40,11,29,31,9,80,41,86,0,35,65,44,5,77,43,34,76,11,36,31,27,11,50,68,86,86,5,20,67,21,4,40,39,77,66,66,17,39,20,54,60,56,82,29,42,40,7,20,35,79,32,87,53,8,25,86,77,8,88,10,85,0,57,20,17,67,14,36,71,37,70,75,16,54,15,52,51,29,7,42,83,58,52,83,9,28,9,42,3,33,11,36,51,26,11,41,76,66,56,46,0,17,35,89,37,24,18,49,81,78,62,76,10,36,88,38,61,17,86,12,84,24,78,48,23,49,6,25,74,72,30,21,34,41,84,17,35,54,4,54,24,22,43,28,38,69,26,23,65,81,69,29,55,89,52,80,31,60,61,46,23,85,34,66,88,74,60,16,41,80,55,1,30,52,35,19,79,4,84,45,88,38,33,81,19,53,31,75,47,6,6,20,56,44,87,28,78,39,19,42,58,42,72,51,72];[[0.5209484070219088,5.209484070219088,1.0],[0.42125020101147315,4.212502010114731,1.0],[0.22094517308324657,2.2094517308324657,1.0],[0.13033708391670573,1.3033708391670573,1.0],[0.48395776843282956,4.839577684328296,1.0],[0.6260889663051598,6.260889663051597,1.0],[0.6211218319323739,6.21121831932374,1.0],[0.707277595965894,7.07277595965894,1.0],[0.43539590023548325,4.3539590023548325,1.0],[0.04809800715767443,0.4809800715767443,1.0],[0.2254847064342842,2.254847064342842,1.0],[0.788548045160999,7.88548045160999,1.0],[0.42108890435006496,4.21088904350065,1.0],[0.5652029481252892,5.6520294812528915,1.0],[0.6764042610645917,6.764042610645918,1.0],[0.7568325816320766,7.568325816320765,1.0],[0.16251102322256883,1.6251102322256883,1.0],[0.4662293326345085,4.662293326345085,1.0],[0.652658580109924,6.526585801099239,1.0],[0.9348323542569703,9.348323542569704,1.0],[0.28093837261172117,2.8093837261172117,1.0],[0.9004772145836625,9.004772145836625,1.0],[0.848839594589838,8.48839594589838,1.0],[0.5244847531468491,5.244847531468491,1.0],[0.5786464188581003,5.786464188581003,1.0],[0.9355850494740874,9.355850494740874,1.0],[0.4401579992643663,4.401579992643663,1.0],[0.2893634937717525,2.8936349377175254,1.0],[0.7973797699194577,7.973797699194577,1.0],[0.10126138052386269,1.0126138052386269,1.0],[0.7187270677771636,7.187270677771636,1.0],[0.6449563433897082,6.449563433897082,1.0],[0.39126761491023665,3.9126761491023663,1.0],[0.9392975330999302,9.392975330999302,1.0],[0.609238184698229,6.09238184698229,1.0],[0.15484533159211777,1.5484533159211777,1.0],[0.41680311462661035,4.168031146266103,1.0],[0.9542543925010913,9.542543925010914,1.0],[0.08511902784380565,0.8511902784380565,1.0],[0.8102082222849146,8.102082222849146,1.0],[0.549048343145825,5.49048343145825,1.0],[0.797431305367372,7.974313053673719,1.0],[0.9212545834178625,9.212545834178625,1.0],[0.0840140116542355,0.840140116542355,1.0],[0.4271098529259699,4.2710985292596995,1.0],[0.4827049527125804,4.827049527125804,1.0],[0.4926248212853439,4.926248212853439,1.0],[0.8381214590808308,8.381214590808309,1.0],[0.06168361162523717,0.6168361162523717,1.0],[0.1800356634856508,1.800356634856508,1.0],[0.7512006320826361,7.5120063208263606,1.0],[0.8202315016053369,8.202315016053369,1.0],[0.9482269285705965,9.482269285705966,1.0],[0.09190024497370541,0.9190024497370541,1.0],[0.8275229129042858,8.275229129042858,1.0],[0.010223681010074426,0.10223681010074426,1.0],[0.7915178392051999,7.915178392051999,1.0],[0.23087148740184416,2.3087148740184418,1.0],[0.9176421264305312,9.176421264305311,1.0],[0.6337400704415804,6.3374007044158045,1.0],[0.4722514806957412,4.722514806957411,1.0],[0.15692662657496914,1.5692662657496914,1.0],[0.890455619982956,8.90455619982956,1.0],[0.3934374640442826,3.934374640442826,1.0],[0.9437473032889695,9.437473032889695,1.0],[0.027056184431497043,0.27056184431497043,1.0],[0.4303544994441807,4.303544994441807,1.0],[0.03986032371878334,0.3986032371878334,1.0],[0.27475171221519046,2.747517122151905,1.0],[0.9564909094852423,9.564909094852423,1.0],[0.3359902829981165,3.359902829981165,1.0],[0.04595304692857216,0.4595304692857216,1.0],[0.37548864135994087,3.754886413599409,1.0],[0.7100525719018224,7.100525719018224,1.0],[0.7195452743357282,7.195452743357283,1.0],[0.8188902738341958,8.188902738341957,1.0],[0.11659700681519214,1.1659700681519214,1.0],[0.5117406310798319,5.117406310798319,1.0],[0.4226359284361241,4.226359284361241,1.0],[0.4231179217423974,4.231179217423974,1.0],[0.5975978869418672,5.975978869418672,1.0],[0.10039657835066573,1.0039657835066573,1.0],[0.8661288460342442,8.661288460342442,1.0],[0.8262463782392978,8.262463782392977,1.0],[0.588405995089693,5.884059950896931,1.0],[0.302515462738837,3.0251546273883703,1.0],[0.031295122158443434,0.31295122158443434,1.0],[0.5757925091701167,5.757925091701167,1.0],[0.9545321496576605,9.545321496576605,1.0],[0.9649769610853548,9.649769610853548,1.0]]
0_BehnkeGeiger_60_workers.fjs;1900.3626451621572;317484;[23,33,544,564,643,217,237,525,535,702,481,493,532,578,883,389,414,431,546,845,181,208,301,318,482,213,229,260,439,682,352,380,396,525,746,104,292,409,481,604,279,300,321,334,614,98,114,144,212,230,71,359,369,446,793,30,78,342,469,672,240,252,271,365,452,0,20,55,351,823,373,392,409,514,659,493,516,550,567,706,364,376,394,424,436,305,411,451,539,790,470,501,516,548,595,0,11,321,359,850,392,469,548,592,719,424,440,567,586,648,145,267,285,550,581,131,367,392,416,782,11,23,505,523,694,289,300,327,349,363,22,32,157,375,550,300,316,392,441,512,229,255,523,538,779,57,420,446,514,775,420,558,588,610,792,443,470,490,520,747,293,305,330,349,419,384,409,460,512,563,42,71,103,271,492,218,229,246,261,625,249,558,583,611,806,449,465,495,522,581,380,427,470,483,869,163,192,218,462,733,334,352,527,569,684,126,146,171,436,713,173,201,212,330,356,243,348,405,575,667,121,149,163,296,311,130,317,385,475,758,186,206,219,257,288,53,78,144,431,544,409,444,464,552,580,33,373,511,583,758,206,267,468,523,585,343,370,489,507,553,0,30,163,291,696,342,355,373,408,475,276,313,329,505,539,100,126,173,186,646,322,378,404,450,532,0,71,329,523,613,72,314,369,583,769,328,342,374,392,610,165,186,523,569,749,167,192,292,464,567,228,240,257,508,837,355,373,386,460,523,342,364,391,507,673,415,443,469,481,721,397,415,456,496,809,147,391,446,475,807,255,276,436,450,491,295,389,420,436,504,89,104,125,165,591,30,171,189,458,563,300,448,481,506,734,79,434,608,621,654,201,235,267,349,812,229,243,260,481,496,56,79,114,139,494,475,520,548,561,856,32,56,83,425,722,98,213,311,340,394,252,276,291,349,478,149,367,389,526,621,316,326,340,523,825,326,343,364,412,694,146,163,192,429,444,112,131,184,412,445,376,389,425,450,467,114,130,443,469,523,20,410,464,493,540,407,420,505,536,671,263,289,314,333,345,452,493,513,564,627,319,342,385,523,773,275,295,335,513,836,201,310,491,522,645,451,483,505,535,772,234,249,276,299,462,78,325,410,530,629,208,237,322,334,443,370,424,491,508,711];[3,7,51,10,59,3,38,22,6,56,2,28,29,19,56,2,49,14,29,59,1,35,48,39,57,0,18,31,44,58,1,32,42,48,57,0,43,23,55,56,3,17,52,19,58,2,34,10,26,58,0,55,27,40,59,0,55,17,31,58,2,12,46,9,56,0,43,7,46,58,3,23,47,4,58,2,26,42,25,59,2,40,41,19,56,2,5,34,31,56,0,20,54,4,59,3,25,23,38,58,3,22,38,12,59,3,31,42,7,56,2,35,53,53,56,3,11,26,40,57,3,28,49,38,58,0,22,50,37,58,2,32,54,17,58,0,54,11,22,59,1,10,19,41,58,1,28,23,20,56,1,16,28,25,58,0,35,44,52,58,2,24,25,51,59,0,44,18,35,56,0,48,31,12,57,1,4,19,37,58,3,43,14,36,56,1,4,52,31,57,1,51,7,8,58,1,5,13,19,59,1,21,16,41,56,1,22,4,21,57,0,26,55,54,57,0,39,17,16,56,0,44,50,42,57,2,17,51,54,56,3,47,21,41,57,3,6,34,49,56,3,20,30,34,58,3,35,44,43,57,3,55,15,34,59,0,22,22,50,56,1,5,44,23,57,3,35,37,28,59,2,46,35,52,59,1,54,50,20,57,1,25,20,19,56,2,38,46,53,59,1,36,38,13,58,2,31,48,21,57,3,15,49,37,59,2,38,46,49,57,2,23,6,8,57,3,39,29,23,58,2,31,43,22,59,0,15,55,13,58,0,54,44,48,57,3,31,54,45,59,1,42,19,52,56,1,46,21,34,56,0,28,8,13,58,1,22,33,40,59,3,48,43,29,57,2,25,12,26,59,2,35,43,50,58,0,31,23,48,59,2,49,21,11,58,3,30,12,12,56,2,16,40,54,56,3,38,42,55,59,2,48,48,25,56,0,46,28,4,57,0,27,52,13,59,0,24,48,46,59,1,5,8,20,58,3,41,44,22,59,2,5,48,49,57,2,48,41,11,57,0,21,20,49,57,1,25,23,44,57,0,36,33,29,57,2,13,16,4,59,3,9,22,51,59,1,47,36,13,56,0,47,31,36,58,3,7,12,13,57,3,51,7,5,58,3,36,51,23,56,1,40,24,32,57,0,41,25,51,58];[9,36,87,51,73,34,26,76,73,87,37,37,0,3,13,43,35,8,45,58,40,6,79,46,83,89,87,61,85,20,74,60,88,52,8,63,31,76,53,10,78,80,67,18,60,57,81,55,80,31,88,77,45,29,89,38,72,30,36,66,54,78,74,25,72,28,84,3,73,55,68,14,11,48,8,78,19,33,9,63,36,40,24,54,35,17,75,80,6,24,65,48,78,38,46,39,82,10,67,32,47,23,3,34,82,80,88,50,81,35,61,38,16,25,21,51,73,74,77,85,61,79,61,31,60,24,88,69,44,7,41,87,15,42,35,15,39,56,12,67,71,67,37,69,7,53,40,77,85,38,51,30,51,36,64,16,43,31,14,12,37,45,39,10,63,66,14,64,58,62,38,17,18,18,42,36,67,77,82,50,13,72,72,22,23,64,35,79,89,26,83,41,16,56,82,79,52,11,42,34,72,27,72,87,33,23,6,26,82,10,29,30,73,30,89,0,59,22,83,54,48,27,37,77,84,50,58,19,11,8,5,42,60,87,82,72,39,83,3,62,39,15,5,22,2,2,10,42,74,28,34,28,63,44,61,17,19,1,70,67,40,57,47,67,50,47,61,46,34,84,12,19,24,16,20,74,10,86,3,28,35,44,21,55,12,27,38,50,25,39,41,78,56,9,78,47,63,0,55,53,73,73,83,69,64,41,20,43,48,36,38,58,69,74,39,16,62,89,10,33,43,49,87,79,36,70,73,24,49,20,66,20,87,18,85,21,76,84,74,52,27,59,27,23,3,75,71,0,1,57,21,35,68,21,32,75,20,68,51,77,29,37,87,82,87,77,25,89,83,61,29,28,52,18,48,33,32,63,20,58,22,84,57,34,44,10,16,57,8,17,40,74,78,53,4,81,35,66,67,40,59,41,65,26,27,44,20,41,3,48,38,62,28,59,71,40,40,12,84,23,47,23,51,17,4,66,12,28,46,28,18,4,20,26,50,82,1,24,70,61,58,26,17,39,34,69,10,39,86,86,65,7,52,64,24,35,13,7,56,75,54,20,16,46,40,3,76,14,37,23,55,49,45,23,63,41,77,38,10,71,69,79,4,36,57,6,83,28,5,41,50,35,79,76,56,22,56,27,25,18];[[0.49734142093980327,4.973414209398033,1.0],[0.35999045686025677,3.5999045686025677,1.0],[0.7220617567237175,7.220617567237175,1.0],[0.44672126724761885,4.4672126724761885,1.0],[0.4533596515962979,4.533596515962978,1.0],[0.025925678678183073,0.25925678678183073,1.0],[0.33490089376309407,3.3490089376309404,1.0],[0.4755440242737675,4.755440242737675,1.0],[0.45132356511490823,4.513235651149082,1.0],[0.08788974506102976,0.8788974506102976,1.0],[0.29509671683068217,2.9509671683068217,1.0],[0.33863234208051063,3.3863234208051063,1.0],[0.9020959027552419,9.020959027552419,1.0],[0.7173473735926632,7.173473735926632,1.0],[0.8986159167700656,8.986159167700656,1.0],[0.032997165944182005,0.32997165944182005,1.0],[0.2284682145918675,2.284682145918675,1.0],[0.5381470661357333,5.381470661357333,1.0],[0.06127510457974772,0.6127510457974772,1.0],[0.22935566071129299,2.29355660711293,1.0],[0.5598162304796008,5.598162304796008,1.0],[0.0008471767611641923,0.008471767611641923,1.0],[0.3920352782519039,3.9203527825190387,1.0],[0.03133523867093202,0.3133523867093202,1.0],[0.24056870266164254,2.4056870266164254,1.0],[0.8953787890847891,8.953787890847892,1.0],[0.3866575811855242,3.866575811855242,1.0],[0.26785644445085033,2.6785644445085035,1.0],[0.9113672758007916,9.113672758007915,1.0],[0.8561689403543553,8.561689403543554,1.0],[0.2548634438031525,2.548634438031525,1.0],[0.42717855363332036,4.271785536333203,1.0],[0.19719480126070077,1.9719480126070077,1.0],[0.7644816954164836,7.644816954164836,1.0],[0.45421054829626994,4.5421054829626994,1.0],[0.7701442479976394,7.701442479976394,1.0],[0.7544956928280053,7.544956928280053,1.0],[0.1329370279333042,1.329370279333042,1.0],[0.13608412133420567,1.3608412133420567,1.0],[0.7421993063471702,7.421993063471702,1.0],[0.8710335288246386,8.710335288246386,1.0],[0.18118149060958277,1.8118149060958277,1.0],[0.8581563188196332,8.581563188196332,1.0],[0.2027449363975372,2.0274493639753723,1.0],[0.3410290736485122,3.410290736485122,1.0],[0.6372290727852594,6.372290727852594,1.0],[0.14905275813887664,1.4905275813887664,1.0],[0.5109099957893487,5.109099957893487,1.0],[0.4352931558109894,4.352931558109894,1.0],[0.09760732352088275,0.9760732352088275,1.0],[0.05941930181032895,0.5941930181032895,1.0],[0.4305054409800979,4.305054409800979,1.0],[0.5024944042408487,5.024944042408487,1.0],[0.5079732331603702,5.079732331603703,1.0],[0.0640695575730742,0.640695575730742,1.0],[0.43169459272424404,4.316945927242441,1.0],[0.9774036975897298,9.774036975897298,1.0],[0.7083743064187731,7.083743064187731,1.0],[0.3236585836720067,3.2365858367200673,1.0],[0.6948341495565338,6.948341495565337,1.0],[0.3959747672493763,3.959747672493763,1.0],[0.5702020071109615,5.702020071109615,1.0],[0.1273830425097976,1.273830425097976,1.0],[0.0022121200251274953,0.022121200251274953,1.0],[0.7082383894336587,7.082383894336587,1.0],[0.46105048814669625,4.610504881466962,1.0],[0.048724340958554824,0.48724340958554824,1.0],[0.9996141487513373,9.996141487513373,1.0],[0.6273821455013189,6.273821455013189,1.0],[0.2348624347451349,2.348624347451349,1.0],[0.5041148841596441,5.041148841596441,1.0],[0.8039409645464441,8.039409645464442,1.0],[0.47932085049134165,4.793208504913417,1.0],[0.70795730946113,7.0795730946113,1.0],[0.007554994577610108,0.07554994577610108,1.0],[0.8007158968273879,8.00715896827388,1.0],[0.5714645581344422,5.714645581344422,1.0],[0.3553516990323421,3.5535169903234207,1.0],[0.4109500828077237,4.109500828077238,1.0],[0.8741229133056294,8.741229133056294,1.0],[0.9420210435021625,9.420210435021625,1.0],[0.30280487290994307,3.0280487290994307,1.0],[0.8284132151265241,8.284132151265242,1.0],[0.3304643624332526,3.304643624332526,1.0],[0.5345490821912385,5.345490821912385,1.0],[0.05846257531970078,0.5846257531970078,1.0],[0.3640608639017009,3.640608639017009,1.0],[0.4918937375846536,4.918937375846536,1.0],[0.05273726661906186,0.5273726661906186,1.0],[0.9082050684613338,9.082050684613337,1.0]]
0_BehnkeGeiger_60_workers.fjs;1821.7448590268339;361896;[108,117,142,408,546,68,85,453,472,685,189,200,618,631,777,211,233,365,484,635,246,326,375,396,606,163,283,378,494,595,380,406,442,468,488,102,117,369,386,529,305,464,561,585,685,255,300,313,389,401,274,342,394,566,618,353,363,386,414,449,426,517,539,605,639,52,90,107,322,427,343,631,653,682,712,512,542,554,576,672,233,247,260,401,520,131,203,497,519,585,79,256,440,635,733,0,301,331,386,404,0,23,36,157,412,289,309,537,558,672,300,327,342,359,424,269,297,313,337,494,46,358,376,585,789,90,107,521,654,802,79,102,126,421,536,181,305,635,658,791,181,233,248,469,607,309,341,358,420,480,219,345,575,605,645,431,455,564,690,767,297,308,365,375,447,40,53,71,403,610,103,122,133,575,620,466,477,493,521,818,117,147,184,199,226,323,361,381,434,644,171,214,233,508,813,215,255,319,427,440,161,177,203,248,264,282,389,561,578,689,61,83,260,283,509,455,473,499,523,539,0,271,301,414,469,204,301,326,403,434,323,343,368,608,747,147,226,318,536,782,260,370,469,509,552,147,181,268,479,849,250,382,473,493,842,321,344,359,374,824,296,305,476,495,836,56,68,83,313,378,79,210,230,581,729,411,499,509,636,795,23,158,337,424,706,53,79,93,115,132,46,115,128,449,814,228,255,453,535,581,166,399,448,513,751,384,406,433,449,721,0,17,40,392,744,384,420,440,456,731,359,512,542,568,712,416,426,441,453,834,450,466,477,554,703,31,166,186,317,463,107,131,171,198,396,483,492,508,520,619,236,399,455,547,593,13,74,248,448,776,247,269,281,312,356,122,140,228,424,469,363,384,412,424,481,200,224,519,532,561,344,353,386,410,623,362,395,420,488,852,117,147,608,664,818,17,31,142,664,789,85,108,449,600,836,140,383,493,592,682,473,483,497,523,766,35,52,74,356,472,198,215,231,459,656,35,46,449,464,666,156,171,374,508,755,177,198,359,386,555,224,250,271,333,359,327,338,365,483,514,337,412,477,490,585,274,297,319,341,490,492,512,539,554,823,308,421,523,544,586,90,103,312,373,399,275,296,337,538,572,347,464,605,621,667,338,359,369,389,557,406,433,459,479,506,27,339,445,472,498];[3,55,41,45,58,3,51,32,16,58,3,31,28,14,59,1,15,51,48,58,2,9,15,43,56,1,51,30,28,58,1,13,43,32,56,0,4,52,12,57,0,43,51,17,56,0,32,19,27,57,2,30,24,41,57,0,44,16,18,56,1,15,46,35,56,1,55,54,53,57,3,28,53,38,56,0,7,4,9,57,1,51,48,27,58,2,5,19,29,58,2,31,38,37,59,2,23,23,42,59,1,55,35,40,58,2,9,17,42,58,1,33,17,53,59,1,14,32,40,58,3,12,14,51,57,2,11,49,4,56,0,12,36,8,59,1,51,41,29,56,2,35,55,40,58,2,12,20,21,58,2,39,5,28,59,0,47,46,53,58,3,26,15,49,59,0,53,8,30,59,1,51,18,29,58,1,15,49,36,57,3,43,40,36,57,2,6,24,44,57,2,50,7,5,59,0,15,13,38,58,0,5,17,29,59,1,20,19,24,59,2,34,51,11,57,0,34,54,17,56,0,23,29,16,59,2,28,48,44,56,3,42,23,4,58,0,48,26,49,56,3,20,21,34,59,3,20,35,43,56,3,53,20,31,59,0,33,11,9,58,0,39,8,21,58,3,34,41,31,56,1,31,5,41,56,0,34,41,4,59,1,36,54,37,57,0,48,46,44,59,2,46,47,33,58,0,32,48,5,57,3,39,12,31,59,3,38,45,7,58,3,25,42,9,57,0,49,31,20,57,1,28,43,22,59,1,32,48,24,57,1,54,28,7,58,3,31,16,39,58,2,40,43,49,56,0,5,55,35,59,2,4,10,29,57,2,22,35,8,57,1,28,46,53,57,1,31,31,25,57,0,25,37,50,57,3,30,19,51,56,0,45,52,17,56,3,49,40,50,59,0,12,41,53,56,3,44,55,38,58,3,7,50,51,56,1,45,15,9,57,0,19,37,54,57,1,22,39,22,56,0,26,10,16,58,2,43,45,36,59,2,6,11,48,56,0,48,33,44,57,3,23,22,51,56,1,15,50,36,56,2,25,54,30,59,3,13,12,6,59,0,10,11,20,59,3,43,44,19,56,1,45,46,39,58,0,24,22,41,57,2,50,5,5,56,1,52,27,21,58,1,16,21,32,59,0,48,25,48,57];[5,62,58,7,28,34,60,79,11,62,3,25,13,22,67,74,64,74,65,72,31,49,80,38,78,60,42,55,11,76,24,32,3,32,3,29,12,84,10,76,25,84,4,15,86,42,27,35,36,42,56,27,20,24,65,84,57,70,46,85,53,59,48,26,62,74,30,76,14,12,32,5,40,12,89,2,32,43,69,30,5,14,54,2,72,13,63,39,45,64,77,17,82,28,13,57,7,36,57,84,31,53,60,43,1,82,47,8,33,73,12,84,8,3,37,33,75,69,23,28,28,39,13,59,77,52,11,61,9,84,56,24,10,38,7,80,20,73,14,76,48,74,34,4,44,29,89,16,85,80,61,21,26,66,57,40,62,31,23,85,77,53,82,62,61,56,45,66,65,43,10,66,81,72,71,21,63,89,84,50,9,79,52,16,47,4,65,72,66,27,69,66,85,86,64,46,21,56,26,17,78,51,78,72,86,27,82,16,32,41,1,53,43,16,35,70,51,83,1,15,6,67,24,47,60,6,67,75,67,68,29,9,31,2,59,22,72,5,73,52,41,20,57,37,27,29,60,59,84,65,58,31,14,72,61,3,52,79,48,62,50,88,64,32,48,30,23,5,27,27,30,70,21,2,12,61,51,54,45,46,3,76,69,63,63,49,18,63,63,11,1,89,86,68,2,43,2,29,36,35,83,51,38,74,20,78,0,64,34,4,17,41,63,29,42,8,57,60,33,62,41,65,85,28,74,35,39,79,65,10,16,28,21,17,28,19,29,66,50,83,75,33,10,67,49,32,60,50,49,14,2,15,40,26,18,24,17,32,8,80,37,65,72,89,4,82,5,46,44,61,47,75,28,76,46,86,88,44,89,45,14,6,85,49,0,51,41,2,85,2,18,89,28,58,75,81,82,25,40,40,57,41,41,35,84,8,25,43,46,42,0,45,47,88,52,80,61,76,81,76,40,33,25,37,0,51,33,28,41,60,77,38,46,66,41,63,75,63,88,61,7,15,0,33,55,44,74,87,70,6,53,75,24,68,19,75,33,8,13,18,5,48,35,77,68,4,78,83,55,70,48,58,43,15,69,57,41,4,50,39,3,78,89,43,46,88,53,68,83,22,9,30,4,75,30,40,0,86,58,49];[[0.4211249061401,4.211249061401,1.0],[0.9761073344853062,9.761073344853061,1.0],[0.6132800246752349,6.132800246752349,1.0],[0.6930423279788359,6.930423279788359,1.0],[0.5088628354481554,5.088628354481553,1.0],[0.18781156668551158,1.8781156668551158,1.0],[0.830121874145001,8.301218741450011,1.0],[0.8449241651217704,8.449241651217704,1.0],[0.20962821201639004,2.0962821201639006,1.0],[0.6505169872996391,6.505169872996391,1.0],[0.7003316191510263,7.003316191510263,1.0],[0.7150339547653067,7.150339547653068,1.0],[0.8091072451390076,8.091072451390076,1.0],[0.8451978833841938,8.451978833841938,1.0],[0.3695849781386673,3.695849781386673,1.0],[0.5056149902637381,5.056149902637381,1.0],[0.7206140757071586,7.206140757071586,1.0],[0.14319015826691817,1.4319015826691817,1.0],[0.026697115061789622,0.2669711506178962,1.0],[0.15341588178909327,1.5341588178909327,1.0],[0.8363432326370349,8.363432326370349,1.0],[0.3246336983988545,3.2463369839885448,1.0],[0.3029175030516511,3.029175030516511,1.0],[0.11785699745257816,1.1785699745257816,1.0],[0.12094663440427922,1.2094663440427922,1.0],[0.9680758098639723,9.680758098639723,1.0],[0.05051541232897139,0.5051541232897139,1.0],[0.9837100378798541,9.83710037879854,1.0],[0.5522705914806934,5.5227059148069335,1.0],[0.2474360532702261,2.474360532702261,1.0],[0.015934056387660878,0.15934056387660878,1.0],[0.8816507734170083,8.816507734170083,1.0],[0.38970094386643916,3.8970094386643916,1.0],[0.948399003178236,9.48399003178236,1.0],[0.05851121780149349,0.5851121780149349,1.0],[0.7974936305528121,7.974936305528121,1.0],[0.6609068549274018,6.609068549274017,1.0],[0.8088394062462949,8.08839406246295,1.0],[0.4910678923283146,4.910678923283146,1.0],[0.7183875619927151,7.183875619927152,1.0],[0.44010133419268005,4.4010133419268005,1.0],[0.23511737188381732,2.351173718838173,1.0],[0.13179454335673724,1.3179454335673724,1.0],[0.47235541919868507,4.7235541919868504,1.0],[0.736485892218076,7.36485892218076,1.0],[0.020512092588616526,0.20512092588616526,1.0],[0.15372078110124265,1.5372078110124265,1.0],[0.9186126274153484,9.186126274153484,1.0],[0.5327250835103642,5.327250835103642,1.0],[0.5544157030510064,5.544157030510064,1.0],[0.6069379100604821,6.069379100604822,1.0],[0.14801757270189186,1.4801757270189186,1.0],[0.4404344830924649,4.404344830924649,1.0],[0.38949638513061857,3.8949638513061857,1.0],[0.720992959617223,7.20992959617223,1.0],[0.48989961614799515,4.8989961614799515,1.0],[0.6559321524303485,6.559321524303485,1.0],[0.9188878069642079,9.18887806964208,1.0],[0.48657298069770416,4.865729806977042,1.0],[0.7972300829849082,7.972300829849082,1.0],[0.5639219663957465,5.639219663957466,1.0],[0.961016524120257,9.61016524120257,1.0],[0.47644799508871905,4.764479950887191,1.0],[0.24879011707166054,2.487901170716605,1.0],[0.9490182751915078,9.490182751915079,1.0],[0.7422259987799357,7.4222599877993565,1.0],[0.14336464132504567,1.4336464132504567,1.0],[0.3587815743778219,3.5878157437782185,1.0],[0.4933829199950983,4.933829199950983,1.0],[0.05388988630637248,0.5388988630637248,1.0],[0.218161652046843,2.18161652046843,1.0],[0.11036855637231835,1.1036855637231835,1.0],[0.11019665525187328,1.1019665525187328,1.0],[0.08321860713308704,0.8321860713308704,1.0],[0.8548431956714836,8.548431956714836,1.0],[0.8379786013676603,8.379786013676604,1.0],[0.49692456318177003,4.9692456318177,1.0],[0.3383418526610099,3.3834185266100993,1.0],[0.8847267085145368,8.847267085145369,1.0],[0.7727073339099483,7.727073339099483,1.0],[0.4378611007868425,4.378611007868425,1.0],[0.36357237359531624,3.6357237359531624,1.0],[0.9993128545514127,9.993128545514127,1.0],[0.011407353725907177,0.11407353725907177,1.0],[0.683883535316853,6.8388353531685295,1.0],[0.5777677015169478,5.777677015169478,1.0],[0.279572135569809,2.79572135569809,1.0],[0.5251374991808218,5.251374991808218,1.0],[0.19595099082337364,1.9595099082337364,1.0],[0.6934430548580864,6.934430548580864,1.0]]
0_BehnkeGeiger_60_workers.fjs;1842.2948713126573;556440;[0,219,340,407,422,225,411,437,472,523,291,365,510,524,588,26,323,340,363,379,453,480,510,559,586,425,450,480,569,630,380,423,437,566,733,319,341,354,531,671,196,215,559,601,786,57,247,270,519,614,75,97,130,290,407,326,412,445,473,500,152,344,556,619,653,270,299,323,359,373,108,322,398,443,703,212,249,433,444,470,585,597,636,657,781,132,238,489,519,702,574,585,596,619,663,441,453,470,493,536,378,413,447,495,515,86,110,466,485,549,391,411,423,519,568,249,474,489,573,842,443,472,621,644,844,34,44,525,601,676,320,342,453,497,558,77,106,128,270,468,0,166,235,254,521,378,391,513,544,627,11,34,270,341,387,29,52,80,215,244,269,320,441,487,858,359,368,460,590,758,299,326,343,380,603,211,234,321,470,638,411,441,538,556,716,193,333,355,469,805,97,132,355,369,822,282,299,313,341,445,551,585,599,608,639,44,64,430,455,657,393,412,423,434,453,376,403,430,448,491,411,497,605,621,662,443,479,497,573,827,493,522,547,576,747,460,474,497,516,544,365,380,419,447,847,340,394,445,485,534,172,196,444,461,755,341,363,380,576,745,215,225,238,345,826,234,306,458,559,718,234,411,423,497,597,196,422,449,484,518,306,319,516,585,698,244,269,290,313,332,197,212,238,319,345,236,547,562,587,612,284,470,488,595,846,70,330,340,354,479,403,425,504,525,802,51,70,260,531,683,412,430,528,546,813,167,323,448,562,761,245,267,403,496,583,348,376,419,590,640,130,151,299,398,620,134,158,364,396,423,368,378,571,716,795,154,177,382,412,532,97,423,440,466,484,64,354,503,521,700,110,380,398,411,428,325,348,535,558,583,224,244,296,470,492,265,291,306,440,513,27,49,325,528,750,116,130,141,166,348,0,237,373,516,560,299,325,446,547,724,450,460,480,544,642,261,270,281,563,738,177,193,219,379,610,267,413,448,480,496,342,365,438,583,656,106,332,356,455,764,130,291,311,489,566,46,57,73,102,125,158,167,180,340,423,52,75,470,587,684,10,29,256,288,433,178,196,290,423,449,0,11,449,461,489,522,551,569,591,825,438,460,486,506,773,151,196,207,378,716,363,493,553,581,801,480,493,558,599,791];[3,33,20,15,56,0,50,4,46,59,0,30,29,33,56,2,20,37,23,58,2,14,13,17,58,1,38,35,36,59,0,4,17,21,56,3,26,21,13,57,0,35,53,17,57,1,33,8,25,57,3,42,25,18,58,2,45,5,31,56,1,43,8,18,57,2,20,6,32,57,2,55,28,18,58,2,27,29,10,57,2,44,6,19,56,1,5,54,31,56,2,20,18,6,59,2,53,22,49,59,3,29,39,46,58,0,51,42,26,56,2,34,19,54,57,2,39,5,41,56,1,23,30,43,57,0,5,48,15,58,0,50,4,13,58,1,36,17,18,58,1,32,41,41,56,2,55,23,21,58,0,4,33,15,57,3,32,47,52,58,1,24,45,13,58,2,10,17,34,58,2,49,36,12,57,3,6,36,53,57,2,43,8,28,59,3,6,19,43,59,2,51,6,12,58,1,7,15,16,58,2,23,54,49,56,0,38,40,13,58,3,4,55,55,56,1,40,25,6,58,0,29,30,22,57,3,17,51,48,56,2,11,23,25,57,0,52,21,17,57,0,15,39,33,58,2,16,35,42,58,0,52,29,47,56,3,48,37,34,58,0,5,42,9,57,3,32,49,54,56,2,14,5,53,59,1,15,42,40,57,3,13,39,17,57,1,28,43,54,59,2,48,10,32,57,0,11,7,30,56,3,37,9,36,59,2,36,42,33,56,1,42,48,8,57,2,7,12,17,56,3,7,23,53,56,2,23,25,11,57,3,55,18,26,59,1,16,18,11,58,0,53,50,48,59,2,50,20,32,57,2,28,8,13,56,3,11,45,38,56,3,34,54,54,57,0,26,14,51,59,0,48,14,48,59,1,29,25,48,57,1,18,55,10,59,0,32,26,34,59,1,4,43,52,59,3,30,23,18,59,2,12,32,21,59,1,9,19,41,57,0,16,55,54,59,2,23,36,41,59,3,33,12,23,58,3,28,31,38,57,0,7,42,50,56,1,28,45,40,59,3,36,30,39,56,1,49,15,29,56,2,25,38,30,58,3,45,36,7,59,3,11,10,50,56,1,22,28,14,57,0,27,55,36,56,2,36,23,41,59,0,32,29,5,58,0,37,41,21,58,3,22,43,40,58,2,48,25,23,59];[9,80,38,32,41,52,49,63,87,49,65,53,88,79,53,60,76,86,79,57,37,55,68,49,33,60,71,17,74,37,49,6,41,22,62,4,64,51,48,40,76,32,35,4,42,59,21,1,15,85,80,30,5,77,33,78,78,74,74,26,85,18,31,42,74,79,32,9,43,31,31,29,22,89,8,30,63,84,57,27,51,22,46,71,40,75,50,15,81,3,75,2,18,45,87,66,56,80,22,43,22,22,34,79,41,48,14,45,42,5,77,77,26,53,44,7,15,89,82,23,87,38,55,68,84,76,8,11,44,55,10,65,81,63,65,38,40,77,30,7,70,38,13,68,4,60,40,37,60,83,73,43,42,54,73,10,17,26,16,12,64,65,10,44,74,44,11,10,72,51,13,67,17,15,76,72,36,72,4,79,76,67,34,39,28,82,77,74,88,11,16,72,29,35,49,35,64,1,69,44,84,76,31,79,47,55,2,27,48,0,87,87,69,7,86,17,45,30,18,83,38,50,6,5,58,60,77,0,59,33,56,65,89,70,86,39,3,11,78,24,64,29,17,13,34,43,54,46,24,59,16,0,62,47,61,83,37,12,86,77,12,33,55,6,44,43,61,89,26,23,63,46,37,32,60,88,59,26,20,60,71,89,80,8,15,42,48,26,57,28,1,75,83,37,36,26,51,41,1,8,3,46,18,29,26,64,35,25,72,12,13,71,84,36,51,7,4,16,52,27,7,16,20,54,63,47,32,55,18,24,89,44,17,9,15,0,27,64,16,83,3,26,53,7,28,16,78,55,33,40,19,19,68,8,63,20,39,44,88,27,11,57,43,35,9,45,14,13,47,25,5,32,27,16,65,48,85,35,15,20,0,14,17,51,37,32,7,72,12,2,58,50,31,37,14,86,19,38,35,23,60,74,71,8,38,31,79,80,81,55,0,28,8,49,37,76,19,14,37,83,0,35,1,4,40,49,44,30,69,45,8,42,54,44,17,41,57,3,58,0,81,84,45,34,14,76,72,75,68,32,30,68,14,89,46,0,33,22,87,83,36,26,61,23,14,55,56,81,85,78,78,37,38,9,33,21,17,8,55,69,71,0,0,23,14,6,38,11,36,37,13,2,79,11,28,23,71,86,50,72];[[0.4831103964860096,4.831103964860096,1.0],[0.9021829992468611,9.02182999246861,1.0],[0.5374571935128641,5.374571935128642,1.0],[0.8761340971511191,8.761340971511192,1.0],[0.573156942708234,5.7315694270823405,1.0],[0.994523847851402,9.945238478514021,1.0],[0.3574465703190305,3.574465703190305,1.0],[0.6617299629663892,6.617299629663892,1.0],[0.4882872262788658,4.882872262788657,1.0],[0.5726412824777106,5.726412824777106,1.0],[0.32388398325139345,3.2388398325139347,1.0],[0.8072354510963532,8.072354510963532,1.0],[0.8087324055796944,8.087324055796945,1.0],[0.660852452150834,6.60852452150834,1.0],[0.5802577271631468,5.802577271631469,1.0],[0.04408639890691246,0.4408639890691246,1.0],[0.7725635994624831,7.725635994624831,1.0],[0.340181488474281,3.4018148847428096,1.0],[0.09506024617702258,0.9506024617702258,1.0],[0.23214768683087816,2.321476868308782,1.0],[0.29508457816293987,2.9508457816293987,1.0],[0.12277001052286385,1.2277001052286385,1.0],[0.47347375902937305,4.73473759029373,1.0],[0.8739362489567938,8.739362489567938,1.0],[0.5942988909169951,5.942988909169951,1.0],[0.3932636751035087,3.932636751035087,1.0],[0.356262027818981,3.5626202781898098,1.0],[0.8443312190299666,8.443312190299665,1.0],[0.7137768111623821,7.137768111623821,1.0],[0.541649960332778,5.416499603327781,1.0],[0.26577494883360064,2.657749488336006,1.0],[0.9303686520183944,9.303686520183943,1.0],[0.6647036321879223,6.647036321879223,1.0],[0.8481261874486201,8.4812618744862,1.0],[0.2743023069142022,2.743023069142022,1.0],[0.5987856125347181,5.9878561253471805,1.0],[0.4569423976865593,4.569423976865593,1.0],[0.33213605365278576,3.3213605365278576,1.0],[0.81263475330977,8.1263475330977,1.0],[0.5964941538505839,5.964941538505839,1.0],[0.9947889064585738,9.947889064585738,1.0],[0.8287071581836081,8.28707158183608,1.0],[0.018381501525532307,0.18381501525532307,1.0],[0.6100637867915101,6.1006378679151005,1.0],[0.28754239195595754,2.8754239195595757,1.0],[0.7986732822669409,7.986732822669409,1.0],[0.8174504530922707,8.174504530922707,1.0],[0.18940839630142858,1.8940839630142858,1.0],[0.9250951518484526,9.250951518484525,1.0],[0.5373164168533412,5.373164168533412,1.0],[0.8365277849121914,8.365277849121913,1.0],[0.6316914250178033,6.316914250178033,1.0],[0.15184034432706983,1.5184034432706983,1.0],[0.5281662867111906,5.281662867111906,1.0],[0.4583451302924175,4.583451302924175,1.0],[0.04230631300605814,0.4230631300605814,1.0],[0.1258096578607567,1.258096578607567,1.0],[0.06582033812283716,0.6582033812283716,1.0],[0.897419605140406,8.97419605140406,1.0],[0.47272098686609687,4.727209868660969,1.0],[0.19003538760239747,1.9003538760239747,1.0],[0.34250509114102723,3.4250509114102723,1.0],[0.22496847931809727,2.2496847931809727,1.0],[0.293396880055004,2.9339688005500397,1.0],[0.3753743367942156,3.753743367942156,1.0],[0.4599736060992935,4.599736060992935,1.0],[0.47948809501936374,4.794880950193638,1.0],[0.958573092010442,9.585730920104421,1.0],[0.03253904300604349,0.3253904300604349,1.0],[0.4348005170756857,4.348005170756856,1.0],[0.24880188012436077,2.4880188012436077,1.0],[0.93408987269609,9.3408987269609,1.0],[0.35770560301992216,3.5770560301992216,1.0],[0.22393216152842832,2.2393216152842834,1.0],[0.8671870642757824,8.671870642757824,1.0],[0.20511903908208484,2.0511903908208486,1.0],[0.5992675664028208,5.992675664028208,1.0],[0.6786791129322917,6.786791129322917,1.0],[0.9375637812513765,9.375637812513766,1.0],[0.3890912025981019,3.8909120259810193,1.0],[0.6288767973577327,6.288767973577327,1.0],[0.36699471368723124,3.669947136872312,1.0],[0.04690020251623861,0.4690020251623861,1.0],[0.8490856184138454,8.490856184138455,1.0],[0.8901673736704244,8.901673736704245,1.0],[0.9161787126503858,9.161787126503857,1.0],[0.1131043999360144,1.131043999360144,1.0],[0.7774537080224232,7.774537080224232,1.0],[0.03095965729693917,0.3095965729693917,1.0],[0.03970963579151632,0.3970963579151632,1.0]]
0_BehnkeGeiger_60_workers.fjs;1904.3668231261267;338040;[184,228,468,609,873,210,229,240,260,433,0,12,23,240,270,466,548,572,589,675,134,260,269,290,447,253,472,490,542,880,307,423,445,472,521,0,388,465,501,869,108,257,273,340,828,368,471,549,578,755,376,391,457,532,811,148,422,530,555,803,54,72,84,466,731,296,317,399,414,583,364,453,551,584,678,349,408,419,532,548,186,204,219,250,272,472,495,569,593,635,330,356,380,505,644,391,434,454,484,608,175,411,429,479,582,87,150,283,446,528,402,457,531,583,815,208,220,486,501,712,229,239,255,272,461,22,36,250,276,346,130,157,312,340,504,295,353,392,434,744,384,544,569,604,703,239,265,288,562,716,48,70,85,109,791,356,376,408,501,698,292,307,444,520,546,257,397,419,444,666,250,267,472,516,769,112,123,215,424,493,0,56,484,523,683,38,172,204,340,516,158,175,272,323,355,204,371,413,546,723,229,250,267,276,642,312,330,374,397,424,317,345,360,454,465,345,364,454,479,609,144,157,189,285,501,194,296,324,553,629,37,70,323,516,769,382,396,423,463,557,267,396,429,509,850,275,295,309,337,550,265,492,507,519,568,264,380,396,434,691,138,148,204,286,314,421,444,457,511,646,198,423,519,537,599,355,382,603,630,855,243,267,317,383,479,109,130,376,454,740,0,28,50,72,453,109,138,324,351,379,121,240,495,542,670,334,355,375,410,479,242,257,314,597,618,419,437,457,489,544,90,109,235,444,739,437,507,530,699,852,66,82,111,122,379,70,87,122,380,427,289,312,338,353,662,80,111,128,481,572,270,287,392,452,708,220,338,359,489,699,90,275,375,633,756,157,345,569,597,800,164,377,392,486,565,283,296,484,505,657,12,38,206,414,642,70,90,255,271,512,421,453,519,650,873,316,338,351,614,841,45,452,484,507,799,340,356,501,618,825,331,468,489,572,795,28,85,95,495,784,453,472,495,644,883,217,242,514,546,755,66,150,172,199,620,403,417,450,535,783,157,351,380,568,776,21,37,48,133,473,495,521,532,544,726,195,208,273,414,445,36,56,150,247,520,56,222,244,257,507,175,186,433,501,603,521,557,569,593,782,411,510,537,576,814,417,492,514,524,590,134,144,157,175,396,123,134,175,512,841];[3,16,15,52,59,1,4,20,12,58,2,31,39,4,57,3,25,8,14,59,2,20,13,47,57,2,52,27,42,56,1,29,52,10,59,3,5,54,52,58,2,16,37,17,56,3,32,6,17,59,2,6,24,47,56,0,30,19,16,57,2,15,46,27,58,0,9,23,36,58,0,48,44,5,58,3,7,34,25,58,0,47,11,6,56,0,47,5,30,58,2,21,45,32,56,2,54,20,43,56,1,45,35,29,57,0,50,40,50,56,3,34,42,52,59,2,8,52,41,57,3,41,31,20,59,3,26,50,54,58,3,32,54,14,57,3,5,31,52,56,3,10,41,43,58,3,47,22,21,58,0,27,11,17,57,2,34,44,54,59,1,26,27,48,59,0,40,39,32,59,1,48,38,31,58,1,4,51,54,58,0,42,19,29,56,2,5,54,18,56,0,51,6,30,57,0,23,15,17,59,1,35,54,21,57,2,27,40,54,57,0,52,23,54,58,0,6,5,14,58,1,53,55,43,56,3,48,18,21,56,0,10,20,27,57,1,29,52,19,58,1,21,21,35,57,3,35,46,41,57,3,53,37,12,58,2,21,7,5,58,0,34,5,20,56,1,34,55,38,58,1,27,54,44,59,1,13,30,55,59,2,29,31,19,57,3,51,5,39,59,1,47,15,19,58,0,39,48,33,56,2,50,48,51,57,1,38,9,30,59,0,17,20,10,57,3,24,12,15,56,3,7,51,39,57,3,34,48,28,56,1,5,19,44,58,0,25,19,15,59,2,33,55,50,58,2,5,15,35,59,0,21,15,29,56,2,22,51,26,57,1,50,38,52,57,1,4,10,23,58,2,50,38,50,57,0,30,32,49,56,2,16,16,23,59,3,30,41,51,58,0,26,37,52,57,3,33,40,10,58,1,19,48,42,56,2,19,31,21,57,3,26,34,18,59,1,27,52,17,58,0,33,28,43,59,0,36,29,22,56,2,5,49,49,59,2,16,21,35,56,3,32,25,51,59,0,20,50,17,56,0,25,10,29,56,2,25,16,6,59,3,9,44,51,57,3,54,43,19,59,0,26,29,38,57,0,5,12,43,57,1,50,6,22,58,2,29,14,21,56,1,49,16,40,58,1,50,16,26,59];[23,82,13,77,61,58,19,1,65,7,52,36,72,89,74,75,53,20,16,9,22,79,13,1,80,40,44,66,6,4,14,49,76,60,52,73,89,8,37,2,46,58,10,73,76,45,14,31,77,21,35,18,21,65,64,89,2,40,12,80,35,6,10,43,42,34,75,7,18,60,88,36,35,14,8,66,53,89,67,2,66,84,18,26,37,28,2,74,25,16,71,22,36,78,87,15,65,33,47,79,19,16,56,64,57,61,25,84,12,12,85,69,37,13,32,7,83,30,62,58,58,62,42,70,88,16,43,54,48,25,48,87,73,8,77,83,52,51,26,88,58,49,24,61,7,3,6,56,66,32,70,72,3,29,67,75,3,83,21,71,38,30,59,40,70,66,52,59,32,19,59,80,76,15,81,67,35,60,72,4,11,17,34,16,19,48,85,12,39,79,24,78,21,72,81,15,68,12,15,17,63,77,8,61,7,50,89,4,21,27,54,42,69,75,74,43,9,65,79,14,30,47,87,33,58,60,8,10,7,89,2,44,60,72,85,13,42,67,47,0,44,82,16,88,26,9,36,87,50,89,5,64,22,39,13,64,67,83,67,13,10,63,77,32,12,75,47,51,51,16,9,42,43,68,48,44,29,56,76,46,81,59,34,64,1,54,78,86,17,2,41,26,28,16,66,26,54,25,20,26,71,19,0,16,0,81,78,61,37,9,56,33,28,29,32,24,15,86,31,37,56,7,11,22,63,35,50,78,0,88,66,12,0,61,70,42,30,25,22,83,73,9,52,83,21,39,33,13,36,39,84,79,62,1,15,14,34,57,86,80,36,41,31,72,81,68,54,54,72,83,16,51,79,44,84,39,55,48,38,18,18,64,11,47,32,36,88,87,18,23,36,13,32,43,46,36,23,46,80,83,24,18,14,9,7,22,19,79,25,48,3,4,61,53,77,70,43,19,8,31,67,85,81,89,64,37,71,64,52,28,46,55,20,68,26,0,29,11,36,38,86,23,37,56,63,3,52,11,5,21,53,65,61,13,9,67,74,55,7,49,17,79,6,29,28,44,26,8,82,63,80,79,18,84,25,20,2,25,71,39,36,33,55,67,50,60,49,35,18,24,50,64,57,18,73,28,55,34,10,72];[[0.34661995661142697,3.4661995661142697,1.0],[0.2286410960833074,2.286410960833074,1.0],[0.012392470279078194,0.12392470279078194,1.0],[0.9308270259025113,9.308270259025113,1.0],[0.3225145761620236,3.225145761620236,1.0],[0.0006954578022455582,0.006954578022455582,1.0],[0.2097170717940725,2.097170717940725,1.0],[0.5179602272351016,5.179602272351016,1.0],[0.7628222106217201,7.6282221062172,1.0],[0.3089717897377221,3.089717897377221,1.0],[0.15113122452813788,1.5113122452813788,1.0],[0.07045772229012492,0.7045772229012492,1.0],[0.8725064026541692,8.725064026541693,1.0],[0.3074981421409557,3.074981421409557,1.0],[0.272859759997538,2.7285975999753798,1.0],[0.9838464878398866,9.838464878398867,1.0],[0.7385079487399623,7.385079487399623,1.0],[0.7690782380223464,7.690782380223464,1.0],[0.7347776517949599,7.347776517949599,1.0],[0.040110031230356946,0.40110031230356946,1.0],[0.7832762173461114,7.832762173461115,1.0],[0.9889075602289727,9.889075602289727,1.0],[0.9868030389001332,9.868030389001332,1.0],[0.09156288276254032,0.9156288276254032,1.0],[0.6169801532161481,6.169801532161481,1.0],[0.9026788995265191,9.026788995265191,1.0],[0.7985407520091817,7.985407520091817,1.0],[0.3776281884996082,3.776281884996082,1.0],[0.3548331359348883,3.548331359348883,1.0],[0.4034509368723006,4.034509368723006,1.0],[0.5249010978369003,5.249010978369003,1.0],[0.41070078970850576,4.107007897085058,1.0],[0.63967628453626,6.3967628453626,1.0],[0.644865700493546,6.44865700493546,1.0],[0.7187044523063962,7.187044523063962,1.0],[0.4606778023011676,4.606778023011676,1.0],[0.947243245359423,9.47243245359423,1.0],[0.5480976670697533,5.480976670697533,1.0],[0.5212437467785531,5.212437467785531,1.0],[0.9974770776792315,9.974770776792315,1.0],[0.8347236528324226,8.347236528324226,1.0],[0.5920335208252621,5.92033520825262,1.0],[0.5281200476143402,5.281200476143402,1.0],[0.9947145418085902,9.947145418085903,1.0],[0.3807311818221505,3.807311818221505,1.0],[0.16524593628445206,1.6524593628445206,1.0],[0.360275223783056,3.60275223783056,1.0],[0.08085968119624642,0.8085968119624642,1.0],[0.8395205202311514,8.395205202311514,1.0],[0.9614069909390023,9.614069909390023,1.0],[0.08576140927512577,0.8576140927512577,1.0],[0.06230204186426158,0.6230204186426158,1.0],[0.48309802210777264,4.830980221077726,1.0],[0.7527011136301647,7.527011136301647,1.0],[0.5653273490612396,5.653273490612396,1.0],[0.14308306009955207,1.4308306009955207,1.0],[0.9027442860174946,9.027442860174945,1.0],[0.39175874054121795,3.9175874054121795,1.0],[0.04470890378303016,0.4470890378303016,1.0],[0.4575329191628308,4.575329191628308,1.0],[0.44418114285306354,4.441811428530635,1.0],[0.0791756906829707,0.791756906829707,1.0],[0.37770490385691646,3.7770490385691646,1.0],[0.24872151644563356,2.4872151644563356,1.0],[0.31414454419740034,3.141445441974003,1.0],[0.40750067283296354,4.075006728329635,1.0],[0.17219359428721337,1.7219359428721337,1.0],[0.3882072229758389,3.8820722297583887,1.0],[0.7592365563423323,7.592365563423323,1.0],[0.222327149798478,2.22327149798478,1.0],[0.563344095817858,5.63344095817858,1.0],[0.06385831253616747,0.6385831253616747,1.0],[0.4915379293409209,4.915379293409209,1.0],[0.6493348169788958,6.493348169788958,1.0],[0.35923654185193077,3.5923654185193077,1.0],[0.011177057117131461,0.11177057117131461,1.0],[0.2733467293051436,2.7334672930514357,1.0],[0.5355549647286275,5.355549647286275,1.0],[0.6301964483914466,6.301964483914466,1.0],[0.13021308409642796,1.3021308409642796,1.0],[0.25996455672831287,2.5996455672831287,1.0],[0.08504584081016042,0.8504584081016042,1.0],[0.7433003345161341,7.433003345161341,1.0],[0.18226229691513296,1.8226229691513296,1.0],[0.9489642736607146,9.489642736607145,1.0],[0.8673076709060825,8.673076709060826,1.0],[0.2783750143398719,2.783750143398719,1.0],[0.779542699505796,7.79542699505796,1.0],[0.05243151622562159,0.5243151622562159,1.0],[0.5237802038743088,5.237802038743088,1.0]]
0_BehnkeGeiger_60_workers.fjs;2107.495485116738;75468;[49,131,160,186,389,326,350,522,537,625,215,224,496,523,637,20,482,497,545,664,230,315,571,625,962,170,180,506,542,606,88,105,142,483,729,485,509,535,557,786,509,532,586,617,664,0,20,42,120,604,247,265,276,345,437,458,474,508,614,913,22,34,271,600,803,437,458,568,593,705,375,443,474,613,656,345,363,596,627,972,164,179,631,654,874,179,204,389,443,612,280,306,469,481,695,186,370,452,512,766,180,212,371,599,829,66,88,185,494,504,150,170,497,580,639,308,320,351,368,381,320,345,375,627,861,370,387,494,636,686,119,146,167,467,483,204,230,575,656,835,257,281,309,581,742,289,342,634,672,785,144,166,309,457,553,222,300,322,435,565,408,527,572,617,933,363,390,411,516,621,79,590,601,623,983,105,126,506,595,951,269,330,627,644,823,304,327,581,604,883,79,200,532,571,757,363,437,556,582,593,106,121,554,581,592,558,575,591,641,673,507,525,552,572,586,107,136,469,496,527,327,354,541,567,680,239,280,335,662,866,281,419,443,469,538,36,49,535,556,646,398,428,483,668,894,265,351,547,572,774,481,507,523,539,557,443,466,494,506,914,354,363,482,571,714,0,42,434,498,898,342,483,604,618,695,428,460,551,622,747,204,219,528,568,772,275,304,411,602,789,466,481,506,535,554,409,434,557,583,849,321,342,572,638,851,345,370,644,654,738,146,164,512,674,925,434,527,557,601,982,55,391,416,654,871,410,553,625,664,801,463,485,516,637,896,379,408,429,450,881,15,205,221,469,864,126,411,437,602,840,251,269,469,670,943,49,79,497,525,644,303,481,507,593,725,166,188,203,629,986,525,558,571,686,816,363,375,408,516,724,213,450,467,483,731,259,280,363,498,826,0,22,44,384,912,55,66,540,557,608,219,239,661,672,800,188,213,328,353,376,101,119,189,200,569,575,586,601,614,912,224,257,438,540,971,390,409,687,710,891,121,623,646,662,971,35,567,579,602,924,73,101,611,627,669,452,463,478,492,757,34,43,67,416,447,43,168,197,620,954,59,79,221,587,924,0,15,447,550,962,306,321,389,515,622,509,596,611,643,790,398,442,525,541,589,17,224,512,586,699,241,251,523,532,565,387,398,411,435,494];[0,17,30,50,58,1,41,49,52,56,1,29,4,9,57,0,29,20,29,57,2,15,24,48,57,2,44,49,4,57,2,27,13,20,58,3,45,22,53,59,3,17,8,16,59,0,33,44,27,59,0,54,25,17,57,0,37,18,54,58,2,12,8,6,58,0,29,52,54,58,0,37,46,51,56,1,6,24,10,57,3,48,6,53,59,3,47,37,28,58,3,54,27,50,57,1,54,23,7,59,2,44,52,40,56,2,37,41,26,57,2,32,29,53,58,2,12,55,42,57,2,29,15,42,57,2,47,48,51,59,3,44,16,20,56,2,24,11,38,59,2,9,41,41,57,1,46,21,21,56,0,41,9,31,57,0,35,45,55,57,1,25,45,8,57,3,4,36,29,58,0,51,5,28,57,2,13,38,53,58,1,41,27,24,58,0,6,32,47,56,1,50,4,6,57,1,4,12,16,56,0,10,19,42,59,2,50,14,16,56,2,32,34,8,58,1,7,4,37,57,0,52,31,41,58,3,11,54,9,58,2,37,22,5,57,1,7,12,43,56,2,23,28,34,56,0,12,45,40,57,2,53,15,14,59,2,26,25,10,56,0,37,18,23,57,1,33,43,46,58,3,31,32,26,56,2,36,30,53,56,3,31,30,55,56,0,15,43,10,58,2,38,12,19,56,3,18,4,35,57,3,13,34,19,58,2,39,8,34,59,3,5,20,8,59,3,38,55,23,56,3,31,40,8,56,0,25,43,29,56,3,7,11,38,59,1,21,20,13,58,3,41,21,35,59,2,4,36,37,56,1,28,13,28,56,1,11,31,43,59,1,49,30,52,56,0,31,28,47,58,2,24,51,50,59,0,31,33,48,59,0,20,40,48,57,3,35,46,50,57,2,15,38,52,57,2,9,43,14,56,3,19,21,6,57,0,18,15,8,58,3,17,17,16,59,2,27,51,48,59,1,8,23,36,58,3,11,30,36,57,0,5,9,50,59,3,31,10,35,58,3,33,27,38,58,3,21,21,44,58,2,36,47,31,59,2,7,20,4,59,0,8,41,45,56,3,43,31,17,56,3,5,54,37,59,0,27,21,28,57,0,49,31,23,57,1,53,36,24,59,1,49,53,40,56,2,43,55,34,56];[13,19,54,80,87,7,78,44,51,12,37,39,72,24,33,79,45,1,14,79,48,67,40,50,79,42,1,50,23,54,78,2,71,88,45,69,60,82,12,32,6,25,32,43,47,68,18,4,36,59,20,27,4,7,18,88,2,89,36,3,20,50,26,1,54,3,13,52,12,41,52,46,40,15,1,57,36,71,39,1,16,31,0,58,67,72,57,67,64,40,13,6,42,7,83,54,7,21,5,88,24,40,23,88,41,51,3,42,87,84,72,76,29,3,80,7,83,51,69,32,41,58,73,22,73,83,6,85,51,51,48,31,34,36,50,65,10,48,5,79,68,42,50,29,82,40,38,88,3,64,14,43,30,50,57,19,63,76,79,85,73,62,79,60,85,60,81,45,58,85,16,80,82,14,34,41,59,62,56,15,47,19,38,13,45,0,51,46,13,60,31,79,28,26,87,26,42,65,31,77,81,79,46,25,89,48,34,20,46,10,17,53,72,7,83,56,68,39,31,75,69,10,10,17,60,11,84,42,57,21,9,64,25,73,61,39,88,47,16,5,30,27,22,4,20,50,37,24,54,29,35,65,36,52,50,60,54,50,3,67,50,49,13,67,12,20,53,86,61,77,80,43,16,72,89,66,53,55,65,25,70,30,83,23,61,16,27,26,22,1,1,66,79,77,31,65,39,88,44,17,38,54,8,72,83,32,0,14,68,10,38,19,83,29,24,24,57,52,53,58,17,3,58,52,22,18,1,80,33,39,89,49,85,23,62,5,72,17,6,83,21,68,50,6,40,78,54,59,75,67,1,80,7,16,84,26,25,16,26,10,8,42,35,86,75,89,57,47,41,11,4,9,36,47,87,24,74,5,40,31,63,85,22,30,55,84,19,1,58,65,0,35,51,20,46,78,61,36,89,80,49,58,53,36,79,62,59,47,84,12,1,38,76,61,77,14,69,17,12,8,1,48,23,68,5,16,46,29,27,12,83,44,84,43,53,37,71,43,64,64,67,0,38,76,87,65,86,32,32,0,73,31,41,32,41,25,58,11,71,22,12,32,66,75,59,55,54,43,29,59,79,86,56,42,83,69,19,47,32,71,37,58,43,26,87,49,37,49,30,84,22,21,28,12,15,22,60,52,8,68];[[0.8559393885152179,8.55939388515218,1.0],[0.8004839408308784,8.004839408308783,1.0],[0.5938433496209707,5.938433496209708,1.0],[0.8870093324131678,8.870093324131679,1.0],[0.741558169706834,7.4155816970683395,1.0],[0.8097670389513107,8.097670389513107,1.0],[0.2247324103169328,2.247324103169328,1.0],[0.9761818800633866,9.761818800633865,1.0],[0.6339038774096737,6.339038774096737,1.0],[0.5580285642552777,5.580285642552777,1.0],[0.4463526500656817,4.463526500656817,1.0],[0.28336462923826333,2.8336462923826335,1.0],[0.9019880415639555,9.019880415639555,1.0],[0.03268507148422006,0.32685071484220063,1.0],[0.4362825217209084,4.3628252172090844,1.0],[0.18851543397694082,1.8851543397694082,1.0],[0.9250090249429151,9.250090249429151,1.0],[0.9012349700248556,9.012349700248556,1.0],[0.12108560404704316,1.2108560404704316,1.0],[0.9174015512221217,9.174015512221217,1.0],[0.6336036775858569,6.3360367758585685,1.0],[0.8916415369189501,8.916415369189501,1.0],[0.9427537000908234,9.427537000908234,1.0],[0.6474269734768437,6.474269734768438,1.0],[0.2944017446773023,2.9440174467730227,1.0],[0.22784863884628848,2.278486388462885,1.0],[0.026726933813205345,0.26726933813205345,1.0],[0.5708724060922277,5.708724060922277,1.0],[0.09143396648058832,0.9143396648058832,1.0],[0.9728808105837072,9.728808105837071,1.0],[0.04913857274611522,0.49138572746115217,1.0],[0.8163054842016593,8.163054842016592,1.0],[0.12136143786009423,1.2136143786009423,1.0],[0.39347747924753973,3.9347747924753973,1.0],[0.7612563626694716,7.612563626694716,1.0],[0.2669682491794272,2.669682491794272,1.0],[0.032329137447332346,0.32329137447332346,1.0],[0.27066047462765497,2.7066047462765495,1.0],[0.8705591702034446,8.705591702034447,1.0],[0.8809847340925547,8.809847340925547,1.0],[0.18409719287978143,1.8409719287978143,1.0],[0.20156279965759893,2.015627996575989,1.0],[0.5164915614426145,5.164915614426145,1.0],[0.4956047792365974,4.956047792365974,1.0],[0.6077297164851029,6.0772971648510286,1.0],[0.9001180841411072,9.001180841411072,1.0],[0.78410741646787,7.8410741646787,1.0],[0.4806185677402214,4.806185677402214,1.0],[0.1147765683905323,1.147765683905323,1.0],[0.07024459811816619,0.7024459811816619,1.0],[0.3187451092517546,3.187451092517546,1.0],[0.0073062864940089955,0.07306286494008996,1.0],[0.5205444033755386,5.205444033755386,1.0],[0.6250968201912236,6.250968201912236,1.0],[0.25055568445480136,2.5055568445480136,1.0],[0.615922435604406,6.15922435604406,1.0],[0.3870907125242423,3.8709071252424234,1.0],[0.21814785067570475,2.1814785067570472,1.0],[0.8734963280117019,8.734963280117018,1.0],[0.28722080489037183,2.872208048903718,1.0],[0.09639359128751424,0.9639359128751424,1.0],[0.7548858731919171,7.548858731919172,1.0],[0.6851727386050028,6.851727386050028,1.0],[0.051174076075845676,0.5117407607584568,1.0],[0.17887018113864828,1.7887018113864828,1.0],[0.609251556117635,6.09251556117635,1.0],[0.24984154075152953,2.4984154075152953,1.0],[0.368174715277632,3.68174715277632,1.0],[0.05876744192941186,0.5876744192941186,1.0],[0.12260955919754979,1.226095591975498,1.0],[0.45916262109070083,4.591626210907008,1.0],[0.4009271808935736,4.009271808935736,1.0],[0.46504811859381157,4.650481185938116,1.0],[0.21320952910254887,2.1320952910254887,1.0],[0.6247271975216867,6.247271975216867,1.0],[0.28525256320918047,2.8525256320918047,1.0],[0.6348406939976744,6.348406939976744,1.0],[0.8319882392437383,8.319882392437384,1.0],[0.8395421352998061,8.395421352998062,1.0],[0.019614941273996434,0.19614941273996434,1.0],[0.5413984842077535,5.413984842077535,1.0],[0.2718798292635384,2.718798292635384,1.0],[0.4481717263007644,4.481717263007644,1.0],[0.26376858333274344,2.6376858333274344,1.0],[0.3349547069458171,3.349547069458171,1.0],[0.5175169666891029,5.175169666891028,1.0],[0.6865980117314152,6.865980117314152,1.0],[0.12545365307174206,1.2545365307174206,1.0],[0.02272642984071671,0.2272642984071671,1.0],[0.7308912721040333,7.308912721040333,1.0]]
0_BehnkeGeiger_60_workers.fjs;1835.3716800967898;357132;[218,234,264,312,579,300,323,341,352,582,111,340,351,392,569,10,29,233,530,771,318,344,398,417,502,56,196,218,572,746,201,367,456,580,647,18,40,313,439,845,0,130,152,352,368,32,48,365,430,630,121,145,176,201,415,85,100,307,555,616,0,12,130,406,516,289,312,472,482,690,430,460,494,510,749,443,462,472,616,816,460,474,501,530,546,438,472,486,516,527,210,312,324,453,809,245,535,555,579,843,381,404,422,443,653,138,245,265,309,319,384,499,519,555,815,370,415,530,547,762,187,201,217,444,760,344,354,417,441,464,219,230,302,434,799,25,40,67,81,100,462,481,504,535,559,414,443,462,579,722,47,176,207,471,489,48,103,279,296,313,166,233,262,501,822,367,398,483,504,696,247,289,348,485,559,340,403,473,490,626,259,279,321,334,368,230,245,265,283,340,78,335,348,512,724,305,330,498,512,628,0,16,37,62,202,100,117,152,169,485,406,425,446,473,561,404,430,452,488,723,292,305,453,505,776,70,85,101,285,735,184,204,235,264,600,338,371,391,415,499,244,285,300,403,474,287,438,462,485,653,233,244,262,438,619,185,210,398,463,526,351,554,565,594,799,121,138,379,464,542,60,82,107,192,404,257,273,285,341,669,120,217,241,257,390,142,164,232,397,643,504,521,559,576,600,82,111,130,156,173,110,120,130,148,396,0,283,339,365,589,163,184,371,398,733,29,81,105,224,476,182,462,489,596,759,207,218,368,489,680,74,90,464,490,648,398,414,504,530,749,40,60,78,107,340,273,300,318,347,366,312,343,367,391,424,232,247,354,395,503,354,384,631,658,823,258,296,422,434,604,90,110,126,385,474,275,287,344,354,385,156,166,249,361,446,164,324,402,452,789,103,121,281,454,669,425,535,554,579,675,481,565,587,607,797,273,289,311,329,860,145,163,274,420,569,132,181,441,453,610,501,516,535,565,707,234,259,285,302,312,117,295,316,343,396,354,391,481,504,783,279,292,310,348,662,40,176,244,483,596,407,433,460,484,593,16,218,237,452,846,312,338,376,588,773,338,381,406,429,452,204,218,425,454,759,154,182,196,351,518,145,309,429,464,537,297,546,572,596,694,12,65,152,574,702,218,437,453,554,723];[1,28,47,37,59,2,38,18,14,58,3,31,39,18,57,1,50,44,16,56,0,20,35,7,56,0,5,55,13,59,0,30,51,49,58,3,40,54,15,56,1,19,18,18,59,2,35,53,16,59,3,39,27,12,58,2,5,7,54,57,2,15,11,40,57,3,16,6,29,56,1,20,23,5,58,3,6,52,27,57,1,41,20,13,56,2,7,21,30,58,2,29,52,33,56,2,54,23,21,58,1,9,37,29,57,1,29,7,26,59,0,32,49,55,58,2,38,20,40,58,0,41,15,46,59,0,42,48,48,59,2,14,28,9,56,0,16,13,8,57,3,30,39,42,59,3,31,22,23,57,1,39,46,16,57,2,32,44,54,56,0,25,26,21,59,3,42,16,30,59,0,50,40,45,57,3,15,51,44,58,1,41,22,24,57,2,7,36,29,58,1,48,7,14,59,1,33,14,36,56,0,22,53,29,56,2,11,19,40,58,2,23,26,55,56,1,5,54,55,58,1,55,50,28,59,2,44,43,48,59,3,21,22,42,56,1,48,38,50,59,3,13,29,32,58,0,32,45,40,56,3,53,53,7,59,2,43,31,36,57,1,39,53,9,57,1,35,53,48,57,3,36,23,27,58,2,13,21,41,57,0,41,21,17,59,2,12,50,55,56,3,47,10,12,58,3,10,37,4,56,0,38,15,47,57,3,36,37,36,56,3,28,31,11,57,1,19,14,46,57,1,31,8,43,56,1,25,18,31,59,0,55,9,12,59,3,30,16,38,56,3,4,48,35,59,2,49,49,46,56,3,30,49,15,56,0,45,47,41,57,0,26,27,52,56,3,44,9,46,57,0,26,16,51,56,0,30,47,51,58,0,24,34,50,57,2,29,53,14,58,1,39,42,53,56,2,39,15,36,58,3,39,37,24,59,3,9,53,4,58,3,10,7,15,58,2,24,51,25,58,2,54,32,24,59,1,48,28,37,58,2,7,50,50,56,2,48,32,33,56,1,38,22,48,59,0,10,15,14,59,0,24,49,28,57,0,5,39,5,59,2,9,41,42,57,2,44,13,14,58,3,44,53,36,57,1,5,20,31,59,0,48,28,23,58,0,13,43,27,57,2,55,11,40,58,3,50,18,21,56];[7,21,51,47,7,88,79,25,58,50,72,78,11,57,14,87,27,79,35,11,34,43,38,0,50,43,44,77,23,34,18,84,85,30,45,21,28,50,32,83,6,10,55,62,68,64,55,73,19,16,32,36,66,30,44,34,64,77,30,39,69,89,58,53,11,68,42,67,36,64,64,37,34,71,62,54,87,20,30,33,80,44,30,54,56,56,87,31,80,46,37,87,29,52,13,88,24,65,58,68,59,50,46,67,50,30,19,5,11,12,36,70,3,24,16,7,71,87,16,4,30,62,35,78,73,52,76,52,63,72,22,32,36,12,89,85,54,21,59,87,76,3,16,88,18,76,8,62,37,32,70,31,74,37,51,86,19,56,54,26,74,45,49,32,48,38,7,35,65,44,46,13,82,38,34,7,87,81,60,37,56,64,69,26,62,19,66,34,86,69,19,82,85,89,10,79,77,4,10,73,0,80,35,51,72,48,27,16,58,15,66,25,24,7,84,19,61,18,54,37,70,33,74,79,60,58,22,62,11,46,65,15,51,21,17,39,41,44,13,76,27,50,81,26,57,57,71,73,67,15,1,72,3,85,88,33,88,14,47,73,66,4,15,33,57,79,51,33,65,29,23,69,7,53,51,87,60,71,42,5,66,17,22,28,74,60,63,18,84,50,33,56,29,79,30,37,10,78,22,26,67,76,44,42,29,31,15,56,14,59,52,21,27,58,80,84,21,71,6,18,47,40,68,3,32,80,39,49,25,39,33,44,74,81,6,54,23,17,43,61,31,29,70,69,17,47,67,13,35,6,78,77,16,26,21,56,6,44,73,80,25,53,55,28,23,33,82,4,83,71,38,89,67,40,80,68,89,34,65,64,19,15,21,32,25,40,37,45,13,8,78,31,4,49,17,5,0,54,85,63,78,31,49,26,88,13,42,1,23,19,38,48,5,7,44,38,22,52,48,31,44,65,19,43,74,68,71,0,10,84,64,29,76,5,60,89,0,76,78,21,39,76,59,27,57,50,4,9,85,2,80,3,79,6,41,14,2,65,7,41,39,73,82,43,38,24,66,43,2,35,46,60,47,9,38,46,78,85,63,39,28,57,43,12,82,6,61,2,80,4,37,55,33,52,30,57,36,2,0,84];[[0.5198238265685563,5.198238265685563,1.0],[0.9583988744400509,9.583988744400509,1.0],[0.3402956357666065,3.402956357666065,1.0],[0.7081849781179302,7.081849781179303,1.0],[0.9252189405445452,9.252189405445453,1.0],[0.05032666735654623,0.5032666735654623,1.0],[0.6613275461751585,6.613275461751585,1.0],[0.82711411373077,8.271141137307701,1.0],[0.8734961127808921,8.734961127808921,1.0],[0.5913019030238962,5.913019030238962,1.0],[0.11264722490163037,1.1264722490163037,1.0],[0.34477784983246407,3.4477784983246407,1.0],[0.011377599382669468,0.11377599382669468,1.0],[0.7909742881977946,7.909742881977946,1.0],[0.3277964015146908,3.277964015146908,1.0],[0.22222795698924247,2.2222795698924247,1.0],[0.14676573527209236,1.4676573527209236,1.0],[0.040648812187981,0.40648812187981,1.0],[0.14328037004549943,1.4328037004549943,1.0],[0.10349201402412567,1.0349201402412567,1.0],[0.2300149081299988,2.3001490812999883,1.0],[0.34985110243749995,3.4985110243749995,1.0],[0.866750807284636,8.66750807284636,1.0],[0.14758827376144812,1.4758827376144812,1.0],[0.22391440251713068,2.239144025171307,1.0],[0.24865543755958186,2.4865543755958184,1.0],[0.2300130943157953,2.300130943157953,1.0],[0.8293061040602848,8.293061040602849,1.0],[0.43895527513494326,4.389552751349433,1.0],[0.44969387575897835,4.496938757589783,1.0],[0.3412024287409555,3.4120242874095554,1.0],[0.9004679331719968,9.004679331719968,1.0],[0.43962892413733223,4.3962892413733226,1.0],[0.45751138605113895,4.575113860511389,1.0],[0.5639201948280074,5.639201948280074,1.0],[0.6726986423945157,6.726986423945157,1.0],[0.6597005192680269,6.597005192680268,1.0],[0.9102187034878934,9.102187034878934,1.0],[0.5766896035151798,5.766896035151799,1.0],[0.4155337643506154,4.155337643506154,1.0],[0.35757675057500693,3.5757675057500693,1.0],[0.5416053049315015,5.416053049315015,1.0],[0.24141379817839304,2.4141379817839304,1.0],[0.14373377933442777,1.4373377933442777,1.0],[0.05947898491433379,0.5947898491433379,1.0],[0.49975509403239127,4.9975509403239124,1.0],[0.3186129737753496,3.186129737753496,1.0],[0.7700173830289908,7.700173830289908,1.0],[0.48539290197593976,4.853929019759398,1.0],[0.4627755002794737,4.6277550027947365,1.0],[0.5376316431809531,5.376316431809531,1.0],[0.9085166904492054,9.085166904492054,1.0],[0.8894638917603915,8.894638917603915,1.0],[0.7295709856829492,7.295709856829492,1.0],[0.10156484356406248,1.0156484356406248,1.0],[0.7756986430311787,7.7569864303117875,1.0],[0.2646734419538803,2.646734419538803,1.0],[0.08522369075097047,0.8522369075097047,1.0],[0.05298946435344931,0.5298946435344931,1.0],[0.15739225219713138,1.5739225219713138,1.0],[0.4318886991151929,4.318886991151929,1.0],[0.633165302477868,6.33165302477868,1.0],[0.24439281766986376,2.4439281766986376,1.0],[0.8989634350161788,8.989634350161788,1.0],[0.5191347024590356,5.191347024590356,1.0],[0.6810385741390934,6.8103857413909346,1.0],[0.16547355180616963,1.6547355180616963,1.0],[0.7628548802754104,7.6285488027541035,1.0],[0.3141854421416449,3.1418544214164488,1.0],[0.41192209034050886,4.119220903405089,1.0],[0.02240642416721894,0.2240642416721894,1.0],[0.6263477255847869,6.263477255847869,1.0],[0.6946401733451906,6.946401733451905,1.0],[0.5537872676983423,5.537872676983423,1.0],[0.14353633683289113,1.4353633683289113,1.0],[0.3828088769666892,3.828088769666892,1.0],[0.20550831512341627,2.0550831512341627,1.0],[0.8424160101430348,8.424160101430347,1.0],[0.33056458054195836,3.3056458054195836,1.0],[0.9503462496022802,9.503462496022802,1.0],[0.733658429518869,7.33658429518869,1.0],[0.7327837389781332,7.327837389781332,1.0],[0.5833156544997408,5.833156544997408,1.0],[0.2636719126307169,2.6367191263071685,1.0],[0.7038517121832796,7.038517121832796,1.0],[0.9859996488049411,9.859996488049411,1.0],[0.3427619282161496,3.427619282161496,1.0],[0.731149933057056,7.31149933057056,1.0],[0.24180730800578631,2.418073080057863,1.0],[0.8057399760917423,8.057399760917423,1.0]]
0_BehnkeGeiger_60_workers.fjs;1796.3535784183728;264216;[464,474,493,522,574,337,362,437,449,477,39,49,92,159,454,249,268,524,540,640,327,426,540,551,656,300,485,508,566,724,170,410,426,442,471,80,102,293,535,607,473,483,525,549,619,83,166,279,348,628,311,463,492,507,775,45,191,540,566,806,316,377,390,412,424,347,508,585,612,739,402,533,588,620,757,254,276,340,528,719,243,254,264,279,527,0,18,235,269,281,234,243,464,492,647,426,452,485,507,632,401,509,528,539,716,383,492,528,544,727,315,334,358,557,700,60,89,404,414,443,389,456,492,579,759,483,540,566,610,802,160,178,215,243,491,68,187,362,560,794,39,57,309,334,361,406,510,535,548,678,57,126,147,443,539,272,414,449,522,733,379,394,420,566,583,151,224,243,355,367,220,242,464,535,667,413,423,564,589,818,129,148,167,380,480,509,520,540,574,666,294,335,362,485,804,363,379,407,430,665,205,224,314,450,776,0,25,208,299,736,0,26,39,61,375,145,333,357,448,527,448,463,572,596,690,423,447,468,494,818,224,249,334,348,555,321,337,355,540,573,268,295,309,554,794,379,389,470,518,604,305,315,327,349,377,418,470,479,498,778,363,384,590,608,788,258,272,287,375,570,123,145,448,469,612,73,285,443,506,770,140,449,473,487,692,276,300,393,573,766,104,152,166,507,682,192,363,477,601,645,204,224,311,333,390,26,52,136,243,655,49,73,151,178,511,167,194,420,609,814,213,236,264,388,579,352,363,560,574,827,242,327,546,582,623,204,268,386,442,510,185,205,224,473,560,374,402,424,455,543,264,294,309,348,375,421,448,464,510,678,296,321,335,455,470,131,150,173,379,396,152,349,407,596,797,334,367,428,447,676,394,413,517,622,832,102,281,309,321,715,72,507,525,550,583,126,140,158,187,208,18,61,287,471,496,189,204,258,299,329,99,126,414,468,756,148,167,443,471,591,96,109,136,381,483,17,29,55,406,427,164,192,364,376,813,29,296,586,620,761,171,185,215,378,405,52,68,225,426,596,109,147,159,178,744,194,329,415,490,661,356,396,418,491,693,0,61,84,482,634,25,39,68,243,279,236,258,309,326,696,118,131,141,151,179,295,316,349,373,508,342,352,373,398,555,367,379,441,557,603];[3,27,54,13,58,0,51,44,10,59,1,28,5,25,58,1,52,53,12,58,2,22,19,35,57,2,52,31,45,58,2,20,23,51,56,3,55,21,13,56,1,35,35,17,57,0,35,16,16,59,2,51,24,53,59,2,23,6,42,58,1,33,46,19,59,0,20,52,7,57,3,20,55,50,58,2,5,49,24,59,2,45,16,21,58,1,30,13,30,59,2,54,29,31,59,0,20,23,40,56,0,4,25,46,56,2,29,4,33,56,3,32,14,52,57,2,50,42,40,57,0,15,51,19,59,1,53,50,53,59,2,29,39,30,59,0,53,41,25,56,3,33,23,42,58,2,29,23,22,57,3,25,52,15,59,0,52,44,54,59,1,25,26,53,56,2,17,37,30,56,3,50,12,29,57,1,12,17,39,58,0,42,24,51,58,1,6,16,36,56,3,51,5,20,56,1,15,13,16,59,1,18,48,22,56,3,23,55,52,58,0,52,44,55,58,3,8,36,12,56,3,4,51,54,57,1,24,19,32,56,1,53,23,43,58,0,30,38,25,56,1,13,38,33,57,0,27,16,40,59,3,54,19,33,57,2,36,7,52,57,3,5,45,11,59,0,34,41,54,59,3,15,18,28,58,1,14,40,21,58,1,26,21,45,59,2,48,48,55,57,0,35,9,24,59,3,45,10,19,57,0,13,8,45,59,0,38,41,17,56,1,31,29,11,59,0,50,25,42,57,0,31,43,38,57,1,34,24,26,57,3,54,8,53,58,2,14,20,23,58,1,17,27,26,59,3,7,28,9,56,3,22,9,12,59,3,29,49,43,56,0,51,41,28,57,2,20,4,48,57,1,24,15,51,58,3,30,42,48,58,1,37,52,19,56,3,30,15,49,57,2,35,41,55,58,1,14,53,55,57,1,28,34,52,56,2,19,13,14,56,1,10,42,15,57,0,22,52,55,59,2,41,46,36,57,2,15,47,27,58,3,5,24,49,59,2,16,42,6,56,1,39,44,38,58,0,26,50,20,57,2,25,33,28,56,0,14,48,7,58,2,8,44,21,56,2,44,8,12,57,3,51,52,39,56,0,14,13,12,58,2,49,29,23,56,1,24,25,20,56,1,53,43,34,57,0,42,16,22,58];[9,54,41,47,17,80,84,80,63,30,56,75,48,38,6,70,18,32,42,61,41,20,30,57,65,89,85,55,27,2,84,20,89,14,0,88,49,26,26,42,51,49,35,14,86,64,44,83,83,31,55,12,73,42,19,25,19,27,62,8,85,88,58,34,39,87,27,60,79,77,45,25,81,48,62,6,19,81,30,13,56,34,35,28,56,52,39,1,79,54,84,40,78,46,46,48,38,18,28,12,27,75,24,72,41,73,3,14,67,5,3,45,31,2,35,7,60,71,23,46,21,48,19,56,73,75,36,14,25,89,40,81,46,52,24,24,4,58,7,36,39,21,57,35,15,48,70,79,2,63,13,27,38,71,15,31,71,31,34,50,26,28,49,38,17,51,57,81,65,72,70,47,77,82,76,38,74,21,52,15,6,22,5,15,89,16,76,11,40,64,88,59,52,82,46,56,25,70,87,44,76,30,36,69,69,12,20,4,74,80,28,22,19,17,24,67,44,76,25,33,57,28,46,12,69,45,32,52,45,2,88,42,83,34,40,33,89,63,76,52,49,32,77,67,38,31,50,10,86,27,69,53,56,23,14,36,21,87,69,73,43,70,72,44,0,84,71,69,83,32,61,17,86,17,71,74,50,65,85,56,36,51,39,86,61,23,60,88,77,37,0,36,63,15,81,45,12,58,0,41,66,76,89,71,35,85,66,78,66,70,57,60,80,58,80,8,20,22,26,70,61,36,87,33,63,2,54,76,45,10,89,6,46,30,2,38,30,2,53,83,52,71,58,64,64,42,13,77,0,77,21,57,15,7,37,86,9,68,89,56,64,12,62,85,67,47,7,73,56,61,76,67,21,88,25,20,29,10,23,72,19,31,46,67,68,4,16,65,46,39,44,19,1,87,68,51,29,32,47,8,35,22,76,82,6,61,49,8,81,48,27,79,83,7,24,53,19,50,1,70,17,55,26,11,8,18,1,51,18,16,34,55,16,62,50,89,73,43,88,6,62,54,32,22,79,69,53,87,25,7,16,8,52,37,67,77,58,5,32,79,1,14,46,30,31,75,40,63,26,32,46,29,48,72,35,86,26,11,52,66,10,75,51,21,80,42,63,82,8,23,9,47,39,40,56,4,10,21,1,9];[[0.18019241848515155,1.8019241848515155,1.0],[0.48736227300275514,4.873622730027551,1.0],[0.07759170039841756,0.7759170039841756,1.0],[0.5225667244081349,5.2256672440813485,1.0],[0.9196433340252647,9.196433340252646,1.0],[0.8762509611803474,8.762509611803473,1.0],[0.5029695910906639,5.029695910906638,1.0],[0.8160267976375112,8.160267976375112,1.0],[0.8059112000327816,8.059112000327817,1.0],[0.2140591090540045,2.140591090540045,1.0],[0.08805821114486456,0.8805821114486456,1.0],[0.20329737064426556,2.0329737064426556,1.0],[0.5837360924329463,5.837360924329463,1.0],[0.6737333796339059,6.737333796339059,1.0],[0.1608013027204077,1.6080130272040771,1.0],[0.7465026683932527,7.465026683932527,1.0],[0.5706715087422025,5.706715087422025,1.0],[0.4637998194614905,4.637998194614905,1.0],[0.510707169665419,5.10707169665419,1.0],[0.13436739791107,1.3436739791107,1.0],[0.5955836724768061,5.955836724768061,1.0],[0.9705970110642231,9.705970110642232,1.0],[0.1380260373669585,1.380260373669585,1.0],[0.6915046322372392,6.915046322372392,1.0],[0.4571104412123077,4.571104412123077,1.0],[0.7770933375992647,7.770933375992647,1.0],[0.4288907275773849,4.288907275773849,1.0],[0.7873492179192781,7.873492179192781,1.0],[0.45358103110054593,4.535810311005459,1.0],[0.29994077462327984,2.9994077462327984,1.0],[0.26785911780148886,2.6785911780148886,1.0],[0.41380996534982095,4.13809965349821,1.0],[0.8955750490686861,8.955750490686862,1.0],[0.33899298335361505,3.3899298335361507,1.0],[0.4439220021216055,4.439220021216055,1.0],[0.2663146653444304,2.663146653444304,1.0],[0.1912128081922898,1.912128081922898,1.0],[0.8422148536074314,8.422148536074314,1.0],[0.12934381348500923,1.2934381348500923,1.0],[0.5457493539256076,5.457493539256077,1.0],[0.6889713324133125,6.889713324133125,1.0],[0.3133089603750071,3.1330896037500713,1.0],[0.781346930988076,7.81346930988076,1.0],[0.7476684671478541,7.476684671478541,1.0],[0.694338776663945,6.943387766639449,1.0],[0.010283626574111193,0.10283626574111193,1.0],[0.7581500624990217,7.581500624990217,1.0],[0.8365660626079888,8.365660626079888,1.0],[0.8965297598339126,8.965297598339125,1.0],[0.42501586527499824,4.250158652749983,1.0],[0.29726573226441977,2.9726573226441975,1.0],[0.1892293583037329,1.8922935830373289,1.0],[0.7243244498868214,7.243244498868214,1.0],[0.8519753238078789,8.519753238078788,1.0],[0.10178542532455293,1.0178542532455293,1.0],[0.5249813114594203,5.249813114594203,1.0],[0.36905004287313525,3.6905004287313528,1.0],[0.14252011028375144,1.4252011028375144,1.0],[0.9116619067804255,9.116619067804255,1.0],[0.54316015559511,5.4316015559511,1.0],[0.4203904144024305,4.203904144024305,1.0],[0.8163513162724128,8.163513162724128,1.0],[0.8589171046239985,8.589171046239985,1.0],[0.7596233819507995,7.596233819507995,1.0],[0.8852403456386315,8.852403456386316,1.0],[0.14006433750837965,1.4006433750837965,1.0],[0.7153091891141413,7.153091891141413,1.0],[0.4033601431159366,4.033601431159366,1.0],[0.3246442732123802,3.246442732123802,1.0],[0.610505749299754,6.10505749299754,1.0],[0.9436716318473461,9.436716318473461,1.0],[0.22542293193962482,2.254229319396248,1.0],[0.22792853612720076,2.2792853612720076,1.0],[0.3202161638777423,3.202161638777423,1.0],[0.9471716155913338,9.471716155913338,1.0],[0.06517330654168263,0.6517330654168263,1.0],[0.5318417096543258,5.318417096543257,1.0],[0.060458432800693074,0.6045843280069307,1.0],[0.0568250937122835,0.568250937122835,1.0],[0.05525076001007523,0.5525076001007523,1.0],[0.08040862393544657,0.8040862393544657,1.0],[0.45414991337399147,4.541499133739915,1.0],[0.5398206863735848,5.398206863735848,1.0],[0.9620202223629081,9.62020222362908,1.0],[0.4443670125830569,4.443670125830569,1.0],[0.4943162252029675,4.9431622520296745,1.0],[0.301158822820192,3.01158822820192,1.0],[0.03764467466094412,0.3764467466094412,1.0],[0.32502817216022195,3.2502817216022195,1.0],[0.6923405421469611,6.92340542146961,1.0]]
1_Brandimarte_12_workers.fjs;1084.93199332406;1059936;[67,127,240,257,273,478,0,96,107,155,202,334,0,49,125,323,339,493,0,12,23,47,127,252,364,386,18,153,257,321,339,372,387,401,0,50,221,240,404,446,463,90,109,174,201,303,22,62,133,152,235,433,96,135,145,285,357,468,115,273,340,378,427,0,67,234,318,354,47,107,135,251,336,413,451,12,62,85,210,267,29,75,288,354,406,13,150,208,313,401,442,0,40,105,180,218,235,387,404,96,177,254,268,296,433,460,0,23,106,262,283,115,127,164,208,221,262,288,360,378,201,212,225,240,368,434,445,488,26,106,155,212,241,262,496,85,97,116,155,296,471,23,40,84,125,241,296,395,471,0,37,95,158,182,336,499,37,71,121,164,200,239,315,346,489,90,145,296,323,415,428,0,71,195,395,425,158,186,279,345,433,460,23,74,139,288,447,180,284,307,326,416,441];[9,5,9,4,0,7,2,5,4,6,0,9,0,4,2,7,3,8,1,2,5,7,7,6,5,0,3,4,3,4,7,4,9,5,3,6,2,0,4,7,7,4,9,6,5,7,0,6,3,1,7,6,3,6,8,7,6,5,3,4,8,1,2,4,7,8,6,9,5,2,0,7,4,7,6,9,2,6,5,7,6,4,5,4,6,8,9,4,3,9,6,9,6,6,4,7,1,4,2,6,0,9,9,6,0,6,7,1,0,0,0,7,4,6,2,3,5,1,7,7,6,1,9,5,6,4,4,6,4,5,3,6,4,6,7,5,7,6,0,4,4,2,0,7,6,6,3,7,0,6,3,9,5,9,5,6,9,5,9,1,7,3,5,6,5,8,6,9,9,9,8,8,0,9,6,5,7,0,3,2,7,9,7,6,7,2,5,7,6,6,8,2,8];[6,13,0,4,13,5,8,4,0,14,2,9,9,2,0,13,11,6,0,8,8,6,5,14,5,8,6,5,3,7,5,6,2,6,2,7,9,2,14,10,3,9,7,2,6,5,9,10,6,2,11,10,1,1,8,9,14,0,14,4,12,4,6,7,9,8,3,0,3,9,12,6,0,4,1,13,7,10,8,14,1,14,3,1,0,4,3,11,10,1,12,4,11,10,0,10,3,12,12,12,6,8,6,10,4,13,1,10,4,13,2,3,11,11,0,5,11,1,4,14,5,4,2,13,3,9,6,8,7,11,1,6,1,1,7,1,6,8,0,13,11,14,10,0,12,4,0,10,6,5,13,5,9,11,7,11,5,12,4,8,13,5,8,3,14,14,1,14,5,5,3,11,3,14,9,8,13,12,8,9,11,1,12,1,9,11,0,7,12,9,8,13,13];[[0.7773566427005639,7.7735664270056395,1.0],[0.6698255595592497,6.698255595592498,1.0],[0.09913960392481702,0.9913960392481702,1.0],[0.35297051119014544,3.529705111901454,1.0],[0.4679077429008419,4.679077429008419,1.0],[0.5346837414708775,5.346837414708775,1.0],[0.9783090609123973,9.783090609123974,1.0],[0.13031535015865903,1.3031535015865903,1.0],[0.6712434682302663,6.712434682302662,1.0],[0.36422941594737557,3.6422941594737557,1.0],[0.48883570716198577,4.888357071619858,1.0],[0.20301221073405373,2.0301221073405373,1.0],[0.6661983755713592,6.661983755713592,1.0],[0.2276630312069321,2.276630312069321,1.0],[0.4580640582967631,4.580640582967631,1.0]]
1_Brandimarte_12_workers.fjs;1221.3992383639188;1490184;[26,79,116,323,496,522,0,94,295,345,481,545,20,42,68,131,245,264,39,51,116,148,168,430,440,461,107,162,189,213,230,280,312,394,0,79,173,287,406,436,540,329,346,393,536,555,11,48,87,107,214,355,0,26,36,48,194,319,48,68,97,277,470,253,321,342,364,406,182,205,224,285,313,362,566,116,141,440,477,504,0,87,338,389,460,55,95,153,235,357,529,0,13,68,137,268,321,461,506,39,163,210,287,497,508,538,88,131,311,346,430,0,91,173,211,255,375,404,418,453,183,194,261,274,296,370,460,487,11,34,235,264,373,477,499,143,194,236,346,497,526,90,123,180,420,450,460,486,545,123,156,230,296,393,470,508,66,107,182,210,251,296,461,519,545,0,59,68,224,274,526,14,66,141,163,404,66,139,274,292,382,452,109,224,302,329,352,14,189,213,224,301,362];[9,8,4,6,2,7,2,8,4,6,0,4,0,4,2,7,6,8,1,2,5,7,7,6,5,2,6,4,3,4,7,4,9,7,3,6,2,0,4,7,7,4,9,6,5,7,2,6,3,1,7,6,9,6,2,7,6,5,3,4,5,8,2,4,7,5,6,3,5,2,0,7,4,7,6,9,2,6,5,7,6,5,7,4,6,5,9,6,3,9,6,4,6,6,4,7,1,4,8,6,2,9,9,6,0,6,7,1,0,2,0,7,4,6,8,3,5,1,7,7,6,1,9,5,6,9,0,6,4,5,9,6,4,4,5,5,7,6,4,4,4,6,0,7,6,6,3,7,0,6,9,4,5,9,7,6,3,5,9,1,7,3,5,6,5,8,6,9,9,9,5,1,0,9,6,5,7,0,3,2,7,9,7,6,7,2,5,7,4,6,5,0,1];[0,5,6,10,4,5,4,5,0,10,4,8,9,9,0,9,10,8,5,2,5,13,5,12,14,6,10,1,3,8,2,6,11,8,2,12,9,5,10,10,3,6,12,2,4,5,9,4,7,11,11,8,5,7,2,10,13,5,14,2,12,3,6,1,9,8,1,0,12,12,12,8,14,4,6,13,7,3,0,14,13,3,7,0,11,7,6,10,5,6,7,0,11,5,8,10,8,14,4,14,10,4,14,1,10,13,8,12,4,3,2,14,9,11,3,9,12,6,4,12,10,4,12,13,6,8,5,12,3,11,14,7,5,1,13,11,1,0,2,7,11,4,10,5,2,5,0,10,11,2,12,6,7,1,7,11,3,13,6,7,2,13,3,2,14,11,5,14,5,5,3,14,10,6,14,7,13,0,4,3,9,2,12,3,8,14,11,8,11,9,1,9,7];[[0.7966509679599704,7.966509679599704,1.0],[0.05862623274803458,0.5862623274803458,1.0],[0.7602397739740907,7.602397739740907,1.0],[0.8627037401845356,8.627037401845355,1.0],[0.09127403464611428,0.9127403464611428,1.0],[0.9024924365975527,9.024924365975528,1.0],[0.7858960565941281,7.858960565941281,1.0],[0.40667966546103385,4.0667966546103385,1.0],[0.37447264465852026,3.7447264465852026,1.0],[0.6490262282913547,6.490262282913547,1.0],[0.40092466608569977,4.009246660856998,1.0],[0.5721109226277574,5.721109226277575,1.0],[0.6077930620255084,6.077930620255084,1.0],[0.05072389565884072,0.5072389565884072,1.0],[0.7370880093375713,7.370880093375714,1.0]]
1_Brandimarte_12_workers.fjs;1082.2570776351224;778488;[128,225,278,382,401,491,121,133,206,319,411,450,75,102,230,270,307,353,0,39,50,121,141,161,319,378,18,153,210,278,380,401,436,461,0,29,50,210,319,345,389,26,68,86,308,418,0,78,324,343,401,445,39,235,311,327,388,417,235,357,368,418,450,0,45,64,171,253,0,21,39,237,262,307,454,103,133,225,237,287,20,29,150,244,409,78,210,279,289,401,436,50,116,126,180,253,270,364,411,0,123,196,225,269,279,463,22,72,147,270,294,107,128,289,298,311,342,415,438,474,9,38,62,128,198,234,244,368,66,77,99,135,348,416,485,177,192,348,357,433,462,0,60,224,298,378,388,456,474,39,75,251,270,342,363,398,20,50,77,103,174,192,259,308,368,50,77,169,224,245,279,13,132,155,338,440,87,107,169,186,211,265,0,42,68,211,294,154,293,328,338,426,445];[9,8,9,4,2,7,2,8,4,6,0,9,0,4,2,7,3,8,1,2,5,7,7,6,5,0,3,4,3,4,7,4,9,5,3,6,2,0,4,7,5,4,4,6,8,7,0,4,3,1,7,6,3,6,2,7,6,5,3,6,8,8,2,4,7,8,6,3,5,2,0,7,4,7,6,9,2,6,5,7,6,5,5,4,6,8,9,6,3,9,6,9,6,6,4,7,1,4,2,6,0,9,9,6,0,6,7,1,0,2,0,7,4,6,2,9,5,1,7,7,6,1,9,5,6,4,0,6,6,5,3,6,4,4,5,5,7,6,0,4,4,2,0,7,6,6,3,7,0,6,3,9,5,9,7,6,9,8,9,1,7,3,5,6,5,1,6,9,4,6,8,1,0,9,6,5,7,0,3,2,7,9,7,4,7,2,5,7,4,6,8,0,1];[8,8,13,1,4,4,14,1,0,3,4,9,9,2,12,2,11,8,1,6,3,6,12,12,5,6,0,5,10,9,3,6,0,14,2,6,5,5,10,5,5,2,13,10,14,8,4,13,0,7,2,8,14,7,6,9,13,13,14,0,9,2,0,11,0,6,2,6,13,14,10,6,14,4,6,13,7,14,0,8,3,3,3,1,11,1,6,14,11,1,7,4,11,11,3,10,4,13,12,14,12,5,3,12,5,13,4,14,4,3,2,14,9,4,0,1,11,1,4,7,5,1,2,13,8,4,5,12,0,3,4,2,2,6,8,9,11,0,1,2,2,10,12,0,14,2,8,4,10,8,12,9,7,12,10,11,5,9,5,7,12,7,3,10,14,11,0,14,1,11,3,1,3,8,2,3,11,12,8,4,14,0,12,13,8,11,5,6,13,6,3,0,7];[[0.5209484070219088,5.209484070219088,1.0],[0.42125020101147315,4.212502010114731,1.0],[0.22094517308324657,2.2094517308324657,1.0],[0.13033708391670573,1.3033708391670573,1.0],[0.48395776843282956,4.839577684328296,1.0],[0.6260889663051598,6.260889663051597,1.0],[0.6211218319323739,6.21121831932374,1.0],[0.707277595965894,7.07277595965894,1.0],[0.43539590023548325,4.3539590023548325,1.0],[0.04809800715767443,0.4809800715767443,1.0],[0.2254847064342842,2.254847064342842,1.0],[0.788548045160999,7.88548045160999,1.0],[0.42108890435006496,4.21088904350065,1.0],[0.5652029481252892,5.6520294812528915,1.0],[0.6764042610645917,6.764042610645918,1.0]]
1_Brandimarte_12_workers.fjs;1133.358815941389;883992;[11,334,344,440,458,502,99,110,153,223,275,511,0,29,171,341,384,450,0,22,48,174,194,294,312,342,57,101,230,302,373,395,412,483,27,66,135,312,353,394,433,0,17,88,412,446,17,115,126,384,467,511,0,171,182,242,357,383,182,201,225,242,272,75,101,211,253,448,0,83,116,140,239,291,437,40,65,192,221,260,153,242,253,324,448,0,54,77,146,427,498,0,47,162,171,206,230,278,437,37,47,65,162,283,326,409,60,83,139,221,290,22,128,202,239,260,344,372,411,429,27,37,80,101,126,189,201,488,255,278,302,331,378,494,520,123,156,243,294,412,478,0,260,311,377,398,427,484,502,0,93,119,153,342,357,387,78,125,201,265,324,342,463,478,509,34,57,133,291,461,474,88,101,302,367,461,120,162,201,223,278,304,0,211,223,253,408,36,182,233,372,383,398];[9,5,9,4,2,7,2,8,4,6,0,4,0,4,2,7,3,8,1,8,5,7,7,6,5,0,3,4,9,5,7,4,9,5,3,6,2,0,4,7,5,4,4,6,8,7,2,6,3,1,7,6,3,6,8,7,6,5,3,4,8,1,2,4,7,5,6,3,5,2,0,7,4,7,6,9,2,6,5,7,6,5,5,4,6,8,4,6,3,9,6,9,6,6,4,7,1,4,8,6,2,9,9,6,0,6,7,1,0,0,0,7,4,6,2,9,5,1,7,7,6,1,9,5,6,9,0,6,4,5,3,6,4,4,7,5,7,6,4,4,4,2,0,7,6,6,3,7,0,6,9,9,5,4,7,6,3,8,9,1,7,3,4,6,5,8,6,9,9,9,8,8,0,9,6,5,7,0,3,2,7,6,7,6,7,2,5,7,6,6,5,0,1];[11,4,9,11,11,5,4,5,0,2,8,0,1,10,0,13,1,8,4,12,8,6,5,12,7,6,0,3,12,10,5,12,8,8,8,14,12,10,10,10,5,5,5,2,12,3,14,2,7,9,13,6,7,13,4,9,12,8,13,14,14,8,6,13,7,8,0,7,0,6,1,6,14,4,2,13,7,3,13,14,3,11,4,8,2,6,4,11,11,6,12,9,11,14,8,7,4,14,13,5,0,10,12,6,3,13,6,10,4,1,2,2,9,8,10,1,0,1,4,14,3,1,12,13,8,12,0,12,7,9,1,2,6,6,7,12,6,1,3,11,2,14,12,0,0,4,8,10,4,8,12,4,9,10,13,11,1,5,4,13,14,3,8,4,14,14,5,2,5,5,0,11,10,6,14,14,11,3,13,7,4,12,12,3,9,11,5,12,3,6,4,12,7];[[0.49734142093980327,4.973414209398033,1.0],[0.35999045686025677,3.5999045686025677,1.0],[0.7220617567237175,7.220617567237175,1.0],[0.44672126724761885,4.4672126724761885,1.0],[0.4533596515962979,4.533596515962978,1.0],[0.025925678678183073,0.25925678678183073,1.0],[0.33490089376309407,3.3490089376309404,1.0],[0.4755440242737675,4.755440242737675,1.0],[0.45132356511490823,4.513235651149082,1.0],[0.08788974506102976,0.8788974506102976,1.0],[0.29509671683068217,2.9509671683068217,1.0],[0.33863234208051063,3.3863234208051063,1.0],[0.9020959027552419,9.020959027552419,1.0],[0.7173473735926632,7.173473735926632,1.0],[0.8986159167700656,8.986159167700656,1.0]]
1_Brandimarte_12_workers.fjs;1084.2159790500314;545892;[261,291,316,339,358,497,40,100,305,359,368,383,48,104,134,325,358,414,19,59,103,152,224,307,320,377,0,21,200,288,341,387,460,483,59,81,99,181,205,236,255,0,145,280,350,444,20,92,136,154,253,405,40,197,231,307,450,460,99,181,205,220,460,51,172,218,252,388,0,118,160,207,272,362,441,0,81,103,131,464,31,42,156,327,368,0,81,230,258,349,395,25,42,134,155,190,207,323,339,11,70,131,221,317,417,471,79,100,145,207,307,118,130,188,205,219,291,320,382,428,20,136,248,365,414,448,460,502,0,70,95,143,256,358,482,21,47,178,395,417,454,0,33,66,124,231,241,270,432,54,181,291,342,365,400,460,19,40,53,81,100,118,183,349,387,56,169,178,305,330,364,32,86,205,221,231,25,70,305,400,416,435,130,241,288,416,435,0,78,113,154,172,242];[9,8,9,4,2,7,2,8,4,6,0,9,0,4,2,7,3,5,1,2,5,7,7,6,5,2,3,4,3,4,7,4,9,5,3,6,2,0,4,7,5,4,9,6,8,7,2,6,3,1,7,6,3,6,8,7,6,5,9,4,8,1,2,4,7,8,6,3,5,2,0,7,4,7,6,9,2,6,5,7,6,5,5,6,6,8,9,4,3,9,6,9,6,6,4,7,1,4,8,6,2,9,9,6,0,6,7,1,0,0,0,7,4,6,2,3,5,1,7,7,6,1,9,5,6,9,0,6,6,5,3,6,4,4,7,5,7,6,0,4,4,2,0,7,6,6,3,7,0,6,3,9,5,9,7,6,3,8,9,1,7,3,5,6,5,1,6,9,9,9,8,1,0,9,6,5,7,0,3,2,7,9,7,6,7,2,5,7,4,6,8,2,1];[12,3,7,1,8,4,3,2,0,5,2,9,13,9,8,13,1,8,1,7,4,6,0,13,9,1,1,11,8,0,3,13,2,13,2,0,5,10,10,8,11,2,7,2,11,5,9,4,13,10,2,8,7,13,2,10,12,13,7,9,9,7,6,14,11,4,3,1,11,6,9,2,14,4,1,13,7,14,5,14,14,8,3,14,0,6,3,6,5,14,14,2,0,14,12,7,11,0,2,12,4,4,12,11,0,1,2,11,4,7,2,10,9,0,14,5,12,6,4,5,7,1,12,13,6,6,0,12,14,13,13,2,8,6,7,12,10,13,0,13,7,9,12,0,2,1,0,1,7,8,12,4,7,9,7,11,3,5,6,8,12,1,8,13,12,5,5,14,5,5,3,9,10,1,14,10,13,12,4,4,9,11,12,13,9,11,3,0,9,2,13,6,7];[[0.4211249061401,4.211249061401,1.0],[0.9761073344853062,9.761073344853061,1.0],[0.6132800246752349,6.132800246752349,1.0],[0.6930423279788359,6.930423279788359,1.0],[0.5088628354481554,5.088628354481553,1.0],[0.18781156668551158,1.8781156668551158,1.0],[0.830121874145001,8.301218741450011,1.0],[0.8449241651217704,8.449241651217704,1.0],[0.20962821201639004,2.0962821201639006,1.0],[0.6505169872996391,6.505169872996391,1.0],[0.7003316191510263,7.003316191510263,1.0],[0.7150339547653067,7.150339547653068,1.0],[0.8091072451390076,8.091072451390076,1.0],[0.8451978833841938,8.451978833841938,1.0],[0.3695849781386673,3.695849781386673,1.0]]
1_Brandimarte_12_workers.fjs;1068.2858212090568;3703692;[39,114,201,381,423,472,0,164,319,370,409,423,0,50,119,147,318,338,159,177,217,273,348,360,385,433,101,123,150,175,235,265,318,338,21,60,70,206,222,256,407,70,94,235,262,293,44,103,240,403,456,472,42,330,363,389,437,455,0,27,50,61,374,0,109,276,380,407,95,147,183,218,292,328,457,293,318,340,433,490,0,61,129,247,481,0,68,155,186,245,407,27,143,212,337,372,389,458,476,94,119,175,217,262,272,299,33,172,225,301,358,0,76,194,243,265,313,330,422,440,9,84,106,245,272,308,388,416,20,71,119,165,206,364,407,11,90,114,400,428,476,11,29,77,123,133,143,164,336,31,82,103,194,282,310,426,61,101,119,145,201,222,299,350,364,0,203,333,377,409,422,127,286,363,447,477,13,82,164,225,360,388,55,150,182,206,267,127,182,221,288,364,376];[9,8,9,4,0,7,2,8,4,6,0,9,0,4,2,7,3,8,1,8,5,7,7,6,5,0,3,4,9,5,7,4,9,5,3,6,2,0,4,7,7,6,9,6,8,7,0,6,3,1,7,6,3,6,8,7,6,5,3,4,5,1,2,4,7,8,6,3,5,2,0,7,4,7,6,9,2,6,5,7,6,5,5,4,6,8,9,6,3,9,6,9,6,6,4,7,1,4,8,6,0,9,9,6,0,6,7,1,0,0,0,7,4,6,8,3,7,1,7,7,6,1,9,5,6,4,0,6,6,5,3,6,4,4,5,5,7,6,4,4,4,2,0,7,6,6,3,7,0,6,3,4,5,4,5,6,3,8,9,1,7,3,5,6,5,1,6,9,9,9,8,8,0,9,6,5,7,0,3,2,7,9,7,4,7,2,5,7,4,6,5,2,8];[11,7,9,1,13,12,2,8,0,7,12,2,8,2,12,2,13,9,1,12,3,13,0,12,7,12,6,1,5,3,8,12,8,11,8,6,5,12,10,8,3,7,7,2,6,8,4,1,0,4,11,10,1,6,3,9,13,7,12,2,10,8,4,14,11,6,2,0,3,6,6,2,14,4,1,13,7,14,0,14,3,0,3,9,11,1,3,10,3,1,7,14,0,14,5,10,8,13,13,14,3,2,13,11,2,1,3,14,4,0,2,0,9,8,3,9,4,1,4,5,7,13,12,13,7,6,5,14,0,6,4,7,5,6,8,2,8,8,6,9,2,6,12,0,0,2,8,4,7,5,12,14,7,12,11,11,1,9,5,7,2,5,3,13,14,13,0,3,5,5,3,9,10,8,2,7,11,1,6,1,9,0,12,13,9,4,0,6,4,6,9,11,13];[[0.4831103964860096,4.831103964860096,1.0],[0.9021829992468611,9.02182999246861,1.0],[0.5374571935128641,5.374571935128642,1.0],[0.8761340971511191,8.761340971511192,1.0],[0.573156942708234,5.7315694270823405,1.0],[0.994523847851402,9.945238478514021,1.0],[0.3574465703190305,3.574465703190305,1.0],[0.6617299629663892,6.617299629663892,1.0],[0.4882872262788658,4.882872262788657,1.0],[0.5726412824777106,5.726412824777106,1.0],[0.32388398325139345,3.2388398325139347,1.0],[0.8072354510963532,8.072354510963532,1.0],[0.8087324055796944,8.087324055796945,1.0],[0.660852452150834,6.60852452150834,1.0],[0.5802577271631468,5.802577271631469,1.0]]
1_Brandimarte_12_workers.fjs;1156.0400917474178;3087252;[0,29,104,184,200,508,19,52,69,111,121,525,59,110,146,185,405,453,29,53,65,91,371,387,410,497,9,42,74,121,219,326,342,359,21,100,111,136,407,491,508,0,59,130,184,317,0,229,253,337,355,378,111,364,389,400,434,484,55,87,229,251,351,158,300,349,397,474,30,65,211,284,389,418,457,120,194,212,314,337,121,158,258,307,488,91,253,341,364,384,425,72,90,171,200,240,258,291,307,26,35,90,315,446,468,515,146,312,326,421,446,0,17,160,212,225,286,410,438,526,0,166,188,253,275,356,400,466,80,133,158,222,275,312,474,169,201,251,262,437,506,0,19,133,335,356,384,456,474,35,145,174,229,368,383,477,0,21,30,59,72,93,275,345,432,42,303,398,427,438,484,0,232,300,367,463,33,171,275,335,384,451,111,135,166,191,206,13,181,262,315,400,497];[9,8,9,4,0,7,2,5,4,6,0,4,0,4,2,7,3,5,1,8,5,7,7,6,5,0,6,4,3,5,7,4,9,5,3,6,2,0,4,7,5,4,9,6,5,7,0,4,9,1,7,6,3,4,2,7,6,5,3,4,8,8,2,4,7,5,6,9,5,6,0,7,4,7,6,9,2,6,5,7,6,5,7,4,6,5,4,4,3,9,6,9,6,6,4,7,1,4,2,6,2,9,9,6,0,6,7,1,0,0,0,7,4,6,2,3,5,1,7,7,6,1,9,5,6,9,0,6,6,5,3,6,4,6,7,5,7,6,0,4,4,2,0,7,6,6,3,7,4,6,9,9,5,9,5,6,3,5,9,1,7,3,5,6,5,8,6,9,9,9,8,1,0,9,6,5,7,0,3,2,7,9,7,4,7,6,5,7,6,6,8,2,8];[11,10,2,4,3,12,3,4,0,11,2,3,1,10,0,13,1,8,11,8,7,13,13,12,9,3,6,3,10,11,1,11,5,14,8,12,9,2,0,8,7,5,5,6,7,8,12,13,7,8,11,10,1,5,5,10,2,7,13,8,11,6,4,7,9,8,3,4,5,12,10,6,0,4,6,13,7,3,13,14,3,11,14,11,0,7,5,3,4,1,12,9,11,6,9,14,9,7,0,14,0,4,12,7,14,13,12,2,4,7,2,7,9,14,0,5,4,6,4,12,6,12,2,13,0,6,5,8,13,8,4,6,2,3,12,2,6,10,1,9,6,10,12,0,9,10,8,4,9,2,13,5,7,3,6,11,1,13,1,11,4,5,8,10,14,14,2,2,5,5,3,2,3,6,12,3,13,14,13,13,14,13,12,4,9,11,11,0,3,12,6,7,13];[[0.34661995661142697,3.4661995661142697,1.0],[0.2286410960833074,2.286410960833074,1.0],[0.012392470279078194,0.12392470279078194,1.0],[0.9308270259025113,9.308270259025113,1.0],[0.3225145761620236,3.225145761620236,1.0],[0.0006954578022455582,0.006954578022455582,1.0],[0.2097170717940725,2.097170717940725,1.0],[0.5179602272351016,5.179602272351016,1.0],[0.7628222106217201,7.6282221062172,1.0],[0.3089717897377221,3.089717897377221,1.0],[0.15113122452813788,1.5113122452813788,1.0],[0.07045772229012492,0.7045772229012492,1.0],[0.8725064026541692,8.725064026541693,1.0],[0.3074981421409557,3.074981421409557,1.0],[0.272859759997538,2.7285975999753798,1.0]]
1_Brandimarte_12_workers.fjs;1117.2469204336376;679680;[38,114,295,411,470,512,70,104,172,260,303,509,24,213,288,465,481,515,12,58,78,144,218,270,282,468,0,69,129,239,412,433,449,465,24,226,238,255,355,395,412,56,104,153,180,341,13,99,148,167,379,509,42,129,141,200,307,327,62,364,395,494,507,96,127,147,280,325,0,24,164,266,338,433,491,13,81,119,152,230,110,173,282,319,454,24,271,375,386,406,500,0,16,89,122,164,181,255,276,10,99,142,224,250,318,333,34,54,187,271,481,0,147,206,215,230,248,282,307,325,0,25,91,350,407,434,447,481,46,56,110,180,303,385,481,0,54,238,282,382,453,40,58,73,141,318,328,361,477,19,167,265,304,372,496,519,65,124,195,228,248,349,394,434,444,19,80,115,361,468,481,0,73,250,444,490,87,226,367,412,453,481,12,46,181,355,373,107,190,215,226,333,508];[9,5,9,4,2,7,2,5,4,6,0,4,0,4,2,7,3,5,1,2,5,7,7,6,5,0,3,4,3,4,7,4,9,5,3,6,2,0,4,7,5,6,9,6,8,7,0,6,3,1,7,6,3,6,2,7,6,5,3,6,8,8,0,4,7,8,6,9,5,2,0,7,4,7,6,9,2,6,5,7,6,5,7,4,6,5,4,6,3,9,6,9,4,6,4,7,1,4,2,6,2,9,9,6,0,6,7,1,0,0,4,7,4,6,2,3,5,1,7,7,6,1,9,5,6,9,0,6,6,5,3,6,4,6,7,4,7,6,0,4,4,2,0,7,6,6,3,7,0,6,9,9,5,9,7,6,9,5,9,1,7,3,5,6,5,8,6,9,9,9,8,8,0,9,6,5,7,0,3,2,7,9,7,4,7,2,5,7,4,6,5,0,8];[1,4,6,4,4,4,4,9,0,10,8,7,9,9,12,13,11,8,4,5,3,6,5,12,7,6,6,1,10,4,3,10,3,1,2,7,2,12,12,10,9,7,12,2,12,5,2,2,5,11,11,5,14,0,2,10,14,10,14,0,11,10,6,13,9,8,2,4,3,6,6,6,7,4,6,13,7,3,13,14,3,4,9,11,0,0,3,13,5,8,7,2,5,6,8,10,1,7,0,14,8,7,3,11,12,9,12,10,4,7,13,4,9,8,0,5,0,6,4,5,12,4,12,13,7,11,5,14,13,3,2,2,1,1,7,8,11,8,1,2,4,6,12,5,13,2,8,10,12,8,5,5,7,1,0,11,0,12,1,0,6,1,8,13,14,14,2,14,5,5,3,9,9,14,2,2,11,12,6,10,9,0,12,8,8,7,8,7,14,12,1,0,13];[[0.8559393885152179,8.55939388515218,1.0],[0.8004839408308784,8.004839408308783,1.0],[0.5938433496209707,5.938433496209708,1.0],[0.8870093324131678,8.870093324131679,1.0],[0.741558169706834,7.4155816970683395,1.0],[0.8097670389513107,8.097670389513107,1.0],[0.2247324103169328,2.247324103169328,1.0],[0.9761818800633866,9.761818800633865,1.0],[0.6339038774096737,6.339038774096737,1.0],[0.5580285642552777,5.580285642552777,1.0],[0.4463526500656817,4.463526500656817,1.0],[0.28336462923826333,2.8336462923826335,1.0],[0.9019880415639555,9.019880415639555,1.0],[0.03268507148422006,0.32685071484220063,1.0],[0.4362825217209084,4.3628252172090844,1.0]]
1_Brandimarte_12_workers.fjs;1147.576668400157;2557932;[0,78,172,205,227,412,0,290,342,360,369,464,0,43,172,207,308,438,0,47,146,187,240,314,358,448,19,148,213,274,363,433,448,466,52,145,155,172,223,252,282,0,65,164,245,269,43,101,144,267,384,429,73,227,279,290,407,471,0,106,136,316,439,300,326,344,369,398,27,50,69,171,450,490,510,76,101,347,382,430,117,126,194,360,450,33,128,248,290,341,398,53,68,155,175,223,254,378,394,136,155,215,259,335,448,477,89,279,341,407,417,0,17,78,150,235,254,303,448,525,15,25,52,223,247,290,300,324,125,172,194,274,326,467,510,15,69,194,320,394,485,0,27,55,96,126,136,153,384,25,101,297,324,355,407,519,27,137,186,240,308,326,419,440,450,0,87,230,286,313,348,13,238,326,417,515,13,53,92,191,400,494,33,200,344,417,494,111,237,303,314,356,419];[9,5,9,6,0,7,2,8,4,6,0,9,0,4,2,7,3,8,1,8,5,7,7,6,5,2,3,4,3,4,7,4,9,7,3,6,2,0,4,7,5,4,9,6,5,7,0,4,9,1,7,6,3,6,8,7,6,5,3,6,8,1,0,4,7,8,6,3,5,2,0,7,4,7,6,9,2,6,5,7,6,5,5,4,6,8,9,4,3,9,6,9,4,6,4,7,1,4,8,6,0,9,9,6,0,6,7,1,0,2,0,7,4,6,8,3,5,1,7,7,6,1,6,5,6,4,0,6,4,5,3,6,4,4,7,5,7,6,0,4,4,6,0,7,6,6,3,7,0,6,9,9,5,9,5,6,9,5,9,1,7,3,4,6,5,8,6,9,9,9,5,8,0,9,6,5,7,0,3,2,7,9,7,4,7,2,5,7,6,6,5,0,8];[5,14,13,10,3,5,1,2,0,7,8,1,8,10,0,13,11,8,0,13,3,6,5,14,4,6,6,5,11,2,3,6,9,8,8,6,1,7,1,8,8,6,12,10,10,3,1,13,7,11,11,9,1,6,11,9,12,10,13,4,2,6,11,7,11,1,1,1,14,9,5,6,7,4,6,13,7,7,5,14,3,8,4,9,0,11,3,13,3,14,12,4,11,11,8,7,5,0,4,14,6,2,12,5,5,9,14,7,4,4,2,4,9,8,14,9,0,6,4,5,12,7,14,13,6,14,1,2,1,3,2,6,8,12,7,10,2,10,1,13,7,10,10,5,0,2,0,4,6,8,10,12,9,12,8,11,0,9,1,7,13,7,10,7,14,11,0,2,5,5,3,4,11,14,1,3,11,6,3,11,9,10,12,8,8,11,8,0,8,14,0,2,13];[[0.5198238265685563,5.198238265685563,1.0],[0.9583988744400509,9.583988744400509,1.0],[0.3402956357666065,3.402956357666065,1.0],[0.7081849781179302,7.081849781179303,1.0],[0.9252189405445452,9.252189405445453,1.0],[0.05032666735654623,0.5032666735654623,1.0],[0.6613275461751585,6.613275461751585,1.0],[0.82711411373077,8.271141137307701,1.0],[0.8734961127808921,8.734961127808921,1.0],[0.5913019030238962,5.913019030238962,1.0],[0.11264722490163037,1.1264722490163037,1.0],[0.34477784983246407,3.4477784983246407,1.0],[0.011377599382669468,0.11377599382669468,1.0],[0.7909742881977946,7.909742881977946,1.0],[0.3277964015146908,3.277964015146908,1.0]]
1_Brandimarte_12_workers.fjs;1088.8582231646662;4525356;[50,77,162,289,388,427,21,46,202,226,309,354,0,21,134,361,378,399,63,94,171,202,295,378,404,427,42,69,96,123,133,170,253,289,0,29,42,59,145,241,378,185,242,265,348,492,21,39,137,162,325,454,0,46,91,184,295,381,151,206,217,313,325,220,307,325,342,400,19,77,94,116,273,341,369,25,59,169,258,393,11,41,52,365,407,0,96,141,255,330,398,0,50,60,247,276,295,382,427,217,226,267,344,444,454,484,35,77,276,336,369,0,118,151,169,182,200,229,258,463,20,41,78,101,179,206,242,474,0,235,280,306,420,437,468,9,77,160,220,307,336,115,134,171,255,332,412,445,463,101,130,226,313,388,411,463,21,59,108,137,154,200,337,388,426,0,69,78,306,317,455,264,352,398,434,447,55,336,352,369,480,492,13,130,222,273,358,95,235,245,412,444,455];[9,8,9,4,2,7,2,8,4,6,0,4,0,4,2,7,3,8,1,2,5,7,7,6,5,2,3,4,3,5,7,4,9,5,3,6,2,0,4,7,7,4,9,6,5,7,0,6,9,1,7,6,9,4,8,7,6,5,3,6,8,8,2,4,7,8,6,9,5,2,0,7,4,7,6,9,2,6,5,7,6,5,5,4,6,5,4,6,3,9,6,4,6,6,4,7,1,4,8,6,2,9,9,6,0,6,7,1,0,2,0,7,4,6,2,3,5,1,7,7,6,1,6,5,6,9,0,6,6,5,9,6,4,4,5,5,7,6,0,4,4,2,0,7,6,6,3,7,4,6,3,9,5,9,7,6,3,8,9,1,7,3,5,6,5,8,6,9,9,9,8,8,0,4,6,5,7,0,3,2,7,9,7,6,7,2,5,7,6,6,8,2,1];[8,13,5,7,8,5,8,10,0,14,8,5,1,10,12,9,11,8,0,7,2,13,1,12,3,1,0,5,10,1,3,11,2,14,8,6,1,9,1,10,3,1,12,10,7,5,4,4,11,10,11,8,9,6,1,9,12,13,14,4,4,14,10,1,11,0,2,1,7,9,8,8,14,4,6,13,7,3,5,14,3,5,4,0,0,13,14,0,6,1,7,3,11,14,11,2,8,7,11,12,10,7,14,11,9,13,12,7,4,7,2,5,7,4,14,5,3,6,4,7,6,7,2,13,8,14,9,14,0,14,0,2,6,12,8,4,6,8,0,7,13,10,10,0,12,2,8,4,12,5,13,12,9,12,13,11,1,2,4,9,2,7,8,4,14,11,3,3,5,5,0,9,10,11,0,3,13,10,8,10,9,1,12,6,9,11,13,0,3,6,7,0,5];[[0.18019241848515155,1.8019241848515155,1.0],[0.48736227300275514,4.873622730027551,1.0],[0.07759170039841756,0.7759170039841756,1.0],[0.5225667244081349,5.2256672440813485,1.0],[0.9196433340252647,9.196433340252646,1.0],[0.8762509611803474,8.762509611803473,1.0],[0.5029695910906639,5.029695910906638,1.0],[0.8160267976375112,8.160267976375112,1.0],[0.8059112000327816,8.059112000327817,1.0],[0.2140591090540045,2.140591090540045,1.0],[0.08805821114486456,0.8805821114486456,1.0],[0.20329737064426556,2.0329737064426556,1.0],[0.5837360924329463,5.837360924329463,1.0],[0.6737333796339059,6.737333796339059,1.0],[0.1608013027204077,1.6080130272040771,1.0]]
1_Brandimarte_14_workers.fjs;1479.351628981415;924840;[21,63,89,337,398,426,594,614,109,146,164,188,387,403,455,518,574,594,612,77,136,169,193,598,625,642,686,132,161,315,333,354,381,400,421,516,642,0,48,127,354,385,561,577,588,614,13,50,63,136,202,228,246,423,23,107,200,219,237,363,504,584,53,104,168,212,276,292,360,388,455,577,636,40,152,289,302,332,351,418,468,488,516,535,180,211,239,371,403,449,483,546,592,647,18,107,127,144,287,319,332,431,634,671,83,109,134,264,319,568,588,659,0,69,97,144,211,272,296,311,584,653,673,0,109,126,160,193,344,455,469,669,52,106,180,194,211,237,398,437,555,625,64,88,106,147,272,337,477,487,607,30,57,178,256,400,450,475,494,29,40,86,133,360,411,461,488,626,0,126,235,319,337,360,414,455,487,605,0,188,280,467,523,541,634,653,0,45,161,235,436,487,614,634,25,59,292,399,469,598,616,653,154,184,200,291,381,488,533,606,0,27,44,76,97,137,154,166,193,226,504,62,161,204,302,319,364,388,541,588,120,168,352,431,505,523,552,636,32,53,86,97,215,260,289,439,468,542,68,135,254,272,369,501,523,542,0,237,260,411,445,504,615,635,659,684,11,30,53,76,154,280,351,364,436,569,642];[8,9,11,11,12,8,8,1,9,13,12,8,13,14,9,13,8,6,7,2,9,11,0,0,3,5,13,4,6,8,3,11,1,9,13,4,3,14,0,8,7,4,11,10,4,6,13,10,4,10,5,11,7,12,7,1,11,0,3,8,3,5,13,13,8,12,11,14,10,0,0,11,4,10,11,13,8,13,6,0,8,4,1,12,5,9,13,11,13,12,13,3,11,0,9,8,12,7,12,13,5,11,13,13,9,5,11,8,12,1,9,3,9,11,2,12,13,13,12,10,13,8,11,10,3,0,13,1,12,13,3,9,4,11,10,13,4,1,3,4,8,0,8,13,4,8,12,8,0,14,5,14,7,13,1,1,10,6,12,10,2,8,13,4,11,4,8,11,8,3,9,11,4,1,10,8,10,11,4,12,7,0,11,5,8,13,13,9,4,8,3,11,8,12,4,2,11,8,13,13,10,9,3,11,6,5,8,1,13,9,7,3,8,1,10,0,12,0,9,13,12,10,5,0,13,7,13,12,11,10,13,7,5,14,11,10,13,0,13,11,12,6,8,4,9,10,11,8,13,3,13,5,6,13,8,9,3,4,11,4,7,8,13,9,12,3,3,6,1,12,0,4,13,12,13,13,11];[3,5,9,14,7,4,19,10,12,14,17,6,6,15,5,20,7,16,3,19,1,13,21,9,12,13,19,21,8,5,2,10,14,14,18,17,4,18,18,17,14,0,9,10,1,6,11,4,0,12,5,17,10,9,6,3,15,4,8,20,9,14,8,6,18,7,17,15,3,17,4,19,3,1,9,13,2,9,4,14,4,8,11,20,14,17,18,15,12,1,1,17,10,6,12,8,10,5,1,2,21,13,14,0,21,20,7,9,11,8,6,11,6,1,2,4,3,0,9,7,9,9,1,4,21,18,2,4,17,15,7,4,14,1,12,20,8,20,3,7,16,17,14,20,9,10,7,15,8,2,11,0,6,20,17,13,9,12,19,15,10,3,11,0,0,0,9,5,19,4,9,15,3,16,17,6,14,18,13,13,16,13,2,19,15,10,2,9,19,0,18,21,16,21,19,21,19,2,15,5,8,7,1,1,16,5,16,4,5,0,21,7,20,7,18,15,15,4,7,2,1,11,12,2,11,20,21,3,7,20,7,15,6,16,5,9,10,16,17,7,12,16,9,16,0,2,14,14,9,2,7,20,18,12,4,8,20,21,4,21,14,7,4,18,20,3,17,18,17,4,4,18,9,17,5,14,12];[[0.7773566427005639,7.7735664270056395,1.0],[0.6698255595592497,6.698255595592498,1.0],[0.09913960392481702,0.9913960392481702,1.0],[0.35297051119014544,3.529705111901454,1.0],[0.4679077429008419,4.679077429008419,1.0],[0.5346837414708775,5.346837414708775,1.0],[0.9783090609123973,9.783090609123974,1.0],[0.13031535015865903,1.3031535015865903,1.0],[0.6712434682302663,6.712434682302662,1.0],[0.36422941594737557,3.6422941594737557,1.0],[0.48883570716198577,4.888357071619858,1.0],[0.20301221073405373,2.0301221073405373,1.0],[0.6661983755713592,6.661983755713592,1.0],[0.2276630312069321,2.276630312069321,1.0],[0.4580640582967631,4.580640582967631,1.0],[0.040722397554957435,0.40722397554957435,1.0],[0.9742897953778286,9.742897953778286,1.0],[0.4874760742689066,4.874760742689066,1.0],[0.4616138636373597,4.616138636373597,1.0],[0.7141471558082002,7.141471558082002,1.0],[0.4157281494999725,4.157281494999725,1.0],[0.888011688001529,8.88011688001529,1.0]]
1_Brandimarte_14_workers.fjs;1553.0394675937744;652524;[26,102,253,317,383,492,533,672,0,134,147,179,227,253,506,546,602,644,662,0,17,35,197,323,559,568,685,77,116,216,227,333,350,370,477,546,634,0,27,297,317,388,419,436,464,517,35,54,106,135,160,204,221,357,38,60,150,207,259,313,325,447,67,180,204,216,350,378,400,456,481,582,601,24,65,103,116,161,180,229,317,435,464,715,41,197,243,286,311,328,381,553,601,614,121,157,177,340,456,492,505,528,626,718,0,64,115,470,505,568,583,654,179,215,227,248,412,427,456,501,533,553,690,103,132,256,363,544,614,644,666,682,64,83,233,294,325,370,391,406,452,641,135,258,277,433,471,507,533,590,676,26,103,328,391,429,474,501,662,36,47,197,399,518,544,630,660,708,45,64,73,132,227,281,366,391,411,614,0,26,60,101,237,253,336,699,147,161,215,244,334,564,582,608,49,77,268,286,463,561,577,653,276,301,317,355,490,507,608,626,0,89,219,259,281,311,419,429,543,595,686,0,24,41,116,134,429,487,673,685,54,81,103,158,184,204,277,660,197,221,242,259,277,355,525,543,635,654,82,291,344,419,433,505,676,696,103,135,168,218,281,369,444,487,583,608,73,197,227,269,352,386,520,533,577,658,673];[8,9,11,11,12,4,8,12,4,13,12,4,13,4,9,13,8,6,7,12,13,11,0,0,12,5,13,4,6,4,3,11,1,9,13,4,12,14,0,8,7,8,11,10,4,6,13,10,4,10,5,11,7,12,7,1,11,0,12,4,3,10,13,13,4,12,11,4,10,0,0,11,4,10,11,13,5,13,6,0,8,4,1,12,5,9,13,11,13,12,13,3,11,0,9,8,2,7,3,13,5,11,13,13,9,10,11,8,12,12,9,11,9,13,2,12,13,13,12,10,13,8,11,10,3,0,13,1,1,13,3,9,8,11,10,13,4,1,3,4,8,0,8,13,9,8,12,8,0,14,5,4,7,13,1,1,10,6,12,10,2,8,13,4,11,4,8,11,8,3,9,11,4,1,10,5,5,11,8,12,7,0,11,10,8,13,13,9,14,5,3,11,8,12,4,12,11,4,13,13,10,9,3,11,6,8,8,1,13,9,7,3,8,1,10,0,12,0,9,13,12,10,5,0,13,7,12,12,13,10,13,7,8,4,11,10,13,4,13,11,3,6,8,14,9,10,11,5,13,3,13,8,6,13,8,4,11,4,11,0,7,8,13,9,12,3,3,6,1,12,4,9,13,12,13,13,11];[2,0,4,3,12,1,19,3,11,15,17,8,6,21,5,1,14,19,8,15,4,3,13,0,8,13,19,21,9,3,18,11,3,3,1,15,11,14,5,7,5,5,20,10,12,12,4,18,14,12,1,10,10,9,5,12,6,20,15,6,10,6,7,13,14,13,17,15,2,5,10,5,17,6,15,13,13,21,2,14,14,14,16,20,15,11,18,17,17,4,1,0,5,6,3,8,14,20,2,2,21,4,19,0,3,19,21,4,2,18,15,18,6,6,9,19,8,0,3,16,15,7,10,4,21,13,2,4,5,15,18,5,4,2,7,20,7,19,8,0,7,13,14,9,4,21,0,15,3,13,9,16,6,12,21,5,19,14,19,6,8,2,3,18,3,8,9,16,7,20,9,10,2,8,17,18,14,18,20,19,1,2,21,17,21,18,20,9,11,8,18,21,16,11,14,18,19,21,15,14,6,2,1,1,9,13,7,4,8,20,2,1,1,5,15,20,5,2,9,2,14,19,15,21,17,11,16,6,15,2,11,5,9,18,18,21,10,11,6,15,5,1,9,21,21,0,21,12,4,2,2,15,19,10,17,15,5,4,4,8,5,7,18,0,20,21,17,17,3,11,15,20,9,5,7,14,21];[[0.7966509679599704,7.966509679599704,1.0],[0.05862623274803458,0.5862623274803458,1.0],[0.7602397739740907,7.602397739740907,1.0],[0.8627037401845356,8.627037401845355,1.0],[0.09127403464611428,0.9127403464611428,1.0],[0.9024924365975527,9.024924365975528,1.0],[0.7858960565941281,7.858960565941281,1.0],[0.40667966546103385,4.0667966546103385,1.0],[0.37447264465852026,3.7447264465852026,1.0],[0.6490262282913547,6.490262282913547,1.0],[0.40092466608569977,4.009246660856998,1.0],[0.5721109226277574,5.721109226277575,1.0],[0.6077930620255084,6.077930620255084,1.0],[0.05072389565884072,0.5072389565884072,1.0],[0.7370880093375713,7.370880093375714,1.0],[0.708486383757228,7.08486383757228,1.0],[0.9221724532030824,9.221724532030823,1.0],[0.7149390332589045,7.149390332589045,1.0],[0.6557724968554814,6.5577249685548145,1.0],[0.7371071646895253,7.371071646895253,1.0],[0.18754222176317448,1.8754222176317448,1.0],[0.5019778365908455,5.019778365908455,1.0]]
1_Brandimarte_14_workers.fjs;1418.6525784662585;564084;[227,270,339,357,406,457,541,562,87,159,172,220,250,312,333,419,523,541,559,0,140,158,265,357,405,469,559,17,75,109,175,277,380,399,452,467,525,37,128,247,380,407,464,480,573,599,82,104,161,190,216,373,419,514,0,22,210,229,438,502,515,548,0,15,78,103,131,230,359,397,478,490,515,15,26,50,96,127,207,250,322,383,399,420,51,220,268,295,349,377,434,572,587,596,114,140,277,307,332,379,411,431,573,660,102,134,176,287,306,347,379,612,69,114,131,161,172,186,251,318,406,419,448,75,145,172,318,358,461,498,596,651,0,68,114,203,240,270,290,333,504,621,26,64,177,207,362,387,451,544,617,65,258,302,318,337,397,453,622,0,18,57,100,360,411,431,491,525,0,64,74,102,202,230,373,451,523,561,11,79,103,134,193,210,341,627,146,159,177,491,504,542,562,591,43,69,243,354,392,543,559,583,22,86,140,234,306,420,609,627,22,160,267,290,312,336,388,424,461,530,544,26,51,160,233,283,432,461,506,583,220,233,339,359,390,424,482,633,32,50,68,93,187,243,290,336,366,491,0,128,283,392,436,467,602,621,118,160,261,347,357,438,512,530,616,641,0,16,42,102,118,190,336,475,591,645,660];[8,9,11,11,12,8,8,1,9,13,12,4,13,4,9,13,8,6,7,2,9,11,4,0,3,5,13,9,6,8,3,11,1,9,13,0,3,14,0,8,7,4,11,10,4,6,13,10,4,10,10,11,7,12,7,1,11,0,3,4,3,5,13,13,8,12,11,14,5,0,0,11,4,10,11,13,8,13,6,0,8,0,1,3,10,9,13,11,13,12,13,3,3,0,9,8,2,7,12,13,5,11,13,13,4,10,11,8,12,12,4,3,9,13,12,12,13,13,1,5,13,8,11,10,3,0,13,1,12,13,3,9,4,11,10,13,9,1,12,4,8,0,8,13,9,8,12,8,0,4,10,14,7,13,1,1,10,6,3,10,2,8,13,8,11,9,4,11,8,3,4,11,14,1,10,5,5,11,4,12,7,4,11,5,8,13,13,9,14,8,12,11,8,12,9,2,11,4,13,13,10,9,3,11,6,5,8,1,13,4,7,3,8,1,10,0,3,0,4,13,12,10,5,0,13,7,12,3,11,10,13,7,5,14,11,10,13,0,13,11,12,6,8,4,9,10,13,5,9,3,13,5,6,13,8,9,3,8,11,0,7,8,13,9,12,3,3,6,12,3,0,4,13,12,13,13,11];[17,5,20,10,0,11,5,21,12,15,17,12,19,21,8,1,11,16,8,8,1,10,2,18,6,1,19,11,15,14,2,8,14,14,1,12,5,1,18,1,5,5,18,10,19,6,17,8,14,19,19,7,15,6,1,3,5,14,17,2,14,0,14,13,7,7,17,2,17,10,4,13,10,14,19,19,10,21,9,13,5,18,13,18,15,4,18,13,0,4,6,7,16,1,6,13,4,9,0,20,20,5,12,0,2,8,18,7,6,15,16,5,6,5,9,4,6,0,10,20,15,17,9,4,0,19,2,12,5,15,18,8,12,16,20,14,15,12,10,19,0,13,14,2,10,6,11,8,20,17,6,5,6,20,11,16,19,6,16,2,5,3,21,21,3,19,16,19,7,19,9,18,15,16,10,2,0,18,9,13,17,4,20,8,21,10,15,9,16,14,5,13,16,12,11,8,12,5,15,14,15,4,1,1,6,6,1,4,8,12,8,11,20,21,18,15,1,2,14,2,7,21,14,13,13,11,14,7,19,17,7,7,2,1,21,11,3,0,6,18,13,16,9,14,17,13,8,7,6,12,14,20,18,21,4,7,1,7,4,4,14,7,17,12,21,1,17,17,3,9,19,4,9,6,10,14,12];[[0.5209484070219088,5.209484070219088,1.0],[0.42125020101147315,4.212502010114731,1.0],[0.22094517308324657,2.2094517308324657,1.0],[0.13033708391670573,1.3033708391670573,1.0],[0.48395776843282956,4.839577684328296,1.0],[0.6260889663051598,6.260889663051597,1.0],[0.6211218319323739,6.21121831932374,1.0],[0.707277595965894,7.07277595965894,1.0],[0.43539590023548325,4.3539590023548325,1.0],[0.04809800715767443,0.4809800715767443,1.0],[0.2254847064342842,2.254847064342842,1.0],[0.788548045160999,7.88548045160999,1.0],[0.42108890435006496,4.21088904350065,1.0],[0.5652029481252892,5.6520294812528915,1.0],[0.6764042610645917,6.764042610645918,1.0],[0.7568325816320766,7.568325816320765,1.0],[0.16251102322256883,1.6251102322256883,1.0],[0.4662293326345085,4.662293326345085,1.0],[0.652658580109924,6.526585801099239,1.0],[0.9348323542569703,9.348323542569704,1.0],[0.28093837261172117,2.8093837261172117,1.0],[0.9004772145836625,9.004772145836625,1.0]]
1_Brandimarte_14_workers.fjs;1468.2288632794143;2877012;[16,40,102,172,223,366,396,604,123,152,166,317,371,388,409,602,617,637,655,63,87,187,272,347,426,443,510,124,170,265,281,424,436,484,554,605,644,0,27,63,81,152,540,558,569,655,0,51,81,222,271,459,475,630,0,55,81,206,296,435,510,569,76,91,110,128,206,224,251,512,569,579,655,40,64,139,152,451,470,488,535,555,585,655,63,106,124,222,340,483,569,587,632,666,29,81,190,273,432,484,501,615,645,681,59,87,139,204,388,455,501,603,0,41,112,128,245,275,292,308,497,516,597,0,29,40,214,232,334,357,373,522,0,27,88,310,327,355,388,434,575,596,166,196,214,416,458,472,525,587,656,27,164,259,374,417,432,520,660,29,81,122,166,224,251,271,301,475,144,194,300,326,371,442,459,487,505,645,58,88,194,260,344,361,596,663,232,316,355,393,460,491,555,575,0,29,46,409,470,525,541,612,0,11,108,170,188,204,292,426,23,56,102,122,188,249,443,460,497,541,666,0,27,110,179,224,308,472,558,605,108,122,209,251,361,528,629,655,20,122,179,206,281,406,541,594,617,637,23,40,56,251,265,587,637,655,24,35,156,176,249,347,406,587,605,630,106,190,209,245,284,296,327,349,388,436,522];[8,9,11,11,12,8,8,1,4,13,12,8,13,4,9,13,8,6,7,12,9,11,0,0,3,5,13,9,6,8,3,13,1,9,13,0,3,14,0,8,7,4,11,10,9,6,13,10,4,10,10,11,7,12,7,1,11,4,3,8,11,10,13,13,4,12,11,14,5,0,0,11,9,10,11,13,5,13,6,0,8,4,1,12,10,9,13,11,13,12,13,3,11,0,4,8,12,7,12,13,8,11,13,13,9,5,11,8,12,1,9,3,9,13,12,3,13,13,12,10,13,8,11,10,12,0,13,1,12,13,3,9,8,11,10,13,4,1,3,4,8,4,8,13,9,8,12,8,4,14,5,14,7,13,1,12,10,6,3,10,2,8,13,8,11,4,8,11,8,3,4,11,14,12,10,5,10,11,4,12,7,0,11,10,8,13,13,9,4,5,3,11,8,12,4,2,11,4,13,13,5,9,12,11,6,5,8,1,13,9,7,3,8,1,5,0,3,0,4,13,12,5,5,0,13,7,12,12,11,10,13,7,5,14,11,10,13,0,13,11,3,6,8,14,9,10,13,5,9,3,13,8,6,13,8,4,3,8,11,4,7,8,13,9,12,3,3,6,12,3,0,9,13,12,13,13,11];[14,13,4,0,3,5,19,8,1,14,17,8,20,21,0,1,7,17,8,1,17,13,12,8,0,6,17,4,15,15,18,16,20,17,18,12,9,0,18,4,5,12,12,10,13,13,15,4,7,17,0,8,10,0,13,17,14,1,13,9,3,1,18,9,15,6,17,20,21,0,10,9,17,14,10,13,15,21,7,4,4,0,17,20,13,11,18,6,17,13,6,18,6,3,3,4,8,4,17,18,1,5,12,16,3,20,18,20,20,18,5,20,19,17,8,0,6,1,7,20,12,20,10,4,5,6,2,9,21,15,8,3,21,2,0,6,6,0,3,12,15,15,14,2,21,21,14,20,8,13,2,12,20,20,10,6,8,5,16,6,10,2,6,14,0,14,4,5,20,4,16,12,15,16,17,2,19,18,20,13,6,10,20,3,14,10,8,9,19,10,19,7,16,3,9,15,19,5,15,14,3,20,20,1,9,3,5,0,8,19,20,7,1,16,3,17,1,2,18,7,20,11,0,7,19,5,10,13,11,19,19,5,18,18,16,10,18,0,17,19,6,5,9,4,20,2,17,7,13,10,18,19,16,21,19,6,11,1,4,9,5,7,17,12,11,3,17,17,16,8,15,2,11,13,4,14,15];[[0.49734142093980327,4.973414209398033,1.0],[0.35999045686025677,3.5999045686025677,1.0],[0.7220617567237175,7.220617567237175,1.0],[0.44672126724761885,4.4672126724761885,1.0],[0.4533596515962979,4.533596515962978,1.0],[0.025925678678183073,0.25925678678183073,1.0],[0.33490089376309407,3.3490089376309404,1.0],[0.4755440242737675,4.755440242737675,1.0],[0.45132356511490823,4.513235651149082,1.0],[0.08788974506102976,0.8788974506102976,1.0],[0.29509671683068217,2.9509671683068217,1.0],[0.33863234208051063,3.3863234208051063,1.0],[0.9020959027552419,9.020959027552419,1.0],[0.7173473735926632,7.173473735926632,1.0],[0.8986159167700656,8.986159167700656,1.0],[0.032997165944182005,0.32997165944182005,1.0],[0.2284682145918675,2.284682145918675,1.0],[0.5381470661357333,5.381470661357333,1.0],[0.06127510457974772,0.6127510457974772,1.0],[0.22935566071129299,2.29355660711293,1.0],[0.5598162304796008,5.598162304796008,1.0],[0.0008471767611641923,0.008471767611641923,1.0]]
1_Brandimarte_14_workers.fjs;1477.480723846549;2663604;[18,61,132,149,218,276,329,350,17,135,162,230,288,304,334,467,493,557,594,30,81,99,259,446,495,570,668,102,135,219,230,372,389,443,495,603,614,61,138,193,275,300,329,401,422,460,61,79,369,412,530,553,571,609,0,22,105,216,321,416,479,662,0,45,76,92,116,132,193,227,391,460,479,157,168,227,240,304,323,412,438,513,564,632,280,305,340,355,404,436,510,553,568,577,0,37,134,149,197,391,457,511,635,653,72,151,218,369,508,534,548,664,44,92,116,138,274,323,342,357,482,513,609,22,51,60,355,407,462,557,589,604,0,61,91,118,135,164,186,197,532,635,135,174,193,255,275,302,436,511,553,27,102,193,212,232,254,443,512,0,10,234,259,275,300,412,439,644,56,128,149,200,334,422,457,491,621,661,92,280,355,379,391,511,550,682,79,351,390,474,548,591,609,662,164,193,253,389,421,435,452,474,0,15,31,120,533,545,571,647,51,97,172,193,216,401,412,473,571,622,635,102,157,193,209,227,357,383,571,595,14,72,176,362,409,486,528,622,27,45,61,99,214,255,329,355,491,511,0,113,240,259,300,452,472,591,31,44,184,205,252,350,373,398,584,647,15,48,305,331,362,450,544,558,589,607,627];[8,9,11,11,12,4,8,1,9,13,12,4,13,14,9,13,8,6,7,2,9,11,0,0,3,10,13,4,6,4,3,11,1,9,13,0,3,14,0,8,7,8,11,10,9,6,13,10,9,10,5,11,7,12,7,1,13,0,12,8,11,10,13,13,8,12,11,14,5,0,0,11,4,10,11,13,5,13,6,0,8,0,1,3,10,9,13,11,13,12,13,3,3,0,4,8,12,13,12,13,8,11,13,13,4,5,11,8,12,12,4,3,9,13,12,3,13,13,12,5,13,8,11,10,12,0,13,1,12,13,3,9,8,11,10,13,9,1,12,14,8,0,8,13,4,8,1,4,0,4,5,14,7,13,1,1,10,6,3,10,2,8,13,8,11,4,4,11,8,3,4,11,14,12,10,5,10,11,8,12,7,0,11,10,8,13,13,9,14,5,12,11,8,12,9,2,11,8,13,13,5,9,3,11,6,8,4,1,13,4,7,3,8,1,5,0,12,0,9,13,12,10,8,0,13,7,12,3,11,10,13,7,5,14,11,10,13,0,13,11,3,6,8,4,4,10,11,5,9,3,13,5,6,13,8,4,11,4,11,0,7,8,13,9,12,3,3,6,12,12,4,4,13,12,13,13,11];[2,5,9,2,3,1,5,11,12,7,17,13,6,20,0,20,19,9,9,20,1,0,2,10,4,19,19,21,20,20,18,11,0,15,21,12,7,6,5,6,10,18,12,10,5,13,17,10,4,14,7,6,10,21,4,10,10,12,7,9,5,9,11,6,3,6,17,17,18,12,10,5,3,14,11,7,8,3,10,13,14,19,3,14,13,21,18,6,17,0,1,7,16,16,9,7,16,21,10,20,1,10,12,16,4,20,10,9,6,21,17,5,19,20,15,19,6,1,4,13,4,5,11,4,2,11,2,20,15,15,8,10,19,16,5,6,13,1,10,16,12,13,14,6,19,19,7,9,20,21,21,11,4,20,2,1,15,5,16,3,5,0,7,16,0,10,17,19,0,5,9,3,15,19,14,6,15,18,11,15,18,2,3,17,19,10,15,9,11,8,5,1,16,11,15,14,12,21,15,11,6,7,1,1,17,20,2,1,8,13,4,13,14,1,11,12,5,11,6,13,9,3,6,15,5,5,10,17,0,3,11,13,19,8,2,20,18,0,6,15,10,1,9,11,2,5,8,9,2,9,2,20,10,21,12,0,5,12,4,8,14,7,3,8,20,20,17,1,7,11,15,17,9,13,4,14,6];[[0.4211249061401,4.211249061401,1.0],[0.9761073344853062,9.761073344853061,1.0],[0.6132800246752349,6.132800246752349,1.0],[0.6930423279788359,6.930423279788359,1.0],[0.5088628354481554,5.088628354481553,1.0],[0.18781156668551158,1.8781156668551158,1.0],[0.830121874145001,8.301218741450011,1.0],[0.8449241651217704,8.449241651217704,1.0],[0.20962821201639004,2.0962821201639006,1.0],[0.6505169872996391,6.505169872996391,1.0],[0.7003316191510263,7.003316191510263,1.0],[0.7150339547653067,7.150339547653068,1.0],[0.8091072451390076,8.091072451390076,1.0],[0.8451978833841938,8.451978833841938,1.0],[0.3695849781386673,3.695849781386673,1.0],[0.5056149902637381,5.056149902637381,1.0],[0.7206140757071586,7.206140757071586,1.0],[0.14319015826691817,1.4319015826691817,1.0],[0.026697115061789622,0.2669711506178962,1.0],[0.15341588178909327,1.5341588178909327,1.0],[0.8363432326370349,8.363432326370349,1.0],[0.3246336983988545,3.2463369839885448,1.0]]
1_Brandimarte_14_workers.fjs;1509.1837185107593;190080;[0,19,134,151,172,341,426,588,29,66,80,109,215,344,448,564,579,597,677,0,38,63,104,342,590,629,663,0,29,47,63,167,231,284,407,449,524,0,56,226,284,311,413,476,487,563,0,21,419,449,476,513,627,665,0,25,79,115,256,280,384,661,36,50,84,104,350,422,520,557,593,623,670,10,204,231,296,344,363,379,405,582,610,688,0,139,157,234,263,426,487,505,532,593,112,152,172,201,283,363,376,545,627,699,256,315,368,384,451,477,631,651,107,184,240,331,455,470,505,543,614,627,661,146,207,366,389,407,491,534,548,651,97,116,134,280,304,352,373,448,597,635,184,299,331,349,373,392,422,534,635,151,179,315,331,519,535,613,656,0,16,66,126,244,296,455,623,698,112,250,280,314,511,535,560,587,606,677,165,215,240,263,397,587,649,678,80,94,179,499,551,642,669,690,206,266,332,484,520,579,660,697,78,99,137,195,548,566,645,663,25,119,134,152,174,195,206,215,238,331,562,50,85,137,197,261,315,349,494,610,94,107,215,397,476,494,548,564,18,47,102,119,206,371,397,524,560,689,172,191,244,263,405,505,520,689,93,256,280,311,342,447,596,614,631,660,134,156,299,315,331,349,376,392,422,440,455];[8,9,11,11,13,4,8,1,4,13,12,4,13,14,9,13,8,6,7,12,9,11,0,0,12,5,13,4,6,8,3,11,1,9,13,0,3,14,4,8,7,8,11,10,9,6,13,10,4,10,5,11,7,12,7,1,11,0,12,8,11,10,13,13,4,12,11,14,5,0,4,11,9,10,11,13,8,13,6,0,8,0,1,3,5,13,13,11,13,12,13,3,11,0,9,8,12,7,12,13,5,11,13,13,9,5,11,8,12,12,9,3,13,11,12,3,13,13,12,5,13,8,11,10,3,0,13,1,12,13,3,9,4,11,10,13,9,1,12,14,8,4,8,13,9,8,1,4,0,4,10,14,7,13,1,12,10,6,12,10,12,8,13,8,11,4,4,11,8,11,4,11,4,12,10,5,5,11,4,12,7,0,11,10,8,13,13,9,14,5,12,11,8,12,4,12,11,4,13,13,5,9,3,11,6,5,8,1,13,4,7,3,8,1,5,0,12,0,9,13,12,5,8,4,13,7,12,12,11,10,13,7,5,14,11,10,13,4,13,11,3,6,8,14,9,10,11,8,9,3,13,5,6,13,8,4,3,4,11,4,7,8,13,9,12,3,3,6,12,3,0,9,13,12,13,13,11];[14,0,6,10,19,0,5,6,4,20,17,15,6,7,11,1,4,12,17,12,2,0,17,4,21,3,4,21,19,16,18,14,6,19,1,12,11,7,15,4,1,3,0,10,9,10,17,8,12,17,7,3,15,21,16,18,18,14,10,9,4,6,11,6,15,13,17,11,8,2,1,5,10,3,3,21,9,9,9,13,18,14,17,6,9,18,18,14,4,18,1,7,10,16,4,0,9,20,15,18,20,6,19,0,3,20,0,3,6,5,1,11,11,1,19,21,3,0,13,3,15,6,17,4,5,20,2,21,13,15,10,10,6,2,20,5,21,1,10,19,11,16,14,20,2,10,7,9,3,2,14,6,18,12,14,6,13,12,13,8,10,6,3,21,10,14,4,20,9,11,12,15,20,9,21,9,7,18,5,1,7,2,0,19,19,8,10,9,11,10,18,2,16,3,14,13,12,21,15,3,11,2,1,19,9,6,15,17,8,5,20,10,16,21,3,16,12,17,9,7,5,11,13,7,8,0,10,2,5,9,20,1,18,16,17,11,11,11,6,19,18,7,9,17,14,9,19,14,0,10,2,20,3,4,18,13,16,9,4,18,8,7,3,2,20,1,17,17,5,4,8,21,11,7,7,14,9];[[0.4831103964860096,4.831103964860096,1.0],[0.9021829992468611,9.02182999246861,1.0],[0.5374571935128641,5.374571935128642,1.0],[0.8761340971511191,8.761340971511192,1.0],[0.573156942708234,5.7315694270823405,1.0],[0.994523847851402,9.945238478514021,1.0],[0.3574465703190305,3.574465703190305,1.0],[0.6617299629663892,6.617299629663892,1.0],[0.4882872262788658,4.882872262788657,1.0],[0.5726412824777106,5.726412824777106,1.0],[0.32388398325139345,3.2388398325139347,1.0],[0.8072354510963532,8.072354510963532,1.0],[0.8087324055796944,8.087324055796945,1.0],[0.660852452150834,6.60852452150834,1.0],[0.5802577271631468,5.802577271631469,1.0],[0.04408639890691246,0.4408639890691246,1.0],[0.7725635994624831,7.725635994624831,1.0],[0.340181488474281,3.4018148847428096,1.0],[0.09506024617702258,0.9506024617702258,1.0],[0.23214768683087816,2.321476868308782,1.0],[0.29508457816293987,2.9508457816293987,1.0],[0.12277001052286385,1.2277001052286385,1.0]]
1_Brandimarte_14_workers.fjs;1548.1706099474518;209496;[76,107,142,175,436,504,531,552,0,123,136,172,225,295,329,450,466,578,644,0,26,92,240,270,487,569,624,31,75,130,148,199,218,313,403,443,678,48,127,167,187,225,411,558,588,692,165,204,369,499,553,603,621,651,0,22,354,374,400,420,551,621,35,75,187,225,256,272,301,355,400,535,625,106,191,212,363,384,403,419,484,504,563,593,81,172,241,272,288,305,483,510,608,658,0,204,263,282,420,552,624,639,681,718,267,295,320,354,462,490,584,618,87,157,175,253,274,336,514,529,565,586,621,38,68,87,593,611,639,667,681,699,88,238,424,535,552,584,605,616,639,683,26,136,152,333,353,438,466,495,692,22,57,183,199,351,531,558,696,0,50,109,353,393,429,460,570,586,148,225,238,335,354,382,397,454,474,692,0,26,50,75,109,240,276,418,152,295,382,435,454,501,550,570,99,160,207,270,305,319,436,608,66,125,142,295,316,329,366,652,210,233,255,276,320,344,471,487,571,611,624,11,38,60,92,327,410,529,655,667,20,35,58,76,110,327,639,681,0,50,81,96,313,411,551,593,673,692,45,198,256,344,363,501,606,637,0,48,76,214,304,374,465,483,689,714,0,57,177,263,293,351,437,490,516,578,655];[8,9,11,11,12,8,8,12,4,13,12,4,13,4,9,13,8,6,7,2,9,11,4,0,3,10,13,4,6,8,3,13,1,9,13,0,12,14,4,8,7,8,11,10,9,6,13,10,9,10,5,11,7,12,7,1,11,4,12,8,11,10,13,13,8,12,11,14,10,0,4,11,9,10,11,13,5,13,6,0,8,4,1,3,10,9,13,11,13,12,13,3,3,0,9,8,2,7,3,13,8,11,13,13,9,5,11,8,12,1,4,3,9,11,2,12,13,13,12,5,13,8,11,10,12,0,13,1,1,13,3,13,4,11,10,13,4,1,12,4,8,0,8,13,9,8,12,8,4,14,10,14,7,13,1,1,10,6,3,10,12,8,13,8,11,9,8,11,8,11,9,11,14,12,10,5,10,11,8,12,13,0,11,10,8,13,13,9,14,5,3,11,8,12,4,12,11,4,13,13,10,9,3,11,6,8,4,1,13,9,7,3,8,1,5,0,3,0,9,13,12,10,5,4,13,7,12,12,13,10,13,7,5,14,13,10,13,4,13,11,3,6,8,14,9,10,11,5,9,3,13,5,6,13,8,4,11,8,11,4,7,8,13,9,12,3,3,6,12,12,0,9,13,12,13,13,11];[1,13,4,4,0,19,4,6,7,15,17,3,6,21,8,20,4,12,3,5,16,3,14,16,15,15,18,21,15,21,18,6,20,3,18,12,17,1,11,7,13,11,12,10,7,13,17,18,4,5,1,0,15,7,1,8,13,20,1,20,3,0,17,3,18,7,17,3,19,18,17,13,19,0,4,7,1,21,9,13,16,18,3,14,13,21,18,17,11,11,1,7,15,1,6,11,4,14,14,12,1,17,12,17,0,20,16,9,7,7,16,20,2,8,10,4,6,1,9,17,12,9,11,4,19,0,2,7,1,15,10,10,20,16,8,6,4,5,10,5,12,19,14,20,3,3,7,8,0,14,6,1,6,20,21,16,19,5,16,15,7,3,3,14,4,15,9,10,2,4,9,9,15,2,6,18,6,18,2,13,14,2,21,3,21,18,16,9,12,14,14,1,16,11,14,13,12,18,15,5,15,17,13,19,6,4,14,6,8,19,1,10,5,7,21,10,21,11,8,13,9,0,20,5,10,0,10,0,15,13,12,18,0,18,11,12,18,15,18,13,16,9,9,21,13,21,21,7,15,3,7,20,10,10,19,14,11,11,4,3,8,7,17,12,11,3,17,18,0,11,17,6,11,17,13,14,17];[[0.34661995661142697,3.4661995661142697,1.0],[0.2286410960833074,2.286410960833074,1.0],[0.012392470279078194,0.12392470279078194,1.0],[0.9308270259025113,9.308270259025113,1.0],[0.3225145761620236,3.225145761620236,1.0],[0.0006954578022455582,0.006954578022455582,1.0],[0.2097170717940725,2.097170717940725,1.0],[0.5179602272351016,5.179602272351016,1.0],[0.7628222106217201,7.6282221062172,1.0],[0.3089717897377221,3.089717897377221,1.0],[0.15113122452813788,1.5113122452813788,1.0],[0.07045772229012492,0.7045772229012492,1.0],[0.8725064026541692,8.725064026541693,1.0],[0.3074981421409557,3.074981421409557,1.0],[0.272859759997538,2.7285975999753798,1.0],[0.9838464878398866,9.838464878398867,1.0],[0.7385079487399623,7.385079487399623,1.0],[0.7690782380223464,7.690782380223464,1.0],[0.7347776517949599,7.347776517949599,1.0],[0.040110031230356946,0.40110031230356946,1.0],[0.7832762173461114,7.832762173461115,1.0],[0.9889075602289727,9.889075602289727,1.0]]
1_Brandimarte_14_workers.fjs;1469.0194052920078;744264;[131,220,365,435,470,608,646,666,183,263,282,400,451,470,500,524,571,589,605,0,78,120,138,224,251,604,683,27,61,266,312,329,348,428,637,652,663,0,127,351,433,456,522,547,558,605,0,103,113,194,278,595,648,671,0,24,100,201,266,633,645,658,100,184,220,236,266,335,358,387,493,559,577,53,190,215,228,276,295,313,449,470,603,660,29,165,200,215,246,306,350,368,470,524,0,85,110,127,287,323,336,402,433,652,157,395,483,501,578,624,665,683,58,155,174,194,336,400,417,438,494,626,675,0,29,131,228,287,306,480,553,648,45,417,453,507,524,553,571,587,608,645,63,115,211,271,329,382,409,479,500,30,57,131,148,205,368,395,603,67,194,236,295,308,346,365,439,577,0,42,80,137,246,266,302,332,428,501,19,55,151,212,233,249,429,566,36,49,95,294,329,451,470,603,0,27,63,150,386,417,524,683,16,26,42,61,289,386,603,622,80,138,200,220,242,290,344,360,526,553,632,0,24,44,148,176,350,402,539,578,87,103,126,266,382,464,667,683,18,81,97,108,180,200,385,418,468,480,67,87,165,257,271,308,371,402,44,103,174,190,271,294,368,444,503,587,58,312,335,385,481,500,539,553,584,622,658];[8,4,11,11,12,4,8,1,9,13,12,8,13,14,9,13,8,6,7,12,9,11,0,0,3,10,13,9,6,4,3,11,1,9,13,0,3,14,0,8,7,4,11,10,9,6,13,10,9,10,10,11,7,12,7,1,11,0,3,4,11,5,13,13,8,12,11,4,5,0,0,11,9,10,11,13,5,13,6,0,8,0,1,12,10,9,13,11,13,12,13,3,11,0,4,8,12,7,3,13,8,11,13,13,4,10,11,8,12,1,9,3,9,11,2,12,13,13,1,5,13,8,11,10,3,4,13,1,1,13,3,9,8,11,10,13,9,1,3,4,8,4,8,13,9,8,1,4,4,4,10,14,7,13,1,12,10,6,3,10,2,8,13,4,11,9,4,11,8,11,4,11,4,1,10,5,10,11,8,12,7,0,11,5,8,13,13,13,14,5,3,11,8,12,9,2,11,8,13,13,10,9,12,11,6,5,4,1,13,9,7,3,8,1,10,0,3,0,4,13,12,5,5,0,13,7,12,12,11,10,13,7,5,14,11,10,13,0,13,11,12,6,8,14,9,10,13,5,13,3,13,8,6,13,8,9,3,8,11,0,7,8,13,9,12,3,3,6,12,3,0,4,13,12,13,13,11];[2,1,9,1,0,20,19,8,20,15,17,15,15,20,21,1,14,9,8,7,12,3,13,9,17,0,9,17,9,5,2,10,13,20,1,12,11,8,1,3,14,8,20,10,6,10,17,14,4,17,5,3,10,14,20,16,7,7,12,20,4,15,5,6,20,6,17,20,1,20,10,9,17,3,3,13,19,21,2,14,20,14,13,20,2,11,18,5,16,15,6,7,10,6,3,14,1,18,13,12,1,6,12,0,12,7,7,9,11,3,6,5,2,17,17,19,6,1,9,11,2,9,17,4,7,20,2,1,5,15,8,17,19,2,13,6,8,14,7,18,12,21,14,20,14,16,7,9,13,8,16,0,21,0,8,6,6,18,16,18,5,0,11,11,8,19,9,20,2,1,1,10,18,13,3,18,6,18,19,1,14,10,14,14,4,10,8,18,12,14,2,0,13,2,13,10,19,6,15,14,21,7,14,1,9,5,10,17,5,10,2,1,1,21,3,16,21,5,12,7,5,11,20,13,11,0,14,16,9,19,7,19,8,18,13,6,3,21,6,19,15,0,9,4,16,11,17,9,16,0,3,10,10,4,12,8,5,11,4,14,14,7,17,3,10,6,17,17,3,19,4,17,7,19,13,14,9];[[0.8559393885152179,8.55939388515218,1.0],[0.8004839408308784,8.004839408308783,1.0],[0.5938433496209707,5.938433496209708,1.0],[0.8870093324131678,8.870093324131679,1.0],[0.741558169706834,7.4155816970683395,1.0],[0.8097670389513107,8.097670389513107,1.0],[0.2247324103169328,2.247324103169328,1.0],[0.9761818800633866,9.761818800633865,1.0],[0.6339038774096737,6.339038774096737,1.0],[0.5580285642552777,5.580285642552777,1.0],[0.4463526500656817,4.463526500656817,1.0],[0.28336462923826333,2.8336462923826335,1.0],[0.9019880415639555,9.019880415639555,1.0],[0.03268507148422006,0.32685071484220063,1.0],[0.4362825217209084,4.3628252172090844,1.0],[0.18851543397694082,1.8851543397694082,1.0],[0.9250090249429151,9.250090249429151,1.0],[0.9012349700248556,9.012349700248556,1.0],[0.12108560404704316,1.2108560404704316,1.0],[0.9174015512221217,9.174015512221217,1.0],[0.6336036775858569,6.3360367758585685,1.0],[0.8916415369189501,8.916415369189501,1.0]]
1_Brandimarte_14_workers.fjs;1551.9482109871221;260280;[15,86,234,371,388,414,592,639,28,61,94,156,189,229,255,277,292,321,539,0,75,115,167,382,492,508,718,0,28,118,144,161,181,207,292,406,653,24,52,179,200,234,268,286,466,492,0,53,138,167,193,321,339,414,0,28,112,198,341,562,606,626,33,124,143,156,182,200,279,302,492,550,671,193,339,382,395,421,455,508,539,603,614,703,0,71,141,388,485,502,558,576,654,667,107,160,274,291,324,458,471,491,672,703,45,71,252,375,455,550,568,623,28,74,91,111,174,226,243,297,324,480,568,24,53,181,243,330,439,471,607,626,0,15,243,307,466,522,564,575,665,703,52,93,225,310,510,550,637,665,693,0,126,261,310,349,613,671,687,0,111,330,408,439,585,606,626,691,34,69,115,198,261,350,470,525,576,660,59,182,223,245,405,421,502,642,18,89,107,221,235,370,440,612,0,53,303,349,526,607,668,698,94,286,356,412,522,543,623,644,101,161,200,221,255,279,307,339,522,690,703,24,48,327,353,414,575,601,667,685,48,78,101,136,421,445,576,592,156,217,234,339,460,480,577,602,620,649,167,184,206,226,245,337,396,665,131,235,355,371,382,416,440,493,525,591,78,94,138,216,284,310,395,484,540,592,639];[8,4,11,11,12,4,8,12,4,13,12,4,13,14,9,13,8,6,7,12,13,11,0,0,3,10,13,9,6,8,3,11,1,9,13,0,12,14,0,8,7,4,11,10,4,6,13,10,9,10,5,11,7,12,7,1,13,0,3,8,11,5,13,13,4,12,11,14,5,0,4,11,9,10,11,13,5,13,6,0,8,0,1,3,5,9,13,11,13,13,13,3,11,0,9,8,2,7,3,13,5,11,13,13,9,10,11,8,12,12,9,3,9,11,2,3,13,13,1,10,13,8,11,10,3,4,13,1,12,13,3,9,8,11,10,13,9,1,12,14,8,0,8,13,9,8,12,4,4,14,5,14,7,13,1,12,10,6,3,10,2,8,13,4,11,9,4,11,8,3,4,11,4,1,10,5,5,13,4,12,7,0,11,10,8,13,13,9,14,8,3,13,8,12,4,2,11,8,13,13,5,9,3,11,6,5,8,1,13,9,7,3,8,1,5,0,3,0,4,13,12,5,5,0,13,7,12,12,11,10,13,7,8,14,11,10,13,0,13,11,12,6,8,14,4,10,11,5,9,3,13,5,6,13,8,4,11,8,11,0,7,8,13,9,12,3,3,6,1,3,4,9,13,12,13,13,11];[14,0,11,2,0,20,15,15,7,7,17,8,15,21,8,20,11,19,3,13,4,0,4,19,11,0,18,20,15,17,2,16,18,1,1,12,4,2,13,11,8,6,2,10,11,13,17,19,4,19,12,0,15,19,1,12,3,17,19,2,11,7,5,9,15,13,17,3,9,18,1,18,10,6,8,7,1,12,4,13,16,8,4,14,15,8,18,9,0,9,1,0,5,3,5,5,8,0,2,18,17,15,19,17,21,15,0,5,20,5,18,10,19,14,3,15,9,0,9,20,7,6,6,4,6,4,2,20,4,15,18,8,18,16,8,14,21,1,10,11,18,7,14,11,8,3,19,9,18,1,11,4,6,20,15,6,9,13,16,8,10,6,6,21,7,7,3,20,13,2,21,9,15,16,14,19,1,21,9,1,10,10,15,17,4,10,3,9,12,17,7,19,16,16,12,4,19,12,15,14,20,4,14,19,9,5,3,2,5,13,20,10,14,15,21,12,1,21,18,7,19,11,3,13,11,0,10,13,2,8,1,2,7,3,16,5,15,21,6,6,18,13,9,2,3,9,21,7,2,3,13,20,18,11,8,14,2,5,4,14,12,7,3,16,12,6,17,18,5,12,15,5,11,5,8,14,12];[[0.5198238265685563,5.198238265685563,1.0],[0.9583988744400509,9.583988744400509,1.0],[0.3402956357666065,3.402956357666065,1.0],[0.7081849781179302,7.081849781179303,1.0],[0.9252189405445452,9.252189405445453,1.0],[0.05032666735654623,0.5032666735654623,1.0],[0.6613275461751585,6.613275461751585,1.0],[0.82711411373077,8.271141137307701,1.0],[0.8734961127808921,8.734961127808921,1.0],[0.5913019030238962,5.913019030238962,1.0],[0.11264722490163037,1.1264722490163037,1.0],[0.34477784983246407,3.4477784983246407,1.0],[0.011377599382669468,0.11377599382669468,1.0],[0.7909742881977946,7.909742881977946,1.0],[0.3277964015146908,3.277964015146908,1.0],[0.22222795698924247,2.2222795698924247,1.0],[0.14676573527209236,1.4676573527209236,1.0],[0.040648812187981,0.40648812187981,1.0],[0.14328037004549943,1.4328037004549943,1.0],[0.10349201402412567,1.0349201402412567,1.0],[0.2300149081299988,2.3001490812999883,1.0],[0.34985110243749995,3.4985110243749995,1.0]]
1_Brandimarte_14_workers.fjs;1459.6845767762597;281436;[166,364,396,467,604,628,651,670,0,53,70,97,120,136,229,360,463,506,629,69,171,291,323,434,619,644,676,68,173,227,360,375,416,436,545,590,658,0,165,208,227,248,274,291,425,453,171,189,200,229,255,325,402,542,21,53,105,125,189,483,495,590,14,136,153,165,194,219,303,399,424,552,574,50,237,259,278,323,342,360,542,572,584,627,0,87,105,125,224,253,288,322,434,549,61,87,105,182,207,274,288,483,527,661,35,98,158,187,282,356,397,499,17,35,208,323,375,417,516,560,591,604,623,21,70,87,153,171,198,402,520,660,28,176,200,241,272,324,343,360,481,503,59,82,120,146,308,323,391,417,623,37,87,189,282,303,427,469,531,160,170,351,389,418,447,531,574,646,105,127,191,219,237,394,455,484,532,567,45,94,136,294,343,375,443,628,68,153,297,326,345,413,503,629,105,134,255,370,463,495,585,642,0,142,158,224,352,495,560,600,0,21,38,375,424,453,497,506,532,578,591,63,264,282,306,323,391,506,532,613,0,160,244,272,306,328,511,605,35,53,151,219,244,329,378,416,513,561,0,38,205,264,360,448,523,560,0,9,69,97,279,303,342,360,472,504,54,81,226,242,303,416,435,448,477,646,668];[8,4,11,11,13,4,8,12,4,13,12,4,13,14,9,13,8,6,7,2,9,11,0,0,12,5,13,4,6,8,3,11,1,9,13,4,12,14,4,8,7,4,11,10,4,6,13,10,9,10,10,11,7,12,7,1,11,0,12,4,3,10,13,13,4,12,11,4,10,0,0,11,9,10,11,13,8,13,6,0,8,0,1,3,5,9,13,11,13,12,13,3,11,0,9,8,2,7,3,13,5,11,13,13,9,5,11,8,12,12,9,11,9,11,12,12,13,13,12,5,13,8,11,10,3,0,13,1,1,13,3,9,4,11,10,13,4,1,3,14,8,4,8,13,4,8,12,8,4,14,5,14,7,13,1,1,10,6,12,10,2,8,13,8,11,9,8,11,8,3,4,11,14,1,10,5,10,11,4,12,7,0,11,5,8,13,13,9,14,5,12,11,8,12,9,12,11,8,13,13,5,9,12,11,6,5,4,1,13,9,7,3,8,1,5,4,12,0,4,13,12,5,5,0,13,7,12,12,11,10,13,7,5,14,11,10,13,0,13,11,12,6,8,4,9,10,11,8,9,3,13,8,6,13,8,4,3,8,11,0,7,8,13,9,12,3,3,6,12,12,4,9,13,12,13,13,11];[20,16,9,8,6,4,4,13,10,18,17,15,6,10,2,20,9,12,12,13,8,13,13,13,12,3,19,21,19,9,3,21,21,6,1,21,18,17,1,10,3,12,20,10,15,12,17,21,4,19,5,5,15,21,20,6,10,4,5,3,10,16,21,9,14,6,17,13,4,3,10,19,14,1,8,20,10,20,1,14,7,11,20,13,4,8,18,15,0,4,1,7,10,3,3,10,16,15,20,19,21,4,12,16,21,20,7,18,6,4,5,15,6,13,18,19,6,19,3,1,2,17,14,4,5,4,2,9,5,10,19,20,19,16,0,17,3,21,19,1,19,21,14,20,19,19,19,8,8,12,17,11,3,12,4,16,1,2,0,3,10,6,15,16,0,3,3,10,8,17,7,12,15,1,14,6,14,18,20,5,6,2,15,3,19,10,9,9,12,14,18,2,13,2,12,16,19,10,15,14,8,8,13,1,15,6,16,3,8,13,0,9,5,20,3,3,12,0,18,2,7,11,14,15,13,0,16,4,9,8,16,5,6,12,1,10,18,20,6,13,3,7,9,9,17,5,14,14,6,3,6,11,18,21,16,16,18,11,4,14,5,7,17,15,20,7,17,14,5,11,15,20,9,7,10,14,18];[[0.18019241848515155,1.8019241848515155,1.0],[0.48736227300275514,4.873622730027551,1.0],[0.07759170039841756,0.7759170039841756,1.0],[0.5225667244081349,5.2256672440813485,1.0],[0.9196433340252647,9.196433340252646,1.0],[0.8762509611803474,8.762509611803473,1.0],[0.5029695910906639,5.029695910906638,1.0],[0.8160267976375112,8.160267976375112,1.0],[0.8059112000327816,8.059112000327817,1.0],[0.2140591090540045,2.140591090540045,1.0],[0.08805821114486456,0.8805821114486456,1.0],[0.20329737064426556,2.0329737064426556,1.0],[0.5837360924329463,5.837360924329463,1.0],[0.6737333796339059,6.737333796339059,1.0],[0.1608013027204077,1.6080130272040771,1.0],[0.7465026683932527,7.465026683932527,1.0],[0.5706715087422025,5.706715087422025,1.0],[0.4637998194614905,4.637998194614905,1.0],[0.510707169665419,5.10707169665419,1.0],[0.13436739791107,1.3436739791107,1.0],[0.5955836724768061,5.955836724768061,1.0],[0.9705970110642231,9.705970110642232,1.0]]
1_Brandimarte_7_workers.fjs;366.16112837659966;917964;[7,14,69,82,115,1,4,20,73,169,15,62,104,124,131,11,77,102,114,121,11,47,143,153,168,27,29,51,128,153,36,41,47,67,80,13,28,51,73,157,0,20,27,49,79,29,51,96,102,144,0,36,94,108,150,0,100,108,116,135,1,18,41,49,101,19,30,65,136,165,0,36,64,89,150,44,79,108,129,159,37,86,127,143,168,15,70,113,118,144,46,74,116,124,168,46,65,107,124,149];[1,0,1,3,4,0,0,1,4,2,4,3,2,1,4,1,1,0,0,0,0,2,4,2,3,4,2,0,1,1,3,4,1,0,4,2,0,1,1,1,4,4,1,4,0,4,3,0,3,1,3,0,1,4,0,2,4,0,1,1,4,3,3,0,1,4,0,4,2,4,1,4,2,2,4,0,2,1,0,3,4,4,0,0,4,1,0,2,2,4,0,4,0,3,0,3,1,3,4,3];[2,3,0,6,4,0,0,4,0,5,6,6,2,4,3,4,0,5,3,1,2,3,1,5,2,2,0,0,5,1,1,3,6,4,2,0,3,5,4,0,0,1,6,1,3,2,4,4,4,0,1,5,2,4,3,6,0,6,3,2,5,5,4,2,3,4,3,5,6,4,2,2,3,1,2,6,1,0,4,6,6,5,3,4,5,4,1,1,6,3,1,2,2,0,6,4,1,5,2,4];[[0.7773566427005639,7.7735664270056395,1.0],[0.6698255595592497,6.698255595592498,1.0],[0.09913960392481702,0.9913960392481702,1.0],[0.35297051119014544,3.529705111901454,1.0],[0.4679077429008419,4.679077429008419,1.0],[0.5346837414708775,5.346837414708775,1.0],[0.9783090609123973,9.783090609123974,1.0]]
1_Brandimarte_7_workers.fjs;384.8137282251506;185868;[32,87,123,135,169,51,65,73,87,138,12,15,61,78,136,0,5,15,61,154,7,15,43,120,176,14,67,89,106,158,0,32,119,136,138,0,87,100,127,162,17,44,65,91,114,7,52,89,113,136,84,111,112,119,151,18,103,113,148,165,16,35,52,95,150,0,10,32,46,78,5,16,66,158,165,29,43,51,96,171,0,17,61,105,133,10,82,88,97,130,65,78,140,154,173,73,87,118,143,176];[1,2,1,3,1,4,0,0,4,2,2,3,3,1,4,1,3,1,1,2,0,2,4,2,3,4,2,4,1,1,3,0,1,2,1,4,0,3,1,1,4,4,4,1,4,4,3,0,3,0,3,4,4,0,4,4,4,0,4,0,0,3,2,0,4,2,0,2,0,4,2,4,4,0,4,4,2,1,4,3,0,1,0,2,2,1,1,4,0,4,2,3,2,3,0,3,1,3,0,0];[2,4,6,0,5,0,1,4,0,2,6,6,4,1,1,1,4,0,2,0,5,3,1,0,2,2,0,3,5,2,4,4,6,4,4,2,1,3,6,5,5,1,5,5,3,2,3,1,5,3,6,4,2,2,6,0,2,6,1,2,2,3,5,2,1,3,0,1,2,5,1,4,3,4,3,5,5,1,0,6,5,1,3,0,1,5,1,5,1,3,6,2,5,1,1,1,2,5,2,5];[[0.7966509679599704,7.966509679599704,1.0],[0.05862623274803458,0.5862623274803458,1.0],[0.7602397739740907,7.602397739740907,1.0],[0.8627037401845356,8.627037401845355,1.0],[0.09127403464611428,0.9127403464611428,1.0],[0.9024924365975527,9.024924365975528,1.0],[0.7858960565941281,7.858960565941281,1.0]]
1_Brandimarte_7_workers.fjs;377.4185941725409;4029876;[38,83,121,126,176,15,65,98,114,129,67,81,134,143,147,0,101,147,149,166,0,2,71,94,150,29,48,92,107,149,26,60,125,143,172,4,21,50,79,132,40,80,115,116,132,31,39,107,121,151,5,33,40,53,66,5,46,98,153,162,1,31,63,115,155,0,18,20,49,170,21,70,80,99,155,0,29,42,46,116,26,83,105,160,169,29,38,75,113,170,80,144,153,155,172,0,33,63,146,158];[1,0,1,3,4,4,0,1,1,0,2,3,2,1,2,1,3,1,0,0,2,0,0,2,3,4,2,4,1,1,3,4,1,2,3,1,0,3,1,0,0,2,4,4,4,4,4,0,3,0,3,0,2,4,4,2,1,0,4,2,4,3,1,2,1,4,0,2,0,1,3,2,4,4,4,0,2,1,4,3,0,1,0,0,4,1,4,2,0,4,0,3,1,3,0,3,1,3,4,0];[2,1,6,3,4,4,0,3,4,1,5,6,2,2,5,4,4,0,0,2,3,2,1,2,2,2,1,0,3,1,5,3,6,4,0,0,5,2,0,1,4,2,6,5,5,2,5,5,4,3,6,4,6,4,6,1,5,5,0,5,5,0,2,0,4,0,5,1,6,6,6,3,3,0,6,2,1,3,3,6,6,4,3,4,6,4,6,5,1,3,1,6,4,1,1,1,6,4,4,2];[[0.5209484070219088,5.209484070219088,1.0],[0.42125020101147315,4.212502010114731,1.0],[0.22094517308324657,2.2094517308324657,1.0],[0.13033708391670573,1.3033708391670573,1.0],[0.48395776843282956,4.839577684328296,1.0],[0.6260889663051598,6.260889663051597,1.0],[0.6211218319323739,6.21121831932374,1.0]]
1_Brandimarte_7_workers.fjs;373.5059207833899;3500508;[4,8,22,38,86,22,34,75,139,153,60,111,144,158,163,13,99,144,151,155,0,57,118,131,148,34,42,71,82,95,0,7,26,102,119,7,22,35,135,151,88,90,107,120,135,0,14,31,56,68,5,30,36,64,149,47,63,89,97,162,42,76,93,111,125,2,61,78,111,153,22,56,73,109,126,0,26,78,153,169,24,54,73,87,142,0,8,89,113,143,31,57,118,131,169,21,50,93,111,128];[1,0,1,3,4,4,4,0,1,2,2,3,2,1,4,1,4,1,0,2,2,0,4,2,3,0,0,4,1,0,3,4,1,2,4,2,0,1,1,1,4,4,4,1,0,4,4,2,3,1,3,1,4,4,4,2,2,0,4,1,4,3,1,0,4,2,3,4,2,3,2,4,2,1,4,0,3,1,0,3,0,1,0,2,4,1,1,4,0,4,0,4,1,3,0,3,1,3,4,0];[2,3,6,3,6,3,3,4,2,5,0,6,0,4,1,1,5,2,5,2,5,2,1,0,2,4,2,0,2,3,6,4,6,1,1,0,2,6,2,4,1,1,5,4,4,0,5,0,6,5,6,5,2,4,6,0,3,6,1,5,4,3,2,2,1,3,6,0,3,0,5,3,1,1,5,2,1,2,3,6,0,1,3,0,6,4,1,5,2,3,6,5,0,1,0,1,6,4,0,0];[[0.49734142093980327,4.973414209398033,1.0],[0.35999045686025677,3.5999045686025677,1.0],[0.7220617567237175,7.220617567237175,1.0],[0.44672126724761885,4.4672126724761885,1.0],[0.4533596515962979,4.533596515962978,1.0],[0.025925678678183073,0.25925678678183073,1.0],[0.33490089376309407,3.3490089376309404,1.0]]
1_Brandimarte_7_workers.fjs;362.1805298383675;4720560;[7,16,89,130,162,26,92,99,104,113,34,72,115,141,147,0,36,87,133,141,33,38,64,65,148,11,59,105,145,153,0,26,34,143,158,11,73,103,130,134,50,57,66,92,116,19,43,135,153,158,15,42,52,121,151,0,82,99,125,145,2,38,66,89,116,80,87,90,97,112,0,65,67,121,130,0,5,93,114,163,7,19,36,80,162,38,82,87,125,163,14,47,75,105,148,33,38,55,97,111];[1,2,1,3,2,0,2,1,4,0,2,3,2,1,2,1,4,1,0,0,0,2,4,2,3,1,0,4,1,1,3,4,1,2,3,4,0,1,1,1,4,4,4,3,0,4,4,0,3,1,3,1,0,4,0,4,4,2,3,4,0,3,1,0,1,2,0,4,0,4,2,4,4,1,4,0,3,1,4,3,2,1,0,0,4,1,1,2,2,4,2,1,0,3,0,3,0,3,4,0];[1,6,0,3,5,2,6,4,0,3,2,6,2,4,1,4,0,0,4,1,0,1,1,1,2,1,3,3,6,2,5,4,6,0,0,5,3,4,0,5,0,1,6,5,5,2,5,4,4,4,0,4,4,4,3,0,2,2,0,5,3,3,2,4,0,0,1,2,1,5,1,4,4,1,2,2,4,4,1,6,6,5,3,4,6,5,1,3,6,0,6,2,5,6,3,1,6,5,0,1];[[0.4211249061401,4.211249061401,1.0],[0.9761073344853062,9.761073344853061,1.0],[0.6132800246752349,6.132800246752349,1.0],[0.6930423279788359,6.930423279788359,1.0],[0.5088628354481554,5.088628354481553,1.0],[0.18781156668551158,1.8781156668551158,1.0],[0.830121874145001,8.301218741450011,1.0]]
1_Brandimarte_7_workers.fjs;356.412371199866;2973432;[16,61,94,140,166,0,8,24,42,97,14,87,130,148,152,3,16,52,118,155,38,79,131,135,164,8,27,57,107,144,36,68,90,94,115,18,25,75,124,157,0,1,12,23,73,3,28,41,47,97,0,43,44,47,74,0,33,50,98,134,25,107,125,130,152,17,47,58,102,154,10,13,106,120,140,54,98,120,124,159,40,42,132,134,156,20,28,46,140,159,13,41,50,52,89,18,54,70,90,100];[1,2,1,3,4,0,4,1,4,0,4,3,3,1,2,1,2,1,0,0,2,2,4,2,3,1,0,0,1,1,3,4,1,0,4,4,0,1,1,1,4,4,4,3,0,0,2,0,3,4,3,4,4,4,4,2,1,0,1,1,4,3,3,0,1,4,0,1,0,4,4,4,2,2,4,4,2,1,4,3,4,2,0,0,4,1,1,4,0,4,2,3,1,3,0,3,1,3,4,0];[2,6,0,0,4,2,5,4,0,5,3,6,6,4,3,2,1,0,4,1,2,1,1,5,2,1,0,0,6,3,5,3,5,4,0,6,2,3,3,5,5,1,2,5,4,4,4,4,3,4,0,0,2,4,2,6,1,5,1,3,3,2,4,4,4,4,5,1,3,5,2,3,1,5,6,4,0,1,1,6,6,6,3,4,5,2,6,5,2,0,6,3,2,2,0,0,1,5,2,2];[[0.4831103964860096,4.831103964860096,1.0],[0.9021829992468611,9.02182999246861,1.0],[0.5374571935128641,5.374571935128642,1.0],[0.8761340971511191,8.761340971511192,1.0],[0.573156942708234,5.7315694270823405,1.0],[0.994523847851402,9.945238478514021,1.0],[0.3574465703190305,3.574465703190305,1.0]]
1_Brandimarte_7_workers.fjs;371.7492995184785;2740092;[46,71,127,146,164,16,45,89,111,149,12,92,118,131,137,23,38,65,71,160,35,37,62,95,169,4,21,87,135,142,21,30,61,151,153,5,37,47,67,146,27,46,52,93,149,16,23,62,112,153,0,37,110,121,128,26,56,68,105,117,0,52,87,158,162,4,35,63,74,151,0,2,5,90,107,19,21,85,129,164,39,71,98,119,128,0,16,90,127,166,66,94,100,126,148,16,57,69,100,146];[0,2,1,3,4,0,4,1,0,2,4,3,2,1,4,1,4,1,4,0,2,2,4,2,3,1,0,4,1,1,3,4,1,2,2,4,0,4,1,1,1,3,1,1,4,4,4,0,3,1,3,4,2,4,0,3,2,0,0,3,0,3,3,0,1,4,0,4,0,0,4,4,2,0,4,0,2,1,4,3,0,1,0,0,4,1,1,2,2,4,2,4,0,3,0,3,1,3,4,0];[0,0,0,3,3,0,5,1,2,2,1,6,0,2,2,2,0,0,1,2,3,2,1,5,2,1,3,3,5,5,4,5,6,2,1,0,5,4,0,0,6,1,6,4,5,2,5,4,6,4,6,0,0,3,3,1,2,6,1,6,2,3,4,2,4,4,2,5,6,6,3,3,4,2,3,3,0,2,4,6,4,5,3,4,4,4,6,5,6,3,6,0,3,1,1,1,6,4,2,1];[[0.34661995661142697,3.4661995661142697,1.0],[0.2286410960833074,2.286410960833074,1.0],[0.012392470279078194,0.12392470279078194,1.0],[0.9308270259025113,9.308270259025113,1.0],[0.3225145761620236,3.225145761620236,1.0],[0.0006954578022455582,0.006954578022455582,1.0],[0.2097170717940725,2.097170717940725,1.0]]
1_Brandimarte_7_workers.fjs;356.4789151153858;2832804;[37,82,108,136,158,18,31,62,76,82,17,27,80,95,122,29,54,93,97,157,32,35,83,136,155,0,45,120,134,145,0,33,41,59,77,5,43,64,141,151,41,46,75,112,129,0,47,76,91,99,11,40,86,105,127,46,84,99,127,160,15,63,93,147,149,16,41,84,105,149,35,57,105,122,151,2,25,33,92,113,2,15,120,149,164,11,42,45,64,143,0,9,58,118,164,58,82,96,113,145];[1,0,1,3,1,4,4,0,4,2,4,3,3,1,2,1,2,1,0,0,0,2,4,2,3,4,0,4,1,1,3,4,1,0,4,3,0,1,1,1,4,1,4,1,0,0,3,0,3,1,3,4,1,4,4,4,4,0,1,3,0,3,2,0,0,4,0,2,0,4,0,4,2,0,4,4,2,1,4,3,2,1,0,2,2,1,4,4,2,4,2,2,4,3,0,3,1,3,4,0];[0,1,0,1,3,2,1,4,0,4,4,6,3,2,3,4,6,2,6,1,2,1,2,0,2,2,3,5,6,2,1,5,5,4,2,1,4,1,6,4,3,5,2,2,4,3,4,5,6,0,6,4,2,4,2,0,0,6,1,6,3,3,4,5,3,4,2,5,1,4,2,2,3,4,5,2,0,0,3,6,6,5,3,0,1,1,3,5,6,3,6,0,2,0,0,1,6,5,4,4];[[0.8559393885152179,8.55939388515218,1.0],[0.8004839408308784,8.004839408308783,1.0],[0.5938433496209707,5.938433496209708,1.0],[0.8870093324131678,8.870093324131679,1.0],[0.741558169706834,7.4155816970683395,1.0],[0.8097670389513107,8.097670389513107,1.0],[0.2247324103169328,2.247324103169328,1.0]]
1_Brandimarte_7_workers.fjs;362.92935592296675;4078872;[28,38,77,82,166,23,67,81,129,152,31,57,84,111,119,32,50,67,85,111,10,12,34,71,159,0,59,117,134,148,0,16,24,98,159,2,47,85,100,152,38,51,58,69,105,9,23,32,77,141,5,27,73,84,91,32,43,51,104,115,0,32,57,87,160,26,27,51,93,131,2,59,100,133,152,7,100,141,145,164,28,36,57,133,149,20,83,93,115,133,0,60,69,117,148,112,125,135,152,159];[1,2,1,3,4,0,4,1,1,2,2,3,2,1,4,1,1,1,0,0,2,2,2,2,3,0,0,0,1,1,3,4,1,2,4,1,0,1,1,1,0,3,4,4,4,0,3,0,3,0,3,4,0,4,4,4,4,0,1,1,4,3,2,0,1,4,0,4,0,4,2,4,2,0,0,0,3,1,4,3,4,1,0,2,2,1,4,2,2,4,2,4,1,3,0,3,1,3,4,2];[0,5,6,3,4,0,1,5,5,6,6,6,0,4,1,2,0,2,5,2,5,2,3,4,2,2,3,0,3,3,1,5,6,2,5,6,3,1,4,1,6,4,2,1,5,4,1,5,2,3,1,0,3,4,6,0,2,6,2,3,0,4,5,2,4,0,4,2,0,4,3,1,3,4,3,2,1,4,0,6,6,1,3,1,4,3,1,2,6,0,6,4,4,2,6,1,3,5,2,0];[[0.5198238265685563,5.198238265685563,1.0],[0.9583988744400509,9.583988744400509,1.0],[0.3402956357666065,3.402956357666065,1.0],[0.7081849781179302,7.081849781179303,1.0],[0.9252189405445452,9.252189405445453,1.0],[0.05032666735654623,0.5032666735654623,1.0],[0.6613275461751585,6.613275461751585,1.0]]
1_Brandimarte_7_workers.fjs;391.4965563255743;2323248;[50,90,110,114,152,39,52,114,126,165,20,32,79,148,170,21,38,90,112,152,8,28,129,148,161,0,10,67,137,171,27,46,59,76,109,0,42,79,122,131,0,3,21,53,76,13,72,114,132,137,6,32,47,62,81,56,69,99,159,166,11,62,90,110,159,75,79,92,153,171,3,74,122,138,161,28,52,118,122,137,22,24,59,159,177,28,67,120,122,138,0,32,110,142,168,22,63,92,112,178];[1,2,1,3,1,0,0,1,1,0,4,3,2,1,2,1,4,1,0,0,0,2,4,4,3,0,2,4,0,1,3,4,1,0,3,3,0,3,1,1,2,1,4,4,4,4,1,0,3,2,3,0,2,0,0,2,2,0,4,3,0,3,4,0,1,4,0,1,2,0,2,4,2,1,4,0,3,1,4,3,4,4,0,0,4,1,1,4,0,4,4,1,2,3,0,3,1,3,4,0];[2,1,6,3,0,2,6,4,6,5,2,6,4,2,3,2,5,0,5,2,3,1,1,4,2,4,0,5,3,5,3,5,6,4,0,6,3,2,6,0,0,5,5,1,5,2,1,5,3,1,6,4,3,4,3,0,2,6,1,0,4,3,4,1,0,0,3,2,6,6,1,0,4,4,1,2,4,0,1,6,6,5,3,4,5,4,1,5,2,0,2,0,2,5,5,1,6,5,1,6];[[0.18019241848515155,1.8019241848515155,1.0],[0.48736227300275514,4.873622730027551,1.0],[0.07759170039841756,0.7759170039841756,1.0],[0.5225667244081349,5.2256672440813485,1.0],[0.9196433340252647,9.196433340252646,1.0],[0.8762509611803474,8.762509611803473,1.0],[0.5029695910906639,5.029695910906638,1.0]]
2a_Hurink_sdata_18_workers.fjs;2831.9376976373755;3070812;[225,312,378,458,867,413,739,1015,1112,1304,211,529,1081,1165,1217,209,300,557,770,1063,767,974,1015,1065,1282,67,162,534,640,1152,194,312,614,974,1195,371,458,804,888,1257,249,472,592,1004,1086,169,281,394,1074,1091,162,263,378,448,529,0,231,353,888,1186,444,511,703,920,1195,0,225,386,897,999,289,703,758,841,1239,0,89,364,758,806,256,673,860,888,1011,67,617,703,819,1279,205,458,585,673,1086,89,173,928,1081,1217];[0,2,1,3,4,2,3,0,4,1,1,4,2,3,0,2,4,0,3,1,2,0,1,3,4,0,4,1,3,2,4,3,1,2,0,0,2,1,4,3,4,0,3,2,1,1,0,4,2,3,0,1,2,4,3,2,0,3,1,4,0,2,1,3,4,0,3,2,1,4,1,0,4,3,2,1,2,4,0,3,1,4,2,0,3,3,0,2,4,1,0,1,2,3,4,1,2,4,0,3];[0,5,6,5,3,2,1,2,1,3,6,3,0,3,4,1,6,5,6,1,3,4,4,3,2,2,0,0,5,2,4,2,6,0,6,4,6,0,2,1,1,2,3,0,6,6,4,1,5,4,1,0,3,0,4,2,3,0,6,6,3,6,2,3,0,3,5,2,6,6,3,3,5,5,2,0,5,5,4,6,4,5,6,0,5,3,2,0,4,0,5,1,4,1,1,6,3,2,5,5];[[0.7773566427005639,7.7735664270056395,1.0],[0.6698255595592497,6.698255595592498,1.0],[0.09913960392481702,0.9913960392481702,1.0],[0.35297051119014544,3.529705111901454,1.0],[0.4679077429008419,4.679077429008419,1.0],[0.5346837414708775,5.346837414708775,1.0],[0.9783090609123973,9.783090609123974,1.0]]
2a_Hurink_sdata_18_workers.fjs;2895.907545065749;2209416;[443,449,674,769,965,167,327,476,990,1166,36,612,755,844,1123,204,501,654,743,965,38,528,586,647,714,354,674,881,1015,1286,231,286,408,932,1203,0,116,169,749,1286,0,809,896,1072,1148,0,189,443,855,941,714,855,881,889,1193,0,138,406,980,1063,449,501,754,1048,1242,73,138,231,1027,1148,80,299,360,568,889,239,328,561,761,809,492,592,844,941,1139,360,568,654,1100,1246,279,328,570,673,1072,499,719,791,1027,1246];[0,2,1,3,4,2,3,0,4,1,1,4,2,3,0,2,4,0,3,1,2,0,1,3,4,0,4,1,3,2,4,3,1,2,0,0,2,1,4,3,4,0,3,2,1,1,0,4,2,3,0,1,2,4,3,2,0,3,1,4,0,2,1,3,4,0,3,2,1,4,1,0,4,3,2,1,2,4,0,3,1,4,2,0,3,3,0,2,4,1,0,1,2,3,4,1,2,4,0,3];[0,5,6,1,3,2,5,2,2,3,3,6,0,3,5,0,0,5,1,1,1,5,4,3,5,6,3,5,5,5,4,2,1,3,3,4,3,5,5,1,5,1,0,6,6,3,1,6,4,4,4,0,6,6,0,0,1,4,2,6,0,6,2,3,3,2,4,3,0,2,6,3,5,5,2,0,2,1,4,6,5,1,6,0,4,4,2,1,2,0,5,0,0,2,4,3,3,5,1,5];[[0.7966509679599704,7.966509679599704,1.0],[0.05862623274803458,0.5862623274803458,1.0],[0.7602397739740907,7.602397739740907,1.0],[0.8627037401845356,8.627037401845355,1.0],[0.09127403464611428,0.9127403464611428,1.0],[0.9024924365975527,9.024924365975528,1.0],[0.7858960565941281,7.858960565941281,1.0]]
2a_Hurink_sdata_18_workers.fjs;2653.893481505599;350628;[156,546,751,917,1237,0,255,708,794,1141,0,162,351,567,995,37,256,648,740,1150,57,162,546,619,759,414,718,962,1116,1149,353,425,674,875,1065,335,425,476,587,647,0,250,377,774,864,351,503,954,1012,1041,0,44,476,503,864,135,200,288,954,1141,129,168,256,476,1060,44,168,849,1049,1150,165,587,893,962,1060,70,237,322,759,829,159,627,763,1073,1192,57,807,902,1012,1165,109,594,674,763,867,394,484,647,893,1149];[0,2,1,3,4,2,3,0,4,1,1,4,2,3,0,2,4,0,3,1,2,0,1,3,4,0,4,1,3,2,4,3,1,2,0,0,2,1,4,3,4,0,3,2,1,1,0,4,2,3,0,1,2,4,3,2,0,3,1,4,0,2,1,3,4,0,3,2,1,4,1,0,4,3,2,1,2,4,0,3,1,4,2,0,3,3,0,2,4,1,0,1,2,3,4,1,2,4,0,3];[2,5,0,0,3,2,5,5,2,3,1,2,0,3,0,3,1,5,6,1,1,6,4,3,5,6,3,1,5,5,2,2,0,3,1,6,3,5,2,1,5,2,3,3,6,4,2,6,4,5,6,0,1,6,0,5,3,3,5,2,2,4,0,3,3,2,5,3,6,6,1,6,5,5,2,0,4,1,4,6,1,1,6,0,4,3,5,4,2,0,5,0,4,1,1,5,4,2,2,4];[[0.5209484070219088,5.209484070219088,1.0],[0.42125020101147315,4.212502010114731,1.0],[0.22094517308324657,2.2094517308324657,1.0],[0.13033708391670573,1.3033708391670573,1.0],[0.48395776843282956,4.839577684328296,1.0],[0.6260889663051598,6.260889663051597,1.0],[0.6211218319323739,6.21121831932374,1.0]]
2a_Hurink_sdata_18_workers.fjs;2832.7259162720584;155544;[109,247,593,1063,1301,540,933,985,1087,1205,256,343,887,963,1171,124,282,473,612,1072,0,709,857,907,1044,780,928,985,1171,1241,188,343,780,857,1036,115,289,340,816,1244,0,898,1015,1063,1188,0,533,623,762,1097,0,44,340,540,636,78,299,384,1179,1266,272,471,679,816,960,44,247,659,1087,1179,163,350,405,533,769,74,163,247,425,479,36,60,113,623,762,44,188,405,681,898,405,513,593,696,1275,424,729,858,1045,1204];[0,2,1,3,4,2,3,0,4,1,1,4,2,3,0,2,4,0,3,1,2,0,1,3,4,0,4,1,3,2,4,3,1,2,0,0,2,1,4,3,4,0,3,2,1,1,0,4,2,3,0,1,2,4,3,2,0,3,1,4,0,2,1,3,4,0,3,2,1,4,1,0,4,3,2,1,2,4,0,3,1,4,2,0,3,3,0,2,4,1,0,1,2,3,4,1,2,4,0,3];[2,6,2,4,3,2,2,5,1,3,4,6,4,3,4,3,2,5,3,1,1,6,1,3,2,2,0,1,5,4,4,2,0,0,6,4,3,0,5,5,0,1,4,3,1,3,1,6,4,4,6,3,3,6,5,3,1,2,3,6,0,6,2,3,0,2,5,3,6,6,2,3,5,5,6,0,5,3,4,2,3,5,3,0,5,6,1,6,4,0,3,0,4,1,1,1,4,5,5,5];[[0.49734142093980327,4.973414209398033,1.0],[0.35999045686025677,3.5999045686025677,1.0],[0.7220617567237175,7.220617567237175,1.0],[0.44672126724761885,4.4672126724761885,1.0],[0.4533596515962979,4.533596515962978,1.0],[0.025925678678183073,0.25925678678183073,1.0],[0.33490089376309407,3.3490089376309404,1.0]]
2a_Hurink_sdata_18_workers.fjs;2899.397251540459;282804;[100,164,461,813,1269,0,131,211,352,452,131,222,292,565,994,72,490,848,1090,1160,364,565,633,975,1084,688,791,853,1057,1152,73,391,777,994,1220,0,718,1043,1220,1283,430,603,689,847,1205,89,475,603,922,1169,283,734,784,821,1113,37,161,263,1152,1260,73,206,363,884,993,326,432,821,940,1118,0,106,161,734,1090,181,452,661,777,848,175,696,773,908,1001,0,391,605,716,1127,263,283,546,623,764,546,688,922,1118,1243];[0,2,1,3,4,2,3,0,4,1,1,4,2,3,0,2,4,0,3,1,2,0,1,3,4,0,4,1,3,2,4,3,1,2,0,0,2,1,4,3,4,0,3,2,1,1,0,4,2,3,0,1,2,4,3,2,0,3,1,4,0,2,1,3,4,0,3,2,1,4,1,0,4,3,2,1,2,4,0,3,1,4,2,0,3,3,0,2,4,1,0,1,2,3,4,1,2,4,0,3];[2,6,0,5,3,2,6,3,3,3,1,2,4,1,4,3,2,5,6,5,0,6,4,3,2,6,3,1,5,0,4,2,6,0,1,4,2,0,2,1,6,2,0,2,6,6,1,6,4,4,1,0,1,0,4,3,3,3,5,0,2,4,5,3,2,2,4,3,5,6,6,3,5,5,5,0,5,3,4,4,1,1,3,0,6,5,1,5,4,0,5,0,0,1,0,3,2,2,2,5];[[0.4211249061401,4.211249061401,1.0],[0.9761073344853062,9.761073344853061,1.0],[0.6132800246752349,6.132800246752349,1.0],[0.6930423279788359,6.930423279788359,1.0],[0.5088628354481554,5.088628354481553,1.0],[0.18781156668551158,1.8781156668551158,1.0],[0.830121874145001,8.301218741450011,1.0]]
2a_Hurink_sdata_18_workers.fjs;2683.834629880289;365868;[269,444,547,620,654,292,329,1084,1167,1240,328,372,553,728,1137,671,778,916,1129,1177,0,181,287,463,671,92,181,372,574,691,60,152,751,1051,1207,275,389,836,1012,1152,0,597,780,942,1034,176,487,577,631,654,682,725,844,852,1076,93,219,359,827,1240,65,128,452,825,928,0,65,916,942,1054,0,348,434,495,852,87,203,292,1036,1246,620,631,654,821,982,0,403,487,728,1152,577,627,778,916,1141,212,359,495,725,1036];[0,2,1,3,4,2,3,0,4,1,1,4,2,3,0,2,4,0,3,1,2,0,1,3,4,0,4,1,3,2,4,3,1,2,0,0,2,1,4,3,4,0,3,2,1,1,0,4,2,3,0,1,2,4,3,2,0,3,1,4,0,2,1,3,4,0,3,2,1,4,1,0,4,3,2,1,2,4,0,3,1,4,2,0,3,3,0,2,4,1,0,1,2,3,4,1,2,4,0,3];[0,6,4,4,3,2,2,1,2,3,1,6,0,3,4,3,2,5,0,0,3,6,1,3,6,6,0,0,5,2,4,2,6,3,6,4,2,0,0,5,6,2,0,2,3,3,1,1,0,4,1,0,6,6,0,3,3,4,6,4,2,1,0,3,0,2,5,3,6,6,0,3,5,5,4,0,2,3,4,6,5,3,6,5,4,1,1,6,4,0,3,5,4,1,1,5,2,2,1,5];[[0.4831103964860096,4.831103964860096,1.0],[0.9021829992468611,9.02182999246861,1.0],[0.5374571935128641,5.374571935128642,1.0],[0.8761340971511191,8.761340971511192,1.0],[0.573156942708234,5.7315694270823405,1.0],[0.994523847851402,9.945238478514021,1.0],[0.3574465703190305,3.574465703190305,1.0]]
2a_Hurink_sdata_18_workers.fjs;2851.121738734768;202752;[643,892,983,1094,1194,78,237,799,995,1230,87,131,220,349,918,115,592,739,869,1079,0,237,432,516,1160,148,263,352,432,984,410,475,560,954,1239,0,380,636,706,774,0,411,542,781,1212,220,649,794,934,1018,368,706,856,918,1288,433,592,685,1071,1324,498,636,732,892,1079,527,592,864,1120,1237,0,93,201,270,739,131,291,380,856,983,256,475,941,1120,1234,73,278,468,746,1095,73,480,567,1128,1211,263,534,848,998,1194];[0,2,1,3,4,2,3,0,4,1,1,4,2,3,0,2,4,0,3,1,2,0,1,3,4,0,4,1,3,2,4,3,1,2,0,0,2,1,4,3,4,0,3,2,1,1,0,4,2,3,0,1,2,4,3,2,0,3,1,4,0,2,1,3,4,0,3,2,1,4,1,0,4,3,2,1,2,4,0,3,1,4,2,0,3,3,0,2,4,1,0,1,2,3,4,1,2,4,0,3];[0,6,3,4,3,2,6,6,4,3,1,2,0,3,5,5,2,6,6,5,1,4,4,3,2,6,3,0,5,0,2,2,6,0,3,4,6,5,2,0,6,1,3,3,6,3,1,1,6,2,1,0,3,1,0,3,1,3,5,6,1,6,5,3,3,2,4,2,6,6,0,3,5,5,1,0,2,5,4,6,3,5,0,0,5,4,6,6,4,0,3,0,0,1,1,1,4,5,1,5];[[0.34661995661142697,3.4661995661142697,1.0],[0.2286410960833074,2.286410960833074,1.0],[0.012392470279078194,0.12392470279078194,1.0],[0.9308270259025113,9.308270259025113,1.0],[0.3225145761620236,3.225145761620236,1.0],[0.0006954578022455582,0.006954578022455582,1.0],[0.2097170717940725,2.097170717940725,1.0]]
2a_Hurink_sdata_18_workers.fjs;2633.1098422303176;2304936;[368,503,712,813,1078,0,43,412,619,1041,168,223,569,647,1090,356,692,778,901,1116,37,374,516,621,1182,516,883,952,1057,1106,37,102,557,821,1170,28,115,634,844,924,285,605,699,1024,1099,785,940,1024,1099,1143,240,301,378,546,1090,386,465,532,704,994,0,201,327,441,913,283,348,747,846,1095,0,101,162,223,773,212,419,813,1041,1217,162,336,557,692,847,0,156,285,374,821,348,422,641,747,1217,87,168,422,838,1017];[0,2,1,3,4,2,3,0,4,1,1,4,2,3,0,2,4,0,3,1,2,0,1,3,4,0,4,1,3,2,4,3,1,2,0,0,2,1,4,3,4,0,3,2,1,1,0,4,2,3,0,1,2,4,3,2,0,3,1,4,0,2,1,3,4,0,3,2,1,4,1,0,4,3,2,1,2,4,0,3,1,4,2,0,3,3,0,2,4,1,0,1,2,3,4,1,2,4,0,3];[2,5,4,4,3,2,6,1,2,3,3,6,4,3,5,1,6,6,6,1,1,6,1,3,5,6,3,4,5,2,2,2,0,3,0,4,6,5,6,1,1,1,3,2,3,3,2,1,4,4,1,0,1,5,0,5,1,3,5,3,3,4,0,3,3,2,4,3,0,6,0,3,5,5,2,0,5,1,4,6,0,1,1,0,5,5,1,6,2,0,3,0,4,1,0,5,4,2,2,5];[[0.8559393885152179,8.55939388515218,1.0],[0.8004839408308784,8.004839408308783,1.0],[0.5938433496209707,5.938433496209708,1.0],[0.8870093324131678,8.870093324131679,1.0],[0.741558169706834,7.4155816970683395,1.0],[0.8097670389513107,8.097670389513107,1.0],[0.2247324103169328,2.247324103169328,1.0]]
2a_Hurink_sdata_18_workers.fjs;2865.201284873986;2979060;[294,613,701,1035,1070,251,656,959,1087,1310,647,849,946,1110,1184,93,113,606,689,1319,0,666,1029,1284,1310,300,599,849,1162,1221,288,397,1077,1190,1284,93,369,464,631,712,0,166,251,1115,1276,75,461,545,606,894,251,323,420,673,1310,199,410,461,691,1175,65,294,369,565,959,0,304,860,937,1184,234,545,753,815,1072,117,656,814,892,1195,548,1040,1060,1072,1230,0,706,796,911,1334,389,556,887,969,1276,0,166,353,796,1070];[0,2,1,3,4,2,3,0,4,1,1,4,2,3,0,2,4,0,3,1,2,0,1,3,4,0,4,1,3,2,4,3,1,2,0,0,2,1,4,3,4,0,3,2,1,1,0,4,2,3,0,1,2,4,3,2,0,3,1,4,0,2,1,3,4,0,3,2,1,4,1,0,4,3,2,1,2,4,0,3,1,4,2,0,3,3,0,2,4,1,0,1,2,3,4,1,2,4,0,3];[0,6,1,5,3,2,6,2,6,3,1,6,0,3,0,3,3,5,0,1,0,5,4,3,5,6,0,3,5,2,2,2,1,2,5,4,3,0,0,2,1,2,5,2,1,6,2,1,6,5,1,0,6,4,4,3,1,4,2,0,3,1,0,3,3,2,4,2,6,1,3,6,5,5,2,0,3,3,4,6,2,1,1,0,5,3,6,0,2,0,1,2,0,1,0,5,4,5,1,5];[[0.5198238265685563,5.198238265685563,1.0],[0.9583988744400509,9.583988744400509,1.0],[0.3402956357666065,3.402956357666065,1.0],[0.7081849781179302,7.081849781179303,1.0],[0.9252189405445452,9.252189405445453,1.0],[0.05032666735654623,0.5032666735654623,1.0],[0.6613275461751585,6.613275461751585,1.0]]
2a_Hurink_sdata_18_workers.fjs;2738.727654882897;1058376;[248,266,418,571,763,0,344,515,780,1089,93,534,879,1037,1142,56,397,796,920,1098,173,477,691,795,1162,0,89,750,887,1038,248,303,865,960,987,175,534,607,691,944,0,661,750,796,1114,137,386,477,987,1142,748,839,871,960,1089,78,336,476,598,858,254,406,503,605,879,89,154,508,946,1068,0,281,336,397,1206,173,309,733,1094,1257,87,121,394,566,696,0,856,1142,1206,1254,154,262,605,821,1040,338,475,597,995,1216];[0,2,1,3,4,2,3,0,4,1,1,4,2,3,0,2,4,0,3,1,2,0,1,3,4,0,4,1,3,2,4,3,1,2,0,0,2,1,4,3,4,0,3,2,1,1,0,4,2,3,0,1,2,4,3,2,0,3,1,4,0,2,1,3,4,0,3,2,1,4,1,0,4,3,2,1,2,4,0,3,1,4,2,0,3,3,0,2,4,1,0,1,2,3,4,1,2,4,0,3];[2,5,0,4,3,2,0,5,5,3,1,3,4,3,5,5,1,6,5,5,3,6,2,3,6,6,0,4,5,6,4,2,0,3,0,4,6,0,5,1,5,1,0,2,3,3,3,1,5,3,2,0,3,4,0,3,3,2,0,5,2,4,0,3,3,2,5,3,6,2,0,3,5,5,1,0,4,5,4,6,1,5,2,5,4,3,6,0,4,0,1,1,4,1,4,6,4,2,5,6];[[0.18019241848515155,1.8019241848515155,1.0],[0.48736227300275514,4.873622730027551,1.0],[0.07759170039841756,0.7759170039841756,1.0],[0.5225667244081349,5.2256672440813485,1.0],[0.9196433340252647,9.196433340252646,1.0],[0.8762509611803474,8.762509611803473,1.0],[0.5029695910906639,5.029695910906638,1.0]]
2a_Hurink_sdata_1_workers.fjs;110.90598850207537;4281132;[5,9,15,20,41,47,0,7,12,27,37,47,0,5,9,18,26,28,7,12,20,27,34,44,12,20,23,37,47,51,12,15,18,27,42,46];[2,0,1,3,5,4,1,2,4,5,0,3,2,3,5,0,1,4,1,0,2,3,4,5,2,1,4,5,0,3,1,3,5,0,4,2];[8,4,7,4,0,7,0,1,0,5,7,0,7,4,3,8,8,0,7,4,1,7,4,1,5,5,2,3,5,3,1,1,6,6,8,6];[[0.7773566427005639,7.7735664270056395,1.0],[0.6698255595592497,6.698255595592498,1.0],[0.09913960392481702,0.9913960392481702,1.0],[0.35297051119014544,3.529705111901454,1.0],[0.4679077429008419,4.679077429008419,1.0],[0.5346837414708775,5.346837414708775,1.0],[0.9783090609123973,9.783090609123974,1.0],[0.13031535015865903,1.3031535015865903,1.0],[0.6712434682302663,6.712434682302662,1.0]]
2a_Hurink_sdata_1_workers.fjs;113.66012574534052;2519928;[0,1,26,31,40,49,3,10,15,26,38,48,1,6,15,30,38,43,10,15,23,28,35,43,15,23,26,36,48,52,0,3,6,20,31,35];[2,0,1,3,5,4,1,2,4,5,0,3,2,3,5,0,1,4,1,0,2,3,4,5,2,1,4,5,0,3,1,3,5,0,4,2];[3,8,7,2,6,7,0,4,0,5,7,4,7,1,3,8,1,0,6,2,2,1,4,2,1,5,6,3,5,3,2,4,5,4,6,0];[[0.7966509679599704,7.966509679599704,1.0],[0.05862623274803458,0.5862623274803458,1.0],[0.7602397739740907,7.602397739740907,1.0],[0.8627037401845356,8.627037401845355,1.0],[0.09127403464611428,0.9127403464611428,1.0],[0.9024924365975527,9.024924365975528,1.0],[0.7858960565941281,7.858960565941281,1.0],[0.40667966546103385,4.0667966546103385,1.0],[0.37447264465852026,3.7447264465852026,1.0]]
2a_Hurink_sdata_1_workers.fjs;120.10997200067368;758184;[13,15,18,28,43,51,8,15,23,33,43,53,0,6,15,28,36,45,3,10,20,25,37,46,5,15,18,24,36,39,0,3,6,18,33,37];[2,0,1,3,5,4,1,2,4,5,0,3,2,3,5,0,1,4,1,0,2,3,4,5,2,1,4,5,0,3,1,3,5,0,4,2];[1,4,1,7,3,7,0,6,8,5,1,2,7,3,3,1,8,0,1,3,2,7,4,6,2,5,5,3,1,3,5,3,6,4,4,7];[[0.5209484070219088,5.209484070219088,1.0],[0.42125020101147315,4.212502010114731,1.0],[0.22094517308324657,2.2094517308324657,1.0],[0.13033708391670573,1.3033708391670573,1.0],[0.48395776843282956,4.839577684328296,1.0],[0.6260889663051598,6.260889663051597,1.0],[0.6211218319323739,6.21121831932374,1.0],[0.707277595965894,7.07277595965894,1.0],[0.43539590023548325,4.3539590023548325,1.0]]
2a_Hurink_sdata_1_workers.fjs;112.15694471818063;4034412;[5,6,23,29,41,46,0,7,12,27,37,47,0,5,9,18,29,40,7,12,20,25,28,44,12,20,23,37,47,51,12,15,18,27,36,40];[2,0,1,3,5,4,1,2,4,5,0,3,2,3,5,0,1,4,1,0,2,3,4,5,2,1,4,5,0,3,1,3,5,0,4,2];[1,2,3,7,6,7,0,4,6,5,1,3,7,3,3,8,8,0,6,8,0,7,4,2,2,5,2,3,0,3,7,1,1,6,4,4];[[0.49734142093980327,4.973414209398033,1.0],[0.35999045686025677,3.5999045686025677,1.0],[0.7220617567237175,7.220617567237175,1.0],[0.44672126724761885,4.4672126724761885,1.0],[0.4533596515962979,4.533596515962978,1.0],[0.025925678678183073,0.25925678678183073,1.0],[0.33490089376309407,3.3490089376309404,1.0],[0.4755440242737675,4.755440242737675,1.0],[0.45132356511490823,4.513235651149082,1.0]]
2a_Hurink_sdata_1_workers.fjs;113.12770537711093;2578344;[5,6,15,21,40,49,3,10,15,26,37,47,0,6,15,29,37,43,10,15,23,28,35,43,15,23,26,36,47,51,0,3,6,20,31,35];[2,0,1,3,5,4,1,2,4,5,0,3,2,3,5,0,1,4,1,0,2,3,4,5,2,1,4,5,0,3,1,3,5,0,4,2];[7,4,0,4,3,7,0,0,7,5,1,4,7,8,3,8,8,0,5,1,8,4,4,6,2,5,2,3,1,3,1,4,6,6,0,2];[[0.4211249061401,4.211249061401,1.0],[0.9761073344853062,9.761073344853061,1.0],[0.6132800246752349,6.132800246752349,1.0],[0.6930423279788359,6.930423279788359,1.0],[0.5088628354481554,5.088628354481553,1.0],[0.18781156668551158,1.8781156668551158,1.0],[0.830121874145001,8.301218741450011,1.0],[0.8449241651217704,8.449241651217704,1.0],[0.20962821201639004,2.0962821201639006,1.0]]
2a_Hurink_sdata_1_workers.fjs;112.035431440313;4781244;[5,6,15,28,38,48,0,7,12,28,38,48,0,5,9,20,28,41,10,15,20,25,28,45,12,20,23,41,48,52,7,10,18,28,37,41];[2,0,1,3,5,4,1,2,4,5,0,3,2,3,5,0,1,4,1,0,2,3,4,5,2,1,4,5,0,3,1,3,5,0,4,2];[5,2,7,7,6,7,0,4,8,5,7,2,7,8,3,1,8,0,0,0,2,7,4,1,5,5,6,3,0,3,1,1,3,6,4,8];[[0.4831103964860096,4.831103964860096,1.0],[0.9021829992468611,9.02182999246861,1.0],[0.5374571935128641,5.374571935128642,1.0],[0.8761340971511191,8.761340971511192,1.0],[0.573156942708234,5.7315694270823405,1.0],[0.994523847851402,9.945238478514021,1.0],[0.3574465703190305,3.574465703190305,1.0],[0.6617299629663892,6.617299629663892,1.0],[0.4882872262788658,4.882872262788657,1.0]]
2a_Hurink_sdata_1_workers.fjs;111.9202511725688;3274488;[5,9,23,29,41,47,0,7,12,27,37,47,0,5,9,18,29,41,7,12,20,25,28,44,12,20,23,37,47,51,12,15,18,28,37,41];[2,0,1,3,5,4,1,2,4,5,0,3,2,3,5,0,1,4,1,0,2,3,4,5,2,1,4,5,0,3,1,3,5,0,4,2];[2,8,0,7,3,7,0,0,0,5,7,5,7,8,3,8,3,0,2,1,2,7,4,1,2,5,6,3,0,3,6,7,1,6,0,6];[[0.34661995661142697,3.4661995661142697,1.0],[0.2286410960833074,2.286410960833074,1.0],[0.012392470279078194,0.12392470279078194,1.0],[0.9308270259025113,9.308270259025113,1.0],[0.3225145761620236,3.225145761620236,1.0],[0.0006954578022455582,0.006954578022455582,1.0],[0.2097170717940725,2.097170717940725,1.0],[0.5179602272351016,5.179602272351016,1.0],[0.7628222106217201,7.6282221062172,1.0]]
2a_Hurink_sdata_1_workers.fjs;113.24010124241296;4303668;[5,6,26,32,40,49,3,10,15,26,38,48,0,6,16,30,38,43,10,15,23,28,35,43,15,23,26,36,49,52,0,3,6,20,31,35];[2,0,1,3,5,4,1,2,4,5,0,3,2,3,5,0,1,4,1,0,2,3,4,5,2,1,4,5,0,3,1,3,5,0,4,2];[2,4,2,2,6,7,0,1,0,5,7,8,7,7,3,8,0,0,2,2,1,1,4,1,1,5,6,3,0,3,5,1,3,4,4,7];[[0.8559393885152179,8.55939388515218,1.0],[0.8004839408308784,8.004839408308783,1.0],[0.5938433496209707,5.938433496209708,1.0],[0.8870093324131678,8.870093324131679,1.0],[0.741558169706834,7.4155816970683395,1.0],[0.8097670389513107,8.097670389513107,1.0],[0.2247324103169328,2.247324103169328,1.0],[0.9761818800633866,9.761818800633865,1.0],[0.6339038774096737,6.339038774096737,1.0]]
2a_Hurink_sdata_1_workers.fjs;113.02051336268107;2371848;[5,6,15,22,36,49,3,10,15,26,37,47,0,6,16,29,37,43,10,15,23,29,35,43,15,23,26,39,47,51,0,3,6,20,31,35];[2,0,1,3,5,4,1,2,4,5,0,3,2,3,5,0,1,4,1,0,2,3,4,5,2,1,4,5,0,3,1,3,5,0,4,2];[8,2,1,4,6,7,0,6,0,5,7,4,7,4,3,8,8,0,0,6,1,6,4,1,5,5,2,3,5,3,8,4,3,6,0,2];[[0.5198238265685563,5.198238265685563,1.0],[0.9583988744400509,9.583988744400509,1.0],[0.3402956357666065,3.402956357666065,1.0],[0.7081849781179302,7.081849781179303,1.0],[0.9252189405445452,9.252189405445453,1.0],[0.05032666735654623,0.5032666735654623,1.0],[0.6613275461751585,6.613275461751585,1.0],[0.82711411373077,8.271141137307701,1.0],[0.8734961127808921,8.734961127808921,1.0]]
2a_Hurink_sdata_1_workers.fjs;119.65377476979923;1749936;[13,14,18,29,43,51,8,15,23,33,43,53,0,6,17,26,36,45,3,8,20,26,37,46,5,15,18,26,36,39,0,3,8,17,33,37];[2,0,1,3,5,4,1,2,4,5,0,3,2,3,5,0,1,4,1,0,2,3,4,5,2,1,4,5,0,3,1,3,5,0,4,2];[3,2,2,6,6,7,0,8,7,5,1,3,0,4,3,2,3,0,6,3,0,6,4,8,1,5,5,3,1,3,7,5,6,6,4,2];[[0.18019241848515155,1.8019241848515155,1.0],[0.48736227300275514,4.873622730027551,1.0],[0.07759170039841756,0.7759170039841756,1.0],[0.5225667244081349,5.2256672440813485,1.0],[0.9196433340252647,9.196433340252646,1.0],[0.8762509611803474,8.762509611803473,1.0],[0.5029695910906639,5.029695910906638,1.0],[0.8160267976375112,8.160267976375112,1.0],[0.8059112000327816,8.059112000327817,1.0]]
2a_Hurink_sdata_38_workers.fjs;5243.341681754286;377472;[187,485,708,851,1375,1515,1611,1617,1746,2320,0,47,361,784,898,1108,1187,1446,1499,2228,218,262,328,521,590,649,676,1304,1831,2051,0,80,306,429,437,603,972,1325,1496,1585,135,187,328,463,1117,1464,1611,1696,1934,2354,369,571,1146,1499,1553,1617,1686,1894,2066,2174,85,273,405,613,676,827,905,1432,2090,2174,155,262,528,568,1464,1499,1681,1761,1826,2001,32,85,136,155,244,630,761,851,1709,1912,180,294,518,708,1567,1795,1838,1914,2092,2196,375,745,1295,1301,1373,1464,1553,1855,2116,2280,105,375,983,1276,1527,1585,1661,1746,1988,2044,259,389,481,549,1011,1156,1432,1686,1826,1936,473,547,750,819,996,1233,1591,1631,1746,2288,227,266,375,474,485,642,1039,1268,1757,1838,273,1188,1297,1373,1413,1496,1553,1631,1979,2320,52,181,226,983,1110,1251,1706,1924,2294,2435,174,429,473,533,901,1304,1738,2092,2208,2294,487,571,1051,1117,1188,2131,2151,2208,2254,2382,351,389,746,880,953,1037,1133,1233,1304,1522,307,369,437,572,832,1009,1110,1855,1984,2098,0,155,487,603,667,827,1076,1133,1833,2355,0,52,180,1070,1367,1413,1562,1872,2044,2233,0,51,126,232,387,746,1009,1268,1770,2066,123,567,760,851,941,1039,1078,1187,1212,2254,262,565,653,675,851,919,1297,1646,1809,2142,0,249,305,636,676,832,1516,1965,2027,2293,0,136,384,473,588,834,877,924,1069,1718,0,135,398,511,819,924,1356,1432,1914,2027,223,434,622,675,1148,1251,1276,1709,1958,2287];[0,2,3,7,9,6,8,5,1,4,3,0,6,2,8,9,1,4,7,5,4,3,8,9,1,6,5,2,7,0,1,5,0,6,2,9,3,4,8,7,0,4,3,5,1,9,6,8,7,2,7,0,1,6,5,3,4,2,8,9,7,5,1,8,2,4,3,0,9,6,2,4,7,8,6,3,9,5,1,0,7,9,2,8,6,3,5,4,0,1,9,6,5,1,2,8,0,4,3,7,8,0,9,3,6,5,4,2,7,1,4,3,0,8,2,1,7,6,5,9,9,1,6,7,0,8,4,2,5,3,0,6,1,3,8,5,4,9,7,2,2,0,5,6,3,7,1,9,4,8,1,5,6,0,8,4,9,2,7,3,4,7,1,8,0,6,9,5,3,2,1,0,7,8,4,5,9,2,3,6,0,6,1,5,9,8,3,4,2,7,1,0,6,5,4,7,8,2,9,3,7,9,6,3,8,2,4,1,0,5,2,5,4,0,6,9,8,7,3,1,4,3,6,2,9,0,7,8,5,1,8,1,3,5,9,4,6,0,2,7,5,3,2,0,1,9,6,8,7,4,7,2,0,9,5,6,1,4,3,8,5,0,9,2,1,6,7,8,3,4,6,5,8,1,3,0,7,2,9,4,0,9,3,5,1,7,4,2,6,8,3,9,2,0,6,8,4,5,1,7];[4,7,11,1,4,0,9,7,8,9,5,9,3,8,3,8,6,5,13,3,12,8,2,0,7,14,6,4,0,8,10,11,7,4,3,1,6,2,5,2,11,7,13,11,12,8,3,2,6,3,9,1,6,11,6,11,1,9,13,12,2,10,11,2,1,2,10,10,3,3,5,14,11,12,13,6,5,10,1,14,5,13,6,6,7,10,7,5,7,8,3,14,4,13,8,5,5,10,10,1,12,5,12,14,8,14,9,6,14,4,12,6,3,9,7,5,8,1,3,10,13,7,8,8,10,13,9,11,13,8,12,1,2,9,2,10,10,4,3,3,0,5,2,8,3,5,4,14,4,4,1,3,8,12,7,12,14,1,4,2,4,9,13,0,9,1,12,12,14,0,12,6,10,3,7,3,0,1,7,7,9,3,14,3,0,8,8,11,14,5,12,4,14,1,8,7,14,3,12,10,4,0,0,11,14,11,10,11,5,2,2,0,12,13,10,10,5,6,2,4,12,1,1,11,14,2,4,1,5,3,14,14,14,1,1,10,0,0,11,11,6,9,0,6,1,3,2,8,4,2,12,5,2,8,0,11,1,5,7,5,0,4,0,6,11,11,3,11,1,2,7,7,11,6,6,1,8,9,13,14,3,1,13,4,12,12,10,1,5,0,11,14,5,14,2,11,5,9,9,8];[[0.7773566427005639,7.7735664270056395,1.0],[0.6698255595592497,6.698255595592498,1.0],[0.09913960392481702,0.9913960392481702,1.0],[0.35297051119014544,3.529705111901454,1.0],[0.4679077429008419,4.679077429008419,1.0],[0.5346837414708775,5.346837414708775,1.0],[0.9783090609123973,9.783090609123974,1.0],[0.13031535015865903,1.3031535015865903,1.0],[0.6712434682302663,6.712434682302662,1.0],[0.36422941594737557,3.6422941594737557,1.0],[0.48883570716198577,4.888357071619858,1.0],[0.20301221073405373,2.0301221073405373,1.0],[0.6661983755713592,6.661983755713592,1.0],[0.2276630312069321,2.276630312069321,1.0],[0.4580640582967631,4.580640582967631,1.0]]
2a_Hurink_sdata_38_workers.fjs;5155.370537097071;831048;[99,373,453,841,925,1256,1606,1670,1762,1987,38,453,677,731,912,1612,1804,1862,2038,2322,230,308,999,1334,1403,1674,1762,1836,1890,2034,15,512,722,797,953,1183,1674,1954,2234,2372,0,275,477,846,893,1087,1694,1836,1993,2176,0,214,283,591,642,891,1065,1298,1747,1876,449,555,848,907,1115,1424,1429,1788,1971,2051,0,224,428,470,746,868,1059,1942,2011,2184,135,237,288,1234,1522,1568,1592,1808,2092,2207,120,286,777,925,1098,1322,1862,2051,2172,2232,0,558,640,804,895,987,1109,1200,1654,2026,304,628,797,848,907,1050,1243,1348,1387,2100,376,449,609,739,1364,1505,1518,1749,1836,1956,201,456,484,651,696,1164,1306,1505,1547,2334,821,878,1076,1171,1177,1224,1243,1403,2139,2200,206,890,987,1322,1367,1460,1539,1612,1739,2231,0,542,878,1638,1702,1790,1841,2176,2287,2298,100,329,373,539,1125,1197,1431,1670,1719,2117,373,515,591,706,1103,1539,1617,1674,1719,2144,0,161,201,841,893,1322,1612,1890,2051,2100,677,739,1063,1103,1171,1238,1298,1899,2229,2250,224,470,584,825,1177,1256,1518,1539,1899,2101,50,550,1387,1433,1531,1539,1636,1654,2327,2383,50,125,206,308,876,987,1568,1649,2099,2322,0,33,81,640,746,848,1098,1455,1478,1912,90,161,311,329,347,805,1255,1429,1592,2073,376,541,1011,1059,1345,1433,1826,1964,2034,2231,38,115,134,661,765,967,1488,1964,2145,2259,52,199,696,935,967,1050,1345,1522,1912,2034,0,33,120,244,353,515,539,784,1826,2054];[0,2,3,7,9,6,8,5,1,4,3,0,6,2,8,9,1,4,7,5,4,3,8,9,1,6,5,2,7,0,1,5,0,6,2,9,3,4,8,7,0,4,3,5,1,9,6,8,7,2,7,0,1,6,5,3,4,2,8,9,7,5,1,8,2,4,3,0,9,6,2,4,7,8,6,3,9,5,1,0,7,9,2,8,6,3,5,4,0,1,9,6,5,1,2,8,0,4,3,7,8,0,9,3,6,5,4,2,7,1,4,3,0,8,2,1,7,6,5,9,9,1,6,7,0,8,4,2,5,3,0,6,1,3,8,5,4,9,7,2,2,0,5,6,3,7,1,9,4,8,1,5,6,0,8,4,9,2,7,3,4,7,1,8,0,6,9,5,3,2,1,0,7,8,4,5,9,2,3,6,0,6,1,5,9,8,3,4,2,7,1,0,6,5,4,7,8,2,9,3,7,9,6,3,8,2,4,1,0,5,2,5,4,0,6,9,8,7,3,1,4,3,6,2,9,0,7,8,5,1,8,1,3,5,9,4,6,0,2,7,5,3,2,0,1,9,6,8,7,4,7,2,0,9,5,6,1,4,3,8,5,0,9,2,1,6,7,8,3,4,6,5,8,1,3,0,7,2,9,4,0,9,3,5,1,7,4,2,6,8,3,9,2,0,6,8,4,5,1,7];[4,7,13,0,12,7,9,7,0,2,5,9,5,8,10,11,10,5,7,5,8,8,9,0,6,8,7,8,0,8,2,11,12,11,6,0,0,6,12,14,11,1,0,12,14,11,8,7,6,6,12,10,9,5,10,8,10,14,9,13,4,0,11,2,1,2,0,14,11,5,10,4,3,12,6,6,3,3,14,10,12,12,2,9,11,0,0,9,10,13,3,14,4,13,10,2,9,11,14,5,5,3,9,2,4,14,5,0,13,4,1,1,3,9,6,8,11,3,3,13,0,3,7,7,13,11,2,11,3,11,3,11,14,12,1,4,4,7,6,3,0,11,2,14,8,8,4,7,4,4,13,3,7,9,5,1,7,7,4,0,9,1,0,10,12,13,14,1,6,14,6,7,10,6,5,7,11,1,5,0,9,12,8,3,0,8,8,5,2,5,13,13,5,6,0,8,4,8,12,9,7,4,1,11,6,6,3,11,3,7,9,10,11,10,10,10,0,12,6,12,6,14,10,9,14,2,3,9,12,12,9,0,11,3,13,4,13,4,1,11,7,8,1,4,9,7,6,2,5,12,12,4,7,11,0,4,12,1,8,6,12,13,6,9,4,4,12,8,1,14,8,5,5,6,0,13,5,13,2,14,7,2,11,7,11,5,12,9,5,0,14,14,10,7,2,6,7,13,6,2];[[0.7966509679599704,7.966509679599704,1.0],[0.05862623274803458,0.5862623274803458,1.0],[0.7602397739740907,7.602397739740907,1.0],[0.8627037401845356,8.627037401845355,1.0],[0.09127403464611428,0.9127403464611428,1.0],[0.9024924365975527,9.024924365975528,1.0],[0.7858960565941281,7.858960565941281,1.0],[0.40667966546103385,4.0667966546103385,1.0],[0.37447264465852026,3.7447264465852026,1.0],[0.6490262282913547,6.490262282913547,1.0],[0.40092466608569977,4.009246660856998,1.0],[0.5721109226277574,5.721109226277575,1.0],[0.6077930620255084,6.077930620255084,1.0],[0.05072389565884072,0.5072389565884072,1.0],[0.7370880093375713,7.370880093375714,1.0]]
2a_Hurink_sdata_38_workers.fjs;4983.633257822706;301512;[13,692,808,915,1084,1657,1770,1776,2175,2297,0,214,780,956,1046,1178,1626,1868,1948,1964,0,531,765,808,911,967,1024,1210,1505,1797,152,446,665,737,1157,1563,1831,2008,2141,2231,76,284,391,531,1210,1547,1563,1674,1797,2072,361,506,536,580,921,1288,1599,1631,2010,2075,62,161,248,558,563,1451,1456,1855,1860,2270,128,213,223,563,745,929,955,1163,1234,1578,308,391,436,808,1130,1526,1550,1918,1968,2310,13,133,439,495,814,1457,1502,1662,1772,1842,244,587,665,955,1038,1421,1584,1997,2056,2223,218,284,478,506,647,692,831,920,1100,1430,266,467,506,671,992,1147,1165,1814,2028,2134,0,105,394,467,679,1259,1288,1581,1616,1931,245,348,577,684,760,946,990,1024,1377,2075,44,248,308,1086,1259,1347,1475,1547,1701,1939,44,174,481,665,906,992,1051,1327,1996,2036,126,304,536,956,990,1636,1674,1790,2007,2087,391,608,750,839,1257,1600,1656,1823,1896,1964,0,174,223,434,1042,1304,1890,2154,2224,2273,0,248,445,515,898,1089,1157,1948,2110,2224,213,305,353,536,839,1345,1578,1608,1713,2028,92,313,397,455,792,1434,1780,1797,1969,2124,0,313,832,1512,1606,1746,1929,2058,2224,2302,293,308,313,737,821,911,1261,1498,1939,2231,451,831,1131,1171,1392,1434,1532,1631,1746,2297,353,888,979,1046,1130,1174,1261,1610,1864,2270,31,902,1174,1251,1341,1380,1397,1443,1741,1969,128,750,1147,1251,1336,1443,1505,1695,1864,2230,105,138,256,821,1331,1434,1457,1670,1831,2141];[0,2,3,7,9,6,8,5,1,4,3,0,6,2,8,9,1,4,7,5,4,3,8,9,1,6,5,2,7,0,1,5,0,6,2,9,3,4,8,7,0,4,3,5,1,9,6,8,7,2,7,0,1,6,5,3,4,2,8,9,7,5,1,8,2,4,3,0,9,6,2,4,7,8,6,3,9,5,1,0,7,9,2,8,6,3,5,4,0,1,9,6,5,1,2,8,0,4,3,7,8,0,9,3,6,5,4,2,7,1,4,3,0,8,2,1,7,6,5,9,9,1,6,7,0,8,4,2,5,3,0,6,1,3,8,5,4,9,7,2,2,0,5,6,3,7,1,9,4,8,1,5,6,0,8,4,9,2,7,3,4,7,1,8,0,6,9,5,3,2,1,0,7,8,4,5,9,2,3,6,0,6,1,5,9,8,3,4,2,7,1,0,6,5,4,7,8,2,9,3,7,9,6,3,8,2,4,1,0,5,2,5,4,0,6,9,8,7,3,1,4,3,6,2,9,0,7,8,5,1,8,1,3,5,9,4,6,0,2,7,5,3,2,0,1,9,6,8,7,4,7,2,0,9,5,6,1,4,3,8,5,0,9,2,1,6,7,8,3,4,6,5,8,1,3,0,7,2,9,4,0,9,3,5,1,7,4,2,6,8,3,9,2,0,6,8,4,5,1,7];[9,7,5,0,2,6,13,7,9,9,5,1,4,8,7,8,10,5,7,14,12,13,5,0,1,0,1,13,0,8,10,11,10,14,14,3,0,12,5,11,11,7,0,0,14,14,7,7,6,0,12,10,8,8,6,14,12,9,13,1,8,0,11,2,1,2,4,10,12,2,11,11,12,12,6,12,9,3,5,14,5,11,13,3,1,3,11,5,1,12,3,13,4,0,9,14,5,4,14,6,12,14,0,12,4,8,13,5,5,12,7,14,3,14,9,3,9,7,13,13,4,7,3,0,13,3,9,3,3,11,3,3,7,13,1,14,4,9,3,3,2,11,2,7,0,3,14,14,5,9,12,3,1,3,5,10,6,2,9,8,2,5,14,14,2,5,8,4,6,14,10,6,10,14,7,11,0,4,8,8,10,12,9,4,3,2,8,5,1,4,7,4,5,9,11,8,9,14,3,13,8,0,8,13,8,9,11,11,6,14,6,8,2,6,6,13,5,5,11,2,2,14,14,9,11,2,8,1,2,1,14,13,14,8,8,11,13,6,1,11,9,13,4,10,11,3,2,3,11,2,6,2,6,5,7,7,10,1,3,6,4,12,1,5,4,11,11,0,4,6,14,5,1,6,12,10,11,12,2,14,5,3,7,5,0,5,13,1,0,0,14,14,14,12,2,0,0,14,14,2];[[0.5209484070219088,5.209484070219088,1.0],[0.42125020101147315,4.212502010114731,1.0],[0.22094517308324657,2.2094517308324657,1.0],[0.13033708391670573,1.3033708391670573,1.0],[0.48395776843282956,4.839577684328296,1.0],[0.6260889663051598,6.260889663051597,1.0],[0.6211218319323739,6.21121831932374,1.0],[0.707277595965894,7.07277595965894,1.0],[0.43539590023548325,4.3539590023548325,1.0],[0.04809800715767443,0.4809800715767443,1.0],[0.2254847064342842,2.254847064342842,1.0],[0.788548045160999,7.88548045160999,1.0],[0.42108890435006496,4.21088904350065,1.0],[0.5652029481252892,5.6520294812528915,1.0],[0.6764042610645917,6.764042610645918,1.0]]
2a_Hurink_sdata_38_workers.fjs;5180.659489563512;288060;[913,1085,1165,1392,1496,1734,1980,2052,2175,2242,34,740,852,1165,1299,1718,1850,2077,2175,2191,266,310,403,600,669,1188,1255,1742,1834,2147,77,203,247,518,587,734,945,1503,1799,2025,0,52,549,600,726,1092,1252,1574,1665,2254,67,412,447,500,773,844,899,1553,1734,1990,168,513,895,1029,1617,1701,1706,1801,1833,1946,52,310,773,958,1050,1085,1467,1491,1974,2205,794,1229,1419,1465,1574,1894,1921,2001,2055,2223,291,578,749,755,797,1665,1710,2127,2215,2356,314,447,669,675,756,852,1946,2052,2191,2271,82,148,536,720,912,1110,1418,1689,1726,2027,370,633,985,1050,1202,2052,2063,2137,2217,2340,214,440,933,1109,1213,1392,1762,1807,2271,2356,0,133,246,645,899,945,1024,1584,1885,1946,0,77,283,1313,1383,1475,1917,1990,2096,2354,214,465,1009,1065,1109,1206,1612,1644,1921,2217,151,367,410,465,1337,1422,1644,1718,1799,2010,52,133,531,680,750,945,1503,1716,1807,1937,138,173,360,440,506,680,1003,1255,1325,2268,0,67,464,592,607,1003,1467,1475,1780,2144,137,367,647,837,906,1382,1553,1574,1581,1868,316,381,526,814,1084,1296,1806,2145,2323,2376,283,323,449,644,680,933,1337,1406,1461,1581,412,544,549,573,797,1202,1496,1710,1824,2284,260,312,895,1078,1084,1406,1762,1850,1931,2063,122,229,247,374,603,651,1329,1990,2063,2215,209,334,381,452,607,655,1503,2092,2223,2323,321,506,746,844,1037,1139,1198,1325,1620,2106,0,412,573,671,1085,1188,1282,1330,1617,1716];[0,2,3,7,9,6,8,5,1,4,3,0,6,2,8,9,1,4,7,5,4,3,8,9,1,6,5,2,7,0,1,5,0,6,2,9,3,4,8,7,0,4,3,5,1,9,6,8,7,2,7,0,1,6,5,3,4,2,8,9,7,5,1,8,2,4,3,0,9,6,2,4,7,8,6,3,9,5,1,0,7,9,2,8,6,3,5,4,0,1,9,6,5,1,2,8,0,4,3,7,8,0,9,3,6,5,4,2,7,1,4,3,0,8,2,1,7,6,5,9,9,1,6,7,0,8,4,2,5,3,0,6,1,3,8,5,4,9,7,2,2,0,5,6,3,7,1,9,4,8,1,5,6,0,8,4,9,2,7,3,4,7,1,8,0,6,9,5,3,2,1,0,7,8,4,5,9,2,3,6,0,6,1,5,9,8,3,4,2,7,1,0,6,5,4,7,8,2,9,3,7,9,6,3,8,2,4,1,0,5,2,5,4,0,6,9,8,7,3,1,4,3,6,2,9,0,7,8,5,1,8,1,3,5,9,4,6,0,2,7,5,3,2,0,1,9,6,8,7,4,7,2,0,9,5,6,1,4,3,8,5,0,9,2,1,6,7,8,3,4,6,5,8,1,3,0,7,2,9,4,0,9,3,5,1,7,4,2,6,8,3,9,2,0,6,8,4,5,1,7];[2,7,1,1,4,0,0,7,9,4,5,3,10,8,5,1,8,5,7,10,12,10,4,0,6,14,8,6,0,8,4,11,8,4,2,13,0,3,12,11,11,2,8,12,1,4,3,11,11,6,10,8,14,5,8,9,5,9,13,1,3,0,11,2,1,2,9,14,3,4,11,4,12,12,7,9,12,7,13,0,5,4,2,9,0,13,3,9,14,12,3,14,5,13,6,12,8,11,13,5,1,8,12,4,7,0,2,8,14,12,7,14,3,11,12,12,8,14,14,10,8,11,13,0,13,4,9,6,8,8,13,13,5,10,1,5,10,13,3,3,14,5,2,10,9,13,14,7,4,10,13,3,9,4,7,1,7,12,9,1,1,0,11,12,9,0,12,4,5,1,6,9,10,13,3,6,7,4,10,2,12,12,10,5,4,9,8,11,1,5,4,1,6,6,1,8,4,14,7,13,9,5,11,5,3,12,13,11,4,2,2,11,11,2,10,13,0,13,14,11,0,12,11,14,11,2,4,3,9,11,14,1,7,8,7,14,0,0,2,13,3,8,4,4,12,9,6,0,9,2,0,12,7,12,5,4,11,5,12,6,13,7,10,5,9,14,8,7,4,2,14,5,10,9,5,10,10,2,9,14,11,12,2,0,3,5,2,14,2,0,10,1,6,2,2,11,0,1,9,2];[[0.49734142093980327,4.973414209398033,1.0],[0.35999045686025677,3.5999045686025677,1.0],[0.7220617567237175,7.220617567237175,1.0],[0.44672126724761885,4.4672126724761885,1.0],[0.4533596515962979,4.533596515962978,1.0],[0.025925678678183073,0.25925678678183073,1.0],[0.33490089376309407,3.3490089376309404,1.0],[0.4755440242737675,4.755440242737675,1.0],[0.45132356511490823,4.513235651149082,1.0],[0.08788974506102976,0.8788974506102976,1.0],[0.29509671683068217,2.9509671683068217,1.0],[0.33863234208051063,3.3863234208051063,1.0],[0.9020959027552419,9.020959027552419,1.0],[0.7173473735926632,7.173473735926632,1.0],[0.8986159167700656,8.986159167700656,1.0]]
2a_Hurink_sdata_38_workers.fjs;5178.836645274094;670020;[0,551,677,704,1129,1333,1513,1520,1713,1979,385,580,731,783,873,965,1044,1106,1584,1873,0,52,146,624,781,914,978,1131,1361,2050,0,176,705,906,1506,1558,1897,1950,2093,2378,63,115,266,329,397,693,821,1270,1464,1913,56,146,177,219,811,906,1156,1404,1587,1717,146,242,329,360,365,449,499,1460,1995,2207,230,312,362,652,783,1246,1305,1702,2199,2226,242,295,340,365,1012,1222,1612,1782,1832,1924,385,1056,1236,1242,1387,1472,1513,1702,1782,1897,31,333,945,1120,1236,1333,1422,1873,2031,2375,44,242,677,705,873,1065,1509,1953,2151,2208,340,385,397,1259,1361,1460,1472,1667,1767,2122,177,190,965,1268,1369,1452,1486,1667,1808,2342,449,492,536,814,1006,1056,1204,1330,1361,1904,52,131,551,1305,1782,1871,1924,1995,2289,2368,177,312,439,758,1028,1190,1270,2052,2111,2151,131,271,428,797,831,1416,1456,1558,1582,1717,190,309,582,744,1587,1713,1835,1904,2050,2111,424,939,1428,1515,1522,1601,1690,2080,2151,2212,0,56,465,1456,1522,1587,1863,1950,2007,2108,460,492,536,799,933,1044,1129,1148,1423,1755,230,417,505,631,1361,1613,1744,2179,2272,2324,0,505,582,705,797,1034,1120,1246,1305,1690,0,494,731,849,1333,1423,1644,1864,2368,2378,383,494,781,939,945,1515,1613,1832,1926,2272,14,315,1222,1463,1506,1864,1987,2031,2137,2226,235,377,460,849,967,1012,1762,1808,2067,2187,532,580,1051,1120,1131,1204,1259,2187,2267,2342,0,73,160,424,628,772,885,1995,2052,2199];[0,2,3,7,9,6,8,5,1,4,3,0,6,2,8,9,1,4,7,5,4,3,8,9,1,6,5,2,7,0,1,5,0,6,2,9,3,4,8,7,0,4,3,5,1,9,6,8,7,2,7,0,1,6,5,3,4,2,8,9,7,5,1,8,2,4,3,0,9,6,2,4,7,8,6,3,9,5,1,0,7,9,2,8,6,3,5,4,0,1,9,6,5,1,2,8,0,4,3,7,8,0,9,3,6,5,4,2,7,1,4,3,0,8,2,1,7,6,5,9,9,1,6,7,0,8,4,2,5,3,0,6,1,3,8,5,4,9,7,2,2,0,5,6,3,7,1,9,4,8,1,5,6,0,8,4,9,2,7,3,4,7,1,8,0,6,9,5,3,2,1,0,7,8,4,5,9,2,3,6,0,6,1,5,9,8,3,4,2,7,1,0,6,5,4,7,8,2,9,3,7,9,6,3,8,2,4,1,0,5,2,5,4,0,6,9,8,7,3,1,4,3,6,2,9,0,7,8,5,1,8,1,3,5,9,4,6,0,2,7,5,3,2,0,1,9,6,8,7,4,7,2,0,9,5,6,1,4,3,8,5,0,9,2,1,6,7,8,3,4,6,5,8,1,3,0,7,2,9,4,0,9,3,5,1,7,4,2,6,8,3,9,2,0,6,8,4,5,1,7];[9,7,8,9,8,1,10,7,14,2,5,3,13,8,9,8,0,5,13,3,12,6,7,0,6,5,7,2,0,8,6,11,6,1,5,11,1,12,12,11,11,7,8,9,4,11,3,2,6,3,12,4,12,11,7,3,14,14,6,6,2,0,11,2,1,2,8,10,5,3,4,11,3,12,3,4,6,10,5,14,5,3,2,14,1,8,7,5,10,14,3,4,5,3,9,14,6,7,13,9,8,10,12,12,11,3,4,8,14,10,7,2,3,7,5,2,4,13,3,13,5,9,7,7,10,2,9,0,8,11,3,10,9,10,2,4,0,11,6,3,12,5,2,4,2,1,4,10,4,4,8,3,9,9,7,4,10,8,9,6,4,4,0,5,12,5,14,7,14,14,13,6,10,14,0,3,11,1,5,1,12,12,12,9,0,9,9,11,2,5,12,1,7,9,12,3,14,3,1,1,2,4,12,13,0,4,0,11,3,2,6,0,0,13,10,13,6,13,11,3,9,9,10,14,9,2,2,9,4,1,14,12,10,3,11,9,10,8,12,3,5,4,2,6,11,5,6,14,2,2,6,9,7,6,5,2,13,1,8,11,13,7,2,5,3,7,12,11,4,4,14,7,14,13,12,10,11,11,9,14,1,4,11,14,3,7,5,10,3,0,11,14,11,8,2,11,7,10,6,2];[[0.4211249061401,4.211249061401,1.0],[0.9761073344853062,9.761073344853061,1.0],[0.6132800246752349,6.132800246752349,1.0],[0.6930423279788359,6.930423279788359,1.0],[0.5088628354481554,5.088628354481553,1.0],[0.18781156668551158,1.8781156668551158,1.0],[0.830121874145001,8.301218741450011,1.0],[0.8449241651217704,8.449241651217704,1.0],[0.20962821201639004,2.0962821201639006,1.0],[0.6505169872996391,6.505169872996391,1.0],[0.7003316191510263,7.003316191510263,1.0],[0.7150339547653067,7.150339547653068,1.0],[0.8091072451390076,8.091072451390076,1.0],[0.8451978833841938,8.451978833841938,1.0],[0.3695849781386673,3.695849781386673,1.0]]
2a_Hurink_sdata_38_workers.fjs;4959.240806211314;710820;[210,362,449,932,1152,1245,1336,1465,2175,2217,328,752,1012,1148,1613,1700,1779,1800,2285,2310,207,545,843,938,1079,1522,1749,1866,2182,2285,0,94,328,905,970,1090,1205,1238,1343,1486,0,177,476,700,927,1391,1437,1522,1613,2090,308,611,763,843,861,932,993,1025,1082,1836,0,550,641,1286,1291,1437,1939,2073,2078,2160,12,171,1192,1229,1336,1409,1431,2008,2073,2089,190,328,538,630,861,993,1663,2044,2134,2305,47,286,498,504,570,589,642,706,782,976,33,52,932,1020,1114,1274,1657,1828,2017,2097,98,176,467,495,766,844,1113,1207,1405,2301,641,750,775,843,1059,1274,1409,1579,1885,2008,495,576,768,844,1143,1978,2008,2044,2097,2257,0,288,328,570,719,763,1173,1364,1579,1700,111,641,687,840,888,1025,1456,1773,1895,2022,0,99,362,576,956,1068,1114,1145,1453,2055,545,568,641,976,1079,1365,1873,2031,2149,2244,130,210,286,416,550,1006,1238,1533,1738,1802,97,510,599,746,904,1213,1309,1663,1779,1836,243,308,360,763,1016,1090,1148,1325,1431,2244,442,504,782,880,933,1012,1432,1456,1908,2217,47,98,395,671,766,1042,1309,1732,1829,1885,0,993,1088,1238,1274,1328,1640,1978,2182,2301,686,700,906,1153,1235,1336,1367,1453,1475,1934,145,475,550,1145,1205,1542,1939,2094,2125,2203,0,271,774,930,1143,1719,1974,2135,2244,2310,0,479,554,671,888,933,1066,1238,1533,1674,706,835,1463,1557,1565,1657,1850,1934,2027,2096,0,126,220,400,467,719,851,1565,1642,1712];[0,2,3,7,9,6,8,5,1,4,3,0,6,2,8,9,1,4,7,5,4,3,8,9,1,6,5,2,7,0,1,5,0,6,2,9,3,4,8,7,0,4,3,5,1,9,6,8,7,2,7,0,1,6,5,3,4,2,8,9,7,5,1,8,2,4,3,0,9,6,2,4,7,8,6,3,9,5,1,0,7,9,2,8,6,3,5,4,0,1,9,6,5,1,2,8,0,4,3,7,8,0,9,3,6,5,4,2,7,1,4,3,0,8,2,1,7,6,5,9,9,1,6,7,0,8,4,2,5,3,0,6,1,3,8,5,4,9,7,2,2,0,5,6,3,7,1,9,4,8,1,5,6,0,8,4,9,2,7,3,4,7,1,8,0,6,9,5,3,2,1,0,7,8,4,5,9,2,3,6,0,6,1,5,9,8,3,4,2,7,1,0,6,5,4,7,8,2,9,3,7,9,6,3,8,2,4,1,0,5,2,5,4,0,6,9,8,7,3,1,4,3,6,2,9,0,7,8,5,1,8,1,3,5,9,4,6,0,2,7,5,3,2,0,1,9,6,8,7,4,7,2,0,9,5,6,1,4,3,8,5,0,9,2,1,6,7,8,3,4,6,5,8,1,3,0,7,2,9,4,0,9,3,5,1,7,4,2,6,8,3,9,2,0,6,8,4,5,1,7];[3,7,8,7,2,4,0,7,14,2,5,9,9,8,10,8,11,5,7,5,8,3,7,0,6,13,13,0,0,8,12,11,10,14,13,4,0,3,5,9,11,14,10,0,12,8,3,0,14,13,3,0,6,5,8,3,1,8,9,1,6,10,11,2,1,2,14,10,12,2,0,10,12,12,3,10,6,10,3,10,5,9,6,7,1,14,11,5,1,14,3,13,5,3,2,14,6,4,13,5,10,9,0,7,14,8,14,11,14,7,10,2,3,11,14,9,5,10,14,7,13,0,7,0,13,6,0,11,4,8,13,8,12,6,1,5,0,7,3,3,0,5,2,14,7,1,10,14,4,3,8,3,2,4,5,1,11,1,9,9,3,13,0,11,12,1,0,0,5,0,13,9,10,8,3,6,11,4,10,1,9,12,7,4,4,4,9,11,1,9,0,4,2,1,11,5,14,5,7,2,0,9,1,5,0,10,11,11,10,10,13,12,8,4,10,10,5,6,1,13,8,14,8,11,11,2,5,4,12,10,9,3,7,8,7,10,1,4,3,11,8,4,9,4,11,4,2,4,14,2,12,14,7,3,7,3,12,1,11,6,1,2,3,6,9,10,11,6,5,6,4,7,8,9,12,13,2,13,4,14,5,13,1,5,13,7,3,6,6,0,7,1,10,12,2,6,14,5,13,2];[[0.4831103964860096,4.831103964860096,1.0],[0.9021829992468611,9.02182999246861,1.0],[0.5374571935128641,5.374571935128642,1.0],[0.8761340971511191,8.761340971511192,1.0],[0.573156942708234,5.7315694270823405,1.0],[0.994523847851402,9.945238478514021,1.0],[0.3574465703190305,3.574465703190305,1.0],[0.6617299629663892,6.617299629663892,1.0],[0.4882872262788658,4.882872262788657,1.0],[0.5726412824777106,5.726412824777106,1.0],[0.32388398325139345,3.2388398325139347,1.0],[0.8072354510963532,8.072354510963532,1.0],[0.8087324055796944,8.087324055796945,1.0],[0.660852452150834,6.60852452150834,1.0],[0.5802577271631468,5.802577271631469,1.0]]
2a_Hurink_sdata_38_workers.fjs;4812.132580380412;1598148;[141,252,502,662,921,1328,1424,1465,1573,1710,608,648,741,861,965,1282,1419,1566,1781,2200,233,300,370,852,1001,1465,1557,1637,1887,2041,507,644,908,1147,1155,1225,1298,1366,1507,1594,203,624,737,1211,1440,1561,1744,1883,1990,2115,312,471,502,536,1147,1402,1507,1693,1755,1888,53,152,414,704,709,1502,1590,1655,1667,1840,152,618,793,814,1034,1378,1507,1912,1979,1996,0,53,233,266,695,1180,1385,1651,1712,1996,681,890,1074,1080,1200,1302,1342,1418,1502,1797,31,353,579,640,797,986,1231,1247,1408,2023,413,713,880,1455,1597,1637,1706,2097,2140,2200,0,310,388,505,736,1059,1217,1286,1755,2106,47,60,324,536,618,797,921,1016,1106,1801,0,570,709,1248,1254,1298,1615,1750,1781,2080,103,239,312,1191,1342,1538,1929,2011,2094,2173,486,814,880,918,1087,1419,1578,1848,1912,2080,285,310,607,931,1299,1350,1408,1573,1760,2011,60,141,219,285,432,859,1123,1247,1467,1502,401,431,954,1069,1074,1317,1430,1502,1615,1667,152,524,552,1207,1244,1366,1701,1805,1888,2041,332,462,538,830,1066,1147,1225,1400,1561,1862,0,198,266,408,1008,1070,1087,1106,1257,2140,0,31,103,608,797,1145,1487,1660,1867,2035,353,370,793,986,1118,1378,1663,1812,2085,2134,413,524,630,845,852,1155,1275,1616,1733,1842,513,613,630,818,1467,1557,1663,1979,2041,2106,462,881,900,918,1001,1173,1231,1755,1848,1963,0,394,432,506,568,864,957,1027,1254,2041,266,300,394,502,592,737,759,1080,1206,2173];[0,2,3,7,9,6,8,5,1,4,3,0,6,2,8,9,1,4,7,5,4,3,8,9,1,6,5,2,7,0,1,5,0,6,2,9,3,4,8,7,0,4,3,5,1,9,6,8,7,2,7,0,1,6,5,3,4,2,8,9,7,5,1,8,2,4,3,0,9,6,2,4,7,8,6,3,9,5,1,0,7,9,2,8,6,3,5,4,0,1,9,6,5,1,2,8,0,4,3,7,8,0,9,3,6,5,4,2,7,1,4,3,0,8,2,1,7,6,5,9,9,1,6,7,0,8,4,2,5,3,0,6,1,3,8,5,4,9,7,2,2,0,5,6,3,7,1,9,4,8,1,5,6,0,8,4,9,2,7,3,4,7,1,8,0,6,9,5,3,2,1,0,7,8,4,5,9,2,3,6,0,6,1,5,9,8,3,4,2,7,1,0,6,5,4,7,8,2,9,3,7,9,6,3,8,2,4,1,0,5,2,5,4,0,6,9,8,7,3,1,4,3,6,2,9,0,7,8,5,1,8,1,3,5,9,4,6,0,2,7,5,3,2,0,1,9,6,8,7,4,7,2,0,9,5,6,1,4,3,8,5,0,9,2,1,6,7,8,3,4,6,5,8,1,3,0,7,2,9,4,0,9,3,5,1,7,4,2,6,8,3,9,2,0,6,8,4,5,1,7];[4,7,0,13,2,4,9,7,0,10,5,9,9,8,6,9,4,5,7,12,8,5,5,0,7,3,11,11,0,8,4,11,3,14,0,3,3,6,12,14,11,14,5,0,1,4,8,11,6,3,10,4,9,12,6,3,8,4,6,13,8,0,11,2,1,2,8,13,9,2,8,12,1,12,14,9,14,7,5,10,5,14,13,12,11,14,8,5,11,12,3,4,5,11,11,7,5,13,4,9,12,14,6,6,14,3,1,6,6,3,10,14,3,14,4,12,3,13,14,7,0,11,3,7,13,11,9,6,4,1,3,5,11,14,1,10,0,2,4,3,12,11,2,10,14,1,12,10,5,14,1,3,8,13,7,1,4,13,9,9,1,4,13,6,2,5,6,1,5,0,6,9,10,9,10,14,0,1,13,4,12,3,14,0,6,9,8,13,1,13,4,13,13,9,12,0,12,0,0,1,13,9,2,5,8,11,7,11,4,7,2,3,1,13,6,10,6,12,10,14,10,12,10,7,5,2,0,1,5,13,14,1,7,8,2,9,10,6,12,11,9,13,7,10,7,13,14,0,11,12,0,6,7,3,7,12,11,5,13,5,5,4,4,1,9,3,8,7,1,10,14,7,2,12,9,5,9,12,4,14,3,2,2,11,3,1,0,8,12,0,11,1,6,8,2,14,4,10,4,2];[[0.34661995661142697,3.4661995661142697,1.0],[0.2286410960833074,2.286410960833074,1.0],[0.012392470279078194,0.12392470279078194,1.0],[0.9308270259025113,9.308270259025113,1.0],[0.3225145761620236,3.225145761620236,1.0],[0.0006954578022455582,0.006954578022455582,1.0],[0.2097170717940725,2.097170717940725,1.0],[0.5179602272351016,5.179602272351016,1.0],[0.7628222106217201,7.6282221062172,1.0],[0.3089717897377221,3.089717897377221,1.0],[0.15113122452813788,1.5113122452813788,1.0],[0.07045772229012492,0.7045772229012492,1.0],[0.8725064026541692,8.725064026541693,1.0],[0.3074981421409557,3.074981421409557,1.0],[0.272859759997538,2.7285975999753798,1.0]]
2a_Hurink_sdata_38_workers.fjs;5344.947563978381;506220;[99,311,414,669,701,847,1173,1232,2383,2425,53,347,715,771,930,1105,1679,2121,2210,2246,0,145,298,789,1087,1679,1797,1874,1930,2033,195,610,1136,1264,1442,1488,1830,1941,2306,2456,200,869,1105,1398,1442,1470,1594,1679,1878,2033,756,942,1052,1319,1334,1398,1496,1558,1878,2076,277,840,1057,1306,1311,1594,1758,1830,2234,2306,31,261,472,611,684,991,1206,1986,2076,2237,0,53,638,840,1273,1453,1477,1887,2144,2359,298,377,577,790,945,1356,1616,1739,2120,2226,102,269,505,922,1020,1111,1194,1235,1353,1996,44,311,504,532,960,1614,1679,1761,1930,2306,101,145,159,383,576,714,1599,1621,1699,2395,86,224,370,446,726,1598,1656,1933,2121,2327,111,160,280,368,1057,1334,1892,1905,1973,2034,293,532,607,898,1022,1108,1372,1488,1588,1675,160,228,277,701,1441,1799,1844,2053,2109,2185,0,532,701,806,951,1558,1961,2221,2276,2383,675,771,945,1015,1279,1453,1477,1835,1929,2033,25,46,1111,1227,1397,1496,1598,2115,2185,2410,53,186,251,701,1108,1173,1827,1835,1892,2109,0,472,516,840,939,1020,1287,1797,2246,2425,207,337,444,505,1198,1599,1761,1778,2141,2308,0,446,829,931,1232,1279,1523,2091,2245,2406,195,493,611,756,847,945,1191,1264,1442,1700,120,391,1020,1098,1194,1426,1523,1621,1734,1996,101,252,454,861,1022,1334,1453,1935,1996,2260,25,209,591,717,790,975,991,1395,2034,2221,0,145,210,516,527,610,790,1078,1863,2115,0,204,298,437,504,675,898,2193,2246,2316];[0,2,3,7,9,6,8,5,1,4,3,0,6,2,8,9,1,4,7,5,4,3,8,9,1,6,5,2,7,0,1,5,0,6,2,9,3,4,8,7,0,4,3,5,1,9,6,8,7,2,7,0,1,6,5,3,4,2,8,9,7,5,1,8,2,4,3,0,9,6,2,4,7,8,6,3,9,5,1,0,7,9,2,8,6,3,5,4,0,1,9,6,5,1,2,8,0,4,3,7,8,0,9,3,6,5,4,2,7,1,4,3,0,8,2,1,7,6,5,9,9,1,6,7,0,8,4,2,5,3,0,6,1,3,8,5,4,9,7,2,2,0,5,6,3,7,1,9,4,8,1,5,6,0,8,4,9,2,7,3,4,7,1,8,0,6,9,5,3,2,1,0,7,8,4,5,9,2,3,6,0,6,1,5,9,8,3,4,2,7,1,0,6,5,4,7,8,2,9,3,7,9,6,3,8,2,4,1,0,5,2,5,4,0,6,9,8,7,3,1,4,3,6,2,9,0,7,8,5,1,8,1,3,5,9,4,6,0,2,7,5,3,2,0,1,9,6,8,7,4,7,2,0,9,5,6,1,4,3,8,5,0,9,2,1,6,7,8,3,4,6,5,8,1,3,0,7,2,9,4,0,9,3,5,1,7,4,2,6,8,3,9,2,0,6,8,4,5,1,7];[3,7,8,13,4,7,13,7,0,9,5,1,9,8,9,11,6,5,7,3,12,7,1,0,7,1,2,2,0,8,6,11,1,10,10,1,0,1,5,14,11,9,13,12,1,14,3,2,3,0,11,10,12,8,6,8,11,5,6,1,0,10,11,2,1,2,5,13,5,1,1,6,2,12,3,3,8,7,9,1,5,6,13,3,0,3,5,9,11,4,3,14,5,7,12,14,8,11,14,9,8,14,12,2,8,3,13,0,10,2,12,11,3,9,7,12,14,10,3,10,7,11,13,0,10,1,0,0,13,5,3,12,12,9,2,14,10,4,6,3,2,5,2,4,12,8,14,7,4,6,13,3,9,13,0,1,0,8,4,7,3,5,5,1,0,9,5,7,14,14,8,6,10,3,11,10,10,4,11,4,12,12,8,4,13,8,9,13,14,5,13,4,6,1,14,12,10,10,12,5,9,0,7,13,0,2,1,11,4,3,9,0,0,2,6,10,6,13,2,13,0,9,10,4,14,2,8,3,3,6,14,13,4,4,1,14,2,4,12,1,14,5,2,10,12,3,6,2,4,1,14,4,6,5,5,6,1,5,4,11,6,13,4,8,9,9,11,2,12,6,8,5,14,13,9,3,2,5,11,14,11,0,2,9,11,3,13,4,0,0,4,1,11,7,2,10,14,2,13,2];[[0.8559393885152179,8.55939388515218,1.0],[0.8004839408308784,8.004839408308783,1.0],[0.5938433496209707,5.938433496209708,1.0],[0.8870093324131678,8.870093324131679,1.0],[0.741558169706834,7.4155816970683395,1.0],[0.8097670389513107,8.097670389513107,1.0],[0.2247324103169328,2.247324103169328,1.0],[0.9761818800633866,9.761818800633865,1.0],[0.6339038774096737,6.339038774096737,1.0],[0.5580285642552777,5.580285642552777,1.0],[0.4463526500656817,4.463526500656817,1.0],[0.28336462923826333,2.8336462923826335,1.0],[0.9019880415639555,9.019880415639555,1.0],[0.03268507148422006,0.32685071484220063,1.0],[0.4362825217209084,4.3628252172090844,1.0]]
2a_Hurink_sdata_38_workers.fjs;5036.758672593294;667728;[13,223,560,612,643,745,1167,1230,1713,2072,228,604,840,895,1185,1279,1358,1454,1526,1829,809,942,1056,1431,1587,1724,1745,1829,1888,2172,145,207,254,598,800,919,1081,1199,1870,2299,155,207,398,441,576,605,1231,1492,1663,1712,209,366,488,513,645,709,861,985,1724,1797,382,709,891,1051,1100,1231,1415,1579,1881,1969,0,853,1231,1279,1503,1540,1562,1603,1848,1940,0,357,671,691,1006,1055,1151,1504,1833,2046,233,531,844,953,1393,1448,1584,1654,1744,1797,296,964,1114,1120,1316,1520,1923,1940,1991,2071,140,205,694,787,1184,1289,1442,1618,1668,1838,0,209,446,519,1053,1173,1185,1289,1393,1996,0,233,621,1279,1344,1486,1562,1599,1712,2178,85,418,1056,1225,1231,1644,1701,1713,2011,2072,409,529,653,804,844,932,962,1045,1100,2121,48,98,250,305,458,607,745,851,932,2142,382,560,962,1017,1236,1322,1364,1609,1825,2070,74,155,312,574,1034,1156,1358,1776,2059,2121,131,326,366,800,962,1324,1424,1538,1625,1920,147,441,895,1015,1098,1231,1554,1644,1701,1977,98,250,741,914,1055,1173,1324,1435,1562,1863,0,99,256,418,557,844,1416,1959,2052,2149,0,53,303,490,1120,1292,1540,1781,1978,2071,81,94,691,722,804,891,930,1591,1635,1734,474,612,892,1358,1364,1413,1503,1599,2011,2182,0,401,513,557,921,1136,1542,1614,1679,2145,0,296,318,493,588,1562,1588,2094,2142,2185,207,312,490,1144,1151,1252,1374,1454,1655,1781,0,46,303,1442,1745,1848,1870,1923,1977,2209];[0,2,3,7,9,6,8,5,1,4,3,0,6,2,8,9,1,4,7,5,4,3,8,9,1,6,5,2,7,0,1,5,0,6,2,9,3,4,8,7,0,4,3,5,1,9,6,8,7,2,7,0,1,6,5,3,4,2,8,9,7,5,1,8,2,4,3,0,9,6,2,4,7,8,6,3,9,5,1,0,7,9,2,8,6,3,5,4,0,1,9,6,5,1,2,8,0,4,3,7,8,0,9,3,6,5,4,2,7,1,4,3,0,8,2,1,7,6,5,9,9,1,6,7,0,8,4,2,5,3,0,6,1,3,8,5,4,9,7,2,2,0,5,6,3,7,1,9,4,8,1,5,6,0,8,4,9,2,7,3,4,7,1,8,0,6,9,5,3,2,1,0,7,8,4,5,9,2,3,6,0,6,1,5,9,8,3,4,2,7,1,0,6,5,4,7,8,2,9,3,7,9,6,3,8,2,4,1,0,5,2,5,4,0,6,9,8,7,3,1,4,3,6,2,9,0,7,8,5,1,8,1,3,5,9,4,6,0,2,7,5,3,2,0,1,9,6,8,7,4,7,2,0,9,5,6,1,4,3,8,5,0,9,2,1,6,7,8,3,4,6,5,8,1,3,0,7,2,9,4,0,9,3,5,1,7,4,2,6,8,3,9,2,0,6,8,4,5,1,7];[3,7,0,0,6,1,13,7,11,14,5,1,14,8,6,8,14,5,7,14,12,4,12,0,6,0,14,3,0,8,5,11,10,9,10,9,3,1,5,14,11,13,9,2,12,14,3,2,5,3,9,2,14,5,10,11,2,7,6,13,3,10,11,2,1,2,8,13,4,12,7,9,1,12,1,10,5,10,2,14,5,0,2,8,8,11,12,5,11,8,3,14,4,0,7,6,8,7,13,1,12,5,12,5,11,3,14,11,14,7,1,1,3,5,8,10,9,14,14,7,6,7,10,8,10,3,0,5,4,5,3,8,14,13,2,7,10,13,5,3,6,5,2,14,12,0,10,10,5,13,11,3,13,4,5,10,6,1,9,11,9,6,11,0,0,5,9,13,5,14,12,7,10,3,2,3,6,4,10,8,12,3,3,3,0,8,8,10,1,5,7,13,6,9,1,12,10,0,2,8,7,9,1,13,8,10,1,11,12,9,2,12,13,13,6,13,2,13,4,12,10,14,14,4,11,2,1,1,6,1,14,5,7,3,3,4,11,6,13,11,0,8,9,4,0,7,12,2,0,12,6,8,2,6,7,14,14,5,7,11,13,4,10,4,14,7,9,3,1,8,12,4,8,12,2,1,12,4,10,14,0,1,2,6,11,14,5,12,6,0,1,1,11,13,2,5,9,7,4,2];[[0.5198238265685563,5.198238265685563,1.0],[0.9583988744400509,9.583988744400509,1.0],[0.3402956357666065,3.402956357666065,1.0],[0.7081849781179302,7.081849781179303,1.0],[0.9252189405445452,9.252189405445453,1.0],[0.05032666735654623,0.5032666735654623,1.0],[0.6613275461751585,6.613275461751585,1.0],[0.82711411373077,8.271141137307701,1.0],[0.8734961127808921,8.734961127808921,1.0],[0.5913019030238962,5.913019030238962,1.0],[0.11264722490163037,1.1264722490163037,1.0],[0.34477784983246407,3.4477784983246407,1.0],[0.011377599382669468,0.11377599382669468,1.0],[0.7909742881977946,7.909742881977946,1.0],[0.3277964015146908,3.277964015146908,1.0]]
2a_Hurink_sdata_38_workers.fjs;5018.843916122425;970692;[80,143,223,398,674,1182,1634,1658,2026,2074,250,341,564,756,904,1035,1131,1149,1376,1393,107,373,462,569,756,1480,1584,1694,1755,2274,210,572,670,1013,1022,1372,1390,1900,2074,2292,261,424,453,615,862,1131,1349,1434,1667,1933,302,1035,1383,1671,1750,1984,2116,2161,2221,2286,0,93,180,343,672,1215,1272,1426,1805,1915,223,375,453,721,783,864,1709,1946,2011,2180,93,373,593,1273,1434,1480,1504,1640,1861,2129,0,81,318,389,528,667,1278,1401,1573,1858,453,549,638,798,917,1096,1199,1398,1484,1839,34,282,313,513,846,972,1573,1686,1883,1946,79,431,450,582,809,1042,1112,1320,2011,2192,247,427,556,997,1080,1174,1724,1778,1948,2033,0,190,230,318,531,773,1339,1390,1761,1824,0,1013,1273,1349,1525,1612,1640,1839,2123,2217,302,473,711,1067,1484,1724,1991,2105,2207,2221,445,484,527,582,616,1058,1147,1901,2114,2217,0,225,303,375,470,710,886,1220,1634,2202,375,630,704,793,798,1033,1740,1765,2022,2274,225,324,528,577,846,1531,1694,1927,2163,2180,77,180,224,431,623,903,1372,1476,1671,1702,151,305,373,431,1225,1391,1408,1640,1824,2074,299,470,593,831,988,1035,1112,1182,1237,1317,440,526,562,903,1149,1248,1500,1612,1658,1861,148,308,527,562,798,1022,1248,1491,1889,2033,0,230,247,630,831,1574,1712,1859,2039,2149,148,324,616,638,948,1408,1426,1593,1736,1822,143,424,711,868,889,972,1320,1437,1778,2163,0,123,367,742,814,997,1272,1320,1480,2033];[0,2,3,7,9,6,8,5,1,4,3,0,6,2,8,9,1,4,7,5,4,3,8,9,1,6,5,2,7,0,1,5,0,6,2,9,3,4,8,7,0,4,3,5,1,9,6,8,7,2,7,0,1,6,5,3,4,2,8,9,7,5,1,8,2,4,3,0,9,6,2,4,7,8,6,3,9,5,1,0,7,9,2,8,6,3,5,4,0,1,9,6,5,1,2,8,0,4,3,7,8,0,9,3,6,5,4,2,7,1,4,3,0,8,2,1,7,6,5,9,9,1,6,7,0,8,4,2,5,3,0,6,1,3,8,5,4,9,7,2,2,0,5,6,3,7,1,9,4,8,1,5,6,0,8,4,9,2,7,3,4,7,1,8,0,6,9,5,3,2,1,0,7,8,4,5,9,2,3,6,0,6,1,5,9,8,3,4,2,7,1,0,6,5,4,7,8,2,9,3,7,9,6,3,8,2,4,1,0,5,2,5,4,0,6,9,8,7,3,1,4,3,6,2,9,0,7,8,5,1,8,1,3,5,9,4,6,0,2,7,5,3,2,0,1,9,6,8,7,4,7,2,0,9,5,6,1,4,3,8,5,0,9,2,1,6,7,8,3,4,6,5,8,1,3,0,7,2,9,4,0,9,3,5,1,7,4,2,6,8,3,9,2,0,6,8,4,5,1,7];[9,7,6,14,9,4,13,7,9,14,5,1,4,8,12,9,8,5,13,14,12,4,4,0,1,13,11,9,0,8,10,11,10,9,6,4,1,6,5,14,11,12,11,5,1,14,3,11,6,6,9,1,12,8,7,11,14,7,13,13,4,0,11,2,1,2,6,14,3,3,0,10,13,12,3,7,14,10,8,14,5,12,13,4,0,3,8,9,14,4,3,14,5,7,0,5,13,8,10,5,12,12,0,9,3,0,9,6,10,8,10,6,3,11,0,7,7,10,13,13,3,11,0,8,13,12,2,0,10,1,12,8,14,12,1,14,10,1,5,3,6,5,2,7,9,9,11,11,4,7,13,3,7,9,4,1,0,12,9,8,4,8,14,1,6,6,0,7,5,1,6,9,10,3,9,7,13,4,6,5,9,3,10,2,6,8,9,6,14,12,0,4,0,9,14,5,13,8,0,6,8,5,7,13,8,2,11,11,5,3,13,3,9,10,6,13,5,6,12,11,4,12,8,7,5,2,4,3,2,8,14,3,2,4,1,11,10,0,5,2,13,8,6,6,3,13,9,14,11,1,14,8,2,3,5,4,1,5,3,5,14,13,14,12,5,12,8,11,4,3,8,2,10,13,2,5,13,5,5,14,6,9,13,6,11,14,8,7,5,0,10,1,14,7,2,0,0,12,0,2];[[0.18019241848515155,1.8019241848515155,1.0],[0.48736227300275514,4.873622730027551,1.0],[0.07759170039841756,0.7759170039841756,1.0],[0.5225667244081349,5.2256672440813485,1.0],[0.9196433340252647,9.196433340252646,1.0],[0.8762509611803474,8.762509611803473,1.0],[0.5029695910906639,5.029695910906638,1.0],[0.8160267976375112,8.160267976375112,1.0],[0.8059112000327816,8.059112000327817,1.0],[0.2140591090540045,2.140591090540045,1.0],[0.08805821114486456,0.8805821114486456,1.0],[0.20329737064426556,2.0329737064426556,1.0],[0.5837360924329463,5.837360924329463,1.0],[0.6737333796339059,6.737333796339059,1.0],[0.1608013027204077,1.6080130272040771,1.0]]
2a_Hurink_sdata_40_workers.fjs;3483.6168467697826;2473524;[0,130,189,265,304,386,628,869,949,997,1072,1144,1189,1257,1484,0,61,133,172,229,364,462,532,619,821,870,1380,1476,1542,1569,0,232,378,549,588,650,750,838,906,1072,1082,1158,1169,1417,1462,0,23,133,166,229,440,495,532,598,685,820,1081,1172,1258,1462,0,102,166,241,249,317,324,431,443,704,742,827,949,1018,1172,257,354,405,521,595,609,662,749,851,907,997,1087,1104,1249,1505,0,69,128,171,277,485,543,750,808,870,954,1009,1344,1374,1484,91,130,321,403,468,513,594,749,793,873,1139,1312,1395,1401,1467,0,21,166,277,317,364,446,518,650,1018,1187,1294,1395,1541,1626,21,61,268,354,521,628,708,861,869,936,1008,1172,1256,1370,1435,69,160,516,692,928,999,1008,1092,1097,1175,1258,1344,1417,1505,1541,72,162,240,742,821,921,1018,1072,1104,1147,1168,1182,1258,1312,1390,130,172,243,329,431,516,562,671,793,862,949,1008,1104,1284,1390,59,189,241,309,588,685,720,1104,1175,1231,1243,1304,1370,1435,1465,0,241,268,362,403,446,495,619,765,841,921,928,1009,1189,1377];[5,6,11,9,2,14,3,10,12,13,1,7,8,4,0,1,3,7,2,14,0,9,8,6,5,13,4,10,12,11,6,8,0,9,10,12,2,11,13,3,5,1,4,14,7,10,12,3,4,2,0,8,7,13,9,11,6,1,14,5,9,8,3,6,0,7,1,4,13,5,11,10,2,14,12,11,7,5,6,0,3,13,4,2,10,12,8,14,1,9,4,2,9,5,14,13,10,12,0,3,7,8,6,1,11,6,5,11,9,14,10,7,13,1,4,2,3,12,0,8,11,5,9,2,0,6,12,13,10,1,7,4,3,14,8,11,1,3,13,9,14,0,10,7,4,5,6,12,8,2,4,12,1,7,5,0,11,3,2,13,6,10,9,14,8,12,1,10,5,8,6,2,13,4,11,0,14,3,9,7,2,7,5,9,1,14,3,10,13,12,0,6,8,4,11,11,6,1,12,9,5,3,13,10,0,2,8,14,7,4,13,3,4,9,11,10,0,8,2,6,5,1,7,12,14];[7,21,10,10,6,20,0,5,17,17,21,4,0,11,15,20,2,1,13,16,13,17,13,5,6,17,16,5,7,20,0,1,4,19,8,12,3,14,21,17,10,10,21,13,17,12,12,19,14,5,2,19,16,10,18,11,0,3,9,12,5,7,7,19,11,3,17,14,3,6,9,2,18,12,0,8,21,19,17,21,2,17,0,8,20,13,11,18,6,19,18,18,10,2,10,20,21,1,2,6,1,7,14,18,11,4,3,12,16,14,8,7,7,3,0,5,0,7,10,0,10,10,9,16,7,5,4,15,19,18,11,4,1,13,16,3,20,21,15,0,2,21,10,2,7,4,9,10,5,5,17,12,9,5,9,10,2,9,5,20,2,13,6,9,8,9,17,7,14,16,4,21,20,1,8,6,8,8,15,20,4,1,18,1,7,10,0,13,17,18,8,10,13,11,15,16,4,15,2,1,4,8,7,19,4,14,19,16,12,1,8,4,3,9,11,5,3,20,18,12,3,3,11,1,12];[[0.7773566427005639,7.7735664270056395,1.0],[0.6698255595592497,6.698255595592498,1.0],[0.09913960392481702,0.9913960392481702,1.0],[0.35297051119014544,3.529705111901454,1.0],[0.4679077429008419,4.679077429008419,1.0],[0.5346837414708775,5.346837414708775,1.0],[0.9783090609123973,9.783090609123974,1.0],[0.13031535015865903,1.3031535015865903,1.0],[0.6712434682302663,6.712434682302662,1.0],[0.36422941594737557,3.6422941594737557,1.0],[0.48883570716198577,4.888357071619858,1.0],[0.20301221073405373,2.0301221073405373,1.0],[0.6661983755713592,6.661983755713592,1.0],[0.2276630312069321,2.276630312069321,1.0],[0.4580640582967631,4.580640582967631,1.0],[0.040722397554957435,0.40722397554957435,1.0],[0.9742897953778286,9.742897953778286,1.0],[0.4874760742689066,4.874760742689066,1.0],[0.4616138636373597,4.616138636373597,1.0],[0.7141471558082002,7.141471558082002,1.0],[0.4157281494999725,4.157281494999725,1.0],[0.888011688001529,8.88011688001529,1.0]]
2a_Hurink_sdata_40_workers.fjs;3380.070169638722;241416;[103,343,429,504,516,633,715,807,844,892,1060,1129,1176,1259,1495,0,160,231,275,327,414,644,720,807,1048,1151,1177,1282,1347,1372,77,174,356,420,462,570,700,847,1177,1261,1271,1340,1351,1443,1492,15,85,129,166,228,272,331,370,567,784,830,877,968,1060,1191,0,89,258,402,544,620,644,1034,1112,1151,1191,1347,1381,1485,1558,108,171,219,301,343,431,473,703,801,981,1155,1247,1264,1351,1448,96,327,606,644,727,859,910,925,1018,1060,1219,1275,1339,1420,1452,0,62,209,321,414,515,627,740,798,960,1055,1181,1306,1332,1420,0,20,89,186,216,411,493,662,740,764,798,868,965,1319,1490,171,260,345,431,473,563,633,713,720,801,868,968,1247,1306,1446,0,129,208,275,388,448,504,643,860,1034,1112,1199,1282,1407,1512,0,85,105,121,370,493,593,631,662,703,727,960,1271,1370,1448,0,62,301,388,420,513,563,844,965,1034,1122,1261,1373,1485,1514,20,174,345,414,516,606,627,784,925,981,994,1055,1150,1191,1283,0,231,258,283,331,358,457,544,624,715,795,879,948,1122,1558];[5,6,11,9,2,14,3,10,12,13,1,7,8,4,0,1,3,7,2,14,0,9,8,6,5,13,4,10,12,11,6,8,0,9,10,12,2,11,13,3,5,1,4,14,7,10,12,3,4,2,0,8,7,13,9,11,6,1,14,5,9,8,3,6,0,7,1,4,13,5,11,10,2,14,12,11,7,5,6,0,3,13,4,2,10,12,8,14,1,9,4,2,9,5,14,13,10,12,0,3,7,8,6,1,11,6,5,11,9,14,10,7,13,1,4,2,3,12,0,8,11,5,9,2,0,6,12,13,10,1,7,4,3,14,8,11,1,3,13,9,14,0,10,7,4,5,6,12,8,2,4,12,1,7,5,0,11,3,2,13,6,10,9,14,8,12,1,10,5,8,6,2,13,4,11,0,14,3,9,7,2,7,5,9,1,14,3,10,13,12,0,6,8,4,11,11,6,1,12,9,5,3,13,10,0,2,8,14,7,4,13,3,4,9,11,10,0,8,2,6,5,1,7,12,14];[7,3,7,10,19,20,0,8,17,12,6,3,17,20,5,14,15,14,3,16,7,3,13,13,15,11,18,11,13,1,18,0,7,15,18,12,6,0,21,3,16,20,12,5,13,15,4,0,14,11,20,1,20,21,7,15,5,20,12,6,7,10,6,11,14,0,17,9,11,16,14,2,13,3,12,1,5,16,11,14,1,15,4,16,10,8,11,0,0,19,8,15,17,2,9,20,13,14,2,20,19,8,9,8,11,3,3,10,17,4,13,7,7,1,2,5,7,15,3,0,2,6,2,11,20,5,17,8,18,1,2,15,12,8,8,3,12,21,16,11,10,11,13,3,3,11,1,10,10,14,5,4,17,19,17,10,1,1,19,0,1,2,6,3,8,9,9,20,17,12,9,18,19,16,9,5,15,5,15,13,15,6,18,14,0,7,5,7,9,4,7,21,10,5,0,19,6,4,19,3,4,0,5,19,19,14,21,6,16,3,18,4,8,2,20,19,4,8,18,20,17,6,13,0,16];[[0.7966509679599704,7.966509679599704,1.0],[0.05862623274803458,0.5862623274803458,1.0],[0.7602397739740907,7.602397739740907,1.0],[0.8627037401845356,8.627037401845355,1.0],[0.09127403464611428,0.9127403464611428,1.0],[0.9024924365975527,9.024924365975528,1.0],[0.7858960565941281,7.858960565941281,1.0],[0.40667966546103385,4.0667966546103385,1.0],[0.37447264465852026,3.7447264465852026,1.0],[0.6490262282913547,6.490262282913547,1.0],[0.40092466608569977,4.009246660856998,1.0],[0.5721109226277574,5.721109226277575,1.0],[0.6077930620255084,6.077930620255084,1.0],[0.05072389565884072,0.5072389565884072,1.0],[0.7370880093375713,7.370880093375714,1.0],[0.708486383757228,7.08486383757228,1.0],[0.9221724532030824,9.221724532030823,1.0],[0.7149390332589045,7.149390332589045,1.0],[0.6557724968554814,6.5577249685548145,1.0],[0.7371071646895253,7.371071646895253,1.0],[0.18754222176317448,1.8754222176317448,1.0],[0.5019778365908455,5.019778365908455,1.0]]
2a_Hurink_sdata_40_workers.fjs;3608.0948870985603;2146332;[0,18,119,186,198,340,483,575,710,844,917,989,1031,1178,1219,0,294,370,408,476,577,599,662,749,822,1254,1410,1486,1551,1576,77,168,257,330,796,854,953,1031,1167,1254,1360,1439,1486,1573,1615,61,85,264,294,354,395,454,575,703,767,837,933,1049,1126,1219,0,107,159,490,500,568,575,682,1128,1167,1254,1342,1380,1615,1688,0,75,322,405,590,829,995,1082,1178,1229,1310,1398,1413,1468,1552,0,69,124,184,256,422,455,514,661,749,829,889,1024,1271,1398,335,405,446,662,721,854,889,1082,1128,1207,1261,1344,1418,1468,1596,61,145,369,519,604,652,758,917,995,1017,1167,1324,1418,1468,1574,81,119,368,471,721,765,861,1099,1107,1261,1324,1360,1442,1507,1574,69,158,238,294,446,568,577,661,666,767,844,1017,1099,1219,1413,0,206,228,256,322,442,490,519,551,853,959,975,1063,1197,1413,0,16,75,198,294,422,476,483,551,623,710,1142,1220,1573,1620,186,284,379,444,514,599,618,632,740,946,1051,1268,1339,1458,1584,107,237,264,294,330,354,760,902,971,1059,1142,1207,1310,1507,1553];[5,6,11,9,2,14,3,10,12,13,1,7,8,4,0,1,3,7,2,14,0,9,8,6,5,13,4,10,12,11,6,8,0,9,10,12,2,11,13,3,5,1,4,14,7,10,12,3,4,2,0,8,7,13,9,11,6,1,14,5,9,8,3,6,0,7,1,4,13,5,11,10,2,14,12,11,7,5,6,0,3,13,4,2,10,12,8,14,1,9,4,2,9,5,14,13,10,12,0,3,7,8,6,1,11,6,5,11,9,14,10,7,13,1,4,2,3,12,0,8,11,5,9,2,0,6,12,13,10,1,7,4,3,14,8,11,1,3,13,9,14,0,10,7,4,5,6,12,8,2,4,12,1,7,5,0,11,3,2,13,6,10,9,14,8,12,1,10,5,8,6,2,13,4,11,0,14,3,9,7,2,7,5,9,1,14,3,10,13,12,0,6,8,4,11,11,6,1,12,9,5,3,13,10,0,2,8,14,7,4,13,3,4,9,11,10,0,8,2,6,5,1,7,12,14];[7,19,6,10,16,20,0,21,17,21,21,6,8,0,5,2,21,2,11,14,0,4,13,0,3,18,12,11,20,12,7,8,8,13,19,11,4,6,1,14,17,21,12,5,3,21,21,9,19,1,4,15,3,21,7,14,0,3,5,10,17,9,21,7,11,3,17,1,11,16,1,4,13,16,5,21,12,3,15,7,16,17,9,9,13,11,20,0,13,2,18,14,2,2,17,20,3,7,2,13,0,20,16,19,11,11,3,10,16,15,7,7,21,8,4,9,3,5,0,4,16,18,17,21,9,19,14,8,1,13,11,12,7,1,8,3,3,7,5,11,20,9,10,6,8,16,10,2,10,10,0,5,15,2,12,10,2,9,20,6,12,7,17,19,8,9,6,20,18,16,16,2,12,4,20,17,15,12,15,20,5,3,8,15,4,21,18,13,8,18,8,21,16,3,0,14,12,18,9,6,6,15,7,19,5,14,14,18,10,6,17,4,6,15,6,19,17,20,4,2,3,3,13,7,4];[[0.5209484070219088,5.209484070219088,1.0],[0.42125020101147315,4.212502010114731,1.0],[0.22094517308324657,2.2094517308324657,1.0],[0.13033708391670573,1.3033708391670573,1.0],[0.48395776843282956,4.839577684328296,1.0],[0.6260889663051598,6.260889663051597,1.0],[0.6211218319323739,6.21121831932374,1.0],[0.707277595965894,7.07277595965894,1.0],[0.43539590023548325,4.3539590023548325,1.0],[0.04809800715767443,0.4809800715767443,1.0],[0.2254847064342842,2.254847064342842,1.0],[0.788548045160999,7.88548045160999,1.0],[0.42108890435006496,4.21088904350065,1.0],[0.5652029481252892,5.6520294812528915,1.0],[0.6764042610645917,6.764042610645918,1.0],[0.7568325816320766,7.568325816320765,1.0],[0.16251102322256883,1.6251102322256883,1.0],[0.4662293326345085,4.662293326345085,1.0],[0.652658580109924,6.526585801099239,1.0],[0.9348323542569703,9.348323542569704,1.0],[0.28093837261172117,2.8093837261172117,1.0],[0.9004772145836625,9.004772145836625,1.0]]
2a_Hurink_sdata_40_workers.fjs;3471.014926325035;2087304;[0,43,204,271,303,473,555,647,805,1151,1231,1291,1333,1393,1420,230,331,424,474,717,774,789,889,1076,1149,1278,1304,1403,1469,1553,107,199,304,403,465,703,805,845,926,1010,1020,1094,1123,1361,1403,152,173,398,499,559,789,845,919,1010,1074,1123,1278,1369,1447,1537,0,95,149,227,236,310,317,424,436,592,632,827,992,1134,1348,38,317,367,452,490,505,525,743,1056,1106,1189,1293,1310,1446,1520,169,249,442,515,587,675,786,954,1011,1095,1177,1234,1248,1291,1491,0,43,122,204,304,347,465,623,675,845,907,1020,1095,1106,1460,102,122,283,390,418,490,627,708,803,827,863,1011,1177,1224,1310,0,38,227,331,375,403,505,584,592,671,743,783,1278,1393,1535,0,89,169,230,310,371,379,647,652,1074,1151,1235,1318,1411,1535,0,122,142,167,288,353,418,475,592,711,1030,1046,1224,1406,1493,0,365,445,515,547,671,717,724,786,863,954,1004,1248,1293,1393,271,401,452,555,627,712,735,855,926,1094,1106,1167,1403,1466,1493,0,433,473,547,584,592,625,721,821,898,1094,1151,1332,1393,1537];[5,6,11,9,2,14,3,10,12,13,1,7,8,4,0,1,3,7,2,14,0,9,8,6,5,13,4,10,12,11,6,8,0,9,10,12,2,11,13,3,5,1,4,14,7,10,12,3,4,2,0,8,7,13,9,11,6,1,14,5,9,8,3,6,0,7,1,4,13,5,11,10,2,14,12,11,7,5,6,0,3,13,4,2,10,12,8,14,1,9,4,2,9,5,14,13,10,12,0,3,7,8,6,1,11,6,5,11,9,14,10,7,13,1,4,2,3,12,0,8,11,5,9,2,0,6,12,13,10,1,7,4,3,14,8,11,1,3,13,9,14,0,10,7,4,5,6,12,8,2,4,12,1,7,5,0,11,3,2,13,6,10,9,14,8,12,1,10,5,8,6,2,13,4,11,0,14,3,9,7,2,7,5,9,1,14,3,10,13,12,0,6,8,4,11,11,6,1,12,9,5,3,13,10,0,2,8,14,7,4,13,3,4,9,11,10,0,8,2,6,5,1,7,12,14];[7,12,9,10,13,20,0,8,11,3,13,9,11,13,8,17,1,3,4,14,6,6,13,5,4,14,14,5,2,20,19,8,12,2,3,21,7,0,21,8,20,14,21,5,1,9,17,7,19,11,14,20,9,21,21,7,0,3,12,7,2,18,21,2,11,5,17,14,11,16,14,19,10,1,20,16,5,15,1,17,15,3,0,19,10,16,19,21,20,13,6,2,0,2,7,20,20,17,2,18,19,1,14,7,11,19,3,12,15,11,6,7,12,3,9,4,7,7,20,4,16,4,0,6,21,21,1,8,18,10,12,17,9,8,1,3,4,14,20,0,10,17,16,18,7,4,17,18,10,4,0,6,0,1,10,18,4,3,16,13,5,15,6,12,8,9,17,7,7,8,16,19,11,17,9,8,15,12,15,5,13,5,8,14,4,0,16,2,3,14,8,18,17,13,11,15,1,13,20,10,4,9,7,19,20,14,15,18,9,6,10,6,10,13,17,19,11,18,2,20,4,13,13,7,12];[[0.49734142093980327,4.973414209398033,1.0],[0.35999045686025677,3.5999045686025677,1.0],[0.7220617567237175,7.220617567237175,1.0],[0.44672126724761885,4.4672126724761885,1.0],[0.4533596515962979,4.533596515962978,1.0],[0.025925678678183073,0.25925678678183073,1.0],[0.33490089376309407,3.3490089376309404,1.0],[0.4755440242737675,4.755440242737675,1.0],[0.45132356511490823,4.513235651149082,1.0],[0.08788974506102976,0.8788974506102976,1.0],[0.29509671683068217,2.9509671683068217,1.0],[0.33863234208051063,3.3863234208051063,1.0],[0.9020959027552419,9.020959027552419,1.0],[0.7173473735926632,7.173473735926632,1.0],[0.8986159167700656,8.986159167700656,1.0],[0.032997165944182005,0.32997165944182005,1.0],[0.2284682145918675,2.284682145918675,1.0],[0.5381470661357333,5.381470661357333,1.0],[0.06127510457974772,0.6127510457974772,1.0],[0.22935566071129299,2.29355660711293,1.0],[0.5598162304796008,5.598162304796008,1.0],[0.0008471767611641923,0.008471767611641923,1.0]]
2a_Hurink_sdata_40_workers.fjs;3604.5116160677717;378324;[189,284,351,543,600,744,826,918,955,1003,1076,1282,1327,1457,1484,0,274,341,380,460,569,815,882,971,1044,1198,1225,1319,1406,1429,0,105,207,265,352,424,524,555,635,724,752,828,839,927,1405,0,175,436,524,705,892,971,1060,1225,1289,1335,1350,1434,1523,1613,0,265,362,564,584,688,698,798,813,852,892,983,1020,1230,1303,0,59,107,189,265,341,499,586,744,1020,1103,1195,1303,1523,1597,88,159,213,252,331,424,457,728,951,1016,1126,1212,1237,1344,1472,105,207,619,756,874,955,983,1153,1198,1310,1362,1457,1537,1542,1612,252,331,373,458,521,572,654,733,818,839,873,995,1108,1152,1230,59,97,183,457,555,582,662,748,818,927,1158,1267,1347,1406,1612,0,88,205,380,460,512,752,955,969,1076,1153,1237,1335,1434,1471,0,183,205,373,443,517,572,600,688,731,996,1010,1152,1432,1510,213,248,512,582,615,698,744,756,852,1003,1194,1434,1551,1597,1608,97,228,284,352,458,582,601,921,1103,1159,1170,1256,1362,1466,1494,0,105,159,301,696,705,748,837,882,1060,1152,1282,1344,1429,1613];[5,6,11,9,2,14,3,10,12,13,1,7,8,4,0,1,3,7,2,14,0,9,8,6,5,13,4,10,12,11,6,8,0,9,10,12,2,11,13,3,5,1,4,14,7,10,12,3,4,2,0,8,7,13,9,11,6,1,14,5,9,8,3,6,0,7,1,4,13,5,11,10,2,14,12,11,7,5,6,0,3,13,4,2,10,12,8,14,1,9,4,2,9,5,14,13,10,12,0,3,7,8,6,1,11,6,5,11,9,14,10,7,13,1,4,2,3,12,0,8,11,5,9,2,0,6,12,13,10,1,7,4,3,14,8,11,1,3,13,9,14,0,10,7,4,5,6,12,8,2,4,12,1,7,5,0,11,3,2,13,6,10,9,14,8,12,1,10,5,8,6,2,13,4,11,0,14,3,9,7,2,7,5,9,1,14,3,10,13,12,0,6,8,4,11,11,6,1,12,9,5,3,13,10,0,2,8,14,7,4,13,3,4,9,11,10,0,8,2,6,5,1,7,12,14];[7,14,3,5,2,20,0,1,17,12,13,4,4,0,7,13,20,11,8,14,6,17,8,0,2,13,15,5,8,1,10,19,7,8,15,19,11,5,8,15,10,18,21,13,3,6,5,9,19,18,4,21,11,10,19,7,21,2,12,10,4,7,7,9,21,0,19,8,11,4,6,6,9,3,5,7,5,9,1,17,5,17,0,1,10,17,18,3,20,16,16,13,13,21,17,20,8,4,2,21,0,9,7,19,11,4,3,10,16,17,7,7,3,4,18,0,10,19,2,11,13,6,0,12,2,7,11,15,19,1,2,20,20,8,11,3,15,2,7,15,14,7,16,2,11,16,1,10,11,2,1,12,0,14,3,10,6,1,9,6,5,20,15,21,8,9,21,20,10,2,6,9,8,21,6,5,4,7,15,1,21,3,8,1,9,20,10,2,3,15,16,14,21,20,0,8,5,15,20,5,4,9,5,19,1,14,6,18,4,3,18,10,20,2,18,5,14,7,14,7,20,12,13,5,3];[[0.4211249061401,4.211249061401,1.0],[0.9761073344853062,9.761073344853061,1.0],[0.6132800246752349,6.132800246752349,1.0],[0.6930423279788359,6.930423279788359,1.0],[0.5088628354481554,5.088628354481553,1.0],[0.18781156668551158,1.8781156668551158,1.0],[0.830121874145001,8.301218741450011,1.0],[0.8449241651217704,8.449241651217704,1.0],[0.20962821201639004,2.0962821201639006,1.0],[0.6505169872996391,6.505169872996391,1.0],[0.7003316191510263,7.003316191510263,1.0],[0.7150339547653067,7.150339547653068,1.0],[0.8091072451390076,8.091072451390076,1.0],[0.8451978833841938,8.451978833841938,1.0],[0.3695849781386673,3.695849781386673,1.0],[0.5056149902637381,5.056149902637381,1.0],[0.7206140757071586,7.206140757071586,1.0],[0.14319015826691817,1.4319015826691817,1.0],[0.026697115061789622,0.2669711506178962,1.0],[0.15341588178909327,1.5341588178909327,1.0],[0.8363432326370349,8.363432326370349,1.0],[0.3246336983988545,3.2463369839885448,1.0]]
2a_Hurink_sdata_40_workers.fjs;3320.2961858366834;880620;[106,132,309,448,473,672,754,886,955,1015,1088,1161,1211,1280,1317,0,65,183,297,364,456,560,627,714,966,1159,1189,1326,1391,1414,40,143,230,352,391,491,604,622,720,846,856,930,993,1100,1204,19,85,165,196,258,547,729,815,912,976,1085,1208,1292,1375,1465,0,89,196,271,470,601,754,872,976,1131,1197,1290,1326,1473,1546,40,124,202,281,335,349,367,454,550,789,1004,1195,1324,1382,1460,89,160,214,280,483,574,610,875,938,1009,1101,1161,1292,1459,1495,0,65,106,252,320,491,524,607,651,729,783,875,949,1242,1415,0,20,89,214,288,335,415,496,586,610,643,783,949,1015,1173,183,265,367,454,496,593,672,748,770,886,1014,1125,1226,1353,1415,0,129,209,265,386,448,470,565,675,804,881,968,1050,1152,1485,0,143,165,448,520,594,642,881,957,993,1226,1242,1324,1382,1499,0,61,124,320,352,437,483,521,651,720,880,968,1045,1090,1103,221,415,521,595,846,948,995,1088,1159,1215,1226,1287,1465,1473,1499,0,271,298,524,565,756,789,880,930,1045,1125,1148,1267,1324,1546];[5,6,11,9,2,14,3,10,12,13,1,7,8,4,0,1,3,7,2,14,0,9,8,6,5,13,4,10,12,11,6,8,0,9,10,12,2,11,13,3,5,1,4,14,7,10,12,3,4,2,0,8,7,13,9,11,6,1,14,5,9,8,3,6,0,7,1,4,13,5,11,10,2,14,12,11,7,5,6,0,3,13,4,2,10,12,8,14,1,9,4,2,9,5,14,13,10,12,0,3,7,8,6,1,11,6,5,11,9,14,10,7,13,1,4,2,3,12,0,8,11,5,9,2,0,6,12,13,10,1,7,4,3,14,8,11,1,3,13,9,14,0,10,7,4,5,6,12,8,2,4,12,1,7,5,0,11,3,2,13,6,10,9,14,8,12,1,10,5,8,6,2,13,4,11,0,14,3,9,7,2,7,5,9,1,14,3,10,13,12,0,6,8,4,11,11,6,1,12,9,5,3,13,10,0,2,8,14,7,4,13,3,4,9,11,10,0,8,2,6,5,1,7,12,14];[7,21,14,14,19,20,0,7,10,21,13,11,16,20,13,3,2,10,20,5,4,11,13,13,2,1,10,11,8,8,19,6,7,2,2,21,17,6,21,5,20,12,6,5,1,21,4,11,14,18,14,11,14,21,12,6,21,3,12,7,7,11,11,6,1,19,20,7,11,4,0,9,16,16,16,1,7,15,17,21,19,17,9,6,3,1,4,12,10,13,16,2,17,2,3,20,3,10,2,0,0,16,2,20,11,1,3,10,9,15,0,7,7,11,4,10,3,5,13,0,2,13,0,21,7,10,0,8,18,18,12,9,3,11,14,3,3,21,7,7,21,0,2,11,13,16,21,2,0,7,0,9,20,5,14,13,4,9,9,13,1,7,9,3,8,9,11,20,6,2,12,19,19,17,13,8,4,10,15,1,21,13,12,0,6,10,10,13,17,14,11,5,2,19,15,19,19,0,8,0,8,9,7,19,2,14,19,18,17,2,10,4,6,20,17,19,8,2,20,20,4,2,11,14,12];[[0.4831103964860096,4.831103964860096,1.0],[0.9021829992468611,9.02182999246861,1.0],[0.5374571935128641,5.374571935128642,1.0],[0.8761340971511191,8.761340971511192,1.0],[0.573156942708234,5.7315694270823405,1.0],[0.994523847851402,9.945238478514021,1.0],[0.3574465703190305,3.574465703190305,1.0],[0.6617299629663892,6.617299629663892,1.0],[0.4882872262788658,4.882872262788657,1.0],[0.5726412824777106,5.726412824777106,1.0],[0.32388398325139345,3.2388398325139347,1.0],[0.8072354510963532,8.072354510963532,1.0],[0.8087324055796944,8.087324055796945,1.0],[0.660852452150834,6.60852452150834,1.0],[0.5802577271631468,5.802577271631469,1.0],[0.04408639890691246,0.4408639890691246,1.0],[0.7725635994624831,7.725635994624831,1.0],[0.340181488474281,3.4018148847428096,1.0],[0.09506024617702258,0.9506024617702258,1.0],[0.23214768683087816,2.321476868308782,1.0],[0.29508457816293987,2.9508457816293987,1.0],[0.12277001052286385,1.2277001052286385,1.0]]
2a_Hurink_sdata_40_workers.fjs;3646.8430336234487;1198836;[0,40,125,193,234,538,638,821,875,937,1010,1238,1349,1530,1553,0,67,142,180,234,515,528,618,773,979,1251,1280,1356,1439,1490,262,354,528,597,705,776,1026,1080,1167,1251,1262,1338,1356,1444,1486,67,90,142,176,316,363,559,662,747,811,937,1010,1094,1184,1457,0,102,174,253,262,389,490,597,898,937,992,1422,1459,1525,1598,193,254,469,562,604,618,811,898,1087,1141,1233,1325,1342,1396,1465,0,71,205,254,333,418,451,725,892,911,992,1444,1530,1560,1603,0,150,274,428,491,555,585,702,747,1079,1141,1315,1396,1402,1470,254,562,639,738,763,848,933,1010,1117,1349,1386,1444,1530,1598,1683,87,393,490,624,738,848,994,1079,1087,1167,1338,1375,1470,1541,1603,71,176,256,308,399,814,823,904,979,1090,1167,1263,1342,1486,1603,0,85,279,333,452,515,561,667,702,904,1079,1093,1262,1546,1624,0,16,75,244,308,418,483,490,555,624,823,933,1005,1050,1396,0,104,160,256,343,451,469,483,763,880,892,1050,1396,1555,1585,0,253,279,307,351,359,418,515,595,682,1023,1184,1280,1402,1683];[5,6,11,9,2,14,3,10,12,13,1,7,8,4,0,1,3,7,2,14,0,9,8,6,5,13,4,10,12,11,6,8,0,9,10,12,2,11,13,3,5,1,4,14,7,10,12,3,4,2,0,8,7,13,9,11,6,1,14,5,9,8,3,6,0,7,1,4,13,5,11,10,2,14,12,11,7,5,6,0,3,13,4,2,10,12,8,14,1,9,4,2,9,5,14,13,10,12,0,3,7,8,6,1,11,6,5,11,9,14,10,7,13,1,4,2,3,12,0,8,11,5,9,2,0,6,12,13,10,1,7,4,3,14,8,11,1,3,13,9,14,0,10,7,4,5,6,12,8,2,4,12,1,7,5,0,11,3,2,13,6,10,9,14,8,12,1,10,5,8,6,2,13,4,11,0,14,3,9,7,2,7,5,9,1,14,3,10,13,12,0,6,8,4,11,11,6,1,12,9,5,3,13,10,0,2,8,14,7,4,13,3,4,9,11,10,0,8,2,6,5,1,7,12,14];[7,12,10,10,6,20,0,15,8,21,6,13,10,17,21,13,6,15,4,16,0,15,13,3,13,17,12,5,18,1,19,21,14,15,13,11,17,20,21,19,10,10,21,5,7,13,20,4,17,5,2,9,5,10,0,11,21,11,3,21,10,13,8,12,4,3,17,14,11,18,1,16,17,16,0,21,7,1,4,13,14,17,9,8,12,8,19,18,0,13,14,15,0,21,16,20,20,2,2,1,0,21,14,14,11,3,3,10,18,6,0,7,3,8,9,7,15,7,14,11,2,13,9,21,4,21,17,15,5,17,11,4,3,13,14,3,17,10,1,19,3,9,8,0,13,14,12,14,11,12,11,5,8,15,3,10,20,10,18,13,14,0,19,16,8,9,21,20,18,19,2,16,8,19,5,6,10,5,15,21,1,5,18,0,7,2,12,13,3,16,2,20,5,20,15,8,14,2,9,6,10,10,7,9,16,14,5,16,2,3,17,20,2,1,0,9,9,8,21,18,19,15,13,7,5];[[0.34661995661142697,3.4661995661142697,1.0],[0.2286410960833074,2.286410960833074,1.0],[0.012392470279078194,0.12392470279078194,1.0],[0.9308270259025113,9.308270259025113,1.0],[0.3225145761620236,3.225145761620236,1.0],[0.0006954578022455582,0.006954578022455582,1.0],[0.2097170717940725,2.097170717940725,1.0],[0.5179602272351016,5.179602272351016,1.0],[0.7628222106217201,7.6282221062172,1.0],[0.3089717897377221,3.089717897377221,1.0],[0.15113122452813788,1.5113122452813788,1.0],[0.07045772229012492,0.7045772229012492,1.0],[0.8725064026541692,8.725064026541693,1.0],[0.3074981421409557,3.074981421409557,1.0],[0.272859759997538,2.7285975999753798,1.0],[0.9838464878398866,9.838464878398867,1.0],[0.7385079487399623,7.385079487399623,1.0],[0.7690782380223464,7.690782380223464,1.0],[0.7347776517949599,7.347776517949599,1.0],[0.040110031230356946,0.40110031230356946,1.0],[0.7832762173461114,7.832762173461115,1.0],[0.9889075602289727,9.889075602289727,1.0]]
2a_Hurink_sdata_40_workers.fjs;3396.0669483581373;308856;[0,18,100,167,413,492,574,666,703,814,887,959,1040,1249,1470,142,212,286,325,426,566,685,815,902,982,1037,1063,1220,1411,1438,77,170,268,378,417,753,935,951,1127,1214,1224,1293,1330,1470,1512,0,85,286,317,582,718,778,834,1063,1136,1187,1219,1303,1380,1470,0,268,322,401,493,566,582,777,1214,1293,1333,1411,1448,1512,1585,38,100,151,231,333,401,430,643,739,791,1045,1237,1285,1380,1474,89,165,587,625,730,887,920,991,1060,1079,1214,1269,1303,1457,1489,170,356,397,625,685,730,757,991,1037,1139,1193,1283,1357,1362,1446,167,231,278,386,438,493,573,650,757,780,900,951,1163,1207,1303,0,38,122,211,253,278,358,542,574,791,854,1136,1220,1380,1556,0,133,396,452,532,586,595,680,685,731,814,1140,1220,1336,1516,0,122,142,286,356,430,549,611,739,777,801,815,898,960,1352,0,15,74,181,231,358,419,476,542,853,940,990,1187,1237,1249,187,275,330,396,464,586,685,920,991,1047,1060,1121,1187,1269,1422,253,426,452,549,587,595,628,718,853,1056,1136,1142,1295,1362,1585];[5,6,11,9,2,14,3,10,12,13,1,7,8,4,0,1,3,7,2,14,0,9,8,6,5,13,4,10,12,11,6,8,0,9,10,12,2,11,13,3,5,1,4,14,7,10,12,3,4,2,0,8,7,13,9,11,6,1,14,5,9,8,3,6,0,7,1,4,13,5,11,10,2,14,12,11,7,5,6,0,3,13,4,2,10,12,8,14,1,9,4,2,9,5,14,13,10,12,0,3,7,8,6,1,11,6,5,11,9,14,10,7,13,1,4,2,3,12,0,8,11,5,9,2,0,6,12,13,10,1,7,4,3,14,8,11,1,3,13,9,14,0,10,7,4,5,6,12,8,2,4,12,1,7,5,0,11,3,2,13,6,10,9,14,8,12,1,10,5,8,6,2,13,4,11,0,14,3,9,7,2,7,5,9,1,14,3,10,13,12,0,6,8,4,11,11,6,1,12,9,5,3,13,10,0,2,8,14,7,4,13,3,4,9,11,10,0,8,2,6,5,1,7,12,14];[7,19,6,2,18,20,0,8,7,21,21,9,18,19,12,7,10,1,19,5,7,1,13,16,4,11,12,5,9,1,1,21,9,21,4,19,6,11,1,6,16,1,0,5,13,20,14,8,12,11,10,15,3,21,20,6,21,3,12,20,17,15,8,12,6,17,19,13,3,4,9,6,7,16,12,6,21,13,4,7,17,2,9,21,12,10,6,12,10,2,0,18,10,2,5,20,17,7,2,6,1,9,7,8,11,1,3,10,6,14,6,7,21,4,15,7,6,19,14,0,5,1,17,16,21,10,17,15,11,16,2,18,14,8,1,3,4,10,16,6,16,15,8,20,8,17,17,10,3,2,0,12,9,1,16,18,14,16,0,20,2,10,15,12,8,9,3,20,10,2,3,19,9,4,9,6,4,3,15,16,15,5,18,14,13,14,5,7,9,18,8,2,13,14,0,19,0,5,0,19,5,11,7,19,17,14,8,18,17,2,18,20,6,2,1,15,20,8,19,20,14,5,11,8,16];[[0.8559393885152179,8.55939388515218,1.0],[0.8004839408308784,8.004839408308783,1.0],[0.5938433496209707,5.938433496209708,1.0],[0.8870093324131678,8.870093324131679,1.0],[0.741558169706834,7.4155816970683395,1.0],[0.8097670389513107,8.097670389513107,1.0],[0.2247324103169328,2.247324103169328,1.0],[0.9761818800633866,9.761818800633865,1.0],[0.6339038774096737,6.339038774096737,1.0],[0.5580285642552777,5.580285642552777,1.0],[0.4463526500656817,4.463526500656817,1.0],[0.28336462923826333,2.8336462923826335,1.0],[0.9019880415639555,9.019880415639555,1.0],[0.03268507148422006,0.32685071484220063,1.0],[0.4362825217209084,4.3628252172090844,1.0],[0.18851543397694082,1.8851543397694082,1.0],[0.9250090249429151,9.250090249429151,1.0],[0.9012349700248556,9.012349700248556,1.0],[0.12108560404704316,1.2108560404704316,1.0],[0.9174015512221217,9.174015512221217,1.0],[0.6336036775858569,6.3360367758585685,1.0],[0.8916415369189501,8.916415369189501,1.0]]
2a_Hurink_sdata_40_workers.fjs;3383.429222483871;2613240;[0,228,317,418,444,628,747,900,996,1161,1239,1300,1452,1505,1528,0,71,197,235,317,496,585,654,743,816,862,888,1185,1435,1458,0,106,195,276,389,743,933,948,1074,1195,1205,1300,1312,1482,1524,0,106,169,202,369,559,743,787,1010,1074,1125,1185,1312,1389,1482,0,195,324,400,409,482,497,597,714,753,792,945,982,1061,1417,0,75,152,293,482,510,552,639,737,794,877,979,1322,1389,1466,0,143,237,276,392,476,509,524,637,656,849,909,956,1093,1280,106,356,397,525,585,628,655,888,937,1146,1208,1291,1374,1379,1505,170,236,318,418,511,559,662,784,877,900,990,1058,1146,1195,1305,245,335,421,510,655,710,790,937,945,990,1058,1102,1185,1244,1305,80,237,441,497,577,629,651,849,876,933,1010,1102,1185,1280,1327,152,421,453,462,534,651,696,753,784,876,899,979,1205,1272,1417,0,18,77,152,184,267,317,324,389,574,1093,1269,1407,1452,1502,71,170,267,335,430,534,553,639,714,878,1049,1110,1184,1350,1528,0,143,176,202,237,245,281,609,794,876,956,1024,1146,1379,1524];[5,6,11,9,2,14,3,10,12,13,1,7,8,4,0,1,3,7,2,14,0,9,8,6,5,13,4,10,12,11,6,8,0,9,10,12,2,11,13,3,5,1,4,14,7,10,12,3,4,2,0,8,7,13,9,11,6,1,14,5,9,8,3,6,0,7,1,4,13,5,11,10,2,14,12,11,7,5,6,0,3,13,4,2,10,12,8,14,1,9,4,2,9,5,14,13,10,12,0,3,7,8,6,1,11,6,5,11,9,14,10,7,13,1,4,2,3,12,0,8,11,5,9,2,0,6,12,13,10,1,7,4,3,14,8,11,1,3,13,9,14,0,10,7,4,5,6,12,8,2,4,12,1,7,5,0,11,3,2,13,6,10,9,14,8,12,1,10,5,8,6,2,13,4,11,0,14,3,9,7,2,7,5,9,1,14,3,10,13,12,0,6,8,4,11,11,6,1,12,9,5,3,13,10,0,2,8,14,7,4,13,3,4,9,11,10,0,8,2,6,5,1,7,12,14];[7,17,7,8,2,20,0,1,19,14,7,10,20,17,7,2,2,2,11,5,6,16,8,5,11,21,12,5,8,12,8,11,8,15,20,4,3,0,1,17,18,8,12,5,3,13,8,1,6,18,2,20,16,10,18,11,21,3,0,9,10,19,1,2,6,5,19,0,11,10,15,6,5,2,3,15,21,14,19,13,13,17,4,1,3,4,19,21,10,13,6,2,0,0,7,20,15,21,2,12,0,19,14,17,11,1,3,12,6,4,6,7,3,18,9,9,0,19,2,4,16,18,17,1,9,14,10,8,11,5,12,13,19,11,16,3,9,0,7,6,2,14,10,11,11,16,21,10,16,17,5,9,15,8,3,18,14,16,17,13,7,15,0,13,8,9,19,1,16,10,17,16,15,7,13,8,4,8,15,6,19,19,18,0,21,7,16,13,21,15,6,5,17,3,0,17,17,2,8,18,4,12,5,9,15,14,20,16,15,1,18,20,10,3,10,5,18,7,19,16,16,6,13,6,18];[[0.5198238265685563,5.198238265685563,1.0],[0.9583988744400509,9.583988744400509,1.0],[0.3402956357666065,3.402956357666065,1.0],[0.7081849781179302,7.081849781179303,1.0],[0.9252189405445452,9.252189405445453,1.0],[0.05032666735654623,0.5032666735654623,1.0],[0.6613275461751585,6.613275461751585,1.0],[0.82711411373077,8.271141137307701,1.0],[0.8734961127808921,8.734961127808921,1.0],[0.5913019030238962,5.913019030238962,1.0],[0.11264722490163037,1.1264722490163037,1.0],[0.34477784983246407,3.4477784983246407,1.0],[0.011377599382669468,0.11377599382669468,1.0],[0.7909742881977946,7.909742881977946,1.0],[0.3277964015146908,3.277964015146908,1.0],[0.22222795698924247,2.2222795698924247,1.0],[0.14676573527209236,1.4676573527209236,1.0],[0.040648812187981,0.40648812187981,1.0],[0.14328037004549943,1.4328037004549943,1.0],[0.10349201402412567,1.0349201402412567,1.0],[0.2300149081299988,2.3001490812999883,1.0],[0.34985110243749995,3.4985110243749995,1.0]]
2a_Hurink_sdata_40_workers.fjs;3601.857987341191;2600244;[0,246,305,380,392,510,592,684,721,770,891,1127,1318,1382,1484,134,225,292,331,390,438,518,577,664,747,992,1018,1192,1419,1612,40,146,236,392,433,599,701,818,908,1032,1042,1192,1213,1307,1365,231,253,433,494,557,609,669,726,843,908,959,1018,1102,1433,1574,0,292,349,440,451,601,608,708,721,855,976,1055,1109,1227,1367,38,102,249,342,384,415,510,609,756,827,990,1160,1175,1373,1460,0,73,127,169,249,463,524,540,686,939,1032,1175,1293,1323,1365,0,40,189,271,340,494,524,674,960,1101,1176,1266,1361,1411,1520,380,400,596,725,756,836,916,1049,1171,1203,1257,1405,1517,1574,1671,0,38,134,225,335,438,524,669,677,726,818,916,1192,1257,1318,73,164,319,378,463,677,733,818,976,1127,1204,1293,1373,1523,1591,0,202,222,536,713,789,836,1018,1171,1213,1234,1356,1460,1547,1625,202,463,608,770,808,891,1042,1109,1204,1273,1361,1411,1477,1520,1531,102,189,246,319,433,518,536,603,721,804,867,1093,1349,1434,1531,267,464,557,691,725,789,827,959,1032,1109,1227,1236,1308,1383,1560];[5,6,11,9,2,14,3,10,12,13,1,7,8,4,0,1,3,7,2,14,0,9,8,6,5,13,4,10,12,11,6,8,0,9,10,12,2,11,13,3,5,1,4,14,7,10,12,3,4,2,0,8,7,13,9,11,6,1,14,5,9,8,3,6,0,7,1,4,13,5,11,10,2,14,12,11,7,5,6,0,3,13,4,2,10,12,8,14,1,9,4,2,9,5,14,13,10,12,0,3,7,8,6,1,11,6,5,11,9,14,10,7,13,1,4,2,3,12,0,8,11,5,9,2,0,6,12,13,10,1,7,4,3,14,8,11,1,3,13,9,14,0,10,7,4,5,6,12,8,2,4,12,1,7,5,0,11,3,2,13,6,10,9,14,8,12,1,10,5,8,6,2,13,4,11,0,14,3,9,7,2,7,5,9,1,14,3,10,13,12,0,6,8,4,11,11,6,1,12,9,5,3,13,10,0,2,8,14,7,4,13,3,4,9,11,10,0,8,2,6,5,1,7,12,14];[7,19,7,5,18,20,0,8,10,12,6,8,17,14,8,5,20,11,6,16,9,17,13,17,11,21,4,11,8,1,16,14,7,0,15,21,10,19,21,16,6,10,21,5,7,6,13,12,15,18,10,20,8,4,20,15,21,11,12,12,5,20,14,10,6,3,19,19,3,12,14,15,5,1,12,8,21,1,11,3,19,11,9,5,13,1,20,9,10,6,21,2,11,0,3,20,5,3,2,2,19,6,7,21,11,1,3,12,15,9,0,7,3,8,18,7,13,15,9,11,13,10,18,13,9,10,11,8,2,18,2,15,14,13,4,3,14,2,16,15,11,9,10,6,15,14,9,2,16,14,17,9,10,20,3,10,14,21,15,13,19,10,0,21,8,9,17,1,16,16,0,1,13,8,8,6,18,0,15,0,5,19,8,10,9,2,16,2,3,15,8,4,10,18,0,8,13,17,0,5,8,2,7,19,2,14,15,6,2,2,8,10,14,13,11,16,8,20,2,12,9,20,11,13,12];[[0.18019241848515155,1.8019241848515155,1.0],[0.48736227300275514,4.873622730027551,1.0],[0.07759170039841756,0.7759170039841756,1.0],[0.5225667244081349,5.2256672440813485,1.0],[0.9196433340252647,9.196433340252646,1.0],[0.8762509611803474,8.762509611803473,1.0],[0.5029695910906639,5.029695910906638,1.0],[0.8160267976375112,8.160267976375112,1.0],[0.8059112000327816,8.059112000327817,1.0],[0.2140591090540045,2.140591090540045,1.0],[0.08805821114486456,0.8805821114486456,1.0],[0.20329737064426556,2.0329737064426556,1.0],[0.5837360924329463,5.837360924329463,1.0],[0.6737333796339059,6.737333796339059,1.0],[0.1608013027204077,1.6080130272040771,1.0],[0.7465026683932527,7.465026683932527,1.0],[0.5706715087422025,5.706715087422025,1.0],[0.4637998194614905,4.637998194614905,1.0],[0.510707169665419,5.10707169665419,1.0],[0.13436739791107,1.3436739791107,1.0],[0.5955836724768061,5.955836724768061,1.0],[0.9705970110642231,9.705970110642232,1.0]]
2a_Hurink_sdata_54_workers.fjs;17842.517411734516;1922040;[1259,2225,3105,3316,3460,3648,4211,4635,5939,3649,4712,5467,6226,6498,6973,7423,7751,8498,2103,3105,4029,4864,5299,5833,6226,6926,7517,3033,4029,4864,5299,5979,6113,6658,7517,7954,647,2654,3316,3549,4223,4864,5398,6226,6926,0,317,824,1404,1557,2396,3445,3973,4611,317,1313,2225,3105,3648,4223,4635,5121,6672,540,824,1404,2225,3034,3460,4007,4130,5118];[0,1,2,3,4,5,6,7,8,0,1,2,3,4,5,6,7,8,0,1,2,3,4,5,6,7,8,0,1,2,3,4,5,6,7,8,0,1,2,3,4,5,6,7,8,0,1,2,3,4,5,6,7,8,0,1,2,3,4,5,6,7,8,0,1,2,3,4,5,6,7,8];[10,2,8,4,3,3,7,0,3,2,2,5,7,2,9,5,8,6,5,9,6,4,1,4,9,3,0,10,10,3,6,4,6,1,3,11,1,8,12,1,4,7,7,8,0,1,10,12,2,8,0,7,7,12,6,11,9,11,4,12,8,12,10,9,4,0,11,6,4,7,9,9];[[0.7773566427005639,7.7735664270056395,1.0],[0.6698255595592497,6.698255595592498,1.0],[0.09913960392481702,0.9913960392481702,1.0],[0.35297051119014544,3.529705111901454,1.0],[0.4679077429008419,4.679077429008419,1.0],[0.5346837414708775,5.346837414708775,1.0],[0.9783090609123973,9.783090609123974,1.0],[0.13031535015865903,1.3031535015865903,1.0],[0.6712434682302663,6.712434682302662,1.0],[0.36422941594737557,3.6422941594737557,1.0],[0.48883570716198577,4.888357071619858,1.0],[0.20301221073405373,2.0301221073405373,1.0],[0.6661983755713592,6.661983755713592,1.0]]
2a_Hurink_sdata_54_workers.fjs;17930.619994258326;4490472;[2880,3724,4226,4446,4619,4895,5723,6423,6844,3724,4862,5577,6151,6443,6928,7406,7672,8450,1316,2251,3339,4619,5071,5623,6209,6844,7535,2246,4150,5071,5221,6044,6178,6641,7435,7949,662,2226,3106,3339,3720,4361,4895,5723,6423,0,317,824,1426,1589,2428,3477,4005,4682,439,1314,2226,3106,3132,3710,4112,4682,6577,317,824,1426,1831,2653,3477,4361,4487,5197];[0,1,2,3,4,5,6,7,8,0,1,2,3,4,5,6,7,8,0,1,2,3,4,5,6,7,8,0,1,2,3,4,5,6,7,8,0,1,2,3,4,5,6,7,8,0,1,2,3,4,5,6,7,8,0,1,2,3,4,5,6,7,8,0,1,2,3,4,5,6,7,8];[10,11,6,6,3,0,0,3,7,2,12,2,10,8,10,12,8,4,5,5,3,6,1,4,9,3,1,1,5,6,10,4,6,1,2,0,9,11,12,1,4,7,7,8,1,1,10,3,6,8,0,7,7,9,6,11,9,8,11,6,12,4,11,12,12,12,7,2,4,4,9,3];[[0.7966509679599704,7.966509679599704,1.0],[0.05862623274803458,0.5862623274803458,1.0],[0.7602397739740907,7.602397739740907,1.0],[0.8627037401845356,8.627037401845355,1.0],[0.09127403464611428,0.9127403464611428,1.0],[0.9024924365975527,9.024924365975528,1.0],[0.7858960565941281,7.858960565941281,1.0],[0.40667966546103385,4.0667966546103385,1.0],[0.37447264465852026,3.7447264465852026,1.0],[0.6490262282913547,6.490262282913547,1.0],[0.40092466608569977,4.009246660856998,1.0],[0.5721109226277574,5.721109226277575,1.0],[0.6077930620255084,6.077930620255084,1.0]]
2a_Hurink_sdata_54_workers.fjs;18401.584294537857;4030788;[2895,3819,5710,5935,6106,6293,7022,7446,7931,3797,4663,5935,6479,6860,7345,7753,7874,8621,1965,2895,3819,4742,5197,5710,5825,6345,7010,1321,2156,3159,3981,5710,5860,6236,7022,7424,330,1135,2015,2248,2651,3292,3832,5526,6860,985,1649,2248,2765,3292,4131,5331,6308,6347,0,223,1135,2015,2038,2839,3255,3457,4440,223,1160,2765,3159,4131,5180,5205,5331,5526];[0,1,2,3,4,5,6,7,8,0,1,2,3,4,5,6,7,8,0,1,2,3,4,5,6,7,8,0,1,2,3,4,5,6,7,8,0,1,2,3,4,5,6,7,8,0,1,2,3,4,5,6,7,8,0,1,2,3,4,5,6,7,8,0,1,2,3,4,5,6,7,8];[1,3,10,8,7,0,7,2,10,2,5,5,7,8,9,12,8,12,5,9,1,10,10,11,6,3,1,7,10,3,11,0,11,11,6,11,4,4,12,11,4,10,12,2,2,0,10,1,6,8,0,6,1,8,6,11,9,0,8,10,11,6,7,9,4,7,7,8,4,4,9,9];[[0.5209484070219088,5.209484070219088,1.0],[0.42125020101147315,4.212502010114731,1.0],[0.22094517308324657,2.2094517308324657,1.0],[0.13033708391670573,1.3033708391670573,1.0],[0.48395776843282956,4.839577684328296,1.0],[0.6260889663051598,6.260889663051597,1.0],[0.6211218319323739,6.21121831932374,1.0],[0.707277595965894,7.07277595965894,1.0],[0.43539590023548325,4.3539590023548325,1.0],[0.04809800715767443,0.4809800715767443,1.0],[0.2254847064342842,2.254847064342842,1.0],[0.788548045160999,7.88548045160999,1.0],[0.42108890435006496,4.21088904350065,1.0]]
2a_Hurink_sdata_54_workers.fjs;19150.90245514131;2811684;[3752,4654,5390,5810,5967,6376,6884,7686,8103,2231,3709,4544,5157,5492,5967,6376,6939,8011,1301,2785,3709,4544,4979,5492,5607,6299,7597,107,723,1366,1859,2539,2785,3701,4517,4795,3097,4464,5157,5429,6155,6884,7424,8265,8965,723,1366,1873,2539,2702,3541,4590,5087,6864,1078,1873,2785,3701,3724,4590,5087,5390,7438,0,107,597,1037,1859,2101,2126,3709,5967];[0,1,2,3,4,5,6,7,8,0,1,2,3,4,5,6,7,8,0,1,2,3,4,5,6,7,8,0,1,2,3,4,5,6,7,8,0,1,2,3,4,5,6,7,8,0,1,2,3,4,5,6,7,8,0,1,2,3,4,5,6,7,8,0,1,2,3,4,5,6,7,8];[1,1,6,3,3,5,5,7,7,2,2,12,7,2,6,1,8,5,5,9,6,4,10,0,9,4,1,10,0,8,1,5,11,7,7,5,4,3,12,1,0,10,2,8,12,9,10,9,6,8,0,9,4,7,6,11,7,1,10,8,11,12,6,9,5,2,7,7,4,3,9,2];[[0.49734142093980327,4.973414209398033,1.0],[0.35999045686025677,3.5999045686025677,1.0],[0.7220617567237175,7.220617567237175,1.0],[0.44672126724761885,4.4672126724761885,1.0],[0.4533596515962979,4.533596515962978,1.0],[0.025925678678183073,0.25925678678183073,1.0],[0.33490089376309407,3.3490089376309404,1.0],[0.4755440242737675,4.755440242737675,1.0],[0.45132356511490823,4.513235651149082,1.0],[0.08788974506102976,0.8788974506102976,1.0],[0.29509671683068217,2.9509671683068217,1.0],[0.33863234208051063,3.3863234208051063,1.0],[0.9020959027552419,9.020959027552419,1.0]]
2a_Hurink_sdata_54_workers.fjs;19069.431174418347;4560636;[942,1786,2248,2629,2795,3268,3842,4266,4694,2402,3268,3975,4544,4816,5301,5769,6199,8403,3621,4551,5475,6402,6906,7407,7686,8097,8688,1786,2402,3122,3702,4392,4529,4673,5603,7189,223,1135,2015,2248,2978,3842,6004,6946,8253,3268,3975,4544,5086,5301,6140,7189,7701,7738,0,223,1135,2015,2040,2661,3122,4694,5603,835,1160,2505,2880,3702,4673,5881,6004,6199];[0,1,2,3,4,5,6,7,8,0,1,2,3,4,5,6,7,8,0,1,2,3,4,5,6,7,8,0,1,2,3,4,5,6,7,8,0,1,2,3,4,5,6,7,8,0,1,2,3,4,5,6,7,8,0,1,2,3,4,5,6,7,8,0,1,2,3,4,5,6,7,8];[10,8,3,10,12,2,7,2,6,2,4,4,7,8,10,12,8,4,5,9,11,11,11,11,6,3,8,10,8,0,3,3,6,0,4,0,1,2,12,1,11,6,4,10,2,12,10,11,2,8,0,9,1,9,6,11,9,11,0,4,8,12,1,9,4,11,7,12,4,7,9,1];[[0.4211249061401,4.211249061401,1.0],[0.9761073344853062,9.761073344853061,1.0],[0.6132800246752349,6.132800246752349,1.0],[0.6930423279788359,6.930423279788359,1.0],[0.5088628354481554,5.088628354481553,1.0],[0.18781156668551158,1.8781156668551158,1.0],[0.830121874145001,8.301218741450011,1.0],[0.8449241651217704,8.449241651217704,1.0],[0.20962821201639004,2.0962821201639006,1.0],[0.6505169872996391,6.505169872996391,1.0],[0.7003316191510263,7.003316191510263,1.0],[0.7150339547653067,7.150339547653068,1.0],[0.8091072451390076,8.091072451390076,1.0]]
2a_Hurink_sdata_54_workers.fjs;19346.41123777585;4658880;[3679,4603,5010,5221,5939,6122,6630,7148,7565,223,1135,2055,2599,4325,5119,6136,6401,7300,2749,3679,5221,6017,6454,6955,7066,7565,8250,2111,2864,3575,4085,4846,4986,5412,6167,6772,1196,1842,2599,2871,3252,3893,4584,5412,6167,1794,2357,3725,4846,4999,7066,8115,8609,8663,0,223,1135,2055,2080,2864,3679,3883,6630,1089,1867,2832,3276,4085,4433,4458,4818,5013];[0,1,2,3,4,5,6,7,8,0,1,2,3,4,5,6,7,8,0,1,2,3,4,5,6,7,8,0,1,2,3,4,5,6,7,8,0,1,2,3,4,5,6,7,8,0,1,2,3,4,5,6,7,8,0,1,2,3,4,5,6,7,8,0,1,2,3,4,5,6,7,8];[1,6,8,11,12,5,7,7,9,2,4,5,7,2,3,1,8,10,5,9,4,0,11,11,4,3,8,6,12,6,11,10,11,8,3,9,11,8,12,1,4,10,7,10,11,1,10,2,2,5,0,6,7,12,6,11,3,11,11,10,5,5,5,9,12,0,11,4,4,0,9,1];[[0.4831103964860096,4.831103964860096,1.0],[0.9021829992468611,9.02182999246861,1.0],[0.5374571935128641,5.374571935128642,1.0],[0.8761340971511191,8.761340971511192,1.0],[0.573156942708234,5.7315694270823405,1.0],[0.994523847851402,9.945238478514021,1.0],[0.3574465703190305,3.574465703190305,1.0],[0.6617299629663892,6.617299629663892,1.0],[0.4882872262788658,4.882872262788657,1.0],[0.5726412824777106,5.726412824777106,1.0],[0.32388398325139345,3.2388398325139347,1.0],[0.8072354510963532,8.072354510963532,1.0],[0.8087324055796944,8.087324055796945,1.0]]
2a_Hurink_sdata_54_workers.fjs;19203.184865833206;4410408;[2318,3658,4406,5231,5872,6406,7294,7939,8356,3849,4715,5506,6107,6399,6936,7801,8356,9103,687,2015,2939,3735,4170,4671,4786,5217,6406,1617,2939,3735,4170,4850,4987,5231,5996,7294,3162,4149,4173,4850,5231,5872,6406,7239,7939,107,596,1103,1822,2039,2878,3927,4421,5524,464,1103,2015,2915,2938,5133,5996,6233,7142,0,107,596,1000,1822,2039,2063,2939,4406];[0,1,2,3,4,5,6,7,8,0,1,2,3,4,5,6,7,8,0,1,2,3,4,5,6,7,8,0,1,2,3,4,5,6,7,8,0,1,2,3,4,5,6,7,8,0,1,2,3,4,5,6,7,8,0,1,2,3,4,5,6,7,8,0,1,2,3,4,5,6,7,8];[10,12,8,2,3,8,12,7,10,2,10,8,10,2,9,11,8,8,5,9,4,4,11,5,11,6,7,0,6,7,1,3,7,1,2,11,5,0,12,1,4,7,6,8,5,6,10,4,2,8,0,6,7,9,6,11,12,1,3,9,12,12,12,9,4,8,7,4,6,2,9,12];[[0.34661995661142697,3.4661995661142697,1.0],[0.2286410960833074,2.286410960833074,1.0],[0.012392470279078194,0.12392470279078194,1.0],[0.9308270259025113,9.308270259025113,1.0],[0.3225145761620236,3.225145761620236,1.0],[0.0006954578022455582,0.006954578022455582,1.0],[0.2097170717940725,2.097170717940725,1.0],[0.5179602272351016,5.179602272351016,1.0],[0.7628222106217201,7.6282221062172,1.0],[0.3089717897377221,3.089717897377221,1.0],[0.15113122452813788,1.5113122452813788,1.0],[0.07045772229012492,0.7045772229012492,1.0],[0.8725064026541692,8.725064026541693,1.0]]
2a_Hurink_sdata_54_workers.fjs;19230.93486024412;2384100;[1321,2165,2604,3274,3479,3667,5009,5850,6808,2482,3348,4055,5009,5281,5756,6234,6362,8390,3580,4967,5891,6687,7122,7623,7738,8149,8740,0,616,1228,1378,2058,2211,2831,3651,4510,723,1321,1378,2058,2465,3106,4181,5009,5709,2165,2604,3111,3628,3781,4620,5669,6267,6301,3348,4055,4967,5867,5892,6524,6963,7167,8410,616,1348,1837,2465,3274,3640,4055,4181,7541];[0,1,2,3,4,5,6,7,8,0,1,2,3,4,5,6,7,8,0,1,2,3,4,5,6,7,8,0,1,2,3,4,5,6,7,8,0,1,2,3,4,5,6,7,8,0,1,2,3,4,5,6,7,8,0,1,2,3,4,5,6,7,8,0,1,2,3,4,5,6,7,8];[10,9,0,6,3,3,4,7,3,2,4,1,7,2,0,11,8,8,5,9,4,4,11,0,6,3,8,10,2,6,6,5,11,0,1,5,11,7,12,0,4,7,7,8,7,1,10,1,2,8,0,6,7,12,10,11,12,10,3,0,5,9,2,9,4,2,11,11,6,4,9,12];[[0.8559393885152179,8.55939388515218,1.0],[0.8004839408308784,8.004839408308783,1.0],[0.5938433496209707,5.938433496209708,1.0],[0.8870093324131678,8.870093324131679,1.0],[0.741558169706834,7.4155816970683395,1.0],[0.8097670389513107,8.097670389513107,1.0],[0.2247324103169328,2.247324103169328,1.0],[0.9761818800633866,9.761818800633865,1.0],[0.6339038774096737,6.339038774096737,1.0],[0.5580285642552777,5.580285642552777,1.0],[0.4463526500656817,4.463526500656817,1.0],[0.28336462923826333,2.8336462923826335,1.0],[0.9019880415639555,9.019880415639555,1.0]]
2a_Hurink_sdata_54_workers.fjs;19265.669763076745;2005416;[1888,2732,3139,3886,4189,5155,6255,6994,7552,1022,1888,2595,3139,3411,3957,5318,5551,8237,3348,4278,5202,5998,6450,6951,7081,7493,8260,2732,3348,4044,4189,4869,5009,5439,6298,6538,317,915,1341,1574,2343,3417,3957,4785,5515,0,317,824,1341,1504,2343,4785,5515,7039,4278,5202,6114,6994,7017,7592,7975,8177,9086,915,1022,1574,2021,3029,3392,3417,3530,4377];[0,1,2,3,4,5,6,7,8,0,1,2,3,4,5,6,7,8,0,1,2,3,4,5,6,7,8,0,1,2,3,4,5,6,7,8,0,1,2,3,4,5,6,7,8,0,1,2,3,4,5,6,7,8,0,1,2,3,4,5,6,7,8,0,1,2,3,4,5,6,7,8];[10,6,1,2,3,2,10,9,9,2,4,5,7,2,0,7,8,9,5,9,4,6,11,3,2,3,0,10,11,3,6,10,7,7,0,0,11,4,12,0,2,10,7,0,0,1,10,1,6,8,0,5,6,8,10,11,9,1,4,1,11,12,5,9,4,5,7,8,4,3,9,3];[[0.5198238265685563,5.198238265685563,1.0],[0.9583988744400509,9.583988744400509,1.0],[0.3402956357666065,3.402956357666065,1.0],[0.7081849781179302,7.081849781179303,1.0],[0.9252189405445452,9.252189405445453,1.0],[0.05032666735654623,0.5032666735654623,1.0],[0.6613275461751585,6.613275461751585,1.0],[0.82711411373077,8.271141137307701,1.0],[0.8734961127808921,8.734961127808921,1.0],[0.5913019030238962,5.913019030238962,1.0],[0.11264722490163037,1.1264722490163037,1.0],[0.34477784983246407,3.4477784983246407,1.0],[0.011377599382669468,0.11377599382669468,1.0]]
2a_Hurink_sdata_54_workers.fjs;19694.23711387975;4401756;[1513,2796,3563,3774,3920,4251,4816,5424,6347,647,2089,2989,3920,4212,4816,7421,7671,8634,2357,3287,4211,5046,5483,5996,6163,6754,8172,3942,4595,5279,5483,6163,6300,6574,7421,7671,3287,4211,5046,6163,6544,7185,7725,8553,9253,330,647,1177,1788,1951,2790,3839,4372,4816,107,1177,2089,2989,3103,3863,4372,5845,7032,0,107,597,2089,2898,3839,4576,5214,5409];[0,1,2,3,4,5,6,7,8,0,1,2,3,4,5,6,7,8,0,1,2,3,4,5,6,7,8,0,1,2,3,4,5,6,7,8,0,1,2,3,4,5,6,7,8,0,1,2,3,4,5,6,7,8,0,1,2,3,4,5,6,7,8,0,1,2,3,4,5,6,7,8];[10,7,8,3,7,4,5,3,9,2,4,2,10,8,10,7,8,10,5,9,6,0,10,5,6,3,9,11,9,3,6,3,7,6,6,0,4,0,12,11,4,10,7,8,12,1,5,7,6,8,0,5,1,4,6,11,12,1,12,12,5,12,7,9,12,6,11,11,6,2,9,8];[[0.18019241848515155,1.8019241848515155,1.0],[0.48736227300275514,4.873622730027551,1.0],[0.07759170039841756,0.7759170039841756,1.0],[0.5225667244081349,5.2256672440813485,1.0],[0.9196433340252647,9.196433340252646,1.0],[0.8762509611803474,8.762509611803473,1.0],[0.5029695910906639,5.029695910906638,1.0],[0.8160267976375112,8.160267976375112,1.0],[0.8059112000327816,8.059112000327817,1.0],[0.2140591090540045,2.140591090540045,1.0],[0.08805821114486456,0.8805821114486456,1.0],[0.20329737064426556,2.0329737064426556,1.0],[0.5837360924329463,5.837360924329463,1.0]]
2a_Hurink_sdata_61_workers.fjs;1989.2588610191824;2555712;[140,193,293,346,416,454,518,621,719,729,0,294,376,459,580,632,707,731,770,833,114,150,228,261,323,386,471,500,621,779,0,146,204,267,428,454,704,791,820,905,22,95,202,228,246,323,376,513,745,833,52,293,364,537,632,704,731,791,815,833,129,150,220,261,338,452,499,605,627,798,0,52,129,202,218,246,334,376,408,471,220,346,408,484,518,580,618,707,745,878,17,22,40,58,70,160,471,606,637,732];[9,8,0,7,6,5,3,2,4,1,8,9,0,7,5,4,6,2,3,1,9,8,7,6,4,5,3,2,1,0,0,1,3,2,6,4,5,7,8,9,0,1,7,5,4,6,3,2,8,9,9,8,3,7,5,4,6,2,1,0,8,9,6,7,5,3,4,2,1,0,9,8,7,6,4,5,3,2,1,0,9,8,2,4,5,3,6,7,0,1,0,1,2,3,4,5,6,7,8,9];[3,0,2,14,14,14,0,7,14,1,5,1,3,2,9,3,12,2,6,8,14,13,5,3,8,6,6,5,6,8,11,8,7,6,0,13,10,12,4,10,12,2,3,13,11,5,7,6,0,13,11,14,6,4,1,3,12,10,13,6,5,9,14,10,2,7,11,6,6,3,14,8,11,6,10,12,6,1,4,13,1,4,9,0,14,2,8,0,3,14,13,7,4,7,4,4,7,0,4,4];[[0.7773566427005639,7.7735664270056395,1.0],[0.6698255595592497,6.698255595592498,1.0],[0.09913960392481702,0.9913960392481702,1.0],[0.35297051119014544,3.529705111901454,1.0],[0.4679077429008419,4.679077429008419,1.0],[0.5346837414708775,5.346837414708775,1.0],[0.9783090609123973,9.783090609123974,1.0],[0.13031535015865903,1.3031535015865903,1.0],[0.6712434682302663,6.712434682302662,1.0],[0.36422941594737557,3.6422941594737557,1.0],[0.48883570716198577,4.888357071619858,1.0],[0.20301221073405373,2.0301221073405373,1.0],[0.6661983755713592,6.661983755713592,1.0],[0.2276630312069321,2.276630312069321,1.0],[0.4580640582967631,4.580640582967631,1.0]]
2a_Hurink_sdata_61_workers.fjs;1987.1790073642176;1920000;[74,259,391,554,632,645,710,767,852,870,0,237,308,391,470,522,645,669,767,807,139,216,360,570,632,710,807,852,865,878,5,23,83,214,280,569,587,660,785,910,50,128,173,203,360,422,498,569,659,698,308,370,423,462,522,595,669,729,757,776,50,167,237,291,360,382,402,526,595,698,85,139,216,305,329,382,470,498,526,716,0,74,139,214,229,291,329,522,554,678,0,5,23,72,83,291,474,628,698,852];[9,8,0,7,6,5,3,2,4,1,8,9,0,7,5,4,6,2,3,1,9,8,7,6,4,5,3,2,1,0,0,1,3,2,6,4,5,7,8,9,0,1,7,5,4,6,3,2,8,9,9,8,3,7,5,4,6,2,1,0,8,9,6,7,5,3,4,2,1,0,9,8,7,6,4,5,3,2,1,0,9,8,2,4,5,3,6,7,0,1,0,1,2,3,4,5,6,7,8,9];[0,2,6,6,3,10,0,7,5,4,10,5,3,0,4,9,2,13,12,2,12,13,7,9,1,6,6,6,1,3,8,14,7,1,8,0,14,0,4,2,10,10,6,12,2,5,0,13,5,11,11,14,11,2,4,1,12,8,10,11,4,2,8,14,12,9,9,5,11,5,8,8,11,6,9,12,1,13,1,13,1,1,13,5,14,9,5,6,3,14,12,7,4,4,4,10,14,7,9,7];[[0.7966509679599704,7.966509679599704,1.0],[0.05862623274803458,0.5862623274803458,1.0],[0.7602397739740907,7.602397739740907,1.0],[0.8627037401845356,8.627037401845355,1.0],[0.09127403464611428,0.9127403464611428,1.0],[0.9024924365975527,9.024924365975528,1.0],[0.7858960565941281,7.858960565941281,1.0],[0.40667966546103385,4.0667966546103385,1.0],[0.37447264465852026,3.7447264465852026,1.0],[0.6490262282913547,6.490262282913547,1.0],[0.40092466608569977,4.009246660856998,1.0],[0.5721109226277574,5.721109226277575,1.0],[0.6077930620255084,6.077930620255084,1.0],[0.05072389565884072,0.5072389565884072,1.0],[0.7370880093375713,7.370880093375714,1.0]]
2a_Hurink_sdata_61_workers.fjs;1998.2850028936034;2443956;[190,255,350,395,465,517,582,639,753,821,350,406,477,559,692,744,754,778,841,890,269,406,465,503,590,744,812,841,884,890,5,23,160,330,478,503,638,692,720,802,23,104,188,256,271,329,384,455,582,618,0,62,115,128,188,256,384,547,573,592,0,200,269,313,407,495,514,590,604,804,62,116,218,313,345,429,517,604,687,778,116,193,255,330,345,455,568,657,720,753,0,5,128,148,373,582,657,754,802,889];[9,8,0,7,6,5,3,2,4,1,8,9,0,7,5,4,6,2,3,1,9,8,7,6,4,5,3,2,1,0,0,1,3,2,6,4,5,7,8,9,0,1,7,5,4,6,3,2,8,9,9,8,3,7,5,4,6,2,1,0,8,9,6,7,5,3,4,2,1,0,9,8,7,6,4,5,3,2,1,0,9,8,2,4,5,3,6,7,0,1,0,1,2,3,4,5,6,7,8,9];[5,9,2,5,10,10,0,7,14,4,6,3,1,13,9,13,12,2,1,8,14,13,8,5,9,6,6,10,5,3,8,10,12,7,11,13,14,10,4,10,0,0,7,10,8,4,0,6,10,1,11,14,11,2,14,1,4,6,7,5,3,11,5,1,12,3,9,12,11,8,5,8,2,6,12,12,4,6,0,12,1,4,13,5,14,13,8,6,10,11,12,7,11,7,9,4,8,7,9,7];[[0.5209484070219088,5.209484070219088,1.0],[0.42125020101147315,4.212502010114731,1.0],[0.22094517308324657,2.2094517308324657,1.0],[0.13033708391670573,1.3033708391670573,1.0],[0.48395776843282956,4.839577684328296,1.0],[0.6260889663051598,6.260889663051597,1.0],[0.6211218319323739,6.21121831932374,1.0],[0.707277595965894,7.07277595965894,1.0],[0.43539590023548325,4.3539590023548325,1.0],[0.04809800715767443,0.4809800715767443,1.0],[0.2254847064342842,2.254847064342842,1.0],[0.788548045160999,7.88548045160999,1.0],[0.42108890435006496,4.21088904350065,1.0],[0.5652029481252892,5.6520294812528915,1.0],[0.6764042610645917,6.764042610645918,1.0]]
2a_Hurink_sdata_61_workers.fjs;2097.191234902956;3837636;[358,368,459,539,665,705,772,829,914,924,161,284,358,440,511,563,637,665,829,879,0,25,68,96,158,302,370,459,474,548,87,104,165,262,308,332,392,511,539,621,0,165,219,287,303,332,399,543,635,772,25,87,140,153,219,287,456,516,543,869,140,161,230,287,370,548,572,651,665,851,230,284,365,440,511,563,651,706,750,825,87,211,308,397,446,508,548,637,683,811,78,83,230,250,412,651,705,795,825,914];[9,8,0,7,6,5,3,2,4,1,8,9,0,7,5,4,6,2,3,1,9,8,7,6,4,5,3,2,1,0,0,1,3,2,6,4,5,7,8,9,0,1,7,5,4,6,3,2,8,9,9,8,3,7,5,4,6,2,1,0,8,9,6,7,5,3,4,2,1,0,9,8,7,6,4,5,3,2,1,0,9,8,2,4,5,3,6,7,0,1,0,1,2,3,4,5,6,7,8,9];[5,11,2,2,8,1,0,7,12,4,5,10,1,0,9,1,8,12,12,8,2,13,8,3,9,6,6,11,1,13,11,2,7,7,13,3,14,10,4,3,10,4,13,4,0,7,7,6,13,1,11,14,11,10,14,11,12,12,7,5,5,11,12,14,3,3,14,12,14,0,5,2,4,6,0,12,4,3,10,13,1,6,8,3,14,13,8,2,4,14,12,7,11,7,13,6,9,13,9,7];[[0.49734142093980327,4.973414209398033,1.0],[0.35999045686025677,3.5999045686025677,1.0],[0.7220617567237175,7.220617567237175,1.0],[0.44672126724761885,4.4672126724761885,1.0],[0.4533596515962979,4.533596515962978,1.0],[0.025925678678183073,0.25925678678183073,1.0],[0.33490089376309407,3.3490089376309404,1.0],[0.4755440242737675,4.755440242737675,1.0],[0.45132356511490823,4.513235651149082,1.0],[0.08788974506102976,0.8788974506102976,1.0],[0.29509671683068217,2.9509671683068217,1.0],[0.33863234208051063,3.3863234208051063,1.0],[0.9020959027552419,9.020959027552419,1.0],[0.7173473735926632,7.173473735926632,1.0],[0.8986159167700656,8.986159167700656,1.0]]
2a_Hurink_sdata_61_workers.fjs;2091.2274529215074;3637080;[0,21,121,411,551,715,779,836,921,931,318,370,441,524,595,647,747,776,836,872,210,275,318,345,545,647,715,747,774,917,0,18,144,236,722,747,779,841,870,952,23,96,201,228,244,405,470,546,636,675,144,222,275,345,438,530,565,637,661,812,0,21,90,132,244,288,350,675,690,794,90,144,228,301,317,350,438,514,565,637,236,370,439,514,530,592,633,722,757,794,18,71,89,107,121,283,461,595,675,763];[9,8,0,7,6,5,3,2,4,1,8,9,0,7,5,4,6,2,3,1,9,8,7,6,4,5,3,2,1,0,0,1,3,2,6,4,5,7,8,9,0,1,7,5,4,6,3,2,8,9,9,8,3,7,5,4,6,2,1,0,8,9,6,7,5,3,4,2,1,0,9,8,7,6,4,5,3,2,1,0,9,8,2,4,5,3,6,7,0,1,0,1,2,3,4,5,6,7,8,9];[0,0,2,6,11,14,0,7,14,1,7,3,3,0,9,9,7,3,8,8,4,13,5,1,4,6,6,3,6,6,8,14,8,4,3,13,11,12,4,3,12,12,2,7,5,2,7,13,5,11,10,14,5,5,1,3,12,11,7,9,5,11,9,14,3,7,9,5,9,8,8,5,11,6,11,12,4,6,11,12,10,8,13,14,14,6,8,1,12,14,13,7,4,7,0,4,9,7,10,4];[[0.4211249061401,4.211249061401,1.0],[0.9761073344853062,9.761073344853061,1.0],[0.6132800246752349,6.132800246752349,1.0],[0.6930423279788359,6.930423279788359,1.0],[0.5088628354481554,5.088628354481553,1.0],[0.18781156668551158,1.8781156668551158,1.0],[0.830121874145001,8.301218741450011,1.0],[0.8449241651217704,8.449241651217704,1.0],[0.20962821201639004,2.0962821201639006,1.0],[0.6505169872996391,6.505169872996391,1.0],[0.7003316191510263,7.003316191510263,1.0],[0.7150339547653067,7.150339547653068,1.0],[0.8091072451390076,8.091072451390076,1.0],[0.8451978833841938,8.451978833841938,1.0],[0.3695849781386673,3.695849781386673,1.0]]
2a_Hurink_sdata_61_workers.fjs;1949.5924310508174;2022948;[25,68,159,262,336,365,429,486,571,581,159,310,400,486,703,755,766,790,829,878,0,25,68,92,152,217,287,340,353,515,0,41,104,161,400,495,557,615,747,829,23,106,152,183,306,348,486,614,704,755,164,287,340,353,429,501,530,590,729,767,0,35,152,193,287,353,373,571,644,749,105,209,413,514,581,615,703,731,817,878,226,340,404,479,495,557,595,684,716,749,18,23,68,161,217,309,424,564,594,697];[9,8,0,7,6,5,3,2,4,1,8,9,0,7,5,4,6,2,3,1,9,8,7,6,4,5,3,2,1,0,0,1,3,2,6,4,5,7,8,9,0,1,7,5,4,6,3,2,8,9,9,8,3,7,5,4,6,2,1,0,8,9,6,7,5,3,4,2,1,0,9,8,7,6,4,5,3,2,1,0,9,8,2,4,5,3,6,7,0,1,0,1,2,3,4,5,6,7,8,9];[4,11,2,2,5,14,0,7,14,4,5,7,5,2,9,12,12,2,1,8,2,13,12,1,10,0,6,14,12,1,8,5,12,6,12,6,0,0,4,3,6,4,9,4,8,5,0,13,8,7,11,14,11,2,4,1,3,11,13,5,9,2,3,14,3,9,3,5,14,5,0,5,11,6,7,12,1,6,0,12,10,0,13,14,14,9,8,6,10,11,12,7,13,14,1,4,9,13,5,7];[[0.4831103964860096,4.831103964860096,1.0],[0.9021829992468611,9.02182999246861,1.0],[0.5374571935128641,5.374571935128642,1.0],[0.8761340971511191,8.761340971511192,1.0],[0.573156942708234,5.7315694270823405,1.0],[0.994523847851402,9.945238478514021,1.0],[0.3574465703190305,3.574465703190305,1.0],[0.6617299629663892,6.617299629663892,1.0],[0.4882872262788658,4.882872262788657,1.0],[0.5726412824777106,5.726412824777106,1.0],[0.32388398325139345,3.2388398325139347,1.0],[0.8072354510963532,8.072354510963532,1.0],[0.8087324055796944,8.087324055796945,1.0],[0.660852452150834,6.60852452150834,1.0],[0.5802577271631468,5.802577271631469,1.0]]
2a_Hurink_sdata_61_workers.fjs;1956.6941850990115;501936;[117,232,371,452,577,596,661,718,803,813,129,298,416,526,678,731,742,803,844,881,196,385,428,455,517,731,799,844,876,881,76,124,187,331,431,496,542,604,645,815,5,76,202,334,349,378,431,502,604,742,52,179,254,331,390,480,517,625,697,768,0,127,218,262,349,371,390,465,481,861,0,52,129,202,218,246,390,596,625,742,224,323,385,465,480,542,589,678,710,742,0,5,23,43,54,149,262,390,517,604];[9,8,0,7,6,5,3,2,4,1,8,9,0,7,5,4,6,2,3,1,9,8,7,6,4,5,3,2,1,0,0,1,3,2,6,4,5,7,8,9,0,1,7,5,4,6,3,2,8,9,9,8,3,7,5,4,6,2,1,0,8,9,6,7,5,3,4,2,1,0,9,8,7,6,4,5,3,2,1,0,9,8,2,4,5,3,6,7,0,1,0,1,2,3,4,5,6,7,8,9];[3,11,12,2,5,10,0,7,5,4,10,7,5,2,8,9,5,12,8,8,5,13,7,9,3,6,6,0,7,3,11,5,2,14,13,3,14,0,4,3,3,12,4,10,0,9,0,13,2,1,9,14,0,1,4,8,12,5,13,13,12,11,7,14,12,3,3,6,11,5,14,8,3,6,12,12,1,14,11,13,1,4,10,7,14,6,8,5,1,14,13,7,10,4,2,0,8,0,9,7];[[0.34661995661142697,3.4661995661142697,1.0],[0.2286410960833074,2.286410960833074,1.0],[0.012392470279078194,0.12392470279078194,1.0],[0.9308270259025113,9.308270259025113,1.0],[0.3225145761620236,3.225145761620236,1.0],[0.0006954578022455582,0.006954578022455582,1.0],[0.2097170717940725,2.097170717940725,1.0],[0.5179602272351016,5.179602272351016,1.0],[0.7628222106217201,7.6282221062172,1.0],[0.3089717897377221,3.089717897377221,1.0],[0.15113122452813788,1.5113122452813788,1.0],[0.07045772229012492,0.7045772229012492,1.0],[0.8725064026541692,8.725064026541693,1.0],[0.3074981421409557,3.074981421409557,1.0],[0.272859759997538,2.7285975999753798,1.0]]
2a_Hurink_sdata_61_workers.fjs;2160.3956316521035;675636;[78,156,247,292,366,379,656,835,934,957,366,422,493,575,650,702,712,741,780,830,0,26,69,93,156,221,608,685,698,762,84,143,201,388,439,466,592,650,679,780,0,79,125,156,221,256,379,455,547,586,235,313,366,379,443,508,523,698,725,784,0,88,379,439,570,637,712,820,875,957,26,78,156,240,256,291,508,570,599,669,161,247,313,388,508,570,608,697,729,762,79,125,143,540,591,702,756,846,875,962];[9,8,0,7,6,5,3,2,4,1,8,9,0,7,5,4,6,2,3,1,9,8,7,6,4,5,3,2,1,0,0,1,3,2,6,4,5,7,8,9,0,1,7,5,4,6,3,2,8,9,9,8,3,7,5,4,6,2,1,0,8,9,6,7,5,3,4,2,1,0,9,8,7,6,4,5,3,2,1,0,9,8,2,4,5,3,6,7,0,1,0,1,2,3,4,5,6,7,8,9];[3,11,2,1,3,14,11,5,5,4,6,5,1,13,9,3,14,2,5,8,9,13,12,9,5,0,6,10,1,13,11,0,12,3,2,3,0,0,4,2,7,4,13,7,3,6,7,6,5,5,9,14,2,2,4,3,10,7,13,11,5,3,8,10,12,3,1,5,8,0,14,5,8,6,4,12,4,14,7,13,1,11,13,11,14,2,8,5,10,14,13,7,10,7,10,6,9,14,9,7];[[0.8559393885152179,8.55939388515218,1.0],[0.8004839408308784,8.004839408308783,1.0],[0.5938433496209707,5.938433496209708,1.0],[0.8870093324131678,8.870093324131679,1.0],[0.741558169706834,7.4155816970683395,1.0],[0.8097670389513107,8.097670389513107,1.0],[0.2247324103169328,2.247324103169328,1.0],[0.9761818800633866,9.761818800633865,1.0],[0.6339038774096737,6.339038774096737,1.0],[0.5580285642552777,5.580285642552777,1.0],[0.4463526500656817,4.463526500656817,1.0],[0.28336462923826333,2.8336462923826335,1.0],[0.9019880415639555,9.019880415639555,1.0],[0.03268507148422006,0.32685071484220063,1.0],[0.4362825217209084,4.3628252172090844,1.0]]
2a_Hurink_sdata_61_workers.fjs;1999.4396993180746;513804;[0,381,472,528,598,616,680,737,822,832,21,297,370,456,713,765,776,822,861,897,10,71,114,193,255,320,428,457,517,610,0,17,70,127,169,193,198,598,631,888,22,100,146,175,198,297,352,498,590,631,35,114,169,181,252,320,369,472,498,517,0,171,255,297,450,498,518,593,609,700,240,297,381,457,473,528,616,646,692,801,97,171,233,334,388,457,498,627,665,753,17,146,193,233,349,472,610,700,729,830];[9,8,0,7,6,5,3,2,4,1,8,9,0,7,5,4,6,2,3,1,9,8,7,6,4,5,3,2,1,0,0,1,3,2,6,4,5,7,8,9,0,1,7,5,4,6,3,2,8,9,9,8,3,7,5,4,6,2,1,0,8,9,6,7,5,3,4,2,1,0,9,8,7,6,4,5,3,2,1,0,9,8,2,4,5,3,6,7,0,1,0,1,2,3,4,5,6,7,8,9];[4,11,2,14,14,14,0,7,14,4,5,9,4,13,4,12,13,2,8,8,2,13,8,9,10,6,6,0,10,5,11,14,12,12,13,1,14,0,4,3,10,4,10,14,6,4,7,6,2,13,11,14,12,8,14,14,1,0,10,4,5,11,9,1,12,9,3,6,11,3,2,13,3,6,4,12,6,1,10,13,1,4,3,3,14,5,8,3,2,11,12,7,13,4,2,7,9,14,6,7];[[0.5198238265685563,5.198238265685563,1.0],[0.9583988744400509,9.583988744400509,1.0],[0.3402956357666065,3.402956357666065,1.0],[0.7081849781179302,7.081849781179303,1.0],[0.9252189405445452,9.252189405445453,1.0],[0.05032666735654623,0.5032666735654623,1.0],[0.6613275461751585,6.613275461751585,1.0],[0.82711411373077,8.271141137307701,1.0],[0.8734961127808921,8.734961127808921,1.0],[0.5913019030238962,5.913019030238962,1.0],[0.11264722490163037,1.1264722490163037,1.0],[0.34477784983246407,3.4477784983246407,1.0],[0.011377599382669468,0.11377599382669468,1.0],[0.7909742881977946,7.909742881977946,1.0],[0.3277964015146908,3.277964015146908,1.0]]
2a_Hurink_sdata_61_workers.fjs;2021.5051492094503;968916;[235,256,351,462,532,566,630,687,772,782,0,162,235,321,438,490,570,772,816,909,74,138,181,205,275,370,566,595,769,848,0,17,80,341,545,570,630,689,717,799,17,88,139,168,237,275,341,412,503,541,100,181,234,246,305,370,465,529,665,687,234,257,329,393,490,512,576,651,687,935,370,426,564,639,655,689,788,816,848,909,0,74,138,221,237,299,372,532,564,597,88,139,237,257,384,512,655,745,799,886];[9,8,0,7,6,5,3,2,4,1,8,9,0,7,5,4,6,2,3,1,9,8,7,6,4,5,3,2,1,0,0,1,3,2,6,4,5,7,8,9,0,1,7,5,4,6,3,2,8,9,9,8,3,7,5,4,6,2,1,0,8,9,6,7,5,3,4,2,1,0,9,8,7,6,4,5,3,2,1,0,9,8,2,4,5,3,6,7,0,1,0,1,2,3,4,5,6,7,8,9];[13,9,12,14,0,14,0,7,12,5,12,9,5,13,4,1,7,2,11,8,14,13,12,12,3,6,6,4,9,5,11,5,8,3,8,0,13,10,4,10,3,2,1,8,6,10,0,13,13,1,11,14,10,1,4,2,5,7,6,11,4,11,8,14,12,3,3,12,8,3,4,8,5,6,10,13,1,14,0,13,1,0,3,11,14,0,5,2,10,11,13,7,11,4,1,6,9,0,9,7];[[0.18019241848515155,1.8019241848515155,1.0],[0.48736227300275514,4.873622730027551,1.0],[0.07759170039841756,0.7759170039841756,1.0],[0.5225667244081349,5.2256672440813485,1.0],[0.9196433340252647,9.196433340252646,1.0],[0.8762509611803474,8.762509611803473,1.0],[0.5029695910906639,5.029695910906638,1.0],[0.8160267976375112,8.160267976375112,1.0],[0.8059112000327816,8.059112000327817,1.0],[0.2140591090540045,2.140591090540045,1.0],[0.08805821114486456,0.8805821114486456,1.0],[0.20329737064426556,2.0329737064426556,1.0],[0.5837360924329463,5.837360924329463,1.0],[0.6737333796339059,6.737333796339059,1.0],[0.1608013027204077,1.6080130272040771,1.0]]
2a_Hurink_sdata_63_workers.fjs;889.7136408079318;2559384;[69,100,114,128,165,183,239,272,312,359,25,33,45,96,134,183,201,302,320,336,0,25,45,70,125,183,239,251,267,390,33,113,165,203,230,244,262,296,320,338,123,150,204,239,267,281,297,335,359,403,21,55,69,125,148,203,243,310,336,392,7,70,100,123,134,148,230,253,272,366,0,7,67,100,150,201,224,281,312,366,0,41,51,84,114,183,261,288,320,338,41,60,67,168,285,320,359,388,401];[0,1,2,3,4,5,6,7,8,9,0,3,4,8,9,6,7,5,2,1,0,7,3,2,6,4,1,5,8,9,0,1,3,8,5,2,4,7,6,9,0,6,1,3,5,2,9,7,8,4,4,0,6,8,2,3,9,7,5,1,4,3,0,9,2,1,8,7,6,5,4,6,9,3,8,2,7,5,0,1,2,6,8,7,4,9,3,1,5,0,2,9,5,8,6,3,7,4,0];[5,14,3,3,10,8,9,6,2,3,2,4,6,0,8,12,3,6,9,8,7,0,0,7,4,6,13,1,10,5,12,9,14,1,7,2,13,2,7,14,12,5,9,4,2,4,12,0,10,7,5,7,4,1,0,4,8,4,6,14,9,14,13,0,0,7,1,6,5,1,12,1,2,6,12,12,11,8,10,9,11,1,11,11,7,10,11,5,6,7,2,13,1,1,0,5,12,4,1];[[0.7773566427005639,7.7735664270056395,1.0],[0.6698255595592497,6.698255595592498,1.0],[0.09913960392481702,0.9913960392481702,1.0],[0.35297051119014544,3.529705111901454,1.0],[0.4679077429008419,4.679077429008419,1.0],[0.5346837414708775,5.346837414708775,1.0],[0.9783090609123973,9.783090609123974,1.0],[0.13031535015865903,1.3031535015865903,1.0],[0.6712434682302663,6.712434682302662,1.0],[0.36422941594737557,3.6422941594737557,1.0],[0.48883570716198577,4.888357071619858,1.0],[0.20301221073405373,2.0301221073405373,1.0],[0.6661983755713592,6.661983755713592,1.0],[0.2276630312069321,2.276630312069321,1.0],[0.4580640582967631,4.580640582967631,1.0]]
2a_Hurink_sdata_63_workers.fjs;916.520537961095;2466012;[25,54,68,100,145,164,218,241,341,378,54,69,81,126,149,199,218,283,302,358,0,25,44,95,168,198,254,267,301,358,123,145,162,200,227,241,259,280,294,407,61,86,162,200,241,259,311,345,370,414,22,86,112,169,187,235,259,321,345,389,0,14,100,123,162,198,283,370,390,403,14,22,51,81,101,139,162,302,323,333,20,57,67,101,126,200,292,319,372,388,0,20,27,149,236,267,294,321,334];[0,1,2,3,4,5,6,7,8,9,0,3,4,8,9,6,7,5,2,1,0,7,3,2,6,4,1,5,8,9,0,1,3,8,5,2,4,7,6,9,0,6,1,3,5,2,9,7,8,4,4,0,6,8,2,3,9,7,5,1,4,3,0,9,2,1,8,7,6,5,4,6,9,3,8,2,7,5,0,1,2,6,8,7,4,9,3,1,5,0,2,9,5,8,6,3,7,4,0];[0,3,3,13,2,6,4,9,6,14,0,7,10,3,13,9,3,7,10,3,7,7,6,7,11,3,10,1,9,0,1,10,14,1,6,2,6,2,2,14,2,3,3,13,4,12,2,7,10,7,9,13,4,1,0,11,8,10,5,3,2,3,9,12,0,7,1,7,2,1,11,1,5,7,14,0,5,4,3,0,10,1,14,0,11,14,11,7,6,5,8,5,8,12,5,4,0,6,4];[[0.7966509679599704,7.966509679599704,1.0],[0.05862623274803458,0.5862623274803458,1.0],[0.7602397739740907,7.602397739740907,1.0],[0.8627037401845356,8.627037401845355,1.0],[0.09127403464611428,0.9127403464611428,1.0],[0.9024924365975527,9.024924365975528,1.0],[0.7858960565941281,7.858960565941281,1.0],[0.40667966546103385,4.0667966546103385,1.0],[0.37447264465852026,3.7447264465852026,1.0],[0.6490262282913547,6.490262282913547,1.0],[0.40092466608569977,4.009246660856998,1.0],[0.5721109226277574,5.721109226277575,1.0],[0.6077930620255084,6.077930620255084,1.0],[0.05072389565884072,0.5072389565884072,1.0],[0.7370880093375713,7.370880093375714,1.0]]
2a_Hurink_sdata_63_workers.fjs;898.3138889051183;4707312;[0,31,45,59,100,118,212,235,334,360,31,44,55,100,122,194,212,290,310,329,38,63,92,117,229,248,262,274,291,334,63,85,131,212,252,276,294,347,362,389,85,110,138,176,196,212,255,292,360,404,22,110,138,194,228,276,292,322,371,398,0,14,126,171,183,197,253,271,292,331,14,22,51,117,131,160,182,310,331,360,0,51,147,177,182,201,292,319,355,371,59,78,212,271,305,336,362,391,402];[0,1,2,3,4,5,6,7,8,9,0,3,4,8,9,6,7,5,2,1,0,7,3,2,6,4,1,5,8,9,0,1,3,8,5,2,4,7,6,9,0,6,1,3,5,2,9,7,8,4,4,0,6,8,2,3,9,7,5,1,4,3,0,9,2,1,8,7,6,5,4,6,9,3,8,2,7,5,0,1,2,6,8,7,4,9,3,1,5,0,2,9,5,8,6,3,7,4,0];[13,3,3,2,8,2,5,4,5,14,0,0,10,1,8,10,3,3,14,3,7,5,6,5,6,10,11,1,0,12,1,9,14,8,14,2,6,0,8,14,0,10,0,8,6,12,3,7,10,7,9,3,4,1,9,12,8,4,5,11,2,14,3,5,0,7,1,5,9,14,3,1,4,7,13,9,2,13,7,3,8,1,13,7,11,0,12,9,6,11,0,3,14,13,1,13,12,1,4];[[0.5209484070219088,5.209484070219088,1.0],[0.42125020101147315,4.212502010114731,1.0],[0.22094517308324657,2.2094517308324657,1.0],[0.13033708391670573,1.3033708391670573,1.0],[0.48395776843282956,4.839577684328296,1.0],[0.6260889663051598,6.260889663051597,1.0],[0.6211218319323739,6.21121831932374,1.0],[0.707277595965894,7.07277595965894,1.0],[0.43539590023548325,4.3539590023548325,1.0],[0.04809800715767443,0.4809800715767443,1.0],[0.2254847064342842,2.254847064342842,1.0],[0.788548045160999,7.88548045160999,1.0],[0.42108890435006496,4.21088904350065,1.0],[0.5652029481252892,5.6520294812528915,1.0],[0.6764042610645917,6.764042610645918,1.0]]
2a_Hurink_sdata_63_workers.fjs;849.7241331488033;4879332;[32,61,79,94,131,152,208,227,256,301,0,7,22,69,91,171,194,219,256,292,7,32,53,93,189,219,247,308,344,384,100,152,172,210,238,271,289,326,340,357,61,86,115,152,198,233,247,276,300,344,69,86,115,171,189,233,271,301,326,367,8,22,126,152,164,178,238,256,276,364,0,8,37,79,113,137,165,271,290,324,20,57,129,160,165,184,254,281,292,340,0,20,27,91,227,311,340,367,378];[0,1,2,3,4,5,6,7,8,9,0,3,4,8,9,6,7,5,2,1,0,7,3,2,6,4,1,5,8,9,0,1,3,8,5,2,4,7,6,9,0,6,1,3,5,2,9,7,8,4,4,0,6,8,2,3,9,7,5,1,4,3,0,9,2,1,8,7,6,5,4,6,9,3,8,2,7,5,0,1,2,6,8,7,4,9,3,1,5,0,2,9,5,8,6,3,7,4,0];[0,0,3,3,11,6,9,4,5,14,9,6,11,1,9,12,11,12,1,3,5,12,3,13,9,11,3,1,9,10,7,2,14,8,6,2,13,2,6,14,8,0,5,13,5,3,10,0,10,3,7,7,4,1,1,13,8,4,5,0,2,14,6,1,0,7,1,7,9,3,7,1,5,14,14,12,11,1,9,1,10,1,8,11,9,10,4,4,6,2,8,8,13,1,9,13,0,10,12];[[0.49734142093980327,4.973414209398033,1.0],[0.35999045686025677,3.5999045686025677,1.0],[0.7220617567237175,7.220617567237175,1.0],[0.44672126724761885,4.4672126724761885,1.0],[0.4533596515962979,4.533596515962978,1.0],[0.025925678678183073,0.25925678678183073,1.0],[0.33490089376309407,3.3490089376309404,1.0],[0.4755440242737675,4.755440242737675,1.0],[0.45132356511490823,4.513235651149082,1.0],[0.08788974506102976,0.8788974506102976,1.0],[0.29509671683068217,2.9509671683068217,1.0],[0.33863234208051063,3.3863234208051063,1.0],[0.9020959027552419,9.020959027552419,1.0],[0.7173473735926632,7.173473735926632,1.0],[0.8986159167700656,8.986159167700656,1.0]]
2a_Hurink_sdata_63_workers.fjs;898.5015781668335;4846416;[57,86,99,113,146,163,228,245,329,362,25,47,58,103,127,179,218,254,278,345,0,25,58,113,158,179,193,216,289,342,138,163,202,240,272,295,324,367,381,398,32,58,99,156,202,216,230,318,357,401,22,86,100,195,230,278,312,342,367,401,0,14,113,177,189,207,271,298,318,395,14,22,51,83,147,163,183,233,293,375,19,84,163,213,218,253,312,336,345,361,0,22,29,127,197,240,269,313,324];[0,1,2,3,4,5,6,7,8,9,0,3,4,8,9,6,7,5,2,1,0,7,3,2,6,4,1,5,8,9,0,1,3,8,5,2,4,7,6,9,0,6,1,3,5,2,9,7,8,4,4,0,6,8,2,3,9,7,5,1,4,3,0,9,2,1,8,7,6,5,4,6,9,3,8,2,7,5,0,1,2,6,8,7,4,9,3,1,5,0,2,9,5,8,6,3,7,4,0];[0,14,3,2,7,14,5,6,10,14,11,3,10,9,13,6,3,8,8,8,5,2,6,6,12,1,3,4,9,5,5,10,14,11,0,1,13,2,6,14,11,3,8,4,10,10,1,0,10,13,9,7,4,0,9,11,8,4,3,7,4,8,3,5,9,7,1,4,5,1,7,1,13,12,2,9,8,4,11,11,10,1,7,2,2,14,6,11,6,12,2,7,12,9,5,13,12,1,12];[[0.4211249061401,4.211249061401,1.0],[0.9761073344853062,9.761073344853061,1.0],[0.6132800246752349,6.132800246752349,1.0],[0.6930423279788359,6.930423279788359,1.0],[0.5088628354481554,5.088628354481553,1.0],[0.18781156668551158,1.8781156668551158,1.0],[0.830121874145001,8.301218741450011,1.0],[0.8449241651217704,8.449241651217704,1.0],[0.20962821201639004,2.0962821201639006,1.0],[0.6505169872996391,6.505169872996391,1.0],[0.7003316191510263,7.003316191510263,1.0],[0.7150339547653067,7.150339547653068,1.0],[0.8091072451390076,8.091072451390076,1.0],[0.8451978833841938,8.451978833841938,1.0],[0.3695849781386673,3.695849781386673,1.0]]
2a_Hurink_sdata_63_workers.fjs;870.9479193450766;4653504;[69,98,111,125,159,184,230,262,308,334,25,44,56,101,123,174,232,262,302,325,98,126,159,187,248,269,283,295,334,384,123,167,184,222,248,284,302,323,337,363,0,25,53,92,112,126,174,208,264,323,14,32,63,123,141,238,286,337,361,388,0,14,46,69,82,111,170,188,269,388,101,141,197,223,248,264,286,318,337,356,0,53,63,101,178,232,286,316,339,355,37,56,63,141,282,316,361,388,399];[0,1,2,3,4,5,6,7,8,9,0,3,4,8,9,6,7,5,2,1,0,7,3,2,6,4,1,5,8,9,0,1,3,8,5,2,4,7,6,9,0,6,1,3,5,2,9,7,8,4,4,0,6,8,2,3,9,7,5,1,4,3,0,9,2,1,8,7,6,5,4,6,9,3,8,2,7,5,0,1,2,6,8,7,4,9,3,1,5,0,2,9,5,8,6,3,7,4,0];[0,8,3,13,4,6,1,6,5,14,0,11,10,14,0,9,11,4,9,3,5,2,6,5,3,1,11,4,4,12,10,10,14,7,6,2,3,2,2,14,1,10,13,13,2,3,11,0,10,1,9,13,4,1,3,5,8,10,10,11,2,3,9,9,9,7,1,8,9,14,6,1,2,14,13,14,1,9,7,8,8,1,14,10,4,0,14,7,6,2,14,5,7,12,7,6,0,1,4];[[0.4831103964860096,4.831103964860096,1.0],[0.9021829992468611,9.02182999246861,1.0],[0.5374571935128641,5.374571935128642,1.0],[0.8761340971511191,8.761340971511192,1.0],[0.573156942708234,5.7315694270823405,1.0],[0.994523847851402,9.945238478514021,1.0],[0.3574465703190305,3.574465703190305,1.0],[0.6617299629663892,6.617299629663892,1.0],[0.4882872262788658,4.882872262788657,1.0],[0.5726412824777106,5.726412824777106,1.0],[0.32388398325139345,3.2388398325139347,1.0],[0.8072354510963532,8.072354510963532,1.0],[0.8087324055796944,8.087324055796945,1.0],[0.660852452150834,6.60852452150834,1.0],[0.5802577271631468,5.802577271631469,1.0]]
2a_Hurink_sdata_63_workers.fjs;871.762357399605;4389288;[94,141,155,169,210,231,282,301,326,352,0,7,36,81,103,162,180,211,281,296,29,54,87,112,180,228,257,275,352,392,7,29,49,106,137,169,187,210,248,325,54,80,106,141,196,221,235,258,282,326,14,80,106,162,235,281,295,325,352,380,0,19,128,153,187,201,257,282,301,381,29,48,77,112,180,201,224,291,325,336,0,38,48,79,84,164,295,327,336,352,38,57,152,196,217,248,351,378,390];[0,1,2,3,4,5,6,7,8,9,0,3,4,8,9,6,7,5,2,1,0,7,3,2,6,4,1,5,8,9,0,1,3,8,5,2,4,7,6,9,0,6,1,3,5,2,9,7,8,4,4,0,6,8,2,3,9,7,5,1,4,3,0,9,2,1,8,7,6,5,4,6,9,3,8,2,7,5,0,1,2,6,8,7,4,9,3,1,5,0,2,9,5,8,6,3,7,4,0];[2,8,3,3,13,4,0,6,5,14,0,4,10,1,1,6,0,4,7,3,7,5,8,5,6,9,9,1,9,10,8,13,14,3,12,2,8,2,2,14,4,3,9,13,4,6,11,0,10,7,7,7,4,1,3,13,8,1,3,11,2,14,11,0,9,7,1,6,0,14,12,1,9,7,13,9,10,1,8,10,1,1,8,8,0,14,4,11,6,6,6,11,12,5,1,6,0,7,4];[[0.34661995661142697,3.4661995661142697,1.0],[0.2286410960833074,2.286410960833074,1.0],[0.012392470279078194,0.12392470279078194,1.0],[0.9308270259025113,9.308270259025113,1.0],[0.3225145761620236,3.225145761620236,1.0],[0.0006954578022455582,0.006954578022455582,1.0],[0.2097170717940725,2.097170717940725,1.0],[0.5179602272351016,5.179602272351016,1.0],[0.7628222106217201,7.6282221062172,1.0],[0.3089717897377221,3.089717897377221,1.0],[0.15113122452813788,1.5113122452813788,1.0],[0.07045772229012492,0.7045772229012492,1.0],[0.8725064026541692,8.725064026541693,1.0],[0.3074981421409557,3.074981421409557,1.0],[0.272859759997538,2.7285975999753798,1.0]]
2a_Hurink_sdata_63_workers.fjs;868.649475400591;4592208;[7,36,56,70,105,164,263,293,322,348,0,19,30,81,120,179,197,220,263,351,61,86,105,134,197,216,231,245,282,322,123,190,207,245,276,293,311,341,355,377,36,61,89,130,150,177,191,240,348,393,86,109,123,179,197,245,278,317,341,381,0,30,86,109,120,134,197,220,314,369,15,23,52,164,215,243,264,293,314,325,19,89,128,159,164,217,278,305,317,333,0,19,25,104,217,305,355,382,393];[0,1,2,3,4,5,6,7,8,9,0,3,4,8,9,6,7,5,2,1,0,7,3,2,6,4,1,5,8,9,0,1,3,8,5,2,4,7,6,9,0,6,1,3,5,2,9,7,8,4,4,0,6,8,2,3,9,7,5,1,4,3,0,9,2,1,8,7,6,5,4,6,9,3,8,2,7,5,0,1,2,6,8,7,4,9,3,1,5,0,2,9,5,8,6,3,7,4,0];[0,9,3,0,3,2,9,6,5,12,0,2,6,12,1,12,0,1,10,8,5,2,6,5,10,3,3,1,9,1,2,13,14,11,0,2,3,2,2,14,11,10,13,13,10,14,5,0,10,7,5,7,4,1,6,12,8,10,9,11,7,14,9,4,0,7,1,7,0,3,14,1,13,10,8,9,2,0,7,4,8,1,8,6,9,13,12,7,6,3,2,3,4,14,5,13,0,1,1];[[0.8559393885152179,8.55939388515218,1.0],[0.8004839408308784,8.004839408308783,1.0],[0.5938433496209707,5.938433496209708,1.0],[0.8870093324131678,8.870093324131679,1.0],[0.741558169706834,7.4155816970683395,1.0],[0.8097670389513107,8.097670389513107,1.0],[0.2247324103169328,2.247324103169328,1.0],[0.9761818800633866,9.761818800633865,1.0],[0.6339038774096737,6.339038774096737,1.0],[0.5580285642552777,5.580285642552777,1.0],[0.4463526500656817,4.463526500656817,1.0],[0.28336462923826333,2.8336462923826335,1.0],[0.9019880415639555,9.019880415639555,1.0],[0.03268507148422006,0.32685071484220063,1.0],[0.4362825217209084,4.3628252172090844,1.0]]
2a_Hurink_sdata_63_workers.fjs;937.798338803891;4294452;[29,58,73,96,129,154,201,218,253,286,0,44,55,110,133,218,243,266,330,348,106,131,149,178,236,255,277,302,354,397,7,38,58,133,193,312,348,391,405,422,58,83,114,193,213,228,244,286,310,370,14,131,145,201,266,312,328,366,391,421,0,14,83,106,117,154,235,266,286,318,30,38,67,178,219,244,337,366,385,396,0,67,77,149,164,183,240,268,286,302,38,57,100,164,255,286,310,337,348];[0,1,2,3,4,5,6,7,8,9,0,3,4,8,9,6,7,5,2,1,0,7,3,2,6,4,1,5,8,9,0,1,3,8,5,2,4,7,6,9,0,6,1,3,5,2,9,7,8,4,4,0,6,8,2,3,9,7,5,1,4,3,0,9,2,1,8,7,6,5,4,6,9,3,8,2,7,5,0,1,2,6,8,7,4,9,3,1,5,0,2,9,5,8,6,3,7,4,0];[0,0,3,2,12,14,5,9,9,14,0,3,10,3,6,6,0,3,6,3,5,7,13,10,10,7,12,11,0,12,11,4,14,11,6,1,1,2,2,14,2,6,14,13,12,12,6,0,10,11,5,13,4,1,4,7,8,4,5,12,9,14,9,0,9,7,1,14,3,14,4,1,4,12,2,12,2,9,7,13,1,1,11,8,11,11,13,2,6,5,9,9,10,3,5,10,0,0,4];[[0.5198238265685563,5.198238265685563,1.0],[0.9583988744400509,9.583988744400509,1.0],[0.3402956357666065,3.402956357666065,1.0],[0.7081849781179302,7.081849781179303,1.0],[0.9252189405445452,9.252189405445453,1.0],[0.05032666735654623,0.5032666735654623,1.0],[0.6613275461751585,6.613275461751585,1.0],[0.82711411373077,8.271141137307701,1.0],[0.8734961127808921,8.734961127808921,1.0],[0.5913019030238962,5.913019030238962,1.0],[0.11264722490163037,1.1264722490163037,1.0],[0.34477784983246407,3.4477784983246407,1.0],[0.011377599382669468,0.11377599382669468,1.0],[0.7909742881977946,7.909742881977946,1.0],[0.3277964015146908,3.277964015146908,1.0]]
2a_Hurink_sdata_63_workers.fjs;931.1253716762477;2351196;[8,37,59,95,128,166,242,266,291,354,0,8,22,95,117,223,243,328,346,365,114,145,164,189,261,282,297,311,328,383,88,130,189,241,267,287,335,379,394,412,37,63,94,130,212,305,331,355,379,423,67,139,167,223,241,287,301,331,386,413,8,22,63,94,115,148,204,223,282,346,0,8,37,62,79,95,115,145,166,227,0,37,47,79,147,189,252,279,370,386,37,62,69,117,137,227,291,322,335];[0,1,2,3,4,5,6,7,8,9,0,3,4,8,9,6,7,5,2,1,0,7,3,2,6,4,1,5,8,9,0,1,3,8,5,2,4,7,6,9,0,6,1,3,5,2,9,7,8,4,4,0,6,8,2,3,9,7,5,1,4,3,0,9,2,1,8,7,6,5,4,6,9,3,8,2,7,5,0,1,2,6,8,7,4,9,3,1,5,0,2,9,5,8,6,3,7,4,0];[0,8,3,2,2,6,9,9,0,12,2,2,10,1,10,5,3,9,13,8,5,3,0,9,12,11,12,4,2,12,10,9,14,7,7,2,5,0,7,14,13,12,3,4,2,9,11,0,10,7,5,13,4,1,6,13,8,10,5,11,4,14,14,12,0,7,1,4,5,14,3,1,9,6,2,14,8,8,12,14,8,1,7,6,2,0,1,14,6,2,5,9,8,12,14,8,1,6,12];[[0.18019241848515155,1.8019241848515155,1.0],[0.48736227300275514,4.873622730027551,1.0],[0.07759170039841756,0.7759170039841756,1.0],[0.5225667244081349,5.2256672440813485,1.0],[0.9196433340252647,9.196433340252646,1.0],[0.8762509611803474,8.762509611803473,1.0],[0.5029695910906639,5.029695910906638,1.0],[0.8160267976375112,8.160267976375112,1.0],[0.8059112000327816,8.059112000327817,1.0],[0.2140591090540045,2.140591090540045,1.0],[0.08805821114486456,0.8805821114486456,1.0],[0.20329737064426556,2.0329737064426556,1.0],[0.5837360924329463,5.837360924329463,1.0],[0.6737333796339059,6.737333796339059,1.0],[0.1608013027204077,1.6080130272040771,1.0]]
2b_Hurink_edata_1_workers.fjs;107.39025887957345;1325988;[5,6,13,30,37,46,0,8,13,24,35,45,0,8,15,27,35,40,8,13,21,27,33,40,13,21,24,29,45,49,0,3,6,18,29,33];[2,0,1,3,3,4,1,2,4,5,0,3,2,3,5,0,5,4,1,0,2,3,4,5,2,1,4,1,0,3,3,3,5,0,4,2];[7,1,8,7,0,8,2,8,2,8,5,1,5,2,0,3,1,2,5,6,3,6,4,0,3,5,5,1,7,5,7,4,0,6,4,0];[[0.7773566427005639,7.7735664270056395,1.0],[0.6698255595592497,6.698255595592498,1.0],[0.09913960392481702,0.9913960392481702,1.0],[0.35297051119014544,3.529705111901454,1.0],[0.4679077429008419,4.679077429008419,1.0],[0.5346837414708775,5.346837414708775,1.0],[0.9783090609123973,9.783090609123974,1.0],[0.13031535015865903,1.3031535015865903,1.0],[0.6712434682302663,6.712434682302662,1.0]]
2b_Hurink_edata_1_workers.fjs;108.14123590707307;757632;[0,1,13,19,26,40,0,8,13,24,35,44,0,6,14,27,35,45,8,13,21,29,33,40,13,21,24,34,44,48,0,3,6,18,29,33];[2,0,1,3,3,4,1,2,4,5,0,3,5,3,5,0,1,4,1,0,2,3,4,5,2,1,4,5,0,3,3,3,5,0,4,2];[6,3,5,7,4,8,8,1,2,2,0,3,0,7,4,3,6,2,5,8,5,4,4,5,0,6,6,7,7,8,7,1,6,1,6,7];[[0.7966509679599704,7.966509679599704,1.0],[0.05862623274803458,0.5862623274803458,1.0],[0.7602397739740907,7.602397739740907,1.0],[0.8627037401845356,8.627037401845355,1.0],[0.09127403464611428,0.9127403464611428,1.0],[0.9024924365975527,9.024924365975528,1.0],[0.7858960565941281,7.858960565941281,1.0],[0.40667966546103385,4.0667966546103385,1.0],[0.37447264465852026,3.7447264465852026,1.0]]
2b_Hurink_edata_1_workers.fjs;107.69018650440653;3213480;[0,1,13,29,36,46,0,8,13,24,35,44,1,13,17,27,35,40,8,13,21,26,33,40,13,21,24,36,44,48,0,3,6,18,29,33];[2,0,1,3,5,4,1,2,4,5,0,3,2,3,5,0,1,4,1,0,2,3,4,5,2,1,4,1,0,3,3,3,5,0,4,2];[1,1,8,7,8,8,8,1,2,2,0,3,6,5,4,3,1,2,5,6,3,1,4,5,3,5,8,3,7,6,7,2,0,6,8,5];[[0.5209484070219088,5.209484070219088,1.0],[0.42125020101147315,4.212502010114731,1.0],[0.22094517308324657,2.2094517308324657,1.0],[0.13033708391670573,1.3033708391670573,1.0],[0.48395776843282956,4.839577684328296,1.0],[0.6260889663051598,6.260889663051597,1.0],[0.6211218319323739,6.21121831932374,1.0],[0.707277595965894,7.07277595965894,1.0],[0.43539590023548325,4.3539590023548325,1.0]]
2b_Hurink_edata_1_workers.fjs;107.35755598793;4971132;[0,1,13,19,33,46,0,8,13,24,35,44,0,6,16,27,35,40,8,13,21,26,33,40,13,21,24,36,44,48,0,3,6,18,29,33];[2,0,1,3,5,4,1,2,4,5,0,3,5,3,5,0,1,4,1,0,2,3,4,5,2,1,4,1,0,3,3,3,5,0,4,2];[3,1,6,7,8,8,6,1,2,8,0,1,8,7,8,3,6,2,0,7,4,6,4,3,3,5,5,7,7,6,7,4,8,1,5,2];[[0.49734142093980327,4.973414209398033,1.0],[0.35999045686025677,3.5999045686025677,1.0],[0.7220617567237175,7.220617567237175,1.0],[0.44672126724761885,4.4672126724761885,1.0],[0.4533596515962979,4.533596515962978,1.0],[0.025925678678183073,0.25925678678183073,1.0],[0.33490089376309407,3.3490089376309404,1.0],[0.4755440242737675,4.755440242737675,1.0],[0.45132356511490823,4.513235651149082,1.0]]
2b_Hurink_edata_1_workers.fjs;107.40464215459771;4647492;[0,1,13,29,37,46,0,8,13,24,35,44,0,5,9,18,36,40,8,13,21,26,29,40,13,21,24,29,44,48,0,9,16,26,36,40];[2,0,1,3,5,4,1,2,4,5,0,3,5,3,5,0,5,4,1,0,2,3,4,5,2,1,4,1,0,3,3,3,5,0,4,2];[1,1,8,7,4,8,8,8,2,5,0,3,0,6,4,3,4,2,5,1,7,1,4,5,0,5,2,3,7,7,7,1,6,6,3,3];[[0.4211249061401,4.211249061401,1.0],[0.9761073344853062,9.761073344853061,1.0],[0.6132800246752349,6.132800246752349,1.0],[0.6930423279788359,6.930423279788359,1.0],[0.5088628354481554,5.088628354481553,1.0],[0.18781156668551158,1.8781156668551158,1.0],[0.830121874145001,8.301218741450011,1.0],[0.8449241651217704,8.449241651217704,1.0],[0.20962821201639004,2.0962821201639006,1.0]]
2b_Hurink_edata_1_workers.fjs;107.54836967475347;1459620;[0,8,13,19,29,40,0,8,13,24,35,44,0,6,15,27,35,45,8,13,21,26,33,40,13,21,24,36,44,48,0,3,6,18,29,48];[2,0,1,3,3,4,1,2,4,5,0,3,5,3,5,0,1,4,1,0,2,3,4,5,2,1,4,1,0,3,3,3,5,0,4,2];[8,2,8,7,0,8,2,1,2,5,0,3,4,7,4,3,7,2,5,5,3,6,4,5,3,6,2,1,7,7,7,5,0,1,7,3];[[0.4831103964860096,4.831103964860096,1.0],[0.9021829992468611,9.02182999246861,1.0],[0.5374571935128641,5.374571935128642,1.0],[0.8761340971511191,8.761340971511192,1.0],[0.573156942708234,5.7315694270823405,1.0],[0.994523847851402,9.945238478514021,1.0],[0.3574465703190305,3.574465703190305,1.0],[0.6617299629663892,6.617299629663892,1.0],[0.4882872262788658,4.882872262788657,1.0]]
2b_Hurink_edata_1_workers.fjs;108.61223735221965;2463084;[0,1,13,29,36,46,0,8,13,27,36,45,0,5,9,18,27,36,8,13,21,26,29,40,13,21,24,36,45,49,0,13,16,27,42,46];[2,0,1,3,3,4,1,2,4,5,0,3,5,3,5,0,1,4,1,0,2,3,4,5,2,1,4,5,0,3,3,3,5,0,4,2];[4,6,6,5,0,8,2,8,2,8,4,1,8,4,4,8,7,2,5,7,4,4,4,3,3,7,3,7,2,7,7,5,0,1,5,7];[[0.34661995661142697,3.4661995661142697,1.0],[0.2286410960833074,2.286410960833074,1.0],[0.012392470279078194,0.12392470279078194,1.0],[0.9308270259025113,9.308270259025113,1.0],[0.3225145761620236,3.225145761620236,1.0],[0.0006954578022455582,0.006954578022455582,1.0],[0.2097170717940725,2.097170717940725,1.0],[0.5179602272351016,5.179602272351016,1.0],[0.7628222106217201,7.6282221062172,1.0]]
2b_Hurink_edata_1_workers.fjs;107.45393444465016;2590548;[0,1,13,29,36,46,0,8,13,27,36,45,0,5,9,18,27,29,8,13,21,26,35,42,13,21,24,29,45,49,9,12,17,27,42,46];[2,0,1,3,5,4,1,2,4,5,0,3,5,3,5,0,1,4,1,0,2,3,4,5,2,1,4,1,0,3,3,3,5,0,4,2];[1,4,5,5,7,8,8,1,2,8,0,3,0,2,8,8,2,2,5,7,3,1,4,5,3,5,5,1,2,3,7,4,0,6,8,0];[[0.8559393885152179,8.55939388515218,1.0],[0.8004839408308784,8.004839408308783,1.0],[0.5938433496209707,5.938433496209708,1.0],[0.8870093324131678,8.870093324131679,1.0],[0.741558169706834,7.4155816970683395,1.0],[0.8097670389513107,8.097670389513107,1.0],[0.2247324103169328,2.247324103169328,1.0],[0.9761818800633866,9.761818800633865,1.0],[0.6339038774096737,6.339038774096737,1.0]]
2b_Hurink_edata_1_workers.fjs;107.67951428731084;2967624;[0,1,24,30,40,46,0,8,13,27,36,45,0,5,9,18,36,40,8,13,21,26,29,37,13,21,24,30,45,49,0,9,16,27,36,40];[2,0,1,3,3,4,1,2,4,5,0,3,5,3,5,0,5,4,1,0,2,3,4,5,2,1,4,1,0,3,3,3,5,0,4,2];[0,5,5,5,4,8,6,7,2,8,0,0,4,4,4,8,7,2,5,5,4,4,4,3,3,6,1,0,7,6,7,1,0,6,4,8];[[0.5198238265685563,5.198238265685563,1.0],[0.9583988744400509,9.583988744400509,1.0],[0.3402956357666065,3.402956357666065,1.0],[0.7081849781179302,7.081849781179303,1.0],[0.9252189405445452,9.252189405445453,1.0],[0.05032666735654623,0.5032666735654623,1.0],[0.6613275461751585,6.613275461751585,1.0],[0.82711411373077,8.271141137307701,1.0],[0.8734961127808921,8.734961127808921,1.0]]
2b_Hurink_edata_1_workers.fjs;108.0249609621993;128064;[0,6,24,30,40,46,0,8,13,24,35,44,1,9,15,27,35,40,8,13,21,27,33,40,13,21,24,30,44,48,0,3,6,18,29,48];[2,0,1,3,3,4,1,2,4,5,0,3,2,3,5,0,1,4,1,0,2,3,4,5,2,1,4,1,0,3,3,3,5,0,4,2];[1,4,5,5,4,8,6,1,2,2,0,5,4,4,4,3,6,2,7,5,3,6,4,3,3,7,8,8,7,0,7,2,0,6,1,5];[[0.18019241848515155,1.8019241848515155,1.0],[0.48736227300275514,4.873622730027551,1.0],[0.07759170039841756,0.7759170039841756,1.0],[0.5225667244081349,5.2256672440813485,1.0],[0.9196433340252647,9.196433340252646,1.0],[0.8762509611803474,8.762509611803473,1.0],[0.5029695910906639,5.029695910906638,1.0],[0.8160267976375112,8.160267976375112,1.0],[0.8059112000327816,8.059112000327817,1.0]]
2b_Hurink_edata_6_workers.fjs;1269.2924360643256;3271908;[141,162,397,474,565,91,113,259,310,349,0,36,150,474,539,55,94,204,404,477,0,55,348,404,537,206,291,366,452,548,0,113,165,291,474,183,264,366,397,539,91,143,183,291,553,143,183,529,560,568];[1,2,0,4,2,2,1,0,4,3,2,3,0,0,1,4,3,2,1,3,4,0,1,3,2,4,0,4,2,3,3,2,0,4,1,4,1,0,2,3,4,0,3,2,4,4,1,0,3,3];[3,3,6,0,2,6,3,5,5,5,1,3,4,3,4,6,2,6,4,4,6,1,4,1,1,0,1,2,5,5,2,0,4,6,6,5,3,0,0,5,5,6,1,0,0,1,2,3,6,6];[[0.7773566427005639,7.7735664270056395,1.0],[0.6698255595592497,6.698255595592498,1.0],[0.09913960392481702,0.9913960392481702,1.0],[0.35297051119014544,3.529705111901454,1.0],[0.4679077429008419,4.679077429008419,1.0],[0.5346837414708775,5.346837414708775,1.0],[0.9783090609123973,9.783090609123974,1.0]]
2b_Hurink_edata_6_workers.fjs;1219.9792784460624;3087720;[0,268,328,433,520,0,173,310,394,448,50,210,407,458,513,92,128,182,269,386,0,88,203,317,386,128,210,285,415,509,0,30,50,375,423,262,334,423,509,567,210,262,268,317,512,55,92,285,493,501];[1,2,0,4,3,2,1,0,4,3,2,3,0,0,1,4,3,2,1,3,4,2,1,3,2,4,0,4,2,3,3,2,0,4,1,4,1,0,2,3,4,2,3,2,4,4,1,0,3,3];[3,3,1,0,4,1,2,3,5,5,4,3,6,3,2,6,6,4,6,4,6,5,2,2,0,3,1,5,2,4,2,5,1,6,6,5,3,3,5,5,5,4,4,0,1,3,2,1,4,1];[[0.7966509679599704,7.966509679599704,1.0],[0.05862623274803458,0.5862623274803458,1.0],[0.7602397739740907,7.602397739740907,1.0],[0.8627037401845356,8.627037401845355,1.0],[0.09127403464611428,0.9127403464611428,1.0],[0.9024924365975527,9.024924365975528,1.0],[0.7858960565941281,7.858960565941281,1.0]]
2b_Hurink_edata_6_workers.fjs;1264.7920447465235;536340;[0,119,161,288,416,0,60,408,482,533,22,161,401,426,553,174,219,273,343,452,119,180,287,343,494,0,82,200,401,514,24,161,269,367,492,263,408,492,527,580,210,262,273,341,416,82,119,367,486,526];[1,2,0,4,3,2,1,0,4,3,2,3,4,0,1,4,3,2,1,3,4,2,1,3,2,4,0,1,2,3,1,2,0,4,1,4,1,0,2,3,4,0,3,2,4,4,1,0,2,3];[5,3,1,0,4,6,2,6,2,5,2,3,2,2,2,6,4,3,6,4,6,0,4,1,0,3,1,2,5,5,6,0,5,5,6,0,3,3,0,5,5,6,1,2,0,3,2,0,5,2];[[0.5209484070219088,5.209484070219088,1.0],[0.42125020101147315,4.212502010114731,1.0],[0.22094517308324657,2.2094517308324657,1.0],[0.13033708391670573,1.3033708391670573,1.0],[0.48395776843282956,4.839577684328296,1.0],[0.6260889663051598,6.260889663051597,1.0],[0.6211218319323739,6.21121831932374,1.0]]
2b_Hurink_edata_6_workers.fjs;1254.4859327562751;3240156;[32,100,208,453,532,0,53,97,292,367,36,210,349,453,508,0,36,142,210,295,151,210,364,430,541,207,292,367,456,568,0,81,115,331,430,128,272,367,398,578,36,90,97,295,532,88,128,541,571,587];[1,2,0,4,3,2,1,0,4,3,2,3,4,0,1,4,0,2,1,3,4,2,1,3,2,4,0,4,2,3,3,2,0,4,1,4,1,0,2,3,4,0,3,2,4,4,1,0,2,3];[3,3,6,0,4,1,3,6,5,1,6,3,2,6,2,6,0,3,1,4,5,4,2,1,3,0,1,6,5,0,3,3,6,2,4,5,3,0,5,5,5,0,4,0,1,1,2,5,1,4];[[0.49734142093980327,4.973414209398033,1.0],[0.35999045686025677,3.5999045686025677,1.0],[0.7220617567237175,7.220617567237175,1.0],[0.44672126724761885,4.4672126724761885,1.0],[0.4533596515962979,4.533596515962978,1.0],[0.025925678678183073,0.25925678678183073,1.0],[0.33490089376309407,3.3490089376309404,1.0]]
2b_Hurink_edata_6_workers.fjs;1248.0525169387174;4874136;[137,161,357,436,543,0,107,338,397,467,48,235,434,459,521,145,181,299,459,526,181,265,338,398,515,23,166,293,425,515,0,30,48,379,398,0,23,135,203,293,237,293,310,367,521,108,161,248,302,359];[1,2,0,4,2,2,1,0,4,3,2,3,0,0,1,4,3,2,1,3,4,0,1,3,2,4,0,4,2,3,3,2,0,4,1,4,1,0,2,3,4,2,3,2,4,4,1,0,3,3];[5,3,5,0,2,3,2,5,3,5,5,3,5,6,0,6,6,3,1,4,1,1,0,2,3,0,0,6,4,4,2,1,1,2,6,5,3,0,5,5,4,4,4,1,1,3,2,0,4,4];[[0.4211249061401,4.211249061401,1.0],[0.9761073344853062,9.761073344853061,1.0],[0.6132800246752349,6.132800246752349,1.0],[0.6930423279788359,6.930423279788359,1.0],[0.5088628354481554,5.088628354481553,1.0],[0.18781156668551158,1.8781156668551158,1.0],[0.830121874145001,8.301218741450011,1.0]]
2b_Hurink_edata_6_workers.fjs;1183.684475161575;4182348;[107,273,339,434,513,55,128,155,292,378,0,128,416,431,486,23,59,199,273,435,59,114,199,255,368,166,261,348,455,549,0,36,174,329,420,0,23,113,315,426,114,267,329,397,513,251,339,486,540,559];[1,2,0,4,3,2,1,0,4,3,2,3,0,0,1,4,0,2,1,3,4,2,1,3,2,4,0,4,2,3,3,2,0,4,1,4,1,0,2,3,4,2,3,2,4,4,1,0,2,3];[3,3,5,0,4,4,0,2,4,3,1,3,4,3,2,6,0,3,5,4,6,4,4,2,0,0,1,6,5,0,0,0,1,6,2,3,3,2,0,5,5,5,4,1,1,6,2,3,5,0];[[0.4831103964860096,4.831103964860096,1.0],[0.9021829992468611,9.02182999246861,1.0],[0.5374571935128641,5.374571935128642,1.0],[0.8761340971511191,8.761340971511192,1.0],[0.573156942708234,5.7315694270823405,1.0],[0.994523847851402,9.945238478514021,1.0],[0.3574465703190305,3.574465703190305,1.0]]
2b_Hurink_edata_6_workers.fjs;1294.1233988243707;1354584;[0,99,290,367,494,0,21,49,236,291,242,356,440,455,563,40,76,141,346,414,280,367,440,502,570,99,184,259,346,579,0,30,67,336,502,76,141,259,290,570,184,236,242,431,494,0,49,160,220,228];[1,2,0,4,2,2,1,0,4,3,2,3,0,0,1,4,3,2,1,3,4,0,1,3,2,4,0,1,2,3,3,2,0,4,1,4,1,0,2,3,4,2,3,2,4,4,1,0,3,3];[3,3,6,0,2,5,3,3,6,4,3,3,5,5,2,6,1,6,4,4,1,1,6,0,3,0,1,2,5,0,2,2,5,3,6,3,3,0,0,5,5,4,4,3,1,1,2,2,6,0];[[0.34661995661142697,3.4661995661142697,1.0],[0.2286410960833074,2.286410960833074,1.0],[0.012392470279078194,0.12392470279078194,1.0],[0.9308270259025113,9.308270259025113,1.0],[0.3225145761620236,3.225145761620236,1.0],[0.0006954578022455582,0.006954578022455582,1.0],[0.2097170717940725,2.097170717940725,1.0]]
2b_Hurink_edata_6_workers.fjs;1264.3779318702482;2986164;[0,292,392,469,558,42,238,273,334,454,0,86,294,469,524,0,36,215,324,505,73,129,268,324,445,209,294,373,473,567,0,65,86,311,400,129,154,238,392,445,153,209,215,334,467,36,73,373,392,400];[1,2,0,4,2,2,1,0,4,3,2,3,4,0,1,4,3,2,1,3,4,2,1,3,2,4,0,4,2,3,3,2,0,4,1,4,1,0,2,3,4,2,3,2,1,4,1,0,3,3];[3,3,6,0,1,0,2,5,3,1,0,3,1,6,2,6,1,1,4,4,5,5,4,0,3,0,2,2,5,4,5,0,1,6,4,4,3,3,0,5,4,5,4,1,4,3,2,5,4,5];[[0.8559393885152179,8.55939388515218,1.0],[0.8004839408308784,8.004839408308783,1.0],[0.5938433496209707,5.938433496209708,1.0],[0.8870093324131678,8.870093324131679,1.0],[0.741558169706834,7.4155816970683395,1.0],[0.8097670389513107,8.097670389513107,1.0],[0.2247324103169328,2.247324103169328,1.0]]
2b_Hurink_edata_6_workers.fjs;1243.8826203745311;3220152;[0,21,63,446,554,0,63,143,288,390,161,332,411,452,537,107,161,218,413,475,0,63,146,212,355,143,225,325,411,570,91,200,307,427,475,225,248,399,496,554,55,139,146,297,525,248,332,434,537,563];[1,2,0,4,2,2,1,0,4,3,2,3,4,0,1,4,0,2,1,3,4,2,1,3,2,4,0,4,2,3,1,2,0,4,1,4,1,0,2,3,4,2,3,2,4,4,1,0,3,3];[3,3,1,0,2,2,3,6,4,4,6,3,6,3,4,6,0,6,1,4,6,2,2,2,1,3,0,6,5,5,0,1,0,6,6,3,3,3,5,5,5,2,4,1,0,1,2,3,3,1];[[0.5198238265685563,5.198238265685563,1.0],[0.9583988744400509,9.583988744400509,1.0],[0.3402956357666065,3.402956357666065,1.0],[0.7081849781179302,7.081849781179303,1.0],[0.9252189405445452,9.252189405445453,1.0],[0.05032666735654623,0.5032666735654623,1.0],[0.6613275461751585,6.613275461751585,1.0]]
2b_Hurink_edata_6_workers.fjs;1265.1830866548682;4907136;[0,96,142,288,409,38,139,268,367,448,0,38,127,221,451,37,73,279,347,502,148,203,279,335,468,203,288,409,502,587,0,154,415,502,523,73,169,384,415,493,96,148,154,347,413,0,58,367,407,564];[1,2,0,4,3,2,1,0,4,3,2,3,0,0,1,4,0,2,1,3,4,2,1,3,2,4,0,4,2,3,3,2,0,4,1,4,1,0,2,3,4,2,3,2,1,4,1,0,2,3];[5,3,1,0,2,2,2,1,3,5,4,3,4,4,2,6,0,3,4,4,6,2,4,6,3,0,1,6,5,0,2,0,1,1,6,5,3,0,0,5,5,4,4,2,4,3,2,0,5,0];[[0.18019241848515155,1.8019241848515155,1.0],[0.48736227300275514,4.873622730027551,1.0],[0.07759170039841756,0.7759170039841756,1.0],[0.5225667244081349,5.2256672440813485,1.0],[0.9196433340252647,9.196433340252646,1.0],[0.8762509611803474,8.762509611803473,1.0],[0.5029695910906639,5.029695910906638,1.0]]
2c_Hurink_rdata_28_workers.fjs;2104.05394372552;4800432;[0,34,119,250,509,653,784,797,865,908,0,35,119,305,388,469,558,727,823,887,0,5,81,164,207,256,330,442,552,734,18,146,209,313,359,423,512,600,647,741,5,81,146,313,394,433,677,722,764,852,77,141,219,263,342,447,641,667,800,879,35,134,207,313,493,612,647,699,741,887,228,313,394,469,674,734,780,848,879,931,5,60,155,166,235,262,339,612,714,894,0,98,215,339,433,502,645,752,784,802,0,18,70,144,176,548,580,699,797,865,14,134,199,275,423,493,552,748,926,971,60,76,164,199,263,518,588,608,908,923,283,314,410,442,518,599,653,773,855,946,125,209,228,262,353,581,713,734,811,852];[8,4,3,2,0,7,9,6,9,0,5,3,1,4,6,9,8,1,7,4,7,9,0,6,4,7,2,5,9,2,2,9,0,2,4,1,2,8,3,6,0,9,3,3,0,7,1,1,4,5,1,5,2,7,5,3,4,5,4,1,5,2,6,5,4,9,8,6,7,7,3,0,9,6,2,4,5,1,8,1,7,1,4,9,1,9,8,1,5,7,4,8,4,6,0,5,2,9,3,1,2,6,7,4,7,3,0,8,9,5,8,5,8,8,4,0,5,2,8,3,2,6,7,1,4,8,4,3,9,6,6,1,5,8,1,7,9,8,3,2,0,7,7,1,3,2,6,0,5,0];[0,0,4,1,5,13,3,11,1,4,1,11,2,5,13,7,0,2,5,7,12,4,14,10,13,7,1,12,12,1,10,3,0,1,2,2,6,7,6,13,12,3,5,0,14,7,2,1,12,11,5,6,14,4,3,1,1,11,3,6,6,0,12,11,4,3,5,10,10,13,11,8,8,8,4,6,7,13,8,10,14,10,9,9,6,13,12,12,7,14,6,5,8,13,4,14,14,9,4,12,3,8,13,11,3,14,9,0,9,9,9,4,2,10,9,9,7,5,8,9,5,7,1,7,14,3,3,1,2,13,6,6,6,3,2,10,8,6,0,5,8,1,5,9,0,6,3,14,8,10];[[0.7773566427005639,7.7735664270056395,1.0],[0.6698255595592497,6.698255595592498,1.0],[0.09913960392481702,0.9913960392481702,1.0],[0.35297051119014544,3.529705111901454,1.0],[0.4679077429008419,4.679077429008419,1.0],[0.5346837414708775,5.346837414708775,1.0],[0.9783090609123973,9.783090609123974,1.0],[0.13031535015865903,1.3031535015865903,1.0],[0.6712434682302663,6.712434682302662,1.0],[0.36422941594737557,3.6422941594737557,1.0],[0.48883570716198577,4.888357071619858,1.0],[0.20301221073405373,2.0301221073405373,1.0],[0.6661983755713592,6.661983755713592,1.0],[0.2276630312069321,2.276630312069321,1.0],[0.4580640582967631,4.580640582967631,1.0]]
2c_Hurink_rdata_28_workers.fjs;2101.2215289616006;4382484;[0,39,235,334,430,515,608,621,656,698,0,157,295,391,444,533,617,658,735,841,0,14,116,160,316,480,685,727,782,858,14,90,138,234,252,374,487,556,655,782,160,233,298,374,578,698,880,924,929,968,0,36,150,187,268,371,545,624,740,873,45,234,295,371,457,545,658,766,798,880,0,212,298,364,501,574,621,735,864,924,5,116,233,292,419,446,566,768,844,901,0,53,111,157,206,359,385,617,822,929,13,242,292,569,608,624,656,746,829,901,31,138,160,236,444,655,672,840,911,955,0,39,140,150,323,486,727,807,848,864,0,53,206,242,334,419,649,740,822,915,32,179,420,450,515,612,722,741,807,844];[8,4,3,5,0,5,7,6,7,6,5,4,2,5,6,9,8,1,7,4,7,9,0,5,4,7,2,5,8,2,2,9,2,5,4,3,2,8,3,6,0,9,3,8,4,7,1,1,9,0,1,5,7,7,5,4,4,5,9,2,7,2,6,5,4,1,8,6,7,7,3,0,9,0,0,1,7,1,8,6,7,1,4,8,1,9,0,1,5,7,4,8,4,6,3,4,2,9,4,1,0,6,7,4,5,4,4,2,9,5,1,5,8,8,5,0,5,2,8,3,2,6,7,1,4,8,2,0,8,6,6,2,6,1,1,7,9,4,3,0,0,7,8,8,3,2,3,0,5,0];[3,14,4,7,5,4,11,1,7,7,2,3,2,13,3,13,2,6,6,7,12,4,14,10,3,6,2,8,4,14,5,0,8,12,6,10,6,7,5,3,12,3,9,14,14,8,10,5,9,4,5,12,5,1,14,7,11,11,0,6,2,5,12,8,14,12,0,11,10,1,10,10,5,5,5,11,7,9,8,1,11,10,13,4,2,13,5,14,12,14,7,5,11,13,11,1,3,9,6,10,3,2,13,0,4,14,14,12,9,2,6,9,14,0,9,1,11,11,11,5,4,7,2,6,0,8,3,11,5,13,6,9,7,7,4,4,13,13,3,8,8,1,12,0,9,3,11,5,2,0];[[0.7966509679599704,7.966509679599704,1.0],[0.05862623274803458,0.5862623274803458,1.0],[0.7602397739740907,7.602397739740907,1.0],[0.8627037401845356,8.627037401845355,1.0],[0.09127403464611428,0.9127403464611428,1.0],[0.9024924365975527,9.024924365975528,1.0],[0.7858960565941281,7.858960565941281,1.0],[0.40667966546103385,4.0667966546103385,1.0],[0.37447264465852026,3.7447264465852026,1.0],[0.6490262282913547,6.490262282913547,1.0],[0.40092466608569977,4.009246660856998,1.0],[0.5721109226277574,5.721109226277575,1.0],[0.6077930620255084,6.077930620255084,1.0],[0.05072389565884072,0.5072389565884072,1.0],[0.7370880093375713,7.370880093375714,1.0]]
2c_Hurink_rdata_28_workers.fjs;2083.694740033392;711660;[164,216,290,302,338,482,587,599,716,789,0,57,242,354,412,494,600,648,723,793,81,101,254,363,408,455,526,587,642,802,0,78,162,254,290,354,455,553,672,751,32,223,296,372,459,573,599,643,733,829,19,27,174,206,412,533,690,726,772,835,0,91,179,273,292,385,500,573,595,829,0,81,162,223,338,430,494,816,855,902,35,86,206,340,402,494,642,746,802,862,0,179,296,340,410,482,565,787,842,896,0,152,205,415,461,625,658,746,829,896,87,164,292,415,492,575,642,672,746,829,42,91,179,205,424,459,715,863,902,916,0,81,179,322,462,562,626,716,877,968,0,152,212,384,439,658,725,798,862,916];[8,4,2,2,0,7,9,9,9,6,9,4,1,4,0,9,8,1,7,0,3,3,0,5,4,7,2,5,8,1,2,9,0,5,4,7,2,8,3,6,6,9,3,3,4,7,1,1,4,7,8,5,4,2,5,3,4,5,4,2,7,1,3,5,8,9,8,6,7,2,3,0,9,6,2,1,5,1,8,4,9,3,4,9,1,0,5,1,5,7,4,8,9,6,3,5,2,9,3,1,8,1,7,4,7,4,0,2,9,9,8,5,5,6,4,0,3,4,0,3,2,6,2,1,4,8,4,3,8,6,6,2,6,1,1,4,9,8,0,0,0,7,8,8,3,2,6,8,5,8];[14,7,1,13,10,10,10,0,3,9,13,6,5,5,5,11,9,13,5,10,5,5,10,11,3,11,12,11,3,7,10,13,8,6,6,7,9,7,8,11,11,9,9,6,1,12,10,6,14,0,5,14,0,14,10,13,10,9,0,1,7,1,11,2,4,12,14,10,14,5,9,8,3,4,8,6,7,13,8,9,2,9,7,12,4,4,9,4,2,12,6,5,7,13,14,14,3,5,3,6,3,2,13,0,13,1,4,12,7,4,11,1,14,3,1,1,11,6,7,12,6,7,9,1,1,12,0,6,3,13,8,0,12,0,6,6,5,6,10,0,0,1,12,9,0,1,1,8,2,1];[[0.5209484070219088,5.209484070219088,1.0],[0.42125020101147315,4.212502010114731,1.0],[0.22094517308324657,2.2094517308324657,1.0],[0.13033708391670573,1.3033708391670573,1.0],[0.48395776843282956,4.839577684328296,1.0],[0.6260889663051598,6.260889663051597,1.0],[0.6211218319323739,6.21121831932374,1.0],[0.707277595965894,7.07277595965894,1.0],[0.43539590023548325,4.3539590023548325,1.0],[0.04809800715767443,0.4809800715767443,1.0],[0.2254847064342842,2.254847064342842,1.0],[0.788548045160999,7.88548045160999,1.0],[0.42108890435006496,4.21088904350065,1.0],[0.5652029481252892,5.6520294812528915,1.0],[0.6764042610645917,6.764042610645918,1.0]]
2c_Hurink_rdata_28_workers.fjs;2062.8889951530186;1292328;[0,13,86,97,137,216,406,556,636,737,0,184,261,383,435,523,609,651,726,860,185,190,293,335,437,496,537,580,648,719,149,233,352,456,480,544,737,813,860,927,30,189,280,359,417,451,475,635,810,882,16,70,195,356,440,544,630,697,738,846,0,88,239,315,349,523,556,604,789,898,97,216,293,364,473,610,680,811,860,907,16,115,173,190,233,335,466,555,640,872,0,37,137,315,364,571,581,610,800,906,13,132,241,339,480,501,656,737,811,882,0,79,115,185,261,451,466,555,684,756,0,82,185,195,445,480,537,651,684,738,0,30,137,173,263,352,406,556,811,908,88,181,399,520,580,674,737,756,813,907];[8,4,3,5,0,5,7,6,7,0,9,4,2,5,6,9,0,1,7,4,9,3,0,5,4,7,3,5,9,9,2,9,1,2,4,7,4,8,3,0,6,2,3,8,0,7,1,5,4,5,1,8,7,2,5,4,4,5,9,1,0,2,6,5,4,8,0,6,7,1,3,0,9,6,2,1,7,1,8,6,2,1,4,9,1,0,0,1,5,7,7,8,9,6,3,2,2,9,6,1,8,1,7,4,7,3,4,1,9,9,3,5,7,6,4,0,3,2,0,3,2,6,7,1,4,8,2,0,8,6,6,1,5,8,1,7,9,8,0,2,4,1,8,1,3,2,3,8,5,8];[3,13,11,14,4,4,11,8,5,5,12,8,7,6,8,3,3,1,6,7,12,0,10,8,13,9,11,11,6,4,1,13,7,1,6,13,3,7,5,2,1,11,9,2,2,14,2,4,14,13,5,12,14,9,3,7,7,13,12,6,2,8,12,5,14,8,1,14,1,1,3,10,2,13,7,9,7,5,8,3,14,9,8,2,1,0,5,2,12,14,11,5,14,13,11,5,5,2,12,4,4,5,13,10,13,10,14,2,13,11,0,4,7,3,11,4,11,0,8,0,5,10,5,7,13,14,0,4,2,13,1,7,9,9,3,10,10,6,2,8,2,13,12,9,0,11,11,8,10,1];[[0.49734142093980327,4.973414209398033,1.0],[0.35999045686025677,3.5999045686025677,1.0],[0.7220617567237175,7.220617567237175,1.0],[0.44672126724761885,4.4672126724761885,1.0],[0.4533596515962979,4.533596515962978,1.0],[0.025925678678183073,0.25925678678183073,1.0],[0.33490089376309407,3.3490089376309404,1.0],[0.4755440242737675,4.755440242737675,1.0],[0.45132356511490823,4.513235651149082,1.0],[0.08788974506102976,0.8788974506102976,1.0],[0.29509671683068217,2.9509671683068217,1.0],[0.33863234208051063,3.3863234208051063,1.0],[0.9020959027552419,9.020959027552419,1.0],[0.7173473735926632,7.173473735926632,1.0],[0.8986159167700656,8.986159167700656,1.0]]
2c_Hurink_rdata_28_workers.fjs;1994.7975518184671;2497776;[0,13,95,317,356,440,531,571,727,871,0,95,171,253,394,475,659,702,777,841,161,166,427,524,576,583,683,727,819,887,0,41,55,221,239,387,481,558,617,878,152,221,287,375,489,543,777,840,879,916,109,302,375,445,531,605,691,715,754,816,161,253,312,421,486,576,606,659,673,902,0,80,161,221,312,380,410,501,605,754,109,149,171,198,329,528,643,727,783,841,0,165,356,475,524,673,725,784,819,840,13,32,164,303,313,364,402,576,717,845,32,109,115,242,351,471,590,654,784,831,40,64,152,293,329,421,462,557,702,811,32,87,183,213,410,558,611,702,784,878,0,79,117,253,293,387,474,495,601,878];[8,4,3,5,0,5,7,6,3,6,9,4,2,5,6,9,0,1,7,4,3,3,0,6,4,7,2,5,9,1,2,9,2,5,4,3,2,8,3,0,6,9,0,8,0,7,1,5,9,0,8,8,7,7,5,4,4,6,4,2,0,2,6,5,4,1,0,6,7,1,3,0,9,6,2,1,7,1,8,6,7,8,4,8,1,0,5,0,5,7,7,8,9,6,3,2,2,9,4,1,8,5,7,4,7,4,4,2,9,5,8,5,5,8,5,0,3,2,8,3,2,6,7,1,4,8,2,3,9,6,6,1,5,1,1,9,9,8,0,2,0,1,8,0,3,2,3,8,5,8];[3,10,12,4,5,1,14,2,9,10,5,3,1,14,13,7,1,13,5,7,4,8,14,5,5,5,5,11,12,12,1,3,9,12,2,0,3,7,12,2,11,3,10,12,12,9,10,4,5,4,5,12,7,9,10,7,11,12,2,8,14,6,2,2,0,11,3,10,10,8,14,4,12,4,8,9,7,8,8,1,11,5,10,10,6,6,9,8,3,14,4,5,10,13,2,5,14,6,7,9,8,12,13,9,11,14,10,0,7,6,11,1,0,13,1,5,12,6,9,0,6,7,1,7,13,4,3,1,2,13,8,6,0,0,6,14,13,6,11,8,2,12,12,9,0,3,14,11,9,11];[[0.4211249061401,4.211249061401,1.0],[0.9761073344853062,9.761073344853061,1.0],[0.6132800246752349,6.132800246752349,1.0],[0.6930423279788359,6.930423279788359,1.0],[0.5088628354481554,5.088628354481553,1.0],[0.18781156668551158,1.8781156668551158,1.0],[0.830121874145001,8.301218741450011,1.0],[0.8449241651217704,8.449241651217704,1.0],[0.20962821201639004,2.0962821201639006,1.0],[0.6505169872996391,6.505169872996391,1.0],[0.7003316191510263,7.003316191510263,1.0],[0.7150339547653067,7.150339547653068,1.0],[0.8091072451390076,8.091072451390076,1.0],[0.8451978833841938,8.451978833841938,1.0],[0.3695849781386673,3.695849781386673,1.0]]
2c_Hurink_rdata_28_workers.fjs;1985.0699839956133;4471908;[0,113,221,251,304,403,589,602,629,764,0,36,113,190,253,340,432,479,670,795,81,86,189,252,361,368,479,568,795,859,182,369,377,479,497,561,648,748,795,885,31,112,177,282,325,494,570,614,704,874,0,36,160,214,290,369,464,628,701,813,101,190,325,410,432,526,573,650,733,907,0,81,177,246,304,443,586,670,701,748,0,72,260,271,377,464,541,630,685,814,0,33,66,202,340,432,521,557,648,804,0,19,290,368,570,586,618,722,792,855,113,199,206,410,497,746,764,794,859,909,0,112,202,252,289,325,378,478,557,825,0,31,206,289,378,516,602,704,836,926,19,253,375,409,464,558,630,685,746,788];[8,4,2,2,0,7,9,6,7,6,5,4,1,4,3,9,0,1,7,4,3,3,0,6,4,7,2,5,8,9,2,1,2,5,4,3,2,8,3,6,6,9,3,8,4,7,1,1,9,5,1,5,7,7,5,3,4,5,6,2,0,1,6,5,8,8,8,6,7,7,3,7,9,0,2,1,7,1,8,1,7,8,4,9,1,9,0,0,5,7,4,8,9,6,3,5,2,9,3,1,0,1,7,4,7,4,4,2,9,1,8,5,8,6,5,0,3,2,8,9,2,6,7,1,4,8,0,0,8,6,6,2,5,1,4,7,9,4,0,2,0,4,7,1,3,2,6,0,5,0];[14,5,1,13,8,10,3,8,13,9,2,8,11,7,4,12,11,14,6,7,12,6,14,11,3,9,1,12,3,1,5,7,14,12,2,0,10,7,8,5,1,3,9,6,3,8,10,13,0,1,5,3,14,8,10,13,9,4,13,5,2,11,6,1,5,4,2,12,4,1,9,9,4,3,1,1,7,13,8,5,10,14,6,12,0,13,5,1,2,12,8,5,10,13,14,12,1,4,3,2,4,14,13,10,3,6,9,10,1,11,8,8,2,3,9,2,3,6,6,10,11,10,1,1,5,5,9,11,13,13,6,4,3,0,4,10,11,12,0,13,13,6,5,9,0,1,5,14,1,0];[[0.4831103964860096,4.831103964860096,1.0],[0.9021829992468611,9.02182999246861,1.0],[0.5374571935128641,5.374571935128642,1.0],[0.8761340971511191,8.761340971511192,1.0],[0.573156942708234,5.7315694270823405,1.0],[0.994523847851402,9.945238478514021,1.0],[0.3574465703190305,3.574465703190305,1.0],[0.6617299629663892,6.617299629663892,1.0],[0.4882872262788658,4.882872262788657,1.0],[0.5726412824777106,5.726412824777106,1.0],[0.32388398325139345,3.2388398325139347,1.0],[0.8072354510963532,8.072354510963532,1.0],[0.8087324055796944,8.087324055796945,1.0],[0.660852452150834,6.60852452150834,1.0],[0.5802577271631468,5.802577271631469,1.0]]
2c_Hurink_rdata_28_workers.fjs;2282.367981278477;3881712;[0,117,228,242,398,585,735,838,886,929,242,341,421,526,585,664,748,807,893,965,223,355,473,579,691,748,766,812,871,931,0,153,167,277,507,713,815,894,941,1014,0,150,242,316,421,590,721,871,928,1027,0,33,136,316,456,571,667,698,852,921,0,91,150,223,242,332,386,439,498,728,0,92,335,515,579,692,721,887,941,998,91,136,195,290,409,437,539,631,755,812,0,91,242,386,445,497,507,536,834,945,42,117,165,332,421,507,664,745,931,994,14,163,171,332,386,556,590,616,664,865,227,242,361,373,461,497,539,812,988,1005,0,31,280,471,549,667,748,838,928,1019,33,160,373,437,616,748,815,834,894,1019];[8,4,3,5,0,5,7,9,3,6,2,4,2,5,0,9,0,1,7,4,3,3,0,6,4,7,1,5,9,1,2,1,1,2,4,3,2,8,3,6,0,2,0,3,4,7,1,5,4,7,1,5,7,0,5,4,4,6,6,2,7,2,3,5,4,1,8,6,7,7,3,0,9,6,9,1,5,1,8,1,7,1,4,9,1,9,8,1,5,7,4,8,9,6,3,4,2,9,6,1,2,5,7,4,7,3,0,8,9,9,8,5,8,6,5,0,3,2,8,3,2,6,7,1,4,8,0,3,8,5,6,1,5,1,1,7,9,4,0,7,4,1,7,1,3,2,6,8,5,0];[0,8,0,8,9,10,11,0,9,13,11,11,5,8,7,13,1,8,6,7,9,0,10,1,3,11,9,4,12,14,10,3,7,6,6,10,9,7,12,1,8,2,5,8,10,9,2,11,2,11,5,2,14,2,7,4,3,3,3,4,7,6,1,5,0,1,3,6,5,1,4,9,14,10,11,8,8,4,8,5,14,10,6,12,8,13,3,1,3,14,2,5,2,13,14,14,0,11,6,11,3,0,13,0,11,14,12,6,1,4,12,0,14,3,1,4,5,6,7,0,2,10,1,7,0,1,9,3,8,3,6,13,1,4,2,4,5,5,10,9,0,4,12,12,9,13,13,1,8,12];[[0.34661995661142697,3.4661995661142697,1.0],[0.2286410960833074,2.286410960833074,1.0],[0.012392470279078194,0.12392470279078194,1.0],[0.9308270259025113,9.308270259025113,1.0],[0.3225145761620236,3.225145761620236,1.0],[0.0006954578022455582,0.006954578022455582,1.0],[0.2097170717940725,2.097170717940725,1.0],[0.5179602272351016,5.179602272351016,1.0],[0.7628222106217201,7.6282221062172,1.0],[0.3089717897377221,3.089717897377221,1.0],[0.15113122452813788,1.5113122452813788,1.0],[0.07045772229012492,0.7045772229012492,1.0],[0.8725064026541692,8.725064026541693,1.0],[0.3074981421409557,3.074981421409557,1.0],[0.272859759997538,2.7285975999753798,1.0]]
2c_Hurink_rdata_28_workers.fjs;2102.8831924986757;4563240;[0,96,175,187,327,425,675,692,719,871,126,187,330,415,475,557,657,697,772,867,94,120,196,238,290,596,603,646,787,974,34,196,238,330,357,425,513,730,836,937,0,52,120,330,603,688,774,822,903,952,0,90,164,192,264,330,539,701,824,924,0,264,351,475,566,664,749,797,836,916,0,94,204,290,415,475,513,622,777,888,0,99,216,268,322,398,475,688,749,916,32,162,262,546,646,730,797,857,903,929,16,116,184,258,398,421,454,539,719,816,13,226,376,475,546,630,774,804,820,889,0,32,116,126,175,216,268,327,649,811,0,32,120,163,241,322,373,468,675,871,0,273,566,596,641,730,804,824,892,929];[8,4,3,5,0,7,7,9,7,6,2,3,2,5,0,9,8,1,7,0,3,9,0,6,4,7,3,5,9,2,2,9,0,5,4,3,2,8,3,6,0,9,0,8,4,7,1,1,9,0,1,8,2,2,5,3,4,5,4,2,5,2,6,5,8,9,0,6,7,1,3,7,9,6,2,1,5,1,8,4,9,3,4,8,1,0,8,0,5,7,7,8,9,6,3,4,2,9,3,1,2,6,7,4,7,4,4,1,9,5,8,5,8,6,5,0,3,4,0,9,2,6,2,1,4,8,4,4,9,6,6,1,5,1,1,9,9,9,3,2,4,7,7,0,4,2,3,8,5,8];[3,2,2,11,5,13,11,0,12,12,13,6,6,0,5,12,5,10,5,6,14,3,10,12,3,6,11,8,7,4,0,0,11,0,2,6,3,7,5,7,1,11,14,14,6,13,6,3,0,0,5,10,12,14,14,13,8,1,4,8,4,7,12,2,1,3,2,10,14,13,2,0,7,1,4,3,13,3,8,9,11,12,0,5,3,7,9,11,14,14,8,5,10,13,11,0,4,11,8,2,3,6,13,5,5,1,8,4,9,1,12,2,14,7,7,9,11,2,2,11,10,6,13,1,8,1,9,11,2,13,8,5,11,4,2,8,10,11,6,13,9,6,9,9,7,13,9,9,2,11];[[0.8559393885152179,8.55939388515218,1.0],[0.8004839408308784,8.004839408308783,1.0],[0.5938433496209707,5.938433496209708,1.0],[0.8870093324131678,8.870093324131679,1.0],[0.741558169706834,7.4155816970683395,1.0],[0.8097670389513107,8.097670389513107,1.0],[0.2247324103169328,2.247324103169328,1.0],[0.9761818800633866,9.761818800633865,1.0],[0.6339038774096737,6.339038774096737,1.0],[0.5580285642552777,5.580285642552777,1.0],[0.4463526500656817,4.463526500656817,1.0],[0.28336462923826333,2.8336462923826335,1.0],[0.9019880415639555,9.019880415639555,1.0],[0.03268507148422006,0.32685071484220063,1.0],[0.4362825217209084,4.3628252172090844,1.0]]
2c_Hurink_rdata_28_workers.fjs;2049.1691042511584;3266316;[0,67,161,249,289,402,493,505,532,784,0,85,161,249,313,424,518,559,634,744,0,173,360,458,577,698,715,759,856,928,55,147,289,397,423,530,621,697,849,916,0,95,176,247,312,347,368,458,510,555,0,40,139,187,263,333,487,619,660,894,0,187,256,424,585,686,731,784,806,887,0,91,181,401,472,680,725,759,809,879,0,40,55,131,285,347,427,561,660,725,0,55,88,175,245,386,443,546,619,639,34,224,273,413,505,621,653,731,809,877,8,109,117,371,463,540,555,809,887,939,40,87,175,248,346,574,619,849,879,894,52,90,194,285,413,511,580,671,757,849,53,173,181,402,436,530,599,634,818,858];[8,4,3,2,0,7,7,6,7,0,5,3,2,4,6,9,8,1,7,4,9,3,0,6,4,7,1,5,8,1,2,0,2,2,4,3,2,8,3,0,6,2,0,8,4,7,1,5,9,0,1,5,4,7,5,3,4,5,6,2,7,1,3,5,4,1,0,6,7,2,3,7,9,6,0,4,5,1,8,4,2,8,4,9,1,9,8,0,5,7,0,8,9,6,0,2,2,9,6,1,0,6,7,4,7,3,0,2,9,5,1,5,5,8,5,0,5,2,7,9,2,6,7,1,4,8,0,4,9,6,6,1,5,8,1,4,9,9,3,2,0,4,8,0,3,2,6,8,5,0];[0,14,5,7,5,10,14,1,3,6,13,3,14,3,8,3,2,1,5,7,12,4,10,9,3,13,9,10,10,10,1,0,6,3,6,8,3,7,5,2,1,8,10,5,11,3,2,5,10,11,5,12,6,8,9,1,11,10,10,4,7,1,14,13,4,12,5,1,4,8,8,9,5,5,13,11,1,13,8,9,11,13,13,10,8,13,8,5,0,14,6,5,13,13,12,9,13,0,0,9,5,13,13,2,5,14,8,8,9,1,9,7,7,7,7,4,4,1,7,3,6,11,1,1,0,6,9,11,2,13,11,2,3,4,4,6,13,6,11,2,4,5,12,9,0,9,10,1,13,0];[[0.5198238265685563,5.198238265685563,1.0],[0.9583988744400509,9.583988744400509,1.0],[0.3402956357666065,3.402956357666065,1.0],[0.7081849781179302,7.081849781179303,1.0],[0.9252189405445452,9.252189405445453,1.0],[0.05032666735654623,0.5032666735654623,1.0],[0.6613275461751585,6.613275461751585,1.0],[0.82711411373077,8.271141137307701,1.0],[0.8734961127808921,8.734961127808921,1.0],[0.5913019030238962,5.913019030238962,1.0],[0.11264722490163037,1.1264722490163037,1.0],[0.34477784983246407,3.4477784983246407,1.0],[0.011377599382669468,0.11377599382669468,1.0],[0.7909742881977946,7.909742881977946,1.0],[0.3277964015146908,3.277964015146908,1.0]]
2c_Hurink_rdata_28_workers.fjs;2024.2955407295171;2648820;[0,13,82,129,192,271,402,579,661,863,0,94,177,259,332,420,518,591,702,850,0,5,150,266,348,362,509,548,705,907,165,205,212,331,355,419,579,688,809,911,0,83,177,273,419,518,750,795,800,836,0,168,242,349,457,540,721,745,789,850,52,348,469,606,626,721,750,804,846,936,0,80,212,273,428,512,626,666,735,851,16,64,82,156,259,291,373,457,625,765,31,82,273,420,469,527,548,606,750,804,13,35,168,242,314,339,373,509,642,851,259,339,346,414,470,557,572,745,804,876,0,31,119,129,313,470,655,676,836,851,0,31,120,156,372,459,515,606,693,855,94,291,373,557,599,701,790,809,866,902];[8,4,3,5,0,7,7,6,7,0,5,3,1,4,6,9,0,1,7,4,7,9,0,5,4,7,2,5,9,1,2,9,2,2,4,1,2,8,3,6,0,9,3,8,4,7,1,5,9,5,1,5,7,2,5,4,4,5,4,2,0,1,6,5,4,1,0,6,7,2,3,7,9,6,2,1,7,1,8,1,2,8,4,9,1,0,5,0,5,7,7,8,9,6,3,5,2,9,6,1,8,5,7,4,5,3,0,8,9,9,3,5,8,8,4,0,3,4,0,3,2,6,2,1,4,8,2,0,9,6,6,1,6,8,3,7,9,8,3,0,4,1,7,1,3,2,3,8,5,8];[3,5,3,13,8,10,11,2,12,0,1,2,6,5,8,5,9,10,6,7,13,9,10,8,3,14,14,1,10,1,1,3,4,5,2,3,3,7,5,3,12,9,5,3,1,11,2,3,4,11,5,11,14,7,7,7,3,4,7,1,6,13,6,5,4,12,9,12,6,9,14,1,3,7,8,2,7,5,8,14,13,0,0,3,0,12,9,11,13,14,4,5,9,13,2,12,2,14,12,9,6,11,13,0,5,11,14,8,8,4,11,2,1,0,1,4,12,1,10,2,10,7,13,7,13,14,2,11,2,13,4,8,3,9,6,10,13,6,13,0,0,1,12,9,0,5,11,8,12,11];[[0.18019241848515155,1.8019241848515155,1.0],[0.48736227300275514,4.873622730027551,1.0],[0.07759170039841756,0.7759170039841756,1.0],[0.5225667244081349,5.2256672440813485,1.0],[0.9196433340252647,9.196433340252646,1.0],[0.8762509611803474,8.762509611803473,1.0],[0.5029695910906639,5.029695910906638,1.0],[0.8160267976375112,8.160267976375112,1.0],[0.8059112000327816,8.059112000327817,1.0],[0.2140591090540045,2.140591090540045,1.0],[0.08805821114486456,0.8805821114486456,1.0],[0.20329737064426556,2.0329737064426556,1.0],[0.5837360924329463,5.837360924329463,1.0],[0.6737333796339059,6.737333796339059,1.0],[0.1608013027204077,1.6080130272040771,1.0]]
2c_Hurink_rdata_38_workers.fjs;4158.880588850913;427536;[55,196,485,871,898,995,1242,1357,1581,1656,124,207,297,381,471,722,960,1159,1368,1786,60,127,463,512,620,720,742,862,1457,1881,225,682,835,1290,1557,1608,1743,1772,1800,1881,0,239,647,691,753,808,1086,1176,1630,1732,509,682,781,966,1025,1231,1290,1502,1607,1881,0,91,722,950,1311,1457,1552,1664,1799,1880,13,289,593,674,828,860,1025,1096,1167,1683,0,156,286,460,816,1046,1167,1452,1710,1920,13,116,270,631,667,682,1098,1210,1372,1786,70,180,391,434,510,614,1143,1542,1698,1826,0,79,196,374,595,1096,1342,1487,1629,1732,88,212,521,586,691,798,997,1157,1268,1357,0,395,549,790,874,1128,1309,1345,1441,1625,0,297,367,586,1003,1054,1256,1322,1393,1857,48,155,281,421,1015,1182,1231,1311,1625,1772,0,717,1082,1098,1299,1458,1509,1557,1619,1698,286,721,915,978,1009,1452,1542,1634,1661,1857,835,918,995,1069,1143,1231,1286,1584,1664,1698,281,359,395,626,637,765,851,874,1405,1731,199,349,766,915,929,1231,1301,1509,1669,1686,93,521,602,955,1176,1266,1385,1433,1629,1826,100,202,458,558,1082,1166,1405,1433,1530,1772,79,132,212,308,460,548,739,944,1074,1488,258,558,720,786,871,1054,1086,1266,1423,1545,109,180,340,828,994,1273,1373,1457,1526,1552,116,373,614,997,1098,1128,1441,1686,1791,1924,0,239,270,463,571,614,851,1394,1490,1817,154,258,308,374,381,463,883,1242,1393,1892,0,78,225,295,367,500,674,745,929,1566];[0,2,2,5,9,6,8,5,1,4,3,0,1,5,0,9,1,4,7,8,4,9,8,9,1,6,5,6,1,0,1,1,0,6,2,9,3,4,0,7,0,4,3,5,1,9,6,7,1,2,2,7,1,4,5,3,9,2,2,5,7,5,1,8,2,0,3,0,9,6,2,4,7,0,5,4,9,5,1,1,4,8,2,4,6,3,5,2,0,1,9,0,5,0,2,8,0,4,3,7,6,6,9,3,6,5,4,7,4,1,8,3,9,3,2,7,8,5,5,5,9,1,7,8,3,8,4,2,5,3,2,0,1,3,8,1,4,1,3,7,9,0,4,7,3,0,5,9,0,8,1,3,8,0,8,3,2,0,9,3,1,7,1,8,6,6,9,5,3,2,6,0,7,7,7,5,9,4,3,3,3,6,1,4,9,8,3,4,2,7,1,0,2,4,4,7,8,2,9,9,7,9,0,3,5,9,4,6,0,5,2,5,6,8,6,8,7,7,3,4,4,8,6,3,9,3,7,8,4,1,8,1,3,5,9,4,6,2,2,7,5,0,2,1,1,9,3,6,7,1,8,5,0,0,5,7,1,4,3,8,7,8,9,2,1,8,7,8,8,4,6,5,4,1,5,0,7,2,4,2,4,9,3,5,1,7,4,1,6,8,3,6,9,4,6,3,6,2,3,6];[3,12,14,1,2,8,7,7,11,10,13,11,2,4,3,13,1,3,4,2,9,12,13,10,14,8,8,13,2,8,9,13,14,6,4,4,4,3,10,1,13,14,1,2,3,13,9,6,9,0,1,14,1,10,2,13,13,7,12,10,5,2,9,4,10,13,3,12,13,4,12,14,4,7,3,8,4,14,12,9,10,0,8,0,11,11,1,7,14,10,8,7,1,0,9,0,12,8,2,7,11,4,12,11,9,11,7,9,5,12,7,14,2,9,12,2,11,13,3,12,0,10,4,8,4,0,13,2,7,12,2,1,13,9,0,1,4,9,10,4,8,13,8,6,1,4,12,0,5,11,1,10,9,14,5,12,0,3,14,11,0,5,12,11,5,1,9,7,3,12,12,14,5,11,3,14,1,7,8,6,5,3,10,10,13,9,2,5,2,2,13,5,2,4,12,7,7,12,8,9,6,2,10,10,8,5,12,11,0,0,13,5,7,9,10,1,8,10,8,5,8,13,12,3,7,0,6,3,0,5,11,9,0,14,8,0,11,13,4,12,10,11,6,1,6,12,8,10,3,12,4,14,10,8,4,14,9,6,5,2,3,12,5,0,0,11,11,3,6,13,6,8,10,7,5,10,4,1,4,8,11,4,4,4,13,5,7,9,4,2,11,6,5,1,7,2,6,0,14,6];[[0.7773566427005639,7.7735664270056395,1.0],[0.6698255595592497,6.698255595592498,1.0],[0.09913960392481702,0.9913960392481702,1.0],[0.35297051119014544,3.529705111901454,1.0],[0.4679077429008419,4.679077429008419,1.0],[0.5346837414708775,5.346837414708775,1.0],[0.9783090609123973,9.783090609123974,1.0],[0.13031535015865903,1.3031535015865903,1.0],[0.6712434682302663,6.712434682302662,1.0],[0.36422941594737557,3.6422941594737557,1.0],[0.48883570716198577,4.888357071619858,1.0],[0.20301221073405373,2.0301221073405373,1.0],[0.6661983755713592,6.661983755713592,1.0],[0.2276630312069321,2.276630312069321,1.0],[0.4580640582967631,4.580640582967631,1.0]]
2c_Hurink_rdata_38_workers.fjs;4590.984308721387;737940;[0,87,172,304,722,811,968,1299,1431,1559,0,206,775,835,1121,1495,1788,1913,2009,2025,30,303,366,521,1106,1280,1559,1649,1718,1951,0,227,647,929,938,1559,1791,1825,1879,2009,126,417,880,985,1181,1206,1559,1649,1739,1788,0,332,755,761,1157,1376,1464,1507,1562,1863,13,108,364,1219,1507,1598,1884,1971,2010,2087,0,411,453,796,1181,1500,1905,2009,2080,2112,0,73,314,453,548,824,1059,1407,1719,2097,108,230,298,411,555,617,1148,1274,1523,1877,172,455,588,730,835,982,1157,1216,1562,1809,140,206,304,625,685,907,1221,1495,1952,2076,181,284,297,369,535,1315,1438,1593,1673,2118,366,381,455,685,730,806,845,1159,1306,1719,0,72,361,901,938,982,1093,1690,1815,1879,95,306,372,602,880,958,989,1130,1453,1825,543,678,867,1031,1044,1223,1274,1421,1583,1952,297,321,543,632,663,712,1205,1791,1930,2010,174,595,678,777,985,1304,1315,1386,1464,1650,59,265,731,1066,1081,1205,1363,1749,1815,2086,114,471,1044,1223,1238,1341,1438,1447,2082,2102,199,752,938,1159,1254,1341,1739,1898,1913,2030,712,811,964,1059,1148,1186,1400,1421,1507,1952,0,199,366,466,796,1173,1392,1627,1986,2112,0,67,417,453,543,1421,1483,1586,1868,1959,206,258,775,836,1062,1223,1538,1690,2016,2041,182,548,566,733,835,883,1159,1341,1710,2136,298,535,806,1009,1081,1673,1815,1868,1914,2041,95,140,230,958,989,1106,1453,1685,1825,1974,381,414,824,845,1081,1256,1639,1768,1889,2025];[0,2,2,7,9,7,7,6,3,0,3,4,6,2,3,9,1,4,7,8,8,3,9,9,5,6,5,6,9,3,1,5,0,6,3,4,3,4,0,0,9,4,3,8,1,1,6,8,1,8,4,2,1,4,5,3,6,2,2,9,7,6,1,8,8,0,3,0,9,6,2,4,7,0,6,3,9,5,1,0,9,8,2,8,6,8,8,2,0,1,7,6,5,9,2,8,2,4,3,7,8,3,9,3,6,5,4,2,7,1,4,3,9,3,2,7,7,6,5,3,5,1,8,7,3,8,4,3,5,3,4,6,1,3,8,1,4,9,7,4,7,0,5,7,9,0,5,9,0,4,1,5,0,0,4,4,2,0,7,3,4,6,1,8,0,6,8,5,3,2,1,0,0,1,4,5,9,4,9,6,0,6,1,4,9,8,3,4,2,7,1,0,2,4,9,0,4,7,9,9,0,7,6,3,5,2,7,1,0,5,2,5,6,8,2,9,8,9,8,4,4,3,1,2,4,0,7,8,5,1,8,1,3,5,5,4,6,2,2,7,5,0,2,0,1,9,0,8,7,4,8,2,0,9,5,1,1,4,3,8,7,8,8,6,1,8,7,8,3,4,6,2,8,1,3,0,7,2,5,3,4,3,3,1,4,7,4,2,6,7,2,6,9,0,6,3,4,2,1,7];[12,1,7,0,10,1,4,14,0,12,6,14,6,14,1,13,1,8,9,11,10,8,6,7,12,9,5,3,6,7,5,5,10,6,1,0,14,1,1,0,5,14,2,13,2,13,9,10,13,3,8,14,1,8,4,11,13,7,8,9,3,2,1,14,10,2,3,1,12,9,4,6,0,2,5,3,11,14,8,6,1,5,5,10,5,7,3,10,12,7,3,8,5,12,11,13,11,1,11,4,1,3,1,7,0,6,12,5,7,0,13,8,14,9,3,13,4,4,3,10,5,1,1,2,9,0,14,1,0,14,8,0,7,7,0,5,2,13,6,14,9,9,5,8,6,9,14,5,8,2,8,10,10,10,10,14,3,7,14,6,2,14,11,12,13,1,11,9,1,12,4,9,0,2,8,5,9,8,6,5,9,5,6,12,1,7,13,1,3,8,1,0,4,4,10,0,12,2,11,2,4,0,12,7,12,10,1,1,3,1,6,9,12,10,2,9,4,6,2,11,13,10,5,9,13,0,13,7,0,2,11,7,7,14,3,3,3,2,4,5,10,9,6,2,6,8,9,10,1,5,2,6,14,4,0,8,4,12,2,2,0,12,14,14,6,11,9,2,3,12,2,3,8,14,11,1,2,10,10,10,0,14,11,10,7,14,12,11,14,0,8,8,8,4,2,3,5,9,12,6];[[0.7966509679599704,7.966509679599704,1.0],[0.05862623274803458,0.5862623274803458,1.0],[0.7602397739740907,7.602397739740907,1.0],[0.8627037401845356,8.627037401845355,1.0],[0.09127403464611428,0.9127403464611428,1.0],[0.9024924365975527,9.024924365975528,1.0],[0.7858960565941281,7.858960565941281,1.0],[0.40667966546103385,4.0667966546103385,1.0],[0.37447264465852026,3.7447264465852026,1.0],[0.6490262282913547,6.490262282913547,1.0],[0.40092466608569977,4.009246660856998,1.0],[0.5721109226277574,5.721109226277575,1.0],[0.6077930620255084,6.077930620255084,1.0],[0.05072389565884072,0.5072389565884072,1.0],[0.7370880093375713,7.370880093375714,1.0]]
2c_Hurink_rdata_38_workers.fjs;4327.7255939683455;861288;[15,335,477,538,787,876,1354,1643,1777,1937,119,228,442,627,839,971,1602,1723,1821,1886,305,353,649,713,887,1071,1092,1174,1287,1821,0,132,222,300,457,1134,1172,1302,1623,1718,346,504,579,728,825,1153,1192,1331,1500,1723,0,376,497,615,658,778,1003,1232,1430,1981,240,331,466,497,507,732,853,920,1053,1134,138,997,1092,1235,1528,1754,1813,1867,1938,1953,0,53,100,191,407,502,525,1211,1375,1752,53,127,420,574,968,1082,1463,1613,1879,1930,920,991,1171,1203,1282,1380,1460,1533,1859,1937,239,305,697,786,983,1048,1104,1230,1773,1886,78,119,132,200,329,1224,1330,1459,1543,1643,0,138,240,428,699,1003,1082,1451,1529,1956,228,334,422,522,529,896,985,1257,1491,1571,635,710,834,926,1135,1302,1381,1667,1784,1938,195,709,944,1123,1282,1376,1480,1574,1631,1920,324,454,737,853,1247,1345,1454,1701,1723,1930,33,162,401,472,881,992,1003,1117,1752,1837,174,612,720,834,1170,1362,1455,1631,1838,1929,0,334,529,694,896,1108,1189,1463,1539,1743,0,33,541,617,816,1003,1232,1250,1575,1769,376,422,658,757,874,1065,1211,1235,1491,1617,292,421,517,623,658,908,985,1055,1375,1513,122,727,928,959,1108,1211,1430,1545,1571,1779,0,565,796,983,1033,1257,1362,1500,1549,1938,127,208,277,411,529,602,825,925,1082,1475,64,138,522,561,928,1055,1293,1706,1829,1878,78,151,191,466,697,772,825,1656,1754,1891,305,351,504,617,713,968,1035,1293,1549,1813];[0,2,3,5,9,7,7,5,3,0,9,0,6,2,8,9,8,4,7,8,4,7,3,9,1,6,5,2,9,3,1,1,2,6,2,9,3,4,8,7,9,0,2,5,1,9,6,8,1,8,4,0,1,6,5,5,4,2,8,5,7,5,1,8,2,0,3,0,9,6,2,4,6,0,6,3,9,5,1,1,7,9,2,9,0,8,8,1,0,1,7,4,5,9,2,8,0,4,3,7,3,0,9,3,6,5,4,2,4,4,4,3,0,8,2,1,7,5,5,9,5,1,8,8,3,8,4,2,5,3,0,6,1,3,8,5,4,1,4,2,7,0,4,6,9,2,4,9,8,8,1,3,6,0,8,3,9,1,2,3,4,7,1,8,0,6,7,2,3,2,6,0,0,1,4,5,9,4,9,6,3,6,1,5,9,8,3,4,2,7,1,3,2,5,4,7,7,2,9,9,6,7,6,3,5,2,7,6,0,5,2,5,4,0,2,8,7,9,3,4,4,8,6,3,9,3,7,8,5,1,8,7,3,5,9,4,6,2,2,7,5,0,2,1,1,9,3,8,7,1,8,5,0,0,5,1,1,4,3,5,7,0,9,2,1,8,7,8,3,4,6,5,4,1,3,6,5,2,5,2,0,9,3,5,4,7,4,3,6,8,2,6,3,4,6,3,4,2,1,0];[6,7,2,10,2,2,4,12,14,9,1,12,1,14,12,4,10,8,14,11,11,3,12,8,9,10,5,11,14,4,5,5,6,6,4,8,5,3,3,11,11,2,14,14,3,14,9,5,13,7,8,5,9,12,9,13,10,13,0,11,14,2,9,3,5,13,3,5,4,7,14,2,3,7,11,14,11,14,6,2,13,12,2,0,10,1,8,3,8,10,3,3,1,12,11,0,10,7,13,7,6,9,2,1,0,6,13,1,9,12,13,8,5,14,3,14,1,11,12,0,1,5,10,8,4,7,8,2,8,14,3,2,1,13,12,5,2,14,12,6,1,9,6,6,0,8,14,3,7,14,6,3,13,12,0,12,11,0,5,14,13,11,10,2,9,1,14,9,9,4,10,14,0,8,12,13,1,7,1,13,9,11,11,12,0,5,8,11,5,2,9,1,1,8,8,10,12,4,11,3,0,12,13,11,1,10,4,8,9,0,9,2,11,11,1,2,0,6,2,8,9,3,8,5,6,0,13,5,0,1,10,7,3,8,1,14,1,13,9,3,9,0,6,13,13,12,5,10,7,10,10,4,10,11,0,4,4,12,13,5,7,1,2,0,6,0,4,5,9,13,14,8,9,9,11,7,13,10,10,3,0,4,4,11,4,3,7,2,9,12,13,8,8,5,7,7,12,7,4,1];[[0.5209484070219088,5.209484070219088,1.0],[0.42125020101147315,4.212502010114731,1.0],[0.22094517308324657,2.2094517308324657,1.0],[0.13033708391670573,1.3033708391670573,1.0],[0.48395776843282956,4.839577684328296,1.0],[0.6260889663051598,6.260889663051597,1.0],[0.6211218319323739,6.21121831932374,1.0],[0.707277595965894,7.07277595965894,1.0],[0.43539590023548325,4.3539590023548325,1.0],[0.04809800715767443,0.4809800715767443,1.0],[0.2254847064342842,2.254847064342842,1.0],[0.788548045160999,7.88548045160999,1.0],[0.42108890435006496,4.21088904350065,1.0],[0.5652029481252892,5.6520294812528915,1.0],[0.6764042610645917,6.764042610645918,1.0]]
2c_Hurink_rdata_38_workers.fjs;4391.719144542186;490860;[68,158,488,748,1128,1306,1497,1530,1916,2001,0,326,438,513,606,749,829,850,1011,1273,164,292,383,430,499,970,1046,1321,1622,1868,224,278,315,429,438,551,763,1273,1495,1928,499,578,794,850,1083,1111,1403,1504,1867,1918,0,246,459,756,806,1255,1672,1757,1852,1961,0,107,199,862,900,1403,1416,1587,1788,1862,464,551,557,787,830,992,1018,1168,1304,1543,0,52,107,128,224,694,720,1266,1316,1516,0,421,557,565,694,719,772,902,1026,1077,0,83,259,651,772,876,1018,1316,1433,1519,211,590,779,865,1112,1177,1713,1789,1826,1996,296,658,711,787,900,1001,1301,1354,1661,1942,743,756,1233,1304,1416,1631,1661,1700,1770,1858,435,601,640,743,925,1074,1242,1573,1619,1917,388,459,511,848,1013,1102,1497,1619,1706,2016,128,240,464,896,1094,1317,1789,1949,2006,2016,0,23,68,871,963,1011,1046,1543,1783,1921,290,498,581,772,1219,1306,1353,1416,1470,1925,176,612,658,1046,1309,1408,1495,1680,1867,1955,391,513,601,941,1470,1604,1707,1715,1787,1882,126,199,259,1001,1158,1358,1604,1622,1630,1764,115,956,1128,1177,1266,1273,1572,1706,1858,1948,86,360,499,707,1306,1358,1493,1806,1868,2016,639,838,876,916,994,1083,1255,1380,1410,1726,193,388,720,741,894,1026,1433,1676,1917,2010,98,193,598,648,743,867,1176,1792,1961,2027,10,83,107,671,963,1056,1121,1573,1749,1818,129,181,224,290,315,1518,1604,1700,1783,1928,0,33,128,189,270,361,383,652,867,1219];[0,2,2,5,9,7,8,5,9,0,9,4,6,2,8,9,8,4,7,8,4,7,3,9,1,6,5,1,7,0,9,1,0,6,2,9,3,4,0,0,9,4,3,8,1,1,6,8,1,5,2,2,1,4,5,5,9,2,8,9,1,5,1,6,2,0,3,0,9,6,0,4,7,2,6,4,9,5,1,1,4,8,2,9,6,0,8,2,0,1,7,4,5,0,2,3,0,4,3,7,6,6,0,3,1,5,4,2,4,4,8,3,5,1,2,1,7,5,5,9,5,1,7,7,0,8,4,2,5,3,4,6,1,3,8,5,6,1,4,7,7,0,4,6,9,0,5,9,0,4,1,5,8,0,8,4,9,2,9,3,1,7,1,8,0,8,7,2,3,2,5,0,3,7,7,5,9,2,3,6,3,6,1,4,9,8,3,5,2,7,1,3,6,4,5,0,7,2,9,4,0,7,5,3,5,9,4,4,0,5,2,5,4,0,6,9,7,3,8,1,4,3,1,2,4,0,7,8,4,1,4,7,3,5,9,4,6,0,2,7,5,3,2,1,1,2,6,6,7,1,7,5,0,0,9,6,1,4,3,5,7,8,9,2,1,6,7,8,8,4,6,5,8,1,5,0,5,2,5,2,0,3,3,5,1,7,4,3,6,8,3,9,3,0,6,8,6,5,3,7];[3,8,4,7,13,4,0,3,4,2,7,0,13,14,9,11,13,1,12,11,11,3,4,11,5,0,11,1,1,11,13,0,6,6,4,3,10,12,1,10,12,12,12,13,3,13,9,5,8,7,5,12,10,12,10,5,7,13,0,1,2,4,5,14,5,2,3,13,8,13,10,12,12,0,5,2,1,10,3,2,1,4,11,7,11,10,8,9,7,10,9,0,5,0,0,13,14,3,13,2,0,12,7,3,9,9,9,11,8,11,3,3,13,4,3,14,12,11,12,4,5,5,0,2,10,3,1,12,11,14,9,2,13,13,14,6,4,3,3,9,1,11,12,6,0,4,14,0,14,5,10,7,1,0,0,12,14,12,5,7,0,10,2,2,5,5,0,9,1,10,12,14,13,12,9,14,1,10,1,12,2,13,6,4,7,6,14,6,2,0,14,3,6,14,8,11,6,10,10,14,14,4,0,7,12,13,13,9,12,7,6,2,14,5,3,10,0,10,2,10,5,7,11,9,11,3,12,7,2,5,5,12,11,1,2,13,9,5,6,5,0,8,10,11,6,8,14,8,7,1,1,9,3,11,0,7,13,2,2,3,2,12,1,10,14,6,0,2,6,13,8,10,1,14,4,12,4,14,0,14,3,9,4,11,9,0,5,4,6,11,13,0,8,14,7,4,2,4,14,6];[[0.49734142093980327,4.973414209398033,1.0],[0.35999045686025677,3.5999045686025677,1.0],[0.7220617567237175,7.220617567237175,1.0],[0.44672126724761885,4.4672126724761885,1.0],[0.4533596515962979,4.533596515962978,1.0],[0.025925678678183073,0.25925678678183073,1.0],[0.33490089376309407,3.3490089376309404,1.0],[0.4755440242737675,4.755440242737675,1.0],[0.45132356511490823,4.513235651149082,1.0],[0.08788974506102976,0.8788974506102976,1.0],[0.29509671683068217,2.9509671683068217,1.0],[0.33863234208051063,3.3863234208051063,1.0],[0.9020959027552419,9.020959027552419,1.0],[0.7173473735926632,7.173473735926632,1.0],[0.8986159167700656,8.986159167700656,1.0]]
2c_Hurink_rdata_38_workers.fjs;4037.0628403193928;404664;[93,160,255,481,547,745,849,856,1391,1840,157,363,458,857,1147,1303,1542,1778,1871,1887,13,191,377,752,909,1055,1074,1602,1737,1831,126,178,236,307,938,1063,1469,1526,1574,1710,0,205,343,395,585,730,1007,1148,1242,1773,191,307,725,737,838,1094,1271,1533,1664,1831,191,285,609,909,945,1266,1271,1338,1594,1664,387,463,638,698,792,984,1090,1407,1526,1849,48,162,463,638,800,1122,1478,1629,1754,1860,45,413,705,927,1018,1296,1499,1617,1707,1780,0,8,151,294,657,970,1205,1243,1281,1445,510,604,724,780,1144,1334,1391,1469,1556,1612,106,381,482,554,698,838,899,991,1301,1407,0,208,232,894,1018,1174,1203,1277,1303,1554,0,54,103,207,233,343,377,952,1234,1520,0,445,499,580,659,749,780,857,1074,1498,78,159,285,525,638,749,1091,1242,1664,1727,0,160,250,309,469,745,878,1448,1657,1778,331,554,642,825,979,1266,1338,1397,1499,1533,178,275,316,440,466,648,920,1281,1393,1707,78,307,416,510,537,819,878,1203,1448,1629,84,114,518,849,963,1422,1502,1552,1617,1677,54,626,747,800,1082,1432,1466,1550,1710,1809,54,128,421,585,621,913,1096,1186,1414,1621,23,250,620,724,817,950,979,1074,1292,1773,0,188,311,458,499,984,1091,1174,1243,1335,365,909,1148,1243,1302,1334,1484,1636,1701,1824,8,114,143,301,381,465,530,579,665,1033,0,422,525,719,753,909,1091,1163,1533,1675,23,100,363,589,944,1071,1094,1358,1563,1657];[0,2,3,7,9,7,7,6,1,0,9,4,1,2,8,9,1,4,7,8,4,9,9,9,5,6,5,6,9,3,1,5,2,6,3,9,3,4,0,7,9,0,2,5,1,1,4,5,7,5,4,2,1,4,5,3,9,2,2,9,1,5,1,8,8,0,3,0,2,6,2,4,6,8,5,4,9,5,1,4,9,8,2,9,6,8,5,1,0,1,7,6,5,0,2,8,0,4,3,7,3,3,9,3,6,5,4,2,4,4,1,3,9,8,2,1,7,6,5,9,9,1,6,7,3,8,4,3,5,3,4,6,8,3,8,1,6,1,7,4,2,0,4,7,0,7,5,9,8,8,1,5,0,0,4,8,2,0,7,3,1,6,1,8,0,6,8,5,3,2,5,0,7,8,4,5,9,3,9,6,0,6,1,4,9,1,3,4,2,7,1,0,6,5,9,7,8,2,9,4,6,7,0,3,8,9,7,1,0,5,2,5,4,8,7,8,8,3,3,1,4,8,1,3,9,3,7,8,5,1,2,7,3,5,5,4,6,2,2,7,5,3,2,0,1,2,0,6,7,1,7,3,0,0,5,1,1,4,3,8,7,0,9,6,1,6,7,8,8,4,6,2,8,1,3,0,5,2,5,2,0,9,3,1,4,7,4,3,6,7,2,3,3,4,6,3,2,2,1,0];[13,7,12,12,13,0,0,8,8,3,3,0,2,14,4,12,5,8,10,2,11,8,4,7,9,9,10,0,14,4,0,5,14,6,4,8,4,14,8,1,0,1,7,6,5,13,14,8,9,7,0,14,1,12,4,11,13,13,14,11,4,4,10,3,3,13,3,1,1,5,8,6,2,2,3,8,7,14,7,12,1,12,12,0,2,14,9,6,3,8,8,5,5,12,3,11,3,3,8,6,6,2,1,0,6,11,0,5,14,7,14,3,14,4,2,8,11,1,12,9,3,6,9,9,3,9,10,1,5,12,9,2,3,11,13,5,5,12,4,4,11,11,4,9,1,14,12,1,11,12,14,3,10,0,10,6,6,0,9,8,0,2,12,11,13,1,3,4,1,12,12,14,10,1,8,9,2,1,13,2,9,8,1,3,10,6,7,10,6,2,1,9,2,12,13,9,13,10,2,2,12,10,10,11,11,12,1,13,0,5,10,2,6,9,5,12,13,10,4,4,5,3,13,5,5,0,6,7,0,13,9,9,7,14,5,6,0,3,3,12,7,11,6,11,13,8,9,1,7,10,10,10,12,14,0,6,13,7,0,2,14,12,10,2,1,0,11,10,7,12,6,1,12,11,11,10,3,1,4,3,5,9,7,12,10,0,5,1,6,0,12,11,5,12,7,0,8,3,5,9];[[0.4211249061401,4.211249061401,1.0],[0.9761073344853062,9.761073344853061,1.0],[0.6132800246752349,6.132800246752349,1.0],[0.6930423279788359,6.930423279788359,1.0],[0.5088628354481554,5.088628354481553,1.0],[0.18781156668551158,1.8781156668551158,1.0],[0.830121874145001,8.301218741450011,1.0],[0.8449241651217704,8.449241651217704,1.0],[0.20962821201639004,2.0962821201639006,1.0],[0.6505169872996391,6.505169872996391,1.0],[0.7003316191510263,7.003316191510263,1.0],[0.7150339547653067,7.150339547653068,1.0],[0.8091072451390076,8.091072451390076,1.0],[0.8451978833841938,8.451978833841938,1.0],[0.3695849781386673,3.695849781386673,1.0]]
2c_Hurink_rdata_38_workers.fjs;4674.440166772289;872184;[0,115,239,334,1146,1236,1338,1344,1439,1842,516,694,800,921,1022,1259,1342,1622,1727,1748,0,169,266,672,739,921,986,1488,1696,1884,53,105,277,820,854,947,1107,1136,1266,1399,221,303,789,947,995,1614,1701,1922,2020,2071,200,303,990,1072,1274,1439,1670,1770,1842,1956,105,829,961,993,1014,1166,1217,1479,1845,2017,13,194,227,800,954,1030,1233,1765,1922,1952,46,178,239,278,439,603,1194,1547,1622,1895,104,489,564,964,1020,1136,1235,1756,1844,1897,380,429,646,652,732,866,964,979,1467,1547,49,115,695,789,854,1137,1210,1977,2061,2153,0,39,101,1037,1300,1410,1422,1436,1660,2045,0,49,324,471,516,852,1032,1694,1744,2101,265,399,439,1024,1104,1146,1648,1926,1956,2011,652,785,866,1032,1097,1436,1494,1790,1990,2145,0,49,210,231,1180,1266,1459,1648,2020,2033,514,649,1078,1137,1504,1553,1630,1844,1991,2074,564,649,732,800,866,950,961,1053,1614,2074,226,360,695,1189,1194,1484,1597,1703,1790,2070,147,209,613,840,1494,1553,1614,1701,1990,2030,258,1097,1140,1348,1422,1554,1642,1839,2000,2066,115,313,382,548,1022,1284,1552,1662,2045,2155,161,239,382,572,1005,1269,1340,1514,1952,2162,79,105,197,390,543,646,900,1210,1494,2102,101,150,849,1473,1594,1625,1765,1866,1899,2162,0,389,800,1037,1104,1313,1410,1494,1956,2144,226,302,407,469,654,979,1140,1189,1342,1653,169,221,716,947,1031,1285,1340,1573,1903,2035,138,514,777,852,940,1194,1845,1895,2033,2101];[0,2,3,7,9,6,7,5,1,0,3,0,1,2,3,9,1,4,7,8,8,3,3,9,5,6,5,1,9,0,1,5,0,6,3,4,3,4,0,0,0,4,2,8,1,9,6,5,1,8,4,7,1,6,5,5,4,2,8,9,1,6,1,8,8,0,3,0,9,6,2,4,7,0,5,4,9,5,1,1,9,8,2,8,0,8,5,4,0,1,9,0,5,9,2,3,2,4,3,7,8,6,1,3,6,5,4,7,4,1,4,3,5,8,2,1,7,6,5,9,9,1,8,7,3,8,4,3,5,3,2,6,1,3,8,1,6,1,7,2,9,0,4,7,9,0,5,9,4,4,1,3,8,0,8,4,2,0,7,3,4,7,1,8,0,8,7,2,3,2,6,0,0,7,7,5,9,4,9,3,0,6,1,5,9,1,3,4,2,7,1,0,2,5,4,0,4,2,9,9,6,7,5,3,5,9,7,4,0,5,2,5,6,0,6,8,8,7,8,1,4,3,6,3,4,3,7,8,4,1,4,1,3,5,9,4,6,6,2,7,5,3,2,1,1,9,0,6,7,4,7,5,0,0,5,7,1,4,3,8,5,8,9,2,1,8,7,8,3,4,6,2,8,1,5,0,5,2,9,3,0,9,3,5,1,7,4,3,6,8,3,9,2,4,6,3,6,2,0,0];[8,13,2,7,2,1,1,7,11,2,1,12,4,14,4,2,14,9,8,2,1,14,5,7,9,6,8,3,0,11,0,5,3,6,9,12,7,6,8,8,6,1,7,13,2,11,9,8,3,14,0,8,10,6,4,12,9,13,0,9,7,14,7,4,14,1,3,7,4,7,9,2,5,2,3,12,7,10,6,2,1,3,14,11,13,5,6,2,10,8,8,7,5,12,2,13,14,7,5,7,3,0,1,6,8,13,11,9,13,3,13,1,5,0,10,0,11,14,12,14,0,7,11,2,9,1,10,0,12,12,7,10,2,1,12,5,5,1,14,6,11,4,10,9,9,14,6,3,11,12,4,10,12,0,5,9,1,0,5,11,10,11,12,4,13,5,1,11,1,4,11,14,0,12,9,7,0,7,10,5,9,11,3,12,8,6,5,12,6,2,1,13,13,4,12,5,10,5,8,13,5,5,10,10,4,6,5,6,7,1,14,14,11,2,2,4,7,10,2,3,9,10,9,3,5,0,11,7,9,9,6,7,7,1,7,7,6,14,6,5,3,0,10,14,13,0,9,0,14,11,2,1,11,10,0,8,12,9,5,2,4,12,9,10,6,0,14,12,3,10,12,9,8,9,13,11,3,14,4,1,4,9,1,4,9,3,5,1,0,8,4,0,0,4,0,4,8,2,6,1];[[0.4831103964860096,4.831103964860096,1.0],[0.9021829992468611,9.02182999246861,1.0],[0.5374571935128641,5.374571935128642,1.0],[0.8761340971511191,8.761340971511192,1.0],[0.573156942708234,5.7315694270823405,1.0],[0.994523847851402,9.945238478514021,1.0],[0.3574465703190305,3.574465703190305,1.0],[0.6617299629663892,6.617299629663892,1.0],[0.4882872262788658,4.882872262788657,1.0],[0.5726412824777106,5.726412824777106,1.0],[0.32388398325139345,3.2388398325139347,1.0],[0.8072354510963532,8.072354510963532,1.0],[0.8087324055796944,8.087324055796945,1.0],[0.660852452150834,6.60852452150834,1.0],[0.5802577271631468,5.802577271631469,1.0]]
2c_Hurink_rdata_38_workers.fjs;4812.853514855348;267792;[417,708,805,1006,1068,1397,1504,1721,1812,1926,154,501,594,1057,1240,1370,1779,1823,1904,1921,275,423,521,1157,1226,1510,1647,1722,1959,2145,75,655,1150,1461,1470,1570,1638,1964,2057,2147,672,1182,1349,1397,1536,1564,1581,1671,1762,2138,138,1035,1132,1349,1433,1693,1895,2000,2061,2162,75,171,423,568,700,861,921,1092,1504,2097,68,429,568,960,1085,1117,1465,1515,1971,1988,171,759,833,988,1671,1754,1909,1998,2044,2179,0,99,537,566,789,988,1028,1092,1182,1304,0,173,269,852,1044,1137,1461,1923,2006,2095,581,658,932,962,1017,1240,1305,1536,1763,1820,23,255,269,341,700,786,954,1490,1868,2016,77,406,501,568,614,773,1470,1511,2029,2127,49,264,969,1327,1334,1703,1875,1929,1994,2050,48,269,508,620,783,1290,1722,1864,1921,2211,0,48,697,797,810,903,1270,1321,1771,1964,0,23,68,222,406,501,1590,1748,1932,2016,188,269,346,435,588,1017,1325,1619,1671,1813,122,361,417,696,862,1097,1182,1397,1510,1754,341,501,1290,1450,1586,1671,1887,1909,2128,2205,106,545,701,903,1207,1290,1490,2057,2114,2145,269,433,528,851,962,1211,1638,1813,1909,2044,48,137,433,609,801,866,1137,1221,1794,2105,595,653,672,920,1029,1320,1515,1904,2095,2205,0,49,154,566,950,1305,1406,1587,1667,1722,321,602,812,862,932,1057,1221,1511,1864,2233,346,417,435,456,614,903,1820,1877,1968,2211,306,719,786,1282,1391,1581,1671,1787,2158,2228,0,269,696,708,954,1154,1274,1376,1470,1812];[0,2,2,7,9,7,8,6,9,0,3,4,6,2,3,9,8,4,7,0,8,9,9,9,5,6,5,1,9,3,9,1,2,6,3,4,3,4,8,0,9,0,2,8,1,1,6,7,7,8,2,7,1,4,5,3,9,2,2,7,7,5,1,8,8,4,3,0,7,6,0,4,7,8,5,3,9,5,1,0,7,9,2,4,6,8,8,1,0,1,9,6,5,0,2,3,0,4,3,7,8,0,9,3,6,5,4,2,7,1,1,3,9,1,2,1,8,6,5,3,5,1,7,8,3,8,4,2,5,3,4,4,8,3,8,5,6,1,3,2,7,0,9,6,0,2,4,9,4,4,1,5,6,0,4,4,2,0,7,3,1,6,1,8,0,6,7,5,3,2,5,0,3,1,7,5,9,3,3,6,3,6,1,5,9,1,3,4,2,7,1,0,6,6,9,0,8,2,9,4,7,9,6,3,5,9,4,1,0,5,2,5,6,8,6,9,9,9,3,4,4,8,1,2,9,0,7,8,4,1,4,1,3,5,5,4,6,2,2,7,5,3,2,0,1,2,3,6,7,1,7,2,0,9,5,1,1,4,3,5,5,0,9,6,1,8,7,8,3,4,6,2,4,1,3,0,5,2,5,2,0,9,3,5,4,7,4,1,6,8,2,3,2,4,6,8,2,5,0,6];[2,5,5,12,10,7,0,0,7,9,14,12,6,14,4,11,7,1,4,4,1,6,0,11,2,13,11,4,7,10,3,11,14,6,14,11,13,6,7,8,14,9,13,13,3,13,9,3,5,14,0,8,1,8,9,13,7,13,9,5,8,1,14,14,3,3,3,7,1,4,14,1,6,12,3,3,11,14,3,12,3,14,12,3,0,12,0,3,12,2,8,5,5,0,13,14,2,9,3,7,13,9,1,7,11,2,13,12,8,1,3,8,7,0,0,3,6,0,3,3,1,3,13,8,7,7,1,11,8,14,9,5,6,2,7,3,5,0,10,11,10,7,9,0,1,5,14,3,2,5,11,0,10,1,10,5,8,3,14,7,0,7,4,1,9,1,0,5,13,13,12,14,13,4,3,4,2,11,11,4,8,3,6,12,10,11,2,1,5,0,2,13,9,10,0,7,6,10,12,10,5,13,12,11,10,9,7,5,12,2,6,5,10,8,5,9,10,6,2,0,8,13,7,5,6,12,5,5,13,1,0,7,8,14,3,4,1,13,4,3,9,4,10,2,13,8,2,11,14,1,2,12,9,4,4,3,4,8,13,1,4,12,1,8,0,0,14,7,6,12,2,12,1,14,5,10,8,10,10,10,9,8,6,2,6,13,12,9,13,9,10,10,0,13,10,4,14,8,6,12];[[0.34661995661142697,3.4661995661142697,1.0],[0.2286410960833074,2.286410960833074,1.0],[0.012392470279078194,0.12392470279078194,1.0],[0.9308270259025113,9.308270259025113,1.0],[0.3225145761620236,3.225145761620236,1.0],[0.0006954578022455582,0.006954578022455582,1.0],[0.2097170717940725,2.097170717940725,1.0],[0.5179602272351016,5.179602272351016,1.0],[0.7628222106217201,7.6282221062172,1.0],[0.3089717897377221,3.089717897377221,1.0],[0.15113122452813788,1.5113122452813788,1.0],[0.07045772229012492,0.7045772229012492,1.0],[0.8725064026541692,8.725064026541693,1.0],[0.3074981421409557,3.074981421409557,1.0],[0.272859759997538,2.7285975999753798,1.0]]
2c_Hurink_rdata_38_workers.fjs;4332.418543927158;881664;[0,377,460,486,516,648,738,1019,1358,1776,60,126,374,692,939,1173,1325,1480,1943,1972,63,220,286,328,492,1119,1185,1259,1712,1962,511,609,775,1140,1168,1513,1597,1751,1780,1868,0,228,395,440,507,603,1233,1318,1894,1959,260,347,531,536,678,804,1113,1318,1473,1541,0,307,478,895,1049,1121,1258,1338,1805,1918,343,738,790,812,866,1055,1147,1457,1602,1993,0,173,561,579,846,1030,1096,1202,1248,1338,0,157,228,441,667,1631,1696,1813,1895,1959,171,186,567,706,809,978,1465,1541,1625,1751,46,146,235,297,486,809,1213,1415,1585,1642,0,266,431,499,589,801,1442,1513,1642,1768,64,529,628,864,1057,1259,1395,1486,1671,1924,47,471,655,801,1122,1213,1440,1685,1712,1780,557,628,688,895,943,1091,1130,1373,1600,1781,109,173,251,266,279,478,620,742,1081,1943,220,426,738,856,892,1063,1288,1451,1531,1712,0,103,187,266,935,1430,1459,1703,1768,1806,94,109,146,256,426,532,824,1258,1435,1531,64,227,266,351,365,824,1457,1479,1804,1824,33,545,745,900,1002,1358,1506,1604,1834,1866,104,276,426,960,1434,1442,1582,1685,1920,1972,579,692,772,898,934,1318,1400,1540,1602,1752,168,181,236,260,343,532,712,1524,1696,1829,0,104,227,752,758,1026,1119,1202,1233,1730,83,279,589,667,892,960,1324,1435,1611,1895,33,648,745,772,910,1473,1705,1829,1878,1980,330,492,629,858,864,945,1030,1248,1332,1400,0,395,790,863,935,1121,1147,1528,1616,1824];[0,2,2,7,9,7,8,9,3,0,9,0,6,2,0,9,8,4,7,5,4,7,9,9,5,6,5,2,9,3,0,2,0,6,3,9,3,4,8,0,9,4,3,5,1,9,4,5,7,8,2,2,1,4,5,5,4,2,2,7,1,5,1,8,2,0,3,0,9,6,0,4,6,8,5,3,9,5,1,0,4,9,2,4,0,3,5,1,0,1,7,4,5,1,2,3,2,4,3,7,3,3,0,3,6,5,4,2,4,1,8,3,5,8,2,7,8,5,5,9,5,1,8,8,0,8,4,3,5,3,2,6,1,3,8,5,4,9,3,4,9,0,9,7,3,7,1,9,0,4,1,5,0,0,4,3,8,1,7,3,1,7,1,8,6,6,9,5,3,2,6,0,7,8,7,5,9,2,4,6,3,6,1,4,9,1,3,4,2,7,1,3,2,4,4,7,4,7,9,9,0,9,5,3,8,2,4,6,2,5,2,5,4,8,7,9,8,9,3,1,4,3,6,2,4,3,7,8,5,1,2,1,3,5,5,4,6,6,2,7,5,3,2,0,1,2,6,8,7,1,8,5,0,9,9,6,1,4,3,5,7,8,8,6,1,8,7,8,8,4,6,2,8,1,3,0,7,2,9,2,4,3,3,1,4,7,4,1,6,8,2,9,9,9,6,9,2,5,1,6];[2,4,10,14,2,1,10,2,12,12,1,13,5,14,11,14,3,3,14,0,11,6,7,7,13,2,10,0,13,4,4,1,13,6,9,13,14,9,9,12,13,8,7,0,5,13,13,6,10,14,0,0,1,6,4,14,9,7,4,5,4,12,2,0,5,10,3,4,14,11,8,1,4,2,3,6,7,14,11,8,5,5,0,0,0,1,3,3,5,2,8,0,1,11,0,14,0,13,1,6,6,7,9,8,8,12,13,2,9,10,3,14,11,5,3,4,12,10,3,7,3,1,5,12,9,0,14,0,11,14,0,10,14,2,13,7,14,13,3,8,11,4,7,9,11,8,0,1,8,11,10,6,12,12,1,12,8,7,0,7,0,12,2,3,4,1,5,3,6,10,12,14,0,1,6,11,12,10,8,1,9,8,3,11,10,7,0,10,3,2,7,1,2,4,8,3,6,2,12,12,13,13,10,10,6,10,13,6,3,6,0,14,10,9,3,8,1,6,8,4,4,14,1,9,5,4,6,7,0,2,7,9,11,14,2,10,9,11,2,5,11,9,10,8,9,8,5,10,13,12,10,11,14,11,4,8,1,7,2,2,5,12,11,2,1,0,14,8,6,9,6,2,13,7,0,10,6,10,0,10,11,0,3,2,13,13,7,9,9,11,6,12,5,11,7,5,12,7,1,3];[[0.8559393885152179,8.55939388515218,1.0],[0.8004839408308784,8.004839408308783,1.0],[0.5938433496209707,5.938433496209708,1.0],[0.8870093324131678,8.870093324131679,1.0],[0.741558169706834,7.4155816970683395,1.0],[0.8097670389513107,8.097670389513107,1.0],[0.2247324103169328,2.247324103169328,1.0],[0.9761818800633866,9.761818800633865,1.0],[0.6339038774096737,6.339038774096737,1.0],[0.5580285642552777,5.580285642552777,1.0],[0.4463526500656817,4.463526500656817,1.0],[0.28336462923826333,2.8336462923826335,1.0],[0.9019880415639555,9.019880415639555,1.0],[0.03268507148422006,0.32685071484220063,1.0],[0.4362825217209084,4.3628252172090844,1.0]]
2c_Hurink_rdata_38_workers.fjs;4246.210036984365;692652;[0,254,332,522,722,967,1312,1361,1578,1938,0,31,310,543,636,809,905,1344,1401,1448,132,241,367,1114,1181,1519,1545,1623,1678,1799,0,56,93,164,435,809,867,896,1483,1578,56,268,356,493,913,950,1157,1283,1590,1639,346,524,584,589,796,866,1130,1578,1639,1740,84,179,281,310,723,795,800,1221,1396,1562,215,300,495,842,924,956,981,1005,1639,1812,179,454,712,1005,1106,1454,1700,1792,1839,1967,241,341,635,1073,1181,1242,1311,1394,1489,1812,105,491,570,686,1030,1371,1534,1639,1677,1839,30,133,316,364,672,781,969,1150,1448,1504,23,194,261,438,642,958,1330,1377,1731,1859,63,173,208,298,361,749,996,1110,1242,1550,227,479,524,1121,1189,1377,1476,1713,1751,1932,110,243,330,416,460,551,1319,1423,1554,1872,179,515,569,795,1048,1402,1473,1522,1713,1792,0,296,583,925,1073,1243,1330,1500,1545,1639,130,411,495,564,635,937,1130,1189,1758,1903,423,455,718,837,1079,1226,1378,1423,1625,1775,199,346,420,570,643,730,803,811,1005,1826,195,268,364,809,889,1139,1312,1330,1457,1488,133,179,438,796,1106,1187,1648,1781,1866,1918,0,30,343,708,905,1079,1207,1457,1677,1758,99,158,229,589,678,976,1283,1538,1638,1724,315,361,460,576,956,1238,1331,1500,1927,1953,0,114,179,672,1043,1215,1453,1578,1724,1913,23,318,434,969,1048,1203,1330,1378,1622,1678,78,130,171,417,837,913,996,1196,1454,1519,164,570,672,723,905,996,1161,1289,1510,1660];[0,2,2,7,9,7,8,6,9,4,3,4,1,2,8,9,8,4,7,0,8,7,9,9,1,6,5,6,1,3,9,2,2,6,2,4,3,4,8,0,9,4,2,5,1,9,4,5,1,5,7,0,1,4,5,5,6,2,8,9,7,5,1,8,8,0,3,0,9,6,0,4,6,0,5,4,9,5,1,4,7,8,2,9,0,8,8,1,0,1,9,0,5,1,2,3,0,4,3,7,8,3,0,3,6,5,4,2,7,1,8,3,9,1,2,1,8,5,5,5,5,1,6,7,0,8,4,3,5,3,0,6,1,3,8,5,6,1,4,4,9,0,9,7,3,0,4,9,0,8,1,3,6,0,4,4,8,1,7,3,4,6,1,8,8,8,9,2,3,2,5,0,0,8,7,5,9,2,3,3,0,6,1,5,9,1,3,5,2,7,1,3,6,4,5,0,7,2,9,9,6,9,5,3,5,2,7,6,2,5,2,5,4,8,2,8,7,3,3,1,4,8,1,2,9,0,7,8,5,1,8,1,3,5,9,4,6,0,2,7,5,3,2,1,1,2,6,6,7,4,8,5,0,0,5,1,1,4,3,5,7,8,9,6,1,8,7,8,3,4,6,5,8,1,3,0,7,2,4,4,0,9,3,1,1,7,4,2,6,7,2,6,3,4,6,3,6,2,0,0];[6,6,1,0,2,0,7,14,7,13,8,10,9,14,4,7,2,12,10,11,0,3,12,7,9,6,12,9,4,9,4,7,14,6,9,9,13,9,3,2,13,2,7,14,5,13,13,4,0,7,0,5,1,12,10,4,10,13,0,9,3,2,0,4,0,1,3,7,7,4,7,4,8,14,3,14,1,10,13,12,8,12,8,4,14,14,11,2,11,8,8,2,5,11,7,13,1,13,9,6,13,6,8,11,3,11,2,5,3,13,0,10,0,3,6,14,5,11,12,12,5,14,11,2,3,9,7,1,13,14,3,7,1,7,13,5,2,0,3,5,11,10,11,9,3,9,9,1,14,11,1,10,4,4,7,13,8,3,1,10,6,1,5,13,12,0,5,7,5,11,12,14,0,8,9,6,0,10,14,1,9,8,9,3,7,11,3,6,2,7,2,5,9,14,8,7,6,10,10,4,4,12,5,10,8,10,4,8,14,8,3,5,9,1,10,1,0,10,2,8,11,13,14,5,4,11,4,3,0,9,9,9,11,1,6,2,4,1,6,12,12,10,6,13,13,8,11,10,11,5,10,14,11,8,4,2,5,11,5,2,11,12,11,0,9,0,11,3,10,13,12,8,3,9,5,12,13,3,8,9,4,13,5,10,11,0,7,5,4,0,12,6,14,4,7,3,10,6,13,2];[[0.5198238265685563,5.198238265685563,1.0],[0.9583988744400509,9.583988744400509,1.0],[0.3402956357666065,3.402956357666065,1.0],[0.7081849781179302,7.081849781179303,1.0],[0.9252189405445452,9.252189405445453,1.0],[0.05032666735654623,0.5032666735654623,1.0],[0.6613275461751585,6.613275461751585,1.0],[0.82711411373077,8.271141137307701,1.0],[0.8734961127808921,8.734961127808921,1.0],[0.5913019030238962,5.913019030238962,1.0],[0.11264722490163037,1.1264722490163037,1.0],[0.34477784983246407,3.4477784983246407,1.0],[0.011377599382669468,0.11377599382669468,1.0],[0.7909742881977946,7.909742881977946,1.0],[0.3277964015146908,3.277964015146908,1.0]]
2c_Hurink_rdata_38_workers.fjs;4063.3477976058157;744132;[70,232,374,398,427,574,692,705,934,1240,0,638,921,974,1062,1148,1296,1494,1542,1888,160,206,528,619,1014,1067,1418,1637,1732,1840,32,116,158,521,602,698,813,842,870,1713,400,610,1251,1296,1346,1371,1410,1542,1642,1762,0,86,364,530,602,722,777,1701,1762,1823,14,225,321,516,698,916,981,1048,1191,1795,440,610,901,1162,1209,1328,1497,1632,1706,1795,84,273,326,688,1086,1148,1365,1446,1625,1864,269,968,1062,1072,1222,1251,1346,1542,1651,1758,32,70,182,392,652,813,1079,1569,1662,1736,62,128,158,288,398,440,667,974,1070,1522,142,568,638,754,848,1173,1186,1370,1788,1888,49,323,502,575,619,692,1039,1209,1736,1844,193,568,870,1079,1209,1517,1693,1705,1823,1877,207,321,368,447,491,716,747,1043,1100,1256,137,204,350,536,960,1282,1328,1393,1489,1860,128,349,461,745,848,932,968,1095,1148,1567,193,353,434,502,784,1238,1313,1370,1533,1569,0,153,269,374,379,736,831,921,1273,1500,81,142,189,273,468,536,921,1186,1422,1713,344,450,813,1257,1313,1412,1497,1558,1632,1770,0,49,154,781,1113,1240,1393,1446,1569,1721,0,497,619,777,1127,1423,1500,1572,1625,1701,92,115,153,244,916,1014,1086,1162,1273,1533,42,177,502,580,1042,1077,1249,1628,1707,1747,0,450,528,652,775,1051,1148,1191,1666,1819,0,70,392,580,895,974,1086,1181,1361,1454,0,348,736,1070,1116,1284,1351,1450,1572,1849,116,162,516,848,1252,1343,1365,1492,1570,1693];[0,2,2,7,9,7,8,6,3,4,9,0,6,5,3,9,8,4,7,5,8,9,3,9,1,6,5,6,9,0,9,5,0,6,2,4,3,4,8,0,0,0,2,5,1,1,6,8,1,2,2,2,1,6,5,5,4,2,8,9,1,5,1,6,2,0,3,0,7,6,2,4,7,0,5,4,9,5,1,0,9,8,2,9,6,8,8,1,0,1,9,4,5,9,2,8,0,4,3,7,8,6,9,3,1,5,4,2,4,4,4,3,5,3,2,7,7,6,5,9,9,1,6,7,3,8,4,3,5,3,4,0,1,3,8,5,4,1,3,4,7,0,4,7,0,7,1,9,8,8,1,5,8,0,4,4,8,2,2,3,4,7,1,8,8,4,9,2,3,2,1,0,3,1,7,5,9,4,3,3,3,6,1,5,9,1,3,5,2,7,1,3,6,5,5,0,8,2,9,3,7,7,5,3,8,2,7,6,0,5,2,5,6,0,2,9,7,7,8,1,4,3,1,2,9,3,7,8,5,1,8,7,3,5,5,4,6,0,2,7,5,3,2,0,1,2,0,6,7,1,8,2,0,9,9,1,1,4,3,5,7,8,9,2,1,8,7,8,8,4,6,5,4,1,5,0,7,2,9,3,0,3,3,1,4,7,4,2,6,7,2,6,9,0,6,8,6,5,1,6];[6,4,1,7,10,6,14,6,7,10,1,2,10,1,11,14,9,14,9,8,1,6,5,11,7,8,10,14,10,3,12,5,2,6,4,0,7,14,0,2,1,1,12,14,2,13,9,10,11,4,5,5,1,12,10,12,12,13,0,2,2,3,2,10,10,10,3,12,6,9,4,8,14,7,3,8,6,10,12,14,1,5,4,7,14,5,11,3,8,2,8,0,5,12,13,14,14,14,0,6,14,9,12,0,9,2,2,5,5,12,13,10,5,9,2,2,8,4,3,7,12,12,1,9,7,12,8,0,8,12,9,1,7,11,13,12,9,7,5,10,14,8,5,9,11,10,14,1,7,14,9,11,5,6,8,5,3,10,8,1,0,11,0,11,13,11,9,4,4,13,13,9,9,13,6,12,2,2,10,13,5,12,14,1,13,5,12,7,0,7,9,14,6,10,8,1,11,14,6,2,0,1,12,7,13,10,4,9,3,8,10,5,12,4,1,1,8,9,1,13,13,3,7,8,10,0,1,5,0,9,10,2,3,14,4,6,3,1,12,3,14,4,10,10,9,8,9,3,0,11,8,13,14,5,4,13,5,5,0,1,7,8,3,0,11,0,0,12,6,12,6,10,13,14,11,10,7,1,3,2,4,13,2,5,6,2,5,11,4,0,3,8,5,9,7,4,9,12,6,7];[[0.18019241848515155,1.8019241848515155,1.0],[0.48736227300275514,4.873622730027551,1.0],[0.07759170039841756,0.7759170039841756,1.0],[0.5225667244081349,5.2256672440813485,1.0],[0.9196433340252647,9.196433340252646,1.0],[0.8762509611803474,8.762509611803473,1.0],[0.5029695910906639,5.029695910906638,1.0],[0.8160267976375112,8.160267976375112,1.0],[0.8059112000327816,8.059112000327817,1.0],[0.2140591090540045,2.140591090540045,1.0],[0.08805821114486456,0.8805821114486456,1.0],[0.20329737064426556,2.0329737064426556,1.0],[0.5837360924329463,5.837360924329463,1.0],[0.6737333796339059,6.737333796339059,1.0],[0.1608013027204077,1.6080130272040771,1.0]]
2c_Hurink_rdata_50_workers.fjs;13286.3648695106;1135104;[2734,3862,4301,4933,3884,4357,4844,5557,1056,2594,3305,4844,2184,3338,4612,5415,1511,2157,2705,4619,0,920,1472,3063,2157,2678,3151,5349,104,970,1489,1511,0,104,2594,3268,664,3169,4007,4422,2961,3672,3953,4644,0,993,1812,3818,1812,2700,4207,5898];[0,1,3,3,0,1,2,1,3,0,2,1,0,0,2,0,0,1,2,3,3,3,2,3,0,1,2,3,0,0,0,3,0,1,3,3,2,1,1,0,2,1,2,0,2,1,2,3,1,1,0,3];[3,2,4,5,4,5,2,5,3,3,0,4,5,3,2,0,0,0,2,1,4,4,5,5,1,2,2,4,1,1,1,3,2,0,1,5,5,1,2,0,2,4,3,3,5,2,4,1,1,0,0,1];[[0.7773566427005639,7.7735664270056395,1.0],[0.6698255595592497,6.698255595592498,1.0],[0.09913960392481702,0.9913960392481702,1.0],[0.35297051119014544,3.529705111901454,1.0],[0.4679077429008419,4.679077429008419,1.0],[0.5346837414708775,5.346837414708775,1.0]]
2c_Hurink_rdata_50_workers.fjs;12692.267007210841;564144;[746,2073,3517,5023,2175,3551,4151,5023,0,949,3230,4745,1843,2163,4886,5084,24,1582,2329,3606,923,2750,5084,5683,0,1560,2175,4474,0,2498,3852,3875,642,1291,2752,3920,1350,2222,3832,4833,749,1092,2892,4038,11,749,2624,5439,0,280,3018,3230];[0,1,2,3,0,1,2,1,2,2,0,1,3,3,2,0,0,1,2,3,3,1,2,1,0,1,2,3,3,0,0,0,0,2,3,3,0,1,2,0,2,2,1,1,2,1,2,3,1,1,0,3];[3,3,3,5,4,5,5,4,0,0,0,3,1,5,2,0,3,3,1,1,4,0,3,4,3,3,2,4,5,2,2,2,2,0,5,1,2,3,4,0,0,2,1,0,4,1,4,1,1,0,2,2];[[0.7966509679599704,7.966509679599704,1.0],[0.05862623274803458,0.5862623274803458,1.0],[0.7602397739740907,7.602397739740907,1.0],[0.8627037401845356,8.627037401845355,1.0],[0.09127403464611428,0.9127403464611428,1.0],[0.9024924365975527,9.024924365975528,1.0]]
2c_Hurink_rdata_50_workers.fjs;13338.55454377481;3974436;[1003,1780,2187,4317,1640,2433,4661,5374,0,128,3125,5077,2779,3114,4463,4759,2507,3697,5374,5802,128,1929,2571,4265,104,2411,3580,4733,0,1665,2545,3760,0,804,1672,2225,875,1963,4491,4842,675,2187,3783,5576,11,675,2890,5282,1500,3114,3736,3941];[0,1,2,3,0,1,2,1,2,1,0,1,3,1,2,0,0,1,2,3,0,1,2,1,0,1,3,3,3,3,2,0,0,3,2,3,2,0,1,1,2,1,2,0,2,1,2,3,1,3,3,3];[5,3,5,5,4,0,2,4,1,4,2,3,5,5,2,0,3,1,2,5,1,3,2,4,4,3,0,4,3,0,5,3,2,3,2,1,2,4,1,1,0,2,0,1,5,4,4,5,1,1,5,2];[[0.5209484070219088,5.209484070219088,1.0],[0.42125020101147315,4.212502010114731,1.0],[0.22094517308324657,2.2094517308324657,1.0],[0.13033708391670573,1.3033708391670573,1.0],[0.48395776843282956,4.839577684328296,1.0],[0.6260889663051598,6.260889663051597,1.0]]
2c_Hurink_rdata_50_workers.fjs;12918.926160278002;4074624;[1279,2262,3041,3682,0,327,1435,3547,327,3383,4857,5855,0,1679,4659,4857,517,2961,4403,4992,2378,3547,4126,5828,1151,2411,3253,5306,340,1144,3363,3847,1175,2170,3588,4442,664,2433,3518,5717,323,3389,4293,4966,0,891,2148,3041,0,1704,2170,4098];[0,1,2,3,0,1,2,1,3,0,2,3,3,1,2,0,0,1,2,3,0,3,2,1,0,1,0,3,3,3,2,0,0,3,2,3,2,1,0,0,0,2,1,1,2,1,2,3,1,3,0,3];[3,3,4,5,4,0,2,2,3,4,0,1,1,5,2,3,4,3,2,1,1,0,0,2,3,3,1,4,3,0,5,3,2,0,4,5,1,3,3,3,2,5,4,2,5,5,4,2,3,1,1,1];[[0.49734142093980327,4.973414209398033,1.0],[0.35999045686025677,3.5999045686025677,1.0],[0.7220617567237175,7.220617567237175,1.0],[0.44672126724761885,4.4672126724761885,1.0],[0.4533596515962979,4.533596515962978,1.0],[0.025925678678183073,0.25925678678183073,1.0]]
2c_Hurink_rdata_50_workers.fjs;12738.38545290231;3243804;[128,1949,3899,5597,1167,2116,4214,4965,0,1032,4927,5675,2202,2522,3414,3917,1490,4214,4734,5279,0,1804,3612,4181,104,2094,3228,4730,920,2709,4121,4998,0,104,1724,3631,676,2136,3380,4730,1473,1663,2755,3414,12,993,1862,3111,732,2684,3705,4386];[0,1,2,3,0,1,2,1,2,0,2,1,3,3,2,0,0,1,0,3,3,1,2,3,0,1,0,3,3,0,1,0,0,1,3,3,2,0,0,1,2,2,2,1,2,1,2,3,0,1,0,3];[3,2,3,3,4,2,2,1,5,4,0,2,1,5,2,0,0,3,5,2,4,3,3,5,2,2,0,4,3,1,2,5,2,0,5,5,2,3,0,1,2,2,3,4,5,1,4,5,5,2,2,1];[[0.4211249061401,4.211249061401,1.0],[0.9761073344853062,9.761073344853061,1.0],[0.6132800246752349,6.132800246752349,1.0],[0.6930423279788359,6.930423279788359,1.0],[0.5088628354481554,5.088628354481553,1.0],[0.18781156668551158,1.8781156668551158,1.0]]
2c_Hurink_rdata_50_workers.fjs;12511.261815190534;2381760;[1837,3086,3358,4627,1514,2347,3442,4887,2474,4494,5048,5696,0,968,3244,3677,104,751,4634,5075,0,1272,1647,2864,944,1404,2487,2809,378,4155,4862,4898,0,1272,2328,4032,876,1836,3352,4627,750,1647,1934,2642,2580,3244,4155,5389,0,280,2127,3676];[0,1,3,3,0,1,2,1,0,0,2,1,3,0,2,0,0,1,0,3,2,1,2,1,0,1,0,3,3,1,1,0,0,3,3,3,2,1,0,1,0,1,2,0,2,1,2,3,1,1,3,3];[5,3,4,2,4,3,2,3,5,3,0,2,4,3,2,0,0,0,5,1,3,5,3,2,3,4,4,4,4,2,3,5,2,0,0,5,1,2,0,1,2,1,1,1,5,5,4,1,1,5,0,1];[[0.4831103964860096,4.831103964860096,1.0],[0.9021829992468611,9.02182999246861,1.0],[0.5374571935128641,5.374571935128642,1.0],[0.8761340971511191,8.761340971511192,1.0],[0.573156942708234,5.7315694270823405,1.0],[0.994523847851402,9.945238478514021,1.0]]
2c_Hurink_rdata_50_workers.fjs;12900.09167312437;2851512;[1623,2810,4259,5076,0,327,1289,3751,0,2442,3128,3972,0,459,2930,5049,1005,2319,3475,4758,783,2185,3972,5777,435,804,1723,2032,366,3449,3969,3995,323,1296,2627,4208,12,2577,3121,3747,1877,2067,4411,5070,2266,2963,4574,5492,0,827,2227,3096];[0,1,2,3,0,1,3,1,2,0,2,3,3,0,2,0,0,1,3,3,2,1,2,1,0,1,2,3,3,0,0,0,0,1,3,3,2,0,0,3,2,2,1,1,2,1,2,3,1,1,0,3];[3,0,3,5,4,4,1,4,5,4,1,1,2,3,2,3,3,3,0,2,2,4,3,2,3,1,2,1,5,2,0,0,0,0,1,5,1,4,4,3,2,2,1,0,5,5,4,1,3,0,0,3];[[0.34661995661142697,3.4661995661142697,1.0],[0.2286410960833074,2.286410960833074,1.0],[0.012392470279078194,0.12392470279078194,1.0],[0.9308270259025113,9.308270259025113,1.0],[0.3225145761620236,3.225145761620236,1.0],[0.0006954578022455582,0.006954578022455582,1.0]]
2c_Hurink_rdata_50_workers.fjs;13050.590209722925;1798212;[1473,2602,5116,5434,329,750,2937,4627,0,194,4005,4904,979,4321,5152,5350,652,1495,2753,3659,11,1986,2948,3566,1449,1473,2234,2388,1345,2234,3017,3041,1345,2109,3225,4000,0,3810,4633,5138,0,194,808,5434,1445,2755,3740,4633,418,2131,4952,5850];[0,1,3,3,0,1,3,0,3,0,0,1,3,1,2,0,0,1,0,3,3,1,2,1,0,1,3,3,3,0,0,0,0,2,2,3,2,1,2,1,0,1,2,1,2,1,2,3,1,1,2,3];[1,0,4,5,4,3,3,3,4,4,0,5,2,5,2,0,4,3,5,3,1,3,0,0,3,2,4,4,4,1,5,5,2,2,2,1,5,2,4,1,2,2,5,4,5,1,4,1,0,5,0,1];[[0.8559393885152179,8.55939388515218,1.0],[0.8004839408308784,8.004839408308783,1.0],[0.5938433496209707,5.938433496209708,1.0],[0.8870093324131678,8.870093324131679,1.0],[0.741558169706834,7.4155816970683395,1.0],[0.8097670389513107,8.097670389513107,1.0]]
2c_Hurink_rdata_50_workers.fjs;13657.116098787761;4078608;[2367,3004,4011,4879,0,323,2238,4693,190,3905,5320,6027,323,1763,2746,3004,1129,3149,4349,6122,0,1853,4044,4349,993,1040,1065,2981,968,3717,4590,5395,1017,1985,3530,4329,2959,3905,4612,4963,0,840,4605,5320,323,1065,1853,5639,682,1772,4478,5295];[0,1,3,3,0,1,3,0,2,2,2,1,0,0,2,0,0,1,2,3,3,1,2,1,0,1,2,3,3,1,1,0,0,1,3,3,2,0,1,1,2,1,2,1,2,1,2,3,0,3,0,3];[5,2,4,5,4,3,1,3,5,5,0,0,5,0,2,5,4,1,2,2,1,5,1,1,2,5,2,4,3,2,4,5,0,3,0,5,3,3,1,1,2,5,2,4,4,5,4,1,0,1,0,1];[[0.5198238265685563,5.198238265685563,1.0],[0.9583988744400509,9.583988744400509,1.0],[0.3402956357666065,3.402956357666065,1.0],[0.7081849781179302,7.081849781179303,1.0],[0.9252189405445452,9.252189405445453,1.0],[0.05032666735654623,0.5032666735654623,1.0]]
2c_Hurink_rdata_50_workers.fjs;13208.357606230711;4031748;[4075,4820,5065,5571,0,323,3203,4066,4701,4714,5387,6013,1074,1930,2692,3215,323,2388,3916,4699,1010,2512,2926,3835,2342,2366,2992,3600,1442,2366,4679,5040,957,1635,3131,4149,664,1710,2886,3600,1435,2493,2879,4965,0,891,4172,5065,0,280,809,2648];[0,1,2,3,0,1,2,1,0,0,2,1,0,3,2,0,0,1,2,3,3,3,2,1,0,1,3,3,0,0,0,0,0,2,3,3,2,1,0,1,2,2,1,1,2,1,2,3,1,3,3,3];[3,2,4,4,4,2,2,0,5,1,1,5,3,4,5,3,4,3,2,3,4,4,0,5,3,3,2,4,3,2,1,3,5,5,1,5,1,1,3,1,0,5,4,0,5,2,4,2,1,3,0,1];[[0.18019241848515155,1.8019241848515155,1.0],[0.48736227300275514,4.873622730027551,1.0],[0.07759170039841756,0.7759170039841756,1.0],[0.5225667244081349,5.2256672440813485,1.0],[0.9196433340252647,9.196433340252646,1.0],[0.8762509611803474,8.762509611803473,1.0]]
2d_Hurink_vdata_18_workers.fjs;2338.1416932836446;341400;[0,89,472,621,789,0,80,360,593,827,199,719,826,932,1004,239,287,372,595,1020,6,112,252,789,843,200,747,809,899,1011,66,200,248,357,577,30,199,259,329,738,129,385,547,667,984,323,503,595,731,879,152,199,409,513,1038,77,585,901,1067,1077,0,130,242,346,656,0,121,433,472,922,417,603,835,962,1048,0,292,797,875,1002,114,226,346,658,815,39,636,773,923,1038,414,434,656,735,899,114,377,433,503,968];[2,2,3,3,4,3,3,1,1,1,0,4,0,1,0,3,4,3,3,3,2,0,2,3,2,4,2,4,1,4,4,3,1,0,0,0,2,3,3,1,4,0,3,1,1,1,1,4,1,2,0,1,2,4,3,1,0,0,1,1,0,2,0,4,2,4,3,3,0,3,2,2,1,2,2,1,2,0,3,1,3,1,0,3,3,3,0,2,4,1,1,4,4,0,4,1,2,1,2,4];[0,6,2,2,6,1,1,4,5,6,6,2,2,4,2,1,2,1,2,0,3,5,6,2,0,0,0,3,1,6,2,5,4,6,1,0,3,1,1,5,2,2,2,5,2,4,6,0,5,5,3,4,6,0,4,4,3,6,3,2,6,6,5,3,0,2,0,6,3,0,0,1,6,5,1,4,0,0,4,4,1,4,6,6,1,1,3,4,2,3,4,5,4,1,3,4,0,1,4,3];[[0.7773566427005639,7.7735664270056395,1.0],[0.6698255595592497,6.698255595592498,1.0],[0.09913960392481702,0.9913960392481702,1.0],[0.35297051119014544,3.529705111901454,1.0],[0.4679077429008419,4.679077429008419,1.0],[0.5346837414708775,5.346837414708775,1.0],[0.9783090609123973,9.783090609123974,1.0]]
2d_Hurink_vdata_18_workers.fjs;2398.1245101448685;793956;[88,291,474,826,1056,328,628,674,744,890,116,328,514,652,864,94,232,613,736,1036,0,84,127,357,478,54,203,232,318,1042,141,211,389,724,1124,141,772,899,970,1008,0,541,724,839,1108,170,562,660,955,962,223,704,831,873,1051,84,486,759,855,864,0,308,384,478,664,291,370,586,731,955,0,553,752,909,1073,127,223,457,613,859,170,208,651,962,1051,81,357,826,1008,1103,270,389,586,674,937,0,177,250,464,896];[3,4,1,3,2,4,0,3,2,2,3,1,2,1,0,3,4,3,0,3,2,0,2,3,2,4,4,1,3,4,4,3,3,4,0,0,3,2,2,1,4,0,3,1,0,2,1,4,0,3,0,1,1,4,0,2,0,0,0,4,0,2,2,3,2,0,4,3,1,4,3,4,4,1,2,1,2,0,4,3,3,1,2,0,3,1,0,2,2,1,0,1,2,0,3,1,3,3,4,3];[4,2,6,0,5,5,0,0,3,5,4,2,0,6,4,4,2,1,0,0,5,5,1,3,0,0,2,6,4,6,6,5,2,6,0,0,2,6,3,1,3,2,2,1,0,5,6,5,0,0,3,4,6,0,4,6,5,4,3,3,6,0,0,4,3,3,6,0,5,4,4,1,6,1,5,3,0,5,4,6,1,6,2,2,0,1,1,2,5,3,4,4,3,1,5,2,4,1,1,3];[[0.7966509679599704,7.966509679599704,1.0],[0.05862623274803458,0.5862623274803458,1.0],[0.7602397739740907,7.602397739740907,1.0],[0.8627037401845356,8.627037401845355,1.0],[0.09127403464611428,0.9127403464611428,1.0],[0.9024924365975527,9.024924365975528,1.0],[0.7858960565941281,7.858960565941281,1.0]]
2d_Hurink_vdata_18_workers.fjs;2426.982809905376;4890900;[116,171,466,934,969,231,479,513,567,761,0,84,706,786,847,577,600,1013,1075,1102,76,379,649,715,774,209,493,647,816,926,379,440,493,704,918,0,76,419,723,990,0,53,297,782,854,194,438,528,720,856,332,693,854,863,1079,246,600,769,1079,1104,0,130,228,845,939,44,345,528,555,945,160,727,969,1025,1104,146,317,447,739,871,433,656,693,732,1025,151,206,402,1032,1114,151,273,384,644,814,0,283,317,555,659];[0,4,2,3,1,1,3,3,3,2,3,1,4,3,0,0,4,0,0,4,2,0,1,3,4,4,4,2,0,0,1,3,0,0,0,2,3,0,2,1,4,4,3,1,1,1,1,4,1,2,0,1,4,4,3,2,0,2,1,2,0,3,0,3,2,0,3,1,1,4,2,1,3,2,1,0,2,4,3,1,3,0,0,0,3,1,3,2,4,2,4,1,4,3,4,1,2,4,2,4];[1,1,4,3,5,4,1,2,1,3,0,6,6,6,3,4,2,3,3,2,5,5,6,0,3,0,0,3,5,6,3,5,3,2,2,2,2,0,3,5,4,4,2,2,6,4,6,5,1,5,3,4,2,0,6,6,4,0,1,5,6,0,5,4,1,0,1,0,6,4,2,5,2,0,4,6,0,1,4,6,1,1,6,1,6,4,3,2,2,1,3,4,4,5,3,1,1,6,0,0];[[0.5209484070219088,5.209484070219088,1.0],[0.42125020101147315,4.212502010114731,1.0],[0.22094517308324657,2.2094517308324657,1.0],[0.13033708391670573,1.3033708391670573,1.0],[0.48395776843282956,4.839577684328296,1.0],[0.6260889663051598,6.260889663051597,1.0],[0.6211218319323739,6.21121831932374,1.0]]
2d_Hurink_vdata_18_workers.fjs;2413.8427913924934;1318584;[284,463,631,1040,1089,141,352,503,714,1080,0,100,184,284,811,261,284,438,665,882,173,466,536,580,1026,54,257,352,606,926,225,399,714,811,958,583,756,811,924,1019,0,131,639,847,1077,161,419,747,951,967,419,509,608,665,788,43,80,131,343,686,0,406,482,576,897,286,501,580,696,838,80,344,509,803,889,200,321,554,897,991,399,440,791,926,1075,0,44,257,1026,1106,0,343,575,692,966,19,225,616,988,1080];[0,4,2,3,2,4,3,0,2,2,3,1,4,3,0,0,1,3,0,2,2,0,1,3,4,4,4,4,3,4,3,3,3,4,0,0,0,1,3,1,4,0,3,3,0,1,1,4,0,3,0,1,1,4,3,2,0,3,3,1,0,2,2,4,2,4,3,1,1,4,2,1,4,2,1,1,2,0,0,0,1,4,2,1,4,2,3,2,0,2,1,0,2,0,0,1,0,1,2,3];[5,1,5,3,5,0,1,1,3,5,0,2,3,6,2,4,3,2,3,3,2,4,4,2,1,0,2,4,3,5,6,5,5,4,2,0,4,5,1,2,3,6,2,6,6,1,6,1,3,4,3,4,2,0,6,6,3,4,4,1,6,0,3,4,0,2,0,1,2,4,5,5,6,0,5,0,0,5,3,1,3,4,3,6,3,5,4,1,5,0,4,6,6,6,3,2,4,1,0,1];[[0.49734142093980327,4.973414209398033,1.0],[0.35999045686025677,3.5999045686025677,1.0],[0.7220617567237175,7.220617567237175,1.0],[0.44672126724761885,4.4672126724761885,1.0],[0.4533596515962979,4.533596515962978,1.0],[0.025925678678183073,0.25925678678183073,1.0],[0.33490089376309407,3.3490089376309404,1.0]]
2d_Hurink_vdata_18_workers.fjs;2388.3747675481204;3262788;[0,66,254,606,1041,264,306,475,554,885,381,426,486,684,884,98,312,500,970,995,94,568,665,742,978,381,627,665,1004,1037,0,59,773,856,1008,77,179,544,643,894,103,160,258,428,684,218,486,862,997,1041,285,342,530,632,734,102,332,450,989,1097,159,305,374,773,885,0,342,537,791,1028,5,118,258,741,1080,0,179,820,923,1061,233,430,568,579,714,59,705,820,955,1013,189,209,374,579,1009,139,700,856,925,1033];[2,4,1,3,1,2,3,1,4,1,0,0,4,3,0,3,4,3,3,3,2,3,1,3,2,4,2,2,1,0,1,3,4,0,0,0,3,2,3,1,4,4,3,3,0,1,0,3,1,2,0,1,1,4,0,1,0,2,1,1,0,2,1,3,2,4,3,1,1,4,2,3,4,2,3,0,2,0,3,1,3,2,0,1,4,1,1,2,0,2,0,0,2,0,3,1,0,4,4,3];[6,2,5,2,4,0,1,3,0,0,1,4,6,2,2,3,2,2,4,4,1,4,4,3,2,0,5,3,3,2,3,5,5,1,0,0,2,1,6,1,2,4,2,5,6,5,4,3,1,5,3,4,3,0,1,4,0,1,6,4,6,6,2,4,6,2,5,5,6,0,6,3,4,0,6,0,0,0,4,4,1,3,6,3,4,4,6,2,0,4,6,6,6,6,6,5,1,5,5,1];[[0.4211249061401,4.211249061401,1.0],[0.9761073344853062,9.761073344853061,1.0],[0.6132800246752349,6.132800246752349,1.0],[0.6930423279788359,6.930423279788359,1.0],[0.5088628354481554,5.088628354481553,1.0],[0.18781156668551158,1.8781156668551158,1.0],[0.830121874145001,8.301218741450011,1.0]]
2d_Hurink_vdata_18_workers.fjs;2321.320121340583;2380068;[22,37,465,779,885,77,506,732,796,1052,28,129,268,516,813,0,22,123,324,812,78,189,227,910,1003,0,162,325,782,813,132,663,812,885,994,193,270,405,583,1005,178,410,615,702,903,568,650,732,912,1017,82,193,223,413,1001,0,189,413,508,704,238,269,338,495,728,0,87,440,607,908,237,592,650,713,962,333,551,878,908,981,116,485,540,919,1037,87,826,919,1001,1061,0,238,350,528,620,318,497,551,636,934];[0,2,2,3,1,3,3,0,4,2,0,0,0,1,0,0,1,3,3,3,2,3,3,3,4,4,2,4,0,2,1,3,1,0,0,2,3,1,4,1,4,0,3,3,1,1,0,4,0,3,0,1,1,4,0,2,0,3,1,4,0,2,2,4,2,3,4,2,1,4,4,0,4,1,2,0,2,4,2,3,3,1,3,1,4,1,3,0,2,2,1,1,3,0,4,1,0,3,2,3];[1,6,5,0,0,1,1,5,6,0,1,4,3,4,3,3,3,1,1,2,5,4,5,4,2,0,5,4,5,5,3,5,0,1,5,2,2,3,4,5,6,2,2,6,3,1,4,4,1,3,3,5,1,0,1,6,0,4,6,3,6,6,6,3,3,2,2,6,1,6,4,3,3,2,0,0,0,2,2,4,1,6,0,3,4,0,4,5,0,6,4,0,3,6,4,5,2,5,0,1];[[0.4831103964860096,4.831103964860096,1.0],[0.9021829992468611,9.02182999246861,1.0],[0.5374571935128641,5.374571935128642,1.0],[0.8761340971511191,8.761340971511192,1.0],[0.573156942708234,5.7315694270823405,1.0],[0.994523847851402,9.945238478514021,1.0],[0.3574465703190305,3.574465703190305,1.0]]
2d_Hurink_vdata_18_workers.fjs;2422.2198753660887;4651008;[366,583,636,711,1036,249,549,621,846,1105,504,712,860,928,983,176,315,434,583,1021,82,208,287,480,806,87,340,662,827,882,149,441,741,926,1054,0,88,199,622,831,0,77,588,859,1098,211,502,621,818,955,0,125,441,745,1057,88,276,339,432,1058,47,390,607,928,1038,249,390,592,771,971,0,328,680,744,1067,173,255,773,928,1062,142,152,211,248,827,165,332,504,574,745,480,503,682,983,1101,0,223,374,450,1058];[2,4,3,3,1,1,0,1,2,1,0,0,0,3,0,0,4,0,0,1,2,3,1,3,2,4,2,2,1,4,3,3,1,2,0,2,3,0,2,3,4,0,3,1,0,4,1,4,1,2,0,1,4,4,3,1,0,3,3,1,0,2,0,1,2,4,1,1,0,4,3,1,1,3,1,1,2,2,0,0,3,1,2,3,4,2,0,2,2,2,1,3,4,3,4,1,2,4,4,4];[0,1,2,0,0,3,1,1,1,4,1,2,0,0,3,5,2,4,4,2,3,6,3,1,4,0,0,3,0,6,6,5,3,5,2,1,2,4,4,5,2,5,2,4,0,3,6,0,2,5,3,4,2,0,6,4,4,4,1,4,6,3,6,1,1,2,0,3,6,4,4,3,1,1,4,2,0,2,3,0,1,2,1,6,3,3,5,4,5,4,5,3,4,6,3,0,0,6,2,3];[[0.34661995661142697,3.4661995661142697,1.0],[0.2286410960833074,2.286410960833074,1.0],[0.012392470279078194,0.12392470279078194,1.0],[0.9308270259025113,9.308270259025113,1.0],[0.3225145761620236,3.225145761620236,1.0],[0.0006954578022455582,0.006954578022455582,1.0],[0.2097170717940725,2.097170717940725,1.0]]
2d_Hurink_vdata_18_workers.fjs;2506.820528760854;3022128;[160,334,375,452,487,500,602,824,965,1042,166,279,970,1047,1106,87,523,958,1021,1130,76,160,249,659,1144,0,250,350,708,742,244,487,791,884,934,0,438,636,984,1076,197,250,349,587,968,0,37,526,589,1060,197,395,515,614,1040,297,349,791,1026,1050,0,215,602,704,793,0,108,587,687,941,160,438,542,884,1036,425,504,704,1097,1146,76,493,515,597,911,83,303,793,883,1146,494,526,737,884,1106,83,398,683,857,1038];[3,2,2,3,2,1,0,0,2,2,3,4,4,3,0,4,4,3,3,3,2,0,2,3,4,4,4,4,0,0,1,3,4,4,0,2,0,0,1,1,4,0,3,3,1,1,0,3,2,2,0,1,4,4,0,2,0,3,1,2,0,3,2,4,1,3,4,4,1,0,2,4,1,1,1,1,2,2,4,3,1,0,0,1,4,3,1,2,0,2,4,0,2,3,3,1,0,3,2,4];[5,6,1,3,6,4,1,0,3,3,2,4,6,6,1,0,2,2,2,3,5,4,2,4,4,0,6,4,3,2,3,5,5,4,5,3,4,3,1,2,4,1,2,5,1,4,4,3,1,5,3,5,1,0,4,6,0,4,4,5,6,0,6,4,6,2,0,3,1,5,6,2,4,1,0,0,0,2,4,6,3,1,6,2,4,3,3,1,5,3,3,6,6,6,6,2,6,5,3,1];[[0.8559393885152179,8.55939388515218,1.0],[0.8004839408308784,8.004839408308783,1.0],[0.5938433496209707,5.938433496209708,1.0],[0.8870093324131678,8.870093324131679,1.0],[0.741558169706834,7.4155816970683395,1.0],[0.8097670389513107,8.097670389513107,1.0],[0.2247324103169328,2.247324103169328,1.0]]
2d_Hurink_vdata_18_workers.fjs;2364.580259039567;3040308;[470,564,667,819,995,0,207,357,660,934,98,544,745,943,1003,563,601,666,979,1074,204,504,776,977,1037,0,87,118,317,416,298,357,584,809,945,43,147,411,819,1016,171,325,419,485,953,119,171,745,943,951,30,862,892,931,1013,261,419,842,970,1088,0,241,317,411,583,39,320,751,856,1013,579,667,751,852,939,0,119,475,698,900,111,202,228,241,525,0,77,498,613,814,77,241,470,792,1074,500,667,726,836,1067];[0,4,2,3,1,3,3,1,4,2,0,0,2,1,0,2,4,0,0,2,2,0,3,3,2,4,4,3,3,1,1,3,1,4,0,2,0,2,1,1,4,0,3,2,0,4,1,4,2,2,0,1,1,4,3,1,0,2,0,2,0,3,2,4,2,3,4,3,0,4,3,1,1,3,3,1,2,0,3,1,3,0,0,0,3,2,1,4,0,2,0,4,3,0,0,1,3,0,4,3];[5,2,4,0,5,1,4,1,2,4,4,5,1,4,2,3,2,0,2,2,3,5,5,3,3,0,3,1,4,1,3,5,6,4,3,2,4,0,5,5,5,6,2,2,3,2,6,4,5,1,3,0,0,0,4,4,3,4,6,4,6,0,0,4,3,6,2,0,6,6,4,6,3,1,2,4,0,5,3,5,1,2,5,1,0,5,5,6,0,3,4,5,3,6,3,1,3,6,2,0];[[0.5198238265685563,5.198238265685563,1.0],[0.9583988744400509,9.583988744400509,1.0],[0.3402956357666065,3.402956357666065,1.0],[0.7081849781179302,7.081849781179303,1.0],[0.9252189405445452,9.252189405445453,1.0],[0.05032666735654623,0.5032666735654623,1.0],[0.6613275461751585,6.613275461751585,1.0]]
2d_Hurink_vdata_18_workers.fjs;2508.9728986322853;3040908;[304,871,995,1074,1125,302,422,488,756,872,0,303,541,937,1050,497,674,756,834,1150,37,243,428,497,907,216,881,941,1017,1046,49,197,310,394,888,0,631,732,834,1078,0,180,281,329,472,342,452,542,754,1107,133,180,207,369,987,0,82,380,818,955,274,472,631,894,987,141,542,743,895,995,53,141,686,810,894,0,121,451,772,852,236,281,486,542,1095,206,252,608,674,725,141,401,542,608,827,341,610,686,772,908];[0,4,3,3,2,2,0,1,4,2,3,4,2,3,0,4,4,0,3,4,2,3,1,3,2,4,2,2,2,2,3,3,0,0,0,0,0,1,4,1,4,0,3,3,1,2,0,3,2,3,0,1,4,4,0,2,0,2,0,4,0,2,1,1,1,4,1,3,0,4,4,3,3,1,3,1,2,4,3,0,3,2,3,0,4,2,1,4,2,2,1,3,4,3,0,1,2,0,2,4];[3,2,0,0,5,4,2,4,0,0,2,0,1,2,1,0,6,3,0,0,5,4,6,3,6,0,0,3,4,5,6,5,3,2,5,0,4,5,4,6,4,6,2,5,1,4,5,3,4,4,3,4,2,0,1,6,3,4,3,0,6,6,2,1,6,2,0,6,5,2,4,5,4,1,3,3,0,0,4,3,1,4,0,2,3,3,1,6,1,1,4,3,5,5,3,6,1,0,6,0];[[0.18019241848515155,1.8019241848515155,1.0],[0.48736227300275514,4.873622730027551,1.0],[0.07759170039841756,0.7759170039841756,1.0],[0.5225667244081349,5.2256672440813485,1.0],[0.9196433340252647,9.196433340252646,1.0],[0.8762509611803474,8.762509611803473,1.0],[0.5029695910906639,5.029695910906638,1.0]]
2d_Hurink_vdata_30_workers.fjs;2732.557182844331;2729184;[0,82,298,409,579,720,809,976,1071,1133,132,166,198,295,602,642,687,768,811,1142,0,41,116,238,459,493,686,795,904,1188,119,341,495,561,628,909,990,1040,1088,1210,0,82,132,277,365,605,760,891,1193,1210,158,246,401,659,811,963,1028,1072,1133,1190,280,397,459,472,511,625,768,847,922,1129,166,349,414,492,561,642,734,760,937,987,67,77,166,261,298,688,862,985,1036,1137,149,255,365,485,664,738,810,891,990,1137,0,165,344,436,511,579,653,770,870,1003,0,142,334,436,492,561,627,722,1040,1252,0,266,480,518,635,734,883,1072,1129,1199,30,67,316,414,494,597,702,829,930,1042,0,30,176,261,352,724,764,922,1125,1175,64,165,261,344,508,870,949,1028,1209,1246,67,392,577,642,722,905,984,990,1064,1190,238,540,579,602,687,732,820,928,1013,1090,0,82,198,295,404,480,518,732,984,1042,397,627,820,862,962,1032,1075,1116,1142,1203];[7,4,1,5,8,2,0,2,5,4,9,6,0,0,0,4,9,7,7,8,1,5,8,8,3,2,1,8,8,8,0,2,9,1,6,8,5,5,2,4,2,9,1,3,6,6,0,2,4,3,1,9,1,6,2,1,4,3,0,5,6,3,2,0,9,7,4,0,7,6,9,0,0,8,3,0,0,9,9,0,1,3,4,5,9,5,6,4,7,7,8,2,5,1,4,8,9,9,8,9,3,5,8,4,0,7,8,5,1,3,4,8,4,8,3,2,5,6,9,2,9,8,9,4,2,4,8,4,5,6,6,0,9,7,6,1,3,7,4,6,6,0,3,3,2,8,6,0,1,2,7,2,4,3,7,5,5,1,9,0,6,8,4,3,1,3,8,7,0,0,7,8,0,9,7,3,3,6,6,1,8,2,6,7,9,4,5,7,3,0,6,2,1,4,9,2,8,8,3,1];[0,13,14,9,0,3,13,0,13,10,5,0,6,3,14,11,11,12,9,0,3,10,12,3,1,11,7,8,14,0,10,0,1,12,3,9,6,8,9,9,13,7,7,10,0,1,13,11,3,11,12,9,7,6,12,8,14,10,13,8,9,0,3,5,14,5,5,4,13,7,11,11,4,8,11,12,13,9,1,1,2,2,5,14,5,10,3,13,5,11,13,4,9,0,3,1,11,12,4,5,11,14,10,14,2,2,2,10,0,14,12,11,8,8,12,6,4,4,6,9,6,1,14,5,14,12,9,9,12,5,2,4,12,11,9,8,13,1,5,12,7,14,10,5,13,14,7,10,3,14,14,1,13,2,1,2,3,3,8,4,8,6,1,9,6,6,6,12,1,13,12,4,7,13,0,3,5,4,0,14,9,1,7,6,10,6,10,8,14,0,2,14,3,7,2,7,2,1,6,10];[[0.7773566427005639,7.7735664270056395,1.0],[0.6698255595592497,6.698255595592498,1.0],[0.09913960392481702,0.9913960392481702,1.0],[0.35297051119014544,3.529705111901454,1.0],[0.4679077429008419,4.679077429008419,1.0],[0.5346837414708775,5.346837414708775,1.0],[0.9783090609123973,9.783090609123974,1.0],[0.13031535015865903,1.3031535015865903,1.0],[0.6712434682302663,6.712434682302662,1.0],[0.36422941594737557,3.6422941594737557,1.0],[0.48883570716198577,4.888357071619858,1.0],[0.20301221073405373,2.0301221073405373,1.0],[0.6661983755713592,6.661983755713592,1.0],[0.2276630312069321,2.276630312069321,1.0],[0.4580640582967631,4.580640582967631,1.0]]
2d_Hurink_vdata_30_workers.fjs;2742.137451896344;2929680;[0,61,108,202,491,597,1089,1123,1162,1214,0,34,85,173,245,694,745,892,1037,1111,224,421,553,602,664,802,829,977,1153,1200,153,234,505,518,633,845,915,966,1142,1228,0,217,266,291,587,694,745,809,899,1063,0,291,329,421,487,563,647,690,950,1085,561,642,717,758,802,977,1031,1089,1165,1210,66,143,224,285,341,421,500,538,915,1162,0,11,110,788,874,899,976,1047,1067,1185,0,84,518,642,758,834,899,977,1020,1112,0,173,361,500,529,659,826,897,999,1136,210,260,266,361,417,487,706,767,807,917,85,209,523,647,719,852,1047,1082,1157,1208,82,285,416,563,642,745,857,1047,1112,1183,108,202,334,498,595,714,726,892,1020,1067,179,280,417,499,595,688,769,894,995,1165,34,110,173,201,266,593,688,711,799,1056,212,353,394,416,505,549,633,801,1123,1214,55,266,334,414,812,959,995,1101,1171,1192,139,209,268,414,478,553,595,690,745,1102];[2,8,9,4,1,0,2,9,5,4,9,1,5,1,5,4,7,3,5,8,1,2,8,0,0,3,5,6,2,2,3,9,9,9,6,7,6,7,1,5,4,2,9,8,4,0,0,2,2,1,5,9,4,6,2,3,2,7,0,7,1,5,0,3,0,9,2,0,4,8,1,0,3,4,2,4,0,4,7,2,1,6,7,8,3,4,3,9,6,7,3,2,7,9,8,1,9,1,8,3,8,5,9,4,0,8,8,8,7,5,5,0,1,8,3,3,5,5,9,2,6,8,4,4,2,5,0,4,8,6,4,3,7,9,1,1,3,3,4,0,8,9,3,5,2,4,9,0,1,5,6,5,1,2,8,6,6,1,5,0,7,3,2,0,2,7,4,8,7,9,7,7,7,9,6,6,3,6,2,9,0,0,0,5,4,5,4,1,6,9,8,2,7,0,8,2,5,2,4,7];[14,7,7,11,3,13,14,0,13,3,11,6,10,3,0,13,13,12,10,10,10,12,8,6,8,0,0,6,14,12,8,0,14,12,8,1,1,10,9,7,1,5,10,10,11,10,6,13,9,12,2,9,2,11,12,0,5,2,13,7,10,9,10,3,12,7,13,4,10,11,14,1,3,11,11,14,2,11,14,0,3,4,5,10,7,3,1,9,2,5,5,12,14,1,12,3,6,12,0,3,9,0,12,8,13,7,2,2,8,6,14,4,12,8,0,9,4,9,9,9,2,9,7,14,5,4,1,9,7,8,8,5,1,9,6,8,14,11,11,2,6,4,4,0,14,12,0,7,3,6,2,14,8,6,7,14,14,5,11,11,11,0,6,1,6,11,10,3,7,5,7,10,6,7,10,2,0,14,7,1,9,13,3,10,6,5,14,12,6,14,13,12,7,5,4,7,3,11,2,8];[[0.7966509679599704,7.966509679599704,1.0],[0.05862623274803458,0.5862623274803458,1.0],[0.7602397739740907,7.602397739740907,1.0],[0.8627037401845356,8.627037401845355,1.0],[0.09127403464611428,0.9127403464611428,1.0],[0.9024924365975527,9.024924365975528,1.0],[0.7858960565941281,7.858960565941281,1.0],[0.40667966546103385,4.0667966546103385,1.0],[0.37447264465852026,3.7447264465852026,1.0],[0.6490262282913547,6.490262282913547,1.0],[0.40092466608569977,4.009246660856998,1.0],[0.5721109226277574,5.721109226277575,1.0],[0.6077930620255084,6.077930620255084,1.0],[0.05072389565884072,0.5072389565884072,1.0],[0.7370880093375713,7.370880093375714,1.0]]
2d_Hurink_vdata_30_workers.fjs;2684.529845169289;2380824;[88,395,694,782,868,957,974,1094,1140,1191,0,176,232,320,760,801,832,976,1120,1140,200,264,402,424,549,637,702,1047,1128,1184,92,148,189,380,525,576,954,1009,1060,1140,0,84,503,763,862,869,928,976,1097,1176,39,424,512,620,690,702,824,866,1055,1163,86,172,304,319,564,742,798,898,976,1176,0,220,281,357,529,609,692,845,948,1200,165,281,371,461,495,616,694,792,856,974,0,88,502,546,654,895,974,1051,1100,1199,0,79,171,484,595,655,754,846,957,1038,84,117,171,336,634,702,782,892,1075,1191,0,87,165,188,418,531,703,724,1004,1178,0,37,200,295,383,484,564,829,1022,1128,232,371,531,620,637,690,721,954,1051,1097,131,320,451,579,690,754,923,1055,1140,1181,0,148,424,461,701,779,856,951,1051,1202,122,218,258,281,371,419,555,1014,1134,1163,0,131,211,455,769,852,888,1038,1073,1181,0,84,92,130,189,259,451,497,628,856];[1,0,5,1,1,6,7,7,6,2,8,1,5,0,1,4,0,6,6,8,4,2,9,7,7,0,2,0,1,8,5,1,7,2,1,7,8,7,3,2,4,2,2,8,4,4,0,3,2,3,8,1,9,6,2,8,8,8,8,7,6,3,8,4,8,2,2,3,4,4,2,9,6,3,2,4,4,9,7,6,1,3,6,9,9,5,1,4,6,0,6,0,5,5,1,9,5,9,9,1,7,3,9,4,9,7,3,2,1,6,4,8,6,8,8,9,5,0,4,6,5,9,4,5,2,0,6,2,8,5,1,1,7,7,4,3,3,3,4,0,2,9,6,0,2,6,4,2,5,5,8,5,1,3,3,6,8,6,3,9,9,5,9,6,7,7,4,9,7,9,3,8,3,9,1,5,1,2,7,1,3,2,1,7,9,5,5,1,1,7,0,5,7,7,0,8,8,8,3,7];[14,13,3,14,7,13,8,5,11,5,9,5,10,11,1,4,9,10,3,3,4,13,1,12,12,11,5,1,12,7,1,7,4,11,3,1,5,5,7,1,10,12,13,13,10,0,9,6,4,4,13,1,10,7,11,2,8,1,11,5,9,14,14,6,0,7,0,10,12,14,8,1,4,6,11,10,14,13,6,6,11,7,3,11,4,3,0,1,11,0,1,3,9,13,4,4,2,14,6,13,0,7,9,14,12,2,12,12,11,11,5,5,6,13,13,10,2,14,10,1,14,11,10,11,10,5,4,4,7,0,5,3,0,9,4,0,4,6,8,8,14,10,7,4,5,8,8,1,4,0,12,0,8,9,9,9,1,12,14,6,11,1,7,5,6,11,1,14,2,10,2,13,3,3,8,9,6,13,9,12,7,13,5,6,10,5,8,10,13,10,6,6,4,0,7,2,1,1,14,3];[[0.5209484070219088,5.209484070219088,1.0],[0.42125020101147315,4.212502010114731,1.0],[0.22094517308324657,2.2094517308324657,1.0],[0.13033708391670573,1.3033708391670573,1.0],[0.48395776843282956,4.839577684328296,1.0],[0.6260889663051598,6.260889663051597,1.0],[0.6211218319323739,6.21121831932374,1.0],[0.707277595965894,7.07277595965894,1.0],[0.43539590023548325,4.3539590023548325,1.0],[0.04809800715767443,0.4809800715767443,1.0],[0.2254847064342842,2.254847064342842,1.0],[0.788548045160999,7.88548045160999,1.0],[0.42108890435006496,4.21088904350065,1.0],[0.5652029481252892,5.6520294812528915,1.0],[0.6764042610645917,6.764042610645918,1.0]]
2d_Hurink_vdata_30_workers.fjs;2771.070312339143;1783488;[0,81,208,425,573,713,839,976,1057,1156,91,397,543,634,688,782,800,857,904,1228,0,452,583,606,739,811,835,921,1012,1082,88,150,280,326,640,671,795,1012,1177,1261,0,130,183,225,576,583,865,1002,1239,1256,41,165,286,371,492,618,683,725,1077,1150,137,232,463,504,545,708,760,921,1008,1109,0,71,129,189,259,339,426,525,980,1256,138,197,266,413,476,492,641,713,1002,1088,0,339,425,504,640,800,933,1040,1150,1243,76,163,225,272,634,875,921,1059,1158,1249,121,179,197,471,703,770,857,936,1059,1154,0,339,411,425,463,543,622,767,977,1166,266,453,670,760,850,994,1071,1106,1166,1214,71,130,305,396,606,722,813,936,1017,1167,41,138,300,440,800,864,943,1011,1074,1227,105,186,355,576,707,999,1074,1088,1134,1178,206,310,371,426,525,576,711,835,922,1086,0,129,232,326,530,671,725,857,980,1017,189,272,463,639,795,888,933,1031,1080,1154];[7,3,9,4,7,6,7,6,8,9,9,7,5,0,1,8,9,9,4,7,1,5,9,9,2,5,2,7,1,9,5,3,5,1,5,2,6,5,3,0,2,8,9,7,9,4,0,2,2,1,1,4,7,3,2,1,8,8,0,2,1,6,2,4,1,7,4,3,0,3,6,0,2,6,2,9,0,9,9,2,3,0,3,5,2,7,6,4,7,2,5,2,8,2,8,1,5,9,7,9,7,3,5,8,9,7,2,5,5,5,1,8,4,8,9,3,2,8,1,6,3,6,4,2,1,0,8,2,8,4,0,0,3,7,6,4,6,8,8,8,6,4,0,5,2,4,4,0,1,2,8,5,4,3,8,8,6,6,3,9,6,8,5,6,1,3,4,7,0,0,3,5,7,9,3,3,0,5,4,6,9,0,1,8,8,5,5,1,1,9,2,5,6,7,0,5,9,8,4,1];[9,5,12,11,12,4,14,9,10,2,11,14,13,3,1,2,10,5,4,2,4,9,10,4,5,8,6,14,0,14,2,2,5,13,0,14,12,6,1,4,11,1,7,3,7,11,13,13,6,12,12,4,4,4,12,8,8,1,13,5,6,9,3,12,0,3,11,3,4,7,13,1,10,1,11,3,6,1,4,13,2,0,0,7,6,6,5,5,8,4,14,10,0,14,9,2,0,11,4,14,6,14,8,14,6,2,2,9,3,9,14,2,13,0,0,9,3,4,6,1,0,11,1,1,13,10,0,10,12,11,10,5,10,14,9,2,0,11,14,5,10,4,6,6,11,4,11,7,9,6,4,3,8,8,7,7,8,7,1,14,7,9,9,1,6,5,2,12,10,13,4,12,1,10,8,14,12,0,11,0,6,13,1,5,2,12,8,6,13,0,5,2,1,2,13,12,13,1,3,12];[[0.49734142093980327,4.973414209398033,1.0],[0.35999045686025677,3.5999045686025677,1.0],[0.7220617567237175,7.220617567237175,1.0],[0.44672126724761885,4.4672126724761885,1.0],[0.4533596515962979,4.533596515962978,1.0],[0.025925678678183073,0.25925678678183073,1.0],[0.33490089376309407,3.3490089376309404,1.0],[0.4755440242737675,4.755440242737675,1.0],[0.45132356511490823,4.513235651149082,1.0],[0.08788974506102976,0.8788974506102976,1.0],[0.29509671683068217,2.9509671683068217,1.0],[0.33863234208051063,3.3863234208051063,1.0],[0.9020959027552419,9.020959027552419,1.0],[0.7173473735926632,7.173473735926632,1.0],[0.8986159167700656,8.986159167700656,1.0]]
2d_Hurink_vdata_30_workers.fjs;2793.972021574068;502740;[224,280,325,413,520,586,766,853,1117,1231,0,168,351,565,686,761,839,911,966,1231,0,41,108,401,577,774,957,990,1073,1142,75,520,687,812,876,907,1022,1115,1143,1276,13,112,230,275,392,496,901,1072,1161,1177,41,205,344,776,836,961,1062,1158,1215,1284,69,411,481,565,607,877,961,1076,1149,1239,0,132,193,284,328,472,725,907,1033,1076,204,351,427,523,591,606,687,756,944,1062,0,108,531,686,752,782,877,966,1149,1227,0,114,399,451,644,712,766,977,1073,1215,0,66,124,517,606,876,1073,1142,1178,1303,191,276,439,560,606,710,774,889,909,1143,0,47,173,261,350,681,761,853,921,1178,37,440,481,625,708,781,839,985,1078,1216,84,196,328,417,498,606,677,712,781,1111,39,125,168,214,439,800,905,944,1018,1062,0,75,166,191,280,413,586,824,876,1018,0,108,251,341,439,687,973,1123,1218,1276,205,276,350,523,582,649,765,849,1057,1229];[1,3,5,4,1,2,7,2,3,4,7,3,0,0,2,3,0,4,6,8,1,5,9,8,3,5,4,7,9,2,3,3,7,9,5,2,8,5,1,6,4,4,9,7,9,5,0,8,9,3,1,9,7,6,1,8,4,8,6,5,6,6,2,4,4,7,0,7,4,3,9,9,0,4,3,9,4,5,3,5,3,6,7,5,2,7,6,9,3,0,8,5,3,1,8,8,6,1,7,5,2,2,9,9,0,7,2,2,6,8,4,2,1,8,3,3,2,0,9,5,7,6,2,5,2,5,0,2,8,5,6,0,8,9,1,3,6,9,9,0,6,0,6,0,2,4,8,6,9,2,8,2,8,3,4,6,5,0,3,4,7,3,2,3,1,7,4,7,0,1,0,2,7,6,1,5,1,3,4,9,3,0,0,2,8,4,5,9,3,7,5,4,9,7,8,8,9,1,3,1];[14,5,3,3,14,12,11,10,2,13,8,10,12,11,1,0,1,12,4,11,4,9,3,14,3,8,10,7,12,12,6,6,3,10,0,0,5,9,9,2,11,5,12,4,1,5,6,5,11,11,10,12,7,14,6,2,10,1,14,5,8,10,10,1,12,5,1,13,10,7,7,1,9,0,13,1,7,7,0,7,0,9,7,3,0,6,4,7,8,8,5,12,13,9,5,1,11,6,4,4,3,2,1,2,2,14,12,12,0,13,14,4,14,8,3,3,1,14,6,4,8,12,8,5,9,3,3,13,1,3,2,1,13,1,4,0,6,8,13,8,6,14,4,1,11,0,14,9,4,1,4,6,0,13,11,0,8,8,4,3,14,0,6,0,6,11,12,3,10,6,0,13,8,5,8,9,10,0,9,1,13,9,9,6,0,6,13,8,10,14,11,13,11,0,7,14,13,7,2,12];[[0.4211249061401,4.211249061401,1.0],[0.9761073344853062,9.761073344853061,1.0],[0.6132800246752349,6.132800246752349,1.0],[0.6930423279788359,6.930423279788359,1.0],[0.5088628354481554,5.088628354481553,1.0],[0.18781156668551158,1.8781156668551158,1.0],[0.830121874145001,8.301218741450011,1.0],[0.8449241651217704,8.449241651217704,1.0],[0.20962821201639004,2.0962821201639006,1.0],[0.6505169872996391,6.505169872996391,1.0],[0.7003316191510263,7.003316191510263,1.0],[0.7150339547653067,7.150339547653068,1.0],[0.8091072451390076,8.091072451390076,1.0],[0.8451978833841938,8.451978833841938,1.0],[0.3695849781386673,3.695849781386673,1.0]]
2d_Hurink_vdata_30_workers.fjs;2818.078300317955;724632;[75,160,425,733,864,943,1057,1095,1171,1253,103,142,382,477,531,634,654,926,1248,1272,0,81,372,398,629,829,855,975,1139,1144,0,50,142,317,352,425,725,856,1187,1273,131,276,477,504,770,777,970,1073,1163,1273,102,276,300,378,550,655,716,768,865,1056,0,84,149,162,324,425,680,733,904,1052,0,149,219,324,546,810,1016,1044,1108,1180,62,219,292,395,810,856,1093,1161,1171,1259,235,447,544,586,759,810,1013,1144,1187,1272,218,326,457,634,655,723,814,885,975,1127,81,95,219,398,531,729,865,930,969,1161,395,475,565,726,824,975,1032,1052,1169,1223,0,81,200,383,464,602,680,1089,1161,1208,0,32,139,218,245,298,352,754,810,1248,0,162,245,317,565,654,778,969,1104,1208,0,84,127,155,893,970,1041,1047,1093,1215,84,504,546,569,876,921,1016,1143,1224,1296,0,363,544,635,729,824,876,1073,1140,1226,0,96,154,325,569,634,680,726,801,1060];[2,4,1,0,7,0,6,9,3,4,7,1,2,0,1,3,3,6,3,8,4,9,8,7,2,3,4,6,1,9,3,3,7,1,1,7,6,5,1,0,0,7,2,7,5,5,0,2,2,1,8,4,4,3,1,8,4,8,8,7,5,5,2,9,0,9,0,3,1,8,2,5,4,8,2,9,0,9,7,2,3,6,6,0,3,0,4,3,0,5,8,3,8,8,4,2,5,1,8,9,3,5,8,9,9,8,6,5,7,5,1,8,5,8,0,7,2,8,1,5,6,6,4,5,1,5,8,2,5,7,1,3,9,4,4,0,4,6,4,6,8,8,3,8,2,3,9,2,5,2,7,2,1,2,7,6,6,8,3,4,0,6,4,6,9,2,2,4,0,9,0,2,9,6,3,3,3,7,4,6,9,5,3,7,1,8,4,7,3,3,6,7,7,7,9,5,5,2,7,1];[6,2,10,14,8,8,9,1,2,14,8,12,3,3,1,0,7,11,7,11,0,2,14,0,9,3,10,0,12,8,6,0,9,10,11,2,7,12,9,5,5,2,14,14,4,2,3,7,6,9,11,8,5,4,6,2,13,13,11,7,3,4,3,3,13,5,14,9,13,5,2,8,2,8,7,9,11,1,13,10,0,4,3,8,10,1,0,4,0,13,13,7,5,4,0,7,12,12,4,7,11,0,6,2,5,2,2,12,9,5,3,9,1,12,2,12,6,2,2,0,13,11,14,11,13,7,4,14,13,10,5,1,3,9,4,12,9,11,3,1,7,11,6,6,5,6,10,5,1,6,12,14,7,12,10,0,3,5,10,7,4,7,14,9,3,8,13,8,8,3,5,0,13,11,10,14,3,5,11,0,1,1,9,6,6,4,0,13,13,6,10,13,7,9,0,1,3,4,8,2];[[0.4831103964860096,4.831103964860096,1.0],[0.9021829992468611,9.02182999246861,1.0],[0.5374571935128641,5.374571935128642,1.0],[0.8761340971511191,8.761340971511192,1.0],[0.573156942708234,5.7315694270823405,1.0],[0.994523847851402,9.945238478514021,1.0],[0.3574465703190305,3.574465703190305,1.0],[0.6617299629663892,6.617299629663892,1.0],[0.4882872262788658,4.882872262788657,1.0],[0.5726412824777106,5.726412824777106,1.0],[0.32388398325139345,3.2388398325139347,1.0],[0.8072354510963532,8.072354510963532,1.0],[0.8087324055796944,8.087324055796945,1.0],[0.660852452150834,6.60852452150834,1.0],[0.5802577271631468,5.802577271631469,1.0]]
2d_Hurink_vdata_30_workers.fjs;2988.110388294515;1084188;[0,55,162,409,548,905,921,955,1032,1159,0,55,320,421,497,603,625,715,870,905,178,241,389,519,548,574,625,858,1134,1301,271,323,574,586,621,910,1078,1130,1210,1317,187,481,621,700,802,955,1028,1078,1301,1317,74,285,545,631,700,718,781,849,1162,1223,0,81,256,271,785,992,1060,1117,1195,1241,312,468,649,827,870,950,1028,1113,1195,1241,0,154,310,585,781,947,1130,1209,1223,1310,0,86,175,329,542,627,690,774,824,1241,39,212,398,447,517,598,650,718,1004,1265,55,68,81,170,405,475,700,994,1063,1282,106,256,336,713,770,908,1006,1117,1160,1292,312,415,542,767,860,950,1033,1053,1158,1212,0,178,217,306,421,737,824,908,966,1149,31,247,329,475,650,749,890,978,1229,1337,99,178,219,479,542,785,1054,1113,1209,1254,0,170,219,421,686,809,949,1031,1220,1310,81,175,329,421,519,651,713,966,1043,1315,329,414,574,650,718,949,1080,1122,1226,1291];[3,0,9,0,8,2,6,5,5,8,7,3,0,5,0,4,6,4,6,7,1,7,1,8,7,7,4,8,2,2,0,2,5,9,5,2,0,5,9,4,4,2,2,3,1,6,0,3,4,1,7,4,1,3,1,8,4,7,6,2,5,6,0,3,0,2,2,7,4,8,1,9,4,6,3,9,8,4,7,2,1,6,3,0,8,7,0,3,6,5,2,2,3,9,5,1,9,3,5,4,4,0,9,9,0,7,8,5,1,3,1,7,5,8,3,7,2,5,6,3,4,9,2,7,2,4,0,2,5,3,4,1,3,7,9,4,4,8,9,5,8,0,6,2,2,6,4,0,0,1,8,5,8,3,7,6,6,6,3,0,0,7,5,5,2,9,2,8,0,0,0,5,7,6,6,1,3,9,7,6,9,2,5,8,4,5,1,1,6,0,6,2,6,0,0,8,9,1,1,7];[0,13,1,14,9,9,11,2,0,8,8,9,12,5,14,11,2,12,10,6,0,12,8,7,7,4,8,0,14,10,9,2,12,12,1,10,3,5,9,1,2,12,13,10,3,3,1,13,11,5,5,14,3,4,2,6,13,9,14,5,1,3,1,6,0,14,4,0,12,0,14,9,13,1,1,1,8,11,6,12,13,3,13,2,6,6,4,10,4,13,14,12,7,1,6,0,1,12,13,10,8,14,9,2,13,14,8,11,10,14,2,2,7,8,0,3,4,3,6,3,9,3,5,0,4,12,4,2,5,3,10,11,10,10,8,5,3,11,13,7,6,14,7,4,13,3,11,7,9,2,4,8,0,1,5,9,4,12,8,6,0,6,9,10,1,8,7,12,3,13,2,4,6,7,9,14,0,2,11,12,1,13,7,4,5,12,5,7,9,0,3,13,6,14,8,14,5,10,6,2];[[0.34661995661142697,3.4661995661142697,1.0],[0.2286410960833074,2.286410960833074,1.0],[0.012392470279078194,0.12392470279078194,1.0],[0.9308270259025113,9.308270259025113,1.0],[0.3225145761620236,3.225145761620236,1.0],[0.0006954578022455582,0.006954578022455582,1.0],[0.2097170717940725,2.097170717940725,1.0],[0.5179602272351016,5.179602272351016,1.0],[0.7628222106217201,7.6282221062172,1.0],[0.3089717897377221,3.089717897377221,1.0],[0.15113122452813788,1.5113122452813788,1.0],[0.07045772229012492,0.7045772229012492,1.0],[0.8725064026541692,8.725064026541693,1.0],[0.3074981421409557,3.074981421409557,1.0],[0.272859759997538,2.7285975999753798,1.0]]
2d_Hurink_vdata_30_workers.fjs;2767.8961799327503;3143448;[13,319,440,538,626,712,717,752,917,1233,0,37,172,363,467,554,626,680,803,1199,69,344,443,494,538,708,950,1070,1201,1218,697,779,790,868,905,936,1001,1065,1149,1248,94,175,566,638,711,875,899,1000,1076,1175,0,329,356,455,697,718,901,1040,1142,1240,156,261,321,334,373,786,839,898,975,1071,0,86,220,373,629,839,936,1095,1206,1257,0,238,370,524,560,726,803,991,1052,1176,0,84,172,214,307,524,579,660,708,1142,253,329,465,513,579,712,790,891,991,1248,0,214,221,311,370,442,518,929,1122,1218,0,77,660,751,789,950,1052,1070,1145,1208,0,39,319,731,810,911,998,1052,1149,1203,90,124,417,518,577,810,824,1001,1095,1134,0,163,363,436,576,845,976,1052,1168,1208,261,416,494,524,697,789,970,976,1021,1122,39,124,175,283,575,660,965,1089,1141,1233,94,172,247,419,576,660,757,860,1211,1240,77,172,181,220,370,508,824,875,975,1093];[6,0,1,0,1,2,6,0,8,9,1,1,3,0,9,7,0,4,5,8,1,2,8,2,1,9,2,8,9,4,0,3,5,1,1,7,6,7,2,6,7,4,1,3,1,6,0,9,9,1,5,1,1,6,1,1,2,3,0,2,5,3,3,3,3,7,0,3,0,4,9,5,6,6,2,7,1,9,9,2,3,5,9,4,3,4,6,9,0,7,8,3,8,9,5,2,5,9,7,4,7,6,8,9,9,8,3,9,5,8,6,8,4,8,5,3,5,6,6,6,4,9,4,2,1,5,8,2,8,3,0,2,7,9,4,4,4,6,9,5,2,1,0,3,2,9,5,7,5,5,7,2,4,2,3,8,8,1,3,0,2,6,4,6,3,2,8,2,4,1,0,2,7,9,7,5,1,2,3,1,0,1,1,7,4,8,8,3,1,0,4,0,6,0,8,7,9,2,3,7];[12,13,5,14,9,0,0,10,5,9,9,6,10,3,2,3,11,12,3,11,3,8,11,2,7,10,8,5,13,12,1,6,13,1,12,10,6,8,0,11,4,4,8,1,3,8,3,13,7,1,8,1,7,7,13,11,11,2,10,3,9,14,14,6,14,12,6,9,12,10,4,8,8,1,2,2,1,0,5,14,1,0,4,2,5,3,5,9,4,14,0,2,8,1,9,9,12,5,4,3,13,5,10,14,4,2,14,6,0,13,3,7,4,4,9,9,4,2,12,1,11,11,13,1,11,11,6,12,2,7,10,5,12,9,4,13,3,1,13,4,10,9,1,0,3,9,0,14,7,6,7,13,13,8,1,7,5,9,7,2,10,2,8,11,8,8,3,2,7,1,13,3,1,11,0,14,4,14,4,2,7,12,5,3,5,4,7,12,13,0,12,3,11,3,0,3,3,5,8,8];[[0.8559393885152179,8.55939388515218,1.0],[0.8004839408308784,8.004839408308783,1.0],[0.5938433496209707,5.938433496209708,1.0],[0.8870093324131678,8.870093324131679,1.0],[0.741558169706834,7.4155816970683395,1.0],[0.8097670389513107,8.097670389513107,1.0],[0.2247324103169328,2.247324103169328,1.0],[0.9761818800633866,9.761818800633865,1.0],[0.6339038774096737,6.339038774096737,1.0],[0.5580285642552777,5.580285642552777,1.0],[0.4463526500656817,4.463526500656817,1.0],[0.28336462923826333,2.8336462923826335,1.0],[0.9019880415639555,9.019880415639555,1.0],[0.03268507148422006,0.32685071484220063,1.0],[0.4362825217209084,4.3628252172090844,1.0]]
2d_Hurink_vdata_30_workers.fjs;2850.052229278548;771900;[393,467,511,721,838,1053,1107,1143,1183,1238,433,467,633,750,898,959,1148,1209,1258,1276,136,178,247,324,353,503,527,670,762,1110,89,232,762,872,908,939,1003,1179,1209,1292,0,156,301,328,739,872,972,1053,1210,1227,0,287,313,392,461,859,1003,1088,1183,1301,85,247,310,392,445,582,672,805,880,1003,0,76,178,323,418,549,926,1058,1224,1258,0,148,207,396,645,679,880,1052,1062,1148,0,144,353,549,643,723,880,980,1052,1163,11,233,277,488,515,638,690,775,954,1155,396,408,461,552,608,738,806,1114,1203,1292,78,370,619,633,670,769,838,912,1031,1081,126,184,277,408,552,643,723,802,920,1240,0,32,207,511,576,633,767,939,999,1207,0,101,272,461,511,608,806,1021,1138,1209,0,78,244,310,430,503,576,867,1143,1257,78,148,303,527,687,783,898,1051,1227,1258,353,609,687,773,972,1073,1114,1218,1263,1291,0,101,108,165,234,328,373,746,836,939];[7,8,1,5,8,4,6,0,8,8,8,7,5,2,9,5,3,6,7,7,4,5,8,8,1,9,5,9,8,4,3,2,9,7,7,8,3,5,3,4,5,9,2,7,1,6,0,2,2,1,3,6,9,3,1,1,4,7,0,5,5,5,1,9,0,7,4,0,4,8,1,4,4,6,2,4,4,4,7,2,8,6,7,8,9,0,0,9,3,2,2,3,8,5,4,7,5,5,5,9,8,3,8,4,0,7,8,9,6,8,4,2,6,8,0,3,5,8,4,5,9,6,5,2,2,0,6,2,7,9,0,2,3,4,6,3,3,2,9,0,6,0,6,8,2,9,8,2,1,5,7,2,4,3,3,8,3,0,5,7,9,8,4,5,9,2,7,2,7,9,0,7,7,9,1,7,3,6,2,6,0,1,6,1,9,8,1,9,1,3,4,7,7,0,0,2,5,1,3,7];[5,11,5,9,9,3,5,7,12,10,1,1,10,14,5,10,5,11,9,1,3,8,13,4,7,8,10,8,8,1,1,6,1,10,1,7,12,9,4,9,13,7,14,10,14,7,13,7,7,1,8,10,0,4,9,13,7,2,13,8,9,5,1,3,12,1,3,4,12,4,0,2,13,1,2,10,9,13,14,11,1,5,7,6,13,13,4,1,12,8,10,12,13,13,3,0,0,10,11,14,1,2,2,14,0,14,1,1,9,13,13,13,4,8,2,3,6,13,6,14,7,12,14,8,4,5,8,14,6,14,6,10,9,0,3,0,5,10,13,5,6,5,4,6,12,13,8,1,5,2,14,14,8,13,14,6,3,2,0,5,12,11,1,12,10,9,6,14,2,7,12,4,6,11,12,7,2,8,9,8,8,9,7,13,11,4,6,3,13,0,9,13,5,1,14,2,2,10,5,3];[[0.5198238265685563,5.198238265685563,1.0],[0.9583988744400509,9.583988744400509,1.0],[0.3402956357666065,3.402956357666065,1.0],[0.7081849781179302,7.081849781179303,1.0],[0.9252189405445452,9.252189405445453,1.0],[0.05032666735654623,0.5032666735654623,1.0],[0.6613275461751585,6.613275461751585,1.0],[0.82711411373077,8.271141137307701,1.0],[0.8734961127808921,8.734961127808921,1.0],[0.5913019030238962,5.913019030238962,1.0],[0.11264722490163037,1.1264722490163037,1.0],[0.34477784983246407,3.4477784983246407,1.0],[0.011377599382669468,0.11377599382669468,1.0],[0.7909742881977946,7.909742881977946,1.0],[0.3277964015146908,3.277964015146908,1.0]]
2d_Hurink_vdata_30_workers.fjs;2785.4872152956955;210444;[62,118,276,394,479,896,910,999,1157,1228,0,257,705,939,1070,1108,1130,1186,1228,1249,152,468,757,802,879,905,929,951,1117,1122,85,135,365,449,483,814,1012,1092,1157,1237,191,444,516,584,709,869,1036,1082,1190,1250,0,80,104,198,339,404,468,905,1031,1121,257,339,635,666,837,914,1032,1097,1174,1217,39,123,198,544,589,665,783,817,993,1065,186,225,292,380,536,554,736,808,1034,1237,0,148,321,380,503,694,820,972,1017,1174,0,104,148,321,370,491,608,679,907,993,255,306,424,554,608,736,817,952,1012,1195,0,194,329,545,584,669,829,893,1093,1190,135,174,225,376,529,633,720,808,910,1140,392,491,527,617,715,808,821,910,1074,1117,0,234,424,503,676,741,879,973,1031,1140,0,351,394,529,665,755,896,902,1025,1227,135,191,284,306,424,597,849,951,1002,1204,0,83,192,276,365,780,929,1122,1228,1250,99,276,468,527,596,669,757,812,837,988];[3,3,9,1,3,9,9,0,8,9,7,6,0,0,5,4,9,9,8,8,4,7,1,0,3,5,2,9,1,6,5,2,7,2,1,3,6,5,2,0,5,8,1,7,9,4,0,2,0,1,1,6,1,6,1,3,9,3,8,5,1,3,9,9,1,8,2,3,1,4,7,0,4,3,3,7,1,4,3,6,1,3,4,0,8,4,6,4,9,2,2,2,5,2,4,1,5,1,3,3,3,6,9,8,9,8,8,5,7,6,4,0,5,8,5,9,2,6,4,6,4,9,2,7,2,0,0,4,8,7,7,3,8,7,9,4,6,8,4,5,6,0,6,9,2,6,9,1,1,7,8,2,4,2,8,3,8,8,5,0,9,1,4,5,3,7,2,6,1,5,5,7,0,6,6,1,0,2,2,6,0,4,0,7,8,5,5,1,1,3,8,0,6,0,0,2,8,1,7,7];[7,8,7,6,10,10,0,11,8,9,8,12,6,11,8,3,7,13,2,3,0,2,8,4,1,8,12,8,11,2,2,4,4,13,7,2,7,4,6,1,13,5,8,14,8,9,9,13,0,14,12,9,3,0,10,8,12,13,5,8,0,8,3,12,0,7,10,9,5,4,6,14,2,6,7,2,1,13,0,7,3,10,1,13,5,2,5,3,14,0,2,4,9,1,13,0,12,4,2,12,14,12,12,14,3,6,8,3,9,12,2,4,9,5,1,10,3,0,12,1,4,14,6,12,10,5,8,11,1,10,2,11,9,4,9,13,10,5,4,14,0,5,3,4,12,7,7,2,0,0,5,11,0,11,7,13,5,10,4,8,0,10,9,0,9,11,7,3,1,8,6,6,6,12,10,0,6,14,9,3,13,11,7,3,14,12,1,10,13,6,1,13,4,1,12,10,0,0,14,3];[[0.18019241848515155,1.8019241848515155,1.0],[0.48736227300275514,4.873622730027551,1.0],[0.07759170039841756,0.7759170039841756,1.0],[0.5225667244081349,5.2256672440813485,1.0],[0.9196433340252647,9.196433340252646,1.0],[0.8762509611803474,8.762509611803473,1.0],[0.5029695910906639,5.029695910906638,1.0],[0.8160267976375112,8.160267976375112,1.0],[0.8059112000327816,8.059112000327817,1.0],[0.2140591090540045,2.140591090540045,1.0],[0.08805821114486456,0.8805821114486456,1.0],[0.20329737064426556,2.0329737064426556,1.0],[0.5837360924329463,5.837360924329463,1.0],[0.6737333796339059,6.737333796339059,1.0],[0.1608013027204077,1.6080130272040771,1.0]]
2d_Hurink_vdata_5_workers.fjs;1116.9565051890293;3941856;[0,21,160,380,455,125,155,189,294,446,93,160,274,326,380,0,85,200,331,426,64,122,162,206,472,0,226,339,401,455,59,93,106,224,311,0,65,206,297,358,109,156,226,300,345,0,184,297,383,470];[3,3,1,0,2,2,4,1,4,4,1,2,2,0,1,4,4,4,1,3,1,3,3,2,2,1,0,2,3,0,2,2,2,1,4,2,0,3,3,4,3,0,2,2,3,0,4,1,2,1];[3,5,4,2,1,3,0,4,6,6,6,3,1,0,4,1,0,5,4,0,3,5,6,3,1,0,4,5,1,5,6,3,1,3,6,6,2,0,3,3,5,1,2,5,1,4,2,2,5,3];[[0.7773566427005639,7.7735664270056395,1.0],[0.6698255595592497,6.698255595592498,1.0],[0.09913960392481702,0.9913960392481702,1.0],[0.35297051119014544,3.529705111901454,1.0],[0.4679077429008419,4.679077429008419,1.0],[0.5346837414708775,5.346837414708775,1.0],[0.9783090609123973,9.783090609123974,1.0]]
2d_Hurink_vdata_5_workers.fjs;1147.630071744342;3307260;[70,103,244,321,455,25,174,203,252,307,0,275,320,348,443,91,174,299,394,445,0,63,184,440,455,0,90,379,429,471,0,82,103,174,274,26,186,273,394,464,67,91,229,275,389,0,70,120,228,405];[0,3,4,4,2,4,2,2,1,3,1,2,1,1,4,2,4,2,2,3,4,3,3,2,0,3,0,0,0,2,2,1,1,1,4,2,0,0,4,1,1,4,2,1,3,0,4,1,3,1];[1,2,0,6,0,1,3,3,6,0,6,3,2,4,6,6,0,1,6,2,4,5,4,0,1,3,1,5,4,3,0,4,5,6,6,0,5,5,2,5,4,0,3,4,1,2,2,5,2,3];[[0.7966509679599704,7.966509679599704,1.0],[0.05862623274803458,0.5862623274803458,1.0],[0.7602397739740907,7.602397739740907,1.0],[0.8627037401845356,8.627037401845355,1.0],[0.09127403464611428,0.9127403464611428,1.0],[0.9024924365975527,9.024924365975528,1.0],[0.7858960565941281,7.858960565941281,1.0]]
2d_Hurink_vdata_5_workers.fjs;1158.0363732113174;4246740;[63,84,237,365,500,0,101,130,220,335,26,156,190,275,431,93,218,299,410,451,0,175,292,407,451,0,175,337,381,472,13,88,170,299,424,23,88,276,395,442,0,13,106,180,220,40,153,184,220,372];[3,3,4,3,0,2,2,2,4,0,1,2,4,0,1,1,1,4,0,3,1,3,2,2,0,3,0,2,2,2,4,2,4,1,2,2,0,3,4,4,4,0,4,2,3,4,4,1,2,1];[3,2,6,6,0,6,3,3,6,2,6,3,0,6,1,6,2,1,0,2,2,5,4,4,0,3,4,5,0,5,5,3,1,3,4,0,5,0,5,3,5,1,1,3,1,4,4,2,5,3];[[0.5209484070219088,5.209484070219088,1.0],[0.42125020101147315,4.212502010114731,1.0],[0.22094517308324657,2.2094517308324657,1.0],[0.13033708391670573,1.3033708391670573,1.0],[0.48395776843282956,4.839577684328296,1.0],[0.6260889663051598,6.260889663051597,1.0],[0.6211218319323739,6.21121831932374,1.0]]
2d_Hurink_vdata_5_workers.fjs;1220.9152247718273;887292;[0,174,293,413,546,0,117,174,197,326,0,131,275,301,482,28,155,255,343,482,35,61,225,276,343,0,317,413,457,483,0,128,140,415,503,71,131,222,359,415,21,61,148,301,413,27,99,140,202,503];[3,3,4,0,2,2,2,1,1,4,1,4,2,1,0,4,4,3,2,3,3,3,4,4,3,0,0,2,2,2,4,1,3,1,4,1,0,0,1,4,3,0,2,2,3,2,2,1,2,1];[3,2,4,2,5,2,5,3,3,4,1,6,1,0,0,3,0,2,6,2,4,5,5,0,5,5,1,5,6,5,4,4,3,4,6,4,1,3,3,3,6,6,4,5,1,2,2,2,4,3];[[0.49734142093980327,4.973414209398033,1.0],[0.35999045686025677,3.5999045686025677,1.0],[0.7220617567237175,7.220617567237175,1.0],[0.44672126724761885,4.4672126724761885,1.0],[0.4533596515962979,4.533596515962978,1.0],[0.025925678678183073,0.25925678678183073,1.0],[0.33490089376309407,3.3490089376309404,1.0]]
2d_Hurink_vdata_5_workers.fjs;1156.1231625250343;1203408;[40,162,245,320,459,91,196,383,408,457,174,275,300,329,425,0,83,245,387,455,0,64,297,393,410,0,151,251,433,476,66,109,155,277,410,0,64,151,344,459,27,115,228,348,399,0,83,121,243,350];[3,3,1,3,2,4,4,0,0,4,1,4,0,0,0,2,3,2,2,3,3,1,4,4,1,1,0,0,2,2,4,1,1,1,4,0,0,2,4,1,3,4,4,2,3,4,2,1,3,1];[3,2,2,1,4,2,6,4,0,3,1,4,4,0,0,6,1,5,6,2,5,3,2,2,3,0,4,1,6,5,2,4,0,3,5,1,5,5,2,6,5,6,3,5,1,4,4,2,0,3];[[0.4211249061401,4.211249061401,1.0],[0.9761073344853062,9.761073344853061,1.0],[0.6132800246752349,6.132800246752349,1.0],[0.6930423279788359,6.930423279788359,1.0],[0.5088628354481554,5.088628354481553,1.0],[0.18781156668551158,1.8781156668551158,1.0],[0.830121874145001,8.301218741450011,1.0]]
2d_Hurink_vdata_5_workers.fjs;1151.7444610538391;1368048;[61,141,299,359,524,44,87,122,270,446,0,67,116,299,428,67,147,223,353,394,0,147,223,379,439,0,81,177,313,339,0,91,104,223,483,29,177,264,395,453,29,229,332,400,492,67,148,189,301,394];[0,3,4,0,0,3,4,2,4,4,1,2,4,1,0,1,4,2,1,3,3,1,4,4,2,0,0,2,2,2,2,2,2,1,2,4,0,0,4,1,3,3,4,2,3,3,2,1,3,1];[1,6,4,2,5,4,0,3,2,2,6,3,0,5,0,5,0,1,4,1,2,4,2,5,5,5,1,3,0,0,4,3,2,4,4,2,5,3,4,6,3,0,1,5,1,6,2,2,6,3];[[0.4831103964860096,4.831103964860096,1.0],[0.9021829992468611,9.02182999246861,1.0],[0.5374571935128641,5.374571935128642,1.0],[0.8761340971511191,8.761340971511192,1.0],[0.573156942708234,5.7315694270823405,1.0],[0.994523847851402,9.945238478514021,1.0],[0.3574465703190305,3.574465703190305,1.0]]
2d_Hurink_vdata_5_workers.fjs;1188.6187154552015;4103388;[181,218,342,372,490,40,83,216,275,391,0,71,112,342,396,0,83,170,295,451,13,134,174,273,292,153,216,341,386,498,142,202,372,422,498,0,90,201,295,342,0,13,95,141,312,67,181,241,412,492];[0,3,4,3,2,3,4,1,1,4,1,2,4,1,1,4,1,4,2,3,3,3,3,4,1,1,0,2,2,0,4,0,4,0,4,2,0,2,4,0,3,0,2,2,3,3,2,1,2,1];[2,4,0,1,6,5,0,6,3,4,1,3,0,5,0,6,1,0,6,2,5,5,4,0,0,6,1,6,6,1,4,3,0,5,0,0,2,5,5,3,5,4,3,3,1,5,1,2,6,3];[[0.34661995661142697,3.4661995661142697,1.0],[0.2286410960833074,2.286410960833074,1.0],[0.012392470279078194,0.12392470279078194,1.0],[0.9308270259025113,9.308270259025113,1.0],[0.3225145761620236,3.225145761620236,1.0],[0.0006954578022455582,0.006954578022455582,1.0],[0.2097170717940725,2.097170717940725,1.0]]
2d_Hurink_vdata_5_workers.fjs;1188.5710301952554;2352660;[0,207,288,340,476,0,83,298,432,449,62,185,207,244,298,0,133,204,298,340,49,88,128,338,433,0,153,249,408,499,24,113,318,400,492,0,62,294,383,484,75,107,237,383,432,21,90,204,423,499];[3,3,4,0,0,4,2,3,4,4,1,4,4,1,1,2,1,2,0,3,4,3,3,4,0,0,0,0,0,2,4,2,4,1,3,1,0,2,4,1,4,4,4,2,3,3,4,1,2,0];[3,4,0,4,5,2,6,5,6,4,1,4,0,5,1,6,5,2,4,2,0,5,6,0,2,1,1,1,5,3,2,3,2,0,5,4,2,6,6,6,4,0,3,3,1,5,3,5,3,1];[[0.8559393885152179,8.55939388515218,1.0],[0.8004839408308784,8.004839408308783,1.0],[0.5938433496209707,5.938433496209708,1.0],[0.8870093324131678,8.870093324131679,1.0],[0.741558169706834,7.4155816970683395,1.0],[0.8097670389513107,8.097670389513107,1.0],[0.2247324103169328,2.247324103169328,1.0]]
2d_Hurink_vdata_5_workers.fjs;1216.0186996365592;982860;[0,155,274,343,479,130,268,299,325,342,0,67,156,182,456,92,174,252,343,478,0,92,208,325,505,67,236,342,389,416,25,135,255,289,387,0,65,174,407,456,67,84,162,362,422,0,67,255,433,505];[0,3,4,3,0,3,2,2,4,4,1,2,0,0,4,2,1,3,0,3,4,1,4,2,2,3,0,2,0,0,4,1,4,1,2,2,0,2,1,1,1,4,4,1,3,3,4,1,2,0];[1,6,6,1,1,3,5,0,6,0,6,1,1,0,3,5,3,4,5,2,4,1,2,2,0,3,1,6,6,4,4,6,6,3,2,0,2,5,3,6,4,0,4,4,1,5,0,2,5,1];[[0.5198238265685563,5.198238265685563,1.0],[0.9583988744400509,9.583988744400509,1.0],[0.3402956357666065,3.402956357666065,1.0],[0.7081849781179302,7.081849781179303,1.0],[0.9252189405445452,9.252189405445453,1.0],[0.05032666735654623,0.5032666735654623,1.0],[0.6613275461751585,6.613275461751585,1.0]]
2d_Hurink_vdata_5_workers.fjs;1143.5296569027626;2622648;[0,21,211,352,441,174,244,321,349,461,40,111,181,297,366,0,111,181,275,425,14,61,129,347,491,0,201,297,364,457,135,231,275,319,395,0,102,201,395,450,0,102,183,274,369,61,165,240,290,428];[3,3,1,0,2,3,2,2,4,4,1,2,1,0,4,2,1,4,2,3,1,0,4,2,0,0,0,4,2,2,2,2,4,1,2,4,0,3,1,1,1,3,2,1,3,4,2,1,3,0];[3,4,4,5,5,3,6,1,6,6,1,3,6,2,6,6,1,5,6,0,1,3,5,1,2,5,1,5,2,5,6,3,5,4,2,0,4,0,4,1,1,0,2,4,1,5,2,2,3,3];[[0.18019241848515155,1.8019241848515155,1.0],[0.48736227300275514,4.873622730027551,1.0],[0.07759170039841756,0.7759170039841756,1.0],[0.5225667244081349,5.2256672440813485,1.0],[0.9196433340252647,9.196433340252646,1.0],[0.8762509611803474,8.762509611803473,1.0],[0.5029695910906639,5.029695910906638,1.0]]
3_DPpaulli_15_workers.fjs;6315.666684812021;1014348;[143,322,349,603,668,870,1406,1546,1648,1796,1884,2210,2512,2636,2786,299,542,668,751,791,856,923,1030,1071,1166,1234,1311,1399,1478,1573,2049,2316,2360,2506,2818,83,143,198,378,562,775,829,986,1159,1744,1832,1921,1991,2063,2141,2339,2410,2531,2636,2693,2765,2855,2896,0,16,487,518,609,655,881,1213,1283,1422,1824,1907,2041,2187,2444,2598,2684,2910,231,358,471,829,870,975,1054,1145,1348,1426,1525,1567,1841,2107,2241,2345,2361,2404,2689,2766,2888,83,273,288,868,986,1238,1282,1426,1447,1675,1766,1953,2041,2479,2622,0,231,378,478,610,705,898,928,1607,1658,1677,1752,1832,1883,2153,2185,2759,94,129,359,397,471,531,668,758,789,829,923,1069,1119,1935,1978,2039,2129,2241,2308,2354,2395,2477,2561,2641,2689,305,403,587,903,1197,1409,1525,1585,1727,1904,1959,2061,2237,2285,2360,2444,2502,2589,2626,2682,2765,2855,2888,129,273,601,1054,1406,1484,1707,1780,1907,1999,2063,2107,2129,2210,2318,2420,2512,2561,2885,126,189,274,462,612,735,791,1071,1166,1571,1636,1669,1738,1766,1962,1978,2285,2731,2864,0,63,274,425,487,553,609,655,705,791,909,928,1030,1198,1283,1483,1535,1919,2089,2306,2597,59,319,417,687,751,1065,1311,1482,1675,1780,1821,2452,2531,2693,2887,2925,0,59,83,182,232,674,1287,1496,1578,1658,1935,2108,2141,2241,2395,2855,63,232,317,544,925,978,1132,1145,1234,1334,1426,1517,1669,1760,1794,1850,1871,1921,2019,2357,2502,2641,2709,2855,2883,0,294,390,458,694,829,863,925,975,1015,1553,1616,1904,1959,2577,2710,2818,16,390,575,751,895,1041,1064,1121,1198,1255,1323,1380,1426,1482,1531,1573,1645,1760,2206,2410,2816,68,197,288,317,474,531,684,895,986,1380,1953,2241,2511,2648,2684,2765,2867,0,72,189,299,359,571,717,758,1322,1343,1553,1832,1954,1999,2041,2107,2189,2308,2361,2477,2559,2806,2818,208,1145,1160,1282,1303,1334,1484,1779,1999,2049,2116,2404,2520,2648,2805,2867];[9,8,3,7,5,5,2,6,5,5,0,3,2,0,0,4,4,4,9,7,2,6,9,8,9,0,2,6,4,1,5,2,8,1,2,9,4,4,2,4,1,3,1,7,3,2,1,6,9,8,2,0,8,6,8,7,6,1,3,6,3,0,2,0,8,7,6,7,8,3,4,6,8,0,9,8,8,0,9,5,7,2,4,0,9,3,8,7,9,7,2,9,0,7,5,9,3,7,1,2,9,5,2,8,8,8,8,9,7,2,5,8,1,5,8,1,9,9,3,3,4,8,3,4,0,2,1,1,2,3,8,3,3,7,5,7,7,5,6,5,6,8,4,0,0,6,6,9,6,1,3,4,5,2,5,1,5,9,2,8,3,3,2,6,8,1,1,8,7,9,0,8,7,7,4,3,2,0,7,8,2,0,0,0,3,8,5,6,6,3,4,3,6,4,9,5,1,0,6,4,1,1,8,9,1,5,5,2,4,8,0,9,1,1,8,9,1,0,0,8,2,0,6,7,9,5,8,8,6,5,8,2,9,2,4,7,5,6,9,6,3,7,0,9,1,0,7,7,6,6,7,7,5,9,6,6,6,1,9,2,2,4,6,0,9,0,6,7,2,4,7,1,0,6,2,2,9,4,1,4,7,6,6,3,1,7,1,4,9,4,5,4,6,2,0,5,6,3,1,0,2,4,4,0,0,9,4,1,0,5,0,4,9,4,7,1,5,6,3,4,7,3,9,5,1,9,9,7,5,2,1,4,8,1,1,2,7,7,1,7,7,3,3,5,9,1,8,0,4,2,1,1,7,5,7,6,5,5,5,4,2,1,7,3,9,6,9,1,0,2,3,9,3,4,2,1,1,6,7,2,8,5,5,3,0,0,9];[12,2,9,11,9,10,8,6,7,11,6,0,10,5,9,10,10,11,0,4,8,13,14,0,6,6,4,1,1,5,2,7,1,7,3,2,2,4,6,10,3,1,8,10,12,14,7,11,12,2,9,0,12,8,14,10,14,9,14,7,1,7,7,0,9,1,12,4,12,10,14,10,9,8,12,11,2,14,8,3,12,9,9,0,2,3,14,11,2,10,0,10,14,7,2,0,13,10,14,4,2,2,12,5,10,10,6,2,14,3,13,12,4,3,4,4,2,12,14,10,6,9,10,14,8,5,0,5,2,14,1,12,8,11,3,14,5,6,11,0,6,11,2,12,6,9,1,1,12,4,1,2,4,11,8,5,9,3,7,11,0,3,12,2,2,13,4,14,13,11,6,6,7,0,14,2,3,14,8,13,3,6,12,3,4,11,3,10,8,4,8,3,10,13,1,6,9,7,7,0,4,10,0,7,12,1,1,11,0,8,13,10,3,13,1,2,0,0,1,2,13,14,8,10,2,10,14,1,2,3,5,10,12,0,13,9,6,0,9,13,11,2,8,7,0,11,9,0,9,4,14,5,0,10,11,11,4,3,0,10,2,2,8,5,1,10,14,12,4,11,14,0,5,5,14,5,9,11,14,9,13,0,10,14,1,4,5,6,11,6,6,5,10,9,3,10,3,2,13,5,9,11,3,8,14,0,11,14,9,7,14,7,3,8,4,12,12,13,4,10,13,14,13,13,2,4,8,1,1,5,9,8,3,10,11,9,6,12,12,13,13,4,5,3,13,13,6,4,5,13,8,14,9,12,7,1,2,7,12,4,3,8,8,1,9,12,2,2,5,7,2,5,9,3,4,11,9,6,13,6,9,6,13,4,3,8,0];[[0.7773566427005639,7.7735664270056395,1.0],[0.6698255595592497,6.698255595592498,1.0],[0.09913960392481702,0.9913960392481702,1.0],[0.35297051119014544,3.529705111901454,1.0],[0.4679077429008419,4.679077429008419,1.0],[0.5346837414708775,5.346837414708775,1.0],[0.9783090609123973,9.783090609123974,1.0],[0.13031535015865903,1.3031535015865903,1.0],[0.6712434682302663,6.712434682302662,1.0],[0.36422941594737557,3.6422941594737557,1.0],[0.48883570716198577,4.888357071619858,1.0],[0.20301221073405373,2.0301221073405373,1.0],[0.6661983755713592,6.661983755713592,1.0],[0.2276630312069321,2.276630312069321,1.0],[0.4580640582967631,4.580640582967631,1.0]]
3_DPpaulli_15_workers.fjs;5883.734606612168;834756;[0,149,239,249,323,442,893,1263,1483,1585,1829,2314,2414,2504,2745,0,81,103,176,445,512,617,986,1186,1517,1589,1691,1965,2078,2116,2299,2371,2393,2657,2727,35,96,167,250,419,491,545,707,765,816,843,860,892,958,1034,1104,1589,1766,1830,1893,1956,2062,2088,395,459,648,679,1018,1145,1221,1277,1335,1436,1553,1661,1816,1948,2215,2350,2514,2659,0,89,149,274,455,480,964,1055,1121,1234,1337,1401,1503,1586,1673,2044,2088,2213,2241,2284,2576,35,105,358,1084,1127,1225,1299,1812,2043,2104,2217,2284,2366,2694,2728,677,816,971,1061,1277,1454,1483,1531,1730,1812,2060,2154,2240,2426,2515,2590,2660,0,88,411,449,562,623,742,758,851,997,1087,1277,1407,1474,1497,1881,1999,2085,2153,2192,2233,2383,2496,2576,2623,10,165,264,501,834,1166,1186,1299,1401,1543,1588,1691,1784,1897,2046,2088,2152,2265,2467,2526,2576,2659,2689,120,194,370,673,762,834,894,964,1252,1464,1636,1676,1738,1812,1910,1965,2363,2486,2576,309,370,455,765,874,958,997,1186,1277,1510,1578,1761,1813,1901,2246,2413,2496,2576,2661,291,559,734,958,1018,1084,1174,1417,1502,1585,1676,1691,1788,1812,1910,2116,2289,2414,2520,2694,2745,146,306,553,591,648,847,1193,1504,1834,1986,2000,2153,2241,2366,2478,2576,47,242,264,408,478,940,1121,1186,1225,1335,1409,1510,2031,2391,2636,2689,344,354,444,587,673,758,876,1217,1348,1396,1476,1684,1766,1847,1906,1963,1986,2060,2090,2217,2299,2366,2468,2623,2634,401,480,674,789,843,938,1052,1324,1503,1543,1578,1730,1828,1845,2200,2337,2522,10,176,241,336,358,501,525,587,707,894,997,1436,1661,1715,1776,1963,2116,2246,2315,2494,2576,0,249,340,351,539,584,654,674,768,893,1098,1662,1957,2090,2154,2289,2390,0,72,167,274,459,545,660,768,835,1119,1316,1382,1436,1483,1591,1667,1813,1902,1948,2031,2060,2132,2697,0,44,96,242,309,340,525,592,876,919,1258,1346,1424,1526,2345,2478];[6,1,8,1,7,2,9,2,0,7,8,7,2,4,0,2,2,8,0,4,3,1,9,8,9,3,0,3,9,0,9,9,1,1,6,5,7,6,3,5,1,4,9,8,4,3,1,6,2,9,9,6,5,9,5,7,0,1,3,9,6,6,0,0,1,4,0,5,8,3,3,6,9,5,9,8,4,1,3,7,7,6,4,2,3,5,3,7,7,2,7,3,0,7,3,6,6,3,4,2,4,5,2,6,1,4,2,0,0,2,5,7,1,8,5,1,9,6,9,5,9,8,3,3,2,6,4,9,4,3,0,3,5,5,5,1,5,9,6,6,0,4,1,6,2,6,4,4,6,5,6,6,4,0,8,2,9,8,2,9,3,7,2,4,0,1,9,1,7,5,7,8,7,2,8,7,2,4,9,8,8,2,0,4,3,3,6,6,6,7,7,3,0,4,5,5,8,6,8,9,8,6,7,9,8,1,6,4,0,4,8,3,9,1,9,2,1,3,0,8,5,7,2,2,9,1,8,8,6,7,8,3,7,1,0,5,7,9,2,6,3,7,4,3,1,5,2,8,7,8,1,7,8,9,4,5,1,8,8,2,6,4,6,5,9,0,9,7,3,5,3,9,0,1,2,7,9,1,8,4,2,2,8,5,1,6,7,4,4,0,0,4,3,9,2,7,5,4,7,0,2,4,2,4,3,0,5,1,3,0,1,8,2,2,4,7,9,8,0,0,1,9,2,5,1,4,9,4,5,3,2,1,8,1,1,6,0,7,2,7,3,7,9,8,6,1,1,5,9,6,5,2,1,1,5,6,5,4,8,3,0,2,5,4,4,6,9,1,8,7,8,7,7,9,7,1,0,7,2,5,5,1,8,3,0,7,8];[11,1,1,12,4,6,5,12,2,6,2,11,9,8,13,6,11,6,12,5,9,12,8,0,6,1,3,14,12,6,13,9,3,5,8,5,1,14,14,4,3,7,8,2,9,6,10,7,10,5,3,8,11,11,8,10,5,14,14,8,4,13,1,4,4,1,9,8,0,12,5,0,2,5,9,13,9,10,7,9,12,13,9,11,6,0,3,11,14,12,11,11,7,10,8,1,7,4,4,10,2,13,5,8,10,13,9,1,6,7,0,1,2,7,4,12,7,0,6,13,13,9,10,14,7,2,4,14,7,5,2,2,1,9,7,0,10,14,6,4,9,4,3,7,1,8,1,12,12,5,2,10,11,0,7,11,8,6,1,12,1,11,13,10,9,7,8,4,1,5,0,8,11,6,2,3,3,11,9,6,9,6,8,6,13,10,1,10,5,0,0,11,6,4,5,6,12,12,14,5,0,0,3,9,14,8,1,5,3,7,6,0,2,4,8,0,10,10,11,2,13,5,12,9,2,10,9,13,12,0,12,3,10,0,12,0,3,11,2,13,0,13,7,12,13,13,4,4,10,6,6,10,14,3,3,4,0,12,11,10,11,2,3,13,12,1,6,6,0,14,9,14,11,12,5,3,0,14,1,14,1,9,6,7,7,11,11,6,2,10,12,1,9,7,4,6,4,9,2,14,5,11,11,11,2,3,14,3,8,1,2,8,9,6,3,14,0,11,1,11,0,9,4,1,12,1,8,9,4,13,5,7,13,10,5,8,3,13,5,13,14,7,2,5,0,5,14,14,12,0,10,0,7,14,8,14,11,2,2,1,7,10,13,0,7,12,2,9,2,10,4,10,13,5,5,7,13,1,6,1,3,6,10,5,3,12,3];[[0.7966509679599704,7.966509679599704,1.0],[0.05862623274803458,0.5862623274803458,1.0],[0.7602397739740907,7.602397739740907,1.0],[0.8627037401845356,8.627037401845355,1.0],[0.09127403464611428,0.9127403464611428,1.0],[0.9024924365975527,9.024924365975528,1.0],[0.7858960565941281,7.858960565941281,1.0],[0.40667966546103385,4.0667966546103385,1.0],[0.37447264465852026,3.7447264465852026,1.0],[0.6490262282913547,6.490262282913547,1.0],[0.40092466608569977,4.009246660856998,1.0],[0.5721109226277574,5.721109226277575,1.0],[0.6077930620255084,6.077930620255084,1.0],[0.05072389565884072,0.5072389565884072,1.0],[0.7370880093375713,7.370880093375714,1.0]]
3_DPpaulli_15_workers.fjs;6099.518831073542;860220;[0,115,673,684,751,843,924,1095,1186,1563,2256,2336,2458,2548,2647,68,155,174,244,279,340,567,671,713,760,822,924,1035,1186,1477,1791,1945,1981,2065,2612,259,325,382,438,535,610,684,761,855,1011,1108,1125,1223,1309,1393,1737,1872,2329,2559,2632,2695,2782,2808,91,605,725,761,1155,1294,1435,1625,1931,2024,2168,2256,2301,2467,2527,2617,2701,2782,0,144,252,345,393,546,628,725,886,941,1137,1204,1309,1538,1716,1783,1803,1980,2138,2159,2766,114,488,625,756,941,1064,1288,1422,1444,1981,2226,2431,2522,2677,2818,108,546,702,1137,1212,1364,1495,1872,2024,2079,2108,2168,2251,2299,2372,2655,2701,0,34,197,240,309,370,522,539,567,688,788,885,924,1064,1248,1300,1429,1491,1728,1791,1919,2099,2335,2415,2714,155,201,278,324,395,445,462,599,1020,1037,1204,1337,1622,1932,2006,2069,2216,2293,2322,2377,2548,2717,2749,157,197,325,365,445,516,581,701,1009,1190,1395,1472,1711,1839,2096,2151,2305,2428,2696,82,230,395,548,823,893,974,1393,1625,1658,1728,1739,1829,1843,2138,2377,2507,2617,2696,66,126,244,259,340,405,446,488,524,788,1007,1435,1540,1624,1808,1847,1887,2480,2567,2620,2782,183,319,421,539,938,1204,1331,1563,1648,1702,1728,1917,2006,2349,2442,2665,0,157,240,462,843,1067,1130,1186,1224,1288,1370,1868,2527,2695,2807,2829,0,175,224,421,489,520,704,1275,1395,1459,1544,1622,1699,1808,1839,1898,2065,2108,2138,2322,2349,2403,2428,2527,2548,0,446,566,626,794,887,924,1155,1295,1648,1818,2047,2258,2413,2444,2538,2740,51,488,725,864,1029,1115,1190,1284,1459,1495,1563,1624,1676,1932,1989,2024,2157,2368,2546,2579,2654,68,510,594,609,688,886,1007,1027,1114,1190,1229,1374,1847,2258,2368,2442,2759,0,68,157,233,279,324,409,851,1029,1070,1224,1275,1682,1783,1803,1872,1904,2168,2256,2339,2368,2512,2779,34,237,389,524,673,797,915,1011,1051,1130,1447,2151,2256,2390,2453,2655];[9,9,0,3,7,9,5,7,9,7,0,7,3,4,7,4,9,2,6,8,7,6,9,9,9,0,2,5,0,9,1,9,2,1,0,2,1,6,9,2,1,4,8,2,2,2,2,0,9,0,9,0,0,6,3,2,0,9,8,9,8,6,7,8,6,0,4,8,0,3,7,4,1,9,9,2,8,5,3,2,2,8,7,0,1,9,3,4,7,2,0,8,0,7,3,6,3,7,8,2,2,1,2,2,1,4,0,5,1,5,4,2,8,5,1,8,6,6,3,5,4,6,2,7,7,8,8,9,5,5,7,3,7,6,3,3,6,1,5,3,9,6,1,1,0,5,4,4,6,3,6,4,4,4,4,5,5,4,9,8,3,8,5,4,8,4,6,5,7,9,2,6,3,1,7,7,7,3,9,9,8,5,0,0,8,1,5,6,6,6,4,5,4,5,9,1,5,9,4,4,8,7,0,9,2,7,5,1,0,2,9,3,9,1,6,9,0,2,1,5,0,4,2,2,5,5,7,7,1,9,6,6,6,5,4,5,0,0,2,3,8,7,5,8,3,0,7,7,6,2,8,7,6,6,4,8,7,0,9,2,2,3,1,1,9,3,8,4,2,7,7,1,7,7,2,5,2,0,6,4,2,4,3,3,2,3,8,2,6,8,6,0,3,0,0,2,6,0,5,3,6,4,8,7,7,8,5,7,0,8,0,4,2,5,9,3,1,6,3,8,1,9,9,6,9,5,9,7,2,8,0,2,8,3,5,6,4,7,8,1,3,9,8,9,6,9,2,1,4,3,1,1,6,5,3,6,3,4,5,1,8,0,5,8,2,2,9,9,5,5,9,5,3,7,9,1,1,0,6,3,0,2,5,4,0,0,8];[0,1,1,7,1,5,13,5,8,10,7,7,11,8,2,0,6,3,3,7,12,4,9,6,0,4,5,9,10,5,3,9,7,4,4,14,8,14,10,7,1,1,8,12,7,13,0,0,13,7,10,5,12,8,13,5,2,7,8,8,11,6,3,5,13,1,1,10,13,12,5,12,3,3,11,10,2,11,1,4,0,9,0,5,6,6,10,1,4,1,0,4,12,9,11,1,13,5,2,12,10,2,3,10,5,2,3,0,5,6,9,4,13,11,14,11,5,0,3,13,0,8,13,4,9,14,8,7,13,7,1,13,8,0,2,3,2,8,4,11,5,8,1,14,7,11,11,12,14,4,14,3,0,6,7,9,9,5,13,4,3,6,4,7,2,3,8,12,11,3,11,10,13,13,11,2,0,2,6,14,9,11,5,3,2,3,1,10,9,6,0,1,9,4,8,12,12,6,1,0,9,9,14,0,5,12,4,5,11,6,5,7,1,10,0,3,9,13,5,7,5,2,14,9,2,4,10,14,6,7,2,2,0,0,8,5,4,6,12,6,9,11,6,14,2,4,13,5,9,2,13,2,14,14,2,6,12,14,6,14,9,9,2,11,5,4,1,12,8,8,2,0,4,1,13,14,14,6,13,3,14,10,10,14,7,5,10,10,9,8,10,13,7,3,5,14,10,12,2,4,5,2,4,4,2,1,1,14,10,8,10,12,0,13,11,11,6,8,7,7,0,7,11,13,14,5,8,6,12,1,1,5,11,2,5,10,7,13,8,1,12,4,12,8,6,1,4,3,5,14,1,12,0,4,3,0,6,2,14,13,7,0,5,9,3,7,2,8,4,5,11,12,10,8,4,3,7,0,5,5,13,12,14,8,6,3,3];[[0.5209484070219088,5.209484070219088,1.0],[0.42125020101147315,4.212502010114731,1.0],[0.22094517308324657,2.2094517308324657,1.0],[0.13033708391670573,1.3033708391670573,1.0],[0.48395776843282956,4.839577684328296,1.0],[0.6260889663051598,6.260889663051597,1.0],[0.6211218319323739,6.21121831932374,1.0],[0.707277595965894,7.07277595965894,1.0],[0.43539590023548325,4.3539590023548325,1.0],[0.04809800715767443,0.4809800715767443,1.0],[0.2254847064342842,2.254847064342842,1.0],[0.788548045160999,7.88548045160999,1.0],[0.42108890435006496,4.21088904350065,1.0],[0.5652029481252892,5.6520294812528915,1.0],[0.6764042610645917,6.764042610645918,1.0]]
3_DPpaulli_15_workers.fjs;6182.08546702515;646476;[66,202,462,672,807,927,997,1287,1353,1748,1904,2052,2098,2204,2341,82,172,192,388,423,579,796,1388,1556,1626,1769,1856,2141,2224,2261,2360,2438,2493,2743,2839,0,147,200,266,354,388,523,600,842,1137,1164,1430,1500,1725,1798,1886,1956,2098,2243,2299,2462,2557,2671,66,82,138,499,601,672,771,816,1171,1294,1362,1726,2204,2237,2345,2489,2701,2791,69,321,708,855,901,1172,1265,1363,1428,1486,1688,1726,1824,1888,1972,2218,2236,2446,2585,2606,2820,297,368,387,637,703,1486,1564,1864,1886,1938,2366,2547,2775,2820,2851,0,478,628,731,807,898,930,1082,1486,1999,2189,2260,2368,2438,2537,2699,2775,0,354,465,499,637,814,876,930,957,995,1082,1137,1181,1330,1362,1388,1462,1525,1590,1645,1765,2084,2124,2218,2272,49,232,317,489,664,1020,1135,1197,1301,1350,1452,1542,1627,1673,1748,1789,2010,2199,2330,2498,2706,2794,2828,0,172,302,343,489,753,901,1007,1164,1363,1375,1542,1862,2010,2098,2158,2351,2619,2706,34,236,431,478,562,627,708,993,1678,1798,1960,2033,2204,2237,2326,2352,2477,2586,2671,0,242,415,797,864,1088,1212,1294,1451,1537,1916,2084,2189,2243,2326,2361,2403,2446,2557,2720,2839,76,423,912,951,1081,1186,1415,1668,1888,1945,1960,2135,2428,2677,2794,2851,0,218,317,564,601,957,1082,1235,1533,1837,1916,1968,1999,2412,2765,2828,65,251,428,564,671,753,850,895,952,997,1088,1281,1466,1645,1710,1886,1968,2158,2299,2360,2444,2513,2588,2689,2824,56,343,431,490,575,633,755,895,1301,1428,1577,1635,1725,1945,2506,2619,2701,172,266,334,367,417,558,1038,1102,1186,1223,1287,1344,1627,1847,2072,2272,2493,2631,2652,2699,2764,58,242,450,490,590,633,732,753,842,951,1197,1844,2047,2295,2498,2567,2754,0,65,147,218,234,251,297,508,627,731,796,850,1020,1068,1088,1626,1715,1796,1927,2010,2038,2236,2343,82,251,367,465,1133,1245,1462,1627,1668,1796,2046,2261,2548,2621,2689,2828];[7,9,1,7,6,2,9,0,5,9,6,3,9,2,4,4,2,2,6,0,3,3,9,9,0,3,0,1,1,9,4,5,1,2,4,7,1,0,6,6,1,5,9,2,2,2,9,0,7,8,4,8,5,0,3,5,2,1,8,9,9,4,2,8,1,4,6,8,8,3,4,6,8,0,5,9,6,0,9,7,2,7,6,7,1,7,3,1,1,2,1,9,2,7,2,9,3,1,1,2,1,1,1,8,8,5,0,7,4,3,5,1,8,8,3,6,9,7,4,9,5,6,3,2,0,8,8,2,6,5,7,4,1,6,5,3,8,1,6,2,6,2,4,9,2,2,4,0,3,5,0,4,5,7,4,9,2,9,9,8,9,1,3,4,8,2,9,9,4,2,2,8,6,2,8,7,2,4,9,5,8,7,4,0,5,4,6,6,8,7,9,3,0,1,8,9,5,0,8,2,8,7,0,7,1,7,5,0,9,4,8,2,7,1,7,9,5,9,0,8,5,4,4,2,5,9,7,7,8,0,5,6,9,5,7,8,0,6,1,5,7,8,0,2,1,5,7,8,4,3,8,0,2,5,9,9,4,8,0,7,6,3,3,2,8,0,9,7,3,1,3,1,1,7,8,6,9,0,1,9,9,4,5,8,3,3,4,9,6,8,6,2,6,2,5,9,5,9,5,8,3,1,7,7,7,8,1,6,5,6,4,8,4,2,5,7,8,8,0,0,7,3,6,6,2,5,9,4,2,0,1,6,4,1,3,5,0,7,2,1,7,9,9,8,6,4,0,4,1,1,5,6,6,8,3,6,8,3,5,3,2,1,3,4,0,6,9,4,6,9,7,8,6,4,7,4,2,6,2,5,0,1,1,3,3,4,9];[12,3,7,5,6,10,10,10,2,2,14,0,14,4,13,5,12,12,3,3,0,8,9,13,1,1,1,8,6,11,5,3,12,10,2,11,2,10,14,7,12,2,10,3,4,6,12,3,11,0,8,8,11,13,1,14,0,9,6,13,9,11,7,9,4,12,13,0,7,10,2,12,3,11,4,1,11,2,10,4,4,14,1,11,13,11,12,6,11,12,5,12,9,13,9,0,13,5,13,4,11,2,7,0,8,10,13,12,11,8,4,3,12,8,4,14,1,1,2,12,13,8,10,14,1,4,3,6,6,7,14,2,14,1,4,14,5,8,13,10,14,6,6,13,3,6,4,7,7,5,12,2,7,9,5,1,3,13,6,14,12,9,3,4,2,6,13,5,12,8,2,1,0,6,14,14,0,1,13,7,0,1,12,3,11,4,1,10,9,6,11,7,0,2,7,7,8,11,8,7,12,9,1,2,4,13,1,10,7,3,5,14,2,13,13,5,4,8,7,2,8,12,7,0,1,7,10,5,0,4,6,9,12,7,5,7,4,9,13,14,9,7,10,9,11,5,0,3,6,12,5,4,10,6,8,10,2,0,3,5,12,4,9,11,4,1,0,6,4,9,0,1,8,5,11,9,11,6,11,11,5,4,3,2,7,6,13,7,7,3,12,11,10,9,11,11,6,10,3,9,11,4,11,11,2,7,6,2,5,8,14,13,6,4,5,6,7,0,2,10,13,8,6,5,2,2,8,1,2,0,9,11,6,0,5,8,13,12,3,10,13,11,9,6,6,5,3,11,4,14,1,9,9,0,9,0,5,7,13,0,0,8,5,7,4,7,2,9,12,5,12,0,8,1,1,8,2,0,9,10,10,5,10,6,8,2,1];[[0.49734142093980327,4.973414209398033,1.0],[0.35999045686025677,3.5999045686025677,1.0],[0.7220617567237175,7.220617567237175,1.0],[0.44672126724761885,4.4672126724761885,1.0],[0.4533596515962979,4.533596515962978,1.0],[0.025925678678183073,0.25925678678183073,1.0],[0.33490089376309407,3.3490089376309404,1.0],[0.4755440242737675,4.755440242737675,1.0],[0.45132356511490823,4.513235651149082,1.0],[0.08788974506102976,0.8788974506102976,1.0],[0.29509671683068217,2.9509671683068217,1.0],[0.33863234208051063,3.3863234208051063,1.0],[0.9020959027552419,9.020959027552419,1.0],[0.7173473735926632,7.173473735926632,1.0],[0.8986159167700656,8.986159167700656,1.0]]
3_DPpaulli_15_workers.fjs;6092.4564798826295;617028;[219,389,455,465,565,663,1053,1408,1591,1823,1950,2027,2055,2145,2349,0,81,100,180,276,567,616,838,902,1219,1292,1375,1704,1785,1862,1999,2365,2398,2533,2599,156,221,276,342,439,470,533,842,1064,1143,1239,1288,1321,1465,1551,1637,1874,1923,2067,2134,2227,2413,2474,337,782,872,904,999,1032,1143,1203,1411,1699,1909,2145,2190,2362,2441,2531,2610,2688,0,89,155,292,427,455,684,782,847,904,1008,1046,1146,1211,1321,2035,2201,2227,2506,2688,2792,0,276,328,420,590,658,1034,1146,1182,1321,1504,1791,2104,2647,2729,89,221,299,546,937,1009,1167,1649,1720,1823,1878,1935,2152,2262,2362,2488,2779,166,413,532,820,1150,1219,1302,1319,1347,1396,1519,1582,1653,1862,1884,1975,2131,2301,2362,2441,2526,2600,2645,2738,2800,126,180,254,309,533,776,903,1146,1319,1393,1481,1573,1662,1785,2066,2190,2243,2373,2570,2628,2676,2759,2800,86,362,590,629,707,776,845,1070,1427,1911,2055,2111,2131,2205,2293,2352,2450,2531,2642,0,266,381,432,596,760,802,902,1609,1649,1763,1964,2052,2180,2243,2450,2533,2689,2779,254,362,516,695,968,1034,1257,1302,1454,1774,1857,1869,1964,1990,2262,2328,2365,2589,2682,2744,2830,70,256,489,567,629,714,885,983,1085,1217,1390,1538,2479,2545,2647,2717,0,61,231,316,328,492,622,987,1262,1334,1470,1573,1595,1726,2054,2352,351,362,802,872,951,1219,1335,1359,1504,1551,1642,1718,1791,1919,1990,2156,2194,2240,2330,2448,2599,2667,2695,2765,2785,0,439,528,900,1260,1306,1419,1501,1616,1774,1956,2027,2118,2240,2267,2369,2676,72,166,231,470,492,596,618,760,951,985,1340,1417,1582,1646,1720,1809,1955,2068,2090,2267,2518,61,355,811,847,1019,1074,1168,1287,1375,1462,1519,1646,1720,1825,2014,2545,2759,351,427,516,590,618,822,1085,1211,1389,1476,1551,1704,1909,1956,2035,2104,2123,2301,2365,2448,2479,2706,2759,0,126,162,390,516,652,745,1046,1108,1150,1203,1861,2267,2531,2595,2791];[0,8,4,7,0,2,9,5,0,7,0,5,3,4,7,2,3,2,0,1,3,3,9,2,0,9,2,1,7,9,4,5,1,2,1,8,4,4,6,0,1,4,6,6,7,3,8,4,7,2,9,0,6,1,5,5,6,9,8,6,3,1,1,0,4,6,3,7,4,3,4,6,8,8,9,2,6,1,6,8,1,8,6,5,8,3,3,3,9,2,0,8,0,7,3,9,3,7,8,5,9,1,1,8,1,4,8,5,0,2,5,2,8,8,2,6,6,7,1,7,4,8,2,3,2,8,1,1,8,3,2,3,1,0,5,3,5,5,1,6,9,2,1,6,2,6,6,0,6,3,3,1,6,0,5,2,3,4,2,0,8,3,3,4,0,4,1,1,8,3,6,8,8,6,4,3,1,5,9,5,9,0,4,7,4,4,6,5,6,7,9,4,2,3,9,7,9,9,4,5,2,1,0,0,7,5,6,8,8,8,8,2,6,8,5,2,3,3,1,8,7,3,7,7,5,6,8,5,1,7,5,3,7,5,1,8,7,6,2,9,5,8,4,4,1,4,0,7,4,5,8,7,1,5,7,5,0,0,6,2,6,3,6,0,8,3,6,4,7,7,1,9,5,1,7,9,2,1,0,0,2,0,6,4,2,0,8,9,2,0,0,7,6,0,6,7,6,5,1,8,3,2,4,7,0,9,2,1,7,6,4,7,9,0,9,7,8,9,9,9,1,9,6,3,5,4,9,7,7,2,0,0,8,3,5,6,7,7,2,7,2,8,8,9,9,7,4,4,1,3,5,8,7,8,2,9,5,4,4,3,7,2,2,4,0,7,9,4,0,7,0,5,3,5,2,6,7,3,2,0,6,8,5,3,7,0,9];[9,11,7,1,5,10,5,0,5,10,2,9,11,11,13,6,12,0,1,2,6,6,7,8,8,2,5,1,9,3,10,3,6,12,9,2,2,8,1,8,11,3,4,2,13,3,10,7,11,6,5,6,9,1,10,7,14,1,10,6,7,7,11,4,9,1,12,8,10,12,12,0,14,11,11,13,3,2,4,5,7,5,1,13,9,9,12,6,10,9,10,7,7,14,2,6,9,1,11,12,2,2,13,11,6,2,4,1,14,7,9,12,3,12,0,14,5,8,8,11,7,9,5,5,7,8,4,9,4,8,13,10,14,0,6,3,1,8,14,14,13,13,7,2,7,9,12,6,7,5,5,0,3,0,6,5,1,11,1,9,0,14,3,2,13,2,6,3,4,5,9,7,3,13,1,2,6,10,4,8,7,13,3,1,7,3,1,7,4,0,4,11,5,12,7,3,9,14,5,4,3,11,8,6,9,9,11,1,1,1,5,10,1,9,12,0,14,10,2,2,3,13,14,11,7,8,0,13,12,5,2,9,10,7,0,5,8,3,3,9,11,7,14,14,12,4,10,4,13,6,8,10,14,2,10,8,9,8,0,6,12,6,0,12,0,4,8,1,2,8,14,3,12,0,9,9,5,11,14,10,2,6,13,1,8,3,10,1,14,12,4,11,10,7,12,12,11,11,13,4,8,13,12,11,14,10,1,6,8,5,14,7,6,2,6,4,12,2,13,10,12,7,3,0,11,4,8,10,2,14,8,14,3,1,5,8,9,12,5,13,1,0,7,13,13,3,2,13,7,14,2,10,10,12,14,10,8,6,5,6,7,6,6,5,6,9,2,0,5,14,1,0,10,14,10,14,5,0,12,7,1,7,13,1,14,1,7];[[0.4211249061401,4.211249061401,1.0],[0.9761073344853062,9.761073344853061,1.0],[0.6132800246752349,6.132800246752349,1.0],[0.6930423279788359,6.930423279788359,1.0],[0.5088628354481554,5.088628354481553,1.0],[0.18781156668551158,1.8781156668551158,1.0],[0.830121874145001,8.301218741450011,1.0],[0.8449241651217704,8.449241651217704,1.0],[0.20962821201639004,2.0962821201639006,1.0],[0.6505169872996391,6.505169872996391,1.0],[0.7003316191510263,7.003316191510263,1.0],[0.7150339547653067,7.150339547653068,1.0],[0.8091072451390076,8.091072451390076,1.0],[0.8451978833841938,8.451978833841938,1.0],[0.3695849781386673,3.695849781386673,1.0]]
3_DPpaulli_15_workers.fjs;6092.350403988561;678780;[52,192,369,555,614,825,1001,1344,1453,1727,1902,2181,2295,2644,2756,0,90,163,302,338,407,451,725,1222,1274,1355,1865,2204,2283,2321,2422,2500,2669,2757,2829,223,430,562,614,715,749,860,929,1312,1517,1609,1708,1963,2029,2104,2170,2320,2399,2533,2588,2651,2737,2769,0,107,165,199,543,572,648,691,751,838,912,1170,1277,1556,1623,2492,2575,2810,74,217,405,512,717,863,921,1060,1300,1370,1528,1570,1705,1776,1911,2279,2295,2419,2450,2471,2765,49,812,975,1066,1101,1178,1221,1331,1419,1453,1552,1623,2223,2331,2420,10,72,126,217,289,380,498,529,751,816,1014,1125,1642,1957,2366,2551,2600,32,126,429,554,648,753,842,862,917,1010,1355,1420,1453,1517,1538,1583,1708,1918,1988,2022,2339,2422,2465,2551,2600,0,126,203,245,340,614,667,891,1014,1221,1373,1463,1570,1826,2143,2295,2349,2411,2456,2514,2570,2655,2699,32,74,107,383,468,802,927,1325,1473,1547,1692,1750,1888,2024,2145,2430,2533,2588,2673,90,145,243,362,751,842,887,1112,1210,1273,1344,1355,1539,1561,2132,2586,2669,2701,2804,0,223,340,379,747,985,1104,1149,1495,1741,1819,1988,2095,2164,2243,2279,2319,2363,2655,2711,2776,145,512,712,759,891,999,1274,1627,1831,1903,1918,2095,2164,2244,2363,2514,338,407,450,749,1101,1156,1222,1416,1761,1831,1941,2321,2349,2598,2679,2711,0,165,286,444,520,827,1000,1104,1170,1247,1331,1420,1495,1583,1614,1669,2005,2212,2244,2291,2331,2533,2588,2688,2757,302,352,429,520,625,825,862,1000,1074,1459,1506,1714,2024,2132,2496,2737,2810,0,68,132,482,554,634,691,921,1025,1104,1419,1473,1652,1850,1903,2054,2170,2269,2394,2430,2673,251,286,430,581,667,959,1149,1210,1348,1538,1669,1750,1903,2110,2172,2388,2765,0,112,303,396,529,546,794,842,981,1093,1300,1318,1421,1621,1708,1773,1819,1911,2029,2143,2288,2786,2836,0,52,243,340,379,451,543,753,1009,1215,1617,1772,2068,2231,2689,2784];[6,1,7,3,6,5,8,5,0,5,5,3,6,8,7,4,2,8,6,4,2,6,9,8,9,9,2,6,1,0,2,0,3,1,0,4,0,9,3,6,1,3,1,7,4,2,9,6,2,0,2,4,6,0,5,5,2,9,5,9,9,6,2,0,8,7,2,0,0,5,7,2,9,3,9,4,8,2,4,3,0,4,6,0,3,7,1,4,1,2,9,9,7,7,7,9,6,1,1,5,1,5,4,6,2,4,5,9,6,9,5,1,3,5,2,9,9,7,7,4,4,6,2,3,0,7,5,2,6,5,6,5,1,0,3,3,5,9,6,2,0,4,8,0,3,6,8,3,3,1,9,1,4,2,8,5,3,8,0,2,9,2,4,4,8,2,1,5,3,9,8,4,6,6,7,7,4,8,9,3,9,5,4,7,1,1,4,5,8,6,9,6,5,3,0,6,0,0,5,8,5,8,8,2,1,5,6,6,9,0,9,3,9,8,7,2,1,7,1,0,3,7,0,7,9,1,8,5,8,7,0,2,7,1,9,7,7,6,4,6,5,7,8,2,6,8,0,8,7,3,2,7,6,3,8,6,1,8,0,2,6,4,3,1,9,4,8,1,3,4,1,1,0,1,2,6,9,1,0,6,3,5,8,5,4,3,8,4,3,5,8,4,3,2,5,7,1,1,7,7,1,2,7,7,0,7,4,8,5,5,0,7,4,0,7,7,8,4,3,4,1,9,3,8,3,4,0,4,5,8,0,7,4,3,5,2,9,7,2,1,8,8,7,4,6,1,3,2,7,1,1,6,7,9,8,9,8,8,2,4,9,0,3,4,9,7,6,1,8,0,1,1,2,0,8,3,2,8,8,0,5,1,8,3,2,7,8];[9,1,9,13,7,5,12,6,11,4,10,0,10,7,13,5,8,14,14,13,1,8,9,11,1,4,7,9,9,6,10,0,14,8,8,1,4,2,0,7,1,1,2,2,5,14,3,7,14,7,11,14,9,7,8,13,10,14,14,2,11,2,12,5,1,14,0,3,9,7,5,9,6,3,6,12,7,11,3,2,10,2,10,0,13,1,11,7,0,6,0,10,0,1,0,5,10,14,10,3,7,2,10,8,4,0,12,1,4,3,2,3,11,4,0,6,9,12,7,9,6,11,13,0,2,2,1,13,11,10,4,0,8,8,4,2,0,14,11,11,12,4,8,4,12,2,9,12,0,8,6,13,11,5,10,9,13,12,11,11,9,0,5,2,2,13,13,5,14,3,4,13,9,2,10,4,11,2,6,10,11,11,9,6,10,3,5,7,1,4,2,8,7,4,3,6,5,3,14,7,14,11,13,3,14,9,5,12,12,5,5,1,11,0,1,9,0,7,2,3,2,12,14,0,7,8,10,1,12,10,5,11,5,10,7,7,5,3,0,13,12,1,7,11,14,6,1,4,10,2,7,9,8,4,13,11,3,12,5,10,13,2,6,5,13,0,7,9,11,12,3,12,1,7,5,4,2,14,8,9,6,4,10,0,1,1,11,6,0,1,7,11,9,2,14,6,14,6,14,8,0,8,8,2,11,13,1,8,12,4,6,12,6,0,1,10,4,4,10,11,7,10,14,13,14,5,4,8,2,12,2,3,0,13,9,2,8,13,13,0,14,1,3,5,6,3,14,5,7,1,1,12,5,10,2,10,13,9,0,11,6,13,5,8,0,8,3,9,7,11,14,3,1,7,5,1,10,11,12,6,6,3,10,9,7,4,3];[[0.4831103964860096,4.831103964860096,1.0],[0.9021829992468611,9.02182999246861,1.0],[0.5374571935128641,5.374571935128642,1.0],[0.8761340971511191,8.761340971511192,1.0],[0.573156942708234,5.7315694270823405,1.0],[0.994523847851402,9.945238478514021,1.0],[0.3574465703190305,3.574465703190305,1.0],[0.6617299629663892,6.617299629663892,1.0],[0.4882872262788658,4.882872262788657,1.0],[0.5726412824777106,5.726412824777106,1.0],[0.32388398325139345,3.2388398325139347,1.0],[0.8072354510963532,8.072354510963532,1.0],[0.8087324055796944,8.087324055796945,1.0],[0.660852452150834,6.60852452150834,1.0],[0.5802577271631468,5.802577271631469,1.0]]
3_DPpaulli_15_workers.fjs;6400.6032540693695;510612;[44,486,1139,1225,1284,1466,1516,1600,1686,1730,1828,2087,2118,2299,2520,124,220,243,316,352,631,764,952,1322,1374,1449,1532,1785,1969,2206,2412,2571,2664,2752,2853,71,359,415,606,913,1267,1342,1404,1466,1535,1561,1667,1705,1780,1858,2001,2065,2122,2173,2239,2432,2571,2601,0,383,517,551,653,1100,1191,1229,1349,1466,1614,2239,2310,2429,2491,2752,2804,2949,0,182,448,672,830,858,914,1002,1065,1124,1617,1681,1852,1925,2007,2122,2421,2469,2625,2643,2881,54,124,304,692,1741,1925,2367,2474,2496,2527,2617,2693,2776,2821,2875,0,61,382,638,842,1051,1146,1286,1730,1784,1965,2080,2333,2377,2496,2592,2923,173,213,324,363,478,541,586,603,723,957,1260,1479,1614,1679,1828,1855,1965,2055,2299,2366,2527,2693,2752,2828,2874,61,131,204,249,324,486,541,606,708,858,1008,1111,1228,1516,1642,2164,2308,2405,2483,2664,2787,2883,2915,447,638,708,748,885,952,1045,1124,1191,1397,1472,2065,2087,2483,2601,2683,2784,2840,2928,0,55,149,201,319,382,486,586,737,821,931,1139,1237,1322,1379,1916,2145,2536,2828,575,672,748,862,952,1023,1437,1508,1546,1600,1728,1780,1885,1909,2222,2448,2520,2571,2621,2712,2776,94,487,653,800,858,1065,1169,1267,1349,2055,2239,2333,2394,2609,2749,2874,0,428,454,1188,1496,1517,1585,1885,2148,2223,2299,2349,2367,2618,2693,2718,61,106,155,417,571,621,710,724,782,847,931,1065,1139,1228,1397,1449,1472,1546,1683,1940,2087,2168,2257,2345,2355,0,352,428,541,800,858,1002,1106,1409,1578,1617,1869,1975,2110,2225,2333,2827,87,201,273,304,415,552,581,782,1402,1810,1874,2004,2080,2206,2259,2299,2448,2571,2592,2625,2853,307,319,737,761,914,1011,1086,1284,1585,1653,1695,1779,2025,2170,2206,2337,2500,149,212,307,454,552,572,586,774,842,862,988,1023,1190,1402,1422,1515,1855,2304,2442,2539,2784,2938,2948,0,517,696,1086,1156,1284,1377,1441,1683,1916,1975,2249,2429,2527,2688,2874];[7,1,4,7,5,9,0,2,4,9,6,7,5,7,4,2,1,8,0,8,2,3,1,8,1,1,6,3,9,9,3,9,6,2,2,9,4,0,9,4,1,4,9,8,2,9,2,1,2,2,6,4,8,0,3,5,6,9,9,1,1,4,0,0,1,4,2,3,0,7,7,2,8,0,1,4,4,5,3,7,2,4,7,8,9,7,3,3,8,7,0,9,8,7,7,2,6,2,8,2,4,5,2,9,1,3,5,8,1,9,7,8,3,8,6,5,6,6,9,4,4,6,3,0,0,0,1,4,8,3,7,9,7,6,5,8,1,5,6,6,0,6,6,9,0,2,8,2,3,3,0,6,0,4,5,9,9,9,3,0,9,8,5,9,0,2,3,5,7,6,3,5,2,7,8,1,5,1,3,8,1,1,2,3,9,2,6,5,2,3,9,6,5,3,9,0,0,6,4,0,6,3,8,7,6,1,5,1,0,6,8,4,6,0,6,6,3,3,0,9,5,0,7,4,5,5,7,4,6,5,8,6,2,5,7,1,5,2,4,9,3,8,8,2,0,3,0,1,7,3,8,0,1,5,7,6,7,1,8,7,2,4,8,9,8,0,9,4,3,7,3,8,0,6,2,2,2,5,0,4,3,5,8,5,2,3,7,9,2,3,5,7,6,2,5,2,6,7,2,7,6,6,3,4,3,0,4,6,5,5,0,4,2,5,4,3,5,0,0,5,1,8,6,8,2,4,0,4,7,1,7,6,4,3,5,6,2,7,9,1,8,8,8,9,9,1,2,7,6,6,1,5,0,2,2,6,8,8,5,1,0,7,7,2,9,6,6,4,5,2,1,7,0,9,2,6,7,3,4,5,0,5,1,4,1,8,3];[12,1,4,12,9,13,6,3,14,14,14,11,7,14,13,12,5,6,3,12,13,11,1,11,0,5,9,13,12,6,12,9,3,11,4,2,8,2,3,12,11,14,9,3,7,5,4,10,0,12,11,2,3,0,3,0,5,12,4,10,11,11,4,9,7,6,3,9,9,0,5,8,14,3,13,10,7,7,2,2,11,8,5,5,14,6,0,1,1,2,8,2,14,7,2,2,5,13,13,4,5,2,10,2,11,1,11,1,10,6,4,10,0,3,9,10,5,7,7,7,8,11,10,13,1,1,11,14,9,1,1,2,11,6,12,3,10,6,11,8,10,8,8,2,9,1,0,11,12,1,14,5,3,6,14,11,10,13,14,0,6,6,4,14,1,0,1,10,1,9,13,3,2,6,14,11,8,0,12,10,4,10,6,10,3,3,1,2,11,4,8,6,8,12,7,0,6,6,10,3,9,13,4,14,14,3,4,5,5,6,1,9,9,10,5,5,14,10,4,10,6,8,13,3,7,11,10,7,0,2,1,9,8,7,1,0,0,7,0,13,0,12,11,13,10,9,7,3,5,13,4,12,14,4,3,10,12,4,1,5,8,1,2,5,6,10,0,0,2,8,13,7,1,9,13,12,8,1,7,5,1,8,13,0,7,13,7,4,1,2,9,11,11,8,3,14,5,1,2,13,13,1,13,14,13,3,12,8,10,1,7,14,7,8,5,0,12,12,5,4,4,9,8,13,14,4,6,3,2,4,2,2,6,11,9,9,3,13,12,4,2,3,12,10,13,14,9,7,6,0,1,12,2,13,2,5,4,13,1,10,4,10,4,8,8,12,13,5,8,2,7,12,1,1,11,4,5,11,11,11,3,14,10,9,0,4,3];[[0.34661995661142697,3.4661995661142697,1.0],[0.2286410960833074,2.286410960833074,1.0],[0.012392470279078194,0.12392470279078194,1.0],[0.9308270259025113,9.308270259025113,1.0],[0.3225145761620236,3.225145761620236,1.0],[0.0006954578022455582,0.006954578022455582,1.0],[0.2097170717940725,2.097170717940725,1.0],[0.5179602272351016,5.179602272351016,1.0],[0.7628222106217201,7.6282221062172,1.0],[0.3089717897377221,3.089717897377221,1.0],[0.15113122452813788,1.5113122452813788,1.0],[0.07045772229012492,0.7045772229012492,1.0],[0.8725064026541692,8.725064026541693,1.0],[0.3074981421409557,3.074981421409557,1.0],[0.272859759997538,2.7285975999753798,1.0]]
3_DPpaulli_15_workers.fjs;6284.071010815473;375744;[0,411,666,940,1067,1176,1214,1630,2062,2183,2279,2409,2437,2548,2700,0,234,453,547,644,708,781,942,1023,1077,1309,1710,1851,1936,2082,2183,2389,2506,2802,2872,0,61,564,753,991,1023,1077,1140,1235,1614,1762,1967,2005,2129,2258,2368,2437,2529,2589,2646,2746,2835,2867,106,173,466,529,633,666,753,794,873,984,1051,1150,1293,1566,1840,2329,2368,2456,10,261,321,584,708,984,1293,1381,1528,1606,1710,1790,1934,2050,2129,2363,2413,2441,2581,2603,2872,112,230,291,633,886,1009,1069,1176,1349,1379,1713,1844,1949,2026,2312,165,253,359,453,529,666,1506,1580,1695,1952,1972,2205,2289,2430,2767,2795,2843,0,154,253,370,453,554,591,720,920,965,1069,1326,1491,1556,1587,1844,1974,2032,2096,2206,2253,2332,2472,2795,2849,36,70,147,190,282,450,467,536,855,872,998,1152,1237,1286,1363,1450,1504,2032,2195,2336,2430,2589,2872,606,1090,1152,1191,1389,1703,1767,1844,1866,1926,1938,1974,2158,2528,2620,2682,2767,2824,2908,0,234,319,718,845,1120,1217,1400,1491,1528,1614,1711,1934,2005,2066,2082,2177,2279,2358,122,310,370,387,450,517,747,809,845,860,1199,1450,1555,1714,1806,1840,1920,1994,2746,2802,2895,0,90,188,228,283,365,599,753,859,916,1295,1389,1880,2096,2694,2732,61,154,321,706,733,745,806,880,920,1506,1593,2409,2560,2609,2721,2917,224,682,980,1150,1217,1248,1379,1393,1444,1489,1617,1691,1778,1934,2106,2186,2239,2282,2556,2603,2646,2732,2757,2862,2872,0,85,176,517,854,954,1167,1258,1576,1668,1765,1825,1919,2358,2385,2482,2600,106,188,251,467,486,641,661,720,839,873,998,1212,1286,1972,2066,2358,2430,2529,2548,2581,2641,0,50,266,277,535,806,886,977,1235,1309,1376,1556,1624,2130,2166,2289,2633,0,70,165,249,319,521,661,706,845,866,937,956,1459,1610,1629,1695,2062,2205,2248,2456,2814,2856,2918,0,382,450,836,977,1043,1536,1629,1668,1713,1766,1851,2329,2715,2771,2840];[8,9,1,0,7,0,0,7,5,8,5,0,5,4,0,9,3,1,0,0,3,9,9,2,1,6,6,1,7,0,9,2,6,1,4,6,7,4,2,2,1,5,6,7,0,2,2,6,2,9,9,0,5,0,3,2,2,9,9,6,8,6,9,2,6,6,3,8,8,3,9,6,9,3,3,4,1,4,6,7,7,6,7,2,8,3,8,7,8,7,7,4,2,7,2,7,1,7,1,3,6,1,4,2,2,8,5,7,0,0,4,4,3,5,7,6,9,6,3,7,5,6,3,0,7,6,4,6,5,4,2,3,5,7,5,8,8,7,5,9,9,9,4,2,3,5,3,9,6,1,0,7,4,7,4,5,0,4,2,2,9,1,4,4,0,1,3,1,4,2,6,5,1,7,8,5,8,0,0,5,9,0,2,0,8,2,5,5,1,3,8,5,5,5,0,2,3,0,8,5,8,0,8,4,8,1,4,0,0,2,0,8,1,8,5,6,5,0,2,5,2,8,0,4,9,2,7,7,9,9,6,2,7,1,9,5,0,8,9,9,7,8,4,3,6,8,0,7,6,6,7,0,6,9,9,5,1,1,7,2,6,0,8,6,4,4,1,4,3,4,7,8,5,4,8,9,6,5,6,4,2,4,3,6,3,4,7,1,0,7,8,2,6,2,2,7,5,2,2,7,2,4,2,4,4,8,1,1,0,6,1,8,2,2,4,5,8,0,3,0,7,2,3,4,2,8,9,4,2,3,1,1,2,1,1,7,1,7,9,6,8,3,9,9,9,5,2,8,5,3,5,1,0,7,5,9,0,5,5,1,3,2,5,1,4,2,6,3,8,9,3,7,3,0,9,3,6,3,2,0,1,1,5,6,3,7,3];[11,10,4,11,8,10,5,6,3,6,11,6,14,0,5,5,14,1,10,12,8,13,0,11,0,0,9,9,9,6,7,8,6,5,2,14,14,11,2,5,3,6,3,2,14,0,4,2,10,12,3,5,8,11,1,1,14,6,0,7,10,4,14,9,8,11,10,12,2,12,2,0,2,3,2,12,0,10,6,10,12,13,13,13,12,9,3,11,12,10,1,13,11,13,7,14,4,11,13,2,4,2,6,10,13,1,14,7,0,3,13,13,4,14,1,14,5,7,0,11,14,8,10,10,2,1,3,9,11,3,13,12,5,5,7,9,5,7,4,11,2,11,10,7,12,0,9,0,5,14,5,3,12,1,13,9,1,5,7,8,9,1,6,14,1,7,13,4,5,2,3,0,1,0,4,2,3,5,5,0,4,6,6,12,10,3,2,2,5,4,5,3,3,4,10,12,9,11,12,4,5,13,14,11,13,13,13,11,0,6,13,11,3,8,9,0,4,8,7,0,11,7,5,6,9,1,10,1,2,5,5,10,5,0,13,11,8,8,6,6,13,3,11,6,11,6,7,2,6,9,14,13,3,6,10,7,12,3,7,7,12,7,1,13,0,0,1,9,11,2,1,14,12,6,4,8,12,5,0,5,13,4,14,13,13,6,1,4,13,4,14,3,7,2,6,12,8,0,2,11,3,14,11,4,4,4,11,7,7,7,10,8,0,12,2,1,3,1,8,8,7,3,12,8,14,1,8,10,13,13,8,4,4,3,5,9,12,13,8,11,8,0,8,4,13,14,10,4,6,7,9,9,3,3,1,10,13,4,6,1,7,10,7,7,7,8,3,9,2,7,5,12,0,7,10,6,14,2,12,12,13,14,14,6,12,8,0];[[0.8559393885152179,8.55939388515218,1.0],[0.8004839408308784,8.004839408308783,1.0],[0.5938433496209707,5.938433496209708,1.0],[0.8870093324131678,8.870093324131679,1.0],[0.741558169706834,7.4155816970683395,1.0],[0.8097670389513107,8.097670389513107,1.0],[0.2247324103169328,2.247324103169328,1.0],[0.9761818800633866,9.761818800633865,1.0],[0.6339038774096737,6.339038774096737,1.0],[0.5580285642552777,5.580285642552777,1.0],[0.4463526500656817,4.463526500656817,1.0],[0.28336462923826333,2.8336462923826335,1.0],[0.9019880415639555,9.019880415639555,1.0],[0.03268507148422006,0.32685071484220063,1.0],[0.4362825217209084,4.3628252172090844,1.0]]
3_DPpaulli_15_workers.fjs;6073.745922625932;522168;[747,848,1106,1157,1371,1465,1935,2070,2127,2169,2265,2337,2489,2584,2655,87,177,289,368,403,467,610,931,969,1084,1371,1508,1618,1703,1823,2147,2359,2541,2626,2726,85,186,280,424,546,625,697,780,848,907,1015,1088,1453,1666,1745,1914,2021,2077,2282,2456,2525,2640,2669,0,172,317,430,681,834,1024,1088,1171,1257,1370,1609,1676,1825,1882,1981,2064,2696,0,85,146,239,316,546,813,941,1006,1121,1210,1703,1982,2048,2137,2265,2443,2469,2518,2675,2766,37,197,213,350,840,1117,1203,1376,1400,1436,1520,2264,2359,2677,2743,55,642,836,957,1035,1533,1935,2157,2215,2324,2383,2438,2518,2564,2692,2732,2778,0,351,426,461,531,590,707,771,802,914,1174,1371,1406,1475,1633,1657,1864,2004,2088,2157,2202,2282,2359,2669,2728,0,368,466,513,630,796,1174,1239,1339,1466,1541,1633,1725,1767,1842,1880,1935,2127,2155,2216,2303,2386,2525,214,553,758,998,1194,1313,1371,1443,1567,1618,1738,1801,1823,1903,2032,2164,2249,2341,2451,0,199,328,513,642,936,1082,1171,1339,1609,1681,2036,2339,2352,2468,2584,2709,2728,2807,75,126,186,238,306,424,512,590,695,879,1014,1307,1703,1921,2012,2124,2169,2514,2620,2743,2800,0,108,251,291,355,430,593,709,1257,1313,1400,1500,1745,2235,2456,2605,0,63,87,197,260,355,423,502,681,771,941,1107,1259,1466,2058,2266,239,300,679,840,1074,1106,1203,1216,1320,1500,1591,1666,1738,1825,1981,2088,2215,2306,2386,2428,2456,2514,2541,2598,2608,201,251,439,511,546,572,606,796,907,991,1024,1088,1507,1774,2410,2564,2640,0,238,489,577,599,674,695,754,836,873,938,1034,1255,1811,2021,2058,2249,2428,2566,2677,2743,144,271,746,758,844,922,999,1068,1239,1328,1589,1745,1914,2410,2446,2491,2598,146,239,328,404,424,443,590,630,695,714,922,945,1015,1063,1125,1232,1259,1465,1726,2004,2032,2725,2800,306,525,539,723,967,1355,1542,1842,1903,2017,2070,2157,2337,2416,2666,2766];[7,9,1,1,2,9,6,6,9,9,6,3,9,4,7,9,9,2,4,4,6,6,1,2,9,3,2,1,0,1,3,2,1,1,9,2,0,6,8,2,1,5,1,2,3,9,8,7,2,8,1,9,8,9,3,2,0,9,0,1,6,1,1,8,8,7,0,3,6,9,9,2,9,9,3,1,2,4,3,6,7,6,4,0,4,8,6,1,1,7,5,9,7,7,6,7,3,8,8,5,9,5,1,4,1,5,5,6,7,5,4,2,1,5,1,6,6,7,7,1,4,8,2,0,0,6,3,4,7,3,6,5,5,0,1,7,5,5,5,3,0,8,8,0,3,8,3,0,6,5,2,7,5,6,8,2,3,8,0,2,9,1,7,6,0,8,9,9,3,6,2,6,7,7,4,1,3,4,3,3,1,5,0,4,0,4,4,5,1,0,4,4,0,3,8,2,9,9,3,4,2,3,0,2,1,7,6,0,9,0,8,9,6,8,2,6,5,2,0,8,3,3,0,7,9,5,8,6,8,7,0,2,7,2,1,5,5,8,2,5,7,7,4,2,0,5,1,4,2,8,1,7,1,9,7,6,4,1,9,2,6,0,8,6,8,0,2,4,1,9,3,3,1,4,7,7,6,1,2,4,3,5,0,4,1,3,4,1,6,4,8,4,3,2,7,2,6,9,7,3,9,2,8,7,3,9,5,9,0,6,4,8,9,2,9,7,8,8,7,0,7,9,6,8,2,5,0,4,7,2,0,6,4,3,6,6,4,7,2,9,3,6,7,3,6,5,5,8,4,3,0,8,0,0,8,8,9,1,8,2,2,0,5,3,2,2,6,4,8,5,1,1,7,5,7,1,7,7,9,0,6,1,8,6,8,0,9];[12,4,13,9,1,5,12,8,9,2,12,0,10,5,4,3,8,7,14,8,6,12,9,11,0,8,2,7,0,9,6,6,3,5,10,9,4,10,0,11,8,9,2,11,2,11,10,14,3,0,5,11,13,14,1,6,2,1,14,10,1,3,4,12,9,14,8,10,6,10,2,6,3,0,6,12,13,2,6,13,12,12,3,0,1,13,0,6,14,10,4,8,9,8,11,2,4,11,3,0,10,10,9,7,0,10,3,12,6,9,13,9,5,9,14,7,5,0,13,7,1,9,10,11,9,1,0,12,6,7,9,10,13,5,5,14,8,6,4,11,7,7,9,12,12,4,13,7,11,11,8,3,10,1,5,1,4,2,1,3,6,14,14,2,1,11,1,5,14,13,10,0,8,6,1,12,2,8,14,13,13,4,1,4,13,7,5,4,4,7,8,7,13,3,4,13,0,12,8,0,3,13,11,2,0,2,6,4,14,5,14,10,9,8,5,4,4,1,3,0,11,4,14,10,7,6,13,7,11,10,5,9,12,13,14,12,6,14,5,5,3,14,0,11,11,5,0,13,11,4,6,14,2,14,10,14,2,4,7,9,8,9,2,5,4,10,0,0,6,13,14,6,8,3,14,3,2,11,13,4,2,10,3,5,8,5,13,1,12,3,14,5,7,2,1,9,7,6,4,2,11,8,5,10,6,1,1,2,9,6,4,4,12,6,6,6,5,4,2,1,14,3,0,13,0,2,10,13,8,14,0,9,8,8,1,5,12,10,1,12,11,14,3,9,0,5,5,11,5,14,6,11,2,2,1,13,6,6,0,8,0,4,5,11,9,8,10,9,9,6,2,3,6,3,1,10,14,10,1,6,1,11,10,2,7,8,7];[[0.5198238265685563,5.198238265685563,1.0],[0.9583988744400509,9.583988744400509,1.0],[0.3402956357666065,3.402956357666065,1.0],[0.7081849781179302,7.081849781179303,1.0],[0.9252189405445452,9.252189405445453,1.0],[0.05032666735654623,0.5032666735654623,1.0],[0.6613275461751585,6.613275461751585,1.0],[0.82711411373077,8.271141137307701,1.0],[0.8734961127808921,8.734961127808921,1.0],[0.5913019030238962,5.913019030238962,1.0],[0.11264722490163037,1.1264722490163037,1.0],[0.34477784983246407,3.4477784983246407,1.0],[0.011377599382669468,0.11377599382669468,1.0],[0.7909742881977946,7.909742881977946,1.0],[0.3277964015146908,3.277964015146908,1.0]]
3_DPpaulli_15_workers.fjs;6407.139148933583;381012;[463,588,848,1015,1081,1181,1248,1359,1577,1761,1904,2555,2589,2680,2910,0,160,769,848,890,1001,1045,1158,1218,1264,1394,1685,1760,1839,1882,2147,2301,2341,2619,2779,0,143,263,300,468,572,636,831,894,1686,1736,1784,1887,1986,2093,2331,2478,2523,2661,2725,2797,2889,2915,0,159,243,287,540,573,660,749,901,1409,1683,1812,1892,2073,2199,2329,2691,2969,50,135,240,478,545,572,963,1115,1184,1264,1359,1500,1592,1685,1849,2076,2301,2449,2543,2725,2817,159,299,315,710,763,1219,1650,1760,1782,2166,2259,2525,2612,2729,2926,0,60,315,625,695,953,983,1015,1191,1248,1724,2064,2220,2349,2420,2562,2663,18,63,139,315,408,1144,1201,1219,1248,1290,1430,1486,1621,1716,1735,1762,1822,1918,1983,2022,2670,2753,2798,2889,2937,0,94,171,217,301,522,540,660,794,810,997,1087,1170,1256,1418,1457,1601,1657,1756,1812,1877,2263,2823,374,608,719,798,1045,1110,1353,1596,1621,1874,2129,2166,2212,2293,2387,2445,2711,2794,2924,199,317,415,463,542,641,906,997,1105,1219,1336,1519,1764,1812,1874,1994,2076,2886,2969,0,94,227,271,526,749,810,857,890,901,983,1264,1467,1762,1978,2259,2402,2543,2725,2798,2861,0,135,228,271,337,480,1245,1507,1618,1671,2015,2112,2251,2725,2823,2861,554,613,710,1193,1268,1336,1409,1474,1513,1578,1904,2093,2387,2435,2593,2634,53,178,223,411,522,649,749,1017,1169,1452,1543,1976,2129,2220,2251,2326,2349,2426,2478,2525,2554,2610,2764,2915,2926,0,84,160,228,342,615,648,846,1075,1169,1290,1359,1668,1735,1839,1918,2186,0,78,266,424,468,628,953,1017,1131,1329,1394,1457,1679,1983,2212,2251,2420,2554,2612,2665,2926,84,227,709,767,846,943,1110,1240,1340,1455,1513,1650,2055,2519,2612,2687,2817,0,74,217,300,390,408,424,466,599,1087,1170,1657,1915,1959,1978,2054,2149,2289,2575,2661,2691,2729,2902,53,271,374,499,540,697,784,906,943,1181,1816,2054,2129,2435,2488,2610];[3,8,0,3,6,2,5,9,0,7,8,9,5,8,4,9,3,2,9,5,7,1,9,2,0,4,0,6,0,2,2,5,6,2,2,7,0,6,9,4,1,3,1,6,4,2,1,4,2,8,2,4,6,6,8,5,2,9,3,1,8,0,9,2,9,4,7,0,8,3,9,6,8,0,5,8,2,9,4,5,0,7,6,0,8,2,3,7,1,7,7,4,0,7,1,6,6,8,7,5,4,1,3,6,1,4,5,9,7,3,7,1,8,8,8,7,6,6,3,9,4,6,3,2,7,9,7,1,1,3,7,4,7,5,1,3,5,9,6,8,0,9,4,9,0,8,6,4,3,4,0,1,5,4,4,5,5,9,2,2,3,2,7,6,8,4,5,3,3,3,2,4,2,2,0,7,3,0,6,3,8,7,2,8,9,8,4,5,1,3,8,4,2,1,9,3,0,6,3,0,6,6,8,2,1,7,5,0,4,4,9,8,8,8,5,2,1,3,1,5,7,7,7,7,9,2,8,4,9,7,5,2,2,2,0,8,5,2,7,3,3,8,4,9,0,0,7,4,2,3,8,0,4,3,8,9,6,0,6,2,6,3,1,4,8,3,2,4,3,4,4,8,4,1,1,5,7,1,4,9,7,4,0,5,3,6,7,4,3,4,7,2,6,0,3,7,1,4,8,8,4,9,3,7,2,8,4,6,3,1,1,0,2,9,7,1,5,0,7,4,7,9,2,6,2,4,9,4,7,3,2,9,2,3,5,6,4,7,1,1,7,2,3,9,9,1,9,4,6,6,5,6,2,9,2,9,5,8,4,2,7,7,5,4,9,6,6,7,7,0,3,4,7,4,2,2,9,0,4,3,6,1,5,3,8,0,9];[12,14,12,9,14,7,9,3,6,6,3,11,9,11,13,12,3,3,1,14,13,12,2,12,4,1,3,9,9,5,4,6,14,12,1,14,8,14,3,10,8,8,6,7,12,7,10,13,0,6,6,2,4,2,14,3,8,7,13,1,10,8,14,9,12,4,3,10,0,12,4,7,14,8,7,13,13,5,11,4,8,0,1,5,0,3,5,4,5,13,1,8,8,2,5,10,2,11,14,10,14,2,13,8,5,12,0,3,3,10,0,14,7,10,14,5,5,0,9,6,8,11,10,10,1,7,9,14,0,5,14,7,9,3,13,2,11,14,6,13,12,11,11,2,14,5,10,12,4,5,5,13,4,1,10,9,9,6,7,6,6,0,12,11,2,8,3,1,3,9,4,9,1,0,2,0,12,2,12,11,13,11,6,4,0,0,7,9,5,4,4,0,5,1,11,12,14,1,11,2,3,4,5,4,1,6,10,14,11,7,6,8,3,0,9,8,11,10,0,4,10,0,14,4,8,11,12,1,13,9,13,10,8,2,0,14,11,10,0,2,11,7,7,0,10,13,9,11,11,12,4,7,5,4,8,11,8,8,12,10,8,8,11,8,4,13,0,8,6,13,3,7,10,10,7,3,10,11,11,2,13,11,6,7,11,3,1,6,1,14,4,14,10,4,12,12,9,7,2,14,5,5,6,5,11,4,12,8,8,9,2,1,1,12,8,13,7,10,3,2,14,3,1,11,3,12,8,2,6,13,3,6,7,6,5,10,12,10,0,9,6,10,7,1,13,3,8,10,9,0,4,12,3,10,13,9,13,2,4,1,14,7,1,7,8,14,7,7,11,11,6,5,8,8,10,9,1,1,11,4,9,3,13,14,14,9,1];[[0.18019241848515155,1.8019241848515155,1.0],[0.48736227300275514,4.873622730027551,1.0],[0.07759170039841756,0.7759170039841756,1.0],[0.5225667244081349,5.2256672440813485,1.0],[0.9196433340252647,9.196433340252646,1.0],[0.8762509611803474,8.762509611803473,1.0],[0.5029695910906639,5.029695910906638,1.0],[0.8160267976375112,8.160267976375112,1.0],[0.8059112000327816,8.059112000327817,1.0],[0.2140591090540045,2.140591090540045,1.0],[0.08805821114486456,0.8805821114486456,1.0],[0.20329737064426556,2.0329737064426556,1.0],[0.5837360924329463,5.837360924329463,1.0],[0.6737333796339059,6.737333796339059,1.0],[0.1608013027204077,1.6080130272040771,1.0]]
3_DPpaulli_18_workers.fjs;5674.23442695636;528984;[0,172,413,429,831,1026,1100,1368,1432,1569,1659,1763,1909,2216,2459,170,250,566,637,869,930,975,1132,1481,1679,1901,1976,2048,2167,2219,2321,2396,2425,2519,2583,173,237,288,326,489,605,667,733,800,889,957,1156,1196,1261,1396,1578,1803,1863,1919,2111,2178,2263,2425,65,84,204,269,413,482,908,970,1299,1476,1552,1764,2080,2114,2166,2267,2338,2422,174,302,360,470,743,773,930,1026,1107,1408,1534,1595,1976,2178,2265,2328,2371,2437,2473,2497,2583,114,250,269,584,735,876,1065,1774,1831,1978,2059,2135,2216,2382,2425,40,179,513,606,717,889,1176,1261,1316,1368,1482,1745,1821,1919,2219,2267,2352,179,281,489,550,616,696,735,804,918,1035,1156,1218,1375,1437,1461,1488,1825,2041,2136,2218,2263,2338,2381,2459,2505,0,40,114,154,413,482,505,572,834,856,940,1040,1261,1353,1873,1909,2048,2125,2183,2306,2371,2457,2492,223,263,370,409,482,693,764,859,888,940,1261,1316,1395,1510,1707,2042,2328,2535,2609,263,513,678,731,887,984,1025,1432,1532,1569,1639,1719,1774,2160,2249,2266,2349,2403,2573,0,87,156,173,237,347,559,656,693,791,948,1121,1654,1821,1901,1938,2009,2114,2460,2519,2612,0,87,174,233,301,370,505,637,1241,1333,1595,1719,1981,2055,2144,2381,66,154,179,528,639,731,800,921,971,1261,1437,1488,1659,1821,1957,2059,47,60,156,429,528,566,812,833,1056,1127,1241,1335,1408,1511,1569,1806,1901,1944,1976,2234,2267,2344,2457,2508,2583,114,281,374,451,489,514,680,743,797,837,1176,1314,1594,1619,1741,2104,2502,0,409,605,754,802,884,909,970,1056,1093,1353,1476,1537,1654,1704,1799,1864,2018,2099,2180,2535,301,326,514,616,754,964,1089,1115,1472,1580,1650,1732,1803,2003,2059,2125,2263,0,69,290,451,658,1223,1244,1296,1398,1417,1488,1509,1539,1594,1732,1809,1881,1959,2003,2231,2262,2349,2508,96,147,326,455,733,788,926,997,1035,1073,1168,1296,1636,1707,1798,2493];[0,9,1,3,7,9,6,5,0,8,5,9,8,7,6,4,7,2,4,8,5,9,5,9,0,9,6,6,9,9,1,2,5,1,9,7,0,0,6,0,1,3,1,8,2,3,9,6,7,2,9,6,6,1,5,5,6,9,0,6,9,4,0,2,3,4,0,0,4,1,9,4,8,7,3,1,2,1,9,7,7,7,8,7,7,7,3,0,1,2,5,4,0,7,7,3,1,7,4,2,4,5,4,9,8,3,5,3,7,4,5,2,8,5,7,8,9,9,7,1,5,6,3,0,7,0,3,1,6,3,9,6,5,7,5,6,6,4,5,3,9,8,8,2,4,2,4,2,6,3,9,4,4,6,8,9,5,8,6,8,3,3,3,6,0,2,6,3,8,7,0,6,1,6,8,3,2,8,3,3,2,5,0,3,0,0,6,5,1,6,7,4,2,5,8,8,8,9,8,2,1,3,8,5,8,6,6,8,5,6,8,8,7,0,5,2,1,3,0,1,2,8,0,9,9,1,8,7,4,5,5,8,9,1,0,7,5,0,1,5,3,7,4,2,0,3,1,7,0,8,1,7,4,5,6,6,0,8,0,2,2,3,3,1,8,0,3,7,2,7,1,1,1,6,2,2,6,1,4,7,9,5,5,3,4,4,4,1,2,8,8,4,3,9,7,5,6,1,8,7,4,4,4,0,4,7,2,2,0,5,4,8,9,0,5,5,9,6,0,4,1,8,0,6,2,5,3,4,7,0,7,6,8,1,5,6,1,7,2,6,3,3,6,9,2,5,3,0,6,3,5,5,1,8,8,9,0,1,2,2,9,2,3,1,2,2,9,7,4,0,8,2,6,0,9,3,1,7,5,3,1,5,8,4,1,8,9];[12,12,12,10,5,3,14,12,1,11,3,1,2,3,12,4,6,14,9,8,8,13,2,6,11,3,9,6,13,4,2,1,0,6,5,5,10,11,12,9,8,2,14,7,13,6,0,7,3,6,4,7,1,11,5,7,7,1,3,3,13,5,1,11,14,0,1,4,14,9,10,11,8,10,0,2,14,7,0,8,10,11,4,13,9,0,13,1,3,5,12,12,3,4,11,14,6,5,13,13,3,12,7,12,14,2,0,1,10,9,7,6,6,7,5,13,1,14,1,13,4,3,9,3,9,1,0,9,6,1,6,6,0,0,5,7,13,9,2,12,14,8,4,13,2,4,2,6,11,1,4,12,7,7,1,5,0,11,4,3,13,7,11,3,10,10,5,7,2,9,4,1,6,10,9,14,8,11,2,14,3,12,0,0,2,2,13,0,8,10,10,1,14,7,3,10,12,8,13,9,6,3,11,14,6,7,7,13,7,1,6,6,11,10,0,0,9,7,6,1,4,4,4,4,8,3,11,7,3,14,10,8,13,2,1,8,9,4,10,3,14,11,3,1,8,0,5,2,10,12,14,4,8,1,9,14,12,4,2,12,14,7,8,5,2,11,12,0,8,1,14,9,4,11,9,14,0,5,9,11,5,8,6,10,12,7,6,10,0,3,5,12,4,2,0,8,7,2,0,10,5,3,9,9,6,13,12,4,9,0,11,14,12,7,4,11,0,9,7,7,0,1,5,9,6,1,5,1,8,2,13,2,1,4,5,6,5,4,3,12,3,4,5,13,5,13,4,11,7,13,8,4,14,12,12,10,14,2,7,11,3,10,8,0,0,14,11,12,14,9,13,6,3,10,13,8,10,1,2,8,1,13,2,0,9,12,9];[[0.7773566427005639,7.7735664270056395,1.0],[0.6698255595592497,6.698255595592498,1.0],[0.09913960392481702,0.9913960392481702,1.0],[0.35297051119014544,3.529705111901454,1.0],[0.4679077429008419,4.679077429008419,1.0],[0.5346837414708775,5.346837414708775,1.0],[0.9783090609123973,9.783090609123974,1.0],[0.13031535015865903,1.3031535015865903,1.0],[0.6712434682302663,6.712434682302662,1.0],[0.36422941594737557,3.6422941594737557,1.0],[0.48883570716198577,4.888357071619858,1.0],[0.20301221073405373,2.0301221073405373,1.0],[0.6661983755713592,6.661983755713592,1.0],[0.2276630312069321,2.276630312069321,1.0],[0.4580640582967631,4.580640582967631,1.0]]
3_DPpaulli_18_workers.fjs;6321.531196603717;1333032;[156,218,302,428,714,800,840,952,1015,1169,1272,1367,1414,2204,2279,0,146,309,391,428,1007,1122,1251,1429,1551,1623,1699,1778,1862,1923,2303,2432,2460,2617,2757,110,168,222,267,541,812,1245,1452,1509,1562,1589,1615,1767,1838,1912,1974,2034,2083,2137,2193,2261,2372,2789,0,239,628,695,1086,1201,1312,1350,1412,1514,1976,2083,2148,2200,2326,2409,2534,2734,56,298,493,622,672,696,912,1130,1272,1336,1506,1601,1726,1917,2137,2204,2409,2460,2587,2666,2860,239,331,396,753,813,1344,1507,1782,1857,1894,2018,2120,2360,2534,2792,0,56,250,472,582,672,685,856,1036,1109,1268,1507,1765,2001,2068,2106,2652,0,80,193,230,549,653,695,830,866,916,1307,1444,1552,1782,1838,2130,2247,2355,2439,2473,2666,2755,2795,2866,2910,0,36,109,218,309,365,416,475,708,787,819,1160,1268,1336,1509,1596,1710,1807,1855,1917,2001,2460,2857,0,154,230,402,546,622,685,754,792,1066,1086,1596,1623,1790,1955,2025,2148,2202,2755,40,146,347,475,574,685,724,830,1122,1160,1234,1412,1479,1657,1754,1820,2106,2360,2740,51,331,391,479,549,608,656,915,1203,1271,1344,1360,1469,1589,1664,1889,2116,2278,2560,2617,2757,298,610,787,847,1142,1251,1363,1671,1747,1809,2082,2261,2392,2564,2690,2734,340,402,547,840,923,995,1059,1130,1169,1360,1923,2034,2057,2372,2473,2722,318,358,428,574,646,675,794,883,936,979,1059,1128,1193,1271,1408,1479,1626,1747,2124,2403,2502,2560,2587,2640,2850,385,473,766,878,1243,1622,1657,1726,1780,1820,2219,2278,2449,2560,2593,2813,2883,156,297,442,683,724,866,936,995,1339,1498,1646,1710,1754,2068,2137,2179,2304,2432,2491,2793,2857,36,416,835,950,1059,1193,1452,1622,1710,1809,1857,2193,2268,2439,2539,2655,2838,724,800,878,1119,1339,1388,1470,1684,1934,2016,2083,2193,2222,2265,2289,2445,2466,2539,2613,2690,2745,2784,2821,235,473,495,887,1007,1036,1128,1479,1579,1866,1932,2355,2432,2502,2554,2740];[9,5,1,0,6,9,2,0,0,7,0,5,5,7,0,9,7,0,0,9,6,9,1,8,1,0,0,5,6,0,9,5,1,2,0,8,0,0,2,2,1,4,1,2,0,3,8,0,9,9,1,4,3,9,8,5,2,1,0,6,6,0,9,8,6,6,4,8,6,1,4,6,8,7,9,2,6,9,9,5,9,9,4,8,8,2,1,6,8,7,7,3,8,7,8,6,1,8,1,3,2,8,9,6,1,4,2,0,6,4,5,7,8,8,5,5,9,5,1,9,4,8,2,7,7,2,5,5,4,3,9,3,1,0,2,6,7,4,6,5,0,4,3,0,0,6,6,9,3,3,6,6,4,4,4,0,3,9,6,2,8,1,4,4,0,4,3,8,4,7,7,7,7,1,7,5,0,5,3,3,5,5,4,3,3,2,9,5,2,4,8,3,8,5,0,8,5,6,6,8,1,5,8,5,6,6,5,6,9,2,9,1,9,1,9,2,3,4,2,8,2,8,0,1,9,1,7,6,9,5,8,8,7,1,7,1,7,0,3,3,5,7,0,3,2,6,2,8,0,5,2,7,5,6,6,9,7,8,6,7,2,1,6,1,9,3,9,1,1,9,7,3,7,7,1,8,2,5,1,0,9,6,3,3,3,3,1,2,2,8,0,4,3,2,6,7,6,2,2,8,4,9,4,7,2,8,2,6,5,5,4,8,2,4,1,7,8,9,3,9,7,9,6,6,3,4,0,4,5,9,2,2,4,3,1,8,0,7,1,1,2,3,9,3,2,4,5,7,5,6,1,5,0,9,7,6,3,3,4,2,2,1,1,3,4,6,9,1,5,2,3,4,3,7,7,4,2,1,0,5,0,8,5,6,7,7,3];[11,8,12,2,5,11,0,11,1,11,8,3,7,10,1,4,6,1,11,10,14,5,11,5,11,6,6,1,0,0,3,6,0,9,6,2,2,5,10,1,9,9,11,9,1,9,4,5,9,11,6,10,9,14,11,4,6,0,3,1,9,3,14,8,12,2,9,7,14,1,8,3,8,14,8,5,6,7,13,8,1,9,14,7,6,5,14,2,4,3,9,8,5,6,3,3,6,13,4,3,9,13,13,3,8,2,4,2,5,5,10,5,6,12,9,12,12,8,0,3,3,2,10,5,0,3,14,8,1,12,4,1,0,14,7,6,5,9,3,9,0,6,7,11,11,3,4,12,7,12,11,1,14,1,5,0,0,3,6,10,7,5,13,3,1,6,4,7,10,14,11,13,3,5,12,10,12,2,10,12,6,7,2,8,6,2,7,0,5,9,14,1,4,2,2,3,7,13,9,14,10,10,0,14,6,13,0,3,5,13,8,6,11,11,12,2,11,7,0,2,4,12,4,0,1,3,11,13,1,12,14,13,0,4,13,7,3,6,4,11,10,14,4,14,12,0,12,11,3,6,2,1,2,1,0,2,0,2,1,2,4,0,10,9,8,13,12,6,11,4,11,5,14,4,13,5,7,13,8,8,3,7,6,0,7,14,1,12,4,3,1,8,5,13,3,14,7,4,13,8,1,6,3,5,12,14,0,12,3,3,4,14,13,5,10,6,6,5,8,13,0,5,9,3,6,7,9,1,8,12,4,5,9,8,12,12,5,4,5,7,2,12,1,6,8,7,0,7,1,10,10,10,4,6,3,2,8,1,11,14,0,14,5,9,11,12,11,7,4,4,11,2,6,6,12,6,9,12,2,7,10,7,1,4,1,9,2];[[0.7966509679599704,7.966509679599704,1.0],[0.05862623274803458,0.5862623274803458,1.0],[0.7602397739740907,7.602397739740907,1.0],[0.8627037401845356,8.627037401845355,1.0],[0.09127403464611428,0.9127403464611428,1.0],[0.9024924365975527,9.024924365975528,1.0],[0.7858960565941281,7.858960565941281,1.0],[0.40667966546103385,4.0667966546103385,1.0],[0.37447264465852026,3.7447264465852026,1.0],[0.6490262282913547,6.490262282913547,1.0],[0.40092466608569977,4.009246660856998,1.0],[0.5721109226277574,5.721109226277575,1.0],[0.6077930620255084,6.077930620255084,1.0],[0.05072389565884072,0.5072389565884072,1.0],[0.7370880093375713,7.370880093375714,1.0]]
3_DPpaulli_18_workers.fjs;5767.290441404716;856644;[0,65,186,228,305,464,554,1207,1333,1571,1801,2078,2110,2202,2218,37,117,139,332,408,574,861,1113,1223,1277,1401,1473,1549,1730,1852,1948,2210,2401,2494,2622,0,171,306,412,524,554,619,683,739,794,844,997,1077,1153,1231,1296,1599,1656,1829,1886,1948,2042,2516,64,136,328,408,503,751,1056,1277,1341,1770,1829,1948,1993,2042,2098,2241,2487,2654,64,270,363,527,566,594,655,821,894,956,1293,1630,1948,2053,2137,2210,2245,2272,2307,2328,2540,64,212,451,827,1079,1340,1379,1712,1807,2012,2106,2286,2414,2585,2637,61,158,230,751,857,1146,1406,1473,1549,1611,1656,1717,1807,1852,1999,2184,2592,0,64,158,198,426,566,599,665,882,942,1049,1197,1245,1475,1500,1530,1764,1915,1993,2061,2180,2257,2397,2491,2610,0,48,136,258,496,538,599,683,775,795,828,1001,1159,1259,1341,1500,1560,2027,2180,2307,2367,2450,2622,67,113,308,794,926,988,1049,1162,1209,1363,1385,1882,1916,2063,2296,2357,2483,2537,2644,151,212,314,380,691,751,795,919,1048,1144,1214,1349,1457,1471,1539,1714,2029,2272,2395,366,630,827,868,988,1119,1162,1311,1462,1475,1549,1566,1658,1685,1764,2257,2307,2349,2435,2553,2610,129,229,336,821,956,1032,1132,1389,1560,1635,1737,1932,1999,2093,2184,2229,96,235,293,391,594,611,684,1144,1223,1361,1473,1517,1665,1868,2365,2544,48,380,454,476,536,698,919,940,1029,1077,1218,1296,1379,1594,1627,1715,1741,1852,1882,2050,2089,2494,2526,2574,2622,0,228,306,988,1048,1094,1128,1191,1287,1435,1530,1651,1927,1948,1993,2232,2328,0,67,139,354,387,607,779,865,1081,1209,1349,1529,1797,2232,2286,2329,2397,2487,2516,2553,2615,123,171,306,369,524,611,683,701,1377,1565,1635,1737,1852,2063,2229,2291,2574,0,152,235,308,332,369,412,795,1030,1218,1291,1329,1469,1539,1566,1635,1658,1731,1778,1882,2053,2397,2573,207,503,536,644,672,705,932,1032,1291,1335,1389,1979,2158,2232,2473,2574];[5,8,2,7,5,8,2,7,5,9,0,9,3,0,6,4,4,0,6,5,6,4,9,9,9,1,6,1,1,2,5,9,0,1,4,9,7,9,2,2,1,7,6,4,7,3,8,6,9,0,6,0,3,1,1,2,0,9,3,9,1,0,7,8,8,7,3,1,4,0,3,2,8,9,3,9,6,1,3,3,9,8,8,7,7,2,8,1,8,7,9,3,8,7,5,6,6,7,3,3,4,5,9,2,2,3,5,5,4,9,4,2,1,8,3,5,6,5,4,4,5,8,2,3,7,7,7,2,2,4,9,1,1,9,3,4,5,5,9,9,0,4,3,9,0,5,3,0,3,5,3,4,6,7,8,2,2,4,9,9,3,3,3,4,8,3,5,3,8,3,2,3,8,7,7,5,3,0,3,8,9,5,0,0,0,3,6,6,6,4,4,3,2,5,5,1,3,9,3,4,5,6,0,8,2,6,6,4,9,0,2,9,7,8,8,2,1,3,2,1,0,7,2,7,5,8,7,7,5,0,5,2,0,6,7,1,5,8,9,5,7,7,8,7,3,8,2,7,6,2,7,0,8,6,7,5,9,0,0,2,2,0,1,7,9,0,8,4,1,9,4,1,5,1,1,6,6,1,8,0,9,4,5,6,4,6,8,1,1,0,8,2,6,2,2,2,6,5,8,3,4,1,4,4,0,8,1,9,2,5,0,5,4,0,7,1,1,9,3,5,1,9,9,4,9,9,3,7,7,0,0,7,4,0,1,6,9,7,9,8,8,6,8,9,6,7,1,8,7,6,5,6,0,8,8,6,8,1,2,1,2,7,6,3,4,7,6,3,8,9,3,4,6,7,2,2,2,3,4,5,7,5,1,4,1,4,9];[5,2,2,11,14,7,13,3,13,10,3,0,12,4,10,4,0,0,13,10,2,1,10,4,2,1,5,13,4,0,8,12,12,6,4,10,8,2,14,1,8,0,7,7,6,13,14,9,11,1,14,12,6,11,14,4,10,11,0,3,1,1,7,5,5,4,11,5,13,0,2,8,1,7,13,9,10,6,3,2,12,12,13,6,5,12,13,4,13,3,6,7,4,8,13,13,14,14,2,8,3,12,12,14,12,2,6,11,12,11,4,1,7,1,12,8,7,12,5,0,2,8,2,7,9,2,1,11,1,1,6,11,10,5,9,7,6,8,7,0,9,10,10,9,4,13,11,3,7,9,9,3,9,5,4,8,6,9,0,5,6,0,2,12,14,13,14,7,2,10,14,7,3,0,7,9,14,5,9,7,2,1,0,2,12,14,10,2,12,9,5,1,14,7,12,8,13,13,10,7,3,12,9,6,6,7,7,0,5,8,12,2,1,4,9,12,8,12,13,1,0,4,9,10,13,9,11,12,3,10,14,8,8,2,8,8,14,4,6,8,8,11,13,10,1,3,14,1,5,4,13,1,11,1,0,1,4,1,1,9,11,8,12,12,8,6,5,0,11,5,6,9,7,14,14,0,4,3,0,8,3,0,14,1,1,10,3,9,9,10,1,7,2,11,8,11,3,12,6,5,5,6,2,6,9,7,2,0,6,2,9,1,8,7,13,9,1,11,8,8,1,3,0,13,11,3,10,11,2,2,6,13,9,8,9,6,4,4,4,7,8,7,12,5,11,0,10,11,0,7,3,4,8,1,12,4,14,13,12,0,7,0,9,2,11,11,6,10,1,2,6,5,1,11,14,11,10,13,7,11,5,6,12,2,5,5,9];[[0.5209484070219088,5.209484070219088,1.0],[0.42125020101147315,4.212502010114731,1.0],[0.22094517308324657,2.2094517308324657,1.0],[0.13033708391670573,1.3033708391670573,1.0],[0.48395776843282956,4.839577684328296,1.0],[0.6260889663051598,6.260889663051597,1.0],[0.6211218319323739,6.21121831932374,1.0],[0.707277595965894,7.07277595965894,1.0],[0.43539590023548325,4.3539590023548325,1.0],[0.04809800715767443,0.4809800715767443,1.0],[0.2254847064342842,2.254847064342842,1.0],[0.788548045160999,7.88548045160999,1.0],[0.42108890435006496,4.21088904350065,1.0],[0.5652029481252892,5.6520294812528915,1.0],[0.6764042610645917,6.764042610645918,1.0]]
3_DPpaulli_18_workers.fjs;6151.828075738808;242784;[1317,1373,1474,1554,1616,1754,1793,1881,1942,2041,2382,2460,2514,2684,2761,46,132,209,711,788,1035,1135,1192,1454,1507,1684,1809,2024,2105,2172,2274,2460,2494,2636,2739,0,298,441,479,754,788,842,931,1018,1105,1227,1330,1484,1549,1684,1754,1828,2060,2145,2521,2633,2724,2826,216,341,404,591,688,850,1100,1182,1244,1336,1873,1953,2118,2223,2341,2546,2584,2788,0,82,142,283,342,425,510,899,1018,1083,1177,1226,1474,1537,1615,1684,1876,2057,2199,2608,2772,132,192,344,676,994,1221,1549,1844,2007,2261,2346,2416,2584,2729,2831,157,378,725,815,885,974,990,1019,1081,1254,1281,1744,1994,2274,2643,2724,2782,0,359,445,491,562,695,729,822,859,956,1046,1100,1138,1201,1282,1378,1484,1616,1686,1937,2132,2204,2348,2718,2772,0,132,236,288,404,441,510,564,652,778,1056,1226,1337,1402,1484,1871,2006,2292,2324,2382,2439,2528,2659,56,111,333,477,564,634,866,1079,1135,1220,1470,1881,2057,2274,2399,2489,2631,2707,2838,0,149,245,477,560,736,777,866,990,1027,1147,1281,1595,1610,1886,1928,2094,2118,2212,0,305,425,445,729,810,941,1406,1443,1528,1615,1630,1725,1976,2065,2102,2144,2261,2313,2710,2762,10,254,450,488,577,651,736,1101,1412,1580,1722,1809,1908,2113,2567,2612,62,123,151,542,749,1068,1182,1328,1435,1690,1759,2036,2133,2322,2440,2670,290,305,474,652,732,815,914,973,1096,1264,1337,1412,1477,1570,1669,1904,1982,2029,2212,2514,2546,2608,2633,2769,2782,233,283,373,691,749,900,993,1083,1240,1443,1690,1754,2185,2315,2446,2519,2831,82,157,283,351,378,450,609,822,941,974,1260,1378,1507,1610,1706,1942,2212,2292,2346,2389,2461,0,200,283,469,1027,1145,1220,1380,1754,1906,1946,2024,2185,2284,2685,2729,2817,0,67,233,298,320,357,425,956,1081,1260,1827,1844,2132,2172,2322,2416,2440,2588,2636,2718,2786,2838,2855,46,233,254,445,562,591,695,777,1220,1537,1595,1807,1886,1982,2031,2567];[3,5,1,3,6,0,1,5,0,5,6,5,8,8,0,2,3,8,9,0,5,5,5,9,1,9,0,1,6,9,1,2,5,1,5,6,0,6,8,0,1,3,1,6,4,2,8,4,7,2,2,6,3,6,0,2,0,9,3,6,1,4,2,0,9,6,7,7,4,7,7,2,9,4,5,2,8,4,9,5,0,2,9,8,3,0,1,3,8,2,9,4,7,7,2,9,6,2,8,2,9,1,1,4,2,5,8,8,4,4,4,2,3,8,3,5,6,7,4,4,5,6,2,4,7,9,3,2,4,4,7,1,1,5,5,6,6,2,9,9,6,4,4,9,2,5,3,3,6,5,6,1,6,1,5,5,5,8,6,9,0,3,2,2,8,4,1,5,7,6,2,3,6,7,7,3,5,5,7,5,5,0,0,7,4,2,9,6,1,4,7,5,2,4,9,1,3,0,3,2,6,8,7,9,2,7,6,6,8,8,8,8,7,1,0,2,3,7,0,5,2,0,7,9,9,2,7,5,3,0,0,8,0,2,7,7,7,6,4,6,8,8,4,3,0,6,7,7,2,3,7,7,6,6,6,6,6,1,8,2,2,1,8,7,4,0,8,7,3,9,7,3,1,4,1,8,7,0,0,4,3,0,5,8,4,0,1,4,9,2,8,4,3,2,7,5,1,9,2,0,2,9,7,0,3,7,4,6,6,5,0,4,2,9,4,5,9,8,7,5,1,8,0,5,4,5,3,4,5,3,1,9,5,1,3,2,9,7,1,6,1,9,8,4,6,4,8,8,1,1,0,1,1,8,3,6,3,8,2,4,9,2,3,8,0,6,6,1,0,0,6,9,6,4,7,4,1,0,8,0,8,1,8,3,6,6,3];[7,6,12,7,3,12,5,3,8,5,13,0,10,10,1,0,7,7,9,12,10,3,3,1,5,6,8,13,12,4,5,3,11,6,12,13,6,3,7,6,9,2,5,5,11,3,0,11,11,9,11,11,14,13,3,3,10,0,12,3,1,5,8,3,7,2,10,4,1,10,2,0,2,0,4,2,9,10,10,8,0,14,12,0,2,0,9,13,10,0,9,7,14,0,13,2,14,11,12,10,12,1,9,12,7,7,10,14,10,12,0,5,8,11,10,13,7,11,8,12,3,3,6,0,0,2,14,9,9,0,6,1,9,2,0,4,8,12,7,6,6,10,13,8,14,7,10,13,11,7,8,12,14,6,12,0,5,11,9,11,5,4,6,0,14,14,2,11,13,9,6,3,11,6,1,13,12,4,4,13,4,10,0,14,9,2,7,4,0,9,4,3,5,13,2,8,4,6,3,13,6,7,5,4,11,13,14,5,4,5,13,6,7,11,10,5,5,2,12,2,4,14,5,1,13,8,11,10,14,10,4,0,9,9,13,8,7,12,5,0,14,14,3,8,4,5,8,13,14,10,13,1,6,2,4,14,12,4,8,12,6,14,2,9,14,3,7,0,4,7,2,11,8,1,9,0,1,2,1,3,8,2,5,10,11,1,1,7,2,3,5,10,7,6,14,4,1,0,12,14,10,11,8,1,3,14,13,12,6,2,9,13,1,8,8,6,8,0,3,4,0,12,1,4,2,7,7,12,10,11,9,7,11,6,8,0,12,4,10,1,0,13,8,6,0,7,3,11,1,13,10,9,10,12,10,2,11,9,9,10,5,12,7,4,2,6,11,4,0,6,10,5,1,2,7,9,3,6,8,12,4,1,2,4,12,12,9];[[0.49734142093980327,4.973414209398033,1.0],[0.35999045686025677,3.5999045686025677,1.0],[0.7220617567237175,7.220617567237175,1.0],[0.44672126724761885,4.4672126724761885,1.0],[0.4533596515962979,4.533596515962978,1.0],[0.025925678678183073,0.25925678678183073,1.0],[0.33490089376309407,3.3490089376309404,1.0],[0.4755440242737675,4.755440242737675,1.0],[0.45132356511490823,4.513235651149082,1.0],[0.08788974506102976,0.8788974506102976,1.0],[0.29509671683068217,2.9509671683068217,1.0],[0.33863234208051063,3.3863234208051063,1.0],[0.9020959027552419,9.020959027552419,1.0],[0.7173473735926632,7.173473735926632,1.0],[0.8986159167700656,8.986159167700656,1.0]]
3_DPpaulli_18_workers.fjs;5715.420790688579;751212;[0,284,366,579,737,1336,1489,1567,1632,1705,1797,2179,2489,2593,2662,0,262,430,867,949,1030,1132,1219,1450,1494,1581,1652,1907,1989,2028,2115,2187,2217,2301,2564,65,219,414,599,685,754,809,884,984,1229,1377,1404,1504,1572,1667,1876,2005,2054,2127,2258,2388,2527,2625,84,138,207,372,821,1222,1307,1359,1413,1555,1779,1876,2127,2376,2430,2508,2546,2643,0,159,434,523,915,946,1113,1275,1438,1494,1581,1622,1730,1807,1885,2044,2065,2159,2428,2484,2594,108,274,317,397,432,507,820,1285,1413,1826,2187,2264,2342,2458,2594,83,153,274,364,488,1342,1592,1670,1792,1862,2248,2342,2428,2471,2541,2577,2624,35,185,262,304,370,431,468,680,865,1041,1128,1183,1270,1335,1359,1387,1482,1747,1935,2042,2184,2364,2410,2546,2624,0,35,120,159,232,274,532,599,694,722,888,1032,1151,1202,1272,1316,1431,1891,1925,2127,2209,2300,2342,0,41,84,185,507,668,835,984,1113,1335,1445,1670,1795,1948,2054,2127,2209,2258,2423,126,274,366,569,650,715,768,865,1030,1078,1425,1445,1504,1732,1922,2058,2166,2336,2643,366,468,694,789,856,921,1009,1070,1132,1377,1456,1500,1780,2000,2084,2114,2217,2309,2508,2567,2621,0,523,604,768,821,894,984,1065,1147,1359,1809,1925,2058,2124,2296,2608,120,247,295,554,652,718,789,996,1039,1162,1231,1407,1652,1722,1864,2290,138,153,246,315,392,469,563,583,634,680,809,965,1103,1191,1222,1275,1407,1456,1617,1697,1955,2013,2189,2264,2336,502,634,709,904,1009,1041,1070,1132,1186,1229,1675,1745,1864,2097,2217,2388,2542,72,431,634,708,1070,1194,1272,1345,1567,1720,1807,1885,1935,1990,2084,2144,2217,2323,2346,2527,2609,232,284,385,504,946,1041,1316,1456,1555,1628,1670,1747,1913,2209,2388,2433,2608,199,272,434,532,565,694,713,758,865,946,1009,1030,1201,1261,1336,1632,1653,1731,1797,1876,1938,2577,2650,94,372,566,652,759,853,1272,1335,1377,1555,1632,1831,1922,2000,2092,2458];[0,8,9,1,2,5,2,5,4,9,0,0,7,7,7,2,2,0,4,0,5,0,5,1,1,0,2,5,1,1,9,2,5,2,0,6,4,6,3,0,1,4,1,7,2,2,9,4,2,8,9,4,5,1,4,7,0,9,3,1,8,4,5,0,6,4,7,8,6,3,7,2,1,5,9,2,8,0,9,7,6,6,6,9,3,0,1,6,1,2,0,9,2,7,2,6,3,3,4,2,9,1,2,6,2,4,8,9,6,9,5,2,8,8,5,5,6,9,7,3,4,6,3,6,0,9,2,4,1,4,2,1,7,7,3,6,6,5,9,9,9,4,3,0,0,6,2,2,6,1,0,4,5,4,4,1,0,9,9,0,3,7,3,4,8,1,5,8,7,2,6,6,1,2,7,3,8,3,3,5,5,1,4,3,4,1,4,5,1,3,9,4,3,4,1,6,5,9,1,2,2,3,8,2,4,5,5,4,9,4,8,8,6,1,6,6,3,7,0,9,3,0,4,4,8,9,7,5,3,9,0,2,0,1,1,5,7,9,9,5,7,7,8,8,8,3,5,7,7,5,8,7,2,3,0,2,0,0,9,2,2,1,3,2,9,3,1,7,7,6,6,8,0,4,8,5,6,1,1,9,2,0,6,6,1,0,8,1,0,0,6,2,3,0,5,5,5,1,7,0,3,4,4,4,7,0,2,8,5,8,4,7,4,2,7,5,1,6,9,5,1,2,6,6,3,8,0,4,7,3,0,7,2,8,5,2,6,7,8,3,1,7,8,4,3,9,3,8,1,3,5,8,7,9,8,6,8,1,4,3,7,2,1,3,0,6,9,4,8,2,5,7,0,0,8,3,0,8,8,5,6,5,7,3,8,6,8];[13,2,1,12,11,1,4,2,1,9,13,1,12,9,8,6,2,1,2,13,11,12,0,11,5,14,7,6,9,7,3,11,11,4,7,13,9,0,7,9,12,2,9,2,7,7,1,6,3,2,4,11,9,11,1,7,4,7,10,11,7,5,4,8,2,0,2,9,1,10,2,1,9,1,14,13,3,9,13,2,6,9,13,11,9,10,7,8,5,0,14,4,4,14,13,6,0,0,11,12,12,4,8,10,9,0,11,4,2,12,5,11,3,7,9,13,7,14,1,6,8,1,9,0,1,13,13,4,5,1,4,14,4,2,8,0,5,1,1,11,5,3,0,8,4,7,2,8,8,5,13,2,1,4,2,5,1,13,0,10,0,0,12,6,5,13,10,1,13,10,8,12,3,1,0,14,14,14,8,14,6,1,8,11,0,0,12,0,11,7,10,1,0,3,6,12,4,8,14,9,3,13,1,12,4,7,9,14,3,10,0,12,10,11,11,8,6,13,13,4,7,12,4,10,6,10,11,3,6,10,4,12,10,2,8,1,4,4,3,14,6,0,3,5,4,4,9,12,0,6,8,2,5,13,5,3,12,3,7,10,0,9,14,5,3,13,2,0,7,3,7,10,4,14,8,13,1,2,9,7,14,2,11,7,13,4,9,10,13,5,9,4,6,9,10,1,13,8,6,10,6,7,10,12,12,5,2,8,3,5,11,10,13,7,8,11,1,11,4,14,2,7,2,3,11,13,7,1,3,9,3,13,12,1,10,12,2,4,12,0,6,4,4,5,10,10,4,12,10,3,3,6,5,0,4,4,8,4,11,9,13,12,5,2,0,6,10,8,1,0,1,6,3,14,5,10,3,5,6,10,12,5,3,11,0,8,3];[[0.4211249061401,4.211249061401,1.0],[0.9761073344853062,9.761073344853061,1.0],[0.6132800246752349,6.132800246752349,1.0],[0.6930423279788359,6.930423279788359,1.0],[0.5088628354481554,5.088628354481553,1.0],[0.18781156668551158,1.8781156668551158,1.0],[0.830121874145001,8.301218741450011,1.0],[0.8449241651217704,8.449241651217704,1.0],[0.20962821201639004,2.0962821201639006,1.0],[0.6505169872996391,6.505169872996391,1.0],[0.7003316191510263,7.003316191510263,1.0],[0.7150339547653067,7.150339547653068,1.0],[0.8091072451390076,8.091072451390076,1.0],[0.8451978833841938,8.451978833841938,1.0],[0.3695849781386673,3.695849781386673,1.0]]
3_DPpaulli_18_workers.fjs;6382.243955664187;223848;[0,70,142,291,365,470,1030,1118,1222,1454,2576,2813,2842,2925,2941,0,173,298,371,413,487,712,868,1032,1074,1137,1380,1524,1824,1868,1958,2075,2349,2644,2959,67,144,197,266,444,487,546,648,747,844,874,893,930,1134,1317,1692,1802,2108,2169,2295,2408,2664,2708,210,266,332,629,716,752,831,1133,1191,1277,1614,1719,1765,2201,2322,2678,2765,2917,0,88,142,530,650,747,815,932,1273,1338,1474,1585,1674,1740,1916,2286,2357,2424,2640,2664,2753,0,197,218,302,415,577,619,790,1134,1168,1449,1847,2251,2390,2509,239,302,596,796,868,1137,1216,1342,1394,1450,1482,1542,1916,2320,2499,2720,2765,73,230,478,575,648,716,750,769,801,844,943,1016,1057,1234,1264,1293,1362,1735,2081,2511,2557,2694,2785,2856,2906,101,158,235,328,500,721,975,1674,1826,1847,1888,1973,2049,2093,2165,2201,2267,2390,2424,2561,2652,2812,2900,84,130,169,210,356,619,675,760,932,1053,1135,1454,1600,1672,1764,1826,2093,2602,2842,101,173,404,934,1215,1277,1327,1450,1542,1765,1831,2049,2108,2286,2616,2735,2826,2846,2941,126,227,358,381,509,744,1206,1293,1440,1514,1719,1983,2176,2205,2370,2408,2467,2511,2592,2846,2959,0,126,370,648,791,934,1032,1117,1319,1396,1440,1831,2640,2704,2856,2953,17,397,500,592,1187,1249,1330,1396,1577,1650,1831,1877,2346,2432,2787,2917,158,230,277,298,365,476,577,596,1014,1057,1460,1535,1614,1958,2237,2295,2389,2432,2467,2592,2626,2688,2846,2904,2925,0,52,410,509,721,791,860,932,988,1074,1425,1765,1847,2205,2499,2790,2895,0,172,344,381,404,476,767,1135,1362,1585,1674,1847,2022,2081,2133,2311,2411,2503,2739,2779,2862,0,428,617,640,716,760,914,932,1156,1273,1400,1692,2201,2286,2323,2517,2704,80,470,546,617,769,893,914,1172,1234,1254,1338,1440,1477,1593,1614,1674,1764,2133,2267,2349,2530,2903,2980,125,210,234,328,617,681,1073,1538,1990,2030,2080,2173,2430,2530,2592,2714];[5,1,2,0,7,5,1,5,4,7,6,3,6,7,7,8,2,8,8,8,6,5,5,8,9,1,6,3,7,2,5,7,6,1,4,5,7,4,4,2,1,3,8,7,9,9,1,0,2,8,2,6,4,9,1,5,2,1,9,6,6,1,0,0,4,0,7,1,8,1,4,2,0,9,9,8,2,3,3,6,2,9,7,7,4,7,8,7,6,7,7,8,7,7,2,6,6,7,7,2,1,1,4,9,2,8,8,6,4,1,7,4,3,5,7,5,6,9,1,1,4,8,2,2,0,9,1,9,5,4,7,2,5,0,1,6,5,9,8,6,6,2,6,9,3,5,8,0,3,5,2,1,5,9,8,1,5,9,0,9,3,3,3,6,8,4,1,3,8,6,2,8,2,2,4,5,3,0,0,0,8,5,4,3,8,3,6,6,2,0,4,3,0,1,8,3,1,6,0,4,2,0,0,4,7,1,4,4,8,4,2,4,8,0,0,6,0,0,2,8,3,0,9,2,8,8,7,5,3,5,9,3,0,1,4,1,0,9,1,5,3,8,7,7,6,9,5,8,0,3,1,8,4,6,7,2,0,8,9,2,5,1,1,1,4,4,3,4,2,1,1,3,4,4,8,8,2,0,1,6,9,2,5,5,1,3,8,9,9,8,8,4,6,9,6,9,5,7,8,3,9,1,8,0,2,9,5,6,2,1,1,5,2,0,4,7,1,4,3,4,7,3,0,6,5,8,0,7,2,7,2,4,5,1,6,8,4,7,2,9,2,3,9,8,9,5,8,0,7,3,1,6,6,9,5,6,3,5,4,1,3,8,3,2,9,6,6,3,7,8,3,5,0,9,7,2,2,6,5,2,5,2,1,6,1,4,8];[6,1,12,4,10,4,5,11,1,1,12,1,1,12,9,0,2,8,13,11,0,9,11,11,2,9,10,7,0,1,8,7,6,6,1,10,10,10,13,3,14,0,14,0,2,5,6,11,14,6,13,11,13,11,14,5,7,0,3,6,9,5,3,13,8,7,12,14,8,2,11,2,7,1,8,14,14,12,6,6,1,11,4,9,3,0,0,4,4,3,9,8,14,11,13,3,3,1,4,14,0,0,14,2,4,8,8,7,3,13,2,13,8,14,3,3,13,10,0,9,14,8,2,1,0,4,1,14,1,13,12,5,4,6,13,7,10,11,12,13,12,8,11,9,10,13,10,4,7,1,10,13,2,2,1,12,9,1,9,11,4,11,10,6,5,1,1,10,2,9,7,3,3,13,12,10,5,2,2,11,11,5,11,4,4,10,13,3,10,7,7,4,9,5,2,7,14,13,4,12,3,12,2,13,13,7,12,14,9,10,9,7,11,0,12,5,5,3,7,4,8,13,11,1,6,9,11,8,14,12,4,10,8,14,11,10,7,3,9,12,5,7,14,0,1,8,9,7,9,9,14,6,13,2,10,12,13,5,12,9,10,9,14,14,1,14,12,10,7,4,10,10,2,12,3,10,3,1,5,11,3,4,6,6,14,6,2,4,0,4,10,12,0,10,3,14,1,2,8,9,6,6,11,11,2,4,4,3,4,13,8,0,0,4,6,9,1,6,4,13,0,12,8,3,14,2,7,6,5,0,4,5,2,6,9,5,14,4,3,4,1,12,14,10,5,8,0,13,0,2,7,12,9,10,14,2,2,2,11,0,12,3,0,13,13,9,11,13,2,7,4,4,1,7,12,7,1,6,9,6,2,6,7,1,4,8,4];[[0.4831103964860096,4.831103964860096,1.0],[0.9021829992468611,9.02182999246861,1.0],[0.5374571935128641,5.374571935128642,1.0],[0.8761340971511191,8.761340971511192,1.0],[0.573156942708234,5.7315694270823405,1.0],[0.994523847851402,9.945238478514021,1.0],[0.3574465703190305,3.574465703190305,1.0],[0.6617299629663892,6.617299629663892,1.0],[0.4882872262788658,4.882872262788657,1.0],[0.5726412824777106,5.726412824777106,1.0],[0.32388398325139345,3.2388398325139347,1.0],[0.8072354510963532,8.072354510963532,1.0],[0.8087324055796944,8.087324055796945,1.0],[0.660852452150834,6.60852452150834,1.0],[0.5802577271631468,5.802577271631469,1.0]]
3_DPpaulli_18_workers.fjs;6447.849520045399;412992;[0,164,666,865,1056,1519,1754,1939,2118,2166,2283,2438,2470,2722,2783,62,142,224,295,335,395,443,521,639,1085,1229,1313,1404,1483,1593,1678,1750,1969,2568,2638,0,67,136,174,432,468,521,585,845,896,1127,1201,1333,1409,1483,1694,1929,1999,2256,2445,2638,2841,2947,89,254,343,749,865,1042,1127,1165,1365,1562,1621,1859,1907,1939,2084,2521,2730,2870,43,136,495,600,846,1052,1165,1251,1676,1828,1991,2040,2126,2188,2272,2423,2520,2552,2604,2648,2813,164,389,890,1156,1409,1909,1949,2137,2165,2349,2507,2640,2856,2924,2960,50,468,645,896,971,1050,1165,1251,1305,1754,1779,1828,2096,2588,2664,2722,2789,0,121,200,404,495,600,637,661,890,968,1192,1745,1974,2050,2074,2104,2220,2283,2389,2428,2500,2664,2773,2856,2943,0,112,195,238,387,846,923,1012,1111,1246,1280,1474,1565,1697,1821,1873,1939,2000,2029,2166,2272,2648,2750,387,498,536,678,772,1067,1157,1274,1466,1508,1781,2188,2355,2518,2604,2664,2814,2870,2953,0,64,341,571,829,890,976,1153,1239,1274,1333,1406,1526,1869,1933,2054,2500,2564,2738,67,116,384,708,772,921,968,1012,1157,1305,1508,1526,1716,1750,1836,1896,2062,2336,2428,2664,2829,0,257,341,645,705,779,881,1168,1246,1303,1530,1628,2349,2416,2691,2783,0,195,237,429,666,1092,1529,1598,1644,1709,1781,1826,1847,1896,2389,2470,118,157,238,320,600,800,1133,1238,1313,1372,1447,1517,1580,1660,1697,1754,1778,2062,2520,2582,2718,2829,2875,2928,2943,0,50,194,351,408,763,1052,1350,1474,1554,1999,2121,2207,2351,2483,2866,2953,0,272,430,471,498,585,607,666,749,782,880,944,1192,1781,1926,2054,2227,2495,2638,2856,2919,237,314,404,691,800,846,944,993,1153,2106,2207,2336,2408,2510,2582,2719,2839,0,257,343,408,692,708,779,968,1067,1115,1251,1404,1631,1716,2059,2271,2299,2379,2424,2686,2858,2903,2920,64,119,141,385,411,556,1303,1366,1404,1480,1542,1781,2200,2588,2722,2783];[7,8,7,0,5,9,0,7,5,9,5,7,0,7,5,8,2,2,0,8,6,0,1,2,0,4,2,5,7,0,9,2,3,2,3,9,0,4,4,1,1,7,9,6,4,2,1,1,7,0,1,4,5,9,8,2,0,9,5,5,1,4,3,2,1,7,6,1,6,1,7,2,1,6,1,1,4,5,6,3,7,4,8,6,8,2,2,6,6,7,2,9,7,7,6,6,3,2,4,2,2,1,9,8,2,4,8,5,0,4,7,1,3,5,3,6,6,6,1,7,5,8,2,6,0,9,1,2,7,3,0,6,7,0,6,7,1,5,1,2,6,4,4,9,4,5,8,2,3,1,9,4,5,0,4,9,1,9,9,0,0,7,7,9,0,1,9,5,4,5,0,7,1,5,7,7,8,1,2,8,8,2,9,0,8,3,6,6,6,7,4,4,8,1,6,4,0,6,6,4,5,8,0,5,1,1,4,4,8,4,8,2,6,0,7,9,1,7,2,9,9,7,4,9,8,3,7,6,9,5,8,8,2,2,4,8,5,6,3,9,5,8,1,9,3,9,5,1,0,5,1,0,8,3,8,5,8,8,6,2,2,3,3,9,9,3,9,7,2,6,1,9,1,1,7,5,6,0,8,4,3,5,0,4,4,0,8,1,4,2,0,0,3,2,2,5,5,0,1,3,4,9,0,0,3,0,5,2,9,6,1,4,2,2,4,7,8,4,0,0,7,8,6,5,5,5,0,4,5,2,2,7,5,8,1,7,9,7,8,3,8,8,3,4,3,5,3,7,6,1,0,2,2,7,5,9,0,4,8,3,8,7,3,4,4,6,6,3,8,8,1,1,3,7,5,3,0,3,5,2,5,8,1,4,7,0,9];[13,2,6,8,6,4,13,4,13,12,4,5,13,7,8,0,2,14,12,6,12,4,11,1,3,14,10,5,3,7,3,9,10,7,13,14,8,11,7,13,8,0,1,1,1,5,1,4,3,8,0,7,2,9,14,7,13,2,4,11,1,1,3,10,9,14,1,5,5,14,2,1,12,3,10,10,3,3,4,12,10,5,9,10,6,12,3,8,3,3,14,13,14,1,8,3,0,1,0,6,4,9,0,14,6,6,11,12,14,12,11,8,6,13,14,3,1,2,7,9,14,11,8,0,14,1,9,9,11,3,5,6,14,2,0,9,7,4,6,11,6,8,14,3,5,13,10,0,7,10,12,2,8,0,5,12,12,1,3,3,9,9,14,4,12,12,4,10,5,11,2,13,11,1,7,0,12,8,3,14,5,11,7,13,0,6,14,0,14,6,8,9,1,10,9,10,12,13,0,8,6,5,7,10,0,1,11,6,7,10,8,2,11,4,5,1,9,1,13,4,11,14,4,3,6,7,11,13,1,3,8,0,8,9,4,4,7,0,2,12,10,13,14,3,8,3,9,0,10,12,6,1,11,2,10,3,3,12,14,14,8,7,14,4,8,13,8,0,4,6,0,8,4,0,7,2,13,13,11,10,1,13,11,8,12,5,9,6,0,12,14,7,6,6,5,4,7,9,14,4,3,9,3,0,4,7,4,6,3,7,4,2,10,11,9,14,6,2,6,2,0,2,4,2,5,1,1,1,10,2,4,5,14,1,3,14,12,4,12,6,9,4,14,3,0,11,4,7,9,9,10,6,7,4,5,10,1,0,6,2,6,5,6,12,12,9,10,10,1,0,1,11,6,10,11,11,10,8,2,10,2,6,10,0,3,8,14];[[0.34661995661142697,3.4661995661142697,1.0],[0.2286410960833074,2.286410960833074,1.0],[0.012392470279078194,0.12392470279078194,1.0],[0.9308270259025113,9.308270259025113,1.0],[0.3225145761620236,3.225145761620236,1.0],[0.0006954578022455582,0.006954578022455582,1.0],[0.2097170717940725,2.097170717940725,1.0],[0.5179602272351016,5.179602272351016,1.0],[0.7628222106217201,7.6282221062172,1.0],[0.3089717897377221,3.089717897377221,1.0],[0.15113122452813788,1.5113122452813788,1.0],[0.07045772229012492,0.7045772229012492,1.0],[0.8725064026541692,8.725064026541693,1.0],[0.3074981421409557,3.074981421409557,1.0],[0.272859759997538,2.7285975999753798,1.0]]
3_DPpaulli_18_workers.fjs;6047.251056481883;1249584;[151,307,492,1026,1301,1486,1722,1819,1884,2113,2203,2313,2432,2529,2544,0,79,212,339,554,708,760,813,849,898,961,1588,1658,1743,1815,2212,2348,2381,2542,2742,170,232,283,398,492,530,621,770,945,1096,1235,1264,1303,1536,1656,1907,2017,2062,2243,2346,2451,2544,2651,171,277,335,373,543,665,821,986,1133,1327,1400,1495,1720,2048,2118,2236,2313,2498,133,248,307,492,574,605,665,750,1004,1068,1184,1246,1366,1423,1507,1847,2123,2207,2270,2294,2617,184,298,464,589,757,822,1495,1588,1617,1648,1787,1850,2357,2646,2764,0,260,479,649,986,1090,1153,1246,1581,1681,1985,2042,2299,2386,2567,2604,2686,0,36,133,492,554,612,827,850,1070,1154,1278,1545,1612,1749,1782,1850,1911,1997,2123,2158,2204,2386,2648,2727,2772,0,221,398,470,1029,1128,1333,1391,1635,1749,1783,1874,1954,1997,2108,2149,2243,2366,2450,2512,2566,2713,2757,0,212,314,357,612,772,829,898,923,972,992,1341,1403,1473,1568,1959,2203,2276,2772,103,193,373,554,635,849,1067,1158,1656,1743,1815,1832,1935,2108,2166,2612,2702,2729,2811,69,207,265,447,621,868,1112,1206,1327,1391,1468,1507,1617,1643,1718,1845,2156,2297,2414,2729,2811,79,170,260,335,398,860,996,1158,1343,1468,1622,2067,2207,2357,2720,2791,0,103,357,932,949,972,1068,1133,1235,1911,1985,2031,2143,2281,2583,2789,0,36,612,847,917,946,1026,1041,1090,1133,1205,1278,1353,1433,1486,1910,2062,2108,2166,2462,2504,2617,2644,2704,2750,437,533,719,1029,1067,1643,1775,1969,2113,2287,2374,2432,2530,2617,2651,2726,2794,59,171,283,850,923,1025,1055,1247,1318,1400,1529,1734,1782,1874,2031,2071,2146,2243,2270,2313,2537,132,151,760,772,1206,1264,1599,1887,1975,2067,2204,2297,2386,2470,2504,2581,2670,0,59,132,424,447,514,635,708,961,1110,1183,1227,1486,1599,1648,1792,1832,2108,2166,2401,2470,2566,2604,16,132,439,686,719,757,873,932,1158,1297,1629,1721,2398,2470,2553,2633];[3,9,0,1,7,8,5,5,5,5,8,5,3,0,6,9,3,5,9,4,3,5,9,1,9,3,6,6,7,2,1,7,1,2,4,7,4,1,3,6,1,4,6,8,9,2,1,6,2,0,2,2,5,6,5,2,0,9,9,5,6,4,2,2,8,5,6,5,8,2,3,6,0,9,9,1,2,0,3,3,2,2,9,8,8,3,1,4,6,7,5,9,8,7,7,2,1,1,2,2,1,1,2,6,8,5,2,7,7,3,4,2,1,8,9,5,9,7,1,7,4,8,3,0,0,2,3,6,4,4,8,9,7,6,5,6,6,8,9,8,0,8,3,2,3,6,4,3,3,4,9,6,0,6,8,2,5,4,2,9,8,2,4,9,8,1,5,8,7,7,0,6,8,8,8,3,7,0,9,8,1,7,4,7,4,2,6,6,2,0,4,3,6,5,8,9,8,6,6,8,6,9,0,2,4,6,4,6,4,6,8,2,1,8,5,2,3,3,1,0,2,8,7,2,9,3,7,7,9,9,0,2,7,5,1,8,7,8,9,5,7,8,4,0,0,9,1,8,2,8,2,0,5,9,8,5,7,0,6,7,6,3,1,5,4,3,9,4,7,4,6,3,7,1,7,7,2,4,8,0,3,4,3,4,2,4,1,1,9,7,5,2,3,0,0,7,6,9,7,3,2,1,4,0,0,7,4,8,5,1,0,0,4,0,4,3,5,9,9,5,1,2,0,8,1,9,9,7,5,1,1,6,4,3,3,5,2,7,9,7,7,3,6,4,9,4,0,7,6,6,5,6,2,0,8,6,9,5,5,1,0,1,5,1,4,2,6,3,6,9,3,2,3,5,7,1,0,0,0,8,1,3,1,6,7,4,3];[7,12,5,10,2,0,5,13,8,9,14,3,7,10,12,6,7,8,12,12,1,2,13,11,2,11,2,2,0,3,2,7,0,7,9,2,10,4,1,10,0,4,14,7,4,5,3,6,13,5,13,8,10,0,13,1,10,4,13,9,9,5,8,6,2,5,6,11,14,8,7,4,2,7,10,12,14,12,3,6,1,6,14,7,6,5,10,12,6,3,3,9,11,13,11,8,2,4,5,11,0,9,3,7,10,4,4,2,10,6,0,6,7,7,4,11,1,11,5,2,0,11,9,3,2,3,12,8,5,12,14,11,1,10,14,9,10,12,0,13,6,14,7,6,2,7,10,7,7,5,2,12,10,8,4,1,6,9,12,11,4,7,5,4,14,1,10,1,5,8,4,11,5,6,4,11,12,2,12,6,14,10,1,6,0,12,12,12,7,9,5,1,3,9,1,10,3,13,9,9,1,5,7,9,3,3,11,12,2,1,14,6,3,1,0,8,0,0,12,12,8,12,12,3,4,2,11,13,1,14,4,10,0,14,3,4,6,5,11,1,4,14,3,3,1,8,10,7,8,9,2,3,11,14,10,3,10,13,6,14,9,11,14,0,6,6,5,9,0,3,7,7,11,0,9,0,3,1,8,8,0,0,6,12,5,12,1,4,2,13,9,2,14,10,3,13,7,8,11,9,2,10,13,4,8,14,7,7,13,5,9,11,2,4,9,8,9,7,0,8,0,8,1,0,2,6,11,6,10,4,13,7,4,1,0,11,11,4,4,4,1,12,11,10,11,4,1,8,9,4,12,8,13,7,0,4,5,2,12,1,14,11,0,4,7,0,4,7,6,14,9,0,4,2,13,3,10,3,13,13,10,12,12,11,3,0,14];[[0.8559393885152179,8.55939388515218,1.0],[0.8004839408308784,8.004839408308783,1.0],[0.5938433496209707,5.938433496209708,1.0],[0.8870093324131678,8.870093324131679,1.0],[0.741558169706834,7.4155816970683395,1.0],[0.8097670389513107,8.097670389513107,1.0],[0.2247324103169328,2.247324103169328,1.0],[0.9761818800633866,9.761818800633865,1.0],[0.6339038774096737,6.339038774096737,1.0],[0.5580285642552777,5.580285642552777,1.0],[0.4463526500656817,4.463526500656817,1.0],[0.28336462923826333,2.8336462923826335,1.0],[0.9019880415639555,9.019880415639555,1.0],[0.03268507148422006,0.32685071484220063,1.0],[0.4362825217209084,4.3628252172090844,1.0]]
3_DPpaulli_18_workers.fjs;6131.510691265716;1074720;[215,325,378,549,716,801,845,938,1010,1285,1437,2029,2296,2603,2848,0,80,103,171,318,399,602,762,799,882,945,1026,1345,1535,1689,1909,2034,2146,2231,2754,0,55,294,325,500,537,590,659,825,893,997,1498,1792,1875,1977,2050,2122,2170,2231,2287,2361,2536,2620,358,406,620,672,1079,1115,1187,1442,1505,1590,1876,2147,2275,2311,2361,2442,2658,2735,168,257,319,423,468,500,554,659,762,1108,1437,1729,1848,1909,1993,2057,2079,2240,2275,2296,2397,87,234,805,903,1375,1825,1868,1960,2010,2046,2134,2539,2653,2700,2798,149,319,399,727,832,1082,1102,1718,1795,1956,1977,2147,2311,2519,2642,2675,2754,165,448,513,759,830,1010,1051,1075,1105,1196,1285,1484,1520,1606,1627,1689,1820,1882,1985,2147,2193,2287,2459,2624,2689,63,171,380,642,714,800,1013,1105,1209,1230,1335,1420,1493,1543,1641,1750,1816,1882,2339,2604,2669,2754,2788,122,281,320,723,921,1305,1371,1505,1531,1584,1606,1882,2079,2206,2360,2418,2512,2736,2815,0,64,642,851,1212,1376,1493,1639,1812,1868,1967,2073,2125,2229,2324,2368,2603,2685,2818,168,344,468,491,554,620,1072,1345,1420,1640,1717,1733,1979,2010,2122,2206,2397,2442,2512,2573,2625,64,281,513,830,893,1079,1208,1298,1376,1639,2057,2147,2287,2512,2779,2818,0,63,87,218,234,448,639,989,1144,1266,1577,1621,1853,1967,2311,2477,0,234,363,380,464,503,664,693,945,1298,1371,1501,1566,1640,1672,1750,1775,1848,2050,2213,2365,2442,2468,2519,2565,252,365,901,969,1010,1266,1423,1566,1717,2170,2459,2521,2604,2625,2653,2736,2807,203,281,409,443,466,699,1056,1132,1230,1266,1626,1733,1825,1916,1962,2000,2452,2537,2565,2628,2689,0,207,277,289,537,590,805,849,943,1039,1208,1420,1750,2347,2573,2624,2779,55,122,201,274,294,382,491,664,723,752,830,1021,1041,1115,1283,1381,1672,1750,2029,2231,2268,2425,2707,0,382,554,759,801,930,1013,1072,1111,1154,1440,1535,1909,1980,2309,2585];[3,9,9,7,6,9,0,2,5,5,0,3,5,2,4,8,1,5,8,0,7,5,1,1,9,3,2,3,1,1,1,0,0,2,3,4,7,9,2,6,1,3,6,7,3,2,8,1,2,8,9,8,4,9,8,2,0,1,9,5,8,1,7,2,3,5,2,7,0,2,7,6,8,3,5,9,6,8,4,2,6,9,9,7,4,5,6,0,6,7,7,3,2,7,3,3,1,3,2,2,2,5,7,8,2,5,5,6,6,4,7,4,3,8,8,7,6,9,9,5,9,8,3,7,7,8,3,3,8,4,7,3,3,5,6,8,1,6,5,1,6,6,8,6,4,2,3,2,3,3,9,6,0,2,5,5,3,4,2,8,3,1,4,2,8,2,9,3,4,2,0,4,1,5,8,5,5,4,7,3,8,7,2,0,5,4,5,5,1,3,6,6,5,3,6,3,0,9,0,4,6,9,7,5,8,5,5,4,0,0,9,4,9,1,9,9,5,2,2,8,2,0,4,4,9,8,7,9,1,9,5,3,7,1,4,7,0,6,7,3,8,8,0,9,6,8,7,1,0,5,1,7,5,3,6,2,0,0,9,7,6,3,1,4,9,0,2,1,7,7,1,1,5,4,2,9,9,0,1,0,9,2,0,3,3,4,8,1,0,8,8,0,3,2,6,5,6,9,2,7,0,9,8,4,2,7,4,6,7,8,4,5,4,9,1,3,5,9,9,8,1,8,3,9,4,4,9,4,7,2,0,2,8,3,1,6,1,7,1,1,7,7,8,4,9,1,9,2,4,2,1,9,0,7,8,8,5,5,4,1,9,7,6,4,2,6,6,4,4,0,9,9,0,0,2,6,0,0,4,3,7,1,8,6,6,4,8];[14,6,8,5,3,8,13,6,3,9,0,5,2,8,4,0,11,3,8,4,5,1,14,14,2,0,13,0,1,2,13,14,10,13,4,6,7,11,10,6,8,13,14,2,9,5,2,14,1,11,4,1,13,14,3,3,10,11,1,9,7,6,1,8,7,3,11,11,0,3,11,5,9,1,0,14,12,1,14,1,10,11,14,7,6,11,11,4,13,3,6,9,14,9,2,10,7,12,5,0,7,12,10,5,4,0,2,12,9,5,3,4,1,7,4,0,7,5,9,3,9,2,9,9,12,14,7,14,3,11,14,10,11,5,11,5,11,4,6,0,6,10,4,10,5,7,9,4,7,1,9,0,2,2,14,10,11,11,11,7,6,10,14,10,5,4,4,7,2,12,2,11,11,1,4,7,9,11,6,3,1,9,1,11,3,14,6,0,6,3,5,6,10,11,0,14,12,13,9,11,13,13,5,14,12,10,0,5,7,10,9,0,2,11,6,0,12,7,7,7,10,14,14,5,4,9,11,0,10,14,12,13,14,13,13,8,9,0,12,12,10,6,5,3,1,0,6,0,14,1,6,2,11,8,0,0,13,5,0,2,9,14,12,12,3,14,11,6,10,0,11,2,2,1,8,2,14,2,8,8,13,6,11,0,7,6,11,3,4,4,5,5,6,7,3,3,3,8,7,13,9,1,11,2,2,11,13,10,5,5,3,13,13,11,9,9,3,1,14,11,9,8,11,11,10,7,3,12,11,9,13,7,11,8,9,3,6,4,4,1,8,3,14,13,1,4,12,11,10,2,4,11,4,4,4,10,12,2,11,0,2,7,13,6,0,9,1,8,7,2,6,14,1,11,12,3,13,4,7,3,5,1,0,12,12,8,3];[[0.5198238265685563,5.198238265685563,1.0],[0.9583988744400509,9.583988744400509,1.0],[0.3402956357666065,3.402956357666065,1.0],[0.7081849781179302,7.081849781179303,1.0],[0.9252189405445452,9.252189405445453,1.0],[0.05032666735654623,0.5032666735654623,1.0],[0.6613275461751585,6.613275461751585,1.0],[0.82711411373077,8.271141137307701,1.0],[0.8734961127808921,8.734961127808921,1.0],[0.5913019030238962,5.913019030238962,1.0],[0.11264722490163037,1.1264722490163037,1.0],[0.34477784983246407,3.4477784983246407,1.0],[0.011377599382669468,0.11377599382669468,1.0],[0.7909742881977946,7.909742881977946,1.0],[0.3277964015146908,3.277964015146908,1.0]]
3_DPpaulli_18_workers.fjs;6203.578110276858;849900;[61,371,545,680,799,1006,1269,1635,1727,2064,2146,2216,2377,2530,2655,136,367,839,1110,1282,1348,1482,1533,1570,1620,1684,1908,1977,2131,2167,2272,2343,2490,2576,2669,83,141,241,274,365,403,508,572,1058,1120,1348,1395,1540,1635,1705,1785,2247,2303,2356,2423,2489,2609,2794,0,259,809,1092,1296,1328,1415,1464,1625,1719,1785,2195,2372,2413,2508,2606,2646,2855,44,545,604,718,777,1058,1151,1635,1796,1855,1939,2023,2256,2341,2425,2551,2576,2646,2681,2707,2804,55,216,246,758,979,1044,1091,1428,1528,1696,1910,2018,2411,2495,2660,187,326,702,911,979,1058,1233,1514,2035,2146,2210,2258,2362,2425,2770,2805,2865,0,38,104,157,229,295,338,367,403,457,576,801,904,1044,1064,1092,1625,1760,1980,2012,2109,2377,2423,2574,2762,18,58,136,176,258,530,633,742,839,860,906,1005,1183,1361,1436,1481,1852,2295,2418,2606,2681,2762,2796,0,104,141,178,259,761,979,1089,1120,1174,1242,1503,1651,1988,2082,2258,2356,2708,2846,0,55,187,454,558,629,1148,1233,1395,1454,1840,1916,1966,2551,2647,2669,2747,2794,2871,0,142,333,545,612,698,740,967,1264,1275,1620,1719,1811,1845,2143,2262,2328,2473,2574,2707,2761,281,367,463,502,560,633,718,799,1005,1239,1258,1357,1415,1482,1855,2495,0,124,196,279,315,437,632,879,930,1522,1924,2062,2167,2227,2574,2606,141,234,365,387,507,672,760,1004,1161,1216,1464,1559,1635,1712,1791,1852,2064,2124,2227,2329,2419,2626,2655,2770,2805,0,380,447,509,707,947,1436,1503,1611,1796,1977,2062,2141,2167,2195,2668,2780,349,447,635,674,1091,1239,1566,1707,1811,1871,1966,2018,2063,2124,2173,2223,2308,2396,2727,2770,2833,157,279,320,410,508,558,742,848,1161,1481,1760,1855,1924,2084,2173,2586,2703,0,101,187,387,416,557,760,830,904,932,1089,1183,1242,1586,1839,1910,1979,2084,2173,2272,2372,2530,2637,38,83,264,347,392,576,807,866,906,951,1707,1988,2307,2411,2477,2646];[9,9,0,1,5,9,8,0,4,8,6,7,8,4,4,8,4,1,8,9,6,0,5,2,1,6,0,3,4,0,1,5,9,2,2,5,4,6,6,5,1,7,6,6,9,9,1,4,9,8,1,4,3,1,0,5,0,1,5,1,8,1,1,2,4,7,7,1,8,4,9,2,1,9,5,2,8,5,4,8,7,4,9,2,4,9,2,4,9,7,9,8,8,7,3,2,6,3,8,3,6,1,7,2,1,8,0,5,1,5,7,8,3,8,2,1,6,5,8,1,9,8,2,7,2,7,5,2,1,4,7,4,7,0,2,1,7,5,1,9,6,4,1,1,3,8,3,9,6,1,6,1,5,7,5,2,1,9,9,9,3,1,7,6,0,8,6,8,3,2,0,4,6,8,7,3,4,8,7,3,1,8,9,4,0,0,4,6,8,4,7,5,2,3,0,8,3,0,6,9,8,6,8,4,6,1,6,1,9,0,2,1,6,0,5,9,0,0,1,0,9,0,9,7,5,2,7,5,1,5,0,8,2,6,4,1,7,2,4,3,3,8,5,2,0,3,0,4,0,6,4,0,6,9,4,2,0,0,9,2,2,3,6,6,8,3,9,7,7,7,6,3,0,6,7,2,7,1,4,9,3,5,0,3,3,0,8,4,4,4,0,4,3,2,8,5,6,4,8,8,9,4,2,0,2,9,4,1,6,8,0,8,2,2,7,7,8,9,7,8,1,8,0,3,2,5,0,4,5,9,7,2,4,1,6,8,2,7,8,3,3,6,6,4,9,3,1,8,1,6,5,6,0,9,3,9,9,3,8,1,9,7,5,2,2,7,9,6,5,7,6,4,6,5,9,4,7,0,0,5,7,2,5,6,3,6,9];[9,3,6,4,3,4,7,7,4,13,8,4,4,5,12,0,4,11,10,14,3,13,0,8,11,5,8,13,11,0,1,5,11,3,4,10,9,5,2,1,1,0,10,9,3,12,3,3,4,2,6,4,14,10,11,6,4,0,6,11,7,13,9,8,1,14,6,10,14,1,5,5,9,13,9,4,4,4,0,13,7,4,10,14,0,7,12,2,13,3,2,3,0,8,3,11,13,13,0,8,9,9,12,14,8,14,3,4,8,13,5,0,8,7,2,11,1,8,7,9,14,2,10,12,11,3,14,1,5,11,6,12,14,6,12,0,5,11,6,5,12,10,0,11,1,1,5,5,6,5,2,12,12,2,7,0,5,1,3,5,3,14,2,9,5,3,13,9,13,1,4,11,7,6,12,12,10,4,2,13,7,7,13,11,3,4,12,10,5,9,4,3,8,6,1,8,1,7,12,8,3,6,7,6,6,9,7,6,5,10,1,6,6,7,0,0,10,3,7,4,7,0,10,14,4,10,11,2,10,3,5,13,4,11,4,3,4,13,4,2,13,14,6,1,2,4,1,2,10,4,13,3,12,1,4,14,9,7,12,8,4,11,10,11,2,6,6,0,4,0,11,8,4,11,11,14,1,0,8,7,8,1,4,8,7,4,11,11,0,12,14,8,14,14,6,11,13,10,12,5,6,3,10,14,6,6,13,9,2,5,9,0,1,2,8,8,6,14,8,1,1,1,9,12,6,7,9,12,8,4,9,4,9,6,3,12,8,4,12,8,7,7,11,9,14,7,2,13,9,8,13,12,7,11,4,10,6,3,6,0,12,4,12,14,7,11,12,9,1,2,11,10,3,13,6,4,11,4,13,1,8,0,3,4,1,8,10];[[0.18019241848515155,1.8019241848515155,1.0],[0.48736227300275514,4.873622730027551,1.0],[0.07759170039841756,0.7759170039841756,1.0],[0.5225667244081349,5.2256672440813485,1.0],[0.9196433340252647,9.196433340252646,1.0],[0.8762509611803474,8.762509611803473,1.0],[0.5029695910906639,5.029695910906638,1.0],[0.8160267976375112,8.160267976375112,1.0],[0.8059112000327816,8.059112000327817,1.0],[0.2140591090540045,2.140591090540045,1.0],[0.08805821114486456,0.8805821114486456,1.0],[0.20329737064426556,2.0329737064426556,1.0],[0.5837360924329463,5.837360924329463,1.0],[0.6737333796339059,6.737333796339059,1.0],[0.1608013027204077,1.6080130272040771,1.0]]
3_DPpaulli_1_workers.fjs;6226.4107627079375;327888;[147,346,615,636,660,980,1112,1214,1252,1328,1435,1736,1767,1953,2705,187,367,496,564,629,874,1003,1056,1349,1360,1378,1733,1756,1831,2015,2176,2368,2511,2633,2705,0,69,155,238,273,636,1243,1265,1378,1539,1669,1736,1816,1894,2075,2150,2225,2289,2365,2423,2527,2633,2828,0,78,147,206,346,412,475,539,830,1444,1619,1767,1831,1987,2237,2340,2483,2546,0,247,313,457,660,840,941,1028,1577,1829,1866,1953,2015,2106,2150,2176,2266,2483,2555,2669,2835,397,552,701,777,936,954,1065,1092,1160,1501,2162,2423,2545,2795,2857,147,557,798,906,936,1252,1351,1588,1636,1849,1938,2105,2606,2705,2781,2894,2903,232,313,539,564,716,798,840,906,936,981,1036,1092,1300,1358,1513,1579,1636,1652,1680,1729,1951,2307,2419,2558,2878,69,292,397,457,618,751,830,981,1112,1464,1539,1577,1688,1871,2014,2289,2307,2419,2511,2527,2579,2775,2903,78,206,398,494,844,1092,1167,1214,1328,1435,1513,1652,1688,1866,2228,2420,2545,2669,2781];[0,2,4,3,0,4,0,1,2,4,4,2,3,2,0,2,1,0,0,1,2,4,3,4,2,3,1,1,4,4,1,3,0,1,1,2,0,3,4,4,4,1,1,2,3,2,4,0,0,0,4,1,4,0,1,3,3,0,3,2,1,0,0,2,2,1,0,2,3,2,1,0,3,1,4,0,1,1,3,1,2,4,2,1,2,2,1,1,1,4,1,3,3,1,1,4,3,3,4,4,2,4,4,1,2,2,0,0,2,3,0,4,2,2,1,1,0,3,1,0,4,0,3,0,0,3,1,0,1,2,1,3,3,1,4,1,4,1,1,4,1,0,0,1,3,0,3,3,0,4,1,4,2,3,4,2,4,4,0,0,3,3,2,3,4,1,1,2,2,1,0,0,3,2,2,4,0,3,1,0,4,2,4,1,0,2,1,2,1,0,3,0,3,4,2,3];[3,4,5,2,4,5,0,2,0,0,6,2,4,1,6,6,3,0,5,3,5,4,4,2,3,1,1,1,2,4,1,5,1,3,1,5,0,5,1,1,5,1,1,2,4,5,0,5,5,5,4,0,1,0,5,4,6,1,3,2,1,3,2,2,6,1,6,3,4,6,4,5,2,6,4,2,6,0,5,4,6,0,6,1,1,0,1,4,6,1,1,5,2,0,5,0,6,0,4,1,1,0,0,3,0,6,3,6,6,3,1,2,0,6,4,1,3,6,6,3,2,6,3,2,1,4,4,3,0,6,6,6,0,5,2,3,0,2,0,6,2,4,5,1,6,6,6,3,3,2,0,0,6,5,5,2,5,3,0,6,4,2,5,4,6,0,4,2,0,0,3,2,5,6,0,3,1,4,4,1,2,5,3,1,5,5,5,5,0,0,0,6,1,4,5,5];[[0.7773566427005639,7.7735664270056395,1.0],[0.6698255595592497,6.698255595592498,1.0],[0.09913960392481702,0.9913960392481702,1.0],[0.35297051119014544,3.529705111901454,1.0],[0.4679077429008419,4.679077429008419,1.0],[0.5346837414708775,5.346837414708775,1.0],[0.9783090609123973,9.783090609123974,1.0]]
3_DPpaulli_1_workers.fjs;5842.189637240436;2579868;[40,286,581,602,812,1164,1315,1547,1731,1807,1834,1946,2581,2603,2669,0,92,186,315,493,576,779,866,1123,1466,1502,1731,1972,2074,2181,2301,2476,2559,2594,2674,0,80,259,347,420,660,725,826,1167,1631,1671,1731,1780,1813,1906,2127,2210,2274,2352,2482,2529,2547,2603,96,439,660,719,760,812,914,1023,1113,1403,1588,1807,1915,1952,2040,2127,2387,2508,0,315,381,465,516,602,720,1113,1276,1368,1579,1665,1730,1898,1946,2073,2207,2309,2421,2592,2693,0,96,186,848,920,938,996,1057,1075,1167,1249,1869,2398,2476,2693,71,111,264,285,360,508,576,660,812,1026,1071,1427,1492,1750,2047,2594,2639,381,439,654,719,914,996,1044,1134,1231,1309,1356,1427,1668,1704,1834,1898,1936,2002,2127,2210,2330,2387,2508,2581,2639,165,234,286,383,521,581,678,779,866,964,1315,1356,1502,1547,1631,1898,2040,2099,2191,2207,2309,2426,2509,174,381,465,521,648,725,779,938,1026,1150,1233,1276,1372,1415,1589,1934,2002,2099,2585];[0,2,4,3,0,4,0,1,2,4,4,2,4,2,0,0,1,0,0,1,2,4,3,4,2,3,3,1,4,4,0,3,0,1,1,2,0,3,4,4,4,1,1,2,3,2,4,0,0,0,4,1,4,0,1,3,3,0,3,2,1,0,0,2,2,1,0,2,3,2,1,0,3,1,4,1,1,1,3,3,2,4,2,1,2,2,1,1,1,4,1,3,3,1,1,4,3,3,4,1,4,4,4,1,2,2,0,0,2,3,0,4,2,2,1,1,0,3,1,0,4,0,3,0,0,3,1,0,1,2,1,3,3,1,4,4,4,1,1,4,1,0,0,1,3,0,3,3,0,4,1,4,2,3,4,2,4,4,0,0,2,3,2,3,4,1,1,2,4,1,0,0,3,2,3,4,0,3,1,0,4,2,4,1,0,2,1,2,1,0,3,0,3,4,2,3];[3,1,1,4,3,5,2,0,0,0,3,2,3,1,5,3,2,0,6,0,0,4,4,5,3,1,1,1,3,4,4,0,1,2,1,1,4,4,2,2,5,1,1,2,4,1,6,5,5,5,4,0,5,5,5,4,6,6,3,4,0,2,2,4,2,1,4,0,3,6,2,5,3,6,4,3,5,0,5,1,2,2,6,1,1,3,2,0,3,1,1,1,2,0,5,4,2,6,5,1,6,0,1,3,4,6,6,6,0,1,4,0,0,6,0,6,1,3,5,1,2,6,3,6,5,4,4,3,0,0,3,2,0,5,5,0,5,1,0,0,2,6,5,1,4,6,6,5,6,2,2,2,0,5,5,5,5,3,1,6,6,5,5,4,6,6,3,4,3,2,5,2,5,5,3,3,1,3,4,5,6,4,5,1,0,2,4,3,5,4,1,6,3,2,5,5];[[0.7966509679599704,7.966509679599704,1.0],[0.05862623274803458,0.5862623274803458,1.0],[0.7602397739740907,7.602397739740907,1.0],[0.8627037401845356,8.627037401845355,1.0],[0.09127403464611428,0.9127403464611428,1.0],[0.9024924365975527,9.024924365975528,1.0],[0.7858960565941281,7.858960565941281,1.0]]
3_DPpaulli_1_workers.fjs;6041.96310266121;3651432;[0,378,859,880,915,1185,1208,1378,1567,1874,2153,2375,2405,2662,2720,283,322,415,483,716,1292,1363,1396,1493,1505,1739,1825,1977,2052,2087,2153,2200,2260,2518,2676,40,111,202,301,336,429,494,516,658,729,769,915,1378,1573,1665,1777,2200,2264,2395,2483,2509,2527,2602,120,578,800,1030,1072,1134,1228,1292,1450,1704,2017,2072,2264,2452,2561,2593,2676,2747,0,255,321,415,458,658,769,944,1007,1099,1434,1567,1777,1895,2072,2138,2260,2411,2518,2574,2709,200,494,670,749,1208,1259,1407,1434,1770,1889,2033,2470,2593,2674,2795,0,111,202,223,255,578,860,982,1064,1124,1246,1307,1476,1671,2295,2593,2810,322,429,857,901,982,1064,1112,1185,1214,1520,1567,1629,1704,1740,1913,1977,2017,2033,2065,2162,2320,2377,2449,2518,2754,40,524,611,822,859,901,1099,1171,1454,1520,1643,1704,1868,1913,1997,2052,2099,2295,2452,2538,2572,2713,2810,43,120,189,243,494,557,611,670,880,1098,1188,1259,1411,1594,1810,1895,2377,2449,2777];[0,2,4,3,2,4,0,1,2,4,4,2,3,2,0,2,1,0,0,1,2,4,3,4,2,3,3,1,4,4,1,3,0,4,1,2,0,2,4,4,4,1,1,2,3,2,4,0,0,0,4,1,4,0,1,3,3,0,3,2,1,0,0,2,2,1,0,2,3,2,1,0,3,1,4,1,1,1,3,3,2,1,3,1,2,2,1,1,1,4,1,3,3,1,1,4,3,3,4,4,4,4,4,1,2,2,0,0,2,3,0,4,2,2,1,1,0,3,1,0,1,0,3,0,0,3,1,0,1,2,1,3,3,1,4,4,1,1,1,4,1,0,0,1,3,0,3,3,0,4,1,4,2,3,4,2,4,4,0,0,3,3,2,3,4,1,1,2,2,1,0,0,3,2,2,4,0,3,1,0,4,2,4,1,0,2,1,2,1,0,3,0,3,4,2,3];[4,4,4,6,1,5,0,2,0,0,6,4,2,5,6,5,3,0,6,6,2,4,6,3,6,1,1,1,5,0,5,4,1,2,1,1,0,5,1,2,5,1,1,1,4,5,4,5,1,6,4,0,5,3,5,0,3,6,5,4,2,0,2,4,6,5,5,2,4,4,2,6,5,3,0,0,5,0,0,1,4,6,1,3,1,5,2,4,6,5,1,4,6,0,4,1,2,4,4,3,0,4,1,3,0,0,6,6,1,4,2,2,0,2,0,0,6,2,5,3,5,2,3,6,5,5,4,5,0,5,2,1,0,5,4,6,6,1,0,6,2,6,5,1,6,6,3,3,2,2,1,4,5,5,0,2,5,3,0,6,1,2,0,2,0,4,3,4,2,4,2,0,3,0,0,3,1,4,4,1,2,5,5,1,5,4,0,3,5,1,5,5,0,6,5,5];[[0.5209484070219088,5.209484070219088,1.0],[0.42125020101147315,4.212502010114731,1.0],[0.22094517308324657,2.2094517308324657,1.0],[0.13033708391670573,1.3033708391670573,1.0],[0.48395776843282956,4.839577684328296,1.0],[0.6260889663051598,6.260889663051597,1.0],[0.6211218319323739,6.21121831932374,1.0]]
3_DPpaulli_1_workers.fjs;6198.92877201739;1467000;[0,334,400,563,780,973,1000,1488,1544,1703,1724,2266,2470,2744,2843,0,95,185,253,441,557,793,976,1086,1097,1450,1536,1781,1856,1945,2053,2160,2442,2538,2694,192,294,386,470,509,599,717,947,1212,1350,1390,1610,1658,1699,1799,1891,1989,2053,2237,2291,2481,2499,2727,77,265,334,394,501,636,699,777,947,1118,1190,1488,1873,1931,2127,2458,2828,2866,0,185,259,343,435,523,581,739,872,965,1125,1211,1347,1658,1904,1945,2001,2317,2394,2727,2866,157,260,664,826,1097,1350,1962,1989,2008,2111,2376,2442,2616,2694,2866,95,466,581,602,636,780,863,1066,1115,1150,1206,1267,1324,2394,2573,2653,2765,39,265,481,509,632,745,892,996,1033,1078,1211,1269,1415,1452,1590,1703,1856,1904,2219,2291,2376,2538,2583,2647,2798,0,135,192,323,435,557,739,892,1026,1115,1378,1517,1654,1699,1781,1856,1873,2019,2111,2127,2163,2266,2793,0,400,763,1026,1183,1288,1438,1522,1625,1699,1821,1930,2198,2317,2477,2556,2647,2719,2744];[0,2,4,3,2,4,0,1,2,4,4,2,3,2,0,2,1,0,0,1,2,4,3,4,2,3,3,1,4,4,1,3,0,4,1,2,0,3,4,4,4,1,1,2,3,2,0,0,0,0,4,1,4,0,1,3,3,0,3,2,1,0,0,2,2,1,0,2,3,2,1,0,3,1,4,1,1,1,3,3,2,1,3,1,2,2,1,1,1,4,1,3,3,1,1,4,3,3,4,4,4,4,4,1,2,2,0,0,2,3,0,4,2,2,1,1,0,3,1,0,4,0,3,0,0,3,1,0,1,2,1,3,3,1,4,4,4,1,1,4,1,0,0,1,3,0,3,3,0,4,1,4,2,3,4,2,4,4,0,0,3,3,2,3,4,1,1,2,2,1,0,0,3,2,2,4,0,3,1,0,4,2,4,1,0,2,1,2,1,0,3,0,3,4,2,3];[2,4,1,4,1,5,3,2,6,0,5,6,2,2,5,5,3,0,3,4,3,4,0,2,2,1,1,1,4,2,1,6,1,0,1,6,0,3,0,5,5,1,2,4,4,1,4,5,3,5,4,0,5,0,5,4,3,6,2,2,2,2,1,2,6,5,5,1,4,3,2,5,0,0,6,4,1,4,5,1,2,6,6,3,1,3,2,5,6,4,1,4,6,0,5,4,6,5,4,0,4,4,1,3,3,3,3,6,0,1,4,0,0,2,0,1,4,2,5,3,5,6,3,2,0,4,4,4,0,5,6,1,0,1,0,3,5,1,0,2,1,4,5,1,4,1,2,5,2,2,6,0,0,5,0,6,1,3,1,2,1,4,5,4,2,4,3,2,6,2,3,2,5,5,4,3,1,4,4,6,6,1,4,3,0,2,6,6,6,3,5,5,1,2,2,5];[[0.49734142093980327,4.973414209398033,1.0],[0.35999045686025677,3.5999045686025677,1.0],[0.7220617567237175,7.220617567237175,1.0],[0.44672126724761885,4.4672126724761885,1.0],[0.4533596515962979,4.533596515962978,1.0],[0.025925678678183073,0.25925678678183073,1.0],[0.33490089376309407,3.3490089376309404,1.0]]
3_DPpaulli_1_workers.fjs;6009.535886794876;2204592;[0,173,348,407,716,904,927,1047,1309,1386,2050,2284,2466,2477,2637,0,258,348,416,469,556,967,1209,1309,1507,1552,1638,1683,1758,1847,2001,2050,2284,2349,2749,97,192,279,372,503,593,752,774,860,927,1057,1117,1338,1371,1611,1793,2103,2173,2528,2587,2613,2732,2791,374,459,553,990,1032,1244,1525,1758,1870,1896,1961,2004,2060,2111,2236,2269,2349,2400,0,348,422,510,625,694,758,1009,1117,1209,1351,1849,1910,2001,2210,2308,2365,2471,2613,2669,2818,77,185,674,958,1320,1407,1552,1650,1670,2199,2467,2566,2654,2758,2791,277,656,860,881,1147,1309,1579,1663,1912,1988,2103,2319,2376,2471,2669,2749,2820,39,134,362,556,612,753,801,874,913,958,1009,1147,1232,1268,1452,1516,1552,1657,1687,1726,2116,2173,2393,2545,2631,168,317,407,466,503,549,628,674,809,857,1043,1076,1306,1386,1611,1663,1811,1896,1988,2060,2116,2477,2587,0,93,134,192,250,277,422,628,1027,1222,1466,1516,1568,1726,2032,2167,2236,2393,2764];[0,2,4,3,0,4,0,1,2,4,4,2,4,2,0,2,1,0,0,1,2,4,3,4,2,3,3,1,4,4,1,3,0,1,1,2,0,3,4,4,4,1,1,2,3,2,4,0,0,0,4,1,4,0,1,3,3,0,2,2,1,0,0,2,2,1,0,2,3,2,1,0,3,1,4,1,1,1,3,3,2,1,3,1,2,2,1,1,1,4,1,3,3,1,1,4,3,3,1,4,2,4,4,1,2,2,0,0,2,3,0,4,2,2,1,1,0,3,1,0,4,0,3,0,0,3,1,0,1,2,1,3,3,1,4,4,4,1,1,4,1,0,0,1,3,0,3,3,0,4,1,4,2,3,3,2,4,4,0,0,3,3,2,3,4,1,1,2,2,1,0,0,3,2,2,4,0,3,1,0,4,2,4,1,0,2,1,2,1,0,3,0,3,4,2,3];[2,1,3,1,0,5,0,2,1,0,1,5,3,2,6,5,3,0,2,6,4,4,1,6,3,1,1,1,5,4,1,0,1,4,1,3,4,2,1,5,6,1,2,6,4,1,0,5,4,0,4,0,6,5,5,0,2,6,6,2,1,0,4,4,2,3,5,1,0,3,4,5,4,0,1,4,3,4,4,4,4,6,6,3,1,3,3,6,6,4,1,6,6,0,4,0,3,2,0,3,2,0,1,3,0,6,5,5,6,1,4,2,0,2,4,3,6,2,6,3,4,0,3,2,0,4,4,5,0,0,0,2,0,5,5,3,0,2,3,1,2,6,5,1,4,6,2,5,2,2,3,2,6,5,5,6,5,3,1,2,3,4,0,1,6,6,3,2,4,4,5,2,3,5,1,3,1,4,4,6,2,2,5,1,0,5,0,5,0,4,0,6,0,6,1,5];[[0.4211249061401,4.211249061401,1.0],[0.9761073344853062,9.761073344853061,1.0],[0.6132800246752349,6.132800246752349,1.0],[0.6930423279788359,6.930423279788359,1.0],[0.5088628354481554,5.088628354481553,1.0],[0.18781156668551158,1.8781156668551158,1.0],[0.830121874145001,8.301218741450011,1.0]]
3_DPpaulli_1_workers.fjs;6564.407026966815;1498416;[0,132,209,468,818,1242,1265,1571,2049,2180,2201,2336,2662,2695,2976,176,594,679,793,863,1003,1072,1510,1615,1731,1762,2126,2244,2319,2358,2423,2603,2833,2868,2976,0,73,194,391,788,878,945,967,1072,1415,1477,1571,1698,1731,1943,2006,2060,2124,2566,2623,2729,2747,2877,96,285,428,487,546,679,939,1794,1917,1943,2009,2250,2336,2417,2505,2534,2674,2773,0,92,176,285,485,730,793,1147,1242,1334,1424,1510,1602,1698,2023,2319,2373,2729,2801,2857,2966,0,96,231,325,528,546,700,920,1537,2244,2505,2603,2801,2943,3040,354,394,679,788,943,1126,1340,1424,1477,1831,2027,2088,2145,2244,2649,2868,2927,73,158,274,292,346,485,528,594,818,1100,1147,1184,1322,1477,1698,1848,1886,1903,2145,2332,2423,2480,2513,2619,2889,483,545,624,692,747,836,1000,1046,1147,1340,1626,1903,1978,2126,2210,2319,2623,2681,2785,2801,2837,2958,3066,391,487,604,730,788,943,1053,1126,1212,1259,1371,1762,1878,1931,2006,2534,2603,2674,2912];[0,2,4,3,2,4,0,1,2,4,4,2,3,2,0,0,1,0,0,1,2,4,3,4,2,3,3,1,4,4,1,3,0,1,1,2,0,2,4,4,4,1,1,2,3,2,0,0,0,0,4,1,4,0,1,3,3,0,3,2,1,0,0,2,2,1,0,2,3,2,1,0,3,1,4,0,1,1,3,1,2,1,3,1,2,2,1,1,1,4,1,3,3,1,1,4,3,3,4,4,4,4,4,1,2,2,0,0,2,3,0,4,2,2,1,1,0,3,1,0,4,0,3,0,0,3,1,0,1,2,1,3,3,1,4,1,4,1,1,4,1,0,0,1,3,1,3,3,0,4,1,4,2,3,3,2,4,4,0,0,3,3,2,3,4,1,1,2,2,1,0,0,3,2,2,4,0,3,1,0,4,2,4,1,0,2,1,2,1,0,3,0,3,4,2,3];[0,1,0,4,3,5,2,1,1,0,3,2,6,5,6,5,5,0,2,4,6,4,2,2,5,1,1,1,3,4,3,6,1,2,1,4,4,4,6,0,5,1,1,2,4,1,6,5,3,1,4,0,5,3,5,4,6,1,5,2,1,3,4,5,6,0,5,2,6,6,6,5,2,2,0,2,5,0,6,4,0,6,1,1,1,0,2,6,5,4,1,1,6,0,4,4,0,6,3,3,4,4,1,2,2,3,4,5,0,3,1,0,0,2,4,6,5,4,5,1,3,2,3,2,1,5,4,5,0,2,0,6,0,5,2,0,0,5,0,6,2,6,5,1,4,6,6,3,5,2,0,4,0,5,5,2,2,3,1,2,3,5,0,4,4,0,3,4,6,2,3,2,3,5,0,3,1,4,4,1,2,5,3,1,5,5,4,3,6,1,4,5,0,1,5,5];[[0.4831103964860096,4.831103964860096,1.0],[0.9021829992468611,9.02182999246861,1.0],[0.5374571935128641,5.374571935128642,1.0],[0.8761340971511191,8.761340971511192,1.0],[0.573156942708234,5.7315694270823405,1.0],[0.994523847851402,9.945238478514021,1.0],[0.3574465703190305,3.574465703190305,1.0]]
3_DPpaulli_1_workers.fjs;6318.288705718855;2025312;[0,460,545,566,688,1504,1846,2098,2127,2237,2291,2357,2387,2557,2711,40,169,263,377,650,915,994,1189,1328,1504,1624,1826,1847,1922,2010,2291,2572,2659,2700,2811,40,176,340,504,566,665,901,926,1012,1078,1118,1339,1624,1722,1815,1956,2034,2098,2329,2410,2641,2755,2811,260,383,531,590,632,688,751,815,901,1189,1294,1624,1789,2069,2350,2492,2652,2751,0,95,176,733,833,921,978,1131,1246,1338,1399,1500,1563,1845,2127,2153,2208,2338,2436,2492,2788,0,231,304,383,460,478,590,815,1375,1475,1563,1785,1802,2036,2171,0,263,456,620,790,875,1012,1246,1294,1432,1563,1657,1909,2000,2572,2700,2882,169,477,581,679,733,815,1027,1102,1173,1346,1527,1922,2000,2157,2227,2314,2387,2403,2431,2495,2584,2652,2691,2811,2835,40,109,166,298,335,418,555,599,864,1118,1189,1222,1660,1705,1785,2153,2227,2403,2625,2687,2718,2835,2917,91,263,497,863,1078,1222,1293,1346,1474,1705,1802,2000,2290,2471,2580,2659,2755,2835,2858];[0,2,4,3,0,4,0,1,2,4,4,2,4,2,0,0,1,0,0,1,2,4,3,4,2,3,1,1,4,4,1,3,0,1,1,2,0,3,4,4,4,1,1,2,3,2,4,0,0,0,4,1,4,0,1,3,3,0,3,2,1,0,0,2,2,1,0,2,3,2,1,0,3,1,4,1,1,1,3,3,2,4,3,1,2,2,1,1,1,4,1,3,3,1,1,4,3,3,4,1,4,4,4,1,2,2,0,0,2,3,0,4,2,2,1,1,0,3,1,0,4,0,3,0,0,3,1,0,1,2,1,3,3,1,4,4,1,1,1,4,1,0,0,1,3,0,3,3,0,4,1,4,2,3,4,2,4,4,0,0,2,3,2,3,4,1,1,2,4,1,0,0,3,2,2,4,0,3,1,0,4,2,4,1,0,2,1,2,1,0,3,0,3,4,2,3];[3,1,5,4,3,5,0,2,6,0,1,6,3,3,4,6,2,0,3,4,3,4,5,2,1,1,5,1,6,4,5,0,5,3,1,5,0,5,5,3,6,0,2,2,4,1,3,5,5,3,4,0,3,3,5,0,0,6,5,4,0,0,1,2,6,5,6,3,3,3,6,5,4,0,4,1,1,4,5,1,4,4,1,6,1,0,3,3,0,4,1,1,6,0,4,1,2,2,1,4,0,4,0,2,4,2,4,5,1,2,1,0,0,2,0,6,1,1,3,3,0,4,3,6,0,5,4,1,0,4,3,5,0,5,0,6,6,2,4,6,1,6,5,1,4,6,6,3,2,2,6,0,0,5,3,6,3,3,0,6,6,5,3,3,4,6,4,2,0,0,2,2,3,6,6,3,1,0,4,6,2,2,4,4,5,5,3,4,1,3,3,5,2,5,4,5];[[0.34661995661142697,3.4661995661142697,1.0],[0.2286410960833074,2.286410960833074,1.0],[0.012392470279078194,0.12392470279078194,1.0],[0.9308270259025113,9.308270259025113,1.0],[0.3225145761620236,3.225145761620236,1.0],[0.0006954578022455582,0.006954578022455582,1.0],[0.2097170717940725,2.097170717940725,1.0]]
3_DPpaulli_1_workers.fjs;6342.5193125405185;262296;[724,949,1176,1268,1302,1502,1525,1747,1776,1857,2303,2375,2721,2787,2867,0,166,251,319,459,755,1071,1137,1393,1416,1537,1717,1857,1932,2237,2537,2678,2810,2878,2928,0,111,663,783,824,951,1124,1146,1235,1302,1349,1416,1469,1649,1742,1971,2111,2175,2244,2389,2447,2646,2744,0,594,783,843,891,1066,1128,1232,1323,1509,1857,2183,2245,2301,2415,2447,2615,2724,0,92,166,254,360,418,476,587,663,1200,1323,1473,1656,1747,2175,2237,2465,2652,2787,2875,2976,476,594,924,1104,1268,1878,1949,1979,1999,2101,2183,2245,2302,2476,2733,71,223,326,347,418,575,699,783,893,1582,1656,1776,1834,1931,2031,2515,2843,163,251,304,322,377,476,518,625,654,843,914,1002,1176,1235,1409,1473,1632,1747,1999,2389,2476,2588,2652,2846,2867,0,111,163,231,376,501,836,914,1015,1066,1235,1537,1611,1656,1791,1932,1949,2009,2111,2262,2406,2533,2615,377,546,587,664,824,1016,1077,1349,1437,1776,1873,1999,2524,2571,2665,2744,2804,2875,2900];[0,2,4,3,4,4,0,1,2,4,4,2,4,2,0,0,1,0,0,1,2,4,3,4,2,3,3,1,4,4,1,3,0,1,1,2,0,3,4,4,4,1,1,2,3,2,4,0,0,0,4,1,4,0,1,3,3,0,3,2,1,0,0,2,2,1,0,2,3,2,1,0,3,1,4,1,1,1,3,3,2,4,2,1,2,2,1,1,1,4,1,3,3,1,1,4,3,3,4,1,4,4,4,1,2,2,0,0,2,3,0,4,2,2,1,1,0,3,1,0,1,0,3,0,0,3,1,0,1,2,1,3,3,1,4,4,1,1,1,4,1,0,0,1,3,0,3,3,0,4,1,4,2,3,4,2,4,4,0,0,3,3,2,3,4,1,1,2,4,1,0,0,3,2,2,4,0,3,1,0,4,2,4,1,0,2,1,2,1,0,3,0,3,4,2,3];[6,4,3,4,6,5,2,2,6,0,6,2,1,3,6,3,5,0,3,3,4,4,4,3,3,1,1,1,3,0,0,5,6,0,1,1,0,2,5,0,5,1,1,6,4,5,5,5,5,3,4,0,2,3,5,0,5,6,2,2,2,3,4,5,2,3,5,4,4,6,6,5,5,1,0,3,5,4,4,1,3,0,1,3,1,5,2,1,6,1,1,2,6,0,4,4,3,0,0,1,6,0,2,6,6,3,6,5,1,4,0,2,0,6,4,1,4,1,5,1,1,5,3,2,5,5,4,5,0,6,2,5,0,5,2,2,4,5,2,6,2,6,5,1,4,1,6,5,3,2,6,4,6,5,0,5,1,3,0,6,1,0,3,3,4,3,3,4,5,2,1,2,4,1,4,3,1,1,4,5,6,5,0,1,0,2,4,4,6,4,4,6,1,1,2,5];[[0.8559393885152179,8.55939388515218,1.0],[0.8004839408308784,8.004839408308783,1.0],[0.5938433496209707,5.938433496209708,1.0],[0.8870093324131678,8.870093324131679,1.0],[0.741558169706834,7.4155816970683395,1.0],[0.8097670389513107,8.097670389513107,1.0],[0.2247324103169328,2.247324103169328,1.0]]
3_DPpaulli_1_workers.fjs;5963.943542361118;374736;[149,334,694,762,809,1274,1447,1950,1982,2149,2175,2241,2272,2592,2651,228,428,641,709,842,961,1032,1262,1362,1393,1414,1500,1582,1672,1707,1828,2078,2470,2660,2705,0,71,149,232,267,357,513,556,642,777,901,1096,1148,1181,1356,1420,1657,1772,2281,2340,2470,2517,2556,123,206,275,334,376,527,1032,1101,1627,1672,1830,1847,2221,2373,2488,2524,2642,2741,0,103,434,522,589,757,817,924,1262,1354,1738,1889,1997,2105,2149,2221,2350,2452,2604,2679,2780,317,422,552,628,715,762,815,1096,1115,1274,1386,1447,1925,2340,2572,396,436,535,727,962,1191,1420,1504,1552,1725,1769,1874,2023,2137,2256,2461,2776,275,375,568,587,642,787,883,962,1009,1054,1145,1191,1552,1655,1825,1889,1982,2006,2038,2193,2284,2366,2503,2572,2730,0,71,123,191,492,552,641,687,762,916,992,1266,1504,1549,1633,1721,1769,1931,2205,2284,2315,2421,2506,232,334,434,492,727,829,962,1062,1214,1339,1463,1549,1588,1627,2114,2281,2350,2651,2676];[0,2,4,3,2,4,0,1,2,4,4,2,4,2,0,0,1,0,0,1,2,4,3,4,2,3,3,1,4,4,0,3,0,1,1,2,0,3,4,4,4,1,1,2,3,2,4,0,0,0,4,1,4,0,1,3,3,0,2,2,1,0,0,2,2,1,0,2,3,2,1,0,3,1,4,0,1,1,3,3,2,1,3,1,2,2,1,1,1,4,1,3,3,1,1,4,3,3,4,4,4,4,4,1,2,2,0,0,2,3,0,4,2,2,1,1,0,3,1,0,4,0,3,0,0,3,1,0,1,2,1,3,3,1,4,4,4,1,1,4,1,0,0,1,3,1,3,3,0,4,1,4,2,3,3,2,4,4,0,0,3,3,2,3,4,1,1,2,2,1,0,0,3,2,2,4,0,3,1,0,4,2,4,1,0,2,1,2,1,0,3,0,3,4,2,3];[1,1,4,1,1,5,2,0,6,0,1,2,1,3,6,3,5,0,5,4,2,4,3,3,2,1,1,1,4,4,5,2,6,1,1,1,0,5,1,5,5,1,2,6,4,1,6,5,5,5,4,0,2,5,5,4,2,6,6,2,1,0,4,5,6,1,2,3,3,3,4,5,2,0,0,2,6,4,4,4,4,6,6,3,1,1,1,6,1,1,1,6,2,0,4,4,1,6,1,1,4,4,2,3,2,3,6,5,0,4,4,1,0,2,0,6,3,1,6,3,0,0,3,2,0,5,4,4,0,2,2,0,0,1,2,0,5,1,0,6,2,6,5,1,4,0,3,3,0,2,6,4,2,5,5,5,2,3,0,6,3,2,0,6,4,4,4,4,4,2,5,2,4,1,3,3,1,0,4,6,6,1,5,1,5,0,4,5,5,3,6,6,0,1,2,5];[[0.5198238265685563,5.198238265685563,1.0],[0.9583988744400509,9.583988744400509,1.0],[0.3402956357666065,3.402956357666065,1.0],[0.7081849781179302,7.081849781179303,1.0],[0.9252189405445452,9.252189405445453,1.0],[0.05032666735654623,0.5032666735654623,1.0],[0.6613275461751585,6.613275461751585,1.0]]
3_DPpaulli_1_workers.fjs;6214.35298266549;994044;[0,369,629,975,1194,1423,1446,1549,1701,1777,1835,1898,2037,2182,2687,93,208,290,370,584,1038,1258,1291,1479,1653,1733,1819,1838,2011,2051,2131,2263,2616,2700,2786,525,594,672,820,882,975,1040,1062,1148,1218,1259,1342,1390,1659,1860,1957,2067,2182,2257,2371,2557,2575,2777,44,208,720,824,1136,1326,1408,1578,1752,1778,1898,1928,2397,2440,2528,2557,2848,2885,0,134,208,292,338,370,422,547,697,789,824,977,1733,1913,1957,1983,2332,2434,2644,2747,2848,77,246,550,688,754,856,1148,1388,1472,1778,2044,2165,2182,2652,2885,485,594,697,790,992,1085,1175,1289,1446,1615,1669,1890,1947,2105,2291,2528,2751,127,290,344,364,418,772,911,1072,1259,1304,1355,1429,1509,1545,1669,1838,1913,1928,2048,2314,2434,2506,2575,2687,2707,0,431,485,650,688,730,824,866,950,997,1103,1355,1504,1569,1659,1928,2105,2165,2316,2332,2363,2491,2857,0,93,134,188,285,313,500,872,1835,1983,2067,2257,2401,2440,2537,2616,2676,2747,2891];[0,2,4,3,0,4,0,1,2,4,4,2,3,2,0,0,1,0,0,1,2,4,3,4,2,3,3,1,4,4,1,3,0,1,1,2,0,3,4,4,4,1,1,2,3,2,0,0,0,0,4,1,4,0,1,3,3,0,2,2,1,0,0,2,2,1,0,2,3,2,1,0,3,1,4,1,1,1,3,3,2,4,3,1,2,2,1,1,1,4,1,3,3,1,1,4,3,3,4,4,4,4,4,1,2,2,0,0,2,3,0,4,2,2,1,1,0,3,1,0,4,0,3,0,0,3,1,0,1,2,1,3,3,1,4,1,4,1,1,4,1,0,0,1,3,1,3,3,0,4,1,4,2,3,4,2,4,4,0,0,2,3,2,3,4,1,1,2,4,1,0,0,3,2,2,4,0,3,1,0,4,2,4,1,0,2,1,2,1,0,3,0,3,4,2,3];[6,1,4,2,6,5,0,2,0,0,3,4,6,3,6,3,0,0,3,1,6,4,0,6,6,1,1,1,2,4,6,0,6,3,1,5,0,5,2,2,5,1,1,0,4,5,4,5,5,5,4,0,1,3,5,4,2,6,6,4,6,3,4,5,6,3,5,3,3,6,6,5,2,0,0,4,3,4,5,4,2,2,6,1,1,3,1,6,2,1,1,1,2,0,4,4,6,0,1,3,4,4,0,3,0,1,6,5,1,4,2,0,0,6,2,6,2,5,5,1,3,0,3,2,5,5,4,5,0,6,6,4,0,5,5,3,4,2,3,6,2,6,5,1,4,5,3,3,3,2,1,4,2,5,5,2,3,2,0,2,6,6,0,4,4,3,3,4,0,0,1,2,5,1,1,3,1,4,4,1,2,2,3,1,5,0,0,2,2,3,4,5,1,1,2,5];[[0.18019241848515155,1.8019241848515155,1.0],[0.48736227300275514,4.873622730027551,1.0],[0.07759170039841756,0.7759170039841756,1.0],[0.5225667244081349,5.2256672440813485,1.0],[0.9196433340252647,9.196433340252646,1.0],[0.8762509611803474,8.762509611803473,1.0],[0.5029695910906639,5.029695910906638,1.0]]
3_DPpaulli_9_workers.fjs;5452.167505413335;905424;[235,449,855,929,1312,1358,1420,1585,1596,1810,1939,2138,2379,2438,2479,137,210,312,412,425,447,529,629,891,1055,1117,1166,1225,1368,1529,1678,1788,1991,2183,2411,0,112,137,299,611,733,1085,1354,1404,1498,1529,1585,1648,1711,1977,2003,2022,2059,2129,2201,2265,2328,2370,0,135,210,530,620,677,780,952,983,1086,1281,1768,1811,2003,2231,2293,2379,2427,43,204,288,327,408,449,552,793,923,1007,1042,1298,1604,1694,1750,1849,1901,2069,2177,2460,2524,61,133,510,529,629,711,779,890,1146,1224,1388,1600,1901,1988,2320,61,387,472,711,883,999,1235,1358,1457,1526,1600,1694,1880,1941,2201,2270,2462,0,43,189,343,396,552,779,878,911,979,1225,1294,1336,1498,1656,1751,1810,1844,1941,1963,1988,2073,2293,2383,2421,58,220,372,517,589,665,697,774,816,890,983,1086,1279,1388,1609,1692,1788,2059,2105,2229,2270,2327,2428,0,56,104,189,227,303,832,868,995,1073,1144,1205,1334,1388,1596,1711,1918,2105,2428,0,104,412,529,677,794,891,1040,1086,1160,1235,1511,1610,1692,1750,1893,2022,2073,2226,43,327,656,700,791,839,973,1118,1160,1223,1295,1369,1427,1844,1855,2003,2129,2265,2328,2497,2530,210,261,312,372,469,688,780,910,999,1060,1413,1511,1751,1907,1967,2138,0,220,296,472,541,595,665,745,868,911,982,1294,1354,2358,2427,2501,0,190,449,560,695,733,926,979,1146,1295,1420,1604,1758,1871,1918,1993,2094,2177,2265,2297,2358,2381,2460,2494,2534];[1,6,2,3,7,5,1,1,2,5,6,2,3,3,5,2,4,0,2,2,1,3,7,0,4,4,4,5,0,7,5,3,7,1,1,7,2,6,2,1,0,2,2,4,7,1,6,7,7,6,2,1,0,3,7,1,7,0,6,3,2,2,4,0,3,4,2,0,0,7,7,6,4,3,7,7,5,5,4,6,6,5,4,0,5,3,5,3,5,0,1,2,3,4,6,4,3,2,5,3,7,2,2,4,1,7,2,3,0,5,1,2,3,3,0,6,2,1,3,7,1,0,3,1,7,7,3,2,2,3,0,7,3,7,3,2,5,6,0,4,7,4,4,2,0,0,0,1,1,0,2,4,5,2,4,0,5,0,3,5,5,1,1,3,4,1,6,4,1,3,6,1,7,2,6,5,4,1,1,7,0,6,3,6,4,6,6,0,6,7,2,1,4,6,1,6,4,1,0,1,4,4,7,0,3,3,0,5,3,6,4,2,2,3,3,3,4,1,7,7,7,5,0,1,1,4,6,3,1,1,5,5,7,1,0,0,3,0,5,1,7,3,5,4,4,7,6,3,2,0,5,4,2,7,7,3,5,5,3,6,6,5,7,2,1,6,0,1,5,1,2,2,0,4,2,6,2,1,5,4,5,6,2,4,6,0,5,0,4,4,7,7,7];[4,1,4,10,0,11,9,4,4,2,6,1,4,5,9,2,6,0,8,9,9,10,8,10,3,0,9,7,1,10,0,4,11,2,8,10,2,7,2,6,4,9,10,6,0,11,7,3,9,3,9,8,8,3,3,2,11,10,4,9,5,0,11,4,2,8,4,11,11,5,3,0,0,9,3,10,9,9,9,4,2,11,10,11,9,0,7,3,0,10,10,1,2,1,6,10,6,6,11,4,9,0,2,8,6,8,0,2,11,10,10,6,1,6,2,0,4,5,10,0,5,1,6,11,3,11,7,6,3,9,2,0,1,5,4,7,1,0,2,5,0,1,6,6,3,1,0,7,1,7,2,1,2,0,11,1,11,2,1,2,5,1,10,8,5,6,7,3,9,2,9,7,9,8,7,0,6,3,8,4,8,11,6,8,2,9,8,2,8,2,10,5,3,6,10,11,5,6,0,3,7,4,7,6,1,10,1,8,1,5,11,1,2,4,1,7,10,9,3,3,0,11,3,1,4,1,5,2,6,11,3,8,10,8,5,2,2,4,5,9,0,11,5,5,8,5,8,3,8,5,7,5,6,8,7,10,8,7,1,0,9,1,3,6,9,1,1,4,7,10,5,1,1,1,11,6,5,8,1,8,7,4,8,5,4,11,3,5,7,11,6,0,10];[[0.7773566427005639,7.7735664270056395,1.0],[0.6698255595592497,6.698255595592498,1.0],[0.09913960392481702,0.9913960392481702,1.0],[0.35297051119014544,3.529705111901454,1.0],[0.4679077429008419,4.679077429008419,1.0],[0.5346837414708775,5.346837414708775,1.0],[0.9783090609123973,9.783090609123974,1.0],[0.13031535015865903,1.3031535015865903,1.0],[0.6712434682302663,6.712434682302662,1.0],[0.36422941594737557,3.6422941594737557,1.0],[0.48883570716198577,4.888357071619858,1.0],[0.20301221073405373,2.0301221073405373,1.0]]
3_DPpaulli_9_workers.fjs;5209.81415478112;2577204;[197,329,516,698,1027,1150,1286,1366,1521,1587,1938,1976,2070,2225,2267,66,163,419,532,545,632,719,803,879,1155,1219,1353,1412,1447,1496,1991,2067,2144,2298,2335,0,67,89,666,763,819,882,933,973,1059,1101,1155,1224,1284,1340,1412,1560,1677,1837,1928,2062,2147,2227,0,130,338,440,617,953,990,1222,1258,1551,1594,1677,1817,2124,2216,2278,2374,2414,194,244,343,448,545,591,751,819,925,1211,1240,1418,1611,1676,1776,1880,1976,2070,2134,2211,2324,0,67,133,153,255,735,1162,1284,1366,1401,1799,1881,2011,2142,2283,118,189,315,360,397,466,563,777,1090,1179,1366,1376,1479,1763,1991,2042,2195,83,182,253,285,379,440,506,632,682,807,990,1052,1285,1316,1361,1446,1532,1566,1637,1743,1840,1922,1977,2059,2354,120,197,240,436,509,590,676,775,874,992,1073,1089,1179,1269,1316,1355,1469,1630,1718,1796,1921,2099,2354,0,61,335,501,591,676,918,953,999,1073,1151,1211,1323,1348,1587,1599,1838,2278,2353,287,360,526,583,717,777,867,952,1034,1416,1479,1630,1717,1799,1852,1928,1940,2134,2374,63,98,222,244,338,388,434,492,532,689,765,811,1524,1599,1860,1979,1992,2099,2151,2228,2282,24,66,253,388,474,623,1070,1376,1496,1594,1678,1796,1881,1999,2128,2267,98,436,532,719,879,930,990,1012,1168,1224,1286,1395,1670,1879,1990,2383,0,194,563,632,666,751,760,867,885,957,987,1089,1269,1366,1450,1529,1605,1677,1763,1796,1900,2147,2195,2228,2267];[1,6,2,1,7,4,4,0,2,0,6,3,6,6,7,0,2,3,1,2,7,7,2,0,5,5,4,0,0,7,5,5,6,1,1,5,6,5,2,3,4,3,2,6,6,5,2,3,5,6,4,3,2,3,7,2,5,0,2,3,2,6,4,0,0,4,7,0,1,7,0,4,4,3,5,7,4,6,0,5,1,5,4,5,5,1,1,3,2,6,5,0,6,3,1,5,0,6,2,0,7,4,2,7,3,1,1,3,4,4,2,5,4,0,5,7,7,6,4,7,6,7,3,0,6,0,4,1,2,3,5,3,3,0,7,0,2,4,3,7,7,2,1,7,4,6,5,6,6,1,3,1,0,2,1,3,1,0,3,3,6,0,1,3,4,0,6,2,4,5,1,5,7,1,1,7,6,7,4,3,1,6,0,0,3,4,2,1,0,2,2,2,6,6,4,0,0,5,5,1,0,1,6,4,3,6,2,4,3,6,7,0,0,3,3,3,6,1,2,4,1,1,0,6,5,5,6,3,2,6,2,7,4,7,1,0,0,1,5,4,7,3,7,3,0,3,5,4,2,0,2,6,2,2,7,3,2,7,2,5,6,2,0,2,1,5,2,6,4,2,2,0,1,6,6,7,4,1,1,4,6,6,5,4,7,0,1,7,1,3,0,7,1];[4,1,11,3,11,10,6,5,8,2,6,6,10,5,6,2,2,6,6,6,0,11,7,4,9,0,2,0,1,1,2,4,4,7,7,9,4,6,2,0,10,6,11,10,1,3,4,4,5,5,2,6,2,10,3,11,6,4,0,5,4,9,6,1,4,1,10,10,6,3,3,8,1,2,4,3,9,9,2,5,11,4,10,5,10,2,2,9,5,5,11,8,9,2,2,3,11,6,9,8,1,4,4,0,8,7,4,1,2,10,0,4,4,8,7,7,9,2,6,3,1,3,8,1,6,4,7,8,9,1,3,10,1,2,8,9,5,10,0,11,0,9,7,11,2,9,4,8,7,5,4,4,3,0,7,7,5,4,8,5,8,2,0,0,5,10,7,7,0,3,11,0,3,8,11,5,9,5,11,6,10,7,5,9,8,9,4,11,6,11,9,1,1,2,5,8,3,10,1,9,9,9,3,7,2,7,3,4,1,5,7,10,5,6,1,0,9,5,6,11,11,7,0,4,6,8,11,4,8,6,8,1,7,11,0,10,6,10,7,5,10,11,8,8,0,9,9,0,0,5,7,0,0,3,2,0,11,4,3,3,2,11,3,10,8,9,0,5,4,6,0,3,9,7,11,9,2,5,6,9,11,6,5,5,3,11,0,6,3,9,10,8,8];[[0.7966509679599704,7.966509679599704,1.0],[0.05862623274803458,0.5862623274803458,1.0],[0.7602397739740907,7.602397739740907,1.0],[0.8627037401845356,8.627037401845355,1.0],[0.09127403464611428,0.9127403464611428,1.0],[0.9024924365975527,9.024924365975528,1.0],[0.7858960565941281,7.858960565941281,1.0],[0.40667966546103385,4.0667966546103385,1.0],[0.37447264465852026,3.7447264465852026,1.0],[0.6490262282913547,6.490262282913547,1.0],[0.40092466608569977,4.009246660856998,1.0],[0.5721109226277574,5.721109226277575,1.0]]
3_DPpaulli_9_workers.fjs;5707.530111476794;288312;[315,392,500,531,613,747,807,835,906,980,1703,2248,2355,2522,2568,69,173,206,303,451,691,972,995,1080,1115,1276,1382,1436,1750,2055,2211,2280,2405,2557,2595,0,139,206,315,735,781,932,990,1147,1252,1283,1486,1691,1827,1879,1989,2007,2111,2280,2368,2432,2500,2544,0,410,807,965,993,1115,1132,1279,1501,1602,1637,1711,1750,1893,1989,2224,2328,2489,0,54,139,176,351,391,492,652,995,1324,1392,1447,1580,1653,1802,1893,2027,2221,2328,2495,2563,500,525,846,864,1104,1208,1530,1580,1666,1779,1847,1929,2055,2292,2432,0,87,613,664,842,891,1050,1181,1276,1706,1831,1886,2008,2079,2134,2154,2209,173,297,461,554,598,840,943,1015,1188,1328,1450,1488,1506,1562,1831,1919,1973,2061,2198,2285,2311,2378,2431,2581,2618,0,242,598,685,735,813,849,934,1044,1140,1276,1370,1447,1559,1634,2020,2132,2211,2255,2338,2378,2432,2563,140,194,242,333,365,478,804,891,990,1113,1193,1254,1413,1438,1488,1562,1910,1929,2255,194,363,451,525,635,747,817,923,1059,1181,1339,1382,1481,1600,1637,1919,2191,2358,2521,70,268,351,371,500,877,1104,1164,1189,1256,1328,1370,1413,1551,1664,2049,2118,2245,2495,2578,2626,70,450,551,646,813,995,1438,1590,1635,1752,1827,1929,2020,2134,2355,2432,391,551,619,708,892,1076,1186,1265,1350,1653,1841,1930,2007,2359,2517,2613,0,20,341,531,554,586,595,702,748,817,847,958,1050,1126,1188,1551,1748,1932,2020,2060,2224,2370,2421,2517,2595];[3,1,1,3,4,5,1,1,7,0,3,2,3,6,6,3,1,5,1,5,4,6,2,0,7,5,1,3,7,1,6,5,1,7,5,3,6,1,1,1,4,3,1,4,1,1,2,4,4,6,2,1,2,6,7,5,0,0,2,3,5,7,4,0,0,7,6,4,0,7,6,7,4,3,7,4,5,6,5,2,6,7,2,5,6,3,5,5,3,7,7,0,5,0,1,2,3,0,7,1,1,2,2,7,2,3,1,1,5,0,1,7,0,1,3,7,0,6,1,5,4,1,3,1,6,0,4,1,1,7,5,2,1,5,4,5,5,6,5,4,1,4,0,2,4,6,6,0,0,0,2,2,3,2,7,4,1,1,0,2,2,0,6,3,2,0,0,2,6,3,6,4,7,2,6,4,2,3,4,7,0,4,7,6,0,3,1,0,0,7,6,6,5,6,1,4,3,5,0,0,4,6,7,4,4,3,1,2,3,5,1,2,2,6,4,1,6,2,2,4,4,5,5,1,3,0,7,4,5,2,2,3,5,1,1,7,0,4,4,6,0,7,7,6,4,4,5,3,7,0,4,6,6,2,0,3,5,3,2,6,6,5,3,2,2,5,5,1,1,1,3,1,6,6,6,6,3,3,3,6,5,6,7,7,3,0,0,2,7,0,0,7,7];[6,8,0,4,7,8,9,3,8,1,8,3,1,2,0,6,8,6,6,1,7,9,10,1,3,10,8,7,6,9,4,8,5,9,6,7,5,1,4,9,4,10,6,7,8,11,3,10,9,8,1,4,8,9,3,7,4,11,5,9,8,4,3,5,5,9,11,5,9,2,9,6,5,2,11,9,9,9,10,10,0,2,5,3,11,8,1,2,10,2,10,9,10,7,0,5,10,7,11,10,11,8,0,0,4,3,4,6,2,4,4,6,8,11,1,6,5,1,5,4,7,0,8,5,6,7,7,4,11,11,9,4,2,10,7,2,5,3,1,3,6,10,5,11,1,8,1,9,5,7,4,8,2,5,0,7,9,1,11,1,9,0,0,4,1,3,1,0,3,11,1,6,6,2,9,0,7,6,2,5,5,3,8,7,5,7,6,2,2,4,6,0,1,8,0,1,9,10,6,7,7,3,0,7,2,10,4,11,4,9,0,11,8,6,1,2,10,1,5,1,7,9,0,1,6,9,7,0,5,11,1,3,8,8,3,2,1,0,1,8,5,9,8,6,8,5,7,10,8,10,4,3,1,6,0,6,6,11,11,3,3,10,1,5,1,8,6,4,4,1,7,10,0,11,11,10,0,11,2,3,8,10,9,2,11,3,9,2,3,10,2,0,10];[[0.5209484070219088,5.209484070219088,1.0],[0.42125020101147315,4.212502010114731,1.0],[0.22094517308324657,2.2094517308324657,1.0],[0.13033708391670573,1.3033708391670573,1.0],[0.48395776843282956,4.839577684328296,1.0],[0.6260889663051598,6.260889663051597,1.0],[0.6211218319323739,6.21121831932374,1.0],[0.707277595965894,7.07277595965894,1.0],[0.43539590023548325,4.3539590023548325,1.0],[0.04809800715767443,0.4809800715767443,1.0],[0.2254847064342842,2.254847064342842,1.0],[0.788548045160999,7.88548045160999,1.0]]
3_DPpaulli_9_workers.fjs;5888.539312596222;312144;[123,661,1169,1200,1480,1603,1672,1953,1964,2029,2129,2203,2293,2352,2424,61,134,254,465,564,583,919,1481,1572,1623,1687,1796,2062,2155,2283,2414,2486,2565,2643,2678,207,418,489,584,688,732,825,924,1025,1124,1200,1277,1342,1566,1710,1815,1832,2029,2129,2219,2283,2515,2672,0,61,218,307,399,461,879,1306,1617,1710,1812,1895,1970,2130,2354,2416,2599,2728,60,115,207,418,879,1084,1216,1277,1374,1463,1491,1553,1699,1762,1821,1914,2146,2506,2576,2666,2728,0,128,732,839,1134,1265,1342,1709,1935,1970,2102,2444,2544,2565,2666,26,115,209,254,440,569,661,732,1114,1189,1263,1359,1570,1964,2099,2242,2544,0,254,333,421,663,715,750,883,939,1005,1068,1106,1275,1304,1393,1481,1538,1866,2041,2129,2219,2305,2359,2424,2728,296,371,479,659,1039,1157,1194,1304,1359,1435,1538,1650,1709,1815,1832,1864,1961,2055,2130,2359,2403,2459,2572,147,371,421,514,545,621,752,784,883,958,1025,1084,1245,1741,2293,2305,2519,2572,2672,61,209,346,403,522,578,799,979,1055,1348,1420,1473,1570,1672,1776,1846,2168,2400,2576,0,17,100,201,403,584,630,1025,1106,1169,1348,1435,1480,1513,1857,1941,1970,2219,2489,2638,2672,17,307,358,461,632,711,799,883,924,1272,1353,1455,1557,1654,1762,2104,0,61,128,289,465,515,661,727,1005,1134,1866,2073,2130,2205,2345,2444,134,151,249,331,353,389,510,552,583,935,969,1055,1255,1306,1524,1733,1821,1953,2041,2283,2335,2357,2416,2444,2725];[3,2,1,6,7,5,4,7,2,5,2,3,6,3,7,2,1,0,1,6,7,6,2,0,7,7,1,0,5,4,3,3,5,5,5,5,5,5,5,1,4,3,4,4,7,1,4,4,2,6,3,3,6,3,7,0,7,7,4,3,7,5,4,0,3,7,6,2,7,7,6,7,4,4,7,0,5,5,4,2,6,2,4,5,5,1,1,1,4,0,5,0,0,4,6,0,3,0,4,5,1,4,2,7,1,3,4,0,2,5,7,6,0,6,0,6,5,0,3,1,0,0,3,2,7,7,4,2,2,3,3,3,1,6,3,6,5,6,3,1,7,6,1,2,6,6,6,0,5,1,2,7,5,2,1,3,6,0,0,7,2,0,7,3,4,1,3,2,6,4,1,4,4,2,6,6,3,3,1,7,1,3,3,5,3,7,1,2,3,5,2,2,5,6,1,4,4,1,0,6,4,4,7,0,5,3,1,3,3,5,4,2,2,3,4,5,6,1,2,0,1,1,0,1,5,0,7,5,5,2,5,3,2,1,4,1,5,7,5,4,0,7,0,2,0,3,6,4,4,0,4,6,2,7,7,6,3,2,4,2,6,5,3,7,1,5,0,0,2,2,4,6,6,4,0,0,2,3,5,6,7,6,5,7,0,0,7,7,1,6,2,1,7];[7,9,0,8,9,10,5,8,4,1,8,6,10,8,7,2,3,5,7,5,0,4,0,1,0,2,8,9,11,3,0,6,7,9,9,6,11,11,2,7,1,0,5,6,8,9,0,7,7,8,0,9,2,1,3,0,7,1,2,5,3,9,5,1,2,8,7,9,5,5,1,5,1,10,1,6,0,10,1,10,0,9,3,6,9,7,6,2,0,6,4,8,10,5,6,0,4,11,1,7,11,2,5,0,5,1,11,10,4,11,0,8,8,0,2,4,4,1,3,8,10,1,11,0,8,2,7,10,9,9,2,7,2,2,6,5,9,11,4,0,0,2,3,11,1,1,9,10,3,2,6,11,8,0,6,8,1,4,8,3,5,2,8,2,10,8,10,7,0,7,0,6,4,4,6,2,8,7,1,3,9,9,9,4,3,3,8,7,11,2,11,1,5,2,3,2,9,0,0,9,7,4,6,6,2,1,4,8,4,6,3,1,2,4,5,5,10,4,9,6,11,7,0,1,6,5,3,5,5,11,0,7,8,8,1,10,1,1,10,8,10,2,9,5,0,1,10,10,11,9,8,6,6,1,4,8,2,6,5,0,5,4,1,4,0,11,7,1,11,6,10,3,4,3,10,2,5,7,1,3,9,4,5,2,6,3,4,11,11,10,1,5,10];[[0.49734142093980327,4.973414209398033,1.0],[0.35999045686025677,3.5999045686025677,1.0],[0.7220617567237175,7.220617567237175,1.0],[0.44672126724761885,4.4672126724761885,1.0],[0.4533596515962979,4.533596515962978,1.0],[0.025925678678183073,0.25925678678183073,1.0],[0.33490089376309407,3.3490089376309404,1.0],[0.4755440242737675,4.755440242737675,1.0],[0.45132356511490823,4.513235651149082,1.0],[0.08788974506102976,0.8788974506102976,1.0],[0.29509671683068217,2.9509671683068217,1.0],[0.33863234208051063,3.3863234208051063,1.0]]
3_DPpaulli_9_workers.fjs;5409.048128544977;2823756;[0,23,218,307,383,808,971,1003,1013,1138,1251,1414,1554,1688,2180,39,129,298,514,578,652,859,1011,1274,1359,1427,1489,1540,1591,1868,1955,2035,2159,2386,2448,0,189,221,374,471,575,630,680,714,808,991,1046,1125,1251,1372,1445,1834,1966,2041,2116,2285,2345,2488,147,291,383,471,500,558,840,898,935,1208,1240,1323,1470,1613,1917,1979,2112,2428,78,129,262,298,405,441,558,626,734,1462,1560,1705,1802,1865,1921,2014,2052,2148,2209,2285,2360,238,262,525,918,1041,1125,1210,1242,1326,1796,2031,2116,2206,2262,2295,23,90,442,630,661,799,858,1030,1184,1294,1580,1654,1752,2014,2237,2335,2418,0,80,147,177,353,407,455,525,635,856,1003,1193,1210,1309,1410,1499,1553,1613,1695,1719,1743,1802,1857,1917,1955,0,353,491,680,744,822,1046,1309,1388,1496,1538,1554,1613,1703,1719,1752,1844,1952,2070,2231,2377,2432,2489,174,879,1116,1208,1241,1372,1613,1857,1929,2052,2130,2191,2265,2288,2333,2345,2381,2400,2473,0,210,298,844,926,983,1108,1228,1372,1489,1554,1595,1752,1929,2041,2209,2360,2418,2433,23,104,200,314,409,525,578,635,661,735,926,1041,1087,1240,1326,1595,1695,2007,2269,2352,2411,80,160,389,442,538,707,858,949,1083,1138,1462,1572,1654,1865,1937,2433,42,246,314,441,525,578,722,744,844,1070,1324,1388,1445,1620,1739,2489,0,54,104,215,246,353,409,558,639,714,743,827,935,986,1125,1210,1289,1372,1467,1499,1552,1743,2206,2288,2380];[3,1,2,1,3,4,1,0,0,0,3,3,6,0,7,6,4,5,1,6,1,7,2,0,7,7,4,3,0,1,5,5,5,4,7,5,0,1,6,1,0,0,4,4,1,5,6,4,5,6,4,3,0,4,7,0,3,4,5,3,1,0,4,0,0,6,7,5,7,5,7,1,4,1,5,4,4,6,0,6,3,7,4,5,6,1,5,1,0,2,7,2,6,2,0,5,0,0,4,0,2,4,2,3,2,7,1,3,4,1,7,7,3,0,5,6,7,5,2,7,4,3,3,0,6,7,3,4,1,7,1,1,1,0,7,2,3,3,3,1,2,2,4,2,0,0,3,3,4,0,5,4,5,2,4,4,5,0,0,7,5,0,1,3,2,1,6,4,6,7,6,6,3,1,0,0,3,3,4,5,1,1,3,2,5,3,2,0,6,2,6,6,2,6,2,6,2,5,0,1,0,4,6,0,5,6,2,7,3,0,0,2,5,5,3,6,2,2,2,4,1,3,1,6,1,1,3,3,5,2,2,5,3,1,1,7,5,4,5,6,7,7,5,3,0,7,5,4,2,0,6,5,7,2,7,3,2,2,2,2,6,0,1,4,6,5,2,0,0,2,3,0,7,3,2,6,2,3,3,6,6,6,3,6,6,0,0,1,4,4,4,2,7];[2,7,4,11,0,8,6,10,6,2,8,6,10,4,1,2,0,3,7,8,1,9,11,1,4,3,8,6,4,1,1,10,7,5,6,1,5,11,6,4,5,0,3,6,4,8,9,9,9,8,4,4,7,9,3,9,6,8,11,1,5,11,2,5,2,1,5,0,5,8,4,2,0,0,7,9,1,9,2,5,8,3,10,11,5,7,5,8,0,11,9,4,6,11,3,5,3,0,1,7,7,10,4,10,4,5,9,2,5,0,2,2,9,4,2,5,9,10,0,7,9,6,4,1,4,11,7,0,11,0,11,5,2,10,10,9,9,10,4,0,6,4,1,11,5,11,10,11,0,7,5,6,2,5,10,1,6,5,11,3,8,0,9,10,10,8,7,3,1,3,8,11,8,11,3,8,3,6,5,8,1,7,0,8,2,10,4,2,8,4,10,7,9,1,0,4,8,10,2,6,2,9,3,6,10,0,0,6,1,6,5,11,11,1,1,2,10,8,9,1,11,2,4,4,4,11,0,1,8,11,0,5,10,8,4,2,7,7,11,8,0,10,10,8,2,5,9,1,9,10,3,10,5,6,8,10,8,6,11,0,4,2,3,2,8,11,10,1,3,6,6,3,4,7,4,2,2,3,7,2,0,4,10,11,10,1,1,7,2,11,4,0,10];[[0.4211249061401,4.211249061401,1.0],[0.9761073344853062,9.761073344853061,1.0],[0.6132800246752349,6.132800246752349,1.0],[0.6930423279788359,6.930423279788359,1.0],[0.5088628354481554,5.088628354481553,1.0],[0.18781156668551158,1.8781156668551158,1.0],[0.830121874145001,8.301218741450011,1.0],[0.8449241651217704,8.449241651217704,1.0],[0.20962821201639004,2.0962821201639006,1.0],[0.6505169872996391,6.505169872996391,1.0],[0.7003316191510263,7.003316191510263,1.0],[0.7150339547653067,7.150339547653068,1.0]]
3_DPpaulli_9_workers.fjs;5518.147215209319;1772892;[184,309,593,962,1040,1216,1515,1722,1732,1791,1884,1923,2020,2092,2455,118,309,393,566,577,713,795,838,1051,1129,1191,1238,1289,1328,2003,2133,2235,2352,2433,2487,147,297,379,473,553,593,659,709,744,871,910,969,1040,1216,1341,1423,1526,1574,1680,1816,2020,2092,2290,0,55,118,267,662,892,962,1125,1217,1394,1427,1531,1680,1759,2202,2265,2405,2524,0,105,223,459,538,578,711,777,868,1189,1286,1399,1520,1585,1860,1963,2133,2257,2341,2443,2571,55,79,105,125,223,308,376,474,924,1044,1766,1809,2135,2259,2495,242,361,459,818,1002,1214,1286,1490,1618,1752,2082,2314,2349,2405,2455,2474,2524,42,376,535,827,915,1110,1147,1365,1399,1468,1531,1585,1601,1663,1880,1965,2098,2135,2212,2235,2282,2344,2449,2524,2561,0,125,169,257,578,659,713,783,845,924,962,1065,1125,1377,1394,1427,1628,1722,1866,1965,2019,2116,2399,89,209,257,342,503,578,662,868,969,1044,1125,1189,1319,1569,1752,2131,2191,2212,2326,105,242,330,744,827,1040,1129,1238,1289,1514,1585,1640,1737,1830,1940,2010,2021,2197,2514,0,220,361,689,797,902,965,1044,1065,1289,1380,1439,1580,1663,1860,1965,2003,2107,2174,2257,2455,0,167,308,386,448,620,908,1002,1264,1341,1421,1580,2019,2116,2197,2265,0,380,448,538,578,628,689,711,883,1110,1617,1697,1923,2259,2329,2405,223,242,308,503,528,652,838,1106,1328,1398,1427,1513,1531,1581,1633,1737,1884,2010,2098,2135,2212,2352,2415,2447,2495];[1,1,2,3,1,7,1,1,2,5,1,3,6,3,6,1,2,0,0,6,0,6,2,0,5,5,4,3,1,7,3,3,6,1,7,3,0,2,2,2,4,3,1,4,1,5,7,3,1,6,4,0,5,0,7,3,7,0,2,1,2,0,4,0,1,7,2,4,1,5,6,0,4,6,7,0,4,6,0,6,1,7,2,5,6,1,6,5,2,7,0,0,0,2,0,2,0,6,6,0,5,6,3,7,7,7,2,1,6,1,7,5,2,6,3,6,0,6,7,7,4,4,3,3,3,5,3,0,1,3,3,6,1,6,3,2,5,3,3,4,2,2,3,7,1,0,7,6,5,1,5,4,3,2,7,0,7,1,3,1,6,2,7,3,4,1,4,4,1,2,1,5,4,7,1,4,4,3,1,7,0,3,0,6,5,6,5,1,0,2,4,1,6,6,1,2,4,5,5,1,0,7,6,5,4,6,1,7,3,4,4,2,2,7,4,0,4,2,5,7,1,5,6,6,5,6,7,0,6,2,2,5,6,2,0,5,3,4,6,4,7,0,0,4,0,2,6,3,4,2,5,4,5,5,1,4,5,2,2,7,4,5,0,4,6,5,7,3,5,3,4,4,0,4,4,7,3,0,0,4,3,6,2,7,5,0,1,5,3,4,2,7,1];[4,9,2,10,0,1,0,2,5,0,7,0,6,1,10,8,3,0,10,6,9,9,3,5,0,8,8,7,11,10,2,6,4,2,6,5,5,1,7,5,4,3,3,3,8,8,6,2,11,5,6,6,7,11,3,7,4,8,6,9,2,5,0,0,2,8,4,9,5,4,9,11,2,3,3,9,11,0,1,5,1,1,2,2,5,1,1,1,5,8,4,8,10,1,7,5,2,6,7,3,1,10,1,0,8,1,8,8,8,4,0,7,9,6,6,7,5,5,9,3,1,7,4,11,3,10,7,3,11,1,11,3,8,6,4,9,3,3,4,7,1,4,10,9,11,6,8,7,0,2,9,8,3,5,3,3,6,8,10,2,7,5,9,2,5,3,2,5,4,10,3,10,6,5,9,11,2,5,8,4,11,11,7,8,2,8,4,7,6,2,10,8,0,6,11,0,7,11,10,11,6,1,3,0,10,2,5,6,1,10,3,1,8,9,2,5,3,2,6,10,11,11,6,0,6,11,6,9,11,11,1,5,0,3,5,1,2,10,2,5,3,7,7,7,2,8,11,11,11,7,8,4,7,3,10,2,0,6,11,1,7,9,9,8,7,9,1,8,9,2,8,6,4,8,0,7,7,0,2,6,9,0,5,2,1,3,8,6,6,11,1,0,1];[[0.4831103964860096,4.831103964860096,1.0],[0.9021829992468611,9.02182999246861,1.0],[0.5374571935128641,5.374571935128642,1.0],[0.8761340971511191,8.761340971511192,1.0],[0.573156942708234,5.7315694270823405,1.0],[0.994523847851402,9.945238478514021,1.0],[0.3574465703190305,3.574465703190305,1.0],[0.6617299629663892,6.617299629663892,1.0],[0.4882872262788658,4.882872262788657,1.0],[0.5726412824777106,5.726412824777106,1.0],[0.32388398325139345,3.2388398325139347,1.0],[0.8072354510963532,8.072354510963532,1.0]]
3_DPpaulli_9_workers.fjs;5564.990003285024;1297776;[69,265,443,685,770,863,1172,1353,1364,1447,1607,1881,2126,2189,2247,0,123,477,621,654,685,916,939,1184,1218,1293,1363,1426,1544,1752,1814,1890,1986,2089,2469,0,555,595,701,774,850,944,1000,1058,1146,1177,1258,1349,1449,1547,1852,1912,2109,2297,2368,2433,2493,2537,0,214,283,595,646,731,906,1026,1059,1177,1551,1842,1883,1985,2174,2240,2343,2461,69,129,214,297,389,425,516,633,796,843,1234,1329,1426,1489,1547,1712,1948,2076,2140,2429,2568,192,216,742,762,1261,1359,1430,1497,1649,1684,1835,1972,2076,2306,2442,63,175,597,646,747,981,1489,1705,1835,1912,2051,2061,2093,2270,2343,2404,2461,0,56,129,218,287,335,374,443,483,555,704,967,1066,1095,1157,1294,1573,1649,1751,1774,2193,2253,2306,2369,2542,0,159,265,349,396,483,628,777,821,906,963,1232,1636,1774,1798,1890,1986,2130,2270,2367,2430,2493,2549,474,578,676,819,866,985,1026,1058,1285,1359,1430,1491,1741,1762,1869,1883,1924,2240,2337,0,80,168,510,850,916,981,1066,1113,1199,1570,1615,1969,2051,2089,2159,2369,2429,2531,159,218,297,335,424,474,578,704,1040,1101,1172,1214,1430,1636,1646,2097,2199,2363,2388,2499,2537,151,244,322,465,625,793,928,1095,1218,1274,1349,1593,1703,1811,1877,2149,0,214,374,521,563,621,793,866,1491,1581,1681,1784,1842,2058,2126,2388,0,69,119,297,563,676,821,1026,1113,1201,1232,1349,1364,1449,1497,1615,1774,1948,2159,2193,2247,2322,2433,2493,2537];[3,0,1,6,3,5,1,0,0,3,6,2,6,6,5,2,4,3,0,2,3,0,0,4,6,5,4,0,3,1,5,3,5,4,5,3,1,6,1,1,0,3,3,5,6,5,7,7,6,6,0,1,5,7,7,4,7,1,6,3,3,2,4,0,7,4,7,6,1,7,0,7,4,6,5,0,4,6,0,2,2,5,2,0,6,6,5,1,4,7,7,0,6,2,2,1,7,2,7,5,5,2,3,3,2,7,1,4,2,5,2,3,0,1,4,5,0,1,4,5,1,7,3,0,3,0,4,0,2,7,6,7,5,6,7,1,2,4,5,4,7,6,0,7,0,6,0,0,4,1,2,1,3,2,1,7,5,0,3,2,1,4,7,3,2,0,2,2,4,5,1,4,3,0,6,0,6,1,1,2,1,4,7,5,1,3,5,1,0,2,3,2,6,6,4,6,0,5,5,0,1,1,6,4,3,2,0,5,3,4,1,0,1,3,3,1,4,1,6,0,7,3,5,2,1,0,3,5,1,6,5,7,4,5,1,4,3,7,4,6,2,3,5,6,4,4,6,3,7,2,4,3,5,6,7,6,7,7,2,2,1,2,3,7,3,6,7,4,4,2,2,4,6,3,4,7,4,1,1,4,2,2,5,4,0,0,1,5,3,0,7,4,7];[9,8,0,10,10,7,0,7,11,3,2,10,5,9,7,1,2,7,2,5,4,10,7,3,11,10,1,11,3,8,2,6,7,9,6,7,3,7,9,6,9,4,0,9,1,5,6,5,8,2,8,1,0,6,3,8,5,4,9,9,7,0,2,6,8,5,4,10,11,3,8,0,8,9,4,11,7,9,2,10,11,5,4,11,5,6,3,2,0,2,0,8,8,4,11,1,8,7,6,7,2,8,0,6,4,8,4,9,2,11,0,2,11,0,5,10,5,8,11,7,0,9,4,3,3,10,7,11,3,11,8,6,8,2,1,1,9,3,11,7,11,10,1,8,3,1,0,9,0,5,4,8,9,0,10,11,4,4,10,10,3,8,4,2,2,7,11,9,0,4,5,6,5,2,9,9,7,11,1,8,9,3,6,4,11,11,6,10,5,3,1,6,3,2,11,0,0,10,10,5,5,9,3,7,2,1,6,9,1,9,7,9,1,6,1,6,10,0,2,6,0,6,2,8,3,9,2,1,10,2,0,6,7,10,4,5,2,5,0,8,9,11,5,5,10,5,4,5,6,7,11,2,5,3,8,8,2,4,10,0,7,4,10,5,1,1,1,4,4,6,3,9,0,5,0,10,11,7,4,1,7,4,10,6,10,11,3,10,10,1,4,11,10];[[0.34661995661142697,3.4661995661142697,1.0],[0.2286410960833074,2.286410960833074,1.0],[0.012392470279078194,0.12392470279078194,1.0],[0.9308270259025113,9.308270259025113,1.0],[0.3225145761620236,3.225145761620236,1.0],[0.0006954578022455582,0.006954578022455582,1.0],[0.2097170717940725,2.097170717940725,1.0],[0.5179602272351016,5.179602272351016,1.0],[0.7628222106217201,7.6282221062172,1.0],[0.3089717897377221,3.089717897377221,1.0],[0.15113122452813788,1.5113122452813788,1.0],[0.07045772229012492,0.7045772229012492,1.0]]
3_DPpaulli_9_workers.fjs;5342.630598294458;460008;[254,282,380,435,700,890,960,1492,1520,1745,1911,2211,2306,2381,2436,17,90,171,341,351,834,997,1042,1376,1492,1555,1644,1695,1766,1815,1897,1970,2058,2141,2271,50,126,201,311,383,423,478,531,563,674,956,1029,1101,1319,1422,1503,1597,1874,1984,2141,2226,2296,2340,195,380,676,765,870,1087,1167,1323,1355,1454,1491,1709,1857,2046,2164,2226,2309,2349,0,50,138,176,435,531,660,765,860,948,1204,1278,1418,1533,1665,2039,2077,2168,2237,2349,2421,409,478,507,681,1084,1235,1308,1411,1810,1843,1911,1950,2274,2364,2421,132,236,332,716,890,960,1029,1105,1260,1338,1758,1841,1929,2168,2296,2316,2394,208,268,341,371,507,557,603,681,721,872,970,1058,1076,1105,1166,1369,1448,1533,1665,1935,2104,2219,2309,2374,2477,0,78,418,517,791,926,1076,1159,1204,1376,1563,1600,1716,1810,1826,1857,1960,2046,2090,2211,2252,2365,2455,0,186,236,321,352,435,563,655,785,870,997,1159,1235,1635,1916,2077,2177,2198,2419,138,268,371,454,595,728,785,903,951,1191,1281,1369,1566,1665,1698,1830,1879,1948,2078,0,18,138,423,507,555,616,676,693,765,955,997,1042,1076,1202,1462,1587,1686,1956,2415,2474,124,171,459,530,582,608,700,797,835,933,1019,1293,1376,1473,1935,1982,603,1117,1191,1281,1324,1374,1432,1483,1579,1698,1767,1838,2062,2104,2374,2455,0,17,63,132,154,186,268,339,383,477,860,956,1006,1269,1485,1563,1644,1716,1804,1843,1962,1982,2381,2429,2474];[3,0,2,1,3,0,1,1,1,5,4,3,6,4,7,2,1,5,1,6,1,1,3,4,4,5,4,2,1,1,5,5,7,2,2,7,6,0,2,3,0,2,2,4,6,5,7,7,2,6,1,6,3,6,7,4,3,1,6,6,5,6,4,0,0,7,7,2,3,5,6,1,4,1,5,4,0,0,7,2,2,5,4,5,6,3,5,1,3,7,3,2,5,0,0,5,7,2,0,5,7,2,3,3,4,7,4,0,7,5,2,5,3,1,3,2,7,6,2,4,6,6,3,3,6,5,4,0,2,3,6,7,5,0,3,7,2,3,3,4,0,4,1,2,1,6,0,2,1,0,5,7,3,2,4,5,5,1,3,1,5,5,1,3,2,0,7,4,6,2,1,4,4,7,6,6,3,1,1,7,4,1,3,1,1,4,2,0,3,0,6,6,2,6,2,6,0,5,7,6,1,4,7,6,2,6,5,5,3,0,1,2,1,3,3,5,6,2,7,7,7,5,0,1,1,0,3,5,1,4,5,1,6,2,1,4,5,4,4,6,0,3,0,6,0,7,6,4,0,0,7,3,2,6,7,7,3,2,2,6,2,5,3,5,6,6,0,0,2,3,3,4,1,6,2,0,4,3,5,4,4,2,2,4,7,0,0,7,3,0,7,4,1];[1,10,11,6,11,3,10,1,7,0,7,4,10,7,1,2,0,8,8,8,11,9,11,9,0,0,8,9,7,10,4,11,0,10,8,10,9,6,2,4,5,5,2,10,1,8,1,5,7,2,2,5,11,9,4,7,6,6,9,2,6,0,2,4,5,5,5,4,9,0,1,5,0,11,3,4,10,1,2,10,11,5,10,3,8,4,1,8,10,5,7,4,9,8,2,3,9,11,0,7,9,0,11,11,1,5,0,0,8,10,0,8,4,0,1,2,9,11,6,7,1,2,11,11,5,11,7,2,0,11,8,6,8,0,9,0,3,7,0,3,0,7,3,8,11,2,8,9,1,7,5,11,1,0,9,5,3,8,10,11,10,1,9,10,2,9,10,3,2,3,1,6,6,10,9,8,11,5,3,4,5,7,0,6,2,2,4,2,10,7,2,6,3,6,3,10,0,11,6,9,6,8,1,8,1,6,4,8,4,5,8,11,10,2,8,3,3,1,4,10,1,9,7,0,6,9,4,7,4,0,8,6,1,3,4,9,3,1,1,7,8,11,5,5,9,5,8,10,0,5,10,2,1,6,4,6,9,7,3,3,10,5,11,6,7,2,11,2,11,6,7,11,5,11,9,4,1,8,6,0,10,7,6,1,3,3,9,7,7,10,4,6,5];[[0.8559393885152179,8.55939388515218,1.0],[0.8004839408308784,8.004839408308783,1.0],[0.5938433496209707,5.938433496209708,1.0],[0.8870093324131678,8.870093324131679,1.0],[0.741558169706834,7.4155816970683395,1.0],[0.8097670389513107,8.097670389513107,1.0],[0.2247324103169328,2.247324103169328,1.0],[0.9761818800633866,9.761818800633865,1.0],[0.6339038774096737,6.339038774096737,1.0],[0.5580285642552777,5.580285642552777,1.0],[0.4463526500656817,4.463526500656817,1.0],[0.28336462923826333,2.8336462923826335,1.0]]
3_DPpaulli_9_workers.fjs;5803.007544919678;2621988;[425,527,853,914,1019,1145,1542,1692,1801,1896,2076,2332,2430,2602,2649,153,229,434,537,624,715,806,825,1150,1401,1495,1590,1858,1899,2042,2107,2194,2365,2496,2538,0,103,126,219,378,548,682,777,810,920,1019,1082,1202,1259,1465,1567,1612,1723,1935,2247,2431,2530,2673,78,159,286,687,755,897,914,1576,1719,1817,1935,2010,2176,2238,2326,2388,2483,2607,77,127,259,297,378,414,501,578,810,882,1080,1135,1234,1304,1401,1587,1686,1793,1854,1935,2162,80,104,200,219,329,421,692,820,1003,1038,1106,1467,1793,2140,2607,297,493,578,724,810,1145,1261,1323,1576,1646,1935,2009,2042,2440,2534,2563,2649,153,223,424,578,642,687,724,970,1164,1334,1411,1449,1467,1495,1538,1702,1823,1870,1962,2107,2179,2332,2385,2497,2648,0,291,330,413,462,767,806,992,1036,1120,1173,1202,1261,1351,1368,1401,1492,1646,1823,2271,2574,2634,2689,0,150,200,291,451,676,1042,1161,1538,1641,1756,1997,2119,2181,2434,2448,2507,2529,2638,17,339,731,878,964,1106,1303,1536,1607,1737,1820,2009,2233,2332,2365,2434,2447,2553,2616,0,159,322,339,501,622,718,992,1139,1259,1491,1642,1688,1858,1985,2069,2140,2483,2530,2616,2649,61,103,247,322,451,554,676,767,810,906,981,1368,1870,2119,2251,2529,0,77,715,970,1015,1082,1150,1204,1291,1423,1436,1504,2238,2280,2356,2515,139,376,480,622,644,682,707,903,920,1008,1240,1335,1368,1688,1737,1860,1945,2076,2162,2194,2251,2271,2319,2388,2488];[1,6,2,0,1,7,4,1,4,7,7,3,3,2,6,3,0,5,0,2,1,7,7,0,6,4,6,5,5,1,6,5,5,4,5,7,5,5,2,6,0,0,3,6,7,5,6,3,5,6,0,3,0,1,7,4,0,3,4,6,2,7,4,0,3,7,2,5,6,5,6,0,4,6,7,4,6,2,0,6,2,7,4,5,5,3,5,5,0,6,3,0,5,0,1,0,0,0,0,1,5,4,3,2,4,3,4,0,5,5,1,7,0,3,2,4,2,6,1,1,1,4,3,1,6,5,3,1,1,7,6,6,3,7,4,6,3,4,3,1,5,4,3,2,1,6,6,2,1,0,2,2,3,2,4,7,7,0,0,5,1,4,7,3,2,1,7,4,6,2,1,1,7,1,0,5,5,3,1,7,3,6,3,1,3,3,2,1,0,7,3,1,1,6,2,4,0,1,0,1,1,4,2,6,5,6,2,4,3,5,1,0,2,3,3,0,4,1,5,7,3,3,0,1,3,6,6,0,2,2,2,7,6,7,1,0,5,1,4,3,2,7,5,2,0,4,6,4,2,3,4,6,5,7,7,7,2,1,2,6,6,0,0,0,6,6,0,1,4,3,2,6,0,2,2,7,2,0,4,4,0,6,7,4,3,0,5,4,1,4,7,4,1];[4,3,11,8,7,7,6,6,4,9,5,3,10,4,0,8,6,3,7,9,1,11,9,5,4,5,10,7,6,9,4,11,2,5,9,1,6,6,11,8,8,3,10,7,0,4,7,9,5,2,5,5,8,4,9,6,4,8,2,4,10,1,6,7,2,2,3,0,3,6,10,5,1,5,4,11,1,11,7,4,11,2,10,6,10,11,1,11,10,8,7,3,2,1,11,0,8,4,9,9,0,9,7,6,3,1,11,10,0,11,7,10,8,6,11,7,4,6,2,2,7,7,8,10,7,7,7,8,11,9,4,0,1,7,7,5,9,4,0,0,0,10,8,8,11,6,8,11,1,7,4,11,9,5,9,11,7,1,8,4,8,8,2,4,2,8,7,5,3,11,2,8,9,1,7,7,1,8,1,5,6,11,0,1,3,11,4,7,5,7,5,8,11,0,0,3,0,6,0,4,4,9,4,9,2,4,7,4,4,5,0,9,2,2,8,5,3,6,3,2,10,9,6,1,3,4,9,1,8,11,1,1,1,11,0,4,7,5,2,5,0,2,10,2,0,5,3,10,1,5,6,3,7,8,8,2,10,3,10,0,4,2,1,7,7,8,8,1,4,5,4,1,4,8,11,0,10,0,1,1,5,0,6,2,8,11,3,2,2,11,2,4,3];[[0.5198238265685563,5.198238265685563,1.0],[0.9583988744400509,9.583988744400509,1.0],[0.3402956357666065,3.402956357666065,1.0],[0.7081849781179302,7.081849781179303,1.0],[0.9252189405445452,9.252189405445453,1.0],[0.05032666735654623,0.5032666735654623,1.0],[0.6613275461751585,6.613275461751585,1.0],[0.82711411373077,8.271141137307701,1.0],[0.8734961127808921,8.734961127808921,1.0],[0.5913019030238962,5.913019030238962,1.0],[0.11264722490163037,1.1264722490163037,1.0],[0.34477784983246407,3.4477784983246407,1.0]]
3_DPpaulli_9_workers.fjs;5234.5457375258375;725808;[0,135,290,420,495,610,906,933,1283,1799,1942,2076,2165,2228,2321,0,69,100,197,298,333,744,782,866,1094,1360,1443,1693,1734,1794,1916,2074,2242,2325,2360,50,163,217,307,376,420,477,617,650,736,797,989,1220,1426,1551,1616,1705,1737,1813,1888,2228,2288,2361,0,56,235,333,477,574,596,669,701,1127,1186,1458,1517,1633,1725,1813,1911,1973,130,216,301,376,452,529,619,698,815,915,943,1002,1094,1164,1226,1323,1362,1549,1870,2158,2286,16,307,1202,1252,1360,1443,1640,1707,1799,1870,1949,1993,2101,2126,2185,0,120,495,866,899,942,1006,1070,1175,1337,1421,1584,1742,1951,2288,2307,2364,0,428,564,596,651,707,813,882,919,985,1046,1083,1099,1159,1323,1458,1517,1733,1841,1916,1941,2003,2296,2361,2397,0,75,207,332,448,537,574,651,736,815,899,1099,1226,1426,1484,1522,1623,1794,1857,1948,2073,2364,2420,177,240,308,401,542,617,797,831,1006,1094,1192,1261,1411,1435,1484,1593,1693,2137,2228,119,340,500,693,798,862,1342,1502,1549,1631,1693,1733,1834,1916,2003,2084,2159,2216,2303,0,56,146,217,516,564,650,875,918,997,1099,1175,1252,1435,1498,1628,1653,1980,2231,2320,2397,87,194,240,526,659,701,803,933,975,1516,1593,1988,2101,2185,2281,2359,69,130,235,340,423,472,1163,1271,1430,1445,1581,1657,1813,2001,2126,2242,68,100,146,376,401,438,581,652,707,782,906,1083,1096,1144,1192,1284,1440,1581,1669,1834,1952,2005,2052,2213,2412];[1,4,1,3,7,4,4,1,7,5,6,3,6,0,6,2,1,5,1,5,1,3,2,4,5,5,4,2,2,4,3,5,2,5,5,3,1,6,2,3,4,2,3,6,0,5,2,7,6,6,4,0,6,0,7,4,0,7,5,6,3,6,4,0,7,7,4,6,3,5,0,4,4,1,5,4,0,2,4,6,6,2,2,5,6,3,1,5,0,6,0,0,0,4,2,2,3,6,6,1,1,4,2,7,1,3,4,0,7,4,2,7,0,6,3,2,0,3,7,7,4,3,3,1,3,5,4,4,1,3,5,7,1,5,3,0,3,6,0,4,1,6,1,2,0,6,5,2,1,1,2,7,0,2,7,7,1,0,0,1,5,1,6,3,2,1,6,2,6,7,1,2,6,2,1,4,4,3,4,7,0,3,0,1,1,3,3,2,3,5,1,1,2,6,1,6,3,5,5,1,4,6,7,4,5,2,5,7,3,0,1,0,5,5,3,6,4,1,7,7,4,3,1,2,1,4,7,4,5,1,5,3,6,5,1,0,0,4,5,6,0,7,7,4,4,2,6,3,7,3,7,3,2,7,0,4,1,1,3,5,3,5,3,7,6,5,4,3,0,1,2,2,7,2,6,7,2,0,5,4,2,2,5,4,3,0,0,7,4,4,0,1,7];[4,4,0,5,3,11,5,2,6,5,8,5,5,2,2,1,3,8,8,8,7,11,11,6,8,5,0,3,5,10,0,2,7,9,9,7,9,7,2,0,6,9,10,10,0,6,3,0,8,2,11,11,0,3,3,5,4,4,10,4,10,0,7,9,0,5,9,11,9,1,4,8,6,0,4,4,7,1,11,2,2,6,4,7,5,8,8,5,10,8,8,9,1,10,10,3,3,0,7,2,7,4,5,0,2,9,7,1,8,1,10,4,8,3,4,1,10,1,4,2,7,11,11,9,3,10,11,8,11,3,0,1,2,9,4,9,9,11,2,11,0,1,0,8,3,9,8,9,1,2,5,5,5,0,5,2,4,4,11,9,5,1,1,0,0,3,4,9,2,7,2,6,8,7,4,3,5,5,0,3,8,8,7,7,10,8,5,11,10,2,10,8,1,1,9,0,0,11,10,6,2,3,10,6,0,1,5,7,1,5,7,11,10,1,1,2,10,2,3,3,7,2,4,4,0,0,3,11,11,11,0,10,9,6,3,8,5,2,8,11,8,5,8,5,10,8,5,6,8,7,10,6,6,6,5,5,1,8,1,3,7,4,4,0,8,0,6,8,9,11,10,1,4,11,3,0,2,4,6,3,9,4,5,5,7,3,7,4,3,11,10,9,10];[[0.18019241848515155,1.8019241848515155,1.0],[0.48736227300275514,4.873622730027551,1.0],[0.07759170039841756,0.7759170039841756,1.0],[0.5225667244081349,5.2256672440813485,1.0],[0.9196433340252647,9.196433340252646,1.0],[0.8762509611803474,8.762509611803473,1.0],[0.5029695910906639,5.029695910906638,1.0],[0.8160267976375112,8.160267976375112,1.0],[0.8059112000327816,8.059112000327817,1.0],[0.2140591090540045,2.140591090540045,1.0],[0.08805821114486456,0.8805821114486456,1.0],[0.20329737064426556,2.0329737064426556,1.0]]
4_ChambersBarnes_10_workers.fjs;2264.193594792244;4299132;[79,215,293,481,550,640,712,753,843,947,74,117,419,464,566,658,698,779,843,989,0,48,133,209,366,460,641,714,792,998,140,276,315,417,485,566,682,764,857,923,0,276,417,464,501,570,641,656,695,802,63,117,216,305,375,433,501,697,739,915,0,109,196,259,376,481,657,703,843,928,0,88,209,305,369,577,613,688,876,1001,10,76,116,375,399,464,517,693,939,975,0,71,247,297,351,550,641,712,753,937,177,336,419,591,612,739,779,830,867,915,0,133,196,315,351,471,485,719,857,939,0,82,187,247,332,561,703,801,884,1006,0,22,109,332,519,591,657,698,943,1031,0,22,61,460,519,774,857,928,937,962];[7,9,0,6,4,8,2,5,1,3,6,8,3,0,1,4,5,11,2,7,1,3,5,4,0,2,6,8,9,7,1,7,4,6,5,0,8,3,11,2,7,2,8,5,1,6,3,0,10,4,8,0,4,5,12,1,7,6,3,2,6,2,8,1,9,4,7,0,5,3,8,7,5,3,2,4,11,1,0,6,4,0,11,5,7,3,2,8,6,1,11,0,3,8,1,6,2,5,4,7,7,3,4,5,2,6,0,9,1,8,0,3,2,7,8,5,10,1,6,4,10,1,3,6,2,8,7,0,5,4,4,2,5,6,8,7,3,1,0,11,2,5,11,8,0,6,3,7,1,4];[15,17,5,17,10,8,4,1,11,7,11,18,17,13,13,5,11,7,1,18,11,8,4,15,2,12,7,2,2,6,17,0,12,3,5,14,8,16,12,4,15,10,12,17,3,16,5,0,12,17,12,0,1,9,6,18,15,8,0,3,14,3,9,6,11,15,18,7,15,9,3,7,14,14,10,9,6,11,18,4,8,10,2,1,16,6,18,17,16,16,2,5,2,3,7,6,16,6,4,5,10,15,4,15,4,8,8,8,13,7,4,14,16,0,8,2,7,13,16,13,1,9,12,13,13,8,14,14,12,3,16,0,11,11,0,3,9,13,2,18,13,16,17,10,14,9,0,6,10,15];[[0.7773566427005639,7.7735664270056395,1.0],[0.6698255595592497,6.698255595592498,1.0],[0.09913960392481702,0.9913960392481702,1.0],[0.35297051119014544,3.529705111901454,1.0],[0.4679077429008419,4.679077429008419,1.0],[0.5346837414708775,5.346837414708775,1.0],[0.9783090609123973,9.783090609123974,1.0],[0.13031535015865903,1.3031535015865903,1.0],[0.6712434682302663,6.712434682302662,1.0],[0.36422941594737557,3.6422941594737557,1.0],[0.48883570716198577,4.888357071619858,1.0],[0.20301221073405373,2.0301221073405373,1.0],[0.6661983755713592,6.661983755713592,1.0],[0.2276630312069321,2.276630312069321,1.0],[0.4580640582967631,4.580640582967631,1.0],[0.040722397554957435,0.40722397554957435,1.0],[0.9742897953778286,9.742897953778286,1.0],[0.4874760742689066,4.874760742689066,1.0],[0.4616138636373597,4.616138636373597,1.0]]
4_ChambersBarnes_10_workers.fjs;2395.2262910285613;103356;[92,101,173,246,531,631,675,713,913,944,0,61,184,333,358,563,806,819,944,1032,0,46,130,218,400,463,644,754,832,987,101,271,429,534,589,669,832,844,932,1027,192,305,340,384,613,854,932,973,1012,1074,138,285,333,429,534,684,819,930,972,1017,19,209,463,531,613,701,709,754,892,1012,0,101,218,403,548,634,701,819,903,1004,61,246,285,391,644,693,776,845,972,1004,79,140,358,403,451,589,713,819,844,928,0,275,397,496,531,609,644,669,845,892,0,130,340,423,567,650,675,755,772,901,0,163,224,315,423,675,754,830,926,1020,99,109,333,415,526,567,637,892,1012,1100,0,92,140,202,358,463,534,637,772,917];[7,9,0,6,4,8,2,5,1,3,6,8,3,0,1,4,5,11,2,7,1,3,5,4,0,2,6,8,12,7,1,7,4,6,5,0,8,3,10,2,7,2,8,5,1,6,3,0,11,4,8,0,4,5,12,1,7,6,3,2,6,2,8,1,9,4,7,0,5,3,8,7,5,3,2,4,9,1,0,6,4,0,11,5,7,3,2,8,6,1,10,0,3,8,1,6,2,5,4,7,7,3,4,5,2,6,0,10,1,8,0,3,2,7,8,5,12,1,6,4,10,1,3,6,2,8,7,0,5,4,4,2,5,6,8,7,3,1,0,10,2,5,10,8,0,6,3,7,1,4];[15,18,5,17,16,4,2,14,4,7,2,2,16,8,16,8,11,0,16,18,7,9,1,17,2,1,7,2,14,6,15,15,12,18,13,16,12,9,10,10,15,6,6,1,14,1,16,9,4,18,6,3,12,3,7,9,17,8,10,10,1,12,9,6,1,13,4,7,8,9,14,4,0,0,12,6,1,11,11,0,14,16,9,14,3,8,8,6,0,1,17,5,9,10,14,14,17,13,12,15,8,1,3,15,12,8,18,17,8,6,0,14,13,1,16,15,6,13,16,18,12,3,11,5,6,10,5,7,3,16,16,10,3,9,2,11,0,3,5,14,5,8,11,18,0,7,0,15,18,0];[[0.7966509679599704,7.966509679599704,1.0],[0.05862623274803458,0.5862623274803458,1.0],[0.7602397739740907,7.602397739740907,1.0],[0.8627037401845356,8.627037401845355,1.0],[0.09127403464611428,0.9127403464611428,1.0],[0.9024924365975527,9.024924365975528,1.0],[0.7858960565941281,7.858960565941281,1.0],[0.40667966546103385,4.0667966546103385,1.0],[0.37447264465852026,3.7447264465852026,1.0],[0.6490262282913547,6.490262282913547,1.0],[0.40092466608569977,4.009246660856998,1.0],[0.5721109226277574,5.721109226277575,1.0],[0.6077930620255084,6.077930620255084,1.0],[0.05072389565884072,0.5072389565884072,1.0],[0.7370880093375713,7.370880093375714,1.0],[0.708486383757228,7.08486383757228,1.0],[0.9221724532030824,9.221724532030823,1.0],[0.7149390332589045,7.149390332589045,1.0],[0.6557724968554814,6.5577249685548145,1.0]]
4_ChambersBarnes_10_workers.fjs;2223.9476987038074;472920;[79,173,430,631,704,737,777,815,908,982,75,93,329,405,447,662,761,777,815,888,0,46,130,340,503,699,778,834,918,961,129,192,234,340,590,657,777,796,898,908,0,162,355,391,611,704,778,807,846,923,0,102,152,255,322,385,538,866,908,982,0,75,172,235,332,737,745,846,922,963,235,299,397,498,542,628,662,730,740,990,0,63,102,205,234,415,464,612,834,932,0,172,369,470,531,611,631,739,824,898,88,246,439,498,525,550,635,739,777,918,0,181,366,439,518,576,590,850,908,1010,0,75,130,205,322,391,470,562,654,745,36,222,322,503,576,647,790,867,922,1010,196,229,255,300,355,405,527,722,824,876];[7,11,0,6,4,8,2,5,1,3,6,8,3,0,1,4,5,11,2,7,1,3,5,4,0,2,6,8,11,7,1,7,4,6,5,0,8,3,9,2,7,2,8,5,1,6,3,0,11,4,8,0,4,5,12,1,7,6,3,2,6,2,8,1,11,4,7,0,5,3,8,7,5,3,2,4,11,1,0,6,4,0,11,5,7,3,2,8,6,1,9,0,3,8,1,6,2,5,4,7,7,3,4,5,2,6,0,11,1,8,0,3,2,7,8,5,12,1,6,4,10,1,3,6,2,8,7,0,5,4,4,2,5,6,8,7,3,1,0,12,2,5,11,8,0,6,3,7,1,4];[15,10,5,12,13,13,11,12,8,12,8,15,4,8,7,5,5,12,16,18,7,1,6,1,2,0,7,1,0,6,2,14,1,9,5,1,5,4,15,10,15,0,15,14,15,6,16,9,2,13,12,9,8,11,7,11,17,8,18,9,6,13,9,8,13,15,1,7,15,9,16,0,18,17,12,13,16,11,18,0,10,16,5,16,2,16,12,9,0,8,18,15,5,10,14,14,10,17,17,4,12,15,1,15,12,4,3,14,17,2,3,7,1,0,9,2,6,13,16,5,4,3,11,6,11,10,11,7,14,10,16,13,6,5,10,18,5,15,5,12,11,17,4,3,6,15,0,2,5,3];[[0.5209484070219088,5.209484070219088,1.0],[0.42125020101147315,4.212502010114731,1.0],[0.22094517308324657,2.2094517308324657,1.0],[0.13033708391670573,1.3033708391670573,1.0],[0.48395776843282956,4.839577684328296,1.0],[0.6260889663051598,6.260889663051597,1.0],[0.6211218319323739,6.21121831932374,1.0],[0.707277595965894,7.07277595965894,1.0],[0.43539590023548325,4.3539590023548325,1.0],[0.04809800715767443,0.4809800715767443,1.0],[0.2254847064342842,2.254847064342842,1.0],[0.788548045160999,7.88548045160999,1.0],[0.42108890435006496,4.21088904350065,1.0],[0.5652029481252892,5.6520294812528915,1.0],[0.6764042610645917,6.764042610645918,1.0],[0.7568325816320766,7.568325816320765,1.0],[0.16251102322256883,1.6251102322256883,1.0],[0.4662293326345085,4.662293326345085,1.0],[0.652658580109924,6.526585801099239,1.0]]
4_ChambersBarnes_10_workers.fjs;2366.9383972365154;3059688;[181,272,380,475,545,573,615,678,768,826,0,54,316,356,395,573,664,678,739,958,0,45,129,206,213,272,330,391,469,538,333,395,439,545,600,664,759,843,933,943,102,184,250,403,513,600,676,856,900,1066,0,54,98,460,528,796,860,993,1037,1065,18,97,187,250,333,431,439,564,782,933,124,218,309,410,653,739,776,946,992,1065,9,272,311,410,490,688,812,873,959,1004,0,98,214,309,664,784,873,936,971,1021,0,129,214,439,590,747,834,856,958,1004,103,356,513,590,694,768,782,860,877,1096,0,103,265,391,475,615,694,759,834,919,0,9,206,231,520,600,820,877,900,992,218,278,356,469,520,676,747,820,919,1021];[7,10,0,6,4,8,2,5,1,3,6,8,3,0,1,4,5,11,2,7,1,3,5,4,0,2,6,8,11,7,1,7,4,6,5,0,8,3,12,2,7,2,8,5,1,6,3,0,11,4,8,0,4,5,9,1,7,6,3,2,6,2,8,1,12,4,7,0,5,3,8,7,5,3,2,4,10,1,0,6,4,0,11,5,7,3,2,8,6,1,11,0,3,8,1,6,2,5,4,7,7,3,4,5,2,6,0,10,1,8,0,3,2,7,8,5,11,1,6,4,12,1,3,6,2,8,7,0,5,4,4,2,5,6,8,7,3,1,0,11,2,5,10,8,0,6,3,7,1,4];[15,2,1,1,17,8,11,17,16,7,16,18,16,6,16,5,0,3,0,18,15,1,16,1,2,13,9,2,8,6,15,0,7,18,1,8,5,15,4,4,15,4,12,17,9,18,16,18,12,7,12,5,7,0,13,4,10,17,11,10,4,13,9,3,7,15,3,7,7,9,3,4,5,17,12,12,3,13,10,0,3,1,12,8,10,2,12,11,14,1,10,0,7,4,1,14,17,11,9,3,9,6,5,15,15,4,8,1,11,18,12,14,2,0,11,15,9,13,16,16,6,0,11,9,9,10,5,13,14,3,11,14,14,16,14,13,2,13,1,13,8,16,4,5,4,7,10,15,14,5];[[0.49734142093980327,4.973414209398033,1.0],[0.35999045686025677,3.5999045686025677,1.0],[0.7220617567237175,7.220617567237175,1.0],[0.44672126724761885,4.4672126724761885,1.0],[0.4533596515962979,4.533596515962978,1.0],[0.025925678678183073,0.25925678678183073,1.0],[0.33490089376309407,3.3490089376309404,1.0],[0.4755440242737675,4.755440242737675,1.0],[0.45132356511490823,4.513235651149082,1.0],[0.08788974506102976,0.8788974506102976,1.0],[0.29509671683068217,2.9509671683068217,1.0],[0.33863234208051063,3.3863234208051063,1.0],[0.9020959027552419,9.020959027552419,1.0],[0.7173473735926632,7.173473735926632,1.0],[0.8986159167700656,8.986159167700656,1.0],[0.032997165944182005,0.32997165944182005,1.0],[0.2284682145918675,2.284682145918675,1.0],[0.5381470661357333,5.381470661357333,1.0],[0.06127510457974772,0.6127510457974772,1.0]]
4_ChambersBarnes_10_workers.fjs;2216.476881299184;695976;[176,185,254,348,415,444,515,706,796,1002,171,234,400,519,577,687,929,942,967,1033,0,45,266,369,417,674,729,808,879,918,45,185,266,457,572,669,757,782,879,889,225,304,335,391,417,512,584,629,669,782,56,366,444,499,572,669,760,934,976,1033,0,75,171,234,391,499,507,553,634,668,0,92,176,266,335,512,731,823,857,976,9,81,254,398,572,615,729,788,808,950,0,119,298,377,487,584,604,683,723,963,0,129,214,345,498,604,835,857,904,963,124,346,428,498,521,668,687,835,852,949,9,108,214,264,553,604,692,760,835,966,0,171,366,415,484,615,687,852,924,1015,0,26,53,120,476,639,710,850,876,904];[7,10,0,6,4,8,2,5,1,3,6,8,3,0,1,4,5,9,2,7,1,3,5,4,0,2,6,8,12,7,1,7,4,6,5,0,8,3,10,2,7,2,8,5,1,6,3,0,11,4,8,0,4,5,10,1,7,6,3,2,6,2,8,1,12,4,7,0,5,3,8,7,5,3,2,4,11,1,0,6,4,0,10,5,7,3,2,8,6,1,10,0,3,8,1,6,2,5,4,7,7,3,4,5,2,6,0,9,1,8,0,3,2,7,8,5,9,1,6,4,9,1,3,6,2,8,7,0,5,4,4,2,5,6,8,7,3,1,0,11,2,5,11,8,0,6,3,7,1,4];[15,2,5,7,4,13,2,1,3,7,12,7,16,13,13,8,11,12,14,18,15,1,18,11,2,12,7,9,14,6,2,13,0,9,10,5,5,14,4,10,15,13,2,17,15,0,16,11,6,18,14,15,1,6,1,11,15,8,18,3,13,12,9,17,8,13,18,7,10,9,10,18,0,1,13,9,6,1,18,4,3,0,11,0,6,9,2,16,0,16,11,16,14,18,8,14,3,3,4,0,8,6,11,15,12,0,8,2,2,6,10,14,18,7,3,16,9,13,13,5,0,13,10,9,11,14,10,13,3,10,0,1,8,6,17,8,18,7,9,6,1,14,7,5,16,7,18,15,15,5];[[0.4211249061401,4.211249061401,1.0],[0.9761073344853062,9.761073344853061,1.0],[0.6132800246752349,6.132800246752349,1.0],[0.6930423279788359,6.930423279788359,1.0],[0.5088628354481554,5.088628354481553,1.0],[0.18781156668551158,1.8781156668551158,1.0],[0.830121874145001,8.301218741450011,1.0],[0.8449241651217704,8.449241651217704,1.0],[0.20962821201639004,2.0962821201639006,1.0],[0.6505169872996391,6.505169872996391,1.0],[0.7003316191510263,7.003316191510263,1.0],[0.7150339547653067,7.150339547653068,1.0],[0.8091072451390076,8.091072451390076,1.0],[0.8451978833841938,8.451978833841938,1.0],[0.3695849781386673,3.695849781386673,1.0],[0.5056149902637381,5.056149902637381,1.0],[0.7206140757071586,7.206140757071586,1.0],[0.14319015826691817,1.4319015826691817,1.0],[0.026697115061789622,0.2669711506178962,1.0]]
4_ChambersBarnes_10_workers.fjs;2289.038449122597;2064852;[172,181,303,604,671,702,755,796,886,913,80,244,409,450,532,610,651,665,860,930,134,317,520,651,718,796,860,916,987,1025,180,271,310,402,459,520,603,765,884,930,0,105,141,185,243,459,552,603,642,784,76,130,182,242,309,462,592,760,862,996,0,141,385,658,741,869,877,958,1034,1068,0,181,310,450,520,749,784,852,887,998,10,185,221,404,452,495,698,796,819,994,0,64,267,317,366,533,636,698,812,939,79,184,267,596,617,671,777,852,942,989,0,64,228,311,527,665,692,861,916,1047,0,80,134,184,398,448,527,642,886,994,0,311,430,553,614,690,760,765,799,887,79,105,134,185,260,303,564,760,913,942];[7,9,0,6,4,8,2,5,1,3,6,8,3,0,1,4,5,10,2,7,1,3,5,4,0,2,6,8,9,7,1,7,4,6,5,0,8,3,12,2,7,2,8,5,1,6,3,0,11,4,8,0,4,5,10,1,7,6,3,2,6,2,8,1,11,4,7,0,5,3,8,7,5,3,2,4,12,1,0,6,4,0,10,5,7,3,2,8,6,1,12,0,3,8,1,6,2,5,4,7,7,3,4,5,2,6,0,12,1,8,0,3,2,7,8,5,10,1,6,4,10,1,3,6,2,8,7,0,5,4,4,2,5,6,8,7,3,1,0,10,2,5,12,8,0,6,3,7,1,4];[15,16,1,7,11,11,6,17,3,12,11,18,18,7,17,4,0,14,18,18,7,10,4,3,2,0,7,14,13,6,2,5,7,1,13,1,5,14,10,10,15,1,6,15,2,6,3,9,9,18,12,12,7,3,8,10,10,4,1,4,12,3,9,3,16,15,15,7,8,9,18,0,5,0,13,11,1,1,4,0,1,6,9,14,2,15,15,6,9,1,4,3,4,18,4,6,13,8,5,5,14,1,1,15,11,18,8,16,8,0,0,7,13,12,8,15,7,13,3,11,11,3,10,14,12,8,5,5,0,16,7,0,2,0,17,4,10,5,2,5,15,8,17,10,16,9,18,9,11,1];[[0.4831103964860096,4.831103964860096,1.0],[0.9021829992468611,9.02182999246861,1.0],[0.5374571935128641,5.374571935128642,1.0],[0.8761340971511191,8.761340971511192,1.0],[0.573156942708234,5.7315694270823405,1.0],[0.994523847851402,9.945238478514021,1.0],[0.3574465703190305,3.574465703190305,1.0],[0.6617299629663892,6.617299629663892,1.0],[0.4882872262788658,4.882872262788657,1.0],[0.5726412824777106,5.726412824777106,1.0],[0.32388398325139345,3.2388398325139347,1.0],[0.8072354510963532,8.072354510963532,1.0],[0.8087324055796944,8.087324055796945,1.0],[0.660852452150834,6.60852452150834,1.0],[0.5802577271631468,5.802577271631469,1.0],[0.04408639890691246,0.4408639890691246,1.0],[0.7725635994624831,7.725635994624831,1.0],[0.340181488474281,3.4018148847428096,1.0],[0.09506024617702258,0.9506024617702258,1.0]]
4_ChambersBarnes_10_workers.fjs;2218.5192570684558;2057520;[0,147,339,492,562,589,629,732,823,918,75,167,504,561,590,679,718,742,805,984,63,112,202,316,418,664,749,810,881,927,0,106,153,262,407,477,731,783,927,938,153,251,359,492,503,569,641,681,721,886,0,64,256,316,383,441,540,810,873,899,0,164,296,359,441,589,633,721,822,899,64,293,561,655,719,805,841,908,917,984,0,195,231,383,407,456,504,708,852,964,0,55,60,120,167,368,423,539,749,798,9,202,323,471,563,712,797,819,917,964,115,293,347,456,465,523,539,679,884,972,75,262,347,407,582,629,708,819,894,988,55,64,164,319,407,465,549,569,590,732,0,24,147,237,296,641,712,787,798,841];[7,12,0,6,4,8,2,5,1,3,6,8,3,0,1,4,5,10,2,7,1,3,5,4,0,2,6,8,11,7,1,7,4,6,5,0,8,3,11,2,7,2,8,5,1,6,3,0,9,4,8,0,4,5,11,1,7,6,3,2,6,2,8,1,9,4,7,0,5,3,8,7,5,3,2,4,10,1,0,6,4,0,9,5,7,3,2,8,6,1,11,0,3,8,1,6,2,5,4,7,7,3,4,5,2,6,0,12,1,8,0,3,2,7,8,5,10,1,6,4,12,1,3,6,2,8,7,0,5,4,4,2,5,6,8,7,3,1,0,11,2,5,10,8,0,6,3,7,1,4];[15,2,1,1,10,13,1,1,10,12,5,18,6,15,4,5,10,5,6,18,9,11,13,7,2,12,9,14,2,6,8,8,0,1,8,16,5,15,10,5,15,16,6,15,18,0,9,11,13,17,14,15,7,3,10,11,8,8,18,7,6,3,9,11,4,15,15,7,9,9,13,4,5,0,12,7,1,1,18,0,10,6,10,16,3,17,2,6,12,16,12,1,7,4,1,14,6,11,4,2,3,4,8,15,14,4,3,11,17,17,12,14,7,7,0,3,7,13,14,2,6,12,15,13,12,10,18,13,3,3,12,10,5,18,15,9,17,3,16,10,2,2,6,9,2,7,0,17,4,5];[[0.34661995661142697,3.4661995661142697,1.0],[0.2286410960833074,2.286410960833074,1.0],[0.012392470279078194,0.12392470279078194,1.0],[0.9308270259025113,9.308270259025113,1.0],[0.3225145761620236,3.225145761620236,1.0],[0.0006954578022455582,0.006954578022455582,1.0],[0.2097170717940725,2.097170717940725,1.0],[0.5179602272351016,5.179602272351016,1.0],[0.7628222106217201,7.6282221062172,1.0],[0.3089717897377221,3.089717897377221,1.0],[0.15113122452813788,1.5113122452813788,1.0],[0.07045772229012492,0.7045772229012492,1.0],[0.8725064026541692,8.725064026541693,1.0],[0.3074981421409557,3.074981421409557,1.0],[0.272859759997538,2.7285975999753798,1.0],[0.9838464878398866,9.838464878398867,1.0],[0.7385079487399623,7.385079487399623,1.0],[0.7690782380223464,7.690782380223464,1.0],[0.7347776517949599,7.347776517949599,1.0]]
4_ChambersBarnes_10_workers.fjs;2238.3899604355584;1177104;[0,9,133,212,450,618,772,843,933,992,70,126,240,282,307,501,560,752,899,1026,0,49,196,482,489,657,717,791,938,981,54,180,219,315,474,548,681,772,862,963,101,216,322,467,489,604,680,712,777,981,0,219,315,398,692,794,862,952,1009,1037,0,132,363,563,645,738,806,862,938,973,64,219,308,415,492,595,632,705,938,1005,0,64,103,171,357,447,715,772,883,958,45,106,194,256,400,502,595,657,681,752,9,332,415,539,578,680,752,806,856,907,0,133,251,322,426,572,712,777,794,917,99,184,282,370,453,492,571,639,712,849,35,45,276,453,578,675,743,749,774,862,0,23,54,196,307,522,604,743,907,935];[7,10,0,6,4,8,2,5,1,3,6,8,3,0,1,4,5,11,2,7,1,3,5,4,0,2,6,8,10,7,1,7,4,6,5,0,8,3,12,2,7,2,8,5,1,6,3,0,10,4,8,0,4,5,11,1,7,6,3,2,6,2,8,1,12,4,7,0,5,3,8,7,5,3,2,4,9,1,0,6,4,0,11,5,7,3,2,8,6,1,12,0,3,8,1,6,2,5,4,7,7,3,4,5,2,6,0,9,1,8,0,3,2,7,8,5,10,1,6,4,9,1,3,6,2,8,7,0,5,4,4,2,5,6,8,7,3,1,0,9,2,5,9,8,0,6,3,7,1,4];[15,5,1,1,16,4,2,8,14,7,11,11,8,8,1,10,6,0,5,18,9,1,3,1,2,13,9,1,7,6,3,9,13,18,4,5,12,15,11,10,15,14,16,1,1,1,6,11,3,12,6,9,13,7,6,11,15,8,8,8,4,2,9,11,8,13,10,7,9,9,2,7,0,11,7,12,14,1,18,0,1,18,17,0,6,10,15,11,4,1,16,6,8,11,6,6,13,12,5,8,8,15,15,15,12,4,3,8,9,0,12,10,16,2,3,2,7,13,4,4,14,12,10,2,12,8,10,7,12,3,16,0,15,18,7,0,14,4,5,5,0,3,14,18,6,9,0,0,1,0];[[0.8559393885152179,8.55939388515218,1.0],[0.8004839408308784,8.004839408308783,1.0],[0.5938433496209707,5.938433496209708,1.0],[0.8870093324131678,8.870093324131679,1.0],[0.741558169706834,7.4155816970683395,1.0],[0.8097670389513107,8.097670389513107,1.0],[0.2247324103169328,2.247324103169328,1.0],[0.9761818800633866,9.761818800633865,1.0],[0.6339038774096737,6.339038774096737,1.0],[0.5580285642552777,5.580285642552777,1.0],[0.4463526500656817,4.463526500656817,1.0],[0.28336462923826333,2.8336462923826335,1.0],[0.9019880415639555,9.019880415639555,1.0],[0.03268507148422006,0.32685071484220063,1.0],[0.4362825217209084,4.3628252172090844,1.0],[0.18851543397694082,1.8851543397694082,1.0],[0.9250090249429151,9.250090249429151,1.0],[0.9012349700248556,9.012349700248556,1.0],[0.12108560404704316,1.2108560404704316,1.0]]
4_ChambersBarnes_10_workers.fjs;2463.0061901716927;2802660;[0,9,91,169,404,605,686,776,939,1068,0,54,215,310,359,466,892,904,968,1102,0,48,185,397,489,550,728,849,1002,1057,48,185,246,342,711,807,928,980,1068,1078,106,267,471,575,582,656,768,895,939,1005,0,220,342,482,550,656,790,883,955,1033,18,125,213,276,359,458,523,600,904,1087,125,434,617,781,829,919,956,1023,1032,1102,10,334,397,550,676,720,768,829,932,1032,67,215,310,356,458,575,614,866,956,1005,9,132,215,271,410,536,575,617,824,939,0,256,310,387,408,467,703,807,968,1132,0,111,356,406,489,526,605,676,938,1033,0,10,109,489,647,720,814,871,939,1030,387,582,649,703,761,807,878,955,965,1085];[7,9,0,6,4,8,2,5,1,3,6,8,3,0,1,4,5,10,2,7,1,3,5,4,0,2,6,8,9,7,1,7,4,6,5,0,8,3,10,2,7,2,8,5,1,6,3,0,12,4,8,0,4,5,11,1,7,6,3,2,6,2,8,1,10,4,7,0,5,3,8,7,5,3,2,4,10,1,0,6,4,0,12,5,7,3,2,8,6,1,10,0,3,8,1,6,2,5,4,7,7,3,4,5,2,6,0,11,1,8,0,3,2,7,8,5,11,1,6,4,12,1,3,6,2,8,7,0,5,4,4,2,5,6,8,7,3,1,0,12,2,5,11,8,0,6,3,7,1,4];[15,9,9,6,7,8,2,1,18,12,16,0,14,14,16,8,6,8,6,18,10,1,15,1,2,0,9,14,7,6,8,13,13,18,6,18,8,9,4,13,15,1,18,15,1,0,17,18,7,18,12,1,1,0,5,4,8,16,0,8,18,0,9,16,17,13,10,7,10,9,10,7,5,16,5,12,1,1,11,4,14,9,18,6,7,7,12,13,6,1,11,1,5,0,17,14,14,9,4,2,3,1,12,15,9,15,18,6,17,2,11,14,2,6,1,16,16,13,5,17,6,18,10,2,13,8,12,18,14,3,17,17,14,4,15,10,4,11,16,14,12,13,6,12,13,7,1,17,8,3];[[0.5198238265685563,5.198238265685563,1.0],[0.9583988744400509,9.583988744400509,1.0],[0.3402956357666065,3.402956357666065,1.0],[0.7081849781179302,7.081849781179303,1.0],[0.9252189405445452,9.252189405445453,1.0],[0.05032666735654623,0.5032666735654623,1.0],[0.6613275461751585,6.613275461751585,1.0],[0.82711411373077,8.271141137307701,1.0],[0.8734961127808921,8.734961127808921,1.0],[0.5913019030238962,5.913019030238962,1.0],[0.11264722490163037,1.1264722490163037,1.0],[0.34477784983246407,3.4477784983246407,1.0],[0.011377599382669468,0.11377599382669468,1.0],[0.7909742881977946,7.909742881977946,1.0],[0.3277964015146908,3.277964015146908,1.0],[0.22222795698924247,2.2222795698924247,1.0],[0.14676573527209236,1.4676573527209236,1.0],[0.040648812187981,0.40648812187981,1.0],[0.14328037004549943,1.4328037004549943,1.0]]
4_ChambersBarnes_10_workers.fjs;2161.903694157994;1411680;[79,108,368,524,614,645,772,881,970,994,137,321,403,443,593,685,727,741,812,919,0,46,141,216,224,717,772,828,904,942,46,186,228,320,428,492,633,809,919,942,0,79,127,312,345,448,594,673,713,882,0,93,143,239,312,441,611,713,909,934,32,111,199,262,345,441,449,575,651,934,64,228,319,443,492,578,614,685,788,863,0,32,71,216,500,544,594,734,828,863,0,88,357,403,503,629,651,741,765,860,88,214,320,407,428,593,651,673,741,904,143,297,357,428,578,692,727,839,912,997,0,109,163,214,300,451,543,713,788,936,205,215,503,649,698,734,804,814,863,956,0,109,137,262,321,377,473,713,788,817];[7,9,0,6,4,8,2,5,1,3,6,8,3,0,1,4,5,12,2,7,1,3,5,4,0,2,6,8,9,7,1,7,4,6,5,0,8,3,12,2,7,2,8,5,1,6,3,0,10,4,8,0,4,5,9,1,7,6,3,2,6,2,8,1,11,4,7,0,5,3,8,7,5,3,2,4,10,1,0,6,4,0,11,5,7,3,2,8,6,1,9,0,3,8,1,6,2,5,4,7,7,3,4,5,2,6,0,11,1,8,0,3,2,7,8,5,11,1,6,4,12,1,3,6,2,8,7,0,5,4,4,2,5,6,8,7,3,1,0,10,2,5,10,8,0,6,3,7,1,4];[15,12,5,17,8,18,18,8,9,7,2,0,4,4,13,9,10,0,18,18,7,4,11,18,2,12,7,1,13,6,2,14,7,1,12,1,12,11,15,10,15,8,9,14,3,18,17,4,3,18,14,7,6,6,13,11,0,17,7,3,12,0,9,16,11,13,5,7,15,9,5,4,9,0,12,9,1,13,16,4,12,16,14,13,2,5,15,13,15,16,18,15,8,10,8,14,5,1,17,15,17,1,4,15,17,18,8,17,10,5,7,8,16,2,12,3,9,13,1,2,6,3,13,0,2,14,3,14,0,16,10,12,11,12,11,11,4,12,12,14,17,2,10,10,5,7,0,7,8,10];[[0.18019241848515155,1.8019241848515155,1.0],[0.48736227300275514,4.873622730027551,1.0],[0.07759170039841756,0.7759170039841756,1.0],[0.5225667244081349,5.2256672440813485,1.0],[0.9196433340252647,9.196433340252646,1.0],[0.8762509611803474,8.762509611803473,1.0],[0.5029695910906639,5.029695910906638,1.0],[0.8160267976375112,8.160267976375112,1.0],[0.8059112000327816,8.059112000327817,1.0],[0.2140591090540045,2.140591090540045,1.0],[0.08805821114486456,0.8805821114486456,1.0],[0.20329737064426556,2.0329737064426556,1.0],[0.5837360924329463,5.837360924329463,1.0],[0.6737333796339059,6.737333796339059,1.0],[0.1608013027204077,1.6080130272040771,1.0],[0.7465026683932527,7.465026683932527,1.0],[0.5706715087422025,5.706715087422025,1.0],[0.4637998194614905,4.637998194614905,1.0],[0.510707169665419,5.10707169665419,1.0]]
5_Kacem_3_workers.fjs;14.893994090917536;4657944;[3,4,5,0,2,3,0,1,5,0,1,5,0,2,3,0,3,5,2,3,4,0,2,5,1,2,3,0,1,2];[0,2,3,0,3,5,9,7,6,6,9,9,8,8,3,5,8,8,0,2,4,4,1,1,2,6,6,2,6,7];[3,0,0,8,4,9,9,3,2,0,6,8,13,9,11,11,5,12,7,10,1,1,12,11,2,1,2,12,4,14];[[0.7773566427005639,7.7735664270056395,1.0],[0.6698255595592497,6.698255595592498,1.0],[0.09913960392481702,0.9913960392481702,1.0],[0.35297051119014544,3.529705111901454,1.0],[0.4679077429008419,4.679077429008419,1.0],[0.5346837414708775,5.346837414708775,1.0],[0.9783090609123973,9.783090609123974,1.0],[0.13031535015865903,1.3031535015865903,1.0],[0.6712434682302663,6.712434682302662,1.0],[0.36422941594737557,3.6422941594737557,1.0],[0.48883570716198577,4.888357071619858,1.0],[0.20301221073405373,2.0301221073405373,1.0],[0.6661983755713592,6.661983755713592,1.0],[0.2276630312069321,2.276630312069321,1.0],[0.4580640582967631,4.580640582967631,1.0]]
5_Kacem_3_workers.fjs;18.88933823122548;4641180;[1,2,3,0,5,6,0,1,2,0,4,6,2,6,7,1,4,6,0,1,5,0,2,6,1,2,4,0,2,6];[0,1,9,3,3,2,9,7,7,8,1,3,5,8,3,8,8,6,0,2,4,4,6,5,5,2,7,5,0,1];[2,0,6,11,7,12,5,6,10,12,5,4,12,9,10,5,14,6,14,7,3,4,13,11,1,9,1,1,3,7];[[0.7966509679599704,7.966509679599704,1.0],[0.05862623274803458,0.5862623274803458,1.0],[0.7602397739740907,7.602397739740907,1.0],[0.8627037401845356,8.627037401845355,1.0],[0.09127403464611428,0.9127403464611428,1.0],[0.9024924365975527,9.024924365975528,1.0],[0.7858960565941281,7.858960565941281,1.0],[0.40667966546103385,4.0667966546103385,1.0],[0.37447264465852026,3.7447264465852026,1.0],[0.6490262282913547,6.490262282913547,1.0],[0.40092466608569977,4.009246660856998,1.0],[0.5721109226277574,5.721109226277575,1.0],[0.6077930620255084,6.077930620255084,1.0],[0.05072389565884072,0.5072389565884072,1.0],[0.7370880093375713,7.370880093375714,1.0]]
5_Kacem_3_workers.fjs;16.862099479125106;3014292;[0,2,4,0,4,5,1,5,6,0,1,5,1,3,6,0,4,6,0,2,4,0,3,6,1,2,4,0,2,3];[6,1,3,9,9,2,5,3,6,8,0,9,8,8,3,4,8,8,0,7,4,3,1,1,2,2,7,5,6,6];[11,9,11,3,4,13,2,14,6,12,8,8,13,9,14,7,9,12,14,11,7,6,0,3,14,1,1,0,4,5];[[0.5209484070219088,5.209484070219088,1.0],[0.42125020101147315,4.212502010114731,1.0],[0.22094517308324657,2.2094517308324657,1.0],[0.13033708391670573,1.3033708391670573,1.0],[0.48395776843282956,4.839577684328296,1.0],[0.6260889663051598,6.260889663051597,1.0],[0.6211218319323739,6.21121831932374,1.0],[0.707277595965894,7.07277595965894,1.0],[0.43539590023548325,4.3539590023548325,1.0],[0.04809800715767443,0.4809800715767443,1.0],[0.2254847064342842,2.254847064342842,1.0],[0.788548045160999,7.88548045160999,1.0],[0.42108890435006496,4.21088904350065,1.0],[0.5652029481252892,5.6520294812528915,1.0],[0.6764042610645917,6.764042610645918,1.0]]
5_Kacem_3_workers.fjs;19.265141975559516;742320;[2,5,6,1,4,6,0,1,7,0,6,8,0,2,4,3,6,8,0,1,7,0,2,5,0,1,2,0,1,5];[6,1,0,0,3,2,9,5,6,3,1,3,8,8,6,8,8,8,0,2,5,4,1,4,5,6,2,2,7,3];[8,9,14,10,1,13,9,12,2,1,3,3,3,9,7,2,9,12,0,7,6,11,11,4,2,5,13,12,14,11];[[0.49734142093980327,4.973414209398033,1.0],[0.35999045686025677,3.5999045686025677,1.0],[0.7220617567237175,7.220617567237175,1.0],[0.44672126724761885,4.4672126724761885,1.0],[0.4533596515962979,4.533596515962978,1.0],[0.025925678678183073,0.25925678678183073,1.0],[0.33490089376309407,3.3490089376309404,1.0],[0.4755440242737675,4.755440242737675,1.0],[0.45132356511490823,4.513235651149082,1.0],[0.08788974506102976,0.8788974506102976,1.0],[0.29509671683068217,2.9509671683068217,1.0],[0.33863234208051063,3.3863234208051063,1.0],[0.9020959027552419,9.020959027552419,1.0],[0.7173473735926632,7.173473735926632,1.0],[0.8986159167700656,8.986159167700656,1.0]]
5_Kacem_3_workers.fjs;14.833185970288799;1010568;[0,1,3,1,3,4,0,1,4,0,1,4,0,2,3,1,3,5,0,4,5,0,2,5,0,3,4,0,1,2];[0,1,0,0,9,9,9,7,7,6,2,3,8,8,3,5,8,6,3,2,3,4,1,1,5,6,5,2,6,4];[11,0,6,5,4,2,5,8,14,10,2,1,12,9,14,4,3,9,13,4,4,14,11,12,4,5,13,9,9,7];[[0.4211249061401,4.211249061401,1.0],[0.9761073344853062,9.761073344853061,1.0],[0.6132800246752349,6.132800246752349,1.0],[0.6930423279788359,6.930423279788359,1.0],[0.5088628354481554,5.088628354481553,1.0],[0.18781156668551158,1.8781156668551158,1.0],[0.830121874145001,8.301218741450011,1.0],[0.8449241651217704,8.449241651217704,1.0],[0.20962821201639004,2.0962821201639006,1.0],[0.6505169872996391,6.505169872996391,1.0],[0.7003316191510263,7.003316191510263,1.0],[0.7150339547653067,7.150339547653068,1.0],[0.8091072451390076,8.091072451390076,1.0],[0.8451978833841938,8.451978833841938,1.0],[0.3695849781386673,3.695849781386673,1.0]]
5_Kacem_3_workers.fjs;16.858784408129377;4225956;[0,2,4,0,4,5,3,4,5,0,1,3,1,3,6,0,2,5,0,3,6,0,3,6,1,4,5,0,1,4];[0,2,0,6,9,2,9,7,7,8,1,3,8,8,3,5,5,6,3,2,5,4,1,1,2,6,5,2,0,3];[11,1,0,14,5,12,5,7,7,6,2,4,3,9,11,9,12,1,5,7,6,4,8,14,6,14,13,12,13,11];[[0.4831103964860096,4.831103964860096,1.0],[0.9021829992468611,9.02182999246861,1.0],[0.5374571935128641,5.374571935128642,1.0],[0.8761340971511191,8.761340971511192,1.0],[0.573156942708234,5.7315694270823405,1.0],[0.994523847851402,9.945238478514021,1.0],[0.3574465703190305,3.574465703190305,1.0],[0.6617299629663892,6.617299629663892,1.0],[0.4882872262788658,4.882872262788657,1.0],[0.5726412824777106,5.726412824777106,1.0],[0.32388398325139345,3.2388398325139347,1.0],[0.8072354510963532,8.072354510963532,1.0],[0.8087324055796944,8.087324055796945,1.0],[0.660852452150834,6.60852452150834,1.0],[0.5802577271631468,5.802577271631469,1.0]]
5_Kacem_3_workers.fjs;15.667413653214808;4948776;[0,1,2,0,4,5,0,1,2,0,1,5,0,5,6,1,3,6,1,4,5,0,2,5,3,5,6,0,1,2];[0,1,0,2,3,9,9,7,7,8,9,3,6,8,3,5,8,6,0,2,2,4,1,1,5,6,5,5,3,4];[11,4,11,13,3,2,3,9,12,6,1,1,10,9,10,8,9,12,14,13,6,12,14,3,6,12,13,9,2,7];[[0.34661995661142697,3.4661995661142697,1.0],[0.2286410960833074,2.286410960833074,1.0],[0.012392470279078194,0.12392470279078194,1.0],[0.9308270259025113,9.308270259025113,1.0],[0.3225145761620236,3.225145761620236,1.0],[0.0006954578022455582,0.006954578022455582,1.0],[0.2097170717940725,2.097170717940725,1.0],[0.5179602272351016,5.179602272351016,1.0],[0.7628222106217201,7.6282221062172,1.0],[0.3089717897377221,3.089717897377221,1.0],[0.15113122452813788,1.5113122452813788,1.0],[0.07045772229012492,0.7045772229012492,1.0],[0.8725064026541692,8.725064026541693,1.0],[0.3074981421409557,3.074981421409557,1.0],[0.272859759997538,2.7285975999753798,1.0]]
5_Kacem_3_workers.fjs;16.891333052317638;3343032;[0,2,5,0,2,4,0,4,5,0,3,6,1,3,6,1,4,6,2,3,4,0,2,6,0,1,3,0,1,3];[6,1,3,0,3,2,9,7,7,8,1,9,8,8,3,5,8,6,0,2,4,4,9,1,5,2,6,2,3,3];[0,11,12,1,7,13,9,9,9,8,7,7,5,9,13,9,5,2,2,5,4,13,14,14,2,6,2,12,2,1];[[0.8559393885152179,8.55939388515218,1.0],[0.8004839408308784,8.004839408308783,1.0],[0.5938433496209707,5.938433496209708,1.0],[0.8870093324131678,8.870093324131679,1.0],[0.741558169706834,7.4155816970683395,1.0],[0.8097670389513107,8.097670389513107,1.0],[0.2247324103169328,2.247324103169328,1.0],[0.9761818800633866,9.761818800633865,1.0],[0.6339038774096737,6.339038774096737,1.0],[0.5580285642552777,5.580285642552777,1.0],[0.4463526500656817,4.463526500656817,1.0],[0.28336462923826333,2.8336462923826335,1.0],[0.9019880415639555,9.019880415639555,1.0],[0.03268507148422006,0.32685071484220063,1.0],[0.4362825217209084,4.3628252172090844,1.0]]
5_Kacem_3_workers.fjs;17.10370464004705;4055004;[0,1,4,0,4,5,0,3,6,0,1,4,1,3,7,0,4,6,0,4,5,0,3,6,0,5,6,2,4,5];[0,3,0,2,6,2,7,4,6,8,1,7,8,8,3,5,8,8,6,2,5,4,1,1,9,6,5,5,3,3];[0,2,9,8,3,12,14,7,6,6,4,8,13,9,11,7,5,2,3,12,6,12,10,10,11,3,13,1,2,11];[[0.5198238265685563,5.198238265685563,1.0],[0.9583988744400509,9.583988744400509,1.0],[0.3402956357666065,3.402956357666065,1.0],[0.7081849781179302,7.081849781179303,1.0],[0.9252189405445452,9.252189405445453,1.0],[0.05032666735654623,0.5032666735654623,1.0],[0.6613275461751585,6.613275461751585,1.0],[0.82711411373077,8.271141137307701,1.0],[0.8734961127808921,8.734961127808921,1.0],[0.5913019030238962,5.913019030238962,1.0],[0.11264722490163037,1.1264722490163037,1.0],[0.34477784983246407,3.4477784983246407,1.0],[0.011377599382669468,0.11377599382669468,1.0],[0.7909742881977946,7.909742881977946,1.0],[0.3277964015146908,3.277964015146908,1.0]]
5_Kacem_3_workers.fjs;15.272979404730174;4892496;[0,1,2,0,4,5,0,1,3,0,3,6,1,3,4,0,4,6,1,2,5,0,2,5,0,1,3,2,3,4];[0,1,3,6,9,9,9,9,7,8,2,3,8,8,3,5,8,8,0,0,5,4,1,1,2,2,5,5,3,6];[0,13,10,6,4,2,3,3,14,12,12,4,5,9,11,4,8,12,7,7,6,1,1,0,2,9,13,8,2,5];[[0.18019241848515155,1.8019241848515155,1.0],[0.48736227300275514,4.873622730027551,1.0],[0.07759170039841756,0.7759170039841756,1.0],[0.5225667244081349,5.2256672440813485,1.0],[0.9196433340252647,9.196433340252646,1.0],[0.8762509611803474,8.762509611803473,1.0],[0.5029695910906639,5.029695910906638,1.0],[0.8160267976375112,8.160267976375112,1.0],[0.8059112000327816,8.059112000327817,1.0],[0.2140591090540045,2.140591090540045,1.0],[0.08805821114486456,0.8805821114486456,1.0],[0.20329737064426556,2.0329737064426556,1.0],[0.5837360924329463,5.837360924329463,1.0],[0.6737333796339059,6.737333796339059,1.0],[0.1608013027204077,1.6080130272040771,1.0]]
5_Kacem_4_workers.fjs;32.62000314117165;2364660;[4,6,7,10,0,2,7,14,0,9,10,12,0,4,9,12,0,3,7,9,2,5,5,10,1,7,12,14,2,5,7,13,2,5,7,11,0,2,8,14,0,2,8,12,0,4,7,12,0,3,5,12,0,2,5,7];[0,0,2,5,3,5,5,3,6,6,1,7,5,4,9,8,2,1,6,4,2,0,4,8,6,7,3,0,9,2,3,9,6,7,1,9,8,4,7,1,9,3,2,6,0,9,9,1,1,8,8,4,7,7,5,0];[13,3,3,10,12,1,4,9,11,0,6,14,0,7,11,7,6,11,2,1,8,12,8,0,11,11,8,0,5,14,12,5,10,0,13,5,1,3,8,3,14,6,3,4,4,9,0,1,7,12,10,11,9,0,4,9];[[0.7773566427005639,7.7735664270056395,1.0],[0.6698255595592497,6.698255595592498,1.0],[0.09913960392481702,0.9913960392481702,1.0],[0.35297051119014544,3.529705111901454,1.0],[0.4679077429008419,4.679077429008419,1.0],[0.5346837414708775,5.346837414708775,1.0],[0.9783090609123973,9.783090609123974,1.0],[0.13031535015865903,1.3031535015865903,1.0],[0.6712434682302663,6.712434682302662,1.0],[0.36422941594737557,3.6422941594737557,1.0],[0.48883570716198577,4.888357071619858,1.0],[0.20301221073405373,2.0301221073405373,1.0],[0.6661983755713592,6.661983755713592,1.0],[0.2276630312069321,2.276630312069321,1.0],[0.4580640582967631,4.580640582967631,1.0]]
5_Kacem_4_workers.fjs;34.54800435228695;2883888;[0,1,4,9,0,2,11,14,2,8,11,14,0,2,3,7,2,4,7,12,12,14,4,14,0,1,8,14,0,2,5,11,4,5,12,14,1,2,8,10,2,4,8,12,0,2,4,11,4,9,11,13,0,2,4,11];[0,0,2,5,3,6,9,7,1,6,2,3,1,4,5,3,2,3,1,3,9,0,5,8,6,3,0,1,2,0,9,4,9,2,8,9,6,5,8,8,7,4,4,6,9,9,7,0,8,1,7,5,7,8,0,1];[9,10,5,3,12,9,11,13,10,14,4,14,2,3,11,7,4,3,3,13,2,12,8,11,13,0,9,2,1,12,6,0,6,5,9,9,3,14,2,12,7,14,11,7,6,13,4,14,0,14,6,10,11,5,12,5];[[0.7966509679599704,7.966509679599704,1.0],[0.05862623274803458,0.5862623274803458,1.0],[0.7602397739740907,7.602397739740907,1.0],[0.8627037401845356,8.627037401845355,1.0],[0.09127403464611428,0.9127403464611428,1.0],[0.9024924365975527,9.024924365975528,1.0],[0.7858960565941281,7.858960565941281,1.0],[0.40667966546103385,4.0667966546103385,1.0],[0.37447264465852026,3.7447264465852026,1.0],[0.6490262282913547,6.490262282913547,1.0],[0.40092466608569977,4.009246660856998,1.0],[0.5721109226277574,5.721109226277575,1.0],[0.6077930620255084,6.077930620255084,1.0],[0.05072389565884072,0.5072389565884072,1.0],[0.7370880093375713,7.370880093375714,1.0]]
5_Kacem_4_workers.fjs;30.584111679300836;4884036;[2,4,9,10,0,1,7,11,2,4,9,13,0,3,5,7,2,5,9,11,0,11,1,5,1,4,5,10,0,2,5,10,0,4,10,12,2,4,7,9,0,5,10,12,0,5,7,10,0,2,5,7,0,3,5,7];[6,0,2,9,6,2,7,4,7,6,1,3,5,4,2,4,3,1,6,3,3,0,9,4,6,7,3,0,9,0,6,7,8,8,2,1,5,5,2,4,4,0,8,6,1,9,9,5,0,1,7,3,7,2,5,5];[2,1,8,4,13,6,1,11,4,14,6,14,9,3,2,7,12,12,2,13,8,1,13,5,10,8,14,14,5,5,6,5,0,3,0,8,7,7,8,3,3,0,10,12,14,9,9,7,2,11,11,11,11,9,4,13];[[0.5209484070219088,5.209484070219088,1.0],[0.42125020101147315,4.212502010114731,1.0],[0.22094517308324657,2.2094517308324657,1.0],[0.13033708391670573,1.3033708391670573,1.0],[0.48395776843282956,4.839577684328296,1.0],[0.6260889663051598,6.260889663051597,1.0],[0.6211218319323739,6.21121831932374,1.0],[0.707277595965894,7.07277595965894,1.0],[0.43539590023548325,4.3539590023548325,1.0],[0.04809800715767443,0.4809800715767443,1.0],[0.2254847064342842,2.254847064342842,1.0],[0.788548045160999,7.88548045160999,1.0],[0.42108890435006496,4.21088904350065,1.0],[0.5652029481252892,5.6520294812528915,1.0],[0.6764042610645917,6.764042610645918,1.0]]
5_Kacem_4_workers.fjs;32.31666674160163;4283724;[2,3,6,7,0,2,4,5,2,3,4,9,0,3,6,11,0,5,9,11,8,12,3,7,1,3,6,8,1,4,9,13,0,3,7,9,0,5,11,13,0,2,9,11,0,2,5,7,0,2,7,12,0,4,9,11];[0,1,2,5,3,9,9,7,1,6,6,3,5,5,5,9,2,8,1,3,1,0,0,1,3,3,3,7,9,1,6,9,9,7,2,0,8,5,2,1,7,4,8,5,1,8,9,4,0,2,9,4,6,0,2,1];[3,8,9,13,12,13,8,13,2,1,11,14,1,3,7,2,14,2,10,0,8,10,10,8,0,6,14,7,12,12,5,6,13,0,0,9,5,7,13,10,8,14,4,4,9,7,4,12,4,9,6,7,6,5,1,8];[[0.49734142093980327,4.973414209398033,1.0],[0.35999045686025677,3.5999045686025677,1.0],[0.7220617567237175,7.220617567237175,1.0],[0.44672126724761885,4.4672126724761885,1.0],[0.4533596515962979,4.533596515962978,1.0],[0.025925678678183073,0.25925678678183073,1.0],[0.33490089376309407,3.3490089376309404,1.0],[0.4755440242737675,4.755440242737675,1.0],[0.45132356511490823,4.513235651149082,1.0],[0.08788974506102976,0.8788974506102976,1.0],[0.29509671683068217,2.9509671683068217,1.0],[0.33863234208051063,3.3863234208051063,1.0],[0.9020959027552419,9.020959027552419,1.0],[0.7173473735926632,7.173473735926632,1.0],[0.8986159167700656,8.986159167700656,1.0]]
5_Kacem_4_workers.fjs;27.64752298825861;4486632;[0,5,6,7,5,7,9,11,0,1,2,10,0,2,7,10,0,2,7,9,6,7,0,12,0,4,5,8,0,1,3,10,1,2,6,9,3,4,7,11,0,3,8,10,0,4,7,9,0,3,5,7,2,5,7,10];[0,1,2,5,6,2,9,7,6,6,2,3,5,5,6,8,8,3,1,2,1,0,2,1,3,7,3,0,9,0,8,9,9,9,9,1,0,5,7,1,4,4,8,6,7,0,9,0,1,1,7,4,6,5,3,4];[8,8,3,9,6,12,7,10,11,6,7,14,12,12,11,11,6,14,14,12,12,10,13,8,7,11,1,0,10,2,2,6,9,9,10,10,5,4,5,8,1,0,4,7,4,13,8,1,0,10,11,1,6,7,3,3];[[0.4211249061401,4.211249061401,1.0],[0.9761073344853062,9.761073344853061,1.0],[0.6132800246752349,6.132800246752349,1.0],[0.6930423279788359,6.930423279788359,1.0],[0.5088628354481554,5.088628354481553,1.0],[0.18781156668551158,1.8781156668551158,1.0],[0.830121874145001,8.301218741450011,1.0],[0.8449241651217704,8.449241651217704,1.0],[0.20962821201639004,2.0962821201639006,1.0],[0.6505169872996391,6.505169872996391,1.0],[0.7003316191510263,7.003316191510263,1.0],[0.7150339547653067,7.150339547653068,1.0],[0.8091072451390076,8.091072451390076,1.0],[0.8451978833841938,8.451978833841938,1.0],[0.3695849781386673,3.695849781386673,1.0]]
5_Kacem_4_workers.fjs;37.32043926843459;4747044;[0,1,2,10,1,4,6,15,0,4,10,14,0,7,8,14,0,7,11,14,6,10,5,13,0,1,10,14,0,2,5,14,2,4,10,11,1,4,10,16,2,4,10,15,0,6,10,14,2,5,10,15,0,2,5,8];[0,1,4,5,6,9,1,3,9,6,0,7,3,4,9,8,8,5,1,5,0,6,3,1,6,8,2,1,2,1,8,9,6,2,9,9,0,0,3,1,7,7,7,6,5,9,8,0,0,6,4,4,7,2,5,4];[1,13,11,14,0,13,6,0,14,0,8,2,7,3,11,7,10,5,4,12,13,11,12,5,13,6,7,9,12,12,8,10,5,1,3,1,5,2,0,8,0,14,10,4,9,9,12,1,2,0,13,3,11,4,4,3];[[0.4831103964860096,4.831103964860096,1.0],[0.9021829992468611,9.02182999246861,1.0],[0.5374571935128641,5.374571935128642,1.0],[0.8761340971511191,8.761340971511192,1.0],[0.573156942708234,5.7315694270823405,1.0],[0.994523847851402,9.945238478514021,1.0],[0.3574465703190305,3.574465703190305,1.0],[0.6617299629663892,6.617299629663892,1.0],[0.4882872262788658,4.882872262788657,1.0],[0.5726412824777106,5.726412824777106,1.0],[0.32388398325139345,3.2388398325139347,1.0],[0.8072354510963532,8.072354510963532,1.0],[0.8087324055796944,8.087324055796945,1.0],[0.660852452150834,6.60852452150834,1.0],[0.5802577271631468,5.802577271631469,1.0]]
5_Kacem_4_workers.fjs;32.40552390767589;2171172;[0,6,8,9,2,7,9,13,0,4,5,10,0,4,5,12,0,2,8,12,0,11,9,12,3,4,8,10,0,1,3,10,1,3,12,13,0,2,3,8,0,3,10,12,0,3,6,10,3,6,8,10,5,9,11,13];[0,0,2,2,3,9,9,7,7,6,2,7,6,4,4,8,2,9,6,3,3,0,0,4,6,8,3,0,9,0,5,9,9,7,9,9,8,5,2,8,4,3,8,6,1,0,1,1,1,8,7,4,6,5,5,1];[12,10,0,11,12,13,5,9,14,6,11,9,7,7,7,8,13,9,8,6,8,12,13,5,7,12,9,0,10,5,3,6,11,4,0,0,3,4,8,1,1,0,13,12,2,14,2,3,1,1,10,5,8,14,4,10];[[0.34661995661142697,3.4661995661142697,1.0],[0.2286410960833074,2.286410960833074,1.0],[0.012392470279078194,0.12392470279078194,1.0],[0.9308270259025113,9.308270259025113,1.0],[0.3225145761620236,3.225145761620236,1.0],[0.0006954578022455582,0.006954578022455582,1.0],[0.2097170717940725,2.097170717940725,1.0],[0.5179602272351016,5.179602272351016,1.0],[0.7628222106217201,7.6282221062172,1.0],[0.3089717897377221,3.089717897377221,1.0],[0.15113122452813788,1.5113122452813788,1.0],[0.07045772229012492,0.7045772229012492,1.0],[0.8725064026541692,8.725064026541693,1.0],[0.3074981421409557,3.074981421409557,1.0],[0.272859759997538,2.7285975999753798,1.0]]
5_Kacem_4_workers.fjs;29.979169939299528;4904268;[0,2,4,5,0,2,7,8,0,1,7,9,1,5,10,12,0,1,4,7,6,9,2,13,0,2,5,11,0,3,6,10,2,4,6,9,2,6,10,12,2,4,9,11,1,3,6,10,0,2,6,8,0,4,6,8];[6,1,2,2,9,2,9,7,1,8,1,7,4,4,2,9,8,5,6,3,1,0,4,1,3,3,3,1,2,1,6,3,6,7,9,1,0,4,8,6,7,0,5,5,9,9,8,0,0,8,7,9,7,8,5,4];[11,2,10,9,5,12,14,1,0,3,5,2,0,7,5,11,13,1,13,0,1,12,4,7,7,10,10,7,12,3,6,13,8,0,3,7,7,7,9,6,6,12,10,4,13,9,8,0,14,0,2,14,9,8,4,3];[[0.8559393885152179,8.55939388515218,1.0],[0.8004839408308784,8.004839408308783,1.0],[0.5938433496209707,5.938433496209708,1.0],[0.8870093324131678,8.870093324131679,1.0],[0.741558169706834,7.4155816970683395,1.0],[0.8097670389513107,8.097670389513107,1.0],[0.2247324103169328,2.247324103169328,1.0],[0.9761818800633866,9.761818800633865,1.0],[0.6339038774096737,6.339038774096737,1.0],[0.5580285642552777,5.580285642552777,1.0],[0.4463526500656817,4.463526500656817,1.0],[0.28336462923826333,2.8336462923826335,1.0],[0.9019880415639555,9.019880415639555,1.0],[0.03268507148422006,0.32685071484220063,1.0],[0.4362825217209084,4.3628252172090844,1.0]]
5_Kacem_4_workers.fjs;32.412958948287205;4687128;[1,4,8,10,0,1,7,10,0,3,5,8,3,5,9,10,2,6,11,13,7,13,2,8,0,5,6,11,0,2,6,10,1,3,6,10,0,6,9,12,0,2,7,13,4,6,9,13,0,4,6,13,0,4,7,11];[0,0,2,9,3,3,9,3,6,8,1,9,1,5,5,8,8,4,6,3,1,0,2,1,5,7,8,5,2,0,6,7,6,7,2,0,0,9,2,8,7,4,5,6,9,0,1,1,1,8,7,4,9,2,3,4];[14,10,8,14,12,5,14,0,11,6,14,3,2,2,10,7,6,13,6,6,8,1,13,9,7,10,1,0,6,12,0,5,8,4,6,4,5,4,8,2,1,9,10,7,0,7,12,12,4,1,3,11,0,11,4,3];[[0.5198238265685563,5.198238265685563,1.0],[0.9583988744400509,9.583988744400509,1.0],[0.3402956357666065,3.402956357666065,1.0],[0.7081849781179302,7.081849781179303,1.0],[0.9252189405445452,9.252189405445453,1.0],[0.05032666735654623,0.5032666735654623,1.0],[0.6613275461751585,6.613275461751585,1.0],[0.82711411373077,8.271141137307701,1.0],[0.8734961127808921,8.734961127808921,1.0],[0.5913019030238962,5.913019030238962,1.0],[0.11264722490163037,1.1264722490163037,1.0],[0.34477784983246407,3.4477784983246407,1.0],[0.011377599382669468,0.11377599382669468,1.0],[0.7909742881977946,7.909742881977946,1.0],[0.3277964015146908,3.277964015146908,1.0]]
5_Kacem_4_workers.fjs;29.631765645105688;3387864;[3,6,7,9,0,3,5,10,0,2,5,8,7,8,9,12,0,1,3,9,0,3,5,11,0,2,6,11,2,3,5,9,1,3,7,10,2,3,5,9,0,4,9,11,0,6,8,12,0,2,5,9,0,5,7,10];[0,0,0,5,9,9,9,9,7,6,1,3,4,4,2,9,8,5,6,7,2,4,0,8,6,7,3,4,9,2,6,3,9,7,1,0,0,5,5,6,4,8,8,6,3,9,9,1,0,8,7,4,1,2,2,1];[7,12,3,12,12,13,3,1,0,5,7,14,1,7,2,0,7,7,8,7,13,0,12,5,3,11,8,3,6,12,6,10,8,4,11,8,4,5,4,6,14,5,13,4,2,9,0,6,4,9,1,3,10,13,12,9];[[0.18019241848515155,1.8019241848515155,1.0],[0.48736227300275514,4.873622730027551,1.0],[0.07759170039841756,0.7759170039841756,1.0],[0.5225667244081349,5.2256672440813485,1.0],[0.9196433340252647,9.196433340252646,1.0],[0.8762509611803474,8.762509611803473,1.0],[0.5029695910906639,5.029695910906638,1.0],[0.8160267976375112,8.160267976375112,1.0],[0.8059112000327816,8.059112000327817,1.0],[0.2140591090540045,2.140591090540045,1.0],[0.08805821114486456,0.8805821114486456,1.0],[0.20329737064426556,2.0329737064426556,1.0],[0.5837360924329463,5.837360924329463,1.0],[0.6737333796339059,6.737333796339059,1.0],[0.1608013027204077,1.6080130272040771,1.0]]
6_Fattahi_14_workers.fjs;1276.7222502972893;963012;[63,299,465,143,301,381,0,63,382,0,155,333,143,333,474,0,381,492,0,155,309];[1,1,3,2,2,6,1,6,4,0,4,3,0,4,5,3,2,4,2,3,5];[0,9,8,1,4,4,9,3,3,2,5,8,7,2,9,5,1,3,7,6,6];[[0.7773566427005639,7.7735664270056395,1.0],[0.6698255595592497,6.698255595592498,1.0],[0.09913960392481702,0.9913960392481702,1.0],[0.35297051119014544,3.529705111901454,1.0],[0.4679077429008419,4.679077429008419,1.0],[0.5346837414708775,5.346837414708775,1.0],[0.9783090609123973,9.783090609123974,1.0],[0.13031535015865903,1.3031535015865903,1.0],[0.6712434682302663,6.712434682302662,1.0],[0.36422941594737557,3.6422941594737557,1.0]]
6_Fattahi_14_workers.fjs;1201.2763932415203;1694244;[63,299,419,86,290,467,0,213,442,0,155,333,0,133,213,0,155,333,133,276,391];[1,1,3,0,3,5,1,6,4,0,4,5,2,6,5,3,3,4,2,2,6];[0,7,1,9,6,6,9,1,3,8,5,9,3,2,4,5,8,3,7,2,8];[[0.7966509679599704,7.966509679599704,1.0],[0.05862623274803458,0.5862623274803458,1.0],[0.7602397739740907,7.602397739740907,1.0],[0.8627037401845356,8.627037401845355,1.0],[0.09127403464611428,0.9127403464611428,1.0],[0.9024924365975527,9.024924365975528,1.0],[0.7858960565941281,7.858960565941281,1.0],[0.40667966546103385,4.0667966546103385,1.0],[0.37447264465852026,3.7447264465852026,1.0],[0.6490262282913547,6.490262282913547,1.0]]
6_Fattahi_14_workers.fjs;1230.143385561748;2350164;[81,311,422,143,322,452,259,322,437,0,126,304,0,126,206,126,301,422,0,143,304];[0,6,3,2,1,5,1,3,4,0,4,5,1,6,5,1,2,6,2,3,4];[4,6,1,1,9,6,9,1,3,0,5,7,5,9,2,6,3,5,7,8,0];[[0.5209484070219088,5.209484070219088,1.0],[0.42125020101147315,4.212502010114731,1.0],[0.22094517308324657,2.2094517308324657,1.0],[0.13033708391670573,1.3033708391670573,1.0],[0.48395776843282956,4.839577684328296,1.0],[0.6260889663051598,6.260889663051597,1.0],[0.6211218319323739,6.21121831932374,1.0],[0.707277595965894,7.07277595965894,1.0],[0.43539590023548325,4.3539590023548325,1.0],[0.04809800715767443,0.4809800715767443,1.0]]
6_Fattahi_14_workers.fjs;1213.7789759664672;838836;[0,236,401,169,362,477,84,297,442,0,155,333,0,133,223,0,155,333,133,279,394];[1,6,3,0,1,5,0,3,4,0,4,5,2,6,5,3,3,4,2,2,6];[0,1,1,8,9,6,1,6,9,6,5,0,3,7,7,5,4,3,6,2,8];[[0.49734142093980327,4.973414209398033,1.0],[0.35999045686025677,3.5999045686025677,1.0],[0.7220617567237175,7.220617567237175,1.0],[0.44672126724761885,4.4672126724761885,1.0],[0.4533596515962979,4.533596515962978,1.0],[0.025925678678183073,0.25925678678183073,1.0],[0.33490089376309407,3.3490089376309404,1.0],[0.4755440242737675,4.755440242737675,1.0],[0.45132356511490823,4.513235651149082,1.0],[0.08788974506102976,0.8788974506102976,1.0]]
6_Fattahi_14_workers.fjs;1182.4070965476344;3987300;[0,236,360,133,360,464,82,163,333,0,155,333,0,155,215,0,215,350,163,306,425];[1,1,3,2,1,5,0,6,4,0,4,5,2,3,5,3,3,6,0,2,4];[0,0,4,2,9,6,7,7,3,9,5,1,3,3,3,5,8,7,1,2,0];[[0.4211249061401,4.211249061401,1.0],[0.9761073344853062,9.761073344853061,1.0],[0.6132800246752349,6.132800246752349,1.0],[0.6930423279788359,6.930423279788359,1.0],[0.5088628354481554,5.088628354481553,1.0],[0.18781156668551158,1.8781156668551158,1.0],[0.830121874145001,8.301218741450011,1.0],[0.8449241651217704,8.449241651217704,1.0],[0.20962821201639004,2.0962821201639006,1.0],[0.6505169872996391,6.505169872996391,1.0]]
6_Fattahi_14_workers.fjs;1215.123106615531;911052;[63,299,445,0,163,293,264,345,452,0,155,384,0,121,205,0,155,333,121,264,389];[1,1,3,2,2,5,0,3,4,1,4,5,0,6,5,3,3,4,0,2,6];[0,9,1,2,4,6,7,1,3,0,5,6,4,3,2,5,8,2,1,4,5];[[0.4831103964860096,4.831103964860096,1.0],[0.9021829992468611,9.02182999246861,1.0],[0.5374571935128641,5.374571935128642,1.0],[0.8761340971511191,8.761340971511192,1.0],[0.573156942708234,5.7315694270823405,1.0],[0.994523847851402,9.945238478514021,1.0],[0.3574465703190305,3.574465703190305,1.0],[0.6617299629663892,6.617299629663892,1.0],[0.4882872262788658,4.882872262788657,1.0],[0.5726412824777106,5.726412824777106,1.0]]
6_Fattahi_14_workers.fjs;1218.0202348264754;371616;[63,299,419,205,419,481,121,226,333,0,155,333,0,155,226,0,275,425,0,143,299];[1,1,3,0,1,5,0,3,4,1,4,5,0,3,5,3,2,4,2,2,6];[0,9,8,8,9,3,4,1,3,0,5,1,4,7,4,5,6,6,7,3,0];[[0.34661995661142697,3.4661995661142697,1.0],[0.2286410960833074,2.286410960833074,1.0],[0.012392470279078194,0.12392470279078194,1.0],[0.9308270259025113,9.308270259025113,1.0],[0.3225145761620236,3.225145761620236,1.0],[0.0006954578022455582,0.006954578022455582,1.0],[0.2097170717940725,2.097170717940725,1.0],[0.5179602272351016,5.179602272351016,1.0],[0.7628222106217201,7.6282221062172,1.0],[0.3089717897377221,3.089717897377221,1.0]]
6_Fattahi_14_workers.fjs;1214.2193831324464;280920;[0,236,354,203,408,470,236,299,490,121,203,403,0,121,172,0,155,381,0,159,286];[1,6,6,0,1,5,1,3,4,0,4,3,0,4,5,3,3,4,2,2,5];[0,1,1,2,9,4,9,6,3,9,5,8,4,7,7,5,4,3,3,8,0];[[0.8559393885152179,8.55939388515218,1.0],[0.8004839408308784,8.004839408308783,1.0],[0.5938433496209707,5.938433496209708,1.0],[0.8870093324131678,8.870093324131679,1.0],[0.741558169706834,7.4155816970683395,1.0],[0.8097670389513107,8.097670389513107,1.0],[0.2247324103169328,2.247324103169328,1.0],[0.9761818800633866,9.761818800633865,1.0],[0.6339038774096737,6.339038774096737,1.0],[0.5580285642552777,5.580285642552777,1.0]]
6_Fattahi_14_workers.fjs;1177.0187264136503;3214752;[0,230,369,143,301,367,59,122,226,0,59,237,230,383,458,122,301,432,0,237,383];[0,6,3,2,1,5,1,3,5,1,4,3,0,4,5,1,2,4,2,4,6];[4,6,4,1,9,6,9,6,3,5,5,8,4,2,7,9,1,3,7,7,5];[[0.5198238265685563,5.198238265685563,1.0],[0.9583988744400509,9.583988744400509,1.0],[0.3402956357666065,3.402956357666065,1.0],[0.7081849781179302,7.081849781179303,1.0],[0.9252189405445452,9.252189405445453,1.0],[0.05032666735654623,0.5032666735654623,1.0],[0.6613275461751585,6.613275461751585,1.0],[0.82711411373077,8.271141137307701,1.0],[0.8734961127808921,8.734961127808921,1.0],[0.5913019030238962,5.913019030238962,1.0]]
6_Fattahi_14_workers.fjs;1233.0644444454656;3300672;[63,299,417,206,417,481,121,206,340,0,143,406,0,121,201,0,155,290,0,143,340];[1,1,4,0,1,5,0,6,5,1,2,3,0,6,5,3,3,4,2,4,6];[0,5,6,2,9,3,1,9,3,6,4,8,4,9,5,5,8,6,7,7,0];[[0.18019241848515155,1.8019241848515155,1.0],[0.48736227300275514,4.873622730027551,1.0],[0.07759170039841756,0.7759170039841756,1.0],[0.5225667244081349,5.2256672440813485,1.0],[0.9196433340252647,9.196433340252646,1.0],[0.8762509611803474,8.762509611803473,1.0],[0.5029695910906639,5.029695910906638,1.0],[0.8160267976375112,8.160267976375112,1.0],[0.8059112000327816,8.059112000327817,1.0],[0.2140591090540045,2.140591090540045,1.0]]
6_Fattahi_20_workers.fjs;2900.689812109382;4233900;[290,501,849,1101,682,906,1003,1223,215,471,704,849,0,307,472,753,91,473,518,682,625,782,990,1098,0,154,307,471,0,246,622,839,637,1003,1186,1230,246,473,704,990,154,535,876,1094,0,328,930,1131];[1,1,3,6,0,1,5,4,0,6,5,5,0,4,3,4,0,4,4,7,3,2,4,3,1,4,6,7,3,5,4,7,1,2,4,5,3,5,6,7,1,2,6,5,2,2,6,7];[2,0,1,4,4,9,10,9,6,11,1,5,10,10,10,2,2,8,8,11,8,6,11,6,1,9,0,4,7,8,3,0,5,5,5,8,5,1,7,0,3,9,8,7,11,9,4,3];[[0.7773566427005639,7.7735664270056395,1.0],[0.6698255595592497,6.698255595592498,1.0],[0.09913960392481702,0.9913960392481702,1.0],[0.35297051119014544,3.529705111901454,1.0],[0.4679077429008419,4.679077429008419,1.0],[0.5346837414708775,5.346837414708775,1.0],[0.9783090609123973,9.783090609123974,1.0],[0.13031535015865903,1.3031535015865903,1.0],[0.6712434682302663,6.712434682302662,1.0],[0.36422941594737557,3.6422941594737557,1.0],[0.48883570716198577,4.888357071619858,1.0],[0.20301221073405373,2.0301221073405373,1.0]]
6_Fattahi_20_workers.fjs;2938.706883843348;4729404;[305,711,1014,1185,86,332,423,564,0,86,725,881,483,716,881,1138,147,483,553,701,263,572,1027,1172,0,147,577,881,237,483,964,1221,658,851,1140,1199,0,237,748,1081,423,577,915,1063,0,332,577,851];[0,3,3,6,0,2,6,7,0,6,5,5,1,4,3,4,1,3,1,7,1,3,4,3,1,4,4,4,3,5,6,7,1,2,6,5,3,5,6,7,2,2,6,5,2,4,6,7];[3,0,9,4,3,6,1,7,10,8,3,10,7,10,0,2,4,8,8,5,2,0,3,8,6,9,6,4,7,2,8,6,1,5,3,9,2,11,2,11,0,9,6,7,5,9,4,11];[[0.7966509679599704,7.966509679599704,1.0],[0.05862623274803458,0.5862623274803458,1.0],[0.7602397739740907,7.602397739740907,1.0],[0.8627037401845356,8.627037401845355,1.0],[0.09127403464611428,0.9127403464611428,1.0],[0.9024924365975527,9.024924365975528,1.0],[0.7858960565941281,7.858960565941281,1.0],[0.40667966546103385,4.0667966546103385,1.0],[0.37447264465852026,3.7447264465852026,1.0],[0.6490262282913547,6.490262282913547,1.0],[0.40092466608569977,4.009246660856998,1.0],[0.5721109226277574,5.721109226277575,1.0]]
6_Fattahi_20_workers.fjs;2903.870044266489;1894008;[85,313,454,593,454,727,961,1235,313,431,751,929,0,85,593,751,166,570,793,942,577,907,1063,1241,0,332,723,1184,0,225,886,1103,440,724,907,1083,225,467,723,1099,289,463,1025,1221,0,332,584,724];[0,6,3,7,0,1,6,7,0,6,3,5,0,4,3,5,1,6,1,7,1,2,4,6,1,2,6,4,3,5,4,6,1,2,6,5,3,5,4,7,1,2,4,5,2,4,4,7];[6,10,6,5,7,10,4,5,6,3,4,5,6,3,6,9,8,3,8,2,2,8,6,9,8,5,11,4,11,2,11,11,8,5,7,9,7,1,0,8,8,9,6,7,5,0,11,3];[[0.5209484070219088,5.209484070219088,1.0],[0.42125020101147315,4.212502010114731,1.0],[0.22094517308324657,2.2094517308324657,1.0],[0.13033708391670573,1.3033708391670573,1.0],[0.48395776843282956,4.839577684328296,1.0],[0.6260889663051598,6.260889663051597,1.0],[0.6211218319323739,6.21121831932374,1.0],[0.707277595965894,7.07277595965894,1.0],[0.43539590023548325,4.3539590023548325,1.0],[0.04809800715767443,0.4809800715767443,1.0],[0.2254847064342842,2.254847064342842,1.0],[0.788548045160999,7.88548045160999,1.0]]
6_Fattahi_20_workers.fjs;2787.290596740038;4133424;[289,808,946,1156,0,158,727,868,81,161,363,704,0,462,675,995,161,316,760,1003,618,825,946,1156,0,147,316,480,0,246,480,691,249,396,868,1151,246,473,704,1108,147,470,675,859,287,618,849,987];[0,3,3,7,2,2,6,7,0,6,4,5,0,4,3,5,0,4,1,7,1,2,6,3,1,4,6,7,3,5,6,7,2,2,6,5,3,5,4,6,1,3,6,5,1,2,4,4];[6,0,4,0,0,6,11,5,11,0,10,6,11,3,0,9,1,3,8,8,10,4,10,8,6,3,0,4,7,8,8,2,2,9,11,2,5,1,1,1,10,2,3,7,7,9,1,3];[[0.49734142093980327,4.973414209398033,1.0],[0.35999045686025677,3.5999045686025677,1.0],[0.7220617567237175,7.220617567237175,1.0],[0.44672126724761885,4.4672126724761885,1.0],[0.4533596515962979,4.533596515962978,1.0],[0.025925678678183073,0.25925678678183073,1.0],[0.33490089376309407,3.3490089376309404,1.0],[0.4755440242737675,4.755440242737675,1.0],[0.45132356511490823,4.513235651149082,1.0],[0.08788974506102976,0.8788974506102976,1.0],[0.29509671683068217,2.9509671683068217,1.0],[0.33863234208051063,3.3863234208051063,1.0]]
6_Fattahi_20_workers.fjs;2850.264440703819;2426448;[201,429,880,1084,429,718,819,983,137,225,328,427,0,79,747,983,79,265,427,1142,202,543,657,1035,237,657,872,1124,0,225,544,718,0,328,538,645,0,452,684,839,394,543,781,839,394,786,993,1124];[0,6,3,6,0,1,4,7,1,3,4,7,0,4,3,5,0,4,4,5,1,2,4,6,2,2,6,4,3,5,6,6,1,3,4,7,2,5,5,7,2,3,4,5,1,2,4,7];[6,9,1,10,7,5,8,7,5,11,7,2,7,9,0,8,10,7,5,11,5,8,2,9,3,8,11,4,11,8,9,3,8,1,4,7,3,11,4,4,0,6,6,10,3,9,5,3];[[0.4211249061401,4.211249061401,1.0],[0.9761073344853062,9.761073344853061,1.0],[0.6132800246752349,6.132800246752349,1.0],[0.6930423279788359,6.930423279788359,1.0],[0.5088628354481554,5.088628354481553,1.0],[0.18781156668551158,1.8781156668551158,1.0],[0.830121874145001,8.301218741450011,1.0],[0.8449241651217704,8.449241651217704,1.0],[0.20962821201639004,2.0962821201639006,1.0],[0.6505169872996391,6.505169872996391,1.0],[0.7003316191510263,7.003316191510263,1.0],[0.7150339547653067,7.150339547653068,1.0]]
6_Fattahi_20_workers.fjs;2851.3536635979076;4960764;[237,327,677,816,382,625,693,1198,0,94,720,957,581,817,1004,1187,94,237,284,388,0,327,468,1137,470,689,840,1052,157,388,1004,1176,693,839,1015,1052,0,237,468,662,331,470,677,874,0,446,704,1119];[2,6,3,7,0,1,6,4,0,6,4,7,0,4,3,5,0,4,4,7,3,2,5,3,1,2,6,4,3,4,6,6,1,2,4,5,2,5,6,7,1,3,4,5,1,2,5,7];[5,9,6,8,11,2,5,2,6,2,2,6,8,10,0,8,5,3,3,8,8,6,7,5,3,3,0,4,11,0,9,7,1,11,5,8,3,1,9,9,4,5,8,7,7,10,7,3];[[0.4831103964860096,4.831103964860096,1.0],[0.9021829992468611,9.02182999246861,1.0],[0.5374571935128641,5.374571935128642,1.0],[0.8761340971511191,8.761340971511192,1.0],[0.573156942708234,5.7315694270823405,1.0],[0.994523847851402,9.945238478514021,1.0],[0.3574465703190305,3.574465703190305,1.0],[0.6617299629663892,6.617299629663892,1.0],[0.4882872262788658,4.882872262788657,1.0],[0.5726412824777106,5.726412824777106,1.0],[0.32388398325139345,3.2388398325139347,1.0],[0.8072354510963532,8.072354510963532,1.0]]
6_Fattahi_20_workers.fjs;3018.625785855888;1133136;[210,446,562,776,537,916,1169,1297,124,210,1009,1189,446,537,856,1057,0,350,471,576,653,797,949,1189,0,157,581,765,224,449,1018,1169,328,653,911,1258,0,310,861,1018,157,449,727,765,0,328,691,929];[0,6,6,6,0,2,5,4,0,6,3,7,0,2,3,4,0,6,1,7,1,2,4,3,2,4,4,4,3,5,5,6,1,3,4,5,3,4,5,6,2,3,4,7,1,2,5,7];[2,5,5,2,4,6,5,6,10,8,8,9,10,0,10,11,2,3,8,9,6,6,11,8,3,9,10,4,11,2,3,3,7,1,8,7,5,1,1,1,6,6,3,9,4,9,7,9];[[0.34661995661142697,3.4661995661142697,1.0],[0.2286410960833074,2.286410960833074,1.0],[0.012392470279078194,0.12392470279078194,1.0],[0.9308270259025113,9.308270259025113,1.0],[0.3225145761620236,3.225145761620236,1.0],[0.0006954578022455582,0.006954578022455582,1.0],[0.2097170717940725,2.097170717940725,1.0],[0.5179602272351016,5.179602272351016,1.0],[0.7628222106217201,7.6282221062172,1.0],[0.3089717897377221,3.089717897377221,1.0],[0.15113122452813788,1.5113122452813788,1.0],[0.07045772229012492,0.7045772229012492,1.0]]
6_Fattahi_20_workers.fjs;2759.405998069268;2953356;[0,236,620,756,623,842,952,1150,321,520,913,1105,236,321,780,913,401,545,667,780,224,381,623,857,0,157,352,757,157,486,906,1148,381,597,812,1041,0,224,455,612,518,908,1103,1176,0,390,612,887];[0,6,3,7,0,1,5,4,0,3,3,7,0,4,3,4,0,6,1,5,3,3,6,6,2,4,6,4,2,4,6,6,1,2,6,5,3,5,5,7,1,2,6,5,1,2,5,7];[2,5,7,5,3,10,5,9,11,4,6,6,9,10,0,2,6,3,8,11,8,0,2,9,3,10,3,4,6,10,9,4,8,11,8,8,5,1,1,9,5,10,9,7,4,9,0,3];[[0.8559393885152179,8.55939388515218,1.0],[0.8004839408308784,8.004839408308783,1.0],[0.5938433496209707,5.938433496209708,1.0],[0.8870093324131678,8.870093324131679,1.0],[0.741558169706834,7.4155816970683395,1.0],[0.8097670389513107,8.097670389513107,1.0],[0.2247324103169328,2.247324103169328,1.0],[0.9761818800633866,9.761818800633865,1.0],[0.6339038774096737,6.339038774096737,1.0],[0.5580285642552777,5.580285642552777,1.0],[0.4463526500656817,4.463526500656817,1.0],[0.28336462923826333,2.8336462923826335,1.0]]
6_Fattahi_20_workers.fjs;2736.101217611612;4500636;[353,851,981,1168,0,147,310,475,86,172,337,626,0,172,814,947,225,457,746,851,610,746,866,1139,0,377,504,667,0,225,452,930,238,866,1067,1128,225,457,688,1112,475,610,881,1004,147,504,716,974];[0,1,3,7,2,2,6,7,0,6,4,7,0,4,3,5,0,3,1,7,1,2,4,3,1,2,6,4,3,5,4,6,2,2,6,5,3,5,6,6,1,3,6,7,1,2,5,4];[2,9,4,5,2,6,5,4,10,9,7,2,1,10,0,6,11,8,8,8,9,3,11,6,6,3,11,4,11,8,7,7,6,5,8,1,1,1,10,2,6,6,6,9,4,0,7,3];[[0.5198238265685563,5.198238265685563,1.0],[0.9583988744400509,9.583988744400509,1.0],[0.3402956357666065,3.402956357666065,1.0],[0.7081849781179302,7.081849781179303,1.0],[0.9252189405445452,9.252189405445453,1.0],[0.05032666735654623,0.5032666735654623,1.0],[0.6613275461751585,6.613275461751585,1.0],[0.82711411373077,8.271141137307701,1.0],[0.8734961127808921,8.734961127808921,1.0],[0.5913019030238962,5.913019030238962,1.0],[0.11264722490163037,1.1264722490163037,1.0],[0.34477784983246407,3.4477784983246407,1.0]]
6_Fattahi_20_workers.fjs;2837.5625261712007;4367868;[328,709,844,1110,559,839,906,1107,217,816,981,1159,0,93,470,712,93,281,604,709,140,339,453,1159,0,328,482,859,224,470,712,973,453,603,927,995,0,224,615,790,0,157,339,389,276,604,844,983];[0,1,3,6,0,1,5,7,0,2,3,5,0,4,3,5,0,4,1,7,1,2,6,3,2,4,4,7,3,5,4,6,2,3,6,5,3,5,6,6,1,2,6,7,1,2,4,4];[3,9,7,10,3,9,5,3,6,4,4,5,4,1,0,8,6,3,8,5,9,8,10,8,3,1,7,3,7,2,7,2,6,6,1,9,5,11,11,1,10,2,0,9,4,0,11,11];[[0.18019241848515155,1.8019241848515155,1.0],[0.48736227300275514,4.873622730027551,1.0],[0.07759170039841756,0.7759170039841756,1.0],[0.5225667244081349,5.2256672440813485,1.0],[0.9196433340252647,9.196433340252646,1.0],[0.8762509611803474,8.762509611803473,1.0],[0.5029695910906639,5.029695910906638,1.0],[0.8160267976375112,8.160267976375112,1.0],[0.8059112000327816,8.059112000327817,1.0],[0.2140591090540045,2.140591090540045,1.0],[0.08805821114486456,0.8805821114486456,1.0],[0.20329737064426556,2.0329737064426556,1.0]]
