Instance;Fitness;FunctionEvaluations;StartTimes;MachineAssignments;WorkerAssignments;UncertaintyParameters
0_BehnkeGeiger_42_workers.fjs;177.74705781480503;4964652;[28,37,47,59,72,10,28,39,48,64,0,13,22,36,49,13,27,37,48,60,22,33,44,57,67,10,22,36,45,54,0,11,21,31,41,0,10,21,33,45,11,30,48,59,69,0,10,20,31,42];[2,9,31,19,58,2,39,42,29,57,3,46,19,6,58,3,18,28,17,56,1,43,14,6,59,1,5,8,41,57,0,11,47,47,57,2,25,15,17,56,0,10,36,44,56,1,19,13,35,59];[7,24,70,25,58,68,86,59,89,67,84,11,62,27,66,36,2,64,38,23,47,18,42,77,13,25,75,8,69,20,20,1,84,39,26,37,60,76,44,71,48,12,76,24,81,44,6,17,5,63];[[0.7773566427005639,7.7735664270056395,1.0],[0.6698255595592497,6.698255595592498,1.0],[0.09913960392481702,0.9913960392481702,1.0],[0.35297051119014544,3.529705111901454,1.0],[0.4679077429008419,4.679077429008419,1.0],[0.5346837414708775,5.346837414708775,1.0],[0.9783090609123973,9.783090609123974,1.0],[0.13031535015865903,1.3031535015865903,1.0],[0.6712434682302663,6.712434682302662,1.0],[0.36422941594737557,3.6422941594737557,1.0],[0.48883570716198577,4.888357071619858,1.0],[0.20301221073405373,2.0301221073405373,1.0],[0.6661983755713592,6.661983755713592,1.0],[0.2276630312069321,2.276630312069321,1.0],[0.4580640582967631,4.580640582967631,1.0],[0.040722397554957435,0.40722397554957435,1.0],[0.9742897953778286,9.742897953778286,1.0],[0.4874760742689066,4.874760742689066,1.0],[0.4616138636373597,4.616138636373597,1.0],[0.7141471558082002,7.141471558082002,1.0],[0.4157281494999725,4.157281494999725,1.0],[0.888011688001529,8.88011688001529,1.0],[0.023293448723771704,0.23293448723771704,1.0],[0.8335062677845465,8.335062677845466,1.0],[0.4684947409975081,4.684947409975081,1.0],[0.8114798126442795,8.114798126442794,1.0],[0.9455914886158723,9.455914886158723,1.0],[0.9830883781948988,9.830883781948987,1.0],[0.1761820755785306,1.761820755785306,1.0],[0.698655759576308,6.98655759576308,1.0],[0.10885571131238292,1.0885571131238292,1.0],[0.16026373420620188,1.6026373420620188,1.0],[0.09286027402458918,0.9286027402458918,1.0],[0.3140620798928404,3.140620798928404,1.0],[0.01653868433866723,0.1653868433866723,1.0],[0.8540491257363622,8.540491257363621,1.0],[0.2910160386456968,2.910160386456968,1.0],[0.7800475863350328,7.800475863350328,1.0],[0.5480965161255696,5.480965161255696,1.0],[0.19433067669976123,1.9433067669976123,1.0],[0.2920382721805297,2.920382721805297,1.0],[0.3194527773994337,3.194527773994337,1.0],[0.6585982235379076,6.585982235379077,1.0],[0.23152103541222924,2.3152103541222924,1.0],[0.6194303369953537,6.194303369953537,1.0],[0.8953386098022104,8.953386098022104,1.0],[0.8694342085696831,8.694342085696832,1.0],[0.2938069356684523,2.938069356684523,1.0],[0.45820480858054946,4.582048085805495,1.0],[0.4849797978711191,4.849797978711191,1.0],[0.2803882693587225,2.803882693587225,1.0],[0.32895694635060024,3.2895694635060027,1.0],[0.9842424240265042,9.842424240265043,1.0],[0.011944137920874343,0.11944137920874343,1.0],[0.14290076829328524,1.4290076829328524,1.0],[0.6519772165446712,6.519772165446712,1.0],[0.07499317994693244,0.7499317994693244,1.0],[0.29207870228110877,2.920787022811088,1.0],[0.7934429721917705,7.934429721917705,1.0],[0.9115931008709737,9.115931008709737,1.0],[0.3703917795895437,3.7039177958954372,1.0],[0.20528221118666345,2.0528221118666345,1.0],[0.880081326784678,8.80081326784678,1.0],[0.6325664501560831,6.325664501560832,1.0],[0.503514326058558,5.0351432605855795,1.0],[0.3308435596710889,3.308435596710889,1.0],[0.3474001835074456,3.474001835074456,1.0],[0.2924115863324481,2.9241158633244813,1.0],[0.7653974346433319,7.653974346433319,1.0],[0.4784432998768373,4.784432998768374,1.0],[0.2015373401465821,2.015373401465821,1.0],[0.8715627297687166,8.715627297687167,1.0],[0.7551785489449617,7.5517854894496175,1.0],[0.8675584511848858,8.675584511848859,1.0],[0.9323236929247266,9.323236929247265,1.0],[0.24171326534063708,2.417132653406371,1.0],[0.8924504838872919,8.924504838872918,1.0],[0.7659566844206285,7.659566844206285,1.0],[0.4146826922981828,4.146826922981828,1.0],[0.32368260626724077,3.2368260626724075,1.0],[0.5613052389019693,5.613052389019693,1.0],[0.5908359788832377,5.908359788832377,1.0],[0.16558277680810296,1.6558277680810296,1.0],[0.4861970648764189,4.8619706487641885,1.0],[0.9490216941921916,9.490216941921917,1.0],[0.46819109749463483,4.681910974946348,1.0],[0.39662970244337636,3.9662970244337634,1.0],[0.9188065977724452,9.188065977724452,1.0],[0.9857276253270151,9.85727625327015,1.0],[0.9392006613006973,9.392006613006973,1.0]]
0_BehnkeGeiger_42_workers.fjs;187.66865768554413;3346644;[0,9,26,42,55,9,27,40,49,62,0,13,24,40,52,11,32,41,52,63,0,11,22,32,41,13,28,44,53,67,0,11,24,35,48,27,37,49,60,71,21,39,56,67,76,11,21,31,42,53];[2,31,31,22,59,2,39,42,53,57,3,45,47,13,58,0,51,4,48,56,1,43,35,6,59,3,5,8,7,59,0,14,42,45,57,2,25,54,15,58,1,10,36,44,56,1,53,22,17,56];[12,38,24,54,31,68,55,44,25,12,83,76,30,79,53,44,54,68,81,51,10,46,29,70,7,81,69,84,46,84,48,79,77,80,26,10,11,69,69,52,26,73,68,7,31,64,41,12,55,20];[[0.7966509679599704,7.966509679599704,1.0],[0.05862623274803458,0.5862623274803458,1.0],[0.7602397739740907,7.602397739740907,1.0],[0.8627037401845356,8.627037401845355,1.0],[0.09127403464611428,0.9127403464611428,1.0],[0.9024924365975527,9.024924365975528,1.0],[0.7858960565941281,7.858960565941281,1.0],[0.40667966546103385,4.0667966546103385,1.0],[0.37447264465852026,3.7447264465852026,1.0],[0.6490262282913547,6.490262282913547,1.0],[0.40092466608569977,4.009246660856998,1.0],[0.5721109226277574,5.721109226277575,1.0],[0.6077930620255084,6.077930620255084,1.0],[0.05072389565884072,0.5072389565884072,1.0],[0.7370880093375713,7.370880093375714,1.0],[0.708486383757228,7.08486383757228,1.0],[0.9221724532030824,9.221724532030823,1.0],[0.7149390332589045,7.149390332589045,1.0],[0.6557724968554814,6.5577249685548145,1.0],[0.7371071646895253,7.371071646895253,1.0],[0.18754222176317448,1.8754222176317448,1.0],[0.5019778365908455,5.019778365908455,1.0],[0.8950298548604116,8.950298548604117,1.0],[0.926358313475896,9.26358313475896,1.0],[0.01899157139556429,0.18991571395564288,1.0],[0.8777314655556964,8.777314655556964,1.0],[0.6362924717585655,6.362924717585655,1.0],[0.4066346562427898,4.066346562427898,1.0],[0.12957858368499198,1.2957858368499198,1.0],[0.8626878625294206,8.626878625294207,1.0],[0.25379646148203605,2.5379646148203605,1.0],[0.5928589993203222,5.9285899932032216,1.0],[0.0752821307110767,0.752821307110767,1.0],[0.55648541295561,5.5648541295561005,1.0],[0.39201372928372336,3.9201372928372336,1.0],[0.30661199501593694,3.0661199501593694,1.0],[0.16614394932812038,1.6614394932812038,1.0],[0.03548206500031437,0.35482065000314367,1.0],[0.8734081096560021,8.734081096560022,1.0],[0.6077933997757088,6.077933997757087,1.0],[0.00566233272181782,0.0566233272181782,1.0],[0.57937513910209,5.7937513910209,1.0],[0.766498732100053,7.66498732100053,1.0],[0.20058362814831487,2.0058362814831487,1.0],[0.9293225912363087,9.293225912363086,1.0],[0.8422636176481996,8.422636176481996,1.0],[0.5387041601810612,5.387041601810612,1.0],[0.9883390358185146,9.883390358185146,1.0],[0.21802702973914923,2.180270297391492,1.0],[0.038493402742472815,0.38493402742472815,1.0],[0.37032113547489287,3.7032113547489285,1.0],[0.1822270440474585,1.8222704404745849,1.0],[0.9462360068540245,9.462360068540246,1.0],[0.1150920367841759,1.150920367841759,1.0],[0.3529247978916473,3.529247978916473,1.0],[0.8631951229076982,8.631951229076982,1.0],[0.041228887544789705,0.41228887544789705,1.0],[0.08920964027917122,0.8920964027917122,1.0],[0.5188892304220151,5.1888923042201505,1.0],[0.3593751525090847,3.593751525090847,1.0],[0.02137850022746135,0.2137850022746135,1.0],[0.6705629807207766,6.705629807207766,1.0],[0.8415018800797289,8.41501880079729,1.0],[0.0549654710344607,0.549654710344607,1.0],[0.12847413232468474,1.2847413232468474,1.0],[0.12133653253479593,1.2133653253479593,1.0],[0.47496175692231557,4.7496175692231555,1.0],[0.6501440243508211,6.501440243508211,1.0],[0.26467231108682165,2.6467231108682165,1.0],[0.8283954411360489,8.283954411360488,1.0],[0.09632504623843086,0.9632504623843086,1.0],[0.9001492562131493,9.001492562131494,1.0],[0.22420503779756518,2.2420503779756515,1.0],[0.11601154122656976,1.1601154122656976,1.0],[0.20138930403775013,2.0138930403775013,1.0],[0.5571704471099438,5.571704471099438,1.0],[0.8954308805741998,8.954308805741999,1.0],[0.10783585956749675,1.0783585956749675,1.0],[0.6110196883093226,6.110196883093226,1.0],[0.5285746404071686,5.285746404071686,1.0],[0.4751239272073001,4.7512392720730015,1.0],[0.7846662958446119,7.846662958446119,1.0],[0.25197118373537,2.5197118373536997,1.0],[0.9011562601111824,9.011562601111825,1.0],[0.33015443004324485,3.3015443004324485,1.0],[0.39070876167562685,3.9070876167562685,1.0],[0.5024299090089163,5.024299090089163,1.0],[0.5414008895519862,5.414008895519862,1.0],[0.7061732576618968,7.061732576618968,1.0],[0.8167560629471541,8.167560629471541,1.0]]
0_BehnkeGeiger_42_workers.fjs;175.30724012588723;3238176;[18,27,38,49,59,0,18,29,38,48,14,27,36,51,68,0,14,24,38,54,10,21,32,42,51,21,33,47,56,65,29,40,50,60,70,0,10,24,34,45,10,29,47,59,68,0,10,20,31,43];[2,7,31,22,58,2,39,32,48,57,3,13,19,6,58,3,40,12,53,56,1,43,46,6,59,1,4,8,28,59,0,18,42,47,57,0,4,18,15,58,0,10,35,27,56,1,53,22,17,56];[50,50,39,89,12,68,81,31,36,18,40,75,76,57,27,83,54,77,4,36,51,18,84,83,56,25,13,82,61,84,80,30,42,22,14,21,75,32,42,52,22,12,80,15,72,60,85,24,17,23];[[0.5209484070219088,5.209484070219088,1.0],[0.42125020101147315,4.212502010114731,1.0],[0.22094517308324657,2.2094517308324657,1.0],[0.13033708391670573,1.3033708391670573,1.0],[0.48395776843282956,4.839577684328296,1.0],[0.6260889663051598,6.260889663051597,1.0],[0.6211218319323739,6.21121831932374,1.0],[0.707277595965894,7.07277595965894,1.0],[0.43539590023548325,4.3539590023548325,1.0],[0.04809800715767443,0.4809800715767443,1.0],[0.2254847064342842,2.254847064342842,1.0],[0.788548045160999,7.88548045160999,1.0],[0.42108890435006496,4.21088904350065,1.0],[0.5652029481252892,5.6520294812528915,1.0],[0.6764042610645917,6.764042610645918,1.0],[0.7568325816320766,7.568325816320765,1.0],[0.16251102322256883,1.6251102322256883,1.0],[0.4662293326345085,4.662293326345085,1.0],[0.652658580109924,6.526585801099239,1.0],[0.9348323542569703,9.348323542569704,1.0],[0.28093837261172117,2.8093837261172117,1.0],[0.9004772145836625,9.004772145836625,1.0],[0.848839594589838,8.48839594589838,1.0],[0.5244847531468491,5.244847531468491,1.0],[0.5786464188581003,5.786464188581003,1.0],[0.9355850494740874,9.355850494740874,1.0],[0.4401579992643663,4.401579992643663,1.0],[0.2893634937717525,2.8936349377175254,1.0],[0.7973797699194577,7.973797699194577,1.0],[0.10126138052386269,1.0126138052386269,1.0],[0.7187270677771636,7.187270677771636,1.0],[0.6449563433897082,6.449563433897082,1.0],[0.39126761491023665,3.9126761491023663,1.0],[0.9392975330999302,9.392975330999302,1.0],[0.609238184698229,6.09238184698229,1.0],[0.15484533159211777,1.5484533159211777,1.0],[0.41680311462661035,4.168031146266103,1.0],[0.9542543925010913,9.542543925010914,1.0],[0.08511902784380565,0.8511902784380565,1.0],[0.8102082222849146,8.102082222849146,1.0],[0.549048343145825,5.49048343145825,1.0],[0.797431305367372,7.974313053673719,1.0],[0.9212545834178625,9.212545834178625,1.0],[0.0840140116542355,0.840140116542355,1.0],[0.4271098529259699,4.2710985292596995,1.0],[0.4827049527125804,4.827049527125804,1.0],[0.4926248212853439,4.926248212853439,1.0],[0.8381214590808308,8.381214590808309,1.0],[0.06168361162523717,0.6168361162523717,1.0],[0.1800356634856508,1.800356634856508,1.0],[0.7512006320826361,7.5120063208263606,1.0],[0.8202315016053369,8.202315016053369,1.0],[0.9482269285705965,9.482269285705966,1.0],[0.09190024497370541,0.9190024497370541,1.0],[0.8275229129042858,8.275229129042858,1.0],[0.010223681010074426,0.10223681010074426,1.0],[0.7915178392051999,7.915178392051999,1.0],[0.23087148740184416,2.3087148740184418,1.0],[0.9176421264305312,9.176421264305311,1.0],[0.6337400704415804,6.3374007044158045,1.0],[0.4722514806957412,4.722514806957411,1.0],[0.15692662657496914,1.5692662657496914,1.0],[0.890455619982956,8.90455619982956,1.0],[0.3934374640442826,3.934374640442826,1.0],[0.9437473032889695,9.437473032889695,1.0],[0.027056184431497043,0.27056184431497043,1.0],[0.4303544994441807,4.303544994441807,1.0],[0.03986032371878334,0.3986032371878334,1.0],[0.27475171221519046,2.747517122151905,1.0],[0.9564909094852423,9.564909094852423,1.0],[0.3359902829981165,3.359902829981165,1.0],[0.04595304692857216,0.4595304692857216,1.0],[0.37548864135994087,3.754886413599409,1.0],[0.7100525719018224,7.100525719018224,1.0],[0.7195452743357282,7.195452743357283,1.0],[0.8188902738341958,8.188902738341957,1.0],[0.11659700681519214,1.1659700681519214,1.0],[0.5117406310798319,5.117406310798319,1.0],[0.4226359284361241,4.226359284361241,1.0],[0.4231179217423974,4.231179217423974,1.0],[0.5975978869418672,5.975978869418672,1.0],[0.10039657835066573,1.0039657835066573,1.0],[0.8661288460342442,8.661288460342442,1.0],[0.8262463782392978,8.262463782392977,1.0],[0.588405995089693,5.884059950896931,1.0],[0.302515462738837,3.0251546273883703,1.0],[0.031295122158443434,0.31295122158443434,1.0],[0.5757925091701167,5.757925091701167,1.0],[0.9545321496576605,9.545321496576605,1.0],[0.9649769610853548,9.649769610853548,1.0]]
0_BehnkeGeiger_42_workers.fjs;193.56659464956442;4791756;[31,40,53,65,79,12,31,43,52,63,15,28,37,53,73,0,12,23,35,48,10,21,38,48,65,0,15,29,38,47,0,11,23,33,43,11,21,33,47,64,21,40,57,68,77,0,10,25,43,54];[2,13,31,6,59,2,50,32,48,58,3,46,31,13,57,2,18,4,36,57,1,42,35,6,59,3,5,8,28,59,0,19,47,47,56,0,25,43,17,56,0,10,36,27,56,1,16,41,50,56];[0,86,0,47,70,40,68,89,70,56,89,81,12,40,13,1,29,47,56,14,51,20,43,32,7,81,60,34,41,33,69,31,84,6,45,82,59,44,52,76,48,38,68,61,81,64,73,35,87,66];[[0.49734142093980327,4.973414209398033,1.0],[0.35999045686025677,3.5999045686025677,1.0],[0.7220617567237175,7.220617567237175,1.0],[0.44672126724761885,4.4672126724761885,1.0],[0.4533596515962979,4.533596515962978,1.0],[0.025925678678183073,0.25925678678183073,1.0],[0.33490089376309407,3.3490089376309404,1.0],[0.4755440242737675,4.755440242737675,1.0],[0.45132356511490823,4.513235651149082,1.0],[0.08788974506102976,0.8788974506102976,1.0],[0.29509671683068217,2.9509671683068217,1.0],[0.33863234208051063,3.3863234208051063,1.0],[0.9020959027552419,9.020959027552419,1.0],[0.7173473735926632,7.173473735926632,1.0],[0.8986159167700656,8.986159167700656,1.0],[0.032997165944182005,0.32997165944182005,1.0],[0.2284682145918675,2.284682145918675,1.0],[0.5381470661357333,5.381470661357333,1.0],[0.06127510457974772,0.6127510457974772,1.0],[0.22935566071129299,2.29355660711293,1.0],[0.5598162304796008,5.598162304796008,1.0],[0.0008471767611641923,0.008471767611641923,1.0],[0.3920352782519039,3.9203527825190387,1.0],[0.03133523867093202,0.3133523867093202,1.0],[0.24056870266164254,2.4056870266164254,1.0],[0.8953787890847891,8.953787890847892,1.0],[0.3866575811855242,3.866575811855242,1.0],[0.26785644445085033,2.6785644445085035,1.0],[0.9113672758007916,9.113672758007915,1.0],[0.8561689403543553,8.561689403543554,1.0],[0.2548634438031525,2.548634438031525,1.0],[0.42717855363332036,4.271785536333203,1.0],[0.19719480126070077,1.9719480126070077,1.0],[0.7644816954164836,7.644816954164836,1.0],[0.45421054829626994,4.5421054829626994,1.0],[0.7701442479976394,7.701442479976394,1.0],[0.7544956928280053,7.544956928280053,1.0],[0.1329370279333042,1.329370279333042,1.0],[0.13608412133420567,1.3608412133420567,1.0],[0.7421993063471702,7.421993063471702,1.0],[0.8710335288246386,8.710335288246386,1.0],[0.18118149060958277,1.8118149060958277,1.0],[0.8581563188196332,8.581563188196332,1.0],[0.2027449363975372,2.0274493639753723,1.0],[0.3410290736485122,3.410290736485122,1.0],[0.6372290727852594,6.372290727852594,1.0],[0.14905275813887664,1.4905275813887664,1.0],[0.5109099957893487,5.109099957893487,1.0],[0.4352931558109894,4.352931558109894,1.0],[0.09760732352088275,0.9760732352088275,1.0],[0.05941930181032895,0.5941930181032895,1.0],[0.4305054409800979,4.305054409800979,1.0],[0.5024944042408487,5.024944042408487,1.0],[0.5079732331603702,5.079732331603703,1.0],[0.0640695575730742,0.640695575730742,1.0],[0.43169459272424404,4.316945927242441,1.0],[0.9774036975897298,9.774036975897298,1.0],[0.7083743064187731,7.083743064187731,1.0],[0.3236585836720067,3.2365858367200673,1.0],[0.6948341495565338,6.948341495565337,1.0],[0.3959747672493763,3.959747672493763,1.0],[0.5702020071109615,5.702020071109615,1.0],[0.1273830425097976,1.273830425097976,1.0],[0.0022121200251274953,0.022121200251274953,1.0],[0.7082383894336587,7.082383894336587,1.0],[0.46105048814669625,4.610504881466962,1.0],[0.048724340958554824,0.48724340958554824,1.0],[0.9996141487513373,9.996141487513373,1.0],[0.6273821455013189,6.273821455013189,1.0],[0.2348624347451349,2.348624347451349,1.0],[0.5041148841596441,5.041148841596441,1.0],[0.8039409645464441,8.039409645464442,1.0],[0.47932085049134165,4.793208504913417,1.0],[0.70795730946113,7.0795730946113,1.0],[0.007554994577610108,0.07554994577610108,1.0],[0.8007158968273879,8.00715896827388,1.0],[0.5714645581344422,5.714645581344422,1.0],[0.3553516990323421,3.5535169903234207,1.0],[0.4109500828077237,4.109500828077238,1.0],[0.8741229133056294,8.741229133056294,1.0],[0.9420210435021625,9.420210435021625,1.0],[0.30280487290994307,3.0280487290994307,1.0],[0.8284132151265241,8.284132151265242,1.0],[0.3304643624332526,3.304643624332526,1.0],[0.5345490821912385,5.345490821912385,1.0],[0.05846257531970078,0.5846257531970078,1.0],[0.3640608639017009,3.640608639017009,1.0],[0.4918937375846536,4.918937375846536,1.0],[0.05273726661906186,0.5273726661906186,1.0],[0.9082050684613338,9.082050684613337,1.0]]
0_BehnkeGeiger_42_workers.fjs;183.1749795107103;4445964;[28,37,48,59,75,10,28,39,48,60,0,13,23,32,48,19,40,49,59,75,0,11,22,35,44,21,33,47,56,65,13,36,47,57,75,0,10,26,37,54,0,19,36,47,57,11,21,34,48,65];[2,7,31,24,58,2,39,42,53,59,3,29,33,13,57,0,51,28,40,56,1,43,34,6,59,1,4,8,41,57,3,17,47,47,57,2,26,18,18,56,0,10,35,27,58,1,35,37,29,56];[43,65,62,81,2,68,10,56,86,28,11,63,89,50,65,21,33,9,1,49,47,46,52,70,13,74,85,52,78,5,54,1,11,10,14,84,60,12,58,87,48,15,4,12,23,82,39,36,61,52];[[0.4211249061401,4.211249061401,1.0],[0.9761073344853062,9.761073344853061,1.0],[0.6132800246752349,6.132800246752349,1.0],[0.6930423279788359,6.930423279788359,1.0],[0.5088628354481554,5.088628354481553,1.0],[0.18781156668551158,1.8781156668551158,1.0],[0.830121874145001,8.301218741450011,1.0],[0.8449241651217704,8.449241651217704,1.0],[0.20962821201639004,2.0962821201639006,1.0],[0.6505169872996391,6.505169872996391,1.0],[0.7003316191510263,7.003316191510263,1.0],[0.7150339547653067,7.150339547653068,1.0],[0.8091072451390076,8.091072451390076,1.0],[0.8451978833841938,8.451978833841938,1.0],[0.3695849781386673,3.695849781386673,1.0],[0.5056149902637381,5.056149902637381,1.0],[0.7206140757071586,7.206140757071586,1.0],[0.14319015826691817,1.4319015826691817,1.0],[0.026697115061789622,0.2669711506178962,1.0],[0.15341588178909327,1.5341588178909327,1.0],[0.8363432326370349,8.363432326370349,1.0],[0.3246336983988545,3.2463369839885448,1.0],[0.3029175030516511,3.029175030516511,1.0],[0.11785699745257816,1.1785699745257816,1.0],[0.12094663440427922,1.2094663440427922,1.0],[0.9680758098639723,9.680758098639723,1.0],[0.05051541232897139,0.5051541232897139,1.0],[0.9837100378798541,9.83710037879854,1.0],[0.5522705914806934,5.5227059148069335,1.0],[0.2474360532702261,2.474360532702261,1.0],[0.015934056387660878,0.15934056387660878,1.0],[0.8816507734170083,8.816507734170083,1.0],[0.38970094386643916,3.8970094386643916,1.0],[0.948399003178236,9.48399003178236,1.0],[0.05851121780149349,0.5851121780149349,1.0],[0.7974936305528121,7.974936305528121,1.0],[0.6609068549274018,6.609068549274017,1.0],[0.8088394062462949,8.08839406246295,1.0],[0.4910678923283146,4.910678923283146,1.0],[0.7183875619927151,7.183875619927152,1.0],[0.44010133419268005,4.4010133419268005,1.0],[0.23511737188381732,2.351173718838173,1.0],[0.13179454335673724,1.3179454335673724,1.0],[0.47235541919868507,4.7235541919868504,1.0],[0.736485892218076,7.36485892218076,1.0],[0.020512092588616526,0.20512092588616526,1.0],[0.15372078110124265,1.5372078110124265,1.0],[0.9186126274153484,9.186126274153484,1.0],[0.5327250835103642,5.327250835103642,1.0],[0.5544157030510064,5.544157030510064,1.0],[0.6069379100604821,6.069379100604822,1.0],[0.14801757270189186,1.4801757270189186,1.0],[0.4404344830924649,4.404344830924649,1.0],[0.38949638513061857,3.8949638513061857,1.0],[0.720992959617223,7.20992959617223,1.0],[0.48989961614799515,4.8989961614799515,1.0],[0.6559321524303485,6.559321524303485,1.0],[0.9188878069642079,9.18887806964208,1.0],[0.48657298069770416,4.865729806977042,1.0],[0.7972300829849082,7.972300829849082,1.0],[0.5639219663957465,5.639219663957466,1.0],[0.961016524120257,9.61016524120257,1.0],[0.47644799508871905,4.764479950887191,1.0],[0.24879011707166054,2.487901170716605,1.0],[0.9490182751915078,9.490182751915079,1.0],[0.7422259987799357,7.4222599877993565,1.0],[0.14336464132504567,1.4336464132504567,1.0],[0.3587815743778219,3.5878157437782185,1.0],[0.4933829199950983,4.933829199950983,1.0],[0.05388988630637248,0.5388988630637248,1.0],[0.218161652046843,2.18161652046843,1.0],[0.11036855637231835,1.1036855637231835,1.0],[0.11019665525187328,1.1019665525187328,1.0],[0.08321860713308704,0.8321860713308704,1.0],[0.8548431956714836,8.548431956714836,1.0],[0.8379786013676603,8.379786013676604,1.0],[0.49692456318177003,4.9692456318177,1.0],[0.3383418526610099,3.3834185266100993,1.0],[0.8847267085145368,8.847267085145369,1.0],[0.7727073339099483,7.727073339099483,1.0],[0.4378611007868425,4.378611007868425,1.0],[0.36357237359531624,3.6357237359531624,1.0],[0.9993128545514127,9.993128545514127,1.0],[0.011407353725907177,0.11407353725907177,1.0],[0.683883535316853,6.8388353531685295,1.0],[0.5777677015169478,5.777677015169478,1.0],[0.279572135569809,2.79572135569809,1.0],[0.5251374991808218,5.251374991808218,1.0],[0.19595099082337364,1.9595099082337364,1.0],[0.6934430548580864,6.934430548580864,1.0]]
0_BehnkeGeiger_42_workers.fjs;187.44112508000245;4032528;[12,22,32,46,58,13,35,46,55,64,0,13,23,32,43,0,12,23,34,46,28,39,52,61,70,22,43,57,66,76,12,25,36,47,57,0,12,23,32,47,0,18,37,48,58,18,28,43,61,71];[2,9,31,18,59,3,39,32,30,58,3,29,12,6,57,2,37,4,17,56,1,43,35,6,59,2,4,8,28,57,0,18,47,47,56,0,25,14,14,58,1,11,35,44,57,1,33,37,35,56];[52,0,38,27,70,12,27,32,80,56,29,13,48,77,25,34,36,3,50,72,51,40,66,77,14,39,59,82,61,78,7,4,75,22,84,38,30,33,48,36,58,35,85,11,71,44,83,1,83,29];[[0.4831103964860096,4.831103964860096,1.0],[0.9021829992468611,9.02182999246861,1.0],[0.5374571935128641,5.374571935128642,1.0],[0.8761340971511191,8.761340971511192,1.0],[0.573156942708234,5.7315694270823405,1.0],[0.994523847851402,9.945238478514021,1.0],[0.3574465703190305,3.574465703190305,1.0],[0.6617299629663892,6.617299629663892,1.0],[0.4882872262788658,4.882872262788657,1.0],[0.5726412824777106,5.726412824777106,1.0],[0.32388398325139345,3.2388398325139347,1.0],[0.8072354510963532,8.072354510963532,1.0],[0.8087324055796944,8.087324055796945,1.0],[0.660852452150834,6.60852452150834,1.0],[0.5802577271631468,5.802577271631469,1.0],[0.04408639890691246,0.4408639890691246,1.0],[0.7725635994624831,7.725635994624831,1.0],[0.340181488474281,3.4018148847428096,1.0],[0.09506024617702258,0.9506024617702258,1.0],[0.23214768683087816,2.321476868308782,1.0],[0.29508457816293987,2.9508457816293987,1.0],[0.12277001052286385,1.2277001052286385,1.0],[0.47347375902937305,4.73473759029373,1.0],[0.8739362489567938,8.739362489567938,1.0],[0.5942988909169951,5.942988909169951,1.0],[0.3932636751035087,3.932636751035087,1.0],[0.356262027818981,3.5626202781898098,1.0],[0.8443312190299666,8.443312190299665,1.0],[0.7137768111623821,7.137768111623821,1.0],[0.541649960332778,5.416499603327781,1.0],[0.26577494883360064,2.657749488336006,1.0],[0.9303686520183944,9.303686520183943,1.0],[0.6647036321879223,6.647036321879223,1.0],[0.8481261874486201,8.4812618744862,1.0],[0.2743023069142022,2.743023069142022,1.0],[0.5987856125347181,5.9878561253471805,1.0],[0.4569423976865593,4.569423976865593,1.0],[0.33213605365278576,3.3213605365278576,1.0],[0.81263475330977,8.1263475330977,1.0],[0.5964941538505839,5.964941538505839,1.0],[0.9947889064585738,9.947889064585738,1.0],[0.8287071581836081,8.28707158183608,1.0],[0.018381501525532307,0.18381501525532307,1.0],[0.6100637867915101,6.1006378679151005,1.0],[0.28754239195595754,2.8754239195595757,1.0],[0.7986732822669409,7.986732822669409,1.0],[0.8174504530922707,8.174504530922707,1.0],[0.18940839630142858,1.8940839630142858,1.0],[0.9250951518484526,9.250951518484525,1.0],[0.5373164168533412,5.373164168533412,1.0],[0.8365277849121914,8.365277849121913,1.0],[0.6316914250178033,6.316914250178033,1.0],[0.15184034432706983,1.5184034432706983,1.0],[0.5281662867111906,5.281662867111906,1.0],[0.4583451302924175,4.583451302924175,1.0],[0.04230631300605814,0.4230631300605814,1.0],[0.1258096578607567,1.258096578607567,1.0],[0.06582033812283716,0.6582033812283716,1.0],[0.897419605140406,8.97419605140406,1.0],[0.47272098686609687,4.727209868660969,1.0],[0.19003538760239747,1.9003538760239747,1.0],[0.34250509114102723,3.4250509114102723,1.0],[0.22496847931809727,2.2496847931809727,1.0],[0.293396880055004,2.9339688005500397,1.0],[0.3753743367942156,3.753743367942156,1.0],[0.4599736060992935,4.599736060992935,1.0],[0.47948809501936374,4.794880950193638,1.0],[0.958573092010442,9.585730920104421,1.0],[0.03253904300604349,0.3253904300604349,1.0],[0.4348005170756857,4.348005170756856,1.0],[0.24880188012436077,2.4880188012436077,1.0],[0.93408987269609,9.3408987269609,1.0],[0.35770560301992216,3.5770560301992216,1.0],[0.22393216152842832,2.2393216152842834,1.0],[0.8671870642757824,8.671870642757824,1.0],[0.20511903908208484,2.0511903908208486,1.0],[0.5992675664028208,5.992675664028208,1.0],[0.6786791129322917,6.786791129322917,1.0],[0.9375637812513765,9.375637812513766,1.0],[0.3890912025981019,3.8909120259810193,1.0],[0.6288767973577327,6.288767973577327,1.0],[0.36699471368723124,3.669947136872312,1.0],[0.04690020251623861,0.4690020251623861,1.0],[0.8490856184138454,8.490856184138455,1.0],[0.8901673736704244,8.901673736704245,1.0],[0.9161787126503858,9.161787126503857,1.0],[0.1131043999360144,1.131043999360144,1.0],[0.7774537080224232,7.774537080224232,1.0],[0.03095965729693917,0.3095965729693917,1.0],[0.03970963579151632,0.3970963579151632,1.0]]
0_BehnkeGeiger_42_workers.fjs;185.7623247269171;4479168;[0,9,28,49,62,9,27,38,49,59,0,13,24,34,47,0,21,31,41,55,10,21,32,44,53,21,33,47,56,67,31,42,55,65,75,21,31,42,51,64,13,36,53,64,74,0,10,23,34,44];[2,19,9,41,57,2,39,41,48,58,3,25,12,13,58,0,21,28,47,56,1,43,53,6,59,1,4,8,6,59,0,11,47,47,57,0,25,34,17,56,3,10,36,14,56,1,5,22,35,57];[82,53,79,88,68,68,85,87,36,56,12,17,32,49,43,44,34,28,78,25,51,46,68,70,14,21,65,34,71,33,88,47,85,67,26,82,50,0,44,37,71,73,76,35,51,64,15,12,30,64];[[0.34661995661142697,3.4661995661142697,1.0],[0.2286410960833074,2.286410960833074,1.0],[0.012392470279078194,0.12392470279078194,1.0],[0.9308270259025113,9.308270259025113,1.0],[0.3225145761620236,3.225145761620236,1.0],[0.0006954578022455582,0.006954578022455582,1.0],[0.2097170717940725,2.097170717940725,1.0],[0.5179602272351016,5.179602272351016,1.0],[0.7628222106217201,7.6282221062172,1.0],[0.3089717897377221,3.089717897377221,1.0],[0.15113122452813788,1.5113122452813788,1.0],[0.07045772229012492,0.7045772229012492,1.0],[0.8725064026541692,8.725064026541693,1.0],[0.3074981421409557,3.074981421409557,1.0],[0.272859759997538,2.7285975999753798,1.0],[0.9838464878398866,9.838464878398867,1.0],[0.7385079487399623,7.385079487399623,1.0],[0.7690782380223464,7.690782380223464,1.0],[0.7347776517949599,7.347776517949599,1.0],[0.040110031230356946,0.40110031230356946,1.0],[0.7832762173461114,7.832762173461115,1.0],[0.9889075602289727,9.889075602289727,1.0],[0.9868030389001332,9.868030389001332,1.0],[0.09156288276254032,0.9156288276254032,1.0],[0.6169801532161481,6.169801532161481,1.0],[0.9026788995265191,9.026788995265191,1.0],[0.7985407520091817,7.985407520091817,1.0],[0.3776281884996082,3.776281884996082,1.0],[0.3548331359348883,3.548331359348883,1.0],[0.4034509368723006,4.034509368723006,1.0],[0.5249010978369003,5.249010978369003,1.0],[0.41070078970850576,4.107007897085058,1.0],[0.63967628453626,6.3967628453626,1.0],[0.644865700493546,6.44865700493546,1.0],[0.7187044523063962,7.187044523063962,1.0],[0.4606778023011676,4.606778023011676,1.0],[0.947243245359423,9.47243245359423,1.0],[0.5480976670697533,5.480976670697533,1.0],[0.5212437467785531,5.212437467785531,1.0],[0.9974770776792315,9.974770776792315,1.0],[0.8347236528324226,8.347236528324226,1.0],[0.5920335208252621,5.92033520825262,1.0],[0.5281200476143402,5.281200476143402,1.0],[0.9947145418085902,9.947145418085903,1.0],[0.3807311818221505,3.807311818221505,1.0],[0.16524593628445206,1.6524593628445206,1.0],[0.360275223783056,3.60275223783056,1.0],[0.08085968119624642,0.8085968119624642,1.0],[0.8395205202311514,8.395205202311514,1.0],[0.9614069909390023,9.614069909390023,1.0],[0.08576140927512577,0.8576140927512577,1.0],[0.06230204186426158,0.6230204186426158,1.0],[0.48309802210777264,4.830980221077726,1.0],[0.7527011136301647,7.527011136301647,1.0],[0.5653273490612396,5.653273490612396,1.0],[0.14308306009955207,1.4308306009955207,1.0],[0.9027442860174946,9.027442860174945,1.0],[0.39175874054121795,3.9175874054121795,1.0],[0.04470890378303016,0.4470890378303016,1.0],[0.4575329191628308,4.575329191628308,1.0],[0.44418114285306354,4.441811428530635,1.0],[0.0791756906829707,0.791756906829707,1.0],[0.37770490385691646,3.7770490385691646,1.0],[0.24872151644563356,2.4872151644563356,1.0],[0.31414454419740034,3.141445441974003,1.0],[0.40750067283296354,4.075006728329635,1.0],[0.17219359428721337,1.7219359428721337,1.0],[0.3882072229758389,3.8820722297583887,1.0],[0.7592365563423323,7.592365563423323,1.0],[0.222327149798478,2.22327149798478,1.0],[0.563344095817858,5.63344095817858,1.0],[0.06385831253616747,0.6385831253616747,1.0],[0.4915379293409209,4.915379293409209,1.0],[0.6493348169788958,6.493348169788958,1.0],[0.35923654185193077,3.5923654185193077,1.0],[0.011177057117131461,0.11177057117131461,1.0],[0.2733467293051436,2.7334672930514357,1.0],[0.5355549647286275,5.355549647286275,1.0],[0.6301964483914466,6.301964483914466,1.0],[0.13021308409642796,1.3021308409642796,1.0],[0.25996455672831287,2.5996455672831287,1.0],[0.08504584081016042,0.8504584081016042,1.0],[0.7433003345161341,7.433003345161341,1.0],[0.18226229691513296,1.8226229691513296,1.0],[0.9489642736607146,9.489642736607145,1.0],[0.8673076709060825,8.673076709060826,1.0],[0.2783750143398719,2.783750143398719,1.0],[0.779542699505796,7.79542699505796,1.0],[0.05243151622562159,0.5243151622562159,1.0],[0.5237802038743088,5.237802038743088,1.0]]
0_BehnkeGeiger_42_workers.fjs;181.74979461666408;4552644;[30,39,48,64,74,13,35,46,55,65,0,13,24,33,45,0,12,23,35,58,22,33,48,61,72,10,22,36,45,54,0,12,22,32,45,12,23,35,44,59,12,30,47,59,68,0,10,25,38,48];[2,28,30,22,58,3,39,42,48,57,3,45,33,13,58,2,37,12,37,56,1,36,34,6,59,1,4,8,41,59,0,11,47,45,57,0,25,14,21,58,2,10,35,44,56,1,29,21,50,56];[12,39,17,89,2,53,46,53,77,10,29,17,89,37,5,3,39,61,34,2,10,4,62,46,7,62,5,20,81,33,37,1,50,0,14,77,21,80,70,52,86,38,78,11,31,82,58,8,3,31];[[0.8559393885152179,8.55939388515218,1.0],[0.8004839408308784,8.004839408308783,1.0],[0.5938433496209707,5.938433496209708,1.0],[0.8870093324131678,8.870093324131679,1.0],[0.741558169706834,7.4155816970683395,1.0],[0.8097670389513107,8.097670389513107,1.0],[0.2247324103169328,2.247324103169328,1.0],[0.9761818800633866,9.761818800633865,1.0],[0.6339038774096737,6.339038774096737,1.0],[0.5580285642552777,5.580285642552777,1.0],[0.4463526500656817,4.463526500656817,1.0],[0.28336462923826333,2.8336462923826335,1.0],[0.9019880415639555,9.019880415639555,1.0],[0.03268507148422006,0.32685071484220063,1.0],[0.4362825217209084,4.3628252172090844,1.0],[0.18851543397694082,1.8851543397694082,1.0],[0.9250090249429151,9.250090249429151,1.0],[0.9012349700248556,9.012349700248556,1.0],[0.12108560404704316,1.2108560404704316,1.0],[0.9174015512221217,9.174015512221217,1.0],[0.6336036775858569,6.3360367758585685,1.0],[0.8916415369189501,8.916415369189501,1.0],[0.9427537000908234,9.427537000908234,1.0],[0.6474269734768437,6.474269734768438,1.0],[0.2944017446773023,2.9440174467730227,1.0],[0.22784863884628848,2.278486388462885,1.0],[0.026726933813205345,0.26726933813205345,1.0],[0.5708724060922277,5.708724060922277,1.0],[0.09143396648058832,0.9143396648058832,1.0],[0.9728808105837072,9.728808105837071,1.0],[0.04913857274611522,0.49138572746115217,1.0],[0.8163054842016593,8.163054842016592,1.0],[0.12136143786009423,1.2136143786009423,1.0],[0.39347747924753973,3.9347747924753973,1.0],[0.7612563626694716,7.612563626694716,1.0],[0.2669682491794272,2.669682491794272,1.0],[0.032329137447332346,0.32329137447332346,1.0],[0.27066047462765497,2.7066047462765495,1.0],[0.8705591702034446,8.705591702034447,1.0],[0.8809847340925547,8.809847340925547,1.0],[0.18409719287978143,1.8409719287978143,1.0],[0.20156279965759893,2.015627996575989,1.0],[0.5164915614426145,5.164915614426145,1.0],[0.4956047792365974,4.956047792365974,1.0],[0.6077297164851029,6.0772971648510286,1.0],[0.9001180841411072,9.001180841411072,1.0],[0.78410741646787,7.8410741646787,1.0],[0.4806185677402214,4.806185677402214,1.0],[0.1147765683905323,1.147765683905323,1.0],[0.07024459811816619,0.7024459811816619,1.0],[0.3187451092517546,3.187451092517546,1.0],[0.0073062864940089955,0.07306286494008996,1.0],[0.5205444033755386,5.205444033755386,1.0],[0.6250968201912236,6.250968201912236,1.0],[0.25055568445480136,2.5055568445480136,1.0],[0.615922435604406,6.15922435604406,1.0],[0.3870907125242423,3.8709071252424234,1.0],[0.21814785067570475,2.1814785067570472,1.0],[0.8734963280117019,8.734963280117018,1.0],[0.28722080489037183,2.872208048903718,1.0],[0.09639359128751424,0.9639359128751424,1.0],[0.7548858731919171,7.548858731919172,1.0],[0.6851727386050028,6.851727386050028,1.0],[0.051174076075845676,0.5117407607584568,1.0],[0.17887018113864828,1.7887018113864828,1.0],[0.609251556117635,6.09251556117635,1.0],[0.24984154075152953,2.4984154075152953,1.0],[0.368174715277632,3.68174715277632,1.0],[0.05876744192941186,0.5876744192941186,1.0],[0.12260955919754979,1.226095591975498,1.0],[0.45916262109070083,4.591626210907008,1.0],[0.4009271808935736,4.009271808935736,1.0],[0.46504811859381157,4.650481185938116,1.0],[0.21320952910254887,2.1320952910254887,1.0],[0.6247271975216867,6.247271975216867,1.0],[0.28525256320918047,2.8525256320918047,1.0],[0.6348406939976744,6.348406939976744,1.0],[0.8319882392437383,8.319882392437384,1.0],[0.8395421352998061,8.395421352998062,1.0],[0.019614941273996434,0.19614941273996434,1.0],[0.5413984842077535,5.413984842077535,1.0],[0.2718798292635384,2.718798292635384,1.0],[0.4481717263007644,4.481717263007644,1.0],[0.26376858333274344,2.6376858333274344,1.0],[0.3349547069458171,3.349547069458171,1.0],[0.5175169666891029,5.175169666891028,1.0],[0.6865980117314152,6.865980117314152,1.0],[0.12545365307174206,1.2545365307174206,1.0],[0.02272642984071671,0.2272642984071671,1.0],[0.7308912721040333,7.308912721040333,1.0]]
0_BehnkeGeiger_42_workers.fjs;188.58392668151467;4785504;[12,21,30,47,61,0,21,32,41,51,21,43,54,63,75,0,12,22,34,46,28,39,50,62,76,23,38,53,64,74,10,28,40,50,60,21,31,46,57,78,0,23,41,52,65,0,10,24,35,55];[2,53,28,40,58,0,39,42,48,59,2,45,33,46,58,2,18,6,17,56,1,43,53,6,59,3,5,8,28,57,1,19,47,47,57,0,26,15,23,56,3,10,35,14,56,1,31,13,32,56];[0,45,80,30,13,22,10,36,32,50,0,67,82,44,77,40,34,30,50,36,47,46,77,52,49,81,86,73,73,85,50,51,7,7,26,19,79,71,71,60,71,4,73,84,31,64,66,72,6,9];[[0.5198238265685563,5.198238265685563,1.0],[0.9583988744400509,9.583988744400509,1.0],[0.3402956357666065,3.402956357666065,1.0],[0.7081849781179302,7.081849781179303,1.0],[0.9252189405445452,9.252189405445453,1.0],[0.05032666735654623,0.5032666735654623,1.0],[0.6613275461751585,6.613275461751585,1.0],[0.82711411373077,8.271141137307701,1.0],[0.8734961127808921,8.734961127808921,1.0],[0.5913019030238962,5.913019030238962,1.0],[0.11264722490163037,1.1264722490163037,1.0],[0.34477784983246407,3.4477784983246407,1.0],[0.011377599382669468,0.11377599382669468,1.0],[0.7909742881977946,7.909742881977946,1.0],[0.3277964015146908,3.277964015146908,1.0],[0.22222795698924247,2.2222795698924247,1.0],[0.14676573527209236,1.4676573527209236,1.0],[0.040648812187981,0.40648812187981,1.0],[0.14328037004549943,1.4328037004549943,1.0],[0.10349201402412567,1.0349201402412567,1.0],[0.2300149081299988,2.3001490812999883,1.0],[0.34985110243749995,3.4985110243749995,1.0],[0.866750807284636,8.66750807284636,1.0],[0.14758827376144812,1.4758827376144812,1.0],[0.22391440251713068,2.239144025171307,1.0],[0.24865543755958186,2.4865543755958184,1.0],[0.2300130943157953,2.300130943157953,1.0],[0.8293061040602848,8.293061040602849,1.0],[0.43895527513494326,4.389552751349433,1.0],[0.44969387575897835,4.496938757589783,1.0],[0.3412024287409555,3.4120242874095554,1.0],[0.9004679331719968,9.004679331719968,1.0],[0.43962892413733223,4.3962892413733226,1.0],[0.45751138605113895,4.575113860511389,1.0],[0.5639201948280074,5.639201948280074,1.0],[0.6726986423945157,6.726986423945157,1.0],[0.6597005192680269,6.597005192680268,1.0],[0.9102187034878934,9.102187034878934,1.0],[0.5766896035151798,5.766896035151799,1.0],[0.4155337643506154,4.155337643506154,1.0],[0.35757675057500693,3.5757675057500693,1.0],[0.5416053049315015,5.416053049315015,1.0],[0.24141379817839304,2.4141379817839304,1.0],[0.14373377933442777,1.4373377933442777,1.0],[0.05947898491433379,0.5947898491433379,1.0],[0.49975509403239127,4.9975509403239124,1.0],[0.3186129737753496,3.186129737753496,1.0],[0.7700173830289908,7.700173830289908,1.0],[0.48539290197593976,4.853929019759398,1.0],[0.4627755002794737,4.6277550027947365,1.0],[0.5376316431809531,5.376316431809531,1.0],[0.9085166904492054,9.085166904492054,1.0],[0.8894638917603915,8.894638917603915,1.0],[0.7295709856829492,7.295709856829492,1.0],[0.10156484356406248,1.0156484356406248,1.0],[0.7756986430311787,7.7569864303117875,1.0],[0.2646734419538803,2.646734419538803,1.0],[0.08522369075097047,0.8522369075097047,1.0],[0.05298946435344931,0.5298946435344931,1.0],[0.15739225219713138,1.5739225219713138,1.0],[0.4318886991151929,4.318886991151929,1.0],[0.633165302477868,6.33165302477868,1.0],[0.24439281766986376,2.4439281766986376,1.0],[0.8989634350161788,8.989634350161788,1.0],[0.5191347024590356,5.191347024590356,1.0],[0.6810385741390934,6.8103857413909346,1.0],[0.16547355180616963,1.6547355180616963,1.0],[0.7628548802754104,7.6285488027541035,1.0],[0.3141854421416449,3.1418544214164488,1.0],[0.41192209034050886,4.119220903405089,1.0],[0.02240642416721894,0.2240642416721894,1.0],[0.6263477255847869,6.263477255847869,1.0],[0.6946401733451906,6.946401733451905,1.0],[0.5537872676983423,5.537872676983423,1.0],[0.14353633683289113,1.4353633683289113,1.0],[0.3828088769666892,3.828088769666892,1.0],[0.20550831512341627,2.0550831512341627,1.0],[0.8424160101430348,8.424160101430347,1.0],[0.33056458054195836,3.3056458054195836,1.0],[0.9503462496022802,9.503462496022802,1.0],[0.733658429518869,7.33658429518869,1.0],[0.7327837389781332,7.327837389781332,1.0],[0.5833156544997408,5.833156544997408,1.0],[0.2636719126307169,2.6367191263071685,1.0],[0.7038517121832796,7.038517121832796,1.0],[0.9859996488049411,9.859996488049411,1.0],[0.3427619282161496,3.427619282161496,1.0],[0.731149933057056,7.31149933057056,1.0],[0.24180730800578631,2.418073080057863,1.0],[0.8057399760917423,8.057399760917423,1.0]]
0_BehnkeGeiger_42_workers.fjs;181.9719133872012;4960044;[0,9,18,32,45,9,27,38,47,58,10,26,37,46,58,27,39,49,61,75,22,33,46,60,72,10,22,36,45,54,26,37,48,60,72,0,10,24,35,48,0,23,42,53,62,0,10,20,33,44];[2,9,10,40,57,2,39,42,30,58,0,19,12,46,57,2,51,12,17,56,1,43,8,6,59,1,5,8,41,59,0,19,47,47,57,0,4,15,21,56,3,11,36,44,56,1,50,31,32,58];[25,6,4,59,68,68,31,77,46,56,23,69,75,62,18,34,72,60,85,23,47,40,63,72,70,24,60,20,69,84,66,18,86,23,26,76,42,86,70,52,71,13,76,64,89,51,48,55,89,37];[[0.18019241848515155,1.8019241848515155,1.0],[0.48736227300275514,4.873622730027551,1.0],[0.07759170039841756,0.7759170039841756,1.0],[0.5225667244081349,5.2256672440813485,1.0],[0.9196433340252647,9.196433340252646,1.0],[0.8762509611803474,8.762509611803473,1.0],[0.5029695910906639,5.029695910906638,1.0],[0.8160267976375112,8.160267976375112,1.0],[0.8059112000327816,8.059112000327817,1.0],[0.2140591090540045,2.140591090540045,1.0],[0.08805821114486456,0.8805821114486456,1.0],[0.20329737064426556,2.0329737064426556,1.0],[0.5837360924329463,5.837360924329463,1.0],[0.6737333796339059,6.737333796339059,1.0],[0.1608013027204077,1.6080130272040771,1.0],[0.7465026683932527,7.465026683932527,1.0],[0.5706715087422025,5.706715087422025,1.0],[0.4637998194614905,4.637998194614905,1.0],[0.510707169665419,5.10707169665419,1.0],[0.13436739791107,1.3436739791107,1.0],[0.5955836724768061,5.955836724768061,1.0],[0.9705970110642231,9.705970110642232,1.0],[0.1380260373669585,1.380260373669585,1.0],[0.6915046322372392,6.915046322372392,1.0],[0.4571104412123077,4.571104412123077,1.0],[0.7770933375992647,7.770933375992647,1.0],[0.4288907275773849,4.288907275773849,1.0],[0.7873492179192781,7.873492179192781,1.0],[0.45358103110054593,4.535810311005459,1.0],[0.29994077462327984,2.9994077462327984,1.0],[0.26785911780148886,2.6785911780148886,1.0],[0.41380996534982095,4.13809965349821,1.0],[0.8955750490686861,8.955750490686862,1.0],[0.33899298335361505,3.3899298335361507,1.0],[0.4439220021216055,4.439220021216055,1.0],[0.2663146653444304,2.663146653444304,1.0],[0.1912128081922898,1.912128081922898,1.0],[0.8422148536074314,8.422148536074314,1.0],[0.12934381348500923,1.2934381348500923,1.0],[0.5457493539256076,5.457493539256077,1.0],[0.6889713324133125,6.889713324133125,1.0],[0.3133089603750071,3.1330896037500713,1.0],[0.781346930988076,7.81346930988076,1.0],[0.7476684671478541,7.476684671478541,1.0],[0.694338776663945,6.943387766639449,1.0],[0.010283626574111193,0.10283626574111193,1.0],[0.7581500624990217,7.581500624990217,1.0],[0.8365660626079888,8.365660626079888,1.0],[0.8965297598339126,8.965297598339125,1.0],[0.42501586527499824,4.250158652749983,1.0],[0.29726573226441977,2.9726573226441975,1.0],[0.1892293583037329,1.8922935830373289,1.0],[0.7243244498868214,7.243244498868214,1.0],[0.8519753238078789,8.519753238078788,1.0],[0.10178542532455293,1.0178542532455293,1.0],[0.5249813114594203,5.249813114594203,1.0],[0.36905004287313525,3.6905004287313528,1.0],[0.14252011028375144,1.4252011028375144,1.0],[0.9116619067804255,9.116619067804255,1.0],[0.54316015559511,5.4316015559511,1.0],[0.4203904144024305,4.203904144024305,1.0],[0.8163513162724128,8.163513162724128,1.0],[0.8589171046239985,8.589171046239985,1.0],[0.7596233819507995,7.596233819507995,1.0],[0.8852403456386315,8.852403456386316,1.0],[0.14006433750837965,1.4006433750837965,1.0],[0.7153091891141413,7.153091891141413,1.0],[0.4033601431159366,4.033601431159366,1.0],[0.3246442732123802,3.246442732123802,1.0],[0.610505749299754,6.10505749299754,1.0],[0.9436716318473461,9.436716318473461,1.0],[0.22542293193962482,2.254229319396248,1.0],[0.22792853612720076,2.2792853612720076,1.0],[0.3202161638777423,3.202161638777423,1.0],[0.9471716155913338,9.471716155913338,1.0],[0.06517330654168263,0.6517330654168263,1.0],[0.5318417096543258,5.318417096543257,1.0],[0.060458432800693074,0.6045843280069307,1.0],[0.0568250937122835,0.568250937122835,1.0],[0.05525076001007523,0.5525076001007523,1.0],[0.08040862393544657,0.8040862393544657,1.0],[0.45414991337399147,4.541499133739915,1.0],[0.5398206863735848,5.398206863735848,1.0],[0.9620202223629081,9.62020222362908,1.0],[0.4443670125830569,4.443670125830569,1.0],[0.4943162252029675,4.9431622520296745,1.0],[0.301158822820192,3.01158822820192,1.0],[0.03764467466094412,0.3764467466094412,1.0],[0.32502817216022195,3.2502817216022195,1.0],[0.6923405421469611,6.92340542146961,1.0]]
0_BehnkeGeiger_46_workers.fjs;288.7142320784272;4927968;[22,37,62,73,98,52,77,88,99,113,13,26,37,48,74,50,69,81,90,121,0,12,23,42,63,16,27,43,53,62,0,16,26,36,51,30,45,55,65,76,27,40,50,66,78,45,70,80,91,101,62,78,94,107,123,40,52,65,78,103,0,13,26,36,61,37,50,60,76,87,0,14,34,49,85,14,30,51,72,109,40,62,80,93,123,12,22,34,46,57,26,40,50,65,87,70,83,93,104,113];[3,38,30,31,59,2,37,37,44,57,1,10,24,42,59,3,21,32,4,58,3,30,37,34,59,2,15,22,39,58,2,33,52,48,59,0,29,6,29,58,2,19,41,26,56,0,53,10,27,56,1,20,38,47,59,2,46,6,22,58,1,14,4,52,56,3,8,48,29,59,0,48,49,55,57,0,25,10,13,59,1,47,53,53,57,3,49,13,7,57,1,43,43,52,58,0,43,42,34,56];[5,61,64,44,16,38,68,34,62,42,80,21,68,62,27,0,56,23,8,60,63,37,40,48,50,81,58,43,14,49,78,63,28,20,50,44,26,26,14,30,74,23,46,37,29,39,79,36,3,71,29,74,61,88,47,86,84,4,9,36,45,72,77,55,15,51,53,1,52,33,75,8,75,87,60,46,52,71,19,41,64,53,5,86,32,79,70,41,81,25,78,78,76,21,14,6,0,48,74,59];[[0.7773566427005639,7.7735664270056395,1.0],[0.6698255595592497,6.698255595592498,1.0],[0.09913960392481702,0.9913960392481702,1.0],[0.35297051119014544,3.529705111901454,1.0],[0.4679077429008419,4.679077429008419,1.0],[0.5346837414708775,5.346837414708775,1.0],[0.9783090609123973,9.783090609123974,1.0],[0.13031535015865903,1.3031535015865903,1.0],[0.6712434682302663,6.712434682302662,1.0],[0.36422941594737557,3.6422941594737557,1.0],[0.48883570716198577,4.888357071619858,1.0],[0.20301221073405373,2.0301221073405373,1.0],[0.6661983755713592,6.661983755713592,1.0],[0.2276630312069321,2.276630312069321,1.0],[0.4580640582967631,4.580640582967631,1.0],[0.040722397554957435,0.40722397554957435,1.0],[0.9742897953778286,9.742897953778286,1.0],[0.4874760742689066,4.874760742689066,1.0],[0.4616138636373597,4.616138636373597,1.0],[0.7141471558082002,7.141471558082002,1.0],[0.4157281494999725,4.157281494999725,1.0],[0.888011688001529,8.88011688001529,1.0],[0.023293448723771704,0.23293448723771704,1.0],[0.8335062677845465,8.335062677845466,1.0],[0.4684947409975081,4.684947409975081,1.0],[0.8114798126442795,8.114798126442794,1.0],[0.9455914886158723,9.455914886158723,1.0],[0.9830883781948988,9.830883781948987,1.0],[0.1761820755785306,1.761820755785306,1.0],[0.698655759576308,6.98655759576308,1.0],[0.10885571131238292,1.0885571131238292,1.0],[0.16026373420620188,1.6026373420620188,1.0],[0.09286027402458918,0.9286027402458918,1.0],[0.3140620798928404,3.140620798928404,1.0],[0.01653868433866723,0.1653868433866723,1.0],[0.8540491257363622,8.540491257363621,1.0],[0.2910160386456968,2.910160386456968,1.0],[0.7800475863350328,7.800475863350328,1.0],[0.5480965161255696,5.480965161255696,1.0],[0.19433067669976123,1.9433067669976123,1.0],[0.2920382721805297,2.920382721805297,1.0],[0.3194527773994337,3.194527773994337,1.0],[0.6585982235379076,6.585982235379077,1.0],[0.23152103541222924,2.3152103541222924,1.0],[0.6194303369953537,6.194303369953537,1.0],[0.8953386098022104,8.953386098022104,1.0],[0.8694342085696831,8.694342085696832,1.0],[0.2938069356684523,2.938069356684523,1.0],[0.45820480858054946,4.582048085805495,1.0],[0.4849797978711191,4.849797978711191,1.0],[0.2803882693587225,2.803882693587225,1.0],[0.32895694635060024,3.2895694635060027,1.0],[0.9842424240265042,9.842424240265043,1.0],[0.011944137920874343,0.11944137920874343,1.0],[0.14290076829328524,1.4290076829328524,1.0],[0.6519772165446712,6.519772165446712,1.0],[0.07499317994693244,0.7499317994693244,1.0],[0.29207870228110877,2.920787022811088,1.0],[0.7934429721917705,7.934429721917705,1.0],[0.9115931008709737,9.115931008709737,1.0],[0.3703917795895437,3.7039177958954372,1.0],[0.20528221118666345,2.0528221118666345,1.0],[0.880081326784678,8.80081326784678,1.0],[0.6325664501560831,6.325664501560832,1.0],[0.503514326058558,5.0351432605855795,1.0],[0.3308435596710889,3.308435596710889,1.0],[0.3474001835074456,3.474001835074456,1.0],[0.2924115863324481,2.9241158633244813,1.0],[0.7653974346433319,7.653974346433319,1.0],[0.4784432998768373,4.784432998768374,1.0],[0.2015373401465821,2.015373401465821,1.0],[0.8715627297687166,8.715627297687167,1.0],[0.7551785489449617,7.5517854894496175,1.0],[0.8675584511848858,8.675584511848859,1.0],[0.9323236929247266,9.323236929247265,1.0],[0.24171326534063708,2.417132653406371,1.0],[0.8924504838872919,8.924504838872918,1.0],[0.7659566844206285,7.659566844206285,1.0],[0.4146826922981828,4.146826922981828,1.0],[0.32368260626724077,3.2368260626724075,1.0],[0.5613052389019693,5.613052389019693,1.0],[0.5908359788832377,5.908359788832377,1.0],[0.16558277680810296,1.6558277680810296,1.0],[0.4861970648764189,4.8619706487641885,1.0],[0.9490216941921916,9.490216941921917,1.0],[0.46819109749463483,4.681910974946348,1.0],[0.39662970244337636,3.9662970244337634,1.0],[0.9188065977724452,9.188065977724452,1.0],[0.9857276253270151,9.85727625327015,1.0],[0.9392006613006973,9.392006613006973,1.0]]
0_BehnkeGeiger_46_workers.fjs;274.27806450245396;4440600;[0,13,31,40,50,9,19,30,41,58,19,35,47,67,81,41,58,68,79,95,35,49,60,72,101,16,27,42,60,82,0,9,19,28,43,25,41,52,62,72,27,41,52,68,78,59,72,85,98,119,58,69,80,92,108,27,43,62,76,86,0,9,20,30,42,9,31,41,50,64,43,61,73,87,97,57,73,89,99,113,0,16,25,36,54,49,59,77,88,97,13,27,37,47,66,42,57,72,85,109];[1,6,38,24,56,3,37,46,30,59,3,33,4,42,57,2,23,55,9,58,3,53,39,32,57,2,55,21,53,58,0,33,34,48,59,0,29,6,5,59,2,45,40,19,56,3,44,17,27,56,2,18,6,31,58,1,17,6,21,59,3,14,4,7,58,0,8,12,25,57,1,46,50,30,59,0,43,4,42,57,2,49,24,11,57,3,48,14,46,56,1,39,41,55,58,0,16,34,34,59];[30,27,41,43,72,8,30,55,21,67,15,42,51,1,31,50,84,76,25,89,11,65,50,83,36,81,19,14,11,15,63,21,2,87,26,71,27,15,86,26,34,9,77,34,78,25,32,47,54,7,60,74,74,17,16,57,0,69,65,66,48,46,75,24,56,59,27,46,66,89,35,7,61,80,44,46,38,60,46,46,75,43,20,61,32,89,22,71,8,88,19,58,83,3,52,19,28,44,79,71];[[0.7966509679599704,7.966509679599704,1.0],[0.05862623274803458,0.5862623274803458,1.0],[0.7602397739740907,7.602397739740907,1.0],[0.8627037401845356,8.627037401845355,1.0],[0.09127403464611428,0.9127403464611428,1.0],[0.9024924365975527,9.024924365975528,1.0],[0.7858960565941281,7.858960565941281,1.0],[0.40667966546103385,4.0667966546103385,1.0],[0.37447264465852026,3.7447264465852026,1.0],[0.6490262282913547,6.490262282913547,1.0],[0.40092466608569977,4.009246660856998,1.0],[0.5721109226277574,5.721109226277575,1.0],[0.6077930620255084,6.077930620255084,1.0],[0.05072389565884072,0.5072389565884072,1.0],[0.7370880093375713,7.370880093375714,1.0],[0.708486383757228,7.08486383757228,1.0],[0.9221724532030824,9.221724532030823,1.0],[0.7149390332589045,7.149390332589045,1.0],[0.6557724968554814,6.5577249685548145,1.0],[0.7371071646895253,7.371071646895253,1.0],[0.18754222176317448,1.8754222176317448,1.0],[0.5019778365908455,5.019778365908455,1.0],[0.8950298548604116,8.950298548604117,1.0],[0.926358313475896,9.26358313475896,1.0],[0.01899157139556429,0.18991571395564288,1.0],[0.8777314655556964,8.777314655556964,1.0],[0.6362924717585655,6.362924717585655,1.0],[0.4066346562427898,4.066346562427898,1.0],[0.12957858368499198,1.2957858368499198,1.0],[0.8626878625294206,8.626878625294207,1.0],[0.25379646148203605,2.5379646148203605,1.0],[0.5928589993203222,5.9285899932032216,1.0],[0.0752821307110767,0.752821307110767,1.0],[0.55648541295561,5.5648541295561005,1.0],[0.39201372928372336,3.9201372928372336,1.0],[0.30661199501593694,3.0661199501593694,1.0],[0.16614394932812038,1.6614394932812038,1.0],[0.03548206500031437,0.35482065000314367,1.0],[0.8734081096560021,8.734081096560022,1.0],[0.6077933997757088,6.077933997757087,1.0],[0.00566233272181782,0.0566233272181782,1.0],[0.57937513910209,5.7937513910209,1.0],[0.766498732100053,7.66498732100053,1.0],[0.20058362814831487,2.0058362814831487,1.0],[0.9293225912363087,9.293225912363086,1.0],[0.8422636176481996,8.422636176481996,1.0],[0.5387041601810612,5.387041601810612,1.0],[0.9883390358185146,9.883390358185146,1.0],[0.21802702973914923,2.180270297391492,1.0],[0.038493402742472815,0.38493402742472815,1.0],[0.37032113547489287,3.7032113547489285,1.0],[0.1822270440474585,1.8222704404745849,1.0],[0.9462360068540245,9.462360068540246,1.0],[0.1150920367841759,1.150920367841759,1.0],[0.3529247978916473,3.529247978916473,1.0],[0.8631951229076982,8.631951229076982,1.0],[0.041228887544789705,0.41228887544789705,1.0],[0.08920964027917122,0.8920964027917122,1.0],[0.5188892304220151,5.1888923042201505,1.0],[0.3593751525090847,3.593751525090847,1.0],[0.02137850022746135,0.2137850022746135,1.0],[0.6705629807207766,6.705629807207766,1.0],[0.8415018800797289,8.41501880079729,1.0],[0.0549654710344607,0.549654710344607,1.0],[0.12847413232468474,1.2847413232468474,1.0],[0.12133653253479593,1.2133653253479593,1.0],[0.47496175692231557,4.7496175692231555,1.0],[0.6501440243508211,6.501440243508211,1.0],[0.26467231108682165,2.6467231108682165,1.0],[0.8283954411360489,8.283954411360488,1.0],[0.09632504623843086,0.9632504623843086,1.0],[0.9001492562131493,9.001492562131494,1.0],[0.22420503779756518,2.2420503779756515,1.0],[0.11601154122656976,1.1601154122656976,1.0],[0.20138930403775013,2.0138930403775013,1.0],[0.5571704471099438,5.571704471099438,1.0],[0.8954308805741998,8.954308805741999,1.0],[0.10783585956749675,1.0783585956749675,1.0],[0.6110196883093226,6.110196883093226,1.0],[0.5285746404071686,5.285746404071686,1.0],[0.4751239272073001,4.7512392720730015,1.0],[0.7846662958446119,7.846662958446119,1.0],[0.25197118373537,2.5197118373536997,1.0],[0.9011562601111824,9.011562601111825,1.0],[0.33015443004324485,3.3015443004324485,1.0],[0.39070876167562685,3.9070876167562685,1.0],[0.5024299090089163,5.024299090089163,1.0],[0.5414008895519862,5.414008895519862,1.0],[0.7061732576618968,7.061732576618968,1.0],[0.8167560629471541,8.167560629471541,1.0]]
0_BehnkeGeiger_46_workers.fjs;294.01741979975526;2006940;[42,64,84,106,126,22,32,52,63,93,16,29,40,55,73,0,16,26,35,44,58,71,87,98,115,44,56,69,87,122,56,72,82,91,108,27,42,59,70,81,29,46,62,77,102,56,71,88,99,114,32,62,73,87,103,0,16,26,39,57,13,36,49,59,107,46,56,65,74,86,0,13,56,70,90,16,29,43,52,67,64,86,95,110,128,13,27,43,55,68,29,44,57,70,92,0,13,24,36,45];[0,29,19,43,59,3,45,52,24,59,1,30,10,41,56,2,7,32,9,59,3,48,39,34,59,2,25,55,37,56,2,33,47,48,58,0,26,7,32,58,1,18,28,14,57,1,34,10,14,57,3,18,8,35,59,1,46,6,23,58,3,14,5,16,56,1,15,35,7,57,3,34,50,30,56,2,43,12,44,57,0,49,36,53,57,0,36,13,46,59,2,37,43,54,58,0,43,42,34,57];[69,58,5,34,16,11,62,2,31,57,16,37,22,19,1,56,15,88,23,11,5,24,77,53,13,67,71,27,0,26,78,51,36,7,62,3,16,82,53,62,61,80,43,17,11,22,30,10,69,41,28,10,82,8,47,74,67,60,65,89,58,72,74,4,65,33,44,14,29,35,33,69,33,16,58,54,32,4,37,38,67,79,36,87,18,41,20,0,20,69,49,32,73,76,30,77,51,72,74,18];[[0.5209484070219088,5.209484070219088,1.0],[0.42125020101147315,4.212502010114731,1.0],[0.22094517308324657,2.2094517308324657,1.0],[0.13033708391670573,1.3033708391670573,1.0],[0.48395776843282956,4.839577684328296,1.0],[0.6260889663051598,6.260889663051597,1.0],[0.6211218319323739,6.21121831932374,1.0],[0.707277595965894,7.07277595965894,1.0],[0.43539590023548325,4.3539590023548325,1.0],[0.04809800715767443,0.4809800715767443,1.0],[0.2254847064342842,2.254847064342842,1.0],[0.788548045160999,7.88548045160999,1.0],[0.42108890435006496,4.21088904350065,1.0],[0.5652029481252892,5.6520294812528915,1.0],[0.6764042610645917,6.764042610645918,1.0],[0.7568325816320766,7.568325816320765,1.0],[0.16251102322256883,1.6251102322256883,1.0],[0.4662293326345085,4.662293326345085,1.0],[0.652658580109924,6.526585801099239,1.0],[0.9348323542569703,9.348323542569704,1.0],[0.28093837261172117,2.8093837261172117,1.0],[0.9004772145836625,9.004772145836625,1.0],[0.848839594589838,8.48839594589838,1.0],[0.5244847531468491,5.244847531468491,1.0],[0.5786464188581003,5.786464188581003,1.0],[0.9355850494740874,9.355850494740874,1.0],[0.4401579992643663,4.401579992643663,1.0],[0.2893634937717525,2.8936349377175254,1.0],[0.7973797699194577,7.973797699194577,1.0],[0.10126138052386269,1.0126138052386269,1.0],[0.7187270677771636,7.187270677771636,1.0],[0.6449563433897082,6.449563433897082,1.0],[0.39126761491023665,3.9126761491023663,1.0],[0.9392975330999302,9.392975330999302,1.0],[0.609238184698229,6.09238184698229,1.0],[0.15484533159211777,1.5484533159211777,1.0],[0.41680311462661035,4.168031146266103,1.0],[0.9542543925010913,9.542543925010914,1.0],[0.08511902784380565,0.8511902784380565,1.0],[0.8102082222849146,8.102082222849146,1.0],[0.549048343145825,5.49048343145825,1.0],[0.797431305367372,7.974313053673719,1.0],[0.9212545834178625,9.212545834178625,1.0],[0.0840140116542355,0.840140116542355,1.0],[0.4271098529259699,4.2710985292596995,1.0],[0.4827049527125804,4.827049527125804,1.0],[0.4926248212853439,4.926248212853439,1.0],[0.8381214590808308,8.381214590808309,1.0],[0.06168361162523717,0.6168361162523717,1.0],[0.1800356634856508,1.800356634856508,1.0],[0.7512006320826361,7.5120063208263606,1.0],[0.8202315016053369,8.202315016053369,1.0],[0.9482269285705965,9.482269285705966,1.0],[0.09190024497370541,0.9190024497370541,1.0],[0.8275229129042858,8.275229129042858,1.0],[0.010223681010074426,0.10223681010074426,1.0],[0.7915178392051999,7.915178392051999,1.0],[0.23087148740184416,2.3087148740184418,1.0],[0.9176421264305312,9.176421264305311,1.0],[0.6337400704415804,6.3374007044158045,1.0],[0.4722514806957412,4.722514806957411,1.0],[0.15692662657496914,1.5692662657496914,1.0],[0.890455619982956,8.90455619982956,1.0],[0.3934374640442826,3.934374640442826,1.0],[0.9437473032889695,9.437473032889695,1.0],[0.027056184431497043,0.27056184431497043,1.0],[0.4303544994441807,4.303544994441807,1.0],[0.03986032371878334,0.3986032371878334,1.0],[0.27475171221519046,2.747517122151905,1.0],[0.9564909094852423,9.564909094852423,1.0],[0.3359902829981165,3.359902829981165,1.0],[0.04595304692857216,0.4595304692857216,1.0],[0.37548864135994087,3.754886413599409,1.0],[0.7100525719018224,7.100525719018224,1.0],[0.7195452743357282,7.195452743357283,1.0],[0.8188902738341958,8.188902738341957,1.0],[0.11659700681519214,1.1659700681519214,1.0],[0.5117406310798319,5.117406310798319,1.0],[0.4226359284361241,4.226359284361241,1.0],[0.4231179217423974,4.231179217423974,1.0],[0.5975978869418672,5.975978869418672,1.0],[0.10039657835066573,1.0039657835066573,1.0],[0.8661288460342442,8.661288460342442,1.0],[0.8262463782392978,8.262463782392977,1.0],[0.588405995089693,5.884059950896931,1.0],[0.302515462738837,3.0251546273883703,1.0],[0.031295122158443434,0.31295122158443434,1.0],[0.5757925091701167,5.757925091701167,1.0],[0.9545321496576605,9.545321496576605,1.0],[0.9649769610853548,9.649769610853548,1.0]]
0_BehnkeGeiger_46_workers.fjs;292.62131521619773;3978120;[35,56,66,76,96,40,52,66,86,117,14,27,37,48,67,15,31,42,52,66,0,22,31,41,56,56,73,91,101,121,47,63,74,83,99,0,18,35,59,71,63,77,94,110,124,27,41,52,68,90,0,14,30,41,60,62,79,90,106,127,52,62,75,85,107,64,73,86,99,118,18,31,49,64,88,41,64,83,92,110,31,47,58,75,103,31,40,51,63,79,0,15,37,55,79,22,35,46,58,68];[0,22,30,42,59,3,50,21,13,59,1,40,24,41,59,2,21,32,5,58,0,17,39,34,59,0,15,21,39,56,2,33,4,48,56,3,25,48,42,56,2,17,41,19,57,1,8,31,53,56,1,35,6,9,56,3,44,4,51,59,3,14,5,39,59,1,13,9,30,58,3,26,49,29,57,1,25,43,24,57,2,47,35,40,58,3,25,13,55,58,2,36,40,54,59,0,41,16,34,57];[79,53,2,68,16,37,32,34,53,88,42,30,68,19,54,57,40,17,34,21,7,49,65,42,57,14,48,13,14,11,78,61,18,20,29,3,60,28,65,89,17,67,56,13,67,76,32,59,31,70,87,74,75,25,50,36,6,58,40,27,56,11,12,59,39,71,76,23,41,12,13,81,75,47,75,20,75,37,2,87,14,73,35,86,33,12,85,83,38,87,33,45,26,52,64,35,19,1,45,8];[[0.49734142093980327,4.973414209398033,1.0],[0.35999045686025677,3.5999045686025677,1.0],[0.7220617567237175,7.220617567237175,1.0],[0.44672126724761885,4.4672126724761885,1.0],[0.4533596515962979,4.533596515962978,1.0],[0.025925678678183073,0.25925678678183073,1.0],[0.33490089376309407,3.3490089376309404,1.0],[0.4755440242737675,4.755440242737675,1.0],[0.45132356511490823,4.513235651149082,1.0],[0.08788974506102976,0.8788974506102976,1.0],[0.29509671683068217,2.9509671683068217,1.0],[0.33863234208051063,3.3863234208051063,1.0],[0.9020959027552419,9.020959027552419,1.0],[0.7173473735926632,7.173473735926632,1.0],[0.8986159167700656,8.986159167700656,1.0],[0.032997165944182005,0.32997165944182005,1.0],[0.2284682145918675,2.284682145918675,1.0],[0.5381470661357333,5.381470661357333,1.0],[0.06127510457974772,0.6127510457974772,1.0],[0.22935566071129299,2.29355660711293,1.0],[0.5598162304796008,5.598162304796008,1.0],[0.0008471767611641923,0.008471767611641923,1.0],[0.3920352782519039,3.9203527825190387,1.0],[0.03133523867093202,0.3133523867093202,1.0],[0.24056870266164254,2.4056870266164254,1.0],[0.8953787890847891,8.953787890847892,1.0],[0.3866575811855242,3.866575811855242,1.0],[0.26785644445085033,2.6785644445085035,1.0],[0.9113672758007916,9.113672758007915,1.0],[0.8561689403543553,8.561689403543554,1.0],[0.2548634438031525,2.548634438031525,1.0],[0.42717855363332036,4.271785536333203,1.0],[0.19719480126070077,1.9719480126070077,1.0],[0.7644816954164836,7.644816954164836,1.0],[0.45421054829626994,4.5421054829626994,1.0],[0.7701442479976394,7.701442479976394,1.0],[0.7544956928280053,7.544956928280053,1.0],[0.1329370279333042,1.329370279333042,1.0],[0.13608412133420567,1.3608412133420567,1.0],[0.7421993063471702,7.421993063471702,1.0],[0.8710335288246386,8.710335288246386,1.0],[0.18118149060958277,1.8118149060958277,1.0],[0.8581563188196332,8.581563188196332,1.0],[0.2027449363975372,2.0274493639753723,1.0],[0.3410290736485122,3.410290736485122,1.0],[0.6372290727852594,6.372290727852594,1.0],[0.14905275813887664,1.4905275813887664,1.0],[0.5109099957893487,5.109099957893487,1.0],[0.4352931558109894,4.352931558109894,1.0],[0.09760732352088275,0.9760732352088275,1.0],[0.05941930181032895,0.5941930181032895,1.0],[0.4305054409800979,4.305054409800979,1.0],[0.5024944042408487,5.024944042408487,1.0],[0.5079732331603702,5.079732331603703,1.0],[0.0640695575730742,0.640695575730742,1.0],[0.43169459272424404,4.316945927242441,1.0],[0.9774036975897298,9.774036975897298,1.0],[0.7083743064187731,7.083743064187731,1.0],[0.3236585836720067,3.2365858367200673,1.0],[0.6948341495565338,6.948341495565337,1.0],[0.3959747672493763,3.959747672493763,1.0],[0.5702020071109615,5.702020071109615,1.0],[0.1273830425097976,1.273830425097976,1.0],[0.0022121200251274953,0.022121200251274953,1.0],[0.7082383894336587,7.082383894336587,1.0],[0.46105048814669625,4.610504881466962,1.0],[0.048724340958554824,0.48724340958554824,1.0],[0.9996141487513373,9.996141487513373,1.0],[0.6273821455013189,6.273821455013189,1.0],[0.2348624347451349,2.348624347451349,1.0],[0.5041148841596441,5.041148841596441,1.0],[0.8039409645464441,8.039409645464442,1.0],[0.47932085049134165,4.793208504913417,1.0],[0.70795730946113,7.0795730946113,1.0],[0.007554994577610108,0.07554994577610108,1.0],[0.8007158968273879,8.00715896827388,1.0],[0.5714645581344422,5.714645581344422,1.0],[0.3553516990323421,3.5535169903234207,1.0],[0.4109500828077237,4.109500828077238,1.0],[0.8741229133056294,8.741229133056294,1.0],[0.9420210435021625,9.420210435021625,1.0],[0.30280487290994307,3.0280487290994307,1.0],[0.8284132151265241,8.284132151265242,1.0],[0.3304643624332526,3.304643624332526,1.0],[0.5345490821912385,5.345490821912385,1.0],[0.05846257531970078,0.5846257531970078,1.0],[0.3640608639017009,3.640608639017009,1.0],[0.4918937375846536,4.918937375846536,1.0],[0.05273726661906186,0.5273726661906186,1.0],[0.9082050684613338,9.082050684613337,1.0]]
0_BehnkeGeiger_46_workers.fjs;284.0674602992181;4891224;[44,57,67,76,88,26,36,52,62,73,14,27,38,52,69,0,16,25,37,56,36,48,57,77,94,16,26,35,45,59,58,82,93,103,120,0,16,26,42,52,40,58,72,87,104,43,68,81,93,121,0,14,25,42,61,57,71,89,104,114,27,40,54,67,83,27,43,56,71,93,13,27,48,62,72,16,29,43,59,80,57,82,91,101,111,48,57,77,89,109,29,44,58,75,97,0,13,23,34,44];[2,38,38,24,56,3,48,36,23,59,1,52,30,42,58,2,23,19,37,58,3,17,39,34,57,3,13,22,47,56,1,33,34,49,59,3,29,51,4,57,1,44,41,6,59,0,15,17,53,57,1,18,4,28,59,2,21,4,21,58,1,13,5,39,59,0,25,45,54,59,0,21,50,55,56,2,41,12,47,57,3,49,24,40,57,3,9,13,7,56,2,20,18,55,58,0,43,30,35,59];[23,61,49,28,63,20,57,85,1,57,43,75,11,80,50,57,79,80,84,47,50,49,60,53,56,10,26,63,46,66,86,61,44,57,37,15,18,46,16,69,14,25,84,52,16,39,72,70,4,41,88,80,19,81,8,2,13,48,79,36,37,77,70,6,24,59,87,57,85,33,75,44,40,4,36,70,62,51,52,66,20,79,47,9,83,12,53,30,25,53,5,78,64,78,14,79,24,12,27,27];[[0.4211249061401,4.211249061401,1.0],[0.9761073344853062,9.761073344853061,1.0],[0.6132800246752349,6.132800246752349,1.0],[0.6930423279788359,6.930423279788359,1.0],[0.5088628354481554,5.088628354481553,1.0],[0.18781156668551158,1.8781156668551158,1.0],[0.830121874145001,8.301218741450011,1.0],[0.8449241651217704,8.449241651217704,1.0],[0.20962821201639004,2.0962821201639006,1.0],[0.6505169872996391,6.505169872996391,1.0],[0.7003316191510263,7.003316191510263,1.0],[0.7150339547653067,7.150339547653068,1.0],[0.8091072451390076,8.091072451390076,1.0],[0.8451978833841938,8.451978833841938,1.0],[0.3695849781386673,3.695849781386673,1.0],[0.5056149902637381,5.056149902637381,1.0],[0.7206140757071586,7.206140757071586,1.0],[0.14319015826691817,1.4319015826691817,1.0],[0.026697115061789622,0.2669711506178962,1.0],[0.15341588178909327,1.5341588178909327,1.0],[0.8363432326370349,8.363432326370349,1.0],[0.3246336983988545,3.2463369839885448,1.0],[0.3029175030516511,3.029175030516511,1.0],[0.11785699745257816,1.1785699745257816,1.0],[0.12094663440427922,1.2094663440427922,1.0],[0.9680758098639723,9.680758098639723,1.0],[0.05051541232897139,0.5051541232897139,1.0],[0.9837100378798541,9.83710037879854,1.0],[0.5522705914806934,5.5227059148069335,1.0],[0.2474360532702261,2.474360532702261,1.0],[0.015934056387660878,0.15934056387660878,1.0],[0.8816507734170083,8.816507734170083,1.0],[0.38970094386643916,3.8970094386643916,1.0],[0.948399003178236,9.48399003178236,1.0],[0.05851121780149349,0.5851121780149349,1.0],[0.7974936305528121,7.974936305528121,1.0],[0.6609068549274018,6.609068549274017,1.0],[0.8088394062462949,8.08839406246295,1.0],[0.4910678923283146,4.910678923283146,1.0],[0.7183875619927151,7.183875619927152,1.0],[0.44010133419268005,4.4010133419268005,1.0],[0.23511737188381732,2.351173718838173,1.0],[0.13179454335673724,1.3179454335673724,1.0],[0.47235541919868507,4.7235541919868504,1.0],[0.736485892218076,7.36485892218076,1.0],[0.020512092588616526,0.20512092588616526,1.0],[0.15372078110124265,1.5372078110124265,1.0],[0.9186126274153484,9.186126274153484,1.0],[0.5327250835103642,5.327250835103642,1.0],[0.5544157030510064,5.544157030510064,1.0],[0.6069379100604821,6.069379100604822,1.0],[0.14801757270189186,1.4801757270189186,1.0],[0.4404344830924649,4.404344830924649,1.0],[0.38949638513061857,3.8949638513061857,1.0],[0.720992959617223,7.20992959617223,1.0],[0.48989961614799515,4.8989961614799515,1.0],[0.6559321524303485,6.559321524303485,1.0],[0.9188878069642079,9.18887806964208,1.0],[0.48657298069770416,4.865729806977042,1.0],[0.7972300829849082,7.972300829849082,1.0],[0.5639219663957465,5.639219663957466,1.0],[0.961016524120257,9.61016524120257,1.0],[0.47644799508871905,4.764479950887191,1.0],[0.24879011707166054,2.487901170716605,1.0],[0.9490182751915078,9.490182751915079,1.0],[0.7422259987799357,7.4222599877993565,1.0],[0.14336464132504567,1.4336464132504567,1.0],[0.3587815743778219,3.5878157437782185,1.0],[0.4933829199950983,4.933829199950983,1.0],[0.05388988630637248,0.5388988630637248,1.0],[0.218161652046843,2.18161652046843,1.0],[0.11036855637231835,1.1036855637231835,1.0],[0.11019665525187328,1.1019665525187328,1.0],[0.08321860713308704,0.8321860713308704,1.0],[0.8548431956714836,8.548431956714836,1.0],[0.8379786013676603,8.379786013676604,1.0],[0.49692456318177003,4.9692456318177,1.0],[0.3383418526610099,3.3834185266100993,1.0],[0.8847267085145368,8.847267085145369,1.0],[0.7727073339099483,7.727073339099483,1.0],[0.4378611007868425,4.378611007868425,1.0],[0.36357237359531624,3.6357237359531624,1.0],[0.9993128545514127,9.993128545514127,1.0],[0.011407353725907177,0.11407353725907177,1.0],[0.683883535316853,6.8388353531685295,1.0],[0.5777677015169478,5.777677015169478,1.0],[0.279572135569809,2.79572135569809,1.0],[0.5251374991808218,5.251374991808218,1.0],[0.19595099082337364,1.9595099082337364,1.0],[0.6934430548580864,6.934430548580864,1.0]]
0_BehnkeGeiger_46_workers.fjs;281.98718210805;4581204;[31,45,57,67,78,49,71,82,93,110,39,58,74,83,93,61,84,99,109,119,0,12,23,33,49,71,82,91,108,119,45,73,84,95,119,32,52,70,79,91,0,13,24,41,54,0,14,29,40,81,38,49,66,82,108,26,38,66,82,94,21,31,42,52,71,52,61,71,84,104,14,32,41,56,82,13,26,38,48,57,58,80,90,110,120,12,21,34,52,62,13,39,50,60,102,0,13,36,47,57];[3,40,43,25,58,2,37,37,36,57,0,17,35,42,56,1,20,32,9,58,3,52,20,34,57,2,13,11,13,56,3,33,47,49,57,1,26,6,6,57,2,19,51,48,58,1,33,17,54,56,2,18,7,43,56,2,47,4,21,59,3,14,5,31,59,1,8,9,29,59,1,10,49,52,59,2,41,8,29,59,0,49,51,40,59,3,49,37,46,57,0,39,41,55,58,0,42,16,35,56];[61,19,56,35,0,13,39,85,7,6,32,38,71,8,79,51,66,15,46,21,69,79,32,48,43,81,26,27,25,66,88,61,4,29,10,40,28,12,29,31,2,52,49,45,37,13,88,24,54,60,43,10,1,24,87,58,1,5,39,51,63,46,66,17,8,71,59,23,64,41,11,3,31,73,16,40,16,58,36,78,53,6,76,45,36,80,34,4,80,69,84,35,14,7,42,29,12,25,64,77];[[0.4831103964860096,4.831103964860096,1.0],[0.9021829992468611,9.02182999246861,1.0],[0.5374571935128641,5.374571935128642,1.0],[0.8761340971511191,8.761340971511192,1.0],[0.573156942708234,5.7315694270823405,1.0],[0.994523847851402,9.945238478514021,1.0],[0.3574465703190305,3.574465703190305,1.0],[0.6617299629663892,6.617299629663892,1.0],[0.4882872262788658,4.882872262788657,1.0],[0.5726412824777106,5.726412824777106,1.0],[0.32388398325139345,3.2388398325139347,1.0],[0.8072354510963532,8.072354510963532,1.0],[0.8087324055796944,8.087324055796945,1.0],[0.660852452150834,6.60852452150834,1.0],[0.5802577271631468,5.802577271631469,1.0],[0.04408639890691246,0.4408639890691246,1.0],[0.7725635994624831,7.725635994624831,1.0],[0.340181488474281,3.4018148847428096,1.0],[0.09506024617702258,0.9506024617702258,1.0],[0.23214768683087816,2.321476868308782,1.0],[0.29508457816293987,2.9508457816293987,1.0],[0.12277001052286385,1.2277001052286385,1.0],[0.47347375902937305,4.73473759029373,1.0],[0.8739362489567938,8.739362489567938,1.0],[0.5942988909169951,5.942988909169951,1.0],[0.3932636751035087,3.932636751035087,1.0],[0.356262027818981,3.5626202781898098,1.0],[0.8443312190299666,8.443312190299665,1.0],[0.7137768111623821,7.137768111623821,1.0],[0.541649960332778,5.416499603327781,1.0],[0.26577494883360064,2.657749488336006,1.0],[0.9303686520183944,9.303686520183943,1.0],[0.6647036321879223,6.647036321879223,1.0],[0.8481261874486201,8.4812618744862,1.0],[0.2743023069142022,2.743023069142022,1.0],[0.5987856125347181,5.9878561253471805,1.0],[0.4569423976865593,4.569423976865593,1.0],[0.33213605365278576,3.3213605365278576,1.0],[0.81263475330977,8.1263475330977,1.0],[0.5964941538505839,5.964941538505839,1.0],[0.9947889064585738,9.947889064585738,1.0],[0.8287071581836081,8.28707158183608,1.0],[0.018381501525532307,0.18381501525532307,1.0],[0.6100637867915101,6.1006378679151005,1.0],[0.28754239195595754,2.8754239195595757,1.0],[0.7986732822669409,7.986732822669409,1.0],[0.8174504530922707,8.174504530922707,1.0],[0.18940839630142858,1.8940839630142858,1.0],[0.9250951518484526,9.250951518484525,1.0],[0.5373164168533412,5.373164168533412,1.0],[0.8365277849121914,8.365277849121913,1.0],[0.6316914250178033,6.316914250178033,1.0],[0.15184034432706983,1.5184034432706983,1.0],[0.5281662867111906,5.281662867111906,1.0],[0.4583451302924175,4.583451302924175,1.0],[0.04230631300605814,0.4230631300605814,1.0],[0.1258096578607567,1.258096578607567,1.0],[0.06582033812283716,0.6582033812283716,1.0],[0.897419605140406,8.97419605140406,1.0],[0.47272098686609687,4.727209868660969,1.0],[0.19003538760239747,1.9003538760239747,1.0],[0.34250509114102723,3.4250509114102723,1.0],[0.22496847931809727,2.2496847931809727,1.0],[0.293396880055004,2.9339688005500397,1.0],[0.3753743367942156,3.753743367942156,1.0],[0.4599736060992935,4.599736060992935,1.0],[0.47948809501936374,4.794880950193638,1.0],[0.958573092010442,9.585730920104421,1.0],[0.03253904300604349,0.3253904300604349,1.0],[0.4348005170756857,4.348005170756856,1.0],[0.24880188012436077,2.4880188012436077,1.0],[0.93408987269609,9.3408987269609,1.0],[0.35770560301992216,3.5770560301992216,1.0],[0.22393216152842832,2.2393216152842834,1.0],[0.8671870642757824,8.671870642757824,1.0],[0.20511903908208484,2.0511903908208486,1.0],[0.5992675664028208,5.992675664028208,1.0],[0.6786791129322917,6.786791129322917,1.0],[0.9375637812513765,9.375637812513766,1.0],[0.3890912025981019,3.8909120259810193,1.0],[0.6288767973577327,6.288767973577327,1.0],[0.36699471368723124,3.669947136872312,1.0],[0.04690020251623861,0.4690020251623861,1.0],[0.8490856184138454,8.490856184138455,1.0],[0.8901673736704244,8.901673736704245,1.0],[0.9161787126503858,9.161787126503857,1.0],[0.1131043999360144,1.131043999360144,1.0],[0.7774537080224232,7.774537080224232,1.0],[0.03095965729693917,0.3095965729693917,1.0],[0.03970963579151632,0.3970963579151632,1.0]]
0_BehnkeGeiger_46_workers.fjs;281.2312608105685;4796760;[0,20,38,67,103,42,52,68,79,97,0,13,24,39,80,13,36,50,62,100,48,70,81,91,106,21,31,45,56,66,50,68,79,101,118,56,78,89,107,116,24,37,48,57,66,31,42,54,65,79,13,24,38,50,82,37,50,60,74,92,66,76,88,99,115,9,21,30,40,52,20,34,43,57,66,0,13,33,52,64,36,56,68,82,93,0,9,19,31,42,52,66,86,95,114,34,48,57,68,78];[0,5,48,9,59,3,46,45,51,57,1,31,10,43,59,1,4,35,10,58,0,53,20,34,57,3,14,21,13,58,2,33,38,48,57,1,29,26,47,58,2,19,8,19,57,3,39,17,27,58,2,18,5,9,56,2,44,4,15,56,3,14,4,28,56,3,15,11,37,59,0,45,50,55,56,2,25,6,37,59,1,47,36,53,59,3,34,14,7,58,3,31,41,54,59,0,41,42,34,57];[66,62,78,29,16,65,6,82,60,83,48,59,4,89,64,17,33,85,0,72,7,73,32,42,9,7,82,27,60,15,59,43,59,50,73,77,33,57,25,4,22,84,73,66,33,24,51,67,46,28,9,53,15,79,12,49,84,39,39,39,50,62,80,43,65,24,44,66,39,33,26,5,88,49,36,58,35,14,62,70,20,80,20,11,45,62,82,41,52,17,48,13,19,17,83,80,31,1,69,52];[[0.34661995661142697,3.4661995661142697,1.0],[0.2286410960833074,2.286410960833074,1.0],[0.012392470279078194,0.12392470279078194,1.0],[0.9308270259025113,9.308270259025113,1.0],[0.3225145761620236,3.225145761620236,1.0],[0.0006954578022455582,0.006954578022455582,1.0],[0.2097170717940725,2.097170717940725,1.0],[0.5179602272351016,5.179602272351016,1.0],[0.7628222106217201,7.6282221062172,1.0],[0.3089717897377221,3.089717897377221,1.0],[0.15113122452813788,1.5113122452813788,1.0],[0.07045772229012492,0.7045772229012492,1.0],[0.8725064026541692,8.725064026541693,1.0],[0.3074981421409557,3.074981421409557,1.0],[0.272859759997538,2.7285975999753798,1.0],[0.9838464878398866,9.838464878398867,1.0],[0.7385079487399623,7.385079487399623,1.0],[0.7690782380223464,7.690782380223464,1.0],[0.7347776517949599,7.347776517949599,1.0],[0.040110031230356946,0.40110031230356946,1.0],[0.7832762173461114,7.832762173461115,1.0],[0.9889075602289727,9.889075602289727,1.0],[0.9868030389001332,9.868030389001332,1.0],[0.09156288276254032,0.9156288276254032,1.0],[0.6169801532161481,6.169801532161481,1.0],[0.9026788995265191,9.026788995265191,1.0],[0.7985407520091817,7.985407520091817,1.0],[0.3776281884996082,3.776281884996082,1.0],[0.3548331359348883,3.548331359348883,1.0],[0.4034509368723006,4.034509368723006,1.0],[0.5249010978369003,5.249010978369003,1.0],[0.41070078970850576,4.107007897085058,1.0],[0.63967628453626,6.3967628453626,1.0],[0.644865700493546,6.44865700493546,1.0],[0.7187044523063962,7.187044523063962,1.0],[0.4606778023011676,4.606778023011676,1.0],[0.947243245359423,9.47243245359423,1.0],[0.5480976670697533,5.480976670697533,1.0],[0.5212437467785531,5.212437467785531,1.0],[0.9974770776792315,9.974770776792315,1.0],[0.8347236528324226,8.347236528324226,1.0],[0.5920335208252621,5.92033520825262,1.0],[0.5281200476143402,5.281200476143402,1.0],[0.9947145418085902,9.947145418085903,1.0],[0.3807311818221505,3.807311818221505,1.0],[0.16524593628445206,1.6524593628445206,1.0],[0.360275223783056,3.60275223783056,1.0],[0.08085968119624642,0.8085968119624642,1.0],[0.8395205202311514,8.395205202311514,1.0],[0.9614069909390023,9.614069909390023,1.0],[0.08576140927512577,0.8576140927512577,1.0],[0.06230204186426158,0.6230204186426158,1.0],[0.48309802210777264,4.830980221077726,1.0],[0.7527011136301647,7.527011136301647,1.0],[0.5653273490612396,5.653273490612396,1.0],[0.14308306009955207,1.4308306009955207,1.0],[0.9027442860174946,9.027442860174945,1.0],[0.39175874054121795,3.9175874054121795,1.0],[0.04470890378303016,0.4470890378303016,1.0],[0.4575329191628308,4.575329191628308,1.0],[0.44418114285306354,4.441811428530635,1.0],[0.0791756906829707,0.791756906829707,1.0],[0.37770490385691646,3.7770490385691646,1.0],[0.24872151644563356,2.4872151644563356,1.0],[0.31414454419740034,3.141445441974003,1.0],[0.40750067283296354,4.075006728329635,1.0],[0.17219359428721337,1.7219359428721337,1.0],[0.3882072229758389,3.8820722297583887,1.0],[0.7592365563423323,7.592365563423323,1.0],[0.222327149798478,2.22327149798478,1.0],[0.563344095817858,5.63344095817858,1.0],[0.06385831253616747,0.6385831253616747,1.0],[0.4915379293409209,4.915379293409209,1.0],[0.6493348169788958,6.493348169788958,1.0],[0.35923654185193077,3.5923654185193077,1.0],[0.011177057117131461,0.11177057117131461,1.0],[0.2733467293051436,2.7334672930514357,1.0],[0.5355549647286275,5.355549647286275,1.0],[0.6301964483914466,6.301964483914466,1.0],[0.13021308409642796,1.3021308409642796,1.0],[0.25996455672831287,2.5996455672831287,1.0],[0.08504584081016042,0.8504584081016042,1.0],[0.7433003345161341,7.433003345161341,1.0],[0.18226229691513296,1.8226229691513296,1.0],[0.9489642736607146,9.489642736607145,1.0],[0.8673076709060825,8.673076709060826,1.0],[0.2783750143398719,2.783750143398719,1.0],[0.779542699505796,7.79542699505796,1.0],[0.05243151622562159,0.5243151622562159,1.0],[0.5237802038743088,5.237802038743088,1.0]]
0_BehnkeGeiger_46_workers.fjs;317.2910633780262;2989608;[22,36,47,58,88,0,22,36,48,60,62,79,99,112,131,62,78,93,110,129,21,42,51,61,76,56,79,95,115,136,13,22,32,51,71,22,37,57,66,123,36,49,70,83,95,42,56,70,82,99,14,40,50,66,83,49,63,73,87,108,40,49,66,78,100,53,69,78,91,118,49,62,75,91,111,37,53,81,95,115,69,92,104,123,136,0,21,32,42,53,0,14,25,43,64,0,13,32,47,75];[2,22,43,9,57,2,38,36,12,59,3,18,23,41,56,2,25,34,9,57,1,17,39,34,58,1,15,20,13,58,0,33,53,5,59,0,6,6,33,59,2,44,43,32,59,1,35,27,14,56,3,33,4,51,59,2,44,6,55,56,3,13,4,39,58,0,8,21,43,58,3,32,50,30,59,0,40,45,54,57,0,47,40,53,59,1,49,14,42,56,3,48,19,54,57,0,11,48,52,56];[1,11,27,25,60,30,14,58,6,26,39,23,46,19,0,51,50,24,80,76,70,66,65,42,1,2,20,37,21,42,6,51,34,67,61,74,39,45,68,58,82,80,10,21,36,81,10,24,58,61,8,18,50,0,12,28,65,78,33,25,48,3,76,67,8,59,87,9,67,12,12,77,32,30,11,46,88,74,63,0,47,34,50,11,69,55,87,76,24,79,83,4,55,61,8,39,77,44,72,17];[[0.8559393885152179,8.55939388515218,1.0],[0.8004839408308784,8.004839408308783,1.0],[0.5938433496209707,5.938433496209708,1.0],[0.8870093324131678,8.870093324131679,1.0],[0.741558169706834,7.4155816970683395,1.0],[0.8097670389513107,8.097670389513107,1.0],[0.2247324103169328,2.247324103169328,1.0],[0.9761818800633866,9.761818800633865,1.0],[0.6339038774096737,6.339038774096737,1.0],[0.5580285642552777,5.580285642552777,1.0],[0.4463526500656817,4.463526500656817,1.0],[0.28336462923826333,2.8336462923826335,1.0],[0.9019880415639555,9.019880415639555,1.0],[0.03268507148422006,0.32685071484220063,1.0],[0.4362825217209084,4.3628252172090844,1.0],[0.18851543397694082,1.8851543397694082,1.0],[0.9250090249429151,9.250090249429151,1.0],[0.9012349700248556,9.012349700248556,1.0],[0.12108560404704316,1.2108560404704316,1.0],[0.9174015512221217,9.174015512221217,1.0],[0.6336036775858569,6.3360367758585685,1.0],[0.8916415369189501,8.916415369189501,1.0],[0.9427537000908234,9.427537000908234,1.0],[0.6474269734768437,6.474269734768438,1.0],[0.2944017446773023,2.9440174467730227,1.0],[0.22784863884628848,2.278486388462885,1.0],[0.026726933813205345,0.26726933813205345,1.0],[0.5708724060922277,5.708724060922277,1.0],[0.09143396648058832,0.9143396648058832,1.0],[0.9728808105837072,9.728808105837071,1.0],[0.04913857274611522,0.49138572746115217,1.0],[0.8163054842016593,8.163054842016592,1.0],[0.12136143786009423,1.2136143786009423,1.0],[0.39347747924753973,3.9347747924753973,1.0],[0.7612563626694716,7.612563626694716,1.0],[0.2669682491794272,2.669682491794272,1.0],[0.032329137447332346,0.32329137447332346,1.0],[0.27066047462765497,2.7066047462765495,1.0],[0.8705591702034446,8.705591702034447,1.0],[0.8809847340925547,8.809847340925547,1.0],[0.18409719287978143,1.8409719287978143,1.0],[0.20156279965759893,2.015627996575989,1.0],[0.5164915614426145,5.164915614426145,1.0],[0.4956047792365974,4.956047792365974,1.0],[0.6077297164851029,6.0772971648510286,1.0],[0.9001180841411072,9.001180841411072,1.0],[0.78410741646787,7.8410741646787,1.0],[0.4806185677402214,4.806185677402214,1.0],[0.1147765683905323,1.147765683905323,1.0],[0.07024459811816619,0.7024459811816619,1.0],[0.3187451092517546,3.187451092517546,1.0],[0.0073062864940089955,0.07306286494008996,1.0],[0.5205444033755386,5.205444033755386,1.0],[0.6250968201912236,6.250968201912236,1.0],[0.25055568445480136,2.5055568445480136,1.0],[0.615922435604406,6.15922435604406,1.0],[0.3870907125242423,3.8709071252424234,1.0],[0.21814785067570475,2.1814785067570472,1.0],[0.8734963280117019,8.734963280117018,1.0],[0.28722080489037183,2.872208048903718,1.0],[0.09639359128751424,0.9639359128751424,1.0],[0.7548858731919171,7.548858731919172,1.0],[0.6851727386050028,6.851727386050028,1.0],[0.051174076075845676,0.5117407607584568,1.0],[0.17887018113864828,1.7887018113864828,1.0],[0.609251556117635,6.09251556117635,1.0],[0.24984154075152953,2.4984154075152953,1.0],[0.368174715277632,3.68174715277632,1.0],[0.05876744192941186,0.5876744192941186,1.0],[0.12260955919754979,1.226095591975498,1.0],[0.45916262109070083,4.591626210907008,1.0],[0.4009271808935736,4.009271808935736,1.0],[0.46504811859381157,4.650481185938116,1.0],[0.21320952910254887,2.1320952910254887,1.0],[0.6247271975216867,6.247271975216867,1.0],[0.28525256320918047,2.8525256320918047,1.0],[0.6348406939976744,6.348406939976744,1.0],[0.8319882392437383,8.319882392437384,1.0],[0.8395421352998061,8.395421352998062,1.0],[0.019614941273996434,0.19614941273996434,1.0],[0.5413984842077535,5.413984842077535,1.0],[0.2718798292635384,2.718798292635384,1.0],[0.4481717263007644,4.481717263007644,1.0],[0.26376858333274344,2.6376858333274344,1.0],[0.3349547069458171,3.349547069458171,1.0],[0.5175169666891029,5.175169666891028,1.0],[0.6865980117314152,6.865980117314152,1.0],[0.12545365307174206,1.2545365307174206,1.0],[0.02272642984071671,0.2272642984071671,1.0],[0.7308912721040333,7.308912721040333,1.0]]
0_BehnkeGeiger_46_workers.fjs;294.42731438714475;4629312;[46,59,70,85,94,23,45,63,74,98,16,31,45,74,98,71,87,96,106,115,0,23,41,52,71,43,54,63,75,86,49,58,81,100,122,0,16,26,39,62,58,71,85,102,115,0,15,27,50,60,59,73,99,110,128,29,46,56,75,118,26,49,60,70,79,31,43,54,67,86,58,72,85,100,110,45,58,75,89,101,54,85,101,116,127,13,26,38,50,61,15,29,46,57,77,0,13,31,44,55];[1,22,40,25,58,2,46,46,11,59,3,54,29,41,56,2,7,39,9,56,2,49,39,34,56,3,9,9,13,56,0,35,52,48,59,3,29,51,31,58,2,44,4,6,57,1,7,26,13,56,1,23,17,28,56,1,44,5,48,58,0,14,4,39,57,3,15,45,42,59,0,33,50,30,59,2,43,45,45,57,3,44,49,55,57,0,8,13,42,59,1,22,41,54,58,0,30,34,53,57];[25,33,35,54,27,8,30,1,70,73,44,81,13,42,68,71,68,14,78,9,19,89,79,48,11,72,60,6,67,13,80,66,76,37,48,24,18,55,82,67,22,85,79,53,11,10,20,74,28,49,26,72,61,13,86,34,61,10,77,41,45,49,79,59,3,19,22,89,69,41,80,60,15,50,29,46,29,37,0,38,4,16,84,34,18,56,16,65,6,46,88,43,43,27,27,79,30,44,19,21];[[0.5198238265685563,5.198238265685563,1.0],[0.9583988744400509,9.583988744400509,1.0],[0.3402956357666065,3.402956357666065,1.0],[0.7081849781179302,7.081849781179303,1.0],[0.9252189405445452,9.252189405445453,1.0],[0.05032666735654623,0.5032666735654623,1.0],[0.6613275461751585,6.613275461751585,1.0],[0.82711411373077,8.271141137307701,1.0],[0.8734961127808921,8.734961127808921,1.0],[0.5913019030238962,5.913019030238962,1.0],[0.11264722490163037,1.1264722490163037,1.0],[0.34477784983246407,3.4477784983246407,1.0],[0.011377599382669468,0.11377599382669468,1.0],[0.7909742881977946,7.909742881977946,1.0],[0.3277964015146908,3.277964015146908,1.0],[0.22222795698924247,2.2222795698924247,1.0],[0.14676573527209236,1.4676573527209236,1.0],[0.040648812187981,0.40648812187981,1.0],[0.14328037004549943,1.4328037004549943,1.0],[0.10349201402412567,1.0349201402412567,1.0],[0.2300149081299988,2.3001490812999883,1.0],[0.34985110243749995,3.4985110243749995,1.0],[0.866750807284636,8.66750807284636,1.0],[0.14758827376144812,1.4758827376144812,1.0],[0.22391440251713068,2.239144025171307,1.0],[0.24865543755958186,2.4865543755958184,1.0],[0.2300130943157953,2.300130943157953,1.0],[0.8293061040602848,8.293061040602849,1.0],[0.43895527513494326,4.389552751349433,1.0],[0.44969387575897835,4.496938757589783,1.0],[0.3412024287409555,3.4120242874095554,1.0],[0.9004679331719968,9.004679331719968,1.0],[0.43962892413733223,4.3962892413733226,1.0],[0.45751138605113895,4.575113860511389,1.0],[0.5639201948280074,5.639201948280074,1.0],[0.6726986423945157,6.726986423945157,1.0],[0.6597005192680269,6.597005192680268,1.0],[0.9102187034878934,9.102187034878934,1.0],[0.5766896035151798,5.766896035151799,1.0],[0.4155337643506154,4.155337643506154,1.0],[0.35757675057500693,3.5757675057500693,1.0],[0.5416053049315015,5.416053049315015,1.0],[0.24141379817839304,2.4141379817839304,1.0],[0.14373377933442777,1.4373377933442777,1.0],[0.05947898491433379,0.5947898491433379,1.0],[0.49975509403239127,4.9975509403239124,1.0],[0.3186129737753496,3.186129737753496,1.0],[0.7700173830289908,7.700173830289908,1.0],[0.48539290197593976,4.853929019759398,1.0],[0.4627755002794737,4.6277550027947365,1.0],[0.5376316431809531,5.376316431809531,1.0],[0.9085166904492054,9.085166904492054,1.0],[0.8894638917603915,8.894638917603915,1.0],[0.7295709856829492,7.295709856829492,1.0],[0.10156484356406248,1.0156484356406248,1.0],[0.7756986430311787,7.7569864303117875,1.0],[0.2646734419538803,2.646734419538803,1.0],[0.08522369075097047,0.8522369075097047,1.0],[0.05298946435344931,0.5298946435344931,1.0],[0.15739225219713138,1.5739225219713138,1.0],[0.4318886991151929,4.318886991151929,1.0],[0.633165302477868,6.33165302477868,1.0],[0.24439281766986376,2.4439281766986376,1.0],[0.8989634350161788,8.989634350161788,1.0],[0.5191347024590356,5.191347024590356,1.0],[0.6810385741390934,6.8103857413909346,1.0],[0.16547355180616963,1.6547355180616963,1.0],[0.7628548802754104,7.6285488027541035,1.0],[0.3141854421416449,3.1418544214164488,1.0],[0.41192209034050886,4.119220903405089,1.0],[0.02240642416721894,0.2240642416721894,1.0],[0.6263477255847869,6.263477255847869,1.0],[0.6946401733451906,6.946401733451905,1.0],[0.5537872676983423,5.537872676983423,1.0],[0.14353633683289113,1.4353633683289113,1.0],[0.3828088769666892,3.828088769666892,1.0],[0.20550831512341627,2.0550831512341627,1.0],[0.8424160101430348,8.424160101430347,1.0],[0.33056458054195836,3.3056458054195836,1.0],[0.9503462496022802,9.503462496022802,1.0],[0.733658429518869,7.33658429518869,1.0],[0.7327837389781332,7.327837389781332,1.0],[0.5833156544997408,5.833156544997408,1.0],[0.2636719126307169,2.6367191263071685,1.0],[0.7038517121832796,7.038517121832796,1.0],[0.9859996488049411,9.859996488049411,1.0],[0.3427619282161496,3.427619282161496,1.0],[0.731149933057056,7.31149933057056,1.0],[0.24180730800578631,2.418073080057863,1.0],[0.8057399760917423,8.057399760917423,1.0]]
0_BehnkeGeiger_46_workers.fjs;288.62236925329944;4744584;[33,48,58,77,88,9,19,36,48,66,44,76,87,98,123,28,44,55,69,96,40,62,73,83,109,48,59,77,87,103,0,16,26,45,60,31,46,58,74,92,23,42,52,87,101,62,76,92,105,125,9,23,43,54,71,16,28,42,56,76,0,9,20,32,43,0,9,33,43,54,0,14,27,42,51,14,31,47,59,69,64,80,90,102,116,59,68,79,90,99,19,33,44,54,75,46,59,76,89,113];[3,38,5,25,59,3,48,36,44,57,2,31,52,40,59,2,21,32,38,56,1,53,39,34,56,3,43,22,11,58,2,33,33,48,59,0,30,30,35,58,1,19,25,31,57,1,29,9,55,56,1,38,17,35,59,2,19,4,21,57,3,14,4,28,57,1,37,8,54,58,0,32,50,55,56,0,43,22,26,56,2,49,24,41,58,3,34,13,46,59,3,39,41,54,58,0,31,33,39,57];[59,58,48,45,16,12,33,54,19,8,26,81,77,30,21,51,23,82,50,17,28,65,35,48,38,56,78,24,6,6,58,51,10,27,30,80,43,46,57,75,5,25,85,13,63,63,80,24,43,1,1,64,33,88,61,7,13,87,76,10,16,49,36,41,6,67,55,62,22,20,47,3,15,49,41,61,84,61,50,70,75,72,81,47,86,12,59,29,79,2,81,34,9,3,30,62,15,1,69,18];[[0.18019241848515155,1.8019241848515155,1.0],[0.48736227300275514,4.873622730027551,1.0],[0.07759170039841756,0.7759170039841756,1.0],[0.5225667244081349,5.2256672440813485,1.0],[0.9196433340252647,9.196433340252646,1.0],[0.8762509611803474,8.762509611803473,1.0],[0.5029695910906639,5.029695910906638,1.0],[0.8160267976375112,8.160267976375112,1.0],[0.8059112000327816,8.059112000327817,1.0],[0.2140591090540045,2.140591090540045,1.0],[0.08805821114486456,0.8805821114486456,1.0],[0.20329737064426556,2.0329737064426556,1.0],[0.5837360924329463,5.837360924329463,1.0],[0.6737333796339059,6.737333796339059,1.0],[0.1608013027204077,1.6080130272040771,1.0],[0.7465026683932527,7.465026683932527,1.0],[0.5706715087422025,5.706715087422025,1.0],[0.4637998194614905,4.637998194614905,1.0],[0.510707169665419,5.10707169665419,1.0],[0.13436739791107,1.3436739791107,1.0],[0.5955836724768061,5.955836724768061,1.0],[0.9705970110642231,9.705970110642232,1.0],[0.1380260373669585,1.380260373669585,1.0],[0.6915046322372392,6.915046322372392,1.0],[0.4571104412123077,4.571104412123077,1.0],[0.7770933375992647,7.770933375992647,1.0],[0.4288907275773849,4.288907275773849,1.0],[0.7873492179192781,7.873492179192781,1.0],[0.45358103110054593,4.535810311005459,1.0],[0.29994077462327984,2.9994077462327984,1.0],[0.26785911780148886,2.6785911780148886,1.0],[0.41380996534982095,4.13809965349821,1.0],[0.8955750490686861,8.955750490686862,1.0],[0.33899298335361505,3.3899298335361507,1.0],[0.4439220021216055,4.439220021216055,1.0],[0.2663146653444304,2.663146653444304,1.0],[0.1912128081922898,1.912128081922898,1.0],[0.8422148536074314,8.422148536074314,1.0],[0.12934381348500923,1.2934381348500923,1.0],[0.5457493539256076,5.457493539256077,1.0],[0.6889713324133125,6.889713324133125,1.0],[0.3133089603750071,3.1330896037500713,1.0],[0.781346930988076,7.81346930988076,1.0],[0.7476684671478541,7.476684671478541,1.0],[0.694338776663945,6.943387766639449,1.0],[0.010283626574111193,0.10283626574111193,1.0],[0.7581500624990217,7.581500624990217,1.0],[0.8365660626079888,8.365660626079888,1.0],[0.8965297598339126,8.965297598339125,1.0],[0.42501586527499824,4.250158652749983,1.0],[0.29726573226441977,2.9726573226441975,1.0],[0.1892293583037329,1.8922935830373289,1.0],[0.7243244498868214,7.243244498868214,1.0],[0.8519753238078789,8.519753238078788,1.0],[0.10178542532455293,1.0178542532455293,1.0],[0.5249813114594203,5.249813114594203,1.0],[0.36905004287313525,3.6905004287313528,1.0],[0.14252011028375144,1.4252011028375144,1.0],[0.9116619067804255,9.116619067804255,1.0],[0.54316015559511,5.4316015559511,1.0],[0.4203904144024305,4.203904144024305,1.0],[0.8163513162724128,8.163513162724128,1.0],[0.8589171046239985,8.589171046239985,1.0],[0.7596233819507995,7.596233819507995,1.0],[0.8852403456386315,8.852403456386316,1.0],[0.14006433750837965,1.4006433750837965,1.0],[0.7153091891141413,7.153091891141413,1.0],[0.4033601431159366,4.033601431159366,1.0],[0.3246442732123802,3.246442732123802,1.0],[0.610505749299754,6.10505749299754,1.0],[0.9436716318473461,9.436716318473461,1.0],[0.22542293193962482,2.254229319396248,1.0],[0.22792853612720076,2.2792853612720076,1.0],[0.3202161638777423,3.202161638777423,1.0],[0.9471716155913338,9.471716155913338,1.0],[0.06517330654168263,0.6517330654168263,1.0],[0.5318417096543258,5.318417096543257,1.0],[0.060458432800693074,0.6045843280069307,1.0],[0.0568250937122835,0.568250937122835,1.0],[0.05525076001007523,0.5525076001007523,1.0],[0.08040862393544657,0.8040862393544657,1.0],[0.45414991337399147,4.541499133739915,1.0],[0.5398206863735848,5.398206863735848,1.0],[0.9620202223629081,9.62020222362908,1.0],[0.4443670125830569,4.443670125830569,1.0],[0.4943162252029675,4.9431622520296745,1.0],[0.301158822820192,3.01158822820192,1.0],[0.03764467466094412,0.3764467466094412,1.0],[0.32502817216022195,3.2502817216022195,1.0],[0.6923405421469611,6.92340542146961,1.0]]
0_BehnkeGeiger_60_workers.fjs;1751.10062902295;426348;[374,547,568,580,733,109,120,507,529,795,120,493,608,631,699,436,472,497,589,762,67,234,350,371,416,309,330,358,404,548,207,233,327,355,431,23,186,252,401,420,13,35,59,68,228,384,402,454,506,521,400,415,518,605,640,128,253,274,293,485,462,522,550,631,812,175,199,223,276,705,133,159,249,312,404,148,175,208,515,724,444,459,470,553,743,0,208,369,421,523,185,305,328,380,409,435,462,480,506,587,353,368,465,564,714,61,228,477,552,734,368,421,440,605,764,290,311,337,368,388,253,265,284,308,349,421,436,447,497,678,169,400,494,516,627,46,119,146,420,643,251,276,299,467,553,317,475,494,518,737,44,68,416,531,581,415,435,459,480,582,0,18,44,287,386,416,430,523,548,619,330,444,456,486,651,196,219,392,450,469,336,356,384,414,646,170,186,424,450,563,83,94,206,234,260,90,294,311,626,749,374,397,412,427,456,235,384,518,536,605,233,272,434,467,505,316,336,365,534,603,438,450,548,581,681,302,366,395,506,562,89,115,299,585,786,66,207,413,492,553,347,374,384,561,614,356,388,416,605,632,199,230,250,470,753,300,320,336,346,386,286,302,356,384,436,297,309,431,444,536,77,89,207,318,360,109,292,318,354,380,229,253,280,471,738,17,66,421,444,597,180,207,284,306,406,272,300,330,521,788,365,374,401,456,505,252,272,337,371,476,113,150,179,350,637,402,421,443,453,608,125,143,480,506,670,35,66,336,376,507,479,494,507,621,796,341,369,492,593,781,498,531,580,605,674,260,286,310,456,482,150,170,322,454,572,475,498,554,585,815,329,347,371,507,526,143,337,358,445,665,294,316,330,454,544,392,463,494,515,629,419,438,453,611,805,391,416,480,502,727,130,380,403,438,464,115,130,507,585,770,199,229,274,337,350,94,109,480,509,538,159,185,408,435,462,0,386,447,517,757,18,36,521,531,561,219,296,343,538,656,48,173,186,210,316,369,392,528,550,772,276,295,456,536,609,454,475,554,568,690,435,444,457,470,495,265,275,402,453,582,0,17,142,403,445,275,368,522,545,619,156,210,316,327,337,91,113,504,518,694,138,148,185,199,285,320,365,457,480,564,230,251,267,449,721,36,46,113,141,284];[2,40,50,40,58,2,31,45,47,58,2,28,7,22,57,3,50,22,22,56,0,48,24,4,59,3,27,16,43,59,1,26,55,37,58,2,14,52,12,58,3,19,32,17,56,3,35,54,18,58,2,49,24,17,58,0,12,5,55,56,0,41,9,49,58,0,21,44,53,58,2,54,44,5,57,0,4,6,10,57,2,45,30,13,58,2,4,39,31,59,2,21,35,9,56,0,18,23,55,59,3,38,37,37,59,2,28,53,43,57,3,32,39,53,59,2,10,48,41,59,0,13,12,52,56,3,7,50,50,58,3,16,46,33,56,1,51,50,12,59,2,34,28,42,56,2,46,20,23,59,0,46,34,50,56,2,45,44,54,57,3,25,46,37,56,0,14,36,28,59,3,51,40,45,58,3,15,50,28,59,0,43,22,28,57,1,7,19,46,58,2,51,7,21,58,3,10,14,17,56,0,8,54,48,57,3,43,51,25,56,1,18,49,54,57,0,50,53,24,57,1,38,36,17,56,2,24,52,20,59,1,41,23,7,59,3,41,17,53,58,2,23,48,32,57,0,53,46,43,57,2,52,22,6,59,1,34,29,54,58,3,55,47,8,57,3,35,51,15,56,1,12,17,52,56,3,36,39,19,57,0,24,36,38,56,0,20,43,37,58,1,54,13,13,59,1,30,38,18,56,0,12,17,51,58,1,38,39,29,58,0,29,17,10,56,3,5,55,29,59,3,5,18,43,59,3,13,34,16,56,0,52,30,19,57,1,52,19,20,57,2,43,43,19,57,3,31,19,39,57,1,31,28,14,59,2,40,7,49,56,2,29,26,53,57,3,18,27,5,58,0,24,19,49,58,1,29,10,48,59,1,4,42,22,59,0,51,44,35,59,1,19,40,53,56,1,32,52,37,58,0,12,23,10,57,2,9,19,40,57,2,11,24,20,58,1,24,11,53,57,1,53,43,17,57,3,38,28,23,56,2,7,16,48,58,1,30,40,41,56,2,21,20,51,58,2,36,50,20,59,2,25,6,28,59,0,46,48,4,58,0,9,32,19,59,0,10,22,12,58,3,39,55,36,56,0,36,23,13,56,0,48,28,20,58,1,50,52,27,56,2,23,37,35,56,1,49,18,21,57];[54,52,49,83,9,5,21,73,81,25,13,43,84,37,45,86,82,12,55,13,13,40,44,76,35,10,87,4,43,34,73,78,6,83,44,45,50,13,89,45,48,51,85,63,86,5,52,70,69,0,20,49,16,57,86,86,58,16,61,54,67,25,42,84,23,29,36,5,39,40,11,40,5,41,53,89,75,59,65,27,29,73,23,43,82,41,12,40,43,54,65,23,8,71,84,71,80,85,25,24,56,27,10,75,47,64,89,6,71,84,89,9,55,88,30,7,71,18,1,41,84,75,87,79,49,56,38,1,59,65,48,8,83,22,31,30,19,13,31,87,39,29,83,81,75,24,70,24,4,60,42,3,76,61,54,71,0,87,1,6,71,37,81,34,34,86,64,60,86,41,34,40,46,89,3,72,2,32,39,45,17,12,60,32,73,61,27,66,77,45,64,30,57,11,11,89,86,20,34,13,15,47,81,88,24,54,65,59,18,64,13,73,70,6,64,45,48,82,77,80,39,79,84,81,70,6,8,64,88,0,23,8,41,79,42,89,89,18,46,88,70,2,43,55,10,10,76,60,50,43,29,56,56,68,6,47,66,31,77,8,62,62,17,55,56,71,18,10,82,75,84,87,86,49,20,11,78,36,71,59,75,18,47,76,51,36,50,26,17,71,89,64,51,72,14,57,13,10,74,0,21,6,67,78,43,73,15,88,56,77,48,56,70,73,44,9,28,59,36,23,89,64,25,85,39,50,1,86,47,52,88,49,36,49,85,40,30,87,52,72,78,79,88,27,2,80,30,63,51,34,39,60,89,13,89,42,62,61,69,81,43,76,37,89,48,16,71,57,35,88,81,53,21,7,43,50,75,81,20,76,58,15,4,30,42,62,83,48,3,11,56,42,13,58,11,0,55,5,48,50,48,55,58,44,79,62,53,7,58,55,41,13,61,87,57,37,29,38,33,69,49,74,61,46,13,85,44,81,21,81,34,50,28,11,3,24,3,49,73,7,64,75,74,47,71,64,61,36,32,24,16,5,28,29,60,34,65,79,37,59,7,33,67,78,68,86,51,87,80,15,14,28,35,68,30,86,78,16,10,6,33,50,41,80,36,42,36,86,80,81,52,44,54,31,74,61,23,87,78,75];[[0.7773566427005639,7.7735664270056395,1.0],[0.6698255595592497,6.698255595592498,1.0],[0.09913960392481702,0.9913960392481702,1.0],[0.35297051119014544,3.529705111901454,1.0],[0.4679077429008419,4.679077429008419,1.0],[0.5346837414708775,5.346837414708775,1.0],[0.9783090609123973,9.783090609123974,1.0],[0.13031535015865903,1.3031535015865903,1.0],[0.6712434682302663,6.712434682302662,1.0],[0.36422941594737557,3.6422941594737557,1.0],[0.48883570716198577,4.888357071619858,1.0],[0.20301221073405373,2.0301221073405373,1.0],[0.6661983755713592,6.661983755713592,1.0],[0.2276630312069321,2.276630312069321,1.0],[0.4580640582967631,4.580640582967631,1.0],[0.040722397554957435,0.40722397554957435,1.0],[0.9742897953778286,9.742897953778286,1.0],[0.4874760742689066,4.874760742689066,1.0],[0.4616138636373597,4.616138636373597,1.0],[0.7141471558082002,7.141471558082002,1.0],[0.4157281494999725,4.157281494999725,1.0],[0.888011688001529,8.88011688001529,1.0],[0.023293448723771704,0.23293448723771704,1.0],[0.8335062677845465,8.335062677845466,1.0],[0.4684947409975081,4.684947409975081,1.0],[0.8114798126442795,8.114798126442794,1.0],[0.9455914886158723,9.455914886158723,1.0],[0.9830883781948988,9.830883781948987,1.0],[0.1761820755785306,1.761820755785306,1.0],[0.698655759576308,6.98655759576308,1.0],[0.10885571131238292,1.0885571131238292,1.0],[0.16026373420620188,1.6026373420620188,1.0],[0.09286027402458918,0.9286027402458918,1.0],[0.3140620798928404,3.140620798928404,1.0],[0.01653868433866723,0.1653868433866723,1.0],[0.8540491257363622,8.540491257363621,1.0],[0.2910160386456968,2.910160386456968,1.0],[0.7800475863350328,7.800475863350328,1.0],[0.5480965161255696,5.480965161255696,1.0],[0.19433067669976123,1.9433067669976123,1.0],[0.2920382721805297,2.920382721805297,1.0],[0.3194527773994337,3.194527773994337,1.0],[0.6585982235379076,6.585982235379077,1.0],[0.23152103541222924,2.3152103541222924,1.0],[0.6194303369953537,6.194303369953537,1.0],[0.8953386098022104,8.953386098022104,1.0],[0.8694342085696831,8.694342085696832,1.0],[0.2938069356684523,2.938069356684523,1.0],[0.45820480858054946,4.582048085805495,1.0],[0.4849797978711191,4.849797978711191,1.0],[0.2803882693587225,2.803882693587225,1.0],[0.32895694635060024,3.2895694635060027,1.0],[0.9842424240265042,9.842424240265043,1.0],[0.011944137920874343,0.11944137920874343,1.0],[0.14290076829328524,1.4290076829328524,1.0],[0.6519772165446712,6.519772165446712,1.0],[0.07499317994693244,0.7499317994693244,1.0],[0.29207870228110877,2.920787022811088,1.0],[0.7934429721917705,7.934429721917705,1.0],[0.9115931008709737,9.115931008709737,1.0],[0.3703917795895437,3.7039177958954372,1.0],[0.20528221118666345,2.0528221118666345,1.0],[0.880081326784678,8.80081326784678,1.0],[0.6325664501560831,6.325664501560832,1.0],[0.503514326058558,5.0351432605855795,1.0],[0.3308435596710889,3.308435596710889,1.0],[0.3474001835074456,3.474001835074456,1.0],[0.2924115863324481,2.9241158633244813,1.0],[0.7653974346433319,7.653974346433319,1.0],[0.4784432998768373,4.784432998768374,1.0],[0.2015373401465821,2.015373401465821,1.0],[0.8715627297687166,8.715627297687167,1.0],[0.7551785489449617,7.5517854894496175,1.0],[0.8675584511848858,8.675584511848859,1.0],[0.9323236929247266,9.323236929247265,1.0],[0.24171326534063708,2.417132653406371,1.0],[0.8924504838872919,8.924504838872918,1.0],[0.7659566844206285,7.659566844206285,1.0],[0.4146826922981828,4.146826922981828,1.0],[0.32368260626724077,3.2368260626724075,1.0],[0.5613052389019693,5.613052389019693,1.0],[0.5908359788832377,5.908359788832377,1.0],[0.16558277680810296,1.6558277680810296,1.0],[0.4861970648764189,4.8619706487641885,1.0],[0.9490216941921916,9.490216941921917,1.0],[0.46819109749463483,4.681910974946348,1.0],[0.39662970244337636,3.9662970244337634,1.0],[0.9188065977724452,9.188065977724452,1.0],[0.9857276253270151,9.85727625327015,1.0],[0.9392006613006973,9.392006613006973,1.0]]
0_BehnkeGeiger_60_workers.fjs;1682.0880992758525;132792;[190,213,317,333,367,355,368,386,407,507,359,370,400,437,552,289,310,328,437,490,0,24,156,177,628,158,234,263,501,660,417,450,470,513,573,421,446,479,565,712,266,290,398,416,471,368,388,415,443,524,229,259,382,399,605,284,325,335,357,379,458,482,505,521,687,235,390,416,463,647,295,317,542,561,749,22,72,106,428,498,95,105,118,350,363,165,190,251,367,542,56,84,130,502,694,46,194,255,416,525,446,461,489,512,587,450,474,488,525,575,213,236,285,456,714,317,342,373,427,447,26,54,72,328,393,116,143,167,189,209,470,482,642,655,752,116,395,516,543,646,105,128,156,457,616,143,158,173,328,351,28,46,150,173,457,488,513,534,547,618,429,451,471,492,543,63,199,226,361,400,325,355,366,471,590,108,132,366,421,585,442,470,500,525,565,198,220,315,600,763,205,385,423,460,501,366,380,423,481,548,187,205,216,344,366,382,451,553,593,613,42,441,468,574,711,380,399,427,533,663,155,181,210,235,492,58,291,469,547,600,203,221,277,504,684,151,165,179,216,247,509,536,554,588,702,0,26,130,335,347,482,513,525,548,598,236,261,274,293,344,333,359,388,407,483,461,521,539,565,696,221,244,293,550,762,131,155,370,499,722,398,429,442,498,511,92,116,139,228,599,132,150,240,409,433,429,458,550,572,768,261,276,502,561,667,54,139,471,499,632,220,307,421,453,481,256,335,357,382,416,35,56,194,315,341,330,357,418,442,465,391,407,437,528,544,0,467,533,579,766,74,92,106,574,783,84,250,261,572,612,473,502,519,616,775,474,488,565,588,694,407,429,444,502,674,76,95,204,226,452,150,179,447,457,515,310,333,350,554,773,276,302,312,456,658,244,266,347,478,731,292,310,353,371,471,94,443,453,464,733,0,22,373,387,448,93,116,250,263,672,128,177,204,227,389,181,404,511,532,751,416,429,461,490,708,270,292,312,416,502,381,410,423,441,589,310,345,373,406,422,357,393,406,417,441,410,421,430,444,463,342,366,388,409,421,24,35,167,535,779,399,489,513,528,674,513,533,547,556,637,302,325,353,405,435,179,203,260,499,561,259,270,290,481,739,370,391,414,449,749,489,509,522,535,640,176,187,208,228,375];[2,15,18,32,56,2,36,17,17,58,1,28,36,38,58,3,20,50,16,56,0,49,8,53,56,1,51,47,30,58,0,34,24,8,57,3,42,55,13,58,3,35,26,18,58,2,34,19,18,57,1,10,27,44,59,0,42,7,30,56,1,42,44,23,57,0,20,46,53,57,0,52,32,34,58,3,6,24,25,59,2,47,12,31,57,2,29,13,30,58,0,31,24,12,56,2,27,23,20,58,3,8,11,33,56,0,11,6,35,58,2,34,10,55,59,0,41,20,41,59,1,30,10,35,58,1,9,48,50,57,2,35,14,32,57,0,47,17,49,56,2,8,37,41,56,1,13,47,20,56,2,38,28,13,57,0,5,45,55,59,2,24,12,37,59,3,18,38,31,56,2,51,47,15,59,3,5,51,29,57,2,43,35,28,59,0,6,35,16,59,1,51,7,30,56,0,33,15,19,57,1,36,51,35,58,2,15,6,49,58,3,55,55,52,57,0,41,55,4,57,0,42,52,16,57,2,23,52,10,56,3,45,23,4,58,2,25,27,36,59,2,14,21,35,58,1,21,17,43,57,1,54,38,33,58,2,11,18,5,59,1,34,25,16,59,3,33,43,15,57,3,26,18,25,58,0,18,22,26,58,2,35,23,16,59,1,28,41,44,57,3,14,15,15,57,1,52,18,17,57,2,49,48,37,59,1,28,40,51,58,0,10,45,9,58,0,42,27,38,56,0,7,47,5,58,3,14,16,30,59,1,5,9,32,56,2,48,52,46,56,1,24,21,49,59,0,34,29,10,57,3,31,52,14,56,0,46,35,48,59,1,32,40,52,57,2,27,8,21,58,3,51,41,51,56,1,31,22,49,58,2,17,17,16,56,3,22,43,48,57,1,43,33,54,57,3,52,43,26,56,3,32,50,24,56,0,17,47,21,58,2,8,24,53,59,0,25,37,18,59,2,34,4,41,56,1,45,45,26,57,3,7,52,48,58,3,50,46,33,59,3,33,22,48,58,3,10,22,35,56,0,26,15,29,57,0,26,9,6,57,0,8,32,7,56,1,10,46,13,57,2,33,54,38,56,3,38,15,40,56,1,35,31,4,59,1,16,38,20,56,2,49,6,34,59,1,49,44,23,59];[65,33,2,52,42,30,56,62,21,75,26,10,18,38,62,71,82,26,86,85,11,79,19,31,75,60,54,45,85,20,31,39,62,28,45,49,88,67,0,46,6,32,4,72,48,3,68,2,83,13,52,11,16,89,11,13,53,78,50,18,53,39,20,0,74,2,66,32,85,14,2,65,30,59,62,24,36,89,1,80,58,15,24,25,81,59,76,28,88,46,43,87,77,48,13,22,14,88,64,70,10,41,8,59,26,38,46,14,77,19,12,12,84,63,19,15,76,89,24,27,2,59,1,1,85,79,15,39,51,82,70,79,50,67,77,54,57,32,69,89,48,11,56,77,72,54,26,77,33,33,68,36,68,73,58,74,89,87,87,87,39,44,35,17,34,66,60,35,49,46,48,80,74,25,70,0,50,87,16,42,70,37,37,59,53,2,77,21,26,48,22,76,87,42,18,68,45,44,84,76,43,54,84,5,55,64,48,25,68,17,35,60,47,13,34,71,17,37,56,46,38,10,7,28,48,32,68,52,41,23,42,65,7,27,2,4,4,57,36,25,81,50,30,28,61,43,73,75,73,77,23,67,80,13,2,89,77,3,34,1,84,73,44,20,61,31,35,24,75,27,17,64,4,4,84,71,9,4,19,26,23,4,21,61,22,41,22,3,86,50,58,48,20,22,68,56,69,43,16,6,76,27,2,5,19,27,33,19,63,5,70,66,65,79,71,5,85,69,84,82,78,56,85,68,63,69,31,13,4,61,10,86,32,57,5,50,16,60,25,2,54,34,9,22,87,32,4,40,43,76,29,56,11,23,7,59,27,24,86,21,55,55,35,72,52,28,60,19,45,12,57,60,71,2,42,24,45,14,69,9,65,25,55,60,79,30,70,86,66,57,78,39,41,58,10,86,2,55,74,27,45,64,82,78,84,65,19,12,47,16,17,74,18,29,3,67,50,17,4,23,4,6,84,32,84,57,89,50,35,7,2,54,15,36,81,37,79,26,63,47,46,54,9,51,73,65,70,8,85,32,7,57,79,10,45,32,71,55,25,23,60,76,66,20,14,16,79,63,19,78,53,32,70,59,42,41,27,82,26,23,31,43,75,69,49,7,33,74,8,22,41,64,30,29,85,23,5,59,53,72];[[0.7966509679599704,7.966509679599704,1.0],[0.05862623274803458,0.5862623274803458,1.0],[0.7602397739740907,7.602397739740907,1.0],[0.8627037401845356,8.627037401845355,1.0],[0.09127403464611428,0.9127403464611428,1.0],[0.9024924365975527,9.024924365975528,1.0],[0.7858960565941281,7.858960565941281,1.0],[0.40667966546103385,4.0667966546103385,1.0],[0.37447264465852026,3.7447264465852026,1.0],[0.6490262282913547,6.490262282913547,1.0],[0.40092466608569977,4.009246660856998,1.0],[0.5721109226277574,5.721109226277575,1.0],[0.6077930620255084,6.077930620255084,1.0],[0.05072389565884072,0.5072389565884072,1.0],[0.7370880093375713,7.370880093375714,1.0],[0.708486383757228,7.08486383757228,1.0],[0.9221724532030824,9.221724532030823,1.0],[0.7149390332589045,7.149390332589045,1.0],[0.6557724968554814,6.5577249685548145,1.0],[0.7371071646895253,7.371071646895253,1.0],[0.18754222176317448,1.8754222176317448,1.0],[0.5019778365908455,5.019778365908455,1.0],[0.8950298548604116,8.950298548604117,1.0],[0.926358313475896,9.26358313475896,1.0],[0.01899157139556429,0.18991571395564288,1.0],[0.8777314655556964,8.777314655556964,1.0],[0.6362924717585655,6.362924717585655,1.0],[0.4066346562427898,4.066346562427898,1.0],[0.12957858368499198,1.2957858368499198,1.0],[0.8626878625294206,8.626878625294207,1.0],[0.25379646148203605,2.5379646148203605,1.0],[0.5928589993203222,5.9285899932032216,1.0],[0.0752821307110767,0.752821307110767,1.0],[0.55648541295561,5.5648541295561005,1.0],[0.39201372928372336,3.9201372928372336,1.0],[0.30661199501593694,3.0661199501593694,1.0],[0.16614394932812038,1.6614394932812038,1.0],[0.03548206500031437,0.35482065000314367,1.0],[0.8734081096560021,8.734081096560022,1.0],[0.6077933997757088,6.077933997757087,1.0],[0.00566233272181782,0.0566233272181782,1.0],[0.57937513910209,5.7937513910209,1.0],[0.766498732100053,7.66498732100053,1.0],[0.20058362814831487,2.0058362814831487,1.0],[0.9293225912363087,9.293225912363086,1.0],[0.8422636176481996,8.422636176481996,1.0],[0.5387041601810612,5.387041601810612,1.0],[0.9883390358185146,9.883390358185146,1.0],[0.21802702973914923,2.180270297391492,1.0],[0.038493402742472815,0.38493402742472815,1.0],[0.37032113547489287,3.7032113547489285,1.0],[0.1822270440474585,1.8222704404745849,1.0],[0.9462360068540245,9.462360068540246,1.0],[0.1150920367841759,1.150920367841759,1.0],[0.3529247978916473,3.529247978916473,1.0],[0.8631951229076982,8.631951229076982,1.0],[0.041228887544789705,0.41228887544789705,1.0],[0.08920964027917122,0.8920964027917122,1.0],[0.5188892304220151,5.1888923042201505,1.0],[0.3593751525090847,3.593751525090847,1.0],[0.02137850022746135,0.2137850022746135,1.0],[0.6705629807207766,6.705629807207766,1.0],[0.8415018800797289,8.41501880079729,1.0],[0.0549654710344607,0.549654710344607,1.0],[0.12847413232468474,1.2847413232468474,1.0],[0.12133653253479593,1.2133653253479593,1.0],[0.47496175692231557,4.7496175692231555,1.0],[0.6501440243508211,6.501440243508211,1.0],[0.26467231108682165,2.6467231108682165,1.0],[0.8283954411360489,8.283954411360488,1.0],[0.09632504623843086,0.9632504623843086,1.0],[0.9001492562131493,9.001492562131494,1.0],[0.22420503779756518,2.2420503779756515,1.0],[0.11601154122656976,1.1601154122656976,1.0],[0.20138930403775013,2.0138930403775013,1.0],[0.5571704471099438,5.571704471099438,1.0],[0.8954308805741998,8.954308805741999,1.0],[0.10783585956749675,1.0783585956749675,1.0],[0.6110196883093226,6.110196883093226,1.0],[0.5285746404071686,5.285746404071686,1.0],[0.4751239272073001,4.7512392720730015,1.0],[0.7846662958446119,7.846662958446119,1.0],[0.25197118373537,2.5197118373536997,1.0],[0.9011562601111824,9.011562601111825,1.0],[0.33015443004324485,3.3015443004324485,1.0],[0.39070876167562685,3.9070876167562685,1.0],[0.5024299090089163,5.024299090089163,1.0],[0.5414008895519862,5.414008895519862,1.0],[0.7061732576618968,7.061732576618968,1.0],[0.8167560629471541,8.167560629471541,1.0]]
0_BehnkeGeiger_60_workers.fjs;1688.6651053697874;522504;[199,210,413,515,597,0,397,417,471,681,165,174,204,231,413,0,29,124,147,205,18,46,66,82,679,79,236,323,417,438,159,267,509,532,746,353,376,401,447,659,67,79,433,447,782,272,294,476,493,513,446,474,493,516,664,406,504,521,547,585,76,266,279,317,348,230,282,474,566,777,293,320,342,393,447,413,434,462,546,628,289,369,417,480,498,361,383,409,458,540,303,370,527,562,731,75,137,151,176,363,0,15,363,409,534,442,458,490,503,742,251,397,417,474,624,46,113,420,447,465,39,67,370,394,408,337,347,370,441,522,88,98,147,487,700,174,194,378,516,772,333,418,493,517,639,479,492,518,537,626,0,18,77,95,126,309,330,342,360,423,63,333,407,639,682,242,251,266,401,455,53,75,321,335,345,320,347,379,394,443,372,401,437,531,579,141,370,433,454,465,277,289,303,372,397,144,165,191,515,711,121,141,304,432,524,254,272,294,544,678,15,39,325,426,458,373,481,504,541,711,376,390,406,437,463,86,110,342,369,395,216,242,493,503,606,254,277,287,330,433,428,442,469,540,761,58,101,279,307,380,144,171,318,503,634,254,278,294,304,371,114,144,158,167,185,210,224,282,294,477,398,413,504,544,719,390,405,415,457,486,29,547,560,577,767,98,121,134,512,607,383,406,422,452,600,414,463,480,562,771,363,443,463,489,661,123,144,353,378,397,351,361,376,522,736,298,326,449,477,586,171,342,383,456,562,446,479,493,530,610,347,363,376,395,570,345,372,435,465,517,194,447,546,566,656,54,63,317,465,573,342,351,363,393,711,193,220,230,490,533,34,53,266,289,553,198,376,401,432,648,278,298,447,521,702,215,240,321,497,557,176,198,299,395,514,141,295,320,334,357,19,383,403,430,493,331,345,371,453,746,271,295,314,324,336,453,513,539,584,763,443,453,478,509,552,110,123,160,191,348,83,131,415,480,703,112,141,378,528,641,420,446,457,481,553,394,420,448,492,608,295,309,355,477,648,183,199,213,329,409,160,183,244,267,289,326,340,372,384,481,99,114,137,486,778,234,307,370,401,424,101,112,128,150,159,392,414,469,517,618,224,417,443,458,485,330,355,454,523,722,220,230,311,389,493,240,254,493,518,670];[0,52,9,44,59,1,7,48,55,56,3,30,4,18,56,0,24,37,31,57,2,11,14,52,58,1,52,11,16,56,2,35,13,8,56,3,30,23,43,58,1,33,43,19,57,1,33,24,18,56,1,45,25,38,59,3,11,19,52,56,2,32,45,6,57,1,38,5,34,59,1,28,17,36,58,2,25,34,11,57,3,40,7,22,59,2,29,10,28,56,3,28,31,12,56,3,9,21,14,58,3,4,25,29,58,3,38,8,7,59,2,32,53,53,56,2,52,29,42,59,1,22,51,16,58,0,24,48,55,59,2,37,37,34,56,3,19,41,25,58,3,10,5,40,57,2,13,45,21,59,2,31,22,18,56,2,40,44,54,57,0,25,46,26,57,2,38,36,33,59,3,50,53,29,56,1,5,19,12,57,1,43,44,37,57,0,5,39,37,56,3,48,6,7,59,3,9,12,37,58,2,11,51,31,57,1,16,41,49,59,3,18,51,55,57,0,11,4,27,57,3,52,44,27,58,3,53,40,50,57,2,32,20,27,59,3,7,8,7,59,3,21,22,35,58,2,15,32,42,57,1,54,30,20,58,0,41,25,49,56,1,55,15,11,57,0,35,42,11,56,2,39,39,25,59,3,34,21,4,58,0,36,55,52,56,2,30,50,17,57,2,52,14,35,58,0,15,17,32,57,0,15,32,40,56,3,38,41,23,56,2,43,31,9,58,0,33,27,16,59,1,28,21,44,57,2,20,32,25,58,0,52,6,42,59,1,32,16,37,58,3,40,32,35,57,0,6,49,31,58,2,23,36,13,56,1,41,47,21,59,3,51,38,55,58,2,43,31,30,56,0,26,29,50,58,3,29,20,50,56,2,27,55,55,57,2,29,35,48,57,1,39,8,54,57,1,26,53,51,57,2,20,36,13,58,0,10,42,34,59,0,8,49,23,57,3,27,50,47,58,0,52,34,15,59,0,22,46,55,59,1,4,11,50,59,1,50,24,52,56,2,39,9,39,58,0,13,22,42,59,0,39,35,30,57,0,7,39,4,57,1,9,47,44,56,0,32,24,14,58,0,36,45,36,57,0,22,21,31,57,0,32,28,5,59,2,26,39,27,57,1,10,53,40,56,3,42,45,48,58];[44,11,42,49,55,7,8,73,53,45,84,18,37,40,83,88,33,8,79,83,58,63,9,6,18,43,71,65,59,34,26,10,52,71,21,26,48,20,15,27,20,71,2,36,86,17,54,39,54,89,3,55,9,14,81,38,55,65,66,11,32,27,84,24,20,21,70,31,89,87,35,5,35,76,62,15,52,45,16,10,55,85,74,43,28,76,32,69,59,54,21,24,16,22,38,1,60,87,88,62,22,69,72,70,41,50,27,49,30,41,46,59,55,3,40,7,2,84,67,89,65,4,40,30,58,50,41,57,25,68,79,44,37,42,58,55,85,37,75,24,25,86,4,58,72,86,71,70,73,33,0,44,4,78,81,59,19,86,22,12,12,21,2,10,85,67,61,39,48,28,69,26,53,57,34,9,50,22,68,61,30,61,10,24,39,58,52,45,53,87,24,72,37,86,77,74,28,65,57,33,68,64,75,43,87,40,34,7,49,44,36,56,32,7,22,43,73,61,40,55,80,38,28,18,57,1,84,78,81,11,44,47,0,72,14,64,61,65,59,47,17,9,72,89,39,18,83,69,72,11,32,11,54,84,42,21,37,75,87,21,66,59,16,42,56,82,80,54,4,4,87,25,21,86,29,56,51,82,73,63,51,65,1,9,53,48,38,47,77,57,10,4,60,88,12,57,20,83,2,78,56,57,46,41,5,41,13,84,64,31,0,31,45,28,51,58,28,84,87,38,63,40,42,29,63,80,13,82,56,88,64,59,44,75,47,23,23,49,0,83,62,2,34,54,77,32,28,41,14,40,5,44,55,83,68,75,23,19,2,79,31,67,31,39,23,42,39,63,88,52,19,44,75,34,4,0,12,84,80,73,49,31,66,44,46,46,32,71,14,25,56,17,45,30,46,51,67,34,38,37,32,67,44,78,6,44,37,29,68,9,38,54,25,59,22,12,22,25,22,30,83,45,26,64,14,24,56,84,14,78,80,1,5,84,85,41,46,81,86,21,16,0,67,19,73,50,87,6,54,65,75,43,51,13,41,11,80,42,40,23,25,15,73,57,59,84,13,61,27,14,61,87,25,6,68,53,49,49,63,71,55,51,24,85,1,4,74,51,2,46,68,2,84,18,37,60,62,48,24,40];[[0.5209484070219088,5.209484070219088,1.0],[0.42125020101147315,4.212502010114731,1.0],[0.22094517308324657,2.2094517308324657,1.0],[0.13033708391670573,1.3033708391670573,1.0],[0.48395776843282956,4.839577684328296,1.0],[0.6260889663051598,6.260889663051597,1.0],[0.6211218319323739,6.21121831932374,1.0],[0.707277595965894,7.07277595965894,1.0],[0.43539590023548325,4.3539590023548325,1.0],[0.04809800715767443,0.4809800715767443,1.0],[0.2254847064342842,2.254847064342842,1.0],[0.788548045160999,7.88548045160999,1.0],[0.42108890435006496,4.21088904350065,1.0],[0.5652029481252892,5.6520294812528915,1.0],[0.6764042610645917,6.764042610645918,1.0],[0.7568325816320766,7.568325816320765,1.0],[0.16251102322256883,1.6251102322256883,1.0],[0.4662293326345085,4.662293326345085,1.0],[0.652658580109924,6.526585801099239,1.0],[0.9348323542569703,9.348323542569704,1.0],[0.28093837261172117,2.8093837261172117,1.0],[0.9004772145836625,9.004772145836625,1.0],[0.848839594589838,8.48839594589838,1.0],[0.5244847531468491,5.244847531468491,1.0],[0.5786464188581003,5.786464188581003,1.0],[0.9355850494740874,9.355850494740874,1.0],[0.4401579992643663,4.401579992643663,1.0],[0.2893634937717525,2.8936349377175254,1.0],[0.7973797699194577,7.973797699194577,1.0],[0.10126138052386269,1.0126138052386269,1.0],[0.7187270677771636,7.187270677771636,1.0],[0.6449563433897082,6.449563433897082,1.0],[0.39126761491023665,3.9126761491023663,1.0],[0.9392975330999302,9.392975330999302,1.0],[0.609238184698229,6.09238184698229,1.0],[0.15484533159211777,1.5484533159211777,1.0],[0.41680311462661035,4.168031146266103,1.0],[0.9542543925010913,9.542543925010914,1.0],[0.08511902784380565,0.8511902784380565,1.0],[0.8102082222849146,8.102082222849146,1.0],[0.549048343145825,5.49048343145825,1.0],[0.797431305367372,7.974313053673719,1.0],[0.9212545834178625,9.212545834178625,1.0],[0.0840140116542355,0.840140116542355,1.0],[0.4271098529259699,4.2710985292596995,1.0],[0.4827049527125804,4.827049527125804,1.0],[0.4926248212853439,4.926248212853439,1.0],[0.8381214590808308,8.381214590808309,1.0],[0.06168361162523717,0.6168361162523717,1.0],[0.1800356634856508,1.800356634856508,1.0],[0.7512006320826361,7.5120063208263606,1.0],[0.8202315016053369,8.202315016053369,1.0],[0.9482269285705965,9.482269285705966,1.0],[0.09190024497370541,0.9190024497370541,1.0],[0.8275229129042858,8.275229129042858,1.0],[0.010223681010074426,0.10223681010074426,1.0],[0.7915178392051999,7.915178392051999,1.0],[0.23087148740184416,2.3087148740184418,1.0],[0.9176421264305312,9.176421264305311,1.0],[0.6337400704415804,6.3374007044158045,1.0],[0.4722514806957412,4.722514806957411,1.0],[0.15692662657496914,1.5692662657496914,1.0],[0.890455619982956,8.90455619982956,1.0],[0.3934374640442826,3.934374640442826,1.0],[0.9437473032889695,9.437473032889695,1.0],[0.027056184431497043,0.27056184431497043,1.0],[0.4303544994441807,4.303544994441807,1.0],[0.03986032371878334,0.3986032371878334,1.0],[0.27475171221519046,2.747517122151905,1.0],[0.9564909094852423,9.564909094852423,1.0],[0.3359902829981165,3.359902829981165,1.0],[0.04595304692857216,0.4595304692857216,1.0],[0.37548864135994087,3.754886413599409,1.0],[0.7100525719018224,7.100525719018224,1.0],[0.7195452743357282,7.195452743357283,1.0],[0.8188902738341958,8.188902738341957,1.0],[0.11659700681519214,1.1659700681519214,1.0],[0.5117406310798319,5.117406310798319,1.0],[0.4226359284361241,4.226359284361241,1.0],[0.4231179217423974,4.231179217423974,1.0],[0.5975978869418672,5.975978869418672,1.0],[0.10039657835066573,1.0039657835066573,1.0],[0.8661288460342442,8.661288460342442,1.0],[0.8262463782392978,8.262463782392977,1.0],[0.588405995089693,5.884059950896931,1.0],[0.302515462738837,3.0251546273883703,1.0],[0.031295122158443434,0.31295122158443434,1.0],[0.5757925091701167,5.757925091701167,1.0],[0.9545321496576605,9.545321496576605,1.0],[0.9649769610853548,9.649769610853548,1.0]]
0_BehnkeGeiger_60_workers.fjs;1734.905822312837;354744;[16,27,47,90,110,233,252,355,428,765,152,165,309,323,414,384,405,431,447,641,215,320,348,385,487,191,308,484,494,657,142,171,400,500,745,0,16,415,468,551,405,425,447,469,614,0,15,319,347,519,175,259,287,335,384,216,230,281,345,639,100,120,370,414,523,431,451,464,509,640,270,289,306,336,513,234,281,411,588,727,204,296,308,527,550,425,473,500,528,621,283,415,500,621,792,20,49,60,370,595,303,445,468,480,806,218,233,259,550,608,449,552,571,582,741,333,347,443,453,561,268,297,313,333,464,90,110,255,287,419,365,393,451,471,742,477,500,527,564,704,408,439,543,574,783,451,477,491,504,592,230,258,486,500,680,416,483,553,566,786,80,318,343,485,669,287,301,325,416,497,23,63,399,532,772,263,276,553,576,675,155,186,220,251,539,202,218,246,353,715,340,351,368,465,588,356,464,501,592,729,469,484,553,570,716,126,145,524,542,706,45,332,357,440,469,335,356,563,588,805,65,264,285,386,474,171,187,200,212,297,138,239,287,357,438,114,138,166,303,465,289,319,332,368,379,186,204,240,260,526,301,444,514,543,605,376,400,443,520,703,330,340,353,370,491,318,330,368,400,414,159,285,309,319,335,240,263,385,528,769,64,306,344,462,751,48,80,462,597,795,218,234,251,303,455,293,307,323,345,452,258,380,394,513,763,81,100,425,438,757,307,317,403,426,783,100,166,370,497,659,130,259,285,596,780,116,129,151,394,491,252,270,370,380,450,64,289,399,428,445,27,145,386,415,509,405,445,509,524,615,317,380,444,479,689,342,396,414,505,553,187,215,245,507,653,110,130,452,471,627,0,60,103,525,586,130,142,258,374,435,276,297,335,431,565,0,76,267,296,480,29,52,75,212,231,145,218,270,480,566,75,100,318,356,465,172,196,220,344,455,373,398,416,428,661,371,389,406,595,725,301,319,378,400,598,351,370,386,401,507,255,270,360,468,564,327,342,360,419,428,15,29,421,585,716,319,335,428,440,625,165,298,389,542,704,120,368,461,527,593,49,64,348,360,669,100,114,130,348,808,370,399,415,445,509,347,373,419,558,737,52,342,370,380,399,196,216,246,357,401,398,460,542,558,681,270,283,364,462,671];[0,19,51,54,58,3,37,20,55,58,2,28,37,39,57,3,50,10,23,56,0,17,43,6,56,2,45,53,44,58,0,32,17,11,59,0,4,21,29,58,0,19,20,19,58,2,33,23,16,59,2,39,27,42,57,1,50,19,4,57,0,33,45,35,57,3,34,4,39,59,3,23,55,54,58,2,25,46,25,58,3,45,47,25,56,0,5,54,30,57,2,22,36,48,56,1,5,23,32,58,3,29,25,13,57,3,39,25,25,56,0,35,28,53,57,1,55,22,43,58,1,30,19,33,59,2,30,50,53,56,2,7,45,17,56,3,25,40,19,56,1,44,22,42,58,3,36,23,22,56,1,29,36,5,58,2,34,45,52,59,0,27,27,50,58,0,17,36,29,58,3,51,29,29,57,0,6,50,38,56,3,42,43,38,59,2,6,24,31,56,3,48,4,48,59,0,34,13,27,59,0,19,54,41,57,1,19,13,23,59,3,22,44,8,58,0,36,54,36,56,3,37,36,39,56,0,8,55,11,57,3,45,21,42,57,3,35,9,27,56,3,22,20,34,56,3,20,18,40,58,1,53,22,12,57,2,43,52,39,58,3,5,45,21,57,3,32,39,28,59,1,37,22,9,59,0,30,25,54,59,1,23,39,44,56,0,22,5,38,58,2,44,10,35,56,2,41,16,19,57,1,14,16,19,56,3,37,39,28,57,2,49,11,8,57,1,35,31,49,59,2,31,7,53,56,1,22,11,14,59,3,54,14,11,59,2,48,55,38,56,0,33,13,48,59,3,5,34,35,59,2,29,10,29,59,2,47,32,50,57,0,31,8,29,56,2,51,17,49,56,1,35,22,50,58,0,28,8,51,59,0,8,9,50,59,3,51,45,13,59,2,40,41,55,57,1,20,15,43,57,1,28,21,9,57,1,43,45,12,58,1,18,38,54,57,0,20,9,31,56,0,12,17,51,59,3,13,47,39,56,2,5,49,50,56,2,31,35,55,58,2,39,16,38,58,0,4,20,45,58,2,36,49,29,57,0,12,53,7,57,1,9,49,25,59,3,8,46,17,59,3,22,53,38,57,1,7,14,13,58,2,32,29,22,59,1,24,12,22,56,1,52,13,41,57,2,51,52,23,57];[30,8,1,42,44,14,53,15,8,20,24,52,81,63,27,20,18,49,76,55,71,74,11,67,85,89,44,2,6,10,86,30,4,80,5,21,75,5,73,64,20,76,55,1,0,56,53,76,3,71,55,68,89,36,39,13,72,45,68,44,66,15,61,43,31,28,15,30,41,9,21,56,57,4,70,5,54,14,34,59,37,66,80,3,40,59,45,58,65,86,10,73,62,37,9,54,0,67,84,32,37,37,29,71,28,5,69,45,80,35,88,15,88,67,66,5,2,77,59,45,67,41,89,54,60,16,1,81,68,77,36,35,35,42,11,80,63,51,40,82,38,11,86,48,5,3,46,82,87,68,15,30,26,27,47,45,65,87,51,6,62,48,40,86,68,62,47,20,2,20,89,63,58,60,42,82,77,56,84,38,28,52,38,12,2,48,41,7,56,14,58,72,80,55,1,17,81,51,37,57,16,34,61,71,76,87,10,52,68,77,80,30,42,83,74,88,43,34,53,22,75,49,80,64,62,85,25,51,70,14,56,1,32,16,7,26,34,59,65,52,51,41,33,35,33,59,44,71,33,27,62,6,46,53,61,78,62,73,81,76,46,41,23,69,44,82,3,72,43,84,61,50,40,36,29,64,3,47,87,13,24,85,45,76,48,25,83,18,30,55,8,11,83,51,87,31,23,42,85,26,25,21,19,45,17,65,74,20,45,40,61,50,44,46,29,81,82,32,74,60,37,7,30,54,22,35,67,80,9,41,14,80,89,86,51,42,77,25,25,66,62,87,13,72,64,80,25,36,36,33,2,25,48,11,75,81,8,37,3,24,73,25,19,37,40,48,23,7,15,26,33,0,60,24,25,16,35,56,2,29,32,67,10,19,77,89,49,35,83,87,14,37,77,21,10,51,53,14,32,6,73,31,12,19,79,42,6,49,35,1,15,45,74,65,44,54,73,68,25,16,29,16,43,23,49,50,71,11,3,88,85,28,88,37,37,56,47,74,17,64,3,30,22,24,68,69,27,74,75,0,4,43,71,76,24,16,75,44,63,50,31,46,74,67,10,23,89,89,34,33,39,5,47,33,4,9,1,58,60,68,82,89,30,38,14,2,34,52,4,17,50,67,12,19,52,43,4,85,33,83];[[0.49734142093980327,4.973414209398033,1.0],[0.35999045686025677,3.5999045686025677,1.0],[0.7220617567237175,7.220617567237175,1.0],[0.44672126724761885,4.4672126724761885,1.0],[0.4533596515962979,4.533596515962978,1.0],[0.025925678678183073,0.25925678678183073,1.0],[0.33490089376309407,3.3490089376309404,1.0],[0.4755440242737675,4.755440242737675,1.0],[0.45132356511490823,4.513235651149082,1.0],[0.08788974506102976,0.8788974506102976,1.0],[0.29509671683068217,2.9509671683068217,1.0],[0.33863234208051063,3.3863234208051063,1.0],[0.9020959027552419,9.020959027552419,1.0],[0.7173473735926632,7.173473735926632,1.0],[0.8986159167700656,8.986159167700656,1.0],[0.032997165944182005,0.32997165944182005,1.0],[0.2284682145918675,2.284682145918675,1.0],[0.5381470661357333,5.381470661357333,1.0],[0.06127510457974772,0.6127510457974772,1.0],[0.22935566071129299,2.29355660711293,1.0],[0.5598162304796008,5.598162304796008,1.0],[0.0008471767611641923,0.008471767611641923,1.0],[0.3920352782519039,3.9203527825190387,1.0],[0.03133523867093202,0.3133523867093202,1.0],[0.24056870266164254,2.4056870266164254,1.0],[0.8953787890847891,8.953787890847892,1.0],[0.3866575811855242,3.866575811855242,1.0],[0.26785644445085033,2.6785644445085035,1.0],[0.9113672758007916,9.113672758007915,1.0],[0.8561689403543553,8.561689403543554,1.0],[0.2548634438031525,2.548634438031525,1.0],[0.42717855363332036,4.271785536333203,1.0],[0.19719480126070077,1.9719480126070077,1.0],[0.7644816954164836,7.644816954164836,1.0],[0.45421054829626994,4.5421054829626994,1.0],[0.7701442479976394,7.701442479976394,1.0],[0.7544956928280053,7.544956928280053,1.0],[0.1329370279333042,1.329370279333042,1.0],[0.13608412133420567,1.3608412133420567,1.0],[0.7421993063471702,7.421993063471702,1.0],[0.8710335288246386,8.710335288246386,1.0],[0.18118149060958277,1.8118149060958277,1.0],[0.8581563188196332,8.581563188196332,1.0],[0.2027449363975372,2.0274493639753723,1.0],[0.3410290736485122,3.410290736485122,1.0],[0.6372290727852594,6.372290727852594,1.0],[0.14905275813887664,1.4905275813887664,1.0],[0.5109099957893487,5.109099957893487,1.0],[0.4352931558109894,4.352931558109894,1.0],[0.09760732352088275,0.9760732352088275,1.0],[0.05941930181032895,0.5941930181032895,1.0],[0.4305054409800979,4.305054409800979,1.0],[0.5024944042408487,5.024944042408487,1.0],[0.5079732331603702,5.079732331603703,1.0],[0.0640695575730742,0.640695575730742,1.0],[0.43169459272424404,4.316945927242441,1.0],[0.9774036975897298,9.774036975897298,1.0],[0.7083743064187731,7.083743064187731,1.0],[0.3236585836720067,3.2365858367200673,1.0],[0.6948341495565338,6.948341495565337,1.0],[0.3959747672493763,3.959747672493763,1.0],[0.5702020071109615,5.702020071109615,1.0],[0.1273830425097976,1.273830425097976,1.0],[0.0022121200251274953,0.022121200251274953,1.0],[0.7082383894336587,7.082383894336587,1.0],[0.46105048814669625,4.610504881466962,1.0],[0.048724340958554824,0.48724340958554824,1.0],[0.9996141487513373,9.996141487513373,1.0],[0.6273821455013189,6.273821455013189,1.0],[0.2348624347451349,2.348624347451349,1.0],[0.5041148841596441,5.041148841596441,1.0],[0.8039409645464441,8.039409645464442,1.0],[0.47932085049134165,4.793208504913417,1.0],[0.70795730946113,7.0795730946113,1.0],[0.007554994577610108,0.07554994577610108,1.0],[0.8007158968273879,8.00715896827388,1.0],[0.5714645581344422,5.714645581344422,1.0],[0.3553516990323421,3.5535169903234207,1.0],[0.4109500828077237,4.109500828077238,1.0],[0.8741229133056294,8.741229133056294,1.0],[0.9420210435021625,9.420210435021625,1.0],[0.30280487290994307,3.0280487290994307,1.0],[0.8284132151265241,8.284132151265242,1.0],[0.3304643624332526,3.304643624332526,1.0],[0.5345490821912385,5.345490821912385,1.0],[0.05846257531970078,0.5846257531970078,1.0],[0.3640608639017009,3.640608639017009,1.0],[0.4918937375846536,4.918937375846536,1.0],[0.05273726661906186,0.5273726661906186,1.0],[0.9082050684613338,9.082050684613337,1.0]]
0_BehnkeGeiger_60_workers.fjs;1820.3784054066655;379284;[290,300,313,408,439,415,434,505,526,543,81,288,375,602,710,181,201,218,357,458,235,308,382,406,431,123,138,173,199,313,246,259,288,431,618,399,423,444,474,496,398,454,536,560,600,326,345,385,436,650,191,474,522,562,808,426,437,462,530,748,387,442,456,481,775,17,55,77,234,258,213,288,308,324,426,139,394,405,428,608,108,118,292,306,318,404,436,464,499,575,73,83,204,219,557,42,385,579,605,781,455,480,504,530,798,201,217,245,267,348,388,460,546,556,721,165,304,315,332,464,300,311,366,528,738,205,349,428,452,516,155,166,386,412,540,107,123,382,458,573,39,70,198,399,583,143,155,186,560,836,90,129,142,291,458,10,349,371,392,572,44,57,251,281,388,33,44,522,553,782,354,383,436,461,670,62,87,308,490,734,0,30,55,74,101,93,474,497,513,633,504,530,550,563,842,0,10,25,317,693,158,181,374,457,528,80,98,333,474,549,255,274,287,444,747,261,283,445,544,832,0,13,286,313,497,379,399,433,582,804,234,261,306,371,533,222,234,253,394,469,30,44,354,526,753,437,447,460,538,685,423,582,602,614,849,530,550,582,605,670,369,380,410,436,684,117,135,189,368,480,310,337,349,368,666,138,158,174,269,548,311,418,446,460,658,166,315,452,481,736,259,277,302,481,511,274,302,354,376,587,245,255,286,304,318,283,324,335,558,754,302,340,375,397,511,332,354,385,534,619,337,361,382,522,706,13,468,492,522,561,83,142,173,194,368,0,17,518,549,809,24,42,309,441,642,98,162,179,267,281,118,127,237,251,481,261,276,291,310,348,480,504,526,608,791,285,328,410,513,525,57,80,94,445,701,179,218,246,550,793,325,344,409,484,770,211,278,411,433,521,345,369,385,444,491,186,332,357,366,624,87,109,396,408,672,57,73,273,544,720,44,101,342,369,646,135,303,461,582,818,344,362,375,541,821,158,186,315,339,430,109,139,162,411,428,127,143,335,418,450,383,398,416,433,653,217,391,422,526,720,361,423,452,474,499,276,285,369,396,418,227,246,267,279,449,277,418,444,574,799,151,165,461,494,596,362,480,544,559,781,203,213,444,492,608,434,468,490,515,594,312,335,398,428,622,71,81,306,365,391];[3,24,54,21,58,1,30,45,9,58,1,30,30,52,58,3,29,12,20,56,0,31,8,35,59,0,51,10,17,56,3,30,20,32,58,3,28,54,52,56,2,32,45,19,59,3,33,26,16,59,2,54,27,42,59,0,4,18,28,57,0,32,44,17,56,0,4,25,47,59,1,36,28,48,58,3,7,11,26,58,2,50,21,19,59,0,44,39,28,59,2,21,28,34,59,1,25,22,9,58,1,5,21,31,56,3,30,13,33,57,1,34,28,52,57,1,14,20,41,58,3,43,27,20,59,2,14,50,17,59,2,43,30,15,59,0,37,43,8,56,0,31,52,40,56,2,45,23,23,58,1,7,49,29,59,2,7,44,53,57,2,27,46,8,59,2,39,8,29,59,2,50,45,14,58,3,13,36,46,58,3,43,40,38,58,2,6,33,31,57,1,50,6,5,57,2,7,15,19,57,3,28,54,28,59,0,51,26,42,56,1,55,51,8,56,2,13,26,37,57,1,45,48,45,59,3,55,48,35,57,2,21,21,7,57,2,51,6,22,56,3,22,39,33,59,0,34,46,40,58,3,52,37,31,58,1,35,30,51,59,3,39,52,18,56,1,34,36,38,56,0,7,38,31,57,0,52,9,6,57,3,6,21,47,58,2,14,50,45,57,3,32,47,40,58,1,34,18,40,58,1,12,18,49,57,2,28,10,18,58,1,52,46,9,57,2,25,24,13,57,0,4,35,39,56,1,23,27,13,58,2,7,15,42,58,0,9,23,22,56,1,47,51,51,56,0,5,17,8,56,2,6,48,31,59,0,29,47,26,58,1,37,24,30,57,0,52,40,33,58,0,49,15,48,59,1,29,5,50,59,1,35,53,54,57,0,33,48,14,56,3,26,32,55,58,0,20,49,9,56,3,4,48,43,56,2,41,46,23,59,3,25,48,16,58,1,25,55,31,56,1,30,14,20,58,0,52,30,39,57,3,5,10,50,56,2,19,21,45,57,2,34,8,39,56,3,21,51,45,56,0,37,42,28,57,0,44,48,6,57,3,8,50,25,58,3,55,23,19,58,1,11,30,39,56,1,44,13,14,57,1,48,28,23,56,1,15,12,20,57,2,42,32,40,59,1,40,44,21,56];[9,50,39,31,6,58,71,32,25,50,73,32,20,71,70,56,23,72,74,72,40,76,12,80,29,10,8,86,67,43,47,76,15,80,45,64,63,8,59,43,83,33,51,30,68,42,12,36,13,13,9,21,71,71,29,81,59,9,49,77,69,79,79,27,74,33,47,54,7,88,82,76,34,78,62,54,52,6,78,81,38,24,80,73,57,39,88,62,82,54,72,74,55,89,62,54,65,38,46,83,11,3,49,57,41,50,62,82,62,15,73,40,67,49,39,7,15,26,49,87,83,49,12,8,38,52,38,26,14,47,87,2,1,2,10,79,55,27,89,42,66,34,5,22,67,18,39,17,28,57,60,7,6,22,27,51,62,31,40,43,24,48,60,60,13,8,32,55,61,80,86,57,51,17,50,82,84,85,56,79,30,47,70,36,81,51,26,6,46,4,78,13,22,41,81,22,17,19,77,61,51,80,15,59,89,11,7,85,34,9,13,50,59,63,66,45,19,82,39,30,76,88,68,17,12,26,88,36,64,63,33,52,72,62,53,7,0,48,62,61,4,51,85,32,65,23,75,41,71,3,75,14,22,72,80,19,89,21,29,67,46,88,13,52,15,2,41,2,37,22,21,38,32,27,40,58,9,67,75,85,70,44,77,18,39,35,68,57,50,82,54,66,16,57,33,74,35,56,67,52,71,68,58,57,24,82,40,74,77,89,8,1,87,28,61,56,83,51,85,1,27,16,48,29,60,55,58,77,80,79,13,88,18,74,39,44,84,39,0,64,54,34,47,54,37,32,25,15,3,17,67,48,60,1,28,10,89,14,64,24,68,21,20,30,20,64,52,47,10,81,65,66,78,55,76,36,17,23,18,3,19,8,84,51,11,36,55,57,21,0,29,47,8,56,74,66,82,75,6,60,28,55,58,9,38,22,26,69,34,34,9,16,18,54,67,60,3,38,61,16,87,87,80,77,57,29,7,13,79,18,37,21,73,35,46,89,80,61,88,83,59,20,86,37,49,73,25,31,9,49,53,64,26,76,45,28,44,5,78,53,81,51,77,46,19,41,73,49,59,56,77,41,54,55,30,13,11,4,1,71,40,30,62,20,19,7,49,73,28,15,37,72,21,12,49,61,33,52,30,33];[[0.4211249061401,4.211249061401,1.0],[0.9761073344853062,9.761073344853061,1.0],[0.6132800246752349,6.132800246752349,1.0],[0.6930423279788359,6.930423279788359,1.0],[0.5088628354481554,5.088628354481553,1.0],[0.18781156668551158,1.8781156668551158,1.0],[0.830121874145001,8.301218741450011,1.0],[0.8449241651217704,8.449241651217704,1.0],[0.20962821201639004,2.0962821201639006,1.0],[0.6505169872996391,6.505169872996391,1.0],[0.7003316191510263,7.003316191510263,1.0],[0.7150339547653067,7.150339547653068,1.0],[0.8091072451390076,8.091072451390076,1.0],[0.8451978833841938,8.451978833841938,1.0],[0.3695849781386673,3.695849781386673,1.0],[0.5056149902637381,5.056149902637381,1.0],[0.7206140757071586,7.206140757071586,1.0],[0.14319015826691817,1.4319015826691817,1.0],[0.026697115061789622,0.2669711506178962,1.0],[0.15341588178909327,1.5341588178909327,1.0],[0.8363432326370349,8.363432326370349,1.0],[0.3246336983988545,3.2463369839885448,1.0],[0.3029175030516511,3.029175030516511,1.0],[0.11785699745257816,1.1785699745257816,1.0],[0.12094663440427922,1.2094663440427922,1.0],[0.9680758098639723,9.680758098639723,1.0],[0.05051541232897139,0.5051541232897139,1.0],[0.9837100378798541,9.83710037879854,1.0],[0.5522705914806934,5.5227059148069335,1.0],[0.2474360532702261,2.474360532702261,1.0],[0.015934056387660878,0.15934056387660878,1.0],[0.8816507734170083,8.816507734170083,1.0],[0.38970094386643916,3.8970094386643916,1.0],[0.948399003178236,9.48399003178236,1.0],[0.05851121780149349,0.5851121780149349,1.0],[0.7974936305528121,7.974936305528121,1.0],[0.6609068549274018,6.609068549274017,1.0],[0.8088394062462949,8.08839406246295,1.0],[0.4910678923283146,4.910678923283146,1.0],[0.7183875619927151,7.183875619927152,1.0],[0.44010133419268005,4.4010133419268005,1.0],[0.23511737188381732,2.351173718838173,1.0],[0.13179454335673724,1.3179454335673724,1.0],[0.47235541919868507,4.7235541919868504,1.0],[0.736485892218076,7.36485892218076,1.0],[0.020512092588616526,0.20512092588616526,1.0],[0.15372078110124265,1.5372078110124265,1.0],[0.9186126274153484,9.186126274153484,1.0],[0.5327250835103642,5.327250835103642,1.0],[0.5544157030510064,5.544157030510064,1.0],[0.6069379100604821,6.069379100604822,1.0],[0.14801757270189186,1.4801757270189186,1.0],[0.4404344830924649,4.404344830924649,1.0],[0.38949638513061857,3.8949638513061857,1.0],[0.720992959617223,7.20992959617223,1.0],[0.48989961614799515,4.8989961614799515,1.0],[0.6559321524303485,6.559321524303485,1.0],[0.9188878069642079,9.18887806964208,1.0],[0.48657298069770416,4.865729806977042,1.0],[0.7972300829849082,7.972300829849082,1.0],[0.5639219663957465,5.639219663957466,1.0],[0.961016524120257,9.61016524120257,1.0],[0.47644799508871905,4.764479950887191,1.0],[0.24879011707166054,2.487901170716605,1.0],[0.9490182751915078,9.490182751915079,1.0],[0.7422259987799357,7.4222599877993565,1.0],[0.14336464132504567,1.4336464132504567,1.0],[0.3587815743778219,3.5878157437782185,1.0],[0.4933829199950983,4.933829199950983,1.0],[0.05388988630637248,0.5388988630637248,1.0],[0.218161652046843,2.18161652046843,1.0],[0.11036855637231835,1.1036855637231835,1.0],[0.11019665525187328,1.1019665525187328,1.0],[0.08321860713308704,0.8321860713308704,1.0],[0.8548431956714836,8.548431956714836,1.0],[0.8379786013676603,8.379786013676604,1.0],[0.49692456318177003,4.9692456318177,1.0],[0.3383418526610099,3.3834185266100993,1.0],[0.8847267085145368,8.847267085145369,1.0],[0.7727073339099483,7.727073339099483,1.0],[0.4378611007868425,4.378611007868425,1.0],[0.36357237359531624,3.6357237359531624,1.0],[0.9993128545514127,9.993128545514127,1.0],[0.011407353725907177,0.11407353725907177,1.0],[0.683883535316853,6.8388353531685295,1.0],[0.5777677015169478,5.777677015169478,1.0],[0.279572135569809,2.79572135569809,1.0],[0.5251374991808218,5.251374991808218,1.0],[0.19595099082337364,1.9595099082337364,1.0],[0.6934430548580864,6.934430548580864,1.0]]
0_BehnkeGeiger_60_workers.fjs;2015.3339198018025;252024;[105,508,539,588,818,45,439,587,620,794,375,388,446,480,828,395,417,436,785,939,163,190,212,305,497,314,340,360,686,781,62,75,237,465,547,446,504,559,575,588,490,507,534,714,818,276,364,428,444,634,145,171,481,498,706,388,401,543,564,612,358,378,410,562,854,207,227,339,377,495,446,490,536,564,762,285,303,537,634,897,228,249,319,399,703,469,490,590,627,782,0,33,262,480,657,93,109,395,618,762,70,94,109,309,330,189,205,395,415,591,54,312,328,584,833,382,424,458,558,917,468,592,605,618,844,360,498,521,546,894,507,533,572,600,687,323,360,596,652,871,75,225,472,493,756,417,446,504,528,578,424,480,494,534,683,115,190,212,225,635,406,417,442,462,480,354,382,561,575,677,497,621,677,727,943,228,239,276,493,711,135,163,316,335,470,33,564,639,661,925,197,207,220,422,446,433,445,498,532,660,304,320,339,650,807,99,123,504,639,705,99,127,294,333,547,14,38,449,465,560,309,360,442,458,615,22,397,508,521,588,119,212,281,523,719,281,294,555,618,861,327,342,354,573,732,445,462,700,730,901,281,304,321,605,727,212,235,262,289,623,41,70,84,383,599,324,352,364,483,636,75,99,109,213,237,137,158,539,575,660,190,294,439,514,586,533,559,576,612,805,0,28,521,678,891,329,410,443,530,751,462,501,549,590,767,38,119,436,473,571,265,285,328,372,521,294,314,494,717,872,140,157,321,547,873,401,595,608,634,782,247,265,511,604,859,440,687,728,755,904,370,393,408,555,906,320,332,555,575,727,409,424,446,586,637,171,185,227,415,476,227,409,534,555,792,94,276,300,312,338,185,470,499,568,772,235,262,276,546,618,239,256,457,473,742,262,346,380,440,873,249,281,301,335,675,294,309,375,442,508,417,440,480,653,810,63,80,661,684,828,352,375,396,504,916,171,212,224,383,603,80,94,268,292,309,180,207,320,384,482,0,14,334,484,696,205,228,256,475,844,28,41,55,312,460,393,409,462,484,538,470,512,536,570,686,157,190,236,253,611,0,22,525,584,785,256,276,469,547,663,112,281,513,530,740,303,327,353,371,808,127,137,221,461,576,207,228,247,371,443,342,358,440,652,848,158,171,359,463,510];[3,12,40,48,59,3,31,25,7,59,2,31,28,23,58,1,41,8,48,59,2,50,10,45,58,2,5,9,17,59,3,46,43,11,58,3,19,55,13,56,0,34,52,17,57,1,32,18,26,57,1,14,27,16,59,2,30,7,31,57,3,35,45,48,58,3,5,22,32,59,0,36,54,54,59,3,24,5,27,57,0,41,38,31,58,0,7,11,28,58,0,54,16,26,59,3,9,20,51,57,1,47,8,12,57,1,29,19,42,58,0,35,36,54,57,1,11,30,40,56,1,28,14,37,59,0,27,48,50,59,0,38,16,4,59,1,45,50,49,57,3,10,5,40,56,3,13,44,22,58,0,12,29,31,58,3,23,45,55,56,3,27,24,49,57,1,26,38,35,59,2,50,16,30,58,1,15,37,5,57,2,43,27,50,59,0,7,17,31,58,3,49,4,28,56,2,5,14,25,58,0,22,49,35,59,1,8,7,49,56,0,24,5,53,59,2,28,11,12,57,1,5,30,23,59,3,28,48,21,59,1,42,23,5,59,2,38,47,14,56,3,23,23,32,58,2,35,16,43,56,0,53,29,28,56,2,16,9,39,56,1,52,7,17,59,2,32,49,11,59,0,9,37,43,59,0,40,12,55,56,2,23,22,44,57,0,43,4,17,56,1,43,11,7,56,0,35,48,29,57,2,49,49,38,56,2,31,41,31,57,3,27,35,9,58,2,42,12,4,56,3,28,53,52,59,2,13,10,15,57,3,5,14,11,59,1,33,17,21,58,0,46,15,34,59,0,45,32,38,57,0,22,53,31,58,0,34,47,48,58,3,31,34,28,58,2,21,50,15,59,0,34,22,50,58,2,28,46,48,58,1,51,31,18,58,2,50,42,50,58,0,34,35,54,57,1,18,13,27,57,1,21,49,7,58,2,44,15,4,59,2,19,26,23,59,1,23,39,36,58,2,32,51,12,57,3,8,45,20,56,2,6,27,48,57,1,17,37,35,56,1,37,22,50,56,0,18,48,44,57,3,36,47,28,56,3,43,8,6,56,3,11,16,51,56,1,45,30,16,57,2,25,29,37,59,3,20,20,28,57,0,49,29,22,59,0,30,21,20,58,3,17,35,32,57,0,51,53,26,56];[40,73,48,13,22,71,0,23,53,70,24,74,24,46,22,79,26,37,2,1,37,60,17,49,39,35,55,45,86,60,49,44,54,52,44,64,33,12,86,81,58,64,9,29,86,14,31,71,84,43,59,3,59,11,40,7,2,39,20,44,53,78,61,64,89,2,75,75,34,87,16,56,31,4,60,88,12,25,44,75,0,48,55,75,78,56,33,12,82,46,86,25,83,78,55,54,74,59,87,87,40,29,62,3,41,30,83,30,82,70,43,72,67,29,35,30,86,49,23,41,14,79,50,34,20,1,57,49,30,19,1,67,30,77,58,30,15,78,50,80,24,47,2,30,50,76,10,69,80,33,72,19,0,64,62,81,37,27,21,62,64,48,32,78,31,52,88,74,38,17,27,66,55,75,45,45,87,13,74,62,37,41,31,42,70,53,54,41,26,37,16,1,80,57,21,2,45,17,14,31,78,64,69,66,21,88,36,4,22,75,82,82,46,57,21,51,32,52,62,80,7,70,48,29,40,50,4,19,0,17,23,37,40,55,3,63,4,66,60,61,74,6,76,0,30,6,32,26,2,54,5,48,40,59,46,60,7,52,51,76,14,50,28,11,9,73,8,85,23,64,88,84,34,29,37,74,67,16,68,86,28,60,88,58,22,12,87,21,22,88,41,42,39,61,4,11,87,78,29,33,34,50,16,6,2,41,88,20,72,69,70,26,61,26,15,64,87,13,17,1,81,58,85,60,36,34,68,79,37,87,14,50,55,14,48,13,17,36,54,7,0,41,37,51,18,32,88,79,12,55,86,73,57,2,32,59,15,2,89,27,48,25,79,35,37,17,67,79,0,68,12,64,10,3,26,76,56,73,13,24,27,63,82,36,77,81,49,85,41,13,40,86,50,39,10,0,39,64,70,84,41,11,42,34,83,53,55,67,25,87,64,36,71,14,0,82,58,63,89,87,23,50,38,36,52,83,16,65,42,18,14,38,27,9,9,24,55,22,54,87,34,78,26,34,23,3,3,80,6,8,17,31,63,32,0,20,35,88,43,13,28,56,21,4,38,13,29,24,15,65,53,81,62,72,3,41,63,33,39,71,26,5,33,59,57,68,43,89,8,89,80,89,39,22,52,68,19,21,25,68];[[0.4831103964860096,4.831103964860096,1.0],[0.9021829992468611,9.02182999246861,1.0],[0.5374571935128641,5.374571935128642,1.0],[0.8761340971511191,8.761340971511192,1.0],[0.573156942708234,5.7315694270823405,1.0],[0.994523847851402,9.945238478514021,1.0],[0.3574465703190305,3.574465703190305,1.0],[0.6617299629663892,6.617299629663892,1.0],[0.4882872262788658,4.882872262788657,1.0],[0.5726412824777106,5.726412824777106,1.0],[0.32388398325139345,3.2388398325139347,1.0],[0.8072354510963532,8.072354510963532,1.0],[0.8087324055796944,8.087324055796945,1.0],[0.660852452150834,6.60852452150834,1.0],[0.5802577271631468,5.802577271631469,1.0],[0.04408639890691246,0.4408639890691246,1.0],[0.7725635994624831,7.725635994624831,1.0],[0.340181488474281,3.4018148847428096,1.0],[0.09506024617702258,0.9506024617702258,1.0],[0.23214768683087816,2.321476868308782,1.0],[0.29508457816293987,2.9508457816293987,1.0],[0.12277001052286385,1.2277001052286385,1.0],[0.47347375902937305,4.73473759029373,1.0],[0.8739362489567938,8.739362489567938,1.0],[0.5942988909169951,5.942988909169951,1.0],[0.3932636751035087,3.932636751035087,1.0],[0.356262027818981,3.5626202781898098,1.0],[0.8443312190299666,8.443312190299665,1.0],[0.7137768111623821,7.137768111623821,1.0],[0.541649960332778,5.416499603327781,1.0],[0.26577494883360064,2.657749488336006,1.0],[0.9303686520183944,9.303686520183943,1.0],[0.6647036321879223,6.647036321879223,1.0],[0.8481261874486201,8.4812618744862,1.0],[0.2743023069142022,2.743023069142022,1.0],[0.5987856125347181,5.9878561253471805,1.0],[0.4569423976865593,4.569423976865593,1.0],[0.33213605365278576,3.3213605365278576,1.0],[0.81263475330977,8.1263475330977,1.0],[0.5964941538505839,5.964941538505839,1.0],[0.9947889064585738,9.947889064585738,1.0],[0.8287071581836081,8.28707158183608,1.0],[0.018381501525532307,0.18381501525532307,1.0],[0.6100637867915101,6.1006378679151005,1.0],[0.28754239195595754,2.8754239195595757,1.0],[0.7986732822669409,7.986732822669409,1.0],[0.8174504530922707,8.174504530922707,1.0],[0.18940839630142858,1.8940839630142858,1.0],[0.9250951518484526,9.250951518484525,1.0],[0.5373164168533412,5.373164168533412,1.0],[0.8365277849121914,8.365277849121913,1.0],[0.6316914250178033,6.316914250178033,1.0],[0.15184034432706983,1.5184034432706983,1.0],[0.5281662867111906,5.281662867111906,1.0],[0.4583451302924175,4.583451302924175,1.0],[0.04230631300605814,0.4230631300605814,1.0],[0.1258096578607567,1.258096578607567,1.0],[0.06582033812283716,0.6582033812283716,1.0],[0.897419605140406,8.97419605140406,1.0],[0.47272098686609687,4.727209868660969,1.0],[0.19003538760239747,1.9003538760239747,1.0],[0.34250509114102723,3.4250509114102723,1.0],[0.22496847931809727,2.2496847931809727,1.0],[0.293396880055004,2.9339688005500397,1.0],[0.3753743367942156,3.753743367942156,1.0],[0.4599736060992935,4.599736060992935,1.0],[0.47948809501936374,4.794880950193638,1.0],[0.958573092010442,9.585730920104421,1.0],[0.03253904300604349,0.3253904300604349,1.0],[0.4348005170756857,4.348005170756856,1.0],[0.24880188012436077,2.4880188012436077,1.0],[0.93408987269609,9.3408987269609,1.0],[0.35770560301992216,3.5770560301992216,1.0],[0.22393216152842832,2.2393216152842834,1.0],[0.8671870642757824,8.671870642757824,1.0],[0.20511903908208484,2.0511903908208486,1.0],[0.5992675664028208,5.992675664028208,1.0],[0.6786791129322917,6.786791129322917,1.0],[0.9375637812513765,9.375637812513766,1.0],[0.3890912025981019,3.8909120259810193,1.0],[0.6288767973577327,6.288767973577327,1.0],[0.36699471368723124,3.669947136872312,1.0],[0.04690020251623861,0.4690020251623861,1.0],[0.8490856184138454,8.490856184138455,1.0],[0.8901673736704244,8.901673736704245,1.0],[0.9161787126503858,9.161787126503857,1.0],[0.1131043999360144,1.131043999360144,1.0],[0.7774537080224232,7.774537080224232,1.0],[0.03095965729693917,0.3095965729693917,1.0],[0.03970963579151632,0.3970963579151632,1.0]]
0_BehnkeGeiger_60_workers.fjs;1730.9870076813745;100332;[434,449,497,530,775,194,206,237,262,659,320,330,340,354,399,347,422,485,511,679,157,255,473,495,557,402,439,488,503,550,206,407,513,532,621,0,124,427,532,793,332,347,458,511,597,330,351,379,395,418,127,148,177,497,633,90,432,443,472,658,68,90,111,136,311,181,288,343,518,563,201,227,457,499,727,449,493,524,539,786,166,180,195,463,534,377,398,407,426,670,330,358,377,399,428,351,426,461,485,673,210,395,412,438,518,46,244,308,531,612,148,168,184,504,750,52,401,427,443,491,23,33,248,273,300,377,402,530,549,637,107,342,364,449,588,300,403,423,562,786,282,340,460,524,798,420,434,555,576,620,465,503,529,546,754,465,487,524,571,604,48,90,399,434,507,470,484,545,562,784,24,195,491,515,597,105,116,137,148,397,403,432,457,521,581,238,254,321,432,529,353,378,400,415,446,199,218,248,351,463,299,318,472,598,681,227,246,354,381,427,91,107,439,598,789,218,238,273,388,582,422,451,472,504,716,305,320,446,474,500,116,141,385,553,746,168,443,463,476,610,96,328,348,379,445,246,273,287,376,460,160,189,209,237,416,519,549,569,585,727,84,96,203,296,519,33,289,373,417,690,318,409,516,568,777,493,519,535,555,759,83,133,144,501,700,398,422,448,546,633,307,330,354,438,571,268,282,315,388,410,450,464,488,511,698,148,166,262,285,336,231,347,485,499,645,41,57,111,124,495,109,127,148,209,475,254,284,308,355,683,68,83,103,420,442,242,268,416,451,531,358,379,524,569,674,272,299,319,328,341,243,320,413,436,475,0,57,381,404,642,108,355,410,455,624,0,216,227,318,383,376,425,453,503,541,181,195,223,249,568,234,375,388,409,476,282,307,332,359,388,17,48,68,339,364,257,282,456,486,743,61,84,309,355,451,330,438,473,488,583,18,41,290,319,433,451,470,516,545,731,118,132,144,157,500,379,489,501,527,705,0,285,296,488,562,136,174,190,331,371,132,148,166,265,290,189,201,440,529,699,81,433,445,462,489,320,332,428,461,571,180,386,500,555,763,64,81,545,585,796,540,553,568,577,730,398,422,472,549,766,13,24,42,107,166,141,177,299,308,347,284,335,445,558,647,57,248,261,359,776];[1,42,50,8,59,0,30,30,7,57,3,31,28,40,59,2,30,22,31,58,0,10,42,27,57,1,50,33,28,59,0,46,54,10,56,0,12,54,54,59,2,6,14,19,56,0,34,44,19,57,3,13,26,40,58,1,15,17,31,56,1,12,46,5,56,2,11,21,30,59,1,51,54,43,57,1,25,22,9,57,3,49,37,6,58,0,46,9,31,58,3,30,25,18,56,0,9,22,38,57,2,44,5,28,58,3,51,14,42,59,2,35,55,55,57,2,54,33,40,56,3,20,11,35,56,1,15,51,19,57,2,41,10,12,57,3,11,13,6,56,2,31,36,43,57,1,12,47,21,58,1,33,53,48,59,2,45,44,52,57,0,25,25,32,59,0,4,11,32,59,2,49,16,29,59,1,51,39,14,56,2,43,39,28,58,3,4,32,46,57,1,50,6,23,58,3,11,12,37,57,1,54,55,21,56,1,18,28,52,59,2,34,9,10,58,3,20,11,34,56,0,36,30,32,56,2,37,49,50,57,1,31,21,9,58,2,15,15,40,58,3,20,29,34,57,1,12,19,43,56,1,52,22,22,59,1,6,19,8,59,3,55,13,21,56,3,35,35,34,57,1,47,17,44,58,1,20,5,54,56,0,23,53,17,59,3,14,7,53,59,0,15,12,13,58,2,40,10,38,58,2,51,43,43,56,3,39,20,6,56,2,33,13,11,58,1,16,12,16,59,3,6,43,52,59,3,15,40,21,59,0,53,28,47,56,2,34,18,31,59,3,54,6,26,59,1,33,8,45,59,0,21,35,14,58,3,11,28,20,56,0,31,39,53,57,1,17,10,33,56,2,35,16,51,56,0,29,48,48,57,0,6,47,17,56,0,32,5,14,57,0,42,38,54,56,0,17,13,54,56,3,37,35,50,59,1,18,29,14,59,1,8,51,55,58,0,27,11,18,58,2,21,10,16,58,3,6,44,27,57,2,4,50,51,58,0,43,44,33,59,2,34,6,51,59,1,17,22,33,58,2,38,45,29,57,2,41,53,7,56,3,10,49,5,58,2,8,44,19,56,1,25,46,36,56,0,22,12,28,57,2,35,30,23,58,1,13,17,22,56,3,10,33,33,59,1,40,54,35,57];[73,28,52,26,35,14,7,76,45,35,61,69,65,70,57,14,65,89,52,53,13,87,42,27,2,60,87,39,85,85,20,74,54,87,3,40,68,8,13,20,12,56,29,30,76,15,55,10,54,16,81,54,53,9,29,26,57,59,56,85,52,53,6,71,64,15,33,7,18,66,34,75,17,28,8,14,66,10,8,60,86,45,87,55,65,24,67,26,18,40,72,32,16,32,58,48,87,65,61,71,64,2,37,4,1,25,27,49,16,58,46,31,6,37,33,7,88,30,77,22,88,26,36,56,60,51,35,43,89,70,57,75,53,39,24,4,29,82,50,80,53,84,45,83,68,40,83,24,80,48,66,84,47,54,86,14,30,31,28,27,5,52,61,40,16,78,77,73,48,25,51,6,67,46,15,46,78,12,79,12,11,89,47,25,46,0,42,36,31,27,36,20,39,2,50,89,78,28,59,33,8,37,59,35,41,39,56,54,36,85,69,60,12,80,83,11,23,57,46,68,71,53,39,59,76,50,52,24,13,56,40,83,62,63,53,63,55,58,60,88,63,38,81,87,10,46,35,66,14,76,84,47,37,31,13,61,43,73,65,39,88,50,59,61,51,47,31,60,72,70,2,55,14,2,58,5,62,24,36,26,24,37,23,53,48,65,0,65,56,54,65,26,85,5,53,47,21,33,64,51,18,46,23,76,46,31,34,16,14,59,64,82,70,42,76,86,71,38,39,46,71,41,87,3,21,19,49,9,74,24,55,16,33,19,33,85,79,49,71,63,62,23,3,89,17,30,78,38,75,69,61,79,15,13,75,60,26,68,89,49,36,13,64,72,83,84,29,54,42,26,29,25,1,26,28,80,45,16,41,8,1,39,56,42,67,62,29,49,64,15,27,48,87,27,76,73,7,38,8,22,78,82,1,84,2,62,20,48,72,33,70,0,38,55,24,48,72,78,4,30,59,79,49,80,18,72,53,3,53,1,20,61,46,49,69,29,52,67,77,77,48,59,9,54,41,68,54,32,80,0,2,51,46,53,41,40,35,64,64,39,49,30,75,55,36,18,83,49,61,13,40,12,7,67,89,8,68,74,30,71,1,39,21,69,59,28,61,72,19,89,60,85,51,5,45,14,78,9,49,61];[[0.34661995661142697,3.4661995661142697,1.0],[0.2286410960833074,2.286410960833074,1.0],[0.012392470279078194,0.12392470279078194,1.0],[0.9308270259025113,9.308270259025113,1.0],[0.3225145761620236,3.225145761620236,1.0],[0.0006954578022455582,0.006954578022455582,1.0],[0.2097170717940725,2.097170717940725,1.0],[0.5179602272351016,5.179602272351016,1.0],[0.7628222106217201,7.6282221062172,1.0],[0.3089717897377221,3.089717897377221,1.0],[0.15113122452813788,1.5113122452813788,1.0],[0.07045772229012492,0.7045772229012492,1.0],[0.8725064026541692,8.725064026541693,1.0],[0.3074981421409557,3.074981421409557,1.0],[0.272859759997538,2.7285975999753798,1.0],[0.9838464878398866,9.838464878398867,1.0],[0.7385079487399623,7.385079487399623,1.0],[0.7690782380223464,7.690782380223464,1.0],[0.7347776517949599,7.347776517949599,1.0],[0.040110031230356946,0.40110031230356946,1.0],[0.7832762173461114,7.832762173461115,1.0],[0.9889075602289727,9.889075602289727,1.0],[0.9868030389001332,9.868030389001332,1.0],[0.09156288276254032,0.9156288276254032,1.0],[0.6169801532161481,6.169801532161481,1.0],[0.9026788995265191,9.026788995265191,1.0],[0.7985407520091817,7.985407520091817,1.0],[0.3776281884996082,3.776281884996082,1.0],[0.3548331359348883,3.548331359348883,1.0],[0.4034509368723006,4.034509368723006,1.0],[0.5249010978369003,5.249010978369003,1.0],[0.41070078970850576,4.107007897085058,1.0],[0.63967628453626,6.3967628453626,1.0],[0.644865700493546,6.44865700493546,1.0],[0.7187044523063962,7.187044523063962,1.0],[0.4606778023011676,4.606778023011676,1.0],[0.947243245359423,9.47243245359423,1.0],[0.5480976670697533,5.480976670697533,1.0],[0.5212437467785531,5.212437467785531,1.0],[0.9974770776792315,9.974770776792315,1.0],[0.8347236528324226,8.347236528324226,1.0],[0.5920335208252621,5.92033520825262,1.0],[0.5281200476143402,5.281200476143402,1.0],[0.9947145418085902,9.947145418085903,1.0],[0.3807311818221505,3.807311818221505,1.0],[0.16524593628445206,1.6524593628445206,1.0],[0.360275223783056,3.60275223783056,1.0],[0.08085968119624642,0.8085968119624642,1.0],[0.8395205202311514,8.395205202311514,1.0],[0.9614069909390023,9.614069909390023,1.0],[0.08576140927512577,0.8576140927512577,1.0],[0.06230204186426158,0.6230204186426158,1.0],[0.48309802210777264,4.830980221077726,1.0],[0.7527011136301647,7.527011136301647,1.0],[0.5653273490612396,5.653273490612396,1.0],[0.14308306009955207,1.4308306009955207,1.0],[0.9027442860174946,9.027442860174945,1.0],[0.39175874054121795,3.9175874054121795,1.0],[0.04470890378303016,0.4470890378303016,1.0],[0.4575329191628308,4.575329191628308,1.0],[0.44418114285306354,4.441811428530635,1.0],[0.0791756906829707,0.791756906829707,1.0],[0.37770490385691646,3.7770490385691646,1.0],[0.24872151644563356,2.4872151644563356,1.0],[0.31414454419740034,3.141445441974003,1.0],[0.40750067283296354,4.075006728329635,1.0],[0.17219359428721337,1.7219359428721337,1.0],[0.3882072229758389,3.8820722297583887,1.0],[0.7592365563423323,7.592365563423323,1.0],[0.222327149798478,2.22327149798478,1.0],[0.563344095817858,5.63344095817858,1.0],[0.06385831253616747,0.6385831253616747,1.0],[0.4915379293409209,4.915379293409209,1.0],[0.6493348169788958,6.493348169788958,1.0],[0.35923654185193077,3.5923654185193077,1.0],[0.011177057117131461,0.11177057117131461,1.0],[0.2733467293051436,2.7334672930514357,1.0],[0.5355549647286275,5.355549647286275,1.0],[0.6301964483914466,6.301964483914466,1.0],[0.13021308409642796,1.3021308409642796,1.0],[0.25996455672831287,2.5996455672831287,1.0],[0.08504584081016042,0.8504584081016042,1.0],[0.7433003345161341,7.433003345161341,1.0],[0.18226229691513296,1.8226229691513296,1.0],[0.9489642736607146,9.489642736607145,1.0],[0.8673076709060825,8.673076709060826,1.0],[0.2783750143398719,2.783750143398719,1.0],[0.779542699505796,7.79542699505796,1.0],[0.05243151622562159,0.5243151622562159,1.0],[0.5237802038743088,5.237802038743088,1.0]]
0_BehnkeGeiger_60_workers.fjs;1860.5455369177655;376044;[0,137,471,593,866,395,414,480,527,847,146,177,341,355,383,53,78,293,383,558,0,415,454,528,808,499,519,547,561,778,378,391,420,477,500,346,369,435,580,594,16,409,435,514,528,437,461,483,514,701,100,170,549,573,650,177,219,229,265,410,431,453,559,624,739,37,222,601,629,818,259,280,300,315,433,249,626,653,673,789,506,519,601,630,677,367,389,415,648,799,155,243,435,451,833,141,170,528,551,730,476,601,666,681,855,285,299,317,573,773,369,395,409,418,808,91,194,460,520,561,303,449,475,487,558,339,396,413,462,471,137,452,502,520,619,22,180,194,311,688,0,188,551,579,725,84,104,114,356,528,404,426,439,455,480,327,349,418,489,613,314,383,394,532,579,233,246,382,496,787,280,377,476,604,681,246,259,413,433,453,347,367,386,418,471,451,496,574,636,803,206,442,564,580,771,270,280,430,460,513,349,370,382,413,659,66,91,113,137,340,56,114,331,398,446,247,265,294,392,726,227,249,262,473,508,265,373,562,594,832,468,486,500,528,708,115,127,431,532,718,221,245,300,549,728,397,471,492,515,804,274,303,319,487,532,389,468,605,624,685,28,312,453,476,510,433,529,549,574,703,45,56,272,290,585,416,431,454,517,635,391,449,462,547,667,280,439,491,522,568,299,315,346,365,383,245,274,285,308,420,0,22,317,478,571,370,397,414,555,678,230,278,464,537,740,519,539,561,637,813,99,122,149,386,405,188,215,492,503,852,461,478,520,539,794,122,137,158,179,189,27,45,146,285,417,196,221,248,267,394,75,122,145,157,186,353,521,537,564,715,165,184,418,637,836,122,146,465,483,496,127,155,192,285,312,178,233,250,541,634,78,373,514,561,613,170,196,362,373,433,414,431,453,467,492,412,437,452,478,652,45,355,367,377,484,118,141,155,575,601,453,584,603,626,661,215,245,342,477,696,164,192,219,236,537,303,314,346,586,834,61,84,430,538,763,322,401,411,451,636,426,451,477,503,550,315,325,341,549,757,330,346,430,550,624,184,206,220,477,620,486,506,551,658,857,210,227,467,576,630,325,339,449,473,752,94,469,487,539,551,217,230,370,508,585,16,427,573,653,752,307,435,517,532,698,108,146,492,517,541];[1,14,30,54,56,1,28,31,17,56,0,31,37,13,57,2,6,48,19,57,2,32,6,19,59,1,18,54,28,57,3,22,48,20,58,1,26,55,54,59,1,33,30,19,59,0,33,19,27,57,2,54,25,14,56,0,42,18,18,57,1,41,9,30,58,0,54,53,46,57,0,22,23,51,58,2,24,17,25,58,3,50,11,13,58,0,32,15,30,58,2,54,53,50,57,1,55,22,11,56,1,28,26,37,58,3,9,43,32,59,1,33,55,52,58,3,54,15,43,58,1,26,28,40,56,3,38,50,30,59,3,23,15,32,59,3,54,42,4,56,0,11,22,42,57,0,53,44,21,58,3,12,9,31,57,2,9,45,52,58,2,26,26,16,56,0,45,38,33,56,0,48,23,47,59,0,49,38,37,56,0,41,45,39,58,3,4,53,45,56,3,48,4,28,56,2,48,15,16,57,2,38,16,34,57,3,25,14,8,56,1,53,43,53,58,3,46,17,27,59,2,55,31,45,59,3,53,52,50,56,3,41,22,24,59,2,51,32,12,58,1,12,22,32,58,2,16,17,40,57,1,55,16,15,56,0,39,30,32,57,2,7,52,9,56,2,35,53,47,58,1,47,54,11,57,2,31,43,52,57,3,29,28,18,56,2,12,39,46,56,3,50,39,19,59,1,24,4,36,59,3,38,9,46,59,2,39,9,50,56,3,49,43,9,57,3,8,26,16,56,0,31,26,41,58,0,25,42,44,57,0,4,15,55,59,3,21,21,47,58,1,5,16,24,58,1,4,14,30,59,1,30,35,12,57,3,33,4,39,56,3,49,55,30,58,0,54,12,33,56,2,33,7,51,56,2,31,43,51,58,2,27,9,54,57,1,20,27,34,57,1,5,42,54,57,0,23,46,55,58,3,37,48,40,59,1,17,10,4,56,1,26,27,16,59,0,23,51,25,59,2,55,12,13,57,2,32,30,39,59,0,5,25,50,57,0,19,25,55,59,3,20,44,51,58,3,37,21,35,58,1,27,45,30,57,3,9,35,6,56,3,8,43,30,59,2,36,42,18,56,3,5,45,36,59,1,15,21,15,59,3,34,30,21,58,0,26,41,24,56,0,50,12,41,56,3,51,16,35,58];[7,7,39,34,20,7,39,9,29,45,61,74,67,14,33,58,34,57,38,46,3,46,83,1,24,43,60,51,67,58,70,41,48,21,45,40,80,28,24,20,36,80,81,30,20,33,58,5,16,13,24,72,89,70,44,68,64,72,30,83,52,46,35,83,87,74,8,47,14,9,75,10,40,73,62,16,41,85,62,66,34,65,22,54,60,39,56,10,68,40,85,6,25,63,51,54,89,74,27,9,62,63,19,24,79,61,7,63,36,32,7,25,58,21,17,49,67,56,10,65,55,11,72,71,80,16,14,69,78,8,1,22,10,89,19,5,19,64,26,80,80,68,26,61,27,83,34,62,66,4,77,59,42,51,27,86,77,11,21,84,71,86,51,19,37,36,66,50,77,19,79,79,3,3,15,82,2,86,6,30,74,10,59,79,68,7,24,22,19,14,18,27,76,73,84,22,9,78,48,67,35,67,73,44,49,59,87,20,40,82,13,21,0,75,2,30,77,34,6,65,46,61,29,0,11,23,77,27,49,7,89,49,54,22,44,64,83,61,17,69,58,55,26,53,44,66,70,87,87,88,72,77,36,69,61,1,7,61,13,73,36,23,37,67,19,86,9,81,38,55,88,38,13,71,9,0,73,77,41,31,21,41,55,77,0,48,0,40,49,66,86,29,79,48,68,70,27,50,64,26,39,51,24,37,28,3,40,60,8,17,17,86,36,78,8,27,38,51,53,79,61,76,28,63,63,62,1,73,32,24,45,2,86,27,61,8,72,22,34,83,54,11,83,36,20,25,71,13,62,82,24,27,15,43,49,76,56,43,55,56,31,76,25,15,71,71,75,81,32,89,13,8,89,23,33,5,32,73,4,37,64,82,5,69,44,40,50,69,58,83,61,37,50,87,46,68,31,71,22,40,4,87,20,22,52,24,56,59,57,17,47,52,41,50,86,32,58,87,83,23,5,81,73,60,25,67,3,47,76,78,8,12,60,18,9,20,71,42,60,47,65,5,65,13,31,69,25,11,49,0,79,52,4,85,24,73,72,85,48,89,78,29,7,27,53,74,0,15,42,29,70,80,13,42,45,77,33,30,54,21,23,56,18,51,87,68,41,89,14,58,39,34,85,88,3,27,47,85,23,85];[[0.8559393885152179,8.55939388515218,1.0],[0.8004839408308784,8.004839408308783,1.0],[0.5938433496209707,5.938433496209708,1.0],[0.8870093324131678,8.870093324131679,1.0],[0.741558169706834,7.4155816970683395,1.0],[0.8097670389513107,8.097670389513107,1.0],[0.2247324103169328,2.247324103169328,1.0],[0.9761818800633866,9.761818800633865,1.0],[0.6339038774096737,6.339038774096737,1.0],[0.5580285642552777,5.580285642552777,1.0],[0.4463526500656817,4.463526500656817,1.0],[0.28336462923826333,2.8336462923826335,1.0],[0.9019880415639555,9.019880415639555,1.0],[0.03268507148422006,0.32685071484220063,1.0],[0.4362825217209084,4.3628252172090844,1.0],[0.18851543397694082,1.8851543397694082,1.0],[0.9250090249429151,9.250090249429151,1.0],[0.9012349700248556,9.012349700248556,1.0],[0.12108560404704316,1.2108560404704316,1.0],[0.9174015512221217,9.174015512221217,1.0],[0.6336036775858569,6.3360367758585685,1.0],[0.8916415369189501,8.916415369189501,1.0],[0.9427537000908234,9.427537000908234,1.0],[0.6474269734768437,6.474269734768438,1.0],[0.2944017446773023,2.9440174467730227,1.0],[0.22784863884628848,2.278486388462885,1.0],[0.026726933813205345,0.26726933813205345,1.0],[0.5708724060922277,5.708724060922277,1.0],[0.09143396648058832,0.9143396648058832,1.0],[0.9728808105837072,9.728808105837071,1.0],[0.04913857274611522,0.49138572746115217,1.0],[0.8163054842016593,8.163054842016592,1.0],[0.12136143786009423,1.2136143786009423,1.0],[0.39347747924753973,3.9347747924753973,1.0],[0.7612563626694716,7.612563626694716,1.0],[0.2669682491794272,2.669682491794272,1.0],[0.032329137447332346,0.32329137447332346,1.0],[0.27066047462765497,2.7066047462765495,1.0],[0.8705591702034446,8.705591702034447,1.0],[0.8809847340925547,8.809847340925547,1.0],[0.18409719287978143,1.8409719287978143,1.0],[0.20156279965759893,2.015627996575989,1.0],[0.5164915614426145,5.164915614426145,1.0],[0.4956047792365974,4.956047792365974,1.0],[0.6077297164851029,6.0772971648510286,1.0],[0.9001180841411072,9.001180841411072,1.0],[0.78410741646787,7.8410741646787,1.0],[0.4806185677402214,4.806185677402214,1.0],[0.1147765683905323,1.147765683905323,1.0],[0.07024459811816619,0.7024459811816619,1.0],[0.3187451092517546,3.187451092517546,1.0],[0.0073062864940089955,0.07306286494008996,1.0],[0.5205444033755386,5.205444033755386,1.0],[0.6250968201912236,6.250968201912236,1.0],[0.25055568445480136,2.5055568445480136,1.0],[0.615922435604406,6.15922435604406,1.0],[0.3870907125242423,3.8709071252424234,1.0],[0.21814785067570475,2.1814785067570472,1.0],[0.8734963280117019,8.734963280117018,1.0],[0.28722080489037183,2.872208048903718,1.0],[0.09639359128751424,0.9639359128751424,1.0],[0.7548858731919171,7.548858731919172,1.0],[0.6851727386050028,6.851727386050028,1.0],[0.051174076075845676,0.5117407607584568,1.0],[0.17887018113864828,1.7887018113864828,1.0],[0.609251556117635,6.09251556117635,1.0],[0.24984154075152953,2.4984154075152953,1.0],[0.368174715277632,3.68174715277632,1.0],[0.05876744192941186,0.5876744192941186,1.0],[0.12260955919754979,1.226095591975498,1.0],[0.45916262109070083,4.591626210907008,1.0],[0.4009271808935736,4.009271808935736,1.0],[0.46504811859381157,4.650481185938116,1.0],[0.21320952910254887,2.1320952910254887,1.0],[0.6247271975216867,6.247271975216867,1.0],[0.28525256320918047,2.8525256320918047,1.0],[0.6348406939976744,6.348406939976744,1.0],[0.8319882392437383,8.319882392437384,1.0],[0.8395421352998061,8.395421352998062,1.0],[0.019614941273996434,0.19614941273996434,1.0],[0.5413984842077535,5.413984842077535,1.0],[0.2718798292635384,2.718798292635384,1.0],[0.4481717263007644,4.481717263007644,1.0],[0.26376858333274344,2.6376858333274344,1.0],[0.3349547069458171,3.349547069458171,1.0],[0.5175169666891029,5.175169666891028,1.0],[0.6865980117314152,6.865980117314152,1.0],[0.12545365307174206,1.2545365307174206,1.0],[0.02272642984071671,0.2272642984071671,1.0],[0.7308912721040333,7.308912721040333,1.0]]
0_BehnkeGeiger_60_workers.fjs;1844.0349718665175;677244;[269,293,492,520,803,149,298,360,390,681,92,105,116,192,489,214,256,281,314,611,293,317,425,560,604,379,391,445,636,834,342,373,581,592,784,445,469,487,665,746,199,210,235,254,395,196,367,419,527,634,29,44,184,355,373,160,175,309,453,515,374,402,419,486,641,0,150,219,382,672,367,394,405,503,563,228,475,497,514,735,387,407,425,518,539,210,313,335,457,575,118,145,227,268,546,411,440,460,494,516,458,475,503,530,622,445,468,482,502,526,0,442,456,482,530,238,536,628,653,744,66,174,489,515,709,132,143,164,333,473,217,240,257,280,298,313,333,461,478,844,102,129,477,487,502,137,149,309,319,339,319,365,412,475,782,35,102,180,405,595,186,200,339,425,627,23,35,209,227,554,244,263,352,375,568,347,387,525,563,815,369,387,446,456,501,0,209,419,447,457,0,251,264,487,595,293,465,479,506,846,478,530,575,604,735,154,173,226,460,510,83,280,303,498,550,99,118,128,150,163,173,186,210,380,395,240,256,539,557,778,407,418,506,540,721,352,364,386,413,540,129,154,174,185,405,335,469,485,499,837,256,279,295,457,527,190,214,243,592,813,468,536,563,595,665,417,436,453,529,845,304,515,544,563,652,364,379,394,609,812,319,342,438,467,794,199,226,429,607,821,71,278,330,352,385,17,211,226,408,568,60,85,102,254,280,240,269,278,499,652,95,110,388,440,461,463,480,506,520,655,222,384,515,530,832,158,210,487,499,688,143,321,332,382,410,279,297,320,516,579,297,319,408,487,768,342,437,465,480,641,301,320,352,440,669,105,280,478,514,680,320,342,441,485,584,47,64,89,485,554,394,433,495,577,851,24,47,76,441,768,186,196,252,461,479,256,331,436,480,581,44,112,152,430,449,126,137,295,317,593,263,285,365,456,695,175,190,303,339,537,44,60,333,430,458,285,301,314,457,484,405,433,447,498,617,180,410,444,534,753,145,170,466,510,725,431,445,534,554,770,391,405,437,492,716,170,180,229,251,272,418,445,470,544,741,440,463,477,515,639,395,417,518,534,693,64,413,430,444,468,60,71,209,278,288,110,364,453,511,735,85,99,120,489,805,419,551,587,621,714,278,479,506,735,788,333,347,365,429,700];[2,44,32,12,59,2,46,7,4,57,2,28,6,5,56,2,21,12,23,57,3,42,53,22,58,2,10,54,53,58,0,37,10,21,58,2,54,55,53,57,1,33,18,19,58,0,33,17,19,59,2,8,24,37,58,2,8,7,33,58,3,34,47,20,57,2,16,24,29,59,1,55,49,55,59,1,26,21,25,58,0,50,14,16,56,1,46,8,30,58,3,53,17,19,57,1,21,21,41,56,3,38,33,35,59,0,11,27,49,58,0,34,17,52,57,3,36,51,40,58,2,30,30,23,58,0,18,50,18,58,0,40,9,46,57,3,38,28,7,59,1,10,25,40,58,2,45,44,21,56,2,29,10,14,59,0,52,45,55,56,1,24,12,50,58,0,36,17,34,59,1,50,15,46,56,3,12,49,6,58,0,41,49,51,59,3,6,34,30,56,1,48,7,54,57,2,41,12,16,58,0,46,48,51,56,1,24,47,20,57,1,18,15,54,58,3,33,16,23,59,1,41,48,42,57,0,31,16,11,56,0,24,22,5,57,2,16,23,53,58,1,14,38,35,57,2,52,33,43,57,0,55,54,6,59,2,26,26,10,59,0,6,10,8,57,3,33,40,9,56,2,30,34,40,59,2,14,31,53,57,0,33,53,37,56,3,27,47,8,56,0,48,15,42,58,3,27,39,43,57,3,37,43,18,56,2,36,45,18,57,0,47,33,9,57,1,36,12,5,58,3,7,52,38,56,0,35,25,19,56,0,54,37,48,56,0,55,53,36,57,0,4,41,51,58,1,41,15,5,56,1,20,38,31,56,2,9,49,26,58,1,29,24,53,58,1,27,51,6,56,1,49,20,49,57,1,29,35,48,59,0,6,28,9,59,3,23,43,15,59,2,43,10,55,58,2,26,45,5,59,1,43,51,49,57,2,47,18,21,59,3,25,7,23,59,1,23,48,18,57,2,30,13,40,56,3,33,28,22,56,3,5,53,51,58,2,18,32,7,57,2,39,19,48,56,3,27,48,52,58,0,36,48,30,59,1,25,22,6,58,3,9,32,44,59,1,23,26,17,56,0,30,47,36,59,0,21,14,43,57,3,35,30,22,56,2,49,22,21,59,3,41,9,42,57,3,51,17,48,58];[11,14,15,25,62,32,20,8,61,81,17,80,74,36,9,36,71,15,85,85,17,64,51,21,54,88,79,49,89,72,76,84,55,22,44,50,3,18,63,15,5,63,12,49,9,8,17,15,50,53,56,82,20,72,83,65,84,14,76,12,73,15,14,1,41,71,46,32,24,26,12,72,56,5,38,59,19,83,34,77,34,39,3,59,34,38,35,8,22,40,47,6,87,7,89,54,11,83,85,86,19,30,17,77,35,5,62,28,44,54,64,27,41,26,9,71,6,31,53,48,17,41,80,48,29,68,52,24,67,16,27,62,39,28,83,67,80,17,6,32,12,33,74,20,79,24,47,68,25,63,8,4,2,87,73,38,81,66,85,17,86,49,25,66,52,3,3,6,51,15,32,18,82,46,15,7,15,4,82,45,15,22,53,86,20,77,76,65,68,21,23,1,85,55,52,78,45,56,0,25,78,17,2,45,45,57,18,46,11,37,81,32,22,41,2,29,2,14,86,75,77,72,33,65,48,85,26,7,71,12,70,52,62,5,74,78,33,89,35,88,79,41,8,23,63,2,50,62,12,0,51,3,62,49,61,78,25,9,3,67,69,38,8,15,34,32,40,72,0,9,38,65,56,28,42,5,27,18,19,37,4,50,88,47,53,10,5,55,44,58,55,75,11,87,32,40,58,23,22,33,45,47,66,60,35,52,22,19,28,16,71,63,25,73,58,29,34,64,57,43,73,75,79,37,13,70,41,43,68,73,8,75,29,4,67,79,36,74,87,85,66,70,50,3,20,40,48,36,24,46,42,71,36,54,74,79,76,7,83,54,37,27,47,72,56,48,0,13,60,26,38,70,53,50,43,24,12,59,80,76,39,89,23,42,73,75,27,25,2,1,41,82,78,21,32,75,85,64,51,60,74,70,37,79,79,62,6,12,73,53,6,65,49,19,35,25,55,12,9,70,59,56,82,87,18,53,26,15,30,4,39,59,82,70,17,32,35,85,34,45,35,16,30,52,55,69,42,48,76,0,49,7,15,72,5,10,23,88,66,23,13,4,67,31,46,33,81,42,86,80,66,42,84,68,27,20,61,43,74,79,22,26,45,89,50,0,16,19,43,64,45,51,89,17,56,53,3,0,14,80];[[0.5198238265685563,5.198238265685563,1.0],[0.9583988744400509,9.583988744400509,1.0],[0.3402956357666065,3.402956357666065,1.0],[0.7081849781179302,7.081849781179303,1.0],[0.9252189405445452,9.252189405445453,1.0],[0.05032666735654623,0.5032666735654623,1.0],[0.6613275461751585,6.613275461751585,1.0],[0.82711411373077,8.271141137307701,1.0],[0.8734961127808921,8.734961127808921,1.0],[0.5913019030238962,5.913019030238962,1.0],[0.11264722490163037,1.1264722490163037,1.0],[0.34477784983246407,3.4477784983246407,1.0],[0.011377599382669468,0.11377599382669468,1.0],[0.7909742881977946,7.909742881977946,1.0],[0.3277964015146908,3.277964015146908,1.0],[0.22222795698924247,2.2222795698924247,1.0],[0.14676573527209236,1.4676573527209236,1.0],[0.040648812187981,0.40648812187981,1.0],[0.14328037004549943,1.4328037004549943,1.0],[0.10349201402412567,1.0349201402412567,1.0],[0.2300149081299988,2.3001490812999883,1.0],[0.34985110243749995,3.4985110243749995,1.0],[0.866750807284636,8.66750807284636,1.0],[0.14758827376144812,1.4758827376144812,1.0],[0.22391440251713068,2.239144025171307,1.0],[0.24865543755958186,2.4865543755958184,1.0],[0.2300130943157953,2.300130943157953,1.0],[0.8293061040602848,8.293061040602849,1.0],[0.43895527513494326,4.389552751349433,1.0],[0.44969387575897835,4.496938757589783,1.0],[0.3412024287409555,3.4120242874095554,1.0],[0.9004679331719968,9.004679331719968,1.0],[0.43962892413733223,4.3962892413733226,1.0],[0.45751138605113895,4.575113860511389,1.0],[0.5639201948280074,5.639201948280074,1.0],[0.6726986423945157,6.726986423945157,1.0],[0.6597005192680269,6.597005192680268,1.0],[0.9102187034878934,9.102187034878934,1.0],[0.5766896035151798,5.766896035151799,1.0],[0.4155337643506154,4.155337643506154,1.0],[0.35757675057500693,3.5757675057500693,1.0],[0.5416053049315015,5.416053049315015,1.0],[0.24141379817839304,2.4141379817839304,1.0],[0.14373377933442777,1.4373377933442777,1.0],[0.05947898491433379,0.5947898491433379,1.0],[0.49975509403239127,4.9975509403239124,1.0],[0.3186129737753496,3.186129737753496,1.0],[0.7700173830289908,7.700173830289908,1.0],[0.48539290197593976,4.853929019759398,1.0],[0.4627755002794737,4.6277550027947365,1.0],[0.5376316431809531,5.376316431809531,1.0],[0.9085166904492054,9.085166904492054,1.0],[0.8894638917603915,8.894638917603915,1.0],[0.7295709856829492,7.295709856829492,1.0],[0.10156484356406248,1.0156484356406248,1.0],[0.7756986430311787,7.7569864303117875,1.0],[0.2646734419538803,2.646734419538803,1.0],[0.08522369075097047,0.8522369075097047,1.0],[0.05298946435344931,0.5298946435344931,1.0],[0.15739225219713138,1.5739225219713138,1.0],[0.4318886991151929,4.318886991151929,1.0],[0.633165302477868,6.33165302477868,1.0],[0.24439281766986376,2.4439281766986376,1.0],[0.8989634350161788,8.989634350161788,1.0],[0.5191347024590356,5.191347024590356,1.0],[0.6810385741390934,6.8103857413909346,1.0],[0.16547355180616963,1.6547355180616963,1.0],[0.7628548802754104,7.6285488027541035,1.0],[0.3141854421416449,3.1418544214164488,1.0],[0.41192209034050886,4.119220903405089,1.0],[0.02240642416721894,0.2240642416721894,1.0],[0.6263477255847869,6.263477255847869,1.0],[0.6946401733451906,6.946401733451905,1.0],[0.5537872676983423,5.537872676983423,1.0],[0.14353633683289113,1.4353633683289113,1.0],[0.3828088769666892,3.828088769666892,1.0],[0.20550831512341627,2.0550831512341627,1.0],[0.8424160101430348,8.424160101430347,1.0],[0.33056458054195836,3.3056458054195836,1.0],[0.9503462496022802,9.503462496022802,1.0],[0.733658429518869,7.33658429518869,1.0],[0.7327837389781332,7.327837389781332,1.0],[0.5833156544997408,5.833156544997408,1.0],[0.2636719126307169,2.6367191263071685,1.0],[0.7038517121832796,7.038517121832796,1.0],[0.9859996488049411,9.859996488049411,1.0],[0.3427619282161496,3.427619282161496,1.0],[0.731149933057056,7.31149933057056,1.0],[0.24180730800578631,2.418073080057863,1.0],[0.8057399760917423,8.057399760917423,1.0]]
0_BehnkeGeiger_60_workers.fjs;1628.6624675351902;153588;[383,481,501,528,598,405,437,587,598,659,145,157,285,488,696,222,242,269,373,643,0,20,43,269,301,296,460,471,533,598,336,356,460,490,749,200,222,248,350,656,424,436,523,546,581,34,54,86,511,719,239,256,333,354,712,473,531,556,609,686,138,183,230,281,403,270,424,439,458,478,321,341,536,547,618,232,248,266,285,423,341,365,393,416,635,277,382,423,505,544,321,350,381,493,595,298,310,394,488,524,20,35,67,256,324,157,180,248,268,290,34,56,191,391,415,164,189,215,266,337,218,295,307,349,374,430,448,467,532,642,134,465,493,505,609,180,200,225,505,558,81,104,328,465,570,444,495,513,528,567,244,409,463,546,699,457,479,534,546,667,499,514,571,590,749,376,405,415,533,595,388,450,481,498,553,298,422,547,563,704,354,376,397,428,496,416,430,462,475,490,460,478,498,513,604,366,379,392,414,473,47,166,183,305,379,436,455,491,581,743,281,298,326,375,424,111,138,315,513,632,12,179,419,471,567,135,157,286,356,406,407,438,468,524,673,104,157,182,335,346,242,255,266,423,446,21,47,325,435,464,160,201,217,235,336,56,453,469,505,644,54,143,440,475,711,35,379,433,448,508,9,298,392,419,514,314,524,569,609,678,448,458,481,555,616,189,238,256,272,302,425,460,504,519,649,414,444,469,529,620,231,415,442,521,753,117,186,383,403,436,444,460,482,604,727,47,326,349,375,393,261,346,365,449,526,94,121,132,225,353,406,442,456,468,512,302,321,335,374,449,359,383,415,437,463,379,388,414,438,467,480,499,524,590,666,67,94,323,442,494,276,310,535,560,686,116,134,237,326,481,203,231,392,498,540,380,424,439,483,525,255,277,289,524,581,64,89,289,305,323,66,132,153,290,366,121,447,560,569,725,248,270,285,340,366,207,232,277,328,391,0,9,415,490,547,85,102,113,130,654,323,336,399,423,493,89,117,143,166,298,310,323,529,555,589,143,311,410,436,465,230,239,291,491,681,350,376,414,525,545,191,207,247,269,281,455,480,508,569,629,157,385,428,488,733,256,276,441,547,583,340,354,373,391,402,354,380,409,424,439,102,111,292,467,700,0,21,36,59,69,180,203,223,447,611,0,269,286,311,324];[2,27,33,13,57,1,47,6,29,56,2,29,31,16,58,3,39,46,20,57,3,43,43,39,57,1,46,31,49,58,2,21,23,34,57,3,17,55,53,58,1,40,5,16,57,0,34,33,26,58,0,9,24,12,59,3,14,4,35,58,1,40,46,29,58,1,15,27,55,57,3,31,32,6,56,1,5,10,25,59,3,49,26,41,56,3,16,23,29,58,0,54,39,5,56,2,53,20,26,56,3,12,54,24,56,2,31,17,50,59,2,33,55,54,56,0,37,29,40,56,0,40,50,37,58,2,21,49,37,59,2,5,12,12,56,3,35,8,9,57,2,11,53,41,56,3,44,23,23,59,2,24,6,5,57,2,32,46,52,58,1,25,12,35,59,1,36,38,29,59,0,48,53,45,58,3,49,36,5,56,1,41,51,26,58,2,5,9,30,59,0,50,6,14,59,0,7,13,18,59,1,46,54,31,56,1,29,36,14,58,2,6,35,53,58,1,46,11,6,57,2,55,39,46,58,3,55,41,45,57,3,28,20,27,57,2,52,7,13,59,3,23,55,35,57,1,36,16,43,57,1,55,15,15,57,2,47,11,46,58,0,38,23,9,57,3,35,41,15,56,0,5,39,42,57,1,30,54,16,56,2,27,54,55,59,0,24,44,38,58,3,22,32,55,56,0,46,51,31,57,2,36,16,43,56,0,36,21,49,59,0,10,44,9,57,3,5,6,11,57,2,7,25,41,59,3,34,49,35,57,2,52,45,28,59,0,13,55,37,58,2,19,47,25,59,0,6,20,48,58,1,30,54,15,59,3,45,49,36,56,0,34,43,30,57,2,36,26,34,56,2,51,7,50,57,3,28,31,49,58,3,51,11,36,56,0,30,51,49,59,1,34,35,55,59,3,42,43,15,59,1,31,23,23,56,1,41,17,9,58,0,16,54,21,59,1,27,41,38,59,2,32,35,4,57,0,14,30,36,56,2,4,55,48,58,0,16,10,6,56,0,34,32,51,59,0,10,13,32,56,1,24,41,29,56,1,37,49,6,58,3,10,51,22,56,0,37,51,12,59,1,20,47,38,59,3,24,15,43,56,1,51,29,21,59,1,5,39,22,58,2,52,26,43,58,2,41,16,48,57];[71,14,24,15,77,58,26,25,48,45,61,8,28,32,7,66,66,72,76,69,18,1,3,83,8,26,53,75,28,78,11,2,86,49,5,88,49,34,34,86,13,58,69,24,2,65,66,33,9,15,28,40,20,30,49,65,84,58,67,59,59,5,84,6,1,79,33,57,88,16,0,30,44,64,23,14,23,67,84,83,56,62,6,17,60,24,48,73,28,40,77,58,81,46,74,49,48,88,75,79,23,27,18,80,26,65,53,2,30,38,84,68,77,55,12,7,2,21,23,7,84,62,71,49,21,24,74,43,68,84,75,55,18,68,45,56,52,51,80,29,53,34,82,54,85,76,62,35,89,60,83,14,64,79,40,15,42,31,57,76,38,73,8,11,26,37,82,75,83,73,60,38,83,74,48,32,11,3,10,86,3,29,85,64,36,81,85,11,23,20,12,25,31,65,23,66,26,56,29,84,67,5,32,86,12,87,42,61,61,24,7,42,61,18,2,7,26,81,48,66,14,64,84,29,52,63,14,73,48,45,42,37,5,72,81,38,63,69,36,36,43,37,39,41,10,8,50,83,20,60,21,72,87,32,17,64,30,51,18,62,74,12,66,28,34,23,66,18,40,26,55,24,3,62,77,74,16,27,11,39,16,35,63,9,74,20,4,41,50,25,8,32,30,85,3,4,29,61,85,63,39,77,72,49,38,83,70,74,76,13,21,41,53,73,45,85,49,16,6,70,44,62,73,2,74,69,5,61,85,4,0,77,20,10,54,14,17,10,40,69,74,23,57,19,18,32,8,63,48,39,78,51,37,40,54,65,12,62,46,81,69,49,59,50,43,62,46,26,37,52,81,77,69,45,17,80,50,33,12,13,20,71,27,41,34,56,75,56,51,31,84,69,60,70,61,6,23,27,78,75,15,76,66,74,33,67,25,20,48,72,81,66,30,60,11,64,39,50,58,23,44,76,73,54,71,80,32,45,18,33,87,20,12,61,84,29,22,65,9,19,48,65,43,76,34,40,3,28,36,56,85,15,50,36,68,63,85,72,31,4,34,77,31,68,38,60,43,56,41,28,13,55,55,65,47,43,9,50,71,55,35,25,67,49,22,88,80,51,4,40,50,16,82,32,9,62,70,85,83,21];[[0.18019241848515155,1.8019241848515155,1.0],[0.48736227300275514,4.873622730027551,1.0],[0.07759170039841756,0.7759170039841756,1.0],[0.5225667244081349,5.2256672440813485,1.0],[0.9196433340252647,9.196433340252646,1.0],[0.8762509611803474,8.762509611803473,1.0],[0.5029695910906639,5.029695910906638,1.0],[0.8160267976375112,8.160267976375112,1.0],[0.8059112000327816,8.059112000327817,1.0],[0.2140591090540045,2.140591090540045,1.0],[0.08805821114486456,0.8805821114486456,1.0],[0.20329737064426556,2.0329737064426556,1.0],[0.5837360924329463,5.837360924329463,1.0],[0.6737333796339059,6.737333796339059,1.0],[0.1608013027204077,1.6080130272040771,1.0],[0.7465026683932527,7.465026683932527,1.0],[0.5706715087422025,5.706715087422025,1.0],[0.4637998194614905,4.637998194614905,1.0],[0.510707169665419,5.10707169665419,1.0],[0.13436739791107,1.3436739791107,1.0],[0.5955836724768061,5.955836724768061,1.0],[0.9705970110642231,9.705970110642232,1.0],[0.1380260373669585,1.380260373669585,1.0],[0.6915046322372392,6.915046322372392,1.0],[0.4571104412123077,4.571104412123077,1.0],[0.7770933375992647,7.770933375992647,1.0],[0.4288907275773849,4.288907275773849,1.0],[0.7873492179192781,7.873492179192781,1.0],[0.45358103110054593,4.535810311005459,1.0],[0.29994077462327984,2.9994077462327984,1.0],[0.26785911780148886,2.6785911780148886,1.0],[0.41380996534982095,4.13809965349821,1.0],[0.8955750490686861,8.955750490686862,1.0],[0.33899298335361505,3.3899298335361507,1.0],[0.4439220021216055,4.439220021216055,1.0],[0.2663146653444304,2.663146653444304,1.0],[0.1912128081922898,1.912128081922898,1.0],[0.8422148536074314,8.422148536074314,1.0],[0.12934381348500923,1.2934381348500923,1.0],[0.5457493539256076,5.457493539256077,1.0],[0.6889713324133125,6.889713324133125,1.0],[0.3133089603750071,3.1330896037500713,1.0],[0.781346930988076,7.81346930988076,1.0],[0.7476684671478541,7.476684671478541,1.0],[0.694338776663945,6.943387766639449,1.0],[0.010283626574111193,0.10283626574111193,1.0],[0.7581500624990217,7.581500624990217,1.0],[0.8365660626079888,8.365660626079888,1.0],[0.8965297598339126,8.965297598339125,1.0],[0.42501586527499824,4.250158652749983,1.0],[0.29726573226441977,2.9726573226441975,1.0],[0.1892293583037329,1.8922935830373289,1.0],[0.7243244498868214,7.243244498868214,1.0],[0.8519753238078789,8.519753238078788,1.0],[0.10178542532455293,1.0178542532455293,1.0],[0.5249813114594203,5.249813114594203,1.0],[0.36905004287313525,3.6905004287313528,1.0],[0.14252011028375144,1.4252011028375144,1.0],[0.9116619067804255,9.116619067804255,1.0],[0.54316015559511,5.4316015559511,1.0],[0.4203904144024305,4.203904144024305,1.0],[0.8163513162724128,8.163513162724128,1.0],[0.8589171046239985,8.589171046239985,1.0],[0.7596233819507995,7.596233819507995,1.0],[0.8852403456386315,8.852403456386316,1.0],[0.14006433750837965,1.4006433750837965,1.0],[0.7153091891141413,7.153091891141413,1.0],[0.4033601431159366,4.033601431159366,1.0],[0.3246442732123802,3.246442732123802,1.0],[0.610505749299754,6.10505749299754,1.0],[0.9436716318473461,9.436716318473461,1.0],[0.22542293193962482,2.254229319396248,1.0],[0.22792853612720076,2.2792853612720076,1.0],[0.3202161638777423,3.202161638777423,1.0],[0.9471716155913338,9.471716155913338,1.0],[0.06517330654168263,0.6517330654168263,1.0],[0.5318417096543258,5.318417096543257,1.0],[0.060458432800693074,0.6045843280069307,1.0],[0.0568250937122835,0.568250937122835,1.0],[0.05525076001007523,0.5525076001007523,1.0],[0.08040862393544657,0.8040862393544657,1.0],[0.45414991337399147,4.541499133739915,1.0],[0.5398206863735848,5.398206863735848,1.0],[0.9620202223629081,9.62020222362908,1.0],[0.4443670125830569,4.443670125830569,1.0],[0.4943162252029675,4.9431622520296745,1.0],[0.301158822820192,3.01158822820192,1.0],[0.03764467466094412,0.3764467466094412,1.0],[0.32502817216022195,3.2502817216022195,1.0],[0.6923405421469611,6.92340542146961,1.0]]
1_Brandimarte_12_workers.fjs;1154.7427368811034;1044408;[112,140,240,309,328,518,0,97,169,280,356,501,0,49,204,343,448,485,0,13,35,116,139,270,434,468,131,238,289,343,359,380,395,410,0,52,233,270,445,486,503,75,100,142,173,302,21,92,152,201,234,467,187,234,252,325,420,520,171,338,412,425,472,23,64,116,380,410,13,75,139,267,359,452,476,42,75,90,204,284,31,328,364,416,440,55,85,201,223,434,485,0,42,100,212,250,267,395,425,111,223,267,302,370,478,494,22,47,62,284,294,85,116,182,191,204,274,300,380,398,121,213,227,252,289,434,445,533,0,59,93,244,292,316,338,80,97,132,142,187,212,0,31,152,191,349,378,434,472,0,112,142,228,254,416,522,12,42,158,187,204,311,399,410,456,80,173,327,359,448,461,25,47,212,430,477,0,160,359,378,472,486,42,64,185,300,499,165,265,359,370,437,474];[9,5,9,4,0,7,8,5,4,6,0,4,0,4,2,7,3,8,1,8,5,7,7,6,5,0,3,4,3,4,7,4,9,5,3,6,2,0,4,7,7,4,9,6,5,7,0,4,3,1,7,6,9,6,8,7,6,5,3,6,8,8,2,4,7,5,6,3,5,2,0,7,4,7,6,9,6,6,5,7,6,4,5,4,6,8,9,6,3,9,6,9,6,6,4,7,1,4,2,6,2,9,9,6,0,6,7,1,0,0,0,7,4,6,2,3,5,1,7,7,6,1,9,5,6,4,0,6,4,5,3,6,4,6,5,5,7,6,4,4,6,2,0,7,6,6,3,7,4,6,3,9,5,9,7,6,9,8,9,1,7,3,5,6,5,8,6,9,9,9,8,8,0,9,6,5,7,0,3,2,7,9,7,6,7,2,5,7,4,6,8,2,8];[6,5,0,12,14,3,8,4,0,3,2,9,1,2,0,13,1,8,12,3,8,10,9,14,9,8,0,3,3,1,1,11,2,10,2,1,5,2,2,10,3,8,7,3,6,6,0,13,6,2,11,10,9,1,9,9,13,5,14,4,12,4,4,7,6,8,0,0,8,2,10,1,0,4,6,13,5,14,8,14,1,10,3,1,0,0,6,11,10,1,12,4,11,10,3,7,3,12,12,5,2,8,14,12,5,13,12,10,4,13,2,4,11,12,0,5,11,1,4,1,5,12,12,13,7,8,11,14,7,11,2,2,12,1,8,3,8,12,2,13,11,9,10,0,14,5,8,10,2,11,12,12,9,11,8,11,5,9,4,7,10,13,8,13,14,11,3,2,5,5,3,2,3,14,14,14,13,12,13,9,0,1,12,7,8,11,0,7,5,9,7,13,13];[[0.7773566427005639,7.7735664270056395,1.0],[0.6698255595592497,6.698255595592498,1.0],[0.09913960392481702,0.9913960392481702,1.0],[0.35297051119014544,3.529705111901454,1.0],[0.4679077429008419,4.679077429008419,1.0],[0.5346837414708775,5.346837414708775,1.0],[0.9783090609123973,9.783090609123974,1.0],[0.13031535015865903,1.3031535015865903,1.0],[0.6712434682302663,6.712434682302662,1.0],[0.36422941594737557,3.6422941594737557,1.0],[0.48883570716198577,4.888357071619858,1.0],[0.20301221073405373,2.0301221073405373,1.0],[0.6661983755713592,6.661983755713592,1.0],[0.2276630312069321,2.276630312069321,1.0],[0.4580640582967631,4.580640582967631,1.0]]
1_Brandimarte_12_workers.fjs;1141.3433845144828;1968336;[26,54,109,263,433,500,57,83,266,314,419,497,0,34,84,99,217,443,69,94,105,130,150,371,403,424,129,152,179,198,219,284,310,352,0,74,148,339,382,415,484,317,333,428,497,518,0,63,74,213,334,361,0,34,45,162,206,306,42,60,83,397,466,240,292,309,334,390,186,209,228,275,299,350,526,105,130,418,435,466,0,93,309,365,391,0,90,196,285,430,516,0,11,44,214,240,272,333,484,25,34,272,285,323,450,466,56,90,104,245,292,0,83,167,176,198,370,385,397,450,176,200,248,261,285,378,397,455,11,140,200,237,349,430,457,161,180,228,317,450,508,9,52,116,186,381,391,432,477,109,145,228,283,419,484,505,21,69,171,227,257,352,424,495,514,14,53,63,261,365,456,25,37,130,145,380,34,68,236,254,385,457,77,129,200,228,329,14,155,217,236,299,390];[9,8,4,6,2,7,2,8,4,6,0,9,0,4,6,7,3,8,1,2,5,7,7,6,5,2,3,4,3,4,7,4,9,5,3,6,2,0,4,7,5,4,9,6,8,7,2,6,3,1,7,6,9,6,2,7,6,5,3,4,5,1,0,4,7,8,6,9,5,2,0,7,4,7,6,9,2,6,5,7,6,5,7,4,6,5,9,6,3,9,6,4,6,6,4,7,1,4,8,6,2,9,9,6,0,6,7,1,0,2,0,7,4,6,8,3,7,1,7,7,6,1,9,5,6,9,0,6,4,5,9,6,4,4,5,5,7,6,0,4,4,2,0,7,6,6,3,7,0,6,9,9,5,9,7,6,3,8,9,1,7,3,5,6,5,8,6,9,9,9,8,8,0,9,6,5,7,0,3,2,7,9,7,4,7,2,5,7,6,6,5,2,8];[6,5,0,10,6,5,3,3,0,5,4,13,13,9,9,9,1,8,5,2,1,13,0,14,14,6,0,1,8,2,5,6,4,7,8,6,2,6,10,10,7,2,12,2,4,5,9,2,2,11,11,12,5,1,2,10,13,13,14,4,4,3,1,11,9,8,2,0,12,12,12,2,0,4,4,13,7,5,0,14,3,4,9,0,11,12,6,10,5,8,2,0,0,11,3,10,5,7,13,14,5,14,14,1,10,4,8,14,4,3,2,14,11,8,3,9,1,1,4,5,12,4,12,13,1,13,9,12,1,11,7,2,5,1,13,11,1,0,0,7,13,10,10,5,2,5,8,10,12,11,12,9,7,1,0,11,3,13,4,7,6,13,3,2,14,14,11,14,5,5,3,8,10,6,14,7,13,0,4,3,9,0,12,8,8,14,13,7,7,9,1,6,13];[[0.7966509679599704,7.966509679599704,1.0],[0.05862623274803458,0.5862623274803458,1.0],[0.7602397739740907,7.602397739740907,1.0],[0.8627037401845356,8.627037401845355,1.0],[0.09127403464611428,0.9127403464611428,1.0],[0.9024924365975527,9.024924365975528,1.0],[0.7858960565941281,7.858960565941281,1.0],[0.40667966546103385,4.0667966546103385,1.0],[0.37447264465852026,3.7447264465852026,1.0],[0.6490262282913547,6.490262282913547,1.0],[0.40092466608569977,4.009246660856998,1.0],[0.5721109226277574,5.721109226277575,1.0],[0.6077930620255084,6.077930620255084,1.0],[0.05072389565884072,0.5072389565884072,1.0],[0.7370880093375713,7.370880093375714,1.0]]
1_Brandimarte_12_workers.fjs;1102.693281344181;3680532;[95,124,246,398,424,503,74,139,204,325,409,446,31,77,263,307,336,361,0,44,63,115,138,253,333,389,0,126,215,337,357,417,432,453,43,143,283,300,353,378,402,26,67,113,160,411,21,43,338,367,395,458,100,283,321,339,388,430,196,367,378,411,460,0,43,64,215,242,0,26,52,248,379,467,498,171,196,242,265,287,9,40,133,252,422,21,80,263,307,367,449,30,103,153,178,267,317,432,448,0,64,88,207,273,283,467,22,73,126,230,314,103,153,295,304,317,355,417,431,487,43,52,67,111,188,242,252,398,33,89,120,162,270,286,307,51,175,357,367,453,478,9,80,222,304,378,388,449,467,52,79,222,242,265,323,411,0,30,41,87,195,273,296,314,381,51,79,141,196,233,287,26,111,126,347,477,64,141,155,214,235,380,0,22,84,302,498,153,314,337,347,389,400];[9,8,9,4,0,7,2,8,4,6,0,9,0,4,2,7,3,8,1,2,5,7,7,6,5,0,3,4,3,4,7,4,9,5,3,6,2,0,4,7,5,4,4,6,5,7,0,4,9,1,7,6,3,6,2,7,6,5,3,6,8,8,2,4,7,8,6,3,5,2,0,7,4,7,6,9,2,6,5,7,6,5,5,4,6,5,9,6,9,9,6,9,4,6,4,7,1,4,2,6,2,6,9,6,0,6,7,1,0,2,0,7,4,6,8,3,5,1,7,7,6,1,9,5,6,4,0,6,6,5,3,6,4,4,5,5,7,6,0,4,4,2,0,7,6,6,3,7,0,6,3,4,5,9,7,6,9,5,9,1,7,3,5,6,5,8,6,9,9,9,5,8,0,9,6,5,7,0,3,2,7,9,7,6,7,2,5,7,4,6,8,2,8];[0,8,3,1,2,5,4,2,0,12,4,12,1,2,12,13,11,9,1,7,3,10,12,12,5,6,0,5,10,2,3,6,0,6,2,6,9,5,10,10,5,8,13,6,11,8,0,13,0,7,11,8,14,12,6,9,1,13,13,4,9,10,14,11,0,6,2,6,13,14,10,11,7,4,1,13,7,10,0,8,3,11,3,1,11,1,6,13,3,8,7,9,4,14,3,10,0,14,0,14,1,5,3,11,5,9,2,10,4,6,2,11,9,4,0,9,13,1,4,5,6,1,12,13,8,4,5,4,13,3,2,2,2,11,8,9,4,12,0,13,11,14,12,0,14,5,8,4,10,8,13,14,7,8,13,11,5,7,5,7,1,13,3,10,14,11,0,4,5,5,7,11,3,14,14,3,11,1,8,4,11,2,12,13,8,11,8,5,14,6,8,0,13];[[0.5209484070219088,5.209484070219088,1.0],[0.42125020101147315,4.212502010114731,1.0],[0.22094517308324657,2.2094517308324657,1.0],[0.13033708391670573,1.3033708391670573,1.0],[0.48395776843282956,4.839577684328296,1.0],[0.6260889663051598,6.260889663051597,1.0],[0.6211218319323739,6.21121831932374,1.0],[0.707277595965894,7.07277595965894,1.0],[0.43539590023548325,4.3539590023548325,1.0],[0.04809800715767443,0.4809800715767443,1.0],[0.2254847064342842,2.254847064342842,1.0],[0.788548045160999,7.88548045160999,1.0],[0.42108890435006496,4.21088904350065,1.0],[0.5652029481252892,5.6520294812528915,1.0],[0.6764042610645917,6.764042610645918,1.0]]
1_Brandimarte_12_workers.fjs;1144.7791249732027;428496;[0,297,344,485,507,523,98,111,228,251,315,521,0,29,282,355,379,429,0,38,74,118,191,311,357,379,19,54,273,303,371,426,441,460,47,112,195,331,381,410,439,0,17,85,398,503,17,204,271,392,444,522,0,183,215,239,321,404,196,315,339,353,365,127,173,262,272,398,0,81,111,156,273,302,404,38,63,222,241,282,62,74,217,339,441,0,81,102,156,456,511,27,73,161,178,222,253,289,427,38,47,63,188,300,345,413,97,118,171,271,485,22,153,232,241,253,331,365,392,427,0,22,77,90,124,232,251,490,246,273,318,344,409,468,490,112,138,241,282,441,503,0,196,269,331,392,456,485,518,11,40,90,124,305,339,370,59,81,244,302,322,361,470,501,517,50,151,161,404,415,438,54,80,358,381,467,54,134,177,196,257,303,0,171,203,226,379,34,212,262,365,380,485];[9,8,9,4,0,7,2,8,4,6,0,4,0,4,2,7,3,5,1,8,7,7,7,6,5,0,3,4,9,5,7,4,9,7,6,6,6,0,4,7,5,4,4,6,8,7,2,4,3,1,7,6,3,6,2,7,6,5,3,4,8,8,2,4,7,5,6,3,5,2,0,7,4,7,6,9,2,6,5,7,6,5,5,4,6,8,4,4,3,9,6,9,6,6,4,7,1,4,8,6,2,9,9,6,0,6,7,1,0,0,0,7,4,6,8,3,5,1,7,7,6,1,9,5,6,9,0,6,4,5,9,6,4,6,5,5,7,6,0,4,4,2,0,7,6,6,3,7,0,6,3,9,5,4,7,6,3,8,9,1,7,3,4,6,5,8,6,9,9,9,8,1,0,9,6,5,7,0,3,2,7,9,7,6,7,2,5,7,6,6,8,2,8];[1,9,0,11,9,12,1,5,0,8,11,9,13,10,0,13,1,8,5,8,1,6,5,12,7,6,0,5,2,0,2,11,8,13,7,7,10,10,11,10,5,9,6,2,1,8,14,13,11,9,11,5,7,0,5,9,12,8,14,14,14,1,6,7,11,8,3,2,10,10,1,8,14,4,6,13,7,3,13,8,14,11,4,8,0,6,4,14,6,6,13,9,0,4,2,7,10,14,10,14,3,8,4,6,3,13,8,2,4,1,2,11,9,8,10,5,11,1,4,12,8,12,12,13,8,3,1,0,14,9,1,2,12,1,7,12,6,1,1,7,5,14,12,0,0,14,8,10,11,8,12,0,9,11,13,11,3,5,4,8,2,3,2,4,14,14,11,14,5,5,14,6,3,9,9,14,11,3,12,11,9,13,12,3,9,11,5,6,3,6,4,12,13];[[0.49734142093980327,4.973414209398033,1.0],[0.35999045686025677,3.5999045686025677,1.0],[0.7220617567237175,7.220617567237175,1.0],[0.44672126724761885,4.4672126724761885,1.0],[0.4533596515962979,4.533596515962978,1.0],[0.025925678678183073,0.25925678678183073,1.0],[0.33490089376309407,3.3490089376309404,1.0],[0.4755440242737675,4.755440242737675,1.0],[0.45132356511490823,4.513235651149082,1.0],[0.08788974506102976,0.8788974506102976,1.0],[0.29509671683068217,2.9509671683068217,1.0],[0.33863234208051063,3.3863234208051063,1.0],[0.9020959027552419,9.020959027552419,1.0],[0.7173473735926632,7.173473735926632,1.0],[0.8986159167700656,8.986159167700656,1.0]]
1_Brandimarte_12_workers.fjs;1088.1358793435145;3597252;[260,290,304,319,358,497,21,79,262,342,369,385,52,118,149,168,367,386,0,12,88,125,289,332,346,394,0,24,167,310,378,399,464,485,61,93,104,184,205,239,256,51,123,301,416,444,33,279,301,321,399,479,21,180,246,320,426,464,135,169,185,233,424,68,185,204,230,396,0,121,198,222,246,338,417,0,42,104,114,464,34,68,139,338,361,172,220,290,319,345,499,25,43,140,179,205,222,300,316,16,60,71,164,269,332,437,0,95,169,222,279,81,143,191,200,235,274,289,360,428,25,121,207,368,390,443,455,489,0,37,84,114,230,368,482,25,41,200,346,417,446,0,37,112,159,220,239,256,384,53,220,280,322,357,390,468,0,25,39,83,95,112,186,351,418,12,84,93,169,290,431,61,90,192,210,286,21,74,186,378,416,455,146,258,301,405,443,61,94,149,159,172,260];[9,8,9,4,2,7,2,5,4,6,0,4,0,4,2,7,3,8,1,8,5,7,7,6,5,2,6,4,3,5,7,4,4,5,3,6,2,0,4,7,5,4,9,6,8,7,2,6,3,1,7,6,3,6,8,7,6,5,9,6,8,8,2,4,7,8,6,3,5,2,0,7,4,7,6,9,2,6,5,7,6,5,5,4,6,8,9,6,9,9,6,9,6,6,4,7,1,4,8,6,2,9,9,6,0,6,7,1,0,0,0,7,4,6,2,9,7,1,7,7,6,1,9,5,6,9,0,6,4,5,3,6,4,4,7,5,7,6,0,4,4,2,0,7,6,6,3,7,0,6,3,4,5,4,5,6,3,8,9,1,7,3,5,6,5,1,6,9,4,9,8,1,0,9,6,5,7,0,3,2,7,9,7,6,7,2,5,7,4,6,8,2,8];[12,3,3,1,8,4,3,2,0,5,8,14,13,10,8,9,1,8,5,8,3,0,1,12,9,1,10,1,8,14,2,13,2,6,2,14,1,10,10,8,11,8,7,4,14,5,9,4,2,2,3,5,7,13,2,10,7,0,7,0,9,7,6,7,7,1,3,14,11,6,0,2,14,0,1,13,7,14,5,14,3,8,3,11,0,5,6,11,7,8,7,2,11,8,3,7,11,0,11,12,4,4,2,2,4,13,2,13,4,7,2,10,4,12,14,13,6,6,4,5,6,1,12,13,6,12,9,14,9,6,1,2,1,6,7,12,2,9,1,2,7,6,12,0,14,1,0,10,10,1,12,14,9,10,7,11,3,13,5,13,2,13,8,7,12,5,5,4,1,5,3,6,9,2,2,10,11,12,4,4,9,11,12,9,8,11,8,0,11,11,13,6,13];[[0.4211249061401,4.211249061401,1.0],[0.9761073344853062,9.761073344853061,1.0],[0.6132800246752349,6.132800246752349,1.0],[0.6930423279788359,6.930423279788359,1.0],[0.5088628354481554,5.088628354481553,1.0],[0.18781156668551158,1.8781156668551158,1.0],[0.830121874145001,8.301218741450011,1.0],[0.8449241651217704,8.449241651217704,1.0],[0.20962821201639004,2.0962821201639006,1.0],[0.6505169872996391,6.505169872996391,1.0],[0.7003316191510263,7.003316191510263,1.0],[0.7150339547653067,7.150339547653068,1.0],[0.8091072451390076,8.091072451390076,1.0],[0.8451978833841938,8.451978833841938,1.0],[0.3695849781386673,3.695849781386673,1.0]]
1_Brandimarte_12_workers.fjs;1114.3736455629512;1564860;[23,167,259,404,426,492,103,219,295,393,412,426,0,26,184,204,294,311,149,193,228,277,360,402,412,452,81,123,166,207,221,260,319,333,42,114,124,196,229,260,407,71,97,256,283,297,51,124,313,372,422,470,60,361,372,389,460,505,21,80,103,114,476,0,167,296,412,439,24,141,237,317,370,456,491,209,260,295,484,510,15,60,166,212,500,71,150,196,207,305,439,11,155,247,343,372,410,470,510,35,72,194,234,283,295,333,50,162,309,324,439,20,52,218,227,275,345,360,438,476,24,35,137,252,306,333,366,450,104,114,136,167,196,387,436,0,72,95,104,422,452,0,21,37,135,145,167,242,461,44,71,103,295,319,358,480,0,21,108,137,149,226,319,372,389,0,227,275,370,410,423,180,260,333,383,462,0,37,184,242,333,353,113,150,185,218,274,92,207,237,260,343,385];[9,8,9,4,0,7,2,5,4,6,0,9,0,4,2,7,3,8,1,8,5,7,7,6,5,2,3,4,9,5,7,4,9,5,3,6,2,0,4,7,7,6,9,6,8,7,0,6,3,1,7,6,3,6,2,7,6,5,3,4,5,1,2,4,7,8,6,3,5,2,0,7,4,7,6,9,2,6,5,7,6,5,5,4,6,5,9,6,3,9,6,9,6,6,4,7,1,4,8,6,0,9,9,6,0,6,7,1,0,2,0,7,4,6,8,3,7,1,7,7,6,1,9,5,6,4,0,6,6,5,3,6,4,4,5,5,7,6,0,4,4,6,0,7,6,6,3,7,0,6,9,4,5,4,5,6,3,8,9,1,7,3,5,6,5,8,6,9,9,9,8,8,0,9,6,5,7,0,3,2,7,9,7,4,7,2,5,7,6,6,8,2,1];[11,4,9,7,13,4,2,2,0,7,12,10,8,9,0,9,11,14,11,12,8,13,0,12,4,9,6,5,14,11,1,4,2,3,2,6,9,7,3,8,3,7,12,2,1,5,4,2,0,4,11,6,5,13,14,10,1,13,12,2,10,8,4,13,11,6,2,1,3,6,6,6,7,4,6,13,7,10,13,14,3,2,3,0,11,1,3,11,14,1,6,14,0,11,5,10,6,14,4,14,3,2,14,5,2,13,3,12,4,10,2,6,6,8,10,9,4,1,4,5,7,7,12,13,7,11,11,14,13,3,1,7,5,6,8,2,9,0,0,9,13,10,10,0,7,2,0,4,7,8,12,14,9,11,8,11,1,2,4,13,4,5,5,3,14,14,6,3,5,5,14,9,11,8,2,8,11,1,6,1,9,11,12,13,8,4,0,8,4,11,6,11,5];[[0.4831103964860096,4.831103964860096,1.0],[0.9021829992468611,9.02182999246861,1.0],[0.5374571935128641,5.374571935128642,1.0],[0.8761340971511191,8.761340971511192,1.0],[0.573156942708234,5.7315694270823405,1.0],[0.994523847851402,9.945238478514021,1.0],[0.3574465703190305,3.574465703190305,1.0],[0.6617299629663892,6.617299629663892,1.0],[0.4882872262788658,4.882872262788657,1.0],[0.5726412824777106,5.726412824777106,1.0],[0.32388398325139345,3.2388398325139347,1.0],[0.8072354510963532,8.072354510963532,1.0],[0.8087324055796944,8.087324055796945,1.0],[0.660852452150834,6.60852452150834,1.0],[0.5802577271631468,5.802577271631469,1.0]]
1_Brandimarte_12_workers.fjs;1165.313133595766;434100;[0,27,146,226,342,431,51,64,81,108,196,525,58,125,150,165,298,533,47,64,76,101,257,367,395,431,11,28,62,167,236,296,395,509,27,97,108,125,480,516,533,0,58,165,327,380,47,202,245,326,364,400,119,352,377,400,437,465,70,118,182,219,266,99,285,359,409,437,40,62,245,269,311,344,449,121,146,220,278,326,129,178,302,377,491,125,242,329,352,379,460,17,28,77,173,219,236,280,296,68,97,107,260,389,400,518,143,312,327,400,434,0,55,140,267,279,299,338,449,500,0,34,204,245,276,303,416,480,86,135,157,230,264,312,485,157,201,267,276,446,508,0,19,39,346,377,388,467,500,38,161,190,336,393,417,469,0,21,30,68,81,101,267,336,444,40,303,405,434,460,473,0,230,245,356,488,60,150,226,329,419,445,121,150,182,205,220,17,195,256,298,352,516];[9,8,9,4,0,7,8,5,4,6,0,4,0,4,6,7,3,5,1,8,5,7,7,6,5,2,6,4,3,5,7,4,4,5,3,6,2,0,4,7,7,4,9,6,5,7,0,4,3,1,7,6,3,4,8,7,6,5,9,6,8,8,0,4,7,5,6,3,5,2,0,7,4,7,6,9,2,6,5,7,6,5,7,4,6,5,4,4,9,9,6,4,6,6,4,7,1,4,2,6,0,9,9,6,0,6,7,1,0,2,0,7,4,6,2,3,5,1,7,7,6,1,9,5,6,9,4,6,6,5,3,6,4,6,7,5,7,6,0,4,4,2,0,7,6,6,3,7,0,6,9,9,5,9,5,6,3,5,9,1,7,3,5,6,5,8,6,9,9,9,8,1,0,9,6,5,7,0,3,2,7,9,7,4,7,6,5,7,6,6,8,0,1];[8,10,8,4,8,12,8,6,0,11,2,14,1,10,9,2,1,8,11,8,12,13,1,12,9,9,6,1,10,5,8,11,5,10,8,14,9,2,11,8,3,5,13,6,6,8,12,13,7,11,11,10,1,5,7,11,0,1,9,14,2,6,4,7,9,8,3,11,10,0,10,6,0,4,0,13,7,3,13,14,14,11,7,9,0,7,5,3,2,1,12,0,11,14,9,7,9,7,0,14,8,4,14,7,14,13,12,2,4,7,2,4,4,4,9,3,4,6,4,5,7,12,12,13,8,6,10,2,8,3,1,2,2,5,7,11,6,8,1,7,4,10,12,0,9,4,0,4,7,2,13,0,7,3,6,11,1,13,6,2,1,5,5,2,14,14,2,2,5,5,3,2,3,6,12,3,11,10,13,0,9,13,12,4,12,11,12,5,3,9,3,13,5];[[0.34661995661142697,3.4661995661142697,1.0],[0.2286410960833074,2.286410960833074,1.0],[0.012392470279078194,0.12392470279078194,1.0],[0.9308270259025113,9.308270259025113,1.0],[0.3225145761620236,3.225145761620236,1.0],[0.0006954578022455582,0.006954578022455582,1.0],[0.2097170717940725,2.097170717940725,1.0],[0.5179602272351016,5.179602272351016,1.0],[0.7628222106217201,7.6282221062172,1.0],[0.3089717897377221,3.089717897377221,1.0],[0.15113122452813788,1.5113122452813788,1.0],[0.07045772229012492,0.7045772229012492,1.0],[0.8725064026541692,8.725064026541693,1.0],[0.3074981421409557,3.074981421409557,1.0],[0.272859759997538,2.7285975999753798,1.0]]
1_Brandimarte_12_workers.fjs;1154.1502359493993;1864860;[37,74,89,292,487,528,87,99,145,297,336,504,37,211,236,481,497,522,0,75,120,166,206,287,309,381,0,19,133,152,410,435,450,487,19,260,271,287,308,392,410,56,129,143,277,297,90,170,189,208,354,416,64,92,109,147,191,287,40,368,391,402,533,71,128,147,307,354,0,22,255,281,333,448,513,12,57,112,170,218,82,191,238,349,446,22,259,377,392,424,504,0,102,122,163,189,220,260,276,30,99,189,233,345,355,473,32,166,180,256,494,0,97,201,218,231,250,287,336,431,46,97,176,355,387,461,473,522,46,71,152,231,276,355,497,0,52,133,301,406,470,38,74,94,221,335,351,372,513,0,94,147,331,413,512,532,103,162,204,234,264,281,391,425,462,30,181,383,437,448,473,0,59,236,436,515,12,241,372,391,468,481,72,122,317,372,441,108,188,211,231,370,424];[9,8,9,4,2,7,2,5,4,6,0,9,0,4,2,7,3,8,1,2,5,7,7,6,5,0,3,4,3,5,7,4,4,5,3,6,6,0,4,7,5,6,9,6,5,7,0,6,3,1,7,6,9,6,2,7,6,5,3,4,5,1,0,4,7,8,6,9,5,2,0,7,4,7,6,9,2,6,5,7,6,5,7,4,6,5,9,6,3,9,6,9,6,6,4,7,1,4,8,6,2,9,9,6,0,6,7,1,0,2,4,7,4,6,2,3,5,1,7,7,6,1,9,5,6,9,0,6,4,5,3,6,4,6,7,4,7,6,0,4,4,2,0,7,6,6,3,7,0,6,3,9,5,9,7,6,9,8,9,1,7,3,4,6,5,1,6,9,9,9,8,8,0,4,6,5,7,0,3,2,7,9,7,4,7,2,5,7,4,6,5,0,1];[5,4,6,4,4,5,3,4,0,11,8,9,13,10,12,13,11,6,5,5,5,5,0,14,7,9,1,3,10,4,3,11,6,2,8,11,1,12,10,11,9,6,12,2,7,5,2,1,5,11,0,10,9,7,5,11,1,7,14,2,10,12,2,13,7,14,11,4,10,6,6,6,14,4,6,13,7,14,13,8,0,8,10,11,0,0,3,13,5,8,12,6,11,10,8,7,2,7,4,14,8,0,3,2,12,9,12,11,4,2,5,11,9,9,0,9,8,1,4,3,3,13,12,13,14,3,5,14,11,11,13,7,5,1,7,4,1,1,0,2,4,10,10,5,12,1,8,5,12,2,12,5,9,1,0,11,0,12,1,2,14,13,2,10,12,2,9,4,5,5,3,9,4,14,2,4,11,0,7,13,7,0,12,8,8,0,8,7,14,6,0,3,7];[[0.8559393885152179,8.55939388515218,1.0],[0.8004839408308784,8.004839408308783,1.0],[0.5938433496209707,5.938433496209708,1.0],[0.8870093324131678,8.870093324131679,1.0],[0.741558169706834,7.4155816970683395,1.0],[0.8097670389513107,8.097670389513107,1.0],[0.2247324103169328,2.247324103169328,1.0],[0.9761818800633866,9.761818800633865,1.0],[0.6339038774096737,6.339038774096737,1.0],[0.5580285642552777,5.580285642552777,1.0],[0.4463526500656817,4.463526500656817,1.0],[0.28336462923826333,2.8336462923826335,1.0],[0.9019880415639555,9.019880415639555,1.0],[0.03268507148422006,0.32685071484220063,1.0],[0.4362825217209084,4.3628252172090844,1.0]]
1_Brandimarte_12_workers.fjs;1197.7162550596604;695076;[13,85,179,214,262,475,28,384,397,433,442,529,0,21,47,200,231,457,0,99,141,180,254,315,377,552,31,182,209,272,436,460,475,493,49,141,151,192,257,282,311,47,65,171,238,299,17,112,150,267,383,454,76,236,283,319,442,496,70,203,214,343,519,325,354,371,397,437,37,89,169,266,493,517,539,40,246,368,412,457,122,131,214,305,475,59,134,159,267,390,424,0,89,113,209,236,254,415,436,151,160,223,266,358,493,508,126,292,362,377,460,0,64,94,181,248,283,331,418,552,0,37,62,247,272,299,311,331,136,167,188,246,362,475,537,0,106,162,384,431,510,0,21,58,103,131,141,162,405,13,106,326,340,378,437,548,10,168,237,279,337,375,401,465,475,17,85,193,351,362,397,12,248,311,380,540,14,49,89,342,371,489,36,234,399,418,519,216,282,305,315,331,410];[9,8,9,6,0,7,8,8,4,6,0,4,0,4,6,7,3,8,1,8,5,7,7,6,5,0,3,4,3,5,7,4,9,7,3,6,2,0,4,7,5,4,9,6,5,7,2,4,9,1,7,6,9,6,2,7,6,5,3,6,8,1,2,4,7,8,6,3,5,2,0,7,4,7,6,9,2,6,5,7,6,5,5,4,6,5,9,4,3,9,6,9,4,6,4,7,1,4,8,6,0,9,9,6,0,6,7,1,0,2,0,7,4,6,2,3,5,1,7,7,6,1,6,5,6,9,0,6,4,5,3,6,4,4,7,4,7,6,0,4,4,2,0,7,6,6,3,7,0,6,9,9,5,4,5,6,3,8,9,1,7,3,5,6,5,8,6,9,4,9,8,1,0,9,6,5,7,0,3,6,7,9,7,4,7,2,5,7,4,6,8,0,8];[5,2,0,10,8,5,0,2,0,7,8,13,8,9,9,13,11,8,0,13,10,13,0,13,4,7,6,1,11,2,3,6,11,8,8,6,9,7,10,8,12,1,12,5,10,5,1,13,0,11,11,13,1,7,2,10,0,1,13,4,2,0,1,13,9,1,2,11,10,9,6,6,7,4,6,13,7,7,5,14,3,0,4,0,0,4,3,3,4,14,7,2,0,8,8,14,5,14,4,14,6,13,12,2,5,9,14,4,4,0,2,1,9,8,9,3,7,1,4,5,12,4,2,13,3,13,1,2,1,11,2,2,8,12,7,3,9,8,1,2,6,14,10,5,2,8,8,4,6,2,5,0,7,12,1,11,12,9,1,9,14,5,5,7,14,14,5,3,4,5,3,4,11,14,14,14,13,6,3,11,9,10,12,8,9,11,8,6,1,6,3,8,13];[[0.5198238265685563,5.198238265685563,1.0],[0.9583988744400509,9.583988744400509,1.0],[0.3402956357666065,3.402956357666065,1.0],[0.7081849781179302,7.081849781179303,1.0],[0.9252189405445452,9.252189405445453,1.0],[0.05032666735654623,0.5032666735654623,1.0],[0.6613275461751585,6.613275461751585,1.0],[0.82711411373077,8.271141137307701,1.0],[0.8734961127808921,8.734961127808921,1.0],[0.5913019030238962,5.913019030238962,1.0],[0.11264722490163037,1.1264722490163037,1.0],[0.34477784983246407,3.4477784983246407,1.0],[0.011377599382669468,0.11377599382669468,1.0],[0.7909742881977946,7.909742881977946,1.0],[0.3277964015146908,3.277964015146908,1.0]]
1_Brandimarte_12_workers.fjs;1191.671625943406;2807016;[51,79,168,279,336,428,45,58,219,266,336,351,10,142,316,394,410,443,89,115,150,200,365,430,464,498,68,89,116,138,162,237,285,300,0,22,42,78,168,297,530,163,239,306,433,498,0,196,207,291,377,516,0,39,81,223,362,486,138,193,219,354,366,252,279,341,372,477,22,64,92,145,297,315,477,26,51,207,218,518,0,44,78,400,450,0,94,153,256,391,486,0,33,275,313,348,365,384,477,257,266,299,364,410,433,535,56,101,291,312,382,20,116,187,196,208,241,279,410,447,11,59,79,94,228,257,269,525,64,275,309,333,427,486,548,68,106,218,237,341,366,127,142,335,420,440,456,480,503,96,157,269,336,417,464,505,21,58,142,168,183,291,325,400,443,21,85,109,312,323,520,291,418,444,495,509,0,366,382,399,536,548,34,142,256,297,410,125,285,295,428,509,520];[9,8,9,4,2,7,8,5,4,6,0,9,4,4,2,7,3,8,1,2,5,7,7,6,5,2,6,4,3,5,7,4,9,5,3,6,2,0,4,7,5,6,9,6,5,7,0,6,3,1,7,6,9,4,2,7,6,5,3,4,8,8,2,4,7,8,6,3,5,2,0,7,4,7,6,9,6,6,5,7,6,5,7,4,6,8,9,6,3,9,6,4,6,6,4,7,1,4,8,6,2,9,9,6,0,6,7,1,0,0,0,7,4,6,8,9,7,1,7,7,6,1,9,5,6,9,0,6,4,5,3,6,4,4,7,5,7,6,0,4,4,6,0,7,6,6,3,7,4,6,3,9,5,4,7,6,3,8,9,1,7,3,5,6,5,1,6,9,9,9,8,8,0,4,6,5,7,0,3,2,7,9,7,6,7,2,5,7,6,6,8,2,1];[4,13,8,7,4,3,8,9,0,14,8,1,10,9,12,13,1,8,0,7,12,10,0,14,3,1,11,5,3,12,3,11,2,3,8,11,1,3,10,13,5,7,12,2,7,5,13,4,11,10,3,10,5,10,1,9,4,13,13,13,4,14,10,1,11,0,11,7,7,10,8,8,14,4,6,13,13,1,5,14,9,2,12,0,11,3,6,0,6,1,12,6,0,4,0,10,2,7,11,14,10,7,12,2,13,13,3,7,4,7,2,2,4,4,14,7,6,1,4,0,7,1,2,13,14,13,9,12,0,8,1,7,12,6,7,6,10,6,0,13,13,5,10,2,14,2,8,1,4,1,13,12,9,12,13,11,1,2,5,6,2,1,8,7,14,8,10,14,5,5,0,9,10,6,0,3,11,14,8,10,9,1,12,6,8,11,13,0,3,12,4,0,7];[[0.18019241848515155,1.8019241848515155,1.0],[0.48736227300275514,4.873622730027551,1.0],[0.07759170039841756,0.7759170039841756,1.0],[0.5225667244081349,5.2256672440813485,1.0],[0.9196433340252647,9.196433340252646,1.0],[0.8762509611803474,8.762509611803473,1.0],[0.5029695910906639,5.029695910906638,1.0],[0.8160267976375112,8.160267976375112,1.0],[0.8059112000327816,8.059112000327817,1.0],[0.2140591090540045,2.140591090540045,1.0],[0.08805821114486456,0.8805821114486456,1.0],[0.20329737064426556,2.0329737064426556,1.0],[0.5837360924329463,5.837360924329463,1.0],[0.6737333796339059,6.737333796339059,1.0],[0.1608013027204077,1.6080130272040771,1.0]]
1_Brandimarte_14_workers.fjs;1398.4839253329762;1650132;[27,109,128,302,337,418,465,591,92,147,160,234,310,355,383,415,447,480,499,0,154,260,296,446,546,597,651,128,154,360,373,388,405,484,510,525,641,0,34,74,119,294,439,458,546,598,31,103,161,234,297,421,523,616,97,158,234,285,333,402,517,553,49,97,210,261,355,383,425,496,556,590,607,29,64,160,197,259,344,419,487,545,556,579,29,64,132,182,208,226,397,421,528,622,42,159,206,333,458,541,554,574,618,636,16,73,285,344,421,446,466,537,91,109,137,184,278,293,322,337,587,611,644,0,114,131,190,208,381,496,510,528,0,13,93,173,216,260,436,458,592,611,137,225,241,288,309,383,409,434,465,13,34,114,184,285,361,398,453,59,70,309,355,409,455,482,522,557,96,157,260,319,337,360,528,557,574,607,0,86,210,275,405,513,572,600,18,73,192,330,448,499,524,591,63,92,216,261,341,368,387,410,0,144,381,439,506,524,554,572,59,80,117,137,159,182,194,225,293,448,565,70,217,307,461,478,499,528,537,580,84,160,197,210,337,487,525,647,0,31,47,120,177,270,310,469,480,544,0,166,241,278,297,326,364,533,0,47,161,252,310,383,478,500,537,565,15,31,49,97,194,242,384,397,430,572,628];[8,9,11,11,12,8,8,1,4,13,12,8,13,14,9,13,8,6,7,2,9,11,0,0,3,5,13,9,6,4,3,11,1,9,13,0,12,14,4,8,7,4,11,10,9,6,13,10,4,10,5,11,7,12,7,1,11,0,3,8,11,10,13,13,8,12,11,14,10,0,0,11,9,10,11,13,5,13,6,0,8,0,1,3,5,13,13,11,13,12,13,3,3,0,9,8,2,7,12,13,5,11,13,13,9,5,11,8,12,1,9,3,9,11,2,12,13,13,12,5,13,8,11,10,3,4,13,1,1,13,3,9,4,11,10,13,4,1,3,4,8,0,8,13,9,8,1,4,0,4,5,4,7,13,1,12,10,6,3,10,12,8,13,4,11,4,4,11,8,3,9,11,4,1,10,8,5,11,8,12,7,0,11,5,8,13,13,9,4,8,12,11,8,12,4,2,11,8,13,13,10,9,3,11,6,5,8,1,13,9,7,3,8,1,5,0,12,0,9,13,12,10,5,0,13,7,12,12,11,10,13,7,8,14,11,10,13,0,13,11,12,6,8,4,9,10,11,8,9,3,13,5,6,13,8,4,11,8,11,0,7,8,13,9,12,3,3,6,1,3,0,4,13,12,13,13,11];[3,0,12,15,0,4,9,1,16,15,17,6,6,15,5,1,4,2,3,3,16,13,21,21,20,13,19,11,8,6,18,10,3,7,18,12,12,2,16,14,5,0,9,10,21,2,17,4,0,19,5,5,10,21,1,3,15,12,8,2,1,6,8,3,14,6,17,9,3,17,10,3,19,13,8,21,9,20,2,14,5,4,11,13,4,17,18,14,0,14,6,17,3,1,20,6,4,11,11,2,17,17,12,17,21,20,13,9,11,8,6,11,6,17,20,4,8,1,5,7,6,5,14,4,21,4,2,3,1,15,19,8,0,1,12,20,8,19,19,7,16,17,14,20,13,2,7,4,20,15,4,14,6,15,17,6,2,16,16,6,21,3,11,0,19,0,17,5,19,20,9,17,3,16,19,9,15,18,12,13,6,13,15,9,4,10,15,9,19,2,10,1,16,21,4,21,19,2,15,14,13,8,13,1,16,5,16,4,8,2,0,7,20,7,14,12,7,4,8,13,1,11,5,18,13,20,14,2,7,19,1,15,6,16,5,9,18,16,6,15,12,16,9,7,11,2,21,14,10,2,7,20,19,21,4,0,8,2,4,4,8,7,17,10,15,3,17,1,3,15,4,18,11,17,10,14,10];[[0.7773566427005639,7.7735664270056395,1.0],[0.6698255595592497,6.698255595592498,1.0],[0.09913960392481702,0.9913960392481702,1.0],[0.35297051119014544,3.529705111901454,1.0],[0.4679077429008419,4.679077429008419,1.0],[0.5346837414708775,5.346837414708775,1.0],[0.9783090609123973,9.783090609123974,1.0],[0.13031535015865903,1.3031535015865903,1.0],[0.6712434682302663,6.712434682302662,1.0],[0.36422941594737557,3.6422941594737557,1.0],[0.48883570716198577,4.888357071619858,1.0],[0.20301221073405373,2.0301221073405373,1.0],[0.6661983755713592,6.661983755713592,1.0],[0.2276630312069321,2.276630312069321,1.0],[0.4580640582967631,4.580640582967631,1.0],[0.040722397554957435,0.40722397554957435,1.0],[0.9742897953778286,9.742897953778286,1.0],[0.4874760742689066,4.874760742689066,1.0],[0.4616138636373597,4.616138636373597,1.0],[0.7141471558082002,7.141471558082002,1.0],[0.4157281494999725,4.157281494999725,1.0],[0.888011688001529,8.88011688001529,1.0]]
1_Brandimarte_14_workers.fjs;1453.8713037105424;1909212;[17,145,181,251,387,421,474,514,24,102,115,194,231,251,501,551,572,624,642,0,217,358,474,509,575,592,644,79,108,193,210,337,364,385,447,533,597,21,48,59,307,330,373,407,514,591,31,49,60,142,167,234,260,450,21,77,196,452,476,590,640,666,49,128,181,214,391,407,434,484,570,583,611,0,17,64,122,144,193,237,381,463,474,666,194,260,285,302,334,358,413,533,570,621,50,79,99,330,351,383,456,476,626,658,17,118,216,401,426,487,533,607,0,100,183,300,351,396,424,476,520,533,552,89,168,261,300,323,344,566,592,607,0,53,171,214,231,267,314,481,503,611,99,180,196,217,405,424,451,481,506,108,282,318,344,385,418,575,655,59,70,171,247,260,317,337,503,514,37,76,153,267,284,304,373,402,520,602,0,139,204,272,453,527,606,673,115,165,204,233,302,407,552,572,118,192,284,304,462,504,550,624,17,37,141,157,449,494,533,551,0,139,237,285,307,381,416,426,544,580,626,11,35,59,163,180,254,285,434,554,18,77,102,131,163,282,431,580,0,71,122,216,361,381,425,544,643,662,43,60,196,284,445,489,625,644,87,121,147,163,258,290,365,401,535,560,85,157,177,313,329,443,476,509,593,611,626];[8,9,11,11,12,8,8,1,4,13,12,4,13,14,9,13,8,6,7,12,9,11,0,0,3,5,13,4,6,8,3,11,1,9,13,0,12,14,0,8,7,8,11,10,4,6,13,10,9,10,5,11,13,12,7,1,11,0,12,8,3,10,13,13,4,12,11,14,5,0,0,11,4,10,11,13,5,13,6,0,8,0,1,12,10,9,13,11,13,12,13,3,11,0,4,8,2,7,3,13,5,11,13,13,9,10,11,8,12,12,9,3,9,11,2,3,13,13,1,5,13,8,11,10,12,0,13,1,12,13,3,9,8,11,10,13,4,1,3,4,8,0,8,13,9,8,1,4,4,14,5,4,7,13,1,1,10,6,12,10,2,8,13,8,11,9,4,11,8,3,4,11,4,1,10,5,10,11,4,12,7,0,11,5,8,13,13,9,14,5,12,11,8,12,9,12,11,4,13,13,5,9,3,11,6,8,8,1,13,9,7,3,8,1,10,0,12,0,4,13,12,10,5,0,13,7,12,3,11,10,13,13,5,4,11,10,13,4,13,11,3,6,8,14,9,10,11,5,9,3,13,5,6,13,8,4,11,8,11,0,7,8,13,9,12,3,3,6,12,12,4,9,13,12,13,13,11];[1,5,4,8,12,6,4,13,11,15,17,8,6,21,21,1,9,17,3,17,9,13,2,0,18,1,19,21,9,3,3,9,15,3,1,12,11,0,7,0,5,16,14,10,6,6,17,18,4,12,10,21,15,14,5,13,0,20,21,2,10,0,13,6,15,7,17,19,5,5,10,5,10,4,19,13,13,3,2,4,16,4,18,20,15,6,18,17,17,4,1,0,6,16,3,8,3,7,2,20,21,6,12,17,21,18,5,4,2,21,15,5,19,2,9,8,6,1,18,16,15,7,10,4,20,18,2,4,20,15,8,17,20,16,13,14,3,8,16,20,7,7,14,20,6,4,7,9,12,9,17,16,3,12,15,5,0,11,0,6,5,2,6,0,3,12,8,20,8,20,6,20,14,20,13,13,14,18,2,20,1,2,10,17,21,18,8,9,11,10,19,21,13,3,4,18,19,18,15,14,9,20,20,1,13,13,7,3,8,14,0,21,5,12,15,9,5,15,12,7,14,18,15,5,19,11,10,15,19,2,7,18,5,19,0,5,3,15,6,15,5,0,9,10,21,18,21,9,2,14,7,20,18,10,4,6,11,0,4,8,5,7,3,8,20,11,17,1,3,11,14,11,11,5,7,14,5];[[0.7966509679599704,7.966509679599704,1.0],[0.05862623274803458,0.5862623274803458,1.0],[0.7602397739740907,7.602397739740907,1.0],[0.8627037401845356,8.627037401845355,1.0],[0.09127403464611428,0.9127403464611428,1.0],[0.9024924365975527,9.024924365975528,1.0],[0.7858960565941281,7.858960565941281,1.0],[0.40667966546103385,4.0667966546103385,1.0],[0.37447264465852026,3.7447264465852026,1.0],[0.6490262282913547,6.490262282913547,1.0],[0.40092466608569977,4.009246660856998,1.0],[0.5721109226277574,5.721109226277575,1.0],[0.6077930620255084,6.077930620255084,1.0],[0.05072389565884072,0.5072389565884072,1.0],[0.7370880093375713,7.370880093375714,1.0],[0.708486383757228,7.08486383757228,1.0],[0.9221724532030824,9.221724532030823,1.0],[0.7149390332589045,7.149390332589045,1.0],[0.6557724968554814,6.5577249685548145,1.0],[0.7371071646895253,7.371071646895253,1.0],[0.18754222176317448,1.8754222176317448,1.0],[0.5019778365908455,5.019778365908455,1.0]]
1_Brandimarte_14_workers.fjs;1408.3558551028154;488244;[75,297,343,365,385,425,547,568,36,130,156,233,273,324,345,408,504,526,544,74,170,258,376,397,439,512,553,122,150,256,267,295,364,384,423,462,523,0,186,211,349,425,480,496,576,603,61,80,90,119,145,385,402,500,0,22,205,229,493,563,576,597,0,32,65,90,139,155,271,349,423,496,535,10,21,48,74,98,166,240,339,387,397,418,210,234,258,276,338,414,439,508,540,549,0,191,254,272,338,395,425,445,568,651,149,181,242,281,301,347,370,586,55,91,118,146,157,171,229,250,367,406,463,46,157,174,290,439,476,586,600,629,0,39,108,189,267,301,327,398,485,576,43,80,150,171,250,359,490,568,619,210,247,308,324,343,531,576,642,0,10,95,143,238,421,448,478,531,22,59,93,122,182,210,338,495,572,616,12,38,94,119,187,207,387,633,117,188,398,472,490,547,568,588,27,55,224,345,381,506,558,582,27,75,114,131,301,461,600,618,22,174,263,281,301,328,339,435,478,522,553,21,94,118,207,224,449,476,512,600,224,297,343,363,402,453,490,506,14,57,75,98,122,181,206,328,355,534,75,117,238,324,423,475,526,601,134,144,171,339,371,453,535,553,613,642,43,59,75,91,108,203,324,361,457,618,637];[8,4,11,11,12,8,8,1,4,13,12,4,13,4,9,13,8,6,7,2,9,11,0,0,12,5,13,9,6,4,3,11,1,9,13,0,3,14,0,8,7,4,11,10,4,6,13,10,4,10,10,11,7,12,7,1,11,0,3,4,3,5,13,13,4,12,11,14,5,0,0,11,4,10,11,13,5,13,6,0,8,0,1,3,5,9,13,11,13,12,13,3,3,0,9,8,12,7,12,13,5,11,13,13,4,5,11,8,12,12,4,3,9,11,12,12,13,13,1,5,13,8,11,10,3,0,13,1,12,13,3,9,4,11,10,13,4,1,12,4,8,0,8,13,9,8,1,8,0,14,5,14,7,13,1,1,10,6,12,10,2,8,13,8,11,4,4,11,8,3,9,11,14,1,10,5,5,11,4,12,7,4,11,10,8,13,13,9,14,8,12,11,8,12,9,2,11,4,13,13,10,9,12,11,6,5,8,1,13,4,7,3,8,1,10,0,3,0,9,13,12,10,5,0,13,7,12,3,11,10,13,7,5,14,11,10,13,4,13,11,3,6,8,4,9,10,13,5,9,3,13,5,6,13,8,9,3,8,11,0,7,8,13,9,12,3,3,6,12,3,0,4,13,12,13,13,11];[17,16,20,14,5,11,5,1,20,15,17,12,15,21,14,1,12,10,8,8,1,10,4,18,21,1,17,14,9,0,2,10,21,14,9,12,21,0,7,1,4,15,18,10,2,12,11,18,14,19,19,7,15,6,17,3,11,14,17,2,14,0,11,6,14,7,17,15,17,10,4,13,18,14,19,21,10,12,9,8,15,18,13,7,15,4,18,13,17,12,1,7,16,6,18,13,4,9,7,20,17,13,12,16,2,20,3,20,6,21,16,5,2,1,5,4,6,10,9,20,11,17,1,4,21,19,2,12,20,15,18,17,19,16,0,17,5,12,10,4,0,11,14,2,10,6,7,8,20,17,12,10,6,20,11,16,19,6,19,1,5,3,21,16,3,8,16,5,17,19,9,18,15,14,12,8,0,18,2,13,10,4,2,17,21,10,8,9,16,14,5,13,13,21,1,10,19,5,15,14,15,4,18,1,16,2,1,3,8,3,8,11,16,8,3,15,1,2,8,13,7,21,20,13,19,0,16,7,19,15,16,7,13,1,19,11,3,11,6,18,13,2,9,14,18,13,17,7,12,12,13,20,16,21,17,17,1,7,4,4,12,7,3,0,1,11,17,17,3,0,19,4,14,7,10,14,18];[[0.5209484070219088,5.209484070219088,1.0],[0.42125020101147315,4.212502010114731,1.0],[0.22094517308324657,2.2094517308324657,1.0],[0.13033708391670573,1.3033708391670573,1.0],[0.48395776843282956,4.839577684328296,1.0],[0.6260889663051598,6.260889663051597,1.0],[0.6211218319323739,6.21121831932374,1.0],[0.707277595965894,7.07277595965894,1.0],[0.43539590023548325,4.3539590023548325,1.0],[0.04809800715767443,0.4809800715767443,1.0],[0.2254847064342842,2.254847064342842,1.0],[0.788548045160999,7.88548045160999,1.0],[0.42108890435006496,4.21088904350065,1.0],[0.5652029481252892,5.6520294812528915,1.0],[0.6764042610645917,6.764042610645918,1.0],[0.7568325816320766,7.568325816320765,1.0],[0.16251102322256883,1.6251102322256883,1.0],[0.4662293326345085,4.662293326345085,1.0],[0.652658580109924,6.526585801099239,1.0],[0.9348323542569703,9.348323542569704,1.0],[0.28093837261172117,2.8093837261172117,1.0],[0.9004772145836625,9.004772145836625,1.0]]
1_Brandimarte_14_workers.fjs;1420.5593300899905;338100;[89,214,252,317,413,478,505,559,0,62,215,255,289,367,413,435,451,469,530,56,123,147,246,373,437,508,590,95,123,163,203,283,343,364,495,510,548,25,89,130,156,179,203,332,382,401,13,40,88,156,343,390,507,631,0,24,59,78,90,236,247,314,116,131,150,191,267,283,367,521,548,558,576,0,11,31,59,97,141,166,191,247,324,469,11,78,257,300,319,351,385,485,500,558,208,236,319,354,498,546,559,592,622,640,251,306,334,354,470,498,526,623,56,113,131,189,226,240,277,292,464,477,576,11,121,189,208,251,292,450,510,651,28,78,116,161,279,305,453,505,546,591,37,179,195,214,263,277,581,591,646,0,49,354,370,439,487,511,607,53,88,172,306,327,370,390,465,507,152,172,305,351,370,398,413,438,462,533,0,72,131,156,235,438,564,655,148,233,251,399,422,451,526,585,40,69,164,373,405,419,585,607,0,131,176,295,310,526,604,622,24,73,110,130,148,257,292,309,437,510,523,64,126,200,272,310,558,610,627,645,0,179,282,398,470,511,559,620,44,97,147,158,412,432,513,548,608,627,37,56,76,252,271,575,591,623,0,9,219,235,331,432,477,495,523,632,31,47,96,110,121,150,195,239,336,370,489];[8,9,11,11,12,4,8,1,9,13,12,8,13,4,9,13,8,6,7,12,9,11,0,0,3,5,13,9,6,4,3,11,1,9,13,0,12,14,0,8,7,4,11,10,9,6,13,10,4,10,10,11,7,12,7,1,11,0,3,4,3,5,13,13,4,12,11,14,10,0,0,11,9,10,11,13,8,13,6,0,8,4,1,3,5,9,13,11,13,12,13,3,3,0,4,8,12,7,12,13,5,11,13,13,9,10,11,8,12,1,4,3,9,11,12,3,13,13,12,5,13,8,11,10,12,0,13,1,12,13,3,9,4,11,10,13,9,1,3,4,8,0,8,13,9,8,12,4,0,14,5,14,7,13,1,12,10,6,3,10,2,8,13,8,11,4,4,11,8,3,9,11,14,12,10,5,10,11,4,12,7,0,11,10,8,13,13,9,14,8,3,11,8,12,4,2,11,8,13,13,5,9,12,11,6,8,8,1,13,4,7,3,8,1,5,0,3,0,4,13,12,10,5,0,13,7,12,12,11,10,13,7,8,14,11,10,13,0,13,11,12,6,8,14,9,10,11,5,9,3,13,5,6,13,8,9,3,8,11,0,7,8,13,9,13,3,3,6,12,12,4,9,13,12,13,13,11];[20,13,4,21,0,13,21,21,12,5,17,6,15,21,6,1,11,10,17,1,16,3,21,7,3,6,19,6,15,15,18,10,16,6,1,12,0,2,18,14,5,12,9,10,1,13,17,16,7,17,21,3,15,13,18,13,14,20,11,11,14,1,17,13,15,6,17,20,17,0,8,9,17,14,3,7,3,12,10,8,5,2,17,18,14,14,18,4,4,18,2,8,14,3,11,1,6,4,6,20,6,4,12,0,3,15,18,7,7,4,4,20,19,8,20,8,6,0,1,11,8,5,15,4,5,13,2,9,21,15,8,20,3,2,12,0,14,0,13,13,12,11,14,20,21,21,14,9,3,13,2,19,15,12,5,5,18,9,16,2,10,6,6,14,0,16,20,5,1,13,9,2,15,6,17,6,6,18,5,13,17,13,20,17,14,10,8,9,8,10,18,7,13,12,9,7,19,12,15,14,16,7,8,1,15,3,7,21,8,15,20,15,1,6,12,16,1,18,18,7,10,11,12,7,19,20,16,2,2,6,20,1,18,18,16,3,11,13,6,19,19,16,9,4,18,21,14,7,1,12,19,20,16,10,3,17,21,1,4,8,8,7,3,10,16,20,17,18,16,11,0,2,11,17,4,14,15];[[0.49734142093980327,4.973414209398033,1.0],[0.35999045686025677,3.5999045686025677,1.0],[0.7220617567237175,7.220617567237175,1.0],[0.44672126724761885,4.4672126724761885,1.0],[0.4533596515962979,4.533596515962978,1.0],[0.025925678678183073,0.25925678678183073,1.0],[0.33490089376309407,3.3490089376309404,1.0],[0.4755440242737675,4.755440242737675,1.0],[0.45132356511490823,4.513235651149082,1.0],[0.08788974506102976,0.8788974506102976,1.0],[0.29509671683068217,2.9509671683068217,1.0],[0.33863234208051063,3.3863234208051063,1.0],[0.9020959027552419,9.020959027552419,1.0],[0.7173473735926632,7.173473735926632,1.0],[0.8986159167700656,8.986159167700656,1.0],[0.032997165944182005,0.32997165944182005,1.0],[0.2284682145918675,2.284682145918675,1.0],[0.5381470661357333,5.381470661357333,1.0],[0.06127510457974772,0.6127510457974772,1.0],[0.22935566071129299,2.29355660711293,1.0],[0.5598162304796008,5.598162304796008,1.0],[0.0008471767611641923,0.008471767611641923,1.0]]
1_Brandimarte_14_workers.fjs;1449.6887029102263;440952;[0,81,143,163,217,266,292,369,26,112,126,186,217,233,259,285,450,470,556,0,61,88,387,414,522,572,642,134,191,216,233,416,433,468,495,550,636,51,92,143,161,233,380,415,426,507,14,40,347,389,491,515,533,600,0,23,51,81,92,161,244,587,64,315,411,429,457,473,515,552,580,619,658,116,127,191,204,247,266,360,429,488,542,625,237,278,300,363,385,402,464,482,497,506,0,26,44,68,107,178,567,604,624,656,107,134,204,343,457,482,496,552,44,104,122,141,233,332,349,466,510,548,567,0,29,38,367,501,523,610,624,639,0,41,59,93,112,141,162,173,489,594,62,162,211,364,391,495,578,588,614,14,92,126,162,204,262,336,353,29,68,177,204,243,300,343,376,637,44,75,216,256,286,323,437,471,538,653,84,261,324,348,398,488,510,671,78,141,163,186,203,226,528,646,161,188,324,384,418,432,449,516,0,10,27,59,468,482,523,639,23,46,125,182,222,414,449,465,522,559,572,70,112,125,143,184,297,465,533,561,0,46,88,112,342,363,402,646,33,59,77,92,196,300,321,426,473,522,26,108,266,300,319,449,470,609,27,54,188,270,300,324,349,402,587,639,0,44,245,286,314,440,482,496,541,572,587];[8,4,11,11,12,8,8,1,4,13,12,4,13,14,9,13,8,6,7,2,9,11,4,0,12,5,13,4,6,8,3,11,1,9,13,4,12,14,0,8,7,8,11,10,9,6,13,10,4,10,10,11,7,12,7,1,13,0,3,8,11,10,13,13,8,12,11,14,10,0,4,11,9,10,11,13,5,13,6,0,8,0,1,12,10,9,13,11,13,12,13,3,3,0,9,8,12,7,12,13,8,11,13,13,4,5,11,8,12,12,9,11,9,11,2,3,13,13,1,10,13,8,11,10,12,0,13,1,1,13,3,9,4,11,10,13,9,1,12,14,8,0,8,13,4,8,1,4,0,14,10,14,7,13,1,1,10,6,3,10,2,8,13,4,11,9,4,11,8,11,9,11,14,12,10,5,10,11,8,12,7,0,11,5,8,13,13,9,4,5,12,11,8,12,9,2,11,8,13,13,5,9,12,11,6,5,4,1,13,4,7,3,8,1,5,4,3,0,4,13,12,10,8,0,13,7,12,3,11,10,13,7,5,14,11,10,13,0,13,11,3,6,8,4,4,10,11,5,9,3,13,5,6,13,8,4,11,4,11,4,7,8,13,9,13,3,3,6,12,12,0,4,13,12,13,13,11];[2,10,13,21,3,3,4,11,21,20,17,13,6,21,2,20,19,20,9,20,1,0,6,17,21,13,19,21,20,20,18,11,0,15,21,7,0,6,5,4,13,14,12,10,2,12,11,1,14,14,19,6,10,4,10,10,10,12,13,9,5,9,11,9,7,7,17,17,0,12,0,18,19,14,11,21,8,3,10,13,18,0,3,20,13,21,18,6,16,1,1,7,16,3,21,14,16,4,10,20,1,6,12,17,6,20,7,3,11,5,18,15,19,2,19,19,6,1,1,13,8,5,18,4,20,11,2,5,1,15,8,10,14,2,0,8,13,1,10,1,12,13,14,20,13,19,7,9,20,12,14,16,14,0,0,1,13,5,16,15,5,6,3,11,8,7,17,16,4,19,9,16,15,19,14,6,19,18,11,15,18,2,3,14,14,10,18,9,7,8,11,1,13,11,4,14,12,21,15,21,6,20,19,19,17,16,2,1,8,8,8,13,16,19,11,13,21,16,18,13,3,3,1,15,2,5,10,18,12,2,16,5,19,8,21,9,15,0,6,7,6,1,9,11,2,5,8,9,7,9,6,20,3,4,4,5,19,12,4,8,12,7,17,16,16,7,17,14,7,11,15,15,9,13,4,14,6];[[0.4211249061401,4.211249061401,1.0],[0.9761073344853062,9.761073344853061,1.0],[0.6132800246752349,6.132800246752349,1.0],[0.6930423279788359,6.930423279788359,1.0],[0.5088628354481554,5.088628354481553,1.0],[0.18781156668551158,1.8781156668551158,1.0],[0.830121874145001,8.301218741450011,1.0],[0.8449241651217704,8.449241651217704,1.0],[0.20962821201639004,2.0962821201639006,1.0],[0.6505169872996391,6.505169872996391,1.0],[0.7003316191510263,7.003316191510263,1.0],[0.7150339547653067,7.150339547653068,1.0],[0.8091072451390076,8.091072451390076,1.0],[0.8451978833841938,8.451978833841938,1.0],[0.3695849781386673,3.695849781386673,1.0],[0.5056149902637381,5.056149902637381,1.0],[0.7206140757071586,7.206140757071586,1.0],[0.14319015826691817,1.4319015826691817,1.0],[0.026697115061789622,0.2669711506178962,1.0],[0.15341588178909327,1.5341588178909327,1.0],[0.8363432326370349,8.363432326370349,1.0],[0.3246336983988545,3.2463369839885448,1.0]]
1_Brandimarte_14_workers.fjs;1493.7383576645184;341316;[0,79,116,166,183,395,505,577,29,67,81,106,198,247,286,515,530,548,610,0,31,63,272,299,558,603,644,0,29,47,63,109,175,313,349,440,479,0,27,192,261,286,358,421,432,591,0,21,410,440,489,512,557,638,0,25,79,99,225,241,377,658,36,50,82,105,342,416,465,490,577,607,645,0,99,184,257,304,323,339,421,580,599,665,0,50,136,219,251,377,437,455,564,595,0,153,172,214,238,323,395,549,608,692,162,257,308,324,416,465,479,600,106,199,255,442,455,484,501,531,595,608,627,56,171,354,401,427,455,530,544,559,98,134,202,268,286,313,342,453,580,619,210,233,263,353,401,442,470,557,635,82,106,151,259,354,558,626,646,11,21,63,121,190,324,501,607,645,116,152,241,272,469,492,531,567,580,663,56,131,162,251,390,586,627,674,81,144,218,374,505,531,647,676,162,234,290,329,501,560,645,672,156,183,339,469,544,557,626,646,25,116,135,153,175,202,214,225,299,336,577,50,74,134,167,238,271,297,484,610,95,129,153,282,406,490,544,560,18,47,99,116,172,192,232,520,577,625,124,196,214,238,358,469,484,672,186,217,241,380,410,548,577,595,613,665,18,219,237,259,324,334,364,377,419,659,684];[8,9,11,11,12,8,8,1,4,13,12,4,13,14,13,13,8,6,7,12,9,11,4,0,12,5,13,4,6,8,3,13,1,9,13,4,12,14,0,8,7,8,11,10,9,6,13,10,4,10,5,11,7,12,7,1,11,0,12,8,11,10,13,13,8,12,11,14,10,0,4,11,9,10,11,13,8,13,6,0,8,0,1,12,5,9,13,11,13,13,13,3,11,0,9,8,2,7,3,13,5,11,13,13,9,5,11,8,12,12,9,3,9,11,12,12,13,13,1,5,13,8,11,10,3,4,13,1,1,13,3,9,8,11,10,13,9,1,12,14,8,4,8,13,9,8,12,8,0,4,10,4,7,13,1,1,10,6,3,10,2,8,13,4,11,4,4,11,8,11,4,11,4,12,10,8,5,11,4,12,7,0,11,10,8,13,13,9,14,5,3,11,8,12,4,12,11,4,13,13,5,9,3,11,6,5,4,1,13,4,7,3,8,1,10,0,12,0,4,13,12,5,5,4,13,7,12,12,11,10,13,7,5,14,11,10,13,0,13,11,3,6,8,14,9,10,11,5,9,3,13,5,6,13,8,4,3,4,11,4,7,8,13,9,12,3,3,6,1,3,0,9,13,12,13,13,11];[2,0,11,20,12,10,21,6,4,20,17,15,6,7,0,1,4,12,17,12,2,0,6,4,21,8,4,21,19,16,18,16,16,19,1,12,11,0,7,4,1,3,0,10,9,14,17,8,12,5,7,3,15,1,16,18,18,20,5,9,4,6,11,9,14,13,17,11,4,2,1,5,10,3,3,18,9,9,9,13,18,14,18,20,9,14,18,16,16,9,1,7,6,3,13,19,5,20,19,20,20,6,12,0,3,20,0,3,6,5,1,11,6,1,19,19,6,0,4,3,2,7,10,4,4,20,2,21,1,15,10,2,4,2,0,3,21,1,10,19,11,16,14,2,2,10,11,8,3,9,7,6,8,12,14,5,20,12,16,8,10,6,14,21,10,0,4,20,9,11,12,15,20,9,21,14,7,18,1,1,7,2,0,17,19,10,10,9,11,10,18,9,13,3,14,13,12,5,15,3,11,2,1,1,9,6,15,5,8,5,20,10,16,21,15,20,7,18,14,7,5,11,3,7,11,0,10,2,21,9,16,4,6,20,21,11,11,4,6,19,18,7,9,17,14,9,19,0,21,10,2,20,3,21,18,5,8,9,4,18,8,7,3,10,20,1,17,1,5,4,0,21,11,7,7,14,18];[[0.4831103964860096,4.831103964860096,1.0],[0.9021829992468611,9.02182999246861,1.0],[0.5374571935128641,5.374571935128642,1.0],[0.8761340971511191,8.761340971511192,1.0],[0.573156942708234,5.7315694270823405,1.0],[0.994523847851402,9.945238478514021,1.0],[0.3574465703190305,3.574465703190305,1.0],[0.6617299629663892,6.617299629663892,1.0],[0.4882872262788658,4.882872262788657,1.0],[0.5726412824777106,5.726412824777106,1.0],[0.32388398325139345,3.2388398325139347,1.0],[0.8072354510963532,8.072354510963532,1.0],[0.8087324055796944,8.087324055796945,1.0],[0.660852452150834,6.60852452150834,1.0],[0.5802577271631468,5.802577271631469,1.0],[0.04408639890691246,0.4408639890691246,1.0],[0.7725635994624831,7.725635994624831,1.0],[0.340181488474281,3.4018148847428096,1.0],[0.09506024617702258,0.9506024617702258,1.0],[0.23214768683087816,2.321476868308782,1.0],[0.29508457816293987,2.9508457816293987,1.0],[0.12277001052286385,1.2277001052286385,1.0]]
1_Brandimarte_14_workers.fjs;1450.5327165259898;2123580;[115,136,257,309,426,468,517,636,53,82,136,160,189,206,370,411,430,577,593,0,19,37,213,253,431,480,626,13,42,119,133,162,226,249,347,428,603,48,96,136,156,352,458,564,575,610,45,348,397,432,457,529,547,577,0,124,223,241,380,412,444,531,18,63,156,187,241,301,324,445,470,600,642,115,171,254,314,362,381,421,448,512,542,561,89,155,174,189,206,225,296,416,474,576,98,173,221,243,365,533,546,566,654,672,203,231,273,343,462,490,542,593,80,106,171,215,267,330,490,505,564,582,615,36,72,107,577,595,616,640,654,669,0,326,421,468,485,512,531,547,602,655,26,114,186,281,309,536,566,576,626,22,101,146,189,381,505,593,661,0,54,74,223,316,351,389,468,487,95,140,174,290,309,337,370,397,412,652,0,26,54,79,90,203,242,546,133,231,337,380,399,426,497,547,90,119,205,243,282,381,398,625,16,124,189,207,268,288,608,626,179,202,221,267,288,334,458,480,530,595,608,11,36,56,96,288,435,505,582,626,32,79,101,121,153,174,314,570,0,54,160,171,261,366,487,575,633,652,37,148,236,301,316,518,564,595,0,48,74,132,265,365,450,468,636,669,0,16,144,250,324,352,398,411,485,503,547];[8,9,11,11,13,8,8,1,9,13,12,4,13,14,9,13,8,6,7,12,9,11,4,0,3,10,13,4,6,4,3,13,1,9,13,4,3,14,0,8,7,4,11,10,9,6,13,10,4,10,10,11,7,12,7,1,11,0,3,8,11,10,13,13,8,12,11,4,10,0,0,11,9,10,11,13,5,13,6,0,8,4,1,3,10,9,13,11,13,12,13,3,11,0,9,8,2,7,3,13,5,11,13,13,9,5,11,8,12,1,4,3,9,11,12,12,13,13,12,5,13,8,11,10,12,0,13,1,1,13,3,9,4,11,10,13,4,1,3,14,8,4,8,13,4,8,1,8,0,14,5,14,7,13,1,1,10,6,12,10,12,8,13,8,11,9,4,11,8,11,9,11,14,12,10,8,5,11,8,12,7,0,11,10,8,13,13,9,14,5,3,11,8,12,4,12,11,4,13,13,10,9,3,11,6,8,4,1,13,4,7,3,8,1,5,0,3,0,9,13,12,10,5,4,13,7,12,12,11,10,13,7,5,14,11,10,13,4,13,11,12,6,8,14,9,10,11,5,9,3,13,8,6,13,8,9,11,8,11,4,7,8,13,9,12,3,3,6,1,12,4,9,13,12,13,13,11];[20,0,12,11,6,0,4,6,12,5,17,3,20,21,8,1,14,12,3,19,8,3,14,16,15,15,19,21,15,21,18,12,3,3,21,12,17,1,5,7,13,11,13,10,7,13,17,18,9,5,1,17,15,18,1,8,17,15,1,20,21,0,11,5,18,7,17,3,8,18,8,19,14,0,15,7,1,16,9,13,4,18,6,18,13,21,18,8,16,12,1,7,10,1,16,11,4,14,14,20,20,17,12,17,0,20,6,14,7,7,16,12,6,8,10,6,13,0,9,17,12,9,21,4,19,7,2,10,1,15,10,20,16,16,5,6,21,0,3,5,20,16,14,18,17,3,7,8,20,14,8,1,6,20,18,16,9,5,3,15,7,3,15,14,3,15,3,10,0,4,9,9,15,3,6,4,10,18,2,2,16,13,15,3,21,10,16,9,12,14,14,1,16,3,4,13,12,18,15,5,13,9,15,1,6,4,14,16,8,3,1,10,5,7,21,10,21,11,9,13,6,4,20,9,17,0,16,13,20,13,7,18,2,10,9,21,18,15,6,21,4,16,9,21,1,21,21,7,10,2,7,4,10,10,19,7,11,0,4,3,8,7,3,16,11,21,17,18,11,11,17,6,11,17,8,14,17];[[0.34661995661142697,3.4661995661142697,1.0],[0.2286410960833074,2.286410960833074,1.0],[0.012392470279078194,0.12392470279078194,1.0],[0.9308270259025113,9.308270259025113,1.0],[0.3225145761620236,3.225145761620236,1.0],[0.0006954578022455582,0.006954578022455582,1.0],[0.2097170717940725,2.097170717940725,1.0],[0.5179602272351016,5.179602272351016,1.0],[0.7628222106217201,7.6282221062172,1.0],[0.3089717897377221,3.089717897377221,1.0],[0.15113122452813788,1.5113122452813788,1.0],[0.07045772229012492,0.7045772229012492,1.0],[0.8725064026541692,8.725064026541693,1.0],[0.3074981421409557,3.074981421409557,1.0],[0.272859759997538,2.7285975999753798,1.0],[0.9838464878398866,9.838464878398867,1.0],[0.7385079487399623,7.385079487399623,1.0],[0.7690782380223464,7.690782380223464,1.0],[0.7347776517949599,7.347776517949599,1.0],[0.040110031230356946,0.40110031230356946,1.0],[0.7832762173461114,7.832762173461115,1.0],[0.9889075602289727,9.889075602289727,1.0]]
1_Brandimarte_14_workers.fjs;1402.187431326183;1300320;[78,98,252,306,376,465,571,590,38,114,158,198,274,290,486,504,519,538,554,0,152,289,316,355,448,519,654,59,89,124,433,448,520,562,606,621,632,28,59,113,178,275,410,451,562,589,61,218,229,283,362,478,528,636,17,39,119,141,194,555,571,581,99,238,299,327,394,410,430,453,509,581,609,50,101,128,141,255,274,292,342,395,538,599,0,21,46,202,221,273,309,402,465,541,0,38,81,154,178,208,327,427,621,639,169,195,218,267,420,497,526,649,65,83,101,148,340,385,402,486,560,608,627,21,50,70,157,241,302,420,513,591,311,357,415,434,451,478,497,513,537,632,56,141,258,362,402,430,456,486,579,0,62,175,220,241,256,292,470,61,72,290,327,340,375,394,533,544,0,140,195,234,252,292,426,462,501,560,32,107,133,223,322,338,402,451,31,83,101,158,263,338,382,480,101,133,152,248,355,369,478,544,0,170,186,203,365,376,402,420,101,124,180,198,229,256,316,327,478,519,610,21,45,80,191,246,351,417,501,545,0,39,65,130,269,315,470,492,13,32,97,107,132,351,376,403,599,632,0,65,81,99,309,545,590,608,139,152,186,202,223,246,290,309,571,599,18,34,263,448,480,497,532,545,573,591,645];[8,4,11,11,12,8,8,1,9,13,12,8,13,14,13,13,8,6,7,12,9,11,0,0,12,5,13,4,6,4,3,11,1,9,13,0,3,14,0,8,7,4,11,10,4,6,13,10,9,10,5,11,7,12,7,1,11,4,3,8,3,5,13,13,4,12,11,4,5,0,0,11,9,10,11,13,5,13,6,0,8,0,1,12,5,9,13,11,13,12,13,3,11,0,4,8,12,7,3,13,8,11,13,13,4,10,11,8,12,1,9,3,9,11,2,12,13,13,1,5,13,8,11,10,3,0,13,1,12,13,3,9,4,11,10,13,9,1,3,4,8,0,8,13,9,8,12,4,4,4,10,14,7,13,1,12,10,6,3,10,2,8,13,4,11,9,4,11,8,3,4,11,14,1,10,5,10,11,4,12,7,4,11,5,8,13,13,9,14,5,12,11,8,12,9,12,11,4,13,13,10,9,3,11,6,5,4,1,13,9,7,3,8,1,10,0,12,0,9,13,12,5,5,0,13,7,12,3,11,10,13,7,5,14,11,10,13,0,13,11,12,6,8,14,4,10,11,5,9,3,13,8,6,13,8,4,11,8,11,0,7,8,13,9,12,3,3,6,1,3,0,9,13,12,13,13,11];[17,1,9,7,0,19,15,15,12,7,17,8,6,11,14,1,14,0,14,19,9,3,13,9,12,1,19,11,19,20,18,14,0,16,18,12,2,21,5,10,14,17,20,10,2,10,15,21,4,12,10,3,10,20,2,16,4,7,3,9,5,7,13,13,14,6,17,1,1,8,8,9,10,3,14,7,1,16,4,13,3,2,3,20,4,14,18,17,0,9,1,0,5,1,9,14,3,4,8,12,1,5,19,0,9,7,14,10,8,16,6,8,6,2,15,6,9,1,18,15,4,5,3,4,7,20,2,0,5,15,10,4,2,2,13,6,21,20,13,2,4,7,14,20,3,4,11,4,13,2,16,5,21,12,7,6,19,18,16,2,5,6,3,18,8,7,9,16,1,4,9,10,15,4,17,10,6,18,5,5,13,2,14,0,21,16,18,9,11,8,0,7,13,8,12,2,19,21,15,14,21,2,0,1,19,16,7,2,8,10,2,21,16,5,3,10,6,17,7,7,11,11,20,18,11,11,1,19,21,11,20,19,8,18,2,11,15,11,6,9,8,9,9,6,12,14,8,12,2,3,7,10,10,21,19,13,8,11,4,14,9,7,1,12,3,21,17,1,20,19,4,20,11,5,4,14,10];[[0.8559393885152179,8.55939388515218,1.0],[0.8004839408308784,8.004839408308783,1.0],[0.5938433496209707,5.938433496209708,1.0],[0.8870093324131678,8.870093324131679,1.0],[0.741558169706834,7.4155816970683395,1.0],[0.8097670389513107,8.097670389513107,1.0],[0.2247324103169328,2.247324103169328,1.0],[0.9761818800633866,9.761818800633865,1.0],[0.6339038774096737,6.339038774096737,1.0],[0.5580285642552777,5.580285642552777,1.0],[0.4463526500656817,4.463526500656817,1.0],[0.28336462923826333,2.8336462923826335,1.0],[0.9019880415639555,9.019880415639555,1.0],[0.03268507148422006,0.32685071484220063,1.0],[0.4362825217209084,4.3628252172090844,1.0],[0.18851543397694082,1.8851543397694082,1.0],[0.9250090249429151,9.250090249429151,1.0],[0.9012349700248556,9.012349700248556,1.0],[0.12108560404704316,1.2108560404704316,1.0],[0.9174015512221217,9.174015512221217,1.0],[0.6336036775858569,6.3360367758585685,1.0],[0.8916415369189501,8.916415369189501,1.0]]
1_Brandimarte_14_workers.fjs;1438.4842321933593;1295664;[80,208,238,340,356,381,568,587,0,32,105,129,166,182,222,268,288,309,456,0,104,121,365,376,406,484,569,0,26,42,96,139,156,204,283,572,655,58,105,211,233,258,288,306,456,486,0,53,121,150,176,306,324,497,0,24,63,81,327,430,556,600,45,73,102,129,156,183,255,278,436,466,600,65,81,106,278,343,362,418,587,617,636,655,19,87,119,190,389,451,475,493,523,592,176,235,294,391,471,522,535,612,648,666,61,176,273,328,456,482,504,627,26,43,61,81,152,182,203,271,298,485,505,24,53,126,217,283,418,437,563,581,113,172,259,311,406,436,454,475,533,551,58,90,241,309,482,505,592,620,646,0,96,252,328,504,549,574,665,0,81,369,406,486,536,561,581,630,0,32,152,206,235,258,428,556,575,636,57,81,155,203,356,375,466,617,19,43,81,116,285,375,410,547,29,63,255,285,362,493,509,627,16,393,422,440,551,568,599,643,121,146,164,182,203,314,325,341,410,509,601,73,97,116,235,254,381,407,593,612,60,73,99,113,409,459,535,561,134,222,313,328,446,466,513,538,575,623,150,167,199,217,236,328,349,620,111,182,324,340,367,391,419,437,522,547,0,42,155,171,303,314,376,432,551,584,646];[8,4,11,11,12,4,8,12,4,13,12,4,13,14,9,13,8,6,7,12,9,11,0,0,3,10,13,9,6,8,3,11,1,9,13,0,12,14,0,8,7,4,11,10,9,6,13,10,9,10,5,11,7,12,7,1,11,0,12,8,11,5,13,13,4,12,11,4,5,0,4,11,9,10,11,13,5,13,6,0,8,0,1,3,5,9,13,11,13,13,13,3,11,0,9,8,12,7,3,13,5,11,13,13,9,10,11,8,12,1,9,3,9,11,2,3,13,13,1,10,13,8,11,10,12,0,13,1,12,13,3,9,8,11,10,13,4,1,3,14,8,0,8,13,9,8,12,8,4,14,5,14,7,13,1,1,10,6,12,10,2,8,13,4,11,9,4,11,8,3,4,11,4,12,10,5,5,13,4,12,7,0,11,10,8,13,13,9,4,5,12,11,8,12,4,12,11,4,13,13,5,9,3,11,6,5,8,1,13,9,7,3,8,1,10,0,3,0,9,13,12,5,5,0,13,7,12,12,11,10,13,7,8,14,11,10,13,0,13,11,12,6,8,4,4,10,11,5,9,3,13,5,6,13,8,4,3,8,11,4,7,8,13,9,12,3,3,6,12,12,0,9,13,12,13,13,11];[19,21,9,6,7,20,15,15,1,15,17,15,6,21,8,20,16,19,17,13,9,10,19,19,20,4,4,9,20,7,18,11,18,1,21,12,6,7,13,14,3,6,12,10,11,13,11,10,4,14,12,0,15,19,18,6,16,4,19,2,11,7,5,9,15,13,17,3,9,13,1,18,10,10,8,21,1,12,1,13,16,8,6,14,11,14,18,8,4,10,1,0,5,3,14,21,8,0,2,2,17,15,12,17,21,1,16,18,6,20,5,10,19,2,3,6,6,0,9,3,7,9,6,4,16,3,2,20,12,15,18,10,16,2,8,14,5,8,19,11,10,7,14,20,8,13,19,8,18,14,2,4,6,20,14,1,9,13,3,6,5,0,15,21,19,7,3,16,21,2,4,16,15,1,19,19,1,21,1,13,13,10,10,17,15,6,16,9,15,14,6,21,16,16,12,4,12,18,15,14,15,7,14,1,20,5,3,2,8,13,9,12,16,10,15,16,21,21,7,7,19,11,3,12,11,0,10,13,12,9,11,2,7,1,19,5,11,20,6,7,1,13,9,13,3,5,19,0,2,3,7,20,18,17,8,2,11,5,4,0,12,7,3,16,12,6,17,14,5,11,2,9,9,17,4,14,5];[[0.5198238265685563,5.198238265685563,1.0],[0.9583988744400509,9.583988744400509,1.0],[0.3402956357666065,3.402956357666065,1.0],[0.7081849781179302,7.081849781179303,1.0],[0.9252189405445452,9.252189405445453,1.0],[0.05032666735654623,0.5032666735654623,1.0],[0.6613275461751585,6.613275461751585,1.0],[0.82711411373077,8.271141137307701,1.0],[0.8734961127808921,8.734961127808921,1.0],[0.5913019030238962,5.913019030238962,1.0],[0.11264722490163037,1.1264722490163037,1.0],[0.34477784983246407,3.4477784983246407,1.0],[0.011377599382669468,0.11377599382669468,1.0],[0.7909742881977946,7.909742881977946,1.0],[0.3277964015146908,3.277964015146908,1.0],[0.22222795698924247,2.2222795698924247,1.0],[0.14676573527209236,1.4676573527209236,1.0],[0.040648812187981,0.40648812187981,1.0],[0.14328037004549943,1.4328037004549943,1.0],[0.10349201402412567,1.0349201402412567,1.0],[0.2300149081299988,2.3001490812999883,1.0],[0.34985110243749995,3.4985110243749995,1.0]]
1_Brandimarte_14_workers.fjs;1537.8899620521927;406032;[252,320,404,458,608,642,670,692,0,50,63,86,118,175,258,382,504,568,653,101,165,182,215,286,447,458,665,12,146,286,334,367,412,500,590,605,616,0,41,168,217,269,314,341,524,552,86,129,182,293,318,351,405,669,29,293,331,502,528,649,672,681,134,199,216,286,388,404,440,467,492,635,661,29,51,151,200,216,235,252,393,516,527,573,68,146,166,230,348,458,490,508,563,616,101,128,165,192,235,451,481,590,618,714,56,104,151,213,234,405,481,608,18,68,85,135,265,331,348,363,464,485,669,0,29,115,181,337,363,636,654,672,0,12,93,314,373,431,528,544,623,642,146,298,347,373,393,592,652,662,689,68,145,235,251,271,467,495,633,41,51,337,413,426,526,544,572,653,0,30,181,212,265,547,609,635,665,689,92,151,426,454,481,505,528,553,37,128,146,273,349,497,603,696,27,56,117,145,251,397,413,636,0,101,117,234,253,609,680,698,0,21,38,58,352,428,484,538,562,605,644,0,253,292,365,382,420,537,563,583,105,170,472,502,524,544,698,714,0,135,151,199,317,405,428,495,544,590,82,101,280,303,317,538,553,618,212,228,253,310,428,453,508,562,581,687,38,215,271,293,356,368,477,504,572,650,710];[8,4,11,11,12,8,8,1,9,13,13,8,13,14,9,13,8,6,7,12,9,11,0,0,12,5,13,4,6,8,3,11,1,9,13,0,3,14,4,8,7,4,11,10,4,6,13,10,9,10,10,11,7,12,7,1,11,0,12,4,3,10,13,13,4,12,11,14,10,0,0,11,4,10,11,13,8,13,6,0,8,0,1,3,10,9,13,11,13,12,13,3,3,0,9,8,2,7,3,13,5,11,13,13,9,10,11,8,12,12,9,11,13,11,12,12,13,13,12,5,13,8,11,10,12,4,13,1,12,13,3,9,4,11,10,13,4,1,3,14,8,0,8,13,4,8,1,4,0,14,5,4,7,13,1,12,10,6,12,10,2,8,13,8,13,9,8,11,8,11,4,11,14,1,10,5,5,11,4,12,13,4,11,10,8,13,13,9,14,8,3,11,8,12,9,12,11,4,13,13,10,9,3,11,6,5,4,1,13,9,7,3,8,1,10,4,12,0,4,13,12,5,5,4,13,7,12,12,11,10,13,7,8,4,11,10,13,0,13,11,3,6,8,4,9,10,11,8,9,3,13,8,6,13,8,4,3,4,11,0,7,8,13,9,12,3,3,6,1,3,0,9,13,12,13,13,11];[20,16,12,5,7,6,13,19,12,15,7,6,6,10,2,20,4,12,12,17,9,13,2,0,5,11,17,21,19,9,18,21,18,8,18,12,17,18,13,14,3,4,20,10,15,12,4,8,4,5,1,8,15,2,4,6,13,14,13,3,4,1,2,9,14,13,17,6,2,18,10,18,3,2,3,20,10,20,10,14,11,8,18,13,13,16,18,15,17,14,6,0,13,16,12,10,16,3,20,18,21,15,12,0,21,16,7,5,2,4,4,15,7,14,3,19,13,0,4,1,8,7,7,4,5,4,2,9,9,15,19,20,19,16,13,6,4,7,3,1,8,11,14,20,19,19,7,4,8,11,9,2,4,12,3,6,1,12,0,3,8,6,3,4,0,3,15,5,8,15,18,17,15,4,18,19,14,18,20,13,14,4,15,3,19,18,16,9,12,0,18,2,13,12,12,16,19,5,15,14,5,12,20,1,15,5,16,3,8,6,0,9,20,12,3,13,12,0,14,2,20,11,5,21,13,0,16,4,7,3,11,5,6,10,2,10,11,4,6,13,1,2,9,9,3,19,13,1,1,2,7,11,18,21,16,1,18,11,4,8,12,7,17,6,19,7,17,1,5,19,6,11,9,7,4,14,10];[[0.18019241848515155,1.8019241848515155,1.0],[0.48736227300275514,4.873622730027551,1.0],[0.07759170039841756,0.7759170039841756,1.0],[0.5225667244081349,5.2256672440813485,1.0],[0.9196433340252647,9.196433340252646,1.0],[0.8762509611803474,8.762509611803473,1.0],[0.5029695910906639,5.029695910906638,1.0],[0.8160267976375112,8.160267976375112,1.0],[0.8059112000327816,8.059112000327817,1.0],[0.2140591090540045,2.140591090540045,1.0],[0.08805821114486456,0.8805821114486456,1.0],[0.20329737064426556,2.0329737064426556,1.0],[0.5837360924329463,5.837360924329463,1.0],[0.6737333796339059,6.737333796339059,1.0],[0.1608013027204077,1.6080130272040771,1.0],[0.7465026683932527,7.465026683932527,1.0],[0.5706715087422025,5.706715087422025,1.0],[0.4637998194614905,4.637998194614905,1.0],[0.510707169665419,5.10707169665419,1.0],[0.13436739791107,1.3436739791107,1.0],[0.5955836724768061,5.955836724768061,1.0],[0.9705970110642231,9.705970110642232,1.0]]
1_Brandimarte_7_workers.fjs;392.3073625007997;4686960;[10,18,32,58,108,0,24,27,92,180,18,95,122,133,141,73,77,94,114,135,33,58,147,166,180,21,29,57,140,175,39,44,51,73,93,16,53,55,115,179,0,51,58,78,93,26,44,78,161,166,0,44,84,99,159,3,106,123,129,151,0,16,34,55,115,15,16,47,149,166,3,23,76,106,171,59,83,121,143,166,16,94,141,177,183,23,77,78,131,153,16,33,119,133,183,53,69,115,133,157];[1,0,1,3,1,0,4,1,4,2,2,3,2,1,4,1,1,2,4,0,0,2,1,2,3,2,2,0,1,1,3,4,1,0,4,4,0,1,1,1,2,4,4,4,0,4,3,0,3,1,3,0,0,4,0,2,4,0,0,3,4,3,3,0,0,4,0,2,2,4,1,4,3,2,4,4,2,1,0,3,1,1,0,0,2,1,4,2,2,4,2,4,1,3,0,3,1,3,4,0];[2,3,6,3,1,2,0,4,0,5,6,6,2,4,1,2,4,2,0,1,2,1,5,2,2,6,0,0,2,5,5,4,6,4,1,2,3,5,5,0,0,1,6,0,0,2,3,1,4,0,6,5,1,4,3,0,2,6,1,0,3,5,4,6,6,4,3,2,6,4,2,1,3,3,6,4,6,1,4,6,4,5,3,4,4,4,1,6,6,3,6,1,2,0,3,4,6,4,2,2];[[0.7773566427005639,7.7735664270056395,1.0],[0.6698255595592497,6.698255595592498,1.0],[0.09913960392481702,0.9913960392481702,1.0],[0.35297051119014544,3.529705111901454,1.0],[0.4679077429008419,4.679077429008419,1.0],[0.5346837414708775,5.346837414708775,1.0],[0.9783090609123973,9.783090609123974,1.0]]
1_Brandimarte_7_workers.fjs;370.4713988105543;134448;[56,111,129,133,162,51,65,72,90,123,14,17,37,68,132,0,5,15,54,75,0,17,56,98,168,15,63,81,116,151,0,36,60,109,158,1,73,76,95,155,8,57,80,102,116,8,73,81,93,123,66,89,95,102,144,18,81,116,140,147,20,37,55,93,133,0,3,39,56,71,7,17,29,140,147,41,55,64,91,115,0,25,71,87,163,4,64,88,91,109,46,60,129,151,168,82,91,98,126,171];[1,2,1,3,1,0,4,1,4,0,2,3,2,1,4,1,3,0,0,0,0,2,4,4,3,4,2,4,1,1,3,0,1,2,4,4,0,1,1,1,1,4,4,1,4,4,4,0,3,3,3,4,0,0,4,4,2,0,1,2,0,3,3,0,1,4,0,1,0,4,2,4,4,0,0,4,2,1,4,3,2,1,0,0,2,1,4,4,2,4,2,3,2,3,0,3,1,3,0,0];[0,4,0,3,5,0,3,4,0,6,6,6,4,4,6,1,4,5,0,2,5,1,1,4,2,2,0,5,2,3,4,0,6,1,6,2,1,1,2,5,3,1,5,3,3,0,5,4,4,2,6,0,3,2,6,0,2,5,1,0,2,2,4,5,4,0,0,1,2,5,1,0,3,4,2,5,5,5,0,6,6,5,3,4,3,5,1,5,6,0,6,4,5,1,0,3,1,5,1,6];[[0.7966509679599704,7.966509679599704,1.0],[0.05862623274803458,0.5862623274803458,1.0],[0.7602397739740907,7.602397739740907,1.0],[0.8627037401845356,8.627037401845355,1.0],[0.09127403464611428,0.9127403464611428,1.0],[0.9024924365975527,9.024924365975528,1.0],[0.7858960565941281,7.858960565941281,1.0]]
1_Brandimarte_7_workers.fjs;364.4803387792582;556548;[39,58,121,129,158,4,45,77,100,109,3,82,102,125,135,0,76,137,140,161,9,65,84,102,119,1,40,86,93,139,18,79,85,118,164,8,26,50,65,129,13,16,105,106,121,21,40,112,124,146,0,18,28,51,65,29,48,86,126,146,6,28,48,111,145,0,1,3,35,150,69,85,93,130,149,7,30,89,106,166,4,24,153,155,163,4,28,47,93,113,81,119,143,149,167,23,43,65,128,138];[1,2,1,3,1,0,3,1,1,0,4,3,2,1,4,1,2,1,0,0,0,0,0,3,3,4,2,4,1,1,3,4,1,0,4,1,0,3,1,1,2,2,4,1,0,4,4,0,3,0,3,0,0,0,4,4,1,2,4,2,4,3,4,2,1,4,0,2,0,1,1,4,4,2,4,0,2,1,4,3,4,1,0,0,4,1,4,4,0,4,0,4,1,3,0,3,1,3,4,0];[2,1,6,6,3,2,2,1,5,5,2,6,0,1,2,4,4,0,0,2,2,2,1,2,2,2,0,0,5,5,5,3,5,4,0,4,4,2,0,1,0,2,6,6,5,6,5,4,2,3,1,0,4,4,6,0,5,2,6,5,6,3,3,0,0,0,3,3,4,0,0,0,3,3,6,2,2,4,3,6,6,5,3,4,4,5,6,5,1,3,1,3,5,1,5,1,1,5,4,4];[[0.5209484070219088,5.209484070219088,1.0],[0.42125020101147315,4.212502010114731,1.0],[0.22094517308324657,2.2094517308324657,1.0],[0.13033708391670573,1.3033708391670573,1.0],[0.48395776843282956,4.839577684328296,1.0],[0.6260889663051598,6.260889663051597,1.0],[0.6211218319323739,6.21121831932374,1.0]]
1_Brandimarte_7_workers.fjs;365.5325938062238;598728;[4,8,22,26,127,32,62,80,123,152,52,108,128,152,156,45,86,121,150,155,0,56,124,143,157,7,35,77,84,163,0,9,49,97,128,16,23,30,117,156,84,86,100,110,134,0,7,25,47,67,5,45,49,93,151,39,76,86,103,164,48,68,91,123,128,46,53,68,108,149,13,47,62,107,128,2,17,76,92,165,25,53,77,80,142,0,8,85,108,143,25,38,72,139,161,21,26,86,103,125];[1,0,1,3,0,0,4,1,1,0,2,3,3,1,2,1,2,1,0,0,2,0,4,2,3,4,0,4,1,1,3,4,1,2,2,4,0,1,1,1,4,4,4,4,0,4,2,2,3,1,3,4,0,4,4,2,2,0,3,0,4,3,1,0,1,4,3,4,2,4,1,4,2,1,4,0,2,1,0,3,0,1,0,0,4,1,1,4,0,4,4,4,0,3,0,3,1,3,4,0];[1,3,6,1,4,0,0,1,1,3,0,6,2,4,3,2,0,0,4,1,2,2,2,0,2,2,3,5,3,2,6,5,6,6,1,0,2,6,0,5,1,1,6,4,4,0,4,2,4,4,6,4,3,4,6,0,2,6,1,1,1,6,2,5,0,4,6,3,3,5,2,1,1,0,6,2,5,4,3,6,0,5,3,4,6,3,1,5,2,3,5,4,0,2,1,4,6,5,4,0];[[0.49734142093980327,4.973414209398033,1.0],[0.35999045686025677,3.5999045686025677,1.0],[0.7220617567237175,7.220617567237175,1.0],[0.44672126724761885,4.4672126724761885,1.0],[0.4533596515962979,4.533596515962978,1.0],[0.025925678678183073,0.25925678678183073,1.0],[0.33490089376309407,3.3490089376309404,1.0]]
1_Brandimarte_7_workers.fjs;350.0342442861516;2773164;[0,30,76,131,155,27,70,82,112,121,47,68,92,139,149,11,37,105,123,133,2,5,51,63,151,51,126,142,153,160,5,17,33,131,149,0,70,90,128,132,27,50,59,89,110,19,40,58,126,143,10,26,48,115,140,7,60,76,121,156,0,31,88,93,107,18,64,68,78,113,4,58,77,112,126,35,54,86,105,121,0,15,33,72,141,29,75,76,101,157,0,53,80,93,160,26,37,51,95,112];[1,2,1,3,4,4,1,1,4,2,4,3,2,1,2,1,1,1,2,2,2,2,2,2,3,0,0,4,1,1,3,0,1,2,4,4,0,1,1,1,2,4,4,4,0,4,4,0,3,1,3,4,4,4,0,4,4,2,1,3,0,3,3,0,1,4,0,4,0,4,1,4,4,1,4,0,2,1,4,3,3,1,0,0,4,1,4,4,2,4,2,1,1,3,0,3,0,3,0,3];[2,4,0,6,0,2,5,4,0,5,2,6,2,4,4,4,3,2,5,1,6,1,6,0,2,2,3,0,5,1,4,3,5,0,1,0,4,0,1,5,0,1,2,5,2,0,5,1,6,5,6,0,2,4,3,0,2,2,1,6,3,1,4,6,1,0,1,2,1,4,2,2,3,1,2,6,6,0,0,6,1,5,3,4,5,5,1,5,6,0,6,4,0,4,5,1,6,5,3,5];[[0.4211249061401,4.211249061401,1.0],[0.9761073344853062,9.761073344853061,1.0],[0.6132800246752349,6.132800246752349,1.0],[0.6930423279788359,6.930423279788359,1.0],[0.5088628354481554,5.088628354481553,1.0],[0.18781156668551158,1.8781156668551158,1.0],[0.830121874145001,8.301218741450011,1.0]]
1_Brandimarte_7_workers.fjs;369.46778261415506;339948;[18,48,108,147,165,0,16,21,54,108,18,104,130,146,160,0,28,61,140,155,0,94,113,128,170,4,40,65,101,167,45,76,97,128,161,14,54,82,133,160,13,18,32,50,91,3,38,56,63,111,0,25,30,55,86,0,28,81,115,137,33,124,142,147,155,20,63,65,118,156,14,19,114,133,140,62,85,112,117,165,48,66,142,149,160,11,38,114,142,167,21,39,59,68,88,23,55,86,104,117];[0,2,1,3,0,0,4,1,4,0,4,3,2,1,2,1,2,1,0,0,4,2,4,4,3,1,0,0,1,1,3,4,1,2,4,2,0,1,1,1,4,3,0,3,0,0,2,0,3,0,3,1,1,4,4,2,3,0,4,1,4,3,3,0,1,4,0,1,0,4,4,4,2,0,4,4,2,1,4,3,1,2,0,0,4,1,1,4,2,4,4,3,1,3,0,3,1,3,4,1];[0,6,0,3,4,0,0,4,0,5,3,6,4,2,1,2,6,2,5,2,6,1,1,1,2,2,0,0,3,3,1,3,6,4,2,6,2,3,3,5,0,2,0,5,5,4,4,4,3,3,1,4,2,3,2,5,5,5,0,2,3,6,0,5,4,4,5,1,2,5,5,3,1,5,1,4,6,2,5,6,3,6,3,4,6,2,6,5,6,0,1,2,2,2,0,3,1,4,2,0];[[0.4831103964860096,4.831103964860096,1.0],[0.9021829992468611,9.02182999246861,1.0],[0.5374571935128641,5.374571935128642,1.0],[0.8761340971511191,8.761340971511192,1.0],[0.573156942708234,5.7315694270823405,1.0],[0.994523847851402,9.945238478514021,1.0],[0.3574465703190305,3.574465703190305,1.0]]
1_Brandimarte_7_workers.fjs;380.44837465377833;150588;[44,79,132,150,169,15,53,98,102,151,21,99,119,128,132,19,44,56,79,169,19,23,52,153,174,7,18,37,88,136,21,29,48,128,167,4,41,46,59,151,23,59,65,107,151,12,22,43,119,158,0,36,103,123,130,26,51,61,110,124,0,65,82,154,156,3,49,55,63,140,0,2,4,81,109,32,42,77,144,169,34,63,103,116,130,3,19,98,133,173,66,95,105,133,151,16,52,82,102,128];[1,2,1,3,2,0,4,1,1,2,4,3,2,1,4,1,4,1,4,0,2,2,4,2,3,1,0,4,0,1,3,4,1,2,4,4,0,3,1,1,1,3,4,1,4,4,4,0,3,1,3,4,2,4,0,3,2,2,0,3,0,3,1,0,0,4,0,4,0,1,4,4,2,0,4,0,2,1,4,3,0,1,0,0,2,1,4,2,2,4,4,4,0,3,0,3,1,3,4,0];[0,0,0,1,5,0,5,1,4,2,1,6,0,2,2,2,5,0,1,1,5,2,1,5,2,1,0,0,3,5,4,5,6,4,2,5,5,3,0,0,6,1,6,5,3,2,5,4,6,4,6,0,0,3,3,1,2,4,1,6,0,3,2,2,6,4,0,5,0,4,3,3,4,4,3,3,2,4,0,6,4,5,3,4,4,3,6,0,6,3,2,4,1,1,6,1,6,5,2,0];[[0.34661995661142697,3.4661995661142697,1.0],[0.2286410960833074,2.286410960833074,1.0],[0.012392470279078194,0.12392470279078194,1.0],[0.9308270259025113,9.308270259025113,1.0],[0.3225145761620236,3.225145761620236,1.0],[0.0006954578022455582,0.006954578022455582,1.0],[0.2097170717940725,2.097170717940725,1.0]]
1_Brandimarte_7_workers.fjs;363.43291851378467;1588440;[0,87,118,128,165,18,54,86,112,119,14,27,90,114,121,31,72,122,146,149,0,35,76,134,164,16,53,77,142,160,0,35,49,67,143,5,49,71,156,164,43,53,74,99,128,3,47,70,82,101,11,42,94,113,120,31,84,102,134,149,18,58,92,112,155,15,51,81,114,149,23,56,87,124,156,0,25,35,44,123,2,9,85,160,170,4,39,51,54,149,0,9,57,147,166,77,90,106,136,155];[1,0,1,3,2,4,4,1,4,2,4,3,2,1,2,1,2,1,0,0,0,2,0,2,3,4,0,4,1,1,3,0,1,0,4,3,0,1,1,1,4,1,4,2,0,0,3,0,3,1,3,4,1,4,4,4,4,0,1,2,0,3,4,0,4,4,0,2,0,1,1,4,3,1,4,4,2,1,4,3,2,1,0,0,4,1,1,4,2,4,2,2,4,3,0,3,1,3,4,0];[0,1,6,1,3,2,1,4,0,4,2,6,0,4,3,4,3,0,0,2,2,1,4,5,2,2,3,0,3,2,4,5,6,4,2,4,2,1,4,0,2,5,2,2,0,3,4,4,6,0,6,0,6,3,2,0,2,6,3,5,3,0,4,4,6,4,2,5,1,4,5,1,3,4,6,5,1,4,3,6,6,1,3,4,6,0,3,5,6,3,6,0,2,1,1,2,6,5,4,3];[[0.8559393885152179,8.55939388515218,1.0],[0.8004839408308784,8.004839408308783,1.0],[0.5938433496209707,5.938433496209708,1.0],[0.8870093324131678,8.870093324131679,1.0],[0.741558169706834,7.4155816970683395,1.0],[0.8097670389513107,8.097670389513107,1.0],[0.2247324103169328,2.247324103169328,1.0]]
1_Brandimarte_7_workers.fjs;357.4311005038419;4552404;[44,48,69,74,125,17,64,73,109,155,31,49,83,107,143,40,57,65,83,103,14,16,35,66,158,7,68,118,125,136,16,24,36,105,162,18,51,88,103,143,32,38,67,68,90,2,17,31,69,125,0,20,77,83,104,0,36,44,107,115,1,21,44,85,150,0,37,44,87,127,35,43,94,117,149,0,97,111,132,153,0,48,63,136,152,14,83,92,118,136,28,51,63,118,146,113,132,136,155,166];[1,2,1,3,4,0,4,1,0,2,4,3,2,1,4,1,4,1,0,0,2,2,4,2,3,1,0,4,1,1,3,4,1,2,4,1,0,1,1,1,4,3,4,4,4,0,4,0,3,0,3,0,1,4,4,2,4,0,2,1,4,3,3,0,1,4,0,4,0,4,2,2,3,0,0,0,2,1,0,3,1,1,0,2,2,1,1,2,2,4,0,4,1,3,0,3,1,3,4,0];[1,1,6,6,4,0,0,3,0,0,0,6,2,4,2,1,0,2,5,2,5,2,2,4,2,2,2,0,5,3,1,4,6,1,1,6,3,1,4,0,5,5,2,0,5,4,5,4,5,3,6,0,1,3,6,5,2,5,1,3,0,3,0,4,0,0,4,2,4,4,0,3,3,5,3,2,0,2,4,6,3,4,3,1,4,3,1,2,6,0,0,2,4,1,6,4,3,5,1,3];[[0.5198238265685563,5.198238265685563,1.0],[0.9583988744400509,9.583988744400509,1.0],[0.3402956357666065,3.402956357666065,1.0],[0.7081849781179302,7.081849781179303,1.0],[0.9252189405445452,9.252189405445453,1.0],[0.05032666735654623,0.5032666735654623,1.0],[0.6613275461751585,6.613275461751585,1.0]]
1_Brandimarte_7_workers.fjs;392.7588757179376;3985584;[70,88,110,114,171,27,38,46,107,142,26,37,79,157,171,0,27,114,118,154,2,19,132,149,161,0,46,65,150,178,22,42,63,67,176,0,22,79,123,133,0,3,25,86,118,7,71,120,133,138,6,41,49,72,87,6,64,109,160,162,10,62,109,116,118,84,85,92,154,171,1,85,123,140,162,8,27,37,100,138,25,51,145,161,178,4,58,79,126,142,0,41,116,143,167,57,67,92,109,178];[0,2,1,3,3,0,2,0,4,0,4,3,2,1,2,1,4,1,0,0,2,2,4,4,3,0,2,4,1,1,3,4,1,0,3,3,0,3,1,1,4,4,4,4,4,0,1,0,3,2,3,4,4,4,0,2,2,0,4,1,4,3,3,0,1,4,0,1,2,0,4,4,2,1,4,1,3,1,4,3,1,4,0,0,4,1,1,4,0,4,2,1,1,3,0,3,1,3,4,0];[0,4,6,0,6,2,0,4,0,5,2,6,4,4,2,4,5,2,3,1,3,1,1,5,2,2,0,5,3,1,5,5,6,4,0,0,3,2,6,0,5,1,2,0,5,3,1,1,5,1,6,4,2,4,3,0,2,5,5,5,4,3,4,3,4,0,3,2,6,3,1,6,4,4,1,2,4,4,1,6,3,5,3,4,5,5,1,5,3,0,6,1,5,2,3,2,1,5,1,3];[[0.18019241848515155,1.8019241848515155,1.0],[0.48736227300275514,4.873622730027551,1.0],[0.07759170039841756,0.7759170039841756,1.0],[0.5225667244081349,5.2256672440813485,1.0],[0.9196433340252647,9.196433340252646,1.0],[0.8762509611803474,8.762509611803473,1.0],[0.5029695910906639,5.029695910906638,1.0]]
2a_Hurink_sdata_18_workers.fjs;2844.3080983602367;3149196;[226,308,380,583,866,407,698,1014,1197,1270,211,499,1021,1134,1203,228,250,366,498,1130,773,951,1089,1186,1270,67,162,529,665,1092,192,366,705,875,1089,454,527,781,883,1252,310,527,617,951,1071,169,282,370,866,1006,162,354,380,426,527,0,232,407,865,1188,426,454,609,915,1104,0,173,282,922,1014,263,698,753,836,1270,0,89,562,753,801,256,592,762,865,1080,67,612,698,814,1188,205,453,609,729,1309,89,192,922,1104,1212];[0,2,1,3,4,2,3,0,4,1,1,4,2,3,0,2,4,0,3,1,2,0,1,3,4,0,4,1,3,2,4,3,1,2,0,0,2,1,4,3,4,0,3,2,1,1,0,4,2,3,0,1,2,4,3,2,0,3,1,4,0,2,1,3,4,0,3,2,1,4,1,0,4,3,2,1,2,4,0,3,1,4,2,0,3,3,0,2,4,1,0,1,2,3,4,1,2,4,0,3];[0,5,4,4,3,2,1,6,2,3,6,3,0,3,4,1,0,5,0,1,3,4,1,3,6,2,3,0,5,2,4,2,6,2,6,4,6,0,6,5,6,2,3,0,6,6,2,1,6,3,1,0,6,5,4,2,3,0,2,2,3,6,6,3,0,3,5,3,6,5,1,3,5,5,2,0,5,5,4,6,4,1,3,0,4,3,2,0,4,0,1,1,0,1,3,6,3,5,5,5];[[0.7773566427005639,7.7735664270056395,1.0],[0.6698255595592497,6.698255595592498,1.0],[0.09913960392481702,0.9913960392481702,1.0],[0.35297051119014544,3.529705111901454,1.0],[0.4679077429008419,4.679077429008419,1.0],[0.5346837414708775,5.346837414708775,1.0],[0.9783090609123973,9.783090609123974,1.0]]
2a_Hurink_sdata_18_workers.fjs;2814.7820477385094;407568;[138,265,694,774,1023,228,308,838,945,1129,125,514,699,888,1077,0,576,645,940,966,144,476,783,1055,1269,360,640,824,966,1069,73,174,496,1041,1157,0,73,169,718,1249,128,753,843,966,1112,0,194,285,785,1081,598,668,824,843,1155,21,144,342,774,1040,449,483,573,670,1181,73,215,832,981,1087,36,305,360,496,1152,239,328,441,705,808,328,421,774,890,999,128,514,598,670,1087,285,335,417,598,919,421,666,760,981,1208];[0,2,1,3,4,2,3,0,4,1,1,4,2,3,0,2,4,0,3,1,2,0,1,3,4,0,4,1,3,2,4,3,1,2,0,0,2,1,4,3,4,0,3,2,1,1,0,4,2,3,0,1,2,4,3,2,0,3,1,4,0,2,1,3,4,0,3,2,1,4,1,0,4,3,2,1,2,4,0,3,1,4,2,0,3,3,0,2,4,1,0,1,2,3,4,1,2,4,0,3];[0,5,6,4,3,2,4,2,3,3,1,6,0,3,5,0,6,5,2,1,0,6,1,3,0,6,3,4,5,6,4,2,0,5,5,4,0,5,5,1,6,2,0,2,1,3,3,6,6,4,4,0,1,6,0,5,3,0,0,4,0,3,0,3,5,2,4,3,0,2,6,3,5,5,3,0,2,1,4,6,5,1,6,0,6,4,1,2,2,0,3,1,4,1,1,5,4,5,1,6];[[0.7966509679599704,7.966509679599704,1.0],[0.05862623274803458,0.5862623274803458,1.0],[0.7602397739740907,7.602397739740907,1.0],[0.8627037401845356,8.627037401845355,1.0],[0.09127403464611428,0.9127403464611428,1.0],[0.9024924365975527,9.024924365975528,1.0],[0.7858960565941281,7.858960565941281,1.0]]
2a_Hurink_sdata_18_workers.fjs;2709.137845774911;418416;[129,137,739,905,1034,475,536,664,737,1221,6,227,344,478,987,33,289,604,690,1108,53,162,407,567,673,412,707,922,1018,1094,162,389,657,987,1194,339,415,484,554,593,85,254,430,748,905,448,715,904,1018,1147,85,230,336,958,1091,0,203,300,554,664,135,179,562,814,1105,0,141,512,1002,1188,50,501,843,939,1051,141,251,353,556,713,0,384,824,1108,1221,251,799,885,1057,1194,65,256,604,748,815,332,539,593,885,1051];[0,2,1,3,4,2,3,0,4,1,1,4,2,3,0,2,4,0,3,1,2,0,1,3,4,0,4,1,3,2,4,3,1,2,0,0,2,1,4,3,4,0,3,2,1,1,0,4,2,3,0,1,2,4,3,2,0,3,1,4,0,2,1,3,4,0,3,2,1,4,1,0,4,3,2,1,2,4,0,3,1,4,2,0,3,3,0,2,4,1,0,1,2,3,4,1,2,4,0,3];[2,6,0,4,3,2,1,5,5,3,1,6,0,1,4,3,6,5,6,1,0,4,1,3,2,6,3,0,5,5,2,2,1,2,1,4,0,5,6,3,5,2,4,6,3,3,2,1,3,3,6,0,1,6,2,5,1,3,5,2,2,3,0,3,4,2,5,2,0,6,1,3,5,5,3,0,4,1,4,6,1,1,1,0,4,3,2,6,4,0,5,1,4,1,4,5,2,2,2,5];[[0.5209484070219088,5.209484070219088,1.0],[0.42125020101147315,4.212502010114731,1.0],[0.22094517308324657,2.2094517308324657,1.0],[0.13033708391670573,1.3033708391670573,1.0],[0.48395776843282956,4.839577684328296,1.0],[0.6260889663051598,6.260889663051597,1.0],[0.6211218319323739,6.21121831932374,1.0]]
2a_Hurink_sdata_18_workers.fjs;2775.117851261631;3709488;[109,157,266,553,1092,528,593,897,1109,1182,356,400,728,924,1162,123,778,954,1042,1191,0,356,736,844,1058,778,873,930,1139,1172,157,287,777,930,1051,115,289,400,713,1212,0,607,705,976,1122,0,517,655,721,1065,0,50,80,222,328,88,305,384,1139,1269,194,394,630,753,903,44,200,565,1019,1182,169,414,470,626,853,80,200,340,469,517,43,60,145,692,870,43,221,463,607,853,394,550,655,976,1278,470,897,987,1065,1172];[0,2,1,3,4,2,3,0,4,1,1,4,2,3,0,2,4,0,3,1,2,0,1,3,4,0,4,1,3,2,4,3,1,2,0,0,2,1,4,3,4,0,3,2,1,1,0,4,2,3,0,1,2,4,3,2,0,3,1,4,0,2,1,3,4,0,3,2,1,4,1,0,4,3,2,1,2,4,0,3,1,4,2,0,3,3,0,2,4,1,0,1,2,3,4,1,2,4,0,3];[2,5,4,1,3,2,5,6,2,3,1,2,4,3,4,1,0,5,0,1,1,6,1,3,2,2,3,4,5,0,2,2,6,2,3,6,3,5,5,1,0,2,3,3,3,4,4,6,4,4,6,3,6,6,2,3,1,0,3,2,0,6,1,3,0,2,5,3,5,6,4,3,5,5,6,0,3,3,4,3,5,5,2,0,5,4,1,1,4,0,3,0,4,1,0,6,4,2,0,5];[[0.49734142093980327,4.973414209398033,1.0],[0.35999045686025677,3.5999045686025677,1.0],[0.7220617567237175,7.220617567237175,1.0],[0.44672126724761885,4.4672126724761885,1.0],[0.4533596515962979,4.533596515962978,1.0],[0.025925678678183073,0.25925678678183073,1.0],[0.33490089376309407,3.3490089376309404,1.0]]
2a_Hurink_sdata_18_workers.fjs;2750.955441214875;2231916;[69,221,555,750,1192,0,92,207,283,459,137,221,283,502,974,70,436,823,1011,1142,354,605,643,876,1209,686,775,825,1141,1182,75,368,743,902,1152,279,684,1015,1152,1214,356,520,626,769,1243,89,436,520,877,937,643,691,735,807,1088,37,157,279,1192,1243,75,131,370,785,888,0,409,743,912,1050,0,102,160,671,929,188,497,581,775,902,131,140,671,888,1034,0,352,581,691,1157,259,279,438,560,739,468,844,979,1050,1174];[0,2,1,3,4,2,3,0,4,1,1,4,2,3,0,2,4,0,3,1,2,0,1,3,4,0,4,1,3,2,4,3,1,2,0,0,2,1,4,3,4,0,3,2,1,1,0,4,2,3,0,1,2,4,3,2,0,3,1,4,0,2,1,3,4,0,3,2,1,4,1,0,4,3,2,1,2,4,0,3,1,4,2,0,3,3,0,2,4,1,0,1,2,3,4,1,2,4,0,3];[2,5,4,5,3,2,1,2,2,3,4,6,0,1,0,1,1,5,6,1,0,6,4,3,2,6,0,1,5,0,2,2,1,3,3,4,3,5,2,5,6,2,0,2,2,6,2,6,4,4,1,2,1,0,0,5,3,3,2,4,0,6,5,3,2,4,4,3,5,1,6,3,5,5,1,0,5,3,4,6,0,1,0,0,4,3,1,5,4,0,3,5,0,1,4,3,4,2,2,5];[[0.4211249061401,4.211249061401,1.0],[0.9761073344853062,9.761073344853061,1.0],[0.6132800246752349,6.132800246752349,1.0],[0.6930423279788359,6.930423279788359,1.0],[0.5088628354481554,5.088628354481553,1.0],[0.18781156668551158,1.8781156668551158,1.0],[0.830121874145001,8.301218741450011,1.0]]
2a_Hurink_sdata_18_workers.fjs;2710.8901149885396;406920;[392,436,478,681,815,128,351,972,1202,1275,298,353,624,763,1089,721,832,1029,1135,1177,35,181,342,392,418,92,223,563,815,893,255,310,813,1160,1202,219,381,889,1050,1159,0,625,715,1050,1160,91,541,625,695,848,298,659,713,893,1082,0,342,418,1079,1275,65,165,383,507,969,0,65,598,973,1115,0,482,541,602,741,134,234,323,829,1253,652,679,702,877,1028,0,398,482,763,1135,710,733,813,922,1089,223,323,456,733,988];[0,2,1,3,4,2,3,0,4,1,1,4,2,3,0,2,4,0,3,1,2,0,1,3,4,0,4,1,3,2,4,3,1,2,0,0,2,1,4,3,4,0,3,2,1,1,0,4,2,3,0,1,2,4,3,2,0,3,1,4,0,2,1,3,4,0,3,2,1,4,1,0,4,3,2,1,2,4,0,3,1,4,2,0,3,3,0,2,4,1,0,1,2,3,4,1,2,4,0,3];[0,6,0,4,3,2,2,6,2,3,1,6,0,3,4,3,2,5,5,1,3,6,1,3,4,6,0,4,5,2,4,2,6,0,6,6,2,0,6,5,6,2,4,3,3,4,2,1,5,3,6,3,3,6,0,3,3,3,2,2,0,4,5,3,3,2,5,3,0,6,1,5,5,5,2,0,3,5,4,6,4,1,3,5,4,4,1,6,4,0,6,0,0,1,1,5,4,2,1,5];[[0.4831103964860096,4.831103964860096,1.0],[0.9021829992468611,9.02182999246861,1.0],[0.5374571935128641,5.374571935128642,1.0],[0.8761340971511191,8.761340971511192,1.0],[0.573156942708234,5.7315694270823405,1.0],[0.994523847851402,9.945238478514021,1.0],[0.3574465703190305,3.574465703190305,1.0]]
2a_Hurink_sdata_18_workers.fjs;2790.9074554509884;4566564;[348,788,868,1059,1131,78,115,728,926,1156,87,131,193,357,927,148,521,668,834,962,0,217,442,533,1093,0,89,317,414,997,354,447,591,1083,1224,89,428,521,591,652,278,397,488,686,1138,406,788,872,939,983,354,490,559,667,1199,390,614,745,954,1272,587,614,686,857,1010,490,559,761,978,1185,0,162,217,278,567,139,265,484,872,948,131,193,927,1138,1255,0,255,481,743,1113,567,788,868,1093,1159,228,354,791,997,1159];[0,2,1,3,4,2,3,0,4,1,1,4,2,3,0,2,4,0,3,1,2,0,1,3,4,0,4,1,3,2,4,3,1,2,0,0,2,1,4,3,4,0,3,2,1,1,0,4,2,3,0,1,2,4,3,2,0,3,1,4,0,2,1,3,4,0,3,2,1,4,1,0,4,3,2,1,2,4,0,3,1,4,2,0,3,3,0,2,4,1,0,1,2,3,4,1,2,4,0,3];[0,6,5,4,3,2,5,0,4,3,1,6,4,5,0,5,2,5,6,5,1,6,4,3,4,6,3,4,5,0,2,2,6,0,1,4,6,5,2,1,0,1,0,2,6,3,2,1,6,2,1,2,3,6,4,0,0,3,1,6,0,3,4,3,3,4,4,2,5,6,0,3,5,5,1,0,2,1,4,6,2,1,2,0,5,5,3,6,5,0,3,0,0,1,1,1,3,5,1,5];[[0.34661995661142697,3.4661995661142697,1.0],[0.2286410960833074,2.286410960833074,1.0],[0.012392470279078194,0.12392470279078194,1.0],[0.9308270259025113,9.308270259025113,1.0],[0.3225145761620236,3.225145761620236,1.0],[0.0006954578022455582,0.006954578022455582,1.0],[0.2097170717940725,2.097170717940725,1.0]]
2a_Hurink_sdata_18_workers.fjs;2724.7425593420676;2738688;[514,644,722,840,1147,0,93,373,1164,1238,168,368,720,874,1040,385,509,708,817,1060,37,425,534,583,1238,534,652,879,1025,1122,243,308,575,926,1238,29,126,652,845,1058,308,623,980,1040,1115,492,854,988,1115,1227,243,301,406,578,698,414,463,609,808,977,0,316,403,492,884,306,385,551,968,1060,6,102,168,229,817,212,452,698,1110,1192,0,438,708,768,926,0,157,243,461,854,286,327,578,751,817,93,186,733,938,1152];[0,2,1,3,4,2,3,0,4,1,1,4,2,3,0,2,4,0,3,1,2,0,1,3,4,0,4,1,3,2,4,3,1,2,0,0,2,1,4,3,4,0,3,2,1,1,0,4,2,3,0,1,2,4,3,2,0,3,1,4,0,2,1,3,4,0,3,2,1,4,1,0,4,3,2,1,2,4,0,3,1,4,2,0,3,3,0,2,4,1,0,1,2,3,4,1,2,4,0,3];[2,6,2,4,3,2,0,3,1,3,3,2,4,3,4,0,5,6,6,1,1,6,1,3,5,6,0,4,5,2,2,2,0,3,1,4,0,5,6,5,6,2,0,2,3,6,2,1,2,4,1,0,1,5,0,0,1,3,3,1,1,4,5,3,1,3,4,2,6,6,0,3,5,5,1,0,0,3,4,6,0,3,2,0,5,3,2,4,2,0,3,1,4,1,3,5,4,5,2,5];[[0.8559393885152179,8.55939388515218,1.0],[0.8004839408308784,8.004839408308783,1.0],[0.5938433496209707,5.938433496209708,1.0],[0.8870093324131678,8.870093324131679,1.0],[0.741558169706834,7.4155816970683395,1.0],[0.8097670389513107,8.097670389513107,1.0],[0.2247324103169328,2.247324103169328,1.0]]
2a_Hurink_sdata_18_workers.fjs;2830.5233274576412;194628;[165,620,705,1011,1058,92,129,945,1075,1241,661,814,945,1086,1171,198,425,605,665,1250,0,665,1076,1260,1286,299,388,896,1138,1253,268,397,1138,1223,1280,92,374,489,598,688,0,171,256,1147,1223,75,460,544,605,870,256,463,612,638,1286,218,388,439,886,1049,65,299,374,543,945,0,304,859,984,1149,253,544,718,791,1061,117,662,779,891,1171,653,1029,1049,1061,1206,75,705,795,896,1288,439,573,886,945,1253,0,165,198,795,1046];[0,2,1,3,4,2,3,0,4,1,1,4,2,3,0,2,4,0,3,1,2,0,1,3,4,0,4,1,3,2,4,3,1,2,0,0,2,1,4,3,4,0,3,2,1,1,0,4,2,3,0,1,2,4,3,2,0,3,1,4,0,2,1,3,4,0,3,2,1,4,1,0,4,3,2,1,2,4,0,3,1,4,2,0,3,3,0,2,4,1,0,1,2,3,4,1,2,4,0,3];[2,6,1,5,3,2,6,5,1,3,1,6,4,3,5,3,3,5,0,1,1,5,4,3,5,6,0,3,5,6,0,2,3,0,0,4,3,0,2,2,6,2,4,0,6,6,2,1,6,5,1,0,6,4,4,3,1,4,2,0,2,1,5,3,0,2,4,2,6,2,3,6,5,5,2,0,3,3,4,6,2,1,1,0,4,5,6,0,2,0,1,0,0,1,0,5,4,5,1,5];[[0.5198238265685563,5.198238265685563,1.0],[0.9583988744400509,9.583988744400509,1.0],[0.3402956357666065,3.402956357666065,1.0],[0.7081849781179302,7.081849781179303,1.0],[0.9252189405445452,9.252189405445453,1.0],[0.05032666735654623,0.5032666735654623,1.0],[0.6613275461751585,6.613275461751585,1.0]]
2a_Hurink_sdata_18_workers.fjs;2766.73963402337;3259452;[154,215,262,573,706,0,448,693,765,1101,93,531,868,1049,1168,37,369,873,933,1154,137,655,693,871,1163,0,93,745,897,1055,233,288,873,955,986,160,553,606,723,956,6,568,669,741,1168,137,335,473,1048,1196,745,834,860,868,1101,57,419,478,860,1030,308,373,511,780,949,89,154,475,956,1069,6,233,308,369,511,173,288,676,1091,1270,0,173,257,473,607,0,789,1138,1204,1252,288,435,607,714,1041,346,442,594,994,1154];[0,2,1,3,4,2,3,0,4,1,1,4,2,3,0,2,4,0,3,1,2,0,1,3,4,0,4,1,3,2,4,3,1,2,0,0,2,1,4,3,4,0,3,2,1,1,0,4,2,3,0,1,2,4,3,2,0,3,1,4,0,2,1,3,4,0,3,2,1,4,1,0,4,3,2,1,2,4,0,3,1,4,2,0,3,3,0,2,4,1,0,1,2,3,4,1,2,4,0,3];[2,6,1,4,3,2,2,4,5,3,1,3,4,3,0,3,1,6,6,0,1,6,2,3,5,6,0,4,5,6,4,2,1,2,0,4,6,5,0,1,1,1,0,2,3,3,2,6,6,3,6,0,6,0,0,3,6,2,5,5,0,4,0,3,3,2,5,3,6,2,0,3,5,5,1,0,4,5,4,6,1,3,2,5,0,4,1,6,4,0,5,1,4,1,4,3,4,2,0,1];[[0.18019241848515155,1.8019241848515155,1.0],[0.48736227300275514,4.873622730027551,1.0],[0.07759170039841756,0.7759170039841756,1.0],[0.5225667244081349,5.2256672440813485,1.0],[0.9196433340252647,9.196433340252646,1.0],[0.8762509611803474,8.762509611803473,1.0],[0.5029695910906639,5.029695910906638,1.0]]
2a_Hurink_sdata_1_workers.fjs;118.47392694117576;2272524;[5,6,11,17,27,51,0,8,13,30,40,50,0,5,9,18,26,27,17,26,31,36,39,47,13,27,34,40,50,54,8,11,18,31,47,51];[2,0,1,3,5,4,1,2,4,5,0,3,2,3,5,0,1,4,1,0,2,3,4,5,2,1,4,5,0,3,1,3,5,0,4,2];[8,2,2,4,6,7,6,5,0,5,1,3,7,7,3,1,3,8,2,4,0,1,4,2,8,5,2,3,5,3,8,4,5,6,8,1];[[0.7773566427005639,7.7735664270056395,1.0],[0.6698255595592497,6.698255595592498,1.0],[0.09913960392481702,0.9913960392481702,1.0],[0.35297051119014544,3.529705111901454,1.0],[0.4679077429008419,4.679077429008419,1.0],[0.5346837414708775,5.346837414708775,1.0],[0.9783090609123973,9.783090609123974,1.0],[0.13031535015865903,1.3031535015865903,1.0],[0.6712434682302663,6.712434682302662,1.0]]
2a_Hurink_sdata_1_workers.fjs;114.51946535676753;254832;[0,3,26,33,40,49,3,10,15,26,38,48,1,6,16,30,40,43,10,15,23,30,35,43,15,23,26,36,48,52,0,3,6,20,31,35];[2,0,1,3,5,4,1,2,4,5,0,3,2,3,5,0,1,4,1,0,2,3,4,5,2,1,4,5,0,3,1,3,5,0,4,2];[3,4,7,2,6,7,0,4,0,5,7,4,7,3,3,8,3,0,6,2,2,4,4,2,1,5,6,3,5,3,4,5,7,4,6,6];[[0.7966509679599704,7.966509679599704,1.0],[0.05862623274803458,0.5862623274803458,1.0],[0.7602397739740907,7.602397739740907,1.0],[0.8627037401845356,8.627037401845355,1.0],[0.09127403464611428,0.9127403464611428,1.0],[0.9024924365975527,9.024924365975528,1.0],[0.7858960565941281,7.858960565941281,1.0],[0.40667966546103385,4.0667966546103385,1.0],[0.37447264465852026,3.7447264465852026,1.0]]
2a_Hurink_sdata_1_workers.fjs;120.0556780705132;661536;[13,14,18,25,43,51,8,15,23,33,43,53,0,6,16,33,41,45,3,8,20,32,37,46,5,15,18,25,29,35,0,3,6,17,33,42];[2,0,1,3,5,4,1,2,4,5,0,3,2,3,5,0,1,4,1,0,2,3,4,5,2,1,4,5,0,3,1,3,5,0,4,2];[4,2,1,2,3,7,0,6,8,5,1,2,7,3,3,8,8,0,1,1,2,6,4,6,2,5,5,3,1,3,5,3,7,4,4,8];[[0.5209484070219088,5.209484070219088,1.0],[0.42125020101147315,4.212502010114731,1.0],[0.22094517308324657,2.2094517308324657,1.0],[0.13033708391670573,1.3033708391670573,1.0],[0.48395776843282956,4.839577684328296,1.0],[0.6260889663051598,6.260889663051597,1.0],[0.6211218319323739,6.21121831932374,1.0],[0.707277595965894,7.07277595965894,1.0],[0.43539590023548325,4.3539590023548325,1.0]]
2a_Hurink_sdata_1_workers.fjs;110.79716249442767;1429380;[5,6,23,29,41,47,0,7,12,27,37,47,0,5,9,18,29,40,7,12,20,25,28,44,12,20,23,37,47,51,12,15,18,27,36,40];[2,0,1,3,5,4,1,2,4,5,0,3,2,3,5,0,1,4,1,0,2,3,4,5,2,1,4,5,0,3,1,3,5,0,4,2];[7,4,3,2,1,7,0,7,0,5,7,6,7,3,3,8,0,0,6,5,1,7,4,1,2,5,2,3,5,3,4,1,6,6,1,8];[[0.49734142093980327,4.973414209398033,1.0],[0.35999045686025677,3.5999045686025677,1.0],[0.7220617567237175,7.220617567237175,1.0],[0.44672126724761885,4.4672126724761885,1.0],[0.4533596515962979,4.533596515962978,1.0],[0.025925678678183073,0.25925678678183073,1.0],[0.33490089376309407,3.3490089376309404,1.0],[0.4755440242737675,4.755440242737675,1.0],[0.45132356511490823,4.513235651149082,1.0]]
2a_Hurink_sdata_1_workers.fjs;113.85338172086726;4513800;[5,6,26,35,41,49,3,10,15,26,38,48,0,6,15,30,38,43,10,15,23,30,35,44,15,23,26,36,48,52,0,3,6,20,31,36];[2,0,1,3,5,4,1,2,4,5,0,3,2,3,5,0,1,4,1,0,2,3,4,5,2,1,4,5,0,3,1,3,5,0,4,2];[7,2,8,7,3,7,0,0,6,5,1,5,7,8,3,1,8,0,5,8,1,4,4,6,1,5,6,3,1,3,5,4,6,4,7,5];[[0.4211249061401,4.211249061401,1.0],[0.9761073344853062,9.761073344853061,1.0],[0.6132800246752349,6.132800246752349,1.0],[0.6930423279788359,6.930423279788359,1.0],[0.5088628354481554,5.088628354481553,1.0],[0.18781156668551158,1.8781156668551158,1.0],[0.830121874145001,8.301218741450011,1.0],[0.8449241651217704,8.449241651217704,1.0],[0.20962821201639004,2.0962821201639006,1.0]]
2a_Hurink_sdata_1_workers.fjs;110.40709123111384;2568516;[5,6,25,31,41,47,0,7,12,27,37,47,0,5,9,18,31,40,7,12,20,25,28,44,12,20,23,37,47,51,12,15,18,27,36,40];[2,0,1,3,5,4,1,2,4,5,0,3,2,3,5,0,1,4,1,0,2,3,4,5,2,1,4,5,0,3,1,3,5,0,4,2];[8,2,0,2,3,7,0,0,8,5,7,3,7,5,3,1,1,0,7,6,0,7,4,1,5,5,2,3,5,3,1,1,6,6,6,1];[[0.4831103964860096,4.831103964860096,1.0],[0.9021829992468611,9.02182999246861,1.0],[0.5374571935128641,5.374571935128642,1.0],[0.8761340971511191,8.761340971511192,1.0],[0.573156942708234,5.7315694270823405,1.0],[0.994523847851402,9.945238478514021,1.0],[0.3574465703190305,3.574465703190305,1.0],[0.6617299629663892,6.617299629663892,1.0],[0.4882872262788658,4.882872262788657,1.0]]
2a_Hurink_sdata_1_workers.fjs;111.39161689695008;4244808;[5,6,23,29,41,47,0,7,12,27,37,47,0,5,9,18,36,40,7,12,20,25,28,44,12,20,23,37,47,51,12,15,18,27,36,46];[2,0,1,3,5,4,1,2,4,5,0,3,2,3,5,0,1,4,1,0,2,3,4,5,2,1,4,5,0,3,1,3,5,0,4,2];[2,2,3,2,3,7,0,0,7,5,7,3,7,3,3,8,6,0,6,8,0,7,4,6,1,5,2,3,1,3,4,4,6,6,0,0];[[0.34661995661142697,3.4661995661142697,1.0],[0.2286410960833074,2.286410960833074,1.0],[0.012392470279078194,0.12392470279078194,1.0],[0.9308270259025113,9.308270259025113,1.0],[0.3225145761620236,3.225145761620236,1.0],[0.0006954578022455582,0.006954578022455582,1.0],[0.2097170717940725,2.097170717940725,1.0],[0.5179602272351016,5.179602272351016,1.0],[0.7628222106217201,7.6282221062172,1.0]]
2a_Hurink_sdata_1_workers.fjs;112.68073958301792;4897536;[5,6,15,31,40,49,3,10,15,26,37,47,0,6,16,29,37,43,10,15,23,28,35,43,15,23,26,36,49,52,0,3,6,20,31,35];[2,0,1,3,5,4,1,2,4,5,0,3,2,3,5,0,1,4,1,0,2,3,4,5,2,1,4,5,0,3,1,3,5,0,4,2];[7,4,1,2,6,7,0,5,8,5,7,8,7,8,3,8,6,0,6,4,1,1,4,6,2,5,2,3,0,3,6,5,3,6,4,3];[[0.8559393885152179,8.55939388515218,1.0],[0.8004839408308784,8.004839408308783,1.0],[0.5938433496209707,5.938433496209708,1.0],[0.8870093324131678,8.870093324131679,1.0],[0.741558169706834,7.4155816970683395,1.0],[0.8097670389513107,8.097670389513107,1.0],[0.2247324103169328,2.247324103169328,1.0],[0.9761818800633866,9.761818800633865,1.0],[0.6339038774096737,6.339038774096737,1.0]]
2a_Hurink_sdata_1_workers.fjs;112.81189987600919;4467228;[0,3,15,21,40,49,3,10,15,26,37,47,1,6,15,29,37,43,10,15,23,29,35,43,15,23,26,36,47,51,0,3,6,20,31,35];[2,0,1,3,5,4,1,2,4,5,0,3,2,3,5,0,1,4,1,0,2,3,4,5,2,1,4,5,0,3,1,3,5,0,4,2];[8,4,4,4,3,7,0,5,7,5,7,8,7,3,3,8,0,0,0,1,8,6,4,1,2,5,2,3,5,3,4,1,1,6,0,0];[[0.5198238265685563,5.198238265685563,1.0],[0.9583988744400509,9.583988744400509,1.0],[0.3402956357666065,3.402956357666065,1.0],[0.7081849781179302,7.081849781179303,1.0],[0.9252189405445452,9.252189405445453,1.0],[0.05032666735654623,0.5032666735654623,1.0],[0.6613275461751585,6.613275461751585,1.0],[0.82711411373077,8.271141137307701,1.0],[0.8734961127808921,8.734961127808921,1.0]]
2a_Hurink_sdata_1_workers.fjs;119.35475614981365;998916;[15,16,19,29,43,51,8,16,23,33,43,53,0,6,17,29,37,45,3,8,21,26,37,46,5,15,18,26,37,40,0,3,8,19,33,37];[2,0,1,3,5,4,1,2,4,5,0,3,2,3,5,0,1,4,1,0,2,3,4,5,2,1,4,5,0,3,1,3,5,0,4,2];[0,4,2,2,3,7,0,8,7,5,1,3,0,8,3,8,0,0,6,3,0,6,4,8,2,5,5,3,1,3,7,1,6,4,4,2];[[0.18019241848515155,1.8019241848515155,1.0],[0.48736227300275514,4.873622730027551,1.0],[0.07759170039841756,0.7759170039841756,1.0],[0.5225667244081349,5.2256672440813485,1.0],[0.9196433340252647,9.196433340252646,1.0],[0.8762509611803474,8.762509611803473,1.0],[0.5029695910906639,5.029695910906638,1.0],[0.8160267976375112,8.160267976375112,1.0],[0.8059112000327816,8.059112000327817,1.0]]
2a_Hurink_sdata_38_workers.fjs;4866.9258833431095;837816;[152,679,759,913,944,1033,1516,1579,1765,2122,0,493,667,938,1028,1316,1407,1428,1642,1736,195,267,338,621,759,909,1273,1451,1539,1806,0,338,381,459,600,857,1295,1478,1542,1659,13,166,343,459,1177,1591,1640,1740,1841,1903,310,634,1125,1493,1515,1579,1642,1984,2113,2178,0,121,386,595,773,1057,1062,1175,1813,2111,227,310,621,1348,1509,1541,1608,1671,1871,2060,245,298,349,405,617,721,913,1003,1407,1741,349,727,794,1083,1603,1697,1740,1841,2001,2111,279,765,1113,1231,1310,1401,1509,1564,1757,1943,0,66,300,512,857,903,1003,1124,1175,2033,0,372,467,532,666,1335,1348,1715,1797,1930,0,13,265,390,1393,1485,1525,1564,2026,2165,367,453,507,610,1129,1177,1428,1728,1938,1999,170,249,532,1057,1130,1212,1243,1335,1390,2148,66,138,249,265,1254,1736,1781,1930,2207,2231,51,328,453,663,1062,1238,1633,2044,2068,2166,220,383,591,1003,1119,1506,1944,2001,2122,2201,78,112,298,666,671,817,913,1169,1493,1659,183,245,263,530,600,1390,1738,1886,1999,2048,380,415,459,1125,1231,1407,1485,1731,1895,2122,114,546,794,1240,1485,1509,1738,1841,1989,2068,0,92,170,294,522,576,840,1199,1797,1976,0,338,654,912,996,1083,1161,1237,1262,2083,93,170,599,769,1354,1541,1640,1746,1871,2033,41,617,721,1028,1130,1401,1493,1628,1806,2166,41,383,494,512,679,996,1082,1129,1199,1564,65,112,459,595,669,944,1124,1620,1885,2074,92,428,759,843,930,1212,1240,1741,1806,1886];[0,2,3,7,9,6,8,5,1,4,3,0,6,2,8,9,1,4,7,5,4,3,8,9,1,6,5,2,7,0,1,5,0,6,2,9,3,4,8,7,0,4,3,5,1,9,6,8,7,2,7,0,1,6,5,3,4,2,8,9,7,5,1,8,2,4,3,0,9,6,2,4,7,8,6,3,9,5,1,0,7,9,2,8,6,3,5,4,0,1,9,6,5,1,2,8,0,4,3,7,8,0,9,3,6,5,4,2,7,1,4,3,0,8,2,1,7,6,5,9,9,1,6,7,0,8,4,2,5,3,0,6,1,3,8,5,4,9,7,2,2,0,5,6,3,7,1,9,4,8,1,5,6,0,8,4,9,2,7,3,4,7,1,8,0,6,9,5,3,2,1,0,7,8,4,5,9,2,3,6,0,6,1,5,9,8,3,4,2,7,1,0,6,5,4,7,8,2,9,3,7,9,6,3,8,2,4,1,0,5,2,5,4,0,6,9,8,7,3,1,4,3,6,2,9,0,7,8,5,1,8,1,3,5,9,4,6,0,2,7,5,3,2,0,1,9,6,8,7,4,7,2,0,9,5,6,1,4,3,8,5,0,9,2,1,6,7,8,3,4,6,5,8,1,3,0,7,2,9,4,0,9,3,5,1,7,4,2,6,8,3,9,2,0,6,8,4,5,1,7];[2,7,11,3,12,4,8,7,8,9,5,4,12,8,14,14,12,5,13,8,12,11,4,0,7,4,0,7,0,8,10,11,10,4,2,1,6,2,12,14,11,12,13,11,12,4,8,10,6,3,6,1,1,11,10,11,0,7,13,14,4,10,11,2,1,2,10,10,5,3,6,12,5,12,14,6,4,10,2,14,5,0,10,6,7,9,7,9,14,8,3,14,4,13,8,5,1,10,14,5,12,9,0,2,8,13,9,6,14,6,7,6,3,8,14,6,11,6,13,10,9,7,13,0,10,11,9,3,3,8,3,0,2,9,2,10,4,1,3,3,14,5,2,8,12,5,4,11,4,10,11,3,12,9,7,1,7,1,1,7,2,9,13,13,9,9,12,10,6,1,12,7,10,14,7,14,3,4,8,9,9,12,13,3,0,4,8,13,2,5,7,13,5,1,11,7,8,3,12,13,4,7,1,11,3,11,13,11,4,2,1,0,3,13,10,10,5,13,7,11,12,1,10,11,8,2,0,4,2,4,14,5,14,8,7,10,0,0,11,11,6,9,6,10,0,3,2,8,4,2,6,5,7,8,0,5,11,5,7,5,0,4,6,6,14,9,3,9,1,2,8,5,12,9,6,10,8,10,9,14,3,4,0,9,13,3,4,1,5,0,7,1,5,2,2,11,5,4,9,2];[[0.7773566427005639,7.7735664270056395,1.0],[0.6698255595592497,6.698255595592498,1.0],[0.09913960392481702,0.9913960392481702,1.0],[0.35297051119014544,3.529705111901454,1.0],[0.4679077429008419,4.679077429008419,1.0],[0.5346837414708775,5.346837414708775,1.0],[0.9783090609123973,9.783090609123974,1.0],[0.13031535015865903,1.3031535015865903,1.0],[0.6712434682302663,6.712434682302662,1.0],[0.36422941594737557,3.6422941594737557,1.0],[0.48883570716198577,4.888357071619858,1.0],[0.20301221073405373,2.0301221073405373,1.0],[0.6661983755713592,6.661983755713592,1.0],[0.2276630312069321,2.276630312069321,1.0],[0.4580640582967631,4.580640582967631,1.0]]
2a_Hurink_sdata_38_workers.fjs;5189.939796903478;731808;[260,404,575,701,974,1306,1533,1547,1662,2027,303,758,916,1124,1311,1428,1824,1845,2202,2218,17,62,251,300,742,808,1471,1852,1929,2032,15,607,655,730,1343,1724,1830,2069,2251,2388,208,369,600,730,1188,1412,1629,1727,1834,1930,102,418,737,1613,1678,1742,1797,2213,2337,2394,262,402,799,1205,1214,1298,1422,1531,1613,2010,0,115,242,403,478,682,778,2029,2193,2208,546,922,1013,1108,1260,1327,1391,1608,1662,2169,0,79,146,153,195,212,491,555,2014,2111,0,555,737,905,1117,1214,1662,2109,2218,2348,171,704,730,846,905,1471,1716,1791,1966,2029,117,274,509,608,1069,1210,1515,1563,1868,2169,405,452,478,774,905,1082,1422,1586,1613,2147,104,127,249,380,971,1015,1812,1824,2148,2394,195,337,647,1163,1396,1484,1514,1797,2032,2111,62,194,287,448,846,1214,1292,1327,1864,2073,303,448,491,546,743,977,1742,1906,1930,2260,47,220,404,542,607,704,1015,1124,1395,1521,0,167,296,1077,1336,1414,1510,1725,1851,2202,45,161,607,728,743,951,1414,1755,1906,2148,72,808,850,949,1038,1214,1292,1329,1354,2260,121,335,403,1031,1327,1536,1698,1930,2096,2213,300,331,404,506,542,635,738,1221,1476,1879,0,12,153,321,635,743,968,1484,1510,2209,0,484,637,771,778,826,1097,1303,1613,2071,153,932,1062,1298,1343,1515,1791,2109,2268,2334,146,382,462,556,643,1203,1221,1429,1685,1724,0,79,506,971,1013,1270,1529,1641,1864,2032,17,369,547,1002,1412,1540,1678,1812,1879,2298];[0,2,3,7,9,6,8,5,1,4,3,0,6,2,8,9,1,4,7,5,4,3,8,9,1,6,5,2,7,0,1,5,0,6,2,9,3,4,8,7,0,4,3,5,1,9,6,8,7,2,7,0,1,6,5,3,4,2,8,9,7,5,1,8,2,4,3,0,9,6,2,4,7,8,6,3,9,5,1,0,7,9,2,8,6,3,5,4,0,1,9,6,5,1,2,8,0,4,3,7,8,0,9,3,6,5,4,2,7,1,4,3,0,8,2,1,7,6,5,9,9,1,6,7,0,8,4,2,5,3,0,6,1,3,8,5,4,9,7,2,2,0,5,6,3,7,1,9,4,8,1,5,6,0,8,4,9,2,7,3,4,7,1,8,0,6,9,5,3,2,1,0,7,8,4,5,9,2,3,6,0,6,1,5,9,8,3,4,2,7,1,0,6,5,4,7,8,2,9,3,7,9,6,3,8,2,4,1,0,5,2,5,4,0,6,9,8,7,3,1,4,3,6,2,9,0,7,8,5,1,8,1,3,5,9,4,6,0,2,7,5,3,2,0,1,9,6,8,7,4,7,2,0,9,5,6,1,4,3,8,5,0,9,2,1,6,7,8,3,4,6,5,8,1,3,0,7,2,9,4,0,9,3,5,1,7,4,2,6,8,3,9,2,0,6,8,4,5,1,7];[3,7,1,8,5,11,0,7,9,4,5,9,13,8,3,8,0,5,7,5,8,11,0,0,6,14,1,9,0,8,2,11,12,11,5,0,3,12,12,14,11,0,4,12,12,11,10,7,6,5,3,10,2,12,6,9,10,10,6,1,6,0,11,2,1,2,10,13,5,5,5,4,14,12,3,4,3,7,14,0,12,5,10,11,0,14,13,9,11,13,3,14,4,13,6,9,6,7,14,1,11,3,9,9,10,13,6,11,14,11,7,14,3,9,6,13,4,3,13,13,7,8,5,8,13,11,2,0,13,11,3,5,1,12,1,7,4,8,3,3,0,5,2,1,13,8,4,14,4,5,8,3,5,14,5,12,6,9,9,13,4,0,5,4,2,0,14,12,14,14,4,9,10,14,5,3,6,4,12,3,9,12,8,2,6,4,9,3,14,4,13,1,9,9,0,7,9,2,12,1,13,9,2,5,0,12,10,11,9,9,6,10,5,10,10,10,6,5,6,13,6,12,6,3,0,2,3,4,4,3,14,7,11,8,13,10,10,4,3,11,7,8,4,10,9,7,2,9,4,12,14,4,7,11,7,14,2,1,8,11,10,4,11,8,4,10,8,7,5,14,14,4,14,9,0,5,5,3,2,14,0,2,11,9,12,5,12,12,3,0,4,14,10,7,2,0,7,11,6,2];[[0.7966509679599704,7.966509679599704,1.0],[0.05862623274803458,0.5862623274803458,1.0],[0.7602397739740907,7.602397739740907,1.0],[0.8627037401845356,8.627037401845355,1.0],[0.09127403464611428,0.9127403464611428,1.0],[0.9024924365975527,9.024924365975528,1.0],[0.7858960565941281,7.858960565941281,1.0],[0.40667966546103385,4.0667966546103385,1.0],[0.37447264465852026,3.7447264465852026,1.0],[0.6490262282913547,6.490262282913547,1.0],[0.40092466608569977,4.009246660856998,1.0],[0.5721109226277574,5.721109226277575,1.0],[0.6077930620255084,6.077930620255084,1.0],[0.05072389565884072,0.5072389565884072,1.0],[0.7370880093375713,7.370880093375714,1.0]]
2a_Hurink_sdata_38_workers.fjs;4674.760846211243;722268;[0,653,733,760,903,1010,1112,1143,1366,1955,0,177,286,411,1123,1451,1539,1634,1688,1745,0,180,305,351,760,1193,1328,1413,1500,2007,105,282,425,767,1146,1208,1858,1923,1955,2047,111,163,637,725,817,1155,1512,1597,1704,1947,239,600,632,897,1037,1118,1603,1771,1833,2083,340,439,637,1118,1200,1284,1420,1488,1595,2073,0,85,110,501,636,760,879,903,1435,1748,177,420,525,546,714,1328,1626,1750,1800,1963,115,199,263,565,784,1012,1124,1500,1635,1827,31,1037,1193,1488,1700,1797,1880,1909,1967,2047,90,156,514,636,817,967,1032,1663,1880,2007,0,156,345,526,630,724,1022,1062,1235,1405,163,263,425,680,736,823,1289,1568,1603,2039,116,542,632,760,862,977,1139,1226,1684,2118,0,70,115,305,351,983,1086,1663,1748,1986,546,636,682,1266,1280,1462,1539,1571,1626,2105,180,876,922,977,1036,1108,1287,1577,1891,1987,345,425,501,565,777,934,986,1444,1718,2118,70,265,547,720,725,796,885,912,991,1173,0,470,673,1046,1208,1289,1351,1557,1986,2007,85,116,345,961,1112,1366,1451,1493,1825,1858,270,322,501,547,870,944,1012,1318,1512,1717,0,203,396,526,720,1140,1392,1493,1833,1917,270,498,733,794,876,1046,1211,1411,1437,2041,62,129,582,690,794,912,1022,1109,1240,1280,164,497,615,863,1109,1287,1392,1698,1760,1896,32,775,822,1293,1366,1405,1447,1601,1677,2083,63,487,791,1101,1151,1228,1365,1488,1597,1760,32,203,290,724,794,910,934,983,1228,1293];[0,2,3,7,9,6,8,5,1,4,3,0,6,2,8,9,1,4,7,5,4,3,8,9,1,6,5,2,7,0,1,5,0,6,2,9,3,4,8,7,0,4,3,5,1,9,6,8,7,2,7,0,1,6,5,3,4,2,8,9,7,5,1,8,2,4,3,0,9,6,2,4,7,8,6,3,9,5,1,0,7,9,2,8,6,3,5,4,0,1,9,6,5,1,2,8,0,4,3,7,8,0,9,3,6,5,4,2,7,1,4,3,0,8,2,1,7,6,5,9,9,1,6,7,0,8,4,2,5,3,0,6,1,3,8,5,4,9,7,2,2,0,5,6,3,7,1,9,4,8,1,5,6,0,8,4,9,2,7,3,4,7,1,8,0,6,9,5,3,2,1,0,7,8,4,5,9,2,3,6,0,6,1,5,9,8,3,4,2,7,1,0,6,5,4,7,8,2,9,3,7,9,6,3,8,2,4,1,0,5,2,5,4,0,6,9,8,7,3,1,4,3,6,2,9,0,7,8,5,1,8,1,3,5,9,4,6,0,2,7,5,3,2,0,1,9,6,8,7,4,7,2,0,9,5,6,1,4,3,8,5,0,9,2,1,6,7,8,3,4,6,5,8,1,3,0,7,2,9,4,0,9,3,5,1,7,4,2,6,8,3,9,2,0,6,8,4,5,1,7];[9,7,6,0,4,9,9,7,9,8,5,9,7,8,3,6,5,5,7,5,12,0,13,0,6,14,6,14,0,8,5,11,10,13,2,3,0,1,12,11,11,13,9,8,14,4,1,10,14,13,10,10,9,8,10,9,0,4,13,12,6,0,11,2,1,2,3,13,12,4,11,11,2,12,1,9,1,3,8,14,12,13,2,3,11,4,6,5,7,4,3,4,4,14,9,3,8,13,13,5,0,7,6,4,10,3,9,0,14,0,7,14,3,5,6,0,13,14,3,10,7,7,8,0,13,3,0,11,4,10,12,8,7,1,1,5,10,12,3,3,14,5,2,3,5,14,4,10,5,11,10,3,4,12,4,12,0,1,9,6,12,3,0,14,0,2,9,14,4,1,14,10,10,13,0,14,12,4,10,4,9,12,9,9,13,2,8,7,1,5,6,13,1,6,12,3,13,8,11,11,8,4,14,11,8,2,11,11,10,3,9,8,7,6,6,13,0,13,6,6,4,1,10,4,0,2,13,1,2,4,14,2,11,8,2,10,4,8,2,11,11,14,7,4,14,5,12,11,6,12,13,1,7,5,7,9,4,1,7,11,5,4,0,6,4,14,8,11,12,8,5,5,12,13,3,5,11,2,4,14,1,2,0,8,13,5,12,3,1,0,14,14,5,14,2,6,5,7,9,8];[[0.5209484070219088,5.209484070219088,1.0],[0.42125020101147315,4.212502010114731,1.0],[0.22094517308324657,2.2094517308324657,1.0],[0.13033708391670573,1.3033708391670573,1.0],[0.48395776843282956,4.839577684328296,1.0],[0.6260889663051598,6.260889663051597,1.0],[0.6211218319323739,6.21121831932374,1.0],[0.707277595965894,7.07277595965894,1.0],[0.43539590023548325,4.3539590023548325,1.0],[0.04809800715767443,0.4809800715767443,1.0],[0.2254847064342842,2.254847064342842,1.0],[0.788548045160999,7.88548045160999,1.0],[0.42108890435006496,4.21088904350065,1.0],[0.5652029481252892,5.6520294812528915,1.0],[0.6764042610645917,6.764042610645918,1.0]]
2a_Hurink_sdata_38_workers.fjs;4932.148345993597;474648;[870,933,1102,1212,1372,1927,2018,2025,2117,2158,34,643,733,1053,1150,1617,1732,1927,2120,2211,0,210,281,390,468,1122,1380,1611,1734,1837,83,196,308,399,549,710,865,1595,1757,1928,0,170,633,848,1000,1270,1293,1431,2076,2120,109,234,354,384,630,694,763,1498,1662,1879,210,404,897,927,1414,1498,1549,1616,1722,1861,13,348,656,695,1042,1078,1459,1585,1927,2121,594,656,1303,1323,1471,1524,1751,1844,2021,2158,127,455,623,630,694,1617,1895,1977,2065,2231,373,465,543,556,633,763,873,1013,1352,1943,44,110,615,643,804,1223,1465,1639,1850,1916,0,161,873,939,1028,1877,1898,1941,2117,2229,382,522,683,900,1064,1458,1558,1696,2136,2229,0,176,535,787,819,865,883,1484,1767,1843,0,70,115,1139,1235,1380,1806,1879,1997,2243,110,363,760,932,1181,1524,1585,1686,1839,2030,136,265,308,447,1235,1292,1511,1585,1686,1781,52,272,526,694,763,870,1200,1503,1665,1837,70,135,192,354,359,430,582,1143,1213,2164,52,109,348,499,519,862,1372,1522,1595,1910,135,359,430,733,794,1287,1411,1458,1781,1839,265,319,407,711,862,1122,1139,2064,2216,2268,74,272,395,499,594,888,1142,1274,1329,1579,302,390,407,788,1027,1125,1223,1734,2221,2231,0,170,447,856,898,1378,1644,1732,1812,1888,115,216,234,279,438,546,1157,1522,1611,2065,0,239,258,359,514,939,1303,1732,1959,2270,397,549,749,841,927,1064,1139,1223,1570,2025,0,279,431,543,939,1042,1064,1150,1579,1644];[0,2,3,7,9,6,8,5,1,4,3,0,6,2,8,9,1,4,7,5,4,3,8,9,1,6,5,2,7,0,1,5,0,6,2,9,3,4,8,7,0,4,3,5,1,9,6,8,7,2,7,0,1,6,5,3,4,2,8,9,7,5,1,8,2,4,3,0,9,6,2,4,7,8,6,3,9,5,1,0,7,9,2,8,6,3,5,4,0,1,9,6,5,1,2,8,0,4,3,7,8,0,9,3,6,5,4,2,7,1,4,3,0,8,2,1,7,6,5,9,9,1,6,7,0,8,4,2,5,3,0,6,1,3,8,5,4,9,7,2,2,0,5,6,3,7,1,9,4,8,1,5,6,0,8,4,9,2,7,3,4,7,1,8,0,6,9,5,3,2,1,0,7,8,4,5,9,2,3,6,0,6,1,5,9,8,3,4,2,7,1,0,6,5,4,7,8,2,9,3,7,9,6,3,8,2,4,1,0,5,2,5,4,0,6,9,8,7,3,1,4,3,6,2,9,0,7,8,5,1,8,1,3,5,9,4,6,0,2,7,5,3,2,0,1,9,6,8,7,4,7,2,0,9,5,6,1,4,3,8,5,0,9,2,1,6,7,8,3,4,6,5,8,1,3,0,7,2,9,4,0,9,3,5,1,7,4,2,6,8,3,9,2,0,6,8,4,5,1,7];[9,7,4,1,0,4,0,7,8,8,5,1,10,8,3,8,8,5,7,6,12,10,4,0,7,13,13,6,0,8,12,11,8,4,6,13,6,3,12,14,11,2,11,8,1,4,1,11,14,13,10,0,14,8,10,9,5,4,9,1,3,10,11,2,1,2,6,14,3,5,9,12,12,12,9,9,4,7,13,0,12,8,2,9,9,10,9,9,6,7,3,14,4,2,10,12,8,11,13,5,1,9,6,7,7,0,10,8,6,1,7,14,3,14,12,13,3,5,14,7,8,11,1,0,13,4,0,6,10,8,13,13,11,8,1,5,10,13,5,3,4,5,2,1,9,13,11,14,4,10,10,3,9,7,5,1,7,12,9,8,4,5,11,11,9,0,12,4,14,1,6,9,10,13,3,6,7,1,10,2,2,12,10,5,13,4,8,2,1,3,4,1,6,6,12,3,14,14,7,3,13,0,11,5,3,12,13,11,10,2,2,7,11,7,10,13,2,13,14,13,0,0,14,3,11,2,4,3,4,11,14,6,6,8,1,10,13,0,11,11,3,6,4,4,12,9,2,2,9,2,0,12,7,12,5,12,11,5,13,6,13,7,7,5,2,11,8,5,4,10,14,5,14,9,5,1,10,11,13,14,13,12,2,8,3,5,2,10,2,0,7,1,4,9,2,5,3,1,9,2];[[0.49734142093980327,4.973414209398033,1.0],[0.35999045686025677,3.5999045686025677,1.0],[0.7220617567237175,7.220617567237175,1.0],[0.44672126724761885,4.4672126724761885,1.0],[0.4533596515962979,4.533596515962978,1.0],[0.025925678678183073,0.25925678678183073,1.0],[0.33490089376309407,3.3490089376309404,1.0],[0.4755440242737675,4.755440242737675,1.0],[0.45132356511490823,4.513235651149082,1.0],[0.08788974506102976,0.8788974506102976,1.0],[0.29509671683068217,2.9509671683068217,1.0],[0.33863234208051063,3.3863234208051063,1.0],[0.9020959027552419,9.020959027552419,1.0],[0.7173473735926632,7.173473735926632,1.0],[0.8986159167700656,8.986159167700656,1.0]]
2a_Hurink_sdata_38_workers.fjs;5233.801923072355;909096;[47,534,897,921,1027,1173,1508,1636,1806,1901,366,498,586,695,785,869,957,975,1583,1998,0,79,152,391,584,1012,1443,1517,1683,2101,220,721,834,1079,1572,1624,1963,2015,2235,2413,110,162,287,764,814,957,1449,1941,2103,2147,62,162,192,348,834,969,1102,1306,1708,1806,152,244,331,361,375,459,785,1496,1889,2041,152,367,463,638,896,1253,1323,1728,2235,2318,244,297,345,373,470,1120,1522,1808,1862,1998,634,832,1167,1253,1289,1407,1501,1728,1808,1889,0,373,551,1144,1268,1365,1443,1832,2023,2293,197,263,345,481,614,655,1027,1719,1938,2153,345,467,516,1295,1397,1496,1597,1748,1832,2169,272,366,1012,1275,1321,1603,1636,1673,1804,2321,364,458,507,722,850,947,1241,1351,1382,1848,9,95,394,1025,1079,1941,2022,2264,2334,2413,314,367,551,565,939,1033,1240,2104,2158,2228,197,285,484,683,729,1128,1411,1624,1648,1762,192,272,481,634,1485,1581,1731,1969,2074,2147,452,586,1365,1517,1522,1600,1683,2003,2096,2259,0,62,640,1438,1515,1648,1862,2023,2080,2158,0,331,557,695,933,1128,1213,1232,1407,1848,263,398,676,846,1120,1572,1786,2142,2235,2413,9,375,480,595,973,1025,1102,1173,1405,1487,0,475,480,750,1151,1382,1545,1765,2325,2346,417,785,917,1020,1173,1621,1719,1870,1938,2334,14,328,1275,1365,1405,1846,1979,2080,2184,2318,185,701,721,741,933,1077,1537,1708,2235,2279,0,557,627,917,1077,1240,1295,1873,1967,2372,152,185,507,627,729,869,894,2003,2080,2235];[0,2,3,7,9,6,8,5,1,4,3,0,6,2,8,9,1,4,7,5,4,3,8,9,1,6,5,2,7,0,1,5,0,6,2,9,3,4,8,7,0,4,3,5,1,9,6,8,7,2,7,0,1,6,5,3,4,2,8,9,7,5,1,8,2,4,3,0,9,6,2,4,7,8,6,3,9,5,1,0,7,9,2,8,6,3,5,4,0,1,9,6,5,1,2,8,0,4,3,7,8,0,9,3,6,5,4,2,7,1,4,3,0,8,2,1,7,6,5,9,9,1,6,7,0,8,4,2,5,3,0,6,1,3,8,5,4,9,7,2,2,0,5,6,3,7,1,9,4,8,1,5,6,0,8,4,9,2,7,3,4,7,1,8,0,6,9,5,3,2,1,0,7,8,4,5,9,2,3,6,0,6,1,5,9,8,3,4,2,7,1,0,6,5,4,7,8,2,9,3,7,9,6,3,8,2,4,1,0,5,2,5,4,0,6,9,8,7,3,1,4,3,6,2,9,0,7,8,5,1,8,1,3,5,9,4,6,0,2,7,5,3,2,0,1,9,6,8,7,4,7,2,0,9,5,6,1,4,3,8,5,0,9,2,1,6,7,8,3,4,6,5,8,1,3,0,7,2,9,4,0,9,3,5,1,7,4,2,6,8,3,9,2,0,6,8,4,5,1,7];[9,7,13,9,8,1,10,7,14,2,5,9,10,8,5,6,5,5,13,3,12,4,7,0,6,0,7,2,0,8,6,11,7,13,5,11,3,12,12,11,11,0,1,12,14,11,8,2,14,3,12,10,12,5,10,3,14,14,6,4,3,0,11,2,1,2,8,10,5,5,4,11,3,12,1,4,3,10,5,14,5,6,13,3,11,8,4,9,6,14,3,4,5,0,8,6,6,7,13,9,8,13,12,12,11,0,4,7,14,13,7,2,3,7,5,2,4,13,14,7,6,7,13,7,10,2,9,11,8,11,3,10,10,10,1,4,10,11,5,3,12,5,2,0,8,13,4,10,4,4,8,3,8,9,5,1,8,6,9,2,4,4,14,5,12,5,5,2,14,14,13,9,10,14,0,9,14,1,1,1,9,12,12,9,0,9,9,11,2,5,12,1,9,9,3,0,14,3,1,1,4,4,11,13,14,6,0,11,3,2,1,0,12,7,10,13,6,5,1,3,8,9,10,14,9,2,2,9,13,9,14,12,6,3,1,11,2,4,12,11,5,4,2,10,11,5,12,14,11,2,6,3,2,4,5,2,4,1,8,11,13,2,2,6,3,12,8,11,4,4,14,4,14,13,1,10,11,11,9,14,3,4,1,7,0,7,5,7,10,0,14,1,14,8,2,11,5,0,6,2];[[0.4211249061401,4.211249061401,1.0],[0.9761073344853062,9.761073344853061,1.0],[0.6132800246752349,6.132800246752349,1.0],[0.6930423279788359,6.930423279788359,1.0],[0.5088628354481554,5.088628354481553,1.0],[0.18781156668551158,1.8781156668551158,1.0],[0.830121874145001,8.301218741450011,1.0],[0.8449241651217704,8.449241651217704,1.0],[0.20962821201639004,2.0962821201639006,1.0],[0.6505169872996391,6.505169872996391,1.0],[0.7003316191510263,7.003316191510263,1.0],[0.7150339547653067,7.150339547653068,1.0],[0.8091072451390076,8.091072451390076,1.0],[0.8451978833841938,8.451978833841938,1.0],[0.3695849781386673,3.695849781386673,1.0]]
2a_Hurink_sdata_38_workers.fjs;4833.161068330813;428436;[416,503,714,740,812,1004,1149,1509,1811,1893,291,478,604,658,804,1153,1548,1985,2127,2143,261,484,562,1684,1753,1811,1862,1970,2024,2127,15,68,211,352,360,452,870,907,1209,1486,283,484,671,769,892,962,1203,1300,1408,1475,163,742,919,986,1158,1466,1589,1829,2117,2182,253,385,1165,1295,1303,1399,1404,1570,2024,2124,41,478,484,503,815,999,1129,1332,1582,2191,48,199,247,266,494,781,1399,1935,1985,2163,0,125,476,693,748,898,1008,1077,1209,1300,355,566,644,804,1106,1249,1335,1572,1759,1855,12,975,1077,1157,1387,1486,1636,1764,2048,2221,79,501,538,604,914,1029,1404,1682,1769,1976,711,787,815,1021,1063,1479,1552,1657,1939,2124,114,168,514,980,1268,1452,1570,1601,1672,2085,68,335,658,772,942,1029,1060,1245,1557,2056,77,349,402,548,812,934,1026,1060,1335,1764,924,1105,1245,1547,1621,1672,1809,2100,2124,2202,335,416,729,937,1327,1424,1636,1733,1799,1849,0,46,272,380,514,1149,1399,1611,1753,1809,101,247,360,396,424,962,1327,1335,1527,1733,145,291,352,644,849,1242,1527,1842,1943,2186,211,416,739,787,907,1149,1390,1434,1601,2116,364,420,566,900,979,1249,1398,1468,2024,2152,0,12,17,86,168,1629,1832,1941,2143,2152,0,178,724,900,1129,1299,1398,1517,1876,1903,111,694,711,919,1195,1468,1715,1759,1991,2056,199,272,402,548,740,898,924,1434,1475,1854,0,650,905,1004,1012,1089,1165,1890,1976,2182,77,349,583,1166,1573,1676,1803,1991,2048,2202];[0,2,3,7,9,6,8,5,1,4,3,0,6,2,8,9,1,4,7,5,4,3,8,9,1,6,5,2,7,0,1,5,0,6,2,9,3,4,8,7,0,4,3,5,1,9,6,8,7,2,7,0,1,6,5,3,4,2,8,9,7,5,1,8,2,4,3,0,9,6,2,4,7,8,6,3,9,5,1,0,7,9,2,8,6,3,5,4,0,1,9,6,5,1,2,8,0,4,3,7,8,0,9,3,6,5,4,2,7,1,4,3,0,8,2,1,7,6,5,9,9,1,6,7,0,8,4,2,5,3,0,6,1,3,8,5,4,9,7,2,2,0,5,6,3,7,1,9,4,8,1,5,6,0,8,4,9,2,7,3,4,7,1,8,0,6,9,5,3,2,1,0,7,8,4,5,9,2,3,6,0,6,1,5,9,8,3,4,2,7,1,0,6,5,4,7,8,2,9,3,7,9,6,3,8,2,4,1,0,5,2,5,4,0,6,9,8,7,3,1,4,3,6,2,9,0,7,8,5,1,8,1,3,5,9,4,6,0,2,7,5,3,2,0,1,9,6,8,7,4,7,2,0,9,5,6,1,4,3,8,5,0,9,2,1,6,7,8,3,4,6,5,8,1,3,0,7,2,9,4,0,9,3,5,1,7,4,2,6,8,3,9,2,0,6,8,4,5,1,7];[4,7,11,5,4,9,4,7,11,8,5,9,5,8,6,1,6,5,7,10,12,4,13,0,7,1,1,9,0,8,12,11,10,11,6,14,9,3,12,11,11,2,9,5,1,1,8,2,14,8,12,10,8,12,6,12,1,2,13,14,2,10,11,2,1,2,6,6,9,4,14,4,7,12,8,7,8,7,8,1,5,6,6,7,1,6,3,5,11,5,3,6,5,0,3,11,3,11,14,9,4,14,6,14,10,3,12,5,6,6,1,2,3,14,10,9,11,3,14,10,6,0,1,0,13,12,2,3,4,10,3,10,11,14,1,10,10,8,3,3,5,11,2,10,0,13,4,7,4,3,13,3,14,4,4,10,0,7,9,12,12,8,11,5,12,5,7,2,4,0,7,7,10,13,5,6,10,4,6,9,12,3,9,9,0,2,9,10,2,12,12,4,13,1,8,7,13,0,5,5,7,0,7,5,8,11,4,11,1,4,13,3,13,13,0,13,2,13,6,8,11,12,14,7,9,2,12,1,4,12,9,13,9,4,1,4,4,4,2,11,1,10,14,4,3,7,9,8,0,1,13,8,7,3,0,5,11,5,13,11,0,4,1,1,5,14,12,12,12,3,5,5,8,12,2,10,8,9,5,14,5,3,2,5,13,12,3,10,6,0,1,2,6,0,2,10,3,10,5,2];[[0.4831103964860096,4.831103964860096,1.0],[0.9021829992468611,9.02182999246861,1.0],[0.5374571935128641,5.374571935128642,1.0],[0.8761340971511191,8.761340971511192,1.0],[0.573156942708234,5.7315694270823405,1.0],[0.994523847851402,9.945238478514021,1.0],[0.3574465703190305,3.574465703190305,1.0],[0.6617299629663892,6.617299629663892,1.0],[0.4882872262788658,4.882872262788657,1.0],[0.5726412824777106,5.726412824777106,1.0],[0.32388398325139345,3.2388398325139347,1.0],[0.8072354510963532,8.072354510963532,1.0],[0.8087324055796944,8.087324055796945,1.0],[0.660852452150834,6.60852452150834,1.0],[0.5802577271631468,5.802577271631469,1.0]]
2a_Hurink_sdata_38_workers.fjs;4681.603416752626;526680;[13,467,547,684,972,1376,1477,1544,1643,1871,338,533,648,721,852,1135,1271,1543,1959,2162,99,223,337,443,547,818,1290,1407,1728,2010,386,684,727,809,818,1060,1407,1471,1536,1651,195,411,683,734,805,1076,1541,1641,1915,2050,99,247,381,559,885,1193,1391,1640,1776,1841,0,123,302,332,383,1072,1247,1468,1593,1831,96,717,723,742,837,956,1386,1477,1627,1963,280,620,677,1006,1154,1543,1636,1821,1871,2020,233,574,727,734,1152,1193,1233,1303,1567,2065,31,277,355,370,468,559,702,956,1203,1946,342,660,901,1484,1705,1751,1840,1975,2106,2162,45,929,962,1027,1120,1308,1504,1933,2013,2106,0,13,78,294,529,637,665,1093,1470,1751,0,155,227,423,608,665,1391,1491,1671,1841,0,78,280,402,442,529,811,1055,1120,1652,0,798,943,992,1006,1108,1231,1415,1641,2013,356,442,559,702,737,837,1413,1616,1715,1889,74,155,233,396,529,980,1073,1422,1470,1559,332,492,721,956,994,1286,1375,1545,1665,1872,195,312,430,508,637,994,1077,1570,1627,1768,11,463,559,627,1027,1301,1622,1720,1810,2043,45,155,233,280,512,929,956,1096,1193,2131,0,832,980,1249,1522,1593,1729,1801,1853,2155,214,655,696,809,1184,1271,1467,1732,1831,1998,396,547,677,798,808,872,962,1085,1135,1267,315,699,716,1112,1152,1203,1369,1415,1477,2040,356,665,1249,1292,1371,1407,1423,1500,1729,1959,355,402,443,508,621,742,798,872,1308,2010,574,885,1303,1473,1626,1754,1776,1821,1874,1975];[0,2,3,7,9,6,8,5,1,4,3,0,6,2,8,9,1,4,7,5,4,3,8,9,1,6,5,2,7,0,1,5,0,6,2,9,3,4,8,7,0,4,3,5,1,9,6,8,7,2,7,0,1,6,5,3,4,2,8,9,7,5,1,8,2,4,3,0,9,6,2,4,7,8,6,3,9,5,1,0,7,9,2,8,6,3,5,4,0,1,9,6,5,1,2,8,0,4,3,7,8,0,9,3,6,5,4,2,7,1,4,3,0,8,2,1,7,6,5,9,9,1,6,7,0,8,4,2,5,3,0,6,1,3,8,5,4,9,7,2,2,0,5,6,3,7,1,9,4,8,1,5,6,0,8,4,9,2,7,3,4,7,1,8,0,6,9,5,3,2,1,0,7,8,4,5,9,2,3,6,0,6,1,5,9,8,3,4,2,7,1,0,6,5,4,7,8,2,9,3,7,9,6,3,8,2,4,1,0,5,2,5,4,0,6,9,8,7,3,1,4,3,6,2,9,0,7,8,5,1,8,1,3,5,9,4,6,0,2,7,5,3,2,0,1,9,6,8,7,4,7,2,0,9,5,6,1,4,3,8,5,0,9,2,1,6,7,8,3,4,6,5,8,1,3,0,7,2,9,4,0,9,3,5,1,7,4,2,6,8,3,9,2,0,6,8,4,5,1,7];[3,7,3,3,5,4,10,7,0,10,5,9,5,8,11,9,11,5,7,14,8,6,1,0,7,5,6,1,0,8,2,11,0,5,10,13,0,3,12,14,11,14,1,5,1,4,3,11,14,5,9,10,9,8,8,4,2,10,13,1,8,10,11,2,1,2,10,11,5,0,7,9,10,12,13,9,14,7,3,0,12,14,13,12,8,8,12,5,5,5,3,6,4,13,2,7,8,11,14,9,4,9,0,6,8,0,10,0,6,11,12,1,3,14,1,11,3,3,3,7,0,3,13,8,10,4,0,6,4,1,3,5,11,6,2,2,10,2,6,3,12,5,2,5,1,2,11,10,4,8,1,3,8,4,4,10,8,3,1,6,0,11,3,2,14,5,2,3,6,1,8,12,10,6,9,3,8,1,10,4,12,3,5,9,4,9,9,11,2,13,4,1,7,6,0,0,6,0,3,8,7,7,8,13,0,11,11,11,8,2,6,3,13,13,6,13,6,12,10,13,7,12,12,14,11,2,8,4,12,0,14,1,4,1,11,4,7,6,9,1,10,3,7,12,0,13,9,14,11,12,13,12,6,1,7,4,10,1,7,5,13,13,3,6,11,14,3,7,5,3,7,7,12,9,1,10,12,2,2,14,3,0,14,14,9,1,14,9,7,0,11,14,8,1,2,14,4,2,2,2];[[0.34661995661142697,3.4661995661142697,1.0],[0.2286410960833074,2.286410960833074,1.0],[0.012392470279078194,0.12392470279078194,1.0],[0.9308270259025113,9.308270259025113,1.0],[0.3225145761620236,3.225145761620236,1.0],[0.0006954578022455582,0.006954578022455582,1.0],[0.2097170717940725,2.097170717940725,1.0],[0.5179602272351016,5.179602272351016,1.0],[0.7628222106217201,7.6282221062172,1.0],[0.3089717897377221,3.089717897377221,1.0],[0.15113122452813788,1.5113122452813788,1.0],[0.07045772229012492,0.7045772229012492,1.0],[0.8725064026541692,8.725064026541693,1.0],[0.3074981421409557,3.074981421409557,1.0],[0.272859759997538,2.7285975999753798,1.0]]
2a_Hurink_sdata_38_workers.fjs;4746.897775495219;2187156;[86,198,385,636,664,840,1234,1286,1987,2121,125,240,486,716,806,1062,1647,1855,1934,1950,15,157,227,1159,1228,1495,1516,1590,1647,1873,137,513,910,1023,1032,1584,1658,1773,2017,2180,858,956,1081,1210,1286,1390,1410,1495,1596,2129,276,734,901,1102,1117,1181,1335,1506,1784,1993,362,805,910,1129,1159,1366,1504,1574,1666,1879,0,228,461,562,641,673,984,1607,1809,1983,72,328,858,898,1117,1235,1378,1719,1773,2119,179,262,485,645,877,1240,1391,1466,1879,1950,0,524,840,846,931,1023,1106,1121,1159,1735,155,228,452,480,892,1431,1504,1579,1766,1950,0,46,172,479,764,1400,1412,1426,2013,2107,147,237,486,607,1134,1464,1544,1746,1838,2063,172,345,641,749,994,1140,1159,1406,1658,1983,60,320,673,984,1024,1121,1228,1336,1417,1574,59,226,276,645,1046,1516,1634,1676,1772,1855,292,480,581,736,770,898,1433,1727,1783,2017,160,410,832,933,1302,1390,1400,1580,1645,1750,0,46,86,1106,1223,1334,1584,1751,1826,2122,125,258,329,572,658,932,994,1590,1666,1735,72,276,320,602,755,896,1214,1640,1955,2031,104,254,364,410,505,1461,1579,1849,1955,2146,8,322,479,766,1008,1151,1809,1931,1983,2130,160,587,607,652,734,846,1032,1106,1129,1296,181,550,1024,1055,1181,1250,1340,1431,1634,1746,0,328,375,505,1106,1163,1291,1646,1707,2094,0,227,716,956,1042,1139,1244,1679,1875,1917,0,138,409,479,562,664,877,1243,1340,1607,0,44,185,385,538,1283,1802,1855,1914,2040];[0,2,3,7,9,6,8,5,1,4,3,0,6,2,8,9,1,4,7,5,4,3,8,9,1,6,5,2,7,0,1,5,0,6,2,9,3,4,8,7,0,4,3,5,1,9,6,8,7,2,7,0,1,6,5,3,4,2,8,9,7,5,1,8,2,4,3,0,9,6,2,4,7,8,6,3,9,5,1,0,7,9,2,8,6,3,5,4,0,1,9,6,5,1,2,8,0,4,3,7,8,0,9,3,6,5,4,2,7,1,4,3,0,8,2,1,7,6,5,9,9,1,6,7,0,8,4,2,5,3,0,6,1,3,8,5,4,9,7,2,2,0,5,6,3,7,1,9,4,8,1,5,6,0,8,4,9,2,7,3,4,7,1,8,0,6,9,5,3,2,1,0,7,8,4,5,9,2,3,6,0,6,1,5,9,8,3,4,2,7,1,0,6,5,4,7,8,2,9,3,7,9,6,3,8,2,4,1,0,5,2,5,4,0,6,9,8,7,3,1,4,3,6,2,9,0,7,8,5,1,8,1,3,5,9,4,6,0,2,7,5,3,2,0,1,9,6,8,7,4,7,2,0,9,5,6,1,4,3,8,5,0,9,2,1,6,7,8,3,4,6,5,8,1,3,0,7,2,9,4,0,9,3,5,1,7,4,2,6,8,3,9,2,0,6,8,4,5,1,7];[3,7,5,6,6,4,13,7,11,10,5,9,13,8,2,1,6,5,7,2,12,5,1,0,7,1,11,2,0,8,6,11,8,10,0,9,9,12,12,14,11,9,10,12,1,14,3,9,14,0,11,10,6,8,6,4,9,5,13,7,6,10,11,2,1,2,4,13,11,4,5,10,4,12,14,9,8,3,9,14,5,9,13,3,11,3,11,9,6,12,3,14,5,0,12,13,8,0,10,5,13,14,0,14,4,3,13,0,5,10,10,11,3,10,7,12,3,10,3,7,7,11,13,7,13,6,2,6,10,5,3,14,12,9,2,14,0,13,9,3,14,5,2,14,12,8,10,14,4,6,13,3,7,5,7,12,8,8,4,12,0,4,5,11,14,7,12,10,14,14,3,6,10,3,9,2,10,1,2,6,9,12,5,2,3,2,9,7,14,5,12,4,14,6,14,0,3,7,12,9,2,0,10,5,8,12,1,11,12,14,9,0,0,13,0,10,2,13,2,9,8,12,10,11,11,2,8,3,10,1,9,12,4,6,1,9,10,6,0,11,3,5,3,4,12,9,2,2,4,2,12,9,6,5,7,4,1,5,4,11,6,13,4,8,3,11,11,2,12,6,8,5,14,13,9,3,2,7,11,14,11,0,2,9,11,3,13,6,5,0,4,1,14,7,2,10,14,0,12,2];[[0.8559393885152179,8.55939388515218,1.0],[0.8004839408308784,8.004839408308783,1.0],[0.5938433496209707,5.938433496209708,1.0],[0.8870093324131678,8.870093324131679,1.0],[0.741558169706834,7.4155816970683395,1.0],[0.8097670389513107,8.097670389513107,1.0],[0.2247324103169328,2.247324103169328,1.0],[0.9761818800633866,9.761818800633865,1.0],[0.6339038774096737,6.339038774096737,1.0],[0.5580285642552777,5.580285642552777,1.0],[0.4463526500656817,4.463526500656817,1.0],[0.28336462923826333,2.8336462923826335,1.0],[0.9019880415639555,9.019880415639555,1.0],[0.03268507148422006,0.32685071484220063,1.0],[0.4362825217209084,4.3628252172090844,1.0]]
2a_Hurink_sdata_38_workers.fjs;5097.338574619634;319920;[94,352,471,499,529,704,1048,1339,1658,1876,499,785,882,956,1131,1266,1388,1428,1511,1641,787,891,1000,1478,1761,1846,1868,1943,1998,2152,128,209,296,617,710,824,1034,1114,2024,2329,157,209,352,395,549,667,1195,1438,1539,1717,234,368,418,602,662,736,984,1046,1358,1761,335,566,837,867,872,1015,1318,1440,1572,1868,0,781,840,1225,1370,1495,1547,1572,1720,1900,0,404,692,710,937,983,1016,1478,1807,2097,256,423,560,867,1108,1314,1445,1563,1643,1696,128,921,1056,1069,1402,1712,1803,1820,1918,2121,131,234,667,805,1367,1539,1609,1738,1790,1943,0,427,490,692,1010,1120,1147,1161,1246,2016,0,249,471,1133,1539,1646,1676,1720,1786,2206,85,416,921,1188,1270,1590,1747,1796,2045,2121,325,515,626,745,872,954,984,1307,1419,2031,33,83,404,418,456,555,793,824,881,2080,282,542,785,954,1161,1209,1345,1693,1871,2101,13,94,204,444,872,988,1392,1712,2045,2101,189,256,296,657,1020,1206,1291,1407,1669,1950,129,684,983,1018,1054,1246,1420,1601,1658,1676,97,132,252,695,1109,1188,1270,1318,1771,1918,83,157,376,536,785,882,899,1868,1997,2239,0,46,257,352,1069,1342,1495,1738,1861,2189,97,132,462,585,667,754,799,1415,1528,1761,427,633,899,1062,1125,1280,1406,1528,2094,2152,0,399,449,493,805,1018,1345,1625,1696,2106,172,252,431,573,1454,1790,1871,1997,2045,2134,209,335,395,1009,1062,1145,1266,1521,1669,1790,0,46,449,1367,1566,1693,1823,1943,2024,2239];[0,2,3,7,9,6,8,5,1,4,3,0,6,2,8,9,1,4,7,5,4,3,8,9,1,6,5,2,7,0,1,5,0,6,2,9,3,4,8,7,0,4,3,5,1,9,6,8,7,2,7,0,1,6,5,3,4,2,8,9,7,5,1,8,2,4,3,0,9,6,2,4,7,8,6,3,9,5,1,0,7,9,2,8,6,3,5,4,0,1,9,6,5,1,2,8,0,4,3,7,8,0,9,3,6,5,4,2,7,1,4,3,0,8,2,1,7,6,5,9,9,1,6,7,0,8,4,2,5,3,0,6,1,3,8,5,4,9,7,2,2,0,5,6,3,7,1,9,4,8,1,5,6,0,8,4,9,2,7,3,4,7,1,8,0,6,9,5,3,2,1,0,7,8,4,5,9,2,3,6,0,6,1,5,9,8,3,4,2,7,1,0,6,5,4,7,8,2,9,3,7,9,6,3,8,2,4,1,0,5,2,5,4,0,6,9,8,7,3,1,4,3,6,2,9,0,7,8,5,1,8,1,3,5,9,4,6,0,2,7,5,3,2,0,1,9,6,8,7,4,7,2,0,9,5,6,1,4,3,8,5,0,9,2,1,6,7,8,3,4,6,5,8,1,3,0,7,2,9,4,0,9,3,5,1,7,4,2,6,8,3,9,2,0,6,8,4,5,1,7];[9,7,0,7,6,1,13,7,11,14,5,3,14,8,6,8,8,5,13,14,12,4,9,0,7,3,10,9,0,8,4,11,10,9,3,9,11,3,12,14,11,2,9,2,14,4,3,10,9,13,9,4,14,8,7,11,0,4,6,10,3,10,11,2,1,2,9,13,4,4,7,9,1,12,14,12,4,3,2,11,5,11,10,14,0,11,12,5,11,8,3,14,5,11,7,6,3,7,13,9,6,5,9,2,14,0,2,7,14,3,10,1,3,5,3,10,9,14,3,10,6,3,13,8,10,5,2,5,4,5,3,8,1,13,1,5,0,11,5,3,0,5,2,12,12,0,11,14,4,8,11,3,12,4,7,10,6,13,11,6,9,13,6,0,12,8,0,13,5,14,12,9,10,3,4,2,11,1,5,0,12,3,0,3,6,9,9,10,1,5,12,13,13,9,1,0,3,0,2,1,7,9,1,13,14,11,1,11,14,10,2,12,11,13,10,10,5,12,4,12,10,9,12,7,8,2,12,3,3,1,9,6,7,6,3,4,2,6,13,1,0,2,9,4,0,9,6,2,14,12,13,8,2,3,7,14,12,5,7,6,13,4,10,4,14,7,8,1,4,10,8,4,8,13,2,1,12,4,10,14,3,2,1,7,9,14,10,12,6,0,1,1,11,13,2,5,14,7,8,2];[[0.5198238265685563,5.198238265685563,1.0],[0.9583988744400509,9.583988744400509,1.0],[0.3402956357666065,3.402956357666065,1.0],[0.7081849781179302,7.081849781179303,1.0],[0.9252189405445452,9.252189405445453,1.0],[0.05032666735654623,0.5032666735654623,1.0],[0.6613275461751585,6.613275461751585,1.0],[0.82711411373077,8.271141137307701,1.0],[0.8734961127808921,8.734961127808921,1.0],[0.5913019030238962,5.913019030238962,1.0],[0.11264722490163037,1.1264722490163037,1.0],[0.34477784983246407,3.4477784983246407,1.0],[0.011377599382669468,0.11377599382669468,1.0],[0.7909742881977946,7.909742881977946,1.0],[0.3277964015146908,3.277964015146908,1.0]]
2a_Hurink_sdata_38_workers.fjs;4981.2678364662115;501432;[94,157,492,549,1026,1220,1311,1452,1983,2088,34,299,494,591,776,947,1044,1142,1676,1931,99,519,592,649,896,1685,1706,1835,2013,2270,434,526,585,665,911,1349,1617,1652,2022,2285,157,284,365,639,841,882,1135,1220,1309,1426,238,917,1319,1706,1867,1983,2038,2088,2188,2245,0,99,390,732,958,1398,1403,1468,1893,1977,328,400,432,454,674,888,1148,1387,1922,2186,99,481,687,1387,1547,1593,1617,1698,1936,2222,0,158,267,643,718,880,1192,1403,1652,1748,446,504,643,822,896,1084,1493,1509,1596,2031,211,342,428,639,822,983,1066,1721,1811,1977,211,420,549,687,783,1109,1128,1348,1936,2103,80,328,577,643,1605,1780,1809,1846,1928,2022,0,209,318,425,597,780,882,1367,1509,1784,492,820,1311,1387,1477,1570,1721,1960,2116,2213,406,577,868,1122,1477,1759,2116,2147,2203,2240,365,456,632,698,1070,1175,1627,1742,1893,2041,0,80,158,428,529,869,927,1748,1800,2195,341,877,986,1065,1314,1426,1819,1889,2188,2270,334,609,629,911,1026,1627,1906,2112,2169,2204,237,273,451,663,714,1398,1586,1692,1744,1819,158,211,351,494,629,1268,1563,1691,2030,2169,0,255,688,783,898,947,1065,1135,1268,1353,493,592,862,953,1220,1319,1477,1564,1586,2133,186,269,406,637,688,1387,1477,1603,1867,2108,186,389,429,734,952,1593,1700,1844,2038,2175,232,406,425,685,783,1348,1509,1695,1795,1846,249,299,415,519,758,841,1192,1547,1811,2149,0,342,481,714,793,1084,1266,1324,1593,1838];[0,2,3,7,9,6,8,5,1,4,3,0,6,2,8,9,1,4,7,5,4,3,8,9,1,6,5,2,7,0,1,5,0,6,2,9,3,4,8,7,0,4,3,5,1,9,6,8,7,2,7,0,1,6,5,3,4,2,8,9,7,5,1,8,2,4,3,0,9,6,2,4,7,8,6,3,9,5,1,0,7,9,2,8,6,3,5,4,0,1,9,6,5,1,2,8,0,4,3,7,8,0,9,3,6,5,4,2,7,1,4,3,0,8,2,1,7,6,5,9,9,1,6,7,0,8,4,2,5,3,0,6,1,3,8,5,4,9,7,2,2,0,5,6,3,7,1,9,4,8,1,5,6,0,8,4,9,2,7,3,4,7,1,8,0,6,9,5,3,2,1,0,7,8,4,5,9,2,3,6,0,6,1,5,9,8,3,4,2,7,1,0,6,5,4,7,8,2,9,3,7,9,6,3,8,2,4,1,0,5,2,5,4,0,6,9,8,7,3,1,4,3,6,2,9,0,7,8,5,1,8,1,3,5,9,4,6,0,2,7,5,3,2,0,1,9,6,8,7,4,7,2,0,9,5,6,1,4,3,8,5,0,9,2,1,6,7,8,3,4,6,5,8,1,3,0,7,2,9,4,0,9,3,5,1,7,4,2,6,8,3,9,2,0,6,8,4,5,1,7];[9,7,6,14,5,4,13,7,9,3,5,1,14,8,12,8,14,5,7,14,8,4,2,0,1,0,11,9,0,8,10,11,3,5,6,4,6,6,12,14,11,12,3,2,4,14,3,9,14,3,9,3,12,8,6,11,14,14,6,10,8,0,11,2,1,2,1,14,3,4,5,10,7,12,9,6,14,10,8,14,5,1,10,12,0,3,4,5,14,4,3,6,5,13,0,5,5,8,13,5,11,12,6,9,2,8,9,11,14,13,10,6,3,11,0,7,14,10,3,13,3,11,10,8,13,12,2,0,10,1,12,8,14,12,1,14,10,1,5,3,6,5,2,7,9,9,11,11,5,7,13,3,7,6,4,4,8,12,9,8,0,1,14,1,12,3,0,7,5,0,6,5,10,3,9,7,10,4,9,4,9,3,13,2,0,8,9,6,1,12,0,4,0,9,8,0,13,0,0,5,4,11,7,11,8,3,11,11,5,3,6,7,9,6,10,13,6,12,12,7,3,12,8,7,5,2,12,9,2,2,14,3,7,4,13,11,4,0,5,1,2,9,0,10,3,13,2,14,2,12,0,8,2,12,5,4,1,5,3,5,14,13,14,12,5,9,12,11,1,3,4,7,5,13,0,5,13,3,11,14,13,6,13,6,11,7,14,10,12,0,7,14,14,1,2,11,0,12,0,2];[[0.18019241848515155,1.8019241848515155,1.0],[0.48736227300275514,4.873622730027551,1.0],[0.07759170039841756,0.7759170039841756,1.0],[0.5225667244081349,5.2256672440813485,1.0],[0.9196433340252647,9.196433340252646,1.0],[0.8762509611803474,8.762509611803473,1.0],[0.5029695910906639,5.029695910906638,1.0],[0.8160267976375112,8.160267976375112,1.0],[0.8059112000327816,8.059112000327817,1.0],[0.2140591090540045,2.140591090540045,1.0],[0.08805821114486456,0.8805821114486456,1.0],[0.20329737064426556,2.0329737064426556,1.0],[0.5837360924329463,5.837360924329463,1.0],[0.6737333796339059,6.737333796339059,1.0],[0.1608013027204077,1.6080130272040771,1.0]]
2a_Hurink_sdata_40_workers.fjs;3653.9388365735235;2212272;[0,43,178,246,393,626,723,836,877,1030,1103,1175,1217,1502,1628,0,61,169,208,370,472,586,684,771,854,919,1249,1463,1562,1586,241,334,486,548,586,648,760,867,946,1030,1127,1252,1414,1566,1609,0,23,232,265,327,366,432,469,555,760,850,1010,1175,1373,1566,0,106,158,232,241,320,327,427,439,555,593,899,1004,1073,1172,246,327,469,645,684,698,763,850,952,1004,1082,1172,1189,1283,1608,0,81,140,210,282,481,567,748,880,903,1039,1094,1215,1367,1401,0,99,305,394,453,500,580,719,844,952,1173,1473,1556,1562,1646,38,59,258,366,421,472,567,639,719,811,988,1328,1427,1609,1716,0,61,291,394,453,717,797,933,941,1015,1087,1131,1364,1487,1552,81,169,256,375,964,1024,1033,1126,1131,1206,1283,1369,1442,1530,1566,81,166,232,761,840,957,1073,1174,1206,1249,1270,1284,1373,1530,1675,0,80,140,210,495,580,717,771,850,931,1033,1369,1442,1526,1646,59,160,427,495,645,742,815,1103,1174,1284,1296,1357,1480,1487,1629,0,265,327,357,394,452,548,636,684,877,957,987,1217,1328,1466];[5,6,11,9,2,14,3,10,12,13,1,7,8,4,0,1,3,7,2,14,0,9,8,6,5,13,4,10,12,11,6,8,0,9,10,12,2,11,13,3,5,1,4,14,7,10,12,3,4,2,0,8,7,13,9,11,6,1,14,5,9,8,3,6,0,7,1,4,13,5,11,10,2,14,12,11,7,5,6,0,3,13,4,2,10,12,8,14,1,9,4,2,9,5,14,13,10,12,0,3,7,8,6,1,11,6,5,11,9,14,10,7,13,1,4,2,3,12,0,8,11,5,9,2,0,6,12,13,10,1,7,4,3,14,8,11,1,3,13,9,14,0,10,7,4,5,6,12,8,2,4,12,1,7,5,0,11,3,2,13,6,10,9,14,8,12,1,10,5,8,6,2,13,4,11,0,14,3,9,7,2,7,5,9,1,14,3,10,13,12,0,6,8,4,11,11,6,1,12,9,5,3,13,10,0,2,8,14,7,4,13,3,4,9,11,10,0,8,2,6,5,1,7,12,14];[7,6,10,10,18,20,0,12,19,12,21,6,0,3,3,20,2,1,13,14,13,17,13,4,6,7,1,11,2,1,1,21,4,16,8,12,3,14,21,20,17,10,21,13,4,12,12,19,14,18,2,19,16,19,18,17,5,3,5,9,21,7,7,11,8,3,19,14,3,6,9,2,18,20,0,18,5,19,17,21,2,17,0,8,19,13,11,8,13,19,9,18,10,2,10,20,21,16,2,6,1,1,14,18,11,11,3,12,16,6,8,7,7,1,0,5,0,7,10,0,17,10,9,16,8,10,4,15,21,18,2,4,1,21,14,3,5,20,15,0,2,21,16,2,7,4,9,20,18,5,1,12,15,5,9,10,17,9,5,13,2,13,6,9,8,9,4,7,14,16,4,18,20,21,8,6,11,8,15,20,4,8,8,14,7,10,0,13,3,20,11,10,17,1,8,16,18,2,21,1,4,8,7,19,4,14,19,16,12,1,8,6,3,8,11,5,18,18,18,12,3,6,11,1,12];[[0.7773566427005639,7.7735664270056395,1.0],[0.6698255595592497,6.698255595592498,1.0],[0.09913960392481702,0.9913960392481702,1.0],[0.35297051119014544,3.529705111901454,1.0],[0.4679077429008419,4.679077429008419,1.0],[0.5346837414708775,5.346837414708775,1.0],[0.9783090609123973,9.783090609123974,1.0],[0.13031535015865903,1.3031535015865903,1.0],[0.6712434682302663,6.712434682302662,1.0],[0.36422941594737557,3.6422941594737557,1.0],[0.48883570716198577,4.888357071619858,1.0],[0.20301221073405373,2.0301221073405373,1.0],[0.6661983755713592,6.661983755713592,1.0],[0.2276630312069321,2.276630312069321,1.0],[0.4580640582967631,4.580640582967631,1.0],[0.040722397554957435,0.40722397554957435,1.0],[0.9742897953778286,9.742897953778286,1.0],[0.4874760742689066,4.874760742689066,1.0],[0.4616138636373597,4.616138636373597,1.0],[0.7141471558082002,7.141471558082002,1.0],[0.4157281494999725,4.157281494999725,1.0],[0.888011688001529,8.88011688001529,1.0]]
2a_Hurink_sdata_40_workers.fjs;3450.325866580381;3166476;[149,344,454,529,623,705,787,879,917,1038,1111,1171,1251,1467,1507,0,74,220,279,339,393,433,665,752,948,1111,1137,1219,1294,1407,40,169,263,399,433,680,781,797,954,1038,1085,1171,1369,1465,1507,0,85,145,176,236,321,380,419,564,822,874,902,993,1085,1216,0,106,209,536,621,689,696,1065,1137,1176,1216,1295,1329,1392,1465,109,172,220,302,380,433,477,724,875,1025,1144,1236,1314,1366,1509,88,339,635,680,787,921,954,969,1023,1173,1264,1394,1407,1440,1472,0,167,246,332,492,535,565,737,796,892,950,1048,1319,1325,1469,0,21,106,206,407,454,564,659,777,875,909,965,1123,1236,1369,208,262,347,433,496,587,689,769,777,825,908,1038,1325,1407,1469,0,129,209,264,341,454,529,670,1042,1176,1254,1343,1421,1509,1545,0,88,134,396,483,548,595,628,659,700,797,927,1264,1320,1398,0,15,74,299,412,535,587,642,852,1023,1111,1164,1312,1456,1539,21,144,347,412,541,635,654,781,969,1042,1088,1149,1220,1227,1319,0,176,236,261,347,492,525,621,705,822,902,909,978,1111,1366];[5,6,11,9,2,14,3,10,12,13,1,7,8,4,0,1,3,7,2,14,0,9,8,6,5,13,4,10,12,11,6,8,0,9,10,12,2,11,13,3,5,1,4,14,7,10,12,3,4,2,0,8,7,13,9,11,6,1,14,5,9,8,3,6,0,7,1,4,13,5,11,10,2,14,12,11,7,5,6,0,3,13,4,2,10,12,8,14,1,9,4,2,9,5,14,13,10,12,0,3,7,8,6,1,11,6,5,11,9,14,10,7,13,1,4,2,3,12,0,8,11,5,9,2,0,6,12,13,10,1,7,4,3,14,8,11,1,3,13,9,14,0,10,7,4,5,6,12,8,2,4,12,1,7,5,0,11,3,2,13,6,10,9,14,8,12,1,10,5,8,6,2,13,4,11,0,14,3,9,7,2,7,5,9,1,14,3,10,13,12,0,6,8,4,11,11,6,1,12,9,5,3,13,10,0,2,8,14,7,4,13,3,4,9,11,10,0,8,2,6,5,1,7,12,14];[7,3,7,10,6,20,0,7,7,12,13,3,18,10,5,18,15,14,1,16,13,3,13,13,15,11,18,11,6,8,20,0,7,5,4,12,6,19,21,7,20,20,12,5,17,12,0,12,19,11,20,1,8,21,13,15,5,20,2,6,21,10,6,13,15,21,19,5,11,16,14,17,8,3,20,9,5,16,11,14,1,17,9,8,17,8,20,3,20,19,8,15,12,0,17,20,13,14,2,12,0,8,14,17,11,3,3,9,17,4,0,7,7,8,2,18,7,11,9,0,10,6,17,11,7,5,17,8,5,1,12,3,10,8,6,3,12,21,20,11,10,11,8,15,3,11,21,10,0,8,1,6,12,10,0,18,14,1,19,0,19,17,6,3,8,9,1,20,11,8,9,9,19,16,9,6,8,7,15,19,15,15,18,14,0,6,5,7,9,4,6,17,16,8,0,19,20,18,19,16,4,21,7,19,1,14,21,16,15,6,8,4,8,2,12,19,11,20,18,20,0,6,13,5,16];[[0.7966509679599704,7.966509679599704,1.0],[0.05862623274803458,0.5862623274803458,1.0],[0.7602397739740907,7.602397739740907,1.0],[0.8627037401845356,8.627037401845355,1.0],[0.09127403464611428,0.9127403464611428,1.0],[0.9024924365975527,9.024924365975528,1.0],[0.7858960565941281,7.858960565941281,1.0],[0.40667966546103385,4.0667966546103385,1.0],[0.37447264465852026,3.7447264465852026,1.0],[0.6490262282913547,6.490262282913547,1.0],[0.40092466608569977,4.009246660856998,1.0],[0.5721109226277574,5.721109226277575,1.0],[0.6077930620255084,6.077930620255084,1.0],[0.05072389565884072,0.5072389565884072,1.0],[0.7370880093375713,7.370880093375714,1.0],[0.708486383757228,7.08486383757228,1.0],[0.9221724532030824,9.221724532030823,1.0],[0.7149390332589045,7.149390332589045,1.0],[0.6557724968554814,6.5577249685548145,1.0],[0.7371071646895253,7.371071646895253,1.0],[0.18754222176317448,1.8754222176317448,1.0],[0.5019778365908455,5.019778365908455,1.0]]
2a_Hurink_sdata_40_workers.fjs;3716.948367852494;482124;[0,18,117,218,230,469,551,643,862,949,1022,1094,1136,1205,1228,0,293,390,428,551,648,682,745,889,1188,1279,1450,1526,1592,1616,77,182,276,340,812,910,1009,1027,1192,1279,1429,1524,1536,1649,1692,0,85,262,293,381,422,514,691,805,869,914,997,1094,1193,1286,0,107,159,236,484,558,675,782,1109,1148,1279,1367,1435,1498,1655,0,59,107,381,634,680,1022,1109,1205,1256,1337,1429,1444,1551,1635,0,123,178,259,339,423,542,558,838,857,937,997,1088,1276,1367,341,451,492,623,682,726,756,1148,1192,1291,1343,1435,1509,1515,1640,59,339,423,523,582,634,783,869,949,970,1185,1343,1509,1571,1715,79,117,367,470,745,910,991,1076,1136,1228,1364,1403,1515,1578,1640,72,174,254,314,514,574,582,675,680,728,805,970,1084,1309,1444,0,217,262,378,451,514,562,623,655,721,1076,1109,1288,1343,1444,107,123,189,259,306,423,469,476,542,682,783,1217,1283,1439,1660,192,290,402,470,538,623,643,657,756,1091,1134,1331,1435,1551,1624,123,236,262,379,415,574,857,1010,1054,1134,1239,1309,1490,1616,1715];[5,6,11,9,2,14,3,10,12,13,1,7,8,4,0,1,3,7,2,14,0,9,8,6,5,13,4,10,12,11,6,8,0,9,10,12,2,11,13,3,5,1,4,14,7,10,12,3,4,2,0,8,7,13,9,11,6,1,14,5,9,8,3,6,0,7,1,4,13,5,11,10,2,14,12,11,7,5,6,0,3,13,4,2,10,12,8,14,1,9,4,2,9,5,14,13,10,12,0,3,7,8,6,1,11,6,5,11,9,14,10,7,13,1,4,2,3,12,0,8,11,5,9,2,0,6,12,13,10,1,7,4,3,14,8,11,1,3,13,9,14,0,10,7,4,5,6,12,8,2,4,12,1,7,5,0,11,3,2,13,6,10,9,14,8,12,1,10,5,8,6,2,13,4,11,0,14,3,9,7,2,7,5,9,1,14,3,10,13,12,0,6,8,4,11,11,6,1,12,9,5,3,13,10,0,2,8,14,7,4,13,3,4,9,11,10,0,8,2,6,5,1,7,12,14];[7,3,7,10,2,20,0,21,17,21,21,6,8,17,7,0,21,2,11,14,0,4,13,10,3,20,12,5,2,12,10,15,3,13,19,11,4,11,1,14,17,8,15,13,3,20,1,8,19,1,4,15,12,10,3,14,0,3,5,7,17,9,0,7,11,3,17,15,11,16,1,4,7,3,5,18,5,16,11,7,0,17,9,9,13,17,20,9,13,2,11,14,2,0,17,20,3,21,2,13,0,8,16,19,11,1,3,9,16,15,8,7,7,4,18,18,6,5,9,4,2,18,17,21,18,19,14,15,20,13,12,2,7,8,8,3,6,12,15,11,17,9,10,6,8,21,13,21,0,3,4,5,17,2,19,13,17,4,20,6,5,15,10,19,8,9,6,20,8,19,16,2,12,12,20,3,17,12,15,20,17,20,8,1,14,0,18,7,10,16,16,2,16,3,0,14,12,15,0,5,6,2,7,19,1,14,14,18,10,6,17,20,6,20,6,19,9,20,4,2,3,9,13,11,4];[[0.5209484070219088,5.209484070219088,1.0],[0.42125020101147315,4.212502010114731,1.0],[0.22094517308324657,2.2094517308324657,1.0],[0.13033708391670573,1.3033708391670573,1.0],[0.48395776843282956,4.839577684328296,1.0],[0.6260889663051598,6.260889663051597,1.0],[0.6211218319323739,6.21121831932374,1.0],[0.707277595965894,7.07277595965894,1.0],[0.43539590023548325,4.3539590023548325,1.0],[0.04809800715767443,0.4809800715767443,1.0],[0.2254847064342842,2.254847064342842,1.0],[0.788548045160999,7.88548045160999,1.0],[0.42108890435006496,4.21088904350065,1.0],[0.5652029481252892,5.6520294812528915,1.0],[0.6764042610645917,6.764042610645918,1.0],[0.7568325816320766,7.568325816320765,1.0],[0.16251102322256883,1.6251102322256883,1.0],[0.4662293326345085,4.662293326345085,1.0],[0.652658580109924,6.526585801099239,1.0],[0.9348323542569703,9.348323542569704,1.0],[0.28093837261172117,2.8093837261172117,1.0],[0.9004772145836625,9.004772145836625,1.0]]
2a_Hurink_sdata_40_workers.fjs;3600.694038380912;1467816;[0,43,199,266,278,476,560,656,834,1235,1308,1372,1421,1486,1510,220,303,476,517,678,746,785,859,1152,1305,1348,1394,1474,1540,1629,101,193,388,458,517,732,834,850,929,1013,1036,1105,1197,1427,1469,152,276,479,566,691,761,820,971,1084,1148,1197,1356,1447,1524,1614,0,107,226,303,312,404,411,511,523,599,639,718,926,990,1383,38,297,353,461,505,540,598,920,1084,1143,1226,1315,1376,1524,1598,193,365,419,518,594,691,757,883,935,1158,1240,1296,1321,1372,1567,0,43,122,199,258,301,517,724,778,858,990,1084,1158,1164,1535,102,122,278,419,455,505,656,776,858,883,915,1022,1240,1287,1398,0,38,122,226,375,403,518,599,607,678,781,817,1315,1474,1610,0,88,168,220,297,380,388,652,734,1158,1235,1321,1394,1482,1610,0,122,142,168,287,363,447,562,629,718,1086,1102,1427,1482,1591,0,345,431,602,634,726,778,785,854,935,1036,1086,1152,1474,1486,266,410,511,584,656,741,785,1013,1084,1232,1244,1331,1469,1560,1591,0,514,540,566,602,610,644,772,850,926,1152,1190,1296,1403,1614];[5,6,11,9,2,14,3,10,12,13,1,7,8,4,0,1,3,7,2,14,0,9,8,6,5,13,4,10,12,11,6,8,0,9,10,12,2,11,13,3,5,1,4,14,7,10,12,3,4,2,0,8,7,13,9,11,6,1,14,5,9,8,3,6,0,7,1,4,13,5,11,10,2,14,12,11,7,5,6,0,3,13,4,2,10,12,8,14,1,9,4,2,9,5,14,13,10,12,0,3,7,8,6,1,11,6,5,11,9,14,10,7,13,1,4,2,3,12,0,8,11,5,9,2,0,6,12,13,10,1,7,4,3,14,8,11,1,3,13,9,14,0,10,7,4,5,6,12,8,2,4,12,1,7,5,0,11,3,2,13,6,10,9,14,8,12,1,10,5,8,6,2,13,4,11,0,14,3,9,7,2,7,5,9,1,14,3,10,13,12,0,6,8,4,11,11,6,1,12,9,5,3,13,10,0,2,8,14,7,4,13,3,4,9,11,10,0,8,2,6,5,1,7,12,14];[7,13,9,10,13,20,0,12,10,12,12,8,20,20,8,17,21,3,4,16,6,12,8,0,14,18,13,5,9,20,19,2,13,2,3,21,6,19,21,8,16,14,21,5,1,20,19,7,15,11,20,1,9,21,21,7,0,3,12,1,20,21,3,2,11,17,19,14,11,16,14,19,10,1,16,16,5,15,1,2,15,11,0,7,10,16,4,12,20,16,19,2,0,2,7,20,18,5,2,18,19,5,9,7,11,19,3,10,16,11,6,7,12,3,9,3,6,7,14,4,16,5,12,6,14,21,1,8,3,20,12,17,9,21,1,3,4,14,20,0,3,16,10,12,7,16,17,3,16,4,1,6,4,5,10,18,7,3,16,6,2,13,6,12,8,9,18,7,6,16,8,16,11,18,9,8,15,12,15,5,13,5,12,14,21,3,12,13,21,16,8,4,17,14,0,14,1,17,20,6,4,9,7,9,20,14,5,18,15,3,10,6,10,1,17,9,13,18,18,20,4,15,11,7,12];[[0.49734142093980327,4.973414209398033,1.0],[0.35999045686025677,3.5999045686025677,1.0],[0.7220617567237175,7.220617567237175,1.0],[0.44672126724761885,4.4672126724761885,1.0],[0.4533596515962979,4.533596515962978,1.0],[0.025925678678183073,0.25925678678183073,1.0],[0.33490089376309407,3.3490089376309404,1.0],[0.4755440242737675,4.755440242737675,1.0],[0.45132356511490823,4.513235651149082,1.0],[0.08788974506102976,0.8788974506102976,1.0],[0.29509671683068217,2.9509671683068217,1.0],[0.33863234208051063,3.3863234208051063,1.0],[0.9020959027552419,9.020959027552419,1.0],[0.7173473735926632,7.173473735926632,1.0],[0.8986159167700656,8.986159167700656,1.0],[0.032997165944182005,0.32997165944182005,1.0],[0.2284682145918675,2.284682145918675,1.0],[0.5381470661357333,5.381470661357333,1.0],[0.06127510457974772,0.6127510457974772,1.0],[0.22935566071129299,2.29355660711293,1.0],[0.5598162304796008,5.598162304796008,1.0],[0.0008471767611641923,0.008471767611641923,1.0]]
2a_Hurink_sdata_40_workers.fjs;3648.453640572323;2981604;[80,310,377,471,600,682,764,856,899,1032,1111,1182,1270,1367,1462,0,301,375,417,471,620,754,865,1028,1111,1182,1209,1342,1420,1446,39,130,228,292,331,422,525,544,613,697,762,831,1394,1481,1524,0,272,521,701,768,841,952,1113,1209,1274,1325,1385,1469,1546,1639,0,228,396,470,544,722,729,851,877,916,954,1043,1105,1178,1256,0,61,109,272,310,375,503,599,701,1083,1161,1253,1341,1393,1549,88,158,212,257,336,422,455,698,822,916,1053,1113,1268,1301,1489,0,39,613,695,764,811,839,987,1032,1143,1197,1335,1414,1524,1650,230,336,376,471,497,544,624,698,776,842,1004,1053,1143,1256,1341,80,118,210,455,515,544,634,754,768,863,1159,1301,1446,1588,1650,0,109,339,417,497,813,822,999,1004,1105,1182,1268,1342,1430,1465,0,85,107,191,282,377,497,776,808,916,937,951,1414,1471,1590,212,230,376,483,515,624,672,680,808,948,1228,1469,1545,1588,1599,118,216,272,339,544,701,856,916,1161,1217,1285,1367,1465,1473,1599,0,83,158,331,471,629,711,813,865,947,1043,1178,1274,1505,1639];[5,6,11,9,2,14,3,10,12,13,1,7,8,4,0,1,3,7,2,14,0,9,8,6,5,13,4,10,12,11,6,8,0,9,10,12,2,11,13,3,5,1,4,14,7,10,12,3,4,2,0,8,7,13,9,11,6,1,14,5,9,8,3,6,0,7,1,4,13,5,11,10,2,14,12,11,7,5,6,0,3,13,4,2,10,12,8,14,1,9,4,2,9,5,14,13,10,12,0,3,7,8,6,1,11,6,5,11,9,14,10,7,13,1,4,2,3,12,0,8,11,5,9,2,0,6,12,13,10,1,7,4,3,14,8,11,1,3,13,9,14,0,10,7,4,5,6,12,8,2,4,12,1,7,5,0,11,3,2,13,6,10,9,14,8,12,1,10,5,8,6,2,13,4,11,0,14,3,9,7,2,7,5,9,1,14,3,10,13,12,0,6,8,4,11,11,6,1,12,9,5,3,13,10,0,2,8,14,7,4,13,3,4,9,11,10,0,8,2,6,5,1,7,12,14];[7,14,3,5,6,20,0,10,10,12,13,6,4,11,0,13,10,19,17,16,13,5,13,17,2,13,3,5,18,1,0,12,14,13,15,11,9,12,21,15,16,18,12,13,4,18,5,11,2,18,20,12,11,13,10,7,21,3,0,12,11,11,7,9,16,0,19,8,11,6,20,10,12,5,5,21,5,9,1,17,5,13,0,10,19,17,15,3,0,16,8,13,13,21,11,20,19,4,2,11,0,9,18,19,11,4,3,12,16,6,7,7,3,8,15,21,13,7,5,0,9,21,18,12,7,10,11,8,21,6,11,14,20,11,11,3,16,2,10,12,14,13,16,2,2,16,9,10,11,17,1,5,0,8,3,10,5,11,9,6,2,8,6,6,8,9,21,20,18,8,6,9,9,1,8,5,4,4,15,10,9,3,12,14,6,2,10,3,3,16,6,2,10,20,15,14,5,6,20,5,0,18,7,19,1,14,8,18,4,3,10,10,20,2,18,5,13,17,19,19,20,12,13,21,18];[[0.4211249061401,4.211249061401,1.0],[0.9761073344853062,9.761073344853061,1.0],[0.6132800246752349,6.132800246752349,1.0],[0.6930423279788359,6.930423279788359,1.0],[0.5088628354481554,5.088628354481553,1.0],[0.18781156668551158,1.8781156668551158,1.0],[0.830121874145001,8.301218741450011,1.0],[0.8449241651217704,8.449241651217704,1.0],[0.20962821201639004,2.0962821201639006,1.0],[0.6505169872996391,6.505169872996391,1.0],[0.7003316191510263,7.003316191510263,1.0],[0.7150339547653067,7.150339547653068,1.0],[0.8091072451390076,8.091072451390076,1.0],[0.8451978833841938,8.451978833841938,1.0],[0.3695849781386673,3.695849781386673,1.0],[0.5056149902637381,5.056149902637381,1.0],[0.7206140757071586,7.206140757071586,1.0],[0.14319015826691817,1.4319015826691817,1.0],[0.026697115061789622,0.2669711506178962,1.0],[0.15341588178909327,1.5341588178909327,1.0],[0.8363432326370349,8.363432326370349,1.0],[0.3246336983988545,3.2463369839885448,1.0]]
2a_Hurink_sdata_40_workers.fjs;3472.5729762817996;322296;[65,133,292,424,436,678,760,878,991,1049,1143,1203,1246,1319,1385,0,68,140,178,229,277,603,670,757,842,1200,1228,1365,1446,1474,40,217,368,436,498,561,663,681,754,852,890,969,1057,1144,1329,0,169,217,277,681,754,810,851,946,1010,1057,1161,1268,1445,1535,0,102,275,557,566,795,802,935,1010,1049,1249,1328,1365,1535,1612,108,178,229,307,355,368,388,486,582,795,1040,1167,1388,1437,1524,89,229,283,439,523,608,641,938,993,1040,1139,1194,1335,1513,1544,0,83,205,360,424,468,498,641,714,792,846,938,1139,1319,1395,0,20,102,283,308,369,451,530,657,678,714,846,1120,1222,1527,167,222,388,486,575,608,678,754,802,949,1089,1245,1373,1465,1527,0,89,169,292,377,439,447,754,759,838,915,999,1081,1186,1549,0,85,105,307,377,509,722,915,1020,1120,1143,1311,1388,1446,1524,0,18,124,327,360,468,523,561,685,847,935,999,1069,1144,1155,20,451,509,663,734,969,1024,1129,1200,1256,1267,1328,1437,1445,1473,25,248,342,475,749,762,810,901,948,1069,1161,1203,1268,1335,1612];[5,6,11,9,2,14,3,10,12,13,1,7,8,4,0,1,3,7,2,14,0,9,8,6,5,13,4,10,12,11,6,8,0,9,10,12,2,11,13,3,5,1,4,14,7,10,12,3,4,2,0,8,7,13,9,11,6,1,14,5,9,8,3,6,0,7,1,4,13,5,11,10,2,14,12,11,7,5,6,0,3,13,4,2,10,12,8,14,1,9,4,2,9,5,14,13,10,12,0,3,7,8,6,1,11,6,5,11,9,14,10,7,13,1,4,2,3,12,0,8,11,5,9,2,0,6,12,13,10,1,7,4,3,14,8,11,1,3,13,9,14,0,10,7,4,5,6,12,8,2,4,12,1,7,5,0,11,3,2,13,6,10,9,14,8,12,1,10,5,8,6,2,13,4,11,0,14,3,9,7,2,7,5,9,1,14,3,10,13,12,0,6,8,4,11,11,6,1,12,9,5,3,13,10,0,2,8,14,7,4,13,3,4,9,11,10,0,8,2,6,5,1,7,12,14];[7,21,4,10,16,20,0,7,10,3,13,11,16,9,13,18,2,2,9,16,6,11,13,1,2,18,10,5,10,8,1,14,2,2,2,21,17,6,21,5,17,4,12,5,1,10,14,11,16,1,14,15,14,21,12,6,21,20,12,7,5,11,11,12,4,19,20,7,11,16,3,6,19,17,16,7,7,15,15,2,15,3,9,6,3,1,4,2,4,13,6,2,9,21,16,20,3,10,2,13,1,20,16,21,11,1,3,5,7,15,0,7,7,11,4,10,14,15,10,0,16,20,0,21,7,5,14,8,19,11,12,9,19,12,16,3,13,12,15,7,10,0,2,12,13,16,8,3,0,18,0,9,12,5,14,13,4,9,9,13,5,7,6,3,8,9,12,20,10,8,12,14,13,17,13,3,18,10,15,1,19,6,8,1,17,13,10,13,9,15,11,15,2,4,15,19,19,0,8,5,8,1,7,19,1,14,15,18,7,3,10,4,6,20,8,19,8,2,20,14,4,2,13,8,12];[[0.4831103964860096,4.831103964860096,1.0],[0.9021829992468611,9.02182999246861,1.0],[0.5374571935128641,5.374571935128642,1.0],[0.8761340971511191,8.761340971511192,1.0],[0.573156942708234,5.7315694270823405,1.0],[0.994523847851402,9.945238478514021,1.0],[0.3574465703190305,3.574465703190305,1.0],[0.6617299629663892,6.617299629663892,1.0],[0.4882872262788658,4.882872262788657,1.0],[0.5726412824777106,5.726412824777106,1.0],[0.32388398325139345,3.2388398325139347,1.0],[0.8072354510963532,8.072354510963532,1.0],[0.8087324055796944,8.087324055796945,1.0],[0.660852452150834,6.60852452150834,1.0],[0.5802577271631468,5.802577271631469,1.0],[0.04408639890691246,0.4408639890691246,1.0],[0.7725635994624831,7.725635994624831,1.0],[0.340181488474281,3.4018148847428096,1.0],[0.09506024617702258,0.9506024617702258,1.0],[0.23214768683087816,2.321476868308782,1.0],[0.29508457816293987,2.9508457816293987,1.0],[0.12277001052286385,1.2277001052286385,1.0]]
2a_Hurink_sdata_40_workers.fjs;3608.8051716881164;514224;[0,40,152,228,240,511,709,825,867,935,1008,1303,1345,1523,1546,0,67,142,341,418,497,512,712,862,937,1247,1273,1364,1430,1456,280,456,553,670,712,767,867,1033,1163,1247,1257,1326,1349,1437,1568,0,85,142,174,427,620,675,712,871,935,1015,1033,1139,1338,1510,40,141,201,272,280,441,456,556,832,871,1097,1327,1364,1515,1588,91,183,500,582,675,689,745,832,946,1072,1155,1247,1264,1345,1429,0,69,141,190,269,418,487,703,894,913,1064,1437,1516,1546,1577,0,149,287,364,466,512,539,701,745,987,1049,1264,1345,1363,1450,267,341,575,686,712,777,924,1008,1155,1232,1345,1437,1523,1588,1673,228,372,456,556,712,742,988,1064,1124,1171,1326,1363,1456,1521,1586,69,157,237,364,441,799,807,894,998,1086,1163,1249,1327,1479,1586,0,85,107,269,341,404,466,599,630,894,1077,1091,1345,1510,1637,0,16,74,240,289,372,418,425,487,602,837,937,1015,1060,1345,0,104,162,289,427,582,602,630,767,825,885,1264,1331,1394,1588,0,174,239,272,364,372,406,553,597,686,913,1077,1242,1303,1673];[5,6,11,9,2,14,3,10,12,13,1,7,8,4,0,1,3,7,2,14,0,9,8,6,5,13,4,10,12,11,6,8,0,9,10,12,2,11,13,3,5,1,4,14,7,10,12,3,4,2,0,8,7,13,9,11,6,1,14,5,9,8,3,6,0,7,1,4,13,5,11,10,2,14,12,11,7,5,6,0,3,13,4,2,10,12,8,14,1,9,4,2,9,5,14,13,10,12,0,3,7,8,6,1,11,6,5,11,9,14,10,7,13,1,4,2,3,12,0,8,11,5,9,2,0,6,12,13,10,1,7,4,3,14,8,11,1,3,13,9,14,0,10,7,4,5,6,12,8,2,4,12,1,7,5,0,11,3,2,13,6,10,9,14,8,12,1,10,5,8,6,2,13,4,11,0,14,3,9,7,2,7,5,9,1,14,3,10,13,12,0,6,8,4,11,11,6,1,12,9,5,3,13,10,0,2,8,14,7,4,13,3,4,9,11,10,0,8,2,6,5,1,7,12,14];[7,12,15,10,13,20,0,15,8,12,6,13,10,17,18,4,6,20,16,16,13,3,13,3,9,14,12,5,18,15,15,1,13,15,16,12,17,19,21,3,16,17,21,5,7,13,8,4,16,18,2,9,19,10,0,11,21,4,0,13,3,11,6,10,12,3,19,18,11,18,14,16,17,3,0,21,7,16,4,13,14,17,9,8,3,8,15,18,13,13,18,13,0,21,7,20,20,2,2,6,0,21,14,14,11,3,3,10,18,14,6,7,7,8,9,7,15,7,14,11,2,13,18,12,4,21,17,8,1,17,11,4,7,1,14,3,4,21,1,21,3,0,16,0,13,14,12,14,5,12,1,9,8,10,7,13,6,16,10,13,2,20,19,12,8,9,15,7,16,19,1,16,15,19,5,6,10,8,15,21,1,8,18,0,9,20,7,2,17,16,2,11,5,20,15,20,17,17,8,6,16,17,7,9,20,14,5,10,16,3,17,4,2,1,0,9,8,8,8,18,19,12,13,7,5];[[0.34661995661142697,3.4661995661142697,1.0],[0.2286410960833074,2.286410960833074,1.0],[0.012392470279078194,0.12392470279078194,1.0],[0.9308270259025113,9.308270259025113,1.0],[0.3225145761620236,3.225145761620236,1.0],[0.0006954578022455582,0.006954578022455582,1.0],[0.2097170717940725,2.097170717940725,1.0],[0.5179602272351016,5.179602272351016,1.0],[0.7628222106217201,7.6282221062172,1.0],[0.3089717897377221,3.089717897377221,1.0],[0.15113122452813788,1.5113122452813788,1.0],[0.07045772229012492,0.7045772229012492,1.0],[0.8725064026541692,8.725064026541693,1.0],[0.3074981421409557,3.074981421409557,1.0],[0.272859759997538,2.7285975999753798,1.0],[0.9838464878398866,9.838464878398867,1.0],[0.7385079487399623,7.385079487399623,1.0],[0.7690782380223464,7.690782380223464,1.0],[0.7347776517949599,7.347776517949599,1.0],[0.040110031230356946,0.40110031230356946,1.0],[0.7832762173461114,7.832762173461115,1.0],[0.9889075602289727,9.889075602289727,1.0]]
2a_Hurink_sdata_40_workers.fjs;3507.2613697188563;414204;[0,93,185,280,464,543,625,717,790,1015,1099,1244,1290,1557,1580,143,241,321,359,474,648,720,798,944,1014,1088,1153,1244,1416,1471,0,93,182,524,560,691,914,930,1180,1267,1276,1345,1369,1525,1568,0,85,210,328,543,585,660,780,1115,1180,1231,1274,1358,1435,1525,0,208,321,401,512,585,592,735,1267,1345,1387,1471,1505,1568,1641,126,185,235,359,439,481,499,592,780,832,1015,1274,1290,1461,1530,94,185,618,656,778,861,924,940,995,1014,1094,1149,1244,1530,1564,212,420,461,656,733,798,844,969,1015,1099,1153,1288,1374,1379,1451,252,315,354,439,464,538,619,692,773,827,944,995,1146,1190,1355,0,38,123,210,252,280,357,619,627,798,861,1161,1286,1378,1568,0,133,281,359,474,640,648,733,738,780,858,1025,1231,1341,1568,0,123,143,354,420,485,584,661,699,735,759,861,945,1014,1430,0,19,78,294,337,425,474,481,592,840,1014,1094,1227,1276,1288,38,157,212,337,439,535,738,894,969,1072,1085,1161,1279,1287,1505,321,401,439,560,598,627,661,754,832,1014,1094,1231,1314,1379,1416];[5,6,11,9,2,14,3,10,12,13,1,7,8,4,0,1,3,7,2,14,0,9,8,6,5,13,4,10,12,11,6,8,0,9,10,12,2,11,13,3,5,1,4,14,7,10,12,3,4,2,0,8,7,13,9,11,6,1,14,5,9,8,3,6,0,7,1,4,13,5,11,10,2,14,12,11,7,5,6,0,3,13,4,2,10,12,8,14,1,9,4,2,9,5,14,13,10,12,0,3,7,8,6,1,11,6,5,11,9,14,10,7,13,1,4,2,3,12,0,8,11,5,9,2,0,6,12,13,10,1,7,4,3,14,8,11,1,3,13,9,14,0,10,7,4,5,6,12,8,2,4,12,1,7,5,0,11,3,2,13,6,10,9,14,8,12,1,10,5,8,6,2,13,4,11,0,14,3,9,7,2,7,5,9,1,14,3,10,13,12,0,6,8,4,11,11,6,1,12,9,5,3,13,10,0,2,8,14,7,4,13,3,4,9,11,10,0,8,2,6,5,1,7,12,14];[7,15,6,2,18,20,0,8,7,12,21,10,5,19,12,3,17,4,16,16,18,19,13,15,3,9,10,11,9,1,1,11,14,8,4,11,13,11,1,14,16,1,0,13,3,20,14,8,2,1,2,15,3,2,20,6,21,3,12,20,17,3,14,12,6,17,17,18,3,7,15,2,8,16,12,7,20,13,4,9,17,11,9,21,12,16,6,12,0,6,16,7,10,2,5,20,6,21,2,13,1,9,7,18,11,1,3,10,7,14,16,7,16,4,15,4,14,19,14,5,5,18,0,21,2,10,4,20,12,16,2,18,14,12,1,3,7,5,16,10,20,6,8,1,8,4,17,10,20,2,13,4,9,1,15,18,14,16,3,0,2,10,15,12,8,9,3,20,18,8,3,21,19,17,9,6,17,3,15,16,21,5,12,2,13,15,5,7,3,18,11,8,18,14,0,19,0,9,9,19,5,5,5,19,17,14,8,18,9,2,17,4,6,14,1,15,6,8,19,20,2,20,11,16,16];[[0.8559393885152179,8.55939388515218,1.0],[0.8004839408308784,8.004839408308783,1.0],[0.5938433496209707,5.938433496209708,1.0],[0.8870093324131678,8.870093324131679,1.0],[0.741558169706834,7.4155816970683395,1.0],[0.8097670389513107,8.097670389513107,1.0],[0.2247324103169328,2.247324103169328,1.0],[0.9761818800633866,9.761818800633865,1.0],[0.6339038774096737,6.339038774096737,1.0],[0.5580285642552777,5.580285642552777,1.0],[0.4463526500656817,4.463526500656817,1.0],[0.28336462923826333,2.8336462923826335,1.0],[0.9019880415639555,9.019880415639555,1.0],[0.03268507148422006,0.32685071484220063,1.0],[0.4362825217209084,4.3628252172090844,1.0],[0.18851543397694082,1.8851543397694082,1.0],[0.9250090249429151,9.250090249429151,1.0],[0.9012349700248556,9.012349700248556,1.0],[0.12108560404704316,1.2108560404704316,1.0],[0.9174015512221217,9.174015512221217,1.0],[0.6336036775858569,6.3360367758585685,1.0],[0.8916415369189501,8.916415369189501,1.0]]
2a_Hurink_sdata_40_workers.fjs;3483.343504488236;343656;[0,247,317,451,521,668,750,923,1006,1179,1258,1318,1369,1447,1511,0,71,143,235,315,392,609,668,757,832,878,904,1220,1485,1574,0,91,180,274,407,471,820,885,1090,1179,1189,1350,1360,1531,1573,0,22,233,263,482,609,757,794,904,968,1080,1250,1360,1439,1531,18,265,322,398,407,549,556,656,719,758,953,1038,1072,1179,1510,20,90,148,312,365,506,550,670,768,820,900,1006,1387,1439,1522,0,181,235,274,364,471,690,793,843,904,1012,1102,1220,1318,1350,91,354,395,549,620,663,690,1045,1090,1207,1269,1352,1435,1441,1550,0,232,351,451,482,530,615,792,900,923,1072,1123,1207,1260,1346,241,333,417,506,668,750,862,960,967,1012,1080,1137,1220,1279,1352,76,172,417,469,549,601,609,856,921,968,1045,1137,1220,1345,1470,68,153,398,407,549,668,713,758,820,862,944,958,1256,1391,1469,0,18,78,148,180,265,315,322,387,705,970,1334,1423,1470,1480,90,189,265,333,463,601,620,644,719,958,970,1031,1253,1360,1511,0,143,172,198,233,241,277,794,839,921,1119,1171,1391,1452,1573];[5,6,11,9,2,14,3,10,12,13,1,7,8,4,0,1,3,7,2,14,0,9,8,6,5,13,4,10,12,11,6,8,0,9,10,12,2,11,13,3,5,1,4,14,7,10,12,3,4,2,0,8,7,13,9,11,6,1,14,5,9,8,3,6,0,7,1,4,13,5,11,10,2,14,12,11,7,5,6,0,3,13,4,2,10,12,8,14,1,9,4,2,9,5,14,13,10,12,0,3,7,8,6,1,11,6,5,11,9,14,10,7,13,1,4,2,3,12,0,8,11,5,9,2,0,6,12,13,10,1,7,4,3,14,8,11,1,3,13,9,14,0,10,7,4,5,6,12,8,2,4,12,1,7,5,0,11,3,2,13,6,10,9,14,8,12,1,10,5,8,6,2,13,4,11,0,14,3,9,7,2,7,5,9,1,14,3,10,13,12,0,6,8,4,11,11,6,1,12,9,5,3,13,10,0,2,8,14,7,4,13,3,4,9,11,10,0,8,2,6,5,1,7,12,14];[7,16,7,8,2,20,0,1,9,7,13,10,10,14,0,2,2,2,11,5,7,17,8,3,11,21,12,5,13,12,14,11,8,15,20,4,18,8,8,17,17,21,12,5,3,6,8,9,8,18,20,9,16,10,18,11,21,3,11,9,7,7,1,2,18,19,19,7,11,10,8,17,5,8,12,13,21,14,17,21,13,15,4,8,4,7,19,4,10,6,0,2,0,0,11,20,15,21,2,21,0,19,14,17,11,1,3,12,6,4,6,7,18,1,9,9,0,5,2,4,16,18,17,1,9,21,10,20,11,13,2,20,19,11,5,3,4,0,20,9,2,6,13,11,11,21,21,10,1,8,5,4,4,8,3,18,0,16,17,13,7,15,15,13,8,9,1,1,16,8,17,16,14,8,13,6,4,8,15,6,19,1,8,0,7,12,16,13,21,15,6,20,18,5,15,17,17,2,8,15,4,12,5,19,15,14,6,16,15,2,18,20,10,9,10,5,18,7,19,16,16,12,13,0,18];[[0.5198238265685563,5.198238265685563,1.0],[0.9583988744400509,9.583988744400509,1.0],[0.3402956357666065,3.402956357666065,1.0],[0.7081849781179302,7.081849781179303,1.0],[0.9252189405445452,9.252189405445453,1.0],[0.05032666735654623,0.5032666735654623,1.0],[0.6613275461751585,6.613275461751585,1.0],[0.82711411373077,8.271141137307701,1.0],[0.8734961127808921,8.734961127808921,1.0],[0.5913019030238962,5.913019030238962,1.0],[0.11264722490163037,1.1264722490163037,1.0],[0.34477784983246407,3.4477784983246407,1.0],[0.011377599382669468,0.11377599382669468,1.0],[0.7909742881977946,7.909742881977946,1.0],[0.3277964015146908,3.277964015146908,1.0],[0.22222795698924247,2.2222795698924247,1.0],[0.14676573527209236,1.4676573527209236,1.0],[0.040648812187981,0.40648812187981,1.0],[0.14328037004549943,1.4328037004549943,1.0],[0.10349201402412567,1.0349201402412567,1.0],[0.2300149081299988,2.3001490812999883,1.0],[0.34985110243749995,3.4985110243749995,1.0]]
2a_Hurink_sdata_40_workers.fjs;3533.2658412820037;3113880;[81,252,311,386,398,504,586,678,715,764,998,1173,1241,1353,1579,0,71,151,275,384,481,520,579,666,838,1241,1270,1353,1418,1579,69,166,253,398,536,597,699,801,902,986,996,1072,1133,1280,1325,253,275,394,425,487,580,666,720,837,923,974,991,1083,1406,1558,0,253,310,376,408,508,514,614,627,720,865,991,1133,1200,1333,38,100,235,318,360,376,396,515,744,902,983,1082,1110,1323,1432,0,69,123,163,235,363,520,536,635,678,784,1097,1261,1291,1418,0,40,195,277,341,481,514,674,719,806,1038,1172,1328,1386,1487,386,538,579,717,744,822,905,1017,1155,1176,1216,1376,1476,1538,1638,0,71,155,241,341,432,504,597,605,715,801,905,1083,1142,1203,69,160,240,341,422,654,716,801,853,1095,1172,1261,1334,1501,1558,0,160,180,578,710,775,822,986,1017,1095,1270,1329,1406,1519,1597,123,422,650,775,905,1038,1086,1093,1172,1241,1328,1378,1444,1487,1498,100,195,299,367,435,520,538,552,792,879,900,996,1322,1394,1498,283,425,487,674,708,744,792,879,961,1075,1156,1209,1268,1350,1623];[5,6,11,9,2,14,3,10,12,13,1,7,8,4,0,1,3,7,2,14,0,9,8,6,5,13,4,10,12,11,6,8,0,9,10,12,2,11,13,3,5,1,4,14,7,10,12,3,4,2,0,8,7,13,9,11,6,1,14,5,9,8,3,6,0,7,1,4,13,5,11,10,2,14,12,11,7,5,6,0,3,13,4,2,10,12,8,14,1,9,4,2,9,5,14,13,10,12,0,3,7,8,6,1,11,6,5,11,9,14,10,7,13,1,4,2,3,12,0,8,11,5,9,2,0,6,12,13,10,1,7,4,3,14,8,11,1,3,13,9,14,0,10,7,4,5,6,12,8,2,4,12,1,7,5,0,11,3,2,13,6,10,9,14,8,12,1,10,5,8,6,2,13,4,11,0,14,3,9,7,2,7,5,9,1,14,3,10,13,12,0,6,8,4,11,11,6,1,12,9,5,3,13,10,0,2,8,14,7,4,13,3,4,9,11,10,0,8,2,6,5,1,7,12,14];[7,21,7,5,18,20,0,15,10,12,20,11,17,14,0,12,20,16,6,16,9,17,13,17,3,6,4,11,12,1,18,6,7,9,15,21,19,5,21,16,10,10,0,5,7,6,13,12,8,18,17,20,8,13,20,15,21,11,16,11,5,20,14,10,6,6,19,19,3,12,1,15,5,1,16,6,21,11,4,3,19,20,4,5,13,1,20,6,10,6,18,2,3,2,3,20,5,3,2,2,19,6,7,8,11,1,3,12,15,11,6,7,18,18,18,0,13,19,13,11,6,10,18,16,9,0,17,8,2,18,2,3,14,13,16,3,4,21,16,16,11,0,10,6,15,14,9,10,16,14,17,5,10,15,3,10,14,21,9,13,19,13,17,21,8,9,17,1,16,1,0,1,13,17,8,6,18,0,15,20,7,17,8,1,0,2,16,2,17,18,8,19,10,3,0,12,13,2,0,5,8,2,5,9,2,14,16,6,2,2,8,10,14,13,11,16,4,20,2,19,15,20,11,13,12];[[0.18019241848515155,1.8019241848515155,1.0],[0.48736227300275514,4.873622730027551,1.0],[0.07759170039841756,0.7759170039841756,1.0],[0.5225667244081349,5.2256672440813485,1.0],[0.9196433340252647,9.196433340252646,1.0],[0.8762509611803474,8.762509611803473,1.0],[0.5029695910906639,5.029695910906638,1.0],[0.8160267976375112,8.160267976375112,1.0],[0.8059112000327816,8.059112000327817,1.0],[0.2140591090540045,2.140591090540045,1.0],[0.08805821114486456,0.8805821114486456,1.0],[0.20329737064426556,2.0329737064426556,1.0],[0.5837360924329463,5.837360924329463,1.0],[0.6737333796339059,6.737333796339059,1.0],[0.1608013027204077,1.6080130272040771,1.0],[0.7465026683932527,7.465026683932527,1.0],[0.5706715087422025,5.706715087422025,1.0],[0.4637998194614905,4.637998194614905,1.0],[0.510707169665419,5.10707169665419,1.0],[0.13436739791107,1.3436739791107,1.0],[0.5955836724768061,5.955836724768061,1.0],[0.9705970110642231,9.705970110642232,1.0]]
2a_Hurink_sdata_54_workers.fjs;17409.57773625286;4846692;[1259,2103,2916,3127,3519,4064,4618,5445,5877,3649,4677,5432,6033,6325,6800,7208,7541,8288,2103,3033,3957,4792,5229,5730,5986,6716,7307,3033,3957,4792,5229,5909,6058,6418,7307,7744,647,2542,3127,3360,3741,4618,5158,5986,6764,107,597,1104,1611,1764,2603,3652,4281,5331,424,1104,2016,2916,2941,3676,4281,4510,6596,0,107,597,1764,2603,3652,4158,4315,4510];[0,1,2,3,4,5,6,7,8,0,1,2,3,4,5,6,7,8,0,1,2,3,4,5,6,7,8,0,1,2,3,4,5,6,7,8,0,1,2,3,4,5,6,7,8,0,1,2,3,4,5,6,7,8,0,1,2,3,4,5,6,7,8,0,1,2,3,4,5,6,7,8];[10,9,8,6,7,12,7,9,5,2,2,8,10,2,9,12,8,5,5,9,6,0,11,4,9,3,0,10,8,8,6,12,6,8,3,0,1,10,12,1,4,10,7,0,0,1,10,8,2,8,0,11,7,12,6,11,12,11,11,12,11,5,10,9,12,12,7,7,6,7,9,9];[[0.7773566427005639,7.7735664270056395,1.0],[0.6698255595592497,6.698255595592498,1.0],[0.09913960392481702,0.9913960392481702,1.0],[0.35297051119014544,3.529705111901454,1.0],[0.4679077429008419,4.679077429008419,1.0],[0.5346837414708775,5.346837414708775,1.0],[0.9783090609123973,9.783090609123974,1.0],[0.13031535015865903,1.3031535015865903,1.0],[0.6712434682302663,6.712434682302662,1.0],[0.36422941594737557,3.6422941594737557,1.0],[0.48883570716198577,4.888357071619858,1.0],[0.20301221073405373,2.0301221073405373,1.0],[0.6661983755713592,6.661983755713592,1.0]]
2a_Hurink_sdata_54_workers.fjs;17527.25170605976;4873236;[1282,2126,3149,3530,4298,4705,5533,6263,6684,3700,4623,5378,5979,6425,6900,7308,7515,8282,2126,3056,3980,4815,5270,5804,6013,6684,7367,3056,3980,4815,5270,6013,6166,6425,7275,7781,647,2016,2916,3149,3530,4171,4705,5533,6263,107,597,1104,1611,1764,2603,3652,4185,4493,424,1104,2016,2916,2941,3676,4298,4510,6417,0,107,597,1764,2603,3652,4185,4298,5008];[0,1,2,3,4,5,6,7,8,0,1,2,3,4,5,6,7,8,0,1,2,3,4,5,6,7,8,0,1,2,3,4,5,6,7,8,0,1,2,3,4,5,6,7,8,0,1,2,3,4,5,6,7,8,0,1,2,3,4,5,6,7,8,0,1,2,3,4,5,6,7,8];[10,9,3,8,3,5,5,3,10,2,2,8,7,2,9,12,8,8,5,9,6,10,1,4,2,3,1,7,0,6,6,5,6,8,0,0,2,11,12,1,4,7,7,0,1,1,10,8,2,8,0,5,4,9,6,11,12,11,11,10,12,4,10,9,5,12,7,11,6,3,9,9];[[0.7966509679599704,7.966509679599704,1.0],[0.05862623274803458,0.5862623274803458,1.0],[0.7602397739740907,7.602397739740907,1.0],[0.8627037401845356,8.627037401845355,1.0],[0.09127403464611428,0.9127403464611428,1.0],[0.9024924365975527,9.024924365975528,1.0],[0.7858960565941281,7.858960565941281,1.0],[0.40667966546103385,4.0667966546103385,1.0],[0.37447264465852026,3.7447264465852026,1.0],[0.6490262282913547,6.490262282913547,1.0],[0.40092466608569977,4.009246660856998,1.0],[0.5721109226277574,5.721109226277575,1.0],[0.6077930620255084,6.077930620255084,1.0]]
2a_Hurink_sdata_54_workers.fjs;17678.925121355354;1772256;[2918,3968,4627,5439,5602,5790,6736,7160,7593,3820,4686,5418,5987,6279,6764,7172,7581,8328,1335,2265,3285,4172,4627,5161,5509,5947,6672,2265,3285,4172,4627,5439,5576,5920,6736,7086,344,1135,1160,1393,1774,2415,3631,5210,6031,999,1729,2273,2834,2990,3829,5015,5910,6165,0,223,1393,2273,2415,3050,3429,3631,4614,223,1160,2834,3228,4050,4878,4902,5015,5210];[0,1,2,3,4,5,6,7,8,0,1,2,3,4,5,6,7,8,0,1,2,3,4,5,6,7,8,0,1,2,3,4,5,6,7,8,0,1,2,3,4,5,6,7,8,0,1,2,3,4,5,6,7,8,0,1,2,3,4,5,6,7,8,0,1,2,3,4,5,6,7,8];[1,4,10,12,3,11,7,3,10,2,5,4,10,8,9,7,8,2,5,5,3,10,1,11,6,3,1,11,10,5,12,3,11,7,2,11,4,2,12,1,4,6,12,8,12,0,10,10,2,8,0,6,1,12,6,11,9,0,4,4,11,6,7,0,8,7,7,8,6,3,9,9];[[0.5209484070219088,5.209484070219088,1.0],[0.42125020101147315,4.212502010114731,1.0],[0.22094517308324657,2.2094517308324657,1.0],[0.13033708391670573,1.3033708391670573,1.0],[0.48395776843282956,4.839577684328296,1.0],[0.6260889663051598,6.260889663051597,1.0],[0.6211218319323739,6.21121831932374,1.0],[0.707277595965894,7.07277595965894,1.0],[0.43539590023548325,4.3539590023548325,1.0],[0.04809800715767443,0.4809800715767443,1.0],[0.2254847064342842,2.254847064342842,1.0],[0.788548045160999,7.88548045160999,1.0],[0.42108890435006496,4.21088904350065,1.0]]
2a_Hurink_sdata_54_workers.fjs;18715.78357816523;2674644;[3726,4660,5155,5575,5771,6179,6687,7441,7880,2225,3552,4348,4922,5296,5771,6179,6694,7834,1295,2628,3552,4348,4783,5296,5441,6103,7386,434,1104,1716,1998,2885,3035,3574,4298,4559,3091,4284,4922,5194,5959,6687,7221,8049,8749,107,597,1104,1835,2046,3168,4944,6064,6668,1072,1716,2628,3548,3574,4298,4742,5155,7218,0,107,597,1013,1835,2046,2071,2197,5771];[0,1,2,3,4,5,6,7,8,0,1,2,3,4,5,6,7,8,0,1,2,3,4,5,6,7,8,0,1,2,3,4,5,6,7,8,0,1,2,3,4,5,6,7,8,0,1,2,3,4,5,6,7,8,0,1,2,3,4,5,6,7,8,0,1,2,3,4,5,6,7,8];[11,6,6,11,3,5,12,6,6,2,5,2,7,2,9,1,8,1,5,9,4,4,10,0,8,3,4,6,2,1,12,0,11,8,10,5,2,3,12,1,0,7,7,8,12,5,10,8,6,8,0,9,4,11,6,11,3,8,10,8,11,12,10,9,12,1,7,8,4,4,9,2];[[0.49734142093980327,4.973414209398033,1.0],[0.35999045686025677,3.5999045686025677,1.0],[0.7220617567237175,7.220617567237175,1.0],[0.44672126724761885,4.4672126724761885,1.0],[0.4533596515962979,4.533596515962978,1.0],[0.025925678678183073,0.25925678678183073,1.0],[0.33490089376309407,3.3490089376309404,1.0],[0.4755440242737675,4.755440242737675,1.0],[0.45132356511490823,4.513235651149082,1.0],[0.08788974506102976,0.8788974506102976,1.0],[0.29509671683068217,2.9509671683068217,1.0],[0.33863234208051063,3.3863234208051063,1.0],[0.9020959027552419,9.020959027552419,1.0]]
2a_Hurink_sdata_54_workers.fjs;19012.01589289716;4976688;[942,1786,2270,2629,2775,3040,3975,4551,5282,2402,3268,3975,4535,4807,5282,5703,6149,7150,3621,4551,5475,6271,6726,7227,7667,8078,8669,1786,2402,3085,3707,4451,4585,4729,5549,7170,330,1135,2015,2248,2963,3661,5954,6917,7734,3268,3975,4535,5077,5282,6121,7170,7672,7884,0,223,1135,2015,2040,2661,3040,3621,6088,223,1160,2510,2885,3707,4729,5830,5954,6253];[0,1,2,3,4,5,6,7,8,0,1,2,3,4,5,6,7,8,0,1,2,3,4,5,6,7,8,0,1,2,3,4,5,6,7,8,0,1,2,3,4,5,6,7,8,0,1,2,3,4,5,6,7,8,0,1,2,3,4,5,6,7,8,0,1,2,3,4,5,6,7,8];[10,4,9,3,3,6,4,5,2,2,4,10,7,2,3,1,8,8,5,9,4,10,11,5,6,3,8,10,10,0,6,4,6,0,6,12,1,8,12,1,11,9,3,10,2,12,0,11,6,8,0,9,7,11,6,11,9,11,0,4,8,12,7,9,6,11,7,8,6,5,9,2];[[0.4211249061401,4.211249061401,1.0],[0.9761073344853062,9.761073344853061,1.0],[0.6132800246752349,6.132800246752349,1.0],[0.6930423279788359,6.930423279788359,1.0],[0.5088628354481554,5.088628354481553,1.0],[0.18781156668551158,1.8781156668551158,1.0],[0.830121874145001,8.301218741450011,1.0],[0.8449241651217704,8.449241651217704,1.0],[0.20962821201639004,2.0962821201639006,1.0],[0.6505169872996391,6.505169872996391,1.0],[0.7003316191510263,7.003316191510263,1.0],[0.7150339547653067,7.150339547653068,1.0],[0.8091072451390076,8.091072451390076,1.0]]
2a_Hurink_sdata_54_workers.fjs;18554.49988408416;4054224;[2759,3661,4100,4656,4811,4994,5502,5938,6359,223,1135,2248,2792,3348,4211,5183,6884,7714,3661,4591,5515,6311,6763,7264,7376,7787,8378,2125,2942,3674,3976,4656,5502,5926,6650,7044,1210,1842,2015,2248,2707,3348,4337,5183,5938,1808,2435,3167,4811,4994,5833,6882,7631,7734,0,223,1135,2015,2040,2707,3118,3322,7572,1089,1866,2792,3167,3976,4187,4211,4337,4532];[0,1,2,3,4,5,6,7,8,0,1,2,3,4,5,6,7,8,0,1,2,3,4,5,6,7,8,0,1,2,3,4,5,6,7,8,0,1,2,3,4,5,6,7,8,0,1,2,3,4,5,6,7,8,0,1,2,3,4,5,6,7,8,0,1,2,3,4,5,6,7,8];[1,9,7,1,12,6,7,3,9,2,4,5,7,2,6,12,8,11,5,9,4,6,11,11,6,3,8,1,10,6,1,4,11,8,3,9,11,10,12,7,4,3,10,10,9,1,10,8,2,8,0,6,7,12,6,11,9,11,2,3,5,12,5,0,8,11,11,8,6,0,9,3];[[0.4831103964860096,4.831103964860096,1.0],[0.9021829992468611,9.02182999246861,1.0],[0.5374571935128641,5.374571935128642,1.0],[0.8761340971511191,8.761340971511192,1.0],[0.573156942708234,5.7315694270823405,1.0],[0.994523847851402,9.945238478514021,1.0],[0.3574465703190305,3.574465703190305,1.0],[0.6617299629663892,6.617299629663892,1.0],[0.4882872262788658,4.882872262788657,1.0],[0.5726412824777106,5.726412824777106,1.0],[0.32388398325139345,3.2388398325139347,1.0],[0.8072354510963532,8.072354510963532,1.0],[0.8087324055796944,8.087324055796945,1.0]]
2a_Hurink_sdata_54_workers.fjs;19187.298202410508;2899644;[2251,3612,4321,5232,5873,6407,7235,7935,8352,3787,4653,5368,5928,6220,6915,7721,8352,9099,678,2016,2940,3736,4171,4684,4799,5220,6152,1608,2940,3736,4171,4851,4988,5220,5944,6565,3095,4062,4088,4851,5232,5873,6407,7235,7935,107,597,1104,1823,2050,2889,3938,4432,5550,455,1104,2016,3095,3120,5132,5944,6184,7119,0,107,597,1001,1823,2050,2074,2940,4653];[0,1,2,3,4,5,6,7,8,0,1,2,3,4,5,6,7,8,0,1,2,3,4,5,6,7,8,0,1,2,3,4,5,6,7,8,0,1,2,3,4,5,6,7,8,0,1,2,3,4,5,6,7,8,0,1,2,3,4,5,6,7,8,0,1,2,3,4,5,6,7,8];[10,8,3,7,3,6,0,7,7,2,12,10,10,2,1,11,8,7,5,9,4,4,10,0,7,6,8,4,7,3,1,3,6,8,0,11,5,3,12,11,4,7,7,8,5,10,10,8,6,8,0,6,6,2,6,11,12,10,2,3,8,5,3,9,5,8,7,5,6,5,9,2];[[0.34661995661142697,3.4661995661142697,1.0],[0.2286410960833074,2.286410960833074,1.0],[0.012392470279078194,0.12392470279078194,1.0],[0.9308270259025113,9.308270259025113,1.0],[0.3225145761620236,3.225145761620236,1.0],[0.0006954578022455582,0.006954578022455582,1.0],[0.2097170717940725,2.097170717940725,1.0],[0.5179602272351016,5.179602272351016,1.0],[0.7628222106217201,7.6282221062172,1.0],[0.3089717897377221,3.089717897377221,1.0],[0.15113122452813788,1.5113122452813788,1.0],[0.07045772229012492,0.7045772229012492,1.0],[0.8725064026541692,8.725064026541693,1.0]]
2a_Hurink_sdata_54_workers.fjs;19372.075858297212;3787800;[1321,2165,2604,3401,3606,3794,4626,5611,6771,2482,3348,4063,4671,4963,5855,6263,6377,8315,3580,4975,5959,6755,7190,7691,7802,8214,8805,0,616,1518,1899,2579,2732,2865,3685,4510,616,1259,1285,1518,1899,2865,3685,4821,5611,2165,2604,3111,3628,3794,4633,5682,6230,6264,3348,4063,4975,5855,5880,6530,6941,7145,8337,1214,1321,1810,2579,3401,4357,4513,4626,7466];[0,1,2,3,4,5,6,7,8,0,1,2,3,4,5,6,7,8,0,1,2,3,4,5,6,7,8,0,1,2,3,4,5,6,7,8,0,1,2,3,4,5,6,7,8,0,1,2,3,4,5,6,7,8,0,1,2,3,4,5,6,7,8,0,1,2,3,4,5,6,7,8];[10,9,0,4,3,3,4,7,6,2,12,1,10,2,9,2,8,10,5,11,4,4,11,11,2,3,1,10,0,6,6,5,11,0,1,5,11,3,12,11,4,8,7,1,1,1,10,1,6,8,0,2,7,12,10,11,9,10,10,3,5,9,4,9,4,2,7,11,4,3,9,12];[[0.8559393885152179,8.55939388515218,1.0],[0.8004839408308784,8.004839408308783,1.0],[0.5938433496209707,5.938433496209708,1.0],[0.8870093324131678,8.870093324131679,1.0],[0.741558169706834,7.4155816970683395,1.0],[0.8097670389513107,8.097670389513107,1.0],[0.2247324103169328,2.247324103169328,1.0],[0.9761818800633866,9.761818800633865,1.0],[0.6339038774096737,6.339038774096737,1.0],[0.5580285642552777,5.580285642552777,1.0],[0.4463526500656817,4.463526500656817,1.0],[0.28336462923826333,2.8336462923826335,1.0],[0.9019880415639555,9.019880415639555,1.0]]
2a_Hurink_sdata_54_workers.fjs;19333.082924859897;3242724;[1888,2732,3208,4115,4287,4760,6368,6808,7713,1022,1888,2595,3348,3640,4278,5440,5716,8408,3348,4278,5202,6037,6472,6973,7084,7496,8429,2732,3348,4068,4287,5111,5290,5552,6463,6697,317,915,1341,1574,2343,3392,3926,4754,5484,0,317,824,1341,1504,2343,4867,5679,7198,4278,5202,6114,6994,7017,7592,7975,8177,9086,915,1022,1574,2032,3041,3926,4754,5484,5716];[0,1,2,3,4,5,6,7,8,0,1,2,3,4,5,6,7,8,0,1,2,3,4,5,6,7,8,0,1,2,3,4,5,6,7,8,0,1,2,3,4,5,6,7,8,0,1,2,3,4,5,6,7,8,0,1,2,3,4,5,6,7,8,0,1,2,3,4,5,6,7,8];[10,1,6,2,12,8,10,8,6,2,4,5,10,2,5,12,8,0,5,9,6,4,11,11,2,3,0,10,3,3,4,10,7,7,3,0,11,4,12,7,11,7,7,0,4,1,10,1,6,8,0,3,1,9,6,11,9,1,4,1,11,12,8,9,5,1,7,8,4,3,9,1];[[0.5198238265685563,5.198238265685563,1.0],[0.9583988744400509,9.583988744400509,1.0],[0.3402956357666065,3.402956357666065,1.0],[0.7081849781179302,7.081849781179303,1.0],[0.9252189405445452,9.252189405445453,1.0],[0.05032666735654623,0.5032666735654623,1.0],[0.6613275461751585,6.613275461751585,1.0],[0.82711411373077,8.271141137307701,1.0],[0.8734961127808921,8.734961127808921,1.0],[0.5913019030238962,5.913019030238962,1.0],[0.11264722490163037,1.1264722490163037,1.0],[0.34477784983246407,3.4477784983246407,1.0],[0.011377599382669468,0.11377599382669468,1.0]]
2a_Hurink_sdata_54_workers.fjs;19628.935975724493;4812612;[647,2039,3151,3388,4177,4565,5130,6188,6609,1491,2459,3362,3936,4365,5130,5610,7592,8517,2357,3287,4211,5046,5486,6020,6166,6609,8099,3287,4211,5279,5486,6166,6301,6577,7342,7592,4177,4830,5046,6166,6547,7188,7722,8550,9250,107,597,1127,1738,1901,2740,3936,8339,8540,424,1127,2146,3362,3599,4177,4565,5279,7353,0,107,1738,2146,3388,3789,4769,4898,5093];[0,1,2,3,4,5,6,7,8,0,1,2,3,4,5,6,7,8,0,1,2,3,4,5,6,7,8,0,1,2,3,4,5,6,7,8,0,1,2,3,4,5,6,7,8,0,1,2,3,4,5,6,7,8,0,1,2,3,4,5,6,7,8,0,1,2,3,4,5,6,7,8];[10,7,8,3,3,4,5,3,8,2,4,2,7,8,10,7,8,9,5,9,6,3,1,5,6,9,6,4,9,11,6,9,7,1,6,11,11,0,12,11,4,7,7,8,12,1,5,7,6,8,0,2,1,9,6,11,6,8,11,12,5,12,5,9,12,10,11,8,6,2,9,8];[[0.18019241848515155,1.8019241848515155,1.0],[0.48736227300275514,4.873622730027551,1.0],[0.07759170039841756,0.7759170039841756,1.0],[0.5225667244081349,5.2256672440813485,1.0],[0.9196433340252647,9.196433340252646,1.0],[0.8762509611803474,8.762509611803473,1.0],[0.5029695910906639,5.029695910906638,1.0],[0.8160267976375112,8.160267976375112,1.0],[0.8059112000327816,8.059112000327817,1.0],[0.2140591090540045,2.140591090540045,1.0],[0.08805821114486456,0.8805821114486456,1.0],[0.20329737064426556,2.0329737064426556,1.0],[0.5837360924329463,5.837360924329463,1.0]]
2a_Hurink_sdata_61_workers.fjs;1979.5030311637663;3754968;[224,247,344,389,459,473,537,612,697,707,0,309,389,518,671,724,790,814,853,900,118,151,230,265,327,390,471,599,612,618,78,95,149,235,381,405,724,782,811,893,5,149,203,230,247,327,381,485,596,637,52,194,367,459,599,671,730,790,814,832,130,151,224,265,335,452,501,583,618,797,0,52,130,203,219,247,335,367,396,475,235,344,410,485,537,599,637,730,765,832,0,5,23,41,54,155,473,596,637,732];[9,8,0,7,6,5,3,2,4,1,8,9,0,7,5,4,6,2,3,1,9,8,7,6,4,5,3,2,1,0,0,1,3,2,6,4,5,7,8,9,0,1,7,5,4,6,3,2,8,9,9,8,3,7,5,4,6,2,1,0,8,9,6,7,5,3,4,2,1,0,9,8,7,6,4,5,3,2,1,0,9,8,2,4,5,3,6,7,0,1,0,1,2,3,4,5,6,7,8,9];[8,2,2,14,8,14,0,7,14,5,10,3,4,2,8,13,2,2,1,8,9,13,5,9,8,6,6,4,5,3,11,1,7,8,13,12,0,0,4,2,12,0,2,12,11,10,0,13,2,2,10,14,6,1,1,11,12,11,13,6,5,3,3,14,12,7,10,13,6,3,14,5,11,6,10,12,4,1,10,12,1,11,13,11,14,9,12,1,1,14,3,7,1,2,14,5,7,0,4,4];[[0.7773566427005639,7.7735664270056395,1.0],[0.6698255595592497,6.698255595592498,1.0],[0.09913960392481702,0.9913960392481702,1.0],[0.35297051119014544,3.529705111901454,1.0],[0.4679077429008419,4.679077429008419,1.0],[0.5346837414708775,5.346837414708775,1.0],[0.9783090609123973,9.783090609123974,1.0],[0.13031535015865903,1.3031535015865903,1.0],[0.6712434682302663,6.712434682302662,1.0],[0.36422941594737557,3.6422941594737557,1.0],[0.48883570716198577,4.888357071619858,1.0],[0.20301221073405373,2.0301221073405373,1.0],[0.6661983755713592,6.661983755713592,1.0],[0.2276630312069321,2.276630312069321,1.0],[0.4580640582967631,4.580640582967631,1.0]]
2a_Hurink_sdata_61_workers.fjs;1966.015512887041;931572;[74,374,470,541,614,641,706,763,848,866,215,292,363,446,535,587,626,678,763,799,136,265,517,552,614,706,799,848,861,892,0,40,98,214,272,489,587,713,800,906,22,100,146,174,229,312,517,588,678,713,230,308,361,374,470,598,653,718,777,799,0,161,230,288,360,382,402,526,587,718,84,138,215,296,312,382,470,498,526,742,0,74,138,214,229,294,366,642,674,709,17,22,40,60,71,294,455,611,713,848];[9,8,0,7,6,5,3,2,4,1,8,9,0,7,5,4,6,2,3,1,9,8,7,6,4,5,3,2,1,0,0,1,3,2,6,4,5,7,8,9,0,1,7,5,4,6,3,2,8,9,9,8,3,7,5,4,6,2,1,0,8,9,6,7,5,3,4,2,1,0,9,8,7,6,4,5,3,2,1,0,9,8,2,4,5,3,6,7,0,1,0,1,2,3,4,5,6,7,8,9];[3,11,12,5,5,10,0,7,14,5,10,3,3,0,4,9,9,3,8,8,2,13,7,3,2,2,6,1,1,1,11,4,12,7,12,9,14,12,4,2,10,4,4,4,8,10,0,13,1,4,11,14,11,1,4,8,12,10,6,13,9,11,9,1,12,9,7,5,7,3,14,8,3,6,12,12,1,13,10,12,1,0,9,0,2,9,8,5,8,14,13,7,14,14,7,7,8,0,9,7];[[0.7966509679599704,7.966509679599704,1.0],[0.05862623274803458,0.5862623274803458,1.0],[0.7602397739740907,7.602397739740907,1.0],[0.8627037401845356,8.627037401845355,1.0],[0.09127403464611428,0.9127403464611428,1.0],[0.9024924365975527,9.024924365975528,1.0],[0.7858960565941281,7.858960565941281,1.0],[0.40667966546103385,4.0667966546103385,1.0],[0.37447264465852026,3.7447264465852026,1.0],[0.6490262282913547,6.490262282913547,1.0],[0.40092466608569977,4.009246660856998,1.0],[0.5721109226277574,5.721109226277575,1.0],[0.6077930620255084,6.077930620255084,1.0],[0.05072389565884072,0.5072389565884072,1.0],[0.7370880093375713,7.370880093375714,1.0]]
2a_Hurink_sdata_61_workers.fjs;2018.4347554266208;2053320;[190,258,358,403,477,520,597,703,802,832,358,414,496,582,696,748,763,802,848,901,300,414,520,604,666,748,819,848,895,901,90,215,273,336,490,591,638,696,724,806,5,90,187,215,232,329,384,455,547,588,0,62,115,127,232,300,384,547,588,607,0,200,269,314,410,496,515,591,607,788,62,116,215,313,348,432,520,605,692,762,116,194,258,333,348,455,515,654,703,762,0,5,107,127,376,584,666,763,806,893];[9,8,0,7,6,5,3,2,4,1,8,9,0,7,5,4,6,2,3,1,9,8,7,6,4,5,3,2,1,0,0,1,3,2,6,4,5,7,8,9,0,1,7,5,4,6,3,2,8,9,9,8,3,7,5,4,6,2,1,0,8,9,6,7,5,3,4,2,1,0,9,8,7,6,4,5,3,2,1,0,9,8,2,4,5,3,6,7,0,1,0,1,2,3,4,5,6,7,8,9];[3,0,12,2,10,14,11,5,14,4,6,1,4,13,9,12,10,3,1,8,14,13,12,9,13,2,6,8,10,5,11,4,7,7,11,11,0,10,4,10,4,0,4,12,7,4,0,6,7,1,11,14,8,2,14,1,8,6,7,5,3,11,5,1,12,3,9,12,14,8,5,5,2,6,10,12,1,3,7,12,1,0,13,5,14,5,8,6,2,0,12,7,11,4,10,6,8,13,9,7];[[0.5209484070219088,5.209484070219088,1.0],[0.42125020101147315,4.212502010114731,1.0],[0.22094517308324657,2.2094517308324657,1.0],[0.13033708391670573,1.3033708391670573,1.0],[0.48395776843282956,4.839577684328296,1.0],[0.6260889663051598,6.260889663051597,1.0],[0.6211218319323739,6.21121831932374,1.0],[0.707277595965894,7.07277595965894,1.0],[0.43539590023548325,4.3539590023548325,1.0],[0.04809800715767443,0.4809800715767443,1.0],[0.2254847064342842,2.254847064342842,1.0],[0.788548045160999,7.88548045160999,1.0],[0.42108890435006496,4.21088904350065,1.0],[0.5652029481252892,5.6520294812528915,1.0],[0.6764042610645917,6.764042610645918,1.0]]
2a_Hurink_sdata_61_workers.fjs;2105.3302405452714;3248616;[363,373,470,544,614,712,776,833,918,928,140,282,363,445,516,568,577,668,833,880,0,25,68,95,165,282,350,379,396,681,0,25,151,214,271,298,387,516,544,652,30,108,230,350,365,396,451,538,630,681,25,87,140,151,217,282,451,511,538,881,0,161,230,282,365,527,577,652,668,863,230,282,363,511,527,568,656,713,751,837,87,195,260,396,441,546,628,717,749,812,25,86,104,379,411,656,717,807,837,925];[9,8,0,7,6,5,3,2,4,1,8,9,0,7,5,4,6,2,3,1,9,8,7,6,4,5,3,2,1,0,0,1,3,2,6,4,5,7,8,9,0,1,7,5,4,6,3,2,8,9,9,8,3,7,5,4,6,2,1,0,8,9,6,7,5,3,4,2,1,0,9,8,7,6,4,5,3,2,1,0,9,8,2,4,5,3,6,7,0,1,0,1,2,3,4,5,6,7,8,9];[5,2,2,14,11,14,0,7,12,4,12,7,1,0,9,1,8,13,9,9,2,13,5,8,2,6,6,11,9,3,8,2,7,3,12,3,14,10,4,3,10,4,11,10,9,4,7,6,7,1,11,14,3,10,4,11,12,12,7,11,12,11,12,14,3,3,3,13,11,8,14,2,12,6,1,12,4,13,10,13,1,6,8,3,14,13,8,2,5,14,12,7,11,7,13,0,9,13,10,7];[[0.49734142093980327,4.973414209398033,1.0],[0.35999045686025677,3.5999045686025677,1.0],[0.7220617567237175,7.220617567237175,1.0],[0.44672126724761885,4.4672126724761885,1.0],[0.4533596515962979,4.533596515962978,1.0],[0.025925678678183073,0.25925678678183073,1.0],[0.33490089376309407,3.3490089376309404,1.0],[0.4755440242737675,4.755440242737675,1.0],[0.45132356511490823,4.513235651149082,1.0],[0.08788974506102976,0.8788974506102976,1.0],[0.29509671683068217,2.9509671683068217,1.0],[0.33863234208051063,3.3863234208051063,1.0],[0.9020959027552419,9.020959027552419,1.0],[0.7173473735926632,7.173473735926632,1.0],[0.8986159167700656,8.986159167700656,1.0]]
2a_Hurink_sdata_61_workers.fjs;2056.4354960663377;378396;[0,21,121,396,557,701,765,822,907,917,317,367,441,524,649,701,728,757,822,861,144,221,300,324,384,581,649,678,691,940,0,18,221,317,440,695,765,827,856,938,23,101,200,231,247,384,465,536,626,667,170,264,317,330,433,524,571,639,663,835,0,21,90,131,207,330,619,695,709,818,90,144,227,300,316,345,433,504,533,792,236,367,429,504,519,581,639,728,760,793,18,71,89,107,118,247,467,667,699,787];[9,8,0,7,6,5,3,2,4,1,8,9,0,7,5,4,6,2,3,1,9,8,7,6,4,5,3,2,1,0,0,1,3,2,6,4,5,7,8,9,0,1,7,5,4,6,3,2,8,9,9,8,3,7,5,4,6,2,1,0,8,9,6,7,5,3,4,2,1,0,9,8,7,6,4,5,3,2,1,0,9,8,2,4,5,3,6,7,0,1,0,1,2,3,4,5,6,7,8,9];[4,0,2,14,11,14,0,7,14,1,10,10,3,2,4,13,7,13,8,8,4,13,12,1,8,6,6,3,6,4,8,14,8,14,6,5,2,0,4,2,10,10,2,7,5,2,0,13,7,11,10,14,5,5,1,3,10,11,13,9,5,11,14,14,1,7,9,12,9,12,8,8,11,6,8,12,4,6,5,12,1,4,13,5,14,9,8,2,1,11,12,7,4,4,1,4,9,7,10,4];[[0.4211249061401,4.211249061401,1.0],[0.9761073344853062,9.761073344853061,1.0],[0.6132800246752349,6.132800246752349,1.0],[0.6930423279788359,6.930423279788359,1.0],[0.5088628354481554,5.088628354481553,1.0],[0.18781156668551158,1.8781156668551158,1.0],[0.830121874145001,8.301218741450011,1.0],[0.8449241651217704,8.449241651217704,1.0],[0.20962821201639004,2.0962821201639006,1.0],[0.6505169872996391,6.505169872996391,1.0],[0.7003316191510263,7.003316191510263,1.0],[0.7150339547653067,7.150339547653068,1.0],[0.8091072451390076,8.091072451390076,1.0],[0.8451978833841938,8.451978833841938,1.0],[0.3695849781386673,3.695849781386673,1.0]]
2a_Hurink_sdata_61_workers.fjs;1938.5477567484377;4480344;[25,68,163,274,344,372,441,502,590,600,358,408,482,568,718,770,779,803,842,878,0,25,68,92,152,215,283,434,590,723,0,40,98,155,197,335,576,672,770,852,22,116,162,191,305,356,549,640,730,768,156,241,336,432,511,576,638,730,773,791,0,35,152,197,292,316,341,447,462,705,104,163,344,515,531,630,718,754,791,884,218,294,358,434,449,511,549,640,672,705,17,22,98,155,215,316,418,515,545,633];[9,8,0,7,6,5,3,2,4,1,8,9,0,7,5,4,6,2,3,1,9,8,7,6,4,5,3,2,1,0,0,1,3,2,6,4,5,7,8,9,0,1,7,5,4,6,3,2,8,9,9,8,3,7,5,4,6,2,1,0,8,9,6,7,5,3,4,2,1,0,9,8,7,6,4,5,3,2,1,0,9,8,2,4,5,3,6,7,0,1,0,1,2,3,4,5,6,7,8,9];[3,9,6,5,5,13,11,7,12,1,5,10,5,13,4,1,12,2,8,8,2,13,12,1,8,6,6,14,1,3,11,4,12,12,14,4,14,0,4,3,10,4,14,13,3,8,0,13,13,7,11,14,14,12,4,1,3,10,13,13,4,11,0,9,1,9,1,5,3,5,14,5,2,6,1,12,1,14,0,13,1,0,9,0,14,9,8,6,10,11,12,7,4,2,4,7,8,13,10,7];[[0.4831103964860096,4.831103964860096,1.0],[0.9021829992468611,9.02182999246861,1.0],[0.5374571935128641,5.374571935128642,1.0],[0.8761340971511191,8.761340971511192,1.0],[0.573156942708234,5.7315694270823405,1.0],[0.994523847851402,9.945238478514021,1.0],[0.3574465703190305,3.574465703190305,1.0],[0.6617299629663892,6.617299629663892,1.0],[0.4882872262788658,4.882872262788657,1.0],[0.5726412824777106,5.726412824777106,1.0],[0.32388398325139345,3.2388398325139347,1.0],[0.8072354510963532,8.072354510963532,1.0],[0.8087324055796944,8.087324055796945,1.0],[0.660852452150834,6.60852452150834,1.0],[0.5802577271631468,5.802577271631469,1.0]]
2a_Hurink_sdata_61_workers.fjs;1956.223237278468;3040524;[186,233,337,453,575,597,661,718,803,813,130,307,382,527,661,740,749,803,844,881,281,386,429,453,515,713,781,844,876,881,86,134,197,331,412,481,543,599,627,709,5,86,205,233,276,359,421,510,713,844,52,180,264,331,390,486,515,637,661,740,5,117,221,262,337,359,378,466,482,587,0,52,130,205,221,249,390,482,565,637,197,324,386,466,481,543,587,676,708,740,0,5,23,43,56,155,262,390,429,524];[9,8,0,7,6,5,3,2,4,1,8,9,0,7,5,4,6,2,3,1,9,8,7,6,4,5,3,2,1,0,0,1,3,2,6,4,5,7,8,9,0,1,7,5,4,6,3,2,8,9,9,8,3,7,5,4,6,2,1,0,8,9,6,7,5,3,4,2,1,0,9,8,7,6,4,5,3,2,1,0,9,8,2,4,5,3,6,7,0,1,0,1,2,3,4,5,6,7,8,9];[13,11,12,2,5,14,0,7,5,4,10,5,5,13,9,1,5,12,8,8,10,13,7,9,3,6,6,1,7,5,11,5,2,14,2,1,14,10,4,3,0,12,4,8,0,9,0,6,9,12,9,14,0,1,14,1,12,11,7,2,12,11,3,14,3,3,3,6,11,5,14,5,4,6,12,12,1,13,11,12,10,4,10,7,14,2,8,2,1,14,12,7,10,2,6,7,8,0,4,7];[[0.34661995661142697,3.4661995661142697,1.0],[0.2286410960833074,2.286410960833074,1.0],[0.012392470279078194,0.12392470279078194,1.0],[0.9308270259025113,9.308270259025113,1.0],[0.3225145761620236,3.225145761620236,1.0],[0.0006954578022455582,0.006954578022455582,1.0],[0.2097170717940725,2.097170717940725,1.0],[0.5179602272351016,5.179602272351016,1.0],[0.7628222106217201,7.6282221062172,1.0],[0.3089717897377221,3.089717897377221,1.0],[0.15113122452813788,1.5113122452813788,1.0],[0.07045772229012492,0.7045772229012492,1.0],[0.8725064026541692,8.725064026541693,1.0],[0.3074981421409557,3.074981421409557,1.0],[0.272859759997538,2.7285975999753798,1.0]]
2a_Hurink_sdata_61_workers.fjs;2011.677788303478;3990564;[219,275,366,422,496,578,642,703,788,824,366,422,496,607,696,754,786,811,850,902,0,25,68,92,154,217,581,610,642,648,84,143,198,305,353,377,524,578,607,689,0,79,125,152,217,246,306,377,510,718,153,222,275,287,375,440,510,574,648,743,0,230,306,350,502,524,549,631,667,845,25,79,157,230,246,287,440,472,501,578,79,157,222,305,440,543,581,678,711,749,79,125,143,287,455,642,696,786,815,902];[9,8,0,7,6,5,3,2,4,1,8,9,0,7,5,4,6,2,3,1,9,8,7,6,4,5,3,2,1,0,0,1,3,2,6,4,5,7,8,9,0,1,7,5,4,6,3,2,8,9,9,8,3,7,5,4,6,2,1,0,8,9,6,7,5,3,4,2,1,0,9,8,7,6,4,5,3,2,1,0,9,8,2,4,5,3,6,7,0,1,0,1,2,3,4,5,6,7,8,9];[4,11,2,1,8,14,11,7,12,4,3,5,1,0,2,13,13,2,6,9,2,13,12,3,8,0,6,9,14,3,8,6,2,8,13,10,14,12,4,3,7,4,2,13,5,6,0,6,8,4,10,14,14,1,4,3,5,11,7,11,3,3,7,1,14,3,10,12,8,3,5,5,3,6,8,12,4,6,11,13,1,1,7,14,14,2,5,10,1,1,13,7,0,4,10,6,9,14,9,7];[[0.8559393885152179,8.55939388515218,1.0],[0.8004839408308784,8.004839408308783,1.0],[0.5938433496209707,5.938433496209708,1.0],[0.8870093324131678,8.870093324131679,1.0],[0.741558169706834,7.4155816970683395,1.0],[0.8097670389513107,8.097670389513107,1.0],[0.2247324103169328,2.247324103169328,1.0],[0.9761818800633866,9.761818800633865,1.0],[0.6339038774096737,6.339038774096737,1.0],[0.5580285642552777,5.580285642552777,1.0],[0.4463526500656817,4.463526500656817,1.0],[0.28336462923826333,2.8336462923826335,1.0],[0.9019880415639555,9.019880415639555,1.0],[0.03268507148422006,0.32685071484220063,1.0],[0.4362825217209084,4.3628252172090844,1.0]]
2a_Hurink_sdata_61_workers.fjs;2013.9728312770417;3230196;[230,382,483,528,610,625,689,746,831,841,172,299,380,646,718,776,787,831,870,907,0,25,68,92,154,219,377,406,530,536,82,127,188,255,377,432,483,747,834,916,5,82,127,200,287,317,521,592,684,727,168,230,283,294,353,418,432,492,536,727,68,99,168,211,287,312,333,419,435,558,240,299,382,492,508,537,625,684,775,836,25,99,172,317,418,483,521,610,646,681,0,5,23,41,54,144,623,718,747,834];[9,8,0,7,6,5,3,2,4,1,8,9,0,7,5,4,6,2,3,1,9,8,7,6,4,5,3,2,1,0,0,1,3,2,6,4,5,7,8,9,0,1,7,5,4,6,3,2,8,9,9,8,3,7,5,4,6,2,1,0,8,9,6,7,5,3,4,2,1,0,9,8,7,6,4,5,3,2,1,0,9,8,2,4,5,3,6,7,0,1,0,1,2,3,4,5,6,7,8,9];[5,9,2,1,10,14,0,7,12,1,5,11,0,13,2,12,6,2,8,8,2,13,12,9,10,6,6,1,5,3,8,2,7,7,10,4,14,10,4,2,14,10,6,14,6,6,0,6,8,13,11,14,3,1,4,14,3,5,10,8,5,11,8,1,8,3,3,13,13,3,0,14,7,6,12,12,4,1,10,13,1,7,3,13,2,9,8,8,2,11,13,7,4,2,4,4,9,14,9,7];[[0.5198238265685563,5.198238265685563,1.0],[0.9583988744400509,9.583988744400509,1.0],[0.3402956357666065,3.402956357666065,1.0],[0.7081849781179302,7.081849781179303,1.0],[0.9252189405445452,9.252189405445453,1.0],[0.05032666735654623,0.5032666735654623,1.0],[0.6613275461751585,6.613275461751585,1.0],[0.82711411373077,8.271141137307701,1.0],[0.8734961127808921,8.734961127808921,1.0],[0.5913019030238962,5.913019030238962,1.0],[0.11264722490163037,1.1264722490163037,1.0],[0.34477784983246407,3.4477784983246407,1.0],[0.011377599382669468,0.11377599382669468,1.0],[0.7909742881977946,7.909742881977946,1.0],[0.3277964015146908,3.277964015146908,1.0]]
2a_Hurink_sdata_61_workers.fjs;2088.5173390593227;4806072;[242,256,356,466,536,548,612,673,779,789,0,161,242,325,450,629,762,791,854,943,74,138,181,205,284,382,450,479,492,934,0,18,78,325,479,508,672,730,759,841,18,103,205,235,254,284,358,506,673,758,99,181,234,246,317,492,548,616,762,841,234,256,338,397,511,534,554,643,680,762,325,379,568,643,659,730,824,854,882,953,0,74,138,221,250,317,379,536,568,605,103,148,246,266,397,612,672,762,841,928];[9,8,0,7,6,5,3,2,4,1,8,9,0,7,5,4,6,2,3,1,9,8,7,6,4,5,3,2,1,0,0,1,3,2,6,4,5,7,8,9,0,1,7,5,4,6,3,2,8,9,9,8,3,7,5,4,6,2,1,0,8,9,6,7,5,3,4,2,1,0,9,8,7,6,4,5,3,2,1,0,9,8,2,4,5,3,6,7,0,1,0,1,2,3,4,5,6,7,8,9];[6,9,12,5,5,14,14,7,12,5,12,11,3,13,12,9,1,14,12,8,2,13,12,5,12,6,6,1,0,12,8,13,7,3,6,0,0,12,4,2,4,10,7,8,6,10,0,6,14,7,11,14,10,1,4,8,10,7,6,4,4,11,14,14,7,9,3,5,8,12,5,11,5,6,10,10,6,13,0,12,1,0,3,13,13,6,8,2,4,1,13,7,10,2,13,11,9,14,9,7];[[0.18019241848515155,1.8019241848515155,1.0],[0.48736227300275514,4.873622730027551,1.0],[0.07759170039841756,0.7759170039841756,1.0],[0.5225667244081349,5.2256672440813485,1.0],[0.9196433340252647,9.196433340252646,1.0],[0.8762509611803474,8.762509611803473,1.0],[0.5029695910906639,5.029695910906638,1.0],[0.8160267976375112,8.160267976375112,1.0],[0.8059112000327816,8.059112000327817,1.0],[0.2140591090540045,2.140591090540045,1.0],[0.08805821114486456,0.8805821114486456,1.0],[0.20329737064426556,2.0329737064426556,1.0],[0.5837360924329463,5.837360924329463,1.0],[0.6737333796339059,6.737333796339059,1.0],[0.1608013027204077,1.6080130272040771,1.0]]
2a_Hurink_sdata_63_workers.fjs;885.7221337352948;4933668;[68,97,111,125,162,180,223,272,307,358,25,32,43,97,133,182,200,303,321,344,0,25,43,68,124,200,239,251,267,389,32,110,162,200,227,241,259,296,319,337,121,146,203,239,267,282,297,335,359,403,21,54,68,124,147,200,249,310,337,374,7,68,98,121,133,147,227,253,272,367,0,7,43,98,142,195,223,282,303,314,0,41,51,82,90,195,261,297,321,346,41,70,77,158,284,319,359,386,398];[0,1,2,3,4,5,6,7,8,9,0,3,4,8,9,6,7,5,2,1,0,7,3,2,6,4,1,5,8,9,0,1,3,8,5,2,4,7,6,9,0,6,1,3,5,2,9,7,8,4,4,0,6,8,2,3,9,7,5,1,4,3,0,9,2,1,8,7,6,5,4,6,9,3,8,2,7,5,0,1,2,6,8,7,4,9,3,1,5,0,2,9,5,8,6,3,7,4,0];[0,14,3,3,10,2,5,6,11,3,9,6,11,0,8,12,3,6,7,8,7,13,0,5,6,14,13,1,9,2,12,10,14,1,7,2,0,2,8,14,2,6,11,4,1,5,3,0,10,7,5,7,4,1,0,4,8,4,6,6,9,3,9,5,0,7,1,6,7,1,12,1,13,6,13,9,10,8,1,1,11,1,8,6,11,0,12,5,6,5,3,13,1,1,0,5,0,5,12];[[0.7773566427005639,7.7735664270056395,1.0],[0.6698255595592497,6.698255595592498,1.0],[0.09913960392481702,0.9913960392481702,1.0],[0.35297051119014544,3.529705111901454,1.0],[0.4679077429008419,4.679077429008419,1.0],[0.5346837414708775,5.346837414708775,1.0],[0.9783090609123973,9.783090609123974,1.0],[0.13031535015865903,1.3031535015865903,1.0],[0.6712434682302663,6.712434682302662,1.0],[0.36422941594737557,3.6422941594737557,1.0],[0.48883570716198577,4.888357071619858,1.0],[0.20301221073405373,2.0301221073405373,1.0],[0.6661983755713592,6.661983755713592,1.0],[0.2276630312069321,2.276630312069321,1.0],[0.4580640582967631,4.580640582967631,1.0]]
2a_Hurink_sdata_63_workers.fjs;883.1309962123191;4004172;[32,61,75,96,152,171,225,248,326,352,25,44,56,114,137,207,225,286,305,324,0,25,56,89,157,214,255,269,286,326,123,145,163,201,232,246,278,368,382,399,98,131,163,201,246,264,291,324,352,396,25,61,75,157,177,246,261,300,342,379,0,14,75,98,163,199,264,348,368,379,14,21,50,81,98,133,156,305,326,354,20,57,67,98,133,186,261,289,326,342,0,20,41,137,176,221,273,300,370];[0,1,2,3,4,5,6,7,8,9,0,3,4,8,9,6,7,5,2,1,0,7,3,2,6,4,1,5,8,9,0,1,3,8,5,2,4,7,6,9,0,6,1,3,5,2,9,7,8,4,4,0,6,8,2,3,9,7,5,1,4,3,0,9,2,1,8,7,6,5,4,6,9,3,8,2,7,5,0,1,2,6,8,7,4,9,3,1,5,0,2,9,5,8,6,3,7,4,0];[0,3,3,9,2,10,9,9,11,12,9,7,10,12,8,6,3,12,13,8,5,12,6,11,6,10,12,3,9,5,1,9,14,11,6,1,6,2,2,14,2,3,11,8,4,6,14,0,10,7,5,13,4,1,4,11,8,10,6,0,2,3,13,7,9,7,1,7,11,3,12,1,9,14,14,0,0,4,7,13,8,1,8,0,11,13,14,2,6,9,8,10,5,12,5,8,0,5,4];[[0.7966509679599704,7.966509679599704,1.0],[0.05862623274803458,0.5862623274803458,1.0],[0.7602397739740907,7.602397739740907,1.0],[0.8627037401845356,8.627037401845355,1.0],[0.09127403464611428,0.9127403464611428,1.0],[0.9024924365975527,9.024924365975528,1.0],[0.7858960565941281,7.858960565941281,1.0],[0.40667966546103385,4.0667966546103385,1.0],[0.37447264465852026,3.7447264465852026,1.0],[0.6490262282913547,6.490262282913547,1.0],[0.40092466608569977,4.009246660856998,1.0],[0.5721109226277574,5.721109226277575,1.0],[0.6077930620255084,6.077930620255084,1.0],[0.05072389565884072,0.5072389565884072,1.0],[0.7370880093375713,7.370880093375714,1.0]]
2a_Hurink_sdata_63_workers.fjs;907.1913444615748;199512;[0,31,45,59,100,136,214,245,336,362,31,44,55,100,122,195,220,294,313,331,38,63,93,120,231,250,265,278,296,336,63,85,136,213,255,277,321,349,374,391,85,110,139,176,196,212,246,297,362,409,22,110,139,195,228,277,294,324,374,401,0,14,126,173,188,202,258,276,297,334,14,22,51,120,152,168,188,313,334,362,0,51,122,152,157,186,294,321,358,374,59,78,212,276,309,340,363,392,409];[0,1,2,3,4,5,6,7,8,9,0,3,4,8,9,6,7,5,2,1,0,7,3,2,6,4,1,5,8,9,0,1,3,8,5,2,4,7,6,9,0,6,1,3,5,2,9,7,8,4,4,0,6,8,2,3,9,7,5,1,4,3,0,9,2,1,8,7,6,5,4,6,9,3,8,2,7,5,0,1,2,6,8,7,4,9,3,1,5,0,2,9,5,8,6,3,7,4,0];[13,3,3,13,14,2,5,9,5,14,9,2,10,1,5,11,14,13,14,3,7,14,2,8,6,0,10,8,9,10,2,9,14,8,14,2,12,2,6,14,11,0,1,8,6,12,11,7,1,7,7,3,4,1,13,4,8,4,10,11,4,14,3,6,0,7,1,0,14,14,3,1,5,2,13,9,14,13,7,0,8,1,13,7,11,10,12,3,6,13,0,6,2,9,1,13,12,9,1];[[0.5209484070219088,5.209484070219088,1.0],[0.42125020101147315,4.212502010114731,1.0],[0.22094517308324657,2.2094517308324657,1.0],[0.13033708391670573,1.3033708391670573,1.0],[0.48395776843282956,4.839577684328296,1.0],[0.6260889663051598,6.260889663051597,1.0],[0.6211218319323739,6.21121831932374,1.0],[0.707277595965894,7.07277595965894,1.0],[0.43539590023548325,4.3539590023548325,1.0],[0.04809800715767443,0.4809800715767443,1.0],[0.2254847064342842,2.254847064342842,1.0],[0.788548045160999,7.88548045160999,1.0],[0.42108890435006496,4.21088904350065,1.0],[0.5652029481252892,5.6520294812528915,1.0],[0.6764042610645917,6.764042610645918,1.0]]
2a_Hurink_sdata_63_workers.fjs;879.0468483314135;202212;[32,61,76,111,144,171,220,242,266,315,0,7,22,90,112,171,189,212,233,248,7,32,53,102,245,265,296,331,354,395,128,155,175,213,266,280,312,340,355,372,61,86,115,155,231,248,262,286,310,354,67,86,115,171,189,243,285,315,347,382,0,18,102,162,175,189,248,266,292,375,14,22,70,96,112,148,212,312,331,342,20,61,130,163,168,191,260,285,296,342,0,20,27,70,189,220,355,382,394];[0,1,2,3,4,5,6,7,8,9,0,3,4,8,9,6,7,5,2,1,0,7,3,2,6,4,1,5,8,9,0,1,3,8,5,2,4,7,6,9,0,6,1,3,5,2,9,7,8,4,4,0,6,8,2,3,9,7,5,1,4,3,0,9,2,1,8,7,6,5,4,6,9,3,8,2,7,5,0,1,2,6,8,7,4,9,3,1,5,0,2,9,5,8,6,3,7,4,0];[0,7,3,2,2,4,9,6,5,3,0,6,10,1,1,12,3,12,1,8,7,12,11,10,7,14,3,11,4,10,14,9,14,0,6,2,6,0,6,14,8,0,7,8,2,3,11,0,10,11,9,10,4,1,1,4,8,4,9,0,2,14,6,10,0,7,1,12,5,3,9,1,2,14,8,3,8,1,9,1,3,1,11,6,2,10,9,4,6,12,11,8,2,12,5,13,0,5,12];[[0.49734142093980327,4.973414209398033,1.0],[0.35999045686025677,3.5999045686025677,1.0],[0.7220617567237175,7.220617567237175,1.0],[0.44672126724761885,4.4672126724761885,1.0],[0.4533596515962979,4.533596515962978,1.0],[0.025925678678183073,0.25925678678183073,1.0],[0.33490089376309407,3.3490089376309404,1.0],[0.4755440242737675,4.755440242737675,1.0],[0.45132356511490823,4.513235651149082,1.0],[0.08788974506102976,0.8788974506102976,1.0],[0.29509671683068217,2.9509671683068217,1.0],[0.33863234208051063,3.3863234208051063,1.0],[0.9020959027552419,9.020959027552419,1.0],[0.7173473735926632,7.173473735926632,1.0],[0.8986159167700656,8.986159167700656,1.0]]
2a_Hurink_sdata_63_workers.fjs;888.0132617393516;3443112;[57,86,99,113,146,163,202,234,329,362,25,47,58,103,127,179,211,253,280,349,0,25,58,113,158,179,193,216,289,342,100,122,202,240,282,297,339,367,381,398,32,58,139,174,202,216,230,258,356,400,22,86,100,175,234,280,312,342,367,394,0,14,122,177,189,207,271,313,332,394,14,22,51,83,127,158,182,232,253,296,19,84,145,175,203,253,312,340,349,365,0,19,25,76,219,250,282,313,326];[0,1,2,3,4,5,6,7,8,9,0,3,4,8,9,6,7,5,2,1,0,7,3,2,6,4,1,5,8,9,0,1,3,8,5,2,4,7,6,9,0,6,1,3,5,2,9,7,8,4,4,0,6,8,2,3,9,7,5,1,4,3,0,9,2,1,8,7,6,5,4,6,9,3,8,2,7,5,0,1,2,6,8,7,4,9,3,1,5,0,2,9,5,8,6,3,7,4,0];[0,14,3,2,7,14,5,6,7,14,9,3,10,9,1,10,3,8,8,8,5,13,6,6,12,1,3,11,9,9,8,10,14,11,0,1,1,2,2,14,11,3,9,8,8,10,1,0,10,7,7,7,4,0,3,12,8,4,5,11,4,8,13,5,9,7,1,6,5,3,0,1,9,11,14,3,11,4,10,0,10,1,13,11,9,14,13,11,6,11,14,3,14,9,5,5,3,3,1];[[0.4211249061401,4.211249061401,1.0],[0.9761073344853062,9.761073344853061,1.0],[0.6132800246752349,6.132800246752349,1.0],[0.6930423279788359,6.930423279788359,1.0],[0.5088628354481554,5.088628354481553,1.0],[0.18781156668551158,1.8781156668551158,1.0],[0.830121874145001,8.301218741450011,1.0],[0.8449241651217704,8.449241651217704,1.0],[0.20962821201639004,2.0962821201639006,1.0],[0.6505169872996391,6.505169872996391,1.0],[0.7003316191510263,7.003316191510263,1.0],[0.7150339547653067,7.150339547653068,1.0],[0.8091072451390076,8.091072451390076,1.0],[0.8451978833841938,8.451978833841938,1.0],[0.3695849781386673,3.695849781386673,1.0]]
2a_Hurink_sdata_63_workers.fjs;877.2221615038965;619104;[47,86,99,113,147,166,232,263,313,339,25,44,56,136,164,214,238,263,291,306,121,146,185,210,253,274,290,304,339,389,99,121,147,213,239,253,290,320,335,368,0,25,51,86,112,127,141,189,269,315,14,32,61,117,141,253,293,335,362,389,0,14,76,99,113,139,195,216,352,389,107,158,214,239,253,271,291,320,346,357,0,51,61,165,170,239,293,337,346,362,37,57,63,158,289,323,360,389,400];[0,1,2,3,4,5,6,7,8,9,0,3,4,8,9,6,7,5,2,1,0,7,3,2,6,4,1,5,8,9,0,1,3,8,5,2,4,7,6,9,0,6,1,3,5,2,9,7,8,4,4,0,6,8,2,3,9,7,5,1,4,3,0,9,2,1,8,7,6,5,4,6,9,3,8,2,7,5,0,1,2,6,8,7,4,9,3,1,5,0,2,9,5,8,6,3,7,4,0];[0,14,3,13,4,9,4,7,5,14,0,11,6,1,13,6,11,11,5,3,5,5,6,5,3,5,3,1,9,0,2,2,14,7,6,1,4,0,2,14,0,3,2,8,14,11,11,8,10,14,5,4,4,0,8,12,8,4,10,6,9,14,9,14,9,7,1,13,8,14,10,1,9,3,13,14,2,9,7,0,8,1,13,10,4,0,13,7,6,2,7,3,12,12,7,10,12,9,1];[[0.4831103964860096,4.831103964860096,1.0],[0.9021829992468611,9.02182999246861,1.0],[0.5374571935128641,5.374571935128642,1.0],[0.8761340971511191,8.761340971511192,1.0],[0.573156942708234,5.7315694270823405,1.0],[0.994523847851402,9.945238478514021,1.0],[0.3574465703190305,3.574465703190305,1.0],[0.6617299629663892,6.617299629663892,1.0],[0.4882872262788658,4.882872262788657,1.0],[0.5726412824777106,5.726412824777106,1.0],[0.32388398325139345,3.2388398325139347,1.0],[0.8072354510963532,8.072354510963532,1.0],[0.8087324055796944,8.087324055796945,1.0],[0.660852452150834,6.60852452150834,1.0],[0.5802577271631468,5.802577271631469,1.0]]
2a_Hurink_sdata_63_workers.fjs;892.2939623572579;4187712;[79,108,154,177,211,229,275,301,332,358,0,7,36,81,103,178,223,269,289,320,29,57,86,111,196,244,306,322,358,399,7,29,48,103,133,168,186,209,223,322,54,79,121,156,178,206,220,246,270,332,14,108,122,186,234,278,292,325,354,383,0,18,122,207,220,241,314,349,369,383,29,48,77,111,154,186,270,301,322,351,0,38,48,79,108,153,211,297,338,354,38,57,64,133,241,292,369,396,407];[0,1,2,3,4,5,6,7,8,9,0,3,4,8,9,6,7,5,2,1,0,7,3,2,6,4,1,5,8,9,0,1,3,8,5,2,4,7,6,9,0,6,1,3,5,2,9,7,8,4,4,0,6,8,2,3,9,7,5,1,4,3,0,9,2,1,8,7,6,5,4,6,9,3,8,2,7,5,0,1,2,6,8,7,4,9,3,1,5,0,2,9,5,8,6,3,7,4,0];[0,9,3,13,13,4,0,6,11,14,11,0,10,1,1,6,3,4,14,3,5,0,6,5,3,10,7,8,4,10,11,13,14,12,14,1,8,2,7,14,2,3,9,7,4,10,10,0,10,1,7,13,4,1,1,13,8,10,7,11,2,14,11,4,0,7,1,12,9,3,12,1,4,7,14,14,3,0,12,10,1,1,8,2,0,0,12,7,6,6,0,12,7,2,9,9,0,0,1];[[0.34661995661142697,3.4661995661142697,1.0],[0.2286410960833074,2.286410960833074,1.0],[0.012392470279078194,0.12392470279078194,1.0],[0.9308270259025113,9.308270259025113,1.0],[0.3225145761620236,3.225145761620236,1.0],[0.0006954578022455582,0.006954578022455582,1.0],[0.2097170717940725,2.097170717940725,1.0],[0.5179602272351016,5.179602272351016,1.0],[0.7628222106217201,7.6282221062172,1.0],[0.3089717897377221,3.089717897377221,1.0],[0.15113122452813788,1.5113122452813788,1.0],[0.07045772229012492,0.7045772229012492,1.0],[0.8725064026541692,8.725064026541693,1.0],[0.3074981421409557,3.074981421409557,1.0],[0.272859759997538,2.7285975999753798,1.0]]
2a_Hurink_sdata_63_workers.fjs;863.4600911943685;1819344;[7,36,56,149,182,201,250,292,316,342,0,7,38,83,121,179,197,241,263,279,61,86,104,135,197,216,230,259,276,316,123,191,208,250,276,292,310,340,354,372,36,61,90,129,149,178,192,239,342,392,22,109,123,179,197,246,272,316,340,368,0,19,86,109,121,135,197,220,267,368,14,22,51,182,216,243,263,292,311,322,19,90,106,140,145,215,272,310,320,336,0,19,26,140,216,299,354,381,392];[0,1,2,3,4,5,6,7,8,9,0,3,4,8,9,6,7,5,2,1,0,7,3,2,6,4,1,5,8,9,0,1,3,8,5,2,4,7,6,9,0,6,1,3,5,2,9,7,8,4,4,0,6,8,2,3,9,7,5,1,4,3,0,9,2,1,8,7,6,5,4,6,9,3,8,2,7,5,0,1,2,6,8,7,4,9,3,1,5,0,2,9,5,8,6,3,7,4,0];[0,7,3,2,2,4,5,6,11,12,11,11,10,12,8,6,0,6,10,3,5,2,6,5,9,10,8,1,9,12,10,13,14,7,14,2,2,2,8,14,11,0,5,13,14,11,11,0,10,7,5,13,4,1,3,12,8,10,3,11,9,14,9,11,9,7,1,6,0,1,3,1,2,10,9,9,2,1,0,13,8,1,14,2,11,11,11,5,6,9,13,6,4,3,7,14,0,12,4];[[0.8559393885152179,8.55939388515218,1.0],[0.8004839408308784,8.004839408308783,1.0],[0.5938433496209707,5.938433496209708,1.0],[0.8870093324131678,8.870093324131679,1.0],[0.741558169706834,7.4155816970683395,1.0],[0.8097670389513107,8.097670389513107,1.0],[0.2247324103169328,2.247324103169328,1.0],[0.9761818800633866,9.761818800633865,1.0],[0.6339038774096737,6.339038774096737,1.0],[0.5580285642552777,5.580285642552777,1.0],[0.4463526500656817,4.463526500656817,1.0],[0.28336462923826333,2.8336462923826335,1.0],[0.9019880415639555,9.019880415639555,1.0],[0.03268507148422006,0.32685071484220063,1.0],[0.4362825217209084,4.3628252172090844,1.0]]
2a_Hurink_sdata_63_workers.fjs;931.6097434906543;4586184;[29,58,73,97,130,148,201,219,253,279,0,7,37,106,131,219,243,266,322,353,106,131,151,177,272,293,308,320,354,397,7,29,59,157,187,304,350,390,404,421,58,83,114,192,212,226,242,285,310,373,0,131,145,201,260,306,323,366,390,420,15,29,83,106,117,152,235,266,293,336,29,48,77,177,219,240,337,366,385,395,0,38,48,151,156,185,242,269,287,303,38,58,97,137,238,272,310,337,395];[0,1,2,3,4,5,6,7,8,9,0,3,4,8,9,6,7,5,2,1,0,7,3,2,6,4,1,5,8,9,0,1,3,8,5,2,4,7,6,9,0,6,1,3,5,2,9,7,8,4,4,0,6,8,2,3,9,7,5,1,4,3,0,9,2,1,8,7,6,5,4,6,9,3,8,2,7,5,0,1,2,6,8,7,4,9,3,1,5,0,2,9,5,8,6,3,7,4,0];[0,0,3,2,11,14,4,6,5,3,0,6,11,13,2,13,0,14,9,8,5,0,3,10,2,8,11,11,0,9,12,4,14,9,14,2,11,2,2,14,8,6,6,13,5,10,9,7,10,11,7,7,4,1,1,5,8,10,7,12,9,3,13,0,0,7,1,6,5,14,10,1,9,12,14,14,2,9,3,6,1,1,7,8,5,11,11,4,6,14,12,12,14,9,7,13,0,6,4];[[0.5198238265685563,5.198238265685563,1.0],[0.9583988744400509,9.583988744400509,1.0],[0.3402956357666065,3.402956357666065,1.0],[0.7081849781179302,7.081849781179303,1.0],[0.9252189405445452,9.252189405445453,1.0],[0.05032666735654623,0.5032666735654623,1.0],[0.6613275461751585,6.613275461751585,1.0],[0.82711411373077,8.271141137307701,1.0],[0.8734961127808921,8.734961127808921,1.0],[0.5913019030238962,5.913019030238962,1.0],[0.11264722490163037,1.1264722490163037,1.0],[0.34477784983246407,3.4477784983246407,1.0],[0.011377599382669468,0.11377599382669468,1.0],[0.7909742881977946,7.909742881977946,1.0],[0.3277964015146908,3.277964015146908,1.0]]
2a_Hurink_sdata_63_workers.fjs;916.4951552669505;390348;[32,61,78,101,135,154,233,256,286,346,0,7,22,79,106,213,233,318,336,355,110,135,157,182,251,272,287,300,317,375,84,113,182,231,257,277,295,371,387,405,7,52,78,135,271,295,323,347,371,415,73,135,157,213,231,277,293,323,352,386,8,22,61,87,100,130,186,213,272,386,0,8,62,87,126,142,162,200,219,236,0,37,47,104,154,182,245,272,336,371,37,56,62,106,126,220,285,318,358];[0,1,2,3,4,5,6,7,8,9,0,3,4,8,9,6,7,5,2,1,0,7,3,2,6,4,1,5,8,9,0,1,3,8,5,2,4,7,6,9,0,6,1,3,5,2,9,7,8,4,4,0,6,8,2,3,9,7,5,1,4,3,0,9,2,1,8,7,6,5,4,6,9,3,8,2,7,5,0,1,2,6,8,7,4,9,3,1,5,0,2,9,5,8,6,3,7,4,0];[0,14,3,13,5,6,4,13,4,12,9,2,6,6,8,13,3,9,13,3,5,3,0,11,12,11,10,3,4,5,10,10,14,7,7,2,9,1,7,14,0,3,2,4,4,5,11,0,10,7,5,13,4,1,6,14,8,10,7,0,4,3,13,12,0,7,1,4,5,3,3,1,9,11,2,14,8,9,12,0,8,1,7,6,2,0,1,1,6,2,14,1,8,12,1,8,1,6,4];[[0.18019241848515155,1.8019241848515155,1.0],[0.48736227300275514,4.873622730027551,1.0],[0.07759170039841756,0.7759170039841756,1.0],[0.5225667244081349,5.2256672440813485,1.0],[0.9196433340252647,9.196433340252646,1.0],[0.8762509611803474,8.762509611803473,1.0],[0.5029695910906639,5.029695910906638,1.0],[0.8160267976375112,8.160267976375112,1.0],[0.8059112000327816,8.059112000327817,1.0],[0.2140591090540045,2.140591090540045,1.0],[0.08805821114486456,0.8805821114486456,1.0],[0.20329737064426556,2.0329737064426556,1.0],[0.5837360924329463,5.837360924329463,1.0],[0.6737333796339059,6.737333796339059,1.0],[0.1608013027204077,1.6080130272040771,1.0]]
2b_Hurink_edata_1_workers.fjs;108.24659590462647;1013172;[0,1,13,30,37,46,0,8,13,24,35,45,0,8,15,27,37,40,8,13,21,27,33,40,13,21,24,33,45,49,0,3,6,18,29,33];[2,0,1,3,5,4,1,2,4,5,0,3,5,3,5,0,1,4,1,0,2,3,4,5,2,1,4,1,0,3,3,3,5,0,4,2];[5,1,8,7,0,8,2,7,2,8,5,1,6,2,4,3,6,2,5,6,7,6,4,0,3,5,5,1,7,4,7,4,0,6,1,0];[[0.7773566427005639,7.7735664270056395,1.0],[0.6698255595592497,6.698255595592498,1.0],[0.09913960392481702,0.9913960392481702,1.0],[0.35297051119014544,3.529705111901454,1.0],[0.4679077429008419,4.679077429008419,1.0],[0.5346837414708775,5.346837414708775,1.0],[0.9783090609123973,9.783090609123974,1.0],[0.13031535015865903,1.3031535015865903,1.0],[0.6712434682302663,6.712434682302662,1.0]]
2b_Hurink_edata_1_workers.fjs;107.30960534908614;4001184;[0,1,13,19,26,29,0,8,13,24,35,44,0,6,14,27,35,45,8,13,21,29,34,41,13,21,24,34,44,48,0,3,6,18,41,47];[2,0,1,3,3,4,1,2,4,5,0,3,5,3,5,0,1,4,1,0,2,3,4,5,2,1,4,5,0,3,3,3,5,0,4,2];[4,4,5,7,4,8,8,8,2,2,0,0,0,3,4,3,6,2,5,8,3,6,4,5,0,5,1,7,7,8,7,1,6,6,1,7];[[0.7966509679599704,7.966509679599704,1.0],[0.05862623274803458,0.5862623274803458,1.0],[0.7602397739740907,7.602397739740907,1.0],[0.8627037401845356,8.627037401845355,1.0],[0.09127403464611428,0.9127403464611428,1.0],[0.9024924365975527,9.024924365975528,1.0],[0.7858960565941281,7.858960565941281,1.0],[0.40667966546103385,4.0667966546103385,1.0],[0.37447264465852026,3.7447264465852026,1.0]]
2b_Hurink_edata_1_workers.fjs;107.58927297064747;664644;[5,6,13,29,36,46,0,8,13,24,35,44,0,13,17,27,35,40,8,13,21,26,29,39,13,21,24,36,44,48,0,3,6,18,36,40];[2,0,1,3,5,4,1,2,4,5,0,3,2,3,5,0,1,4,1,0,2,3,4,5,2,1,4,1,0,3,3,3,5,0,4,2];[1,4,8,5,4,8,2,8,2,8,0,1,6,5,4,3,3,2,5,6,3,1,4,5,0,7,2,8,7,4,7,4,3,6,6,7];[[0.5209484070219088,5.209484070219088,1.0],[0.42125020101147315,4.212502010114731,1.0],[0.22094517308324657,2.2094517308324657,1.0],[0.13033708391670573,1.3033708391670573,1.0],[0.48395776843282956,4.839577684328296,1.0],[0.6260889663051598,6.260889663051597,1.0],[0.6211218319323739,6.21121831932374,1.0],[0.707277595965894,7.07277595965894,1.0],[0.43539590023548325,4.3539590023548325,1.0]]
2b_Hurink_edata_1_workers.fjs;107.68550700299438;3596916;[0,1,13,19,35,46,0,8,13,26,35,44,0,6,16,27,35,40,8,13,21,26,33,40,13,21,24,36,44,48,0,3,6,18,29,33];[2,0,1,3,5,4,1,2,4,5,0,3,5,3,5,0,1,4,1,0,2,3,4,5,2,1,4,1,0,3,3,3,5,0,4,2];[5,1,5,7,1,8,6,1,2,8,0,1,0,3,4,3,6,2,0,7,8,4,4,3,3,6,5,5,7,6,7,7,8,1,5,2];[[0.49734142093980327,4.973414209398033,1.0],[0.35999045686025677,3.5999045686025677,1.0],[0.7220617567237175,7.220617567237175,1.0],[0.44672126724761885,4.4672126724761885,1.0],[0.4533596515962979,4.533596515962978,1.0],[0.025925678678183073,0.25925678678183073,1.0],[0.33490089376309407,3.3490089376309404,1.0],[0.4755440242737675,4.755440242737675,1.0],[0.45132356511490823,4.513235651149082,1.0]]
2b_Hurink_edata_1_workers.fjs;108.3712747041573;3029652;[0,1,24,30,37,46,0,8,13,24,35,44,0,6,14,27,36,40,8,13,21,26,29,37,13,21,24,35,46,49,0,3,6,18,36,40];[2,0,1,3,3,4,1,2,4,5,0,3,5,3,5,0,5,4,1,0,2,3,4,5,2,1,4,1,0,3,3,3,5,0,4,2];[0,1,2,7,4,8,8,8,2,8,0,3,5,7,4,3,4,2,5,1,7,1,4,5,0,5,4,3,2,4,7,0,6,6,8,3];[[0.4211249061401,4.211249061401,1.0],[0.9761073344853062,9.761073344853061,1.0],[0.6132800246752349,6.132800246752349,1.0],[0.6930423279788359,6.930423279788359,1.0],[0.5088628354481554,5.088628354481553,1.0],[0.18781156668551158,1.8781156668551158,1.0],[0.830121874145001,8.301218741450011,1.0],[0.8449241651217704,8.449241651217704,1.0],[0.20962821201639004,2.0962821201639006,1.0]]
2b_Hurink_edata_1_workers.fjs;106.99555202455787;4531500;[0,1,13,29,40,46,0,8,13,24,35,44,0,6,16,27,35,40,8,13,21,26,33,40,13,21,24,29,44,48,0,3,8,18,29,33];[2,0,1,3,3,4,1,2,4,5,0,3,5,3,5,0,5,4,1,0,2,3,4,5,2,1,4,1,0,3,3,3,5,0,4,2];[0,2,8,5,4,8,6,1,2,2,0,3,8,0,4,3,2,2,5,5,3,8,4,5,0,5,6,0,7,7,7,5,6,1,7,8];[[0.4831103964860096,4.831103964860096,1.0],[0.9021829992468611,9.02182999246861,1.0],[0.5374571935128641,5.374571935128642,1.0],[0.8761340971511191,8.761340971511192,1.0],[0.573156942708234,5.7315694270823405,1.0],[0.994523847851402,9.945238478514021,1.0],[0.3574465703190305,3.574465703190305,1.0],[0.6617299629663892,6.617299629663892,1.0],[0.4882872262788658,4.882872262788657,1.0]]
2b_Hurink_edata_1_workers.fjs;108.01479935603675;1849860;[0,1,24,30,37,46,0,8,13,27,36,45,0,5,9,18,30,36,8,13,21,26,29,40,13,21,24,36,45,49,0,9,16,27,42,46];[2,0,1,3,3,4,1,2,4,5,0,3,5,3,5,0,1,4,1,0,2,3,4,5,2,1,4,5,0,3,3,3,5,0,4,2];[4,1,6,5,0,8,2,8,2,8,4,1,8,3,4,8,7,2,0,7,4,4,4,3,3,6,3,7,7,7,7,5,0,1,5,0];[[0.34661995661142697,3.4661995661142697,1.0],[0.2286410960833074,2.286410960833074,1.0],[0.012392470279078194,0.12392470279078194,1.0],[0.9308270259025113,9.308270259025113,1.0],[0.3225145761620236,3.225145761620236,1.0],[0.0006954578022455582,0.006954578022455582,1.0],[0.2097170717940725,2.097170717940725,1.0],[0.5179602272351016,5.179602272351016,1.0],[0.7628222106217201,7.6282221062172,1.0]]
2b_Hurink_edata_1_workers.fjs;107.15420721837889;4483800;[0,1,13,29,36,40,0,8,13,24,35,44,0,6,14,27,41,45,8,13,21,26,29,36,13,21,24,36,44,48,0,3,6,18,36,40];[2,0,1,3,3,4,1,2,4,5,0,3,5,3,5,0,1,4,1,0,2,3,4,5,2,1,4,1,0,3,3,3,5,0,4,2];[6,4,5,7,4,8,8,1,2,1,0,5,0,7,4,3,2,2,5,3,7,8,4,3,0,5,4,7,7,7,7,1,6,6,8,2];[[0.8559393885152179,8.55939388515218,1.0],[0.8004839408308784,8.004839408308783,1.0],[0.5938433496209707,5.938433496209708,1.0],[0.8870093324131678,8.870093324131679,1.0],[0.741558169706834,7.4155816970683395,1.0],[0.8097670389513107,8.097670389513107,1.0],[0.2247324103169328,2.247324103169328,1.0],[0.9761818800633866,9.761818800633865,1.0],[0.6339038774096737,6.339038774096737,1.0]]
2b_Hurink_edata_1_workers.fjs;107.7496843788097;4864272;[0,1,24,30,37,46,0,8,13,27,36,45,0,5,9,18,30,36,8,13,21,26,29,36,13,21,24,37,45,49,0,9,16,27,42,46];[2,0,1,3,3,4,1,2,4,5,0,3,5,3,5,0,1,4,1,0,2,3,4,5,2,1,4,1,0,3,3,3,5,0,4,2];[8,1,5,7,4,8,6,7,2,8,0,1,4,1,4,8,2,2,0,1,4,4,4,5,3,6,1,7,2,7,7,2,0,6,3,7];[[0.5198238265685563,5.198238265685563,1.0],[0.9583988744400509,9.583988744400509,1.0],[0.3402956357666065,3.402956357666065,1.0],[0.7081849781179302,7.081849781179303,1.0],[0.9252189405445452,9.252189405445453,1.0],[0.05032666735654623,0.5032666735654623,1.0],[0.6613275461751585,6.613275461751585,1.0],[0.82711411373077,8.271141137307701,1.0],[0.8734961127808921,8.734961127808921,1.0]]
2b_Hurink_edata_1_workers.fjs;107.2534215085931;3073200;[0,1,13,29,40,46,0,8,13,24,35,44,0,6,15,27,35,40,8,13,21,26,33,40,13,21,24,29,46,49,0,3,6,18,29,48];[2,0,1,3,3,4,1,2,4,5,0,3,5,3,5,0,1,4,1,0,2,3,4,5,2,1,4,1,0,3,3,3,5,0,4,2];[0,1,6,5,4,8,6,1,2,2,0,5,4,4,4,3,2,2,7,5,3,5,4,3,3,7,8,8,2,0,7,2,0,1,1,5];[[0.18019241848515155,1.8019241848515155,1.0],[0.48736227300275514,4.873622730027551,1.0],[0.07759170039841756,0.7759170039841756,1.0],[0.5225667244081349,5.2256672440813485,1.0],[0.9196433340252647,9.196433340252646,1.0],[0.8762509611803474,8.762509611803473,1.0],[0.5029695910906639,5.029695910906638,1.0],[0.8160267976375112,8.160267976375112,1.0],[0.8059112000327816,8.059112000327817,1.0]]
2b_Hurink_edata_6_workers.fjs;1294.0389646342123;4675584;[35,183,394,471,571,54,76,225,307,363,0,35,183,490,550,0,36,225,407,495,36,91,345,413,543,203,288,363,449,572,0,35,90,288,472,180,261,363,394,486,91,177,183,293,550,143,180,471,557,565];[1,2,0,4,2,2,1,0,4,3,2,3,0,0,1,4,0,2,1,3,4,2,1,3,2,4,0,4,2,3,1,2,0,4,1,4,1,0,2,3,4,2,3,2,4,4,1,0,3,3];[5,3,5,0,2,4,2,3,0,1,2,3,4,3,0,6,0,4,6,4,6,6,6,1,1,0,1,2,2,5,1,2,1,6,6,5,3,0,0,5,5,4,1,2,6,3,2,4,4,3];[[0.7773566427005639,7.7735664270056395,1.0],[0.6698255595592497,6.698255595592498,1.0],[0.09913960392481702,0.9913960392481702,1.0],[0.35297051119014544,3.529705111901454,1.0],[0.4679077429008419,4.679077429008419,1.0],[0.5346837414708775,5.346837414708775,1.0],[0.9783090609123973,9.783090609123974,1.0]]
2b_Hurink_edata_6_workers.fjs;1215.848258852404;4396140;[0,261,323,431,513,56,78,285,389,468,0,38,402,451,498,92,143,193,261,381,37,92,189,255,324,128,210,285,371,456,0,38,56,371,431,262,327,416,514,567,210,303,332,456,514,0,108,304,324,552];[1,2,0,4,3,2,1,0,4,3,2,3,0,0,1,4,3,2,1,3,4,2,1,3,2,4,0,4,2,3,3,2,0,4,1,4,1,0,2,3,4,2,3,2,4,4,1,0,3,3];[5,3,1,0,2,4,2,5,2,5,4,3,1,4,4,6,1,4,4,4,6,5,2,2,0,3,1,6,5,5,0,1,1,0,2,5,3,3,0,5,5,0,4,1,1,3,2,1,5,6];[[0.7966509679599704,7.966509679599704,1.0],[0.05862623274803458,0.5862623274803458,1.0],[0.7602397739740907,7.602397739740907,1.0],[0.8627037401845356,8.627037401845355,1.0],[0.09127403464611428,0.9127403464611428,1.0],[0.9024924365975527,9.024924365975528,1.0],[0.7858960565941281,7.858960565941281,1.0]]
2b_Hurink_edata_6_workers.fjs;1272.7891900319134;3296316;[0,82,157,290,420,0,60,399,459,535,22,124,366,418,557,178,214,270,347,456,123,182,291,347,486,0,82,204,401,518,24,124,273,369,496,266,412,496,531,584,214,266,273,338,420,82,123,382,514,528];[1,2,0,4,3,2,1,0,4,3,2,3,0,0,1,4,3,2,1,3,4,2,1,3,2,4,0,1,2,3,1,2,0,4,1,4,1,0,2,3,4,0,3,2,4,4,1,0,2,3];[5,3,0,0,4,6,2,2,0,5,4,3,2,2,2,6,4,3,6,4,6,3,4,1,1,3,1,2,5,0,6,4,5,5,6,6,3,3,0,5,5,0,1,3,1,5,2,0,5,2];[[0.5209484070219088,5.209484070219088,1.0],[0.42125020101147315,4.212502010114731,1.0],[0.22094517308324657,2.2094517308324657,1.0],[0.13033708391670573,1.3033708391670573,1.0],[0.48395776843282956,4.839577684328296,1.0],[0.6260889663051598,6.260889663051597,1.0],[0.6211218319323739,6.21121831932374,1.0]]
2b_Hurink_edata_6_workers.fjs;1254.234018914381;127272;[30,94,208,454,533,0,51,95,293,368,36,204,350,399,513,0,36,136,210,293,152,208,365,431,542,208,293,368,457,569,0,75,113,332,446,129,272,368,399,579,36,88,95,293,533,88,129,446,572,588];[1,2,0,4,3,2,1,0,4,3,2,3,4,0,1,4,3,2,1,3,4,2,1,3,2,4,0,4,2,3,1,2,0,4,1,4,1,0,2,3,4,0,3,2,4,4,1,0,2,3];[3,3,5,0,4,0,2,6,5,1,6,3,2,4,2,6,4,3,1,4,5,4,2,1,3,0,1,6,5,0,2,3,6,2,4,5,3,0,5,5,5,0,1,0,1,5,2,3,1,0];[[0.49734142093980327,4.973414209398033,1.0],[0.35999045686025677,3.5999045686025677,1.0],[0.7220617567237175,7.220617567237175,1.0],[0.44672126724761885,4.4672126724761885,1.0],[0.4533596515962979,4.533596515962978,1.0],[0.025925678678183073,0.25925678678183073,1.0],[0.33490089376309407,3.3490089376309404,1.0]]
2b_Hurink_edata_6_workers.fjs;1226.0527478773456;2301060;[137,309,353,430,540,0,107,334,364,458,49,235,347,458,514,145,181,235,450,514,181,242,329,389,512,23,167,242,359,503,0,30,49,329,389,0,23,136,167,293,236,303,309,449,512,108,161,315,351,359];[1,2,0,4,2,2,1,0,4,3,2,3,4,0,1,4,3,2,1,3,4,0,1,3,2,4,0,1,2,3,3,2,0,4,1,4,1,0,2,3,4,2,3,2,4,4,1,0,2,3];[5,3,5,0,2,1,2,5,3,5,6,3,1,2,0,6,4,4,1,4,6,1,0,2,3,0,1,2,4,4,2,6,1,2,6,3,3,0,0,5,5,6,4,3,6,3,2,5,6,2];[[0.4211249061401,4.211249061401,1.0],[0.9761073344853062,9.761073344853061,1.0],[0.6132800246752349,6.132800246752349,1.0],[0.6930423279788359,6.930423279788359,1.0],[0.5088628354481554,5.088628354481553,1.0],[0.18781156668551158,1.8781156668551158,1.0],[0.830121874145001,8.301218741450011,1.0]]
2b_Hurink_edata_6_workers.fjs;1202.8975196647532;4836624;[107,270,331,438,517,59,128,229,297,383,0,128,438,454,517,23,59,195,263,440,59,115,195,257,365,171,256,352,452,553,0,35,142,334,433,0,23,107,312,431,115,263,334,394,517,256,352,509,537,564];[1,2,0,4,3,2,1,0,4,3,2,3,0,0,1,4,3,2,1,3,4,2,1,3,2,4,0,4,2,3,3,2,0,4,1,4,1,0,2,3,4,2,3,2,4,4,1,0,2,3];[3,3,5,0,4,6,0,2,4,3,5,3,6,3,0,6,1,3,5,4,5,5,5,2,0,0,1,6,5,4,0,0,1,2,2,3,3,2,0,5,4,3,4,1,1,6,2,2,3,3];[[0.4831103964860096,4.831103964860096,1.0],[0.9021829992468611,9.02182999246861,1.0],[0.5374571935128641,5.374571935128642,1.0],[0.8761340971511191,8.761340971511192,1.0],[0.573156942708234,5.7315694270823405,1.0],[0.994523847851402,9.945238478514021,1.0],[0.3574465703190305,3.574465703190305,1.0]]
2b_Hurink_edata_6_workers.fjs;1263.355434017273;3582756;[0,96,364,441,520,0,22,49,288,346,239,288,441,456,536,0,36,138,347,413,233,291,413,475,561,96,181,260,347,570,0,36,67,332,475,73,154,260,291,561,181,233,239,441,536,36,73,160,206,214];[1,2,0,4,2,2,1,0,4,3,2,3,0,0,1,4,3,2,1,3,4,0,1,3,2,4,0,1,2,3,3,2,0,4,1,4,1,0,2,3,4,2,3,2,4,4,1,0,3,3];[3,3,5,0,5,4,0,6,6,3,3,3,5,5,2,6,1,4,4,4,6,1,6,1,3,0,2,2,2,5,1,2,6,6,6,3,3,0,0,5,5,4,4,3,6,3,2,2,4,1];[[0.34661995661142697,3.4661995661142697,1.0],[0.2286410960833074,2.286410960833074,1.0],[0.012392470279078194,0.12392470279078194,1.0],[0.9308270259025113,9.308270259025113,1.0],[0.3225145761620236,3.225145761620236,1.0],[0.0006954578022455582,0.006954578022455582,1.0],[0.2097170717940725,2.097170717940725,1.0]]
2b_Hurink_edata_6_workers.fjs;1279.633042355543;4319652;[0,289,401,488,571,36,238,382,449,488,0,86,288,478,543,0,36,86,268,533,73,209,334,398,543,203,288,363,449,595,0,58,128,304,390,128,154,238,391,478,151,203,209,331,488,36,73,363,382,391];[1,2,0,4,2,2,1,0,4,3,2,3,4,0,1,4,3,2,1,3,4,2,1,3,2,4,0,4,2,3,3,2,0,4,1,4,1,0,2,3,4,2,3,2,1,4,1,0,3,3];[3,3,5,0,5,6,2,5,3,5,2,3,6,4,2,6,1,1,4,4,6,5,4,1,1,0,1,6,2,0,1,4,6,6,4,5,3,3,0,5,5,4,1,2,3,3,2,5,3,2];[[0.8559393885152179,8.55939388515218,1.0],[0.8004839408308784,8.004839408308783,1.0],[0.5938433496209707,5.938433496209708,1.0],[0.8870093324131678,8.870093324131679,1.0],[0.741558169706834,7.4155816970683395,1.0],[0.8097670389513107,8.097670389513107,1.0],[0.2247324103169328,2.247324103169328,1.0]]
2b_Hurink_edata_6_workers.fjs;1238.8083390585298;4883916;[0,56,105,445,533,36,56,86,390,427,0,332,428,461,536,107,143,193,413,475,52,107,183,243,358,143,225,300,390,561,36,261,300,427,475,225,248,393,475,545,0,52,72,300,536,248,332,443,537,554];[1,2,0,4,2,2,1,0,4,3,2,3,0,0,1,4,3,2,1,3,4,2,1,3,2,4,0,4,2,3,3,2,0,4,1,4,1,0,2,3,4,0,3,2,4,4,1,0,3,3];[3,3,4,0,1,2,2,5,4,2,1,3,4,3,2,6,1,4,1,4,6,2,0,2,1,3,1,5,5,5,1,4,6,0,6,5,3,3,5,5,5,0,1,1,6,6,2,3,3,5];[[0.5198238265685563,5.198238265685563,1.0],[0.9583988744400509,9.583988744400509,1.0],[0.3402956357666065,3.402956357666065,1.0],[0.7081849781179302,7.081849781179303,1.0],[0.9252189405445452,9.252189405445453,1.0],[0.05032666735654623,0.5032666735654623,1.0],[0.6613275461751585,6.613275461751585,1.0]]
2b_Hurink_edata_6_workers.fjs;1238.9390019590041;4763712;[0,97,197,289,535,39,139,274,368,405,0,39,97,149,414,37,97,280,348,473,149,204,280,336,464,204,292,405,492,578,0,58,399,491,509,126,167,368,411,464,74,147,155,348,509,0,37,118,274,571];[1,2,0,4,3,2,1,0,4,3,2,3,0,0,1,4,3,2,1,3,4,2,1,3,2,4,0,4,2,3,3,2,0,4,1,4,1,0,2,3,4,2,3,2,4,4,1,0,3,3];[5,3,5,0,4,5,3,6,4,4,6,3,4,5,2,1,1,3,5,4,6,2,4,2,3,0,1,6,5,0,2,4,1,0,6,5,3,0,0,5,5,1,1,3,1,3,2,0,5,4];[[0.18019241848515155,1.8019241848515155,1.0],[0.48736227300275514,4.873622730027551,1.0],[0.07759170039841756,0.7759170039841756,1.0],[0.5225667244081349,5.2256672440813485,1.0],[0.9196433340252647,9.196433340252646,1.0],[0.8762509611803474,8.762509611803473,1.0],[0.5029695910906639,5.029695910906638,1.0]]
2c_Hurink_rdata_28_workers.fjs;2201.8460751755833;517092;[67,81,167,310,554,625,876,888,914,954,5,81,165,318,372,467,625,726,851,920,0,5,84,171,214,281,383,434,553,801,0,43,213,352,372,436,527,626,708,790,19,239,317,398,499,533,616,721,850,914,84,97,352,383,493,559,660,695,795,976,0,178,249,331,549,673,702,755,769,867,0,289,397,467,708,768,808,874,904,954,34,81,156,215,282,320,398,660,742,954,0,34,165,271,352,434,596,667,780,816,0,19,77,167,177,516,684,770,888,956,165,249,256,332,436,533,559,886,904,971,67,83,177,245,282,512,626,660,956,971,239,310,399,434,527,616,699,789,876,967,128,245,253,395,437,644,769,808,872,956];[8,4,2,2,0,7,9,6,7,0,9,3,1,4,6,9,0,1,7,4,9,1,0,6,4,7,2,5,8,1,2,9,0,5,4,1,2,8,3,6,0,2,0,3,0,7,1,1,4,5,1,8,2,7,5,3,4,5,4,2,5,2,3,5,4,8,8,6,7,1,3,7,9,6,2,4,5,1,8,1,7,8,4,9,1,9,0,1,5,7,4,8,9,6,3,2,2,9,3,1,0,6,7,4,5,4,0,2,9,5,3,5,8,8,4,0,5,4,0,9,2,6,7,1,4,8,2,3,9,6,6,1,5,8,1,9,9,9,3,2,0,4,7,8,3,2,6,0,5,8];[0,0,9,1,5,13,10,2,10,4,7,11,5,5,1,12,2,2,6,7,12,1,14,10,13,12,5,4,9,1,0,14,0,12,2,13,6,7,6,13,11,7,8,8,2,5,10,1,12,7,5,6,14,12,14,1,0,11,12,8,4,8,10,7,0,14,3,10,10,13,9,9,3,8,4,12,3,11,8,10,6,10,9,9,4,13,6,9,7,14,6,5,11,13,7,14,7,1,1,8,3,8,13,2,6,1,0,0,9,1,4,2,2,10,10,8,7,7,11,3,5,7,2,1,5,4,14,11,2,13,8,4,14,11,3,8,5,14,0,0,3,5,5,11,9,6,3,7,1,9];[[0.7773566427005639,7.7735664270056395,1.0],[0.6698255595592497,6.698255595592498,1.0],[0.09913960392481702,0.9913960392481702,1.0],[0.35297051119014544,3.529705111901454,1.0],[0.4679077429008419,4.679077429008419,1.0],[0.5346837414708775,5.346837414708775,1.0],[0.9783090609123973,9.783090609123974,1.0],[0.13031535015865903,1.3031535015865903,1.0],[0.6712434682302663,6.712434682302662,1.0],[0.36422941594737557,3.6422941594737557,1.0],[0.48883570716198577,4.888357071619858,1.0],[0.20301221073405373,2.0301221073405373,1.0],[0.6661983755713592,6.661983755713592,1.0],[0.2276630312069321,2.276630312069321,1.0],[0.4580640582967631,4.580640582967631,1.0]]
2c_Hurink_rdata_28_workers.fjs;2057.4504945179224;432996;[87,175,257,333,373,516,613,626,653,718,0,39,297,374,427,516,609,650,800,863,0,8,157,224,331,563,606,701,763,905,15,54,139,249,267,346,434,549,645,729,104,156,270,346,584,695,820,891,896,932,0,35,104,185,267,374,548,609,783,847,110,236,348,427,460,548,650,702,718,812,87,199,303,448,514,641,672,788,844,905,39,140,249,300,381,427,514,729,800,863,0,54,87,175,224,374,384,609,754,905,0,87,266,575,596,613,645,729,812,880,0,104,133,387,446,611,724,829,891,938,0,87,175,267,338,509,582,770,829,845,0,54,267,303,434,509,641,747,829,939,0,133,443,473,509,606,670,702,763,864];[8,4,3,5,0,5,7,6,7,6,5,4,2,5,6,9,8,1,7,4,9,1,0,6,4,7,1,5,8,2,2,9,2,5,4,3,2,8,3,0,0,9,3,8,4,7,1,1,9,0,1,5,7,7,5,4,4,5,6,2,5,2,6,5,4,1,8,6,7,2,3,0,9,0,2,4,5,1,8,6,7,1,4,6,1,9,0,1,5,7,4,8,9,6,3,2,2,9,3,1,8,1,7,4,7,3,0,2,9,5,3,5,8,8,5,0,3,4,8,3,2,6,7,1,4,8,2,0,8,6,6,2,6,1,3,7,9,4,3,0,0,7,8,8,3,2,6,8,5,0];[14,7,4,14,9,13,11,1,7,6,1,3,1,13,3,1,2,13,6,7,12,7,10,10,3,6,9,9,4,0,5,0,9,7,6,6,6,7,8,1,12,3,9,11,10,1,10,8,3,0,5,12,14,1,14,7,5,13,0,5,6,5,12,5,14,14,5,11,10,1,5,12,7,5,8,4,10,7,8,2,14,10,9,8,14,13,12,14,3,12,14,5,13,13,2,1,3,4,8,13,3,2,13,0,7,14,14,12,9,4,4,11,14,0,1,5,11,5,9,5,9,7,5,7,0,6,3,11,12,13,11,9,2,4,4,10,3,13,14,8,2,1,12,0,9,6,11,5,2,10];[[0.7966509679599704,7.966509679599704,1.0],[0.05862623274803458,0.5862623274803458,1.0],[0.7602397739740907,7.602397739740907,1.0],[0.8627037401845356,8.627037401845355,1.0],[0.09127403464611428,0.9127403464611428,1.0],[0.9024924365975527,9.024924365975528,1.0],[0.7858960565941281,7.858960565941281,1.0],[0.40667966546103385,4.0667966546103385,1.0],[0.37447264465852026,3.7447264465852026,1.0],[0.6490262282913547,6.490262282913547,1.0],[0.40092466608569977,4.009246660856998,1.0],[0.5721109226277574,5.721109226277575,1.0],[0.6077930620255084,6.077930620255084,1.0],[0.05072389565884072,0.5072389565884072,1.0],[0.7370880093375713,7.370880093375714,1.0]]
2c_Hurink_rdata_28_workers.fjs;2167.4888675959746;580140;[9,122,269,280,320,437,556,568,594,636,0,42,236,330,391,473,581,644,719,790,56,82,199,255,305,431,528,570,636,790,0,48,79,178,200,321,436,534,744,824,65,239,315,391,494,534,594,639,744,900,0,76,170,243,391,495,717,785,880,943,0,91,160,233,255,407,440,528,581,790,0,91,170,258,320,464,528,805,900,947,0,219,264,315,360,473,581,719,774,841,0,170,360,413,462,507,570,792,943,963,42,158,247,321,413,431,632,710,824,887,91,170,305,382,458,563,590,632,670,842,60,170,258,320,391,493,717,854,887,943,35,76,315,393,480,569,702,792,880,973,0,211,219,347,619,717,823,842,906,963];[8,4,2,2,0,7,7,6,9,6,5,4,1,4,0,9,0,1,7,0,9,3,0,5,4,7,2,5,9,2,2,9,0,5,4,7,2,8,3,6,6,9,3,3,4,7,1,1,4,5,8,5,7,0,5,3,4,6,4,2,7,1,3,5,8,9,8,6,7,7,3,7,9,6,2,4,5,1,8,6,9,1,4,9,1,0,8,1,5,7,4,8,9,6,3,2,2,9,4,1,2,1,7,4,7,4,4,8,9,1,8,5,5,8,5,0,3,2,0,3,2,6,2,1,4,8,0,3,9,5,6,2,6,1,1,4,9,4,0,0,0,1,7,8,3,2,3,8,5,8];[14,8,9,7,5,10,14,2,13,5,1,10,11,2,5,4,9,11,1,9,12,5,14,10,3,11,10,11,10,13,10,13,6,6,6,13,9,7,8,3,11,2,9,14,11,12,2,14,7,7,11,14,14,14,2,13,8,12,3,1,7,2,11,3,4,9,14,1,7,1,5,9,4,5,1,6,6,13,8,12,9,9,0,12,12,5,0,2,14,12,6,5,4,13,2,14,3,11,10,9,3,2,13,0,8,4,1,12,8,11,7,0,10,3,1,5,1,6,7,10,14,7,7,7,1,12,9,10,2,3,1,0,8,7,3,6,5,6,4,0,2,3,5,11,8,3,4,7,2,11];[[0.5209484070219088,5.209484070219088,1.0],[0.42125020101147315,4.212502010114731,1.0],[0.22094517308324657,2.2094517308324657,1.0],[0.13033708391670573,1.3033708391670573,1.0],[0.48395776843282956,4.839577684328296,1.0],[0.6260889663051598,6.260889663051597,1.0],[0.6211218319323739,6.21121831932374,1.0],[0.707277595965894,7.07277595965894,1.0],[0.43539590023548325,4.3539590023548325,1.0],[0.04809800715767443,0.4809800715767443,1.0],[0.2254847064342842,2.254847064342842,1.0],[0.788548045160999,7.88548045160999,1.0],[0.42108890435006496,4.21088904350065,1.0],[0.5652029481252892,5.6520294812528915,1.0],[0.6764042610645917,6.764042610645918,1.0]]
2c_Hurink_rdata_28_workers.fjs;2169.2673065926824;2313216;[0,19,93,104,144,223,453,576,612,789,0,192,275,365,488,576,662,703,778,911,192,197,301,445,488,496,661,704,778,859,149,197,368,517,548,656,788,864,911,978,30,204,287,363,402,465,633,769,809,968,16,70,238,365,449,612,783,809,850,914,0,88,263,339,358,453,572,656,849,930,104,223,301,388,472,547,577,857,911,958,16,160,181,205,248,345,475,577,633,930,0,37,144,339,427,538,697,725,914,937,0,19,65,272,282,465,698,783,863,926,0,88,139,209,282,460,536,681,736,850,0,104,192,472,513,548,662,703,763,850,0,65,160,196,279,368,422,703,807,978,93,181,209,513,567,725,788,807,918,959];[8,4,3,5,0,5,7,6,7,0,9,4,2,5,6,9,8,1,7,4,9,3,0,6,4,7,3,5,9,2,2,9,1,5,4,7,2,8,3,0,6,2,3,3,4,7,1,5,4,5,8,8,7,2,5,4,4,5,6,2,5,2,6,5,8,8,0,6,7,1,3,0,9,6,2,1,7,1,8,6,2,1,4,9,1,0,0,1,5,7,7,8,9,6,0,5,2,9,6,1,0,1,7,4,7,3,4,1,9,9,3,5,7,6,4,0,3,2,0,9,2,6,2,1,4,8,2,0,9,5,6,1,5,8,1,7,9,8,3,2,4,1,7,1,3,2,3,8,5,8];[3,7,11,14,4,4,14,8,5,5,12,10,2,1,8,3,4,1,1,7,12,0,14,10,13,11,11,14,6,4,1,13,7,4,6,13,9,7,5,2,1,11,9,8,6,9,2,4,14,13,5,5,7,9,3,7,7,13,10,13,2,8,12,5,14,8,1,5,12,12,3,5,7,5,7,9,7,5,8,12,14,9,8,2,6,0,12,4,12,14,11,5,14,13,11,5,6,2,9,4,7,4,13,10,7,14,9,2,1,11,0,4,7,3,11,4,7,0,8,13,5,11,6,0,13,14,3,4,2,14,1,10,2,9,3,10,2,12,3,5,12,6,12,9,0,11,11,8,10,1];[[0.49734142093980327,4.973414209398033,1.0],[0.35999045686025677,3.5999045686025677,1.0],[0.7220617567237175,7.220617567237175,1.0],[0.44672126724761885,4.4672126724761885,1.0],[0.4533596515962979,4.533596515962978,1.0],[0.025925678678183073,0.25925678678183073,1.0],[0.33490089376309407,3.3490089376309404,1.0],[0.4755440242737675,4.755440242737675,1.0],[0.45132356511490823,4.513235651149082,1.0],[0.08788974506102976,0.8788974506102976,1.0],[0.29509671683068217,2.9509671683068217,1.0],[0.33863234208051063,3.3863234208051063,1.0],[0.9020959027552419,9.020959027552419,1.0],[0.7173473735926632,7.173473735926632,1.0],[0.8986159167700656,8.986159167700656,1.0]]
2c_Hurink_rdata_28_workers.fjs;2165.039303241396;409296;[0,13,223,317,367,443,643,655,890,945,40,92,186,263,404,498,735,775,871,934,218,236,443,485,584,655,748,788,843,942,0,80,92,218,322,407,523,613,681,926,40,225,295,443,489,622,716,850,878,999,31,390,468,544,634,704,790,817,887,943,159,263,322,451,591,686,724,777,791,937,0,82,160,225,322,421,533,564,777,824,0,217,295,307,451,547,651,775,843,934,275,313,352,531,580,613,701,789,863,885,13,39,85,307,318,431,500,623,824,909,32,111,141,233,564,634,651,863,879,964,40,95,263,298,390,489,530,613,682,885,0,93,183,218,334,421,591,697,791,890,0,85,111,160,313,456,523,660,724,942];[8,4,3,5,0,7,7,6,3,6,9,4,2,5,6,9,0,1,7,4,3,3,0,5,4,7,3,5,8,9,2,9,2,5,4,3,2,8,3,0,6,9,0,8,0,7,1,1,4,5,1,2,4,7,5,4,4,6,9,1,7,2,6,5,4,1,8,6,7,1,3,0,9,6,2,1,5,1,8,4,7,8,4,9,1,0,0,0,5,7,7,8,9,6,3,2,2,9,6,1,8,1,7,4,7,4,4,2,9,5,8,5,8,8,5,0,3,2,0,3,2,6,7,1,4,8,0,3,9,6,6,1,5,1,1,9,9,9,3,2,0,1,8,0,3,2,3,8,5,8];[3,2,11,4,12,13,14,11,9,1,1,3,1,2,5,11,13,13,6,7,4,12,10,8,5,5,0,11,4,3,1,3,2,12,6,14,3,7,5,2,11,10,13,12,12,9,10,11,12,11,5,1,0,14,10,7,12,0,11,6,7,6,2,9,4,11,14,10,14,8,14,5,8,13,8,9,7,12,8,9,11,5,10,10,6,6,0,5,7,14,4,5,10,13,7,5,2,6,13,0,3,4,13,11,11,2,10,8,1,10,0,1,14,5,1,1,3,0,2,2,9,10,1,7,8,4,9,0,2,13,5,6,4,0,7,7,13,3,10,8,13,10,12,9,0,1,14,14,9,11];[[0.4211249061401,4.211249061401,1.0],[0.9761073344853062,9.761073344853061,1.0],[0.6132800246752349,6.132800246752349,1.0],[0.6930423279788359,6.930423279788359,1.0],[0.5088628354481554,5.088628354481553,1.0],[0.18781156668551158,1.8781156668551158,1.0],[0.830121874145001,8.301218741450011,1.0],[0.8449241651217704,8.449241651217704,1.0],[0.20962821201639004,2.0962821201639006,1.0],[0.6505169872996391,6.505169872996391,1.0],[0.7003316191510263,7.003316191510263,1.0],[0.7150339547653067,7.150339547653068,1.0],[0.8091072451390076,8.091072451390076,1.0],[0.8451978833841938,8.451978833841938,1.0],[0.3695849781386673,3.695849781386673,1.0]]
2c_Hurink_rdata_28_workers.fjs;2063.1380378985373;346824;[0,116,247,325,361,467,558,571,620,863,0,39,118,205,259,347,452,651,728,791,85,118,203,347,398,461,467,541,614,922,112,345,371,513,537,601,695,764,811,924,82,134,213,289,332,439,509,728,922,966,0,15,84,163,289,361,513,721,800,863,88,259,398,483,503,679,736,784,800,961,0,85,202,289,473,557,585,620,710,788,15,90,213,268,313,439,516,605,671,880,0,39,72,127,332,361,533,559,598,736,13,35,241,368,461,618,671,764,834,897,90,193,332,483,600,721,736,766,811,890,0,39,152,205,247,292,435,483,598,778,0,31,176,206,405,598,664,782,876,966,0,205,213,354,462,559,623,660,736,897];[8,4,2,2,0,7,7,6,7,6,5,4,1,5,6,9,0,1,7,0,3,3,0,6,4,7,1,5,8,2,2,1,2,5,4,3,2,8,3,6,0,9,3,3,4,7,1,1,9,0,1,2,2,2,5,3,4,6,6,2,5,2,6,5,8,8,0,6,7,7,3,7,9,0,2,1,7,1,8,1,9,3,4,9,1,9,0,0,5,7,4,8,9,6,3,2,2,9,6,1,8,5,7,4,5,4,4,2,9,1,8,5,8,6,5,0,3,4,8,3,2,6,2,1,4,8,0,4,8,5,6,1,6,8,4,9,9,4,0,2,0,4,7,1,3,2,6,0,5,8];[3,5,14,13,8,10,11,8,5,9,1,8,9,7,8,12,2,6,6,6,12,6,14,11,3,11,1,9,13,13,2,7,14,11,2,10,14,7,8,3,3,11,9,1,3,12,6,13,7,7,5,4,10,8,10,1,3,3,13,7,4,7,6,8,14,4,2,11,14,13,11,0,2,9,4,12,7,12,8,4,2,13,6,12,0,13,5,1,0,14,7,5,6,13,14,6,1,4,0,4,10,14,13,0,12,0,9,10,1,11,12,1,2,9,9,4,11,0,11,2,2,7,7,10,10,5,9,11,13,3,6,9,12,4,7,8,5,12,0,5,13,9,5,9,0,6,3,3,1,1];[[0.4831103964860096,4.831103964860096,1.0],[0.9021829992468611,9.02182999246861,1.0],[0.5374571935128641,5.374571935128642,1.0],[0.8761340971511191,8.761340971511192,1.0],[0.573156942708234,5.7315694270823405,1.0],[0.994523847851402,9.945238478514021,1.0],[0.3574465703190305,3.574465703190305,1.0],[0.6617299629663892,6.617299629663892,1.0],[0.4882872262788658,4.882872262788657,1.0],[0.5726412824777106,5.726412824777106,1.0],[0.32388398325139345,3.2388398325139347,1.0],[0.8072354510963532,8.072354510963532,1.0],[0.8087324055796944,8.087324055796945,1.0],[0.660852452150834,6.60852452150834,1.0],[0.5802577271631468,5.802577271631469,1.0]]
2c_Hurink_rdata_28_workers.fjs;2329.2099597526076;345072;[0,98,222,374,412,542,662,838,902,980,88,235,385,482,545,624,708,848,926,989,0,397,487,641,727,771,777,819,887,947,0,149,156,283,525,690,819,908,955,1033,34,119,196,352,397,675,804,881,888,1016,0,14,90,303,412,607,703,734,925,989,0,88,149,222,241,331,359,484,501,657,0,94,184,529,593,707,736,771,804,1008,0,260,331,342,412,484,561,652,707,845,0,359,392,435,484,513,525,561,780,961,86,104,174,342,352,513,734,819,947,1010,90,167,174,242,302,529,545,777,793,888,104,153,248,277,352,392,589,838,1001,1016,34,196,319,440,518,608,708,798,887,978,14,119,302,433,593,690,819,851,908,955];[8,4,3,5,0,5,7,6,3,0,5,3,2,5,0,9,0,1,7,4,9,3,0,5,4,7,2,5,9,1,2,1,1,2,4,3,4,8,3,6,0,2,0,3,4,7,1,5,4,7,1,8,7,2,5,4,4,6,6,2,5,1,3,5,4,8,0,6,7,2,3,0,9,6,2,1,7,1,8,1,7,1,4,9,1,9,8,1,5,7,0,8,9,6,3,4,2,9,6,1,2,6,7,4,7,3,4,2,9,9,8,5,8,8,5,0,3,7,7,3,2,6,7,1,4,8,4,3,8,5,6,2,6,1,1,7,9,9,0,2,4,7,7,8,3,2,3,8,5,8];[0,5,0,8,9,11,11,9,9,2,13,11,2,0,14,13,12,6,6,7,12,5,10,6,3,11,1,2,12,14,10,3,7,6,6,10,0,7,0,1,3,2,3,10,10,12,10,4,2,11,5,11,14,14,7,4,3,3,2,6,2,1,11,4,0,5,3,6,5,5,7,6,12,10,7,2,7,8,8,9,14,10,6,2,8,13,8,2,0,14,6,5,13,13,14,1,2,9,6,9,3,0,13,10,11,14,9,11,1,4,12,13,1,9,7,9,1,13,7,0,2,10,1,1,0,12,0,3,11,14,6,6,11,4,12,10,5,5,10,8,0,7,9,11,9,6,9,8,13,11];[[0.34661995661142697,3.4661995661142697,1.0],[0.2286410960833074,2.286410960833074,1.0],[0.012392470279078194,0.12392470279078194,1.0],[0.9308270259025113,9.308270259025113,1.0],[0.3225145761620236,3.225145761620236,1.0],[0.0006954578022455582,0.006954578022455582,1.0],[0.2097170717940725,2.097170717940725,1.0],[0.5179602272351016,5.179602272351016,1.0],[0.7628222106217201,7.6282221062172,1.0],[0.3089717897377221,3.089717897377221,1.0],[0.15113122452813788,1.5113122452813788,1.0],[0.07045772229012492,0.7045772229012492,1.0],[0.8725064026541692,8.725064026541693,1.0],[0.3074981421409557,3.074981421409557,1.0],[0.272859759997538,2.7285975999753798,1.0]]
2c_Hurink_rdata_28_workers.fjs;2230.003571462334;3998628;[0,80,159,172,349,446,598,707,733,913,0,197,347,450,510,598,691,738,813,947,0,8,191,233,300,537,544,667,832,987,34,91,233,332,417,481,591,785,899,981,0,52,120,198,592,641,813,857,862,917,0,100,165,193,265,331,659,751,792,893,40,286,347,431,450,662,747,795,877,959,0,127,279,345,439,499,722,862,956,1003,0,92,159,241,360,425,513,684,792,959,5,165,233,450,659,733,745,860,892,945,16,116,210,284,429,481,513,591,707,899,13,351,358,499,597,667,830,880,897,975,0,32,116,127,170,286,332,429,692,849,0,73,165,197,275,360,414,515,738,897,0,293,611,662,696,813,880,899,956,1003];[8,4,3,5,0,7,7,6,7,6,5,3,2,5,0,9,8,1,7,0,7,1,0,6,4,7,2,5,8,9,2,1,0,5,4,3,4,8,3,6,0,9,0,8,0,7,1,1,4,5,1,8,2,2,5,4,4,5,4,1,5,2,3,5,8,8,0,6,7,2,3,7,9,6,2,1,5,1,8,1,9,3,4,8,1,0,5,0,5,7,7,8,9,6,3,2,2,9,6,1,2,6,7,4,7,4,4,1,9,9,8,5,5,6,5,0,3,2,0,9,2,6,7,1,4,8,0,3,9,5,6,2,6,1,1,7,9,9,3,2,4,4,7,1,4,2,3,8,5,8];[3,2,0,11,12,10,11,2,11,7,13,3,11,0,5,10,14,13,5,6,0,12,10,8,3,14,4,11,2,3,5,8,12,14,2,2,2,7,12,7,1,11,14,6,6,8,10,10,12,2,5,1,12,14,14,7,6,10,4,6,10,5,5,13,6,14,2,0,10,11,4,7,2,8,4,4,10,1,8,1,11,7,9,5,14,12,9,9,12,14,0,5,10,13,2,2,4,11,9,9,3,13,13,0,5,9,1,14,8,4,14,2,6,7,1,1,11,7,3,2,10,6,3,6,8,1,9,7,2,14,8,9,3,4,4,10,14,11,14,5,7,6,9,12,7,13,4,8,1,11];[[0.8559393885152179,8.55939388515218,1.0],[0.8004839408308784,8.004839408308783,1.0],[0.5938433496209707,5.938433496209708,1.0],[0.8870093324131678,8.870093324131679,1.0],[0.741558169706834,7.4155816970683395,1.0],[0.8097670389513107,8.097670389513107,1.0],[0.2247324103169328,2.247324103169328,1.0],[0.9761818800633866,9.761818800633865,1.0],[0.6339038774096737,6.339038774096737,1.0],[0.5580285642552777,5.580285642552777,1.0],[0.4463526500656817,4.463526500656817,1.0],[0.28336462923826333,2.8336462923826335,1.0],[0.9019880415639555,9.019880415639555,1.0],[0.03268507148422006,0.32685071484220063,1.0],[0.4362825217209084,4.3628252172090844,1.0]]
2c_Hurink_rdata_28_workers.fjs;2131.35355611791;3571968;[0,15,94,309,392,466,554,566,640,837,105,143,219,316,379,467,550,596,708,804,189,274,350,392,438,701,757,798,903,965,148,214,358,504,524,588,675,757,864,954,0,52,124,205,247,290,322,370,427,655,0,89,176,214,292,358,669,695,735,924,0,105,247,438,600,728,804,856,878,958,0,133,214,313,460,695,761,798,856,926,0,41,94,168,294,350,467,600,701,797,0,56,143,215,459,492,520,550,650,681,15,264,566,640,650,675,706,784,861,924,8,105,111,188,244,316,457,685,784,936,0,41,129,257,379,558,728,896,926,941,129,168,257,292,370,461,582,679,765,864,52,140,148,370,492,586,655,695,860,905];[8,4,3,2,0,7,7,1,7,0,9,4,2,4,6,9,0,1,7,4,9,9,0,5,4,7,1,5,8,1,2,0,2,5,4,3,2,8,3,0,0,2,3,3,0,7,1,5,9,0,1,8,7,7,5,3,4,6,6,2,5,1,3,5,8,1,8,6,7,1,3,0,9,6,2,4,5,1,8,4,9,8,4,6,1,9,8,0,5,7,7,8,9,6,3,5,2,9,4,1,2,6,7,4,5,3,0,2,9,5,1,5,5,8,4,0,5,7,0,3,2,6,7,1,4,8,4,4,9,6,6,1,5,8,1,4,9,9,3,2,0,7,7,8,3,2,6,8,5,0];[14,2,3,1,10,13,14,4,3,4,10,3,2,7,8,7,2,7,1,7,12,4,10,2,13,4,9,2,0,10,1,6,14,3,6,0,10,7,6,2,3,14,9,14,6,0,6,3,9,13,5,12,14,8,14,1,4,5,14,1,10,13,10,5,14,12,5,0,14,5,8,8,12,5,1,14,13,3,8,9,11,4,5,13,8,13,8,1,13,14,13,5,10,13,2,14,4,11,6,9,5,13,13,2,5,1,8,11,1,4,9,1,7,7,7,2,11,13,8,5,6,11,3,1,0,1,3,11,2,13,6,0,3,11,6,6,12,6,10,2,0,1,5,9,0,9,10,11,13,8];[[0.5198238265685563,5.198238265685563,1.0],[0.9583988744400509,9.583988744400509,1.0],[0.3402956357666065,3.402956357666065,1.0],[0.7081849781179302,7.081849781179303,1.0],[0.9252189405445452,9.252189405445453,1.0],[0.05032666735654623,0.5032666735654623,1.0],[0.6613275461751585,6.613275461751585,1.0],[0.82711411373077,8.271141137307701,1.0],[0.8734961127808921,8.734961127808921,1.0],[0.5913019030238962,5.913019030238962,1.0],[0.11264722490163037,1.1264722490163037,1.0],[0.34477784983246407,3.4477784983246407,1.0],[0.011377599382669468,0.11377599382669468,1.0],[0.7909742881977946,7.909742881977946,1.0],[0.3277964015146908,3.277964015146908,1.0]]
2c_Hurink_rdata_28_workers.fjs;2113.7806722893333;3242580;[0,13,96,130,166,279,530,543,711,845,0,92,197,306,359,447,571,618,717,864,0,5,237,286,515,523,642,686,793,886,35,151,246,350,370,434,543,617,882,949,0,83,151,310,428,597,764,808,813,849,33,82,166,356,428,523,619,677,736,807,52,295,543,628,648,736,764,828,891,971,0,87,205,295,370,571,664,699,864,911,5,80,168,178,219,279,424,511,571,810,48,87,159,246,350,632,693,774,849,870,13,35,172,262,271,308,434,551,711,901,227,334,356,447,501,632,650,699,717,949,0,31,119,130,271,511,650,870,911,926,0,31,168,227,434,543,614,711,793,971,178,262,551,581,617,734,807,828,886,927];[8,4,3,2,0,7,7,1,3,6,5,4,2,4,6,9,0,1,7,0,7,9,0,5,4,7,2,5,8,9,2,9,1,5,4,1,9,8,3,0,0,9,3,8,0,7,1,5,4,0,8,5,2,0,5,4,4,6,4,2,0,2,6,5,4,1,0,6,7,2,3,7,9,6,9,1,7,1,8,4,7,3,4,8,1,0,8,0,5,7,7,8,9,6,3,2,2,9,4,1,8,5,7,4,5,3,4,2,9,9,3,5,8,6,5,0,5,7,0,3,2,6,2,1,4,8,0,4,8,6,6,1,6,8,3,7,9,8,3,7,4,7,8,8,3,2,6,9,5,8];[3,2,0,13,5,10,11,14,3,3,1,3,11,4,8,2,14,13,1,6,7,9,10,8,13,0,3,10,6,7,1,7,7,11,6,10,11,7,5,3,12,11,9,14,1,10,10,3,12,12,5,4,14,12,7,4,9,11,7,4,12,13,2,8,14,13,9,2,14,12,14,1,2,5,11,8,7,5,8,9,6,6,7,7,6,6,13,8,3,14,13,5,6,13,7,4,13,14,0,12,0,10,13,0,8,11,14,5,8,4,3,2,1,3,1,5,11,1,2,2,11,7,7,0,1,5,9,11,2,13,4,8,3,9,6,10,12,6,1,14,0,1,12,0,0,5,11,10,10,11];[[0.18019241848515155,1.8019241848515155,1.0],[0.48736227300275514,4.873622730027551,1.0],[0.07759170039841756,0.7759170039841756,1.0],[0.5225667244081349,5.2256672440813485,1.0],[0.9196433340252647,9.196433340252646,1.0],[0.8762509611803474,8.762509611803473,1.0],[0.5029695910906639,5.029695910906638,1.0],[0.8160267976375112,8.160267976375112,1.0],[0.8059112000327816,8.059112000327817,1.0],[0.2140591090540045,2.140591090540045,1.0],[0.08805821114486456,0.8805821114486456,1.0],[0.20329737064426556,2.0329737064426556,1.0],[0.5837360924329463,5.837360924329463,1.0],[0.6737333796339059,6.737333796339059,1.0],[0.1608013027204077,1.6080130272040771,1.0]]
2c_Hurink_rdata_38_workers.fjs;4729.079178845975;301740;[0,146,368,1001,1030,1404,1552,1592,1741,1987,0,389,672,956,1049,1147,1230,1274,1839,2091,0,122,323,417,618,715,881,1268,1739,2023,125,448,727,998,1007,1577,1721,1783,1814,1966,0,191,613,792,881,909,1396,1480,1820,2037,594,697,767,961,1093,1185,1344,1741,2003,2064,0,114,772,1188,1559,1636,1833,1909,1914,2067,74,588,705,823,1157,1226,1314,1342,1436,1922,46,199,474,492,951,1055,1747,1890,1937,2163,47,227,519,559,605,1370,1412,1641,1953,2125,0,31,267,394,626,715,792,1049,2033,2132,699,939,998,1053,1140,1189,1721,1836,1909,2103,212,273,501,605,859,951,1322,1406,1486,2067,59,375,492,569,767,848,1305,1408,1503,1890,0,302,384,699,705,1314,1396,1486,1581,2101,158,804,881,1003,1099,1266,1476,1552,1647,1900,0,482,529,569,599,1254,1581,1687,1755,1856,313,814,859,1024,1322,1416,1648,1868,1988,2126,696,1007,1097,1164,1230,1334,1345,1937,2003,2037,252,348,384,768,773,915,1001,1024,1598,1718,59,252,522,859,881,939,1092,1337,1802,1878,224,474,559,1144,1416,1513,1614,1731,2035,2067,98,246,323,516,605,1274,1417,1636,1729,1868,43,73,158,336,371,697,804,1193,1503,1856,152,384,492,724,909,1119,1198,1380,1721,1784,181,371,479,516,526,725,1251,1814,2009,2144,91,181,626,1094,1164,1268,1370,1417,1765,2107,224,294,313,544,657,786,1046,1333,1530,1966,181,249,291,368,375,448,1003,1185,1592,2064,31,62,255,807,1097,1240,1480,1594,1647,1721];[0,2,3,7,9,6,8,5,1,4,3,0,1,5,0,9,1,4,7,0,8,9,8,9,1,6,5,2,7,0,0,1,2,6,3,2,3,4,0,7,9,4,3,5,1,9,4,7,1,2,4,2,1,4,5,3,6,2,8,5,7,6,1,6,8,4,3,0,9,6,2,4,7,2,5,4,9,5,1,1,4,8,2,4,0,8,5,4,0,1,9,0,5,0,2,8,0,4,3,7,6,6,1,3,6,5,4,7,4,4,8,3,9,3,2,5,8,5,5,5,9,1,7,7,0,8,4,3,5,3,2,6,8,3,8,1,6,1,3,2,2,0,4,7,9,0,1,9,4,8,1,3,6,0,8,3,8,0,2,3,4,6,1,8,8,6,7,5,3,2,5,0,7,8,7,5,9,4,9,6,3,6,1,4,9,1,3,4,2,7,1,0,2,4,9,7,8,2,9,9,0,9,0,3,8,9,7,4,2,5,2,5,6,0,2,9,7,7,3,1,4,8,6,2,9,0,7,8,4,1,8,1,3,5,9,4,6,6,2,7,5,0,2,0,1,9,0,6,7,1,7,5,0,0,5,7,1,4,3,5,7,8,9,2,1,8,7,8,3,4,6,5,4,1,3,6,5,2,4,2,0,3,3,1,1,7,4,2,6,8,3,3,2,4,6,3,4,2,3,6];[0,6,12,1,10,8,0,7,5,2,13,11,2,4,2,2,14,9,12,12,10,12,9,10,2,8,11,10,10,1,4,3,14,6,9,11,9,0,11,3,6,12,1,0,3,5,14,5,7,3,0,5,9,10,4,13,4,13,0,10,5,2,1,7,12,14,3,14,1,8,0,14,14,13,3,1,3,10,0,0,1,9,0,7,12,7,1,12,14,8,8,7,1,12,8,12,12,10,12,6,11,13,4,0,7,11,4,0,5,13,9,1,14,9,13,4,4,14,3,12,2,1,4,9,4,0,6,1,6,12,0,1,3,11,8,1,4,9,10,2,8,5,5,8,12,8,7,1,5,9,14,10,10,0,5,12,3,3,5,7,12,5,14,13,12,1,14,7,12,12,12,14,2,5,9,2,12,7,6,5,10,6,8,1,8,5,13,5,9,2,2,5,2,4,12,7,7,8,13,11,6,12,10,9,1,5,5,7,7,1,13,2,10,9,10,1,9,10,8,4,10,10,13,9,7,0,4,3,0,5,11,7,11,8,8,6,11,6,2,8,10,11,10,2,6,12,9,3,3,12,7,14,8,10,0,13,13,5,13,9,5,8,10,0,12,11,11,3,6,13,6,8,7,2,5,10,4,1,7,0,10,14,2,4,9,14,12,11,6,13,4,9,0,5,7,2,7,0,14,8];[[0.7773566427005639,7.7735664270056395,1.0],[0.6698255595592497,6.698255595592498,1.0],[0.09913960392481702,0.9913960392481702,1.0],[0.35297051119014544,3.529705111901454,1.0],[0.4679077429008419,4.679077429008419,1.0],[0.5346837414708775,5.346837414708775,1.0],[0.9783090609123973,9.783090609123974,1.0],[0.13031535015865903,1.3031535015865903,1.0],[0.6712434682302663,6.712434682302662,1.0],[0.36422941594737557,3.6422941594737557,1.0],[0.48883570716198577,4.888357071619858,1.0],[0.20301221073405373,2.0301221073405373,1.0],[0.6661983755713592,6.661983755713592,1.0],[0.2276630312069321,2.276630312069321,1.0],[0.4580640582967631,4.580640582967631,1.0]]
2c_Hurink_rdata_38_workers.fjs;4470.310249784781;347268;[188,465,568,705,850,963,1139,1375,1496,1595,453,483,578,636,1167,1507,1680,1707,1839,2053,191,248,613,776,950,1045,1417,1573,1796,1899,120,212,600,734,1188,1348,1368,1414,1662,1856,341,748,1009,1054,1328,1382,1634,1751,1874,1943,173,569,674,857,1069,1528,1634,1796,1851,1978,153,330,642,703,732,1082,1461,1590,1637,1724,98,276,787,937,1151,1183,1483,1634,1918,2043,0,70,550,1301,1432,1497,1550,1634,1754,1847,418,493,568,769,1067,1100,1379,1590,1765,1938,0,97,636,676,1044,1301,1398,1503,1684,1761,98,173,428,708,1143,1235,1550,1708,1996,2058,386,801,815,880,1235,1685,1757,1823,1903,1996,83,276,636,1143,1188,1264,1335,1759,1826,2000,57,297,767,957,963,1053,1143,1728,1772,1912,57,135,568,704,779,955,984,1538,1715,1903,651,734,787,1146,1183,1270,1414,1448,1685,2033,304,653,805,996,1295,1382,1417,1662,1899,2009,397,651,815,884,965,1367,1399,1497,1550,1585,0,60,97,291,296,868,970,1276,1356,1590,0,83,260,595,1011,1069,1761,1839,2025,2058,260,854,970,1067,1189,1276,1708,1786,1793,1912,699,809,884,1054,1143,1151,1348,1414,1507,2001,0,252,332,732,897,1226,1499,1584,1952,2043,575,671,676,704,955,1135,1356,1500,1526,2058,103,397,749,769,937,1399,1538,1678,1957,2061,0,173,570,897,1227,1317,1536,1625,1695,2069,181,367,1206,1256,1328,1484,1786,1907,2013,2069,0,172,212,284,578,651,996,1143,1270,2025,284,315,453,493,743,1526,1786,1851,1935,2001];[0,2,3,7,9,7,8,6,1,0,3,4,1,5,0,9,1,4,7,5,8,7,9,9,5,6,5,6,9,0,9,1,2,6,3,2,3,4,0,7,0,4,3,8,1,1,6,5,1,8,4,2,1,4,5,3,9,2,8,9,7,6,1,8,2,4,3,0,2,6,2,4,7,0,6,4,9,5,1,0,9,9,2,4,0,0,5,1,0,1,9,0,5,0,2,8,2,4,3,7,6,0,1,3,1,5,4,2,7,1,8,3,5,8,2,7,8,5,5,9,5,1,8,8,3,8,4,3,5,3,2,6,8,3,8,5,6,9,4,4,9,0,5,7,3,7,5,9,4,8,1,5,0,0,4,4,2,0,2,3,4,7,1,8,6,8,7,2,3,2,6,0,7,8,7,5,9,3,9,3,0,6,1,4,9,1,3,5,2,7,1,0,6,5,5,7,8,2,9,3,0,7,0,3,5,9,7,6,0,5,2,5,6,0,2,9,9,9,8,4,4,3,1,3,4,0,7,8,4,1,8,1,3,5,5,4,6,2,2,7,5,3,2,1,1,9,0,8,7,1,7,2,0,9,9,1,1,4,3,8,7,8,9,2,1,8,7,8,3,4,6,5,4,1,3,6,7,2,9,2,4,9,3,5,4,7,4,1,6,8,3,9,2,9,6,8,6,2,1,6];[7,1,7,12,2,1,0,8,0,0,6,0,6,7,4,11,14,12,3,4,10,3,10,8,9,9,5,3,8,12,1,4,14,6,1,7,10,14,1,6,6,14,13,13,2,13,9,9,11,5,0,10,1,7,2,7,13,7,0,9,3,7,13,14,7,11,3,0,4,2,2,14,0,2,5,8,1,10,1,14,8,5,14,3,12,5,13,3,11,10,8,7,1,12,11,11,11,7,10,7,12,9,1,3,14,13,3,2,3,12,0,8,14,4,3,1,12,13,3,3,3,6,13,12,11,0,14,1,10,14,0,0,6,7,0,5,5,13,5,8,11,2,3,8,11,1,14,0,5,14,8,14,11,10,10,10,10,0,8,8,2,1,4,13,12,0,0,11,6,13,5,9,0,4,6,1,1,11,9,1,9,5,9,6,7,11,4,4,9,8,2,1,6,7,8,0,5,7,12,1,4,3,10,12,0,8,4,2,5,7,7,14,12,10,2,9,10,6,14,0,13,12,10,3,5,1,11,7,1,2,11,9,0,8,3,13,8,6,6,5,4,14,10,9,6,12,9,10,6,11,11,6,12,4,7,10,5,12,13,2,0,12,13,14,14,0,10,2,5,12,2,8,14,14,10,12,2,3,11,13,10,4,5,5,5,0,5,9,4,12,4,11,0,5,2,14,13,7,1,0];[[0.7966509679599704,7.966509679599704,1.0],[0.05862623274803458,0.5862623274803458,1.0],[0.7602397739740907,7.602397739740907,1.0],[0.8627037401845356,8.627037401845355,1.0],[0.09127403464611428,0.9127403464611428,1.0],[0.9024924365975527,9.024924365975528,1.0],[0.7858960565941281,7.858960565941281,1.0],[0.40667966546103385,4.0667966546103385,1.0],[0.37447264465852026,3.7447264465852026,1.0],[0.6490262282913547,6.490262282913547,1.0],[0.40092466608569977,4.009246660856998,1.0],[0.5721109226277574,5.721109226277575,1.0],[0.6077930620255084,6.077930620255084,1.0],[0.05072389565884072,0.5072389565884072,1.0],[0.7370880093375713,7.370880093375714,1.0]]
2c_Hurink_rdata_38_workers.fjs;4130.5786431814995;1143876;[74,262,345,369,494,1048,1242,1721,1821,1877,74,383,621,705,1002,1095,1261,1298,1368,1500,219,401,616,692,1041,1226,1282,1407,1475,1725,62,274,316,643,918,1002,1335,1607,1637,1793,13,351,435,483,1224,1273,1295,1473,1627,1770,52,365,400,494,649,864,1156,1212,1282,1376,274,464,681,859,1074,1194,1260,1504,1786,1877,178,345,400,566,719,779,893,983,1392,1579,0,62,135,354,453,529,767,871,1232,1525,0,153,316,453,494,600,643,822,1574,1681,85,679,886,998,1100,1192,1282,1385,1426,1637,85,370,534,802,878,986,1094,1565,1665,1747,114,405,566,902,1075,1504,1592,1641,1821,1909,0,277,323,419,843,1093,1192,1349,1385,1824,150,162,204,310,1262,1340,1379,1445,1515,1902,543,713,767,968,1172,1376,1593,1675,1732,1826,0,64,159,740,1093,1244,1295,1505,1565,1868,652,798,843,1007,1101,1156,1192,1399,1717,1799,0,115,197,274,802,924,936,1188,1607,1787,0,498,534,644,661,740,829,1273,1569,1641,0,204,271,600,920,1146,1242,1408,1573,1909,105,135,509,727,798,1007,1194,1327,1368,1504,222,297,554,616,736,1216,1249,1408,1602,1866,265,418,504,609,644,744,918,1012,1426,1624,62,93,153,713,1126,1418,1445,1525,1579,1893,168,219,401,719,766,917,1290,1396,1525,1725,62,150,306,389,435,643,851,936,1192,1799,197,369,474,791,871,1199,1453,1549,1709,1826,204,257,304,465,472,642,1018,1627,1725,1866,150,317,766,902,1000,1327,1349,1396,1509,1573];[0,2,2,5,9,7,7,5,1,0,2,4,1,2,8,9,8,4,7,5,8,3,3,9,1,6,5,1,9,3,9,1,0,6,2,4,3,4,0,0,9,4,2,8,1,1,6,7,1,8,4,7,1,6,5,5,4,2,8,9,7,5,1,6,2,0,3,0,9,6,2,4,7,0,6,3,9,5,1,1,7,8,2,9,0,8,5,1,0,1,0,4,5,9,2,8,0,4,3,7,3,3,9,3,6,5,4,2,4,4,1,3,0,3,2,7,8,5,5,9,9,1,7,7,3,8,4,2,5,3,2,0,1,6,8,1,6,9,7,4,7,0,9,6,9,2,1,9,8,8,1,5,6,0,8,8,8,1,2,3,4,6,1,8,0,6,7,5,3,2,6,0,0,1,4,5,9,3,4,6,3,6,1,4,9,8,3,4,2,7,1,0,2,5,4,7,7,2,9,9,6,7,6,3,5,2,4,6,0,5,2,5,4,0,2,9,7,3,3,4,4,8,6,2,4,0,7,8,5,1,8,7,3,5,9,4,6,0,2,7,5,3,2,1,1,9,3,6,7,4,8,5,0,0,9,1,1,4,3,8,7,8,9,2,1,8,7,8,3,4,6,2,4,1,3,0,5,2,9,2,0,3,3,1,1,7,4,3,6,8,3,6,3,0,6,9,4,5,0,6];[9,2,9,10,2,14,7,12,14,2,1,4,11,14,3,4,10,12,1,11,1,8,12,8,8,11,2,11,14,4,12,1,8,6,4,9,1,1,6,9,7,2,14,13,5,13,9,2,10,7,8,14,1,12,4,13,12,13,0,3,5,8,13,13,5,11,3,5,6,7,14,2,3,7,10,8,8,10,6,2,11,4,2,13,5,1,10,3,8,8,1,2,1,12,11,6,10,7,5,8,6,6,2,1,6,14,12,1,9,13,3,12,0,9,6,14,0,11,12,6,12,14,0,2,13,9,9,4,0,12,7,4,1,2,14,1,2,13,14,8,1,9,12,6,6,6,11,3,6,9,14,3,13,12,0,13,3,7,5,11,4,11,10,12,8,1,14,7,9,4,6,14,0,8,12,3,12,4,3,2,3,0,5,0,8,14,8,7,9,1,2,4,13,8,12,0,12,5,8,9,0,9,13,9,1,10,2,13,3,0,10,5,11,11,1,11,8,10,2,0,9,3,8,9,5,3,11,5,0,5,10,3,6,8,7,2,6,5,12,8,7,0,6,4,9,8,8,10,14,11,3,4,11,11,9,11,4,12,13,2,13,8,10,0,9,0,4,9,6,13,7,9,9,11,11,11,4,10,1,3,8,8,4,11,7,3,7,2,9,12,13,6,8,5,2,3,12,7,12,12];[[0.5209484070219088,5.209484070219088,1.0],[0.42125020101147315,4.212502010114731,1.0],[0.22094517308324657,2.2094517308324657,1.0],[0.13033708391670573,1.3033708391670573,1.0],[0.48395776843282956,4.839577684328296,1.0],[0.6260889663051598,6.260889663051597,1.0],[0.6211218319323739,6.21121831932374,1.0],[0.707277595965894,7.07277595965894,1.0],[0.43539590023548325,4.3539590023548325,1.0],[0.04809800715767443,0.4809800715767443,1.0],[0.2254847064342842,2.254847064342842,1.0],[0.788548045160999,7.88548045160999,1.0],[0.42108890435006496,4.21088904350065,1.0],[0.5652029481252892,5.6520294812528915,1.0],[0.6764042610645917,6.764042610645918,1.0]]
2c_Hurink_rdata_38_workers.fjs;4517.8102618774665;1781448;[224,595,702,1161,1327,1568,1683,1690,1794,1948,304,357,450,502,595,682,762,783,835,1098,54,180,246,336,626,766,963,1339,1597,1895,203,282,325,404,413,458,684,1342,1505,1976,431,487,779,824,1123,1147,1417,1508,1925,1976,122,250,344,413,677,824,1690,1785,1930,2011,0,394,876,905,1244,1541,1568,1697,1724,2032,344,450,514,766,809,1078,1189,1272,1400,1626,0,58,104,481,620,755,956,1367,1417,1731,95,430,502,510,687,715,809,883,1024,1080,0,127,218,615,783,876,973,1160,1416,1506,91,173,273,905,1114,1278,1661,1842,1880,1936,23,261,535,684,862,1057,1370,1463,1535,2032,32,502,526,894,1157,1244,1276,1591,1794,1879,84,285,514,614,762,973,1037,1217,1607,1690,273,344,394,994,1068,1546,1681,1836,1923,2057,104,431,715,1045,1253,1352,1798,1980,2047,2057,0,65,558,615,988,1078,1114,1189,1833,1923,294,526,1164,1278,1507,1616,1635,1697,1751,1785,165,546,910,1179,1184,1597,1720,1945,2011,2059,0,357,522,879,894,1535,1601,1674,1743,1842,0,747,1100,1198,1253,1417,1662,1879,1898,2025,240,956,1229,1278,1418,1702,1744,1804,1898,1976,0,282,458,581,1247,1418,1690,1833,1895,2047,510,679,883,956,1034,1299,1346,1507,1558,1758,104,218,762,781,807,1173,1417,1506,2006,2068,0,110,153,403,522,666,956,1744,2024,2091,153,229,250,552,1038,1080,1114,1417,1760,1887,0,54,94,160,179,1505,1609,1690,1773,1991,0,58,160,173,240,332,356,622,788,1329];[0,2,2,5,9,7,8,5,1,4,9,4,1,2,0,9,1,4,7,0,4,7,3,9,1,6,5,1,9,0,9,2,2,6,3,9,3,4,0,0,0,4,3,5,1,1,6,8,1,5,2,2,1,6,5,3,9,2,8,7,1,5,1,6,8,4,3,0,9,6,0,4,7,2,6,4,9,5,1,1,9,8,2,9,6,3,8,2,0,1,7,6,5,0,2,3,2,4,3,7,6,0,0,3,1,5,4,2,7,1,1,3,9,1,2,1,7,6,5,3,5,1,7,8,0,8,4,2,5,3,2,6,8,3,8,5,6,1,3,7,7,0,4,6,9,0,4,9,8,8,1,5,8,0,8,4,2,1,9,3,4,7,1,8,0,8,9,2,3,2,5,0,3,8,4,5,9,3,9,6,3,6,1,4,9,1,3,4,2,7,1,0,6,4,4,0,8,7,9,9,0,7,5,3,8,2,4,1,0,5,2,5,4,0,7,8,8,3,8,1,4,3,1,2,9,0,7,8,4,1,8,7,3,5,9,4,6,0,2,7,5,3,2,1,1,9,6,6,7,1,8,5,0,0,9,6,1,4,3,5,7,0,9,2,1,6,7,8,8,4,6,2,8,1,5,0,5,2,4,3,4,3,3,5,1,7,4,3,6,8,3,9,3,4,6,8,6,5,0,7];[3,14,4,1,13,6,11,3,0,12,5,12,2,14,3,11,5,1,12,1,11,6,6,11,13,10,11,1,1,10,1,8,6,6,14,14,10,12,1,8,6,12,7,2,5,13,9,5,8,7,2,12,9,6,9,13,7,13,0,14,13,4,7,13,14,2,3,13,8,13,10,12,12,6,5,4,8,10,3,9,1,0,5,1,11,7,0,9,1,10,7,9,5,0,3,14,14,3,12,7,0,9,4,8,9,9,9,5,8,11,3,3,13,4,3,4,2,1,12,4,3,13,12,8,10,0,5,12,13,12,2,2,11,1,12,9,0,12,10,7,7,7,6,5,0,3,14,3,14,12,10,1,1,7,0,12,5,2,13,8,0,10,10,2,5,2,5,4,3,4,12,14,13,12,13,3,9,9,11,1,2,9,11,11,9,7,10,0,2,7,4,3,6,14,4,0,6,2,11,2,14,4,10,11,12,10,7,9,0,6,6,2,10,5,12,10,12,10,14,0,5,4,11,9,11,11,6,4,3,9,10,12,13,1,2,13,1,5,6,12,4,8,6,2,6,1,10,6,3,10,8,9,11,14,4,7,4,0,13,7,9,10,1,0,4,6,12,12,6,13,12,7,11,2,4,12,4,14,1,8,7,6,4,11,13,14,5,4,6,6,11,12,8,14,0,14,7,4,8,6];[[0.49734142093980327,4.973414209398033,1.0],[0.35999045686025677,3.5999045686025677,1.0],[0.7220617567237175,7.220617567237175,1.0],[0.44672126724761885,4.4672126724761885,1.0],[0.4533596515962979,4.533596515962978,1.0],[0.025925678678183073,0.25925678678183073,1.0],[0.33490089376309407,3.3490089376309404,1.0],[0.4755440242737675,4.755440242737675,1.0],[0.45132356511490823,4.513235651149082,1.0],[0.08788974506102976,0.8788974506102976,1.0],[0.29509671683068217,2.9509671683068217,1.0],[0.33863234208051063,3.3863234208051063,1.0],[0.9020959027552419,9.020959027552419,1.0],[0.7173473735926632,7.173473735926632,1.0],[0.8986159167700656,8.986159167700656,1.0]]
2c_Hurink_rdata_38_workers.fjs;4500.668582578238;818388;[85,156,241,265,307,943,1072,1079,1782,1946,0,172,267,597,716,803,1354,1400,1451,1937,72,383,912,1035,1168,1296,1315,1718,1857,2034,247,307,476,590,1381,1445,1651,1682,1712,1869,398,451,553,631,791,884,900,1264,1467,1746,267,362,614,812,1047,1319,1468,1592,1738,2033,311,405,716,1079,1193,1451,1584,1651,1718,1820,271,362,599,816,1173,1324,1348,1390,1829,1985,14,368,690,708,1000,1047,1084,1343,1804,2034,50,521,992,999,1328,1423,1679,1746,1828,2030,0,358,608,843,912,1461,1539,1554,1592,1901,92,167,449,497,860,1264,1465,1554,1881,1998,30,548,560,624,716,1034,1074,1125,1538,1682,113,139,405,708,943,1265,1315,1390,1554,1926,0,843,984,1074,1081,1173,1503,1740,1892,2053,14,163,641,797,860,959,1046,1271,1775,1943,560,624,678,803,816,1088,1176,1271,1741,1986,65,167,296,415,828,1118,1195,1720,1953,2044,0,163,247,368,446,1222,1525,1838,1892,1939,0,212,352,626,631,708,1218,1461,1537,1879,0,133,515,806,821,920,1135,1327,1537,1644,11,251,449,1207,1329,1585,1720,1768,1869,1901,126,446,746,1207,1393,1751,1850,1901,1988,2061,126,167,294,920,1168,1254,1468,1592,1653,1796,239,266,790,986,1065,1168,1195,1374,1412,1998,0,50,722,742,961,1233,1419,1505,1695,1838,497,1016,1374,1423,1515,1554,1675,1804,1987,2053,65,217,239,476,589,626,693,744,882,1218,212,540,614,693,906,1081,1135,1434,1755,2083,265,515,602,742,1205,1296,1348,1393,1592,1658];[0,2,2,7,9,7,8,6,1,0,9,4,6,2,8,9,8,4,7,5,4,3,3,9,1,6,5,1,9,0,9,2,2,6,3,2,3,4,8,7,9,4,2,5,1,9,4,8,7,5,4,2,1,4,5,3,4,2,2,9,1,5,1,8,2,4,3,0,7,6,0,4,6,8,6,4,9,5,1,0,4,8,2,9,6,8,8,2,0,1,7,6,5,9,2,8,5,4,3,7,3,0,1,3,6,5,4,2,7,4,1,3,0,8,2,7,8,6,5,3,9,1,7,8,3,8,4,3,5,3,4,6,1,6,8,5,6,1,4,2,2,0,4,7,0,2,1,9,0,8,1,5,0,0,8,3,2,0,9,3,1,7,1,8,6,4,8,2,3,2,5,0,7,8,4,5,9,3,9,3,0,6,1,4,9,1,3,4,2,7,1,3,6,5,4,7,7,2,9,3,6,7,0,3,5,2,7,1,2,5,2,5,6,8,7,9,9,9,8,1,4,3,1,3,4,3,7,8,4,1,2,1,3,5,5,4,6,6,2,7,5,0,2,0,1,9,0,6,7,1,7,3,0,0,5,1,1,4,3,5,5,8,8,6,1,8,7,8,8,4,6,5,8,1,5,0,5,2,5,4,0,9,3,1,1,7,4,3,6,8,2,3,3,4,6,3,4,2,1,6];[4,1,1,7,13,5,10,7,1,12,7,0,5,14,4,14,2,3,10,9,11,8,4,8,2,7,12,0,6,11,9,0,3,6,4,7,5,1,8,1,0,1,7,6,3,11,14,10,10,7,8,0,1,12,2,7,6,13,14,9,4,4,8,3,5,2,3,0,11,2,10,12,2,2,4,0,0,14,1,12,13,12,12,2,2,14,14,11,8,10,8,5,1,9,3,12,10,13,13,7,6,9,12,0,8,11,9,11,12,14,14,7,8,4,2,8,1,1,12,2,3,0,8,8,9,1,11,1,5,14,9,2,3,13,13,5,14,7,10,11,1,7,11,9,10,7,14,5,3,12,0,2,10,0,5,12,1,2,5,10,0,2,5,8,9,12,3,9,1,4,12,14,2,1,8,9,0,1,13,1,9,8,3,14,12,6,7,7,2,0,13,14,2,13,13,0,12,13,2,10,12,13,10,11,10,10,5,13,14,2,10,2,7,8,5,7,2,6,14,5,11,10,5,3,13,9,11,7,1,5,9,9,7,1,13,1,0,14,3,12,4,11,6,10,13,8,9,2,0,10,11,10,12,14,0,6,9,3,2,0,2,12,10,6,12,0,0,10,6,13,7,10,12,14,11,1,7,10,10,4,5,9,7,6,9,0,12,5,4,2,12,13,5,12,7,0,6,11,1,6];[[0.4211249061401,4.211249061401,1.0],[0.9761073344853062,9.761073344853061,1.0],[0.6132800246752349,6.132800246752349,1.0],[0.6930423279788359,6.930423279788359,1.0],[0.5088628354481554,5.088628354481553,1.0],[0.18781156668551158,1.8781156668551158,1.0],[0.830121874145001,8.301218741450011,1.0],[0.8449241651217704,8.449241651217704,1.0],[0.20962821201639004,2.0962821201639006,1.0],[0.6505169872996391,6.505169872996391,1.0],[0.7003316191510263,7.003316191510263,1.0],[0.7150339547653067,7.150339547653068,1.0],[0.8091072451390076,8.091072451390076,1.0],[0.8451978833841938,8.451978833841938,1.0],[0.3695849781386673,3.695849781386673,1.0]]
2c_Hurink_rdata_38_workers.fjs;4230.986040906831;794640;[46,155,478,622,820,911,1018,1478,1580,1687,306,365,864,959,1052,1137,1518,1617,1662,1843,116,213,577,691,1136,1188,1238,1313,1519,1759,0,108,147,251,567,867,1015,1136,1178,1268,100,318,615,1089,1199,1266,1406,1616,1715,1759,183,312,539,1151,1168,1319,1690,1787,1892,1953,14,427,544,624,667,946,1373,1754,1774,1892,30,312,318,435,572,692,1413,1580,1690,1705,572,624,845,923,1020,1137,1385,1572,1617,1864,100,455,530,537,615,823,1177,1490,1703,1851,0,78,157,163,231,324,714,1089,1369,1616,346,667,789,859,919,959,1025,1100,1313,1597,149,395,447,758,847,1135,1164,1623,1703,1906,344,419,670,864,943,1029,1100,1238,1266,1420,202,218,469,615,781,951,1224,1298,1464,1813,324,395,530,799,845,1151,1350,1637,1696,1813,107,531,647,746,1006,1100,1485,1580,1758,1926,238,261,306,365,418,537,1224,1298,1731,1813,0,329,472,704,911,1188,1199,1360,1487,1520,0,107,167,567,615,691,1100,1280,1438,1494,30,183,202,345,468,1007,1217,1349,1415,1803,0,58,100,167,758,1328,1572,1590,1877,1906,0,49,417,692,781,969,1135,1289,1426,1927,278,739,919,1052,1088,1289,1415,1485,1842,1942,46,340,630,692,770,1251,1485,1566,1765,1891,227,380,780,1487,1654,1685,1781,1864,1919,1945,339,427,528,577,663,704,823,1029,1440,1662,260,359,447,573,647,687,779,1131,1178,1945,0,60,531,772,1020,1156,1217,1433,1590,1953,231,443,603,619,804,919,959,1369,1504,1678];[0,2,2,7,9,7,7,5,3,4,3,0,1,2,3,9,8,4,7,5,8,7,8,9,1,6,5,1,1,0,9,2,0,6,2,2,3,4,8,0,9,4,3,8,1,1,4,8,1,8,4,2,1,6,5,3,9,2,8,9,1,5,1,6,2,0,3,0,7,6,2,4,7,2,5,4,9,5,1,0,4,8,2,4,0,0,8,4,0,1,7,0,5,9,2,3,2,4,3,7,6,3,1,3,1,5,4,2,7,1,4,3,9,8,2,5,7,5,5,9,9,1,6,8,0,8,4,3,5,3,2,6,8,3,8,1,4,1,7,2,7,0,4,7,3,0,1,9,8,4,1,3,0,0,4,8,2,2,2,3,1,7,1,8,6,6,7,2,3,2,5,0,0,8,4,5,9,3,4,6,3,6,1,5,9,1,3,4,2,7,1,0,6,4,9,0,7,2,9,9,7,7,5,3,8,9,7,6,0,5,2,5,6,8,2,9,8,9,3,4,4,8,1,3,9,0,7,8,5,1,4,7,3,5,9,4,6,0,2,7,5,3,2,1,1,2,6,6,7,1,8,2,0,9,5,6,1,4,3,5,7,8,8,6,1,6,7,8,3,4,6,2,8,1,5,6,5,2,4,3,0,9,3,5,4,7,4,1,6,8,3,3,9,0,6,8,6,5,3,7];[3,0,5,10,13,7,7,4,0,0,14,4,5,14,4,4,3,11,10,4,11,5,8,7,8,10,12,4,5,12,0,1,12,6,9,12,4,14,0,9,7,3,5,13,2,13,14,5,11,4,8,12,1,6,9,14,13,7,0,9,9,13,7,4,5,11,3,5,1,10,11,5,5,6,3,6,11,10,12,12,4,0,2,3,9,11,7,7,3,10,8,2,1,12,11,5,14,13,2,6,1,6,1,3,9,1,2,2,12,13,6,6,11,6,0,13,11,11,12,6,5,5,12,7,9,9,7,1,8,14,8,10,10,14,5,5,8,9,10,6,14,4,9,9,3,12,7,3,7,5,10,14,14,9,10,1,2,8,9,3,0,11,1,2,12,1,1,4,1,4,12,14,0,8,7,13,2,1,3,0,12,2,8,1,1,6,6,0,5,12,9,4,6,4,3,9,14,8,10,14,7,13,2,12,3,0,1,9,9,8,7,13,10,9,2,1,13,6,3,8,13,2,1,3,13,12,13,5,0,13,12,5,6,14,7,6,1,11,9,12,10,9,6,11,6,8,8,3,13,12,7,9,10,10,4,10,13,7,5,1,13,8,10,1,14,14,12,2,3,12,4,14,10,2,4,1,8,10,1,6,10,8,5,4,1,13,5,9,9,11,13,11,5,7,0,14,0,8,6,6];[[0.4831103964860096,4.831103964860096,1.0],[0.9021829992468611,9.02182999246861,1.0],[0.5374571935128641,5.374571935128642,1.0],[0.8761340971511191,8.761340971511192,1.0],[0.573156942708234,5.7315694270823405,1.0],[0.994523847851402,9.945238478514021,1.0],[0.3574465703190305,3.574465703190305,1.0],[0.6617299629663892,6.617299629663892,1.0],[0.4882872262788658,4.882872262788657,1.0],[0.5726412824777106,5.726412824777106,1.0],[0.32388398325139345,3.2388398325139347,1.0],[0.8072354510963532,8.072354510963532,1.0],[0.8087324055796944,8.087324055796945,1.0],[0.660852452150834,6.60852452150834,1.0],[0.5802577271631468,5.802577271631469,1.0]]
2c_Hurink_rdata_38_workers.fjs;4376.642683677551;315876;[155,745,924,1056,1084,1327,1427,1778,1880,1929,41,269,498,558,685,1333,1469,1604,1757,1841,166,267,330,943,1254,1345,1448,1522,1757,1898,158,769,967,1286,1295,1459,1485,1757,1846,1969,75,221,468,832,878,1201,1476,1743,1869,1947,238,855,1092,1117,1137,1310,1721,1820,1881,1947,0,166,408,455,460,987,1590,1657,1675,1757,69,720,835,1179,1254,1286,1445,1563,1634,1651,158,219,544,726,1090,1137,1321,1489,1662,1917,0,430,498,598,641,779,857,992,1082,1171,0,99,191,614,918,1011,1266,1736,1874,1958,0,564,738,779,1295,1413,1584,1670,1722,1796,0,221,342,595,685,997,1133,1211,1634,1846,265,431,460,558,685,779,1309,1384,1774,1886,31,414,564,745,770,952,1105,1173,1201,1469,77,219,274,461,536,689,971,1140,1218,1741,257,468,584,766,787,1150,1300,1576,1657,1678,0,24,73,131,412,655,1553,1714,1755,1834,131,262,339,408,474,1030,1340,1395,1448,1499,515,531,601,868,873,967,1082,1105,1923,1974,587,655,1152,1196,1255,1485,1595,1787,1969,1987,0,257,352,536,752,918,1425,1861,1869,1943,211,387,529,656,816,823,1434,1499,1656,1706,132,166,274,832,868,912,1011,1092,1335,1604,374,570,833,906,989,1150,1519,1590,1666,1706,0,75,249,505,1098,1200,1301,1428,1459,1522,41,511,654,698,739,829,918,1400,1666,1861,191,262,283,441,518,614,1207,1632,1678,1778,359,698,840,1091,1196,1266,1345,1482,1912,1982,43,339,601,614,739,1008,1051,1098,1364,1482];[0,2,2,7,9,7,7,5,9,0,3,0,6,5,0,9,1,4,7,0,8,9,9,9,5,6,5,6,1,3,1,1,0,6,3,4,3,4,0,7,9,0,3,8,1,9,4,8,1,2,7,7,1,4,5,5,9,2,2,5,7,5,1,8,2,4,3,0,7,6,0,4,7,2,6,4,9,5,1,1,4,9,2,4,6,8,8,1,0,1,9,6,5,1,2,3,2,4,3,7,3,6,9,3,6,5,4,2,7,4,1,3,9,8,2,1,8,6,5,3,5,1,7,8,3,8,4,3,5,3,4,4,8,6,8,5,4,1,7,4,2,0,9,7,9,2,4,9,8,8,1,3,8,0,4,4,2,1,9,3,1,7,1,8,0,4,9,2,3,2,6,0,3,8,7,5,9,2,9,6,3,6,1,5,9,8,3,5,2,7,1,0,6,4,9,7,4,7,9,9,7,7,6,3,8,9,7,4,0,5,2,5,4,8,7,8,9,3,3,1,4,8,1,2,9,3,7,8,4,1,2,7,3,5,5,4,6,0,2,7,5,0,2,1,1,2,3,6,7,4,8,2,0,0,5,1,1,4,3,5,5,0,9,6,1,6,7,8,3,4,6,2,4,1,3,0,5,2,9,2,0,9,3,5,4,7,4,2,6,8,2,6,3,4,6,8,2,2,0,0];[14,8,5,8,10,11,0,4,14,1,1,4,6,3,12,9,6,1,4,12,10,6,0,10,2,8,10,11,3,6,5,11,14,6,14,5,2,6,7,1,13,1,3,13,3,5,14,5,10,0,12,8,1,8,9,13,7,13,9,10,9,0,14,14,7,6,3,7,6,8,14,1,6,8,4,8,0,14,14,2,3,6,12,7,9,12,7,6,8,2,8,8,5,9,9,13,10,3,3,12,14,9,1,7,11,6,13,2,11,9,6,0,6,14,0,14,6,7,12,12,1,14,3,12,3,7,1,0,11,12,8,5,10,8,14,3,8,2,0,8,0,6,5,9,4,5,14,5,7,12,3,10,10,2,10,5,12,3,5,11,0,11,4,1,9,11,9,7,13,4,12,14,5,13,3,11,2,10,9,2,6,3,9,12,0,7,10,3,9,12,9,13,6,14,0,0,12,2,12,3,0,3,13,11,10,13,1,6,5,12,13,14,10,2,5,2,1,10,3,2,8,13,1,9,6,7,5,3,1,13,0,7,13,14,5,13,9,13,4,5,13,13,10,9,13,8,5,11,13,5,7,12,4,4,0,3,1,2,13,8,2,8,2,8,0,2,14,7,0,12,2,7,1,9,5,10,4,10,3,10,11,4,1,2,6,12,12,4,13,7,3,8,8,13,10,4,5,11,8,9];[[0.34661995661142697,3.4661995661142697,1.0],[0.2286410960833074,2.286410960833074,1.0],[0.012392470279078194,0.12392470279078194,1.0],[0.9308270259025113,9.308270259025113,1.0],[0.3225145761620236,3.225145761620236,1.0],[0.0006954578022455582,0.006954578022455582,1.0],[0.2097170717940725,2.097170717940725,1.0],[0.5179602272351016,5.179602272351016,1.0],[0.7628222106217201,7.6282221062172,1.0],[0.3089717897377221,3.089717897377221,1.0],[0.15113122452813788,1.5113122452813788,1.0],[0.07045772229012492,0.7045772229012492,1.0],[0.8725064026541692,8.725064026541693,1.0],[0.3074981421409557,3.074981421409557,1.0],[0.272859759997538,2.7285975999753798,1.0]]
2c_Hurink_rdata_38_workers.fjs;4327.672458377902;950472;[246,401,536,645,1186,1277,1419,1528,1621,1969,370,638,881,940,1183,1621,1715,1829,1875,1891,55,338,457,605,826,1199,1300,1616,1870,1965,129,259,504,608,672,723,891,1284,1312,1896,0,101,149,405,532,557,939,1194,1616,1835,221,308,527,532,668,773,860,1123,1217,1747,0,93,303,509,599,1070,1094,1470,1688,1875,0,155,365,1067,1116,1161,1500,1528,1791,1954,0,477,826,873,1123,1173,1212,1384,1583,1888,0,75,199,423,1470,1559,1616,1740,1829,1945,221,509,754,951,1029,1127,1261,1277,1466,1808,213,771,796,826,1178,1360,1426,1599,1896,1965,80,199,213,527,662,754,845,1323,1395,1938,93,707,940,1046,1241,1327,1378,1435,1735,1874,106,459,548,638,645,771,1017,1473,1505,1565,101,207,332,616,892,1015,1052,1196,1382,1666,465,509,563,916,969,1148,1543,1635,1725,1938,172,201,792,885,928,1091,1403,1543,1596,1739,57,280,361,1199,1319,1423,1565,1694,1747,1779,290,580,731,840,974,1080,1165,1395,1742,1790,0,385,457,589,1028,1125,1186,1483,1565,1835,338,493,733,1190,1300,1528,1715,1735,1889,1920,106,155,815,974,1277,1284,1579,1600,1686,1740,80,119,365,732,826,969,1423,1505,1789,1891,0,14,177,310,429,578,691,1540,1678,1916,57,112,182,301,320,384,577,809,925,1790,301,403,514,563,723,940,1037,1327,1449,1875,143,560,578,752,826,867,882,928,1277,1579,55,149,299,385,392,984,1312,1485,1671,1740,19,201,308,405,617,866,891,1067,1378,1673];[0,2,2,7,9,6,8,6,3,0,2,4,1,5,3,9,1,4,7,5,8,7,8,9,1,6,5,6,9,3,0,5,0,6,1,2,3,4,0,0,0,0,3,5,1,9,6,7,1,8,2,2,1,4,5,5,4,2,2,5,1,5,1,8,2,0,3,0,7,6,2,4,6,8,6,3,9,5,1,1,4,9,2,9,0,0,5,4,0,1,9,6,5,0,2,8,2,4,3,7,8,3,0,3,1,5,4,2,7,1,1,3,9,8,2,1,8,5,5,9,9,1,6,7,0,8,4,2,5,3,4,6,1,3,8,1,6,1,3,2,7,0,4,7,3,2,1,9,8,4,1,5,8,0,4,3,9,0,7,3,4,6,1,8,0,6,7,5,3,2,1,0,7,8,7,5,9,3,4,6,3,6,1,4,9,1,3,5,2,7,1,0,6,4,9,7,8,2,9,9,7,9,5,3,5,9,7,4,0,5,2,5,4,8,7,9,9,9,3,4,4,8,6,2,4,0,7,8,4,1,2,7,3,5,9,4,6,0,2,7,5,3,2,0,1,9,3,4,7,1,7,2,0,9,9,6,1,4,3,8,5,0,8,6,1,8,7,8,3,4,6,2,8,1,3,6,7,2,9,2,0,9,3,5,4,7,4,2,6,8,3,3,9,9,6,3,6,2,3,0];[9,1,14,12,13,3,7,8,12,2,1,0,0,1,11,1,14,8,10,0,0,0,3,4,3,9,13,9,2,4,2,5,6,6,9,9,2,12,11,0,0,14,13,3,2,13,9,2,0,13,0,0,10,7,4,3,10,7,6,3,9,3,2,4,7,13,3,4,11,8,12,8,4,5,4,9,8,14,13,9,3,7,7,4,14,5,4,2,5,7,8,8,5,0,7,2,11,1,11,6,4,3,12,12,9,12,0,8,3,0,6,10,7,5,10,6,5,10,12,5,12,11,12,9,3,4,14,12,0,14,9,12,11,3,7,1,7,2,10,14,9,10,11,9,11,8,7,1,7,6,10,5,2,1,8,12,11,5,1,6,13,1,4,11,8,1,0,4,6,13,5,14,8,9,3,12,12,3,3,7,1,12,14,1,10,11,1,3,5,12,14,5,6,4,10,2,0,4,2,4,1,3,2,10,1,6,4,0,5,2,6,14,11,7,2,9,10,6,4,10,4,0,12,5,13,11,4,7,0,13,11,9,12,1,1,2,6,11,3,5,5,6,10,11,9,8,8,12,3,1,2,7,8,5,1,4,2,2,13,2,3,7,0,1,14,0,0,14,9,9,6,8,7,9,0,12,14,10,0,0,10,1,4,9,5,3,5,4,9,0,11,10,5,11,10,8,7,14,3,12];[[0.8559393885152179,8.55939388515218,1.0],[0.8004839408308784,8.004839408308783,1.0],[0.5938433496209707,5.938433496209708,1.0],[0.8870093324131678,8.870093324131679,1.0],[0.741558169706834,7.4155816970683395,1.0],[0.8097670389513107,8.097670389513107,1.0],[0.2247324103169328,2.247324103169328,1.0],[0.9761818800633866,9.761818800633865,1.0],[0.6339038774096737,6.339038774096737,1.0],[0.5580285642552777,5.580285642552777,1.0],[0.4463526500656817,4.463526500656817,1.0],[0.28336462923826333,2.8336462923826335,1.0],[0.9019880415639555,9.019880415639555,1.0],[0.03268507148422006,0.32685071484220063,1.0],[0.4362825217209084,4.3628252172090844,1.0]]
2c_Hurink_rdata_38_workers.fjs;4519.256085145264;437904;[229,293,371,397,424,970,1131,1137,1789,1849,371,458,848,907,1000,1155,1406,1499,1661,1734,99,511,577,670,793,1073,1274,1368,1439,1753,87,174,217,577,779,1219,1335,1369,1399,1570,0,419,1000,1049,1639,1677,1748,1838,1944,1994,511,670,788,897,978,1280,1526,1569,1669,1894,87,191,288,425,598,670,675,974,1392,1689,96,174,253,730,938,970,1696,1729,1849,1888,306,620,852,925,1087,1296,1323,1433,1647,1866,0,383,458,468,829,938,997,1399,1494,1758,30,265,590,596,762,869,1243,1291,1351,1554,39,779,949,993,1053,1137,1245,1354,1898,2010,180,454,598,1087,1179,1284,1554,1574,1955,2043,293,355,648,714,762,838,1068,1103,1813,2058,75,293,332,419,907,956,1485,1499,1570,1908,14,87,556,666,710,868,988,1128,1238,2056,0,45,321,1271,1339,1527,1574,1795,1952,2021,14,332,793,905,1022,1238,1317,1471,1615,2010,139,430,513,683,1527,1615,1666,1721,1945,1994,0,14,169,273,447,856,1045,1375,1739,1977,108,185,419,454,845,1089,1235,1274,2037,2055,33,141,278,355,424,1195,1626,1721,1790,1948,180,234,513,1053,1148,1155,1332,1433,1846,1898,0,30,174,648,744,797,868,1094,1493,1607,0,224,706,762,1279,1442,1494,1666,1748,1813,406,453,645,838,1061,1094,1195,1639,1730,1803,556,683,938,1329,1479,1560,1677,1730,1884,1952,96,513,675,714,925,979,1194,1245,1774,1979,45,139,848,925,979,1078,1147,1852,1945,2086,0,51,397,1323,1426,1645,1689,1739,1813,1948];[0,2,3,7,9,6,7,5,9,0,2,0,1,2,8,9,8,4,7,0,4,7,8,9,1,6,5,1,7,3,9,2,2,6,2,4,3,4,0,0,0,4,2,5,1,1,6,8,7,8,2,2,1,4,5,3,6,2,8,9,1,5,1,6,2,4,3,0,9,6,2,4,6,2,6,3,9,5,1,0,4,8,2,4,0,8,8,1,0,1,9,0,5,1,2,8,0,4,3,7,8,3,1,3,6,5,4,2,7,1,8,3,5,3,2,7,7,5,5,9,9,1,7,8,3,8,4,3,5,3,4,6,1,6,8,5,4,1,4,2,9,0,5,6,0,0,4,9,4,4,1,5,0,0,4,4,9,1,9,3,4,6,1,8,6,8,7,2,3,2,5,0,7,8,7,5,9,2,9,6,0,6,1,5,9,8,3,4,2,7,1,3,6,6,4,7,4,2,9,4,7,7,5,3,8,9,4,4,0,5,2,5,6,8,7,8,8,3,8,1,4,8,6,3,9,0,7,8,5,1,8,7,3,5,9,4,6,2,2,7,5,0,2,0,1,2,0,6,7,1,8,2,0,8,9,6,1,4,3,5,5,8,9,2,1,6,7,8,3,4,6,5,4,1,3,0,7,2,4,2,4,9,3,1,1,7,4,2,6,8,2,3,3,0,6,8,2,2,3,0];[9,6,13,0,10,0,6,3,11,12,1,2,0,14,4,2,3,10,13,1,9,6,1,5,3,13,5,4,6,12,1,3,14,6,4,7,14,6,11,12,0,3,12,14,3,13,9,2,9,6,0,14,9,7,2,13,14,7,0,7,2,5,10,6,5,9,3,7,1,8,11,1,8,13,4,8,11,10,13,12,13,10,2,3,4,10,2,3,7,7,8,2,5,9,8,10,8,14,11,8,6,7,3,11,11,6,2,11,7,11,13,13,6,9,10,6,7,13,3,4,12,9,0,8,13,8,13,0,0,14,9,8,2,2,0,4,2,0,10,12,6,11,3,5,0,12,13,5,1,11,2,3,14,6,1,10,11,10,3,7,7,11,1,4,12,0,14,4,10,10,12,9,9,8,3,12,9,10,2,3,9,11,5,0,6,9,10,11,6,8,13,1,6,13,13,13,12,0,6,13,6,2,9,12,8,12,7,12,9,1,5,5,4,7,0,1,4,10,7,5,8,2,1,5,7,0,1,4,0,1,11,14,11,8,10,6,1,13,12,5,5,9,10,2,6,8,9,6,8,12,4,6,14,7,7,1,9,11,0,5,2,8,1,0,0,10,12,2,14,13,8,10,10,9,5,13,4,14,1,10,7,13,3,4,7,3,5,5,4,9,10,12,8,10,2,14,6,14,3,1];[[0.5198238265685563,5.198238265685563,1.0],[0.9583988744400509,9.583988744400509,1.0],[0.3402956357666065,3.402956357666065,1.0],[0.7081849781179302,7.081849781179303,1.0],[0.9252189405445452,9.252189405445453,1.0],[0.05032666735654623,0.5032666735654623,1.0],[0.6613275461751585,6.613275461751585,1.0],[0.82711411373077,8.271141137307701,1.0],[0.8734961127808921,8.734961127808921,1.0],[0.5913019030238962,5.913019030238962,1.0],[0.11264722490163037,1.1264722490163037,1.0],[0.34477784983246407,3.4477784983246407,1.0],[0.011377599382669468,0.11377599382669468,1.0],[0.7909742881977946,7.909742881977946,1.0],[0.3277964015146908,3.277964015146908,1.0]]
2c_Hurink_rdata_38_workers.fjs;4002.3182664440073;1182540;[117,180,267,325,367,454,602,705,815,1251,116,597,862,922,1010,1095,1175,1436,1482,1794,92,180,322,516,809,965,1481,1625,1710,1803,213,352,458,585,609,659,816,847,1109,1310,405,795,1095,1196,1285,1310,1343,1479,1625,1738,0,86,352,613,633,703,799,1683,1738,1803,14,172,323,594,775,896,909,976,981,1564,529,607,835,990,1155,1229,1298,1569,1673,1688,12,189,262,875,983,1068,1246,1392,1482,1739,271,705,1010,1036,1085,1211,1253,1482,1627,1726,82,180,271,325,655,792,1601,1642,1683,1757,0,124,146,262,417,498,616,922,1017,1569,277,554,633,703,981,1199,1214,1251,1643,1766,107,230,367,546,609,762,792,1100,1397,1738,0,320,663,855,1068,1110,1670,1683,1738,1799,162,256,311,452,522,613,705,1034,1100,1181,182,350,566,795,928,1246,1383,1512,1569,1805,0,360,488,748,779,869,961,1048,1069,1756,189,395,483,565,862,1253,1335,1397,1478,1568,0,280,335,417,441,695,807,858,1175,1781,0,144,178,311,394,454,832,1159,1214,1445,86,213,320,1225,1278,1405,1578,1661,1688,1765,0,49,124,394,807,1175,1364,1383,1616,1688,472,544,616,1074,1225,1365,1436,1512,1568,1669,23,146,151,498,863,961,1034,1131,1251,1327,137,280,577,644,776,1052,1196,1568,1601,1642,56,454,590,659,779,831,1208,1264,1494,1838,12,82,422,581,869,909,926,1039,1363,1726,137,705,747,961,971,1150,1293,1395,1691,1832,151,483,651,825,1155,1275,1298,1343,1439,1570];[0,2,3,5,9,7,8,6,9,4,2,0,6,5,3,9,1,4,7,0,8,7,9,9,1,6,5,6,9,0,9,5,2,6,2,4,3,4,8,0,0,0,3,5,1,1,6,8,1,5,2,0,1,6,5,5,6,2,8,9,1,6,1,6,2,0,3,0,7,6,2,4,6,2,5,4,9,5,1,0,9,8,2,4,6,8,5,1,0,1,7,4,5,9,2,8,2,4,3,7,6,0,9,3,1,5,4,2,4,4,8,3,9,1,2,5,7,6,5,9,9,1,6,8,0,8,4,3,5,3,4,4,1,3,8,5,4,1,3,2,9,0,9,6,0,0,4,9,0,8,1,5,6,0,4,4,2,1,2,3,4,7,1,8,8,6,7,2,3,2,5,0,3,7,7,5,9,4,4,6,3,6,1,5,9,8,3,5,2,7,1,0,2,4,4,0,8,2,9,3,7,7,5,3,8,9,7,4,2,5,2,5,4,0,7,9,8,7,3,1,4,3,6,3,9,0,7,8,4,1,8,7,3,5,9,4,6,6,2,7,5,3,2,0,1,2,6,6,7,1,8,2,0,9,9,7,1,4,3,8,7,8,9,2,1,8,7,8,3,4,6,5,4,1,3,0,7,2,9,3,4,3,3,1,4,7,4,2,6,7,3,6,9,0,6,9,6,2,1,0];[6,13,2,10,2,1,4,7,7,4,11,2,6,1,4,11,14,8,9,11,0,6,12,2,2,11,13,8,1,12,5,5,14,6,4,11,5,14,0,2,1,8,12,14,2,13,9,5,4,7,1,5,1,12,10,11,12,7,0,1,9,7,2,10,10,10,3,12,10,4,11,12,8,8,3,4,3,10,12,6,5,11,8,7,12,5,8,2,8,2,9,0,1,9,7,12,14,14,14,8,0,9,1,0,9,11,1,1,5,9,3,3,5,13,11,0,8,6,3,13,3,13,1,8,5,11,9,0,11,12,9,4,12,14,13,12,14,7,3,6,6,4,5,9,6,3,9,1,14,11,1,10,7,0,4,5,3,12,8,1,0,11,7,2,14,1,14,7,9,10,12,14,5,9,6,4,9,2,10,13,2,9,12,1,13,6,4,7,2,7,13,8,13,4,3,13,4,12,13,4,0,1,5,10,8,2,4,9,3,6,7,14,8,13,10,1,8,10,10,5,4,14,7,5,5,11,1,5,0,13,11,8,7,2,10,6,4,3,2,3,8,9,10,10,9,8,0,3,7,12,2,14,12,5,0,13,5,14,5,2,13,12,3,0,9,0,0,12,10,9,6,8,13,9,11,10,4,14,12,3,0,14,1,10,7,2,5,11,4,0,4,6,5,3,7,7,9,11,12,12];[[0.18019241848515155,1.8019241848515155,1.0],[0.48736227300275514,4.873622730027551,1.0],[0.07759170039841756,0.7759170039841756,1.0],[0.5225667244081349,5.2256672440813485,1.0],[0.9196433340252647,9.196433340252646,1.0],[0.8762509611803474,8.762509611803473,1.0],[0.5029695910906639,5.029695910906638,1.0],[0.8160267976375112,8.160267976375112,1.0],[0.8059112000327816,8.059112000327817,1.0],[0.2140591090540045,2.140591090540045,1.0],[0.08805821114486456,0.8805821114486456,1.0],[0.20329737064426556,2.0329737064426556,1.0],[0.5837360924329463,5.837360924329463,1.0],[0.6737333796339059,6.737333796339059,1.0],[0.1608013027204077,1.6080130272040771,1.0]]
2c_Hurink_rdata_50_workers.fjs;12926.035742887812;3424080;[2131,3707,3942,4609,3094,3963,4540,5295,0,1515,3963,4826,2735,3417,4344,5356,1513,2131,3178,4260,0,920,2711,3263,1489,3494,3517,5032,104,970,1489,1541,0,104,1060,2905,676,2735,4480,5060,2988,3517,3707,4585,12,993,1818,3459,1818,2439,5295,5581];[0,1,3,3,0,1,2,1,2,2,0,1,0,0,2,0,0,1,2,3,3,3,2,1,0,1,2,3,0,0,2,3,0,1,3,3,2,1,1,1,2,1,2,0,2,1,2,3,1,3,2,3];[3,2,4,0,4,3,2,5,5,1,0,5,5,3,1,0,3,0,2,4,4,3,0,5,3,4,2,4,1,1,5,2,2,0,0,1,5,3,5,1,2,4,5,3,5,4,4,1,1,1,1,1];[[0.7773566427005639,7.7735664270056395,1.0],[0.6698255595592497,6.698255595592498,1.0],[0.09913960392481702,0.9913960392481702,1.0],[0.35297051119014544,3.529705111901454,1.0],[0.4679077429008419,4.679077429008419,1.0],[0.5346837414708775,5.346837414708775,1.0]]
2c_Hurink_rdata_50_workers.fjs;12978.316744494456;3713904;[836,1514,1825,3796,2402,3589,4741,5454,0,1643,3245,4926,0,1243,2618,5128,194,1888,4012,5318,703,2609,3707,5160,812,1663,4587,4769,320,2725,3895,3918,1440,1779,2741,4219,1552,2402,4268,4917,0,1688,2930,4219,12,703,2814,5632,320,2143,3219,3420];[0,1,3,3,0,1,2,1,2,2,0,1,3,3,2,0,0,1,2,3,2,3,2,1,0,1,2,3,3,0,0,0,0,2,3,3,0,1,2,0,0,1,1,1,2,1,2,3,1,3,3,3];[3,3,4,0,4,5,2,4,5,2,3,5,1,4,1,0,3,3,2,1,2,5,1,5,3,5,2,4,5,2,2,3,0,2,5,5,0,3,4,3,2,5,1,0,4,1,4,1,1,1,0,2];[[0.7966509679599704,7.966509679599704,1.0],[0.05862623274803458,0.5862623274803458,1.0],[0.7602397739740907,7.602397739740907,1.0],[0.8627037401845356,8.627037401845355,1.0],[0.09127403464611428,0.9127403464611428,1.0],[0.9024924365975527,9.024924365975528,1.0]]
2c_Hurink_rdata_50_workers.fjs;12946.23312021643;937200;[1029,1669,2392,4828,1931,2524,4710,5423,1016,1516,2254,5054,2219,3011,3877,4506,2889,3594,5423,5764,141,2368,2707,4828,117,1818,3559,4279,0,1659,2502,3507,0,804,1678,2539,881,1840,4115,4466,691,2193,4073,5323,0,691,2984,5244,1633,3093,3698,3903];[0,1,2,3,0,1,2,1,0,1,0,1,3,1,2,0,0,1,2,3,0,1,2,1,0,1,3,3,3,3,1,0,0,3,2,3,2,1,1,1,2,2,2,0,2,1,2,3,0,3,3,3];[3,3,3,5,4,5,2,4,5,4,2,4,1,5,1,0,3,0,2,2,1,4,0,4,0,3,2,4,3,0,0,3,5,0,2,1,2,3,1,1,2,5,5,1,4,4,4,5,1,1,5,2];[[0.5209484070219088,5.209484070219088,1.0],[0.42125020101147315,4.212502010114731,1.0],[0.22094517308324657,2.2094517308324657,1.0],[0.13033708391670573,1.3033708391670573,1.0],[0.48395776843282956,4.839577684328296,1.0],[0.6260889663051598,6.260889663051597,1.0]]
2c_Hurink_rdata_50_workers.fjs;12731.940081589599;2089344;[738,1684,3067,3550,0,323,1461,3650,725,1399,5060,5731,0,1837,4864,5060,1534,3159,4605,4864,2152,3027,4328,5708,1375,2931,3597,5182,320,1124,3027,3949,323,2150,3614,4310,664,2420,3272,3727,3050,4129,4328,5001,0,800,2174,3067,427,1684,3389,3966];[0,1,2,3,0,1,2,1,0,0,2,3,3,1,2,0,0,1,2,3,0,1,2,1,0,1,0,3,3,3,0,0,0,3,2,3,2,1,0,0,0,2,1,1,2,1,2,3,0,3,2,3];[5,0,4,5,4,4,2,4,5,4,1,1,1,5,1,3,3,3,2,2,1,5,0,2,4,2,1,4,3,0,2,3,2,0,2,1,2,2,0,0,0,5,4,0,5,1,4,1,1,1,4,1];[[0.49734142093980327,4.973414209398033,1.0],[0.35999045686025677,3.5999045686025677,1.0],[0.7220617567237175,7.220617567237175,1.0],[0.44672126724761885,4.4672126724761885,1.0],[0.4533596515962979,4.533596515962978,1.0],[0.025925678678183073,0.25925678678183073,1.0]]
2c_Hurink_rdata_50_workers.fjs;12779.466332411886;4021056;[136,1836,3892,5546,1330,2818,4271,4997,740,1461,4984,5707,753,2337,3409,3932,2778,4271,4762,5228,0,1724,3605,4113,0,24,3959,4679,920,1724,4207,5026,24,136,1859,3409,664,2244,3396,4762,1112,1597,2729,3409,0,1025,1836,2926,1985,2265,3724,4335];[0,1,2,3,0,1,2,1,0,2,2,1,0,3,2,0,0,1,0,3,3,3,2,3,0,1,3,3,3,0,2,0,0,1,3,3,2,0,0,1,0,2,2,1,2,1,2,3,1,1,0,3];[3,3,3,2,4,4,2,1,5,2,0,0,5,5,1,0,3,3,5,2,4,0,3,1,3,3,4,4,3,2,5,5,0,0,5,5,2,2,4,1,5,5,0,2,5,1,4,1,1,1,1,1];[[0.4211249061401,4.211249061401,1.0],[0.9761073344853062,9.761073344853061,1.0],[0.6132800246752349,6.132800246752349,1.0],[0.6930423279788359,6.930423279788359,1.0],[0.5088628354481554,5.088628354481553,1.0],[0.18781156668551158,1.8781156668551158,1.0]]
2c_Hurink_rdata_50_workers.fjs;12983.550053679935;4926096;[1848,3058,3992,4860,1525,1848,3492,4205,2949,3203,4205,5099,0,955,1673,3325,0,955,4869,5283,0,1243,2551,2836,1501,1748,2485,3443,320,4280,4847,5133,634,1709,2962,4310,876,2325,4748,5369,738,1523,1871,2615,2828,3492,4831,5724,0,332,1501,2570];[0,1,3,3,0,1,2,0,3,1,2,1,3,0,2,0,0,1,0,3,2,3,2,1,0,1,0,3,3,1,0,0,0,3,3,3,2,1,1,1,0,1,2,0,2,1,2,3,1,1,3,3];[5,2,4,0,4,4,2,2,3,4,1,3,1,3,2,3,4,1,5,2,3,0,0,2,4,1,1,4,5,3,1,5,2,3,0,5,2,2,3,1,1,0,0,1,5,5,4,1,0,0,3,3];[[0.4831103964860096,4.831103964860096,1.0],[0.9021829992468611,9.02182999246861,1.0],[0.5374571935128641,5.374571935128642,1.0],[0.8761340971511191,8.761340971511192,1.0],[0.573156942708234,5.7315694270823405,1.0],[0.994523847851402,9.945238478514021,1.0]]
2c_Hurink_rdata_50_workers.fjs;12793.028154087679;806700;[1750,2354,4198,4665,0,346,1269,3927,335,1615,3231,3879,0,451,2918,5033,997,2503,3231,5286,771,2994,3879,5081,427,823,1711,2012,346,2354,3418,3979,323,1368,2762,4115,0,2874,3440,3768,1865,2055,4587,5246,2254,3139,4587,5604,0,846,2561,3503];[0,1,2,3,0,1,3,1,3,0,2,3,3,0,2,0,0,1,3,3,2,1,2,3,0,1,2,3,3,0,0,0,0,1,3,3,2,0,0,0,2,2,1,1,2,1,2,3,1,1,3,3];[3,3,3,5,4,4,1,4,4,4,1,1,5,3,2,3,3,3,0,2,2,3,2,5,3,1,2,4,5,2,4,0,2,0,1,5,1,4,4,3,2,2,1,0,5,5,4,1,3,4,0,2];[[0.34661995661142697,3.4661995661142697,1.0],[0.2286410960833074,2.286410960833074,1.0],[0.012392470279078194,0.12392470279078194,1.0],[0.9308270259025113,9.308270259025113,1.0],[0.3225145761620236,3.225145761620236,1.0],[0.0006954578022455582,0.006954578022455582,1.0]]
2c_Hurink_rdata_50_workers.fjs;13280.70263900852;1498248;[1288,3469,5228,5546,164,2092,3469,4191,0,11,4541,5189,968,4356,5228,5424,487,1462,2637,3151,0,2454,3043,4125,1133,1440,1988,2602,1288,2118,2901,2925,0,1689,2528,4191,201,3614,4833,5162,11,491,691,5546,998,2637,3448,4745,164,1983,4341,5962];[0,1,3,3,0,3,3,0,2,1,2,1,3,1,2,0,0,1,0,3,3,1,2,1,0,1,0,3,3,0,0,0,0,2,2,3,2,1,0,0,2,1,1,1,2,1,2,3,1,1,2,3];[1,2,4,5,4,3,3,2,3,4,0,5,1,5,1,0,0,0,5,2,1,0,3,5,2,2,1,4,3,1,5,5,0,2,2,1,2,2,3,3,2,5,5,4,4,1,4,1,3,5,0,1];[[0.8559393885152179,8.55939388515218,1.0],[0.8004839408308784,8.004839408308783,1.0],[0.5938433496209707,5.938433496209708,1.0],[0.8870093324131678,8.870093324131679,1.0],[0.741558169706834,7.4155816970683395,1.0],[0.8097670389513107,8.097670389513107,1.0]]
2c_Hurink_rdata_50_workers.fjs;13568.244898366096;1737756;[2348,3237,3509,4858,0,323,2238,4414,323,5276,5412,6093,323,1744,2814,3010,1110,3382,5020,6124,0,1921,4533,4883,1086,1110,1133,2960,968,3950,4453,5151,682,2348,3827,4308,3010,3870,4533,5858,0,840,3818,5151,336,1133,1921,5618,786,1772,4820,5274];[0,1,3,3,0,1,3,0,2,2,2,1,0,0,2,0,0,1,2,3,3,1,2,1,0,1,2,3,3,1,1,0,0,1,3,3,2,0,1,1,2,1,2,1,2,1,2,3,0,3,2,3];[5,2,4,5,4,3,3,4,4,2,0,5,5,0,1,3,4,1,2,2,1,3,3,1,4,1,2,4,3,1,1,3,2,0,0,5,5,4,2,1,2,2,2,4,4,5,4,2,5,1,0,1];[[0.5198238265685563,5.198238265685563,1.0],[0.9583988744400509,9.583988744400509,1.0],[0.3402956357666065,3.402956357666065,1.0],[0.7081849781179302,7.081849781179303,1.0],[0.9252189405445452,9.252189405445453,1.0],[0.05032666735654623,0.5032666735654623,1.0]]
2c_Hurink_rdata_50_workers.fjs;12906.946899955845;323244;[4087,4691,4867,5620,24,347,3233,3946,4913,4926,5189,5815,451,1867,2689,3186,819,3186,3974,4796,947,2327,2956,3699,0,824,2800,3425,1437,2337,3677,5066,347,1824,2956,4246,1053,1824,2857,4691,0,854,2461,4913,190,854,3974,5114,0,280,746,2456];[0,1,2,3,0,1,2,1,0,0,2,1,0,3,2,0,0,1,3,3,3,1,2,1,0,1,3,3,0,0,1,0,0,2,3,3,2,1,0,0,2,2,1,1,2,1,2,3,1,3,3,3];[3,3,4,0,4,4,2,1,5,3,1,5,3,5,5,5,3,3,0,2,4,4,0,1,4,1,0,4,3,2,0,3,2,0,1,5,1,1,3,0,2,5,4,0,5,2,4,2,1,1,0,1];[[0.18019241848515155,1.8019241848515155,1.0],[0.48736227300275514,4.873622730027551,1.0],[0.07759170039841756,0.7759170039841756,1.0],[0.5225667244081349,5.2256672440813485,1.0],[0.9196433340252647,9.196433340252646,1.0],[0.8762509611803474,8.762509611803473,1.0]]
2d_Hurink_vdata_18_workers.fjs;2418.842377453429;2505912;[0,84,553,654,885,0,168,356,415,660,252,784,858,934,1062,258,290,356,628,1069,0,84,194,784,866,203,725,843,993,1046,84,213,252,443,1054,0,113,301,424,713,150,418,505,649,1037,383,559,718,851,992,202,329,356,569,1074,113,639,934,1065,1114,0,125,252,356,802,38,127,467,505,967,470,669,810,906,1085,38,383,610,920,1026,6,237,334,693,866,30,690,789,976,1085,470,490,654,789,1022,150,301,489,560,933];[3,2,3,3,1,1,0,1,1,2,3,4,0,1,0,2,4,0,3,1,2,3,2,3,2,4,2,4,1,4,4,3,1,4,0,4,0,3,3,1,4,0,3,1,0,3,1,4,0,2,0,1,2,4,3,1,0,0,3,1,0,2,0,4,1,0,3,3,0,3,2,2,3,2,2,1,2,0,3,1,3,2,2,3,3,3,0,2,4,1,4,4,4,0,4,1,2,1,2,4];[0,6,2,6,5,3,0,1,5,4,2,6,1,1,2,4,6,3,2,1,2,1,1,2,2,0,0,3,1,6,2,5,3,4,3,5,0,0,1,5,4,2,2,5,3,6,6,4,1,5,3,4,6,0,4,4,3,6,0,0,6,6,5,4,0,3,5,6,3,0,4,0,2,5,1,0,0,5,4,1,1,4,3,6,6,6,3,4,3,3,3,5,2,1,4,2,2,1,4,3];[[0.7773566427005639,7.7735664270056395,1.0],[0.6698255595592497,6.698255595592498,1.0],[0.09913960392481702,0.9913960392481702,1.0],[0.35297051119014544,3.529705111901454,1.0],[0.4679077429008419,4.679077429008419,1.0],[0.5346837414708775,5.346837414708775,1.0],[0.9783090609123973,9.783090609123974,1.0]]
2d_Hurink_vdata_18_workers.fjs;2440.965426955456;2864484;[88,332,442,732,1116,639,693,727,780,883,94,262,332,609,909,172,203,559,780,1101,0,84,129,395,503,54,191,229,315,1027,141,216,419,762,1044,141,762,892,963,1072,0,541,684,788,1027,140,519,693,993,1022,223,661,754,845,963,92,386,804,900,972,0,319,401,552,661,291,369,539,688,927,0,503,790,888,1115,125,223,357,631,852,84,206,631,982,1096,79,442,819,1004,1072,270,357,566,631,931,0,180,255,463,883];[3,4,1,3,4,4,0,0,3,2,3,4,2,1,0,2,4,3,0,2,2,0,2,3,2,4,2,1,1,4,4,3,3,4,0,0,2,2,2,1,4,0,3,1,0,3,1,4,0,3,0,1,2,4,3,2,0,0,0,1,0,3,2,4,2,0,4,2,1,4,3,3,4,1,2,1,2,0,3,1,2,1,2,1,3,1,0,2,2,2,0,1,2,0,3,1,3,3,4,3];[4,2,4,3,6,5,0,4,3,5,4,2,1,6,4,4,2,1,4,1,2,5,1,0,0,0,4,6,6,6,6,5,2,6,3,0,2,6,5,5,3,2,2,5,3,5,6,1,0,0,3,4,6,0,6,6,4,4,3,1,6,0,5,4,6,3,6,0,5,3,4,5,0,1,4,3,0,5,3,6,2,6,2,2,0,1,3,2,5,2,4,3,3,1,5,5,1,5,1,2];[[0.7966509679599704,7.966509679599704,1.0],[0.05862623274803458,0.5862623274803458,1.0],[0.7602397739740907,7.602397739740907,1.0],[0.8627037401845356,8.627037401845355,1.0],[0.09127403464611428,0.9127403464611428,1.0],[0.9024924365975527,9.024924365975528,1.0],[0.7858960565941281,7.858960565941281,1.0]]
2d_Hurink_vdata_18_workers.fjs;2476.6389872333393;773220;[117,192,622,955,1102,390,501,535,589,1124,0,84,736,804,943,589,611,847,1053,1145,76,350,409,477,701,230,670,716,909,1017,372,438,477,855,1045,0,76,390,678,994,0,57,254,787,899,213,438,528,816,879,303,701,847,882,1101,160,248,792,1092,1134,0,137,559,863,962,51,321,409,528,964,197,731,962,1045,1124,160,321,456,749,863,130,432,663,676,1075,146,192,456,765,1132,30,287,622,678,1051,0,287,321,520,804];[0,4,1,3,1,4,3,3,3,2,3,1,4,3,0,4,4,0,0,4,2,0,2,3,4,4,4,2,0,1,1,3,0,4,0,2,3,0,2,3,4,4,3,1,1,3,1,4,0,2,0,1,4,4,3,2,0,2,3,4,0,3,0,3,2,0,3,3,1,4,2,1,1,2,1,0,2,4,3,1,3,4,0,0,4,1,1,2,0,2,0,1,2,3,4,1,2,4,2,4];[3,1,4,6,5,5,1,2,1,3,0,6,6,6,2,2,2,3,1,2,5,5,1,0,6,0,0,3,4,2,3,5,5,4,1,2,2,4,3,3,5,4,2,2,6,6,6,0,5,5,3,0,5,0,6,6,5,0,1,0,6,0,5,1,1,3,1,6,6,4,4,0,5,0,5,5,0,1,4,6,1,2,5,2,4,1,3,2,5,3,4,4,6,5,4,1,1,6,4,3];[[0.5209484070219088,5.209484070219088,1.0],[0.42125020101147315,4.212502010114731,1.0],[0.22094517308324657,2.2094517308324657,1.0],[0.13033708391670573,1.3033708391670573,1.0],[0.48395776843282956,4.839577684328296,1.0],[0.6260889663051598,6.260889663051597,1.0],[0.6211218319323739,6.21121831932374,1.0]]
2d_Hurink_vdata_18_workers.fjs;2450.360046204575;2567712;[341,519,609,1060,1097,74,269,430,756,1086,0,81,142,244,831,244,266,447,671,879,160,346,511,644,1052,0,213,748,895,962,166,360,743,934,982,589,767,825,934,1055,20,166,399,666,1052,309,481,576,824,977,383,459,616,738,820,0,115,176,551,727,85,431,507,640,915,325,510,624,653,833,37,303,561,833,912,253,346,489,928,1015,44,489,756,962,1088,51,92,245,692,1114,0,379,589,694,990,0,130,309,994,1097];[0,4,2,3,2,4,3,0,2,2,3,1,4,1,0,4,4,3,0,3,2,0,1,3,4,0,4,1,3,4,1,3,3,4,0,0,0,1,3,1,4,0,3,3,0,2,0,4,0,3,0,1,1,4,3,2,0,3,1,4,0,2,2,4,2,4,3,1,1,4,2,3,1,2,1,0,2,4,0,0,3,1,0,1,4,3,3,2,2,2,4,1,3,0,0,1,2,1,2,3];[5,2,5,2,6,0,4,1,1,6,0,2,0,0,4,3,2,2,0,3,1,4,4,3,4,4,0,3,3,5,3,5,5,6,2,0,2,2,1,5,3,2,2,6,3,3,1,1,0,1,3,5,6,0,6,6,3,4,4,0,6,0,6,4,4,2,0,2,2,1,5,6,4,0,5,5,0,5,3,2,1,4,6,6,3,1,4,1,5,0,3,6,3,1,3,2,5,1,0,1];[[0.49734142093980327,4.973414209398033,1.0],[0.35999045686025677,3.5999045686025677,1.0],[0.7220617567237175,7.220617567237175,1.0],[0.44672126724761885,4.4672126724761885,1.0],[0.4533596515962979,4.533596515962978,1.0],[0.025925678678183073,0.25925678678183073,1.0],[0.33490089376309407,3.3490089376309404,1.0]]
2d_Hurink_vdata_18_workers.fjs;2386.778078239719;329400;[0,66,204,626,1045,254,376,470,738,941,331,410,494,663,816,0,348,464,527,921,89,580,626,841,895,407,573,604,1000,1033,0,219,655,760,1002,83,165,831,903,950,103,156,258,392,680,22,405,941,1010,1033,273,378,495,573,697,59,521,680,912,990,165,257,389,752,850,0,306,588,756,1033,0,103,294,494,1033,6,172,787,863,1077,197,288,320,502,931,333,670,767,941,1065,175,197,333,552,1002,96,721,826,895,990];[0,4,1,3,1,4,0,0,4,1,0,0,4,3,0,3,4,3,3,3,2,0,1,3,4,4,2,2,2,0,1,3,4,0,0,0,3,2,2,1,4,4,3,3,0,3,1,3,0,2,0,1,1,4,0,1,0,2,3,2,0,2,2,3,1,4,3,1,1,4,2,3,4,2,3,0,2,0,3,3,1,1,0,1,4,1,1,2,2,1,1,0,2,3,3,1,3,4,0,4];[1,2,1,2,4,4,1,1,5,0,1,4,5,2,1,4,2,2,4,2,3,4,6,3,4,0,5,3,6,2,3,5,5,1,3,0,2,2,3,1,4,4,2,5,3,5,6,3,5,5,3,4,3,0,1,4,1,0,2,5,6,0,3,4,6,2,5,2,6,0,6,2,4,0,6,0,0,0,0,4,3,6,6,3,4,0,6,2,2,3,5,6,6,6,2,5,3,5,5,4];[[0.4211249061401,4.211249061401,1.0],[0.9761073344853062,9.761073344853061,1.0],[0.6132800246752349,6.132800246752349,1.0],[0.6930423279788359,6.930423279788359,1.0],[0.5088628354481554,5.088628354481553,1.0],[0.18781156668551158,1.8781156668551158,1.0],[0.830121874145001,8.301218741450011,1.0]]
2d_Hurink_vdata_18_workers.fjs;2351.0295820736974;1139652;[22,37,491,719,797,67,474,729,817,1099,0,74,199,541,980,0,112,172,780,881,78,233,500,895,925,0,170,281,371,931,172,756,796,898,973,162,238,420,515,597,369,426,513,586,958,276,634,733,803,974,27,74,104,199,810,0,134,381,513,712,264,295,364,552,721,0,87,466,702,1024,426,574,663,975,1070,294,627,895,925,1070,147,316,621,872,959,106,797,898,1022,1070,50,231,316,522,640,336,586,664,801,1051];[0,2,2,3,4,3,3,0,4,1,1,0,0,1,0,0,1,3,0,3,2,3,1,3,4,4,4,4,0,2,1,3,1,2,0,2,2,1,4,1,4,0,3,3,1,3,0,4,0,3,0,1,1,4,0,2,0,3,0,2,0,2,2,4,2,3,4,2,1,4,4,2,3,1,2,0,2,4,3,0,3,1,0,1,4,3,3,0,2,1,1,1,3,0,4,1,0,4,2,3];[5,6,5,2,6,1,1,1,0,6,2,4,6,0,1,3,3,1,0,4,2,1,3,0,2,0,6,4,3,4,3,5,2,6,5,2,2,3,4,4,2,2,2,6,6,5,1,4,0,3,3,5,6,0,1,6,4,4,6,0,6,6,6,3,3,4,0,6,6,4,0,1,2,0,0,0,0,1,0,5,1,1,5,3,2,1,4,5,5,3,2,3,5,6,3,1,5,5,5,6];[[0.4831103964860096,4.831103964860096,1.0],[0.9021829992468611,9.02182999246861,1.0],[0.5374571935128641,5.374571935128642,1.0],[0.8761340971511191,8.761340971511192,1.0],[0.573156942708234,5.7315694270823405,1.0],[0.994523847851402,9.945238478514021,1.0],[0.3574465703190305,3.574465703190305,1.0]]
2d_Hurink_vdata_18_workers.fjs;2452.8718255754393;1066500;[317,572,649,724,1050,211,562,624,885,1070,510,729,877,945,1050,176,325,500,596,1023,77,250,384,487,850,172,291,712,828,907,77,448,748,821,1121,0,88,199,648,850,0,306,400,953,1121,149,534,754,821,1053,0,125,384,609,993,88,125,293,640,1039,276,377,624,860,962,259,428,686,788,996,0,323,691,763,1079,152,512,817,945,1102,142,149,211,228,848,166,400,500,597,788,512,559,691,1003,1077,0,259,314,392,1096];[2,4,3,3,1,3,0,1,2,1,3,0,0,3,0,0,4,0,0,1,2,3,1,3,2,4,2,2,1,4,4,3,1,4,0,2,3,0,2,3,4,0,3,1,1,3,1,4,1,2,0,1,4,4,0,1,0,3,3,1,0,2,0,1,2,4,1,2,0,4,3,2,1,3,1,1,2,2,0,3,3,4,2,1,4,2,0,4,2,2,1,3,4,3,3,1,2,1,4,4];[0,2,2,5,4,1,1,1,3,4,2,2,0,2,2,4,2,3,1,1,0,1,0,1,2,0,0,3,0,6,6,5,0,4,1,6,2,4,3,5,2,6,2,1,2,6,6,4,5,5,3,4,1,0,4,4,3,4,5,2,6,3,6,1,0,2,0,1,6,3,4,3,0,1,4,2,0,2,4,6,1,5,3,3,4,1,6,4,4,5,5,5,4,6,1,1,0,1,1,3];[[0.34661995661142697,3.4661995661142697,1.0],[0.2286410960833074,2.286410960833074,1.0],[0.012392470279078194,0.12392470279078194,1.0],[0.9308270259025113,9.308270259025113,1.0],[0.3225145761620236,3.225145761620236,1.0],[0.0006954578022455582,0.006954578022455582,1.0],[0.2097170717940725,2.097170717940725,1.0]]
2d_Hurink_vdata_18_workers.fjs;2396.4080572979665;4991688;[240,245,317,394,429,415,553,740,915,991,193,366,925,1011,1067,0,106,925,986,1096,0,120,160,632,851,19,218,247,646,750,207,593,684,832,904,83,425,583,887,993,165,218,317,521,888,0,38,460,538,1010,160,360,546,581,1010,203,317,758,906,1039,0,237,552,663,758,38,455,554,626,911,0,335,477,804,952,387,467,655,896,1090,110,394,455,545,1067,117,266,740,860,1096,393,477,675,851,1066,106,429,684,804,993];[2,2,2,3,2,4,0,1,1,2,3,0,4,3,0,4,4,3,3,2,2,0,2,3,4,4,4,4,2,0,1,3,3,0,0,2,0,0,4,1,4,0,3,3,1,3,0,3,1,2,0,1,4,4,0,2,0,3,1,4,0,3,2,4,4,3,4,4,1,0,1,4,1,1,2,1,2,0,2,3,3,2,2,1,4,3,1,2,0,1,4,0,2,3,3,1,3,0,2,4];[6,6,1,3,6,4,6,3,2,2,0,2,6,0,2,4,2,1,3,6,3,5,1,4,4,0,2,4,2,2,3,5,5,3,5,3,1,3,4,6,4,1,2,5,2,2,4,3,1,5,3,4,1,0,4,6,0,4,2,3,6,0,2,4,5,6,2,0,1,5,1,3,1,1,0,0,0,5,0,0,1,1,4,4,4,1,5,1,3,3,6,6,3,6,3,0,3,6,0,1];[[0.8559393885152179,8.55939388515218,1.0],[0.8004839408308784,8.004839408308783,1.0],[0.5938433496209707,5.938433496209708,1.0],[0.8870093324131678,8.870093324131679,1.0],[0.741558169706834,7.4155816970683395,1.0],[0.8097670389513107,8.097670389513107,1.0],[0.2247324103169328,2.247324103169328,1.0]]
2d_Hurink_vdata_18_workers.fjs;2337.8507962332437;2649840;[507,606,676,757,867,126,202,278,675,858,153,511,782,910,991,400,589,648,939,964,248,560,796,969,1062,0,87,172,253,337,248,433,572,647,931,0,98,307,921,979,162,284,385,436,774,116,421,761,851,976,30,645,913,921,1034,241,505,884,976,1080,0,172,343,436,523,42,241,648,826,1003,527,672,732,785,873,0,87,371,708,790,119,232,331,421,615,0,76,523,600,754,77,333,472,839,1062,162,675,708,825,991];[2,2,2,3,2,3,0,1,4,2,0,1,2,3,0,0,4,0,0,1,2,0,3,3,2,4,4,2,0,1,3,3,1,2,0,2,0,3,1,1,4,0,3,2,0,4,1,4,2,2,0,1,1,4,3,1,0,2,0,1,0,3,2,4,2,3,4,4,0,4,3,1,1,1,1,1,2,0,3,0,3,0,2,0,3,3,1,4,0,2,0,4,3,3,0,1,3,0,4,3];[0,6,4,5,6,1,2,1,1,4,4,2,1,6,3,0,2,0,2,2,3,5,5,3,1,0,1,3,2,1,6,5,0,5,1,1,4,4,5,2,6,2,2,0,6,2,6,4,1,1,3,4,0,0,4,4,5,4,6,6,6,0,3,4,1,5,5,6,3,0,4,2,2,0,0,2,0,0,0,3,1,2,3,1,1,4,6,6,3,3,4,5,3,5,3,5,3,6,2,5];[[0.5198238265685563,5.198238265685563,1.0],[0.9583988744400509,9.583988744400509,1.0],[0.3402956357666065,3.402956357666065,1.0],[0.7081849781179302,7.081849781179303,1.0],[0.9252189405445452,9.252189405445453,1.0],[0.05032666735654623,0.5032666735654623,1.0],[0.6613275461751585,6.613275461751585,1.0]]
2d_Hurink_vdata_18_workers.fjs;2486.4714039056703;2990940;[229,966,1007,1086,1137,346,461,648,758,923,389,434,640,816,1083,405,692,794,871,1121,37,235,428,648,1003,318,464,966,1060,1093,76,190,307,434,786,0,585,743,843,1060,95,183,285,333,950,426,495,585,850,880,136,190,217,236,1020,0,82,490,840,933,277,495,564,857,981,170,564,743,930,1037,0,135,703,756,942,0,121,252,769,894,95,307,333,474,953,206,252,564,640,704,148,405,500,672,880,341,672,716,823,923];[3,4,3,3,4,2,0,1,4,2,0,4,0,3,0,2,4,0,0,3,2,3,1,3,4,4,2,1,2,2,1,3,0,0,0,0,0,2,4,1,4,0,3,3,1,2,0,3,1,3,0,1,1,4,0,2,0,3,1,2,0,2,2,1,2,4,1,3,0,4,4,1,1,1,2,1,2,2,3,0,3,2,2,1,3,2,1,4,4,2,4,3,4,3,4,1,2,0,2,4];[0,2,0,3,6,1,6,3,2,6,1,0,1,0,1,5,6,3,0,3,5,4,2,0,2,0,5,3,6,5,3,5,4,1,3,0,4,5,4,4,4,6,2,5,1,4,5,3,2,4,3,4,0,0,1,6,2,4,1,0,6,6,2,1,4,2,0,3,5,2,1,5,2,1,6,2,0,2,4,5,1,6,2,2,0,3,1,6,4,3,6,3,1,5,3,6,0,0,6,3];[[0.18019241848515155,1.8019241848515155,1.0],[0.48736227300275514,4.873622730027551,1.0],[0.07759170039841756,0.7759170039841756,1.0],[0.5225667244081349,5.2256672440813485,1.0],[0.9196433340252647,9.196433340252646,1.0],[0.8762509611803474,8.762509611803473,1.0],[0.5029695910906639,5.029695910906638,1.0]]
2d_Hurink_vdata_30_workers.fjs;2878.4213041883895;804216;[11,67,294,447,537,796,929,965,1170,1273,171,208,265,510,629,751,771,825,895,1272,0,42,149,352,414,544,662,864,957,1220,80,249,523,561,658,958,1075,1164,1191,1290,0,84,141,241,548,719,874,1002,1250,1273,169,249,440,958,1021,1071,1135,1178,1233,1290,240,333,473,486,561,629,746,871,1027,1194,149,327,404,489,569,650,742,834,1017,1075,0,75,141,257,391,845,929,1071,1087,1197,208,305,401,447,699,729,786,1044,1086,1274,119,214,385,433,543,613,658,734,850,941,179,192,305,433,489,556,660,742,1096,1264,0,80,408,532,684,834,941,1080,1220,1274,257,362,444,544,626,719,808,957,1027,1107,0,35,179,308,421,729,823,1008,1119,1169,113,214,305,395,683,885,1023,1059,1233,1301,35,362,629,685,771,996,1071,1077,1124,1169,295,622,662,685,771,823,911,1021,1078,1163,0,75,156,297,397,510,574,816,1135,1154,473,691,808,874,947,1087,1129,1177,1203,1267];[1,4,9,5,8,4,2,2,5,6,8,6,0,1,0,3,0,4,6,5,4,7,8,7,7,3,2,9,1,4,0,1,7,1,4,8,5,7,9,0,2,9,1,3,4,6,0,2,8,3,1,9,7,6,1,3,8,3,0,2,6,5,0,0,9,7,4,7,7,6,9,3,6,8,3,0,0,5,9,0,1,3,4,5,2,2,0,4,9,1,8,2,5,1,4,8,9,9,7,9,6,7,8,4,0,8,8,5,1,8,6,2,1,8,9,2,5,6,4,6,9,8,2,5,2,0,6,4,5,7,7,0,3,7,6,1,3,7,5,6,6,0,0,3,2,4,6,0,1,2,7,2,4,3,7,5,8,1,3,4,6,6,9,3,2,3,8,8,0,0,7,2,3,9,7,3,3,6,6,1,3,5,3,8,9,4,5,7,3,3,2,4,1,4,9,2,5,8,7,1];[14,12,14,9,5,14,14,0,0,4,8,0,6,14,14,9,11,12,6,3,3,11,11,5,1,1,11,8,12,0,6,0,13,12,1,9,6,5,9,8,7,7,2,10,13,11,1,11,3,11,12,4,7,6,13,8,8,14,13,5,7,0,3,5,14,5,5,12,9,7,4,3,4,8,11,12,2,11,7,1,11,2,5,14,12,2,4,5,11,6,13,4,11,6,4,1,6,10,4,7,9,14,7,14,2,2,2,10,9,13,3,3,8,8,0,6,6,4,10,1,6,4,10,9,0,10,9,9,5,9,5,1,12,10,9,8,13,1,1,12,8,5,9,0,3,14,13,3,2,3,14,8,11,9,5,0,4,14,12,13,10,6,1,3,2,5,2,3,3,13,1,4,3,13,0,3,5,12,0,2,13,3,1,2,5,6,8,8,14,9,2,14,7,10,2,7,1,1,8,10];[[0.7773566427005639,7.7735664270056395,1.0],[0.6698255595592497,6.698255595592498,1.0],[0.09913960392481702,0.9913960392481702,1.0],[0.35297051119014544,3.529705111901454,1.0],[0.4679077429008419,4.679077429008419,1.0],[0.5346837414708775,5.346837414708775,1.0],[0.9783090609123973,9.783090609123974,1.0],[0.13031535015865903,1.3031535015865903,1.0],[0.6712434682302663,6.712434682302662,1.0],[0.36422941594737557,3.6422941594737557,1.0],[0.48883570716198577,4.888357071619858,1.0],[0.20301221073405373,2.0301221073405373,1.0],[0.6661983755713592,6.661983755713592,1.0],[0.2276630312069321,2.276630312069321,1.0],[0.4580640582967631,4.580640582967631,1.0]]
2d_Hurink_vdata_30_workers.fjs;2782.9214180365016;554724;[0,55,105,208,392,729,1083,1131,1187,1242,80,120,159,267,373,697,827,963,1101,1178,167,471,615,670,759,802,943,1009,1224,1229,0,151,446,645,687,939,1017,1084,1166,1247,0,258,305,330,544,734,756,802,896,1194,0,319,363,439,539,552,634,704,951,1163,462,634,761,802,873,977,1060,1119,1194,1239,91,167,261,319,391,471,548,578,964,1187,80,101,159,843,896,912,1002,1074,1083,1236,0,85,581,700,769,873,929,1007,1051,1163,0,58,363,548,666,729,887,964,1074,1236,243,261,268,391,508,577,739,800,839,939,122,601,701,739,806,948,1067,1166,1182,1232,204,258,482,581,679,782,939,1029,1119,1183,120,450,578,670,687,739,769,988,1050,1094,268,362,463,581,634,718,795,884,988,1115,0,77,183,208,310,627,716,781,827,1092,0,232,349,373,458,505,679,839,912,1253,183,267,373,552,845,943,1002,1118,1156,1178,49,134,362,400,482,551,637,776,806,1222];[3,3,9,4,1,0,9,9,3,8,8,3,5,0,1,5,6,6,4,1,1,2,8,9,7,7,2,7,1,9,0,0,5,3,6,7,0,7,2,2,4,9,9,8,4,0,0,3,2,0,1,6,4,3,2,8,2,7,0,5,1,5,3,0,8,8,2,0,4,4,1,8,6,4,2,9,0,4,3,6,1,5,7,0,3,4,5,9,6,0,2,2,7,9,4,1,9,9,8,7,8,5,9,9,0,8,6,2,5,6,6,7,1,8,3,3,5,5,7,5,6,6,4,2,2,5,0,4,8,1,6,3,7,9,1,1,3,3,4,5,8,8,0,6,2,4,9,1,1,3,7,5,4,2,4,6,6,0,3,9,9,6,2,0,2,7,4,8,8,1,7,2,0,6,6,6,3,5,3,6,3,5,0,1,9,8,4,2,1,9,0,4,7,7,8,5,8,2,4,7];[0,7,3,11,3,8,14,6,2,5,12,7,12,3,1,9,12,9,4,12,10,3,4,14,14,9,0,7,12,12,8,6,9,8,3,1,1,10,3,9,6,13,10,11,4,14,9,13,9,11,12,8,2,4,13,6,9,2,10,10,10,5,12,7,0,13,13,4,10,13,0,9,5,2,11,11,7,11,0,9,3,10,5,7,5,5,8,12,2,8,10,13,14,1,11,2,6,4,0,8,11,2,12,11,10,7,12,12,8,11,7,4,12,0,14,3,4,10,3,14,11,7,7,8,5,2,4,9,5,4,7,6,5,1,6,8,4,11,3,14,6,5,0,7,4,12,0,2,9,1,7,10,8,5,12,3,14,13,11,14,9,11,4,1,6,11,13,12,6,5,2,9,1,14,12,9,0,14,8,11,13,1,8,13,11,8,3,10,13,0,4,14,4,13,6,8,6,2,2,0];[[0.7966509679599704,7.966509679599704,1.0],[0.05862623274803458,0.5862623274803458,1.0],[0.7602397739740907,7.602397739740907,1.0],[0.8627037401845356,8.627037401845355,1.0],[0.09127403464611428,0.9127403464611428,1.0],[0.9024924365975527,9.024924365975528,1.0],[0.7858960565941281,7.858960565941281,1.0],[0.40667966546103385,4.0667966546103385,1.0],[0.37447264465852026,3.7447264465852026,1.0],[0.6490262282913547,6.490262282913547,1.0],[0.40092466608569977,4.009246660856998,1.0],[0.5721109226277574,5.721109226277575,1.0],[0.6077930620255084,6.077930620255084,1.0],[0.05072389565884072,0.5072389565884072,1.0],[0.7370880093375713,7.370880093375714,1.0]]
2d_Hurink_vdata_30_workers.fjs;2964.057137667257;3572616;[79,482,634,830,934,1018,1098,1206,1272,1324,88,128,282,428,834,858,877,1001,1246,1272,104,291,379,423,454,752,777,1167,1246,1321,124,178,259,383,704,738,933,1132,1159,1252,0,161,454,521,638,1024,1048,1108,1184,1220,0,413,582,661,722,752,855,1149,1211,1272,84,189,259,383,634,830,886,934,1045,1323,78,164,521,595,661,742,907,949,1022,1324,238,413,482,608,736,752,858,949,959,1094,60,178,482,526,806,1045,1098,1175,1230,1314,0,84,323,402,595,810,877,949,1046,1159,84,210,231,370,738,806,901,976,1018,1144,0,160,238,344,440,647,722,838,1091,1252,0,37,238,344,426,527,622,822,976,1293,421,482,722,812,829,888,904,1091,1207,1252,224,323,519,596,652,1005,1175,1207,1272,1308,0,189,425,526,659,806,901,1184,1246,1323,135,185,259,282,379,427,527,1130,1177,1278,0,211,291,481,873,975,1051,1177,1256,1290,0,96,104,150,280,428,473,608,634,707];[3,0,5,1,1,0,2,7,6,1,1,1,3,0,0,7,0,6,7,8,4,2,9,7,7,2,2,0,2,8,0,6,5,2,7,7,8,7,3,4,4,2,2,3,4,5,0,9,4,1,8,1,2,6,8,8,4,8,8,7,5,3,4,4,1,5,2,7,4,4,2,5,6,6,2,0,8,9,7,6,9,5,2,0,8,5,6,3,3,0,6,0,5,9,4,2,5,1,9,3,6,0,8,9,9,7,3,2,7,6,4,7,6,8,3,9,5,0,9,3,5,9,4,4,1,0,0,4,8,5,1,1,7,7,4,0,4,8,5,0,2,9,6,6,2,8,4,6,5,2,8,5,1,3,3,8,5,6,3,4,9,6,9,5,9,3,8,9,0,9,3,8,3,9,6,3,4,2,7,1,3,2,1,7,9,4,3,2,1,7,0,4,7,7,0,8,8,5,7,1];[7,13,3,3,0,7,7,5,0,8,13,0,2,3,14,11,9,10,9,11,3,13,10,12,12,4,9,7,14,11,1,1,1,11,8,5,5,5,9,10,10,14,13,2,2,7,3,10,11,1,13,1,8,13,10,13,8,8,11,5,10,1,7,2,0,5,0,4,12,13,6,8,14,1,7,12,6,10,3,10,0,0,3,13,4,3,4,9,14,0,11,12,9,1,8,9,2,4,6,12,9,14,5,13,11,4,2,12,8,5,5,7,14,3,8,10,7,7,6,9,14,11,10,11,11,10,13,11,14,3,5,3,11,14,4,0,4,6,1,5,6,0,14,7,1,7,8,12,10,2,5,1,7,5,9,0,1,12,14,13,12,6,7,5,1,0,11,14,7,3,5,4,3,8,5,14,10,13,3,12,7,13,6,6,10,8,4,2,13,4,6,5,8,13,7,2,2,0,14,11];[[0.5209484070219088,5.209484070219088,1.0],[0.42125020101147315,4.212502010114731,1.0],[0.22094517308324657,2.2094517308324657,1.0],[0.13033708391670573,1.3033708391670573,1.0],[0.48395776843282956,4.839577684328296,1.0],[0.6260889663051598,6.260889663051597,1.0],[0.6211218319323739,6.21121831932374,1.0],[0.707277595965894,7.07277595965894,1.0],[0.43539590023548325,4.3539590023548325,1.0],[0.04809800715767443,0.4809800715767443,1.0],[0.2254847064342842,2.254847064342842,1.0],[0.788548045160999,7.88548045160999,1.0],[0.42108890435006496,4.21088904350065,1.0],[0.5652029481252892,5.6520294812528915,1.0],[0.6764042610645917,6.764042610645918,1.0]]
2d_Hurink_vdata_30_workers.fjs;3075.863394228826;3104544;[84,148,222,508,593,660,949,1111,1207,1357,161,427,614,705,765,878,896,968,1010,1294,0,461,528,713,785,813,878,1078,1159,1245,0,100,332,567,804,834,1030,1199,1310,1402,0,100,197,222,513,733,1035,1084,1294,1325,0,250,280,444,605,619,713,755,978,1227,124,207,495,523,593,683,900,968,1164,1257,0,76,145,207,250,330,408,567,1030,1159,89,210,330,528,568,584,679,1210,1227,1329,0,323,509,614,683,741,952,1150,1316,1394,181,237,284,331,767,1028,1078,1227,1340,1432,197,210,274,755,827,898,1000,1103,1139,1391,80,316,481,495,533,613,660,983,1080,1365,284,689,797,886,968,1147,1227,1245,1310,1357,0,89,365,444,619,755,968,1084,1164,1206,0,89,408,513,896,964,1078,1147,1221,1409,100,365,705,920,1055,1150,1221,1227,1273,1318,148,279,405,427,658,703,836,920,1052,1373,0,192,330,411,555,754,791,882,920,1159,147,324,411,457,809,968,1036,1077,1230,1325];[2,0,9,4,3,4,2,6,6,4,9,7,5,0,0,8,9,7,7,5,4,5,9,7,0,0,2,7,1,9,5,3,5,2,6,7,5,5,2,0,2,8,9,8,9,5,0,2,6,3,7,6,7,3,2,1,8,7,0,2,1,1,4,0,4,9,2,3,4,3,1,0,6,6,2,4,5,5,9,2,8,5,2,5,3,7,6,4,0,0,3,0,8,9,8,1,9,5,7,7,7,3,8,8,9,7,3,8,5,5,5,2,6,8,9,7,2,8,9,2,9,9,4,2,1,0,6,2,5,6,0,1,3,4,6,0,4,2,4,8,6,4,3,5,2,9,4,0,1,1,8,5,4,3,8,8,6,6,3,9,7,7,5,0,9,3,8,7,7,9,3,5,7,6,3,3,0,5,4,9,9,0,1,8,8,5,4,1,3,7,4,5,1,0,8,5,8,8,5,1];[9,13,7,3,8,14,14,1,7,10,14,3,13,11,11,2,1,1,9,2,3,9,10,5,2,14,6,14,13,11,14,2,8,7,0,3,6,1,5,13,7,5,7,10,4,2,13,13,6,12,5,9,4,4,9,6,8,9,13,5,4,4,12,12,4,3,6,3,13,8,13,14,8,1,11,1,1,1,1,11,2,0,5,7,5,5,4,13,13,0,10,10,0,1,5,0,6,2,4,2,12,6,8,14,12,8,2,14,11,9,14,2,13,5,5,3,5,9,6,14,3,3,1,1,13,10,4,2,12,12,10,12,10,10,4,5,11,10,3,3,2,4,4,6,11,8,11,3,9,2,4,11,7,8,8,7,8,7,8,6,10,9,9,0,7,0,10,12,12,7,9,12,6,5,10,14,12,2,11,1,8,13,11,8,2,13,8,7,12,14,5,2,2,13,6,12,2,1,6,8];[[0.49734142093980327,4.973414209398033,1.0],[0.35999045686025677,3.5999045686025677,1.0],[0.7220617567237175,7.220617567237175,1.0],[0.44672126724761885,4.4672126724761885,1.0],[0.4533596515962979,4.533596515962978,1.0],[0.025925678678183073,0.25925678678183073,1.0],[0.33490089376309407,3.3490089376309404,1.0],[0.4755440242737675,4.755440242737675,1.0],[0.45132356511490823,4.513235651149082,1.0],[0.08788974506102976,0.8788974506102976,1.0],[0.29509671683068217,2.9509671683068217,1.0],[0.33863234208051063,3.3863234208051063,1.0],[0.9020959027552419,9.020959027552419,1.0],[0.7173473735926632,7.173473735926632,1.0],[0.8986159167700656,8.986159167700656,1.0]]
2d_Hurink_vdata_30_workers.fjs;2748.790798247636;1408920;[126,244,311,399,486,560,680,1073,1144,1206,89,126,158,426,634,811,832,939,981,1144,0,48,135,401,566,735,956,992,1067,1088,84,487,676,735,832,894,992,1103,1161,1252,0,84,212,238,450,543,894,977,1072,1103,82,202,325,702,776,878,950,1063,1174,1235,90,340,603,616,654,850,904,1067,1177,1222,0,116,256,313,357,504,721,759,964,1033,291,336,408,504,565,583,775,863,872,961,0,90,202,653,757,787,850,988,1134,1214,0,170,260,429,675,735,798,864,1088,1235,0,112,187,576,634,720,964,1033,1088,1252,178,256,383,482,583,708,744,832,856,1134,0,38,247,340,429,673,760,793,872,1177,61,135,449,592,663,798,907,1000,1057,1109,160,256,357,430,508,602,702,762,821,1060,38,160,355,430,522,603,787,904,979,1069,0,93,135,178,291,399,609,771,864,1055,0,90,246,336,430,634,954,1057,1194,1241,189,478,500,543,602,675,716,850,988,1125];[1,3,5,4,4,2,7,2,3,1,1,7,0,0,1,4,0,6,6,8,4,9,8,0,0,5,4,7,9,9,0,2,5,9,5,2,9,5,7,6,0,4,2,7,9,0,0,8,9,3,3,6,7,3,9,1,7,8,6,5,6,1,1,4,4,7,4,7,4,3,2,9,4,4,3,9,4,5,3,2,1,0,7,0,2,5,6,9,3,0,6,5,3,1,8,7,6,1,0,0,8,2,5,9,9,7,2,5,6,6,1,7,1,8,3,2,2,0,4,2,4,6,2,5,2,0,0,4,8,5,7,1,8,9,1,6,6,8,9,9,8,4,3,0,2,4,8,6,5,2,8,2,8,2,8,6,5,0,9,4,7,3,2,6,1,7,8,7,4,0,5,8,0,9,3,5,0,3,2,6,3,2,0,6,8,8,5,1,3,7,5,4,6,7,9,8,8,1,3,1];[14,10,3,11,1,1,7,10,9,5,9,12,3,3,1,0,1,7,4,1,4,5,5,3,3,8,12,7,7,11,4,6,13,10,0,0,6,2,11,2,11,11,13,14,1,10,9,5,11,1,10,9,7,4,1,6,6,8,14,10,8,4,14,6,10,5,2,5,10,8,2,6,2,0,12,7,1,13,0,9,13,10,7,13,2,13,6,14,8,8,13,1,7,14,12,2,11,0,2,12,7,2,11,8,12,14,4,12,12,14,8,3,8,1,8,0,1,14,6,14,6,7,2,14,9,5,3,9,7,0,5,6,4,1,2,6,6,7,13,6,7,4,12,2,1,0,14,4,1,7,12,6,0,10,8,0,8,3,10,3,14,9,6,5,6,11,11,5,10,13,0,0,7,0,8,9,5,8,9,6,12,13,9,5,0,4,13,2,7,11,11,13,9,0,7,3,2,6,3,8];[[0.4211249061401,4.211249061401,1.0],[0.9761073344853062,9.761073344853061,1.0],[0.6132800246752349,6.132800246752349,1.0],[0.6930423279788359,6.930423279788359,1.0],[0.5088628354481554,5.088628354481553,1.0],[0.18781156668551158,1.8781156668551158,1.0],[0.830121874145001,8.301218741450011,1.0],[0.8449241651217704,8.449241651217704,1.0],[0.20962821201639004,2.0962821201639006,1.0],[0.6505169872996391,6.505169872996391,1.0],[0.7003316191510263,7.003316191510263,1.0],[0.7150339547653067,7.150339547653068,1.0],[0.8091072451390076,8.091072451390076,1.0],[0.8451978833841938,8.451978833841938,1.0],[0.3695849781386673,3.695849781386673,1.0]]
2d_Hurink_vdata_30_workers.fjs;2609.476292650928;1425276;[37,179,341,459,629,812,817,1038,1112,1165,0,94,174,270,322,341,362,532,779,977,55,271,410,432,533,571,703,725,1013,1018,0,184,196,259,296,332,506,800,877,1083,84,179,545,648,805,812,947,994,1147,1165,0,78,102,184,499,580,800,1013,1081,1165,0,252,410,423,463,596,962,1026,1106,1155,53,201,362,419,462,721,831,913,962,1112,167,223,361,499,533,551,726,849,859,1009,0,88,562,653,812,858,939,1026,1074,1164,0,125,207,290,435,550,623,854,1074,1184,102,263,271,463,537,612,690,762,807,1105,78,324,450,665,703,805,842,859,933,1026,0,203,435,606,703,909,994,1016,1081,1134,262,294,324,432,596,690,782,869,933,1156,159,325,423,721,770,834,906,955,1074,1121,78,159,251,296,561,704,825,866,961,1155,0,124,179,203,455,533,644,770,1115,1184,0,97,325,422,506,593,665,834,869,1016,53,255,339,513,595,858,906,986,1016,1105];[1,0,9,0,4,9,9,0,5,2,1,6,2,2,9,4,3,7,3,1,4,7,8,0,9,2,4,6,9,9,5,1,5,3,4,2,5,5,2,4,0,4,2,7,1,7,0,6,0,0,3,9,1,6,1,1,3,8,0,5,6,1,0,3,3,7,4,3,9,4,8,8,4,4,2,7,5,4,3,3,3,0,6,9,8,0,0,3,0,7,2,2,5,2,1,1,5,5,7,7,4,6,5,9,9,8,6,9,6,5,9,7,6,8,3,3,5,5,6,2,3,8,8,9,1,0,0,2,7,1,8,3,7,5,9,6,3,2,8,8,8,8,0,8,2,3,4,7,1,6,7,5,1,2,8,8,5,8,5,4,7,8,5,3,9,3,2,4,9,9,7,5,3,9,6,6,0,2,2,1,0,4,1,5,4,4,8,7,3,0,5,7,7,1,8,5,8,2,4,1];[14,13,7,0,1,4,0,6,6,9,9,13,5,14,2,3,5,12,6,11,3,12,9,4,5,7,1,0,7,4,6,0,8,1,3,14,8,8,9,3,8,10,13,6,4,13,6,3,0,14,10,0,3,4,13,14,3,13,10,12,1,4,8,6,3,7,12,11,4,10,6,3,2,12,2,12,1,11,0,7,2,0,13,11,9,4,4,3,0,5,13,4,9,12,10,3,8,8,1,8,5,7,9,2,11,2,2,4,8,2,5,6,13,12,3,3,8,3,5,9,9,11,3,13,11,12,9,6,14,9,11,14,7,9,14,5,5,10,0,5,7,9,9,0,12,9,11,14,2,13,12,4,5,2,7,7,8,10,7,9,10,11,9,5,10,5,2,10,1,3,2,1,1,11,14,11,10,2,11,12,12,2,1,10,6,8,7,13,13,0,11,8,0,1,13,12,7,0,2,2];[[0.4831103964860096,4.831103964860096,1.0],[0.9021829992468611,9.02182999246861,1.0],[0.5374571935128641,5.374571935128642,1.0],[0.8761340971511191,8.761340971511192,1.0],[0.573156942708234,5.7315694270823405,1.0],[0.994523847851402,9.945238478514021,1.0],[0.3574465703190305,3.574465703190305,1.0],[0.6617299629663892,6.617299629663892,1.0],[0.4882872262788658,4.882872262788657,1.0],[0.5726412824777106,5.726412824777106,1.0],[0.32388398325139345,3.2388398325139347,1.0],[0.8072354510963532,8.072354510963532,1.0],[0.8087324055796944,8.087324055796945,1.0],[0.660852452150834,6.60852452150834,1.0],[0.5802577271631468,5.802577271631469,1.0]]
2d_Hurink_vdata_30_workers.fjs;2918.082397750733;464748;[0,89,236,389,477,818,877,936,1015,1203,0,81,190,477,537,557,614,705,780,868,178,319,387,430,458,485,559,815,1256,1261,227,284,490,503,580,919,1003,1072,1102,1182,143,579,627,670,747,914,957,1003,1290,1306,55,330,458,540,607,627,690,737,974,1163,0,101,208,239,754,964,1078,1140,1235,1289,311,462,625,730,801,877,964,990,1115,1296,0,209,277,557,798,1034,1115,1194,1203,1290,0,101,277,357,426,540,624,705,785,1217,10,134,190,329,426,511,559,914,1004,1239,40,56,80,169,372,442,620,1034,1072,1256,0,91,296,620,683,823,990,1095,1111,1272,353,558,607,704,785,877,957,972,1111,1203,138,174,208,298,396,602,734,818,877,1136,0,267,349,508,558,670,896,1008,1203,1280,55,134,227,456,541,755,830,914,1140,1182,0,169,209,368,559,827,924,1020,1213,1240,10,169,284,368,462,690,763,936,1217,1274,257,389,508,600,659,868,1069,1111,1136,1240];[3,8,9,0,8,4,2,6,3,8,1,7,2,0,0,4,6,9,8,5,1,7,1,8,3,3,5,8,1,2,0,2,9,2,5,2,0,5,3,4,4,4,1,3,1,6,0,2,8,1,3,1,1,6,1,8,4,3,6,2,5,6,0,3,1,9,2,7,4,3,2,5,4,8,3,9,8,4,7,0,9,5,3,0,8,7,0,3,6,5,6,2,7,9,1,1,9,5,5,0,2,0,9,4,9,7,8,5,1,3,1,7,5,8,3,7,2,5,6,3,4,9,2,5,2,4,8,4,5,9,4,3,7,7,6,0,4,7,4,5,8,0,6,8,2,6,4,0,3,1,8,5,8,3,9,6,8,8,3,4,0,1,4,6,2,9,7,7,9,9,7,5,7,6,7,1,3,9,7,9,9,3,0,5,4,8,2,1,1,0,4,2,9,0,0,7,9,1,8,7];[0,6,1,14,6,3,14,7,1,8,3,9,11,11,11,11,10,1,10,2,3,12,9,3,7,7,4,12,14,1,5,9,13,12,0,10,7,10,7,9,5,12,8,10,3,2,9,13,4,5,5,1,3,2,5,6,14,9,8,5,10,10,6,7,0,14,13,13,10,7,14,8,2,7,4,3,6,5,6,10,6,10,13,7,6,6,4,7,4,13,12,12,11,1,12,3,11,2,13,12,6,14,12,11,13,4,8,12,9,14,2,7,7,0,0,0,13,3,3,3,9,3,12,5,4,3,6,9,5,3,10,5,7,13,14,5,1,3,8,7,6,14,14,0,5,2,11,11,10,12,4,8,3,13,14,3,4,4,3,9,0,13,9,10,1,8,7,6,6,10,7,2,8,7,9,0,11,2,11,0,1,7,7,4,5,6,5,2,13,0,3,13,7,3,12,13,0,0,1,2];[[0.34661995661142697,3.4661995661142697,1.0],[0.2286410960833074,2.286410960833074,1.0],[0.012392470279078194,0.12392470279078194,1.0],[0.9308270259025113,9.308270259025113,1.0],[0.3225145761620236,3.225145761620236,1.0],[0.0006954578022455582,0.006954578022455582,1.0],[0.2097170717940725,2.097170717940725,1.0],[0.5179602272351016,5.179602272351016,1.0],[0.7628222106217201,7.6282221062172,1.0],[0.3089717897377221,3.089717897377221,1.0],[0.15113122452813788,1.5113122452813788,1.0],[0.07045772229012492,0.7045772229012492,1.0],[0.8725064026541692,8.725064026541693,1.0],[0.3074981421409557,3.074981421409557,1.0],[0.272859759997538,2.7285975999753798,1.0]]
2d_Hurink_vdata_30_workers.fjs;2522.673192979907;1256124;[100,182,311,426,534,611,626,664,707,1000,0,50,190,279,406,491,513,648,945,1118,14,86,413,621,685,727,750,865,945,1079,0,86,200,438,493,564,952,1003,1052,1132,77,221,270,333,697,798,823,886,966,1136,0,113,140,243,308,449,514,728,869,1128,0,82,163,329,370,714,792,865,938,982,0,77,158,449,514,788,885,950,1051,1075,74,99,302,399,594,696,786,856,865,966,85,212,329,371,461,629,693,869,994,1079,40,182,252,436,458,569,621,698,788,983,0,67,175,311,496,623,821,886,983,1118,0,82,169,270,326,668,707,869,929,981,0,140,236,413,511,623,712,728,798,1079,35,83,178,461,770,850,923,994,1058,1102,147,243,326,399,504,849,1033,1065,1132,1167,0,82,413,478,569,640,786,798,1003,1062,0,154,229,526,640,759,950,1034,1081,1136,155,257,327,415,612,753,787,915,962,1115,333,406,415,474,556,626,686,727,862,1075];[2,8,5,0,1,2,0,0,5,9,8,3,0,0,0,4,3,7,3,5,4,7,1,7,3,0,1,3,9,4,0,3,5,1,5,8,6,5,3,6,4,7,1,3,6,0,0,2,4,0,1,1,1,6,7,3,0,3,0,2,5,6,3,9,8,2,4,7,7,7,9,0,2,8,2,7,4,9,7,5,8,3,6,4,2,4,3,3,6,2,8,5,7,9,4,8,7,1,8,0,2,7,8,4,9,7,6,9,1,5,4,8,4,8,8,9,2,8,4,2,7,9,8,7,2,5,6,4,5,3,2,0,9,5,4,1,3,6,9,8,8,1,3,6,2,9,8,0,1,1,6,2,4,3,7,5,5,6,3,7,6,5,2,6,3,2,4,6,6,9,3,5,8,9,3,5,1,2,2,9,9,3,1,7,4,8,8,1,3,9,0,7,6,1,0,5,8,8,9,7];[2,7,2,14,6,6,13,11,13,9,5,13,12,3,11,4,7,0,2,3,3,13,12,3,7,2,3,7,7,8,1,12,5,12,1,1,6,5,7,6,4,2,8,3,0,1,9,3,3,7,10,1,11,5,13,8,10,14,10,5,9,9,12,7,7,7,7,13,13,10,4,7,10,13,14,12,12,9,3,9,1,12,12,5,3,6,4,3,4,1,0,1,11,1,4,1,9,1,4,12,6,3,10,9,5,9,12,12,11,3,3,2,6,1,13,4,6,5,12,9,14,3,3,4,0,13,10,9,5,0,0,5,11,0,4,8,3,1,13,4,7,11,4,7,10,1,8,2,2,2,9,14,13,13,2,0,1,6,1,5,11,14,8,9,2,14,3,3,6,10,2,13,13,8,10,5,11,13,5,14,14,7,8,3,5,8,2,11,4,10,10,10,4,11,11,6,2,8,14,11];[[0.8559393885152179,8.55939388515218,1.0],[0.8004839408308784,8.004839408308783,1.0],[0.5938433496209707,5.938433496209708,1.0],[0.8870093324131678,8.870093324131679,1.0],[0.741558169706834,7.4155816970683395,1.0],[0.8097670389513107,8.097670389513107,1.0],[0.2247324103169328,2.247324103169328,1.0],[0.9761818800633866,9.761818800633865,1.0],[0.6339038774096737,6.339038774096737,1.0],[0.5580285642552777,5.580285642552777,1.0],[0.4463526500656817,4.463526500656817,1.0],[0.28336462923826333,2.8336462923826335,1.0],[0.9019880415639555,9.019880415639555,1.0],[0.03268507148422006,0.32685071484220063,1.0],[0.4362825217209084,4.3628252172090844,1.0]]
2d_Hurink_vdata_30_workers.fjs;2755.794150757551;351756;[340,498,562,653,738,1005,1036,1068,1169,1224,323,359,565,816,885,905,1018,1081,1184,1202,63,105,174,196,280,444,471,613,779,1125,291,341,357,707,790,826,897,1133,1168,1246,11,230,280,476,576,905,955,1005,1106,1127,0,253,280,359,428,814,1014,1086,1150,1272,76,174,240,359,428,537,653,702,816,927,0,94,192,280,386,462,862,965,1064,1248,0,89,244,598,635,677,876,955,965,1051,0,151,253,495,583,639,842,967,1014,1097,0,117,240,487,511,593,639,742,1000,1153,225,333,399,542,598,677,821,1000,1081,1223,152,357,562,601,696,779,816,835,938,988,90,167,240,347,490,577,657,745,892,1150,0,105,140,428,548,601,701,853,926,1202,0,174,266,444,499,577,740,944,1097,1133,34,196,238,333,400,476,826,835,1141,1200,0,140,222,400,518,738,849,944,1106,1253,347,440,658,916,1014,1092,1126,1223,1257,1276,0,81,94,133,254,341,386,653,784,849];[7,8,1,5,8,0,6,6,8,8,8,1,5,0,5,5,4,3,7,5,4,5,8,7,1,0,5,9,1,9,5,3,5,2,7,3,3,5,3,6,8,9,2,7,4,6,0,8,9,3,3,1,9,3,1,8,2,7,6,2,1,5,1,9,8,7,4,7,4,8,1,9,0,6,2,4,4,4,9,5,8,3,7,8,8,0,0,4,3,0,6,3,8,5,4,7,9,5,5,1,4,2,5,9,9,7,2,9,7,8,4,7,6,8,0,3,5,6,4,2,9,8,4,2,1,0,6,2,7,9,0,1,3,4,6,3,3,3,4,0,2,4,4,3,2,9,4,2,5,7,7,2,4,3,3,6,6,1,5,0,2,8,4,6,7,2,7,6,7,9,5,7,7,9,1,5,1,6,6,9,0,1,6,2,1,8,2,1,3,3,0,0,7,0,0,2,5,8,1,7];[5,5,4,9,5,4,9,7,12,9,1,0,10,11,7,6,6,11,9,2,3,8,9,9,7,5,5,8,8,7,2,6,1,1,3,10,12,12,11,13,0,7,14,1,2,7,1,1,7,11,8,1,0,4,9,13,10,2,8,5,9,1,4,7,0,1,4,4,12,7,13,7,0,1,6,14,6,5,12,7,3,5,3,6,12,13,4,14,12,0,1,12,4,13,3,6,1,10,13,13,9,2,10,12,3,2,1,1,8,13,13,7,10,8,11,3,9,9,10,14,7,12,9,1,8,12,8,4,6,3,6,2,9,13,6,0,12,0,5,0,10,4,10,5,5,13,11,8,3,5,7,8,8,8,11,14,7,11,14,8,2,11,14,3,7,7,7,14,2,10,6,4,6,11,9,9,2,8,3,8,8,4,7,13,4,8,6,3,4,3,5,4,13,14,11,2,1,10,6,0];[[0.5198238265685563,5.198238265685563,1.0],[0.9583988744400509,9.583988744400509,1.0],[0.3402956357666065,3.402956357666065,1.0],[0.7081849781179302,7.081849781179303,1.0],[0.9252189405445452,9.252189405445453,1.0],[0.05032666735654623,0.5032666735654623,1.0],[0.6613275461751585,6.613275461751585,1.0],[0.82711411373077,8.271141137307701,1.0],[0.8734961127808921,8.734961127808921,1.0],[0.5913019030238962,5.913019030238962,1.0],[0.11264722490163037,1.1264722490163037,1.0],[0.34477784983246407,3.4477784983246407,1.0],[0.011377599382669468,0.11377599382669468,1.0],[0.7909742881977946,7.909742881977946,1.0],[0.3277964015146908,3.277964015146908,1.0]]
2d_Hurink_vdata_30_workers.fjs;2856.975811003764;271176;[120,176,267,366,500,817,897,963,1171,1276,80,123,719,1018,1076,1150,1171,1227,1276,1294,0,527,613,812,885,924,948,970,1140,1201,0,58,70,338,455,820,1018,1115,1178,1266,132,564,613,642,743,870,1002,1098,1283,1300,0,80,123,232,331,399,477,1017,1071,1141,176,276,642,702,743,980,1092,1140,1217,1260,0,84,293,516,565,641,769,816,963,1071,193,217,275,370,408,511,739,805,1070,1266,64,151,361,408,477,526,796,877,1053,1217,0,155,204,267,298,443,641,705,882,980,318,332,338,460,602,750,848,962,1003,1274,0,176,252,495,579,664,700,912,1098,1204,84,224,346,511,616,702,784,848,1039,1160,90,366,400,597,664,784,822,991,1053,1131,0,237,400,476,638,799,892,922,980,1053,0,275,370,443,721,799,876,912,1096,1247,75,155,276,370,455,642,839,970,1017,1300,0,80,150,232,321,729,868,1145,1180,1305,142,400,459,511,575,680,802,848,924,1039];[1,3,9,1,3,9,9,0,8,9,1,7,0,5,2,8,9,9,8,7,4,9,8,0,3,5,2,9,1,6,5,9,9,2,6,3,6,5,2,0,5,8,1,6,9,6,0,2,6,1,1,6,4,6,1,8,9,3,3,5,1,3,4,9,3,8,4,3,1,4,7,0,6,8,3,7,5,4,7,6,8,5,4,9,2,4,1,4,9,2,2,2,7,9,4,2,5,1,0,3,2,8,8,8,0,7,3,8,7,3,1,2,5,8,5,9,2,6,4,6,3,9,9,7,2,0,0,2,8,7,7,3,3,5,9,4,6,8,8,5,8,0,0,9,2,4,9,1,1,7,8,2,4,2,8,6,5,8,5,9,6,1,4,5,2,7,7,6,1,5,5,7,0,6,3,1,0,2,2,6,0,3,6,7,8,5,4,1,6,3,0,2,1,0,0,5,8,1,1,7];[14,8,7,13,10,10,6,9,3,4,13,12,14,5,1,13,7,7,10,6,4,6,0,4,1,8,12,8,11,2,13,8,1,11,7,2,7,7,13,13,13,12,13,13,4,13,1,5,0,10,12,8,2,13,6,2,2,13,9,8,1,1,14,7,8,3,4,9,5,14,6,1,8,8,4,2,1,13,5,7,3,10,5,12,14,0,0,9,12,9,5,4,7,1,5,9,12,8,2,12,10,12,9,14,13,9,8,3,9,10,2,4,9,8,6,10,3,0,6,1,9,14,14,12,10,5,4,7,1,10,2,6,10,13,9,6,6,4,4,14,0,14,3,7,12,12,7,2,0,0,14,11,6,11,7,6,13,10,7,8,3,10,8,0,9,11,6,3,10,8,3,6,6,5,10,0,10,13,9,3,7,7,7,3,0,12,14,10,4,13,10,8,4,5,14,10,3,1,11,3];[[0.18019241848515155,1.8019241848515155,1.0],[0.48736227300275514,4.873622730027551,1.0],[0.07759170039841756,0.7759170039841756,1.0],[0.5225667244081349,5.2256672440813485,1.0],[0.9196433340252647,9.196433340252646,1.0],[0.8762509611803474,8.762509611803473,1.0],[0.5029695910906639,5.029695910906638,1.0],[0.8160267976375112,8.160267976375112,1.0],[0.8059112000327816,8.059112000327817,1.0],[0.2140591090540045,2.140591090540045,1.0],[0.08805821114486456,0.8805821114486456,1.0],[0.20329737064426556,2.0329737064426556,1.0],[0.5837360924329463,5.837360924329463,1.0],[0.6737333796339059,6.737333796339059,1.0],[0.1608013027204077,1.6080130272040771,1.0]]
2d_Hurink_vdata_5_workers.fjs;1169.8285936583138;2416740;[0,90,229,375,482,66,143,204,252,321,40,163,271,321,396,58,172,267,355,396,0,26,118,187,498,0,225,321,450,475,0,28,107,126,269,0,64,178,301,402,26,155,225,366,488,41,205,261,405,490];[3,3,1,0,2,3,4,1,4,4,1,2,2,0,1,4,4,3,1,3,1,3,2,2,2,0,0,2,0,0,2,2,1,1,4,4,0,3,1,4,1,0,2,2,3,2,2,1,2,1];[3,5,5,6,6,0,0,5,6,1,6,3,3,0,4,1,4,2,4,2,1,5,4,3,6,0,1,6,5,5,4,4,6,6,6,2,2,0,3,3,1,1,3,5,1,4,2,5,0,3];[[0.7773566427005639,7.7735664270056395,1.0],[0.6698255595592497,6.698255595592498,1.0],[0.09913960392481702,0.9913960392481702,1.0],[0.35297051119014544,3.529705111901454,1.0],[0.4679077429008419,4.679077429008419,1.0],[0.5346837414708775,5.346837414708775,1.0],[0.9783090609123973,9.783090609123974,1.0]]
2d_Hurink_vdata_5_workers.fjs;1198.0285976541654;1307052;[103,149,255,332,402,124,185,230,265,331,0,260,333,363,470,103,185,333,423,473,0,63,284,402,421,0,70,418,470,496,0,67,94,113,285,26,166,283,423,473,79,94,214,265,412,0,70,191,252,473];[3,3,4,4,0,3,2,3,0,3,1,2,1,1,4,2,4,2,2,3,4,3,2,4,1,3,0,4,2,2,2,1,1,1,4,2,0,0,0,1,1,4,2,1,3,0,4,1,3,0];[3,2,0,1,4,3,3,1,1,0,6,3,3,3,6,5,0,2,6,2,4,5,3,6,0,3,1,5,0,0,0,4,6,6,6,0,4,5,2,5,4,0,3,4,1,2,3,5,2,3];[[0.7966509679599704,7.966509679599704,1.0],[0.05862623274803458,0.5862623274803458,1.0],[0.7602397739740907,7.602397739740907,1.0],[0.8627037401845356,8.627037401845355,1.0],[0.09127403464611428,0.9127403464611428,1.0],[0.9024924365975527,9.024924365975528,1.0],[0.7858960565941281,7.858960565941281,1.0]]
2d_Hurink_vdata_5_workers.fjs;1182.5062794025907;2516004;[65,149,275,384,498,77,104,135,270,287,91,167,207,362,436,0,192,322,417,462,0,25,287,364,459,86,170,270,338,381,13,65,188,304,446,0,83,295,416,463,0,13,121,170,239,38,104,158,209,377];[3,3,1,3,2,2,2,2,0,0,1,4,4,0,1,1,1,4,0,3,3,3,2,2,0,3,0,4,2,2,4,2,4,1,2,2,0,3,4,4,4,0,4,2,3,4,4,1,2,1];[3,3,3,6,6,2,0,1,0,2,6,1,0,2,0,6,6,5,4,2,4,5,6,4,4,3,4,5,6,1,2,5,0,3,1,0,5,0,5,3,5,1,4,5,1,4,4,2,2,3];[[0.5209484070219088,5.209484070219088,1.0],[0.42125020101147315,4.212502010114731,1.0],[0.22094517308324657,2.2094517308324657,1.0],[0.13033708391670573,1.3033708391670573,1.0],[0.48395776843282956,4.839577684328296,1.0],[0.6260889663051598,6.260889663051597,1.0],[0.6211218319323739,6.21121831932374,1.0]]
2d_Hurink_vdata_5_workers.fjs;1199.7941657615652;4502832;[0,141,265,373,538,72,162,221,298,316,0,103,193,315,442,13,127,222,318,442,71,101,197,248,328,0,91,247,292,364,0,158,310,422,500,101,187,278,373,422,0,21,116,170,378,26,98,278,425,510];[0,3,4,0,0,3,2,2,4,4,1,4,2,1,0,4,4,3,2,3,1,3,4,4,3,3,0,2,2,2,2,1,3,1,2,1,0,0,1,4,4,0,2,1,3,2,2,1,2,1];[5,2,4,2,0,0,5,3,4,4,1,6,3,1,0,3,0,2,6,2,5,5,5,0,5,4,1,6,0,0,0,6,2,6,4,4,1,3,3,3,2,6,3,4,1,2,2,1,5,3];[[0.49734142093980327,4.973414209398033,1.0],[0.35999045686025677,3.5999045686025677,1.0],[0.7220617567237175,7.220617567237175,1.0],[0.44672126724761885,4.4672126724761885,1.0],[0.4533596515962979,4.533596515962978,1.0],[0.025925678678183073,0.25925678678183073,1.0],[0.33490089376309407,3.3490089376309404,1.0]]
2d_Hurink_vdata_5_workers.fjs;1143.2852187640585;4213056;[76,97,252,338,460,70,293,360,412,440,77,269,293,335,439,30,182,276,366,440,0,148,222,322,355,0,187,287,335,476,0,65,178,282,412,0,61,148,389,458,61,94,172,237,384,0,113,148,196,399];[3,3,1,4,2,4,4,3,4,4,1,4,3,0,0,2,1,2,2,3,3,0,4,4,1,1,0,0,3,2,2,1,3,1,2,0,0,2,0,1,3,4,4,2,3,4,2,1,3,1];[3,4,0,5,6,2,0,2,6,1,1,6,6,0,0,6,1,1,6,2,6,3,2,5,3,4,4,2,6,3,1,4,0,3,4,0,5,6,2,5,0,0,5,5,1,2,2,2,3,3];[[0.4211249061401,4.211249061401,1.0],[0.9761073344853062,9.761073344853061,1.0],[0.6132800246752349,6.132800246752349,1.0],[0.6930423279788359,6.930423279788359,1.0],[0.5088628354481554,5.088628354481553,1.0],[0.18781156668551158,1.8781156668551158,1.0],[0.830121874145001,8.301218741450011,1.0]]
2d_Hurink_vdata_5_workers.fjs;1145.2505723204877;4757136;[0,141,231,339,510,25,65,127,425,443,0,67,96,348,414,67,147,217,307,389,0,147,264,311,433,0,61,169,307,333,39,96,109,223,477,0,157,244,376,464,25,231,328,394,487,67,151,189,310,405];[3,3,4,0,0,3,2,2,4,4,1,4,4,1,0,1,4,2,1,3,4,1,4,4,2,0,0,2,2,2,4,2,2,1,2,2,0,0,4,1,4,3,4,2,3,3,2,1,3,1];[3,3,4,6,0,4,0,4,4,2,6,2,0,4,0,5,0,1,4,1,4,2,2,2,5,5,1,6,0,0,2,3,2,0,4,0,5,3,2,6,3,6,2,5,1,6,4,2,5,3];[[0.4831103964860096,4.831103964860096,1.0],[0.9021829992468611,9.02182999246861,1.0],[0.5374571935128641,5.374571935128642,1.0],[0.8761340971511191,8.761340971511192,1.0],[0.573156942708234,5.7315694270823405,1.0],[0.994523847851402,9.945238478514021,1.0],[0.3574465703190305,3.574465703190305,1.0]]
2d_Hurink_vdata_5_workers.fjs;1186.473698026902;2139720;[186,240,337,377,485,13,83,132,261,390,0,71,137,332,390,0,83,167,290,456,38,156,196,270,287,153,221,337,381,493,112,317,370,417,493,0,90,201,290,337,0,13,95,159,321,65,141,221,407,486];[0,3,4,3,2,3,4,3,1,4,1,2,4,1,1,4,1,4,2,3,3,3,3,4,1,1,0,2,2,0,4,0,4,0,4,2,0,2,4,0,3,0,2,2,3,3,2,1,2,1];[2,4,4,1,6,3,0,5,3,4,1,3,0,0,0,6,1,0,6,2,5,5,4,0,0,3,1,5,6,1,2,3,2,5,0,0,6,6,5,3,5,4,3,1,1,5,4,5,6,3];[[0.34661995661142697,3.4661995661142697,1.0],[0.2286410960833074,2.286410960833074,1.0],[0.012392470279078194,0.12392470279078194,1.0],[0.9308270259025113,9.308270259025113,1.0],[0.3225145761620236,3.225145761620236,1.0],[0.0006954578022455582,0.006954578022455582,1.0],[0.2097170717940725,2.097170717940725,1.0]]
2d_Hurink_vdata_5_workers.fjs;1204.5339289495469;4928052;[0,210,305,378,446,52,83,311,449,466,83,157,181,221,312,0,150,221,311,353,0,27,114,253,462,0,157,253,353,511,27,167,181,414,511,0,64,311,400,487,57,79,335,400,445,67,201,275,439,511];[3,3,4,0,0,4,2,3,4,4,1,4,3,1,1,2,1,2,0,3,4,3,2,4,0,0,0,0,0,2,4,2,4,1,3,1,0,2,4,1,1,4,4,2,3,3,4,1,2,0];[3,3,0,4,4,1,0,2,6,4,6,3,3,5,1,6,5,2,4,2,2,5,0,1,2,0,1,0,5,3,2,4,2,3,5,4,2,6,6,6,4,1,3,5,1,5,0,1,5,1];[[0.8559393885152179,8.55939388515218,1.0],[0.8004839408308784,8.004839408308783,1.0],[0.5938433496209707,5.938433496209708,1.0],[0.8870093324131678,8.870093324131679,1.0],[0.741558169706834,7.4155816970683395,1.0],[0.8097670389513107,8.097670389513107,1.0],[0.2247324103169328,2.247324103169328,1.0]]
2d_Hurink_vdata_5_workers.fjs;1187.6457485478;2700300;[0,67,289,322,514,42,264,295,322,340,0,168,193,219,425,85,168,291,409,465,0,67,242,319,501,147,219,334,379,451,20,154,247,291,455,0,67,154,243,409,27,66,193,364,409,0,67,110,379,485];[0,3,4,0,0,4,2,2,4,4,1,2,0,1,4,2,4,3,0,3,4,1,4,2,2,1,0,2,3,0,0,0,2,1,2,2,0,3,3,1,4,4,2,1,3,3,2,1,2,1];[1,2,6,5,6,2,0,4,4,0,6,1,1,6,5,6,2,2,4,0,2,1,2,0,1,3,1,6,1,4,1,5,5,3,2,0,5,0,3,6,4,0,4,4,1,5,4,1,3,3];[[0.5198238265685563,5.198238265685563,1.0],[0.9583988744400509,9.583988744400509,1.0],[0.3402956357666065,3.402956357666065,1.0],[0.7081849781179302,7.081849781179303,1.0],[0.9252189405445452,9.252189405445453,1.0],[0.05032666735654623,0.5032666735654623,1.0],[0.6613275461751585,6.613275461751585,1.0]]
2d_Hurink_vdata_5_workers.fjs;1142.9283385777187;1154604;[0,34,180,346,440,145,260,289,346,458,26,103,187,290,363,0,97,200,294,382,0,64,153,340,485,0,194,294,357,457,126,170,241,312,385,0,103,216,385,440,21,115,187,243,477,58,127,209,305,422];[3,3,1,0,2,2,2,1,4,4,1,2,3,0,4,2,1,4,2,3,1,0,4,2,0,0,0,4,2,2,4,2,2,1,2,4,0,3,1,1,3,3,2,1,3,4,2,1,3,0];[3,4,3,5,4,4,3,3,6,6,1,3,0,2,6,6,6,5,6,0,1,3,2,1,4,0,1,5,2,5,5,5,3,3,1,2,1,0,4,2,5,0,4,6,1,5,4,2,0,3];[[0.18019241848515155,1.8019241848515155,1.0],[0.48736227300275514,4.873622730027551,1.0],[0.07759170039841756,0.7759170039841756,1.0],[0.5225667244081349,5.2256672440813485,1.0],[0.9196433340252647,9.196433340252646,1.0],[0.8762509611803474,8.762509611803473,1.0],[0.5029695910906639,5.029695910906638,1.0]]
3_DPpaulli_15_workers.fjs;6168.54604165931;525528;[228,355,386,396,459,545,1005,1385,1488,2129,2372,2448,2763,2851,2862,137,228,248,510,549,713,762,812,1091,1155,1228,1446,1534,1709,2034,2155,2265,2374,2461,2710,0,62,115,211,308,490,676,1232,1290,1449,1475,1495,1641,1774,2065,2213,2272,2319,2372,2448,2523,2741,2827,0,135,329,364,451,842,990,1118,1360,1476,1765,1866,2105,2385,2589,2734,2772,2860,194,451,518,617,851,881,982,1073,1137,1193,1294,1494,1585,1686,1904,2014,2040,2074,2326,2448,2540,344,805,920,1003,1620,2155,2213,2323,2344,2374,2465,2575,2663,2710,2746,61,179,238,364,762,1102,1184,1335,1439,1531,1586,1641,1861,1969,2040,2750,2829,0,56,137,380,446,530,608,626,653,719,861,1122,1193,1257,1613,1639,1709,1765,1827,1866,1984,2135,2446,2526,2663,0,278,355,549,675,762,779,878,1076,1091,1375,1540,1688,1911,2034,2074,2180,2319,2502,2589,2711,2798,2827,162,236,267,304,431,779,838,982,1061,1179,1192,1257,1290,1692,1795,2105,2208,2545,2640,179,267,446,494,805,916,1091,1182,1459,1494,1625,1639,1841,1879,1939,2168,2323,2628,2710,36,84,146,162,766,839,1012,1068,1137,1349,1428,1459,1932,1957,2255,2407,2449,2493,2544,2628,2686,0,396,568,636,721,839,1277,1375,1708,1771,1821,1925,1989,2068,2168,2684,0,84,109,364,378,553,619,675,851,1294,1562,2058,2078,2256,2359,2533,203,545,624,642,812,958,1055,1068,1228,1276,1372,1446,1523,1613,1786,1841,1861,1957,2060,2139,2185,2624,2652,2730,2741,0,62,135,386,419,447,945,1012,1148,1253,1866,1925,2014,2136,2168,2331,2544,296,363,446,617,636,743,928,992,1389,1542,1721,1775,1821,1879,1932,1984,2237,2337,2686,2733,2798,199,238,518,590,945,1112,1232,1295,1399,1476,1515,1723,1795,1932,2138,2222,2480,109,626,721,842,928,1192,1217,1277,1449,1470,1542,1561,1641,1686,1970,2034,2139,2231,2276,2365,2545,2720,2860,333,611,847,1038,1258,1290,1654,1854,1891,1932,2053,2293,2365,2446,2619,2686];[0,5,9,3,5,2,1,7,5,8,5,7,9,8,7,8,4,4,8,9,2,4,5,1,9,1,6,5,4,1,3,5,1,1,1,7,4,4,6,2,1,7,6,8,2,2,2,4,7,0,6,6,5,3,5,5,2,1,9,6,8,0,9,0,6,5,2,1,8,3,4,6,8,4,5,2,2,0,6,7,2,6,4,2,4,0,3,4,7,2,7,3,8,7,3,6,6,2,8,5,9,1,2,8,1,8,2,9,4,3,7,7,1,5,8,8,6,7,7,3,5,6,2,6,7,9,3,1,6,4,0,9,1,7,3,6,8,8,8,9,9,4,5,9,3,8,4,4,6,4,0,4,4,4,8,5,3,8,0,2,9,1,8,6,0,1,1,3,7,6,0,6,3,7,8,1,3,3,9,3,1,8,2,8,1,0,5,6,2,6,9,6,5,5,9,7,9,9,1,4,1,9,8,8,4,0,5,9,5,0,0,4,8,1,5,2,3,3,0,7,3,0,7,2,8,5,7,8,1,7,0,8,0,2,9,8,5,6,3,9,3,7,5,4,3,5,2,4,0,3,6,0,1,9,7,9,4,1,0,2,5,0,6,5,8,4,9,1,7,5,6,1,4,7,7,5,9,4,6,9,9,0,5,3,1,0,4,4,1,5,6,2,6,0,6,2,5,5,2,0,5,2,7,4,2,8,6,7,0,0,0,7,4,9,4,7,8,8,3,8,7,2,0,8,9,5,0,4,2,0,0,6,5,0,5,6,7,7,1,1,3,3,6,9,6,1,3,7,5,3,1,9,0,5,3,9,3,8,2,2,2,8,7,2,9,2,9,7,8,2,5,4,3,4,9,3,7,7,5,5,5,2,7,4,3,0,9];[10,7,0,6,13,5,5,6,3,3,10,7,4,1,2,4,8,14,3,4,5,4,1,10,2,7,4,9,3,6,14,6,1,1,4,12,13,13,1,1,1,9,9,11,7,7,9,10,9,13,2,8,0,3,12,7,2,14,1,9,10,8,11,0,8,4,14,13,13,12,0,12,12,8,2,9,5,8,11,4,1,12,9,13,3,3,13,1,8,6,1,9,7,7,14,10,4,12,7,1,2,2,2,3,7,1,6,0,13,13,6,14,5,13,4,11,5,11,12,9,1,8,10,14,1,7,9,13,12,3,4,2,9,7,12,3,5,13,1,5,2,4,11,13,12,2,10,12,14,0,5,2,8,8,6,9,1,2,1,10,0,9,0,2,2,3,4,4,3,11,12,13,11,0,5,3,3,8,9,13,13,14,6,4,10,8,11,10,4,14,7,7,7,4,5,3,6,6,1,0,3,14,5,5,11,2,11,9,14,5,13,9,5,5,10,6,7,10,10,12,2,13,7,0,3,7,10,11,12,0,9,13,9,10,7,14,0,0,13,3,11,13,2,10,0,14,8,14,11,2,6,9,14,6,14,10,3,1,1,14,6,0,2,8,14,10,12,1,7,8,13,0,8,14,6,3,2,10,0,8,5,1,3,1,2,11,0,6,13,14,11,13,7,5,12,1,13,10,5,12,1,13,14,9,9,1,8,10,9,2,2,14,9,12,6,14,0,0,7,7,9,6,0,13,10,13,1,8,7,0,8,2,0,12,9,13,6,10,1,9,12,12,5,4,6,13,14,6,6,7,8,7,6,0,12,5,14,6,4,11,5,3,10,12,0,5,2,7,0,2,6,5,11,10,3,6,12,1,3,6,3,12,6,11,8,9,1];[[0.7773566427005639,7.7735664270056395,1.0],[0.6698255595592497,6.698255595592498,1.0],[0.09913960392481702,0.9913960392481702,1.0],[0.35297051119014544,3.529705111901454,1.0],[0.4679077429008419,4.679077429008419,1.0],[0.5346837414708775,5.346837414708775,1.0],[0.9783090609123973,9.783090609123974,1.0],[0.13031535015865903,1.3031535015865903,1.0],[0.6712434682302663,6.712434682302662,1.0],[0.36422941594737557,3.6422941594737557,1.0],[0.48883570716198577,4.888357071619858,1.0],[0.20301221073405373,2.0301221073405373,1.0],[0.6661983755713592,6.661983755713592,1.0],[0.2276630312069321,2.276630312069321,1.0],[0.4580640582967631,4.580640582967631,1.0]]
3_DPpaulli_15_workers.fjs;5982.665995726675;1182708;[122,227,284,295,528,875,913,1114,1558,1675,1907,2040,2196,2304,2431,492,584,607,693,1119,1293,1451,1643,1718,2081,2148,2215,2289,2369,2407,2523,2599,2622,2707,2774,0,76,128,161,301,343,465,612,683,1081,1119,1178,1210,1278,1455,1816,2049,2093,2156,2314,2466,2622,2691,182,343,482,530,692,1268,1358,1470,1564,1650,1718,1877,2047,2124,2180,2406,2469,2548,0,87,146,239,284,326,482,572,638,744,833,922,1491,1766,1941,2259,2289,2540,2567,2588,2727,0,61,76,310,398,500,674,897,1035,1183,1358,1964,2112,2566,2734,61,408,572,677,744,833,859,922,1016,1419,1436,1650,1788,1907,2274,2556,2603,87,124,192,239,305,368,467,638,807,913,1025,1171,1278,1383,1484,1511,1580,1816,1907,1997,2209,2395,2474,2599,2655,146,225,332,399,482,673,738,880,1010,1303,1585,1736,1821,1952,2030,2069,2124,2177,2204,2351,2508,2603,2634,284,621,725,860,941,1055,1382,1507,1600,1655,1680,1716,1736,1815,1909,1964,2416,2573,2661,0,161,255,398,530,683,744,1178,1268,1511,1976,2143,2196,2314,2377,2438,2556,2648,2727,400,517,728,830,897,968,1035,1091,1160,1171,1262,1277,1382,1406,1815,1909,1952,1997,2049,2114,2444,87,248,355,400,599,986,1091,1671,1847,1907,1921,2049,2224,2304,2406,2472,0,202,589,683,806,860,986,1123,1357,1491,1767,1849,2255,2355,2715,2754,0,156,336,414,702,819,1041,1123,1337,1382,1527,1604,1675,1756,1788,1864,2180,2224,2316,2355,2385,2450,2473,2530,2634,0,305,398,692,824,1002,1063,1403,1841,2015,2071,2170,2289,2385,2474,2661,2734,55,133,203,236,516,589,735,1203,1342,1383,1451,1507,1558,1767,1821,1875,1948,2128,2316,2651,2727,76,87,489,523,638,784,860,913,1002,1077,1119,1203,1277,1367,1455,1507,2530,0,64,258,368,384,400,489,602,702,723,789,807,835,1041,1268,1399,1531,1667,1987,2204,2232,2304,2444,146,384,398,492,738,767,922,1068,1171,1425,1580,1835,2049,2128,2316,2378];[7,5,0,7,5,8,4,5,9,9,6,3,9,2,4,4,3,4,9,4,6,5,5,8,9,0,0,6,0,0,4,0,7,2,9,7,9,9,6,0,1,5,1,2,3,2,1,6,2,8,1,5,5,1,3,5,0,9,8,9,1,0,0,0,8,4,7,8,4,3,9,2,8,5,9,8,4,8,3,8,1,2,9,2,3,7,3,3,7,2,2,3,8,7,1,9,3,3,9,5,1,1,3,6,1,8,5,0,0,1,7,4,3,5,9,8,9,7,9,1,9,8,2,7,7,7,3,3,8,4,2,2,3,6,5,7,5,5,5,3,6,8,3,0,3,5,4,2,3,5,3,1,5,4,8,2,0,9,6,0,3,7,4,4,0,1,9,8,8,2,3,4,3,2,0,3,1,8,0,5,2,2,2,7,5,1,6,5,1,0,8,5,5,1,6,6,1,9,4,2,8,7,8,0,4,0,6,9,5,8,8,3,6,0,8,6,1,7,1,9,9,4,7,7,8,1,7,6,6,0,8,3,7,1,7,7,0,9,7,3,8,7,1,2,6,0,1,7,2,5,7,7,8,5,7,9,6,0,0,7,2,2,3,0,4,4,6,1,2,5,4,8,1,6,2,6,6,4,8,9,3,5,6,5,2,4,4,1,6,4,2,7,3,6,3,7,5,9,8,0,9,2,4,0,7,9,1,6,5,5,1,4,4,4,7,1,1,9,3,5,1,9,6,9,5,4,9,4,2,8,0,0,2,3,6,2,0,7,8,6,4,9,7,5,9,9,1,2,5,6,5,6,6,8,8,6,3,4,5,1,8,0,3,8,4,6,6,6,6,4,5,1,2,4,7,2,2,0,8,2,0,2,7,4,6,7,9];[12,7,1,5,9,4,7,6,8,4,11,0,8,10,13,12,3,13,2,13,6,8,5,11,9,2,2,8,9,6,5,0,8,8,2,3,9,4,13,8,11,13,10,14,12,3,10,2,3,11,10,14,6,11,2,7,5,5,14,13,7,0,0,9,9,9,4,0,0,10,4,3,13,4,4,11,7,3,1,1,10,2,11,11,5,1,7,3,2,12,0,3,2,9,7,1,13,5,5,10,0,2,3,8,3,12,14,3,5,13,9,4,12,5,6,11,9,6,10,11,7,9,2,10,2,14,9,2,2,11,8,8,6,6,3,0,11,0,4,10,2,2,1,7,12,13,13,6,1,1,1,0,10,11,14,14,1,7,10,6,14,0,13,13,9,3,8,10,6,7,5,10,5,0,10,4,4,2,8,12,8,6,6,12,13,3,1,2,5,5,4,5,3,2,3,2,11,10,8,9,8,9,5,5,11,6,11,9,14,13,1,9,1,6,1,10,14,1,12,10,8,2,1,4,7,7,10,6,5,7,1,4,12,3,1,14,5,11,7,14,12,1,5,1,2,0,7,1,11,6,14,5,14,2,14,12,14,5,5,9,7,14,4,12,0,7,14,5,4,9,3,1,5,11,5,1,12,14,1,6,13,2,9,7,6,3,3,4,12,0,13,12,9,6,12,6,6,2,2,14,11,0,7,0,7,7,3,2,3,7,2,11,9,8,5,7,6,6,2,10,4,10,10,1,11,12,8,2,1,12,12,5,1,1,2,1,8,13,14,9,3,11,3,0,13,1,3,14,9,0,3,9,14,12,0,4,3,3,12,13,4,14,5,9,7,7,9,10,12,5,5,3,0,8,8,13,10,1,8,1,3,12,6,8,8,5,10];[[0.7966509679599704,7.966509679599704,1.0],[0.05862623274803458,0.5862623274803458,1.0],[0.7602397739740907,7.602397739740907,1.0],[0.8627037401845356,8.627037401845355,1.0],[0.09127403464611428,0.9127403464611428,1.0],[0.9024924365975527,9.024924365975528,1.0],[0.7858960565941281,7.858960565941281,1.0],[0.40667966546103385,4.0667966546103385,1.0],[0.37447264465852026,3.7447264465852026,1.0],[0.6490262282913547,6.490262282913547,1.0],[0.40092466608569977,4.009246660856998,1.0],[0.5721109226277574,5.721109226277575,1.0],[0.6077930620255084,6.077930620255084,1.0],[0.05072389565884072,0.5072389565884072,1.0],[0.7370880093375713,7.370880093375714,1.0]]
3_DPpaulli_15_workers.fjs;5896.213121877367;779244;[0,114,662,673,731,861,919,1013,1139,1230,1532,2165,2230,2450,2700,90,176,195,265,347,427,476,616,755,802,874,942,1061,1175,1464,1773,1933,1956,2205,2612,194,302,423,482,580,615,727,890,1030,1084,1110,1130,1168,1297,1373,1816,1913,2176,2450,2514,2577,2672,2698,71,633,817,852,1181,1316,1396,1660,1773,1997,2067,2205,2259,2371,2450,2577,2613,2700,0,90,288,427,475,504,620,710,845,900,1002,1283,1409,1490,1599,1748,1863,1902,1933,2084,2565,114,464,782,954,992,1061,1190,1283,1396,2064,2247,2346,2460,2513,2548,258,863,919,1177,1244,1317,1565,1651,1896,1955,1975,2042,2126,2176,2278,2517,2565,0,34,239,272,366,427,542,591,620,659,763,904,954,1060,1182,1245,1436,1490,1765,1804,1849,2060,2371,2452,2563,34,145,292,352,423,464,482,557,1041,1056,1087,1383,1610,1766,1952,2005,2085,2196,2232,2291,2511,2641,2676,176,216,249,338,498,563,625,706,1007,1212,1492,1532,1686,1804,2027,2165,2315,2438,2524,133,249,456,659,845,935,1216,1373,1566,1603,1667,1785,1849,1868,2189,2232,2430,2596,2698,90,145,272,288,352,423,498,557,601,706,1030,1426,1541,1564,1766,1849,1902,2348,2460,2519,2700,212,358,457,559,735,1073,1326,1589,1674,1728,1742,1933,1997,2147,2305,2524,0,216,239,852,980,1002,1073,1168,1253,1317,1453,1603,2424,2599,2676,2700,0,68,216,381,476,511,601,1245,1388,1439,1532,1610,1686,1780,1837,1889,1929,1975,2189,2243,2292,2348,2373,2424,2548,82,466,563,633,817,904,1265,1396,1453,1505,1832,1990,2162,2201,2346,2435,2633,157,360,480,706,827,1019,1152,1316,1467,1521,1589,1653,1705,1832,1889,1955,2027,2324,2427,2461,2588,175,321,667,677,782,919,992,1014,1112,1181,1221,1393,1686,2196,2326,2392,2672,0,68,157,228,347,413,427,781,942,1124,1212,1230,1705,1765,1846,1913,1933,2126,2246,2325,2354,2438,2675,34,232,540,637,763,792,943,1087,1221,1653,1997,2126,2259,2326,2378,2478];[9,1,7,7,2,2,8,7,9,5,0,3,0,7,6,2,9,2,6,7,7,1,9,9,9,3,2,5,7,9,3,7,7,1,5,8,0,9,9,2,1,4,9,2,2,2,2,0,9,0,9,5,0,6,4,7,2,9,8,5,8,4,1,8,1,6,2,8,4,9,9,2,1,9,9,8,6,5,3,6,6,8,6,6,1,5,6,4,7,2,0,8,0,7,3,9,6,7,2,5,4,5,3,4,1,8,8,7,1,3,5,1,8,8,1,8,6,7,9,1,4,6,2,7,0,7,1,6,5,5,7,3,7,6,1,3,6,2,9,3,0,9,8,9,0,2,4,4,6,1,6,4,4,8,8,1,5,9,2,9,3,8,3,4,8,4,6,1,3,6,2,6,3,2,0,3,0,3,9,5,2,5,0,0,4,8,6,6,1,4,4,5,4,3,9,2,8,9,8,8,6,7,7,9,2,5,5,0,0,2,9,8,7,1,2,6,0,3,1,5,5,4,6,7,5,9,8,7,1,9,6,6,9,2,9,5,0,0,4,3,8,7,7,8,3,0,7,8,4,2,1,7,2,3,4,8,7,0,9,2,2,2,1,2,8,0,5,4,1,4,7,8,7,7,1,8,2,0,6,4,2,5,3,3,2,6,8,2,9,8,8,0,3,0,0,5,3,1,7,3,6,6,3,7,3,8,5,7,0,8,4,4,2,0,7,3,5,6,3,8,7,9,9,8,9,5,0,7,2,7,2,7,4,3,1,7,6,7,1,1,3,9,3,5,3,4,5,7,4,3,5,5,6,7,3,6,3,4,5,2,8,0,5,8,0,7,6,6,5,1,3,5,7,4,7,1,0,0,4,3,7,9,5,4,0,6,8];[0,1,7,7,1,5,10,5,8,8,10,0,6,10,8,2,6,3,3,11,12,12,12,6,13,1,4,9,13,8,5,6,0,4,6,5,8,10,7,5,3,10,3,12,7,7,0,0,9,7,10,8,12,2,12,4,5,7,8,1,10,11,4,5,13,13,8,10,0,14,2,12,13,13,11,11,2,9,1,4,8,9,0,8,6,13,0,13,10,4,2,4,12,7,9,10,2,5,13,5,8,2,4,12,10,1,4,7,8,12,9,5,13,2,14,11,5,7,3,1,0,8,13,13,7,7,8,8,0,7,1,10,0,0,2,3,11,8,13,11,8,11,11,2,7,1,11,12,11,4,14,5,0,3,7,7,9,5,7,3,3,6,4,10,2,3,8,4,14,1,11,0,10,0,11,3,2,2,6,14,9,11,10,2,6,7,1,10,5,0,0,11,2,12,8,14,12,6,1,4,9,9,6,9,11,12,4,3,11,6,4,12,2,10,14,3,1,10,5,10,5,2,9,1,2,4,0,14,6,7,5,2,10,7,10,10,8,13,11,12,9,5,6,14,12,13,13,3,6,3,13,7,4,0,2,4,12,1,13,14,2,14,5,11,6,1,12,9,11,13,2,1,6,1,2,0,14,6,13,9,5,10,14,11,10,11,10,11,11,4,13,13,9,12,5,14,11,9,7,4,5,14,14,2,2,1,1,14,9,8,14,4,4,5,8,11,1,11,12,7,0,7,11,13,14,5,7,10,12,14,7,5,12,6,11,2,2,12,6,12,9,3,11,9,6,6,1,4,5,14,11,12,0,6,14,0,6,3,14,4,7,0,3,9,7,14,14,7,7,4,6,12,1,13,10,3,3,0,11,9,6,3,13,1,1,3,3];[[0.5209484070219088,5.209484070219088,1.0],[0.42125020101147315,4.212502010114731,1.0],[0.22094517308324657,2.2094517308324657,1.0],[0.13033708391670573,1.3033708391670573,1.0],[0.48395776843282956,4.839577684328296,1.0],[0.6260889663051598,6.260889663051597,1.0],[0.6211218319323739,6.21121831932374,1.0],[0.707277595965894,7.07277595965894,1.0],[0.43539590023548325,4.3539590023548325,1.0],[0.04809800715767443,0.4809800715767443,1.0],[0.2254847064342842,2.254847064342842,1.0],[0.788548045160999,7.88548045160999,1.0],[0.42108890435006496,4.21088904350065,1.0],[0.5652029481252892,5.6520294812528915,1.0],[0.6764042610645917,6.764042610645918,1.0]]
3_DPpaulli_15_workers.fjs;6456.492205452014;288432;[48,666,1039,1112,1220,1510,1548,1633,1915,1989,2149,2267,2644,2750,2794,100,225,245,533,568,737,841,895,1008,1326,1599,1669,2175,2266,2596,2714,2778,2825,2910,2981,139,346,458,668,766,797,859,928,984,1039,1112,1487,1704,1896,1972,2041,2101,2148,2200,2303,2366,2648,2944,55,249,312,431,533,629,1013,1093,1331,1423,1487,1731,1773,2003,2073,2267,2517,2745,0,186,346,447,494,523,577,670,1057,1124,1228,1275,1397,1510,1874,1942,2108,2158,2190,2343,2436,153,225,399,564,777,970,1152,1250,1276,1307,1458,1782,1958,2387,2449,48,348,447,933,1016,1527,1707,1865,1915,1972,2056,2132,2228,2270,2343,2784,2899,89,139,635,670,737,895,936,984,1088,1127,1219,1283,1398,1601,1648,1671,1740,1963,2436,2473,2584,2664,2706,2781,2943,0,70,202,427,507,723,777,841,1044,1060,1135,1231,1408,1537,1670,1767,1826,2460,2518,2576,2815,2912,2944,125,357,390,562,645,1066,1219,1307,1475,1539,1648,1684,1751,2033,2383,2519,2658,2778,2861,37,124,211,262,352,621,842,938,1228,1579,1669,1680,1768,1942,2132,2200,2281,2575,2835,0,333,639,741,808,938,982,1250,1297,1319,1397,1408,1621,1804,1896,2073,2116,2387,2802,2856,2945,248,507,716,1066,1122,1297,1423,1525,1691,1753,1773,2228,2297,2371,2475,2599,153,328,352,447,609,712,875,1326,1527,2038,2518,2566,2620,2669,2750,2889,188,248,294,330,399,456,553,577,666,716,804,968,1060,1261,1472,1680,1731,1929,2111,2352,2519,2575,2739,2814,2856,0,55,124,294,431,564,598,790,932,1311,1379,1458,1599,2436,2596,2683,2781,0,70,157,307,568,645,761,878,1135,1250,1326,1552,1826,2175,2233,2272,2473,2576,2606,2674,2907,262,274,427,842,982,1054,1200,1370,1601,1704,1885,1964,2297,2584,2766,2814,2924,0,75,274,408,427,548,597,855,931,965,1035,1151,1174,1669,1691,1767,2014,2305,2436,2575,2750,2910,2921,198,491,548,695,936,1772,1874,1972,2014,2116,2175,2299,2383,2596,2665,2814];[6,9,4,1,7,8,8,7,4,8,8,5,9,2,0,8,1,4,4,4,5,3,1,2,0,4,6,5,6,1,3,2,7,2,5,5,7,6,3,2,1,4,6,4,0,3,1,7,9,0,6,6,6,6,3,5,0,1,9,9,6,4,5,8,1,4,4,1,0,9,9,2,1,3,1,4,4,9,6,8,6,8,6,2,1,2,6,1,9,7,2,3,0,7,7,2,3,1,8,3,1,8,2,9,1,5,5,9,4,3,7,4,3,5,7,1,6,5,8,7,5,8,2,0,2,2,8,4,8,4,7,2,7,7,3,8,6,6,5,5,9,6,6,2,3,8,4,0,6,5,2,6,5,9,8,1,5,9,2,0,3,2,7,4,0,3,5,5,8,5,0,5,6,2,0,1,3,4,0,0,2,0,0,8,4,2,9,5,2,6,4,4,4,3,9,9,8,0,0,8,2,9,7,7,2,0,4,9,0,2,8,9,1,8,4,6,1,4,0,0,5,8,9,2,9,5,8,5,9,0,8,2,9,2,1,8,5,9,9,5,7,8,4,2,0,0,2,8,0,8,1,0,6,9,8,6,9,8,0,2,6,0,3,5,4,4,9,4,2,1,3,3,1,1,7,8,6,4,6,9,9,2,5,4,4,0,7,4,9,0,0,7,6,9,0,9,1,1,5,3,5,2,3,7,3,7,2,7,7,6,1,7,2,9,7,5,9,9,3,0,7,9,6,4,4,4,0,7,9,0,0,0,2,0,5,5,2,7,2,9,2,6,6,9,6,7,3,4,5,2,0,5,7,2,1,8,0,3,8,4,8,0,5,3,9,6,9,9,8,7,7,2,3,0,9,3,7,1,9,5,5,3,1,6,3,8,8];[6,1,13,3,11,4,5,6,11,3,6,10,13,3,2,2,2,14,14,12,10,8,7,6,1,14,9,9,14,6,5,8,8,4,6,11,9,14,0,11,12,12,13,14,14,6,10,4,9,7,6,8,7,8,13,5,2,14,0,2,9,11,0,9,0,1,2,13,1,8,6,11,3,11,5,6,9,13,4,13,9,5,10,8,6,0,13,6,12,14,5,10,6,0,2,11,9,6,1,0,0,13,5,9,3,2,7,5,9,0,4,7,8,2,4,9,5,10,7,11,7,9,10,12,5,9,9,9,7,5,14,3,10,3,4,3,10,10,8,7,1,3,7,7,12,13,14,11,1,8,1,11,7,11,7,3,9,2,7,11,5,11,4,1,2,4,5,10,0,3,10,13,9,14,1,5,10,5,3,1,1,6,12,8,2,2,13,4,4,0,14,10,2,12,5,12,4,4,12,11,7,5,14,2,5,13,11,10,2,6,14,7,3,11,7,8,6,2,9,3,14,7,1,0,11,7,14,7,2,10,1,9,13,0,0,6,5,6,2,14,11,3,11,9,3,7,8,4,2,0,6,4,3,13,13,8,5,5,1,9,3,9,13,0,0,3,8,2,10,9,9,14,11,12,9,9,2,4,0,4,4,0,3,7,10,3,10,6,11,4,10,13,11,0,12,8,12,10,3,8,14,8,10,4,12,2,6,10,7,14,10,11,7,7,14,11,6,0,12,9,4,4,6,1,0,1,10,9,13,0,3,4,10,5,5,1,13,13,8,0,1,13,4,4,0,3,10,12,1,13,8,2,3,8,11,2,6,11,2,14,4,14,14,11,8,7,2,1,13,14,6,0,3,7,14,11,5,8,13,10,1,10,10,14,9,4,3];[[0.49734142093980327,4.973414209398033,1.0],[0.35999045686025677,3.5999045686025677,1.0],[0.7220617567237175,7.220617567237175,1.0],[0.44672126724761885,4.4672126724761885,1.0],[0.4533596515962979,4.533596515962978,1.0],[0.025925678678183073,0.25925678678183073,1.0],[0.33490089376309407,3.3490089376309404,1.0],[0.4755440242737675,4.755440242737675,1.0],[0.45132356511490823,4.513235651149082,1.0],[0.08788974506102976,0.8788974506102976,1.0],[0.29509671683068217,2.9509671683068217,1.0],[0.33863234208051063,3.3863234208051063,1.0],[0.9020959027552419,9.020959027552419,1.0],[0.7173473735926632,7.173473735926632,1.0],[0.8986159167700656,8.986159167700656,1.0]]
3_DPpaulli_15_workers.fjs;5580.062100311878;764568;[126,202,268,805,888,1087,1233,1349,1463,1561,1717,1854,2099,2212,2222,34,131,210,484,536,607,656,787,974,1240,1326,1404,1486,1630,1890,2116,2255,2325,2477,2549,0,75,174,213,307,413,467,566,635,834,939,956,1164,1329,1448,1593,1707,1752,2000,2299,2365,2505,2533,0,281,421,529,753,785,1009,1091,1254,1349,1486,1769,1888,1933,2121,2242,2368,2466,0,145,544,656,700,726,797,893,1002,1066,1158,1274,1374,1444,1542,1650,1713,1741,1793,1888,2183,188,663,700,888,1158,1283,1465,1572,1620,1861,1995,2119,2246,2457,2533,0,56,145,467,679,823,1052,1197,1327,1376,1560,1660,1769,1947,2219,2406,2477,0,55,180,295,407,466,529,791,931,988,1076,1294,1399,1658,1772,1805,1947,2000,2067,2099,2140,2219,2263,2442,2513,124,281,365,414,603,644,732,823,916,1128,1195,1375,1465,1555,1652,1691,1749,1805,1835,1907,1958,2513,2544,229,377,587,967,1148,1215,1297,1424,1664,1921,1995,2119,2140,2211,2299,2354,2439,2489,2573,280,455,585,664,833,899,939,1148,1234,1294,1376,1411,1752,1765,2025,2134,2341,2362,2454,126,211,295,312,489,554,594,707,822,862,956,1043,1156,1181,1523,1561,1667,1813,1992,2048,2108,0,307,406,445,499,594,689,1144,1271,1335,1468,1616,1741,1823,2052,2573,121,180,210,400,466,519,622,780,899,1158,1240,1404,1937,2045,2294,2443,64,75,252,347,414,480,678,707,755,799,877,953,1029,1113,1144,1236,1499,1599,1826,1991,2067,2222,2365,2421,2533,252,307,377,443,544,571,741,805,923,977,1029,2121,2212,2228,2255,2334,2406,203,281,365,400,499,587,607,679,968,1259,1444,1507,1599,1691,1813,1865,2216,2312,2334,2368,2489,0,64,269,339,443,1018,1660,1680,1782,1868,1969,2045,2119,2211,2280,2343,2457,0,64,145,252,374,392,692,819,956,977,1215,1374,1412,1630,1650,1717,1741,1823,1868,2020,2052,2432,2442,0,100,114,274,548,693,865,980,1048,1234,1676,1813,1888,2228,2280,2428];[7,9,0,7,6,8,0,2,4,7,5,9,9,2,5,4,2,4,8,1,3,9,5,2,1,3,6,5,9,1,3,2,0,1,1,2,7,6,2,6,1,4,6,8,9,3,1,6,9,9,2,8,3,6,5,5,6,9,3,1,9,0,0,0,3,6,2,0,6,0,4,4,0,5,9,9,6,1,9,3,2,2,8,5,9,5,2,4,1,7,1,8,2,7,5,9,3,7,1,3,4,5,3,8,2,3,0,9,7,1,7,8,1,8,3,1,6,5,3,2,5,6,3,0,7,2,1,6,8,4,2,2,5,0,2,4,6,8,1,1,9,4,6,1,3,6,8,9,6,1,9,4,4,7,4,0,3,8,2,0,8,3,8,9,8,8,3,8,3,6,6,6,1,7,0,3,3,5,0,5,5,1,4,8,9,2,4,5,8,6,7,3,2,2,0,2,3,9,8,0,2,1,7,7,6,7,5,2,8,8,2,4,8,1,6,6,0,4,2,7,7,4,7,2,9,9,7,4,9,7,0,8,0,1,1,1,0,9,2,5,3,7,5,0,6,6,2,1,4,2,4,0,9,9,6,5,0,8,6,2,2,3,3,9,8,3,1,1,7,9,3,8,5,6,1,9,9,1,0,0,2,0,8,5,1,0,8,4,0,4,7,0,6,9,7,7,6,2,2,7,4,4,3,4,2,8,2,6,6,8,1,8,4,9,5,3,1,4,9,5,1,3,6,3,4,8,0,7,9,3,2,9,5,3,1,7,6,7,9,9,7,3,7,5,6,9,4,5,7,1,5,8,2,2,8,6,3,8,1,4,0,8,5,4,2,7,6,4,5,0,0,5,6,0,5,4,1,7,6,8,7,1,5,3,8,8,3];[12,1,12,5,5,2,3,2,5,8,10,11,11,2,8,5,13,14,14,9,0,7,9,0,9,12,9,9,14,5,14,1,1,1,7,0,8,14,13,7,3,1,13,12,4,6,10,2,10,12,9,3,4,2,14,3,14,12,2,12,10,1,5,12,6,11,4,5,1,14,11,4,4,9,11,0,14,6,2,1,10,14,7,11,11,9,4,0,13,10,5,7,11,14,2,7,13,11,8,2,3,13,14,11,2,3,3,12,2,10,3,14,1,3,10,7,5,4,8,8,1,11,10,8,1,14,4,9,9,8,13,4,3,5,2,4,2,13,5,12,10,4,6,8,12,2,1,6,5,1,5,3,8,13,3,2,9,14,7,14,0,9,0,2,1,7,0,14,3,13,12,3,9,0,11,4,3,4,5,14,7,10,5,8,11,1,2,7,3,5,14,11,0,12,10,1,9,6,8,13,8,10,12,14,14,13,3,2,8,6,9,9,5,4,4,8,9,0,13,3,3,12,7,0,6,6,10,11,0,6,6,10,10,0,10,9,4,4,13,12,11,10,11,7,7,7,4,0,11,2,0,4,4,3,8,2,8,12,4,6,8,9,2,12,6,4,7,5,2,9,3,14,12,13,14,3,10,14,14,4,13,6,6,13,2,4,1,6,12,11,14,12,11,10,5,11,4,6,5,1,13,2,6,4,12,12,3,8,8,6,2,1,2,7,10,0,9,4,9,6,13,8,6,12,11,1,0,2,9,13,5,6,12,0,8,9,1,13,7,0,4,13,3,0,6,1,2,7,12,10,0,11,3,13,9,3,3,14,11,4,5,11,2,0,5,7,14,5,8,8,0,10,1,7,7,14,12,13,8,2,10,9,13,12,7,4,13];[[0.4211249061401,4.211249061401,1.0],[0.9761073344853062,9.761073344853061,1.0],[0.6132800246752349,6.132800246752349,1.0],[0.6930423279788359,6.930423279788359,1.0],[0.5088628354481554,5.088628354481553,1.0],[0.18781156668551158,1.8781156668551158,1.0],[0.830121874145001,8.301218741450011,1.0],[0.8449241651217704,8.449241651217704,1.0],[0.20962821201639004,2.0962821201639006,1.0],[0.6505169872996391,6.505169872996391,1.0],[0.7003316191510263,7.003316191510263,1.0],[0.7150339547653067,7.150339547653068,1.0],[0.8091072451390076,8.091072451390076,1.0],[0.8451978833841938,8.451978833841938,1.0],[0.3695849781386673,3.695849781386673,1.0]]
3_DPpaulli_15_workers.fjs;6079.646804895806;991248;[193,259,331,472,529,647,692,774,836,1513,1609,1866,1899,2364,2461,220,371,592,676,711,857,950,1031,1067,1112,1174,1254,1391,1648,2071,2214,2287,2309,2638,2709,0,165,242,366,464,528,583,688,777,830,868,886,918,986,1064,1130,1200,1245,1297,1574,1988,2170,2461,0,124,187,290,444,505,650,762,829,920,1245,1707,1756,1812,1977,2226,2284,2455,50,212,275,592,774,829,1343,1439,1513,1568,1691,1791,1908,1988,2070,2133,2151,2223,2389,2414,2704,235,306,536,617,954,1031,1130,1277,1508,1641,1881,1972,2071,2468,2690,107,165,227,334,567,830,920,1176,1343,1399,1752,2314,2401,2447,2513,2557,2756,320,441,510,549,616,745,783,802,829,868,954,1009,1064,1297,1319,1547,1687,1742,1811,1866,1908,2268,2309,2393,2563,0,32,107,306,383,549,700,1174,1297,1475,1668,1902,2076,2179,2254,2352,2409,2513,2543,2611,2660,2746,2775,476,529,711,802,886,977,1126,1399,1521,1906,2010,2050,2119,2225,2314,2374,2513,2644,2760,468,695,1067,1372,1636,1866,1906,2010,2105,2141,2214,2225,2287,2301,2401,2530,2625,2679,2803,275,348,425,476,745,884,927,990,1166,1203,1609,1823,1986,2028,2182,2309,2373,2414,2461,2573,2644,60,384,995,1121,1181,1294,1395,1493,1637,1709,1725,1811,2090,2301,2493,2782,154,219,306,405,415,748,893,986,1112,1298,1482,1752,1772,2197,2271,2373,50,151,193,399,626,659,815,1237,1285,1335,1420,1494,1620,1742,1812,1956,2033,2091,2119,2197,2225,2530,2626,2679,2782,0,167,235,301,676,822,990,1061,1237,1439,1772,2133,2254,2447,2543,2625,2732,32,104,390,425,688,780,1061,1176,1395,1433,1586,1987,2033,2125,2178,2293,2365,2482,2501,2543,2760,210,692,872,1312,1499,1566,1648,1808,1918,1986,2056,2455,2530,2620,2654,2696,2787,0,72,271,348,366,384,399,440,676,804,954,973,1121,1355,1533,1609,1626,1707,1756,2151,2182,2345,2793,72,429,505,647,918,1285,1420,1484,1533,1574,1701,1811,1899,2284,2504,2704];[6,1,7,3,7,2,4,5,5,5,6,0,5,4,7,4,9,0,8,7,7,6,5,9,9,0,0,3,9,1,5,9,8,2,5,8,1,9,4,6,1,3,1,7,0,2,1,7,2,0,4,4,6,1,3,2,2,9,5,9,9,1,3,8,1,0,4,0,4,0,7,6,9,4,3,8,6,0,9,8,2,6,4,5,1,8,3,7,1,7,7,9,8,7,2,6,3,8,3,2,1,5,7,2,2,4,5,9,1,9,4,7,1,5,7,5,9,7,3,9,5,6,3,0,7,2,4,5,5,3,9,9,5,5,6,4,6,2,8,9,9,2,6,6,2,6,2,4,3,3,0,7,5,2,4,1,0,8,3,9,0,1,3,4,8,2,3,8,7,9,0,6,8,1,8,1,1,5,3,8,9,2,4,8,5,0,6,6,6,0,6,6,4,2,6,0,1,9,5,9,1,6,0,5,6,5,6,9,4,4,8,3,6,0,5,2,0,9,2,1,9,4,0,7,8,2,8,6,4,9,9,6,9,1,0,7,7,2,3,5,3,8,8,7,3,4,5,1,2,2,8,7,2,9,6,6,8,8,6,7,6,2,3,0,8,0,2,1,7,6,4,1,4,6,1,9,7,0,6,9,2,6,3,8,3,0,4,2,3,7,0,7,3,6,8,5,5,0,8,8,4,2,4,0,7,8,5,6,9,6,4,8,9,0,5,3,8,7,7,2,7,3,0,3,1,5,3,7,5,1,2,4,2,3,3,2,9,7,2,6,4,8,3,9,3,3,4,4,9,2,0,2,2,8,7,8,9,3,8,3,7,1,6,4,0,7,9,9,4,1,9,9,3,4,9,1,9,0,0,3,1,1,5,4,1,0,9];[0,1,9,12,3,9,1,0,7,1,9,10,13,7,12,5,6,6,14,9,14,12,9,12,9,5,12,5,0,7,13,3,12,7,4,9,13,9,1,7,11,4,8,14,14,9,10,4,0,7,8,14,4,2,13,8,7,6,11,3,2,7,6,6,7,7,5,8,0,10,5,10,7,8,14,11,0,7,14,10,1,12,7,11,6,2,13,4,11,2,5,5,1,6,13,10,10,11,6,7,0,1,3,10,8,4,3,7,9,14,13,14,8,10,10,10,9,6,5,12,0,8,10,0,14,3,10,9,8,5,9,2,5,5,10,4,5,8,1,9,12,10,5,11,8,6,6,12,11,8,12,3,7,5,13,7,10,2,5,4,12,9,4,4,11,2,13,4,5,10,5,3,10,8,13,3,2,4,12,5,4,11,7,4,4,11,1,10,10,12,0,8,2,12,3,6,10,3,0,13,10,3,6,12,10,10,1,2,6,9,0,1,9,12,9,9,9,8,0,13,3,0,14,1,7,4,5,12,0,11,2,9,12,0,13,9,4,4,6,13,11,3,12,10,14,7,12,7,11,6,5,10,7,12,11,12,3,8,6,2,12,14,14,8,0,7,1,8,14,0,3,14,3,13,12,10,10,6,0,7,7,13,6,7,13,8,3,8,11,9,2,1,7,14,1,6,13,4,2,8,4,1,9,11,2,1,14,2,10,9,6,14,6,12,2,3,6,2,3,8,3,14,3,13,3,5,11,7,7,3,12,6,7,11,9,9,0,12,9,4,3,9,9,4,6,11,0,3,12,13,0,1,3,14,7,13,6,10,3,10,0,8,14,11,4,1,2,0,5,11,1,5,10,13,10,7,1,1,5,12,6,9,13,10,11,13,5];[[0.4831103964860096,4.831103964860096,1.0],[0.9021829992468611,9.02182999246861,1.0],[0.5374571935128641,5.374571935128642,1.0],[0.8761340971511191,8.761340971511192,1.0],[0.573156942708234,5.7315694270823405,1.0],[0.994523847851402,9.945238478514021,1.0],[0.3574465703190305,3.574465703190305,1.0],[0.6617299629663892,6.617299629663892,1.0],[0.4882872262788658,4.882872262788657,1.0],[0.5726412824777106,5.726412824777106,1.0],[0.32388398325139345,3.2388398325139347,1.0],[0.8072354510963532,8.072354510963532,1.0],[0.8087324055796944,8.087324055796945,1.0],[0.660852452150834,6.60852452150834,1.0],[0.5802577271631468,5.802577271631469,1.0]]
3_DPpaulli_15_workers.fjs;6377.674404384256;753660;[249,520,946,1022,1081,1173,1521,1608,1665,1777,2017,2606,2637,2733,2761,0,81,101,213,300,471,846,1002,1127,1172,1562,1648,1744,1862,2039,2140,2429,2515,2595,2925,151,209,262,296,406,513,569,676,1015,1173,1319,1336,1447,1650,1735,1863,1932,1972,2026,2085,2155,2442,2733,0,294,464,504,594,777,981,1022,1088,1176,1241,1608,1650,1842,2453,2637,2710,2802,0,87,439,847,939,1097,1157,1250,1316,1371,1507,1767,1874,1947,2506,2595,2710,2744,2775,2793,2885,151,277,392,471,1521,1802,1972,2133,2178,2428,2618,2692,2841,2893,2925,16,75,151,249,764,836,847,981,1085,1176,1241,1735,1861,2026,2327,2543,2659,148,233,301,340,406,549,729,913,978,1038,1462,1615,1744,1846,1990,2017,2079,2175,2359,2398,2446,2565,2664,2790,2844,0,136,340,382,464,551,569,631,1088,1319,1385,1478,1629,1693,1842,1883,1938,2360,2452,2705,2761,2844,2875,406,506,591,634,844,913,1055,1151,1247,1305,1595,1665,2207,2451,2539,2608,2733,2790,2866,0,61,262,693,777,1022,1067,1374,1462,1541,1653,1691,2026,2227,2287,2342,2436,2468,2849,627,707,773,790,851,1104,1338,1385,1418,1428,1506,1519,1629,1666,1758,1813,2327,2515,2602,2659,2726,136,301,392,569,640,746,917,1015,1097,1874,2140,2360,2431,2530,2618,2676,0,55,718,1075,1188,1417,1486,1693,2107,2288,2360,2411,2543,2778,2849,2875,75,101,233,316,520,549,634,648,738,783,892,981,1055,1196,1227,1408,1673,1735,1791,2093,2157,2236,2383,2442,2452,0,60,136,244,412,499,803,1016,1227,1475,1507,1758,1846,1900,1938,2031,2910,0,136,209,277,315,388,532,594,1137,1337,1408,1562,1685,1846,1900,2085,2287,2398,2572,2606,2793,81,199,249,634,723,864,939,1250,1349,1417,1549,1625,1900,1997,2031,2250,2342,79,213,436,513,586,605,648,783,867,892,959,978,1147,1200,1284,1350,1777,2092,2236,2327,2595,2947,2958,959,1167,1200,1305,1417,1519,1622,1707,1767,1883,1940,2031,2106,2175,2372,2726];[7,9,1,3,0,9,6,6,5,5,6,7,5,7,6,2,7,1,0,5,2,6,1,1,1,1,0,1,9,0,3,9,5,1,9,9,4,4,6,4,1,3,9,8,2,9,9,6,2,2,1,2,0,9,8,2,0,1,3,1,8,6,1,2,6,5,6,0,0,2,7,2,8,8,3,1,4,3,4,3,2,2,8,2,3,3,3,3,8,7,7,9,2,7,7,6,3,7,9,2,6,5,2,8,2,5,5,3,0,5,5,4,3,8,6,8,6,6,9,0,9,6,3,0,0,7,8,9,6,3,2,9,3,9,2,8,1,5,1,2,0,6,8,9,2,2,6,4,3,3,2,4,5,9,5,0,9,8,0,9,0,8,5,2,0,1,1,9,7,6,3,3,2,6,4,1,2,3,0,5,1,1,9,4,4,1,9,5,6,3,9,6,2,5,8,8,8,6,3,2,1,6,8,2,7,0,4,8,0,0,8,2,8,0,0,9,1,4,0,8,5,0,9,9,9,5,8,4,4,7,6,6,2,6,7,8,5,2,1,9,3,8,8,2,3,3,0,1,7,3,4,8,1,9,7,9,7,8,0,7,5,3,8,9,8,0,2,1,3,7,3,8,2,4,2,7,9,5,0,4,7,4,6,5,1,3,7,1,9,4,0,2,6,6,5,2,5,7,8,7,9,4,3,4,4,0,4,6,3,6,0,8,9,5,4,7,5,6,9,5,1,2,6,4,3,9,0,4,7,0,7,1,2,0,5,6,2,7,8,6,4,3,9,9,3,1,2,7,9,1,1,5,2,2,2,9,5,3,5,1,7,7,6,2,9,7,6,4,5,2,5,7,3,5,5,6,9,8,5,8,5,5,5,6,8,6,9];[12,13,3,8,3,13,4,3,12,14,5,11,12,7,13,6,9,13,3,0,13,14,1,10,0,7,4,9,12,6,14,9,12,7,11,4,5,2,9,6,8,9,9,3,4,5,2,10,13,1,14,3,12,2,10,6,7,12,4,10,10,6,4,9,8,12,14,10,9,14,5,5,14,11,8,4,7,8,11,8,11,13,8,7,6,9,0,0,11,10,1,12,9,7,2,10,10,2,6,12,4,10,10,3,11,9,8,2,10,4,13,4,4,10,12,11,5,7,7,9,9,11,10,12,3,14,11,14,4,7,8,2,6,8,7,3,6,6,7,3,12,11,2,2,9,1,13,12,13,6,5,5,11,1,14,10,11,13,7,3,12,8,11,12,7,9,8,14,10,13,9,9,2,6,1,8,0,0,1,10,4,11,0,2,6,3,12,0,10,4,4,6,8,4,9,7,12,11,5,7,12,11,0,2,12,5,9,5,4,5,1,4,3,10,11,3,14,10,4,2,6,0,1,13,11,1,6,7,3,5,1,2,8,6,9,14,0,8,7,13,11,3,12,13,5,7,1,8,5,13,10,3,1,14,11,4,12,4,5,6,8,8,14,5,0,7,0,6,0,4,14,4,9,11,13,12,1,1,8,5,1,11,13,0,7,13,7,5,11,13,7,12,11,8,3,1,6,1,2,13,6,2,6,14,2,11,12,8,8,6,0,14,6,1,5,10,0,14,4,8,6,9,9,9,8,4,0,3,10,0,2,6,14,4,1,2,3,13,8,4,3,13,6,4,13,1,9,6,12,10,3,12,2,3,2,8,4,9,9,1,12,14,4,11,8,3,11,5,3,13,13,4,3,12,11,14,1,2,10,13,10,6,13,13,7,10,3];[[0.34661995661142697,3.4661995661142697,1.0],[0.2286410960833074,2.286410960833074,1.0],[0.012392470279078194,0.12392470279078194,1.0],[0.9308270259025113,9.308270259025113,1.0],[0.3225145761620236,3.225145761620236,1.0],[0.0006954578022455582,0.006954578022455582,1.0],[0.2097170717940725,2.097170717940725,1.0],[0.5179602272351016,5.179602272351016,1.0],[0.7628222106217201,7.6282221062172,1.0],[0.3089717897377221,3.089717897377221,1.0],[0.15113122452813788,1.5113122452813788,1.0],[0.07045772229012492,0.7045772229012492,1.0],[0.8725064026541692,8.725064026541693,1.0],[0.3074981421409557,3.074981421409557,1.0],[0.272859759997538,2.7285975999753798,1.0]]
3_DPpaulli_15_workers.fjs;5944.861084487461;1231872;[331,907,966,1178,1440,1525,1760,1841,2177,2218,2300,2372,2402,2500,2592,60,228,281,498,591,738,785,966,1090,1143,1223,1480,1762,1895,1931,2274,2443,2480,2563,2636,60,313,369,406,551,584,638,736,1017,1135,1384,1445,1621,1697,1768,1845,2077,2124,2203,2261,2348,2469,2682,0,16,247,465,583,646,733,771,854,978,1041,1135,1180,1307,1925,2124,2186,2751,0,201,452,543,680,922,983,1071,1135,1217,1305,1344,1525,1589,2048,2291,2324,2496,2590,2609,2701,124,467,823,907,979,1157,1195,1290,1344,1478,1683,1816,1907,1984,2337,267,418,494,584,669,831,840,1621,1676,1747,1825,2165,2249,2323,2400,2495,2629,136,178,274,308,475,591,655,838,955,993,1079,1445,1480,1545,1717,1859,1921,1989,2082,2162,2203,2282,2447,2529,2716,245,347,418,534,606,651,669,866,976,1007,1041,1141,1257,1404,1564,1709,1898,1954,2096,2311,2437,2562,2609,70,171,201,263,400,617,771,881,907,1370,1442,1697,1825,1895,1989,2077,2224,2277,2716,80,178,308,418,503,738,890,1211,1307,1340,1432,1709,1867,1991,2086,2105,2292,2522,2667,188,335,541,583,671,753,890,940,1079,1090,1205,1217,1338,1364,1676,1859,2048,2393,2447,2574,2629,0,89,178,217,274,349,450,667,808,865,1606,1867,1931,2128,2362,2402,89,288,359,822,838,849,922,978,1311,1488,1676,2274,2349,2451,2544,2674,0,349,638,667,791,993,1127,1164,1212,1257,1375,1453,1545,1641,1676,1731,1751,1794,1825,1898,1931,2102,2128,2274,2692,0,60,228,308,630,791,957,1137,1327,1384,1661,1987,2249,2536,2566,2654,2733,96,166,233,785,808,1134,1305,1370,1641,1694,1762,2039,2166,2224,2282,2318,2390,2480,2500,2536,2719,0,283,655,712,840,1047,1157,1223,1358,1564,1768,1885,2003,2284,2529,2574,2667,0,166,264,534,551,573,736,795,872,890,955,1302,1375,1452,1557,1794,1954,2039,2082,2309,2383,2427,2667,450,569,1567,1661,1721,1769,1867,1954,1991,2121,2337,2433,2522,2590,2654,2716];[3,9,1,7,7,2,0,6,5,5,0,0,7,4,5,4,4,4,9,7,2,1,9,2,9,0,6,5,4,2,9,2,9,1,1,2,9,9,9,1,1,5,6,2,6,9,9,1,2,9,9,0,4,3,3,2,2,1,0,6,8,0,9,2,3,7,3,0,6,3,4,6,1,0,9,1,1,3,6,6,0,7,7,8,8,9,3,7,7,7,7,4,2,7,3,6,6,2,1,2,6,1,2,2,2,3,5,8,1,9,7,4,3,5,7,8,9,7,8,0,9,6,3,0,7,6,5,2,4,3,8,6,5,5,6,6,1,5,5,9,6,9,4,1,2,5,8,2,3,1,6,6,6,7,5,2,0,4,3,9,8,1,4,9,0,1,6,1,3,7,6,7,3,7,8,5,3,5,3,5,2,1,0,3,9,2,9,5,1,4,8,3,5,2,8,4,0,0,0,2,8,1,8,4,8,1,6,0,8,6,9,9,7,0,2,2,1,9,2,7,9,4,6,2,5,9,8,5,5,0,5,3,6,5,4,5,7,8,7,6,7,8,4,4,6,6,2,7,4,8,7,0,6,9,6,5,0,0,0,2,2,1,6,4,9,0,2,4,3,7,1,1,5,4,1,6,6,5,8,0,9,6,3,4,3,4,8,1,0,8,2,2,3,2,3,9,6,4,2,3,0,4,2,4,0,0,5,9,0,5,1,4,2,0,4,7,9,0,9,5,1,9,6,8,1,5,3,4,5,8,2,9,8,1,5,7,1,7,1,6,2,2,3,4,2,4,2,8,5,1,1,1,2,0,8,9,8,5,4,4,3,8,1,3,9,2,6,4,4,8,9,7,2,4,8,6,7,0,6,5,7,1,1,3,7,7,9];[7,10,12,7,4,3,5,8,13,6,8,7,3,1,3,5,9,8,14,4,11,8,14,0,9,2,9,9,0,7,7,14,11,4,7,4,1,11,1,2,3,5,6,4,14,12,3,2,8,12,7,13,11,7,11,6,5,12,14,9,11,11,7,9,9,14,5,11,8,12,14,0,13,3,5,3,0,1,6,4,14,8,5,5,8,6,11,8,5,10,6,13,10,14,1,10,0,0,13,10,4,2,5,4,2,1,7,7,2,8,9,4,9,14,12,11,2,7,6,12,1,11,10,10,1,2,14,5,12,8,10,12,5,8,12,3,14,13,9,11,5,11,0,13,5,12,0,14,14,14,14,6,0,1,8,14,11,13,14,8,6,14,6,14,10,2,8,6,3,14,2,1,12,0,12,2,0,7,12,3,10,5,7,9,9,3,0,2,5,11,4,14,5,12,3,5,9,14,12,0,9,13,2,11,4,3,3,10,14,6,7,7,4,10,13,0,4,8,6,3,10,12,6,9,13,10,13,13,5,14,6,3,1,0,14,3,11,14,6,13,3,3,7,0,11,9,6,3,11,4,14,7,11,6,12,3,8,8,1,12,6,2,11,5,12,7,5,1,9,13,3,11,12,6,2,1,12,5,1,14,11,9,12,9,13,10,1,11,3,2,8,10,9,5,12,5,11,12,5,10,3,14,4,3,5,4,3,5,14,4,10,5,2,11,1,5,12,9,1,6,7,9,12,13,12,5,11,2,2,12,7,4,0,0,5,3,12,10,9,11,1,6,14,2,10,6,11,6,6,7,14,7,3,9,4,2,12,7,7,10,7,13,12,1,8,8,0,9,0,5,11,3,7,8,8,11,14,1,6,10,6,9,10,7,9,5,11];[[0.8559393885152179,8.55939388515218,1.0],[0.8004839408308784,8.004839408308783,1.0],[0.5938433496209707,5.938433496209708,1.0],[0.8870093324131678,8.870093324131679,1.0],[0.741558169706834,7.4155816970683395,1.0],[0.8097670389513107,8.097670389513107,1.0],[0.2247324103169328,2.247324103169328,1.0],[0.9761818800633866,9.761818800633865,1.0],[0.6339038774096737,6.339038774096737,1.0],[0.5580285642552777,5.580285642552777,1.0],[0.4463526500656817,4.463526500656817,1.0],[0.28336462923826333,2.8336462923826335,1.0],[0.9019880415639555,9.019880415639555,1.0],[0.03268507148422006,0.32685071484220063,1.0],[0.4362825217209084,4.3628252172090844,1.0]]
3_DPpaulli_15_workers.fjs;6137.160526578142;697380;[375,437,763,1321,1479,1575,1775,1866,2027,2146,2269,2348,2440,2597,2833,32,139,165,243,300,392,715,773,821,1005,1087,1185,1265,1354,1595,1768,1856,2439,2525,2598,39,101,376,475,680,758,864,1354,1419,1479,1651,1840,1934,2002,2080,2191,2259,2304,2355,2409,2480,2583,2785,161,364,485,768,1178,1231,1436,1473,1536,1643,1717,1819,1932,1967,2062,2153,2191,2598,69,349,580,673,719,747,810,900,984,1063,1265,1349,1584,1652,1732,1872,2027,2392,2540,2684,2807,63,185,215,306,774,1097,1717,2082,2112,2145,2237,2305,2392,2442,2732,153,281,338,442,509,580,603,808,1013,1067,1136,1349,1637,1768,1934,2390,2636,0,63,277,485,695,812,1332,1360,1545,1589,1679,1732,1770,1834,1853,1880,1967,2162,2355,2389,2479,2555,2600,2680,2732,0,74,160,203,392,441,460,517,607,722,1139,1231,1545,1589,1788,1872,1932,2142,2238,2322,2555,2776,2807,0,152,201,246,324,393,458,650,715,1166,1545,1613,1691,1844,2025,2226,2442,2600,2689,306,464,558,919,1005,1178,1241,1387,1880,1967,2176,2187,2377,2404,2525,2610,2701,2721,2804,0,101,229,246,614,680,1067,1109,1231,1241,1419,1554,1795,1939,2025,2070,2311,2404,2701,2779,2850,0,557,650,716,773,861,962,1077,1170,1318,1332,1430,1611,1888,2173,2680,0,64,139,641,754,872,971,1143,1430,1705,1827,1912,2094,2304,2382,2721,128,306,431,516,592,624,744,871,919,969,1051,1154,1265,1360,1397,1490,1742,1975,2052,2153,2181,2238,2421,2544,2600,342,393,555,680,719,829,969,1035,1505,1575,1807,2031,2130,2382,2583,2684,2762,0,160,242,277,300,464,810,969,1059,1354,1490,1545,1595,1651,1705,1840,1939,2033,2129,2259,2807,64,607,672,1224,1310,1436,1807,1844,2004,2130,2354,2442,2510,2597,2638,2683,2785,0,64,178,338,358,542,590,631,722,741,810,862,935,1040,1491,2021,2052,2129,2187,2633,2802,2843,2854,147,460,766,962,984,1051,1387,1451,1511,1700,2041,2230,2311,2473,2672,2785];[7,5,8,3,7,2,0,5,5,8,5,9,5,8,6,8,4,1,6,5,2,0,5,1,9,6,2,1,7,9,9,0,0,1,9,4,7,1,2,0,1,3,1,7,6,3,2,4,2,8,1,4,0,1,1,7,2,9,5,5,1,0,9,0,9,0,0,8,4,5,7,6,9,5,5,1,1,4,9,2,1,9,6,6,8,8,3,0,6,2,5,3,8,7,5,3,3,2,7,3,2,8,3,8,2,5,0,7,7,0,4,4,3,8,6,8,9,7,3,3,4,6,3,4,0,6,5,5,1,4,6,9,5,6,5,4,8,6,1,5,9,2,1,1,0,8,2,0,6,4,3,4,4,8,8,9,0,8,3,2,3,8,4,4,0,4,1,5,3,7,2,4,3,2,0,3,2,1,7,9,1,0,9,0,0,8,9,5,2,7,6,6,2,3,5,5,3,6,3,9,2,5,7,8,1,7,6,9,5,8,0,2,7,1,5,6,5,4,0,5,3,4,2,7,8,1,8,5,1,9,5,3,2,2,4,5,7,0,7,5,7,8,1,9,8,4,5,1,7,3,4,8,2,5,6,8,4,1,6,2,5,0,3,9,4,4,8,7,2,4,3,1,1,4,2,9,7,0,1,6,2,6,6,8,3,3,4,9,3,0,7,0,3,2,0,5,5,2,2,3,5,6,7,4,7,7,4,7,0,6,0,4,9,5,7,5,9,7,3,9,1,9,3,4,3,9,0,4,2,1,1,9,8,1,6,6,4,7,8,3,3,3,9,8,6,9,9,7,5,3,5,8,1,0,7,6,3,3,2,2,2,8,3,1,0,6,6,6,8,8,6,9,2,4,8,4,0,3,2,8,1,1,8,6,6,6,0];[12,1,2,9,11,2,5,11,5,3,11,8,1,9,13,11,1,4,14,1,10,6,12,5,13,8,7,14,13,14,13,0,2,4,2,10,8,11,2,10,1,9,0,8,10,6,13,11,0,8,4,2,13,6,13,7,6,6,10,7,10,7,5,9,12,9,9,2,10,8,5,3,10,4,0,14,0,5,2,5,7,8,0,8,0,4,7,3,1,4,4,9,10,4,2,4,10,2,11,3,10,13,9,11,2,5,14,14,3,1,9,2,3,11,4,11,7,6,4,2,8,8,10,12,7,1,7,12,0,13,1,2,9,1,4,3,5,4,8,1,1,6,6,14,8,5,2,13,2,0,5,3,2,3,10,7,1,12,2,5,6,11,11,11,1,12,8,5,3,3,4,0,9,14,10,4,3,3,12,11,0,13,0,14,11,10,9,6,11,6,12,7,6,6,5,13,8,1,4,7,12,9,11,4,10,13,8,5,14,14,12,9,9,14,9,12,4,0,8,10,9,3,6,1,8,7,12,4,8,3,6,1,7,10,5,2,4,5,1,4,11,3,1,0,8,12,6,0,3,2,6,3,1,6,13,6,3,12,6,6,14,9,3,4,4,4,7,6,3,3,14,12,8,12,14,10,10,11,7,2,13,2,9,0,7,10,4,13,12,3,11,12,7,2,3,13,4,5,12,10,14,10,11,9,11,13,5,11,7,0,0,9,6,6,12,10,6,5,5,14,6,3,4,9,8,4,9,9,9,10,4,9,14,11,0,5,7,10,1,2,11,9,8,3,0,1,1,7,9,14,10,11,11,4,7,0,0,9,8,13,9,3,5,12,9,7,8,6,12,12,6,5,13,3,12,8,2,11,5,12,14,14,1,0,13,11,1];[[0.5198238265685563,5.198238265685563,1.0],[0.9583988744400509,9.583988744400509,1.0],[0.3402956357666065,3.402956357666065,1.0],[0.7081849781179302,7.081849781179303,1.0],[0.9252189405445452,9.252189405445453,1.0],[0.05032666735654623,0.5032666735654623,1.0],[0.6613275461751585,6.613275461751585,1.0],[0.82711411373077,8.271141137307701,1.0],[0.8734961127808921,8.734961127808921,1.0],[0.5913019030238962,5.913019030238962,1.0],[0.11264722490163037,1.1264722490163037,1.0],[0.34477784983246407,3.4477784983246407,1.0],[0.011377599382669468,0.11377599382669468,1.0],[0.7909742881977946,7.909742881977946,1.0],[0.3277964015146908,3.277964015146908,1.0]]
3_DPpaulli_15_workers.fjs;6353.04820113861;371532;[83,147,353,596,728,849,886,1454,1633,2093,2264,2336,2432,2570,2681,93,338,568,719,791,890,934,994,1124,1271,1343,1442,1529,1659,2098,2200,2382,2424,2797,2884,57,174,317,360,475,652,812,994,1126,1284,1314,1410,1456,1613,2004,2311,2382,2435,2656,2727,2816,2902,2928,0,140,326,363,469,514,614,655,717,1343,1920,2004,2048,2174,2254,2643,2681,2763,50,183,378,520,569,799,885,988,1051,1112,1204,1243,1341,1487,1729,2095,2118,2292,2415,2687,2788,262,353,369,647,708,1112,1522,1637,1835,1920,2083,2432,2529,2836,2924,32,269,425,647,719,864,885,915,1230,1331,1775,2008,2098,2221,2292,2529,2681,64,98,174,225,386,1139,1180,1197,1224,1266,1354,1466,1562,1627,1697,1724,1799,1859,1920,1953,2643,2735,2775,2863,2913,0,64,300,386,469,512,852,915,1043,1059,1093,1314,1412,1456,1538,1577,1859,1920,1949,2005,2155,2607,2775,174,369,751,791,1059,1218,1621,1714,1865,2054,2155,2200,2220,2292,2381,2437,2635,2687,2924,18,98,214,269,360,469,523,683,828,934,1180,1408,1620,1691,2011,2112,2519,2553,2635,0,78,244,323,569,755,799,846,879,890,1160,1224,1562,1736,1848,2043,2265,2522,2687,2803,2872,98,227,334,469,604,690,1522,1627,1722,1820,1953,2112,2233,2727,2816,2862,0,300,432,560,717,1197,1348,1569,1648,1804,1875,1920,2211,2454,2581,2607,459,506,551,655,1024,1060,1204,1393,1442,1487,1562,1637,1717,1804,1868,1944,1967,2011,2046,2187,2221,2405,2581,2793,2858,83,262,400,570,655,812,969,1053,1414,1761,1949,2048,2194,2305,2336,2415,2484,0,203,475,530,569,665,687,796,1005,1059,1126,1284,1336,1393,1875,2010,2358,2528,2798,2836,2907,217,346,512,1060,1185,1230,1708,1729,1827,1913,2030,2147,2484,2701,2750,2798,2897,0,135,217,300,326,344,386,570,646,1005,1185,1691,1801,1848,1868,2068,2095,2218,2570,2656,2686,2781,2902,0,225,240,469,529,560,731,792,974,1698,2011,2098,2277,2358,2519,2701];[3,9,0,0,6,2,5,9,5,7,6,9,5,2,0,8,3,4,0,5,7,1,9,9,0,3,2,5,1,1,2,7,8,2,6,4,7,6,9,4,1,3,1,6,4,2,8,1,2,8,2,8,6,6,4,5,2,9,3,1,8,0,9,2,8,6,2,0,8,9,9,4,0,0,9,8,2,9,4,5,0,9,4,0,8,2,3,1,1,7,7,4,2,7,6,2,6,1,7,3,2,1,3,2,1,4,0,6,7,4,7,4,8,8,1,9,9,6,3,0,4,8,3,0,0,9,5,3,5,5,7,4,7,5,5,3,8,9,6,8,0,9,6,1,4,8,6,3,3,4,3,1,4,0,8,9,5,8,0,9,9,2,7,9,0,4,1,3,3,3,8,4,2,5,0,5,3,3,7,5,1,7,2,8,9,4,5,6,1,7,8,4,2,1,8,5,0,6,3,0,1,7,8,4,6,7,5,0,5,0,2,8,8,1,2,2,1,9,2,5,0,7,7,7,8,1,8,4,9,7,6,2,2,1,0,7,5,2,4,3,3,7,8,9,6,9,7,4,4,5,4,0,4,9,6,6,6,0,9,7,6,2,3,6,8,3,2,4,3,4,4,8,2,1,2,2,7,4,1,7,2,4,0,5,1,6,7,9,3,7,7,0,3,0,3,7,3,7,2,8,2,9,8,4,3,8,4,6,9,1,1,8,2,9,1,5,5,0,7,4,7,9,2,6,2,4,3,7,7,8,1,2,5,8,5,6,7,7,1,1,7,2,3,9,3,7,9,7,5,2,5,6,1,9,2,6,5,3,4,2,7,0,5,8,9,6,6,7,7,0,5,9,6,4,8,6,9,8,4,5,8,1,5,3,0,0,0];[12,2,12,7,14,7,9,3,6,14,14,11,14,11,13,5,3,3,6,12,13,12,2,11,13,8,7,9,9,5,4,6,2,8,1,10,8,14,7,10,8,8,5,7,12,7,10,9,0,6,6,2,3,2,8,13,8,1,12,1,11,9,4,9,9,13,8,10,8,12,4,13,2,8,11,13,13,5,11,14,8,9,1,13,0,1,11,6,5,2,4,8,9,1,1,4,4,11,14,1,1,2,3,4,5,12,3,2,12,13,3,2,1,5,14,6,0,0,0,4,8,9,10,13,1,7,10,14,8,7,14,14,9,3,4,3,5,14,3,13,12,11,11,14,7,5,8,2,4,5,0,0,11,0,10,9,9,6,6,4,2,0,7,13,6,12,8,1,3,8,5,9,1,8,2,0,7,2,5,11,13,11,4,4,3,4,8,10,5,8,7,0,0,1,9,6,12,7,11,1,10,9,5,9,10,6,10,14,14,0,7,8,3,5,9,8,2,14,6,4,5,0,14,4,8,2,10,1,13,9,5,3,7,3,12,0,11,6,4,2,0,10,7,7,10,13,2,11,11,2,10,14,7,4,8,11,11,13,9,10,11,14,3,5,0,13,0,8,3,13,3,3,9,10,10,4,0,11,13,8,8,11,6,7,7,3,1,12,1,14,11,14,7,8,12,12,11,9,2,14,3,5,9,5,12,6,9,8,7,9,2,1,11,12,14,4,7,1,3,7,14,8,1,11,2,0,9,10,6,9,4,12,0,6,5,8,0,12,6,0,4,10,7,1,13,3,5,5,9,13,4,14,2,10,8,10,5,6,7,10,7,3,1,9,0,12,7,7,10,11,2,5,8,8,1,10,1,1,11,10,1,11,13,4,10,2,1];[[0.18019241848515155,1.8019241848515155,1.0],[0.48736227300275514,4.873622730027551,1.0],[0.07759170039841756,0.7759170039841756,1.0],[0.5225667244081349,5.2256672440813485,1.0],[0.9196433340252647,9.196433340252646,1.0],[0.8762509611803474,8.762509611803473,1.0],[0.5029695910906639,5.029695910906638,1.0],[0.8160267976375112,8.160267976375112,1.0],[0.8059112000327816,8.059112000327817,1.0],[0.2140591090540045,2.140591090540045,1.0],[0.08805821114486456,0.8805821114486456,1.0],[0.20329737064426556,2.0329737064426556,1.0],[0.5837360924329463,5.837360924329463,1.0],[0.6737333796339059,6.737333796339059,1.0],[0.1608013027204077,1.6080130272040771,1.0]]
3_DPpaulli_18_workers.fjs;6122.2560601046125;622344;[91,214,544,680,829,1089,1164,1465,1598,1761,1856,1933,2049,2454,2616,138,335,368,441,527,707,986,1144,1494,1554,1703,1767,1835,1913,1948,2061,2135,2264,2690,2823,214,280,455,498,585,628,786,951,1007,1058,1191,1723,1838,2146,2228,2307,2424,2473,2584,2641,2708,2791,2823,375,757,951,986,1082,1112,1196,1317,1371,1559,1663,2068,2114,2197,2290,2382,2542,2744,13,245,303,398,678,729,967,1143,1465,1527,1620,1703,1851,1987,2219,2502,2596,2628,2690,2714,2800,0,280,331,463,562,635,786,1620,1923,1977,2072,2137,2228,2473,2641,36,95,282,438,877,1037,1206,1323,1443,1651,1676,1723,1856,1965,2353,2510,2557,0,69,137,169,238,381,544,723,758,877,1144,1260,1499,1565,1838,2000,2072,2137,2299,2372,2422,2499,2556,2632,2714,0,36,449,502,623,700,723,786,1121,1257,1298,1710,1867,1915,2149,2197,2264,2320,2419,2473,2525,2641,2739,236,280,420,481,603,678,772,1024,1068,1144,1423,1503,1580,1752,1944,2542,2678,2732,2823,110,335,441,566,683,926,1125,1383,1473,1580,1651,1710,1761,2154,2379,2400,2482,2612,2813,0,50,110,135,303,421,492,622,729,885,969,986,1754,1948,2029,2066,2112,2288,2525,2688,2791,0,157,253,301,364,440,563,749,1378,1473,1622,1993,2203,2272,2357,2396,0,108,150,316,432,492,579,683,820,1112,1487,1532,1664,1906,2272,2454,0,137,184,638,708,738,829,851,907,951,1244,1371,1443,1545,1579,1793,1818,1993,2068,2114,2333,2395,2424,2732,2800,50,199,414,585,642,885,1058,1180,1249,1295,1382,1621,1835,1987,2149,2255,2422,0,297,466,746,804,919,969,1058,1144,1180,1323,1378,1432,1487,1589,1754,1913,2040,2165,2203,2494,194,236,272,635,707,851,936,993,1077,1196,1249,2218,2332,2473,2510,2675,2784,0,108,297,398,603,919,1078,1121,1241,1260,1323,1532,1559,1598,1676,1790,1812,1896,1987,2357,2510,2577,2688,56,260,357,505,746,907,993,1180,1244,1285,1344,1432,1511,1783,1913,2813];[8,1,0,3,7,0,6,0,9,8,5,7,8,4,6,9,4,1,6,7,5,9,5,8,0,0,0,6,9,9,4,2,1,2,6,9,4,4,6,0,1,4,6,6,9,9,2,4,9,8,6,6,3,1,3,5,6,9,3,6,9,4,2,2,4,4,0,3,4,9,7,4,0,8,9,4,2,1,9,7,7,4,8,7,7,2,3,3,8,2,0,8,7,7,7,3,1,7,8,2,9,5,3,9,2,8,0,3,0,3,4,2,8,5,3,8,9,9,7,7,4,6,2,7,0,7,8,2,6,3,6,4,5,6,5,4,8,1,8,1,0,4,4,1,4,2,3,2,6,5,9,4,4,8,8,1,0,8,6,8,9,8,7,6,8,1,1,1,4,5,7,8,3,1,0,1,0,8,2,9,5,7,0,0,0,1,6,5,1,7,4,4,8,4,9,2,3,0,1,2,1,1,8,8,6,6,5,8,5,6,0,9,8,0,7,9,3,4,0,1,2,4,0,2,5,3,7,6,5,5,5,6,9,1,0,5,5,2,7,6,8,7,4,2,1,8,1,8,2,3,1,7,4,9,8,2,0,1,8,2,6,4,3,0,9,0,2,7,2,6,7,8,7,7,2,2,6,0,4,4,9,5,8,3,3,3,7,9,9,5,8,4,3,9,0,5,6,4,1,8,3,2,0,7,0,0,1,8,5,0,0,8,2,0,1,3,5,6,3,0,1,9,3,5,4,9,3,7,2,1,7,1,4,3,5,6,0,7,2,3,2,7,9,4,2,5,1,8,6,1,5,9,1,7,7,9,0,1,2,3,9,1,6,1,2,2,6,3,4,7,8,4,0,4,2,3,2,1,5,3,5,3,1,6,6,6,0];[4,1,5,2,13,3,14,4,2,11,5,8,2,9,12,1,10,1,9,14,8,13,2,14,12,0,6,7,13,4,14,5,0,12,8,7,9,10,12,4,14,2,7,5,3,12,11,9,12,12,11,1,1,11,0,7,1,2,7,3,0,1,0,11,5,0,7,10,4,1,3,10,7,1,10,5,14,6,0,2,10,14,14,13,7,5,5,9,2,12,7,6,14,8,11,14,3,5,8,5,12,9,6,12,14,14,3,9,14,8,9,11,3,13,11,14,1,8,0,13,8,2,6,14,14,1,9,9,1,1,7,12,2,3,6,0,11,5,12,9,0,8,14,8,5,4,9,3,14,4,4,3,7,8,4,12,6,2,13,3,10,7,14,6,5,1,6,9,2,6,4,13,3,12,12,9,4,4,12,3,11,0,13,11,2,8,12,0,12,1,8,0,4,13,2,1,11,9,5,5,1,5,10,11,6,8,4,3,10,3,4,11,11,6,4,0,11,8,6,1,4,5,4,7,6,4,11,2,13,11,7,11,6,2,3,5,10,13,2,13,14,7,3,1,2,9,3,7,2,8,6,9,13,14,9,3,12,4,11,14,9,0,11,7,5,11,14,0,8,0,3,7,4,4,5,14,0,2,9,1,5,2,6,10,4,6,13,6,2,5,5,0,6,2,0,8,12,3,11,5,2,3,3,9,9,5,14,8,9,14,9,14,1,7,6,13,6,9,7,3,8,0,10,0,13,13,7,1,5,4,5,8,9,10,8,6,5,4,10,2,4,7,5,3,3,13,10,0,7,10,8,4,14,4,6,6,8,4,11,13,3,0,13,0,3,0,9,0,14,14,6,1,13,10,9,2,9,12,1,5,1,10,12,1,12,12,10];[[0.7773566427005639,7.7735664270056395,1.0],[0.6698255595592497,6.698255595592498,1.0],[0.09913960392481702,0.9913960392481702,1.0],[0.35297051119014544,3.529705111901454,1.0],[0.4679077429008419,4.679077429008419,1.0],[0.5346837414708775,5.346837414708775,1.0],[0.9783090609123973,9.783090609123974,1.0],[0.13031535015865903,1.3031535015865903,1.0],[0.6712434682302663,6.712434682302662,1.0],[0.36422941594737557,3.6422941594737557,1.0],[0.48883570716198577,4.888357071619858,1.0],[0.20301221073405373,2.0301221073405373,1.0],[0.6661983755713592,6.661983755713592,1.0],[0.2276630312069321,2.276630312069321,1.0],[0.4580640582967631,4.580640582967631,1.0]]
3_DPpaulli_18_workers.fjs;6374.617079219482;733716;[67,132,173,518,632,717,945,1023,1106,1156,1238,1309,1465,2220,2236,0,257,280,351,392,1005,1048,1238,1390,1543,1769,1907,1976,2053,2090,2324,2424,2474,2563,2933,249,307,351,390,792,842,897,961,1015,1077,1575,1868,1901,1977,2123,2197,2260,2305,2358,2457,2532,2640,2818,41,491,557,601,759,1086,1351,1566,1627,1722,1784,1868,1907,1938,1992,2077,2121,2804,0,309,374,518,565,611,756,1423,1583,1716,1815,1855,2147,2210,2394,2536,2643,2675,2715,2737,2835,47,105,685,907,945,1110,1390,1717,1743,1791,1887,2227,2599,2798,2933,131,186,401,491,853,1309,1325,1378,1507,1613,1669,1722,1807,1934,2105,2177,2727,34,67,136,173,239,436,537,565,748,792,909,1095,1433,1644,1684,1855,2142,2210,2345,2633,2679,2753,2794,2868,2926,0,105,181,402,571,639,685,756,1077,1097,1129,1263,1351,1594,1919,1968,2025,2271,2668,2730,2791,2878,2912,0,41,88,238,369,502,654,778,860,983,1086,1951,1978,2197,2305,2391,2505,2559,2865,122,304,397,459,537,809,965,1378,1492,1543,1613,1638,2025,2236,2295,2318,2404,2620,2880,0,186,333,452,837,1054,1158,1529,1566,1594,1667,1684,1776,2048,2123,2295,2461,2510,2557,2617,2776,406,554,644,787,1012,1119,1342,1455,1609,1699,1769,2077,2142,2414,2510,2835,307,369,436,730,819,840,920,1015,1171,1236,2037,2081,2135,2341,2427,2678,118,187,477,613,723,767,842,1048,1103,1156,1239,1313,1378,1455,1490,1543,1613,1739,1978,2318,2451,2532,2563,2737,2915,218,270,501,945,979,1062,1158,1312,1530,1575,1609,2053,2163,2357,2458,2730,2840,52,136,199,374,577,723,778,1313,1684,1721,1977,2231,2303,2366,2424,2461,2553,2646,2669,2753,2911,118,164,390,688,767,842,1054,1098,1530,1675,1721,1815,2255,2424,2458,2640,2783,76,140,239,482,502,557,585,668,909,1193,1675,1710,1807,1907,2013,2192,2526,2599,2728,2818,2878,2920,2937,0,67,554,754,1129,1366,1465,1669,1854,2090,2147,2231,2557,2675,2730,2849];[5,5,7,3,7,8,2,2,9,7,6,5,2,0,4,9,1,1,4,4,6,9,9,9,0,6,0,6,6,1,1,5,1,1,9,8,0,0,2,0,1,7,1,4,3,9,1,1,9,9,2,5,3,9,8,7,6,9,3,5,1,1,5,2,1,4,2,0,0,0,4,4,0,3,5,8,8,5,3,2,2,8,4,5,1,9,3,6,6,7,1,9,2,7,7,7,6,2,9,5,2,5,3,8,1,4,8,8,1,4,5,4,8,8,5,6,9,6,3,4,4,6,3,2,7,7,2,1,8,5,0,3,5,0,6,4,7,6,5,8,0,4,5,0,3,8,6,4,3,3,6,1,4,2,5,2,3,9,9,0,9,2,4,4,0,1,6,8,3,5,2,6,1,2,0,1,8,3,7,8,2,8,9,3,9,2,6,5,8,3,9,5,6,3,9,2,9,6,1,4,8,9,8,0,8,6,5,6,5,0,2,8,8,8,9,6,1,9,1,0,0,4,7,1,9,9,7,7,9,7,0,2,6,5,0,8,0,0,4,6,5,8,5,7,0,5,1,8,0,3,2,7,8,9,8,6,7,8,6,7,2,0,1,2,4,0,8,4,7,7,7,9,2,1,7,6,7,5,8,0,7,6,6,5,3,6,8,2,0,8,8,4,6,9,7,7,3,4,8,3,2,9,7,7,4,7,6,9,5,8,4,0,2,5,5,3,8,8,9,8,1,3,6,5,2,4,3,4,5,3,1,4,4,0,1,7,6,7,1,3,1,3,9,4,9,7,9,4,1,6,5,9,2,5,3,6,0,1,5,4,2,7,7,8,4,2,9,3,0,0,3,1,6,4,8,4,2,3,8,2,6,3,8,6,2,0,3];[9,8,1,12,11,11,4,5,5,11,2,3,4,14,11,4,11,12,9,12,14,1,11,0,11,1,11,6,0,9,10,13,3,4,5,2,6,12,14,5,12,0,11,9,6,9,3,4,0,3,1,14,1,11,14,7,2,7,3,1,1,5,5,10,12,4,0,13,5,14,8,1,11,2,12,14,6,14,6,5,0,2,14,12,6,3,0,2,0,3,9,8,11,6,1,2,0,12,1,0,10,12,14,2,8,4,11,6,7,5,5,12,3,11,9,3,5,5,9,8,3,2,9,6,13,7,0,6,3,1,5,1,6,13,11,6,5,4,13,6,9,14,6,10,1,2,13,13,7,12,10,13,10,11,13,7,0,3,3,1,10,7,13,3,1,12,4,9,9,12,7,11,3,4,12,8,3,7,14,6,9,11,13,8,10,2,9,0,3,4,10,3,3,1,2,13,12,13,1,0,9,8,6,9,10,7,8,12,5,0,0,12,1,9,12,12,12,10,8,6,11,5,6,6,1,10,11,7,1,14,5,10,4,6,3,7,7,6,4,2,10,0,6,0,13,14,10,11,8,11,2,2,11,3,10,2,1,4,1,11,13,1,12,7,1,2,4,2,11,3,11,0,8,11,2,2,8,4,13,8,10,10,11,8,7,10,2,6,13,14,10,1,2,10,10,14,10,3,7,2,1,9,8,5,6,11,0,9,11,11,11,13,1,10,8,14,6,0,13,9,9,12,9,5,6,0,12,12,10,6,8,4,8,8,12,0,3,4,7,2,6,12,8,4,5,4,0,4,14,10,3,2,12,10,11,2,9,6,8,10,7,14,13,4,11,14,0,8,1,9,4,11,1,7,10,9,11,9,4,9,10,5,2,1,11,8,6];[[0.7966509679599704,7.966509679599704,1.0],[0.05862623274803458,0.5862623274803458,1.0],[0.7602397739740907,7.602397739740907,1.0],[0.8627037401845356,8.627037401845355,1.0],[0.09127403464611428,0.9127403464611428,1.0],[0.9024924365975527,9.024924365975528,1.0],[0.7858960565941281,7.858960565941281,1.0],[0.40667966546103385,4.0667966546103385,1.0],[0.37447264465852026,3.7447264465852026,1.0],[0.6490262282913547,6.490262282913547,1.0],[0.40092466608569977,4.009246660856998,1.0],[0.5721109226277574,5.721109226277575,1.0],[0.6077930620255084,6.077930620255084,1.0],[0.05072389565884072,0.5072389565884072,1.0],[0.7370880093375713,7.370880093375714,1.0]]
3_DPpaulli_18_workers.fjs;6663.859464523752;415464;[0,108,848,1016,1287,1569,1645,1733,1806,1883,2128,2207,2286,2390,2511,226,341,363,614,738,982,1023,1133,1361,1575,1891,1959,2038,2115,2166,2354,2667,2947,3024,3089,0,87,140,243,363,443,498,556,614,757,790,1006,1062,1176,1383,1576,1718,1849,2166,2360,2556,2766,2934,60,499,556,592,681,711,828,927,1561,1657,1883,2235,2500,2536,2588,2668,2710,3044,0,181,243,406,456,499,828,1311,1393,1453,1555,1611,1977,2276,2360,2502,2739,2885,2925,2948,3038,144,225,681,866,934,1407,1559,1806,1963,2044,2268,2378,2536,2710,2795,84,684,738,891,963,1062,1254,1364,1699,1922,1999,2158,2235,2316,2503,2667,2942,0,108,240,590,659,733,768,1023,1054,1258,1349,1531,1575,1677,1698,1820,1876,1977,2084,2119,2269,2721,2766,2902,3024,63,99,180,614,790,828,849,909,1022,1440,1479,1599,1698,1998,2070,2130,2269,2327,2397,2449,2719,2847,3027,0,97,366,967,1075,1226,1294,1412,1931,1978,2070,2103,2193,2427,2511,2567,2797,2846,2999,0,406,499,893,1054,1119,1289,1465,1729,1770,1834,2067,2286,2327,2397,2641,2721,2927,3021,179,281,341,366,434,728,830,1004,1047,1146,1242,1576,1660,1750,1850,2103,2235,2792,2852,3073,3124,296,387,468,1119,1378,1461,1655,1825,1907,1963,1982,2158,2335,2707,2847,2894,135,341,366,711,1099,1225,1328,1638,1849,2119,2220,2421,2837,2952,3017,3089,44,97,204,226,392,590,665,869,1045,1118,1295,1400,1465,1542,1576,1731,1758,1832,1917,2130,2652,2707,2744,2925,2942,0,62,144,553,754,963,1000,1173,1479,1699,1756,1998,2301,2346,2423,2652,3043,0,140,511,556,672,756,777,927,1294,1328,1479,1531,1850,1949,2044,2207,2581,2870,2893,2934,2998,70,204,492,508,777,823,1004,1047,1176,1258,1449,1677,1758,2360,2449,2844,2934,0,451,786,869,1173,1225,1242,1287,1372,1398,1734,1815,1842,1891,1917,2042,2269,2385,2588,2668,2802,2885,3017,63,108,656,875,899,1133,1226,1407,1611,1655,1720,2284,2423,2501,2588,2795];[0,1,9,3,5,0,6,7,9,9,8,0,8,8,7,4,2,1,4,4,6,5,1,9,9,0,0,6,7,9,1,7,8,1,2,4,7,0,2,2,1,4,8,7,3,3,1,0,7,2,2,0,6,6,3,2,2,9,3,9,9,0,2,0,6,6,3,3,4,2,9,6,1,5,9,2,2,8,3,5,0,7,7,2,7,5,1,7,9,2,7,8,0,7,6,6,6,1,2,3,9,1,1,4,1,3,2,0,4,9,5,2,3,8,8,5,9,7,7,0,5,6,3,3,7,9,5,6,7,3,8,5,5,9,1,1,6,4,1,1,9,6,1,2,4,2,4,4,6,5,2,7,0,4,4,9,3,8,6,0,0,2,7,9,0,1,9,5,3,2,6,3,2,5,8,3,3,5,2,5,8,5,0,0,9,2,5,5,8,4,7,4,4,4,1,9,8,6,1,4,6,9,8,4,2,0,6,0,9,6,9,2,6,1,5,2,5,9,0,7,2,8,4,2,8,2,8,5,8,9,5,3,9,5,7,5,7,9,2,6,8,7,4,8,8,8,1,7,0,4,8,8,6,5,4,2,4,8,7,2,5,4,6,1,9,0,2,1,3,5,4,9,2,1,1,6,9,4,6,4,2,2,5,6,1,7,1,1,4,0,6,7,3,6,0,5,6,5,5,0,5,9,7,4,7,9,5,8,3,0,1,7,2,4,7,7,9,7,7,4,1,8,3,6,9,8,9,4,9,2,7,7,5,0,5,7,4,7,8,1,2,6,8,5,2,9,2,4,9,3,5,5,6,2,5,9,5,3,4,3,0,1,7,4,4,6,6,1,8,0,0,8,6,5,8,1,0,6,6,0,0,3,7,3,2,0,0];[8,1,12,8,5,14,2,10,11,10,7,1,13,10,13,13,2,14,14,12,1,13,5,6,2,14,14,6,8,4,0,1,7,12,9,1,6,4,10,5,14,4,14,12,6,11,11,5,5,8,7,12,1,0,12,12,2,0,13,13,1,8,0,4,6,4,11,9,4,8,2,8,11,14,11,14,9,4,12,8,7,3,4,14,14,9,9,14,4,0,9,3,4,12,1,6,8,9,11,8,12,0,2,3,8,1,4,4,4,1,8,11,2,12,2,1,3,10,12,7,14,3,9,8,2,2,14,12,10,12,12,8,0,14,3,3,6,14,7,13,0,6,5,10,0,6,10,12,3,9,10,7,4,7,8,14,0,4,4,10,2,8,2,0,7,0,5,5,13,1,5,5,3,1,12,1,0,0,13,13,7,13,13,2,4,2,12,0,5,9,10,0,4,9,14,9,6,13,14,7,9,4,0,6,4,7,7,3,7,1,8,10,5,11,11,12,8,10,1,0,7,8,14,7,6,7,4,13,5,4,0,13,6,7,1,6,6,4,5,0,10,11,3,5,8,3,0,5,7,1,11,6,13,1,10,11,7,2,1,8,3,10,11,0,12,2,2,13,7,9,6,6,12,11,7,0,0,14,9,3,2,5,10,7,11,8,1,4,0,13,8,3,14,13,7,6,3,5,5,10,0,13,8,6,12,3,4,8,4,6,3,10,2,5,13,1,1,14,13,4,0,10,11,9,11,7,9,2,5,8,3,5,5,8,11,10,5,4,12,11,4,4,0,9,8,3,0,13,5,10,13,6,4,6,9,10,2,1,2,13,14,2,5,3,11,2,1,9,1,1,4,1,10,9,3,13,10,1,13,12,1,1,8,11,11,8,2];[[0.5209484070219088,5.209484070219088,1.0],[0.42125020101147315,4.212502010114731,1.0],[0.22094517308324657,2.2094517308324657,1.0],[0.13033708391670573,1.3033708391670573,1.0],[0.48395776843282956,4.839577684328296,1.0],[0.6260889663051598,6.260889663051597,1.0],[0.6211218319323739,6.21121831932374,1.0],[0.707277595965894,7.07277595965894,1.0],[0.43539590023548325,4.3539590023548325,1.0],[0.04809800715767443,0.4809800715767443,1.0],[0.2254847064342842,2.254847064342842,1.0],[0.788548045160999,7.88548045160999,1.0],[0.42108890435006496,4.21088904350065,1.0],[0.5652029481252892,5.6520294812528915,1.0],[0.6764042610645917,6.764042610645918,1.0]]
3_DPpaulli_18_workers.fjs;6477.310075663645;632052;[0,128,255,418,488,1018,1060,1345,1405,1921,1999,2157,2439,2798,2863,0,80,183,303,375,729,904,1168,1390,1581,1645,1718,1797,1873,1924,2148,2523,2707,2918,2982,207,322,379,480,578,612,665,791,854,1152,1201,1545,1578,1797,1911,1977,2037,2083,2140,2341,2523,2886,2968,166,379,488,594,696,746,835,956,1018,1396,1744,1861,1999,2045,2096,2225,2329,2609,80,466,531,814,1198,1222,1298,1477,1646,1711,2045,2096,2187,2250,2367,2498,2730,2761,2833,2875,2968,45,149,177,251,305,375,418,864,891,1834,2071,2334,2684,2790,2839,0,61,115,392,687,762,854,887,1772,1895,2099,2148,2230,2272,2462,2593,2833,106,237,303,341,622,777,814,887,924,1243,1430,1489,1532,1920,2016,2302,2439,2499,2557,2593,2642,2716,2754,2886,2934,206,343,435,612,891,937,957,1067,1164,1186,1254,1462,1645,1838,1921,2037,2099,2557,2640,2702,2761,2846,2964,0,141,207,392,729,796,861,1060,1090,1132,1163,1362,1821,1951,2143,2641,2737,2786,2918,0,57,341,694,885,977,1016,1345,1646,1685,1831,2083,2408,2422,2480,2498,2640,2846,2992,61,163,227,464,529,709,796,835,875,969,1186,1489,1600,1688,1767,1798,1907,2431,2684,2880,2938,188,417,865,904,1132,1232,1317,1396,1718,1777,2204,2302,2641,2713,2888,2936,150,245,512,864,1115,1168,1232,1670,2367,2431,2572,2618,2638,2798,2938,3011,149,278,322,436,665,922,1013,1056,1115,1163,1267,1345,1408,1781,1873,1928,1957,2366,2523,2609,2647,2745,2768,2817,2880,80,163,693,753,836,1028,1101,1198,1254,1405,1446,1548,1654,1744,1772,2186,2596,0,115,268,590,619,696,922,977,1056,1090,1282,1489,1538,1967,2187,2263,2336,2431,2754,2870,2968,115,242,611,665,796,951,1028,1110,1202,1267,1315,1581,1654,1744,2422,2499,2839,61,159,293,525,574,590,611,650,740,760,833,1056,1317,1449,1861,1924,1967,2045,2250,2329,2415,2592,2817,0,45,72,253,546,753,1046,1408,1977,2302,2356,2439,2519,2586,2647,2801];[7,1,0,3,0,0,2,2,0,9,5,3,0,2,5,8,9,0,6,8,5,3,1,9,1,0,2,5,0,1,2,0,2,1,3,2,9,6,8,4,1,7,1,6,0,3,1,4,2,0,2,9,0,6,0,7,2,9,9,9,1,6,5,0,3,6,6,1,8,3,9,4,9,4,9,8,8,5,9,5,9,7,9,0,9,7,3,4,8,7,1,8,0,7,2,7,6,3,9,5,1,8,4,4,2,5,8,5,7,4,4,4,1,5,2,5,6,6,1,4,4,6,2,7,0,0,7,3,8,3,6,5,3,9,5,6,8,9,5,5,9,6,6,1,2,5,6,3,6,3,9,1,4,4,4,0,1,4,2,2,8,1,2,4,0,1,1,9,4,2,3,6,7,7,0,7,5,0,0,8,2,7,2,0,5,3,5,6,8,6,6,5,0,4,5,2,9,6,5,4,1,5,8,5,4,5,4,8,9,6,8,9,6,0,0,2,3,3,2,1,0,3,4,4,9,2,7,6,1,9,9,3,2,5,9,5,7,6,9,6,3,8,1,3,0,0,5,8,2,3,8,0,4,9,6,5,4,8,9,7,2,3,1,4,4,3,9,1,3,9,7,9,1,7,2,9,6,5,2,4,7,6,5,5,3,4,8,9,9,5,6,2,6,0,6,9,1,9,1,8,0,6,2,4,0,7,4,1,3,5,4,5,2,2,5,1,5,4,3,0,7,2,2,8,4,4,3,4,9,3,7,4,4,0,3,7,1,7,9,2,3,6,7,8,6,9,5,1,1,1,1,2,2,0,7,8,3,8,8,4,8,0,1,8,4,6,9,1,7,8,6,2,2,7,8,2,9,7,4,0,5,5,1,4,2,8,9];[9,1,6,1,2,2,3,5,1,2,2,1,7,8,4,0,5,0,2,6,6,12,5,9,11,5,7,7,14,8,0,10,10,6,13,13,8,9,6,11,8,0,5,12,8,1,5,0,9,14,10,11,2,13,14,7,12,1,7,13,1,13,5,7,14,2,8,6,8,10,11,10,6,0,8,9,3,14,10,8,6,6,6,8,0,0,4,4,10,3,9,6,4,2,13,11,14,6,8,4,12,13,1,4,8,4,4,0,10,0,3,12,7,14,2,0,13,5,5,3,4,2,8,11,6,14,1,4,3,8,3,1,11,7,14,6,0,6,7,4,6,10,6,8,9,8,2,10,3,5,2,12,5,9,6,2,6,5,8,10,7,14,9,8,9,7,2,13,3,1,10,6,3,14,14,6,10,2,10,2,12,12,1,2,2,6,6,10,12,5,4,3,11,9,7,0,13,13,12,14,1,10,7,2,1,11,2,11,5,10,12,14,12,14,8,12,12,14,5,1,9,12,4,0,11,9,11,9,1,14,14,10,6,13,7,8,7,3,11,13,0,14,14,8,3,11,9,0,8,8,4,3,13,9,4,1,8,2,12,8,0,13,14,12,13,11,7,9,12,4,9,7,4,4,9,13,7,13,2,10,12,12,7,7,1,4,9,6,9,13,0,8,2,0,3,1,3,0,12,5,4,4,11,13,7,6,13,10,8,0,3,4,13,7,3,2,9,13,9,12,0,12,2,3,4,7,13,12,3,1,2,14,8,14,8,13,1,4,4,11,10,4,8,13,5,14,12,0,1,9,10,8,9,8,4,9,11,9,6,10,8,10,12,4,7,9,10,4,4,6,4,6,8,11,10,3,2,1,3,6,12,7,0,3,11,2,2];[[0.49734142093980327,4.973414209398033,1.0],[0.35999045686025677,3.5999045686025677,1.0],[0.7220617567237175,7.220617567237175,1.0],[0.44672126724761885,4.4672126724761885,1.0],[0.4533596515962979,4.533596515962978,1.0],[0.025925678678183073,0.25925678678183073,1.0],[0.33490089376309407,3.3490089376309404,1.0],[0.4755440242737675,4.755440242737675,1.0],[0.45132356511490823,4.513235651149082,1.0],[0.08788974506102976,0.8788974506102976,1.0],[0.29509671683068217,2.9509671683068217,1.0],[0.33863234208051063,3.3863234208051063,1.0],[0.9020959027552419,9.020959027552419,1.0],[0.7173473735926632,7.173473735926632,1.0],[0.8986159167700656,8.986159167700656,1.0]]
3_DPpaulli_18_workers.fjs;5556.622663315557;1231128;[101,223,449,528,902,1053,1185,1345,1412,1577,1693,1910,2176,2493,2515,128,216,341,708,793,903,1103,1160,1254,1338,1563,1710,1825,1924,1969,2141,2209,2239,2320,2455,40,181,351,461,578,608,661,719,955,1099,1160,1186,1254,1339,1464,1672,1739,1784,1845,2069,2239,2391,2532,0,220,302,355,654,1012,1100,1200,1254,1397,1464,1779,2061,2223,2288,2408,2450,2561,0,129,361,449,874,949,1012,1113,1238,1307,1397,1450,1536,1775,1905,1969,2029,2136,2387,2443,2533,77,188,238,317,351,418,1185,1276,1359,1858,2058,2197,2391,2458,2494,34,99,261,467,902,1271,1527,1563,1616,1672,2093,2141,2284,2326,2419,2455,2505,0,58,139,216,361,550,719,749,813,911,998,1074,1113,1176,1200,1238,1412,1716,1940,2009,2120,2339,2379,2470,2533,0,34,99,142,220,261,519,583,675,694,875,967,1052,1113,1185,1296,1360,1468,1698,1853,2120,2296,2386,0,41,90,153,317,442,518,737,767,874,973,1209,1464,1556,1652,1716,1947,2120,2320,162,216,309,498,687,745,785,875,955,1126,1332,1345,1412,1499,1562,1581,2061,2089,2288,275,361,499,630,728,793,835,874,991,1107,1234,1340,1708,1874,2046,2078,2209,2265,2333,2387,2458,16,320,498,542,612,793,960,1040,1302,1411,1784,1895,1963,2029,2120,2536,0,176,284,423,519,581,649,743,785,1003,1136,1185,1397,1606,1682,2316,0,320,364,401,467,500,608,630,690,791,892,998,1099,1307,1527,1682,1910,1991,2026,2183,2265,2356,2387,2519,2537,467,519,590,778,829,858,892,998,1113,1461,1499,1563,1651,2065,2093,2207,2373,102,181,385,745,1096,1165,1190,1302,1430,1464,1606,1667,1716,1779,1831,1882,1953,2046,2094,2230,2376,286,465,511,829,1296,1381,1450,1468,1556,1651,1820,1900,2026,2191,2395,2443,2537,99,176,261,341,422,446,465,612,708,732,805,874,951,1005,1229,1577,1774,1874,1927,2009,2493,2544,2561,101,395,423,588,674,708,1040,1198,1284,1433,1667,1747,1853,1967,2168,2450];[0,5,3,0,5,5,5,5,4,5,8,9,7,4,4,2,2,8,6,9,3,3,9,9,0,0,6,1,4,2,2,5,8,2,2,4,4,4,3,2,1,4,1,7,0,3,8,4,2,8,4,5,4,9,4,5,2,9,8,9,8,1,7,0,6,4,2,8,4,7,7,4,1,5,9,2,6,8,3,7,0,2,6,7,8,9,1,6,1,2,2,3,7,7,5,6,1,3,8,2,4,5,2,6,1,8,0,9,6,3,7,2,8,5,3,6,6,5,7,4,4,8,2,4,0,9,2,5,5,4,2,3,1,7,3,4,6,1,9,5,9,4,4,9,0,2,2,9,6,3,6,4,0,6,5,5,9,9,0,0,8,3,3,9,8,1,3,5,7,3,3,7,7,2,0,3,0,3,9,8,5,2,4,7,4,4,6,6,2,3,9,6,3,5,5,8,1,6,1,2,2,3,8,2,4,0,5,1,0,2,8,8,1,1,6,9,0,7,0,9,3,3,9,4,8,9,7,5,3,0,0,2,7,5,1,1,7,9,1,6,5,7,8,7,8,3,5,7,7,5,8,7,2,6,0,8,9,8,8,7,2,4,6,2,9,3,5,7,7,7,6,9,1,4,2,9,7,0,1,9,2,0,5,3,1,3,8,1,9,0,6,0,3,9,5,7,1,4,1,7,3,9,2,0,7,0,2,6,0,8,4,7,4,2,1,1,1,6,3,5,1,2,0,6,3,5,0,4,7,3,7,1,2,0,5,7,6,7,9,6,7,7,8,3,3,9,3,8,1,3,5,6,7,1,8,6,8,5,5,3,3,2,7,2,0,6,6,4,7,2,5,7,2,0,5,6,0,8,0,5,0,9,1,4,8,8,8];[3,1,10,5,14,9,8,7,1,9,8,2,13,5,7,11,2,0,11,13,11,8,10,1,3,14,10,5,9,0,8,8,10,3,8,13,12,10,0,1,8,2,0,2,1,13,9,9,5,2,14,14,13,13,1,4,5,5,10,7,7,14,3,2,13,0,11,14,9,10,13,14,7,14,11,10,3,9,1,13,13,0,14,4,6,14,9,8,6,0,14,10,14,14,0,6,6,12,8,11,3,12,8,2,8,9,3,12,7,3,5,10,6,14,9,3,7,12,1,1,8,0,10,3,6,14,13,0,13,7,9,1,14,2,9,5,7,11,1,3,5,11,7,10,5,3,1,2,12,5,11,1,2,12,6,10,5,5,9,8,10,0,12,4,5,13,11,5,13,13,13,10,11,1,6,1,12,14,12,1,6,11,14,2,12,5,12,9,11,13,4,13,12,8,7,10,3,13,2,7,3,6,9,3,10,0,9,4,7,14,11,12,14,11,2,1,6,6,1,4,10,12,6,5,6,10,11,3,6,8,4,6,0,8,10,7,8,4,1,13,10,4,4,10,0,4,9,10,3,6,4,9,2,1,5,6,4,12,11,8,6,8,14,4,8,6,5,0,8,1,7,3,4,14,1,5,8,8,9,7,2,2,3,2,13,6,9,0,13,0,8,0,8,10,11,9,12,3,10,10,6,10,3,5,0,7,0,9,11,9,4,10,13,14,9,3,1,6,10,1,3,12,5,3,11,7,4,1,3,9,7,7,12,9,7,4,2,4,4,10,11,4,5,5,10,6,4,11,10,0,12,8,5,4,8,4,12,2,3,11,11,12,13,3,6,11,11,8,9,0,1,6,9,11,4,9,13,0,6,10,7,9,7,0,7,2,3];[[0.4211249061401,4.211249061401,1.0],[0.9761073344853062,9.761073344853061,1.0],[0.6132800246752349,6.132800246752349,1.0],[0.6930423279788359,6.930423279788359,1.0],[0.5088628354481554,5.088628354481553,1.0],[0.18781156668551158,1.8781156668551158,1.0],[0.830121874145001,8.301218741450011,1.0],[0.8449241651217704,8.449241651217704,1.0],[0.20962821201639004,2.0962821201639006,1.0],[0.6505169872996391,6.505169872996391,1.0],[0.7003316191510263,7.003316191510263,1.0],[0.7150339547653067,7.150339547653068,1.0],[0.8091072451390076,8.091072451390076,1.0],[0.8451978833841938,8.451978833841938,1.0],[0.3695849781386673,3.695849781386673,1.0]]
3_DPpaulli_18_workers.fjs;6311.629685862407;442824;[47,107,150,235,477,1127,1275,1363,1422,1492,2510,2654,2776,2874,2955,17,330,411,499,541,609,845,960,1033,1130,1197,1275,1456,1866,1912,2037,2109,2328,2673,2896,88,179,329,403,499,547,602,666,732,806,969,996,1148,1217,1391,1744,1821,2258,2339,2407,2579,2728,2831,302,403,486,604,792,821,900,1067,1465,1547,1821,1912,2038,2178,2288,2579,2752,2917,0,107,182,270,653,848,905,1001,1225,1312,1554,1600,1835,1953,2037,2239,2359,2513,2581,2605,2694,0,149,279,369,482,547,703,828,1131,1312,1760,2109,2431,2479,2513,270,330,962,1055,1182,1272,1456,1554,1606,1655,1697,1781,2129,2377,2469,2670,2752,112,395,572,666,732,806,914,933,960,1003,1088,1145,1290,1485,1530,1558,1956,2545,2611,2644,2690,2762,2802,2875,2923,142,182,289,395,719,848,1323,1800,1890,1908,1947,2032,2118,2161,2239,2280,2377,2479,2564,2618,2674,2757,2896,0,151,235,326,486,558,626,1067,1097,1182,1202,1618,1684,1790,1892,1984,2161,2211,2817,88,310,447,1276,1354,1412,1456,1554,1647,1859,1925,2198,2319,2479,2618,2642,2802,2822,2916,0,358,414,430,587,1140,1272,1354,1604,1618,1911,2037,2229,2258,2391,2433,2477,2519,2564,2616,2923,67,151,355,836,892,969,1067,1148,1225,1628,1650,1971,2644,2708,2791,2896,182,562,626,724,1328,1412,1484,1558,1748,1821,1925,2038,2407,2479,2791,2875,267,289,336,414,505,604,703,739,1146,1189,1554,1647,1712,1951,2258,2316,2344,2393,2441,2500,2545,2696,2722,2874,2889,0,52,477,572,691,795,828,893,946,1097,1650,2002,2109,2344,2519,2802,2923,0,179,242,424,499,572,821,1235,1567,1733,1807,1908,2102,2157,2229,2362,2443,2552,2715,2834,2896,0,397,602,721,800,845,944,962,1406,1485,1631,1708,2264,2395,2432,2611,2708,115,614,721,1088,1130,1256,1276,1344,1422,1484,1712,1733,1753,1800,1821,1894,2074,2207,2252,2328,2605,2684,2890,242,289,329,430,719,1044,1130,1911,2138,2178,2232,2327,2407,2487,2545,2789];[3,8,2,0,7,5,1,5,4,7,5,7,6,0,4,4,3,1,8,8,2,5,5,1,1,1,6,3,4,2,9,2,6,1,9,2,7,0,4,6,1,7,8,7,9,3,1,7,7,9,2,4,4,9,1,5,2,9,9,6,3,6,1,0,1,0,4,5,8,9,4,2,0,9,9,4,2,3,3,7,2,4,9,6,4,7,8,7,6,7,5,8,7,7,7,6,6,8,4,2,1,1,9,4,8,8,8,6,4,3,7,4,3,8,7,5,9,5,7,1,9,6,2,7,7,0,1,9,1,4,8,4,7,9,2,6,5,4,9,6,6,4,6,2,3,5,8,0,3,5,2,4,5,1,8,1,5,9,0,2,3,3,3,6,8,8,1,8,7,9,2,5,2,1,4,7,3,1,0,9,9,5,0,3,8,3,6,5,2,6,9,5,0,1,0,3,1,6,0,9,2,3,0,4,1,1,4,4,4,2,2,2,8,1,0,6,3,0,2,9,3,0,9,2,8,8,7,5,3,7,9,6,9,1,4,8,0,9,2,9,3,8,7,4,2,0,5,1,0,3,7,7,8,6,0,8,0,8,9,2,5,2,1,1,4,3,3,4,1,1,1,3,0,4,1,8,2,0,0,4,9,0,5,5,3,3,8,1,3,8,8,2,6,9,7,9,5,3,8,7,2,1,8,0,2,9,5,6,2,5,0,5,2,5,4,7,1,8,7,4,1,3,3,6,2,8,0,7,9,7,2,4,2,1,5,5,6,7,2,6,2,3,7,8,9,5,8,0,7,1,1,9,2,9,3,6,5,8,4,1,3,8,5,2,0,6,6,7,7,7,0,5,6,5,7,6,2,0,7,2,7,1,1,6,8,0,0];[5,1,8,3,1,4,5,6,1,6,1,2,1,4,9,0,1,8,13,11,14,9,0,10,1,2,10,7,6,1,3,12,5,5,5,2,10,0,13,6,14,0,14,8,2,14,6,5,1,5,5,10,13,11,14,5,6,0,3,6,11,12,7,13,4,7,10,7,8,13,10,8,7,1,8,8,14,12,1,2,7,11,9,14,3,0,0,4,14,3,8,3,14,11,13,3,3,13,11,8,0,9,6,3,4,11,8,7,3,13,2,13,10,2,5,3,12,8,13,9,14,1,6,1,0,3,1,14,0,13,11,12,4,14,11,7,10,11,9,12,12,14,11,14,13,13,10,4,7,7,11,5,1,6,1,5,0,1,9,10,4,11,4,0,5,1,2,7,5,9,7,3,6,14,12,12,0,4,2,6,11,5,13,2,4,10,13,0,10,7,4,3,9,1,2,7,14,13,4,12,3,13,2,11,10,7,4,6,8,8,9,1,11,11,7,5,5,3,7,4,8,7,11,1,6,9,11,8,14,12,0,10,6,14,11,1,7,3,6,3,1,7,2,7,13,8,9,10,9,9,9,9,11,1,10,12,13,3,12,14,10,9,14,14,1,14,12,10,11,4,4,5,4,1,0,4,3,8,12,11,3,8,6,6,0,8,11,4,0,4,10,3,2,10,10,14,3,6,8,7,8,6,11,2,2,4,4,3,4,3,9,0,0,4,3,8,1,0,4,13,0,12,8,9,4,2,7,11,0,13,4,1,12,6,0,0,2,4,3,4,8,12,8,3,6,8,0,13,0,8,7,14,9,6,4,2,7,9,11,0,12,3,12,13,13,9,10,12,2,2,6,4,1,14,12,10,1,6,8,6,5,1,1,4,0,8,10];[[0.4831103964860096,4.831103964860096,1.0],[0.9021829992468611,9.02182999246861,1.0],[0.5374571935128641,5.374571935128642,1.0],[0.8761340971511191,8.761340971511192,1.0],[0.573156942708234,5.7315694270823405,1.0],[0.994523847851402,9.945238478514021,1.0],[0.3574465703190305,3.574465703190305,1.0],[0.6617299629663892,6.617299629663892,1.0],[0.4882872262788658,4.882872262788657,1.0],[0.5726412824777106,5.726412824777106,1.0],[0.32388398325139345,3.2388398325139347,1.0],[0.8072354510963532,8.072354510963532,1.0],[0.8087324055796944,8.087324055796945,1.0],[0.660852452150834,6.60852452150834,1.0],[0.5802577271631468,5.802577271631469,1.0]]
3_DPpaulli_18_workers.fjs;5902.93224068161;527292;[0,63,94,326,520,828,915,995,1151,1426,1637,1825,2068,2394,2735,404,520,639,710,881,1310,1354,1426,1464,1595,1799,1873,1986,2136,2179,2266,2328,2356,2434,2524,166,228,308,343,514,550,605,685,1081,1366,1397,1568,1674,1854,1924,2070,2137,2212,2326,2443,2573,2662,2703,0,18,128,168,575,608,690,736,794,1020,1086,1172,1215,1634,1785,1999,2059,2701,45,183,271,359,487,515,865,953,1143,1214,1455,1495,1701,1761,1898,1961,2024,2269,2363,2573,2681,62,161,291,365,404,472,520,625,872,1151,1424,1593,1686,2166,2478,0,120,183,271,343,417,771,810,950,999,1096,1237,1666,1799,2039,2439,2528,17,56,265,472,550,645,685,788,936,996,1088,1185,1281,1354,1508,1534,1589,1637,1703,2024,2070,2166,2212,2526,2572,80,114,264,428,514,605,644,709,808,825,1086,1444,1634,1735,1807,1852,1971,2243,2309,2382,2443,2611,2643,282,359,538,690,844,996,1214,1360,1457,1581,1761,1817,1871,1971,2070,2244,2328,2382,2651,0,128,215,264,343,605,648,739,963,996,1066,1194,1411,1508,1785,1846,2037,2068,2382,63,114,736,808,872,936,1248,1330,1370,1738,1943,2070,2182,2213,2295,2328,2385,2427,2486,2557,2611,241,461,999,1038,1172,1246,1394,1491,1571,1716,1735,1871,2177,2326,2518,2648,0,404,540,810,880,897,1217,1614,2093,2203,2281,2326,2348,2411,2549,2717,147,433,648,747,811,844,968,984,1042,1217,1290,1392,1521,1595,1703,1761,1844,1933,1971,2059,2386,2467,2518,2572,2648,64,278,348,416,487,1360,1476,1541,1627,1731,1873,1938,2020,2039,2163,2386,2567,89,168,241,365,417,495,583,1038,1118,1151,1296,1360,1599,1659,1744,1833,1921,2179,2347,2490,2572,0,56,89,397,744,881,950,1054,1148,1214,1373,1541,1804,2020,2136,2433,2531,133,264,396,622,645,668,709,811,1385,1424,1686,1797,1958,1999,2281,2416,2443,2524,2574,2648,2681,2723,2738,0,133,176,267,365,556,871,1290,1330,1385,1493,1655,1732,2128,2206,2567];[9,1,1,0,7,8,2,2,9,8,6,7,0,4,6,2,1,5,9,0,5,9,9,9,9,4,0,5,7,1,1,5,5,1,9,6,0,4,8,4,1,3,6,4,4,3,8,1,9,9,4,5,0,9,8,2,0,9,5,5,6,4,2,8,3,7,7,0,8,7,7,4,0,9,9,2,2,8,3,2,2,2,6,0,4,5,6,3,6,2,5,8,7,7,6,3,1,8,2,5,6,1,3,8,2,3,2,5,1,4,4,2,3,8,3,8,9,7,8,3,9,8,3,2,0,6,8,6,2,4,7,4,5,0,6,1,6,5,1,5,0,6,5,0,4,6,8,9,3,3,0,4,4,9,5,1,1,8,9,2,9,1,5,6,0,1,5,3,3,3,7,8,7,8,4,1,4,0,3,5,8,2,4,3,0,0,5,6,1,6,4,6,6,1,0,9,0,0,1,9,1,1,0,4,1,6,4,9,8,8,8,2,9,1,9,9,5,3,1,5,3,7,4,1,9,6,8,5,5,9,6,2,2,6,1,5,7,0,9,3,8,8,7,2,2,3,5,4,6,3,1,8,8,6,6,8,7,1,6,7,2,2,3,0,4,3,6,4,2,7,1,9,2,4,7,7,7,0,1,0,9,4,8,8,1,7,1,2,6,0,8,4,6,0,2,7,5,4,7,7,1,2,7,7,2,8,1,8,7,8,4,7,2,5,9,7,5,9,9,5,7,8,0,3,1,5,3,7,2,3,7,6,4,3,3,6,9,7,2,3,1,6,7,8,2,9,5,5,9,6,0,6,7,7,2,9,5,3,5,1,0,0,2,4,9,7,6,1,7,5,5,2,2,5,5,4,9,8,0,3,1,5,7,4,6,7,0];[9,1,12,12,1,0,3,6,0,13,13,11,4,5,12,3,4,9,14,6,1,9,4,9,2,14,14,12,3,9,13,6,9,6,5,13,2,10,14,9,14,0,8,2,1,14,11,7,11,5,14,14,12,11,14,11,13,11,10,3,9,5,0,3,3,4,12,10,14,2,1,11,6,4,3,6,14,0,1,9,11,6,7,11,3,10,3,3,1,12,12,12,14,6,10,1,3,13,0,4,11,9,4,5,11,8,4,14,4,9,4,10,2,11,9,6,8,11,1,11,14,0,9,12,0,3,8,13,1,0,6,12,0,11,5,0,3,0,3,3,13,6,6,6,12,7,10,14,7,5,1,5,3,14,3,3,10,2,3,7,10,5,0,3,13,12,9,10,13,0,7,3,3,0,12,0,0,9,5,7,2,9,9,3,0,0,14,0,8,2,13,13,7,0,11,14,12,7,14,8,6,2,7,13,9,7,5,8,4,2,1,4,0,11,6,0,12,1,8,2,10,11,14,11,11,11,9,13,14,14,1,8,7,11,9,5,7,10,12,11,14,4,5,1,1,4,9,3,2,12,14,6,11,12,4,9,10,5,13,8,8,4,4,9,13,1,7,1,5,1,2,14,7,14,12,13,8,2,7,8,13,9,12,6,9,13,3,10,3,5,2,8,7,9,0,13,13,3,10,7,0,0,8,6,8,6,4,0,10,10,4,10,13,2,7,12,12,4,4,7,0,13,3,5,13,7,9,6,5,13,3,0,4,10,0,12,4,4,1,12,6,3,8,5,5,10,4,12,14,14,10,14,6,4,0,6,7,1,11,0,11,0,8,14,3,6,6,5,12,2,2,6,5,6,4,4,13,1,14,3,12,5,8,3,12,8,2];[[0.34661995661142697,3.4661995661142697,1.0],[0.2286410960833074,2.286410960833074,1.0],[0.012392470279078194,0.12392470279078194,1.0],[0.9308270259025113,9.308270259025113,1.0],[0.3225145761620236,3.225145761620236,1.0],[0.0006954578022455582,0.006954578022455582,1.0],[0.2097170717940725,2.097170717940725,1.0],[0.5179602272351016,5.179602272351016,1.0],[0.7628222106217201,7.6282221062172,1.0],[0.3089717897377221,3.089717897377221,1.0],[0.15113122452813788,1.5113122452813788,1.0],[0.07045772229012492,0.7045772229012492,1.0],[0.8725064026541692,8.725064026541693,1.0],[0.3074981421409557,3.074981421409557,1.0],[0.272859759997538,2.7285975999753798,1.0]]
3_DPpaulli_18_workers.fjs;5861.272305999288;1460964;[43,233,362,620,682,1290,1335,1456,1597,1758,2097,2299,2479,2585,2703,0,195,262,369,498,649,698,773,890,947,1171,1240,1361,1457,1587,2071,2362,2389,2515,2608,62,121,254,302,389,422,499,810,873,1163,1213,1418,1516,1684,1877,1950,2011,2060,2113,2167,2234,2318,2497,345,369,511,562,698,777,896,990,1048,1160,1217,1301,1415,1761,1868,1953,1998,2173,0,86,142,246,293,684,736,821,886,942,1030,1070,1160,1217,1328,1393,1597,2122,2299,2422,2635,126,208,230,384,548,620,1341,1433,1518,1677,1756,2156,2332,2619,2656,0,61,115,778,941,1120,1217,1316,1709,1853,1877,2033,2167,2439,2571,2635,2703,0,62,189,323,653,748,787,811,896,959,1051,1112,1144,1253,1335,1392,1457,1553,1653,1716,1950,2022,2097,2474,2562,0,162,328,477,942,1018,1160,1217,1411,1457,1506,1597,1674,1716,1788,1824,1974,2173,2237,2362,2418,2586,2656,36,80,230,269,378,445,564,629,698,755,768,1240,1267,1367,1457,1788,2111,2208,2690,61,162,254,351,653,731,811,896,1047,1112,1301,1345,1439,1457,1734,1856,1982,2228,2537,142,200,269,478,564,747,1010,1137,1177,1194,1275,1301,1393,1425,1677,1822,1950,2007,2362,2636,2729,0,98,200,305,389,466,564,755,840,1118,1433,1521,2044,2111,2302,2527,0,76,269,790,807,873,985,1050,1096,1830,1899,2022,2044,2251,2384,2497,0,115,293,411,557,656,755,930,981,1092,1326,1549,1711,1822,1982,2140,2317,2366,2410,2474,2505,2558,2586,2635,2679,425,482,564,938,1067,1674,1743,1924,2126,2194,2355,2413,2495,2517,2558,2636,2703,0,217,283,659,840,934,990,1047,1177,1213,1274,1504,1625,1694,1743,1788,1856,1947,2022,2065,2321,229,345,466,478,591,1051,1393,1516,1638,1788,1830,1947,2065,2167,2203,2276,2418,285,432,511,632,653,677,698,1050,1138,1314,1401,1624,1685,1830,1880,2011,2203,2318,2362,2439,2474,2586,2656,142,230,384,472,589,659,815,890,938,1274,1504,1597,2234,2302,2413,2586];[3,5,0,1,7,2,2,2,5,7,6,5,3,0,5,9,4,5,9,7,5,5,1,1,0,1,6,6,0,0,9,9,3,2,5,8,0,9,3,6,1,4,6,7,9,2,2,0,7,8,1,2,3,0,5,2,0,1,9,5,6,6,9,0,9,4,4,3,4,9,3,6,0,4,9,1,6,4,3,7,1,2,9,9,3,2,3,3,6,7,5,3,8,7,7,2,3,1,7,3,2,1,2,9,8,3,8,0,7,5,4,7,1,5,7,7,9,7,3,4,9,8,2,7,0,6,3,6,2,3,2,2,1,0,5,8,5,8,1,1,0,8,3,6,0,8,3,3,6,5,3,4,0,1,4,5,5,9,3,9,0,8,7,4,8,1,6,5,8,5,7,6,7,1,4,7,4,4,0,8,8,7,4,3,4,3,4,6,1,0,4,3,2,2,6,9,1,9,6,8,8,0,8,4,6,1,4,0,9,6,0,9,6,8,7,2,0,2,1,8,3,0,7,2,9,2,7,8,5,9,0,2,6,2,1,5,7,6,1,6,3,8,0,2,2,9,1,1,0,8,4,0,8,9,0,5,4,0,8,2,2,1,1,0,4,3,8,7,2,5,7,9,4,4,1,7,6,5,1,9,2,4,8,3,3,4,8,9,9,8,6,0,6,2,2,9,6,0,1,3,6,1,8,0,7,8,4,9,2,1,0,4,4,2,5,1,5,9,7,5,1,9,9,3,1,9,3,7,5,1,7,7,2,3,3,5,7,7,2,2,1,6,3,5,9,3,9,1,9,6,5,8,7,9,1,8,9,8,1,3,0,8,5,1,9,2,6,9,5,2,0,4,2,0,5,4,6,1,6,8,5,5,7,4,1,0,8];[5,6,5,4,2,10,0,5,4,8,12,3,12,6,6,1,6,2,2,11,3,12,12,11,5,4,2,7,7,1,11,14,10,3,12,2,10,11,14,14,2,4,5,2,3,7,9,5,3,11,12,11,1,8,5,7,10,11,11,7,9,6,8,0,7,1,5,10,14,7,6,10,2,5,10,12,14,1,1,3,1,14,14,9,9,11,0,9,6,3,8,9,0,10,1,14,0,12,4,4,5,0,5,3,10,8,7,0,10,11,4,7,7,7,5,2,7,14,9,4,2,8,10,5,7,3,12,8,1,8,11,0,13,6,4,7,3,12,3,4,13,0,7,10,2,14,9,2,11,7,2,13,5,8,5,7,6,5,8,5,9,6,1,6,14,3,9,5,2,1,13,6,3,2,4,4,10,12,6,1,8,12,8,2,7,3,10,10,8,13,12,1,3,7,0,9,13,8,9,9,0,8,7,6,6,1,5,6,7,2,13,14,2,4,13,0,12,7,12,12,3,12,12,12,5,10,11,14,0,6,5,11,0,5,9,7,3,3,10,3,1,7,3,1,3,8,3,4,7,3,13,1,11,8,10,3,13,5,10,14,11,9,12,7,12,14,11,0,10,8,5,3,13,1,0,14,0,2,5,7,1,0,3,11,0,6,9,8,7,5,0,7,2,13,6,14,12,2,11,9,3,9,11,4,6,10,6,9,6,3,9,13,13,10,10,2,6,7,7,12,1,0,7,12,6,13,6,6,8,4,1,5,12,1,14,13,3,4,10,4,6,4,14,2,4,14,2,0,12,9,1,0,8,7,4,10,5,14,11,11,14,6,0,5,13,14,3,7,1,2,4,11,9,0,11,4,5,12,0,13,8,13,12,5,9,8,3];[[0.8559393885152179,8.55939388515218,1.0],[0.8004839408308784,8.004839408308783,1.0],[0.5938433496209707,5.938433496209708,1.0],[0.8870093324131678,8.870093324131679,1.0],[0.741558169706834,7.4155816970683395,1.0],[0.8097670389513107,8.097670389513107,1.0],[0.2247324103169328,2.247324103169328,1.0],[0.9761818800633866,9.761818800633865,1.0],[0.6339038774096737,6.339038774096737,1.0],[0.5580285642552777,5.580285642552777,1.0],[0.4463526500656817,4.463526500656817,1.0],[0.28336462923826333,2.8336462923826335,1.0],[0.9019880415639555,9.019880415639555,1.0],[0.03268507148422006,0.32685071484220063,1.0],[0.4362825217209084,4.3628252172090844,1.0]]
3_DPpaulli_18_workers.fjs;5902.535454081486;1012452;[206,376,476,548,611,745,1001,1086,1164,1215,1385,1855,2222,2516,2699,0,76,96,168,206,415,493,569,651,770,836,962,1467,1641,1769,1855,1927,2040,2154,2607,14,76,133,272,370,529,582,664,718,906,1466,1613,1691,1781,1865,1960,2020,2086,2212,2314,2388,2484,2521,337,357,450,782,1065,1099,1188,1236,1428,1536,1703,2062,2181,2266,2314,2521,2653,2726,79,252,310,431,482,515,644,778,874,1009,1159,1298,1593,1854,1990,2057,2079,2141,2194,2220,2314,82,611,801,926,1305,1372,1703,1854,1892,2062,2314,2427,2533,2592,2660,167,304,358,718,972,1047,1099,1130,1726,1806,1878,1957,2038,2264,2479,2552,2602,82,327,476,562,906,972,1009,1031,1086,1126,1242,1428,1473,1542,1564,1624,1680,1777,2048,2099,2148,2222,2348,2649,2699,59,269,337,400,735,780,934,1003,1099,1146,1191,1297,1482,1530,1680,1726,1805,1924,2285,2388,2452,2563,2630,0,186,233,869,979,1181,1246,1329,1375,1482,1499,1665,1889,2123,2212,2268,2348,2552,2639,0,63,176,962,1126,1380,1420,1532,1805,1883,1958,1971,2033,2181,2259,2302,2484,2586,2711,180,268,332,399,489,557,1099,1188,1319,1410,1596,1679,1892,1930,2016,2109,2148,2330,2394,2455,2533,70,216,386,596,906,1000,1085,1164,1246,1542,1564,2020,2088,2233,2602,2701,0,59,82,168,186,408,609,934,1068,1203,1420,1514,1716,1815,2225,2268,0,171,310,409,476,515,629,723,1040,1225,1305,1449,1514,1588,1624,1679,1703,1819,1917,2088,2153,2234,2395,2452,2467,327,408,906,966,1047,1372,1410,1596,1676,2193,2314,2373,2468,2524,2552,2637,2711,0,206,269,303,460,529,664,728,803,836,949,1276,1473,1588,1777,1819,1883,1963,1990,2033,2562,63,168,270,327,503,582,664,682,770,837,1242,1396,1515,2376,2479,2573,2660,0,96,181,252,272,298,464,557,728,833,906,932,1036,1136,1246,1334,1420,1771,1961,2121,2153,2285,2547,133,370,409,601,707,837,935,1036,1083,1181,1312,1396,1736,1840,1958,2529];[7,9,9,7,6,0,0,2,4,5,0,3,5,2,5,9,1,8,0,0,5,4,9,2,9,3,2,6,9,1,1,2,6,2,3,7,9,4,2,6,1,4,1,7,3,9,2,1,2,0,1,8,0,6,5,2,0,1,5,5,8,1,7,0,3,4,4,0,0,5,7,6,8,0,9,9,2,1,4,2,6,9,4,7,4,5,1,0,1,7,7,4,7,7,8,7,1,3,7,2,2,5,7,8,2,8,8,6,4,2,7,4,3,8,8,1,9,7,1,3,4,6,2,2,0,0,2,5,5,4,7,3,3,9,5,6,6,9,5,9,6,8,1,1,4,6,3,9,3,5,9,4,5,8,5,5,3,4,2,2,3,1,8,2,8,4,1,3,4,2,0,4,2,5,8,7,7,0,2,3,1,7,2,3,8,4,5,5,1,6,6,4,4,3,6,6,8,0,6,4,8,1,7,2,8,5,5,0,5,0,9,9,9,1,0,9,0,0,1,8,2,7,0,2,5,8,7,4,8,9,5,3,0,1,1,7,7,8,2,5,8,8,4,9,6,8,7,1,2,3,8,7,5,3,6,5,7,0,9,7,6,1,1,0,9,4,2,1,2,4,1,9,0,6,2,8,2,0,1,0,9,5,5,8,3,7,1,1,1,0,8,0,6,9,6,5,6,9,5,3,0,9,3,7,7,9,4,9,0,1,1,5,9,9,1,3,8,4,3,8,1,8,3,9,4,5,9,7,5,3,0,2,8,3,1,7,1,7,9,6,4,7,9,4,9,3,4,2,4,1,1,2,7,7,5,8,0,5,2,4,3,1,2,2,2,7,6,1,4,9,8,9,2,7,2,2,6,0,4,3,7,3,8,6,6,4,3];[8,6,2,13,13,10,13,5,4,9,0,5,5,8,8,1,4,10,8,12,14,2,7,10,2,11,10,12,13,5,13,5,10,3,13,4,8,4,10,10,8,9,11,8,9,5,2,8,11,4,0,5,0,0,10,2,10,11,8,9,7,14,10,7,7,4,1,9,7,5,11,7,9,1,0,1,9,6,14,0,11,11,12,7,14,0,9,4,10,3,9,9,14,2,7,10,7,12,4,10,11,12,10,2,6,14,2,11,12,14,3,12,1,7,4,13,5,9,1,2,9,13,8,14,3,3,7,0,1,11,1,10,14,2,14,3,3,13,6,0,14,14,4,8,14,10,9,1,7,1,9,0,2,2,14,0,11,11,11,0,6,2,14,12,5,14,4,7,9,13,2,11,8,1,3,7,9,11,10,3,1,9,1,7,2,14,6,0,4,2,10,13,6,12,2,10,7,6,9,11,13,9,7,0,12,10,10,13,7,2,8,14,9,11,11,0,5,5,13,12,10,10,2,11,4,9,11,7,7,6,4,13,1,13,13,8,3,11,2,5,8,6,3,3,1,8,12,4,8,12,0,4,5,11,1,10,13,10,3,9,9,14,12,9,5,14,11,13,4,11,11,8,4,5,1,0,7,2,9,8,13,14,11,7,0,6,0,6,9,14,10,10,0,13,3,4,12,8,2,2,3,13,6,5,8,10,13,9,6,9,2,13,7,1,9,9,6,1,11,9,3,8,11,6,10,1,9,6,10,13,6,7,14,8,3,13,6,4,4,5,8,3,5,5,14,2,5,3,10,7,7,2,3,3,1,2,12,2,12,10,11,9,13,6,9,1,1,6,7,9,5,2,8,6,12,3,5,0,14,8,12,5,6,4,12,8,4];[[0.5198238265685563,5.198238265685563,1.0],[0.9583988744400509,9.583988744400509,1.0],[0.3402956357666065,3.402956357666065,1.0],[0.7081849781179302,7.081849781179303,1.0],[0.9252189405445452,9.252189405445453,1.0],[0.05032666735654623,0.5032666735654623,1.0],[0.6613275461751585,6.613275461751585,1.0],[0.82711411373077,8.271141137307701,1.0],[0.8734961127808921,8.734961127808921,1.0],[0.5913019030238962,5.913019030238962,1.0],[0.11264722490163037,1.1264722490163037,1.0],[0.34477784983246407,3.4477784983246407,1.0],[0.011377599382669468,0.11377599382669468,1.0],[0.7909742881977946,7.909742881977946,1.0],[0.3277964015146908,3.277964015146908,1.0]]
3_DPpaulli_18_workers.fjs;6307.629843063427;317676;[0,220,502,585,662,749,883,1327,1483,2027,2117,2212,2422,2569,2620,104,302,854,1172,1214,1349,1392,1443,1530,1574,1666,1867,1976,2197,2239,2327,2517,2545,2634,2713,55,136,186,220,427,469,525,605,988,1176,1238,1345,1545,1639,1709,1789,2080,2299,2352,2407,2475,2569,2818,0,277,997,1122,1378,1410,1491,1538,1624,1718,1793,2109,2180,2319,2474,2586,2726,2916,44,565,719,813,1067,1208,1349,1580,1718,1786,1960,2043,2309,2381,2474,2539,2585,2639,2675,2751,2868,66,254,312,694,896,963,1122,1233,1387,1443,1745,1922,2319,2514,2710,211,352,749,926,994,1108,1499,1886,1947,2150,2184,2242,2379,2514,2811,2868,2916,0,38,104,177,247,325,373,397,427,512,605,854,891,1073,1094,1126,1530,1775,1885,1926,2038,2276,2394,2620,2756,18,58,137,177,254,536,634,757,861,956,988,1073,1158,1208,1288,1461,1936,2248,2359,2585,2675,2756,2818,0,137,174,294,662,813,883,1207,1238,1285,1307,1349,1532,2003,2087,2233,2465,2686,2848,0,56,155,403,495,574,1099,1282,1392,1478,1624,1922,2038,2606,2664,2713,2791,2811,2889,0,143,300,664,813,1035,1082,1139,1388,1420,1666,1718,1823,1851,1922,1992,2201,2248,2619,2682,2838,174,368,472,511,565,634,725,806,1065,1190,1238,1327,1412,1580,1666,2475,46,127,272,375,525,615,878,941,992,1545,1876,2003,2141,2201,2273,2545,104,247,325,427,525,702,1038,1066,1213,1265,1410,1483,1559,1639,1810,1886,2130,2184,2281,2327,2430,2591,2675,2737,2791,0,406,473,549,734,1285,1430,1594,1742,1793,1828,2085,2164,2233,2381,2787,2889,373,440,502,605,702,1387,1507,1709,1810,1859,1980,2037,2085,2141,2197,2241,2407,2639,2662,2757,2868,120,186,300,397,469,512,772,1073,1265,1420,1652,1789,1947,2043,2080,2552,2634,0,126,215,302,327,473,806,941,1007,1035,1176,1213,1233,1638,1675,1828,1848,2109,2158,2241,2276,2371,2682,38,106,292,375,403,537,631,855,956,1006,1684,1960,2318,2465,2713,2802];[9,9,0,1,6,0,8,0,4,8,0,7,8,4,4,9,4,1,8,9,6,0,9,1,1,6,0,6,4,1,1,7,9,1,2,5,4,9,6,5,1,4,6,4,9,2,1,7,9,8,1,9,3,3,0,5,0,1,5,9,1,1,1,2,1,0,7,3,6,1,7,2,1,6,5,9,8,5,9,3,7,4,9,2,4,9,2,4,9,7,9,8,8,7,3,2,6,1,8,3,2,5,7,2,1,3,0,5,7,5,4,1,3,8,6,1,6,5,8,4,9,6,2,7,2,6,8,3,1,4,7,4,1,0,2,1,5,4,6,9,6,6,1,1,3,2,3,9,6,1,6,1,5,7,5,2,1,8,2,9,3,8,7,4,8,4,6,5,3,3,0,8,8,7,7,3,4,8,7,3,1,5,9,4,0,8,6,6,8,4,7,5,2,4,0,8,3,0,6,9,8,8,7,4,6,7,4,1,0,0,2,8,8,0,2,6,0,2,1,0,9,0,9,4,5,3,7,5,1,5,0,8,0,6,4,7,7,2,4,5,3,8,5,4,6,3,0,7,7,6,4,0,6,6,8,5,1,0,9,2,2,3,6,9,8,3,3,7,7,1,6,3,0,4,1,2,6,1,4,9,9,5,0,3,3,0,8,4,2,4,5,4,3,2,8,7,1,1,8,8,0,6,2,4,2,7,4,9,6,0,0,0,9,2,7,7,5,9,7,8,1,2,6,4,1,9,3,4,9,1,7,7,4,3,1,6,2,7,8,2,3,2,8,4,9,3,1,8,1,2,5,6,0,8,5,9,9,5,4,1,7,1,5,2,2,7,9,6,4,5,6,4,6,5,9,6,7,7,5,3,7,1,5,6,7,6,9];[9,3,6,13,4,7,7,7,4,11,8,2,4,5,3,6,4,11,14,6,0,13,13,11,11,5,8,6,11,4,0,13,13,5,4,10,4,0,4,1,2,11,10,3,3,3,3,3,4,2,6,0,14,1,14,5,4,0,6,1,1,13,9,1,1,4,6,10,0,1,3,5,9,3,10,14,11,4,14,6,7,4,10,12,3,3,12,2,13,3,2,12,0,13,3,11,12,2,0,11,3,12,10,6,8,2,3,4,10,8,14,7,1,7,11,11,7,8,13,2,7,1,8,10,11,3,5,14,10,11,6,12,14,6,12,0,5,14,9,12,12,10,5,11,1,1,5,5,6,5,5,2,12,9,8,14,5,2,8,5,3,9,2,3,5,3,4,1,13,11,4,13,7,9,12,14,4,7,2,13,9,10,8,1,3,9,9,10,1,9,10,3,8,3,1,11,4,7,12,12,1,7,5,6,6,0,3,13,7,10,1,6,14,2,2,0,10,7,12,14,11,0,11,7,2,1,11,2,10,12,5,13,2,11,0,8,7,10,4,0,0,14,6,7,1,2,14,2,0,1,13,12,13,1,10,3,10,7,8,8,4,0,9,11,2,0,12,0,4,5,7,5,4,1,13,14,13,0,9,7,14,8,11,14,7,4,11,7,0,12,13,13,6,14,6,14,13,9,12,6,13,8,10,14,6,6,6,9,1,7,9,8,12,9,8,8,6,14,8,1,2,8,4,10,14,3,13,2,8,4,5,13,9,8,3,10,8,4,12,8,7,9,9,0,14,7,2,4,5,8,13,12,4,6,4,9,6,2,11,0,12,11,0,1,7,5,12,9,1,8,11,3,1,13,1,0,14,1,13,1,8,1,3,12,1,8,10];[[0.18019241848515155,1.8019241848515155,1.0],[0.48736227300275514,4.873622730027551,1.0],[0.07759170039841756,0.7759170039841756,1.0],[0.5225667244081349,5.2256672440813485,1.0],[0.9196433340252647,9.196433340252646,1.0],[0.8762509611803474,8.762509611803473,1.0],[0.5029695910906639,5.029695910906638,1.0],[0.8160267976375112,8.160267976375112,1.0],[0.8059112000327816,8.059112000327817,1.0],[0.2140591090540045,2.140591090540045,1.0],[0.08805821114486456,0.8805821114486456,1.0],[0.20329737064426556,2.0329737064426556,1.0],[0.5837360924329463,5.837360924329463,1.0],[0.6737333796339059,6.737333796339059,1.0],[0.1608013027204077,1.6080130272040771,1.0]]
3_DPpaulli_1_workers.fjs;6122.291631163411;1914456;[310,348,570,748,763,978,1074,1202,1231,1307,1732,1863,1986,1998,2121,249,377,459,591,724,806,945,978,1177,1338,1359,1685,1704,1951,1998,2336,2469,2555,2637,2690,0,70,157,249,667,1112,1180,1231,1359,1445,1526,1593,1675,1945,2045,2166,2272,2336,2441,2550,2633,2651,2761,0,80,149,208,348,410,464,528,947,1426,1589,1685,1779,1857,1945,2192,2272,2490,0,249,323,464,558,799,902,1021,1593,1824,1881,1968,2029,2125,2166,2192,2246,2383,2576,2637,2812,407,503,591,681,902,920,947,1021,1058,1483,1708,2211,2537,2690,2825,209,590,703,872,974,1076,1317,1570,1920,2076,2348,2498,2591,2690,2761,2841,2850,149,323,528,546,619,757,806,872,902,974,1021,1058,1280,1317,1485,1549,1618,1704,1732,1772,1863,2455,2490,2581,2855,0,294,407,466,638,680,763,804,1150,1197,1328,1583,1656,1744,1824,1863,2211,2349,2521,2550,2601,2743,2850,80,208,256,310,528,1058,1133,1180,1307,1407,1485,1549,1634,2076,2270,2409,2554,2706,2758];[0,2,4,3,0,4,0,1,2,4,4,2,4,2,0,2,1,0,0,1,2,4,3,4,2,3,3,1,4,4,1,3,0,1,1,2,0,3,4,4,4,1,1,2,3,2,4,0,0,0,4,1,4,0,1,3,3,0,3,2,1,0,0,2,2,1,0,2,3,2,1,0,3,1,4,1,1,1,3,1,2,4,2,1,2,2,1,1,1,4,1,3,3,1,1,4,3,3,4,4,2,4,4,1,2,2,0,0,2,3,0,4,2,2,1,1,0,3,1,0,4,0,3,0,0,3,1,0,1,2,1,3,3,1,4,1,4,1,1,4,1,0,0,1,3,0,3,3,0,4,1,4,2,3,4,2,4,4,0,0,3,3,2,3,4,1,1,2,4,1,0,0,3,2,2,4,0,3,1,0,4,2,4,1,0,2,1,2,1,0,3,0,3,4,2,3];[1,1,5,1,6,5,0,2,0,0,6,4,4,2,6,6,0,0,5,4,4,4,4,6,2,1,1,1,5,4,5,5,6,5,1,5,0,5,0,5,5,1,1,6,4,5,5,5,3,0,4,0,4,3,5,4,4,1,2,2,1,3,2,4,6,3,5,3,6,2,4,5,2,0,4,1,3,4,5,4,6,2,6,1,1,1,1,6,5,3,1,1,2,0,5,0,6,2,2,1,1,0,2,3,0,6,3,5,6,3,4,2,0,2,4,6,3,3,3,3,6,6,3,2,1,5,4,3,0,6,3,6,0,4,2,3,5,5,0,6,2,4,5,1,6,6,6,3,5,2,6,0,2,5,0,2,5,3,0,6,1,1,0,4,4,4,3,2,4,0,5,2,5,1,2,3,1,4,4,1,6,5,5,1,3,2,5,5,2,0,0,6,1,4,6,5];[[0.7773566427005639,7.7735664270056395,1.0],[0.6698255595592497,6.698255595592498,1.0],[0.09913960392481702,0.9913960392481702,1.0],[0.35297051119014544,3.529705111901454,1.0],[0.4679077429008419,4.679077429008419,1.0],[0.5346837414708775,5.346837414708775,1.0],[0.9783090609123973,9.783090609123974,1.0]]
3_DPpaulli_1_workers.fjs;5849.649836633838;1957968;[45,307,700,722,860,1210,1602,1706,1784,1875,1896,1959,2505,2544,2661,0,95,234,330,535,617,783,872,1132,1385,1558,1644,1835,2076,2198,2335,2446,2505,2544,2687,0,124,211,295,432,525,766,835,1442,1518,1724,1784,1833,1866,2110,2144,2227,2291,2386,2518,2544,2562,2595,375,458,706,767,808,860,961,1032,1122,1193,1495,1875,1991,2022,2110,2144,2408,2589,0,362,428,512,555,590,771,1122,1293,1407,1511,1644,1738,1959,2022,2139,2249,2351,2457,2597,2699,0,164,428,850,923,977,1005,1083,1101,1258,1499,1990,2351,2445,2698,124,164,255,330,375,555,622,719,816,1048,1093,1193,1408,1663,2064,2233,2652,69,276,622,738,921,1005,1053,1143,1240,1285,1332,1436,1565,1747,1927,2004,2048,2076,2193,2244,2351,2423,2528,2602,2676,0,255,336,395,561,640,729,792,914,1002,1173,1365,1597,1644,1724,1910,1959,2141,2233,2263,2297,2446,2541,99,211,505,642,700,729,788,962,1048,1159,1250,1332,1365,1408,1668,1747,2004,2110,2622];[0,2,4,3,0,4,0,1,2,4,4,2,3,2,0,0,1,0,0,1,2,4,3,4,2,3,3,1,4,4,0,3,0,1,1,2,0,3,4,4,4,1,1,2,3,2,4,0,0,0,4,1,4,0,1,3,3,0,2,2,1,0,0,2,2,1,0,2,3,2,1,0,3,1,4,1,1,1,3,3,2,4,2,1,2,2,1,1,1,4,1,3,3,1,1,4,3,3,4,1,4,4,4,1,2,2,0,0,2,3,0,4,2,2,1,1,0,3,1,0,4,0,3,0,0,3,1,0,1,2,1,3,3,1,4,4,4,1,1,4,1,0,0,1,3,1,3,3,0,4,1,4,2,3,4,2,4,4,0,0,2,3,2,3,4,1,1,2,4,1,0,0,3,2,2,4,0,3,1,0,4,2,4,1,0,2,1,2,1,0,3,0,3,4,2,3];[6,1,0,0,3,5,3,0,4,0,3,2,4,5,2,6,5,0,6,4,4,4,2,5,5,1,1,1,3,4,4,6,6,2,1,5,4,3,4,2,5,1,1,4,4,1,6,5,5,0,4,0,5,5,5,0,0,6,6,4,2,2,2,4,6,1,2,3,1,6,2,5,2,6,6,3,1,0,5,1,2,2,6,1,1,3,2,4,0,4,1,1,2,0,5,4,3,0,0,0,0,0,2,3,4,6,6,6,0,1,4,0,0,2,4,3,1,3,5,3,0,6,3,6,0,5,4,1,0,4,6,6,0,4,0,0,5,2,0,0,2,4,5,1,4,2,6,5,6,2,2,4,5,5,3,5,5,3,0,6,6,5,6,2,5,6,6,2,4,2,3,2,3,4,3,3,1,3,4,0,2,1,5,1,5,4,4,4,5,4,1,6,3,6,5,5];[[0.7966509679599704,7.966509679599704,1.0],[0.05862623274803458,0.5862623274803458,1.0],[0.7602397739740907,7.602397739740907,1.0],[0.8627037401845356,8.627037401845355,1.0],[0.09127403464611428,0.9127403464611428,1.0],[0.9024924365975527,9.024924365975528,1.0],[0.7858960565941281,7.858960565941281,1.0]]
3_DPpaulli_1_workers.fjs;6213.528893439074;351288;[0,558,706,928,945,1203,1250,1511,1652,1751,1772,2205,2452,2733,2805,283,322,447,708,751,1361,1432,1465,1593,1728,1838,1924,2044,2119,2154,2220,2271,2323,2560,2825,40,111,202,303,338,431,547,625,711,782,822,1034,1593,1656,1807,2220,2274,2403,2565,2622,2687,2705,2739,120,624,834,1074,1116,1243,1297,1425,1626,1770,1943,2139,2338,2464,2565,2648,2731,2768,0,255,321,415,458,489,822,980,1034,1168,1279,1632,1844,2054,2139,2176,2346,2487,2565,2621,2739,198,558,625,727,1183,1226,1398,1632,1836,1986,2106,2580,2597,2687,2862,0,111,202,225,255,622,896,1026,1100,1168,1290,1398,1463,1563,2373,2722,2896,322,412,910,947,1018,1135,1184,1250,1540,1585,1632,1695,1770,1837,1980,2054,2090,2106,2136,2235,2346,2453,2487,2560,2780,0,496,799,867,905,947,1126,1215,1463,1639,1719,1770,1935,1980,2060,2119,2172,2358,2464,2596,2630,2780,2896,42,120,189,245,415,496,572,622,896,1100,1203,1366,1554,1719,1907,1986,2274,2346,2480];[0,2,4,3,4,4,0,1,2,4,4,2,3,2,0,2,1,0,0,1,2,4,3,4,2,3,3,1,4,4,1,3,0,4,1,2,0,2,4,4,4,1,1,2,3,2,4,0,0,0,4,1,4,0,1,3,3,0,3,2,1,0,0,2,2,1,0,2,3,2,1,0,3,1,4,1,1,1,3,3,2,1,3,1,2,2,1,1,1,4,1,3,3,1,1,4,3,3,4,4,4,4,4,1,2,2,0,0,2,3,0,4,2,2,1,1,0,3,1,0,4,0,3,0,0,3,1,0,1,2,1,3,3,1,4,1,1,1,1,4,1,0,0,1,3,0,3,3,0,4,1,4,2,3,4,2,4,4,0,0,2,3,2,3,4,1,1,2,2,1,0,0,3,2,2,4,0,3,1,0,4,2,4,1,0,2,1,2,1,0,3,0,3,4,2,3];[5,4,4,6,1,5,0,2,0,0,1,6,2,1,6,5,3,0,2,0,2,4,4,3,1,1,1,1,5,0,0,5,1,1,1,1,0,5,1,2,5,0,1,1,4,5,2,5,4,5,4,0,0,3,5,0,3,6,3,4,4,0,2,4,6,5,6,2,4,4,4,4,5,6,0,4,6,0,0,1,4,6,1,3,1,5,1,3,6,5,1,1,6,0,4,1,3,4,1,0,6,4,1,3,0,4,6,6,0,2,2,2,0,2,2,1,6,3,5,3,5,2,3,6,0,4,4,5,0,4,3,6,0,5,4,0,6,1,0,1,2,4,5,1,4,6,2,3,2,2,1,2,2,5,3,5,2,2,0,2,6,2,6,5,6,3,3,2,2,4,2,5,5,0,4,3,1,5,4,0,2,0,4,3,5,4,3,3,6,3,5,5,5,6,3,5];[[0.5209484070219088,5.209484070219088,1.0],[0.42125020101147315,4.212502010114731,1.0],[0.22094517308324657,2.2094517308324657,1.0],[0.13033708391670573,1.3033708391670573,1.0],[0.48395776843282956,4.839577684328296,1.0],[0.6260889663051598,6.260889663051597,1.0],[0.6211218319323739,6.21121831932374,1.0]]
3_DPpaulli_1_workers.fjs;6352.275519595534;875616;[37,277,339,519,989,1103,1175,1623,1652,1733,1761,2212,2497,2789,2905,0,37,127,222,443,585,708,929,1092,1174,1467,1553,1761,1971,2006,2151,2236,2518,2575,2692,133,288,415,499,538,741,806,1006,1289,1427,1467,1711,1759,1792,1885,1917,2087,2151,2226,2334,2508,2526,2632,88,208,288,366,415,654,708,831,1092,1195,1260,1962,2050,2099,2187,2220,2421,2940,127,222,288,372,415,527,592,759,1000,1092,1187,1273,1409,1573,1994,2020,2076,2360,2432,2846,2947,168,638,848,929,1126,1427,2020,2050,2070,2283,2370,2432,2692,2784,2947,450,490,708,729,759,848,922,1127,1175,1238,1282,1343,1400,2421,2610,2896,2905,0,348,499,538,592,806,989,1062,1092,1137,1273,1331,1500,1536,1652,1733,1934,1950,2295,2431,2518,2575,2620,2857,2877,0,79,168,360,519,581,680,1024,1127,1174,1452,1500,1716,1764,1844,1917,1934,1993,2220,2448,2482,2764,2846,0,402,660,929,1260,1365,1573,1623,1733,1836,1917,1962,2187,2334,2553,2632,2692,2764,2789];[0,2,4,3,0,4,0,1,2,4,4,2,3,2,0,0,1,0,0,1,2,4,3,4,2,3,3,1,4,4,1,3,0,4,1,2,0,3,4,4,4,1,1,2,3,2,0,0,0,0,4,1,4,0,1,3,3,0,3,2,1,0,0,2,2,1,0,2,3,2,1,0,3,1,4,1,1,1,3,3,2,1,3,1,2,2,1,1,1,4,1,3,3,1,1,4,3,3,4,4,2,4,4,1,2,2,0,0,2,3,0,4,2,2,1,1,0,3,1,0,4,0,3,0,0,3,1,0,1,2,1,3,3,1,4,4,4,1,1,4,1,0,0,1,3,1,3,3,0,4,1,4,2,3,4,2,4,4,0,0,3,3,2,3,4,1,1,2,2,1,0,0,3,2,2,4,0,3,1,0,4,2,4,1,0,2,1,2,1,0,3,0,3,4,2,3];[2,1,1,4,6,5,0,2,6,0,3,6,2,2,2,4,3,0,1,6,6,4,0,5,6,1,1,1,4,0,1,2,1,0,1,2,0,3,0,4,5,0,2,4,4,5,4,5,5,5,4,0,6,3,5,4,3,6,5,2,2,2,1,4,2,3,2,1,4,3,6,5,4,1,6,1,1,0,5,1,0,6,1,3,1,3,2,5,6,4,1,4,2,0,5,4,6,3,0,0,4,4,2,2,1,3,3,5,0,5,4,0,0,2,0,1,4,2,5,3,5,0,3,2,0,4,4,3,0,6,6,1,0,5,2,3,5,1,2,2,1,6,5,1,6,3,2,5,3,2,6,0,5,5,0,2,5,3,1,2,1,4,6,4,2,4,3,2,0,2,5,5,5,0,6,3,1,1,4,6,6,1,4,3,0,2,4,6,6,3,6,5,1,2,2,5];[[0.49734142093980327,4.973414209398033,1.0],[0.35999045686025677,3.5999045686025677,1.0],[0.7220617567237175,7.220617567237175,1.0],[0.44672126724761885,4.4672126724761885,1.0],[0.4533596515962979,4.533596515962978,1.0],[0.025925678678183073,0.25925678678183073,1.0],[0.33490089376309407,3.3490089376309404,1.0]]
3_DPpaulli_1_workers.fjs;6206.913863924246;3099576;[91,133,419,505,761,1001,1024,1098,1389,1480,2088,2451,2549,2561,2622,0,209,350,419,460,542,1078,1148,1243,1480,1583,1669,1723,1798,1945,2039,2088,2359,2422,2838,55,263,350,440,475,619,684,826,971,1038,1105,1193,1467,1500,1642,1833,2141,2211,2548,2607,2656,2674,2772,325,626,706,1087,1135,1292,1501,1798,1884,1910,1973,2018,2088,2125,2389,2422,2505,2871,0,350,521,615,703,768,866,965,1165,1257,1351,1884,1948,2039,2245,2271,2422,2528,2713,2774,2879,0,91,684,1038,1255,1547,1663,1735,1754,2213,2298,2394,2722,2838,2879,285,782,912,933,1276,1361,1579,1690,1910,2002,2328,2394,2451,2548,2633,2713,2774,0,294,433,451,542,850,898,971,1003,1048,1111,1276,1361,1397,1483,1547,1690,1705,1735,1796,2154,2211,2346,2482,2633,161,231,323,382,615,657,736,782,885,954,1038,1205,1438,1573,1653,1705,1738,1910,2002,2074,2110,2561,2722,91,168,209,263,433,565,626,736,936,1127,1346,1547,1600,1796,2046,2141,2275,2411,2803];[0,2,4,3,4,4,0,1,2,4,4,2,4,2,0,0,1,0,0,1,2,4,3,4,2,3,3,1,4,4,1,3,0,4,1,2,0,3,4,4,4,1,1,2,3,2,0,0,0,0,4,1,4,0,1,3,3,0,2,2,1,0,0,2,2,1,0,2,3,2,1,0,3,1,4,0,1,1,3,3,2,1,3,1,2,2,1,1,1,4,1,3,3,1,1,4,3,3,4,4,2,4,4,1,2,2,0,0,2,3,0,4,2,2,1,1,0,3,1,0,4,0,3,0,0,3,1,0,1,2,1,3,3,1,4,4,4,1,1,4,1,0,0,1,3,1,3,3,0,4,1,4,2,3,4,2,4,4,0,0,3,3,2,3,4,1,1,2,2,1,0,0,3,2,2,4,0,3,1,0,4,2,4,1,0,2,1,2,1,0,3,0,3,4,2,3];[2,1,1,0,1,5,0,2,4,0,1,2,1,1,6,5,5,0,3,4,6,4,0,4,2,1,1,1,4,5,1,0,1,4,1,1,4,2,1,5,5,1,2,6,4,1,4,5,3,0,4,0,4,5,5,0,0,1,6,4,4,6,4,4,2,5,5,0,4,3,4,5,4,3,1,5,3,4,0,1,2,6,1,3,1,5,1,1,6,4,1,6,6,0,5,3,0,2,0,5,1,0,1,3,2,6,5,5,1,4,4,2,0,3,4,0,6,2,6,3,5,0,3,2,5,4,4,4,0,4,3,6,0,4,0,6,0,2,2,0,2,6,5,1,4,0,2,5,2,2,2,0,2,5,0,2,5,3,0,6,3,4,3,1,6,6,3,2,5,0,3,2,3,5,3,3,1,4,4,1,6,2,5,2,0,5,5,0,6,5,3,6,4,1,1,5];[[0.4211249061401,4.211249061401,1.0],[0.9761073344853062,9.761073344853061,1.0],[0.6132800246752349,6.132800246752349,1.0],[0.6930423279788359,6.930423279788359,1.0],[0.5088628354481554,5.088628354481553,1.0],[0.18781156668551158,1.8781156668551158,1.0],[0.830121874145001,8.301218741450011,1.0]]
3_DPpaulli_1_workers.fjs;6234.552603093043;1143684;[0,95,157,405,864,1196,1219,1520,1912,2077,2264,2384,2415,2580,2809,45,300,709,823,868,966,1035,1069,1397,1544,1645,1731,2077,2160,2199,2547,2630,2707,2743,2814,157,228,402,532,800,890,955,977,1331,1397,1437,1516,1574,1607,1750,1912,2013,2098,2396,2521,2588,2689,2743,253,333,490,549,651,709,771,1703,1820,1846,1968,2162,2224,2308,2406,2438,2521,2603,0,95,169,261,493,615,673,762,1110,1249,1434,1645,1860,1966,2152,2178,2300,2594,2666,2722,2814,0,179,300,405,572,649,674,1035,1566,2080,2162,2224,2507,2674,2896,55,228,709,730,943,1258,1350,1434,1482,1707,1786,1847,1904,2232,2300,2663,2885,0,210,333,351,405,490,549,769,823,1110,1157,1194,1282,1504,1581,1750,1951,1986,2014,2223,2327,2384,2427,2558,2723,420,532,590,674,777,864,1023,1174,1284,1437,1572,1789,1968,2013,2097,2178,2453,2511,2606,2664,2700,2814,2899,91,169,597,711,835,966,1063,1110,1219,1269,1504,1549,1781,1847,2001,2438,2558,2639,2746];[0,2,4,3,2,4,0,1,2,4,4,2,4,2,0,0,1,0,0,1,2,4,3,4,2,3,3,1,4,4,1,3,0,1,1,2,0,2,4,4,4,1,1,2,3,2,4,0,0,0,4,1,4,0,1,3,3,0,3,2,1,0,0,2,2,1,0,2,3,2,1,0,3,1,4,0,1,1,3,1,2,1,3,1,2,2,1,1,1,4,1,3,3,1,1,4,3,3,4,4,4,4,4,1,2,2,0,0,2,3,0,4,2,2,1,1,0,3,1,0,4,0,3,0,0,3,1,0,1,2,1,3,3,1,4,1,4,1,1,4,1,0,0,1,3,1,3,3,0,4,1,4,2,3,3,2,4,4,0,0,3,3,2,3,4,1,1,2,2,1,0,0,3,2,2,4,0,3,1,0,4,2,4,1,0,2,1,2,1,0,3,0,3,4,2,3];[0,1,0,3,3,5,0,2,1,0,3,2,1,3,5,5,3,0,3,6,6,4,2,2,1,1,1,1,3,4,5,6,6,3,1,1,4,4,6,0,5,1,1,2,4,5,4,5,3,3,4,0,2,3,5,4,3,6,5,2,1,3,4,5,6,5,5,4,6,6,6,5,5,6,0,2,1,4,5,1,0,6,1,3,1,5,2,5,6,4,1,1,6,0,4,1,0,2,3,1,0,4,2,2,2,2,6,5,0,4,1,2,0,2,4,3,0,3,5,3,0,4,3,2,5,5,4,2,0,4,0,5,0,1,2,0,4,1,0,0,2,6,5,1,4,6,6,3,2,2,0,2,0,5,5,2,5,3,1,2,3,4,0,4,4,6,3,4,4,2,3,2,4,5,0,3,1,5,4,1,2,2,3,1,5,5,4,3,6,1,3,5,0,6,3,5];[[0.4831103964860096,4.831103964860096,1.0],[0.9021829992468611,9.02182999246861,1.0],[0.5374571935128641,5.374571935128642,1.0],[0.8761340971511191,8.761340971511192,1.0],[0.573156942708234,5.7315694270823405,1.0],[0.994523847851402,9.945238478514021,1.0],[0.3574465703190305,3.574465703190305,1.0]]
3_DPpaulli_1_workers.fjs;6334.0748148772645;310932;[0,423,547,615,667,1571,1816,2081,2113,2253,2274,2340,2371,2470,2763,109,169,263,373,595,875,942,1149,1246,1571,1592,1678,1795,1903,1991,2261,2556,2635,2696,2742,40,176,354,492,568,667,860,885,972,1038,1084,1507,1594,1692,1785,1937,1991,2197,2255,2670,2703,2721,2853,274,354,468,547,589,647,710,774,860,1144,1246,1592,1764,2006,2197,2308,2388,2703,0,95,176,686,793,876,933,1061,1207,1299,1391,1483,1541,1862,2055,2127,2297,2483,2555,2612,2754,0,225,304,383,449,467,565,774,1334,1446,1528,1763,1795,2094,2131,0,166,383,535,769,854,971,1149,1306,1403,1446,1627,1879,1991,2403,2670,2813,269,414,468,632,686,770,975,1055,1103,1338,1697,1870,1970,2127,2197,2261,2388,2403,2431,2470,2555,2635,2867,2931,2951,40,109,166,292,331,414,493,535,824,1078,1149,1182,1638,1683,1823,2113,2197,2371,2609,2625,2659,2785,2919,91,263,493,818,942,1182,1253,1306,1541,1683,1780,1948,2312,2470,2556,2635,2713,2853,2874];[0,2,4,3,0,4,0,1,2,4,4,2,4,2,0,0,1,0,0,1,2,4,3,4,2,3,3,1,4,4,1,3,0,1,1,2,0,3,4,4,4,1,1,2,3,2,4,0,0,0,4,1,4,0,1,3,3,0,3,2,1,0,0,2,2,1,0,2,3,2,1,0,3,1,4,0,1,1,3,3,2,4,3,1,2,2,1,1,1,4,1,3,3,1,1,4,3,3,4,1,4,4,4,1,2,2,0,0,2,3,0,4,2,2,1,1,0,3,1,0,1,0,3,0,0,3,1,0,1,2,1,3,3,1,4,4,4,1,1,4,1,0,0,1,3,1,3,3,0,4,1,4,2,3,4,2,4,4,0,0,2,3,2,3,4,1,1,2,4,1,0,0,3,2,2,4,0,3,1,0,4,2,4,1,0,2,1,2,1,0,3,0,3,4,2,3];[3,1,1,2,3,5,0,0,4,0,1,2,4,5,5,5,2,0,3,6,5,4,5,2,2,1,1,1,6,2,5,0,1,5,1,5,0,5,5,3,5,0,2,2,4,1,3,5,5,0,4,0,5,3,5,0,0,1,2,2,0,0,4,2,6,5,6,0,3,2,2,5,0,0,5,2,1,4,6,1,4,4,6,6,1,3,5,5,0,3,1,1,6,0,4,4,0,2,1,4,4,0,2,2,2,6,6,6,1,2,1,0,0,3,0,6,1,1,3,3,0,4,3,6,0,4,4,1,0,5,3,5,0,4,0,5,1,2,4,1,1,6,5,1,4,0,6,5,2,2,6,0,2,5,3,6,5,3,0,6,6,5,3,3,4,6,4,2,4,0,3,2,3,0,3,3,1,0,4,1,2,5,4,4,1,5,4,4,1,3,3,6,2,6,5,5];[[0.34661995661142697,3.4661995661142697,1.0],[0.2286410960833074,2.286410960833074,1.0],[0.012392470279078194,0.12392470279078194,1.0],[0.9308270259025113,9.308270259025113,1.0],[0.3225145761620236,3.225145761620236,1.0],[0.0006954578022455582,0.006954578022455582,1.0],[0.2097170717940725,2.097170717940725,1.0]]
3_DPpaulli_1_workers.fjs;6270.10739649456;323592;[734,912,1228,1253,1312,1490,1513,1725,1754,1858,2208,2280,2626,2637,2857,0,92,177,323,530,845,1079,1155,1300,1312,1493,1753,1832,1907,2142,2528,2637,2755,2828,2873,0,245,666,757,798,959,1066,1088,1207,1300,1340,1407,1457,1637,1729,1946,2015,2080,2223,2365,2394,2412,2791,0,607,807,866,914,1081,1143,1221,1307,1466,1772,2126,2182,2277,2365,2394,2513,2632,0,177,251,335,375,436,489,686,723,1046,1307,1457,1634,1772,1989,2056,2444,2695,2772,2845,2946,436,607,913,1155,1249,1879,1925,1955,1975,2080,2162,2223,2262,2456,2701,73,168,304,375,406,544,723,807,891,1570,1620,1760,1832,1988,2477,2573,2590,113,251,335,353,407,489,531,612,641,866,922,991,1066,1143,1393,1457,1620,1725,2223,2365,2456,2557,2632,2705,2772,0,271,331,399,489,531,815,913,995,1079,1267,1518,1589,1634,1816,1907,1929,1988,2110,2311,2345,2550,2705,78,489,610,676,815,1024,1174,1335,1435,1754,1835,1955,2489,2549,2626,2705,2774,2845,2866];[0,2,4,3,4,4,0,1,2,4,4,2,3,2,0,0,1,0,0,1,2,4,3,4,2,3,3,1,4,4,0,3,0,1,1,2,0,3,4,4,4,1,1,2,3,2,4,0,0,0,4,1,4,0,1,3,3,0,3,2,1,0,0,2,2,1,0,2,3,2,1,0,3,1,4,1,1,1,3,1,2,4,2,1,2,2,1,1,1,4,1,3,3,1,1,4,3,3,4,1,4,4,4,1,2,2,0,0,2,3,0,4,2,2,1,1,0,3,1,0,4,0,3,0,0,3,1,0,1,2,1,3,3,1,4,4,1,1,1,4,1,0,0,1,3,0,3,3,0,4,1,4,2,3,4,2,4,4,0,0,3,3,2,3,4,1,1,2,4,1,0,0,3,2,2,4,0,3,1,0,4,2,4,1,0,2,1,2,1,0,3,0,3,4,2,3];[2,4,2,3,6,5,2,2,6,0,6,2,2,2,6,6,5,0,3,4,5,4,4,3,3,1,1,1,3,0,1,0,6,2,1,4,0,0,5,2,5,1,2,6,4,5,0,5,1,3,4,0,2,0,5,4,2,6,3,2,0,3,2,5,6,5,1,3,4,3,2,5,2,3,0,3,5,4,5,4,4,2,5,1,1,3,2,6,6,1,1,1,5,0,4,4,1,3,1,1,0,0,2,6,0,6,6,5,1,4,1,3,0,6,2,6,4,3,6,3,6,5,3,2,5,5,4,1,0,4,2,5,0,5,2,2,6,5,0,6,2,6,5,1,4,1,6,5,6,2,0,4,5,5,0,1,1,3,0,6,1,0,3,0,4,6,4,4,0,0,5,2,3,0,0,3,1,1,4,0,2,5,0,1,3,2,5,4,1,3,5,6,4,1,0,5];[[0.8559393885152179,8.55939388515218,1.0],[0.8004839408308784,8.004839408308783,1.0],[0.5938433496209707,5.938433496209708,1.0],[0.8870093324131678,8.870093324131679,1.0],[0.741558169706834,7.4155816970683395,1.0],[0.8097670389513107,8.097670389513107,1.0],[0.2247324103169328,2.247324103169328,1.0]]
3_DPpaulli_1_workers.fjs;6242.703028659034;867744;[0,583,645,742,759,1294,1531,1753,1926,2222,2248,2314,2344,2712,2859,149,396,700,859,906,1033,1100,1133,1317,1482,1500,1586,1678,1765,1800,1933,2214,2600,2798,2843,0,71,149,232,267,496,561,604,700,767,811,1164,1214,1247,1378,1500,1782,1865,2381,2438,2470,2692,2729,184,267,336,396,508,645,1100,1164,1349,1821,1996,2344,2464,2499,2600,2662,2762,2799,0,103,420,508,767,811,871,988,1351,1443,1846,1996,2069,2177,2222,2349,2488,2590,2742,2799,2900,232,357,420,496,621,669,869,1164,1247,1444,1661,1804,2050,2438,2692,336,376,583,690,768,1238,1529,1613,1661,1722,1908,2069,2126,2273,2349,2473,2914,125,184,376,508,726,855,897,970,1025,1117,1255,1326,1408,1804,1932,2014,2054,2131,2175,2296,2381,2499,2623,2692,2783,0,71,125,193,566,621,700,871,986,1033,1213,1255,1482,1541,1621,1661,1874,1977,2159,2406,2438,2541,2641,0,237,278,561,956,1000,1070,1117,1214,1401,1500,1613,1765,1821,2217,2410,2470,2541,2729];[0,2,4,3,4,4,0,1,2,4,4,2,4,2,0,0,1,0,0,1,2,4,3,4,2,3,3,1,4,4,0,3,0,1,1,2,0,3,4,4,4,1,1,2,3,2,4,0,0,0,4,1,4,0,1,3,3,0,2,2,1,0,0,2,2,1,0,2,3,2,1,0,3,1,4,0,1,1,3,1,2,1,2,1,2,2,1,1,1,4,1,3,3,1,1,4,3,3,4,4,2,4,4,1,2,2,0,0,2,3,0,4,2,2,1,1,0,3,1,0,4,0,3,0,0,3,1,0,1,2,1,3,3,1,4,4,4,1,1,4,1,0,0,1,3,1,3,3,0,4,1,4,2,3,4,2,4,4,0,0,3,3,2,3,4,1,1,2,2,1,0,0,3,2,2,4,0,3,1,0,4,2,4,1,0,2,1,2,1,0,3,0,3,4,2,3];[0,1,3,2,2,5,0,2,6,0,1,6,1,2,6,3,2,0,5,4,5,4,2,3,4,1,1,1,4,4,0,2,5,1,1,1,0,5,1,5,5,1,2,6,4,1,6,5,4,5,4,0,6,3,5,0,4,6,6,2,2,0,4,4,6,3,4,3,1,6,4,4,2,0,0,2,6,4,4,1,3,6,6,1,1,0,2,5,1,4,1,5,2,0,4,4,3,0,4,1,2,0,1,3,4,0,3,5,1,4,2,1,0,6,4,2,0,2,6,3,0,4,3,2,0,4,4,2,0,2,2,0,0,1,2,3,5,1,0,3,2,6,5,1,4,0,6,5,2,2,6,4,2,5,3,2,1,3,0,6,4,1,0,0,6,6,2,2,6,2,5,2,4,6,3,3,1,5,4,1,6,6,6,1,1,0,4,5,5,1,1,6,1,1,5,5];[[0.5198238265685563,5.198238265685563,1.0],[0.9583988744400509,9.583988744400509,1.0],[0.3402956357666065,3.402956357666065,1.0],[0.7081849781179302,7.081849781179303,1.0],[0.9252189405445452,9.252189405445453,1.0],[0.05032666735654623,0.5032666735654623,1.0],[0.6613275461751585,6.613275461751585,1.0]]
3_DPpaulli_1_workers.fjs;6273.5092264105715;3653484;[85,356,666,935,960,1164,1263,1598,1727,1813,1966,2029,2059,2206,2658,130,200,423,491,560,832,1068,1263,1396,1497,1518,1604,1691,1834,2134,2206,2313,2748,2784,2829,60,535,613,779,842,935,1020,1045,1131,1207,1269,1336,1393,1634,1809,1912,1966,2070,2229,2286,2381,2476,2784,133,418,642,1072,1114,1207,1433,1503,1608,1634,1752,2267,2393,2555,2658,2691,2778,2850,0,134,200,284,327,369,424,523,705,797,842,929,1766,1868,1912,1938,1995,2430,2572,2686,2841,85,421,549,638,735,753,990,1052,1336,1727,2063,2172,2232,2412,2900,495,535,713,736,911,1035,1131,1215,1363,1495,1691,1842,1906,2164,2313,2447,2537,0,282,335,369,424,687,768,1131,1215,1260,1310,1383,1458,1538,1627,1769,2030,2097,2125,2325,2447,2504,2537,2633,2818,0,216,490,628,666,708,787,829,913,960,1035,1310,1458,1518,1598,1868,2003,2129,2365,2381,2504,2818,2912,0,93,170,224,284,314,369,820,1886,2045,2129,2172,2286,2399,2476,2555,2615,2686,2707];[0,2,4,3,2,4,0,1,2,4,4,2,4,2,0,0,1,0,0,1,2,4,3,4,2,3,3,1,4,4,1,3,0,1,1,2,0,3,4,4,4,1,1,2,3,2,0,0,0,0,4,1,4,0,1,3,3,0,2,2,1,0,0,2,2,1,0,2,3,2,1,0,3,1,4,0,1,1,3,3,2,4,3,1,2,2,1,1,1,4,1,3,3,1,1,4,3,3,4,4,2,4,4,1,2,2,0,0,2,3,0,4,2,2,1,1,0,3,1,0,4,0,3,0,0,3,1,0,1,2,1,3,3,1,4,1,4,1,1,4,1,0,0,1,3,1,3,3,0,4,1,4,2,3,4,2,4,4,0,0,3,3,2,3,4,1,1,2,4,1,0,0,3,2,2,4,0,3,1,0,4,2,4,1,0,2,1,2,1,0,3,0,3,4,2,3];[0,1,4,2,1,5,0,2,5,0,3,4,3,1,6,3,0,0,3,4,3,4,3,6,6,1,1,1,6,4,6,5,6,2,1,6,0,5,5,2,5,0,2,4,4,5,0,5,5,1,4,0,3,3,5,0,6,6,6,4,3,0,1,5,6,3,5,3,3,6,6,6,4,3,5,5,3,0,5,1,3,2,6,1,1,3,1,6,2,1,1,6,2,0,5,1,2,5,5,3,1,4,0,2,0,1,6,5,6,4,2,0,0,6,2,3,3,5,6,3,3,4,3,3,5,5,4,3,0,6,2,4,0,1,4,2,2,2,2,6,2,4,5,1,4,5,6,5,3,2,0,4,5,5,5,2,5,2,0,6,4,6,0,4,4,4,3,2,0,0,1,0,5,1,2,3,1,0,4,1,6,6,0,6,5,0,0,2,1,3,5,5,1,1,0,5];[[0.18019241848515155,1.8019241848515155,1.0],[0.48736227300275514,4.873622730027551,1.0],[0.07759170039841756,0.7759170039841756,1.0],[0.5225667244081349,5.2256672440813485,1.0],[0.9196433340252647,9.196433340252646,1.0],[0.8762509611803474,8.762509611803473,1.0],[0.5029695910906639,5.029695910906638,1.0]]
3_DPpaulli_9_workers.fjs;5394.688028613864;677220;[499,525,777,887,970,1321,1434,1462,1473,1682,1836,2011,2186,2286,2424,94,228,256,364,375,406,525,548,853,985,1079,1147,1199,1256,1467,1594,1764,1890,1973,2330,43,118,140,318,587,636,933,1158,1321,1410,1462,1516,1590,1779,1953,1979,2011,2044,2114,2186,2259,2333,2385,17,118,190,437,578,739,829,892,1056,1256,1383,1656,1699,2013,2178,2251,2350,2394,63,234,327,364,446,486,635,755,933,982,1063,1232,1483,1585,1671,1764,1843,1975,2073,2368,2506,20,206,371,393,487,635,755,1064,1194,1334,1410,1558,1854,1979,2201,163,234,398,703,864,1004,1080,1205,1344,1483,1579,1652,1840,1953,2093,2151,2467,0,43,230,324,433,548,701,777,853,919,1205,1241,1301,1516,1557,1656,1710,1743,1812,1872,1896,2013,2113,2332,2426,75,287,347,433,483,565,636,713,755,829,871,892,1285,1404,1480,1590,1734,2049,2093,2237,2279,2333,2385,0,56,112,197,231,592,756,810,994,1079,1147,1208,1297,1422,1557,1682,1817,2104,2394,0,104,256,483,565,805,919,1004,1050,1124,1239,1322,1589,1671,1707,1896,1908,1975,2308,0,327,658,736,817,958,1004,1064,1124,1187,1256,1297,1557,1843,1874,1961,1972,2179,2350,2468,2506,163,278,324,383,499,626,717,892,933,994,1383,1483,1652,1812,1872,2079,0,59,197,287,406,578,636,658,745,852,865,1136,1301,2259,2410,2492,0,44,153,592,701,739,1004,1055,1136,1208,1345,1467,1543,1686,1734,1887,1979,2114,2200,2251,2329,2363,2438,2468,2510];[3,6,2,0,7,5,1,7,2,1,6,3,3,2,7,2,0,5,7,2,7,3,7,0,2,4,6,5,1,4,4,3,7,1,2,3,6,6,0,2,0,2,2,4,7,1,6,7,7,6,2,1,0,3,7,1,6,0,4,3,1,3,4,0,1,4,2,4,0,7,7,7,4,3,7,7,0,2,7,6,6,5,4,0,5,3,1,3,5,6,3,2,3,4,2,5,0,2,5,1,2,2,3,4,5,3,2,4,0,5,7,2,2,3,0,4,5,1,7,7,6,0,3,6,7,0,4,2,2,3,6,6,1,5,3,2,5,6,3,4,2,2,1,2,0,0,0,1,0,5,2,4,5,2,4,6,5,1,0,1,5,1,1,3,2,1,0,2,6,5,6,4,6,0,6,0,3,1,1,7,0,4,3,6,5,4,6,0,6,5,6,1,5,6,1,6,0,1,0,1,0,4,6,0,3,3,0,3,3,4,4,0,2,3,4,2,4,2,7,7,1,5,0,1,1,5,6,5,5,6,5,5,5,1,0,4,5,1,3,3,7,7,3,2,4,7,5,3,2,0,4,5,7,5,7,7,4,5,2,6,6,5,7,7,1,5,4,3,5,2,4,6,0,4,6,6,4,0,1,6,4,6,5,4,6,0,0,4,1,4,0,1,1];[10,0,4,10,2,11,9,8,8,0,7,11,4,5,6,1,9,3,8,6,10,10,9,10,7,2,3,7,10,10,2,6,0,11,2,5,0,7,11,5,7,9,10,2,0,4,1,5,11,3,2,2,8,3,0,9,5,9,11,9,5,11,11,9,5,0,4,6,11,9,4,0,10,10,7,5,9,11,7,0,0,11,10,11,5,0,8,3,0,8,7,1,2,6,10,3,0,7,3,2,9,8,11,1,10,10,0,5,11,10,3,6,11,6,2,10,7,8,0,0,1,3,2,11,11,7,7,7,3,9,4,0,6,6,5,7,1,11,4,5,7,10,6,6,5,5,3,7,1,1,3,1,0,0,10,4,3,1,4,6,5,1,9,0,6,6,4,7,1,0,9,6,9,5,8,6,6,3,8,4,8,8,0,8,2,2,3,2,8,2,10,8,3,8,0,7,0,6,1,3,4,4,3,6,1,8,9,9,1,10,11,10,5,4,11,11,10,8,10,3,11,9,7,1,6,5,8,5,6,7,1,1,8,8,2,9,1,2,1,5,6,6,5,5,8,5,3,9,8,5,9,4,1,3,4,10,8,7,3,0,2,1,2,11,6,0,11,5,7,6,10,8,4,6,11,6,0,4,6,2,7,1,10,4,10,11,11,2,7,11,8,4,1];[[0.7773566427005639,7.7735664270056395,1.0],[0.6698255595592497,6.698255595592498,1.0],[0.09913960392481702,0.9913960392481702,1.0],[0.35297051119014544,3.529705111901454,1.0],[0.4679077429008419,4.679077429008419,1.0],[0.5346837414708775,5.346837414708775,1.0],[0.9783090609123973,9.783090609123974,1.0],[0.13031535015865903,1.3031535015865903,1.0],[0.6712434682302663,6.712434682302662,1.0],[0.36422941594737557,3.6422941594737557,1.0],[0.48883570716198577,4.888357071619858,1.0],[0.20301221073405373,2.0301221073405373,1.0]]
3_DPpaulli_9_workers.fjs;5453.971969580922;1353888;[0,377,474,730,1046,1296,1521,1550,1588,1655,2010,2054,2143,2349,2459,140,245,439,603,615,633,809,831,902,1140,1202,1399,1477,1527,1576,2152,2225,2319,2415,2462,0,68,93,720,851,912,968,1016,1052,1140,1202,1259,1324,1387,1451,1576,1596,1768,1920,2017,2264,2380,2459,0,207,281,444,739,1054,1072,1387,1432,1595,1699,1774,1865,2197,2286,2390,2486,2529,174,292,465,538,616,717,809,870,976,1319,1432,1588,1692,1831,1898,1997,2049,2143,2205,2308,2486,56,93,120,140,242,902,1338,1353,1486,1532,1913,2097,2282,2342,2402,155,227,323,378,415,609,668,902,1046,1382,1465,1493,1634,1815,2077,2153,2377,68,190,261,292,339,428,554,623,668,814,1007,1070,1353,1550,1588,1688,1774,1841,1908,1929,1957,2025,2079,2264,2515,25,115,155,317,364,439,474,846,942,1016,1054,1140,1200,1301,1317,1363,1655,1960,2210,2304,2342,2406,2515,0,61,474,575,613,698,976,1010,1054,1140,1225,1353,1460,1482,1687,1754,2030,2385,2459,261,390,616,739,822,877,961,1073,1140,1317,1550,1742,1831,1913,1952,2141,2212,2305,2323,61,78,236,292,381,428,478,538,554,668,744,870,1596,1743,1952,2030,2090,2197,2224,2308,2459,0,61,322,474,575,699,1130,1255,1438,1644,1730,1831,1980,2077,2285,2323,0,170,503,655,795,891,1223,1451,1540,1755,1793,1861,1921,2077,2197,2342,0,120,528,698,720,791,801,942,1122,1200,1230,1324,1348,1428,1477,1602,1682,1755,1841,1921,2002,2205,2305,2390,2529];[1,6,1,1,7,3,1,7,1,0,1,2,6,4,5,0,1,0,2,7,7,7,7,0,5,7,6,6,0,7,5,5,7,6,0,3,2,5,2,6,4,3,1,5,7,5,4,7,5,6,0,6,2,3,7,3,5,2,5,6,2,6,4,0,0,7,7,5,3,7,7,7,4,3,4,4,4,6,7,5,3,7,4,5,5,1,1,3,2,6,5,2,6,3,1,5,3,0,2,0,7,4,3,4,1,1,4,0,4,1,2,7,3,3,3,7,7,1,1,7,6,4,3,0,6,7,4,0,2,3,5,7,5,5,4,0,2,4,3,7,7,4,1,2,4,3,0,1,7,0,3,1,0,2,1,3,1,0,0,3,6,2,1,3,4,1,6,2,6,3,1,1,6,1,0,0,3,7,4,2,1,6,0,0,0,3,2,0,0,4,4,6,1,6,1,6,0,5,5,0,0,1,6,4,3,2,5,4,3,6,7,0,0,7,3,5,6,2,7,4,1,5,0,6,5,5,4,0,1,6,5,7,2,2,0,1,0,7,4,3,2,3,0,7,0,7,6,4,4,0,6,6,6,2,7,3,2,2,3,5,6,5,1,2,2,5,4,1,2,2,3,6,6,3,6,6,4,1,1,4,6,2,3,4,5,0,5,4,3,3,2,4,1];[4,0,0,0,8,10,0,4,11,8,2,6,6,2,9,2,0,7,1,4,5,6,8,4,0,0,3,10,11,3,4,5,0,0,8,9,2,5,3,1,11,7,7,9,10,11,0,0,0,5,5,5,10,7,0,6,3,1,10,2,0,0,2,2,0,5,4,10,9,3,4,9,2,2,6,11,9,10,2,5,10,5,3,5,9,2,2,1,3,5,10,9,9,0,2,3,3,10,2,8,1,9,8,6,4,7,9,1,5,4,11,4,0,11,7,7,9,8,2,2,1,7,9,1,6,2,7,8,9,1,3,10,8,2,2,9,1,8,0,11,8,7,1,2,7,8,8,6,6,5,4,4,7,0,7,4,8,4,8,3,8,2,10,2,10,7,9,7,9,1,11,0,3,11,8,8,1,5,11,11,6,7,1,5,8,7,4,2,6,11,8,9,7,8,5,5,3,10,2,7,4,9,3,2,6,11,0,4,1,5,4,10,6,10,1,5,9,5,6,5,11,9,6,4,6,6,11,0,6,6,3,1,7,10,5,10,6,3,1,5,1,11,8,10,0,5,1,7,11,10,1,6,1,7,10,0,11,6,3,3,3,2,9,3,0,11,1,4,11,6,0,3,4,1,10,9,11,5,6,1,3,6,5,7,10,11,0,3,3,11,7,11,6];[[0.7966509679599704,7.966509679599704,1.0],[0.05862623274803458,0.5862623274803458,1.0],[0.7602397739740907,7.602397739740907,1.0],[0.8627037401845356,8.627037401845355,1.0],[0.09127403464611428,0.9127403464611428,1.0],[0.9024924365975527,9.024924365975528,1.0],[0.7858960565941281,7.858960565941281,1.0],[0.40667966546103385,4.0667966546103385,1.0],[0.37447264465852026,3.7447264465852026,1.0],[0.6490262282913547,6.490262282913547,1.0],[0.40092466608569977,4.009246660856998,1.0],[0.5721109226277574,5.721109226277575,1.0]]
3_DPpaulli_9_workers.fjs;5198.420323400686;838188;[260,310,368,399,486,594,656,684,776,844,1599,1953,2197,2256,2303,0,79,126,265,532,614,818,838,946,1013,1093,1148,1260,1429,1651,1944,2012,2087,2292,2340,55,130,156,242,354,410,684,786,889,982,1030,1303,1541,1599,1651,1740,1761,1907,1977,2081,2264,2330,2371,0,447,553,809,841,929,971,1086,1260,1355,1388,1481,1546,1715,1809,1899,2041,2330,0,55,146,188,265,335,532,817,992,1134,1203,1267,1388,1479,1546,1716,1817,1950,2043,2251,2323,391,417,558,695,1063,1145,1219,1420,1504,1564,1632,1671,1793,1997,2157,47,285,481,561,658,739,835,912,1082,1491,1642,1730,1761,1816,1881,1900,2169,137,265,360,399,638,702,739,809,1126,1203,1267,1313,1388,1469,1546,1671,1755,1893,1977,2000,2083,2146,2200,2330,2366,54,146,433,520,580,658,696,776,817,895,975,1030,1224,1314,1368,1652,1816,1900,1961,2041,2083,2141,2252,0,63,132,233,264,656,707,805,1006,1090,1176,1237,1315,1339,1682,1695,1733,1799,2041,186,247,335,475,558,614,671,788,909,991,1157,1200,1302,1384,1422,1671,2133,2200,2231,62,156,242,264,360,739,838,975,992,1066,1134,1176,1224,1302,1394,1805,1867,1977,2281,2364,2396,0,349,401,471,591,894,1160,1267,1405,1461,1548,1651,1809,1893,1961,2154,275,394,471,561,617,905,983,1039,1213,1339,1355,1645,1769,2087,2303,2379,0,17,62,335,417,471,486,531,549,618,690,775,847,923,1014,1315,1509,1585,1683,1755,1878,2146,2200,2251,2396];[3,1,1,3,3,7,1,1,7,0,3,2,6,0,6,6,1,0,7,5,4,1,2,0,7,5,4,3,7,7,4,5,1,7,5,3,6,1,1,2,0,2,1,6,7,1,4,3,4,6,4,1,0,6,7,2,7,3,4,1,5,2,4,0,1,7,7,0,0,7,6,7,4,1,7,2,5,5,5,7,6,5,2,5,6,3,6,5,3,6,7,0,0,3,2,5,5,6,7,0,1,2,2,7,2,3,1,1,5,0,1,7,0,3,2,7,0,0,7,5,4,1,3,1,6,5,4,2,1,7,0,6,1,5,4,2,3,6,5,4,1,2,0,2,1,0,7,0,0,0,3,2,3,2,7,3,5,1,0,3,7,5,6,3,2,0,2,2,4,3,6,4,7,0,6,4,1,3,4,2,4,4,7,5,0,4,1,0,0,0,2,6,6,6,1,4,3,5,7,0,4,6,6,4,4,3,1,1,3,5,1,0,2,3,4,1,6,2,2,0,4,1,6,2,3,0,7,4,1,6,2,5,5,1,1,7,0,4,4,6,2,7,3,6,4,4,5,4,7,3,6,5,7,2,7,6,2,1,4,6,2,0,7,2,5,5,0,0,2,1,2,0,6,2,4,6,3,3,3,6,3,2,5,6,0,0,0,2,1,0,4,7,1];[11,8,0,0,11,10,9,3,8,1,8,3,10,4,0,0,0,4,6,1,7,9,8,1,3,10,8,9,6,9,6,9,9,9,6,5,5,11,7,5,7,9,5,10,1,1,0,6,9,8,1,1,8,10,11,11,2,3,1,9,8,2,7,5,2,9,5,8,3,9,1,6,7,0,11,9,9,7,3,2,4,4,5,3,0,7,1,2,10,10,2,9,10,7,3,3,3,9,6,10,10,8,0,0,4,3,4,6,2,4,4,1,11,11,1,6,5,7,5,9,11,0,4,5,5,11,11,3,11,0,2,10,10,2,7,9,0,3,6,3,6,4,5,10,0,4,5,9,5,10,4,8,11,5,9,7,5,2,11,11,8,4,10,2,10,2,7,8,0,3,1,6,1,0,7,0,1,7,8,8,5,3,8,5,11,7,4,2,11,7,10,10,1,8,3,1,6,10,7,7,7,3,4,1,7,10,4,10,1,7,0,11,2,6,2,2,10,11,5,1,3,9,0,4,6,1,7,3,4,11,1,4,8,8,4,2,2,3,3,8,5,4,5,6,2,7,7,7,8,7,4,3,1,8,4,1,6,11,5,0,3,9,6,5,10,8,7,10,11,10,10,10,1,11,0,10,0,9,2,6,2,3,5,11,5,11,8,9,3,10,4,7,9];[[0.5209484070219088,5.209484070219088,1.0],[0.42125020101147315,4.212502010114731,1.0],[0.22094517308324657,2.2094517308324657,1.0],[0.13033708391670573,1.3033708391670573,1.0],[0.48395776843282956,4.839577684328296,1.0],[0.6260889663051598,6.260889663051597,1.0],[0.6211218319323739,6.21121831932374,1.0],[0.707277595965894,7.07277595965894,1.0],[0.43539590023548325,4.3539590023548325,1.0],[0.04809800715767443,0.4809800715767443,1.0],[0.2254847064342842,2.254847064342842,1.0],[0.788548045160999,7.88548045160999,1.0]]
3_DPpaulli_9_workers.fjs;5430.288716103479;474252;[0,575,1031,1104,1397,1465,1596,1737,1747,1812,1914,1955,2056,2115,2185,61,134,212,427,511,533,791,1311,1430,1479,1550,1648,1896,1933,2112,2185,2257,2342,2417,2452,289,438,467,563,653,693,756,814,895,997,1075,1146,1249,1395,1617,1671,1689,1881,1979,2053,2121,2276,2408,0,58,165,314,344,406,814,1059,1446,1584,1617,1700,1822,1950,2111,2180,2321,2493,47,102,194,344,632,827,972,1099,1197,1397,1424,1486,1625,1695,1754,2108,2147,2282,2344,2467,2529,0,58,487,826,1023,1165,1233,1700,1787,1824,1955,2190,2282,2361,2452,17,88,194,246,438,503,618,698,1005,1075,1155,1233,1515,1824,1964,1983,2344,0,88,314,383,563,672,710,791,829,904,967,1005,1118,1211,1249,1343,1397,1737,1801,1920,1945,2053,2117,2216,2426,254,358,609,790,913,1023,1060,1197,1241,1315,1430,1486,1596,1689,1705,1737,1834,1920,2039,2121,2180,2236,2332,176,333,389,474,503,578,618,710,751,846,913,972,1075,1622,2068,2179,2352,2374,2467,121,246,340,391,474,529,626,846,892,1241,1315,1358,1465,1547,1617,1705,2056,2156,2270,0,27,134,219,314,529,642,846,1045,1130,1241,1289,1446,1552,1563,1716,1844,2045,2255,2374,2452,0,165,243,406,566,592,702,790,827,1165,1241,1343,1426,1550,1608,1964,0,61,141,246,398,450,611,693,1033,1045,1737,1938,1998,2037,2276,2352,152,169,233,311,345,382,424,474,533,870,928,1105,1118,1263,1334,1527,1754,1828,1914,2034,2091,2115,2162,2190,2463];[3,1,2,6,7,0,4,7,2,3,0,2,6,3,7,2,1,0,1,2,7,6,2,0,4,4,6,2,3,5,3,3,5,6,5,3,1,6,5,2,4,3,1,6,6,1,4,4,2,6,2,3,6,3,7,1,7,7,4,1,7,5,4,0,3,7,2,0,7,7,6,7,4,4,7,4,5,5,4,5,1,2,2,0,5,6,1,5,4,0,5,0,0,2,1,0,3,6,4,5,7,4,2,7,1,7,2,0,2,1,7,6,0,3,5,6,5,0,3,1,1,3,3,2,7,7,4,4,2,7,0,2,1,6,3,6,5,6,3,1,7,4,4,7,6,0,6,6,1,1,3,7,5,2,7,3,6,0,0,7,2,0,1,3,4,1,3,2,6,4,1,4,1,2,6,6,3,3,1,7,0,3,3,2,3,7,1,2,3,0,2,2,5,6,4,2,4,1,7,6,1,4,7,0,5,3,1,3,3,0,0,2,0,3,4,0,6,2,2,0,1,5,5,6,1,0,5,4,1,1,2,5,2,5,6,4,5,1,5,4,0,0,0,2,4,3,6,4,7,2,2,6,2,7,6,3,3,2,4,2,6,5,3,5,5,5,0,0,2,2,4,6,2,6,0,7,2,3,4,4,5,2,5,6,0,0,7,4,4,6,2,1,7];[7,7,11,8,9,5,10,2,4,8,8,3,10,1,7,2,3,5,7,5,10,4,3,1,7,2,10,9,0,11,0,4,2,2,9,7,5,3,2,5,10,10,5,6,10,9,0,6,7,8,1,9,2,1,3,2,3,5,11,9,3,9,5,1,2,8,0,8,5,8,10,9,6,10,11,11,0,10,11,11,11,9,5,11,5,6,6,3,4,11,3,8,8,8,3,0,6,1,1,7,1,2,4,4,5,1,9,10,1,6,0,8,4,4,2,7,7,1,3,8,7,1,4,3,8,2,11,0,9,0,6,4,2,3,7,5,7,11,4,0,0,10,6,1,9,5,9,10,1,5,4,0,3,0,2,8,1,0,8,1,5,2,9,7,5,6,2,7,3,7,1,6,9,4,6,11,6,7,3,4,9,8,9,4,3,3,8,7,3,7,1,1,5,7,6,3,9,0,10,9,4,6,6,3,10,11,4,4,1,1,0,1,6,5,2,5,5,8,9,6,11,9,0,4,3,5,2,3,6,11,0,4,8,5,5,7,3,5,10,8,1,8,9,6,10,1,10,10,11,7,7,6,6,7,0,11,6,6,5,0,5,10,8,7,7,11,7,1,11,6,8,3,2,9,10,11,5,7,1,3,7,4,11,5,6,11,11,2,2,10,1,4,10];[[0.49734142093980327,4.973414209398033,1.0],[0.35999045686025677,3.5999045686025677,1.0],[0.7220617567237175,7.220617567237175,1.0],[0.44672126724761885,4.4672126724761885,1.0],[0.4533596515962979,4.533596515962978,1.0],[0.025925678678183073,0.25925678678183073,1.0],[0.33490089376309407,3.3490089376309404,1.0],[0.4755440242737675,4.755440242737675,1.0],[0.45132356511490823,4.513235651149082,1.0],[0.08788974506102976,0.8788974506102976,1.0],[0.29509671683068217,2.9509671683068217,1.0],[0.33863234208051063,3.3863234208051063,1.0]]
3_DPpaulli_9_workers.fjs;5179.817595225162;1942212;[0,24,242,282,370,853,917,959,969,1026,1257,1360,1506,1629,2093,20,148,202,360,511,619,786,999,1127,1204,1276,1373,1427,1461,1506,1788,1868,1965,2304,2349,93,174,258,343,413,456,520,584,619,774,903,959,1081,1170,1232,1545,1778,1881,1951,2026,2090,2247,2304,194,292,354,450,514,571,808,866,899,1149,1210,1305,1434,1570,1673,1770,2046,2404,78,129,220,258,371,410,514,587,707,1343,1486,1565,1655,1739,1804,1897,1946,2046,2107,2183,2247,274,450,572,673,1001,1081,1153,1296,1733,1770,1976,2026,2123,2152,2216,24,93,298,497,553,657,840,903,1137,1204,1442,1540,1675,1917,2145,2195,2335,0,42,144,198,282,413,451,520,571,913,1092,1206,1258,1322,1373,1458,1512,1563,1629,1649,1673,1733,1788,1848,2360,0,370,413,685,733,808,985,1162,1213,1322,1364,1427,1490,1580,1595,1632,1739,1848,1898,2123,2162,2268,2380,81,829,969,1061,1130,1282,1595,1737,1814,1898,1976,2037,2123,2145,2196,2210,2249,2268,2341,129,216,651,806,887,944,1021,1106,1226,1305,1461,1513,1655,1840,1897,2183,2245,2346,2360,0,108,204,304,399,476,522,584,598,705,876,917,963,1116,1287,1373,1571,1892,2210,2346,2380,162,253,303,360,477,645,753,853,1081,1180,1368,1512,1632,1776,1845,2263,42,103,192,476,514,591,651,700,843,1062,1144,1285,1580,1665,1936,2380,0,20,78,198,242,354,450,491,573,651,733,829,899,997,1070,1153,1232,1310,1398,1434,1490,1728,2162,2293,2335];[3,1,2,1,7,5,4,1,0,0,2,3,3,6,5,0,2,3,0,6,1,7,3,0,4,4,1,2,3,5,5,5,1,4,5,3,1,0,6,1,4,0,1,5,1,1,6,7,5,6,0,3,0,4,7,3,3,0,4,3,2,3,4,0,0,6,2,2,7,5,0,1,4,1,5,2,4,5,0,6,3,7,2,0,5,7,1,3,2,7,7,2,5,2,0,4,5,2,2,3,2,4,2,3,2,1,2,6,4,1,7,7,3,0,2,7,7,6,3,7,4,3,3,1,6,3,4,0,1,7,5,1,1,7,4,0,5,4,5,1,0,6,4,7,4,0,0,2,4,1,5,4,0,2,4,1,5,0,0,3,5,0,1,3,4,1,6,2,4,7,6,4,6,2,6,6,4,1,4,1,1,1,3,2,3,3,1,0,6,4,1,1,2,6,2,6,4,5,7,1,0,4,6,5,5,6,2,7,3,6,7,0,0,3,3,1,6,2,5,0,1,1,5,6,1,4,3,3,0,1,5,5,4,1,4,7,3,4,4,4,2,4,5,7,4,2,6,4,0,0,2,5,7,7,7,3,3,3,2,7,6,5,7,7,6,5,2,0,0,2,2,0,1,3,6,6,2,3,4,6,6,2,3,6,0,0,0,5,7,0,2,1,7];[7,7,2,4,7,6,1,2,6,7,8,6,4,2,7,5,0,6,10,1,6,9,10,1,5,2,8,4,9,9,1,3,4,5,0,7,5,11,6,4,5,4,3,9,11,10,9,3,10,3,8,4,8,9,3,2,10,8,7,1,3,11,10,0,0,5,3,4,4,8,5,5,3,0,7,7,1,3,10,5,10,2,5,11,9,9,8,3,7,9,9,6,1,11,3,10,0,7,0,4,0,3,4,10,4,10,3,7,10,4,2,9,3,4,8,6,9,2,10,7,9,6,9,0,5,7,11,3,11,0,9,5,2,9,9,9,9,2,5,0,0,3,1,11,1,5,10,8,0,6,5,6,7,5,10,0,6,7,8,11,5,2,9,2,5,8,7,2,11,9,11,6,2,10,9,11,4,0,8,0,9,7,6,2,7,2,4,2,5,11,6,2,7,1,0,9,8,3,10,1,2,1,11,8,0,7,0,6,1,10,5,11,5,5,8,2,9,8,2,1,11,11,5,4,6,11,0,11,9,11,1,4,7,8,1,2,11,0,10,5,1,5,2,4,10,8,10,1,11,10,3,6,11,2,4,10,8,7,3,1,5,6,3,5,7,8,0,1,3,6,10,5,9,9,3,7,10,8,4,3,4,4,5,11,10,3,0,7,10,2,4,4,10];[[0.4211249061401,4.211249061401,1.0],[0.9761073344853062,9.761073344853061,1.0],[0.6132800246752349,6.132800246752349,1.0],[0.6930423279788359,6.930423279788359,1.0],[0.5088628354481554,5.088628354481553,1.0],[0.18781156668551158,1.8781156668551158,1.0],[0.830121874145001,8.301218741450011,1.0],[0.8449241651217704,8.449241651217704,1.0],[0.20962821201639004,2.0962821201639006,1.0],[0.6505169872996391,6.505169872996391,1.0],[0.7003316191510263,7.003316191510263,1.0],[0.7150339547653067,7.150339547653068,1.0]]
3_DPpaulli_9_workers.fjs;5073.856966100396;1344120;[0,175,270,459,969,1062,1364,1463,1555,1657,1758,1798,1881,1973,2164,50,240,426,518,528,646,729,842,919,1019,1083,1152,1203,1244,1613,1802,2059,2134,2215,2259,123,257,302,384,453,493,564,614,646,735,851,958,1026,1083,1179,1223,1328,1364,1463,1547,1657,1803,2262,0,55,118,653,735,828,910,1026,1062,1155,1239,1403,1495,1639,1979,2049,2180,2223,0,70,396,466,542,579,672,730,842,1120,1205,1440,1532,1617,1676,1765,1957,2059,2131,2220,2331,0,24,50,70,168,254,318,334,919,994,1575,1837,1950,2117,2250,169,318,422,679,794,1052,1179,1445,1547,1800,1947,2093,2134,2190,2243,2262,2312,0,413,579,610,890,1083,1141,1220,1260,1338,1407,1445,1490,1518,1619,1803,1912,1947,2009,2093,2132,2194,2248,2313,2346,0,75,257,331,453,548,651,766,839,919,958,975,1062,1203,1296,1328,1560,1639,1689,1765,1859,2041,2153,47,118,166,268,488,575,617,752,794,950,1019,1080,1155,1428,1768,1942,2028,2049,2132,0,168,256,383,766,890,966,1135,1210,1300,1403,1473,1575,1765,1878,1950,1962,2151,2308,55,334,579,657,796,842,890,950,975,1244,1320,1361,1449,1484,1720,1824,1837,1979,2009,2117,2326,0,123,254,316,368,433,753,945,1155,1240,1328,1428,1881,1973,2029,2089,55,204,299,532,598,672,730,753,839,953,1484,1613,1726,2022,2248,2343,74,192,241,396,535,571,617,1120,1155,1223,1252,1338,1353,1442,1532,1672,1751,1824,1912,1971,2028,2049,2228,2259,2300];[1,4,2,1,1,7,1,1,0,1,1,2,3,2,7,6,0,5,2,5,3,3,3,0,5,5,4,5,1,4,3,3,6,6,0,3,1,2,1,2,4,3,3,4,1,1,7,3,1,6,3,1,2,4,7,3,7,3,2,1,2,6,4,0,1,7,2,2,3,5,6,6,4,6,4,0,5,0,7,6,2,7,2,0,5,3,6,5,5,7,0,0,3,2,0,1,7,6,6,0,5,6,3,4,5,7,4,1,6,5,7,6,0,3,4,6,5,6,7,7,4,4,3,0,3,3,3,2,1,3,3,2,5,6,3,1,2,6,0,4,1,2,3,2,1,0,7,6,4,1,5,4,3,2,7,7,7,1,0,5,1,3,7,3,2,0,4,2,1,7,6,5,4,7,1,4,4,3,1,7,0,3,0,6,5,6,5,1,0,7,6,6,6,6,1,2,4,5,5,6,1,4,6,5,4,2,0,1,3,4,4,0,1,7,4,2,4,1,5,4,4,5,6,2,5,5,5,0,6,3,5,5,6,7,4,5,0,4,6,6,7,7,2,4,0,7,6,3,2,0,2,5,4,2,0,7,1,7,2,7,1,0,0,0,6,5,5,6,2,3,4,0,1,4,0,6,3,0,0,4,4,2,2,7,5,0,7,5,1,0,2,7,7];[4,3,2,11,0,1,5,2,2,1,1,0,5,5,5,0,9,0,10,10,0,1,3,10,9,10,8,7,11,10,2,4,4,2,4,7,5,11,8,5,6,3,5,2,8,8,11,11,11,2,2,5,2,6,4,3,6,5,6,9,2,9,4,0,2,8,7,5,8,8,9,9,0,3,6,8,9,6,7,2,1,4,4,11,5,4,1,5,0,8,6,8,2,7,7,0,0,0,7,8,1,11,0,1,4,3,0,6,8,11,0,1,4,10,2,9,2,5,11,7,11,7,9,2,3,3,7,7,11,1,10,8,8,4,4,10,3,7,7,7,6,3,3,11,5,6,8,3,0,2,9,6,5,5,5,2,6,2,8,5,5,8,1,8,3,3,3,8,11,3,3,0,5,5,9,9,11,4,8,5,11,9,7,7,2,9,1,10,6,2,1,11,0,10,1,10,3,10,4,11,6,6,4,0,9,1,9,10,1,2,11,4,10,9,2,3,3,1,3,3,4,9,6,2,6,6,8,0,9,4,8,4,1,6,5,3,11,3,8,7,6,7,5,7,9,5,4,11,1,9,5,8,7,7,5,7,9,10,10,1,7,9,2,7,7,8,3,9,11,0,3,6,4,10,11,2,6,0,2,8,10,3,5,2,10,3,3,4,3,11,4,11,10];[[0.4831103964860096,4.831103964860096,1.0],[0.9021829992468611,9.02182999246861,1.0],[0.5374571935128641,5.374571935128642,1.0],[0.8761340971511191,8.761340971511192,1.0],[0.573156942708234,5.7315694270823405,1.0],[0.994523847851402,9.945238478514021,1.0],[0.3574465703190305,3.574465703190305,1.0],[0.6617299629663892,6.617299629663892,1.0],[0.4882872262788658,4.882872262788657,1.0],[0.5726412824777106,5.726412824777106,1.0],[0.32388398325139345,3.2388398325139347,1.0],[0.8072354510963532,8.072354510963532,1.0]]
3_DPpaulli_9_workers.fjs;5522.032898517786;723984;[141,355,504,629,717,766,1120,1304,1315,1377,1717,1808,2001,2123,2169,68,141,476,577,702,863,951,1014,1198,1238,1302,1374,1456,1562,1682,1746,1879,1958,2075,2387,0,424,539,681,836,881,951,1002,1036,1125,1156,1213,1289,1406,1464,1743,1958,2049,2177,2295,2368,2436,2513,0,203,272,533,613,724,863,937,1019,1125,1529,1628,1890,1959,2116,2182,2402,2494,20,141,227,303,395,435,563,626,758,805,1213,1375,1472,1549,1604,1704,1769,1997,2086,2295,2370,203,227,662,736,1289,1371,1439,1517,1744,1797,1865,1905,2051,2258,2368,0,259,563,656,717,1228,1535,1639,1743,1817,2009,2019,2064,2123,2388,2441,2494,68,110,185,215,259,306,355,435,491,563,671,845,969,1036,1078,1302,1495,1529,1704,1724,2112,2172,2232,2295,2430,110,185,259,343,395,504,589,662,736,821,1003,1241,1601,1741,1757,1821,1913,2036,2172,2256,2293,2385,2441,448,539,640,740,771,924,967,1032,1158,1241,1314,1377,1604,1629,1757,1769,1865,2182,2294,0,68,156,448,707,771,836,967,1014,1097,1505,1549,1797,1913,2001,2075,2312,2416,2456,183,206,285,305,390,435,577,640,970,1069,1156,1198,1472,1618,1919,2036,2050,2199,2265,2346,2450,141,255,367,430,545,769,867,1078,1241,1297,1374,1474,1589,1686,1905,2080,0,183,339,430,487,574,845,868,1472,1492,1611,1686,1760,1886,2232,2370,0,20,70,285,474,629,717,921,937,1002,1140,1228,1241,1359,1439,1629,1817,1900,2075,2118,2176,2222,2368,2408,2492];[1,5,2,6,3,5,4,0,0,3,6,2,6,6,5,1,4,3,0,7,3,0,0,0,6,5,4,0,3,1,5,3,5,4,1,7,1,6,1,1,0,3,4,6,0,5,7,7,6,6,3,3,5,0,7,5,5,3,6,3,3,2,4,0,7,6,2,6,1,7,7,7,4,6,7,0,4,2,2,2,2,5,2,0,6,6,5,1,4,7,0,0,6,4,2,1,1,0,7,1,2,2,2,7,2,7,1,4,2,0,4,3,0,1,4,5,5,1,4,5,0,7,3,0,6,0,4,0,2,7,6,1,1,6,7,1,2,4,5,4,7,6,4,7,6,6,0,2,4,1,2,1,3,2,7,7,5,0,3,1,1,7,7,3,2,0,2,2,4,5,1,3,7,0,6,0,6,1,1,2,0,4,7,2,1,6,3,1,0,7,1,2,2,6,4,4,3,5,5,0,4,1,6,5,3,3,5,5,3,5,1,2,2,6,3,3,4,2,6,0,7,3,5,7,1,0,3,5,1,4,5,7,3,5,0,7,3,7,4,4,7,0,5,4,4,4,5,3,4,3,4,3,5,6,7,6,7,7,2,2,1,0,3,7,3,6,2,6,4,2,3,4,6,2,6,6,4,1,1,4,2,6,2,6,0,0,1,5,3,3,7,4,7];[4,0,11,7,10,7,5,7,11,3,4,3,5,9,7,11,0,7,2,5,11,11,7,8,4,9,1,11,3,10,10,6,7,9,3,11,5,6,1,6,4,6,0,9,0,5,0,5,8,8,1,1,1,9,8,2,6,6,9,9,7,0,2,6,8,8,4,6,1,3,8,0,8,0,4,0,7,11,2,10,4,4,4,11,5,6,3,2,0,8,0,8,6,4,11,7,10,0,6,9,11,8,0,0,4,2,4,10,2,10,4,8,8,0,8,10,7,5,6,9,8,9,2,3,3,4,7,7,9,0,8,5,4,3,11,1,9,3,11,3,11,10,1,8,1,1,10,0,0,5,3,8,4,5,5,2,4,4,10,6,3,8,4,2,2,2,5,9,0,0,5,7,5,2,9,9,1,11,1,4,9,8,7,9,2,11,11,2,5,2,1,6,3,4,11,0,0,3,10,5,2,9,3,7,6,2,8,9,1,0,9,11,5,5,8,0,10,8,3,6,0,10,6,11,3,9,2,10,4,4,8,6,1,10,4,11,2,1,7,8,9,0,5,5,10,3,9,3,11,7,11,2,5,3,8,1,2,5,10,0,7,2,10,11,4,1,3,5,4,6,1,5,1,6,3,6,2,5,10,6,7,4,6,4,11,3,8,0,10,1,6,11,10];[[0.34661995661142697,3.4661995661142697,1.0],[0.2286410960833074,2.286410960833074,1.0],[0.012392470279078194,0.12392470279078194,1.0],[0.9308270259025113,9.308270259025113,1.0],[0.3225145761620236,3.225145761620236,1.0],[0.0006954578022455582,0.006954578022455582,1.0],[0.2097170717940725,2.097170717940725,1.0],[0.5179602272351016,5.179602272351016,1.0],[0.7628222106217201,7.6282221062172,1.0],[0.3089717897377221,3.089717897377221,1.0],[0.15113122452813788,1.5113122452813788,1.0],[0.07045772229012492,0.7045772229012492,1.0]]
3_DPpaulli_9_workers.fjs;5761.640313516761;2216124;[206,258,350,536,778,939,1059,1535,1687,2002,2173,2349,2481,2540,2632,0,73,105,302,367,803,1024,1056,1480,1514,1675,1753,1807,1901,1951,2013,2086,2256,2421,2466,78,145,170,277,348,392,448,501,535,629,1036,1158,1233,1462,1522,1640,1832,2100,2187,2265,2361,2421,2538,238,386,664,931,1012,1139,1158,1360,1391,1489,1665,1955,1997,2169,2299,2361,2459,2506,0,53,141,197,444,535,629,754,902,1044,1275,1337,1526,1721,1779,2212,2290,2397,2466,2550,2626,324,448,530,845,941,1217,1352,1514,1602,1966,2113,2250,2349,2559,2626,132,206,302,754,949,1077,1162,1263,1360,1602,1784,1969,2030,2283,2431,2466,2589,231,294,367,397,528,582,616,697,785,957,1018,1059,1130,1223,1337,1481,1567,1602,1665,1807,2224,2397,2464,2550,2676,0,141,444,530,931,1023,1162,1233,1308,1484,1721,1739,1851,1950,1966,1997,2100,2181,2225,2349,2422,2540,2594,0,105,153,248,403,486,583,619,854,949,1078,1408,1578,1602,1902,2187,2401,2459,2594,202,312,403,460,619,697,754,1024,1077,1279,1434,1578,1685,1784,1823,1891,1902,1955,2334,17,36,124,453,534,616,664,724,738,960,1036,1156,1205,1239,1380,1546,1794,1914,2090,2641,2673,0,183,448,528,660,686,778,864,902,1070,1210,1391,1480,2057,2172,2187,378,1136,1210,1306,1352,1480,1557,1602,1687,1697,1708,2103,2212,2330,2589,2666,0,17,63,180,202,238,277,324,350,578,845,999,1080,1432,1599,1687,1779,1851,1939,1975,2082,2283,2529,2561,2601];[3,0,2,6,3,4,1,1,1,3,2,2,6,0,7,7,1,5,1,6,3,7,3,4,7,7,1,6,3,1,5,5,1,4,2,7,2,2,5,3,0,2,2,4,0,5,4,7,6,6,1,1,6,6,7,4,7,4,6,6,7,5,4,0,3,4,7,2,0,5,0,0,4,1,5,4,0,0,4,5,3,2,4,5,6,7,1,1,3,7,5,2,5,0,3,5,1,2,0,5,7,2,3,7,4,1,4,0,2,0,2,5,3,1,3,4,7,6,1,4,0,4,3,3,7,3,3,0,2,3,6,7,5,0,7,6,2,4,0,1,2,4,4,2,1,6,0,3,1,5,5,7,3,2,4,0,5,1,3,2,2,1,6,3,2,0,7,4,6,2,3,4,4,7,6,6,3,1,1,7,4,1,3,1,3,4,6,0,3,0,3,2,5,6,1,6,0,1,7,6,1,4,7,6,2,3,0,7,3,4,4,2,5,3,3,2,6,2,7,7,7,5,5,1,5,0,7,5,2,6,5,3,2,2,1,4,5,4,4,3,0,3,2,6,0,7,6,4,0,0,6,3,2,6,0,7,3,5,2,6,2,5,4,7,1,6,0,0,2,3,3,0,6,4,2,0,4,0,5,4,4,2,2,6,7,0,0,7,1,6,7,7,7];[9,4,4,8,1,3,10,3,3,11,8,7,10,6,2,10,11,0,10,8,0,4,11,2,7,2,8,10,7,8,4,5,9,5,8,9,2,7,1,0,1,5,11,6,0,8,0,5,3,2,5,8,11,1,4,5,4,9,9,2,2,7,7,2,10,2,4,4,9,0,9,5,0,0,7,9,4,1,1,10,8,11,10,2,5,4,6,1,10,6,11,4,10,8,4,1,9,11,0,7,6,0,2,0,9,2,5,10,11,9,0,7,6,0,6,7,5,6,9,7,8,4,6,11,6,8,7,6,8,11,8,6,8,0,10,5,3,10,2,10,0,10,3,6,11,8,0,11,1,10,9,11,4,0,9,11,3,2,8,11,5,1,10,10,2,2,9,3,9,10,1,6,6,11,10,3,3,2,8,5,5,7,0,0,3,2,4,2,10,7,1,1,3,6,2,5,3,3,6,9,4,8,4,2,9,2,1,6,4,5,5,6,5,2,8,3,3,2,10,10,1,9,7,0,6,1,8,7,6,0,3,7,1,8,4,11,1,8,1,5,8,11,5,5,9,5,8,7,8,9,3,2,10,6,4,5,3,1,3,3,6,5,0,6,8,3,0,1,11,6,7,11,1,6,11,2,11,9,8,3,4,11,10,1,3,3,6,7,6,2,7,10,10];[[0.8559393885152179,8.55939388515218,1.0],[0.8004839408308784,8.004839408308783,1.0],[0.5938433496209707,5.938433496209708,1.0],[0.8870093324131678,8.870093324131679,1.0],[0.741558169706834,7.4155816970683395,1.0],[0.8097670389513107,8.097670389513107,1.0],[0.2247324103169328,2.247324103169328,1.0],[0.9761818800633866,9.761818800633865,1.0],[0.6339038774096737,6.339038774096737,1.0],[0.5580285642552777,5.580285642552777,1.0],[0.4463526500656817,4.463526500656817,1.0],[0.28336462923826333,2.8336462923826335,1.0]]
3_DPpaulli_9_workers.fjs;5370.040190168921;1224636;[517,595,793,867,1102,1126,1436,1599,1764,1838,1923,2126,2224,2291,2428,125,204,454,545,617,655,755,806,969,1006,1441,1503,1711,1798,1848,1913,1982,2061,2174,2303,0,76,98,235,317,556,703,755,787,876,906,969,1039,1251,1384,1410,1531,1577,1760,1923,2185,2334,2437,55,138,235,636,665,851,873,1567,1665,1770,1798,1873,1936,1997,2085,2147,2234,2274,44,120,204,241,317,353,467,545,796,847,876,1005,1123,1193,1301,1496,1537,1671,1764,1845,2157,98,122,201,263,361,453,562,759,847,969,1051,1301,1739,1913,2382,302,381,657,728,759,945,1187,1351,1441,1595,1750,1819,1873,2224,2361,2384,2437,65,191,358,470,525,575,636,717,1040,1234,1301,1338,1356,1393,1436,1539,1630,1665,1832,1912,1969,2079,2132,2191,2431,0,187,332,413,467,691,775,931,977,1053,1091,1110,1169,1266,1281,1312,1403,1567,2050,2191,2374,2428,2485,0,75,144,235,266,540,657,1108,1187,1462,1673,1740,2029,2061,2285,2299,2336,2358,2431,0,253,739,843,1126,1193,1265,1410,1487,1566,1630,1673,1760,1936,2085,2174,2230,2288,2306,0,144,235,361,454,582,629,960,1170,1394,1462,1531,1633,1740,1995,2077,2099,2199,2274,2358,2391,0,44,125,348,439,470,665,756,796,883,1077,1303,1539,1652,1848,2374,0,76,636,924,970,1051,1150,1172,1261,1281,1428,2139,2199,2243,2314,2470,120,402,525,595,617,689,717,768,825,940,969,1109,1266,1624,1673,1759,1842,1911,1997,2029,2079,2099,2147,2243,2351];[3,2,2,0,7,3,4,7,4,7,4,3,3,3,6,3,2,5,0,6,0,1,7,0,6,7,6,3,5,1,3,3,5,7,5,7,5,5,2,6,0,2,3,5,4,1,7,7,4,6,0,1,5,2,7,4,3,0,2,1,7,5,4,0,3,7,6,5,6,5,6,0,4,6,7,4,0,2,0,6,2,2,2,5,6,3,5,5,4,2,3,0,0,0,1,4,0,0,0,1,5,4,3,4,4,1,4,0,5,1,1,7,0,1,2,4,7,5,1,7,1,4,3,0,6,5,4,0,1,3,5,6,1,6,7,6,3,4,3,1,1,6,1,2,4,6,5,2,5,5,2,2,0,2,4,4,7,0,0,1,1,2,1,3,2,1,0,2,6,2,5,1,7,2,6,5,2,3,4,7,3,3,3,1,2,7,3,1,0,7,3,1,1,6,2,4,2,1,0,6,7,4,7,6,5,6,1,4,3,5,0,0,2,5,4,1,6,1,5,7,3,3,1,6,3,6,3,0,2,6,6,1,5,7,1,1,0,1,4,3,2,4,5,2,0,7,6,4,2,3,5,3,5,7,7,6,2,1,2,5,1,2,0,5,1,6,0,3,1,3,2,6,0,3,6,6,2,3,3,4,0,2,7,7,3,0,7,2,1,6,4,1,7];[0,3,2,2,7,10,0,2,0,0,9,3,10,4,0,0,2,3,7,5,1,9,5,5,5,2,11,7,6,9,2,6,7,9,5,6,11,6,11,3,8,9,5,4,8,4,0,0,9,5,8,5,0,4,10,2,9,1,1,9,9,0,0,9,3,5,3,10,3,2,1,5,0,11,11,9,2,11,3,2,7,9,4,2,0,8,1,11,4,6,7,3,1,8,11,8,9,4,2,0,1,10,0,6,3,0,3,9,0,0,7,2,11,6,11,7,7,2,2,3,7,7,11,10,3,7,11,7,11,9,4,0,10,4,11,5,5,10,0,8,6,1,0,8,3,2,5,4,1,8,4,10,5,5,11,1,4,5,8,6,8,1,9,2,6,8,1,8,2,11,10,8,3,1,9,9,7,4,0,5,6,0,0,3,11,8,5,9,5,7,1,8,10,0,3,3,7,10,0,7,2,9,10,11,2,4,4,4,1,5,8,2,5,1,6,3,10,5,8,2,6,8,4,0,6,11,0,8,8,0,6,6,0,11,0,10,10,5,3,5,1,6,10,6,9,5,5,9,9,0,6,8,9,10,2,10,10,4,11,3,7,8,1,7,6,3,1,8,1,7,10,1,4,8,11,11,10,3,7,1,5,11,6,2,5,11,4,9,2,11,4,4,10];[[0.5198238265685563,5.198238265685563,1.0],[0.9583988744400509,9.583988744400509,1.0],[0.3402956357666065,3.402956357666065,1.0],[0.7081849781179302,7.081849781179303,1.0],[0.9252189405445452,9.252189405445453,1.0],[0.05032666735654623,0.5032666735654623,1.0],[0.6613275461751585,6.613275461751585,1.0],[0.82711411373077,8.271141137307701,1.0],[0.8734961127808921,8.734961127808921,1.0],[0.5913019030238962,5.913019030238962,1.0],[0.11264722490163037,1.1264722490163037,1.0],[0.34477784983246407,3.4477784983246407,1.0]]
3_DPpaulli_9_workers.fjs;5858.23655982788;435156;[0,76,230,531,613,744,1044,1354,1626,1909,2071,2209,2358,2421,2625,0,76,213,494,534,656,834,911,1088,1394,1568,1720,1788,2000,2138,2233,2305,2520,2608,2659,125,194,303,414,491,531,588,689,833,928,1044,1204,1563,1626,1688,1863,1882,1951,2114,2202,2435,2498,2560,23,109,329,453,588,714,778,898,935,1309,1351,1700,1767,1847,1939,2046,2129,2272,218,329,414,454,535,650,740,844,1000,1114,1140,1227,1319,1394,1461,1563,1604,1788,2195,2511,2620,0,419,1394,1547,1638,1720,1832,1853,1941,1999,2091,2272,2380,2405,2546,194,630,733,1070,1105,1156,1220,1274,1451,1528,1620,1829,2082,2169,2502,2578,2636,23,555,634,740,787,833,871,1037,1086,1160,1227,1265,1281,1309,1460,1713,1771,1921,2138,2209,2233,2496,2560,2634,2693,0,76,218,309,494,572,761,871,1031,1114,1156,1333,1461,1685,1714,1829,2009,2091,2285,2358,2395,2521,2578,264,326,491,583,614,744,964,1000,1129,1274,1393,1461,1544,1568,1700,1893,1932,2295,2421,67,125,310,943,1031,1105,1685,1779,1832,1936,2003,2046,2147,2229,2304,2380,2457,2511,2666,42,69,172,310,666,844,898,1047,1168,1265,1333,1374,1418,1451,1461,1882,1976,2305,2583,2659,2693,0,89,396,575,786,949,1037,1333,1461,1630,1751,1853,2405,2489,2546,2620,165,230,396,494,609,657,1434,1603,1688,1740,1779,1853,2046,2219,2382,2457,0,213,259,393,419,640,711,761,833,928,958,1071,1125,1281,1414,1528,1708,1921,2009,2147,2202,2262,2468,2502,2707];[3,0,2,3,7,4,4,0,7,5,6,2,6,0,7,2,1,5,1,5,4,7,2,0,2,5,4,2,5,4,3,5,6,2,5,3,6,6,2,3,4,2,3,6,6,5,7,7,4,6,2,6,6,6,7,2,0,1,6,1,3,6,4,0,7,4,4,6,3,5,0,4,4,1,5,4,4,2,4,5,6,2,2,5,6,1,1,5,5,6,7,2,0,3,6,5,1,0,6,5,1,2,2,4,1,3,2,0,7,4,2,3,3,6,3,2,5,3,3,7,4,0,3,2,3,5,4,4,1,3,5,7,1,6,3,7,2,4,5,1,2,6,0,2,0,6,7,2,4,1,2,7,3,2,1,5,6,0,0,1,5,1,1,3,2,1,6,4,6,7,0,2,6,0,1,4,2,3,1,2,0,3,0,6,2,7,3,1,3,5,3,0,2,6,1,6,3,5,7,1,0,6,7,4,0,2,1,7,3,0,4,2,5,7,3,5,2,1,5,7,4,3,6,6,1,4,7,4,0,1,2,3,3,5,4,0,5,4,5,6,0,7,7,2,0,3,5,3,7,3,7,6,2,0,1,6,1,1,3,6,1,5,1,5,4,5,5,4,4,1,2,6,7,2,6,7,2,0,5,4,0,2,5,4,3,0,7,7,1,0,0,1,7];[2,4,4,4,3,11,1,10,8,2,9,3,5,2,1,1,8,8,6,8,7,0,11,5,11,2,0,3,6,3,0,4,6,4,6,7,9,7,6,7,6,9,0,8,10,3,11,0,11,3,11,9,0,0,4,4,4,5,2,9,10,9,7,3,0,3,9,6,2,7,4,8,5,11,4,4,9,1,9,10,0,6,4,7,5,10,6,5,11,9,1,9,1,2,6,3,3,0,7,7,7,0,2,6,7,9,9,1,8,1,0,10,7,4,3,7,1,1,3,0,7,3,4,9,3,10,11,2,11,8,5,1,6,5,1,0,7,11,10,0,1,1,9,0,5,10,10,9,0,2,1,11,8,0,4,1,1,4,11,2,10,1,0,0,0,3,4,11,1,3,2,6,11,2,3,0,1,3,0,3,8,8,7,8,3,3,4,0,6,2,5,6,5,1,10,10,0,11,8,7,2,7,10,1,1,7,5,7,1,5,7,11,6,2,8,0,10,5,11,3,10,6,6,4,2,1,1,3,6,11,11,1,9,9,0,7,7,2,8,11,8,4,8,5,9,9,7,6,1,7,5,5,0,6,11,5,10,2,1,3,7,4,0,10,5,9,6,9,6,11,10,5,4,11,10,0,5,8,1,10,5,8,5,10,8,3,4,7,11,1,5,9,10];[[0.18019241848515155,1.8019241848515155,1.0],[0.48736227300275514,4.873622730027551,1.0],[0.07759170039841756,0.7759170039841756,1.0],[0.5225667244081349,5.2256672440813485,1.0],[0.9196433340252647,9.196433340252646,1.0],[0.8762509611803474,8.762509611803473,1.0],[0.5029695910906639,5.029695910906638,1.0],[0.8160267976375112,8.160267976375112,1.0],[0.8059112000327816,8.059112000327817,1.0],[0.2140591090540045,2.140591090540045,1.0],[0.08805821114486456,0.8805821114486456,1.0],[0.20329737064426556,2.0329737064426556,1.0]]
4_ChambersBarnes_10_workers.fjs;2186.7331280809985;3896640;[124,207,280,454,586,613,719,776,922,973,72,118,366,411,613,703,739,791,817,990,0,45,130,206,213,465,594,672,748,945,132,222,277,379,438,523,660,672,898,945,45,281,390,431,438,523,594,606,645,840,64,130,213,358,431,503,586,690,765,889,0,113,200,263,366,613,755,897,973,1007,0,133,228,334,366,465,597,703,830,934,10,77,117,334,417,500,553,748,896,945,0,72,238,285,345,434,645,752,791,893,315,417,500,532,619,655,733,755,787,835,0,130,200,281,334,512,526,713,814,896,0,72,184,238,323,516,676,755,865,970,0,26,206,323,480,516,586,592,645,910,0,26,61,429,480,732,814,885,893,922];[7,10,0,6,4,8,2,5,1,3,6,8,3,0,1,4,5,9,2,7,1,3,5,4,0,2,6,8,9,7,1,7,4,6,5,0,8,3,12,2,7,2,8,5,1,6,3,0,10,4,8,0,4,5,11,1,7,6,3,2,6,2,8,1,10,4,7,0,5,3,8,7,5,3,2,4,11,1,0,6,4,0,11,5,7,3,2,8,6,1,11,0,3,8,1,6,2,5,4,7,7,3,4,5,2,6,0,11,1,8,0,3,2,7,8,5,11,1,6,4,12,1,3,6,2,8,7,0,5,4,4,2,5,6,8,7,3,1,0,12,2,5,11,8,0,6,3,7,1,4];[15,17,5,17,10,11,1,8,10,7,11,13,17,13,1,12,11,7,1,18,15,8,4,15,2,0,9,4,4,6,17,0,12,9,9,1,12,16,8,5,15,4,10,17,2,16,16,0,3,13,12,8,12,6,18,4,15,8,0,8,5,3,9,6,11,13,5,7,8,9,12,7,1,11,1,13,6,11,18,0,3,10,9,16,16,6,18,17,13,1,2,5,10,18,7,14,0,6,4,5,4,15,3,15,4,8,8,1,13,14,4,14,3,0,2,2,7,13,16,0,6,6,6,13,0,8,14,14,14,3,16,0,11,3,10,10,9,13,2,8,11,16,17,5,16,9,0,7,11,11];[[0.7773566427005639,7.7735664270056395,1.0],[0.6698255595592497,6.698255595592498,1.0],[0.09913960392481702,0.9913960392481702,1.0],[0.35297051119014544,3.529705111901454,1.0],[0.4679077429008419,4.679077429008419,1.0],[0.5346837414708775,5.346837414708775,1.0],[0.9783090609123973,9.783090609123974,1.0],[0.13031535015865903,1.3031535015865903,1.0],[0.6712434682302663,6.712434682302662,1.0],[0.36422941594737557,3.6422941594737557,1.0],[0.48883570716198577,4.888357071619858,1.0],[0.20301221073405373,2.0301221073405373,1.0],[0.6661983755713592,6.661983755713592,1.0],[0.2276630312069321,2.276630312069321,1.0],[0.4580640582967631,4.580640582967631,1.0],[0.040722397554957435,0.40722397554957435,1.0],[0.9742897953778286,9.742897953778286,1.0],[0.4874760742689066,4.874760742689066,1.0],[0.4616138636373597,4.616138636373597,1.0]]
4_ChambersBarnes_10_workers.fjs;2406.8368368083825;503784;[92,101,173,246,315,514,649,688,955,1076,0,61,186,341,366,557,600,613,848,1039,0,48,132,347,421,480,685,758,834,994,101,421,461,557,613,674,834,846,934,1014,192,295,329,378,614,752,934,974,1013,1076,138,287,394,458,525,750,826,935,977,1006,19,125,451,531,614,705,713,758,834,1093,0,101,220,447,563,649,685,838,907,1009,61,246,287,354,378,557,750,846,977,1009,0,70,359,404,451,531,687,781,846,935,0,276,359,525,546,612,647,752,878,925,0,132,212,295,599,674,688,821,838,949,25,163,226,315,415,663,758,834,907,1001,0,25,384,486,558,613,705,934,1013,1101,0,92,121,202,366,415,486,557,848,903];[7,9,0,6,4,8,2,5,1,3,6,8,3,0,1,4,5,10,2,7,1,3,5,4,0,2,6,8,12,7,1,7,4,6,5,0,8,3,10,2,7,2,8,5,1,6,3,0,12,4,8,0,4,5,12,1,7,6,3,2,6,2,8,1,9,4,7,0,5,3,8,7,5,3,2,4,10,1,0,6,4,0,11,5,7,3,2,8,6,1,10,0,3,8,1,6,2,5,4,7,7,3,4,5,2,6,0,10,1,8,0,3,2,7,8,5,12,1,6,4,12,1,3,6,2,8,7,0,5,4,4,2,5,6,8,7,3,1,0,12,2,5,10,8,0,6,3,7,1,4];[15,18,5,17,16,4,2,14,4,7,2,2,16,8,0,10,11,14,11,18,11,9,1,17,2,1,7,4,14,6,15,15,13,9,13,16,12,9,7,10,15,4,6,18,17,1,16,9,7,18,6,8,12,3,7,9,17,8,10,12,12,13,9,3,0,13,4,7,8,9,14,4,0,0,12,7,1,11,18,0,14,8,9,2,2,17,8,6,0,15,17,5,9,4,14,6,17,13,12,15,8,15,15,15,12,8,18,17,8,6,18,14,13,14,16,15,6,13,16,13,6,3,10,5,6,9,10,7,3,3,16,10,3,11,2,11,0,9,5,12,6,8,11,18,1,7,0,15,18,0];[[0.7966509679599704,7.966509679599704,1.0],[0.05862623274803458,0.5862623274803458,1.0],[0.7602397739740907,7.602397739740907,1.0],[0.8627037401845356,8.627037401845355,1.0],[0.09127403464611428,0.9127403464611428,1.0],[0.9024924365975527,9.024924365975528,1.0],[0.7858960565941281,7.858960565941281,1.0],[0.40667966546103385,4.0667966546103385,1.0],[0.37447264465852026,3.7447264465852026,1.0],[0.6490262282913547,6.490262282913547,1.0],[0.40092466608569977,4.009246660856998,1.0],[0.5721109226277574,5.721109226277575,1.0],[0.6077930620255084,6.077930620255084,1.0],[0.05072389565884072,0.5072389565884072,1.0],[0.7370880093375713,7.370880093375714,1.0],[0.708486383757228,7.08486383757228,1.0],[0.9221724532030824,9.221724532030823,1.0],[0.7149390332589045,7.149390332589045,1.0],[0.6557724968554814,6.5577249685548145,1.0]]
4_ChambersBarnes_10_workers.fjs;2158.7800980492357;4944420;[0,46,222,320,403,619,744,797,890,924,0,64,235,382,433,517,590,603,817,939,0,46,287,363,407,689,749,845,921,959,46,112,172,387,486,625,732,810,898,908,151,230,339,480,603,673,749,778,817,957,0,64,114,172,240,369,525,623,898,976,55,130,217,280,369,673,708,817,908,957,143,240,363,472,507,593,630,698,708,939,10,114,153,240,330,378,429,712,810,914,77,295,426,472,521,603,623,689,712,764,9,279,370,459,490,566,601,625,835,981,0,130,359,429,521,576,658,818,845,939,0,109,184,235,320,378,457,525,712,797,0,25,264,442,576,619,761,767,893,981,0,25,115,280,339,484,601,685,792,850];[7,11,0,6,4,8,2,5,1,3,6,8,3,0,1,4,5,9,2,7,1,3,5,4,0,2,6,8,10,7,1,7,4,6,5,0,8,3,9,2,7,2,8,5,1,6,3,0,10,4,8,0,4,5,9,1,7,6,3,2,6,2,8,1,10,4,7,0,5,3,8,7,5,3,2,4,11,1,0,6,4,0,12,5,7,3,2,8,6,1,9,0,3,8,1,6,2,5,4,7,7,3,4,5,2,6,0,10,1,8,0,3,2,7,8,5,10,1,6,4,9,1,3,6,2,8,7,0,5,4,4,2,5,6,8,7,3,1,0,12,2,5,11,8,0,6,3,7,1,4];[15,10,5,7,17,13,11,14,8,12,8,15,15,8,7,4,11,17,12,18,7,1,4,1,2,12,9,1,5,6,2,0,4,9,5,1,7,9,15,10,15,18,5,14,15,18,16,0,4,13,14,9,8,0,7,4,8,8,4,9,6,13,9,17,13,15,1,7,15,9,7,0,16,1,12,18,16,13,15,0,10,16,5,2,10,3,12,3,1,8,18,6,8,17,7,6,5,3,17,12,12,15,1,15,12,0,14,14,17,2,3,14,18,5,3,2,7,13,18,9,11,3,11,3,1,10,11,13,14,16,16,13,6,6,3,3,5,17,2,16,6,6,17,9,2,9,0,2,5,3];[[0.5209484070219088,5.209484070219088,1.0],[0.42125020101147315,4.212502010114731,1.0],[0.22094517308324657,2.2094517308324657,1.0],[0.13033708391670573,1.3033708391670573,1.0],[0.48395776843282956,4.839577684328296,1.0],[0.6260889663051598,6.260889663051597,1.0],[0.6211218319323739,6.21121831932374,1.0],[0.707277595965894,7.07277595965894,1.0],[0.43539590023548325,4.3539590023548325,1.0],[0.04809800715767443,0.4809800715767443,1.0],[0.2254847064342842,2.254847064342842,1.0],[0.788548045160999,7.88548045160999,1.0],[0.42108890435006496,4.21088904350065,1.0],[0.5652029481252892,5.6520294812528915,1.0],[0.6764042610645917,6.764042610645918,1.0],[0.7568325816320766,7.568325816320765,1.0],[0.16251102322256883,1.6251102322256883,1.0],[0.4662293326345085,4.662293326345085,1.0],[0.652658580109924,6.526585801099239,1.0]]
4_ChambersBarnes_10_workers.fjs;2288.49478501919;287664;[181,271,389,473,566,596,638,694,784,932,74,244,325,365,395,526,578,596,676,952,0,45,129,205,212,271,326,382,458,498,333,395,434,543,598,660,784,823,919,930,102,205,326,436,488,598,672,747,810,895,0,64,126,510,578,651,823,970,1019,1045,0,94,181,244,333,424,434,526,660,913,64,239,330,436,552,637,732,812,885,1019,94,271,312,463,543,684,749,810,829,965,0,108,221,458,556,780,812,883,932,982,0,136,221,442,496,743,863,885,919,982,113,365,419,707,725,784,798,871,888,1042,64,181,274,382,514,638,725,790,905,990,0,9,205,230,560,635,732,743,952,1040,239,262,458,510,602,672,743,816,823,850];[7,10,0,6,4,8,2,5,1,3,6,8,3,0,1,4,5,11,2,7,1,3,5,4,0,2,6,8,11,7,1,7,4,6,5,0,8,3,10,2,7,2,8,5,1,6,3,0,11,4,8,0,4,5,9,1,7,6,3,2,6,2,8,1,12,4,7,0,5,3,8,7,5,3,2,4,10,1,0,6,4,0,11,5,7,3,2,8,6,1,11,0,3,8,1,6,2,5,4,7,7,3,4,5,2,6,0,10,1,8,0,3,2,7,8,5,9,1,6,4,12,1,3,6,2,8,7,0,5,4,4,2,5,6,8,7,3,1,0,10,2,5,10,8,0,6,3,7,1,4];[15,2,9,1,17,8,2,17,16,12,16,14,16,6,16,3,0,11,0,18,15,1,4,11,2,12,7,4,8,6,15,0,7,18,10,8,8,15,1,4,15,4,12,14,12,6,16,2,12,17,6,5,7,0,13,4,10,16,4,10,14,13,9,10,17,13,5,7,10,9,7,4,1,17,2,12,3,13,18,0,12,13,5,13,10,3,12,11,6,6,10,2,0,0,1,6,16,11,9,13,9,6,3,15,15,4,8,1,11,9,11,14,2,6,11,15,9,13,13,2,6,13,11,12,9,9,5,7,14,3,11,12,14,5,11,13,2,7,2,14,8,16,4,17,4,7,10,15,14,5];[[0.49734142093980327,4.973414209398033,1.0],[0.35999045686025677,3.5999045686025677,1.0],[0.7220617567237175,7.220617567237175,1.0],[0.44672126724761885,4.4672126724761885,1.0],[0.4533596515962979,4.533596515962978,1.0],[0.025925678678183073,0.25925678678183073,1.0],[0.33490089376309407,3.3490089376309404,1.0],[0.4755440242737675,4.755440242737675,1.0],[0.45132356511490823,4.513235651149082,1.0],[0.08788974506102976,0.8788974506102976,1.0],[0.29509671683068217,2.9509671683068217,1.0],[0.33863234208051063,3.3863234208051063,1.0],[0.9020959027552419,9.020959027552419,1.0],[0.7173473735926632,7.173473735926632,1.0],[0.8986159167700656,8.986159167700656,1.0],[0.032997165944182005,0.32997165944182005,1.0],[0.2284682145918675,2.284682145918675,1.0],[0.5381470661357333,5.381470661357333,1.0],[0.06127510457974772,0.6127510457974772,1.0]]
4_ChambersBarnes_10_workers.fjs;2174.397014563411;3987108;[176,185,254,346,461,497,654,692,923,995,108,225,396,578,601,726,902,914,941,1010,0,45,266,348,443,692,747,834,902,945,45,185,248,460,534,601,685,758,860,870,236,315,359,395,444,535,609,685,796,858,56,185,404,461,534,679,765,927,969,1010,0,75,162,225,307,396,404,502,596,630,0,92,176,310,352,515,551,741,839,969,10,42,81,346,453,503,747,813,895,947,0,151,262,310,359,515,584,654,677,867,0,129,212,401,529,680,817,839,876,947,81,342,453,529,540,630,730,796,813,938,0,108,212,262,546,594,673,741,817,955,0,212,370,413,460,540,649,842,909,997,0,26,53,110,396,609,680,758,813,886];[7,10,0,6,4,8,2,5,1,3,6,8,3,0,1,4,5,10,2,7,1,3,5,4,0,2,6,8,12,7,1,7,4,6,5,0,8,3,10,2,7,2,8,5,1,6,3,0,11,4,8,0,4,5,10,1,7,6,3,2,6,2,8,1,12,4,7,0,5,3,8,7,5,3,2,4,11,1,0,6,4,0,10,5,7,3,2,8,6,1,10,0,3,8,1,6,2,5,4,7,7,3,4,5,2,6,0,9,1,8,0,3,2,7,8,5,12,1,6,4,12,1,3,6,2,8,7,0,5,4,4,2,5,6,8,7,3,1,0,10,2,5,11,8,0,6,3,7,1,4];[15,2,5,7,13,18,2,3,9,7,2,7,17,11,17,8,6,14,3,18,15,9,3,3,2,12,7,9,7,6,2,13,4,9,10,16,5,4,4,10,15,16,15,18,15,15,2,6,6,18,12,15,13,6,1,11,0,8,18,12,13,3,9,6,2,13,0,7,10,9,10,18,0,1,12,9,6,13,11,4,12,1,14,10,4,11,18,7,0,16,17,8,14,18,11,14,3,3,4,5,8,1,11,15,12,0,3,8,8,9,10,14,0,16,18,15,6,13,16,5,6,13,10,9,8,8,10,5,14,10,7,1,3,5,17,14,4,7,2,14,1,14,16,5,14,7,15,15,13,1];[[0.4211249061401,4.211249061401,1.0],[0.9761073344853062,9.761073344853061,1.0],[0.6132800246752349,6.132800246752349,1.0],[0.6930423279788359,6.930423279788359,1.0],[0.5088628354481554,5.088628354481553,1.0],[0.18781156668551158,1.8781156668551158,1.0],[0.830121874145001,8.301218741450011,1.0],[0.8449241651217704,8.449241651217704,1.0],[0.20962821201639004,2.0962821201639006,1.0],[0.6505169872996391,6.505169872996391,1.0],[0.7003316191510263,7.003316191510263,1.0],[0.7150339547653067,7.150339547653068,1.0],[0.8091072451390076,8.091072451390076,1.0],[0.8451978833841938,8.451978833841938,1.0],[0.3695849781386673,3.695849781386673,1.0],[0.5056149902637381,5.056149902637381,1.0],[0.7206140757071586,7.206140757071586,1.0],[0.14319015826691817,1.4319015826691817,1.0],[0.026697115061789622,0.2669711506178962,1.0]]
4_ChambersBarnes_10_workers.fjs;2192.905787125211;3519924;[172,181,260,527,599,655,697,734,824,941,72,218,434,479,516,630,677,691,789,853,129,308,517,592,600,734,795,851,922,967,177,265,305,401,456,517,600,755,848,914,0,79,115,159,240,308,422,434,474,671,0,64,129,221,288,446,575,677,848,991,0,129,357,600,684,775,783,911,987,1021,54,181,288,392,431,529,566,684,734,941,52,221,257,378,424,479,532,697,757,938,75,216,262,308,357,456,589,697,783,862,79,179,262,424,651,722,801,859,891,990,0,64,216,346,517,592,612,693,851,941,0,75,129,179,393,431,510,659,824,958,0,299,402,476,612,677,749,755,823,938,0,23,52,159,333,594,676,749,795,833];[7,10,0,6,4,8,2,5,1,3,6,8,3,0,1,4,5,10,2,7,1,3,5,4,0,2,6,8,10,7,1,7,4,6,5,0,8,3,12,2,7,2,8,5,1,6,3,0,11,4,8,0,4,5,10,1,7,6,3,2,6,2,8,1,11,4,7,0,5,3,8,7,5,3,2,4,12,1,0,6,4,0,11,5,7,3,2,8,6,1,11,0,3,8,1,6,2,5,4,7,7,3,4,5,2,6,0,12,1,8,0,3,2,7,8,5,10,1,6,4,10,1,3,6,2,8,7,0,5,4,4,2,5,6,8,7,3,1,0,11,2,5,12,8,0,6,3,7,1,4];[15,16,5,7,11,8,7,17,3,12,11,15,17,7,17,4,0,5,5,18,11,1,11,3,2,12,7,14,14,6,2,16,13,18,13,1,7,16,10,5,15,1,6,15,2,8,3,4,9,11,12,12,7,3,14,10,0,4,1,4,2,3,9,1,15,15,15,7,8,9,18,18,0,0,16,12,16,1,18,0,8,6,9,2,2,2,15,6,9,1,4,3,8,18,6,14,13,8,4,5,14,1,1,15,11,8,8,16,17,0,0,7,13,14,13,15,7,13,12,8,4,3,10,11,8,8,5,14,0,16,10,7,2,0,3,3,2,5,2,17,3,8,17,9,15,9,10,7,9,15];[[0.4831103964860096,4.831103964860096,1.0],[0.9021829992468611,9.02182999246861,1.0],[0.5374571935128641,5.374571935128642,1.0],[0.8761340971511191,8.761340971511192,1.0],[0.573156942708234,5.7315694270823405,1.0],[0.994523847851402,9.945238478514021,1.0],[0.3574465703190305,3.574465703190305,1.0],[0.6617299629663892,6.617299629663892,1.0],[0.4882872262788658,4.882872262788657,1.0],[0.5726412824777106,5.726412824777106,1.0],[0.32388398325139345,3.2388398325139347,1.0],[0.8072354510963532,8.072354510963532,1.0],[0.8087324055796944,8.087324055796945,1.0],[0.660852452150834,6.60852452150834,1.0],[0.5802577271631468,5.802577271631469,1.0],[0.04408639890691246,0.4408639890691246,1.0],[0.7725635994624831,7.725635994624831,1.0],[0.340181488474281,3.4018148847428096,1.0],[0.09506024617702258,0.9506024617702258,1.0]]
4_ChambersBarnes_10_workers.fjs;2219.55475163941;148044;[0,9,333,471,541,570,648,734,872,922,75,159,461,510,592,681,720,866,891,963,63,109,193,311,534,593,721,782,853,893,0,106,168,276,363,427,696,755,855,963,145,240,349,427,435,541,613,685,725,817,0,59,110,272,339,503,661,782,855,881,0,152,286,349,508,603,611,747,824,881,54,240,537,631,689,776,817,896,905,975,0,194,230,339,363,412,475,534,831,956,0,54,59,110,237,333,412,515,721,829,9,193,276,434,573,684,725,747,905,956,110,276,335,412,433,499,515,681,863,951,75,174,335,385,534,617,754,823,896,985,54,63,168,193,393,433,502,571,593,689,0,26,146,236,286,613,684,822,847,872];[7,12,0,6,4,8,2,5,1,3,6,8,3,0,1,4,5,10,2,7,1,3,5,4,0,2,6,8,11,7,1,7,4,6,5,0,8,3,10,2,7,2,8,5,1,6,3,0,9,4,8,0,4,5,11,1,7,6,3,2,6,2,8,1,9,4,7,0,5,3,8,7,5,3,2,4,12,1,0,6,4,0,12,5,7,3,2,8,6,1,11,0,3,8,1,6,2,5,4,7,7,3,4,5,2,6,0,12,1,8,0,3,2,7,8,5,10,1,6,4,11,1,3,6,2,8,7,0,5,4,4,2,5,6,8,7,3,1,0,10,2,5,10,8,0,6,3,7,1,4];[15,2,1,15,4,11,6,1,10,12,8,2,18,12,4,5,10,5,1,18,7,1,18,7,2,12,9,14,8,6,8,0,7,1,8,1,7,11,1,10,15,16,6,15,12,0,16,11,12,4,12,15,8,3,18,18,8,16,18,18,6,0,9,5,17,15,15,7,9,9,4,0,5,0,15,6,17,13,15,0,10,6,11,16,3,11,2,6,12,6,7,1,5,17,14,14,17,11,4,15,3,1,15,15,14,4,3,10,9,17,12,12,2,7,10,3,7,13,14,11,6,12,10,0,1,10,3,7,4,3,12,9,8,14,16,3,17,15,1,6,17,14,6,17,8,7,0,15,4,12];[[0.34661995661142697,3.4661995661142697,1.0],[0.2286410960833074,2.286410960833074,1.0],[0.012392470279078194,0.12392470279078194,1.0],[0.9308270259025113,9.308270259025113,1.0],[0.3225145761620236,3.225145761620236,1.0],[0.0006954578022455582,0.006954578022455582,1.0],[0.2097170717940725,2.097170717940725,1.0],[0.5179602272351016,5.179602272351016,1.0],[0.7628222106217201,7.6282221062172,1.0],[0.3089717897377221,3.089717897377221,1.0],[0.15113122452813788,1.5113122452813788,1.0],[0.07045772229012492,0.7045772229012492,1.0],[0.8725064026541692,8.725064026541693,1.0],[0.3074981421409557,3.074981421409557,1.0],[0.272859759997538,2.7285975999753798,1.0],[0.9838464878398866,9.838464878398867,1.0],[0.7385079487399623,7.385079487399623,1.0],[0.7690782380223464,7.690782380223464,1.0],[0.7347776517949599,7.347776517949599,1.0]]
4_ChambersBarnes_10_workers.fjs;2210.318782338263;184944;[0,9,143,222,482,616,782,824,975,1011,70,125,246,287,312,514,567,727,857,1000,0,49,195,460,467,661,716,803,879,941,49,180,219,315,408,526,716,851,951,961,101,229,305,472,482,636,712,729,772,899,0,222,315,500,599,789,851,941,983,1027,0,133,348,556,638,740,794,857,975,1028,64,219,308,425,490,576,611,684,933,1000,0,64,99,167,308,457,716,782,803,851,0,138,199,251,390,579,599,661,683,740,9,342,425,479,576,599,707,729,924,975,0,138,261,351,411,580,707,772,837,926,144,229,292,370,453,490,569,634,728,844,36,46,270,453,576,659,727,738,769,857,0,23,99,195,351,497,579,650,712,944];[7,11,0,6,4,8,2,5,1,3,6,8,3,0,1,4,5,11,2,7,1,3,5,4,0,2,6,8,10,7,1,7,4,6,5,0,8,3,10,2,7,2,8,5,1,6,3,0,11,4,8,0,4,5,11,1,7,6,3,2,6,2,8,1,12,4,7,0,5,3,8,7,5,3,2,4,9,1,0,6,4,0,11,5,7,3,2,8,6,1,12,0,3,8,1,6,2,5,4,7,7,3,4,5,2,6,0,12,1,8,0,3,2,7,8,5,10,1,6,4,9,1,3,6,2,8,7,0,5,4,4,2,5,6,8,7,3,1,0,12,2,5,9,8,0,6,3,7,1,4];[15,10,1,4,16,8,18,3,16,7,11,11,18,8,17,10,14,0,5,18,9,6,11,1,2,12,9,1,13,6,3,9,13,18,12,15,12,11,11,10,15,5,12,17,1,1,16,4,7,8,14,8,13,3,6,11,15,8,8,8,4,12,9,11,2,13,10,7,9,9,7,7,11,1,7,16,14,13,18,4,3,14,17,17,6,18,18,2,4,16,18,6,10,3,16,6,13,13,5,8,8,15,15,15,17,4,3,14,9,2,12,10,16,2,14,3,7,13,4,4,14,12,10,2,13,8,5,7,12,10,16,0,9,11,7,0,15,15,5,12,0,5,14,16,6,9,0,0,1,15];[[0.8559393885152179,8.55939388515218,1.0],[0.8004839408308784,8.004839408308783,1.0],[0.5938433496209707,5.938433496209708,1.0],[0.8870093324131678,8.870093324131679,1.0],[0.741558169706834,7.4155816970683395,1.0],[0.8097670389513107,8.097670389513107,1.0],[0.2247324103169328,2.247324103169328,1.0],[0.9761818800633866,9.761818800633865,1.0],[0.6339038774096737,6.339038774096737,1.0],[0.5580285642552777,5.580285642552777,1.0],[0.4463526500656817,4.463526500656817,1.0],[0.28336462923826333,2.8336462923826335,1.0],[0.9019880415639555,9.019880415639555,1.0],[0.03268507148422006,0.32685071484220063,1.0],[0.4362825217209084,4.3628252172090844,1.0],[0.18851543397694082,1.8851543397694082,1.0],[0.9250090249429151,9.250090249429151,1.0],[0.9012349700248556,9.012349700248556,1.0],[0.12108560404704316,1.2108560404704316,1.0]]
4_ChambersBarnes_10_workers.fjs;2345.860707667246;2656920;[0,9,91,193,401,601,678,733,827,1041,0,54,213,307,332,439,850,862,937,1048,0,46,130,394,485,544,692,753,920,1003,46,193,244,336,668,825,909,928,1016,1027,114,193,463,535,542,616,692,786,857,962,0,169,336,404,472,616,739,857,1016,1093,18,98,186,249,332,431,485,568,862,1058,130,394,574,705,773,858,895,962,997,1068,54,352,388,486,544,644,716,824,901,971,0,164,307,352,431,524,607,827,895,944,9,130,213,263,414,485,544,568,746,997,0,253,307,384,404,472,654,729,937,1087,114,186,352,402,485,522,601,669,901,989,0,10,98,123,249,669,773,793,909,997,388,542,600,654,744,786,857,928,936,1041];[7,12,0,6,4,8,2,5,1,3,6,8,3,0,1,4,5,11,2,7,1,3,5,4,0,2,6,8,12,7,1,7,4,6,5,0,8,3,12,2,7,2,8,5,1,6,3,0,12,4,8,0,4,5,11,1,7,6,3,2,6,2,8,1,10,4,7,0,5,3,8,7,5,3,2,4,10,1,0,6,4,0,12,5,7,3,2,8,6,1,10,0,3,8,1,6,2,5,4,7,7,3,4,5,2,6,0,11,1,8,0,3,2,7,8,5,11,1,6,4,12,1,3,6,2,8,7,0,5,4,4,2,5,6,8,7,3,1,0,9,2,5,11,8,0,6,3,7,1,4];[15,9,5,15,7,8,11,4,18,7,8,16,4,14,16,8,6,8,6,18,7,1,2,11,2,4,9,14,15,6,3,10,7,1,6,16,12,9,13,10,15,14,18,1,1,1,17,9,7,8,12,17,8,0,5,4,8,17,7,1,18,0,9,3,17,13,1,7,18,9,10,4,5,16,2,12,1,13,4,4,12,9,18,6,2,7,15,11,6,1,17,16,9,0,17,14,16,3,4,18,6,1,12,15,9,15,16,6,17,2,11,14,2,6,1,14,3,13,11,16,6,18,10,2,13,8,9,14,14,3,16,14,14,4,11,10,15,1,2,14,9,13,6,12,0,7,0,17,8,0];[[0.5198238265685563,5.198238265685563,1.0],[0.9583988744400509,9.583988744400509,1.0],[0.3402956357666065,3.402956357666065,1.0],[0.7081849781179302,7.081849781179303,1.0],[0.9252189405445452,9.252189405445453,1.0],[0.05032666735654623,0.5032666735654623,1.0],[0.6613275461751585,6.613275461751585,1.0],[0.82711411373077,8.271141137307701,1.0],[0.8734961127808921,8.734961127808921,1.0],[0.5913019030238962,5.913019030238962,1.0],[0.11264722490163037,1.1264722490163037,1.0],[0.34477784983246407,3.4477784983246407,1.0],[0.011377599382669468,0.11377599382669468,1.0],[0.7909742881977946,7.909742881977946,1.0],[0.3277964015146908,3.277964015146908,1.0],[0.22222795698924247,2.2222795698924247,1.0],[0.14676573527209236,1.4676573527209236,1.0],[0.040648812187981,0.40648812187981,1.0],[0.14328037004549943,1.4328037004549943,1.0]]
4_ChambersBarnes_10_workers.fjs;2128.0333371779006;656592;[79,115,358,533,606,635,778,861,951,975,73,311,386,431,561,653,696,712,813,883,0,50,139,214,452,723,778,834,902,940,126,188,228,331,452,513,678,712,815,894,0,79,133,287,344,457,585,767,806,878,0,72,122,214,291,409,603,710,861,886,0,110,198,261,344,434,442,596,710,902,70,228,319,443,476,563,598,723,806,948,0,32,169,428,491,535,585,746,834,866,54,198,336,386,471,641,661,744,768,824,88,253,336,407,431,606,672,694,758,815,122,199,291,367,533,587,601,804,866,960,0,72,139,199,367,443,535,694,768,908,32,198,513,661,710,746,817,822,878,966,0,26,54,261,311,386,641,712,732,817];[7,9,0,6,4,8,2,5,1,3,6,8,3,0,1,4,5,12,2,7,1,3,5,4,0,2,6,8,9,7,1,7,4,6,5,0,8,3,11,2,7,2,8,5,1,6,3,0,10,4,8,0,4,5,9,1,7,6,3,2,6,2,8,1,11,4,7,0,5,3,8,7,5,3,2,4,10,1,0,6,4,0,11,5,7,3,2,8,6,1,9,0,3,8,1,6,2,5,4,7,7,3,4,5,2,6,0,11,1,8,0,3,2,7,8,5,11,1,6,4,10,1,3,6,2,8,7,0,5,4,4,2,5,6,8,7,3,1,0,10,2,5,11,8,0,6,3,7,1,4];[15,18,5,12,8,18,1,1,9,7,2,11,17,12,13,10,10,0,18,18,6,6,11,18,2,12,7,9,13,6,15,15,0,18,13,1,7,5,14,17,15,13,5,14,3,18,17,9,3,4,14,7,8,6,13,11,5,16,0,3,8,0,9,16,6,13,0,7,10,9,5,4,9,16,15,16,1,13,6,4,12,5,5,2,5,5,15,13,15,15,18,0,12,16,8,14,13,1,4,5,16,1,4,15,17,0,8,17,11,5,13,14,7,7,18,14,9,13,16,5,7,3,17,2,13,10,11,7,0,3,10,13,11,12,11,10,4,13,2,14,5,18,10,17,5,7,0,15,8,11];[[0.18019241848515155,1.8019241848515155,1.0],[0.48736227300275514,4.873622730027551,1.0],[0.07759170039841756,0.7759170039841756,1.0],[0.5225667244081349,5.2256672440813485,1.0],[0.9196433340252647,9.196433340252646,1.0],[0.8762509611803474,8.762509611803473,1.0],[0.5029695910906639,5.029695910906638,1.0],[0.8160267976375112,8.160267976375112,1.0],[0.8059112000327816,8.059112000327817,1.0],[0.2140591090540045,2.140591090540045,1.0],[0.08805821114486456,0.8805821114486456,1.0],[0.20329737064426556,2.0329737064426556,1.0],[0.5837360924329463,5.837360924329463,1.0],[0.6737333796339059,6.737333796339059,1.0],[0.1608013027204077,1.6080130272040771,1.0],[0.7465026683932527,7.465026683932527,1.0],[0.5706715087422025,5.706715087422025,1.0],[0.4637998194614905,4.637998194614905,1.0],[0.510707169665419,5.10707169665419,1.0]]
5_Kacem_3_workers.fjs;15.269658700918702;827400;[0,2,3,0,2,5,0,2,5,0,2,6,1,3,4,0,4,6,2,3,5,0,2,5,1,3,6,0,3,4];[6,2,9,0,6,2,9,4,7,8,5,3,8,8,3,5,8,8,0,7,4,4,1,1,2,2,5,2,6,6];[14,4,6,1,6,9,3,7,0,7,3,2,13,9,14,9,5,12,0,10,4,4,8,10,12,1,13,12,2,7];[[0.7773566427005639,7.7735664270056395,1.0],[0.6698255595592497,6.698255595592498,1.0],[0.09913960392481702,0.9913960392481702,1.0],[0.35297051119014544,3.529705111901454,1.0],[0.4679077429008419,4.679077429008419,1.0],[0.5346837414708775,5.346837414708775,1.0],[0.9783090609123973,9.783090609123974,1.0],[0.13031535015865903,1.3031535015865903,1.0],[0.6712434682302663,6.712434682302662,1.0],[0.36422941594737557,3.6422941594737557,1.0],[0.48883570716198577,4.888357071619858,1.0],[0.20301221073405373,2.0301221073405373,1.0],[0.6661983755713592,6.661983755713592,1.0],[0.2276630312069321,2.276630312069321,1.0],[0.4580640582967631,4.580640582967631,1.0]]
5_Kacem_3_workers.fjs;18.74242545267141;4966488;[0,3,4,0,2,4,0,1,2,0,4,6,0,6,7,1,4,6,2,3,6,0,2,6,0,2,5,1,3,6];[6,1,3,0,3,2,9,7,4,8,1,3,5,8,3,8,8,6,0,7,4,4,9,5,2,2,7,2,0,1];[8,2,7,14,3,12,9,6,10,12,0,3,5,9,10,7,8,6,2,9,7,4,4,11,6,13,1,12,3,8];[[0.7966509679599704,7.966509679599704,1.0],[0.05862623274803458,0.5862623274803458,1.0],[0.7602397739740907,7.602397739740907,1.0],[0.8627037401845356,8.627037401845355,1.0],[0.09127403464611428,0.9127403464611428,1.0],[0.9024924365975527,9.024924365975528,1.0],[0.7858960565941281,7.858960565941281,1.0],[0.40667966546103385,4.0667966546103385,1.0],[0.37447264465852026,3.7447264465852026,1.0],[0.6490262282913547,6.490262282913547,1.0],[0.40092466608569977,4.009246660856998,1.0],[0.5721109226277574,5.721109226277575,1.0],[0.6077930620255084,6.077930620255084,1.0],[0.05072389565884072,0.5072389565884072,1.0],[0.7370880093375713,7.370880093375714,1.0]]
5_Kacem_3_workers.fjs;19.085037846051854;682848;[0,5,6,1,5,6,1,4,6,0,1,4,0,2,6,3,6,8,0,4,5,0,2,5,0,5,8,0,1,2];[0,1,3,0,3,9,5,9,6,6,2,3,8,8,1,8,8,6,3,2,4,4,1,5,9,2,5,5,6,6];[11,5,13,3,9,2,2,7,7,2,12,8,13,9,8,0,4,11,5,4,10,6,14,14,7,1,13,0,4,10];[[0.5209484070219088,5.209484070219088,1.0],[0.42125020101147315,4.212502010114731,1.0],[0.22094517308324657,2.2094517308324657,1.0],[0.13033708391670573,1.3033708391670573,1.0],[0.48395776843282956,4.839577684328296,1.0],[0.6260889663051598,6.260889663051597,1.0],[0.6211218319323739,6.21121831932374,1.0],[0.707277595965894,7.07277595965894,1.0],[0.43539590023548325,4.3539590023548325,1.0],[0.04809800715767443,0.4809800715767443,1.0],[0.2254847064342842,2.254847064342842,1.0],[0.788548045160999,7.88548045160999,1.0],[0.42108890435006496,4.21088904350065,1.0],[0.5652029481252892,5.6520294812528915,1.0],[0.6764042610645917,6.764042610645918,1.0]]
5_Kacem_3_workers.fjs;16.78581020275641;3881280;[2,3,4,0,2,4,0,3,6,0,1,4,0,2,3,1,3,5,0,3,6,0,2,6,0,1,4,0,3,5];[0,2,0,0,6,2,7,7,6,6,1,3,8,8,6,5,8,8,3,4,5,4,9,1,5,2,7,2,3,3];[0,0,13,10,12,12,14,8,7,0,4,8,7,9,6,6,9,2,8,10,6,1,5,11,2,13,4,9,2,8];[[0.49734142093980327,4.973414209398033,1.0],[0.35999045686025677,3.5999045686025677,1.0],[0.7220617567237175,7.220617567237175,1.0],[0.44672126724761885,4.4672126724761885,1.0],[0.4533596515962979,4.533596515962978,1.0],[0.025925678678183073,0.25925678678183073,1.0],[0.33490089376309407,3.3490089376309404,1.0],[0.4755440242737675,4.755440242737675,1.0],[0.45132356511490823,4.513235651149082,1.0],[0.08788974506102976,0.8788974506102976,1.0],[0.29509671683068217,2.9509671683068217,1.0],[0.33863234208051063,3.3863234208051063,1.0],[0.9020959027552419,9.020959027552419,1.0],[0.7173473735926632,7.173473735926632,1.0],[0.8986159167700656,8.986159167700656,1.0]]
5_Kacem_3_workers.fjs;16.666807339511365;1153176;[2,3,4,0,2,5,0,2,5,0,1,3,0,2,5,0,4,6,3,5,6,0,2,6,2,3,6,0,2,4];[0,1,0,0,9,9,9,4,7,6,1,9,8,2,3,5,8,6,0,2,3,4,6,1,5,5,5,2,3,4];[3,1,14,5,10,2,3,4,0,10,6,12,2,0,13,1,9,6,9,3,7,4,8,10,9,6,13,12,2,4];[[0.4211249061401,4.211249061401,1.0],[0.9761073344853062,9.761073344853061,1.0],[0.6132800246752349,6.132800246752349,1.0],[0.6930423279788359,6.930423279788359,1.0],[0.5088628354481554,5.088628354481553,1.0],[0.18781156668551158,1.8781156668551158,1.0],[0.830121874145001,8.301218741450011,1.0],[0.8449241651217704,8.449241651217704,1.0],[0.20962821201639004,2.0962821201639006,1.0],[0.6505169872996391,6.505169872996391,1.0],[0.7003316191510263,7.003316191510263,1.0],[0.7150339547653067,7.150339547653068,1.0],[0.8091072451390076,8.091072451390076,1.0],[0.8451978833841938,8.451978833841938,1.0],[0.3695849781386673,3.695849781386673,1.0]]
5_Kacem_3_workers.fjs;14.976200364855139;3719184;[0,1,2,0,4,5,0,1,2,0,1,4,1,3,5,0,3,5,1,2,4,0,2,5,2,4,5,0,1,2];[0,1,0,6,9,9,9,7,4,8,2,3,8,5,3,5,8,6,0,7,2,4,1,1,5,6,5,2,3,3];[0,10,0,6,11,2,5,14,10,7,13,8,3,9,0,1,4,1,9,2,6,4,5,7,1,12,13,12,2,8];[[0.4831103964860096,4.831103964860096,1.0],[0.9021829992468611,9.02182999246861,1.0],[0.5374571935128641,5.374571935128642,1.0],[0.8761340971511191,8.761340971511192,1.0],[0.573156942708234,5.7315694270823405,1.0],[0.994523847851402,9.945238478514021,1.0],[0.3574465703190305,3.574465703190305,1.0],[0.6617299629663892,6.617299629663892,1.0],[0.4882872262788658,4.882872262788657,1.0],[0.5726412824777106,5.726412824777106,1.0],[0.32388398325139345,3.2388398325139347,1.0],[0.8072354510963532,8.072354510963532,1.0],[0.8087324055796944,8.087324055796945,1.0],[0.660852452150834,6.60852452150834,1.0],[0.5802577271631468,5.802577271631469,1.0]]
5_Kacem_3_workers.fjs;15.407883508847089;3400188;[0,2,5,0,2,3,0,1,2,0,1,4,1,5,6,0,3,6,2,4,5,0,2,5,2,3,4,0,1,2];[6,3,3,0,9,5,9,7,7,8,2,9,8,8,3,5,8,8,0,2,2,4,1,1,5,6,6,2,1,4];[11,7,14,3,11,4,5,9,0,7,2,11,10,9,14,8,9,2,14,6,6,14,1,12,6,3,0,9,4,13];[[0.34661995661142697,3.4661995661142697,1.0],[0.2286410960833074,2.286410960833074,1.0],[0.012392470279078194,0.12392470279078194,1.0],[0.9308270259025113,9.308270259025113,1.0],[0.3225145761620236,3.225145761620236,1.0],[0.0006954578022455582,0.006954578022455582,1.0],[0.2097170717940725,2.097170717940725,1.0],[0.5179602272351016,5.179602272351016,1.0],[0.7628222106217201,7.6282221062172,1.0],[0.3089717897377221,3.089717897377221,1.0],[0.15113122452813788,1.5113122452813788,1.0],[0.07045772229012492,0.7045772229012492,1.0],[0.8725064026541692,8.725064026541693,1.0],[0.3074981421409557,3.074981421409557,1.0],[0.272859759997538,2.7285975999753798,1.0]]
5_Kacem_3_workers.fjs;18.65624744290216;4773240;[3,4,5,0,2,4,0,5,7,0,1,6,1,5,6,1,3,5,2,3,4,0,2,6,0,1,3,0,4,6];[0,1,0,0,3,2,7,7,1,8,1,9,8,8,1,5,8,4,0,2,5,4,9,5,5,2,6,2,3,3];[2,14,7,1,4,13,14,2,3,8,3,8,5,9,3,8,10,4,2,6,6,6,11,14,2,13,0,12,2,11];[[0.8559393885152179,8.55939388515218,1.0],[0.8004839408308784,8.004839408308783,1.0],[0.5938433496209707,5.938433496209708,1.0],[0.8870093324131678,8.870093324131679,1.0],[0.741558169706834,7.4155816970683395,1.0],[0.8097670389513107,8.097670389513107,1.0],[0.2247324103169328,2.247324103169328,1.0],[0.9761818800633866,9.761818800633865,1.0],[0.6339038774096737,6.339038774096737,1.0],[0.5580285642552777,5.580285642552777,1.0],[0.4463526500656817,4.463526500656817,1.0],[0.28336462923826333,2.8336462923826335,1.0],[0.9019880415639555,9.019880415639555,1.0],[0.03268507148422006,0.32685071484220063,1.0],[0.4362825217209084,4.3628252172090844,1.0]]
5_Kacem_3_workers.fjs;16.731520421566465;4379664;[1,3,5,1,4,5,0,2,5,0,2,4,0,2,4,1,3,5,0,1,3,0,2,6,0,3,4,0,1,3];[6,2,3,0,6,2,9,4,6,6,1,7,8,8,1,5,8,8,0,2,5,4,9,1,3,6,5,5,1,3];[0,2,13,1,12,9,3,14,6,0,4,8,2,9,14,7,9,2,9,3,6,12,5,10,11,13,13,7,6,11];[[0.5198238265685563,5.198238265685563,1.0],[0.9583988744400509,9.583988744400509,1.0],[0.3402956357666065,3.402956357666065,1.0],[0.7081849781179302,7.081849781179303,1.0],[0.9252189405445452,9.252189405445453,1.0],[0.05032666735654623,0.5032666735654623,1.0],[0.6613275461751585,6.613275461751585,1.0],[0.82711411373077,8.271141137307701,1.0],[0.8734961127808921,8.734961127808921,1.0],[0.5913019030238962,5.913019030238962,1.0],[0.11264722490163037,1.1264722490163037,1.0],[0.34477784983246407,3.4477784983246407,1.0],[0.011377599382669468,0.11377599382669468,1.0],[0.7909742881977946,7.909742881977946,1.0],[0.3277964015146908,3.277964015146908,1.0]]
5_Kacem_3_workers.fjs;15.141900303111864;3286464;[1,4,5,1,3,5,0,2,4,0,1,5,0,4,6,0,3,6,0,2,4,0,2,5,1,4,6,0,1,2];[6,2,3,0,6,2,9,4,7,6,9,9,2,8,3,8,5,6,0,7,4,4,1,1,5,6,5,5,3,3];[0,0,11,7,8,9,3,14,10,11,5,14,4,9,11,13,12,12,0,2,4,12,3,7,6,8,13,1,2,11];[[0.18019241848515155,1.8019241848515155,1.0],[0.48736227300275514,4.873622730027551,1.0],[0.07759170039841756,0.7759170039841756,1.0],[0.5225667244081349,5.2256672440813485,1.0],[0.9196433340252647,9.196433340252646,1.0],[0.8762509611803474,8.762509611803473,1.0],[0.5029695910906639,5.029695910906638,1.0],[0.8160267976375112,8.160267976375112,1.0],[0.8059112000327816,8.059112000327817,1.0],[0.2140591090540045,2.140591090540045,1.0],[0.08805821114486456,0.8805821114486456,1.0],[0.20329737064426556,2.0329737064426556,1.0],[0.5837360924329463,5.837360924329463,1.0],[0.6737333796339059,6.737333796339059,1.0],[0.1608013027204077,1.6080130272040771,1.0]]
5_Kacem_4_workers.fjs;31.88273922429508;4934964;[0,4,7,11,0,1,7,10,0,1,8,11,0,1,3,9,0,1,6,12,3,4,4,7,2,5,9,13,3,6,8,12,0,3,8,10,1,3,10,12,2,4,9,12,1,5,8,13,0,3,8,10,0,2,4,8];[0,9,8,5,3,9,9,7,6,6,2,7,4,4,6,9,8,5,6,3,1,1,2,1,6,8,3,0,9,2,6,9,9,5,9,1,8,4,8,8,7,3,5,6,0,0,0,1,1,8,7,4,7,2,7,1];[6,8,10,9,12,13,14,7,11,1,6,3,3,7,11,8,2,11,13,12,3,7,13,11,8,5,14,0,14,12,12,6,13,4,5,8,2,10,2,4,5,9,9,5,12,0,0,1,4,2,13,1,0,0,3,4];[[0.7773566427005639,7.7735664270056395,1.0],[0.6698255595592497,6.698255595592498,1.0],[0.09913960392481702,0.9913960392481702,1.0],[0.35297051119014544,3.529705111901454,1.0],[0.4679077429008419,4.679077429008419,1.0],[0.5346837414708775,5.346837414708775,1.0],[0.9783090609123973,9.783090609123974,1.0],[0.13031535015865903,1.3031535015865903,1.0],[0.6712434682302663,6.712434682302662,1.0],[0.36422941594737557,3.6422941594737557,1.0],[0.48883570716198577,4.888357071619858,1.0],[0.20301221073405373,2.0301221073405373,1.0],[0.6661983755713592,6.661983755713592,1.0],[0.2276630312069321,2.276630312069321,1.0],[0.4580640582967631,4.580640582967631,1.0]]
5_Kacem_4_workers.fjs;32.786629957336835;2927928;[0,4,5,7,0,3,11,13,5,9,10,14,0,4,6,10,2,5,9,11,11,12,1,10,0,4,7,14,0,2,5,11,2,5,8,12,0,4,7,13,0,2,7,13,0,2,5,11,0,4,10,13,2,4,7,11];[0,1,0,5,3,9,9,3,8,6,2,3,1,4,2,4,2,5,1,3,1,1,0,8,5,7,3,0,2,0,9,7,9,7,8,9,8,5,7,8,7,3,4,6,9,8,1,0,6,6,6,4,7,2,0,5];[11,0,10,0,12,13,9,6,1,5,4,14,5,7,7,7,8,3,3,6,12,7,8,8,7,8,6,0,6,2,13,5,6,4,1,14,2,2,14,11,3,14,11,9,13,12,12,2,0,9,11,12,11,6,10,13];[[0.7966509679599704,7.966509679599704,1.0],[0.05862623274803458,0.5862623274803458,1.0],[0.7602397739740907,7.602397739740907,1.0],[0.8627037401845356,8.627037401845355,1.0],[0.09127403464611428,0.9127403464611428,1.0],[0.9024924365975527,9.024924365975528,1.0],[0.7858960565941281,7.858960565941281,1.0],[0.40667966546103385,4.0667966546103385,1.0],[0.37447264465852026,3.7447264465852026,1.0],[0.6490262282913547,6.490262282913547,1.0],[0.40092466608569977,4.009246660856998,1.0],[0.5721109226277574,5.721109226277575,1.0],[0.6077930620255084,6.077930620255084,1.0],[0.05072389565884072,0.5072389565884072,1.0],[0.7370880093375713,7.370880093375714,1.0]]
5_Kacem_4_workers.fjs;30.45375843454326;4169088;[2,3,4,10,1,4,10,13,0,1,8,12,0,1,8,10,0,4,6,12,0,13,0,9,0,2,4,10,0,1,4,10,3,5,9,10,2,4,5,13,2,4,8,12,1,3,6,10,0,4,6,12,0,2,6,8];[0,0,0,8,6,3,7,7,1,8,1,9,4,4,5,4,8,5,1,5,3,0,2,5,6,3,2,9,9,1,6,3,9,9,9,0,6,9,7,1,7,4,2,6,9,8,8,1,0,1,0,4,7,5,5,4];[11,9,3,12,14,5,2,14,4,9,1,3,7,3,0,9,9,12,14,5,8,1,13,14,6,7,7,6,5,1,2,13,14,13,4,8,8,13,8,8,5,0,10,10,12,6,12,4,2,10,11,11,0,0,4,3];[[0.5209484070219088,5.209484070219088,1.0],[0.42125020101147315,4.212502010114731,1.0],[0.22094517308324657,2.2094517308324657,1.0],[0.13033708391670573,1.3033708391670573,1.0],[0.48395776843282956,4.839577684328296,1.0],[0.6260889663051598,6.260889663051597,1.0],[0.6211218319323739,6.21121831932374,1.0],[0.707277595965894,7.07277595965894,1.0],[0.43539590023548325,4.3539590023548325,1.0],[0.04809800715767443,0.4809800715767443,1.0],[0.2254847064342842,2.254847064342842,1.0],[0.788548045160999,7.88548045160999,1.0],[0.42108890435006496,4.21088904350065,1.0],[0.5652029481252892,5.6520294812528915,1.0],[0.6764042610645917,6.764042610645918,1.0]]
5_Kacem_4_workers.fjs;28.089724866372052;4964796;[2,4,6,9,1,4,7,9,0,6,9,11,0,1,4,7,0,2,4,11,5,9,1,6,2,7,9,12,0,2,6,10,1,4,6,8,0,1,5,10,0,2,6,8,0,2,5,11,0,4,6,8,2,4,7,10];[6,0,2,8,6,9,9,3,6,8,1,3,4,4,5,8,2,5,6,5,3,7,0,4,1,3,0,0,9,2,6,9,9,7,9,9,0,5,0,6,7,4,5,5,1,9,1,1,8,8,7,4,7,2,2,4];[10,10,3,0,12,13,4,11,11,4,1,14,14,3,9,2,5,7,2,12,8,2,1,1,8,8,8,14,6,12,13,3,11,0,12,3,7,7,5,6,8,14,10,14,4,13,11,1,0,3,7,5,2,6,12,5];[[0.49734142093980327,4.973414209398033,1.0],[0.35999045686025677,3.5999045686025677,1.0],[0.7220617567237175,7.220617567237175,1.0],[0.44672126724761885,4.4672126724761885,1.0],[0.4533596515962979,4.533596515962978,1.0],[0.025925678678183073,0.25925678678183073,1.0],[0.33490089376309407,3.3490089376309404,1.0],[0.4755440242737675,4.755440242737675,1.0],[0.45132356511490823,4.513235651149082,1.0],[0.08788974506102976,0.8788974506102976,1.0],[0.29509671683068217,2.9509671683068217,1.0],[0.33863234208051063,3.3863234208051063,1.0],[0.9020959027552419,9.020959027552419,1.0],[0.7173473735926632,7.173473735926632,1.0],[0.8986159167700656,8.986159167700656,1.0]]
5_Kacem_4_workers.fjs;32.0342467904701;2807196;[0,2,7,10,4,6,11,12,2,3,5,11,0,6,7,10,0,3,5,12,0,12,11,12,0,2,4,7,0,2,6,11,2,4,9,10,0,6,7,9,0,2,8,12,3,5,7,9,0,3,5,7,2,4,7,11];[6,2,2,5,6,0,9,9,6,6,1,3,4,4,6,9,3,5,6,3,9,0,0,1,0,8,3,4,2,0,3,7,9,0,9,1,5,5,8,1,7,4,2,6,9,9,9,4,1,1,7,5,7,8,7,8];[9,13,5,9,14,10,11,6,11,14,14,14,0,7,11,12,2,2,13,0,12,12,12,13,3,5,6,0,6,12,1,5,8,4,3,7,7,5,7,0,1,10,13,4,0,9,6,2,14,1,11,9,7,5,4,3];[[0.4211249061401,4.211249061401,1.0],[0.9761073344853062,9.761073344853061,1.0],[0.6132800246752349,6.132800246752349,1.0],[0.6930423279788359,6.930423279788359,1.0],[0.5088628354481554,5.088628354481553,1.0],[0.18781156668551158,1.8781156668551158,1.0],[0.830121874145001,8.301218741450011,1.0],[0.8449241651217704,8.449241651217704,1.0],[0.20962821201639004,2.0962821201639006,1.0],[0.6505169872996391,6.505169872996391,1.0],[0.7003316191510263,7.003316191510263,1.0],[0.7150339547653067,7.150339547653068,1.0],[0.8091072451390076,8.091072451390076,1.0],[0.8451978833841938,8.451978833841938,1.0],[0.3695849781386673,3.695849781386673,1.0]]
5_Kacem_4_workers.fjs;30.544944659046244;3989220;[0,3,4,6,2,5,7,9,1,3,6,10,0,3,10,12,0,2,6,12,2,10,4,13,0,1,8,12,0,2,7,12,2,4,8,9,3,4,5,11,0,2,8,12,0,4,9,11,0,4,8,11,0,4,6,8];[4,1,0,5,6,9,9,3,6,6,0,3,5,4,5,8,8,5,1,3,3,0,3,1,6,8,2,0,2,0,8,9,9,6,9,4,9,9,8,6,7,7,7,6,9,4,9,1,1,1,6,5,0,5,2,1];[5,13,11,9,0,13,3,11,11,5,0,14,1,7,11,2,0,4,14,6,8,12,12,4,7,6,10,0,12,12,8,14,7,5,3,1,9,2,7,6,8,10,13,5,13,6,3,3,2,0,4,9,3,3,1,2];[[0.4831103964860096,4.831103964860096,1.0],[0.9021829992468611,9.02182999246861,1.0],[0.5374571935128641,5.374571935128642,1.0],[0.8761340971511191,8.761340971511192,1.0],[0.573156942708234,5.7315694270823405,1.0],[0.994523847851402,9.945238478514021,1.0],[0.3574465703190305,3.574465703190305,1.0],[0.6617299629663892,6.617299629663892,1.0],[0.4882872262788658,4.882872262788657,1.0],[0.5726412824777106,5.726412824777106,1.0],[0.32388398325139345,3.2388398325139347,1.0],[0.8072354510963532,8.072354510963532,1.0],[0.8087324055796944,8.087324055796945,1.0],[0.660852452150834,6.60852452150834,1.0],[0.5802577271631468,5.802577271631469,1.0]]
5_Kacem_4_workers.fjs;34.54682596229813;3702432;[0,3,9,10,3,4,7,13,0,2,4,15,0,3,5,11,0,2,9,13,2,10,7,13,0,4,8,13,0,1,3,9,0,3,8,13,1,6,7,11,0,5,11,13,1,8,11,14,0,3,8,13,4,7,9,11];[4,0,2,2,9,9,9,7,7,6,0,3,5,4,2,8,8,7,7,5,3,3,4,1,3,4,1,0,9,0,5,9,6,1,9,9,8,9,2,6,2,3,5,6,9,0,9,1,1,8,6,4,6,8,5,4];[12,1,5,11,12,13,3,2,4,0,1,14,13,7,12,2,10,9,1,12,8,7,11,13,0,7,12,14,2,5,6,14,11,14,4,8,1,4,13,6,3,0,9,6,6,2,8,13,7,10,3,5,8,10,4,3];[[0.34661995661142697,3.4661995661142697,1.0],[0.2286410960833074,2.286410960833074,1.0],[0.012392470279078194,0.12392470279078194,1.0],[0.9308270259025113,9.308270259025113,1.0],[0.3225145761620236,3.225145761620236,1.0],[0.0006954578022455582,0.006954578022455582,1.0],[0.2097170717940725,2.097170717940725,1.0],[0.5179602272351016,5.179602272351016,1.0],[0.7628222106217201,7.6282221062172,1.0],[0.3089717897377221,3.089717897377221,1.0],[0.15113122452813788,1.5113122452813788,1.0],[0.07045772229012492,0.7045772229012492,1.0],[0.8725064026541692,8.725064026541693,1.0],[0.3074981421409557,3.074981421409557,1.0],[0.272859759997538,2.7285975999753798,1.0]]
5_Kacem_4_workers.fjs;32.793423276207626;3933444;[0,3,6,7,0,1,9,14,1,4,7,12,1,2,7,12,1,3,10,12,0,3,3,7,0,1,4,11,3,4,6,13,0,2,5,12,0,9,11,13,0,4,9,12,1,4,7,13,1,5,7,10,1,3,5,11];[0,1,2,1,3,2,7,3,6,6,5,7,4,4,2,9,9,8,6,4,1,0,4,4,6,8,7,0,9,2,9,9,9,7,3,0,5,0,8,8,7,0,4,5,1,9,8,1,3,1,6,3,0,5,5,1];[14,8,14,12,12,12,9,5,11,1,2,2,14,7,5,0,3,3,6,10,8,10,5,14,2,1,7,14,1,12,1,14,9,4,8,4,7,0,3,11,0,0,11,13,9,9,3,6,13,6,4,8,2,11,4,12];[[0.8559393885152179,8.55939388515218,1.0],[0.8004839408308784,8.004839408308783,1.0],[0.5938433496209707,5.938433496209708,1.0],[0.8870093324131678,8.870093324131679,1.0],[0.741558169706834,7.4155816970683395,1.0],[0.8097670389513107,8.097670389513107,1.0],[0.2247324103169328,2.247324103169328,1.0],[0.9761818800633866,9.761818800633865,1.0],[0.6339038774096737,6.339038774096737,1.0],[0.5580285642552777,5.580285642552777,1.0],[0.4463526500656817,4.463526500656817,1.0],[0.28336462923826333,2.8336462923826335,1.0],[0.9019880415639555,9.019880415639555,1.0],[0.03268507148422006,0.32685071484220063,1.0],[0.4362825217209084,4.3628252172090844,1.0]]
5_Kacem_4_workers.fjs;31.226993847839733;3879288;[6,7,9,10,0,1,7,8,1,2,6,11,0,3,6,10,0,1,10,12,7,9,2,4,0,1,3,8,0,4,6,10,0,2,6,10,0,2,7,12,2,6,10,12,1,3,8,10,2,5,8,10,0,4,7,12];[0,0,2,9,3,3,9,1,6,8,2,1,1,5,5,8,8,4,6,5,1,0,2,7,6,7,8,0,2,0,6,3,9,0,9,7,5,5,8,8,7,4,5,6,9,9,9,0,1,1,7,4,0,2,3,4];[11,10,5,14,12,5,3,0,11,3,13,11,10,2,3,4,6,12,6,12,0,12,13,8,11,2,1,14,13,0,2,13,3,4,12,8,1,2,7,4,8,9,9,9,0,9,3,1,10,14,6,7,9,3,4,3];[[0.5198238265685563,5.198238265685563,1.0],[0.9583988744400509,9.583988744400509,1.0],[0.3402956357666065,3.402956357666065,1.0],[0.7081849781179302,7.081849781179303,1.0],[0.9252189405445452,9.252189405445453,1.0],[0.05032666735654623,0.5032666735654623,1.0],[0.6613275461751585,6.613275461751585,1.0],[0.82711411373077,8.271141137307701,1.0],[0.8734961127808921,8.734961127808921,1.0],[0.5913019030238962,5.913019030238962,1.0],[0.11264722490163037,1.1264722490163037,1.0],[0.34477784983246407,3.4477784983246407,1.0],[0.011377599382669468,0.11377599382669468,1.0],[0.7909742881977946,7.909742881977946,1.0],[0.3277964015146908,3.277964015146908,1.0]]
5_Kacem_4_workers.fjs;28.689620276745085;4061472;[0,6,7,9,4,7,10,12,0,2,7,12,0,3,6,9,0,1,4,8,1,5,6,10,3,5,10,12,0,2,4,11,0,2,4,8,1,3,5,10,0,3,8,11,0,2,5,9,1,4,6,9,0,4,7,10];[0,1,0,1,6,9,9,7,1,6,1,3,5,4,2,9,8,3,3,2,0,0,4,8,6,7,3,0,2,2,5,9,6,7,9,7,8,5,6,6,4,8,8,6,9,9,9,0,1,1,7,4,7,2,3,5];[1,0,3,13,12,13,1,9,9,5,9,14,6,7,2,11,4,0,11,2,8,12,8,10,9,8,8,0,12,14,7,3,10,4,4,14,1,5,5,6,11,6,10,5,14,13,4,0,3,3,1,4,7,2,12,7];[[0.18019241848515155,1.8019241848515155,1.0],[0.48736227300275514,4.873622730027551,1.0],[0.07759170039841756,0.7759170039841756,1.0],[0.5225667244081349,5.2256672440813485,1.0],[0.9196433340252647,9.196433340252646,1.0],[0.8762509611803474,8.762509611803473,1.0],[0.5029695910906639,5.029695910906638,1.0],[0.8160267976375112,8.160267976375112,1.0],[0.8059112000327816,8.059112000327817,1.0],[0.2140591090540045,2.140591090540045,1.0],[0.08805821114486456,0.8805821114486456,1.0],[0.20329737064426556,2.0329737064426556,1.0],[0.5837360924329463,5.837360924329463,1.0],[0.6737333796339059,6.737333796339059,1.0],[0.1608013027204077,1.6080130272040771,1.0]]
6_Fattahi_14_workers.fjs;1254.3721224020246;2371272;[63,333,465,81,274,354,0,81,333,0,155,333,274,425,474,0,155,474,0,155,309];[1,1,3,0,2,6,0,6,4,1,4,3,0,4,5,3,2,4,2,3,5];[0,5,1,8,4,6,7,2,3,0,5,8,7,2,9,5,1,3,6,6,0];[[0.7773566427005639,7.7735664270056395,1.0],[0.6698255595592497,6.698255595592498,1.0],[0.09913960392481702,0.9913960392481702,1.0],[0.35297051119014544,3.529705111901454,1.0],[0.4679077429008419,4.679077429008419,1.0],[0.5346837414708775,5.346837414708775,1.0],[0.9783090609123973,9.783090609123974,1.0],[0.13031535015865903,1.3031535015865903,1.0],[0.6712434682302663,6.712434682302662,1.0],[0.36422941594737557,3.6422941594737557,1.0]]
6_Fattahi_14_workers.fjs;1203.0556430693275;4159452;[63,299,419,84,290,467,0,213,442,0,155,333,0,133,213,0,155,333,133,276,391];[1,1,3,0,3,5,1,6,4,0,4,5,2,6,5,3,3,4,2,2,6];[0,7,1,9,4,6,9,1,3,6,5,9,3,2,3,5,8,3,7,2,8];[[0.7966509679599704,7.966509679599704,1.0],[0.05862623274803458,0.5862623274803458,1.0],[0.7602397739740907,7.602397739740907,1.0],[0.8627037401845356,8.627037401845355,1.0],[0.09127403464611428,0.9127403464611428,1.0],[0.9024924365975527,9.024924365975528,1.0],[0.7858960565941281,7.858960565941281,1.0],[0.40667966546103385,4.0667966546103385,1.0],[0.37447264465852026,3.7447264465852026,1.0],[0.6490262282913547,6.490262282913547,1.0]]
6_Fattahi_14_workers.fjs;1202.7987190796616;3187896;[0,256,411,143,301,385,59,122,433,0,59,237,230,351,476,122,301,412,0,143,300];[0,6,3,2,1,5,1,6,4,1,4,5,0,3,5,1,2,6,2,3,4];[4,5,1,1,9,6,9,0,3,5,5,7,4,8,7,6,3,5,7,8,0];[[0.5209484070219088,5.209484070219088,1.0],[0.42125020101147315,4.212502010114731,1.0],[0.22094517308324657,2.2094517308324657,1.0],[0.13033708391670573,1.3033708391670573,1.0],[0.48395776843282956,4.839577684328296,1.0],[0.6260889663051598,6.260889663051597,1.0],[0.6211218319323739,6.21121831932374,1.0],[0.707277595965894,7.07277595965894,1.0],[0.43539590023548325,4.3539590023548325,1.0],[0.04809800715767443,0.4809800715767443,1.0]]
6_Fattahi_14_workers.fjs;1205.649902789249;1526880;[0,236,397,169,362,467,84,297,442,0,155,333,0,133,213,0,155,333,133,276,391];[1,6,3,0,1,5,0,3,4,0,4,5,2,6,5,3,3,4,2,2,6];[0,0,1,8,6,6,1,1,3,1,5,9,3,9,3,5,4,3,7,2,8];[[0.49734142093980327,4.973414209398033,1.0],[0.35999045686025677,3.5999045686025677,1.0],[0.7220617567237175,7.220617567237175,1.0],[0.44672126724761885,4.4672126724761885,1.0],[0.4533596515962979,4.533596515962978,1.0],[0.025925678678183073,0.25925678678183073,1.0],[0.33490089376309407,3.3490089376309404,1.0],[0.4755440242737675,4.755440242737675,1.0],[0.45132356511490823,4.513235651149082,1.0],[0.08788974506102976,0.8788974506102976,1.0]]
6_Fattahi_14_workers.fjs;1185.3734511323148;3224616;[0,236,360,133,360,464,82,163,333,0,155,333,0,155,224,0,224,359,163,306,425];[1,1,3,2,1,5,0,6,4,0,4,5,2,3,5,3,3,6,0,2,4];[0,0,9,2,8,3,7,9,3,9,5,1,3,4,7,5,8,5,1,2,0];[[0.4211249061401,4.211249061401,1.0],[0.9761073344853062,9.761073344853061,1.0],[0.6132800246752349,6.132800246752349,1.0],[0.6930423279788359,6.930423279788359,1.0],[0.5088628354481554,5.088628354481553,1.0],[0.18781156668551158,1.8781156668551158,1.0],[0.830121874145001,8.301218741450011,1.0],[0.8449241651217704,8.449241651217704,1.0],[0.20962821201639004,2.0962821201639006,1.0],[0.6505169872996391,6.505169872996391,1.0]]
6_Fattahi_14_workers.fjs;1220.6866121212036;3944928;[63,299,445,0,163,254,264,345,469,0,172,350,0,121,172,0,155,350,121,264,389];[1,1,3,2,2,5,0,3,4,1,4,5,0,4,5,3,3,4,0,2,6];[0,9,1,2,4,6,7,1,3,0,5,6,4,7,3,5,8,2,1,4,8];[[0.4831103964860096,4.831103964860096,1.0],[0.9021829992468611,9.02182999246861,1.0],[0.5374571935128641,5.374571935128642,1.0],[0.8761340971511191,8.761340971511192,1.0],[0.573156942708234,5.7315694270823405,1.0],[0.994523847851402,9.945238478514021,1.0],[0.3574465703190305,3.574465703190305,1.0],[0.6617299629663892,6.617299629663892,1.0],[0.4882872262788658,4.882872262788657,1.0],[0.5726412824777106,5.726412824777106,1.0]]
6_Fattahi_14_workers.fjs;1239.0071467509235;1147620;[63,299,423,205,405,485,121,205,460,0,155,333,0,155,215,0,159,333,0,215,372];[1,1,3,0,2,5,0,6,4,1,4,5,0,3,5,3,2,4,2,3,6];[0,0,1,9,4,6,4,1,3,0,5,7,4,8,4,5,3,6,3,8,8];[[0.34661995661142697,3.4661995661142697,1.0],[0.2286410960833074,2.286410960833074,1.0],[0.012392470279078194,0.12392470279078194,1.0],[0.9308270259025113,9.308270259025113,1.0],[0.3225145761620236,3.225145761620236,1.0],[0.0006954578022455582,0.006954578022455582,1.0],[0.2097170717940725,2.097170717940725,1.0],[0.5179602272351016,5.179602272351016,1.0],[0.7628222106217201,7.6282221062172,1.0],[0.3089717897377221,3.089717897377221,1.0]]
6_Fattahi_14_workers.fjs;1223.5860506979375;1566816;[0,236,354,203,408,472,236,299,490,121,203,403,0,121,170,0,155,381,0,159,291];[1,6,6,0,1,5,1,3,4,0,4,3,0,4,5,3,3,4,2,2,5];[0,1,1,2,7,4,9,6,3,9,5,8,4,2,7,5,4,3,3,3,0];[[0.8559393885152179,8.55939388515218,1.0],[0.8004839408308784,8.004839408308783,1.0],[0.5938433496209707,5.938433496209708,1.0],[0.8870093324131678,8.870093324131679,1.0],[0.741558169706834,7.4155816970683395,1.0],[0.8097670389513107,8.097670389513107,1.0],[0.2247324103169328,2.247324103169328,1.0],[0.9761818800633866,9.761818800633865,1.0],[0.6339038774096737,6.339038774096737,1.0],[0.5580285642552777,5.580285642552777,1.0]]
6_Fattahi_14_workers.fjs;1163.8780962073588;1936680;[0,230,377,143,301,367,59,122,226,0,59,237,230,383,458,122,301,434,0,237,383];[0,6,3,2,1,5,1,3,5,1,4,3,0,4,5,1,2,4,2,4,6];[4,6,4,1,9,6,9,6,3,5,5,2,4,7,1,9,1,3,7,7,8];[[0.5198238265685563,5.198238265685563,1.0],[0.9583988744400509,9.583988744400509,1.0],[0.3402956357666065,3.402956357666065,1.0],[0.7081849781179302,7.081849781179303,1.0],[0.9252189405445452,9.252189405445453,1.0],[0.05032666735654623,0.5032666735654623,1.0],[0.6613275461751585,6.613275461751585,1.0],[0.82711411373077,8.271141137307701,1.0],[0.8734961127808921,8.734961127808921,1.0],[0.5913019030238962,5.913019030238962,1.0]]
6_Fattahi_14_workers.fjs;1173.974460624357;3471648;[63,299,419,143,309,464,121,205,339,0,155,333,0,121,201,0,301,431,0,155,339];[1,1,3,2,3,5,0,6,4,1,4,5,0,6,5,3,2,4,2,3,6];[0,7,8,1,6,6,4,9,3,6,5,1,4,2,2,5,4,3,7,6,9];[[0.18019241848515155,1.8019241848515155,1.0],[0.48736227300275514,4.873622730027551,1.0],[0.07759170039841756,0.7759170039841756,1.0],[0.5225667244081349,5.2256672440813485,1.0],[0.9196433340252647,9.196433340252646,1.0],[0.8762509611803474,8.762509611803473,1.0],[0.5029695910906639,5.029695910906638,1.0],[0.8160267976375112,8.160267976375112,1.0],[0.8059112000327816,8.059112000327817,1.0],[0.2140591090540045,2.140591090540045,1.0]]
6_Fattahi_20_workers.fjs;2828.7093811557147;4113588;[119,702,870,1137,558,838,950,1157,209,465,635,870,147,301,482,635,0,473,518,676,558,727,910,1027,0,147,301,465,0,246,603,1020,274,846,1092,1174,246,482,713,872,422,558,872,1035,0,328,779,1018];[0,1,3,6,0,1,6,7,1,6,3,5,1,4,3,4,0,4,4,7,1,2,4,3,1,4,6,7,3,5,6,7,1,2,6,5,3,5,5,7,1,2,4,5,2,2,6,4];[2,0,1,4,3,10,4,5,5,7,5,0,3,10,10,2,9,8,5,11,6,6,11,9,6,1,0,4,7,8,8,6,5,5,8,8,6,1,1,2,3,9,3,10,11,9,4,3];[[0.7773566427005639,7.7735664270056395,1.0],[0.6698255595592497,6.698255595592498,1.0],[0.09913960392481702,0.9913960392481702,1.0],[0.35297051119014544,3.529705111901454,1.0],[0.4679077429008419,4.679077429008419,1.0],[0.5346837414708775,5.346837414708775,1.0],[0.9783090609123973,9.783090609123974,1.0],[0.13031535015865903,1.3031535015865903,1.0],[0.6712434682302663,6.712434682302662,1.0],[0.36422941594737557,3.6422941594737557,1.0],[0.48883570716198577,4.888357071619858,1.0],[0.20301221073405373,2.0301221073405373,1.0]]
6_Fattahi_20_workers.fjs;2929.717742514588;4982220;[351,597,1012,1170,0,283,363,506,199,501,705,852,501,714,879,1157,164,283,705,1080,351,731,902,1170,0,164,506,879,232,478,1025,1236,676,944,1120,1165,0,232,678,944,332,481,850,1007,0,332,577,714];[0,3,3,6,0,1,6,7,0,3,5,5,1,4,3,4,1,6,1,7,1,3,6,3,1,4,6,4,3,5,4,7,2,2,6,5,3,5,6,7,2,2,6,5,2,4,4,7];[3,0,9,10,11,3,6,6,10,2,3,6,7,10,0,2,2,1,8,4,2,0,10,5,9,9,1,4,7,8,7,6,7,11,8,1,1,11,5,8,0,10,2,6,5,9,4,11];[[0.7966509679599704,7.966509679599704,1.0],[0.05862623274803458,0.5862623274803458,1.0],[0.7602397739740907,7.602397739740907,1.0],[0.8627037401845356,8.627037401845355,1.0],[0.09127403464611428,0.9127403464611428,1.0],[0.9024924365975527,9.024924365975528,1.0],[0.7858960565941281,7.858960565941281,1.0],[0.40667966546103385,4.0667966546103385,1.0],[0.37447264465852026,3.7447264465852026,1.0],[0.6490262282913547,6.490262282913547,1.0],[0.40092466608569977,4.009246660856998,1.0],[0.5721109226277574,5.721109226277575,1.0]]
6_Fattahi_20_workers.fjs;2957.2781091456973;3670764;[0,261,454,618,479,791,1062,1234,385,479,685,981,0,70,614,825,261,723,768,941,385,882,1102,1234,70,480,814,1210,0,225,963,1210,332,772,1008,1135,225,454,768,1098,225,609,925,1273,0,332,584,723];[0,6,3,6,0,2,6,7,0,6,5,5,1,4,3,5,0,4,1,7,1,2,4,3,1,2,6,4,3,5,4,6,2,3,6,5,3,5,4,7,1,2,4,5,2,4,4,7];[4,10,5,10,7,6,4,3,6,3,9,5,7,10,6,9,2,8,8,2,2,4,11,8,6,8,7,4,11,8,11,11,9,1,7,9,7,1,0,8,11,2,6,7,5,0,11,3];[[0.5209484070219088,5.209484070219088,1.0],[0.42125020101147315,4.212502010114731,1.0],[0.22094517308324657,2.2094517308324657,1.0],[0.13033708391670573,1.3033708391670573,1.0],[0.48395776843282956,4.839577684328296,1.0],[0.6260889663051598,6.260889663051597,1.0],[0.6211218319323739,6.21121831932374,1.0],[0.707277595965894,7.07277595965894,1.0],[0.43539590023548325,4.3539590023548325,1.0],[0.04809800715767443,0.4809800715767443,1.0],[0.2254847064342842,2.254847064342842,1.0],[0.788548045160999,7.88548045160999,1.0]]
6_Fattahi_20_workers.fjs;2748.1270356130817;3296868;[535,796,948,1137,0,147,466,616,79,165,303,452,0,451,664,995,165,402,535,679,640,809,948,1137,0,147,303,466,0,225,616,836,147,435,788,1154,225,607,838,1110,286,457,833,973,207,616,828,959];[0,1,3,7,2,1,6,4,0,6,4,5,0,4,3,5,0,4,1,7,1,3,6,3,1,4,6,7,3,5,6,7,2,2,6,5,3,5,5,6,2,3,6,7,1,2,4,4];[4,8,7,0,2,0,11,6,10,7,10,6,7,10,11,8,10,2,8,2,10,4,10,9,6,9,11,2,11,8,9,6,6,9,3,8,1,1,1,1,0,5,3,9,4,0,5,3];[[0.49734142093980327,4.973414209398033,1.0],[0.35999045686025677,3.5999045686025677,1.0],[0.7220617567237175,7.220617567237175,1.0],[0.44672126724761885,4.4672126724761885,1.0],[0.4533596515962979,4.533596515962978,1.0],[0.025925678678183073,0.25925678678183073,1.0],[0.33490089376309407,3.3490089376309404,1.0],[0.4755440242737675,4.755440242737675,1.0],[0.45132356511490823,4.513235651149082,1.0],[0.08788974506102976,0.8788974506102976,1.0],[0.29509671683068217,2.9509671683068217,1.0],[0.33863234208051063,3.3863234208051063,1.0]]
6_Fattahi_20_workers.fjs;2854.7894972029662;4127280;[203,624,946,1119,431,734,804,979,137,225,382,481,0,79,684,988,79,265,525,1144,198,543,657,829,386,657,930,1119,0,225,452,793,0,225,481,652,0,452,684,839,237,431,740,839,341,781,988,1119];[0,6,3,6,0,1,4,7,1,6,4,7,0,4,3,5,0,4,4,5,1,2,4,3,2,2,6,4,3,5,6,6,1,3,4,7,2,5,5,7,2,3,6,5,1,2,4,7];[6,5,6,5,4,8,8,7,1,11,7,2,7,9,11,9,6,7,0,11,1,8,2,6,3,7,0,4,11,8,9,7,8,4,10,0,3,11,4,4,0,6,10,10,1,9,5,3];[[0.4211249061401,4.211249061401,1.0],[0.9761073344853062,9.761073344853061,1.0],[0.6132800246752349,6.132800246752349,1.0],[0.6930423279788359,6.930423279788359,1.0],[0.5088628354481554,5.088628354481553,1.0],[0.18781156668551158,1.8781156668551158,1.0],[0.830121874145001,8.301218741450011,1.0],[0.8449241651217704,8.449241651217704,1.0],[0.20962821201639004,2.0962821201639006,1.0],[0.6505169872996391,6.505169872996391,1.0],[0.7003316191510263,7.003316191510263,1.0],[0.7150339547653067,7.150339547653068,1.0]]
6_Fattahi_20_workers.fjs;2803.80895343061;2540544;[237,327,442,581,212,625,741,1171,0,80,716,875,411,813,988,1163,80,237,468,722,0,157,340,1171,571,728,843,1025,157,451,1006,1182,479,785,988,1025,0,237,468,640,328,581,785,830,0,328,571,1037];[2,6,3,7,0,1,5,4,0,6,4,7,0,4,3,5,0,6,5,7,3,4,4,3,2,2,6,4,3,4,6,6,1,3,4,5,2,5,6,6,1,3,6,5,1,2,5,7];[5,9,6,8,11,10,5,2,11,2,2,6,4,10,10,9,5,3,8,8,8,6,3,4,3,9,11,4,7,0,8,11,1,1,5,9,3,1,5,1,2,6,4,7,4,10,7,6];[[0.4831103964860096,4.831103964860096,1.0],[0.9021829992468611,9.02182999246861,1.0],[0.5374571935128641,5.374571935128642,1.0],[0.8761340971511191,8.761340971511192,1.0],[0.573156942708234,5.7315694270823405,1.0],[0.994523847851402,9.945238478514021,1.0],[0.3574465703190305,3.574465703190305,1.0],[0.6617299629663892,6.617299629663892,1.0],[0.4882872262788658,4.882872262788657,1.0],[0.5726412824777106,5.726412824777106,1.0],[0.32388398325139345,3.2388398325139347,1.0],[0.8072354510963532,8.072354510963532,1.0]]
6_Fattahi_20_workers.fjs;2952.821971025367;1190736;[224,481,597,788,685,901,1013,1208,0,86,1030,1210,557,619,897,1240,86,224,452,557,619,849,1100,1210,0,313,583,772,0,225,969,1157,440,685,918,1102,225,452,856,1018,157,449,729,772,0,331,684,936];[0,6,6,6,0,1,5,4,0,6,3,7,1,2,3,5,0,6,1,7,1,2,4,3,2,2,4,4,3,5,4,6,2,3,4,5,3,5,5,6,2,3,4,7,1,4,5,7];[9,5,2,2,7,10,5,6,10,9,8,4,3,0,0,9,10,3,8,4,9,3,11,8,3,3,10,4,11,8,3,7,6,11,5,9,5,11,1,2,6,7,8,9,7,0,1,6];[[0.34661995661142697,3.4661995661142697,1.0],[0.2286410960833074,2.286410960833074,1.0],[0.012392470279078194,0.12392470279078194,1.0],[0.9308270259025113,9.308270259025113,1.0],[0.3225145761620236,3.225145761620236,1.0],[0.0006954578022455582,0.006954578022455582,1.0],[0.2097170717940725,2.097170717940725,1.0],[0.5179602272351016,5.179602272351016,1.0],[0.7628222106217201,7.6282221062172,1.0],[0.3089717897377221,3.089717897377221,1.0],[0.15113122452813788,1.5113122452813788,1.0],[0.07045772229012492,0.7045772229012492,1.0]]
6_Fattahi_20_workers.fjs;2786.4260677317993;4615716;[0,236,381,813,540,756,1074,1192,368,448,914,1122,448,601,766,952,236,368,622,747,224,597,716,1092,0,157,310,768,157,455,1006,1178,328,539,768,939,0,224,456,601,471,716,914,1163,0,390,597,904];[0,6,3,6,0,1,5,4,0,6,3,7,0,4,3,4,0,6,1,7,3,2,5,3,2,4,4,4,2,5,6,6,1,3,6,5,3,5,4,7,1,2,4,5,1,2,6,7];[2,0,4,5,7,2,5,9,11,3,4,6,5,10,0,11,5,3,8,1,8,6,9,4,3,9,10,4,6,2,9,2,7,0,8,8,5,1,1,5,8,6,6,7,4,9,4,3];[[0.8559393885152179,8.55939388515218,1.0],[0.8004839408308784,8.004839408308783,1.0],[0.5938433496209707,5.938433496209708,1.0],[0.8870093324131678,8.870093324131679,1.0],[0.741558169706834,7.4155816970683395,1.0],[0.8097670389513107,8.097670389513107,1.0],[0.2247324103169328,2.247324103169328,1.0],[0.9761818800633866,9.761818800633865,1.0],[0.6339038774096737,6.339038774096737,1.0],[0.5580285642552777,5.580285642552777,1.0],[0.4463526500656817,4.463526500656817,1.0],[0.28336462923826333,2.8336462923826335,1.0]]
6_Fattahi_20_workers.fjs;2837.411103846377;3573036;[385,613,1004,1179,148,294,385,536,147,241,483,671,0,318,750,1011,241,452,611,858,475,611,750,1162,0,147,683,858,0,225,580,959,716,882,1096,1170,225,452,728,1142,0,687,907,1015,147,475,841,1011];[0,6,3,7,2,2,6,7,0,6,4,7,0,4,3,5,0,3,1,7,1,3,4,3,1,4,5,4,3,5,4,6,1,2,6,5,3,5,6,6,2,2,6,7,1,2,5,4];[6,9,4,0,10,6,7,5,6,9,2,2,5,10,0,8,1,8,8,11,9,4,11,4,6,2,1,4,11,8,3,2,5,5,1,1,5,1,8,2,7,10,3,9,4,0,7,3];[[0.5198238265685563,5.198238265685563,1.0],[0.9583988744400509,9.583988744400509,1.0],[0.3402956357666065,3.402956357666065,1.0],[0.7081849781179302,7.081849781179303,1.0],[0.9252189405445452,9.252189405445453,1.0],[0.05032666735654623,0.5032666735654623,1.0],[0.6613275461751585,6.613275461751585,1.0],[0.82711411373077,8.271141137307701,1.0],[0.8734961127808921,8.734961127808921,1.0],[0.5913019030238962,5.913019030238962,1.0],[0.11264722490163037,1.1264722490163037,1.0],[0.34477784983246407,3.4477784983246407,1.0]]
6_Fattahi_20_workers.fjs;2804.290975654743;4220460;[209,723,845,1115,526,845,913,1115,440,825,990,1168,0,85,470,723,85,209,618,723,135,486,634,1168,0,289,443,873,224,470,712,978,326,603,933,1002,0,224,456,796,0,157,326,380,270,618,844,983];[0,1,3,6,0,1,5,7,0,2,3,5,0,4,3,5,0,6,1,7,1,2,6,3,2,4,4,7,3,5,4,6,2,3,6,5,3,5,6,6,1,2,6,7,1,2,4,4];[3,3,6,10,4,2,5,2,10,4,4,5,9,10,0,8,2,1,8,5,8,8,10,7,3,1,3,7,7,2,7,2,4,0,3,8,5,11,6,1,6,9,8,9,5,9,11,3];[[0.18019241848515155,1.8019241848515155,1.0],[0.48736227300275514,4.873622730027551,1.0],[0.07759170039841756,0.7759170039841756,1.0],[0.5225667244081349,5.2256672440813485,1.0],[0.9196433340252647,9.196433340252646,1.0],[0.8762509611803474,8.762509611803473,1.0],[0.5029695910906639,5.029695910906638,1.0],[0.8160267976375112,8.160267976375112,1.0],[0.8059112000327816,8.059112000327817,1.0],[0.2140591090540045,2.140591090540045,1.0],[0.08805821114486456,0.8805821114486456,1.0],[0.20329737064426556,2.0329737064426556,1.0]]
