{"deterministic_makespan": 936.0, "final_R": 2.1090528251825646, "final_robust_makespan": 1974.0734443708805, "final_robust_stdev": 19.060141576502087, "final_simulation_results": [1983.5237988289712, 1982.867309608315, 1987.5972673492822, 1963.1516315115155, 1969.3286029196342, 1996.8755059868354, 1941.7978444167402, 2003.9776623132846, 1985.9128871067194, 1984.8447958388738, 1967.2563523974277, 1951.1241244021635, 1978.2529093688127, 1988.2967157585758, 1970.6099524721733, 1953.7708570960715, 2015.4743918760341, 1953.1280180977096, 1969.7787568523333, 1948.9445772519591, 1967.5102483877583, 1974.552799022521, 1953.437122853024, 1969.1352545824554, 2002.3574950390548, 1997.7123954961135, 2007.2929531645132, 1993.381274450715, 1975.5786449951172, 1977.7698654780247, 1959.4420791769865, 1946.3062984923574, 1969.0953245146654, 1966.8215497135038, 1983.7320340685235, 1964.5723457523757, 1965.2719209246868, 1950.045054793965, 1946.6178383919168, 1988.8222990104277, 1972.323460341079, 2021.1096921590186, 2002.9454317564714, 1968.5720916942735, 1978.4258648831762, 1965.0166267014931, 1954.392841921941, 1962.7372133405515, 1973.8946383369657, 1948.285597646913], "fitness": 1974.0734443708805, "function_evaluations": 82440, "generations": 44750, "instance": "0_BehnkeGeiger_60_workers.fjs", "machine_assignments": [0, 43, 45, 18, 58, 1, 49, 49, 10, 56, 1, 31, 37, 18, 59, 0, 7, 27, 41, 56, 1, 10, 50, 11, 56, 1, 14, 29, 29, 56, 1, 21, 54, 33, 59, 0, 47, 53, 12, 57, 1, 42, 6, 18, 56, 2, 35, 4, 27, 59, 0, 7, 24, 39, 58, 0, 43, 17, 54, 57, 2, 32, 44, 19, 58, 1, 19, 45, 39, 56, 2, 36, 31, 50, 58, 1, 7, 9, 9, 56, 2, 45, 28, 25, 58, 3, 6, 10, 31, 58, 3, 22, 46, 20, 58, 3, 19, 21, 41, 57, 1, 5, 14, 23, 59, 2, 36, 4, 51, 57, 2, 34, 12, 53, 57, 1, 55, 55, 40, 59, 1, 20, 16, 51, 57, 3, 40, 51, 30, 56, 3, 40, 18, 5, 56, 3, 52, 51, 47, 58, 2, 45, 38, 43, 58, 0, 6, 46, 23, 56, 2, 8, 22, 14, 58, 0, 23, 47, 55, 58, 3, 26, 13, 47, 58, 1, 39, 37, 30, 59, 1, 51, 35, 28, 59, 3, 49, 48, 13, 57, 2, 40, 46, 49, 59, 1, 6, 25, 40, 57, 0, 51, 5, 14, 57, 1, 22, 14, 24, 56, 3, 37, 50, 22, 56, 0, 54, 27, 15, 59, 2, 22, 55, 8, 58, 3, 41, 20, 22, 57, 3, 14, 20, 24, 58, 1, 41, 48, 54, 56, 3, 45, 23, 9, 57, 3, 38, 27, 53, 57, 2, 23, 53, 33, 59, 0, 54, 44, 43, 56, 3, 55, 23, 22, 57, 0, 45, 13, 47, 59, 0, 5, 16, 19, 57, 2, 34, 54, 26, 58, 2, 9, 19, 54, 58, 0, 41, 35, 33, 56, 0, 47, 53, 47, 58, 2, 26, 38, 16, 57, 0, 37, 39, 41, 59, 2, 47, 38, 9, 58, 1, 15, 40, 48, 59, 1, 29, 36, 20, 59, 3, 10, 12, 8, 57, 1, 10, 15, 43, 59, 1, 31, 48, 40, 59, 3, 34, 55, 20, 58, 2, 7, 12, 24, 58, 1, 26, 23, 38, 59, 3, 5, 7, 17, 59, 3, 46, 41, 47, 58, 0, 30, 48, 31, 58, 1, 11, 31, 39, 57, 3, 36, 54, 30, 58, 1, 48, 30, 22, 57, 1, 24, 22, 50, 58, 3, 31, 47, 48, 57, 3, 39, 19, 54, 56, 1, 49, 45, 33, 56, 0, 49, 35, 54, 59, 2, 24, 46, 51, 59, 3, 38, 50, 27, 56, 0, 42, 15, 8, 59, 2, 18, 45, 53, 57, 1, 26, 11, 45, 56, 0, 13, 19, 7, 56, 3, 52, 31, 25, 57, 2, 5, 50, 50, 59, 2, 29, 27, 35, 56, 3, 32, 33, 36, 58, 0, 19, 15, 52, 59, 1, 27, 46, 29, 59, 3, 52, 15, 4, 57, 0, 11, 17, 6, 57, 2, 5, 12, 15, 56, 2, 40, 52, 39, 56, 3, 15, 20, 28, 56, 1, 34, 5, 6, 59, 0, 48, 54, 26, 57, 2, 8, 37, 41, 59, 3, 43, 53, 25, 57], "raw_function_evaluations": 418450, "run": 7, "runtime_s": 129601.74749016762, "seed": 1006, "start_times": [261, 432, 454, 466, 492, 432, 454, 482, 496, 569, 479, 488, 499, 560, 651, 113, 319, 346, 571, 704, 372, 423, 439, 621, 741, 200, 218, 242, 581, 835, 488, 515, 623, 644, 739, 303, 321, 391, 501, 853, 264, 275, 437, 522, 654, 107, 494, 510, 533, 595, 94, 197, 262, 473, 541, 195, 209, 236, 265, 308, 83, 95, 107, 535, 564, 318, 344, 466, 527, 537, 418, 579, 623, 639, 666, 169, 185, 197, 219, 235, 95, 107, 117, 130, 864, 370, 391, 413, 526, 554, 472, 497, 526, 622, 749, 122, 282, 298, 600, 672, 275, 300, 402, 423, 821, 349, 547, 616, 631, 798, 164, 184, 197, 217, 522, 465, 479, 545, 594, 677, 344, 372, 419, 473, 630, 275, 289, 437, 456, 466, 199, 346, 501, 522, 616, 229, 359, 381, 413, 903, 184, 209, 234, 454, 478, 321, 507, 668, 697, 905, 306, 323, 454, 475, 830, 27, 62, 286, 560, 772, 538, 570, 581, 631, 853, 0, 486, 513, 544, 833, 130, 456, 510, 528, 724, 133, 156, 225, 602, 921, 388, 624, 639, 668, 877, 218, 413, 437, 460, 489, 55, 74, 326, 492, 690, 248, 264, 423, 458, 788, 515, 538, 562, 620, 817, 74, 94, 379, 423, 518, 369, 388, 503, 526, 605, 497, 515, 592, 647, 910, 354, 370, 398, 413, 641, 28, 52, 238, 644, 921, 43, 117, 446, 458, 576, 250, 280, 364, 379, 607, 223, 487, 498, 569, 791, 166, 177, 198, 478, 600, 112, 122, 138, 282, 560, 205, 234, 275, 435, 444, 16, 110, 123, 495, 589, 0, 207, 321, 595, 803, 289, 306, 522, 596, 820, 372, 396, 528, 543, 761, 139, 166, 191, 534, 792, 121, 164, 517, 536, 785, 396, 558, 585, 621, 666, 253, 267, 307, 342, 501, 121, 134, 498, 639, 843, 543, 562, 599, 645, 763, 289, 308, 330, 361, 537, 185, 200, 223, 419, 695, 148, 169, 196, 489, 498, 16, 197, 207, 413, 723, 280, 289, 319, 444, 523, 78, 177, 458, 487, 900, 551, 571, 600, 613, 867, 169, 199, 546, 571, 697, 229, 242, 466, 552, 581, 402, 432, 499, 537, 659, 406, 425, 534, 586, 679, 300, 503, 523, 603, 773, 229, 248, 567, 594, 894, 329, 567, 586, 596, 752, 425, 447, 473, 513, 627, 52, 95, 259, 666, 875, 273, 469, 482, 561, 612, 267, 280, 295, 488, 541, 62, 86, 462, 575, 641, 432, 454, 569, 592, 707, 323, 482, 501, 526, 741, 526, 543, 570, 595, 859, 177, 323, 512, 522, 678, 0, 349, 584, 614, 821, 30, 123, 148, 175, 354, 209, 264, 545, 575, 801, 447, 472, 500, 523, 631, 0, 366, 449, 474, 626, 106, 121, 321, 373, 568, 308, 329, 592, 631, 842, 242, 451, 473, 487, 878, 67, 86, 206, 246, 481, 45, 319, 381, 501, 588, 86, 112, 428, 449, 715, 454, 465, 600, 614, 918, 334, 479, 580, 607, 717, 144, 164, 186, 206, 329, 391, 406, 419, 460, 706], "status": "ok",