{"deterministic_makespan": 903.0, "final_R": 2.094713897721364, "final_robust_makespan": 1891.5266496423915, "final_robust_stdev": 19.71641795865687, "final_simulation_results": [1877.8684001307865, 1900.2648339846385, 1866.847180785298, 1931.3475865644818, 1926.0855006163665, 1944.3498525110808, 1904.0130814452493, 1878.8159624412087, 1905.662972381452, 1878.4780765429168, 1896.5454570369202, 1932.7989462311123, 1891.2633064335405, 1876.1512882834252, 1885.2662072132407, 1902.2353844852832, 1896.849018513406, 1927.0663776481522, 1899.7582892442667, 1893.6338481473792, 1886.76493688511, 1859.1075604172092, 1892.5056836986478, 1882.649868688873, 1911.8654599702502, 1874.1979626973675, 1886.5553534771946, 1869.2037536807304, 1905.6047909576191, 1860.1735063372728, 1922.8110081299465, 1862.1217985235255, 1899.6234841093674, 1889.779401222005, 1877.08903018128, 1886.8047093810212, 1900.229457018484, 1885.9489620878946, 1882.6159335610075, 1898.2994474405366, 1891.7717004735052, 1897.4168706234734, 1909.7153354749098, 1879.1084415870657, 1873.4060224036796, 1880.3445629903495, 1865.4529739888212, 1867.645129682015, 1886.0515817124838, 1876.1661840777274], "fitness": 1891.5266496423915, "function_evaluations": 207510, "generations": 46249, "instance": "0_BehnkeGeiger_60_workers.fjs", "machine_assignments": [1, 26, 15, 43, 56, 0, 5, 23, 55, 56, 2, 28, 29, 16, 57, 1, 41, 27, 23, 59, 2, 40, 55, 55, 59, 2, 26, 50, 29, 58, 3, 23, 25, 20, 58, 3, 54, 55, 52, 56, 3, 35, 28, 19, 58, 1, 34, 41, 16, 56, 1, 44, 26, 27, 57, 2, 46, 16, 16, 59, 2, 35, 44, 28, 57, 0, 40, 44, 39, 57, 3, 50, 17, 6, 59, 0, 25, 27, 27, 59, 0, 50, 42, 29, 56, 3, 6, 22, 28, 56, 2, 31, 39, 26, 58, 0, 17, 23, 21, 57, 3, 7, 32, 12, 56, 1, 38, 16, 34, 58, 2, 33, 27, 55, 58, 1, 15, 49, 43, 58, 0, 21, 50, 45, 58, 3, 49, 51, 55, 59, 2, 22, 53, 20, 57, 3, 12, 29, 19, 59, 0, 47, 55, 40, 58, 0, 53, 45, 22, 56, 3, 34, 23, 24, 57, 1, 54, 45, 53, 59, 2, 26, 25, 51, 59, 3, 16, 9, 31, 57, 1, 48, 40, 29, 57, 3, 48, 48, 44, 58, 0, 42, 37, 27, 56, 1, 7, 13, 46, 59, 2, 48, 6, 15, 56, 3, 11, 12, 16, 58, 2, 32, 54, 50, 58, 2, 20, 51, 23, 58, 2, 44, 33, 54, 56, 0, 24, 20, 5, 58, 0, 12, 51, 45, 56, 3, 7, 43, 50, 58, 1, 29, 20, 42, 57, 2, 46, 22, 25, 59, 3, 15, 32, 35, 58, 2, 25, 32, 43, 57, 2, 53, 37, 12, 59, 1, 25, 9, 7, 57, 0, 4, 52, 20, 56, 1, 32, 35, 44, 58, 0, 14, 22, 11, 58, 0, 55, 52, 21, 59, 1, 24, 38, 46, 58, 2, 21, 4, 19, 56, 1, 42, 32, 24, 56, 3, 48, 37, 10, 57, 0, 49, 14, 19, 59, 3, 29, 21, 37, 57, 2, 11, 29, 9, 56, 2, 10, 27, 18, 59, 1, 7, 8, 53, 57, 1, 33, 48, 9, 59, 2, 54, 39, 48, 58, 0, 34, 20, 10, 59, 2, 6, 12, 19, 59, 2, 5, 20, 38, 57, 2, 29, 39, 30, 57, 0, 40, 50, 27, 58, 2, 24, 36, 52, 59, 0, 28, 40, 30, 57, 3, 32, 41, 48, 58, 0, 30, 28, 49, 57, 1, 11, 40, 9, 59, 0, 21, 48, 35, 57, 1, 39, 39, 54, 59, 2, 24, 40, 17, 59, 1, 37, 34, 52, 58, 2, 41, 53, 6, 59, 2, 24, 21, 54, 59, 1, 20, 43, 54, 57, 0, 32, 34, 21, 59, 2, 52, 28, 53, 58, 2, 5, 54, 49, 58, 3, 16, 37, 55, 56, 3, 37, 22, 48, 56, 3, 48, 14, 8, 57, 0, 36, 49, 29, 58, 2, 13, 42, 6, 57, 1, 11, 15, 40, 59, 0, 21, 23, 15, 56, 3, 33, 29, 36, 57, 2, 21, 23, 30, 57, 0, 48, 4, 22, 56, 0, 4, 53, 26, 56, 3, 50, 24, 33, 57, 2, 49, 54, 23, 56], "raw_function_evaluations": 294710, "run": 4, "runtime_s": 129601.55491423607, "seed": 1003, "start_times": [262, 278, 421, 552, 689, 0, 195, 238, 257, 511, 184, 332, 468, 482, 718, 98, 120, 140, 423, 540, 102, 339, 397, 421, 436, 294, 305, 423, 503, 618, 197, 210, 238, 268, 554, 210, 402, 464, 482, 532, 329, 353, 496, 528, 695, 135, 153, 183, 493, 722, 234, 365, 496, 567, 828, 382, 397, 561, 589, 785, 344, 378, 409, 508, 879, 293, 314, 339, 365, 701, 291, 311, 325, 353, 631, 239, 325, 450, 467, 505, 450, 468, 533, 600, 863, 148, 170, 193, 305, 494, 237, 270, 414, 586, 810, 110, 552, 570, 594, 744, 391, 406, 515, 531, 555, 82, 98, 399, 477, 656, 397, 420, 435, 599, 779, 0, 12, 475, 527, 738, 225, 242, 325, 397, 761, 108, 424, 548, 568, 620, 314, 324, 352, 509, 568, 268, 291, 320, 344, 363, 390, 407, 436, 519, 643, 192, 205, 235, 391, 801, 353, 376, 402, 539, 610, 153, 185, 222, 577, 716, 172, 293, 303, 526, 563, 15, 45, 75, 100, 130, 364, 512, 563, 590, 600, 406, 480, 500, 618, 677, 314, 332, 365, 390, 568, 224, 234, 257, 582, 839, 46, 109, 309, 452, 750, 311, 329, 358, 387, 475, 358, 382, 432, 488, 878, 482, 499, 509, 526, 707, 220, 237, 592, 618, 776, 161, 182, 195, 228, 582, 80, 320, 352, 374, 610, 70, 94, 112, 347, 372, 45, 71, 282, 375, 496, 10, 24, 42, 59, 390, 376, 391, 421, 485, 727, 248, 268, 491, 515, 536, 520, 547, 562, 599, 610, 204, 352, 402, 431, 685, 381, 390, 526, 603, 838, 30, 45, 58, 260, 846, 44, 70, 83, 391, 501, 347, 369, 500, 568, 768, 302, 499, 527, 538, 607, 24, 334, 413, 438, 766, 314, 353, 447, 462, 484, 243, 268, 280, 543, 557, 182, 192, 203, 361, 411, 431, 482, 544, 574, 649, 0, 10, 374, 528, 702, 499, 520, 543, 567, 706, 278, 302, 320, 518, 778, 71, 109, 469, 496, 678, 305, 314, 376, 612, 861, 433, 450, 582, 610, 802, 267, 294, 387, 407, 696, 420, 448, 555, 582, 855, 197, 208, 394, 443, 624, 29, 44, 55, 158, 171, 324, 344, 374, 583, 740, 270, 293, 544, 587, 817, 41, 462, 491, 565, 668, 369, 414, 443, 455, 475, 345, 377, 391, 507, 861, 407, 433, 446, 469, 511, 185, 204, 222, 383, 492, 448, 484, 499, 519, 650, 383, 407, 505, 568, 834, 86, 140, 214, 323, 587, 133, 159, 259, 418, 518, 12, 30, 126, 195, 221, 12, 58, 402, 446, 475, 460, 470, 481, 496, 518, 159, 172, 345, 364, 544, 124, 148, 162, 612, 879, 170, 306, 378, 543, 643, 232, 280, 305, 342, 795, 137, 161, 404, 424, 437, 470, 482, 505, 571, 766, 120, 358, 442, 528, 820, 205, 225, 257, 285, 623, 94, 138, 344, 363, 381, 58, 311, 334, 350, 370, 70, 80, 148, 352, 593, 468, 489, 562, 577, 818, 0, 409, 527, 567, 662, 208, 220, 364, 591, 663], "status": "ok",