{"deterministic_makespan": 843.0, "final_R": 2.1090343501954045, "final_robust_makespan": 1777.915957214726, "final_robust_stdev": 16.342404270389114, "final_simulation_results": [1796.350634036243, 1794.5573877018262, 1770.0429586143632, 1774.5281682018947, 1763.1350727341905, 1760.8388136588076, 1765.7051473197118, 1801.6684032140743, 1765.2367509168548, 1803.3481286626295, 1773.5676878975153, 1772.0462811213843, 1785.61219672023, 1761.3429519307358, 1769.4611963183008, 1774.903708261637, 1793.680187998147, 1783.1530893755526, 1771.419111332202, 1755.5650615914478, 1762.059506561685, 1749.7005535758506, 1756.0425248194874, 1773.9724868278747, 1802.1695623982953, 1785.9716276722318, 1800.977928173213, 1763.4630625163484, 1791.6178361043915, 1801.9112002185507, 1765.9097601739593, 1780.6240665958069, 1783.265535305282, 1761.600763352733, 1776.8875406334748, 1791.7914866654223, 1798.6448703202009, 1754.7189314297989, 1825.1668066622576, 1788.6470014788886, 1772.6038944225486, 1765.4017437835364, 1765.2694539531192, 1780.8971655244102, 1785.971617852838, 1766.865537394761, 1763.6620634184737, 1802.0551067832678, 1771.0980214148522, 1770.6672670949872], "fitness": 1777.915957214726, "function_evaluations": 254730, "generations": 46868, "instance": "0_BehnkeGeiger_60_workers.fjs", "machine_assignments": [2, 30, 22, 53, 56, 3, 42, 45, 8, 57, 1, 29, 37, 48, 56, 3, 33, 47, 40, 56, 2, 5, 29, 34, 57, 0, 22, 29, 7, 59, 2, 5, 15, 9, 58, 0, 44, 22, 40, 59, 0, 16, 12, 19, 59, 3, 33, 34, 27, 59, 0, 42, 27, 40, 58, 0, 50, 17, 6, 58, 2, 35, 9, 19, 56, 0, 31, 22, 50, 57, 0, 53, 47, 32, 57, 1, 24, 35, 8, 57, 1, 49, 38, 22, 59, 0, 28, 9, 28, 58, 2, 54, 14, 29, 57, 3, 21, 23, 41, 58, 1, 23, 26, 50, 56, 1, 49, 43, 7, 56, 3, 34, 42, 55, 57, 2, 52, 45, 42, 56, 0, 13, 25, 38, 56, 3, 34, 51, 36, 59, 3, 14, 40, 39, 56, 3, 34, 9, 37, 56, 2, 46, 22, 42, 57, 0, 30, 21, 20, 57, 0, 17, 22, 5, 58, 0, 42, 47, 52, 57, 0, 25, 12, 16, 57, 0, 30, 38, 29, 56, 1, 51, 46, 47, 56, 1, 50, 16, 44, 57, 1, 43, 21, 48, 58, 1, 6, 12, 47, 58, 1, 49, 4, 11, 58, 3, 22, 14, 24, 56, 0, 15, 51, 50, 57, 3, 39, 48, 16, 58, 2, 17, 46, 53, 57, 0, 34, 21, 15, 59, 2, 44, 30, 24, 57, 0, 4, 18, 32, 56, 3, 41, 21, 43, 58, 1, 13, 20, 48, 56, 2, 14, 38, 34, 58, 2, 39, 21, 41, 56, 3, 55, 39, 33, 58, 2, 30, 4, 39, 56, 3, 7, 13, 19, 59, 0, 33, 48, 31, 57, 1, 4, 32, 43, 59, 2, 23, 27, 11, 59, 0, 53, 36, 53, 58, 2, 26, 36, 39, 58, 2, 43, 34, 10, 58, 3, 51, 17, 19, 59, 0, 12, 12, 54, 56, 2, 28, 20, 17, 59, 2, 30, 44, 9, 56, 1, 5, 30, 22, 59, 3, 5, 27, 37, 58, 3, 21, 11, 45, 57, 2, 53, 37, 39, 59, 3, 30, 18, 44, 56, 2, 42, 32, 51, 56, 1, 42, 30, 29, 58, 3, 20, 50, 12, 59, 0, 47, 33, 40, 59, 1, 27, 7, 28, 58, 2, 26, 40, 10, 56, 0, 51, 50, 51, 58, 1, 31, 20, 50, 59, 0, 29, 19, 8, 56, 2, 33, 25, 32, 57, 0, 6, 36, 53, 59, 2, 13, 43, 24, 58, 2, 34, 38, 23, 59, 1, 40, 41, 11, 57, 1, 18, 18, 22, 58, 3, 20, 8, 23, 59, 1, 28, 15, 23, 58, 0, 45, 30, 39, 57, 3, 4, 48, 48, 56, 1, 42, 43, 42, 56, 1, 32, 10, 51, 58, 1, 7, 23, 14, 59, 3, 36, 43, 30, 56, 1, 7, 50, 5, 56, 1, 8, 50, 20, 59, 2, 11, 16, 19, 57, 0, 45, 30, 36, 56, 0, 6, 23, 12, 58, 3, 49, 7, 21, 57, 2, 6, 17, 26, 59, 3, 21, 29, 32, 57, 2, 41, 17, 49, 58], "raw_function_evaluations": 282840, "run": 3, "runtime_s": 129600.38538837433, "seed": 1002, "start_times": [412, 472, 552, 580, 782, 63, 79, 134, 515, 594, 288, 408, 434, 448, 643, 174, 226, 315, 391, 485, 384, 416, 434, 495, 716, 488, 604, 626, 660, 805, 119, 138, 162, 547, 756, 137, 155, 356, 377, 460, 355, 372, 388, 406, 567, 337, 356, 480, 522, 736, 461, 478, 489, 525, 662, 478, 488, 515, 545, 831, 51, 64, 287, 327, 347, 23, 44, 57, 73, 750, 261, 283, 302, 315, 633, 215, 232, 261, 595, 705, 265, 277, 300, 321, 509, 221, 245, 270, 363, 600, 179, 226, 257, 272, 284, 327, 337, 383, 527, 611, 299, 329, 353, 513, 538, 166, 182, 199, 213, 240, 44, 63, 118, 162, 223, 301, 313, 331, 403, 417, 59, 265, 332, 511, 744, 220, 289, 406, 495, 554, 421, 452, 481, 508, 804, 197, 220, 317, 473, 813, 439, 465, 522, 590, 656, 10, 23, 180, 552, 693, 165, 365, 413, 515, 810, 109, 417, 434, 446, 672, 283, 306, 499, 518, 606, 96, 260, 321, 505, 624, 245, 347, 358, 488, 756, 277, 312, 417, 443, 475, 399, 505, 537, 564, 696, 0, 23, 47, 343, 527, 92, 293, 305, 314, 481, 278, 377, 481, 494, 609, 44, 59, 77, 290, 505, 235, 260, 290, 443, 640, 64, 81, 109, 343, 532, 398, 420, 517, 537, 756, 359, 502, 516, 532, 739, 245, 261, 322, 534, 594, 79, 96, 154, 463, 582, 232, 245, 305, 355, 823, 24, 51, 71, 251, 547, 274, 291, 303, 502, 693, 134, 146, 162, 184, 568, 138, 457, 482, 557, 671, 96, 190, 284, 310, 666, 187, 209, 330, 355, 490, 117, 185, 337, 480, 532, 104, 138, 165, 182, 488, 420, 445, 466, 523, 673, 0, 24, 37, 59, 78, 163, 277, 446, 543, 558, 452, 477, 545, 573, 782, 445, 455, 487, 509, 549, 327, 353, 363, 573, 682, 189, 201, 337, 578, 709, 182, 494, 531, 580, 726, 260, 431, 504, 630, 684, 107, 134, 154, 187, 197, 291, 302, 448, 536, 650, 0, 280, 299, 322, 445, 81, 369, 391, 425, 511, 322, 351, 369, 393, 434, 297, 532, 552, 571, 829, 81, 96, 379, 412, 630, 129, 154, 165, 270, 507, 229, 249, 508, 525, 580, 306, 327, 347, 437, 630, 375, 421, 438, 616, 712, 72, 81, 103, 431, 565, 478, 499, 523, 574, 767, 327, 355, 479, 495, 616, 216, 229, 242, 261, 291, 249, 274, 289, 300, 318, 418, 441, 471, 505, 571, 34, 61, 81, 395, 796, 31, 287, 565, 595, 817, 74, 92, 117, 152, 163, 372, 398, 419, 442, 455, 146, 174, 185, 302, 455, 10, 92, 253, 391, 495, 154, 166, 191, 358, 463, 61, 74, 104, 324, 434, 393, 421, 446, 483, 728, 351, 375, 404, 455, 682, 200, 215, 235, 270, 287, 201, 216, 388, 463, 727, 155, 165, 442, 457, 793, 199, 232, 404, 518, 726, 16, 305, 404, 460, 556, 465, 478, 505, 515, 590, 477, 493, 534, 555, 790, 313, 324, 342, 365, 787], "status": "ok",