{"deterministic_makespan": 907.0, "final_R": 2.1007676468469354, "final_robust_makespan": 1905.3962556901704, "final_robust_stdev": 15.316769600731725, "final_simulation_results": [1915.4936709517494, 1878.7667479233921, 1942.3561570877966, 1882.6327669712746, 1903.3354143720196, 1906.13783334647, 1889.1072501083038, 1929.85008013154, 1901.6659978543864, 1895.374061399235, 1916.6558318371376, 1900.2792894253027, 1888.1431002442937, 1920.2008638207924, 1900.9459110822684, 1899.0762702254615, 1903.0071609572008, 1918.0423120380349, 1903.7616826885928, 1882.0894140229877, 1894.2336809304206, 1913.672265455185, 1885.7521693893655, 1898.9842713478606, 1921.0225961334152, 1924.1166533955432, 1935.2961137132716, 1916.3374767842326, 1882.3864994359824, 1878.3261901947392, 1890.2686060833837, 1900.965727666599, 1905.729338393407, 1929.6105287838925, 1893.8002554924396, 1915.7095642970758, 1905.1933382350103, 1902.0415732715444, 1912.6430611174649, 1903.3470111907761, 1929.7058501875122, 1888.8574189177898, 1911.9482449495204, 1898.25266807723, 1913.2347654338384, 1916.822909771526, 1897.0677735857353, 1914.9701521830307, 1891.6483458994553, 1920.945917703031], "fitness": 1905.3962556901704, "function_evaluations": 314300, "generations": 46739, "instance": "0_BehnkeGeiger_60_workers.fjs", "machine_assignments": [0, 27, 37, 33, 58, 0, 37, 16, 28, 59, 2, 30, 38, 26, 58, 1, 38, 51, 18, 59, 3, 27, 4, 41, 56, 3, 20, 44, 30, 59, 1, 47, 52, 32, 59, 0, 43, 23, 41, 57, 1, 5, 29, 19, 57, 0, 34, 4, 19, 59, 2, 46, 26, 12, 59, 1, 18, 17, 42, 58, 2, 40, 9, 31, 56, 3, 12, 46, 50, 57, 1, 37, 21, 7, 56, 1, 7, 4, 10, 58, 2, 41, 15, 13, 58, 2, 46, 22, 28, 58, 2, 30, 39, 8, 56, 0, 54, 23, 29, 56, 3, 10, 4, 14, 56, 0, 29, 26, 6, 58, 2, 33, 21, 55, 57, 2, 15, 37, 41, 59, 3, 20, 13, 47, 56, 2, 13, 51, 6, 59, 1, 42, 12, 30, 58, 0, 13, 42, 26, 56, 2, 33, 41, 42, 56, 3, 38, 45, 21, 59, 0, 39, 47, 49, 57, 2, 26, 45, 54, 57, 3, 27, 12, 39, 57, 2, 53, 38, 30, 57, 1, 51, 54, 28, 58, 1, 50, 50, 47, 59, 2, 43, 21, 27, 59, 0, 5, 39, 16, 58, 3, 48, 5, 13, 57, 2, 42, 12, 24, 59, 0, 10, 16, 39, 58, 1, 15, 37, 49, 57, 2, 34, 21, 10, 59, 3, 47, 27, 21, 56, 1, 13, 51, 32, 57, 1, 8, 49, 23, 56, 3, 25, 21, 27, 57, 0, 5, 55, 39, 56, 1, 23, 31, 32, 59, 0, 52, 45, 43, 57, 3, 53, 27, 22, 58, 1, 22, 21, 7, 56, 2, 54, 42, 16, 56, 2, 34, 41, 54, 58, 1, 38, 20, 40, 58, 3, 13, 23, 53, 59, 0, 15, 54, 37, 58, 3, 14, 46, 46, 57, 3, 53, 35, 5, 58, 0, 25, 36, 31, 56, 1, 15, 11, 50, 59, 3, 30, 42, 31, 58, 0, 23, 19, 11, 57, 2, 10, 30, 49, 59, 2, 6, 48, 9, 59, 0, 22, 27, 11, 58, 3, 54, 9, 11, 58, 1, 44, 21, 15, 56, 1, 27, 27, 19, 57, 1, 32, 54, 32, 57, 3, 40, 55, 31, 56, 2, 29, 50, 43, 57, 1, 51, 24, 29, 59, 1, 44, 8, 46, 58, 1, 25, 4, 49, 58, 0, 29, 26, 50, 59, 1, 22, 18, 48, 57, 3, 32, 52, 33, 57, 3, 10, 32, 53, 58, 0, 25, 44, 17, 59, 3, 54, 33, 25, 58, 3, 43, 45, 5, 58, 2, 19, 53, 13, 58, 2, 20, 42, 29, 59, 2, 25, 36, 51, 57, 0, 10, 29, 21, 57, 1, 6, 19, 50, 56, 0, 29, 25, 7, 56, 3, 22, 10, 51, 58, 3, 26, 51, 32, 56, 0, 27, 44, 28, 58, 3, 15, 53, 6, 56, 0, 9, 34, 5, 57, 2, 28, 29, 15, 58, 3, 47, 53, 37, 57, 3, 27, 13, 28, 59, 0, 32, 31, 7, 59, 2, 48, 37, 22, 59, 1, 23, 12, 34, 56, 2, 43, 25, 24, 58], "raw_function_evaluations": 326140, "run": 5, "runtime_s": 129601.1502199173, "seed": 1004, "start_times": [134, 412, 491, 511, 642, 0, 29, 40, 210, 480, 210, 222, 252, 470, 717, 372, 468, 691, 705, 836, 178, 345, 385, 401, 565, 423, 444, 469, 492, 518, 150, 177, 189, 289, 636, 429, 482, 517, 537, 566, 177, 187, 205, 397, 455, 11, 289, 321, 411, 436, 134, 153, 493, 595, 885, 187, 201, 217, 309, 327, 358, 371, 557, 583, 609, 444, 490, 505, 528, 551, 315, 342, 495, 639, 868, 231, 319, 363, 385, 454, 124, 134, 235, 491, 506, 34, 58, 155, 177, 339, 252, 345, 364, 507, 855, 108, 318, 337, 361, 719, 321, 362, 401, 413, 844, 403, 429, 508, 534, 787, 272, 480, 557, 607, 737, 431, 443, 457, 476, 531, 247, 258, 472, 491, 523, 0, 20, 39, 58, 548, 66, 90, 99, 318, 398, 82, 115, 386, 431, 666, 167, 191, 210, 443, 490, 467, 496, 517, 538, 660, 145, 191, 378, 411, 443, 86, 205, 230, 418, 678, 401, 435, 505, 557, 621, 393, 432, 517, 533, 851, 132, 150, 301, 318, 814, 304, 428, 551, 573, 748, 403, 431, 458, 537, 582, 444, 465, 497, 518, 740, 352, 363, 376, 436, 801, 443, 470, 570, 595, 676, 320, 337, 362, 584, 761, 111, 132, 175, 387, 401, 191, 210, 509, 538, 607, 158, 189, 486, 614, 884, 394, 407, 436, 458, 754, 407, 494, 507, 568, 803, 258, 276, 365, 392, 650, 387, 497, 509, 599, 898, 460, 506, 517, 537, 718, 97, 217, 243, 498, 765, 214, 225, 243, 262, 691, 90, 141, 588, 614, 677, 58, 276, 289, 537, 818, 222, 252, 267, 407, 829, 201, 272, 285, 315, 469, 141, 460, 481, 506, 778, 179, 207, 382, 404, 631, 91, 115, 131, 528, 702, 197, 270, 409, 422, 622, 289, 469, 482, 497, 637, 342, 352, 384, 599, 693, 276, 295, 327, 342, 428, 207, 224, 289, 313, 498, 148, 167, 364, 437, 507, 310, 334, 403, 431, 798, 34, 62, 278, 358, 536, 50, 289, 301, 328, 349, 248, 274, 345, 457, 481, 284, 308, 318, 436, 472, 435, 519, 537, 564, 870, 0, 29, 52, 532, 548, 371, 393, 409, 510, 838, 44, 162, 201, 484, 858, 0, 16, 44, 173, 607, 213, 231, 342, 363, 387, 250, 510, 552, 577, 820, 352, 404, 431, 449, 524, 225, 247, 352, 459, 715, 295, 411, 477, 532, 671, 263, 327, 342, 372, 454, 29, 370, 397, 444, 595, 386, 401, 460, 509, 844, 334, 358, 423, 506, 801, 262, 337, 415, 470, 494, 20, 295, 327, 458, 817, 337, 446, 543, 640, 780, 16, 70, 376, 454, 688, 365, 554, 568, 625, 787, 363, 386, 433, 519, 707, 413, 443, 486, 507, 761, 224, 359, 375, 390, 651, 68, 150, 243, 443, 470, 62, 82, 321, 534, 594, 294, 341, 447, 470, 562, 337, 352, 392, 476, 664, 115, 262, 278, 411, 560, 169, 261, 289, 305, 319, 110, 124, 148, 177, 188, 274, 537, 555, 570, 744, 455, 467, 482, 501, 585], "status": "ok",