{"deterministic_makespan": 941.0, "final_R": 2.1056360562410394, "final_robust_makespan": 1981.403528922818, "final_robust_stdev": 19.56850408813256, "final_simulation_results": [1997.2933801501829, 2010.9739218409145, 1974.6890520518198, 1945.684641608455, 1963.282600946781, 1979.1461037930308, 1972.1710096189677, 1944.9570637313968, 1973.8133267521, 1966.9560820569704, 1975.0725172784707, 1983.9739690607257, 1998.177459443081, 1954.1112239976253, 1973.8829073169372, 1948.8634257289273, 1966.3341025630232, 1959.1101064720926, 1976.6600721870566, 1981.5962259781666, 1998.472665749011, 1997.8848494370754, 2006.3095547881476, 1990.461943884568, 1967.29621335442, 2006.0392297941266, 1974.1553491584923, 2014.870051698574, 1988.5064199209567, 1994.9332444307906, 1994.3718008046817, 1961.8117045622616, 1958.9922689765995, 2007.7491215799669, 1972.3159320049297, 1974.8457501362245, 1997.1541100435506, 2002.9016511058858, 1976.4899891932198, 1994.6710026468954, 1985.1854669506479, 2047.2763582479622, 1969.863088569935, 1970.945511570243, 1964.6392240436628, 1992.6343843680872, 1974.8376167300582, 1977.3970821729285, 1984.6925384753808, 1975.7231291648866], "fitness": 1981.403528922818, "function_evaluations": 26280, "generations": 49078, "instance": "0_BehnkeGeiger_60_workers.fjs", "machine_assignments": [0, 19, 9, 50, 57, 3, 21, 4, 44, 59, 2, 28, 5, 33, 56, 1, 49, 25, 29, 59, 2, 45, 39, 38, 58, 3, 50, 43, 16, 56, 3, 37, 43, 36, 57, 1, 16, 23, 40, 59, 2, 35, 26, 17, 59, 3, 35, 5, 19, 57, 0, 4, 27, 17, 58, 1, 44, 18, 35, 59, 3, 40, 45, 4, 58, 2, 42, 44, 29, 59, 3, 29, 21, 40, 59, 0, 27, 16, 24, 59, 0, 50, 19, 23, 56, 0, 4, 18, 31, 58, 2, 22, 34, 34, 59, 0, 17, 23, 34, 59, 3, 4, 26, 4, 56, 1, 50, 14, 35, 58, 0, 34, 31, 53, 56, 0, 52, 15, 40, 57, 2, 20, 30, 47, 58, 1, 17, 49, 18, 59, 2, 23, 29, 36, 57, 2, 4, 12, 4, 57, 0, 44, 50, 41, 59, 1, 49, 21, 21, 56, 0, 9, 38, 31, 57, 3, 43, 45, 53, 57, 2, 24, 12, 15, 58, 0, 29, 8, 32, 58, 1, 50, 17, 14, 56, 1, 7, 38, 47, 57, 1, 42, 21, 39, 57, 1, 7, 19, 39, 59, 1, 49, 4, 9, 57, 2, 34, 14, 37, 59, 2, 47, 50, 21, 59, 2, 23, 17, 21, 58, 1, 26, 6, 53, 58, 0, 28, 19, 32, 56, 3, 36, 49, 42, 56, 0, 32, 16, 35, 59, 3, 38, 22, 4, 58, 0, 11, 52, 43, 56, 1, 23, 55, 34, 58, 0, 53, 19, 43, 58, 1, 52, 29, 35, 59, 2, 28, 39, 17, 58, 0, 7, 15, 23, 58, 1, 33, 37, 13, 59, 1, 13, 55, 26, 59, 0, 34, 35, 25, 56, 3, 22, 21, 16, 56, 0, 20, 39, 18, 56, 0, 54, 8, 17, 57, 2, 25, 38, 9, 56, 2, 49, 41, 52, 56, 1, 37, 42, 4, 56, 3, 53, 8, 9, 58, 3, 46, 12, 41, 57, 0, 6, 14, 43, 57, 3, 21, 51, 18, 59, 0, 53, 36, 53, 59, 1, 9, 23, 30, 56, 1, 55, 46, 17, 56, 0, 5, 39, 5, 56, 2, 40, 51, 30, 56, 3, 28, 45, 14, 58, 2, 46, 47, 31, 58, 1, 25, 40, 34, 59, 1, 50, 12, 48, 58, 3, 31, 8, 48, 59, 1, 50, 21, 38, 59, 2, 50, 53, 15, 57, 2, 8, 40, 53, 57, 2, 38, 45, 5, 58, 1, 29, 36, 35, 56, 0, 46, 17, 9, 56, 2, 18, 14, 18, 57, 2, 24, 51, 17, 57, 3, 17, 12, 14, 56, 2, 34, 29, 55, 56, 2, 7, 54, 51, 59, 0, 17, 8, 4, 58, 0, 39, 29, 36, 59, 3, 13, 48, 18, 58, 2, 37, 28, 31, 59, 3, 42, 39, 7, 56, 3, 9, 18, 28, 59, 2, 23, 24, 12, 57, 3, 13, 45, 38, 59, 3, 22, 21, 12, 57, 0, 33, 7, 20, 59, 1, 16, 14, 24, 59, 1, 43, 20, 40, 56, 1, 48, 17, 23, 58], "raw_function_evaluations": 208680, "run": 9, "runtime_s": 129600.65243244171, "seed": 1008, "start_times": [53, 84, 307, 431, 740, 268, 287, 498, 514, 858, 332, 425, 526, 555, 915, 292, 314, 333, 506, 871, 21, 269, 414, 445, 621, 225, 361, 376, 446, 532, 96, 135, 162, 381, 406, 334, 355, 415, 468, 532, 88, 101, 443, 551, 805, 15, 32, 69, 532, 556, 126, 143, 170, 565, 586, 489, 525, 604, 625, 787, 287, 310, 516, 609, 893, 142, 181, 203, 517, 683, 109, 128, 175, 205, 460, 171, 201, 391, 415, 619, 416, 443, 465, 719, 761, 383, 406, 470, 498, 883, 79, 96, 345, 566, 826, 143, 320, 446, 603, 663, 328, 424, 459, 474, 680, 53, 376, 416, 438, 706, 201, 303, 415, 544, 892, 64, 227, 479, 488, 873, 413, 436, 462, 484, 855, 224, 249, 333, 444, 563, 264, 339, 437, 449, 466, 111, 170, 184, 441, 498, 89, 106, 147, 306, 907, 249, 264, 336, 533, 865, 0, 23, 268, 604, 716, 197, 225, 235, 247, 654, 10, 35, 318, 400, 806, 257, 467, 554, 583, 668, 98, 119, 147, 236, 289, 264, 275, 295, 318, 483, 410, 456, 489, 549, 842, 27, 38, 60, 84, 255, 443, 468, 524, 580, 616, 275, 286, 303, 316, 643, 181, 205, 400, 522, 702, 246, 264, 289, 320, 684, 391, 432, 443, 513, 762, 106, 154, 179, 611, 714, 355, 371, 481, 502, 701, 224, 241, 415, 583, 847, 32, 49, 129, 585, 787, 241, 257, 278, 405, 856, 355, 434, 483, 642, 912, 406, 416, 490, 505, 719, 174, 206, 449, 469, 632, 367, 394, 445, 515, 567, 363, 372, 390, 470, 597, 275, 415, 432, 483, 766, 432, 443, 456, 474, 596, 460, 544, 605, 618, 651, 0, 15, 388, 433, 511, 286, 318, 518, 625, 845, 318, 341, 600, 617, 678, 205, 219, 255, 339, 603, 231, 276, 287, 465, 495, 206, 341, 441, 533, 731, 76, 266, 532, 556, 644, 310, 328, 625, 643, 765, 23, 184, 205, 389, 524, 128, 156, 523, 574, 714, 270, 467, 517, 557, 893, 69, 291, 310, 339, 522, 156, 174, 554, 663, 802, 44, 82, 466, 506, 814, 171, 181, 205, 358, 584, 170, 197, 298, 438, 544, 394, 532, 554, 577, 742, 0, 17, 29, 317, 345, 119, 317, 501, 518, 845, 371, 398, 583, 600, 752, 314, 337, 363, 492, 730, 286, 307, 444, 467, 631, 345, 367, 438, 483, 585, 219, 231, 279, 298, 328, 468, 489, 506, 644, 880, 435, 460, 586, 701, 742, 307, 332, 528, 555, 606, 0, 10, 285, 532, 814, 437, 466, 485, 501, 557, 436, 590, 603, 612, 777, 65, 79, 92, 223, 390, 341, 485, 515, 560, 818, 372, 383, 414, 466, 575, 345, 355, 402, 498, 512, 101, 111, 135, 154, 183, 406, 430, 456, 466, 691, 249, 268, 291, 416, 481, 50, 289, 314, 518, 729, 156, 170, 247, 285, 437, 49, 158, 414, 605, 707, 481, 518, 539, 563, 927, 137, 156, 224, 236, 410, 17, 27, 50, 233, 632, 379, 391, 443, 501, 873], "status": "ok",