comparison,baseline,candidate,instance,run,seed,baseline_fitness,candidate_fitness,fitness_ratio,baseline_raw_function_evaluations,candidate_raw_function_evaluations,raw_function_evaluations_ratio,baseline_best_found_function_evaluations,candidate_best_found_function_evaluations,baseline_runtime_s,candidate_runtime_s
pipeline_effect_without_rl,hpo_plain_ga,hpo_no_rl,0_BehnkeGeiger_42_workers.fjs,1,1000,197.35397567501792,178.5286383805334,0.9046113095513002,4999992,4999992,1.0,3382020,4359096,129600.42259144783,129600.54601573944
pipeline_effect_without_rl,hpo_plain_ga,hpo_no_rl,0_BehnkeGeiger_42_workers.fjs,2,1001,188.29545311390353,186.96311792030193,0.9929242306621411,4999992,4999992,1.0,2810700,3815028,129600.16192293167,129600.49124312401
pipeline_effect_without_rl,hpo_plain_ga,hpo_no_rl,0_BehnkeGeiger_42_workers.fjs,3,1002,205.23971413604815,171.37400081818723,0.8349943457073215,4999992,4999992,1.0,4723320,2437056,129600.56283402443,129600.17172980309
pipeline_effect_without_rl,hpo_plain_ga,hpo_no_rl,0_BehnkeGeiger_42_workers.fjs,4,1003,199.19460547159636,192.19723651420426,0.9648716944877813,4999992,4999992,1.0,4205856,3983376,129601.0780210495,129601.40086627007
pipeline_effect_without_rl,hpo_plain_ga,hpo_no_rl,0_BehnkeGeiger_42_workers.fjs,5,1004,191.52498225633417,176.1119511060214,0.9195246961063064,4999992,4999992,1.0,3313908,4407372,129601.16373801231,129601.29624414444
pipeline_effect_without_rl,hpo_plain_ga,hpo_no_rl,0_BehnkeGeiger_42_workers.fjs,6,1005,196.53579214699232,180.43882947157744,0.9180965334630972,4999992,4999992,1.0,3061092,4910196,129600.69714283943,129601.59934949875
pipeline_effect_without_rl,hpo_plain_ga,hpo_no_rl,0_BehnkeGeiger_42_workers.fjs,7,1006,211.55572158044225,183.5034947716236,0.867400292465491,4999992,4999992,1.0,4374060,3174468,129601.33571338654,129600.24977445602
pipeline_effect_without_rl,hpo_plain_ga,hpo_no_rl,0_BehnkeGeiger_42_workers.fjs,8,1007,196.81065612902358,190.98879564072303,0.9704189772911285,4999992,4999992,1.0,4956132,1143600,129600.76755642891,129600.5017542839
pipeline_effect_without_rl,hpo_plain_ga,hpo_no_rl,0_BehnkeGeiger_42_workers.fjs,9,1008,212.84303499522628,197.61266022526374,0.9284431610820428,4999992,4999992,1.0,3751812,3153984,129600.05401587486,129600.66140294075
pipeline_effect_without_rl,hpo_plain_ga,hpo_no_rl,0_BehnkeGeiger_42_workers.fjs,10,1009,202.82440502256864,184.69150541266538,0.9105980386931958,4999992,4999992,1.0,3378168,4804476,129600.63488483429,129600.93010139465
pipeline_effect_without_rl,hpo_plain_ga,hpo_no_rl,0_BehnkeGeiger_46_workers.fjs,1,1000,279.76964318418686,277.4343629964597,0.9916528463876628,4999992,4999992,1.0,4907832,4983576,129601.94273138046,129601.07300591469
pipeline_effect_without_rl,hpo_plain_ga,hpo_no_rl,0_BehnkeGeiger_46_workers.fjs,2,1001,319.1004124569541,285.55112825802127,0.8948629243672365,4999992,4999992,1.0,4705356,4542540,129602.0497200489,129600.03589296341
pipeline_effect_without_rl,hpo_plain_ga,hpo_no_rl,0_BehnkeGeiger_46_workers.fjs,3,1002,306.60454804596503,261.18398616522,0.8518594646745562,4999992,4999992,1.0,4956540,4829304,129601.28112363815,129600.16239500046
pipeline_effect_without_rl,hpo_plain_ga,hpo_no_rl,0_BehnkeGeiger_46_workers.fjs,4,1003,315.9068394890995,292.8316528750469,0.9269557232398926,4999992,4999992,1.0,4760652,1881696,129601.68943142891,129601.09591031075
pipeline_effect_without_rl,hpo_plain_ga,hpo_no_rl,0_BehnkeGeiger_46_workers.fjs,5,1004,307.1204545530435,281.6038647414634,0.9169166708589477,4999992,4999992,1.0,4745592,4629852,129600.3754889965,129602.44387483597
pipeline_effect_without_rl,hpo_plain_ga,hpo_no_rl,0_BehnkeGeiger_46_workers.fjs,6,1005,313.6592368192651,295.3134864924032,0.941510568880734,4999992,4999992,1.0,4900248,981792,129600.50518393517,129601.21262979507
pipeline_effect_without_rl,hpo_plain_ga,hpo_no_rl,0_BehnkeGeiger_46_workers.fjs,7,1006,325.7883080467813,278.71260291204663,0.8555021651422344,4999992,4999992,1.0,4621788,4968948,129601.00459361076,129602.2822098732
pipeline_effect_without_rl,hpo_plain_ga,hpo_no_rl,0_BehnkeGeiger_46_workers.fjs,8,1007,340.49341629748227,297.50954666256024,0.8737600565017448,4999992,4999992,1.0,4819608,4995444,129602.32090044022,129601.53249764442
pipeline_effect_without_rl,hpo_plain_ga,hpo_no_rl,0_BehnkeGeiger_46_workers.fjs,9,1008,328.81076248084236,304.3300556037774,0.9255477324027942,4999992,4999992,1.0,4904196,2806464,129601.33059477806,129600.7081143856
pipeline_effect_without_rl,hpo_plain_ga,hpo_no_rl,0_BehnkeGeiger_46_workers.fjs,10,1009,315.37652276472016,281.8270597621244,0.8936209242574958,4999992,4999992,1.0,4814628,1632948,129601.66284608841,129601.26151704788
pipeline_effect_without_rl,hpo_plain_ga,hpo_no_rl,0_BehnkeGeiger_60_workers.fjs,1,1000,1891.478277809634,1916.9178154989365,1.013449553181632,63972,290124,4.535171637591446,55932,202068,129602.17245006561,129602.35560202599
pipeline_effect_without_rl,hpo_plain_ga,hpo_no_rl,0_BehnkeGeiger_60_workers.fjs,2,1001,1594.2493973032633,1812.1964108518841,1.1367082301660498,2556888,499056,0.19518101692369788,1942776,124296,129601.09897685051,129603.4349064827
pipeline_effect_without_rl,hpo_plain_ga,hpo_no_rl,0_BehnkeGeiger_60_workers.fjs,3,1002,1804.878955573364,1904.6975040069624,1.0553048436435941,76980,342624,4.450818394388153,72876,299112,129602.15578174591,129605.4435582161
pipeline_effect_without_rl,hpo_plain_ga,hpo_no_rl,0_BehnkeGeiger_60_workers.fjs,4,1003,1740.4867110758346,1900.3626451621572,1.0918570265828111,83760,410124,4.896418338108883,72312,317484,129601.63150930405,129600.18894767761
pipeline_effect_without_rl,hpo_plain_ga,hpo_no_rl,0_BehnkeGeiger_60_workers.fjs,5,1004,1837.3886122253848,1821.7448590268339,0.9914858766977968,4814088,693972,0.14415440681599506,4596660,361896,130107.5514087677,129602.06965637207
pipeline_effect_without_rl,hpo_plain_ga,hpo_no_rl,0_BehnkeGeiger_60_workers.fjs,6,1005,1955.8607475255383,1842.2948713126573,0.9419356023395024,4779816,722928,0.15124598938536546,4581408,556440,129700.76211380959,129600.89335250854
pipeline_effect_without_rl,hpo_plain_ga,hpo_no_rl,0_BehnkeGeiger_60_workers.fjs,7,1006,1925.742257249723,1904.3668231261267,0.9889001583451131,58104,344220,5.924204874019001,44268,338040,129603.90269804001,129603.53124403954
pipeline_effect_without_rl,hpo_plain_ga,hpo_no_rl,0_BehnkeGeiger_60_workers.fjs,8,1007,1878.5860445921637,2107.495485116738,1.1218519860634173,4844664,507192,0.10469085162562357,4825848,75468,129648.80515956879,129600.19412469864
pipeline_effect_without_rl,hpo_plain_ga,hpo_no_rl,0_BehnkeGeiger_60_workers.fjs,9,1008,1808.4975629681776,1835.3716800967898,1.0148599133772154,65040,401112,6.167158671586716,44520,357132,129601.21967434883,129600.1174390316
pipeline_effect_without_rl,hpo_plain_ga,hpo_no_rl,0_BehnkeGeiger_60_workers.fjs,10,1009,1811.296725704636,1796.3535784183728,0.9917500279914381,82656,342288,4.141114982578397,67248,264216,129602.99671077728,129600.21756744385
pipeline_effect_without_rl,hpo_plain_ga,hpo_no_rl,1_Brandimarte_12_workers.fjs,1,1000,1154.5893417425773,1084.93199332406,0.9396691569026732,4999992,4468812,0.893763830022128,4628988,1059936,129600.04601502419,129600.41942477226
pipeline_effect_without_rl,hpo_plain_ga,hpo_no_rl,1_Brandimarte_12_workers.fjs,2,1001,1239.2047644859622,1221.3992383639188,0.9856314899423185,4999992,4409784,0.8819582111331378,4959300,1490184,129600.97632145882,129600.09247660637
pipeline_effect_without_rl,hpo_plain_ga,hpo_no_rl,1_Brandimarte_12_workers.fjs,3,1002,1297.3964090609954,1082.2570776351224,0.8341761007481264,4999992,4379892,0.8759798015676825,4821420,778488,129600.52553963661,129601.8672785759
pipeline_effect_without_rl,hpo_plain_ga,hpo_no_rl,1_Brandimarte_12_workers.fjs,4,1003,1183.3936228861571,1133.358815941389,0.9577192187137706,4999992,4419672,0.8839358142973028,4981956,883992,129600.8831012249,129601.414093256
pipeline_effect_without_rl,hpo_plain_ga,hpo_no_rl,1_Brandimarte_12_workers.fjs,5,1004,1088.4369141981545,1084.2159790500314,0.9961220213196897,4999992,4317960,0.8635933817494108,3909768,545892,129600.79384660721,129601.20217347145
pipeline_effect_without_rl,hpo_plain_ga,hpo_no_rl,1_Brandimarte_12_workers.fjs,6,1005,1129.650060926427,1068.2858212090568,0.945678540780102,4999992,4483152,0.8966318346109354,4917600,3703692,129600.13910245895,129601.90400123596
pipeline_effect_without_rl,hpo_plain_ga,hpo_no_rl,1_Brandimarte_12_workers.fjs,7,1006,1223.7781225176134,1156.0400917474178,0.9446484378795383,4999992,4515948,0.9031910451056722,4671876,3087252,129601.37622237206,129601.3193924427
pipeline_effect_without_rl,hpo_plain_ga,hpo_no_rl,1_Brandimarte_12_workers.fjs,8,1007,1171.4423171947456,1117.2469204336376,0.9537361797797353,4999992,4304400,0.8608813774102039,4937400,679680,129600.10656309128,129601.13785767555
pipeline_effect_without_rl,hpo_plain_ga,hpo_no_rl,1_Brandimarte_12_workers.fjs,9,1008,1246.6739137584868,1147.576668400157,0.9205106930812642,4999992,4396608,0.8793230069168111,4983504,2557932,129600.52317500114,129602.03837132454
pipeline_effect_without_rl,hpo_plain_ga,hpo_no_rl,1_Brandimarte_12_workers.fjs,10,1009,1244.1227586178836,1088.8582231646662,0.875201595358883,4999992,4560504,0.912102259363615,4861260,4525356,129601.37467503548,129601.60484910011
pipeline_effect_without_rl,hpo_plain_ga,hpo_no_rl,1_Brandimarte_14_workers.fjs,1,1000,1581.7112301260595,1479.351628981415,0.9352855317740352,4999992,2944776,0.5889561423298277,4712316,924840,129601.87262153625,129601.12845182419
pipeline_effect_without_rl,hpo_plain_ga,hpo_no_rl,1_Brandimarte_14_workers.fjs,2,1001,1553.3753190331165,1553.0394675937744,0.9997837924709971,4999992,2971488,0.5942985508776814,4846716,652524,129601.04802775383,129600.05322241783
pipeline_effect_without_rl,hpo_plain_ga,hpo_no_rl,1_Brandimarte_14_workers.fjs,3,1002,1476.2495244222139,1418.6525784662585,0.9609842746750431,4999992,3050244,0.6100497760796417,4865640,564084,129601.80801224709,129602.57657623291
pipeline_effect_without_rl,hpo_plain_ga,hpo_no_rl,1_Brandimarte_14_workers.fjs,4,1003,1517.8957498836787,1468.2288632794143,0.9672791187352158,4999992,3066252,0.6132513812022099,4658268,2877012,129601.26086831093,129600.17467570305
pipeline_effect_without_rl,hpo_plain_ga,hpo_no_rl,1_Brandimarte_14_workers.fjs,5,1004,1503.8430900541555,1477.480723846549,0.9824700021019764,4999992,3084696,0.6169401871042993,4979748,2663604,129601.14789795876,129600.2547929287
pipeline_effect_without_rl,hpo_plain_ga,hpo_no_rl,1_Brandimarte_14_workers.fjs,6,1005,1610.4134022062167,1509.1837185107593,0.9371405605810434,4999992,2971068,0.5942145507432812,4997088,190080,129601.74754881859,129602.11064076424
pipeline_effect_without_rl,hpo_plain_ga,hpo_no_rl,1_Brandimarte_14_workers.fjs,7,1006,1545.7752077110558,1548.1706099474518,1.001549644621318,4999992,2990016,0.5980041568066509,4956468,209496,129600.08866500854,129601.40449857712
pipeline_effect_without_rl,hpo_plain_ga,hpo_no_rl,1_Brandimarte_14_workers.fjs,8,1007,1485.9768468909335,1469.0194052920078,0.9885883540955532,4999992,2885976,0.5771961235137977,4059324,744264,129601.81755638123,129602.63371348381
pipeline_effect_without_rl,hpo_plain_ga,hpo_no_rl,1_Brandimarte_14_workers.fjs,9,1008,1485.9451793052347,1551.9482109871221,1.044418214481336,4999992,3010560,0.6021129633807414,4996800,260280,129602.00672864914,129601.5435295105
pipeline_effect_without_rl,hpo_plain_ga,hpo_no_rl,1_Brandimarte_14_workers.fjs,10,1009,1542.7001610256589,1459.6845767762597,0.9461881275787212,4999992,3005376,0.6010761617218587,4753488,281436,129602.12660360336,129600.54760432243
pipeline_effect_without_rl,hpo_plain_ga,hpo_no_rl,1_Brandimarte_7_workers.fjs,1,1000,411.9014194970467,366.16112837659966,0.8889533054382325,4999992,4999992,1.0,4864344,917964,129600.28299760818,129600.03329396248
pipeline_effect_without_rl,hpo_plain_ga,hpo_no_rl,1_Brandimarte_7_workers.fjs,2,1001,421.47284307381466,384.8137282251506,0.9130214070702445,4999992,4999992,1.0,2252868,185868,129600.1839799881,129600.40532016754
pipeline_effect_without_rl,hpo_plain_ga,hpo_no_rl,1_Brandimarte_7_workers.fjs,3,1002,448.5593305374162,377.4185941725409,0.841401724316732,4999992,4999992,1.0,2588400,4029876,129600.93494939804,129600.6863758564
pipeline_effect_without_rl,hpo_plain_ga,hpo_no_rl,1_Brandimarte_7_workers.fjs,4,1003,417.3916128868949,373.5059207833899,0.8948572737243832,4999992,4999992,1.0,3724644,3500508,129600.5431509018,129600.66698718071
pipeline_effect_without_rl,hpo_plain_ga,hpo_no_rl,1_Brandimarte_7_workers.fjs,5,1004,452.7741990063794,362.1805298383675,0.799914241211577,4999992,4999992,1.0,3990696,4720560,129600.11080646515,129600.96531748772
pipeline_effect_without_rl,hpo_plain_ga,hpo_no_rl,1_Brandimarte_7_workers.fjs,6,1005,391.77595685942214,356.412371199866,0.9097351814464578,4999992,4999992,1.0,3450096,2973432,129600.50080132484,129600.79201960564
pipeline_effect_without_rl,hpo_plain_ga,hpo_no_rl,1_Brandimarte_7_workers.fjs,7,1006,405.56994973169645,371.7492995184785,0.9166095756463419,4999992,4999992,1.0,4169940,2740092,129600.09361553192,129600.17354655266
pipeline_effect_without_rl,hpo_plain_ga,hpo_no_rl,1_Brandimarte_7_workers.fjs,8,1007,357.99835358352846,356.4789151153858,0.9957557389498214,4999992,4999992,1.0,4518108,2832804,129600.26203560829,129600.03563642502
pipeline_effect_without_rl,hpo_plain_ga,hpo_no_rl,1_Brandimarte_7_workers.fjs,9,1008,396.6348627610052,362.92935592296675,0.915021320608552,4999992,4999992,1.0,4995672,4078872,129600.65951156616,129600.07960438728
pipeline_effect_without_rl,hpo_plain_ga,hpo_no_rl,1_Brandimarte_7_workers.fjs,10,1009,425.4859357502078,391.4965563255743,0.9201163268423805,4999992,4999992,1.0,4600188,2323248,129600.74914336205,129600.42867588997
pipeline_effect_without_rl,hpo_plain_ga,hpo_no_rl,2a_Hurink_sdata_18_workers.fjs,1,1000,2989.309490219051,2831.9376976373755,0.9473551356603951,4999992,4999992,1.0,3501528,3070812,129600.47583198547,129600.95225024223
pipeline_effect_without_rl,hpo_plain_ga,hpo_no_rl,2a_Hurink_sdata_18_workers.fjs,2,1001,2807.8097670354828,2895.907545065749,1.0313759781964436,4999992,4999992,1.0,3441588,2209416,129600.6409816742,129601.20767331123
pipeline_effect_without_rl,hpo_plain_ga,hpo_no_rl,2a_Hurink_sdata_18_workers.fjs,3,1002,2836.7759957834264,2653.893481505599,0.9355315631020344,4999992,4999992,1.0,4485972,350628,129600.62063503265,129600.65199899673
pipeline_effect_without_rl,hpo_plain_ga,hpo_no_rl,2a_Hurink_sdata_18_workers.fjs,4,1003,2838.1300425536756,2832.7259162720584,0.9980958848958328,4999992,4999992,1.0,4408944,155544,129600.62259626389,129600.9895658493
pipeline_effect_without_rl,hpo_plain_ga,hpo_no_rl,2a_Hurink_sdata_18_workers.fjs,5,1004,2762.3917744062887,2899.397251540459,1.0495966858877634,4999992,4999992,1.0,4958016,282804,129600.43922710419,129600.30741930008
pipeline_effect_without_rl,hpo_plain_ga,hpo_no_rl,2a_Hurink_sdata_18_workers.fjs,6,1005,2843.89498525806,2683.834629880289,0.9437179093435313,4999992,4999992,1.0,2047740,365868,129600.1804227829,129600.30216765404
pipeline_effect_without_rl,hpo_plain_ga,hpo_no_rl,2a_Hurink_sdata_18_workers.fjs,7,1006,2986.745289654035,2851.121738734768,0.9545915242960082,4999992,4999992,1.0,4315128,202752,129600.33399963379,129600.23750066757
pipeline_effect_without_rl,hpo_plain_ga,hpo_no_rl,2a_Hurink_sdata_18_workers.fjs,8,1007,2831.2835420526653,2633.1098422303176,0.9300057034631463,4999992,4999992,1.0,4055016,2304936,129600.32529091835,129600.2179043293
pipeline_effect_without_rl,hpo_plain_ga,hpo_no_rl,2a_Hurink_sdata_18_workers.fjs,9,1008,2764.535575351187,2865.201284873986,1.0364132443873546,4999992,4999992,1.0,4647048,2979060,129600.07880210876,129600.98097586632
pipeline_effect_without_rl,hpo_plain_ga,hpo_no_rl,2a_Hurink_sdata_18_workers.fjs,10,1009,2867.001232494927,2738.727654882897,0.955258624880184,4999992,4999992,1.0,2586552,1058376,129600.62152838707,129600.04794406891
pipeline_effect_without_rl,hpo_plain_ga,hpo_no_rl,2a_Hurink_sdata_1_workers.fjs,1,1000,112.97014230823892,110.90598850207537,0.9817283242811936,4999992,4999992,1.0,3951468,4281132,129600.31006836891,129600.05150032043
pipeline_effect_without_rl,hpo_plain_ga,hpo_no_rl,2a_Hurink_sdata_1_workers.fjs,2,1001,120.58496858419413,113.66012574534052,0.9425729183317025,4999992,4999992,1.0,1892976,2519928,129600.10041046143,129600.02778720856
pipeline_effect_without_rl,hpo_plain_ga,hpo_no_rl,2a_Hurink_sdata_1_workers.fjs,3,1002,119.60679875995255,120.10997200067368,1.0042068949753515,4999992,4999992,1.0,1776192,758184,129600.41736674309,129600.36880421638
pipeline_effect_without_rl,hpo_plain_ga,hpo_no_rl,2a_Hurink_sdata_1_workers.fjs,4,1003,114.14000790201935,112.15694471818063,0.9826260465520466,4999992,4999992,1.0,2096928,4034412,129600.08581113815,129600.6906068325
pipeline_effect_without_rl,hpo_plain_ga,hpo_no_rl,2a_Hurink_sdata_1_workers.fjs,5,1004,113.27327202926625,113.12770537711093,0.9987149073250244,4999992,4999992,1.0,2096724,2578344,129600.00350856781,129600.71892738342
pipeline_effect_without_rl,hpo_plain_ga,hpo_no_rl,2a_Hurink_sdata_1_workers.fjs,6,1005,119.63461995679533,112.035431440313,0.9364800212578375,4999992,4999992,1.0,2529852,4781244,129600.08423948288,129600.89291024208
pipeline_effect_without_rl,hpo_plain_ga,hpo_no_rl,2a_Hurink_sdata_1_workers.fjs,7,1006,120.6939867339963,111.9202511725688,0.9273059429152474,4999992,4999992,1.0,2219580,3274488,129600.0273578167,129600.0098657608
pipeline_effect_without_rl,hpo_plain_ga,hpo_no_rl,2a_Hurink_sdata_1_workers.fjs,8,1007,119.05955352071204,113.24010124241296,0.9511215009109982,4999992,4999992,1.0,3927984,4303668,129600.49047470093,129600.97104096413
pipeline_effect_without_rl,hpo_plain_ga,hpo_no_rl,2a_Hurink_sdata_1_workers.fjs,9,1008,113.36637316457666,113.02051336268107,0.99694918526331,4999992,4999992,1.0,2675412,2371848,129600.74096083641,129600.25557565689
pipeline_effect_without_rl,hpo_plain_ga,hpo_no_rl,2a_Hurink_sdata_1_workers.fjs,10,1009,119.1155867777763,119.65377476979923,1.004518199562136,4999992,4999992,1.0,3571380,1749936,129600.62290811539,129600.15007543564
pipeline_effect_without_rl,hpo_plain_ga,hpo_no_rl,2a_Hurink_sdata_38_workers.fjs,1,1000,5332.808618802409,5243.341681754286,0.9832232987449276,4999992,1393452,0.2786908459053534,4933044,377472,129602.58568620682,129600.07626128197
pipeline_effect_without_rl,hpo_plain_ga,hpo_no_rl,2a_Hurink_sdata_38_workers.fjs,2,1001,5282.811857209003,5155.370537097071,0.9758762334233001,4999992,1329624,0.2659252254803608,4656408,831048,129601.8278889656,129601.3551018238
pipeline_effect_without_rl,hpo_plain_ga,hpo_no_rl,2a_Hurink_sdata_38_workers.fjs,3,1002,5441.028689369343,4983.633257822706,0.9159358537402505,4999992,1562148,0.31243009988815984,4576188,301512,129601.21349024773,129602.54620432854
pipeline_effect_without_rl,hpo_plain_ga,hpo_no_rl,2a_Hurink_sdata_38_workers.fjs,4,1003,5218.029837288197,5180.659489563512,0.9928382265165224,4999992,1102200,0.22044035270456433,4323012,288060,129601.58556771278,129601.65048575401
pipeline_effect_without_rl,hpo_plain_ga,hpo_no_rl,2a_Hurink_sdata_38_workers.fjs,5,1004,5390.131635383959,5178.836645274094,0.9607996604901442,4999992,1218300,0.24366038985662378,4709868,670020,129602.10033679008,129601.29696679115
pipeline_effect_without_rl,hpo_plain_ga,hpo_no_rl,2a_Hurink_sdata_38_workers.fjs,6,1005,5127.074982042762,4959.240806211314,0.9672651216494247,4999992,1510764,0.3021532834452535,4973448,710820,129601.45331931114,129601.37071299553
pipeline_effect_without_rl,hpo_plain_ga,hpo_no_rl,2a_Hurink_sdata_38_workers.fjs,7,1006,5427.372153344056,4812.132580380412,0.8866413513610696,4999992,1610628,0.32212611540178465,3017940,1598148,129600.83428502083,129601.84407258034
pipeline_effect_without_rl,hpo_plain_ga,hpo_no_rl,2a_Hurink_sdata_38_workers.fjs,8,1007,5401.300706400823,5344.947563978381,0.989566745958865,4999992,1433940,0.2867884588615342,4859640,506220,129600.74981331825,129601.6016459465
pipeline_effect_without_rl,hpo_plain_ga,hpo_no_rl,2a_Hurink_sdata_38_workers.fjs,9,1008,5374.355449981222,5036.758672593294,0.9371837645407122,4999992,1726056,0.34521175233880375,4962804,667728,129600.04798316956,129600.59590864182
pipeline_effect_without_rl,hpo_plain_ga,hpo_no_rl,2a_Hurink_sdata_38_workers.fjs,10,1009,5805.342188694372,5018.843916122425,0.8645216342107076,4999992,1251288,0.25025800041280066,4072584,970692,129602.39142036438,129601.81746649742
pipeline_effect_without_rl,hpo_plain_ga,hpo_no_rl,2a_Hurink_sdata_40_workers.fjs,1,1000,3659.9083006921946,3483.6168467697826,0.9518317292569679,4999992,4999992,1.0,4968828,2473524,129601.1864836216,129601.41254734993
pipeline_effect_without_rl,hpo_plain_ga,hpo_no_rl,2a_Hurink_sdata_40_workers.fjs,2,1001,3581.7907356548963,3380.070169638722,0.9436816439307442,4999992,4080444,0.8160901057441692,3688224,241416,129601.47646474838,129601.1925201416
pipeline_effect_without_rl,hpo_plain_ga,hpo_no_rl,2a_Hurink_sdata_40_workers.fjs,3,1002,3907.654831445134,3608.0948870985603,0.923340223927662,4999992,4550388,0.9100790561264898,4151052,2146332,129600.71676135063,129600.10370612144
pipeline_effect_without_rl,hpo_plain_ga,hpo_no_rl,2a_Hurink_sdata_40_workers.fjs,4,1003,3727.9684682015477,3471.014926325035,0.9310741107205576,4999992,3687036,0.7374083798534078,4874436,2087304,129601.83453392982,129601.21055078506
pipeline_effect_without_rl,hpo_plain_ga,hpo_no_rl,2a_Hurink_sdata_40_workers.fjs,5,1004,3777.8859009946427,3604.5116160677717,0.9541081203957946,4999992,3903528,0.7807068491309586,2956380,378324,129600.48827409744,129601.16972398758
pipeline_effect_without_rl,hpo_plain_ga,hpo_no_rl,2a_Hurink_sdata_40_workers.fjs,6,1005,3467.316296111258,3320.2961858366834,0.9575982985920656,4999992,3968580,0.7937172699476319,4955820,880620,129601.12885713577,129600.59208750725
pipeline_effect_without_rl,hpo_plain_ga,hpo_no_rl,2a_Hurink_sdata_40_workers.fjs,7,1006,3777.7747217029073,3646.8430336234487,0.9653415839416601,4999992,3665976,0.7331963731141969,3085392,1198836,129600.33298897743,129602.15698862076
pipeline_effect_without_rl,hpo_plain_ga,hpo_no_rl,2a_Hurink_sdata_40_workers.fjs,8,1007,3670.1044506280914,3396.0669483581373,0.925332505939155,4999992,4412268,0.8824550119280191,4953900,308856,129600.85582923889,129601.09539794922
pipeline_effect_without_rl,hpo_plain_ga,hpo_no_rl,2a_Hurink_sdata_40_workers.fjs,9,1008,3491.2705285261354,3383.429222483871,0.9691111573391047,4999992,4549992,0.9099998559997696,4691484,2613240,129601.25323033333,129600.31558966637
pipeline_effect_without_rl,hpo_plain_ga,hpo_no_rl,2a_Hurink_sdata_40_workers.fjs,10,1009,3781.3255843362954,3601.857987341191,0.9525384437302812,4999992,3789276,0.7578564125702602,4951872,2600244,129600.99669456482,129600.2562520504
pipeline_effect_without_rl,hpo_plain_ga,hpo_no_rl,2a_Hurink_sdata_54_workers.fjs,1,1000,18286.76388371041,17842.517411734516,0.9757066654985564,4999992,4999992,1.0,908988,1922040,129600.81358242035,129601.25301289558
pipeline_effect_without_rl,hpo_plain_ga,hpo_no_rl,2a_Hurink_sdata_54_workers.fjs,2,1001,17509.949268819444,17930.619994258326,1.0240246684316776,4999992,4999992,1.0,4219140,4490472,129600.61559677124,129600.28154683113
pipeline_effect_without_rl,hpo_plain_ga,hpo_no_rl,2a_Hurink_sdata_54_workers.fjs,3,1002,18690.11815112606,18401.584294537857,0.9845622240450729,4999992,4999992,1.0,4711716,4030788,129601.11642599106,129600.34978461266
pipeline_effect_without_rl,hpo_plain_ga,hpo_no_rl,2a_Hurink_sdata_54_workers.fjs,4,1003,20165.98493904199,19150.90245514131,0.9496636297721591,4999992,4999992,1.0,4125636,2811684,129600.04232883453,129601.17784047127
pipeline_effect_without_rl,hpo_plain_ga,hpo_no_rl,2a_Hurink_sdata_54_workers.fjs,5,1004,18872.374183986096,19069.431174418347,1.0104415580419903,4999992,4999992,1.0,2933616,4560636,129600.71877264977,129600.74291968346
pipeline_effect_without_rl,hpo_plain_ga,hpo_no_rl,2a_Hurink_sdata_54_workers.fjs,6,1005,19621.253669850783,19346.41123777585,0.9859926161345519,4999992,4999992,1.0,2809260,4658880,129600.41513156891,129601.18333601952
pipeline_effect_without_rl,hpo_plain_ga,hpo_no_rl,2a_Hurink_sdata_54_workers.fjs,7,1006,19662.394705398474,19203.184865833206,0.9766452740652598,4999992,4999992,1.0,1866060,4410408,129600.73934555054,129600.2162489891
pipeline_effect_without_rl,hpo_plain_ga,hpo_no_rl,2a_Hurink_sdata_54_workers.fjs,8,1007,20182.222682324973,19230.93486024412,0.9528650616409082,4999992,4999992,1.0,2087532,2384100,129600.84389638901,129600.51749277115
pipeline_effect_without_rl,hpo_plain_ga,hpo_no_rl,2a_Hurink_sdata_54_workers.fjs,9,1008,19616.4741300969,19265.669763076745,0.9821168490986906,4999992,4999992,1.0,4053036,2005416,129600.6910738945,129600.0012588501
pipeline_effect_without_rl,hpo_plain_ga,hpo_no_rl,2a_Hurink_sdata_54_workers.fjs,10,1009,20458.167276202712,19694.23711387975,0.9626589150431095,4999992,4999992,1.0,3266556,4401756,129600.71787643433,129601.24599981308
pipeline_effect_without_rl,hpo_plain_ga,hpo_no_rl,2a_Hurink_sdata_61_workers.fjs,1,1000,2185.089089490535,1989.2588610191824,0.910378835621292,4999992,4999992,1.0,3728388,2555712,129600.60643577576,129601.11089277267
pipeline_effect_without_rl,hpo_plain_ga,hpo_no_rl,2a_Hurink_sdata_61_workers.fjs,2,1001,2110.9019571998665,1987.1790073642176,0.9413885853799819,4999992,4999992,1.0,3334260,1920000,129600.29622244835,129600.52851438522
pipeline_effect_without_rl,hpo_plain_ga,hpo_no_rl,2a_Hurink_sdata_61_workers.fjs,3,1002,2078.721347211951,1998.2850028936034,0.9613048933055739,4999992,4999992,1.0,3499728,2443956,129601.19944858551,129600.05636787415
pipeline_effect_without_rl,hpo_plain_ga,hpo_no_rl,2a_Hurink_sdata_61_workers.fjs,4,1003,2123.7204424500915,2097.191234902956,0.9875081451320733,4999992,4999992,1.0,4395240,3837636,129600.1829931736,129600.66137051582
pipeline_effect_without_rl,hpo_plain_ga,hpo_no_rl,2a_Hurink_sdata_61_workers.fjs,5,1004,2045.9815561902353,2091.2274529215074,1.0221145183808613,4999992,4999992,1.0,4583376,3637080,129600.24719619751,129600.51082444191
pipeline_effect_without_rl,hpo_plain_ga,hpo_no_rl,2a_Hurink_sdata_61_workers.fjs,6,1005,2009.9530301590369,1949.5924310508174,0.9699691494266195,4999992,4999992,1.0,4713816,2022948,129601.31844258308,129600.83961248398
pipeline_effect_without_rl,hpo_plain_ga,hpo_no_rl,2a_Hurink_sdata_61_workers.fjs,7,1006,2021.9252145573835,1956.6941850990115,0.9677381591620086,4999992,4999992,1.0,4659384,501936,129601.03151082993,129601.49851036072
pipeline_effect_without_rl,hpo_plain_ga,hpo_no_rl,2a_Hurink_sdata_61_workers.fjs,8,1007,2252.19602136106,2160.3956316521035,0.95923960932429,4999992,4999992,1.0,4789272,675636,129600.4984061718,129601.01984477043
pipeline_effect_without_rl,hpo_plain_ga,hpo_no_rl,2a_Hurink_sdata_61_workers.fjs,9,1008,1970.882677645063,1999.4396993180746,1.0144894579453778,4999992,4999992,1.0,4106352,513804,129600.70487093925,129600.49586486816
pipeline_effect_without_rl,hpo_plain_ga,hpo_no_rl,2a_Hurink_sdata_61_workers.fjs,10,1009,2101.3473189461665,2021.5051492094503,0.96200429647358,4999992,4999992,1.0,4494672,968916,129601.05695939064,129600.17095351219
pipeline_effect_without_rl,hpo_plain_ga,hpo_no_rl,2a_Hurink_sdata_63_workers.fjs,1,1000,958.8367411482282,889.7136408079318,0.9279094163021747,4999992,4999992,1.0,4577232,2559384,129601.11831521988,129600.52537798882
pipeline_effect_without_rl,hpo_plain_ga,hpo_no_rl,2a_Hurink_sdata_63_workers.fjs,2,1001,924.7923890881435,916.520537961095,0.9910554506885544,4999992,4999992,1.0,2746872,2466012,129600.55888533592,129601.03819131851
pipeline_effect_without_rl,hpo_plain_ga,hpo_no_rl,2a_Hurink_sdata_63_workers.fjs,3,1002,911.7506987636567,898.3138889051183,0.9852626272984942,4999992,4999992,1.0,4531020,4707312,129600.77489900589,129600.99887490273
pipeline_effect_without_rl,hpo_plain_ga,hpo_no_rl,2a_Hurink_sdata_63_workers.fjs,4,1003,896.845834401321,849.7241331488033,0.9474584154321537,4999992,4999992,1.0,2077212,4879332,129600.61543107033,129600.3465847969
pipeline_effect_without_rl,hpo_plain_ga,hpo_no_rl,2a_Hurink_sdata_63_workers.fjs,5,1004,882.548993700906,898.5015781668335,1.0180755794633356,4999992,4999992,1.0,3701196,4846416,129600.83516001701,129600.66714787483
pipeline_effect_without_rl,hpo_plain_ga,hpo_no_rl,2a_Hurink_sdata_63_workers.fjs,6,1005,917.8678361435656,870.9479193450766,0.94888162004279,4999992,4999992,1.0,3268164,4653504,129600.37211346626,129601.04555511475
pipeline_effect_without_rl,hpo_plain_ga,hpo_no_rl,2a_Hurink_sdata_63_workers.fjs,7,1006,910.5704530587199,871.762357399605,0.9573804580098623,4999992,4999992,1.0,3263088,4389288,129600.71179819107,129600.6258893013
pipeline_effect_without_rl,hpo_plain_ga,hpo_no_rl,2a_Hurink_sdata_63_workers.fjs,8,1007,918.5952638426766,868.649475400591,0.9456280797343197,4999992,4999992,1.0,1770492,4592208,129600.9678349495,129600.45488762856
pipeline_effect_without_rl,hpo_plain_ga,hpo_no_rl,2a_Hurink_sdata_63_workers.fjs,9,1008,863.9676460686686,937.798338803891,1.0854553906864173,4999992,4999992,1.0,3635172,4294452,129601.33277702332,129600.72133851051
pipeline_effect_without_rl,hpo_plain_ga,hpo_no_rl,2a_Hurink_sdata_63_workers.fjs,10,1009,872.4441696936525,931.1253716762477,1.0672606958943864,4999992,4999992,1.0,4799772,2351196,129600.56726431847,129601.4253358841
pipeline_effect_without_rl,hpo_plain_ga,hpo_no_rl,2b_Hurink_edata_1_workers.fjs,1,1000,107.80667189628281,107.39025887957345,0.9961374095927015,4999992,4999992,1.0,3513336,1325988,129600.34606647491,129600.16663599014
pipeline_effect_without_rl,hpo_plain_ga,hpo_no_rl,2b_Hurink_edata_1_workers.fjs,2,1001,106.94356808901725,108.14123590707307,1.0111990635758377,4999992,4999992,1.0,4608312,757632,129600.82195568085,129600.05009961128
pipeline_effect_without_rl,hpo_plain_ga,hpo_no_rl,2b_Hurink_edata_1_workers.fjs,3,1002,109.4267527714723,107.69018650440653,0.9841303317234276,4999992,4999992,1.0,2694324,3213480,129600.63616681099,129600.69013285637
pipeline_effect_without_rl,hpo_plain_ga,hpo_no_rl,2b_Hurink_edata_1_workers.fjs,4,1003,107.6752699159837,107.35755598793,0.9970493324205121,4999992,4999992,1.0,2201184,4971132,129600.41830396652,129600.08437538147
pipeline_effect_without_rl,hpo_plain_ga,hpo_no_rl,2b_Hurink_edata_1_workers.fjs,5,1004,108.33397526582938,107.40464215459771,0.9914215913433317,4999992,4999992,1.0,4615656,4647492,129600.6925213337,129600.34408712387
pipeline_effect_without_rl,hpo_plain_ga,hpo_no_rl,2b_Hurink_edata_1_workers.fjs,6,1005,107.1813997016854,107.54836967475347,1.0034238214288063,4999992,4999992,1.0,1429992,1459620,129600.08750081062,129600.4890062809
pipeline_effect_without_rl,hpo_plain_ga,hpo_no_rl,2b_Hurink_edata_1_workers.fjs,7,1006,109.73389312279215,108.61223735221965,0.9897784017439591,4999992,4999992,1.0,4907772,2463084,129600.422778368,129600.16199088097
pipeline_effect_without_rl,hpo_plain_ga,hpo_no_rl,2b_Hurink_edata_1_workers.fjs,8,1007,113.53378414746928,107.45393444465016,0.9464489821380216,4999992,4999992,1.0,4974420,2590548,129600.36043691635,129600.84916043282
pipeline_effect_without_rl,hpo_plain_ga,hpo_no_rl,2b_Hurink_edata_1_workers.fjs,9,1008,113.49303065882084,107.67951428731084,0.9487764461151239,4999992,4999992,1.0,3124092,2967624,129600.64437818527,129600.7037973404
pipeline_effect_without_rl,hpo_plain_ga,hpo_no_rl,2b_Hurink_edata_1_workers.fjs,10,1009,108.84580993600588,108.0249609621993,0.99245860750828,4999992,4999992,1.0,4253376,128064,129600.5403702259,129600.34444856644
pipeline_effect_without_rl,hpo_plain_ga,hpo_no_rl,2b_Hurink_edata_6_workers.fjs,1,1000,1262.3610854336098,1269.2924360643256,1.0054907828755946,4999992,4999992,1.0,4557564,3271908,129600.08512067795,129600.08322143555
pipeline_effect_without_rl,hpo_plain_ga,hpo_no_rl,2b_Hurink_edata_6_workers.fjs,2,1001,1256.1653273218449,1219.9792784460624,0.9711932433663557,4999992,4999992,1.0,4699320,3087720,129600.76433992386,129600.61342668533
pipeline_effect_without_rl,hpo_plain_ga,hpo_no_rl,2b_Hurink_edata_6_workers.fjs,3,1002,1348.6626164974423,1264.7920447465235,0.9378120437795364,4999992,4999992,1.0,2315820,536340,129600.80901741982,129600.1403734684
pipeline_effect_without_rl,hpo_plain_ga,hpo_no_rl,2b_Hurink_edata_6_workers.fjs,4,1003,1221.8168176169818,1254.4859327562751,1.0267381449234025,4999992,4999992,1.0,2228376,3240156,129600.34685587883,129600.93363785744
pipeline_effect_without_rl,hpo_plain_ga,hpo_no_rl,2b_Hurink_edata_6_workers.fjs,5,1004,1254.701982561864,1248.0525169387174,0.9947003625438052,4999992,4999992,1.0,4847184,4874136,129600.64660525322,129600.70221567154
pipeline_effect_without_rl,hpo_plain_ga,hpo_no_rl,2b_Hurink_edata_6_workers.fjs,6,1005,1269.865699754693,1183.684475161575,0.9321335912846799,4999992,4999992,1.0,2401992,4182348,129600.83617711067,129600.4908516407
pipeline_effect_without_rl,hpo_plain_ga,hpo_no_rl,2b_Hurink_edata_6_workers.fjs,7,1006,1351.607109255668,1294.1233988243707,0.9574701035251629,4999992,4999992,1.0,2467080,1354584,129600.75192713737,129600.71967315674
pipeline_effect_without_rl,hpo_plain_ga,hpo_no_rl,2b_Hurink_edata_6_workers.fjs,8,1007,1360.0208539209007,1264.3779318702482,0.9296754003624895,4999992,4999992,1.0,2925984,2986164,129600.103890419,129600.66623950005
pipeline_effect_without_rl,hpo_plain_ga,hpo_no_rl,2b_Hurink_edata_6_workers.fjs,9,1008,1274.6492344313606,1243.8826203745311,0.9758626818847501,4999992,4999992,1.0,3898008,3220152,129600.42564249039,129600.62283086777
pipeline_effect_without_rl,hpo_plain_ga,hpo_no_rl,2b_Hurink_edata_6_workers.fjs,10,1009,1274.5992875767934,1265.1830866548682,0.9926124225757048,4999992,4999992,1.0,4101876,4907136,129600.82530903816,129600.12804293633
pipeline_effect_without_rl,hpo_plain_ga,hpo_no_rl,2c_Hurink_rdata_28_workers.fjs,1,1000,2330.351390335103,2104.05394372552,0.9028912774493457,4999992,4999992,1.0,3066504,4800432,129600.38318490982,129600.72164726257
pipeline_effect_without_rl,hpo_plain_ga,hpo_no_rl,2c_Hurink_rdata_28_workers.fjs,2,1001,2308.7866348074326,2101.2215289616006,0.9100977532022381,4999992,4999992,1.0,4849644,4382484,129600.19692754745,129600.78595852852
pipeline_effect_without_rl,hpo_plain_ga,hpo_no_rl,2c_Hurink_rdata_28_workers.fjs,3,1002,2311.8199569154594,2083.694740033392,0.9013222391304023,4999992,4999992,1.0,4770804,711660,129600.84563565254,129600.38157653809
pipeline_effect_without_rl,hpo_plain_ga,hpo_no_rl,2c_Hurink_rdata_28_workers.fjs,4,1003,2215.9867347885834,2062.8889951530186,0.9309121587994654,4999992,4999992,1.0,4710396,1292328,129600.48745512962,129600.46997857094
pipeline_effect_without_rl,hpo_plain_ga,hpo_no_rl,2c_Hurink_rdata_28_workers.fjs,5,1004,2315.086192567939,1994.7975518184671,0.8616515265057144,4999992,4999992,1.0,4988304,2497776,129601.16322731972,129600.91412186623
pipeline_effect_without_rl,hpo_plain_ga,hpo_no_rl,2c_Hurink_rdata_28_workers.fjs,6,1005,2340.5464776920426,1985.0699839956133,0.8481224376082648,4999992,4999992,1.0,4827144,4471908,129600.02428340912,129600.16078472137
pipeline_effect_without_rl,hpo_plain_ga,hpo_no_rl,2c_Hurink_rdata_28_workers.fjs,7,1006,2508.025171614942,2282.367981278477,0.9100259467526948,4999992,4999992,1.0,4624356,3881712,129600.98663425446,129600.012819767
pipeline_effect_without_rl,hpo_plain_ga,hpo_no_rl,2c_Hurink_rdata_28_workers.fjs,8,1007,2347.19688555491,2102.8831924986757,0.8959125693461054,4999992,4999992,1.0,4361556,4563240,129600.00742292404,129600.167263031
pipeline_effect_without_rl,hpo_plain_ga,hpo_no_rl,2c_Hurink_rdata_28_workers.fjs,9,1008,2275.9894801249125,2049.1691042511584,0.9003420807282002,4999992,4999992,1.0,4008000,3266316,129600.14099240303,129600.46296858788
pipeline_effect_without_rl,hpo_plain_ga,hpo_no_rl,2c_Hurink_rdata_28_workers.fjs,10,1009,2393.4025610458166,2024.2955407295171,0.845781471816001,4999992,4999992,1.0,4869876,2648820,129600.32387566566,129600.53910589218
pipeline_effect_without_rl,hpo_plain_ga,hpo_no_rl,2c_Hurink_rdata_38_workers.fjs,1,1000,4509.214419500516,4158.880588850913,0.922307125353243,4999992,1707360,0.34147254635607416,4989708,427536,129601.69811987877,129600.1119453907
pipeline_effect_without_rl,hpo_plain_ga,hpo_no_rl,2c_Hurink_rdata_38_workers.fjs,2,1001,4837.841299763957,4590.984308721387,0.9489737311030407,4999992,1270416,0.25408360653377043,3733956,737940,129600.06809520721,129600.12345576286
pipeline_effect_without_rl,hpo_plain_ga,hpo_no_rl,2c_Hurink_rdata_38_workers.fjs,3,1002,4630.767747495419,4327.7255939683455,0.9345589824298626,4999992,1525788,0.3051580882529412,4722276,861288,129600.79441380501,129602.54167413712
pipeline_effect_without_rl,hpo_plain_ga,hpo_no_rl,2c_Hurink_rdata_38_workers.fjs,4,1003,4904.574291438695,4391.719144542186,0.8954333003392901,4999992,1965936,0.3931878291005266,4845024,490860,129602.03040289879,129600.13065171242
pipeline_effect_without_rl,hpo_plain_ga,hpo_no_rl,2c_Hurink_rdata_38_workers.fjs,5,1004,4714.025628487639,4037.0628403193928,0.8563939101057815,4999992,1411572,0.28231485170376275,4581516,404664,129602.07602190971,129601.15657162666
pipeline_effect_without_rl,hpo_plain_ga,hpo_no_rl,2c_Hurink_rdata_38_workers.fjs,6,1005,4577.04258064921,4674.440166772289,1.0212795892559214,4999992,1375272,0.27505484008774417,4294152,872184,129600.37500715256,129600.55668711662
pipeline_effect_without_rl,hpo_plain_ga,hpo_no_rl,2c_Hurink_rdata_38_workers.fjs,7,1006,4892.463440184419,4812.853514855348,0.9837280490079514,4999992,1247796,0.24955959929535887,4963476,267792,129600.65421557426,129601.60257577896
pipeline_effect_without_rl,hpo_plain_ga,hpo_no_rl,2c_Hurink_rdata_38_workers.fjs,8,1007,4640.1133517307635,4332.418543927158,0.9336880837859628,4999992,1597644,0.319529311246898,4898160,881664,129600.07001757622,129601.64567518234
pipeline_effect_without_rl,hpo_plain_ga,hpo_no_rl,2c_Hurink_rdata_38_workers.fjs,9,1008,5319.7162205063,4246.210036984365,0.7982023591063351,4999992,1447092,0.2894188630701809,4992252,692652,129601.30636954308,129601.20413827896
pipeline_effect_without_rl,hpo_plain_ga,hpo_no_rl,2c_Hurink_rdata_38_workers.fjs,10,1009,4688.253564742817,4063.3477976058157,0.8667081977313483,4999992,1923012,0.3846030153648246,3957792,744132,129600.35633730888,129601.76312232018
pipeline_effect_without_rl,hpo_plain_ga,hpo_no_rl,2c_Hurink_rdata_50_workers.fjs,1,1000,13647.541005173845,13286.3648695106,0.9735354423535844,4999992,4999992,1.0,4711776,1135104,129600.21035647392,129600.7172665596
pipeline_effect_without_rl,hpo_plain_ga,hpo_no_rl,2c_Hurink_rdata_50_workers.fjs,2,1001,13390.504006422618,12692.267007210841,0.947855808946633,4999992,4999992,1.0,3360144,564144,129600.12192749977,129600.64633750916
pipeline_effect_without_rl,hpo_plain_ga,hpo_no_rl,2c_Hurink_rdata_50_workers.fjs,3,1002,14143.646328071356,13338.55454377481,0.9430774946133478,4999992,4999992,1.0,3655572,3974436,129600.16587352753,129600.9459900856
pipeline_effect_without_rl,hpo_plain_ga,hpo_no_rl,2c_Hurink_rdata_50_workers.fjs,4,1003,13590.387440993776,12918.926160278002,0.9505929257991284,4999992,4999992,1.0,4458984,4074624,129600.54031443596,129600.78850579262
pipeline_effect_without_rl,hpo_plain_ga,hpo_no_rl,2c_Hurink_rdata_50_workers.fjs,5,1004,12913.459385125878,12738.38545290231,0.9864425227197273,4999992,4999992,1.0,3844596,3243804,129600.22125077248,129600.0433344841
pipeline_effect_without_rl,hpo_plain_ga,hpo_no_rl,2c_Hurink_rdata_50_workers.fjs,6,1005,13333.71344875437,12511.261815190534,0.9383178859569186,4999992,4999992,1.0,2410464,2381760,129600.56106448174,129600.82386255264
pipeline_effect_without_rl,hpo_plain_ga,hpo_no_rl,2c_Hurink_rdata_50_workers.fjs,7,1006,13669.824329858006,12900.09167312437,0.9436911083742047,4999992,4999992,1.0,4223172,2851512,129600.5073390007,129600.72384166718
pipeline_effect_without_rl,hpo_plain_ga,hpo_no_rl,2c_Hurink_rdata_50_workers.fjs,8,1007,13735.785334098044,13050.590209722925,0.950116057603625,4999992,4999992,1.0,3905544,1798212,129600.30111956596,129600.47368526459
pipeline_effect_without_rl,hpo_plain_ga,hpo_no_rl,2c_Hurink_rdata_50_workers.fjs,9,1008,13274.229331931623,13657.116098787761,1.0288443688354163,4999992,4999992,1.0,3169092,4078608,129600.75403690338,129600.28846979141
pipeline_effect_without_rl,hpo_plain_ga,hpo_no_rl,2c_Hurink_rdata_50_workers.fjs,10,1009,13761.97760019487,13208.357606230711,0.9597717704498865,4999992,4999992,1.0,3878808,4031748,129600.78037905693,129600.05403137207
pipeline_effect_without_rl,hpo_plain_ga,hpo_no_rl,2d_Hurink_vdata_18_workers.fjs,1,1000,2468.3465136109025,2338.1416932836446,0.947250185656963,4999992,4999992,1.0,3806904,341400,129600.19618940353,129600.84610915184
pipeline_effect_without_rl,hpo_plain_ga,hpo_no_rl,2d_Hurink_vdata_18_workers.fjs,2,1001,2523.1248041405875,2398.1245101448685,0.950458140718768,4999992,4999992,1.0,4903692,793956,129600.07823395729,129601.02863502502
pipeline_effect_without_rl,hpo_plain_ga,hpo_no_rl,2d_Hurink_vdata_18_workers.fjs,3,1002,2476.769478558443,2426.982809905376,0.9798985456320931,4999992,4999992,1.0,4107144,4890900,129600.42896986008,129601.00853419304
pipeline_effect_without_rl,hpo_plain_ga,hpo_no_rl,2d_Hurink_vdata_18_workers.fjs,4,1003,2701.741093999681,2413.8427913924934,0.8934397143950679,4999992,4999992,1.0,4734060,1318584,129600.24359750748,129601.07142472267
pipeline_effect_without_rl,hpo_plain_ga,hpo_no_rl,2d_Hurink_vdata_18_workers.fjs,5,1004,2494.4002860982378,2388.3747675481204,0.9574945853153491,4999992,4999992,1.0,4959300,3262788,129600.44028306007,129601.08990812302
pipeline_effect_without_rl,hpo_plain_ga,hpo_no_rl,2d_Hurink_vdata_18_workers.fjs,6,1005,2573.495173560201,2321.320121340583,0.9020106760601551,4999992,4999992,1.0,3963024,2380068,129600.92774820328,129601.06641149521
pipeline_effect_without_rl,hpo_plain_ga,hpo_no_rl,2d_Hurink_vdata_18_workers.fjs,7,1006,2657.820426087615,2422.2198753660887,0.911355730278461,4999992,4999992,1.0,4017384,4651008,129600.02898693085,129600.45471763611
pipeline_effect_without_rl,hpo_plain_ga,hpo_no_rl,2d_Hurink_vdata_18_workers.fjs,8,1007,2408.686942392527,2506.820528760854,1.0407415279425445,4999992,4999992,1.0,4935120,3022128,129600.74856519699,129600.72908854485
pipeline_effect_without_rl,hpo_plain_ga,hpo_no_rl,2d_Hurink_vdata_18_workers.fjs,9,1008,2520.5429918207856,2364.580259039567,0.9381233594160778,4999992,4999992,1.0,4956924,3040308,129600.74139285088,129600.99162721634
pipeline_effect_without_rl,hpo_plain_ga,hpo_no_rl,2d_Hurink_vdata_18_workers.fjs,10,1009,2719.5229853671153,2508.9728986322853,0.9225783021994177,4999992,4999992,1.0,3072168,3040908,129600.2245323658,129600.54223537445
pipeline_effect_without_rl,hpo_plain_ga,hpo_no_rl,2d_Hurink_vdata_30_workers.fjs,1,1000,3017.6981561631055,2732.557182844331,0.9055104392278513,4999992,4488156,0.8976326362122179,4732728,2729184,129600.09560751915,129600.51445746422
pipeline_effect_without_rl,hpo_plain_ga,hpo_no_rl,2d_Hurink_vdata_30_workers.fjs,2,1001,3160.681486133162,2742.137451896344,0.8675779144234895,4999992,4492584,0.8985182376291803,4975320,2929680,129601.06725502014,129601.34713935852
pipeline_effect_without_rl,hpo_plain_ga,hpo_no_rl,2d_Hurink_vdata_30_workers.fjs,3,1002,3120.007077053773,2684.529845169289,0.8604242807373033,4999992,4371636,0.8743285989257583,3628656,2380824,129601.20020866394,129600.45693564415
pipeline_effect_without_rl,hpo_plain_ga,hpo_no_rl,2d_Hurink_vdata_30_workers.fjs,4,1003,3425.5456570487518,2771.070312339143,0.8089427465773538,4999992,4364376,0.8728765966025546,4982976,1783488,129600.34781932831,129601.01465272903
pipeline_effect_without_rl,hpo_plain_ga,hpo_no_rl,2d_Hurink_vdata_30_workers.fjs,5,1004,2898.4449085439733,2793.972021574068,0.9639555381363495,4999992,4256088,0.8512189619503391,4873356,502740,129600.7887711525,129601.0744907856
pipeline_effect_without_rl,hpo_plain_ga,hpo_no_rl,2d_Hurink_vdata_30_workers.fjs,6,1005,2870.496555303656,2818.078300317955,0.9817389591048801,4999992,4221528,0.8443069508911214,4970604,724632,129600.96275568008,129600.31451869011
pipeline_effect_without_rl,hpo_plain_ga,hpo_no_rl,2d_Hurink_vdata_30_workers.fjs,7,1006,3499.86258281384,2988.110388294515,0.8537793463571122,4999992,4157556,0.8315125304200487,4596636,1084188,129601.08748054504,129601.05265641212
pipeline_effect_without_rl,hpo_plain_ga,hpo_no_rl,2d_Hurink_vdata_30_workers.fjs,8,1007,2963.575528855195,2767.8961799327503,0.9339718704594534,4999992,4267788,0.8535589656943451,4123020,3143448,129601.01642870903,129600.85506439209
pipeline_effect_without_rl,hpo_plain_ga,hpo_no_rl,2d_Hurink_vdata_30_workers.fjs,9,1008,3055.340871033135,2850.052229278548,0.9328099055326777,4999992,4266696,0.8533405653449045,4846380,771900,129600.55836939812,129601.25429177284
pipeline_effect_without_rl,hpo_plain_ga,hpo_no_rl,2d_Hurink_vdata_30_workers.fjs,10,1009,2857.4867261115833,2785.4872152956955,0.9748032037531584,4999992,4151064,0.8302141283426053,3853164,210444,129600.78856086731,129601.23010730743
pipeline_effect_without_rl,hpo_plain_ga,hpo_no_rl,2d_Hurink_vdata_5_workers.fjs,1,1000,1266.5169628797173,1116.9565051890293,0.8819119979643795,4999992,4999992,1.0,3817548,3941856,129600.15983557701,129600.74390077591
pipeline_effect_without_rl,hpo_plain_ga,hpo_no_rl,2d_Hurink_vdata_5_workers.fjs,2,1001,1197.4111939887446,1147.630071744342,0.9584260423701447,4999992,4999992,1.0,4821204,3307260,129600.73973941803,129600.57132339478
pipeline_effect_without_rl,hpo_plain_ga,hpo_no_rl,2d_Hurink_vdata_5_workers.fjs,3,1002,1308.3606037039985,1158.0363732113174,0.885104893813594,4999992,4999992,1.0,3963516,4246740,129600.81871128082,129600.0476667881
pipeline_effect_without_rl,hpo_plain_ga,hpo_no_rl,2d_Hurink_vdata_5_workers.fjs,4,1003,1308.7168268302096,1220.9152247718273,0.9329101603506978,4999992,4999992,1.0,4951200,887292,129600.89076590538,129600.38531804085
pipeline_effect_without_rl,hpo_plain_ga,hpo_no_rl,2d_Hurink_vdata_5_workers.fjs,5,1004,1193.2750461254382,1156.1231625250343,0.9688656159189485,4999992,4999992,1.0,3521280,1203408,129600.41394495964,129600.81000971794
pipeline_effect_without_rl,hpo_plain_ga,hpo_no_rl,2d_Hurink_vdata_5_workers.fjs,6,1005,1204.322383462781,1151.7444610538391,0.9563423190244418,4999992,4999992,1.0,4468080,1368048,129600.58150720596,129600.61278438568
pipeline_effect_without_rl,hpo_plain_ga,hpo_no_rl,2d_Hurink_vdata_5_workers.fjs,7,1006,1290.5639453957212,1188.6187154552015,0.9210072230018322,4999992,4999992,1.0,3965040,4103388,129600.03502821922,129600.03239631653
pipeline_effect_without_rl,hpo_plain_ga,hpo_no_rl,2d_Hurink_vdata_5_workers.fjs,8,1007,1204.3902548218134,1188.5710301952554,0.986865366468032,4999992,4999992,1.0,4148328,2352660,129600.09416556358,129600.98840808868
pipeline_effect_without_rl,hpo_plain_ga,hpo_no_rl,2d_Hurink_vdata_5_workers.fjs,9,1008,1248.493955976532,1216.0186996365592,0.9739884553028758,4999992,4999992,1.0,2202684,982860,129600.50961852074,129600.05128312111
pipeline_effect_without_rl,hpo_plain_ga,hpo_no_rl,2d_Hurink_vdata_5_workers.fjs,10,1009,1207.4183040731134,1143.5296569027626,0.9470865673024598,4999992,4999992,1.0,4969968,2622648,129600.56014728546,129600.81614923477
pipeline_effect_without_rl,hpo_plain_ga,hpo_no_rl,3_DPpaulli_15_workers.fjs,1,1000,6654.2149019140725,6315.666684812021,0.9491227406850553,4999992,1040004,0.20800113280181248,4928868,1014348,129603.01872444153,129600.23793315887
pipeline_effect_without_rl,hpo_plain_ga,hpo_no_rl,3_DPpaulli_15_workers.fjs,2,1001,7350.654384814708,5883.734606612168,0.8004368452919016,4999992,1746516,0.3493037588860142,4845432,834756,129602.32127428055,129602.37042045593
pipeline_effect_without_rl,hpo_plain_ga,hpo_no_rl,3_DPpaulli_15_workers.fjs,3,1002,7319.099400302278,6099.518831073542,0.8333701316888295,4999992,1344432,0.26888683021892834,4751028,860220,129602.90202188492,129601.03500938416
pipeline_effect_without_rl,hpo_plain_ga,hpo_no_rl,3_DPpaulli_15_workers.fjs,4,1003,7521.076374479568,6182.08546702515,0.8219681810441566,4999992,1146720,0.22934436695098712,4612296,646476,129600.93787670135,129601.27291154861
pipeline_effect_without_rl,hpo_plain_ga,hpo_no_rl,3_DPpaulli_15_workers.fjs,5,1004,6838.538163511186,6092.4564798826295,0.8909004138326709,4999992,1179876,0.2359755775609241,4983108,617028,129602.80247616768,129600.58405065536
pipeline_effect_without_rl,hpo_plain_ga,hpo_no_rl,3_DPpaulli_15_workers.fjs,6,1005,7108.625028755792,6092.350403988561,0.8570364000553975,4999992,1182948,0.23658997854396566,4980072,678780,129603.13990020752,129601.9504828453
pipeline_effect_without_rl,hpo_plain_ga,hpo_no_rl,3_DPpaulli_15_workers.fjs,7,1006,7700.106497167922,6400.6032540693695,0.8312356791978779,4999992,1356072,0.2712148339437343,4825344,510612,129601.17946386337,129601.21746850014
pipeline_effect_without_rl,hpo_plain_ga,hpo_no_rl,3_DPpaulli_15_workers.fjs,8,1007,7875.824286202929,6284.071010815473,0.797893754666933,4999992,1412736,0.2825476520762433,4934448,375744,129601.25682282448,129600.26473021507
pipeline_effect_without_rl,hpo_plain_ga,hpo_no_rl,3_DPpaulli_15_workers.fjs,9,1008,6930.5639905480475,6073.745922625932,0.8763710905648299,4999992,1102152,0.2204307526892043,4968708,522168,129603.28049445152,129603.25242447853
pipeline_effect_without_rl,hpo_plain_ga,hpo_no_rl,3_DPpaulli_15_workers.fjs,10,1009,7343.73629119693,6407.139148933583,0.87246312978503,4999992,1253004,0.25060120096192157,4917504,381012,129603.06002616882,129602.73492741585
pipeline_effect_without_rl,hpo_plain_ga,hpo_no_rl,3_DPpaulli_18_workers.fjs,1,1000,7190.847226805619,5674.23442695636,0.7890912222143006,4999992,1154892,0.2309787695660313,4285992,528984,129602.59011936188,129600.15075421333
pipeline_effect_without_rl,hpo_plain_ga,hpo_no_rl,3_DPpaulli_18_workers.fjs,2,1001,7420.632328661491,6321.531196603717,0.8518857850142232,4999992,1341384,0.2682772292435668,4917084,1333032,129601.28600978851,129600.08222723007
pipeline_effect_without_rl,hpo_plain_ga,hpo_no_rl,3_DPpaulli_18_workers.fjs,3,1002,6346.774982401756,5767.290441404716,0.9086962208989879,4999992,1058616,0.211723538757662,4922640,856644,129603.18819713593,129602.22994565964
pipeline_effect_without_rl,hpo_plain_ga,hpo_no_rl,3_DPpaulli_18_workers.fjs,4,1003,7186.897430219449,6151.828075738808,0.855978276505188,4999992,942540,0.18850830161328258,4951092,242784,129601.2008049488,129601.90612125397
pipeline_effect_without_rl,hpo_plain_ga,hpo_no_rl,3_DPpaulli_18_workers.fjs,5,1004,6425.410451641662,5715.420790688579,0.8895028315628172,4999992,1418808,0.28376205401928645,4129356,751212,129600.78757166862,129600.96314120293
pipeline_effect_without_rl,hpo_plain_ga,hpo_no_rl,3_DPpaulli_18_workers.fjs,6,1005,6896.075405953261,6382.243955664187,0.9254892935414406,4999992,1009236,0.20184752295603672,4998516,223848,129601.35270833969,129601.53480195999
pipeline_effect_without_rl,hpo_plain_ga,hpo_no_rl,3_DPpaulli_18_workers.fjs,7,1006,7167.820454113197,6447.849520045399,0.8995551104164937,4999992,990600,0.19812031699250718,4371168,412992,129602.57303285599,129602.27617907524
pipeline_effect_without_rl,hpo_plain_ga,hpo_no_rl,3_DPpaulli_18_workers.fjs,8,1007,6796.899456150619,6047.251056481883,0.8897072989669772,4999992,1313388,0.26267802028483245,4999476,1249584,129601.55497050285,129601.67050743103
pipeline_effect_without_rl,hpo_plain_ga,hpo_no_rl,3_DPpaulli_18_workers.fjs,9,1008,7500.064951032777,6131.510691265716,0.8175276789331527,4999992,1370700,0.2741404386247018,4991328,1074720,129601.36576461792,129603.96430253983
pipeline_effect_without_rl,hpo_plain_ga,hpo_no_rl,3_DPpaulli_18_workers.fjs,10,1009,7223.374590168526,6203.578110276858,0.8588199369752088,4999992,1357920,0.27158443453509523,4949244,849900,129602.5046877861,129603.18802261353
pipeline_effect_without_rl,hpo_plain_ga,hpo_no_rl,3_DPpaulli_1_workers.fjs,1,1000,6288.585265809968,6226.4107627079375,0.9901131175814593,4999992,3875520,0.7751052401683842,4949064,327888,129601.72114181519,129601.27248978615
pipeline_effect_without_rl,hpo_plain_ga,hpo_no_rl,3_DPpaulli_1_workers.fjs,2,1001,6203.404909274071,5842.189637240436,0.9417714501444814,4999992,3999588,0.7999188798702078,4653120,2579868,129601.33825969696,129601.3736937046
pipeline_effect_without_rl,hpo_plain_ga,hpo_no_rl,3_DPpaulli_1_workers.fjs,3,1002,6466.022435842578,6041.96310266121,0.9344172808880596,4999992,4054920,0.8109852975764761,3672108,3651432,129600.86819195747,129600.45227694511
pipeline_effect_without_rl,hpo_plain_ga,hpo_no_rl,3_DPpaulli_1_workers.fjs,4,1003,6697.738877414009,6198.92877201739,0.9255255968430335,4999992,4076124,0.815226104361767,2767092,1467000,129601.07162237167,129600.5401031971
pipeline_effect_without_rl,hpo_plain_ga,hpo_no_rl,3_DPpaulli_1_workers.fjs,5,1004,6466.334164577383,6009.535886794876,0.9293574587770533,4999992,3993624,0.7987260779617248,4960788,2204592,129601.6294131279,129601.92880654335
pipeline_effect_without_rl,hpo_plain_ga,hpo_no_rl,3_DPpaulli_1_workers.fjs,6,1005,6772.924611950798,6564.407026966815,0.9692130657093015,4999992,3993744,0.7987500780001248,4977120,1498416,129600.64899682999,129601.99689221382
pipeline_effect_without_rl,hpo_plain_ga,hpo_no_rl,3_DPpaulli_1_workers.fjs,7,1006,6710.376287900332,6318.288705718855,0.9415699559369778,4999992,3898668,0.7797348475757562,2792916,2025312,129601.13919067383,129601.65049290657
pipeline_effect_without_rl,hpo_plain_ga,hpo_no_rl,3_DPpaulli_1_workers.fjs,8,1007,6611.848813781121,6342.5193125405185,0.9592656292020415,4999992,3900780,0.7801572482515972,4911672,262296,129600.68529677391,129600.18881869316
pipeline_effect_without_rl,hpo_plain_ga,hpo_no_rl,3_DPpaulli_1_workers.fjs,9,1008,6472.7098540764055,5963.943542361118,0.9213982515538102,4999992,3923652,0.784731655570649,3792108,374736,129601.5544435978,129600.46105623245
pipeline_effect_without_rl,hpo_plain_ga,hpo_no_rl,3_DPpaulli_1_workers.fjs,10,1009,6419.801368748899,6214.35298266549,0.967997703623119,4999992,4001064,0.8002140803425285,3890100,994044,129600.57186698914,129600.7174642086
pipeline_effect_without_rl,hpo_plain_ga,hpo_no_rl,3_DPpaulli_9_workers.fjs,1,1000,6629.274441953021,5452.167505413335,0.8224380440353434,4999992,2831208,0.5662425059880096,4851396,905424,129600.01833605766,129601.748452425
pipeline_effect_without_rl,hpo_plain_ga,hpo_no_rl,3_DPpaulli_9_workers.fjs,2,1001,6064.5542521759335,5209.81415478112,0.8590596997152533,4999992,2920932,0.5841873346997355,4983024,2577204,129600.14302897453,129601.5965476036
pipeline_effect_without_rl,hpo_plain_ga,hpo_no_rl,3_DPpaulli_9_workers.fjs,3,1002,6390.061162186406,5707.530111476794,0.8931886513467926,4999992,2755908,0.551182481891971,4931832,288312,129601.19139289856,129600.62103939056
pipeline_effect_without_rl,hpo_plain_ga,hpo_no_rl,3_DPpaulli_9_workers.fjs,4,1003,6381.168051120321,5888.539312596222,0.9227995980394827,4999992,2758296,0.5516600826561322,4535316,312144,129601.33283686638,129602.50903010368
pipeline_effect_without_rl,hpo_plain_ga,hpo_no_rl,3_DPpaulli_9_workers.fjs,5,1004,6373.180586074234,5409.048128544977,0.848720361127701,4999992,3041376,0.6082761732418772,4998756,2823756,129600.51914286613,129600.12894296646
pipeline_effect_without_rl,hpo_plain_ga,hpo_no_rl,3_DPpaulli_9_workers.fjs,6,1005,6101.375217468615,5518.147215209319,0.9044104023320058,4999992,2753988,0.55079848127757,4937364,1772892,129600.04393839836,129602.58228588104
pipeline_effect_without_rl,hpo_plain_ga,hpo_no_rl,3_DPpaulli_9_workers.fjs,7,1006,5915.707372340889,5564.990003285024,0.9407142126915105,4999992,2773368,0.5546744874791799,4991220,1297776,129601.6334092617,129602.29380655289
pipeline_effect_without_rl,hpo_plain_ga,hpo_no_rl,3_DPpaulli_9_workers.fjs,8,1007,5944.348622988999,5342.630598294458,0.8987747753610086,4999992,2863044,0.5726097161755459,4685436,460008,129600.40404701233,129600.0681488514
pipeline_effect_without_rl,hpo_plain_ga,hpo_no_rl,3_DPpaulli_9_workers.fjs,9,1008,6035.220581721229,5803.007544919678,0.961523686888123,4999992,2750760,0.5501528802446084,4987212,2621988,129600.37266111374,129600.38820290565
pipeline_effect_without_rl,hpo_plain_ga,hpo_no_rl,3_DPpaulli_9_workers.fjs,10,1009,6170.436065299318,5234.5457375258375,0.8483267117802828,4999992,2977608,0.5955225528360846,4453284,725808,129600.24627947807,129601.9117205143
pipeline_effect_without_rl,hpo_plain_ga,hpo_no_rl,4_ChambersBarnes_10_workers.fjs,1,1000,2231.7015739082485,2264.193594792244,1.0145593036559517,4999992,4999992,1.0,4608984,4299132,129600.10499477386,129601.00970482826
pipeline_effect_without_rl,hpo_plain_ga,hpo_no_rl,4_ChambersBarnes_10_workers.fjs,2,1001,2479.3634858553514,2395.2262910285613,0.9660650020431498,4999992,4999992,1.0,4996848,103356,129600.89203691483,129600.88217043877
pipeline_effect_without_rl,hpo_plain_ga,hpo_no_rl,4_ChambersBarnes_10_workers.fjs,3,1002,2227.1079100084544,2223.9476987038074,0.9985810246147279,4999992,4999992,1.0,4171752,472920,129601.15062689781,129601.70232820511
pipeline_effect_without_rl,hpo_plain_ga,hpo_no_rl,4_ChambersBarnes_10_workers.fjs,4,1003,2466.7572120007803,2366.9383972365154,0.9595343983272264,4999992,4999992,1.0,4971816,3059688,129600.59411215782,129601.53652691841
pipeline_effect_without_rl,hpo_plain_ga,hpo_no_rl,4_ChambersBarnes_10_workers.fjs,5,1004,2339.8381480279,2216.476881299184,0.947277863286104,4999992,4999992,1.0,4326096,695976,129600.47345685959,129601.37880587578
pipeline_effect_without_rl,hpo_plain_ga,hpo_no_rl,4_ChambersBarnes_10_workers.fjs,6,1005,2279.7586906623264,2289.038449122597,1.0040705003114054,4999992,4999992,1.0,3960888,2064852,129600.76333832741,129600.82997870445
pipeline_effect_without_rl,hpo_plain_ga,hpo_no_rl,4_ChambersBarnes_10_workers.fjs,7,1006,2283.5714480411384,2218.5192570684558,0.9715129600921903,4999992,4999992,1.0,4864200,2057520,129600.41574907303,129601.2759757042
pipeline_effect_without_rl,hpo_plain_ga,hpo_no_rl,4_ChambersBarnes_10_workers.fjs,8,1007,2341.64352209728,2238.3899604355584,0.9559055164941404,4999992,4999992,1.0,1750800,1177104,129600.5223441124,129601.06395792961
pipeline_effect_without_rl,hpo_plain_ga,hpo_no_rl,4_ChambersBarnes_10_workers.fjs,9,1008,2442.6149760896355,2463.0061901716927,1.008348108188013,4999992,4999992,1.0,4876320,2802660,129600.74564290047,129601.38228368759
pipeline_effect_without_rl,hpo_plain_ga,hpo_no_rl,4_ChambersBarnes_10_workers.fjs,10,1009,2337.699056416914,2161.903694157994,0.9247998317934178,4999992,4999992,1.0,4945680,1411680,129600.15390944481,129600.33429193497
pipeline_effect_without_rl,hpo_plain_ga,hpo_no_rl,5_Kacem_3_workers.fjs,1,1000,18.853875754371376,14.893994090917536,0.7899698865610844,4999992,4999992,1.0,2587596,4657944,129600.5020980835,129600.42467594147
pipeline_effect_without_rl,hpo_plain_ga,hpo_no_rl,5_Kacem_3_workers.fjs,2,1001,17.52692381474552,18.88933823122548,1.0777326603846906,4999992,4999992,1.0,4172076,4641180,129600.60183477402,129600.41030406952
pipeline_effect_without_rl,hpo_plain_ga,hpo_no_rl,5_Kacem_3_workers.fjs,3,1002,20.93423526138495,16.862099479125106,0.8054796016470085,4999992,4999992,1.0,2795628,3014292,129600.53386974335,129600.52081346512
pipeline_effect_without_rl,hpo_plain_ga,hpo_no_rl,5_Kacem_3_workers.fjs,4,1003,16.822245377961497,19.265141975559516,1.1452182240070288,4999992,4999992,1.0,3620136,742320,129600.02547264099,129600.67458343506
pipeline_effect_without_rl,hpo_plain_ga,hpo_no_rl,5_Kacem_3_workers.fjs,5,1004,16.85916263477556,14.833185970288799,0.8798293421579693,4999992,4999992,1.0,4090716,1010568,129600.53451538086,129600.10574603081
pipeline_effect_without_rl,hpo_plain_ga,hpo_no_rl,5_Kacem_3_workers.fjs,6,1005,19.15234375804228,16.858784408129377,0.8802465442930548,4999992,4999992,1.0,3545424,4225956,129600.10935521126,129600.4271683693
pipeline_effect_without_rl,hpo_plain_ga,hpo_no_rl,5_Kacem_3_workers.fjs,7,1006,17.587045547758898,15.667413653214808,0.8908496660606701,4999992,4999992,1.0,2407044,4948776,129600.78533887863,129600.7281756401
pipeline_effect_without_rl,hpo_plain_ga,hpo_no_rl,5_Kacem_3_workers.fjs,8,1007,17.133751559225125,16.891333052317638,0.9858514052763322,4999992,4999992,1.0,3869616,3343032,129600.33363890648,129600.6243057251
pipeline_effect_without_rl,hpo_plain_ga,hpo_no_rl,5_Kacem_3_workers.fjs,9,1008,16.956892778756266,17.10370464004705,1.008657945957806,4999992,4999992,1.0,4880940,4055004,129600.15962862968,129600.069596529
pipeline_effect_without_rl,hpo_plain_ga,hpo_no_rl,5_Kacem_3_workers.fjs,10,1009,16.749688689134395,15.272979404730174,0.911836613097044,4999992,4999992,1.0,4418676,4892496,129600.82852578163,129600.56055760384
pipeline_effect_without_rl,hpo_plain_ga,hpo_no_rl,5_Kacem_4_workers.fjs,1,1000,38.90798938016015,32.62000314117165,0.8383883017559666,4999992,4999992,1.0,4413432,2364660,129601.0117790699,129600.85494828224
pipeline_effect_without_rl,hpo_plain_ga,hpo_no_rl,5_Kacem_4_workers.fjs,2,1001,41.894789740014424,34.54800435228695,0.8246372536222462,4999992,4999992,1.0,2843856,2883888,129600.49293613434,129600.03968501091
pipeline_effect_without_rl,hpo_plain_ga,hpo_no_rl,5_Kacem_4_workers.fjs,3,1002,39.93417295310937,30.584111679300836,0.7658631547274722,4999992,4999992,1.0,4382424,4884036,129600.44247603416,129600.41370368004
pipeline_effect_without_rl,hpo_plain_ga,hpo_no_rl,5_Kacem_4_workers.fjs,4,1003,34.77705351710294,32.31666674160163,0.9292525810361904,4999992,4999992,1.0,4913124,4283724,129600.21326255798,129600.53338336945
pipeline_effect_without_rl,hpo_plain_ga,hpo_no_rl,5_Kacem_4_workers.fjs,5,1004,39.31578741921533,27.64752298825861,0.7032168195808808,4999992,4999992,1.0,4096776,4486632,129600.22368502617,129600.12203359604
pipeline_effect_without_rl,hpo_plain_ga,hpo_no_rl,5_Kacem_4_workers.fjs,6,1005,33.61479170122585,37.32043926843459,1.110238599725537,4999992,4999992,1.0,4896348,4747044,129600.95899152756,129600.06973552704
pipeline_effect_without_rl,hpo_plain_ga,hpo_no_rl,5_Kacem_4_workers.fjs,7,1006,48.60913356375532,32.40552390767589,0.6666550405629651,4999992,4999992,1.0,4979172,2171172,129600.7743973732,129600.2659676075
pipeline_effect_without_rl,hpo_plain_ga,hpo_no_rl,5_Kacem_4_workers.fjs,8,1007,43.45505693422833,29.979169939299528,0.6898890958692031,4999992,4999992,1.0,3969408,4904268,129600.38836336136,129600.2959291935
pipeline_effect_without_rl,hpo_plain_ga,hpo_no_rl,5_Kacem_4_workers.fjs,9,1008,40.08635679589508,32.412958948287205,0.8085783178881039,4999992,4999992,1.0,4693236,4687128,129600.4854528904,129600.23063850403
pipeline_effect_without_rl,hpo_plain_ga,hpo_no_rl,5_Kacem_4_workers.fjs,10,1009,44.10433556646256,29.631765645105688,0.671856071847005,4999992,4999992,1.0,2454840,3387864,129600.08663916588,129600.80053424835
pipeline_effect_without_rl,hpo_plain_ga,hpo_no_rl,6_Fattahi_14_workers.fjs,1,1000,1207.406452999154,1276.7222502972893,1.0574088345527368,4999992,4999992,1.0,3621408,963012,129600.0935766697,129600.2794110775
pipeline_effect_without_rl,hpo_plain_ga,hpo_no_rl,6_Fattahi_14_workers.fjs,2,1001,1216.5292460850515,1201.2763932415203,0.9874619924735745,4999992,4999992,1.0,1452312,1694244,129600.59868144989,129600.80251383781
pipeline_effect_without_rl,hpo_plain_ga,hpo_no_rl,6_Fattahi_14_workers.fjs,3,1002,1213.398729485135,1230.143385561748,1.0137997969420307,4999992,4999992,1.0,4939884,2350164,129600.46101117134,129600.58794140816
pipeline_effect_without_rl,hpo_plain_ga,hpo_no_rl,6_Fattahi_14_workers.fjs,4,1003,1253.476716627918,1213.7789759664672,0.9683298938585433,4999992,4999992,1.0,4745688,838836,129600.42668128014,129600.69088983536
pipeline_effect_without_rl,hpo_plain_ga,hpo_no_rl,6_Fattahi_14_workers.fjs,5,1004,1212.248066103682,1182.4070965476344,0.975383776315717,4999992,4999992,1.0,1185048,3987300,129600.06614589691,129600.42942166328
pipeline_effect_without_rl,hpo_plain_ga,hpo_no_rl,6_Fattahi_14_workers.fjs,6,1005,1257.2443194450384,1215.123106615531,0.9664971937609548,4999992,4999992,1.0,4441860,911052,129600.19134998322,129600.22383642197
pipeline_effect_without_rl,hpo_plain_ga,hpo_no_rl,6_Fattahi_14_workers.fjs,7,1006,1246.830437709362,1218.0202348264754,0.9768932470594671,4999992,4999992,1.0,1048284,371616,129600.11464333534,129600.64266371727
pipeline_effect_without_rl,hpo_plain_ga,hpo_no_rl,6_Fattahi_14_workers.fjs,8,1007,1221.5523657802544,1214.2193831324464,0.9939969968924549,4999992,4999992,1.0,2663124,280920,129600.77255535126,129600.651730299
pipeline_effect_without_rl,hpo_plain_ga,hpo_no_rl,6_Fattahi_14_workers.fjs,9,1008,1298.3868129857124,1177.0187264136503,0.9065239377370373,4999992,4999992,1.0,2425944,3214752,129600.32934641838,129600.23373317719
pipeline_effect_without_rl,hpo_plain_ga,hpo_no_rl,6_Fattahi_14_workers.fjs,10,1009,1333.035945745752,1233.0644444454656,0.9250046470094558,4999992,4999992,1.0,4805544,3300672,129600.20686602592,129600.34478831291
pipeline_effect_without_rl,hpo_plain_ga,hpo_no_rl,6_Fattahi_20_workers.fjs,1,1000,3116.798846020726,2900.689812109382,0.9306631436330084,4999992,4999992,1.0,4559628,4233900,129600.21713042259,129600.79532527924
pipeline_effect_without_rl,hpo_plain_ga,hpo_no_rl,6_Fattahi_20_workers.fjs,2,1001,3203.147714847257,2938.706883843348,0.9174434479627116,4999992,4999992,1.0,4431636,4729404,129600.86195445061,129600.52270960808
pipeline_effect_without_rl,hpo_plain_ga,hpo_no_rl,6_Fattahi_20_workers.fjs,3,1002,2977.8712036252236,2903.870044266489,0.9751496440582633,4999992,4999992,1.0,1751832,1894008,129600.55600905418,129600.47948360443
pipeline_effect_without_rl,hpo_plain_ga,hpo_no_rl,6_Fattahi_20_workers.fjs,4,1003,3101.493062149406,2787.290596740038,0.8986931587099478,4999992,4999992,1.0,4571748,4133424,129600.5361456871,129600.7859389782
pipeline_effect_without_rl,hpo_plain_ga,hpo_no_rl,6_Fattahi_20_workers.fjs,5,1004,2962.9316071711514,2850.264440703819,0.9619744289086373,4999992,4999992,1.0,4784016,2426448,129600.43742632866,129600.3659696579
pipeline_effect_without_rl,hpo_plain_ga,hpo_no_rl,6_Fattahi_20_workers.fjs,6,1005,2992.2324994555624,2851.3536635979076,0.9529184861526343,4999992,4999992,1.0,3319200,4960764,129600.50461626053,129600.28710103035
pipeline_effect_without_rl,hpo_plain_ga,hpo_no_rl,6_Fattahi_20_workers.fjs,7,1006,3130.42252021419,3018.625785855888,0.9642870144089518,4999992,4999992,1.0,2222136,1133136,129600.06633901596,129600.22869801521
pipeline_effect_without_rl,hpo_plain_ga,hpo_no_rl,6_Fattahi_20_workers.fjs,8,1007,3031.9815223739606,2759.405998069268,0.9100998728741351,4999992,4999992,1.0,4071960,2953356,129600.7310256958,129600.41414237022
pipeline_effect_without_rl,hpo_plain_ga,hpo_no_rl,6_Fattahi_20_workers.fjs,9,1008,2904.329904346715,2736.101217611612,0.9420765917524292,4999992,4999992,1.0,3903744,4500636,129600.04477381706,129600.1745557785
pipeline_effect_without_rl,hpo_plain_ga,hpo_no_rl,6_Fattahi_20_workers.fjs,10,1009,3298.8434745754244,2837.5625261712007,0.8601688888971634,4999992,4999992,1.0,1337976,4367868,129600.02394104004,129600.07099413872
rl_effect_without_pipeline,hpo_plain_ga,hpo_rl_only,0_BehnkeGeiger_42_workers.fjs,1,1000,197.35397567501792,198.55146305539836,1.0060677134893514,4999992,4999992,1.0,3382020,4442700,129600.42259144783,129600.88196277618
rl_effect_without_pipeline,hpo_plain_ga,hpo_rl_only,0_BehnkeGeiger_42_workers.fjs,2,1001,188.29545311390353,185.7403963622654,0.9864305977155351,4999992,4999992,1.0,2810700,3439068,129600.16192293167,129601.32325673103
rl_effect_without_pipeline,hpo_plain_ga,hpo_rl_only,0_BehnkeGeiger_42_workers.fjs,3,1002,205.23971413604815,200.27930198805612,0.9758311291317435,4999992,4999992,1.0,4723320,4935624,129600.56283402443,129601.20236039162
rl_effect_without_pipeline,hpo_plain_ga,hpo_rl_only,0_BehnkeGeiger_42_workers.fjs,4,1003,199.19460547159636,200.51885749802747,1.006648031573425,4999992,4999992,1.0,4205856,4891884,129601.0780210495,129601.07342934608
rl_effect_without_pipeline,hpo_plain_ga,hpo_rl_only,0_BehnkeGeiger_42_workers.fjs,5,1004,191.52498225633417,196.2240621816399,1.0245350756331963,4999992,4999992,1.0,3313908,4944912,129601.16373801231,129601.24086737633
rl_effect_without_pipeline,hpo_plain_ga,hpo_rl_only,0_BehnkeGeiger_42_workers.fjs,6,1005,196.53579214699232,197.84246107576712,1.0066485036364141,4999992,4999992,1.0,3061092,4926456,129600.69714283943,129600.61374402046
rl_effect_without_pipeline,hpo_plain_ga,hpo_rl_only,0_BehnkeGeiger_42_workers.fjs,7,1006,211.55572158044225,198.67156299811973,0.9390980376892173,4999992,4999992,1.0,4374060,4985628,129601.33571338654,129601.29184770584
rl_effect_without_pipeline,hpo_plain_ga,hpo_rl_only,0_BehnkeGeiger_42_workers.fjs,8,1007,196.81065612902358,197.76537653236926,1.0048509588968586,4999992,4999992,1.0,4956132,3936072,129600.76755642891,129601.40920042992
rl_effect_without_pipeline,hpo_plain_ga,hpo_rl_only,0_BehnkeGeiger_42_workers.fjs,9,1008,212.84303499522628,214.1168172954687,1.005984608799959,4999992,4999992,1.0,3751812,4897188,129600.05401587486,129600.0719511509
rl_effect_without_pipeline,hpo_plain_ga,hpo_rl_only,0_BehnkeGeiger_42_workers.fjs,10,1009,202.82440502256864,208.85050464205503,1.0297109197427,4999992,4999992,1.0,3378168,4867776,129600.63488483429,129600.21762180328
rl_effect_without_pipeline,hpo_plain_ga,hpo_rl_only,0_BehnkeGeiger_46_workers.fjs,1,1000,279.76964318418686,290.052440511359,1.0367545142144048,4999992,4999992,1.0,4907832,3700956,129601.94273138046,129600.96507048607
rl_effect_without_pipeline,hpo_plain_ga,hpo_rl_only,0_BehnkeGeiger_46_workers.fjs,2,1001,319.1004124569541,307.74358090431787,0.9644098499742045,4999992,4999992,1.0,4705356,3899604,129602.0497200489,129600.93079209328
rl_effect_without_pipeline,hpo_plain_ga,hpo_rl_only,0_BehnkeGeiger_46_workers.fjs,3,1002,306.60454804596503,317.3113212664573,1.0349204644507985,4999992,4999992,1.0,4956540,4839492,129601.28112363815,129600.38147616386
rl_effect_without_pipeline,hpo_plain_ga,hpo_rl_only,0_BehnkeGeiger_46_workers.fjs,4,1003,315.9068394890995,312.32579860997276,0.9886642502425139,4999992,4999992,1.0,4760652,4924284,129601.68943142891,129600.3209373951
rl_effect_without_pipeline,hpo_plain_ga,hpo_rl_only,0_BehnkeGeiger_46_workers.fjs,5,1004,307.1204545530435,330.2432718951783,1.0752890828316393,4999992,4999992,1.0,4745592,2863956,129600.3754889965,129601.46803951263
rl_effect_without_pipeline,hpo_plain_ga,hpo_rl_only,0_BehnkeGeiger_46_workers.fjs,6,1005,313.6592368192651,314.66465394147525,1.0032054440111688,4999992,4999992,1.0,4900248,4956336,129600.50518393517,129600.27152228355
rl_effect_without_pipeline,hpo_plain_ga,hpo_rl_only,0_BehnkeGeiger_46_workers.fjs,7,1006,325.7883080467813,302.9024782939062,0.929752452167225,4999992,4999992,1.0,4621788,4571088,129601.00459361076,129600.1497426033
rl_effect_without_pipeline,hpo_plain_ga,hpo_rl_only,0_BehnkeGeiger_46_workers.fjs,8,1007,340.49341629748227,338.86072697603277,0.9952049313046832,4999992,4999992,1.0,4819608,4515900,129602.32090044022,129601.26823449135
rl_effect_without_pipeline,hpo_plain_ga,hpo_rl_only,0_BehnkeGeiger_46_workers.fjs,9,1008,328.81076248084236,315.33434299617574,0.9590146642920431,4999992,4999992,1.0,4904196,4275168,129601.33059477806,129601.43220090866
rl_effect_without_pipeline,hpo_plain_ga,hpo_rl_only,0_BehnkeGeiger_46_workers.fjs,10,1009,315.37652276472016,314.45447788741814,0.9970763680529577,4999992,4999992,1.0,4814628,4906812,129601.66284608841,129601.9824848175
rl_effect_without_pipeline,hpo_plain_ga,hpo_rl_only,0_BehnkeGeiger_60_workers.fjs,1,1000,1891.478277809634,1853.04503105399,0.979680841590129,63972,4523892,70.71675107859689,55932,4503084,129602.17245006561,129680.44049358368
rl_effect_without_pipeline,hpo_plain_ga,hpo_rl_only,0_BehnkeGeiger_60_workers.fjs,2,1001,1594.2493973032633,1768.8034017974753,1.109489772923532,2556888,938460,0.36703211090982474,1942776,816384,129601.09897685051,129604.21947669983
rl_effect_without_pipeline,hpo_plain_ga,hpo_rl_only,0_BehnkeGeiger_60_workers.fjs,3,1002,1804.878955573364,1817.3356288581688,1.0069016668659907,76980,4464828,57.99984411535464,72876,4448040,129602.15578174591,129919.87952375412
rl_effect_without_pipeline,hpo_plain_ga,hpo_rl_only,0_BehnkeGeiger_60_workers.fjs,4,1003,1740.4867110758346,1822.9182891970886,1.0473612223504432,83760,63312,0.7558739255014326,72312,57360,129601.63150930405,129603.11041212082
rl_effect_without_pipeline,hpo_plain_ga,hpo_rl_only,0_BehnkeGeiger_60_workers.fjs,5,1004,1837.3886122253848,1827.2567718525506,0.9944857389964104,4814088,70224,0.014587186607307552,4596660,66180,130107.5514087677,129600.01909136772
rl_effect_without_pipeline,hpo_plain_ga,hpo_rl_only,0_BehnkeGeiger_60_workers.fjs,6,1005,1955.8607475255383,1955.9246211177513,1.0000326575357135,4779816,40764,0.00852836176120587,4581408,28440,129700.76211380959,129603.71281480789
rl_effect_without_pipeline,hpo_plain_ga,hpo_rl_only,0_BehnkeGeiger_60_workers.fjs,7,1006,1925.742257249723,1737.815403824048,0.9024132888406025,58104,494460,8.509913258983891,44268,431772,129603.90269804001,129601.71758627892
rl_effect_without_pipeline,hpo_plain_ga,hpo_rl_only,0_BehnkeGeiger_60_workers.fjs,8,1007,1878.5860445921637,2078.945145154858,1.1066542047086225,4844664,4561512,0.9415538415047978,4825848,3769596,129648.80515956879,129905.28026819229
rl_effect_without_pipeline,hpo_plain_ga,hpo_rl_only,0_BehnkeGeiger_60_workers.fjs,9,1008,1808.4975629681776,1949.789383337013,1.0781266302272157,65040,4553832,70.01586715867158,44520,3947880,129601.21967434883,129652.93867182732
rl_effect_without_pipeline,hpo_plain_ga,hpo_rl_only,0_BehnkeGeiger_60_workers.fjs,10,1009,1811.296725704636,1493.9676290347597,0.8248055704145173,82656,4270476,51.665650406504064,67248,4090584,129602.99671077728,129632.52840471268
rl_effect_without_pipeline,hpo_plain_ga,hpo_rl_only,1_Brandimarte_12_workers.fjs,1,1000,1154.5893417425773,1241.8825127682205,1.0756053844165017,4999992,4999992,1.0,4628988,3978900,129600.04601502419,129600.46419715881
rl_effect_without_pipeline,hpo_plain_ga,hpo_rl_only,1_Brandimarte_12_workers.fjs,2,1001,1239.2047644859622,1201.5729207178867,0.9696322634914291,4999992,4999992,1.0,4959300,4744320,129600.97632145882,129601.02505087852
rl_effect_without_pipeline,hpo_plain_ga,hpo_rl_only,1_Brandimarte_12_workers.fjs,3,1002,1297.3964090609954,1223.1960621937822,0.9428082686609897,4999992,4999992,1.0,4821420,4702428,129600.52553963661,129600.63757109642
rl_effect_without_pipeline,hpo_plain_ga,hpo_rl_only,1_Brandimarte_12_workers.fjs,4,1003,1183.3936228861571,1149.141999703648,0.9710564409676524,4999992,4999992,1.0,4981956,4968816,129600.8831012249,129600.67670059204
rl_effect_without_pipeline,hpo_plain_ga,hpo_rl_only,1_Brandimarte_12_workers.fjs,5,1004,1088.4369141981545,1143.9407697377596,1.0509940951244698,4999992,4999992,1.0,3909768,4966092,129600.79384660721,129600.57504153252
rl_effect_without_pipeline,hpo_plain_ga,hpo_rl_only,1_Brandimarte_12_workers.fjs,6,1005,1129.650060926427,1163.5887596367045,1.0300435505509065,4999992,4999992,1.0,4917600,4925340,129600.13910245895,129600.33466911316
rl_effect_without_pipeline,hpo_plain_ga,hpo_rl_only,1_Brandimarte_12_workers.fjs,7,1006,1223.7781225176134,1232.333852626653,1.00699124289903,4999992,4999992,1.0,4671876,3427788,129601.37622237206,129601.54219079018
rl_effect_without_pipeline,hpo_plain_ga,hpo_rl_only,1_Brandimarte_12_workers.fjs,8,1007,1171.4423171947456,1181.7767058654338,1.00882193559085,4999992,4999992,1.0,4937400,4982448,129600.10656309128,129601.28056192398
rl_effect_without_pipeline,hpo_plain_ga,hpo_rl_only,1_Brandimarte_12_workers.fjs,9,1008,1246.6739137584868,1326.410534795405,1.0639594846390323,4999992,4999992,1.0,4983504,3965172,129600.52317500114,129601.29849910736
rl_effect_without_pipeline,hpo_plain_ga,hpo_rl_only,1_Brandimarte_12_workers.fjs,10,1009,1244.1227586178836,1192.0712875804063,0.9581621100675771,4999992,4999992,1.0,4861260,4353924,129601.37467503548,129600.43430256844
rl_effect_without_pipeline,hpo_plain_ga,hpo_rl_only,1_Brandimarte_14_workers.fjs,1,1000,1581.7112301260595,1441.290500413002,0.9112222717784799,4999992,4999992,1.0,4712316,4769760,129601.87262153625,129600.04775381088
rl_effect_without_pipeline,hpo_plain_ga,hpo_rl_only,1_Brandimarte_14_workers.fjs,2,1001,1553.3753190331165,1412.9738738928547,0.9096152466052742,4999992,4999992,1.0,4846716,4829220,129601.04802775383,129600.46266269684
rl_effect_without_pipeline,hpo_plain_ga,hpo_rl_only,1_Brandimarte_14_workers.fjs,3,1002,1476.2495244222139,1595.6736154708967,1.08089695479863,4999992,4999992,1.0,4865640,4866624,129601.80801224709,129600.86043000221
rl_effect_without_pipeline,hpo_plain_ga,hpo_rl_only,1_Brandimarte_14_workers.fjs,4,1003,1517.8957498836787,1634.388459468765,1.0767461860236538,4999992,4999992,1.0,4658268,4999884,129601.26086831093,129600.12657117844
rl_effect_without_pipeline,hpo_plain_ga,hpo_rl_only,1_Brandimarte_14_workers.fjs,5,1004,1503.8430900541555,1585.3364818411035,1.0541900895950609,4999992,4999992,1.0,4979748,3742716,129601.14789795876,129601.3310046196
rl_effect_without_pipeline,hpo_plain_ga,hpo_rl_only,1_Brandimarte_14_workers.fjs,6,1005,1610.4134022062167,1469.0702030758698,0.912231729482187,4999992,4999992,1.0,4997088,4176828,129601.74754881859,129600.13014674187
rl_effect_without_pipeline,hpo_plain_ga,hpo_rl_only,1_Brandimarte_14_workers.fjs,7,1006,1545.7752077110558,1673.9406827249009,1.0829133979989427,4999992,4999992,1.0,4956468,4493868,129600.08866500854,129600.86464953423
rl_effect_without_pipeline,hpo_plain_ga,hpo_rl_only,1_Brandimarte_14_workers.fjs,8,1007,1485.9768468909335,1532.0511474426173,1.0310060689357872,4999992,4999992,1.0,4059324,4540668,129601.81755638123,129601.68771505356
rl_effect_without_pipeline,hpo_plain_ga,hpo_rl_only,1_Brandimarte_14_workers.fjs,9,1008,1485.9451793052347,1628.6847146354091,1.0960597586762342,4999992,4999992,1.0,4996800,4674852,129602.00672864914,129601.58436155319
rl_effect_without_pipeline,hpo_plain_ga,hpo_rl_only,1_Brandimarte_14_workers.fjs,10,1009,1542.7001610256589,1475.1031245590586,0.9561826476885447,4999992,4999992,1.0,4753488,4785708,129602.12660360336,129600.70221805573
rl_effect_without_pipeline,hpo_plain_ga,hpo_rl_only,1_Brandimarte_7_workers.fjs,1,1000,411.9014194970467,400.45775361023794,0.9722174643127425,4999992,4999992,1.0,4864344,3512460,129600.28299760818,129600.95344257355
rl_effect_without_pipeline,hpo_plain_ga,hpo_rl_only,1_Brandimarte_7_workers.fjs,2,1001,421.47284307381466,438.3526691913466,1.0400496174188278,4999992,4999992,1.0,2252868,4931964,129600.1839799881,129600.98065161705
rl_effect_without_pipeline,hpo_plain_ga,hpo_rl_only,1_Brandimarte_7_workers.fjs,3,1002,448.5593305374162,395.33859112293806,0.8813518395644235,4999992,4999992,1.0,2588400,4725420,129600.93494939804,129600.71527028084
rl_effect_without_pipeline,hpo_plain_ga,hpo_rl_only,1_Brandimarte_7_workers.fjs,4,1003,417.3916128868949,442.9239688524116,1.0611712242824474,4999992,4999992,1.0,3724644,4931892,129600.5431509018,129600.13852238655
rl_effect_without_pipeline,hpo_plain_ga,hpo_rl_only,1_Brandimarte_7_workers.fjs,5,1004,452.7741990063794,455.4019672178478,1.005803705726243,4999992,4999992,1.0,3990696,4681704,129600.11080646515,129600.0901863575
rl_effect_without_pipeline,hpo_plain_ga,hpo_rl_only,1_Brandimarte_7_workers.fjs,6,1005,391.77595685942214,379.35732391502586,0.9683016971129437,4999992,4999992,1.0,3450096,4781196,129600.50080132484,129600.40055465698
rl_effect_without_pipeline,hpo_plain_ga,hpo_rl_only,1_Brandimarte_7_workers.fjs,7,1006,405.56994973169645,424.27006851070325,1.04610824542444,4999992,4999992,1.0,4169940,2871348,129600.09361553192,129600.98429727554
rl_effect_without_pipeline,hpo_plain_ga,hpo_rl_only,1_Brandimarte_7_workers.fjs,8,1007,357.99835358352846,371.434945518582,1.0375325523163852,4999992,4999992,1.0,4518108,4999236,129600.26203560829,129600.57258486748
rl_effect_without_pipeline,hpo_plain_ga,hpo_rl_only,1_Brandimarte_7_workers.fjs,9,1008,396.6348627610052,387.3323527965511,0.9765464137476504,4999992,4999992,1.0,4995672,4891344,129600.65951156616,129600.8418045044
rl_effect_without_pipeline,hpo_plain_ga,hpo_rl_only,1_Brandimarte_7_workers.fjs,10,1009,425.4859357502078,435.36035113700825,1.0232073837397002,4999992,4999992,1.0,4600188,3488016,129600.74914336205,129600.88447356224
rl_effect_without_pipeline,hpo_plain_ga,hpo_rl_only,2a_Hurink_sdata_18_workers.fjs,1,1000,2989.309490219051,3038.6465792665654,1.0165045102251689,4999992,4999992,1.0,3501528,4726524,129600.47583198547,129600.76635932922
rl_effect_without_pipeline,hpo_plain_ga,hpo_rl_only,2a_Hurink_sdata_18_workers.fjs,2,1001,2807.8097670354828,2870.802907826065,1.0224349745948391,4999992,4999992,1.0,3441588,4291992,129600.6409816742,129600.07710504532
rl_effect_without_pipeline,hpo_plain_ga,hpo_rl_only,2a_Hurink_sdata_18_workers.fjs,3,1002,2836.7759957834264,2833.6040353366448,0.9988818431728496,4999992,4999992,1.0,4485972,4959192,129600.62063503265,129600.58003950119
rl_effect_without_pipeline,hpo_plain_ga,hpo_rl_only,2a_Hurink_sdata_18_workers.fjs,4,1003,2838.1300425536756,3008.9422577523073,1.0601847740017365,4999992,4999992,1.0,4408944,3640104,129600.62259626389,129600.93815803528
rl_effect_without_pipeline,hpo_plain_ga,hpo_rl_only,2a_Hurink_sdata_18_workers.fjs,5,1004,2762.3917744062887,2732.7621825746214,0.9892739356863907,4999992,4999992,1.0,4958016,4822296,129600.43922710419,129600.6479063034
rl_effect_without_pipeline,hpo_plain_ga,hpo_rl_only,2a_Hurink_sdata_18_workers.fjs,6,1005,2843.89498525806,2851.349035082198,1.0026210707015477,4999992,4999992,1.0,2047740,4671576,129600.1804227829,129600.96817827225
rl_effect_without_pipeline,hpo_plain_ga,hpo_rl_only,2a_Hurink_sdata_18_workers.fjs,7,1006,2986.745289654035,2952.393646480574,0.9884986365283797,4999992,4999992,1.0,4315128,4860384,129600.33399963379,129600.50514817238
rl_effect_without_pipeline,hpo_plain_ga,hpo_rl_only,2a_Hurink_sdata_18_workers.fjs,8,1007,2831.2835420526653,2808.9477472085455,0.9921110709992944,4999992,4999992,1.0,4055016,4726848,129600.32529091835,129600.20330929756
rl_effect_without_pipeline,hpo_plain_ga,hpo_rl_only,2a_Hurink_sdata_18_workers.fjs,9,1008,2764.535575351187,2904.169357881442,1.0505089476059706,4999992,4999992,1.0,4647048,4807128,129600.07880210876,129600.71897530556
rl_effect_without_pipeline,hpo_plain_ga,hpo_rl_only,2a_Hurink_sdata_18_workers.fjs,10,1009,2867.001232494927,2791.2473341723576,0.9735773052819211,4999992,4999992,1.0,2586552,4886028,129600.62152838707,129600.30082893372
rl_effect_without_pipeline,hpo_plain_ga,hpo_rl_only,2a_Hurink_sdata_1_workers.fjs,1,1000,112.97014230823892,112.7517612235895,0.9980669132552425,4999992,4999992,1.0,3951468,2601576,129600.31006836891,129600.13645243645
rl_effect_without_pipeline,hpo_plain_ga,hpo_rl_only,2a_Hurink_sdata_1_workers.fjs,2,1001,120.58496858419413,120.03864618154294,0.995469398805957,4999992,4999992,1.0,1892976,2750484,129600.10041046143,129600.51724529266
rl_effect_without_pipeline,hpo_plain_ga,hpo_rl_only,2a_Hurink_sdata_1_workers.fjs,3,1002,119.60679875995255,119.36862522740816,0.9980086957011332,4999992,4999992,1.0,1776192,4598856,129600.41736674309,129600.48936009407
rl_effect_without_pipeline,hpo_plain_ga,hpo_rl_only,2a_Hurink_sdata_1_workers.fjs,4,1003,114.14000790201935,113.73345565881881,0.9964381267298533,4999992,4999992,1.0,2096928,4466808,129600.08581113815,129600.09290385246
rl_effect_without_pipeline,hpo_plain_ga,hpo_rl_only,2a_Hurink_sdata_1_workers.fjs,5,1004,113.27327202926625,113.83688631710886,1.004975704133425,4999992,4999992,1.0,2096724,4200648,129600.00350856781,129600.1356921196
rl_effect_without_pipeline,hpo_plain_ga,hpo_rl_only,2a_Hurink_sdata_1_workers.fjs,6,1005,119.63461995679533,120.07024599997868,1.00364130419222,4999992,4999992,1.0,2529852,1676088,129600.08423948288,129600.74702382088
rl_effect_without_pipeline,hpo_plain_ga,hpo_rl_only,2a_Hurink_sdata_1_workers.fjs,7,1006,120.6939867339963,119.48142467042614,0.9899534177602187,4999992,4999992,1.0,2219580,4261152,129600.0273578167,129600.49680542946
rl_effect_without_pipeline,hpo_plain_ga,hpo_rl_only,2a_Hurink_sdata_1_workers.fjs,8,1007,119.05955352071204,119.41805617844354,1.0030111204614012,4999992,4999992,1.0,3927984,4981644,129600.49047470093,129600.48542380333
rl_effect_without_pipeline,hpo_plain_ga,hpo_rl_only,2a_Hurink_sdata_1_workers.fjs,9,1008,113.36637316457666,113.43331070430366,1.0005904532169325,4999992,4999992,1.0,2675412,3136152,129600.74096083641,129600.05569195747
rl_effect_without_pipeline,hpo_plain_ga,hpo_rl_only,2a_Hurink_sdata_1_workers.fjs,10,1009,119.1155867777763,119.20724161900647,1.0007694613585807,4999992,4999992,1.0,3571380,2804784,129600.62290811539,129600.43143057823
rl_effect_without_pipeline,hpo_plain_ga,hpo_rl_only,2a_Hurink_sdata_38_workers.fjs,1,1000,5332.808618802409,5065.9740079308485,0.9499635876804663,4999992,4999992,1.0,4933044,4314024,129602.58568620682,129600.47688817978
rl_effect_without_pipeline,hpo_plain_ga,hpo_rl_only,2a_Hurink_sdata_38_workers.fjs,2,1001,5282.811857209003,5535.359506599529,1.047805535426346,4999992,4999992,1.0,4656408,4410552,129601.8278889656,129601.6802971363
rl_effect_without_pipeline,hpo_plain_ga,hpo_rl_only,2a_Hurink_sdata_38_workers.fjs,3,1002,5441.028689369343,5522.974123440272,1.0150606509815017,4999992,4999992,1.0,4576188,4895712,129601.21349024773,129602.08708453178
rl_effect_without_pipeline,hpo_plain_ga,hpo_rl_only,2a_Hurink_sdata_38_workers.fjs,4,1003,5218.029837288197,5401.8834969745,1.0352343059390883,4999992,4999992,1.0,4323012,3542820,129601.58556771278,129601.67128229141
rl_effect_without_pipeline,hpo_plain_ga,hpo_rl_only,2a_Hurink_sdata_38_workers.fjs,5,1004,5390.131635383959,5333.34490373532,0.9894646855605793,4999992,4999992,1.0,4709868,3844896,129602.10033679008,129600.51485610008
rl_effect_without_pipeline,hpo_plain_ga,hpo_rl_only,2a_Hurink_sdata_38_workers.fjs,6,1005,5127.074982042762,5455.338866408823,1.0640255673099739,4999992,4999992,1.0,4973448,4897584,129601.45331931114,129602.09423208237
rl_effect_without_pipeline,hpo_plain_ga,hpo_rl_only,2a_Hurink_sdata_38_workers.fjs,7,1006,5427.372153344056,5270.576121716407,0.9711101381667665,4999992,4999992,1.0,3017940,4844220,129600.83428502083,129602.48774719238
rl_effect_without_pipeline,hpo_plain_ga,hpo_rl_only,2a_Hurink_sdata_38_workers.fjs,8,1007,5401.300706400823,5357.684803227464,0.9919249259494713,4999992,4999992,1.0,4859640,4180488,129600.74981331825,129602.2978067398
rl_effect_without_pipeline,hpo_plain_ga,hpo_rl_only,2a_Hurink_sdata_38_workers.fjs,9,1008,5374.355449981222,5549.849292525664,1.0326539329558218,4999992,4999992,1.0,4962804,3727848,129600.04798316956,129600.8239159584
rl_effect_without_pipeline,hpo_plain_ga,hpo_rl_only,2a_Hurink_sdata_38_workers.fjs,10,1009,5805.342188694372,5254.5286982325515,0.9051195480716875,4999992,4999992,1.0,4072584,4840560,129602.39142036438,129601.48838114738
rl_effect_without_pipeline,hpo_plain_ga,hpo_rl_only,2a_Hurink_sdata_40_workers.fjs,1,1000,3659.9083006921946,3818.826643656152,1.043421400184781,4999992,4999992,1.0,4968828,3314160,129601.1864836216,129601.47402477264
rl_effect_without_pipeline,hpo_plain_ga,hpo_rl_only,2a_Hurink_sdata_40_workers.fjs,2,1001,3581.7907356548963,3535.107249864592,0.9869664396287606,4999992,4999992,1.0,3688224,4717500,129601.47646474838,129601.81177544594
rl_effect_without_pipeline,hpo_plain_ga,hpo_rl_only,2a_Hurink_sdata_40_workers.fjs,3,1002,3907.654831445134,3921.643798892284,1.0035798882067526,4999992,4999992,1.0,4151052,4917672,129600.71676135063,129601.48601531982
rl_effect_without_pipeline,hpo_plain_ga,hpo_rl_only,2a_Hurink_sdata_40_workers.fjs,4,1003,3727.9684682015477,3764.096728440543,1.0096911388996872,4999992,4999992,1.0,4874436,2673336,129601.83453392982,129601.37170243263
rl_effect_without_pipeline,hpo_plain_ga,hpo_rl_only,2a_Hurink_sdata_40_workers.fjs,5,1004,3777.8859009946427,3874.6840850106432,1.0256223153776336,4999992,4999992,1.0,2956380,4972644,129600.48827409744,129600.12663459778
rl_effect_without_pipeline,hpo_plain_ga,hpo_rl_only,2a_Hurink_sdata_40_workers.fjs,6,1005,3467.316296111258,3818.528448121911,1.1012922162320617,4999992,4999992,1.0,4955820,4543296,129601.12885713577,129600.70184326172
rl_effect_without_pipeline,hpo_plain_ga,hpo_rl_only,2a_Hurink_sdata_40_workers.fjs,7,1006,3777.7747217029073,3924.9549469334806,1.0389595029012817,4999992,4999992,1.0,3085392,3245136,129600.33298897743,129601.62968921661
rl_effect_without_pipeline,hpo_plain_ga,hpo_rl_only,2a_Hurink_sdata_40_workers.fjs,8,1007,3670.1044506280914,3608.411845849577,0.9831905043552761,4999992,4999992,1.0,4953900,4835496,129600.85582923889,129601.91100287437
rl_effect_without_pipeline,hpo_plain_ga,hpo_rl_only,2a_Hurink_sdata_40_workers.fjs,9,1008,3491.2705285261354,3483.115202148584,0.9976640806517523,4999992,4999992,1.0,4691484,4058028,129601.25323033333,129600.81250405312
rl_effect_without_pipeline,hpo_plain_ga,hpo_rl_only,2a_Hurink_sdata_40_workers.fjs,10,1009,3781.3255843362954,3641.9951084851964,0.9631530073928943,4999992,4999992,1.0,4951872,4998156,129600.99669456482,129600.98215770721
rl_effect_without_pipeline,hpo_plain_ga,hpo_rl_only,2a_Hurink_sdata_54_workers.fjs,1,1000,18286.76388371041,18227.306498278296,0.9967486108635614,4999992,4999992,1.0,908988,2621172,129600.81358242035,129600.82144188881
rl_effect_without_pipeline,hpo_plain_ga,hpo_rl_only,2a_Hurink_sdata_54_workers.fjs,2,1001,17509.949268819444,17380.376774668348,0.9926000645597626,4999992,4999992,1.0,4219140,4259208,129600.61559677124,129600.2233262062
rl_effect_without_pipeline,hpo_plain_ga,hpo_rl_only,2a_Hurink_sdata_54_workers.fjs,3,1002,18690.11815112606,18790.705349691732,1.005381838560481,4999992,4999992,1.0,4711716,4492308,129601.11642599106,129600.50045061111
rl_effect_without_pipeline,hpo_plain_ga,hpo_rl_only,2a_Hurink_sdata_54_workers.fjs,4,1003,20165.98493904199,18810.58198900727,0.9327876642707088,4999992,4999992,1.0,4125636,4061952,129600.04232883453,129601.02086758614
rl_effect_without_pipeline,hpo_plain_ga,hpo_rl_only,2a_Hurink_sdata_54_workers.fjs,5,1004,18872.374183986096,18801.9837263842,0.9962701853558188,4999992,4999992,1.0,2933616,4944744,129600.71877264977,129601.02054333687
rl_effect_without_pipeline,hpo_plain_ga,hpo_rl_only,2a_Hurink_sdata_54_workers.fjs,6,1005,19621.253669850783,19549.606125923707,0.9963484726749562,4999992,4999992,1.0,2809260,3094956,129600.41513156891,129600.50568532944
rl_effect_without_pipeline,hpo_plain_ga,hpo_rl_only,2a_Hurink_sdata_54_workers.fjs,7,1006,19662.394705398474,19405.69728123997,0.9869447527625906,4999992,4999992,1.0,1866060,4631580,129600.73934555054,129600.80347299576
rl_effect_without_pipeline,hpo_plain_ga,hpo_rl_only,2a_Hurink_sdata_54_workers.fjs,8,1007,20182.222682324973,20381.186819786843,1.0098583857979189,4999992,4999992,1.0,2087532,3430284,129600.84389638901,129600.30896186829
rl_effect_without_pipeline,hpo_plain_ga,hpo_rl_only,2a_Hurink_sdata_54_workers.fjs,9,1008,19616.4741300969,19482.316099573407,0.9931609508602945,4999992,4999992,1.0,4053036,3036456,129600.6910738945,129600.59233474731
rl_effect_without_pipeline,hpo_plain_ga,hpo_rl_only,2a_Hurink_sdata_54_workers.fjs,10,1009,20458.167276202712,20561.874161536474,1.0050692168039117,4999992,4999992,1.0,3266556,3134832,129600.71787643433,129601.14942669868
rl_effect_without_pipeline,hpo_plain_ga,hpo_rl_only,2a_Hurink_sdata_61_workers.fjs,1,1000,2185.089089490535,2202.618293544358,1.008022191927154,4999992,4999992,1.0,3728388,4628832,129600.60643577576,129600.94628596306
rl_effect_without_pipeline,hpo_plain_ga,hpo_rl_only,2a_Hurink_sdata_61_workers.fjs,2,1001,2110.9019571998665,2125.471942053375,1.0069022555992302,4999992,4999992,1.0,3334260,3609072,129600.29622244835,129600.40096950531
rl_effect_without_pipeline,hpo_plain_ga,hpo_rl_only,2a_Hurink_sdata_61_workers.fjs,3,1002,2078.721347211951,2088.060975673988,1.0044929679846526,4999992,4999992,1.0,3499728,4036440,129601.19944858551,129600.56723189354
rl_effect_without_pipeline,hpo_plain_ga,hpo_rl_only,2a_Hurink_sdata_61_workers.fjs,4,1003,2123.7204424500915,2088.932926726077,0.9836195409580929,4999992,4999992,1.0,4395240,4961604,129600.1829931736,129600.55575728416
rl_effect_without_pipeline,hpo_plain_ga,hpo_rl_only,2a_Hurink_sdata_61_workers.fjs,5,1004,2045.9815561902353,2113.296983112913,1.0329012872667453,4999992,4999992,1.0,4583376,3706344,129600.24719619751,129600.56405830383
rl_effect_without_pipeline,hpo_plain_ga,hpo_rl_only,2a_Hurink_sdata_61_workers.fjs,6,1005,2009.9530301590369,2109.105240936697,1.0493306108600033,4999992,4999992,1.0,4713816,2746020,129601.31844258308,129600.96490812302
rl_effect_without_pipeline,hpo_plain_ga,hpo_rl_only,2a_Hurink_sdata_61_workers.fjs,7,1006,2021.9252145573835,2050.841320777472,1.0143012738611197,4999992,4999992,1.0,4659384,1858980,129601.03151082993,129600.03816223145
rl_effect_without_pipeline,hpo_plain_ga,hpo_rl_only,2a_Hurink_sdata_61_workers.fjs,8,1007,2252.19602136106,2250.33116198897,0.9991719817660618,4999992,4999992,1.0,4789272,3037824,129600.4984061718,129601.27841424942
rl_effect_without_pipeline,hpo_plain_ga,hpo_rl_only,2a_Hurink_sdata_61_workers.fjs,9,1008,1970.882677645063,1996.2904062581606,1.0128915479857261,4999992,4999992,1.0,4106352,4427076,129600.70487093925,129601.09027290344
rl_effect_without_pipeline,hpo_plain_ga,hpo_rl_only,2a_Hurink_sdata_61_workers.fjs,10,1009,2101.3473189461665,2111.911094430276,1.00502714396086,4999992,4999992,1.0,4494672,4078224,129601.05695939064,129600.20192217827
rl_effect_without_pipeline,hpo_plain_ga,hpo_rl_only,2a_Hurink_sdata_63_workers.fjs,1,1000,958.8367411482282,951.1381997019853,0.9919709569774895,4999992,4999992,1.0,4577232,3108000,129601.11831521988,129600.77777504921
rl_effect_without_pipeline,hpo_plain_ga,hpo_rl_only,2a_Hurink_sdata_63_workers.fjs,2,1001,924.7923890881435,907.8186359150533,0.9816458770926666,4999992,4999992,1.0,2746872,2319708,129600.55888533592,129600.25464892387
rl_effect_without_pipeline,hpo_plain_ga,hpo_rl_only,2a_Hurink_sdata_63_workers.fjs,3,1002,911.7506987636567,877.9323634732225,0.9629083527588274,4999992,4999992,1.0,4531020,4736436,129600.77489900589,129600.01589822769
rl_effect_without_pipeline,hpo_plain_ga,hpo_rl_only,2a_Hurink_sdata_63_workers.fjs,4,1003,896.845834401321,888.8934575018324,0.9911329499514293,4999992,4999992,1.0,2077212,4500732,129600.61543107033,129601.20210146904
rl_effect_without_pipeline,hpo_plain_ga,hpo_rl_only,2a_Hurink_sdata_63_workers.fjs,5,1004,882.548993700906,897.380624687815,1.0168054477346506,4999992,4999992,1.0,3701196,3443652,129600.83516001701,129600.24183177948
rl_effect_without_pipeline,hpo_plain_ga,hpo_rl_only,2a_Hurink_sdata_63_workers.fjs,6,1005,917.8678361435656,925.4167083923664,1.008224356439504,4999992,4999992,1.0,3268164,4818396,129600.37211346626,129600.75309801102
rl_effect_without_pipeline,hpo_plain_ga,hpo_rl_only,2a_Hurink_sdata_63_workers.fjs,7,1006,910.5704530587199,897.3858893686871,0.9855205452299225,4999992,4999992,1.0,3263088,3569100,129600.71179819107,129600.69688224792
rl_effect_without_pipeline,hpo_plain_ga,hpo_rl_only,2a_Hurink_sdata_63_workers.fjs,8,1007,918.5952638426766,899.6794617018063,0.979407903692273,4999992,4999992,1.0,1770492,1309620,129600.9678349495,129601.31861233711
rl_effect_without_pipeline,hpo_plain_ga,hpo_rl_only,2a_Hurink_sdata_63_workers.fjs,9,1008,863.9676460686686,887.2078328459263,1.026899371617685,4999992,4999992,1.0,3635172,4867176,129601.33277702332,129600.62513685226
rl_effect_without_pipeline,hpo_plain_ga,hpo_rl_only,2a_Hurink_sdata_63_workers.fjs,10,1009,872.4441696936525,903.1308739367514,1.0351732584262374,4999992,4999992,1.0,4799772,4914012,129600.56726431847,129600.70194578171
rl_effect_without_pipeline,hpo_plain_ga,hpo_rl_only,2b_Hurink_edata_1_workers.fjs,1,1000,107.80667189628281,107.39342833146043,0.9961668089965717,4999992,4999992,1.0,3513336,4099476,129600.34606647491,129600.32682847977
rl_effect_without_pipeline,hpo_plain_ga,hpo_rl_only,2b_Hurink_edata_1_workers.fjs,2,1001,106.94356808901725,107.41412989227813,1.004400094476642,4999992,4999992,1.0,4608312,4792092,129600.82195568085,129600.3935470581
rl_effect_without_pipeline,hpo_plain_ga,hpo_rl_only,2b_Hurink_edata_1_workers.fjs,3,1002,109.4267527714723,109.87891594324996,1.0041321081026864,4999992,4999992,1.0,2694324,4084788,129600.63616681099,129600.15315079689
rl_effect_without_pipeline,hpo_plain_ga,hpo_rl_only,2b_Hurink_edata_1_workers.fjs,4,1003,107.6752699159837,109.36656501070256,1.0157073680524649,4999992,4999992,1.0,2201184,2071896,129600.41830396652,129600.22818827629
rl_effect_without_pipeline,hpo_plain_ga,hpo_rl_only,2b_Hurink_edata_1_workers.fjs,5,1004,108.33397526582938,107.60894210845849,0.9933074258967068,4999992,4999992,1.0,4615656,4974240,129600.6925213337,129600.52001976967
rl_effect_without_pipeline,hpo_plain_ga,hpo_rl_only,2b_Hurink_edata_1_workers.fjs,6,1005,107.1813997016854,106.97200358204817,0.9980463390082606,4999992,4999992,1.0,1429992,3236820,129600.08750081062,129600.44088315964
rl_effect_without_pipeline,hpo_plain_ga,hpo_rl_only,2b_Hurink_edata_1_workers.fjs,7,1006,109.73389312279215,109.3372144428114,0.9963850851483336,4999992,4999992,1.0,4907772,2602620,129600.422778368,129600.22158193588
rl_effect_without_pipeline,hpo_plain_ga,hpo_rl_only,2b_Hurink_edata_1_workers.fjs,8,1007,113.53378414746928,113.3446894150548,0.9983344628752191,4999992,4999992,1.0,4974420,4353120,129600.36043691635,129600.07010412216
rl_effect_without_pipeline,hpo_plain_ga,hpo_rl_only,2b_Hurink_edata_1_workers.fjs,9,1008,113.49303065882084,113.67835623097798,1.0016329246922153,4999992,4999992,1.0,3124092,2554884,129600.64437818527,129600.00309205055
rl_effect_without_pipeline,hpo_plain_ga,hpo_rl_only,2b_Hurink_edata_1_workers.fjs,10,1009,108.84580993600588,109.80317701741374,1.0087956264184237,4999992,4999992,1.0,4253376,1845588,129600.5403702259,129600.18399095535
rl_effect_without_pipeline,hpo_plain_ga,hpo_rl_only,2b_Hurink_edata_6_workers.fjs,1,1000,1262.3610854336098,1256.7603743987424,0.9955633050642213,4999992,4999992,1.0,4557564,4633548,129600.08512067795,129600.30147504807
rl_effect_without_pipeline,hpo_plain_ga,hpo_rl_only,2b_Hurink_edata_6_workers.fjs,2,1001,1256.1653273218449,1249.1344401589304,0.9944028966490387,4999992,4999992,1.0,4699320,4770504,129600.76433992386,129600.6428744793
rl_effect_without_pipeline,hpo_plain_ga,hpo_rl_only,2b_Hurink_edata_6_workers.fjs,3,1002,1348.6626164974423,1366.4931815373075,1.0132209233219294,4999992,4999992,1.0,2315820,546936,129600.80901741982,129600.0963730812
rl_effect_without_pipeline,hpo_plain_ga,hpo_rl_only,2b_Hurink_edata_6_workers.fjs,4,1003,1221.8168176169818,1216.0915546700733,0.9953141396776032,4999992,4999992,1.0,2228376,4991100,129600.34685587883,129600.03475308418
rl_effect_without_pipeline,hpo_plain_ga,hpo_rl_only,2b_Hurink_edata_6_workers.fjs,5,1004,1254.701982561864,1242.1288378595564,0.9899791784208106,4999992,4999992,1.0,4847184,3472548,129600.64660525322,129600.16996216774
rl_effect_without_pipeline,hpo_plain_ga,hpo_rl_only,2b_Hurink_edata_6_workers.fjs,6,1005,1269.865699754693,1270.1579361692156,1.0002301317490339,4999992,4999992,1.0,2401992,3623964,129600.83617711067,129600.1078414917
rl_effect_without_pipeline,hpo_plain_ga,hpo_rl_only,2b_Hurink_edata_6_workers.fjs,7,1006,1351.607109255668,1325.013899392346,0.9803247484559571,4999992,4999992,1.0,2467080,4031808,129600.75192713737,129600.25099658966
rl_effect_without_pipeline,hpo_plain_ga,hpo_rl_only,2b_Hurink_edata_6_workers.fjs,8,1007,1360.0208539209007,1376.5195360800992,1.0121311979236445,4999992,4999992,1.0,2925984,3888756,129600.103890419,129600.12648272514
rl_effect_without_pipeline,hpo_plain_ga,hpo_rl_only,2b_Hurink_edata_6_workers.fjs,9,1008,1274.6492344313606,1252.6174708896763,0.9827154302952114,4999992,4999992,1.0,3898008,2785068,129600.42564249039,129600.49740171432
rl_effect_without_pipeline,hpo_plain_ga,hpo_rl_only,2b_Hurink_edata_6_workers.fjs,10,1009,1274.5992875767934,1294.2259632776706,1.0153983105844901,4999992,4999992,1.0,4101876,3789540,129600.82530903816,129600.61852383614
rl_effect_without_pipeline,hpo_plain_ga,hpo_rl_only,2c_Hurink_rdata_28_workers.fjs,1,1000,2330.351390335103,2368.2317725141,1.0162552232835367,4999992,4999992,1.0,3066504,4157184,129600.38318490982,129600.22796416283
rl_effect_without_pipeline,hpo_plain_ga,hpo_rl_only,2c_Hurink_rdata_28_workers.fjs,2,1001,2308.7866348074326,2142.046235053552,0.9277800740700374,4999992,4999992,1.0,4849644,3791280,129600.19692754745,129601.19728064537
rl_effect_without_pipeline,hpo_plain_ga,hpo_rl_only,2c_Hurink_rdata_28_workers.fjs,3,1002,2311.8199569154594,2321.176071069682,1.0040470773367256,4999992,4999992,1.0,4770804,3958536,129600.84563565254,129600.88279771805
rl_effect_without_pipeline,hpo_plain_ga,hpo_rl_only,2c_Hurink_rdata_28_workers.fjs,4,1003,2215.9867347885834,2161.6136048415215,0.9754632421334195,4999992,4999992,1.0,4710396,4921896,129600.48745512962,129600.21471190453
rl_effect_without_pipeline,hpo_plain_ga,hpo_rl_only,2c_Hurink_rdata_28_workers.fjs,5,1004,2315.086192567939,2153.547157999814,0.9302233173491726,4999992,4999992,1.0,4988304,4859796,129601.16322731972,129600.88730573654
rl_effect_without_pipeline,hpo_plain_ga,hpo_rl_only,2c_Hurink_rdata_28_workers.fjs,6,1005,2340.5464776920426,2395.4712661618596,1.0234666514821689,4999992,4999992,1.0,4827144,4211040,129600.02428340912,129601.08204507828
rl_effect_without_pipeline,hpo_plain_ga,hpo_rl_only,2c_Hurink_rdata_28_workers.fjs,7,1006,2508.025171614942,2582.945035806952,1.0298720543318027,4999992,4999992,1.0,4624356,4354032,129600.98663425446,129600.47791981697
rl_effect_without_pipeline,hpo_plain_ga,hpo_rl_only,2c_Hurink_rdata_28_workers.fjs,8,1007,2347.19688555491,2351.9737273188903,1.0020351261512734,4999992,4999992,1.0,4361556,4159104,129600.00742292404,129600.86265969276
rl_effect_without_pipeline,hpo_plain_ga,hpo_rl_only,2c_Hurink_rdata_28_workers.fjs,9,1008,2275.9894801249125,2260.2464053088493,0.993082975578956,4999992,4999992,1.0,4008000,3586848,129600.14099240303,129600.60215711594
rl_effect_without_pipeline,hpo_plain_ga,hpo_rl_only,2c_Hurink_rdata_28_workers.fjs,10,1009,2393.4025610458166,2361.4583133012998,0.986653207335686,4999992,4999992,1.0,4869876,4945608,129600.32387566566,129600.11419916153
rl_effect_without_pipeline,hpo_plain_ga,hpo_rl_only,2c_Hurink_rdata_38_workers.fjs,1,1000,4509.214419500516,4730.077223732563,1.048980328652571,4999992,4999992,1.0,4989708,4683816,129601.69811987877,129600.37562251091
rl_effect_without_pipeline,hpo_plain_ga,hpo_rl_only,2c_Hurink_rdata_38_workers.fjs,2,1001,4837.841299763957,4631.412065298881,0.9573303005050728,4999992,4999992,1.0,3733956,4717848,129600.06809520721,129602.51852607727
rl_effect_without_pipeline,hpo_plain_ga,hpo_rl_only,2c_Hurink_rdata_38_workers.fjs,3,1002,4630.767747495419,4504.795027386838,0.9727965799673901,4999992,4999992,1.0,4722276,4917408,129600.79441380501,129600.65897607803
rl_effect_without_pipeline,hpo_plain_ga,hpo_rl_only,2c_Hurink_rdata_38_workers.fjs,4,1003,4904.574291438695,5058.217789692631,1.031326571711256,4999992,4999992,1.0,4845024,4824648,129602.03040289879,129602.37937355042
rl_effect_without_pipeline,hpo_plain_ga,hpo_rl_only,2c_Hurink_rdata_38_workers.fjs,5,1004,4714.025628487639,4759.76361598942,1.0097025326348206,4999992,4999992,1.0,4581516,4377216,129602.07602190971,129602.12318849564
rl_effect_without_pipeline,hpo_plain_ga,hpo_rl_only,2c_Hurink_rdata_38_workers.fjs,6,1005,4577.04258064921,4637.673762001287,1.0132468029920485,4999992,4999992,1.0,4294152,4914756,129600.37500715256,129601.53676962852
rl_effect_without_pipeline,hpo_plain_ga,hpo_rl_only,2c_Hurink_rdata_38_workers.fjs,7,1006,4892.463440184419,5115.351348170443,1.0455573987851041,4999992,4999992,1.0,4963476,4729740,129600.65421557426,129600.37292265892
rl_effect_without_pipeline,hpo_plain_ga,hpo_rl_only,2c_Hurink_rdata_38_workers.fjs,8,1007,4640.1133517307635,4652.260909788384,1.0026179442476528,4999992,4999992,1.0,4898160,4900404,129600.07001757622,129602.01364946365
rl_effect_without_pipeline,hpo_plain_ga,hpo_rl_only,2c_Hurink_rdata_38_workers.fjs,9,1008,5319.7162205063,5129.239978366647,0.9641942851377279,4999992,4999992,1.0,4992252,4973436,129601.30636954308,129600.29929351807
rl_effect_without_pipeline,hpo_plain_ga,hpo_rl_only,2c_Hurink_rdata_38_workers.fjs,10,1009,4688.253564742817,4970.955436175967,1.0603000387093309,4999992,4999992,1.0,3957792,4987560,129600.35633730888,129600.63426494598
rl_effect_without_pipeline,hpo_plain_ga,hpo_rl_only,2c_Hurink_rdata_50_workers.fjs,1,1000,13647.541005173845,14087.387611429642,1.0322290005275712,4999992,4999992,1.0,4711776,1935480,129600.21035647392,129600.10010385513
rl_effect_without_pipeline,hpo_plain_ga,hpo_rl_only,2c_Hurink_rdata_50_workers.fjs,2,1001,13390.504006422618,13924.052014046134,1.039845252080699,4999992,4999992,1.0,3360144,4766112,129600.12192749977,129600.0961136818
rl_effect_without_pipeline,hpo_plain_ga,hpo_rl_only,2c_Hurink_rdata_50_workers.fjs,3,1002,14143.646328071356,14091.23701434778,0.9962944977194772,4999992,4999992,1.0,3655572,3409872,129600.16587352753,129600.75242972374
rl_effect_without_pipeline,hpo_plain_ga,hpo_rl_only,2c_Hurink_rdata_50_workers.fjs,4,1003,13590.387440993776,13896.3602426126,1.0225139130835883,4999992,4999992,1.0,4458984,4863120,129600.54031443596,129600.6948633194
rl_effect_without_pipeline,hpo_plain_ga,hpo_rl_only,2c_Hurink_rdata_50_workers.fjs,5,1004,12913.459385125878,13212.749894577331,1.0231766330404217,4999992,4999992,1.0,3844596,1035540,129600.22125077248,129600.48635816574
rl_effect_without_pipeline,hpo_plain_ga,hpo_rl_only,2c_Hurink_rdata_50_workers.fjs,6,1005,13333.71344875437,13731.443235290379,1.0298288836088016,4999992,4999992,1.0,2410464,4594440,129600.56106448174,129600.60782623291
rl_effect_without_pipeline,hpo_plain_ga,hpo_rl_only,2c_Hurink_rdata_50_workers.fjs,7,1006,13669.824329858006,13696.553811503212,1.0019553639461791,4999992,4999992,1.0,4223172,3960180,129600.5073390007,129600.09884142876
rl_effect_without_pipeline,hpo_plain_ga,hpo_rl_only,2c_Hurink_rdata_50_workers.fjs,8,1007,13735.785334098044,13789.741236206659,1.00392812648103,4999992,4999992,1.0,3905544,2518656,129600.30111956596,129600.58249378204
rl_effect_without_pipeline,hpo_plain_ga,hpo_rl_only,2c_Hurink_rdata_50_workers.fjs,9,1008,13274.229331931623,12986.737155802393,0.978342081567202,4999992,4999992,1.0,3169092,3910356,129600.75403690338,129600.59857559204
rl_effect_without_pipeline,hpo_plain_ga,hpo_rl_only,2c_Hurink_rdata_50_workers.fjs,10,1009,13761.97760019487,13738.30641186751,0.998279957356781,4999992,4999992,1.0,3878808,2256936,129600.78037905693,129600.11916518211
rl_effect_without_pipeline,hpo_plain_ga,hpo_rl_only,2d_Hurink_vdata_18_workers.fjs,1,1000,2468.3465136109025,2530.1950469274984,1.0250566656567675,4999992,4999992,1.0,3806904,2727660,129600.19618940353,129600.25721907616
rl_effect_without_pipeline,hpo_plain_ga,hpo_rl_only,2d_Hurink_vdata_18_workers.fjs,2,1001,2523.1248041405875,2557.2395966653457,1.0135208502047834,4999992,4999992,1.0,4903692,4997208,129600.07823395729,129600.94376349449
rl_effect_without_pipeline,hpo_plain_ga,hpo_rl_only,2d_Hurink_vdata_18_workers.fjs,3,1002,2476.769478558443,2530.18532723585,1.02156674213722,4999992,4999992,1.0,4107144,4968684,129600.42896986008,129600.27054858208
rl_effect_without_pipeline,hpo_plain_ga,hpo_rl_only,2d_Hurink_vdata_18_workers.fjs,4,1003,2701.741093999681,2519.366410866108,0.9324973501204054,4999992,4999992,1.0,4734060,2568924,129600.24359750748,129600.29697394371
rl_effect_without_pipeline,hpo_plain_ga,hpo_rl_only,2d_Hurink_vdata_18_workers.fjs,5,1004,2494.4002860982378,2457.5829245797026,0.9852399946697709,4999992,4999992,1.0,4959300,4067784,129600.44028306007,129600.63583636284
rl_effect_without_pipeline,hpo_plain_ga,hpo_rl_only,2d_Hurink_vdata_18_workers.fjs,6,1005,2573.495173560201,2601.6623904053686,1.010945121302171,4999992,4999992,1.0,3963024,4861068,129600.92774820328,129600.86090707779
rl_effect_without_pipeline,hpo_plain_ga,hpo_rl_only,2d_Hurink_vdata_18_workers.fjs,7,1006,2657.820426087615,2683.5796428012786,1.009691857456142,4999992,4999992,1.0,4017384,4862628,129600.02898693085,129600.3769800663
rl_effect_without_pipeline,hpo_plain_ga,hpo_rl_only,2d_Hurink_vdata_18_workers.fjs,8,1007,2408.686942392527,2486.1132166624902,1.0321445983316773,4999992,4999992,1.0,4935120,4894608,129600.74856519699,129600.52887558937
rl_effect_without_pipeline,hpo_plain_ga,hpo_rl_only,2d_Hurink_vdata_18_workers.fjs,9,1008,2520.5429918207856,2621.5167934186093,1.0400603369692505,4999992,4999992,1.0,4956924,4596744,129600.74139285088,129600.88853597641
rl_effect_without_pipeline,hpo_plain_ga,hpo_rl_only,2d_Hurink_vdata_18_workers.fjs,10,1009,2719.5229853671153,2652.1640566185956,0.9752313442059668,4999992,4999992,1.0,3072168,4891668,129600.2245323658,129600.26271772385
rl_effect_without_pipeline,hpo_plain_ga,hpo_rl_only,2d_Hurink_vdata_30_workers.fjs,1,1000,3017.6981561631055,2976.2572872428905,0.986267390979585,4999992,4999992,1.0,4732728,4826604,129600.09560751915,129601.62031316757
rl_effect_without_pipeline,hpo_plain_ga,hpo_rl_only,2d_Hurink_vdata_30_workers.fjs,2,1001,3160.681486133162,3031.0411032725588,0.9589834080310295,4999992,4999992,1.0,4975320,3088656,129601.06725502014,129601.10306191444
rl_effect_without_pipeline,hpo_plain_ga,hpo_rl_only,2d_Hurink_vdata_30_workers.fjs,3,1002,3120.007077053773,3045.5952709272806,0.9761501162373132,4999992,4999992,1.0,3628656,4751484,129601.20020866394,129600.53699827194
rl_effect_without_pipeline,hpo_plain_ga,hpo_rl_only,2d_Hurink_vdata_30_workers.fjs,4,1003,3425.5456570487518,3316.405544105767,0.9681393495023466,4999992,4999992,1.0,4982976,4764144,129600.34781932831,129600.67983412743
rl_effect_without_pipeline,hpo_plain_ga,hpo_rl_only,2d_Hurink_vdata_30_workers.fjs,5,1004,2898.4449085439733,3116.0753048829633,1.075085227839751,4999992,4999992,1.0,4873356,4376172,129600.7887711525,129601.20341801643
rl_effect_without_pipeline,hpo_plain_ga,hpo_rl_only,2d_Hurink_vdata_30_workers.fjs,6,1005,2870.496555303656,2973.0494441278393,1.0357265326219265,4999992,4999992,1.0,4970604,4956804,129600.96275568008,129601.23570489883
rl_effect_without_pipeline,hpo_plain_ga,hpo_rl_only,2d_Hurink_vdata_30_workers.fjs,7,1006,3499.86258281384,3471.376301457009,0.9918607429055318,4999992,4999992,1.0,4596636,2989260,129601.08748054504,129600.03610801697
rl_effect_without_pipeline,hpo_plain_ga,hpo_rl_only,2d_Hurink_vdata_30_workers.fjs,8,1007,2963.575528855195,2936.185814973296,0.9907578822894116,4999992,4999992,1.0,4123020,4965336,129601.01642870903,129601.36980223656
rl_effect_without_pipeline,hpo_plain_ga,hpo_rl_only,2d_Hurink_vdata_30_workers.fjs,9,1008,3055.340871033135,3462.8345470341724,1.1333709373852114,4999992,4999992,1.0,4846380,4628184,129600.55836939812,129600.75626516342
rl_effect_without_pipeline,hpo_plain_ga,hpo_rl_only,2d_Hurink_vdata_30_workers.fjs,10,1009,2857.4867261115833,3081.0357828930514,1.0782327542377317,4999992,4999992,1.0,3853164,4567944,129600.78856086731,129600.07246947289
rl_effect_without_pipeline,hpo_plain_ga,hpo_rl_only,2d_Hurink_vdata_5_workers.fjs,1,1000,1266.5169628797173,1183.6384640343388,0.9345618722255916,4999992,4999992,1.0,3817548,3645264,129600.15983557701,129600.66987204552
rl_effect_without_pipeline,hpo_plain_ga,hpo_rl_only,2d_Hurink_vdata_5_workers.fjs,2,1001,1197.4111939887446,1255.13435507373,1.0482066322536217,4999992,4999992,1.0,4821204,4122060,129600.73973941803,129600.83034658432
rl_effect_without_pipeline,hpo_plain_ga,hpo_rl_only,2d_Hurink_vdata_5_workers.fjs,3,1002,1308.3606037039985,1201.4685983641534,0.9183008071037668,4999992,4999992,1.0,3963516,4015932,129600.81871128082,129600.58653664589
rl_effect_without_pipeline,hpo_plain_ga,hpo_rl_only,2d_Hurink_vdata_5_workers.fjs,4,1003,1308.7168268302096,1298.1439212833998,0.9919211663439691,4999992,4999992,1.0,4951200,4109388,129600.89076590538,129600.47435688972
rl_effect_without_pipeline,hpo_plain_ga,hpo_rl_only,2d_Hurink_vdata_5_workers.fjs,5,1004,1193.2750461254382,1223.2513845113326,1.0251210636501848,4999992,4999992,1.0,3521280,3507360,129600.41394495964,129600.34381914139
rl_effect_without_pipeline,hpo_plain_ga,hpo_rl_only,2d_Hurink_vdata_5_workers.fjs,6,1005,1204.322383462781,1201.2895811624496,0.9974817355037351,4999992,4999992,1.0,4468080,4729560,129600.58150720596,129600.18196058273
rl_effect_without_pipeline,hpo_plain_ga,hpo_rl_only,2d_Hurink_vdata_5_workers.fjs,7,1006,1290.5639453957212,1261.1081426996866,0.9771760223109265,4999992,4999992,1.0,3965040,3524424,129600.03502821922,129600.58612418175
rl_effect_without_pipeline,hpo_plain_ga,hpo_rl_only,2d_Hurink_vdata_5_workers.fjs,8,1007,1204.3902548218134,1214.5928890741575,1.0084712029273712,4999992,4999992,1.0,4148328,3226656,129600.09416556358,129600.04893136024
rl_effect_without_pipeline,hpo_plain_ga,hpo_rl_only,2d_Hurink_vdata_5_workers.fjs,9,1008,1248.493955976532,1241.4568122775515,0.9943634939798517,4999992,4999992,1.0,2202684,4055244,129600.50961852074,129600.08456921577
rl_effect_without_pipeline,hpo_plain_ga,hpo_rl_only,2d_Hurink_vdata_5_workers.fjs,10,1009,1207.4183040731134,1224.158060109264,1.0138640900006903,4999992,4999992,1.0,4969968,3605976,129600.56014728546,129600.60129356384
rl_effect_without_pipeline,hpo_plain_ga,hpo_rl_only,3_DPpaulli_15_workers.fjs,1,1000,6654.2149019140725,7369.166097003058,1.107443358176384,4999992,4999992,1.0,4928868,4253520,129603.01872444153,129603.07128429413
rl_effect_without_pipeline,hpo_plain_ga,hpo_rl_only,3_DPpaulli_15_workers.fjs,2,1001,7350.654384814708,7207.5569005590705,0.9805326877357676,4999992,4999992,1.0,4845432,4498668,129602.32127428055,129602.01793932915
rl_effect_without_pipeline,hpo_plain_ga,hpo_rl_only,3_DPpaulli_15_workers.fjs,3,1002,7319.099400302278,7343.971644058516,1.0033982656056306,4999992,4999992,1.0,4751028,4999272,129602.90202188492,129601.29585909843
rl_effect_without_pipeline,hpo_plain_ga,hpo_rl_only,3_DPpaulli_15_workers.fjs,4,1003,7521.076374479568,6925.165139308266,0.9207678255743631,4999992,4999992,1.0,4612296,4982556,129600.93787670135,129600.6498465538
rl_effect_without_pipeline,hpo_plain_ga,hpo_rl_only,3_DPpaulli_15_workers.fjs,5,1004,6838.538163511186,7418.689231653002,1.0848355385712936,4999992,4999992,1.0,4983108,4825320,129602.80247616768,129600.92315125465
rl_effect_without_pipeline,hpo_plain_ga,hpo_rl_only,3_DPpaulli_15_workers.fjs,6,1005,7108.625028755792,6715.585776226353,0.9447095252683159,4999992,4999992,1.0,4980072,4985472,129603.13990020752,129602.94903612137
rl_effect_without_pipeline,hpo_plain_ga,hpo_rl_only,3_DPpaulli_15_workers.fjs,7,1006,7700.106497167922,7234.868774077497,0.9395803521338909,4999992,4999992,1.0,4825344,4869840,129601.17946386337,129601.60296988487
rl_effect_without_pipeline,hpo_plain_ga,hpo_rl_only,3_DPpaulli_15_workers.fjs,8,1007,7875.824286202929,6832.405119830626,0.8675161953269842,4999992,4999992,1.0,4934448,4876596,129601.25682282448,129601.23693966866
rl_effect_without_pipeline,hpo_plain_ga,hpo_rl_only,3_DPpaulli_15_workers.fjs,9,1008,6930.5639905480475,6847.184278866735,0.9879692746802388,4999992,4999992,1.0,4968708,4996992,129603.28049445152,129600.9057469368
rl_effect_without_pipeline,hpo_plain_ga,hpo_rl_only,3_DPpaulli_15_workers.fjs,10,1009,7343.73629119693,7196.656495410483,0.9799720755274458,4999992,4999992,1.0,4917504,4178076,129603.06002616882,129603.29706692696
rl_effect_without_pipeline,hpo_plain_ga,hpo_rl_only,3_DPpaulli_18_workers.fjs,1,1000,7190.847226805619,6792.227854409703,0.9445657292078231,4999992,4999992,1.0,4285992,4999728,129602.59011936188,129601.37415003777
rl_effect_without_pipeline,hpo_plain_ga,hpo_rl_only,3_DPpaulli_18_workers.fjs,2,1001,7420.632328661491,7026.669047674613,0.9469097425208318,4999992,4999992,1.0,4917084,4811928,129601.28600978851,129600.60735487938
rl_effect_without_pipeline,hpo_plain_ga,hpo_rl_only,3_DPpaulli_18_workers.fjs,3,1002,6346.774982401756,6493.953146659698,1.0231894410414795,4999992,4999992,1.0,4922640,4976496,129603.18819713593,129600.65249657631
rl_effect_without_pipeline,hpo_plain_ga,hpo_rl_only,3_DPpaulli_18_workers.fjs,4,1003,7186.897430219449,7150.345323083303,0.9949140630583578,4999992,4999992,1.0,4951092,4580052,129601.2008049488,129602.05697536469
rl_effect_without_pipeline,hpo_plain_ga,hpo_rl_only,3_DPpaulli_18_workers.fjs,5,1004,6425.410451641662,6961.742776758987,1.083470515876584,4999992,4999992,1.0,4129356,4990248,129600.78757166862,129600.64149975777
rl_effect_without_pipeline,hpo_plain_ga,hpo_rl_only,3_DPpaulli_18_workers.fjs,6,1005,6896.075405953261,6559.770359279058,0.9512324000425115,4999992,4999992,1.0,4998516,4998996,129601.35270833969,129601.01539111137
rl_effect_without_pipeline,hpo_plain_ga,hpo_rl_only,3_DPpaulli_18_workers.fjs,7,1006,7167.820454113197,6961.1751708110205,0.9711704158014177,4999992,4999992,1.0,4371168,4990968,129602.57303285599,129601.34968996048
rl_effect_without_pipeline,hpo_plain_ga,hpo_rl_only,3_DPpaulli_18_workers.fjs,8,1007,6796.899456150619,7102.996862471247,1.0450348586580365,4999992,4999992,1.0,4999476,4982964,129601.55497050285,129601.59408402443
rl_effect_without_pipeline,hpo_plain_ga,hpo_rl_only,3_DPpaulli_18_workers.fjs,9,1008,7500.064951032777,7876.967876360913,1.050253288176689,4999992,4999992,1.0,4991328,4842084,129601.36576461792,129600.59615373611
rl_effect_without_pipeline,hpo_plain_ga,hpo_rl_only,3_DPpaulli_18_workers.fjs,10,1009,7223.374590168526,7411.553660255859,1.0260514068235442,4999992,4999992,1.0,4949244,4374780,129602.5046877861,129602.36850190163
rl_effect_without_pipeline,hpo_plain_ga,hpo_rl_only,3_DPpaulli_1_workers.fjs,1,1000,6288.585265809968,6508.8311568832905,1.0350231223341702,4999992,4999992,1.0,4949064,4724748,129601.72114181519,129601.55200195312
rl_effect_without_pipeline,hpo_plain_ga,hpo_rl_only,3_DPpaulli_1_workers.fjs,2,1001,6203.404909274071,6188.271421035316,0.9975604545471262,4999992,4999992,1.0,4653120,4844868,129601.33825969696,129600.10693359375
rl_effect_without_pipeline,hpo_plain_ga,hpo_rl_only,3_DPpaulli_1_workers.fjs,3,1002,6466.022435842578,6450.4673295608145,0.9975943315328543,4999992,4999992,1.0,3672108,4837164,129600.86819195747,129600.39297580719
rl_effect_without_pipeline,hpo_plain_ga,hpo_rl_only,3_DPpaulli_1_workers.fjs,4,1003,6697.738877414009,6461.111558152209,0.9646705666505229,4999992,4999992,1.0,2767092,4465848,129601.07162237167,129600.17790102959
rl_effect_without_pipeline,hpo_plain_ga,hpo_rl_only,3_DPpaulli_1_workers.fjs,5,1004,6466.334164577383,6773.738769400948,1.047539238925747,4999992,4999992,1.0,4960788,3777024,129601.6294131279,129600.71410250664
rl_effect_without_pipeline,hpo_plain_ga,hpo_rl_only,3_DPpaulli_1_workers.fjs,6,1005,6772.924611950798,6339.49535378991,0.9360055983206865,4999992,4999992,1.0,4977120,4712280,129600.64899682999,129600.31186771393
rl_effect_without_pipeline,hpo_plain_ga,hpo_rl_only,3_DPpaulli_1_workers.fjs,7,1006,6710.376287900332,6433.309696043129,0.958710722026604,4999992,4999992,1.0,2792916,3241584,129601.13919067383,129601.32395648956
rl_effect_without_pipeline,hpo_plain_ga,hpo_rl_only,3_DPpaulli_1_workers.fjs,8,1007,6611.848813781121,6654.154501775657,1.0063984657220773,4999992,4999992,1.0,4911672,3741984,129600.68529677391,129601.06757616997
rl_effect_without_pipeline,hpo_plain_ga,hpo_rl_only,3_DPpaulli_1_workers.fjs,9,1008,6472.7098540764055,6251.987550042174,0.9658995522724961,4999992,4999992,1.0,3792108,4602000,129601.5544435978,129601.90755295753
rl_effect_without_pipeline,hpo_plain_ga,hpo_rl_only,3_DPpaulli_1_workers.fjs,10,1009,6419.801368748899,6784.689123043263,1.0568378573316317,4999992,4999992,1.0,3890100,4030932,129600.57186698914,129601.99257993698
rl_effect_without_pipeline,hpo_plain_ga,hpo_rl_only,3_DPpaulli_9_workers.fjs,1,1000,6629.274441953021,6050.182472361697,0.9126462519146032,4999992,4999992,1.0,4851396,4961652,129600.01833605766,129600.51277136803
rl_effect_without_pipeline,hpo_plain_ga,hpo_rl_only,3_DPpaulli_9_workers.fjs,2,1001,6064.5542521759335,5814.916632278014,0.9588366086743555,4999992,4999992,1.0,4983024,4878948,129600.14302897453,129600.56016564369
rl_effect_without_pipeline,hpo_plain_ga,hpo_rl_only,3_DPpaulli_9_workers.fjs,3,1002,6390.061162186406,6063.511383674405,0.9488972374091846,4999992,4999992,1.0,4931832,4755648,129601.19139289856,129602.26637196541
rl_effect_without_pipeline,hpo_plain_ga,hpo_rl_only,3_DPpaulli_9_workers.fjs,4,1003,6381.168051120321,6471.884343531236,1.014216251896859,4999992,4999992,1.0,4535316,4516176,129601.33283686638,129600.59363412857
rl_effect_without_pipeline,hpo_plain_ga,hpo_rl_only,3_DPpaulli_9_workers.fjs,5,1004,6373.180586074234,6251.037874294955,0.9808348892472672,4999992,4999992,1.0,4998756,4979808,129600.51914286613,129600.73259472847
rl_effect_without_pipeline,hpo_plain_ga,hpo_rl_only,3_DPpaulli_9_workers.fjs,6,1005,6101.375217468615,6028.175589127957,0.9880027656500976,4999992,4999992,1.0,4937364,4779732,129600.04393839836,129602.16843867302
rl_effect_without_pipeline,hpo_plain_ga,hpo_rl_only,3_DPpaulli_9_workers.fjs,7,1006,5915.707372340889,5994.4994544373585,1.0133191311093015,4999992,4999992,1.0,4991220,2869128,129601.6334092617,129601.50051426888
rl_effect_without_pipeline,hpo_plain_ga,hpo_rl_only,3_DPpaulli_9_workers.fjs,8,1007,5944.348622988999,6192.853925468858,1.0418053042041977,4999992,4999992,1.0,4685436,4990188,129600.40404701233,129601.130215168
rl_effect_without_pipeline,hpo_plain_ga,hpo_rl_only,3_DPpaulli_9_workers.fjs,9,1008,6035.220581721229,6256.473650713447,1.0366603119134241,4999992,4999992,1.0,4987212,4389528,129600.37266111374,129602.47938323021
rl_effect_without_pipeline,hpo_plain_ga,hpo_rl_only,3_DPpaulli_9_workers.fjs,10,1009,6170.436065299318,5901.438750846397,0.9564054612014082,4999992,4999992,1.0,4453284,4623540,129600.24627947807,129601.30277633667
rl_effect_without_pipeline,hpo_plain_ga,hpo_rl_only,4_ChambersBarnes_10_workers.fjs,1,1000,2231.7015739082485,2228.930566967853,0.9987583434215431,4999992,4999992,1.0,4608984,4670952,129600.10499477386,129601.51780080795
rl_effect_without_pipeline,hpo_plain_ga,hpo_rl_only,4_ChambersBarnes_10_workers.fjs,2,1001,2479.3634858553514,2473.183651295797,0.9975074915014236,4999992,4999992,1.0,4996848,4926000,129600.89203691483,129600.91446065903
rl_effect_without_pipeline,hpo_plain_ga,hpo_rl_only,4_ChambersBarnes_10_workers.fjs,3,1002,2227.1079100084544,2194.8116372760987,0.9854985595501599,4999992,4999992,1.0,4171752,4803408,129601.15062689781,129600.74567461014
rl_effect_without_pipeline,hpo_plain_ga,hpo_rl_only,4_ChambersBarnes_10_workers.fjs,4,1003,2466.7572120007803,2447.8950899576025,0.9923534744516349,4999992,4999992,1.0,4971816,4669188,129600.59411215782,129600.15539097786
rl_effect_without_pipeline,hpo_plain_ga,hpo_rl_only,4_ChambersBarnes_10_workers.fjs,5,1004,2339.8381480279,2306.008392680877,0.9855418395603406,4999992,4999992,1.0,4326096,4956552,129600.47345685959,129600.70148253441
rl_effect_without_pipeline,hpo_plain_ga,hpo_rl_only,4_ChambersBarnes_10_workers.fjs,6,1005,2279.7586906623264,2405.7804458982423,1.055278550204497,4999992,4999992,1.0,3960888,2796492,129600.76333832741,129601.00870680809
rl_effect_without_pipeline,hpo_plain_ga,hpo_rl_only,4_ChambersBarnes_10_workers.fjs,7,1006,2283.5714480411384,2210.305615406117,0.9679161198578352,4999992,4999992,1.0,4864200,4714668,129600.41574907303,129600.66378331184
rl_effect_without_pipeline,hpo_plain_ga,hpo_rl_only,4_ChambersBarnes_10_workers.fjs,8,1007,2341.64352209728,2251.742347257397,0.9616076597520004,4999992,4999992,1.0,1750800,4523832,129600.5223441124,129600.09575843811
rl_effect_without_pipeline,hpo_plain_ga,hpo_rl_only,4_ChambersBarnes_10_workers.fjs,9,1008,2442.6149760896355,2412.2155793764546,0.9875545687671795,4999992,4999992,1.0,4876320,4671732,129600.74564290047,129601.27241396904
rl_effect_without_pipeline,hpo_plain_ga,hpo_rl_only,4_ChambersBarnes_10_workers.fjs,10,1009,2337.699056416914,2241.953113373613,0.9590426565898287,4999992,4999992,1.0,4945680,4927212,129600.15390944481,129601.50898599625
rl_effect_without_pipeline,hpo_plain_ga,hpo_rl_only,5_Kacem_3_workers.fjs,1,1000,18.853875754371376,18.851252788763333,0.9998608792355367,4999992,4999992,1.0,2587596,2575824,129600.5020980835,129600.34300732613
rl_effect_without_pipeline,hpo_plain_ga,hpo_rl_only,5_Kacem_3_workers.fjs,2,1001,17.52692381474552,17.14355758268654,0.9781270098443373,4999992,4999992,1.0,4172076,4780728,129600.60183477402,129600.21297192574
rl_effect_without_pipeline,hpo_plain_ga,hpo_rl_only,5_Kacem_3_workers.fjs,3,1002,20.93423526138495,21.024030499728944,1.0042893966377473,4999992,4999992,1.0,2795628,3960876,129600.53386974335,129600.66420841217
rl_effect_without_pipeline,hpo_plain_ga,hpo_rl_only,5_Kacem_3_workers.fjs,4,1003,16.822245377961497,16.635596243787045,0.9889046242055786,4999992,4999992,1.0,3620136,4403004,129600.02547264099,129600.59282445908
rl_effect_without_pipeline,hpo_plain_ga,hpo_rl_only,5_Kacem_3_workers.fjs,5,1004,16.85916263477556,18.836789672139293,1.1173028032415122,4999992,4999992,1.0,4090716,3513060,129600.53451538086,129600.52494859695
rl_effect_without_pipeline,hpo_plain_ga,hpo_rl_only,5_Kacem_3_workers.fjs,6,1005,19.15234375804228,19.421101796872755,1.0140326448932715,4999992,4999992,1.0,3545424,2799516,129600.10935521126,129600.0897154808
rl_effect_without_pipeline,hpo_plain_ga,hpo_rl_only,5_Kacem_3_workers.fjs,7,1006,17.587045547758898,19.760190321677115,1.1235650847674719,4999992,4999992,1.0,2407044,4445268,129600.78533887863,129600.38109517097
rl_effect_without_pipeline,hpo_plain_ga,hpo_rl_only,5_Kacem_3_workers.fjs,8,1007,17.133751559225125,17.041744088475227,0.9946300452395459,4999992,4999992,1.0,3869616,3792756,129600.33363890648,129600.79523682594
rl_effect_without_pipeline,hpo_plain_ga,hpo_rl_only,5_Kacem_3_workers.fjs,9,1008,16.956892778756266,17.436046931425075,1.0282571906846694,4999992,4999992,1.0,4880940,4512384,129600.15962862968,129600.47499871254
rl_effect_without_pipeline,hpo_plain_ga,hpo_rl_only,5_Kacem_3_workers.fjs,10,1009,16.749688689134395,18.988951242251215,1.1336898013256473,4999992,4999992,1.0,4418676,4345332,129600.82852578163,129600.1950097084
rl_effect_without_pipeline,hpo_plain_ga,hpo_rl_only,5_Kacem_4_workers.fjs,1,1000,38.90798938016015,38.65619938256768,0.9935285785360868,4999992,4999992,1.0,4413432,4969332,129601.0117790699,129600.53653550148
rl_effect_without_pipeline,hpo_plain_ga,hpo_rl_only,5_Kacem_4_workers.fjs,2,1001,41.894789740014424,40.85807029731637,0.9752542154016859,4999992,4999992,1.0,2843856,4847208,129600.49293613434,129600.3799507618
rl_effect_without_pipeline,hpo_plain_ga,hpo_rl_only,5_Kacem_4_workers.fjs,3,1002,39.93417295310937,37.06642200010812,0.9281880469549587,4999992,4999992,1.0,4382424,4302672,129600.44247603416,129600.36668610573
rl_effect_without_pipeline,hpo_plain_ga,hpo_rl_only,5_Kacem_4_workers.fjs,4,1003,34.77705351710294,37.20769343268725,1.0698920601306534,4999992,4999992,1.0,4913124,2670324,129600.21326255798,129600.4585351944
rl_effect_without_pipeline,hpo_plain_ga,hpo_rl_only,5_Kacem_4_workers.fjs,5,1004,39.31578741921533,39.284263138160895,0.9991981775484158,4999992,4999992,1.0,4096776,4501392,129600.22368502617,129600.59022212029
rl_effect_without_pipeline,hpo_plain_ga,hpo_rl_only,5_Kacem_4_workers.fjs,6,1005,33.61479170122585,38.89418998069952,1.1570558082405475,4999992,4999992,1.0,4896348,3223284,129600.95899152756,129600.65849876404
rl_effect_without_pipeline,hpo_plain_ga,hpo_rl_only,5_Kacem_4_workers.fjs,7,1006,48.60913356375532,47.03366767698741,0.9675890975365454,4999992,4999992,1.0,4979172,3929772,129600.7743973732,129600.93860960007
rl_effect_without_pipeline,hpo_plain_ga,hpo_rl_only,5_Kacem_4_workers.fjs,8,1007,43.45505693422833,43.612880436857544,1.003631878859763,4999992,4999992,1.0,3969408,4071012,129600.38836336136,129600.83075714111
rl_effect_without_pipeline,hpo_plain_ga,hpo_rl_only,5_Kacem_4_workers.fjs,9,1008,40.08635679589508,45.869488254656765,1.1442668259479718,4999992,4999992,1.0,4693236,2323380,129600.4854528904,129600.36350607872
rl_effect_without_pipeline,hpo_plain_ga,hpo_rl_only,5_Kacem_4_workers.fjs,10,1009,44.10433556646256,53.21462598897859,1.2065622416822803,4999992,4999992,1.0,2454840,4707072,129600.08663916588,129600.83596301079
rl_effect_without_pipeline,hpo_plain_ga,hpo_rl_only,6_Fattahi_14_workers.fjs,1,1000,1207.406452999154,1226.923606715146,1.0161645265912833,4999992,4999992,1.0,3621408,2152344,129600.0935766697,129600.39457964897
rl_effect_without_pipeline,hpo_plain_ga,hpo_rl_only,6_Fattahi_14_workers.fjs,2,1001,1216.5292460850515,1220.8256548243528,1.003531693753461,4999992,4999992,1.0,1452312,4993248,129600.59868144989,129600.47451496124
rl_effect_without_pipeline,hpo_plain_ga,hpo_rl_only,6_Fattahi_14_workers.fjs,3,1002,1213.398729485135,1248.5928845271842,1.029004608449675,4999992,4999992,1.0,4939884,4501644,129600.46101117134,129600.48819828033
rl_effect_without_pipeline,hpo_plain_ga,hpo_rl_only,6_Fattahi_14_workers.fjs,4,1003,1253.476716627918,1278.3177840470548,1.0198177334206604,4999992,4999992,1.0,4745688,4210896,129600.42668128014,129600.38288831711
rl_effect_without_pipeline,hpo_plain_ga,hpo_rl_only,6_Fattahi_14_workers.fjs,5,1004,1212.248066103682,1217.464336453624,1.0043029727130912,4999992,4999992,1.0,1185048,3844560,129600.06614589691,129600.32536816597
rl_effect_without_pipeline,hpo_plain_ga,hpo_rl_only,6_Fattahi_14_workers.fjs,6,1005,1257.2443194450384,1266.5131905836574,1.0073723706643674,4999992,4999992,1.0,4441860,2100384,129600.19134998322,129600.15097332001
rl_effect_without_pipeline,hpo_plain_ga,hpo_rl_only,6_Fattahi_14_workers.fjs,7,1006,1246.830437709362,1246.3221795772004,0.9995923598616221,4999992,4999992,1.0,1048284,2138292,129600.11464333534,129600.47369146347
rl_effect_without_pipeline,hpo_plain_ga,hpo_rl_only,6_Fattahi_14_workers.fjs,8,1007,1221.5523657802544,1221.5523657802544,1.0,4999992,4999992,1.0,2663124,1757004,129600.77255535126,129600.40215420723
rl_effect_without_pipeline,hpo_plain_ga,hpo_rl_only,6_Fattahi_14_workers.fjs,9,1008,1298.3868129857124,1308.0475244761951,1.0074405496065286,4999992,4999992,1.0,2425944,4644816,129600.32934641838,129600.4692223072
rl_effect_without_pipeline,hpo_plain_ga,hpo_rl_only,6_Fattahi_14_workers.fjs,10,1009,1333.035945745752,1342.6582413688293,1.0072183316989956,4999992,4999992,1.0,4805544,3757092,129600.20686602592,129600.58991146088
rl_effect_without_pipeline,hpo_plain_ga,hpo_rl_only,6_Fattahi_20_workers.fjs,1,1000,3116.798846020726,3038.1653472329945,0.9747710703601792,4999992,4999992,1.0,4559628,4074600,129600.21713042259,129600.50921010971
rl_effect_without_pipeline,hpo_plain_ga,hpo_rl_only,6_Fattahi_20_workers.fjs,2,1001,3203.147714847257,3229.5063417370416,1.0082289763808292,4999992,4999992,1.0,4431636,4474296,129600.86195445061,129600.45107269287
rl_effect_without_pipeline,hpo_plain_ga,hpo_rl_only,6_Fattahi_20_workers.fjs,3,1002,2977.8712036252236,2905.9184436511605,0.9758375177924187,4999992,4999992,1.0,1751832,3730260,129600.55600905418,129600.1135866642
rl_effect_without_pipeline,hpo_plain_ga,hpo_rl_only,6_Fattahi_20_workers.fjs,4,1003,3101.493062149406,3301.324030445679,1.0644305707902457,4999992,4999992,1.0,4571748,3776724,129600.5361456871,129600.601760149
rl_effect_without_pipeline,hpo_plain_ga,hpo_rl_only,6_Fattahi_20_workers.fjs,5,1004,2962.9316071711514,2939.220825914741,0.9919975266391491,4999992,4999992,1.0,4784016,4248684,129600.43742632866,129600.48597168922
rl_effect_without_pipeline,hpo_plain_ga,hpo_rl_only,6_Fattahi_20_workers.fjs,6,1005,2992.2324994555624,3084.7167231928656,1.030908100809055,4999992,4999992,1.0,3319200,4306212,129600.50461626053,129600.3043820858
rl_effect_without_pipeline,hpo_plain_ga,hpo_rl_only,6_Fattahi_20_workers.fjs,7,1006,3130.42252021419,3086.0312209370145,0.9858193905166072,4999992,4999992,1.0,2222136,3640128,129600.06633901596,129600.68899917603
rl_effect_without_pipeline,hpo_plain_ga,hpo_rl_only,6_Fattahi_20_workers.fjs,8,1007,3031.9815223739606,2929.73033588365,0.9662757883793927,4999992,4999992,1.0,4071960,4993080,129600.7310256958,129600.68379592896
rl_effect_without_pipeline,hpo_plain_ga,hpo_rl_only,6_Fattahi_20_workers.fjs,9,1008,2904.329904346715,3141.9152229487913,1.081803833044758,4999992,4999992,1.0,3903744,4299024,129600.04477381706,129600.34041571617
rl_effect_without_pipeline,hpo_plain_ga,hpo_rl_only,6_Fattahi_20_workers.fjs,10,1009,3298.8434745754244,3409.2962667498186,1.0334822773574033,4999992,4999992,1.0,1337976,4989888,129600.02394104004,129600.10471177101
rl_effect_with_pipeline,hpo_no_rl,hpo_with_rl,0_BehnkeGeiger_42_workers.fjs,1,1000,178.5286383805334,177.74705781480503,0.9956220997772781,4999992,4999992,1.0,4359096,4964652,129600.54601573944,129600.57690143585
rl_effect_with_pipeline,hpo_no_rl,hpo_with_rl,0_BehnkeGeiger_42_workers.fjs,2,1001,186.96311792030193,187.66865768554413,1.003773684206224,4999992,4999992,1.0,3815028,3346644,129600.49124312401,129600.03947210312
rl_effect_with_pipeline,hpo_no_rl,hpo_with_rl,0_BehnkeGeiger_42_workers.fjs,3,1002,171.37400081818723,175.30724012588723,1.0229512019846747,4999992,4999992,1.0,2437056,3238176,129600.17172980309,129600.1644461155
rl_effect_with_pipeline,hpo_no_rl,hpo_with_rl,0_BehnkeGeiger_42_workers.fjs,4,1003,192.19723651420426,193.56659464956442,1.0071247545500424,4999992,4999992,1.0,3983376,4791756,129601.40086627007,129601.6318807602
rl_effect_with_pipeline,hpo_no_rl,hpo_with_rl,0_BehnkeGeiger_42_workers.fjs,5,1004,176.1119511060214,183.1749795107103,1.0401053327745877,4999992,4999992,1.0,4407372,4445964,129601.29624414444,129600.02747988701
rl_effect_with_pipeline,hpo_no_rl,hpo_with_rl,0_BehnkeGeiger_42_workers.fjs,6,1005,180.43882947157744,187.44112508000245,1.0388070329924637,4999992,4999992,1.0,4910196,4032528,129601.59934949875,129601.45213913918
rl_effect_with_pipeline,hpo_no_rl,hpo_with_rl,0_BehnkeGeiger_42_workers.fjs,7,1006,183.5034947716236,185.7623247269171,1.0123094655941276,4999992,4999992,1.0,3174468,4479168,129600.24977445602,129601.25855255127
rl_effect_with_pipeline,hpo_no_rl,hpo_with_rl,0_BehnkeGeiger_42_workers.fjs,8,1007,190.98879564072303,181.74979461666408,0.9516254291616204,4999992,4999992,1.0,1143600,4552644,129600.5017542839,129601.02251935005
rl_effect_with_pipeline,hpo_no_rl,hpo_with_rl,0_BehnkeGeiger_42_workers.fjs,9,1008,197.61266022526374,188.58392668151467,0.9543109559202483,4999992,4999992,1.0,3153984,4785504,129600.66140294075,129600.54851126671
rl_effect_with_pipeline,hpo_no_rl,hpo_with_rl,0_BehnkeGeiger_42_workers.fjs,10,1009,184.69150541266538,181.9719133872012,0.9852749479766941,4999992,4999992,1.0,4804476,4960044,129600.93010139465,129600.71212530136
rl_effect_with_pipeline,hpo_no_rl,hpo_with_rl,0_BehnkeGeiger_46_workers.fjs,1,1000,277.4343629964597,288.7142320784272,1.040657793649417,4999992,4999992,1.0,4983576,4927968,129601.07300591469,129601.19924688339
rl_effect_with_pipeline,hpo_no_rl,hpo_with_rl,0_BehnkeGeiger_46_workers.fjs,2,1001,285.55112825802127,274.27806450245396,0.9605217327476953,4999992,4999992,1.0,4542540,4440600,129600.03589296341,129602.41965842247
rl_effect_with_pipeline,hpo_no_rl,hpo_with_rl,0_BehnkeGeiger_46_workers.fjs,3,1002,261.18398616522,294.01741979975526,1.1257099798368397,4999992,4999992,1.0,4829304,2006940,129600.16239500046,129600.36747813225
rl_effect_with_pipeline,hpo_no_rl,hpo_with_rl,0_BehnkeGeiger_46_workers.fjs,4,1003,292.8316528750469,292.62131521619773,0.9992817113287308,4999992,4999992,1.0,1881696,3978120,129601.09591031075,129600.97018313408
rl_effect_with_pipeline,hpo_no_rl,hpo_with_rl,0_BehnkeGeiger_46_workers.fjs,5,1004,281.6038647414634,284.0674602992181,1.0087484437048353,4999992,4999992,1.0,4629852,4891224,129602.44387483597,129601.69946837425
rl_effect_with_pipeline,hpo_no_rl,hpo_with_rl,0_BehnkeGeiger_46_workers.fjs,6,1005,295.3134864924032,281.98718210805,0.9548740406588373,4999992,4999992,1.0,981792,4581204,129601.21262979507,129601.80412983894
rl_effect_with_pipeline,hpo_no_rl,hpo_with_rl,0_BehnkeGeiger_46_workers.fjs,7,1006,278.71260291204663,281.2312608105685,1.00903675640142,4999992,4999992,1.0,4968948,4796760,129602.2822098732,129600.42423725128
rl_effect_with_pipeline,hpo_no_rl,hpo_with_rl,0_BehnkeGeiger_46_workers.fjs,8,1007,297.50954666256024,317.2910633780262,1.0664903595107234,4999992,4999992,1.0,4995444,2989608,129601.53249764442,129602.3153424263
rl_effect_with_pipeline,hpo_no_rl,hpo_with_rl,0_BehnkeGeiger_46_workers.fjs,9,1008,304.3300556037774,294.42731438714475,0.9674605217779557,4999992,4999992,1.0,2806464,4629312,129600.7081143856,129601.08583974838
rl_effect_with_pipeline,hpo_no_rl,hpo_with_rl,0_BehnkeGeiger_46_workers.fjs,10,1009,281.8270597621244,288.62236925329944,1.0241116289433336,4999992,4999992,1.0,1632948,4744584,129601.26151704788,129600.72345495224
rl_effect_with_pipeline,hpo_no_rl,hpo_with_rl,0_BehnkeGeiger_60_workers.fjs,1,1000,1916.9178154989365,1751.10062902295,0.9134980200323155,290124,823548,2.8386069404806222,202068,426348,129602.35560202599,129603.86613988876
rl_effect_with_pipeline,hpo_no_rl,hpo_with_rl,0_BehnkeGeiger_60_workers.fjs,2,1001,1812.1964108518841,1682.0880992758525,0.9282040783234584,499056,477228,0.9562614215639127,124296,132792,129603.4349064827,129602.7304315567
rl_effect_with_pipeline,hpo_no_rl,hpo_with_rl,0_BehnkeGeiger_60_workers.fjs,3,1002,1904.6975040069624,1688.6651053697874,0.8865791559117907,342624,776916,2.267546931913701,299112,522504,129605.4435582161,129603.66641712189
rl_effect_with_pipeline,hpo_no_rl,hpo_with_rl,0_BehnkeGeiger_60_workers.fjs,4,1003,1900.3626451621572,1734.905822312837,0.9129340795713221,410124,395772,0.9650057055914797,317484,354744,129600.18894767761,129600.02969479561
rl_effect_with_pipeline,hpo_no_rl,hpo_with_rl,0_BehnkeGeiger_60_workers.fjs,5,1004,1821.7448590268339,1820.3784054066655,0.9992499204192082,693972,379284,0.5465407826252356,361896,379284,129602.06965637207,129600.05560445786
rl_effect_with_pipeline,hpo_no_rl,hpo_with_rl,0_BehnkeGeiger_60_workers.fjs,6,1005,1842.2948713126573,2015.3339198018025,1.093925815668071,722928,278280,0.38493459929619545,556440,252024,129600.89335250854,129604.11983704567
rl_effect_with_pipeline,hpo_no_rl,hpo_with_rl,0_BehnkeGeiger_60_workers.fjs,7,1006,1904.3668231261267,1730.9870076813745,0.9089567128878356,344220,596880,1.7340073208994249,338040,100332,129603.53124403954,129604.93507671356
rl_effect_with_pipeline,hpo_no_rl,hpo_with_rl,0_BehnkeGeiger_60_workers.fjs,8,1007,2107.495485116738,1860.5455369177655,0.8828230238484741,507192,736188,1.4514976576917618,75468,376044,129600.19412469864,129603.43508386612
rl_effect_with_pipeline,hpo_no_rl,hpo_with_rl,0_BehnkeGeiger_60_workers.fjs,9,1008,1835.3716800967898,1844.0349718665175,1.004720183853589,401112,761424,1.8982827738885897,357132,677244,129600.1174390316,129603.68931293488
rl_effect_with_pipeline,hpo_no_rl,hpo_with_rl,0_BehnkeGeiger_60_workers.fjs,10,1009,1796.3535784183728,1628.6624675351902,0.9066491625602857,342288,581352,1.6984293927920349,264216,153588,129600.21756744385,129603.88136553764
rl_effect_with_pipeline,hpo_no_rl,hpo_with_rl,1_Brandimarte_12_workers.fjs,1,1000,1084.93199332406,1154.7427368811034,1.0643457322547512,4468812,4130412,0.924275176489859,1059936,1044408,129600.41942477226,129601.50995159149
rl_effect_with_pipeline,hpo_no_rl,hpo_with_rl,1_Brandimarte_12_workers.fjs,2,1001,1221.3992383639188,1141.3433845144828,0.9344556216060262,4409784,4149804,0.9410447314426285,1490184,1968336,129600.09247660637,129601.8390762806
rl_effect_with_pipeline,hpo_no_rl,hpo_with_rl,1_Brandimarte_12_workers.fjs,3,1002,1082.2570776351224,1102.693281344181,1.0188829476206471,4379892,4368768,0.997460211347677,778488,3680532,129601.8672785759,129600.21963405609
rl_effect_with_pipeline,hpo_no_rl,hpo_with_rl,1_Brandimarte_12_workers.fjs,4,1003,1133.358815941389,1144.7791249732027,1.0100765166963719,4419672,4357272,0.9858813052190298,883992,428496,129601.414093256,129600.05377197266
rl_effect_with_pipeline,hpo_no_rl,hpo_with_rl,1_Brandimarte_12_workers.fjs,5,1004,1084.2159790500314,1088.1358793435145,1.003615423835496,4317960,4358220,1.0093238473723702,545892,3597252,129601.20217347145,129600.08831810951
rl_effect_with_pipeline,hpo_no_rl,hpo_with_rl,1_Brandimarte_12_workers.fjs,6,1005,1068.2858212090568,1114.3736455629512,1.0431418478453018,4483152,4408512,0.9833509994753691,3703692,1564860,129601.90400123596,129600.89966750145
rl_effect_with_pipeline,hpo_no_rl,hpo_with_rl,1_Brandimarte_12_workers.fjs,7,1006,1156.0400917474178,1165.313133595766,1.0080213843053933,4515948,4188480,0.9274863218088428,3087252,434100,129601.3193924427,129600.43690991402
rl_effect_with_pipeline,hpo_no_rl,hpo_with_rl,1_Brandimarte_12_workers.fjs,8,1007,1117.2469204336376,1154.1502359493993,1.0330305815490084,4304400,4166172,0.9678868134931697,679680,1864860,129601.13785767555,129601.16007137299
rl_effect_with_pipeline,hpo_no_rl,hpo_with_rl,1_Brandimarte_12_workers.fjs,9,1008,1147.576668400157,1197.7162550596604,1.0436917097045928,4396608,4381524,0.9965691733263461,2557932,695076,129602.03837132454,129601.14544558525
rl_effect_with_pipeline,hpo_no_rl,hpo_with_rl,1_Brandimarte_12_workers.fjs,10,1009,1088.8582231646662,1191.671625943406,1.0944231311216277,4560504,4357920,0.9555785939448798,4525356,2807016,129601.60484910011,129601.27963447571
rl_effect_with_pipeline,hpo_no_rl,hpo_with_rl,1_Brandimarte_14_workers.fjs,1,1000,1479.351628981415,1398.4839253329762,0.9453357118995983,2944776,2989932,1.0153342733029609,924840,1650132,129601.12845182419,129600.90535879135
rl_effect_with_pipeline,hpo_no_rl,hpo_with_rl,1_Brandimarte_14_workers.fjs,2,1001,1553.0394675937744,1453.8713037105424,0.936145754211334,2971488,3111684,1.0471804025457951,652524,1909212,129600.05322241783,129602.4773042202
rl_effect_with_pipeline,hpo_no_rl,hpo_with_rl,1_Brandimarte_14_workers.fjs,3,1002,1418.6525784662585,1408.3558551028154,0.9927418992361222,3050244,2998128,0.9829141537529457,564084,488244,129602.57657623291,129601.60584044456
rl_effect_with_pipeline,hpo_no_rl,hpo_with_rl,1_Brandimarte_14_workers.fjs,4,1003,1468.2288632794143,1420.5593300899905,0.9675326276565971,3066252,3054444,0.9961490445012348,2877012,338100,129600.17467570305,129601.18349027634
rl_effect_with_pipeline,hpo_no_rl,hpo_with_rl,1_Brandimarte_14_workers.fjs,5,1004,1477.480723846549,1449.6887029102263,0.9811895881362381,3084696,3078252,0.9979109772891721,2663604,440952,129600.2547929287,129601.06740808487
rl_effect_with_pipeline,hpo_no_rl,hpo_with_rl,1_Brandimarte_14_workers.fjs,6,1005,1509.1837185107593,1493.7383576645184,0.989765751739303,2971068,2713044,0.9131544616279399,190080,341316,129602.11064076424,129600.85108017921
rl_effect_with_pipeline,hpo_no_rl,hpo_with_rl,1_Brandimarte_14_workers.fjs,7,1006,1548.1706099474518,1450.5327165259898,0.9369333762092436,2990016,3196416,1.0690297309445835,209496,2123580,129601.40449857712,129601.91005730629
rl_effect_with_pipeline,hpo_no_rl,hpo_with_rl,1_Brandimarte_14_workers.fjs,8,1007,1469.0194052920078,1402.187431326183,0.9545057242095859,2885976,2955024,1.023925354888606,744264,1300320,129602.63371348381,129602.35554432869
rl_effect_with_pipeline,hpo_no_rl,hpo_with_rl,1_Brandimarte_14_workers.fjs,9,1008,1551.9482109871221,1438.4842321933593,0.9268893265957672,3010560,3347004,1.1117546237244897,260280,1295664,129601.5435295105,129602.37225222588
rl_effect_with_pipeline,hpo_no_rl,hpo_with_rl,1_Brandimarte_14_workers.fjs,10,1009,1459.6845767762597,1537.8899620521927,1.0535769073128463,3005376,2981244,0.9919703890627994,281436,406032,129600.54760432243,129601.93874692917
rl_effect_with_pipeline,hpo_no_rl,hpo_with_rl,1_Brandimarte_7_workers.fjs,1,1000,366.16112837659966,392.3073625007997,1.0714063621120056,4999992,4999992,1.0,917964,4686960,129600.03329396248,129600.9913122654
rl_effect_with_pipeline,hpo_no_rl,hpo_with_rl,1_Brandimarte_7_workers.fjs,2,1001,384.8137282251506,370.4713988105543,0.9627291638457224,4999992,4999992,1.0,185868,134448,129600.40532016754,129600.41848611832
rl_effect_with_pipeline,hpo_no_rl,hpo_with_rl,1_Brandimarte_7_workers.fjs,3,1002,377.4185941725409,364.4803387792582,0.965719083285632,4999992,4999992,1.0,4029876,556548,129600.6863758564,129600.83772802353
rl_effect_with_pipeline,hpo_no_rl,hpo_with_rl,1_Brandimarte_7_workers.fjs,4,1003,373.5059207833899,365.5325938062238,0.9786527427451676,4999992,4999992,1.0,3500508,598728,129600.66698718071,129600.05010485649
rl_effect_with_pipeline,hpo_no_rl,hpo_with_rl,1_Brandimarte_7_workers.fjs,5,1004,362.1805298383675,350.0342442861516,0.9664634497121187,4999992,4999992,1.0,4720560,2773164,129600.96531748772,129600.52750515938
rl_effect_with_pipeline,hpo_no_rl,hpo_with_rl,1_Brandimarte_7_workers.fjs,6,1005,356.412371199866,369.46778261415506,1.03663007367095,4999992,4999992,1.0,2973432,339948,129600.79201960564,129600.03007411957
rl_effect_with_pipeline,hpo_no_rl,hpo_with_rl,1_Brandimarte_7_workers.fjs,7,1006,371.7492995184785,380.44837465377833,1.0234003807043286,4999992,4999992,1.0,2740092,150588,129600.17354655266,129601.1182141304
rl_effect_with_pipeline,hpo_no_rl,hpo_with_rl,1_Brandimarte_7_workers.fjs,8,1007,356.4789151153858,363.43291851378467,1.019507474645865,4999992,4999992,1.0,2832804,1588440,129600.03563642502,129600.04516768456
rl_effect_with_pipeline,hpo_no_rl,hpo_with_rl,1_Brandimarte_7_workers.fjs,9,1008,362.92935592296675,357.4311005038419,0.9848503425545663,4999992,4999992,1.0,4078872,4552404,129600.07960438728,129600.71592998505
rl_effect_with_pipeline,hpo_no_rl,hpo_with_rl,1_Brandimarte_7_workers.fjs,10,1009,391.4965563255743,392.7588757179376,1.003224343540109,4999992,4999992,1.0,2323248,3985584,129600.42867588997,129600.53839349747
rl_effect_with_pipeline,hpo_no_rl,hpo_with_rl,2a_Hurink_sdata_18_workers.fjs,1,1000,2831.9376976373755,2844.3080983602367,1.004368175448627,4999992,4999992,1.0,3070812,3149196,129600.95225024223,129600.51924180984
rl_effect_with_pipeline,hpo_no_rl,hpo_with_rl,2a_Hurink_sdata_18_workers.fjs,2,1001,2895.907545065749,2814.7820477385094,0.9719861576846722,4999992,4999992,1.0,2209416,407568,129601.20767331123,129600.06433558464
rl_effect_with_pipeline,hpo_no_rl,hpo_with_rl,2a_Hurink_sdata_18_workers.fjs,3,1002,2653.893481505599,2709.137845774911,1.0208163457404367,4999992,4999992,1.0,350628,418416,129600.65199899673,129600.89258146286
rl_effect_with_pipeline,hpo_no_rl,hpo_with_rl,2a_Hurink_sdata_18_workers.fjs,4,1003,2832.7259162720584,2775.117851261631,0.9796633819461641,4999992,4999992,1.0,155544,3709488,129600.9895658493,129600.07150149345
rl_effect_with_pipeline,hpo_no_rl,hpo_with_rl,2a_Hurink_sdata_18_workers.fjs,5,1004,2899.397251540459,2750.955441214875,0.9488025277506501,4999992,4999992,1.0,282804,2231916,129600.30741930008,129600.57857728004
rl_effect_with_pipeline,hpo_no_rl,hpo_with_rl,2a_Hurink_sdata_18_workers.fjs,6,1005,2683.834629880289,2710.8901149885396,1.010080906180668,4999992,4999992,1.0,365868,406920,129600.30216765404,129600.37401127815
rl_effect_with_pipeline,hpo_no_rl,hpo_with_rl,2a_Hurink_sdata_18_workers.fjs,7,1006,2851.121738734768,2790.9074554509884,0.9788804937840008,4999992,4999992,1.0,202752,4566564,129600.23750066757,129600.76549696922
rl_effect_with_pipeline,hpo_no_rl,hpo_with_rl,2a_Hurink_sdata_18_workers.fjs,8,1007,2633.1098422303176,2724.7425593420676,1.0348001878395374,4999992,4999992,1.0,2304936,2738688,129600.2179043293,129600.05715107918
rl_effect_with_pipeline,hpo_no_rl,hpo_with_rl,2a_Hurink_sdata_18_workers.fjs,9,1008,2865.201284873986,2830.5233274576412,0.9878968512266775,4999992,4999992,1.0,2979060,194628,129600.98097586632,129600.07287168503
rl_effect_with_pipeline,hpo_no_rl,hpo_with_rl,2a_Hurink_sdata_18_workers.fjs,10,1009,2738.727654882897,2766.73963402337,1.0102280995667936,4999992,4999992,1.0,1058376,3259452,129600.04794406891,129601.10021853447
rl_effect_with_pipeline,hpo_no_rl,hpo_with_rl,2a_Hurink_sdata_1_workers.fjs,1,1000,110.90598850207537,118.47392694117576,1.0682374192892097,4999992,4999992,1.0,4281132,2272524,129600.05150032043,129600.27405524254
rl_effect_with_pipeline,hpo_no_rl,hpo_with_rl,2a_Hurink_sdata_1_workers.fjs,2,1001,113.66012574534052,114.51946535676753,1.0075606076079169,4999992,4999992,1.0,2519928,254832,129600.02778720856,129600.07588028908
rl_effect_with_pipeline,hpo_no_rl,hpo_with_rl,2a_Hurink_sdata_1_workers.fjs,3,1002,120.10997200067368,120.0556780705132,0.9995479648420851,4999992,4999992,1.0,758184,661536,129600.36880421638,129600.08135056496
rl_effect_with_pipeline,hpo_no_rl,hpo_with_rl,2a_Hurink_sdata_1_workers.fjs,4,1003,112.15694471818063,110.79716249442767,0.9878760764465392,4999992,4999992,1.0,4034412,1429380,129600.6906068325,129600.6398589611
rl_effect_with_pipeline,hpo_no_rl,hpo_with_rl,2a_Hurink_sdata_1_workers.fjs,5,1004,113.12770537711093,113.85338172086726,1.0064146651020394,4999992,4999992,1.0,2578344,4513800,129600.71892738342,129600.93946456909
rl_effect_with_pipeline,hpo_no_rl,hpo_with_rl,2a_Hurink_sdata_1_workers.fjs,6,1005,112.035431440313,110.40709123111384,0.9854658460429399,4999992,4999992,1.0,4781244,2568516,129600.89291024208,129600.59756660461
rl_effect_with_pipeline,hpo_no_rl,hpo_with_rl,2a_Hurink_sdata_1_workers.fjs,7,1006,111.9202511725688,111.39161689695008,0.9952766879087537,4999992,4999992,1.0,3274488,4244808,129600.0098657608,129600.58053469658
rl_effect_with_pipeline,hpo_no_rl,hpo_with_rl,2a_Hurink_sdata_1_workers.fjs,8,1007,113.24010124241296,112.68073958301792,0.9950603924470395,4999992,4999992,1.0,4303668,4897536,129600.97104096413,129600.96754956245
rl_effect_with_pipeline,hpo_no_rl,hpo_with_rl,2a_Hurink_sdata_1_workers.fjs,9,1008,113.02051336268107,112.81189987600919,0.9981541980259597,4999992,4999992,1.0,2371848,4467228,129600.25557565689,129600.58837890625
rl_effect_with_pipeline,hpo_no_rl,hpo_with_rl,2a_Hurink_sdata_1_workers.fjs,10,1009,119.65377476979923,119.35475614981365,0.9975009679338503,4999992,4999992,1.0,1749936,998916,129600.15007543564,129600.26675534248
rl_effect_with_pipeline,hpo_no_rl,hpo_with_rl,2a_Hurink_sdata_38_workers.fjs,1,1000,5243.341681754286,4866.9258833431095,0.92821070583269,1393452,1717572,1.232602199429905,377472,837816,129600.07626128197,129602.06462597847
rl_effect_with_pipeline,hpo_no_rl,hpo_with_rl,2a_Hurink_sdata_38_workers.fjs,2,1001,5155.370537097071,5189.939796903478,1.0067054850000894,1329624,1261176,0.9485207848233786,831048,731808,129601.3551018238,129601.25330615044
rl_effect_with_pipeline,hpo_no_rl,hpo_with_rl,2a_Hurink_sdata_38_workers.fjs,3,1002,4983.633257822706,4674.760846211243,0.938022644197056,1562148,1535748,0.9831001928114366,301512,722268,129602.54620432854,129600.05146098137
rl_effect_with_pipeline,hpo_no_rl,hpo_with_rl,2a_Hurink_sdata_38_workers.fjs,4,1003,5180.659489563512,4932.148345993597,0.9520309829143292,1102200,1648440,1.495590636908002,288060,474648,129601.65048575401,129600.57521033287
rl_effect_with_pipeline,hpo_no_rl,hpo_with_rl,2a_Hurink_sdata_38_workers.fjs,5,1004,5178.836645274094,5233.801923072355,1.0106134411187537,1218300,1220304,1.0016449150455553,670020,909096,129601.29696679115,129601.63109326363
rl_effect_with_pipeline,hpo_no_rl,hpo_with_rl,2a_Hurink_sdata_38_workers.fjs,6,1005,4959.240806211314,4833.161068330813,0.9745768066510121,1510764,1311480,0.868090581983685,710820,428436,129601.37071299553,129602.33060479164
rl_effect_with_pipeline,hpo_no_rl,hpo_with_rl,2a_Hurink_sdata_38_workers.fjs,7,1006,4812.132580380412,4681.603416752626,0.9728749859968597,1610628,2077368,1.289787585960259,1598148,526680,129601.84407258034,129603.03227186203
rl_effect_with_pipeline,hpo_no_rl,hpo_with_rl,2a_Hurink_sdata_38_workers.fjs,8,1007,5344.947563978381,4746.897775495219,0.8881093254284391,1433940,2295456,1.600803380894598,506220,2187156,129601.6016459465,129600.61784005165
rl_effect_with_pipeline,hpo_no_rl,hpo_with_rl,2a_Hurink_sdata_38_workers.fjs,9,1008,5036.758672593294,5097.338574619634,1.012027556999301,1726056,2605320,1.509406415550828,667728,319920,129600.59590864182,129601.25132775307
rl_effect_with_pipeline,hpo_no_rl,hpo_with_rl,2a_Hurink_sdata_38_workers.fjs,10,1009,5018.843916122425,4981.2678364662115,0.9925130009451968,1251288,1359180,1.0862247540134646,970692,501432,129601.81746649742,129602.0017273426
rl_effect_with_pipeline,hpo_no_rl,hpo_with_rl,2a_Hurink_sdata_40_workers.fjs,1,1000,3483.6168467697826,3653.9388365735235,1.0488922856030145,4999992,4512228,0.9024470439152703,2473524,2212272,129601.41254734993,129601.45834183693
rl_effect_with_pipeline,hpo_no_rl,hpo_with_rl,2a_Hurink_sdata_40_workers.fjs,2,1001,3380.070169638722,3450.325866580381,1.0207852776468154,4080444,3972564,0.9735617006384599,241416,3166476,129601.1925201416,129602.1625649929
rl_effect_with_pipeline,hpo_no_rl,hpo_with_rl,2a_Hurink_sdata_40_workers.fjs,3,1002,3608.0948870985603,3716.948367852494,1.0301692400449778,4550388,4251984,0.9344222954174457,2146332,482124,129600.10370612144,129602.27283072472
rl_effect_with_pipeline,hpo_no_rl,hpo_with_rl,2a_Hurink_sdata_40_workers.fjs,4,1003,3471.014926325035,3600.694038380912,1.037360574589397,3687036,3858324,1.0464568287372296,2087304,1467816,129601.21055078506,129601.04341316223
rl_effect_with_pipeline,hpo_no_rl,hpo_with_rl,2a_Hurink_sdata_40_workers.fjs,5,1004,3604.5116160677717,3648.453640572323,1.0121908400318844,3903528,4431168,1.1351700308029045,378324,2981604,129601.16972398758,129602.297072649
rl_effect_with_pipeline,hpo_no_rl,hpo_with_rl,2a_Hurink_sdata_40_workers.fjs,6,1005,3320.2961858366834,3472.5729762817996,1.0458624116410697,3968580,4451448,1.1216727393677335,880620,322296,129600.59208750725,129600.46717524529
rl_effect_with_pipeline,hpo_no_rl,hpo_with_rl,2a_Hurink_sdata_40_workers.fjs,7,1006,3646.8430336234487,3608.8051716881164,0.9895696465176516,3665976,3853104,1.0510445240230706,1198836,514224,129602.15698862076,129600.86646318436
rl_effect_with_pipeline,hpo_no_rl,hpo_with_rl,2a_Hurink_sdata_40_workers.fjs,8,1007,3396.0669483581373,3507.2613697188563,1.0327421169993356,4412268,4999992,1.1332022442879717,308856,414204,129601.09539794922,129601.94403243065
rl_effect_with_pipeline,hpo_no_rl,hpo_with_rl,2a_Hurink_sdata_40_workers.fjs,9,1008,3383.429222483871,3483.343504488236,1.0295304779365282,4549992,3938328,0.8655681152845983,2613240,343656,129600.31558966637,129600.89771652222
rl_effect_with_pipeline,hpo_no_rl,hpo_with_rl,2a_Hurink_sdata_40_workers.fjs,10,1009,3601.857987341191,3533.2658412820037,0.9809564546130759,3789276,3890784,1.0267882307860394,2600244,3113880,129600.2562520504,129600.81301140785
rl_effect_with_pipeline,hpo_no_rl,hpo_with_rl,2a_Hurink_sdata_54_workers.fjs,1,1000,17842.517411734516,17409.57773625286,0.9757355049463523,4999992,4999992,1.0,1922040,4846692,129601.25301289558,129600.34230089188
rl_effect_with_pipeline,hpo_no_rl,hpo_with_rl,2a_Hurink_sdata_54_workers.fjs,2,1001,17930.619994258326,17527.25170605976,0.9775039408382012,4999992,4999992,1.0,4490472,4873236,129600.28154683113,129600.67177772522
rl_effect_with_pipeline,hpo_no_rl,hpo_with_rl,2a_Hurink_sdata_54_workers.fjs,3,1002,18401.584294537857,17678.925121355354,0.9607284263346276,4999992,4999992,1.0,4030788,1772256,129600.34978461266,129600.80095505714
rl_effect_with_pipeline,hpo_no_rl,hpo_with_rl,2a_Hurink_sdata_54_workers.fjs,4,1003,19150.90245514131,18715.78357816523,0.9772794583443106,4999992,4999992,1.0,2811684,2674644,129601.17784047127,129600.0616197586
rl_effect_with_pipeline,hpo_no_rl,hpo_with_rl,2a_Hurink_sdata_54_workers.fjs,5,1004,19069.431174418347,19012.01589289716,0.9969891455599259,4999992,4999992,1.0,4560636,4976688,129600.74291968346,129600.71987915039
rl_effect_with_pipeline,hpo_no_rl,hpo_with_rl,2a_Hurink_sdata_54_workers.fjs,6,1005,19346.41123777585,18554.49988408416,0.9590667569318799,4999992,4999992,1.0,4658880,4054224,129601.18333601952,129600.49653482437
rl_effect_with_pipeline,hpo_no_rl,hpo_with_rl,2a_Hurink_sdata_54_workers.fjs,7,1006,19203.184865833206,19187.298202410508,0.9991727068434901,4999992,4999992,1.0,4410408,2899644,129600.2162489891,129600.14090275764
rl_effect_with_pipeline,hpo_no_rl,hpo_with_rl,2a_Hurink_sdata_54_workers.fjs,8,1007,19230.93486024412,19372.075858297212,1.0073392686876015,4999992,4999992,1.0,2384100,3787800,129600.51749277115,129600.43700957298
rl_effect_with_pipeline,hpo_no_rl,hpo_with_rl,2a_Hurink_sdata_54_workers.fjs,9,1008,19265.669763076745,19333.082924859897,1.0034991340873263,4999992,4999992,1.0,2005416,3242724,129600.0012588501,129600.30797147751
rl_effect_with_pipeline,hpo_no_rl,hpo_with_rl,2a_Hurink_sdata_54_workers.fjs,10,1009,19694.23711387975,19628.935975724493,0.9966842514499211,4999992,4999992,1.0,4401756,4812612,129601.24599981308,129600.80525016785
rl_effect_with_pipeline,hpo_no_rl,hpo_with_rl,2a_Hurink_sdata_61_workers.fjs,1,1000,1989.2588610191824,1979.5030311637663,0.9950957464377372,4999992,4999992,1.0,2555712,3754968,129601.11089277267,129600.15351986885
rl_effect_with_pipeline,hpo_no_rl,hpo_with_rl,2a_Hurink_sdata_61_workers.fjs,2,1001,1987.1790073642176,1966.015512887041,0.9893499808528837,4999992,4999992,1.0,1920000,931572,129600.52851438522,129600.62007880211
rl_effect_with_pipeline,hpo_no_rl,hpo_with_rl,2a_Hurink_sdata_61_workers.fjs,3,1002,1998.2850028936034,2018.4347554266208,1.0100835228727831,4999992,4999992,1.0,2443956,2053320,129600.05636787415,129601.44200396538
rl_effect_with_pipeline,hpo_no_rl,hpo_with_rl,2a_Hurink_sdata_61_workers.fjs,4,1003,2097.191234902956,2105.3302405452714,1.0038809077144994,4999992,4999992,1.0,3837636,3248616,129600.66137051582,129601.25420689583
rl_effect_with_pipeline,hpo_no_rl,hpo_with_rl,2a_Hurink_sdata_61_workers.fjs,5,1004,2091.2274529215074,2056.4354960663377,0.9833629016267148,4999992,4999992,1.0,3637080,378396,129600.51082444191,129601.33859300613
rl_effect_with_pipeline,hpo_no_rl,hpo_with_rl,2a_Hurink_sdata_61_workers.fjs,6,1005,1949.5924310508174,1938.5477567484377,0.9943348803952697,4999992,4999992,1.0,2022948,4480344,129600.83961248398,129601.11295342445
rl_effect_with_pipeline,hpo_no_rl,hpo_with_rl,2a_Hurink_sdata_61_workers.fjs,7,1006,1956.6941850990115,1956.223237278468,0.9997593145499538,4999992,4999992,1.0,501936,3040524,129601.49851036072,129600.79431796074
rl_effect_with_pipeline,hpo_no_rl,hpo_with_rl,2a_Hurink_sdata_61_workers.fjs,8,1007,2160.3956316521035,2011.677788303478,0.9311617552036534,4999992,4999992,1.0,675636,3990564,129601.01984477043,129601.3517999649
rl_effect_with_pipeline,hpo_no_rl,hpo_with_rl,2a_Hurink_sdata_61_workers.fjs,9,1008,1999.4396993180746,2013.9728312770417,1.0072686022808908,4999992,4999992,1.0,513804,3230196,129600.49586486816,129600.44187879562
rl_effect_with_pipeline,hpo_no_rl,hpo_with_rl,2a_Hurink_sdata_61_workers.fjs,10,1009,2021.5051492094503,2088.5173390593227,1.0331496508312525,4999992,4999992,1.0,968916,4806072,129600.17095351219,129600.61260461807
rl_effect_with_pipeline,hpo_no_rl,hpo_with_rl,2a_Hurink_sdata_63_workers.fjs,1,1000,889.7136408079318,885.7221337352948,0.9955137171224976,4999992,4999992,1.0,2559384,4933668,129600.52537798882,129600.7767894268
rl_effect_with_pipeline,hpo_no_rl,hpo_with_rl,2a_Hurink_sdata_63_workers.fjs,2,1001,916.520537961095,883.1309962123191,0.9635692378230228,4999992,4999992,1.0,2466012,4004172,129601.03819131851,129600.03608107567
rl_effect_with_pipeline,hpo_no_rl,hpo_with_rl,2a_Hurink_sdata_63_workers.fjs,3,1002,898.3138889051183,907.1913444615748,1.0098823536695802,4999992,4999992,1.0,4707312,199512,129600.99887490273,129601.43965268135
rl_effect_with_pipeline,hpo_no_rl,hpo_with_rl,2a_Hurink_sdata_63_workers.fjs,4,1003,849.7241331488033,879.0468483314135,1.0345085116906703,4999992,4999992,1.0,4879332,202212,129600.3465847969,129600.77520680428
rl_effect_with_pipeline,hpo_no_rl,hpo_with_rl,2a_Hurink_sdata_63_workers.fjs,5,1004,898.5015781668335,888.0132617393516,0.988326880350193,4999992,4999992,1.0,4846416,3443112,129600.66714787483,129600.04890680313
rl_effect_with_pipeline,hpo_no_rl,hpo_with_rl,2a_Hurink_sdata_63_workers.fjs,6,1005,870.9479193450766,877.2221615038965,1.007203923471725,4999992,4999992,1.0,4653504,619104,129601.04555511475,129600.03353762627
rl_effect_with_pipeline,hpo_no_rl,hpo_with_rl,2a_Hurink_sdata_63_workers.fjs,7,1006,871.762357399605,892.2939623572579,1.023551837015419,4999992,4999992,1.0,4389288,4187712,129600.6258893013,129600.64477586746
rl_effect_with_pipeline,hpo_no_rl,hpo_with_rl,2a_Hurink_sdata_63_workers.fjs,8,1007,868.649475400591,863.4600911943685,0.9940259168362137,4999992,4999992,1.0,4592208,1819344,129600.45488762856,129600.57404947281
rl_effect_with_pipeline,hpo_no_rl,hpo_with_rl,2a_Hurink_sdata_63_workers.fjs,9,1008,937.798338803891,931.6097434906543,0.9934009316745752,4999992,4999992,1.0,4294452,4586184,129600.72133851051,129600.54097104073
rl_effect_with_pipeline,hpo_no_rl,hpo_with_rl,2a_Hurink_sdata_63_workers.fjs,10,1009,931.1253716762477,916.4951552669505,0.9842875977238604,4999992,4999992,1.0,2351196,390348,129601.4253358841,129600.71760988235
rl_effect_with_pipeline,hpo_no_rl,hpo_with_rl,2b_Hurink_edata_1_workers.fjs,1,1000,107.39025887957345,108.24659590462647,1.0079740661209626,4999992,4999992,1.0,1325988,1013172,129600.16663599014,129600.95282459259
rl_effect_with_pipeline,hpo_no_rl,hpo_with_rl,2b_Hurink_edata_1_workers.fjs,2,1001,108.14123590707307,107.30960534908614,0.992309773871074,4999992,4999992,1.0,757632,4001184,129600.05009961128,129600.5091817379
rl_effect_with_pipeline,hpo_no_rl,hpo_with_rl,2b_Hurink_edata_1_workers.fjs,3,1002,107.69018650440653,107.58927297064747,0.9990629273006698,4999992,4999992,1.0,3213480,664644,129600.69013285637,129600.93526315689
rl_effect_with_pipeline,hpo_no_rl,hpo_with_rl,2b_Hurink_edata_1_workers.fjs,4,1003,107.35755598793,107.68550700299438,1.003054754852106,4999992,4999992,1.0,4971132,3596916,129600.08437538147,129600.3104133606
rl_effect_with_pipeline,hpo_no_rl,hpo_with_rl,2b_Hurink_edata_1_workers.fjs,5,1004,107.40464215459771,108.3712747041573,1.0089999140648709,4999992,4999992,1.0,4647492,3029652,129600.34408712387,129600.71291017532
rl_effect_with_pipeline,hpo_no_rl,hpo_with_rl,2b_Hurink_edata_1_workers.fjs,6,1005,107.54836967475347,106.99555202455787,0.9948598230557336,4999992,4999992,1.0,1459620,4531500,129600.4890062809,129600.34336328506
rl_effect_with_pipeline,hpo_no_rl,hpo_with_rl,2b_Hurink_edata_1_workers.fjs,7,1006,108.61223735221965,108.01479935603675,0.9944993491456633,4999992,4999992,1.0,2463084,1849860,129600.16199088097,129600.1158850193
rl_effect_with_pipeline,hpo_no_rl,hpo_with_rl,2b_Hurink_edata_1_workers.fjs,8,1007,107.45393444465016,107.15420721837889,0.9972106444699271,4999992,4999992,1.0,2590548,4483800,129600.84916043282,129600.62739443779
rl_effect_with_pipeline,hpo_no_rl,hpo_with_rl,2b_Hurink_edata_1_workers.fjs,9,1008,107.67951428731084,107.7496843788097,1.0006516568352235,4999992,4999992,1.0,2967624,4864272,129600.7037973404,129600.52337908745
rl_effect_with_pipeline,hpo_no_rl,hpo_with_rl,2b_Hurink_edata_1_workers.fjs,10,1009,108.0249609621993,107.2534215085931,0.9928577668833763,4999992,4999992,1.0,128064,3073200,129600.34444856644,129600.55561733246
rl_effect_with_pipeline,hpo_no_rl,hpo_with_rl,2b_Hurink_edata_6_workers.fjs,1,1000,1269.2924360643256,1294.0389646342123,1.0194963176859526,4999992,4999992,1.0,3271908,4675584,129600.08322143555,129600.98584198952
rl_effect_with_pipeline,hpo_no_rl,hpo_with_rl,2b_Hurink_edata_6_workers.fjs,2,1001,1219.9792784460624,1215.848258852404,0.9966138608526857,4999992,4999992,1.0,3087720,4396140,129600.61342668533,129600.87351751328
rl_effect_with_pipeline,hpo_no_rl,hpo_with_rl,2b_Hurink_edata_6_workers.fjs,3,1002,1264.7920447465235,1272.7891900319134,1.0063228934105073,4999992,4999992,1.0,536340,3296316,129600.1403734684,129600.05652189255
rl_effect_with_pipeline,hpo_no_rl,hpo_with_rl,2b_Hurink_edata_6_workers.fjs,4,1003,1254.4859327562751,1254.234018914381,0.9997991895841027,4999992,4999992,1.0,3240156,127272,129600.93363785744,129600.82481360435
rl_effect_with_pipeline,hpo_no_rl,hpo_with_rl,2b_Hurink_edata_6_workers.fjs,5,1004,1248.0525169387174,1226.0527478773456,0.9823727216901627,4999992,4999992,1.0,4874136,2301060,129600.70221567154,129600.55214118958
rl_effect_with_pipeline,hpo_no_rl,hpo_with_rl,2b_Hurink_edata_6_workers.fjs,6,1005,1183.684475161575,1202.8975196647532,1.0162315590905724,4999992,4999992,1.0,4182348,4836624,129600.4908516407,129600.0684530735
rl_effect_with_pipeline,hpo_no_rl,hpo_with_rl,2b_Hurink_edata_6_workers.fjs,7,1006,1294.1233988243707,1263.355434017273,0.9762248601369479,4999992,4999992,1.0,1354584,3582756,129600.71967315674,129600.84797477722
rl_effect_with_pipeline,hpo_no_rl,hpo_with_rl,2b_Hurink_edata_6_workers.fjs,8,1007,1264.3779318702482,1279.633042355543,1.0120653090351948,4999992,4999992,1.0,2986164,4319652,129600.66623950005,129600.80212378502
rl_effect_with_pipeline,hpo_no_rl,hpo_with_rl,2b_Hurink_edata_6_workers.fjs,9,1008,1243.8826203745311,1238.8083390585298,0.9959206108093435,4999992,4999992,1.0,3220152,4883916,129600.62283086777,129600.19727063179
rl_effect_with_pipeline,hpo_no_rl,hpo_with_rl,2b_Hurink_edata_6_workers.fjs,10,1009,1265.1830866548682,1238.9390019590041,0.9792566902192368,4999992,4999992,1.0,4907136,4763712,129600.12804293633,129600.52099871635
rl_effect_with_pipeline,hpo_no_rl,hpo_with_rl,2c_Hurink_rdata_28_workers.fjs,1,1000,2104.05394372552,2201.8460751755833,1.046477958296501,4999992,4999992,1.0,4800432,517092,129600.72164726257,129600.42625427246
rl_effect_with_pipeline,hpo_no_rl,hpo_with_rl,2c_Hurink_rdata_28_workers.fjs,2,1001,2101.2215289616006,2057.4504945179224,0.9791687673858409,4999992,4999992,1.0,4382484,432996,129600.78595852852,129600.91038274765
rl_effect_with_pipeline,hpo_no_rl,hpo_with_rl,2c_Hurink_rdata_28_workers.fjs,3,1002,2083.694740033392,2167.4888675959746,1.040214205062129,4999992,4999992,1.0,711660,580140,129600.38157653809,129600.15401268005
rl_effect_with_pipeline,hpo_no_rl,hpo_with_rl,2c_Hurink_rdata_28_workers.fjs,4,1003,2062.8889951530186,2169.2673065926824,1.0515676372745266,4999992,4999992,1.0,1292328,2313216,129600.46997857094,129601.28985452652
rl_effect_with_pipeline,hpo_no_rl,hpo_with_rl,2c_Hurink_rdata_28_workers.fjs,5,1004,1994.7975518184671,2165.039303241396,1.085342871645163,4999992,4999992,1.0,2497776,409296,129600.91412186623,129600.87235546112
rl_effect_with_pipeline,hpo_no_rl,hpo_with_rl,2c_Hurink_rdata_28_workers.fjs,6,1005,1985.0699839956133,2063.1380378985373,1.0393276078588354,4999992,4999992,1.0,4471908,346824,129600.16078472137,129600.09967255592
rl_effect_with_pipeline,hpo_no_rl,hpo_with_rl,2c_Hurink_rdata_28_workers.fjs,7,1006,2282.367981278477,2329.2099597526076,1.0205234120257383,4999992,4999992,1.0,3881712,345072,129600.012819767,129600.48825311661
rl_effect_with_pipeline,hpo_no_rl,hpo_with_rl,2c_Hurink_rdata_28_workers.fjs,8,1007,2102.8831924986757,2230.003571462334,1.060450518325087,4999992,4999992,1.0,4563240,3998628,129600.167263031,129600.64804244041
rl_effect_with_pipeline,hpo_no_rl,hpo_with_rl,2c_Hurink_rdata_28_workers.fjs,9,1008,2049.1691042511584,2131.35355611791,1.0401062321778392,4999992,4999992,1.0,3266316,3571968,129600.46296858788,129601.26016616821
rl_effect_with_pipeline,hpo_no_rl,hpo_with_rl,2c_Hurink_rdata_28_workers.fjs,10,1009,2024.2955407295171,2113.7806722893333,1.044205566706711,4999992,4999992,1.0,2648820,3242580,129600.53910589218,129600.84718871117
rl_effect_with_pipeline,hpo_no_rl,hpo_with_rl,2c_Hurink_rdata_38_workers.fjs,1,1000,4158.880588850913,4729.079178845975,1.1371038619198743,1707360,1330992,0.779561428169806,427536,301740,129600.1119453907,129600.06630325317
rl_effect_with_pipeline,hpo_no_rl,hpo_with_rl,2c_Hurink_rdata_38_workers.fjs,2,1001,4590.984308721387,4470.310249784781,0.9737149920753674,1270416,1746108,1.3744379793705368,737940,347268,129600.12345576286,129600.19759225845
rl_effect_with_pipeline,hpo_no_rl,hpo_with_rl,2c_Hurink_rdata_38_workers.fjs,3,1002,4327.7255939683455,4130.5786431814995,0.9544455981540017,1525788,2044152,1.3397352712172332,861288,1143876,129602.54167413712,129601.43322324753
rl_effect_with_pipeline,hpo_no_rl,hpo_with_rl,2c_Hurink_rdata_38_workers.fjs,4,1003,4391.719144542186,4517.8102618774665,1.0287111067865031,1965936,2395884,1.2186988793124496,490860,1781448,129600.13065171242,129600.0645365715
rl_effect_with_pipeline,hpo_no_rl,hpo_with_rl,2c_Hurink_rdata_38_workers.fjs,5,1004,4037.0628403193928,4500.668582578238,1.1148373856430154,1411572,1346220,0.9537026804158768,404664,818388,129601.15657162666,129601.38711762428
rl_effect_with_pipeline,hpo_no_rl,hpo_with_rl,2c_Hurink_rdata_38_workers.fjs,6,1005,4674.440166772289,4230.986040906831,0.9051321420225464,1375272,1635876,1.1894926967174493,872184,794640,129600.55668711662,129600.22278857231
rl_effect_with_pipeline,hpo_no_rl,hpo_with_rl,2c_Hurink_rdata_38_workers.fjs,7,1006,4812.853514855348,4376.642683677551,0.9093654461264218,1247796,2031768,1.628285392804593,267792,315876,129601.60257577896,129600.4947066307
rl_effect_with_pipeline,hpo_no_rl,hpo_with_rl,2c_Hurink_rdata_38_workers.fjs,8,1007,4332.418543927158,4327.672458377902,0.9989045182266824,1597644,1760304,1.1018124187866634,881664,950472,129601.64567518234,129600.34310030937
rl_effect_with_pipeline,hpo_no_rl,hpo_with_rl,2c_Hurink_rdata_38_workers.fjs,9,1008,4246.210036984365,4519.256085145264,1.064303471986236,1447092,2272128,1.570133757908965,692652,437904,129601.20413827896,129601.8215405941
rl_effect_with_pipeline,hpo_no_rl,hpo_with_rl,2c_Hurink_rdata_38_workers.fjs,10,1009,4063.3477976058157,4002.3182664440073,0.9849804805786578,1923012,2102376,1.0932724288771989,744132,1182540,129601.76312232018,129600.06670689583
rl_effect_with_pipeline,hpo_no_rl,hpo_with_rl,2c_Hurink_rdata_50_workers.fjs,1,1000,13286.3648695106,12926.035742887812,0.9728797808759816,4999992,4999992,1.0,1135104,3424080,129600.7172665596,129600.56624221802
rl_effect_with_pipeline,hpo_no_rl,hpo_with_rl,2c_Hurink_rdata_50_workers.fjs,2,1001,12692.267007210841,12978.316744494456,1.0225373242716294,4999992,4999992,1.0,564144,3713904,129600.64633750916,129600.06319141388
rl_effect_with_pipeline,hpo_no_rl,hpo_with_rl,2c_Hurink_rdata_50_workers.fjs,3,1002,13338.55454377481,12946.23312021643,0.970587410931908,4999992,4999992,1.0,3974436,937200,129600.9459900856,129600.25011920929
rl_effect_with_pipeline,hpo_no_rl,hpo_with_rl,2c_Hurink_rdata_50_workers.fjs,4,1003,12918.926160278002,12731.940081589599,0.9855261903064875,4999992,4999992,1.0,4074624,2089344,129600.78850579262,129600.42680358887
rl_effect_with_pipeline,hpo_no_rl,hpo_with_rl,2c_Hurink_rdata_50_workers.fjs,5,1004,12738.38545290231,12779.466332411886,1.0032249675330884,4999992,4999992,1.0,3243804,4021056,129600.0433344841,129600.34546995163
rl_effect_with_pipeline,hpo_no_rl,hpo_with_rl,2c_Hurink_rdata_50_workers.fjs,6,1005,12511.261815190534,12983.550053679935,1.037749049253847,4999992,4999992,1.0,2381760,4926096,129600.82386255264,129600.85043001175
rl_effect_with_pipeline,hpo_no_rl,hpo_with_rl,2c_Hurink_rdata_50_workers.fjs,7,1006,12900.09167312437,12793.028154087679,0.9917005613797502,4999992,4999992,1.0,2851512,806700,129600.72384166718,129600.6326417923
rl_effect_with_pipeline,hpo_no_rl,hpo_with_rl,2c_Hurink_rdata_50_workers.fjs,8,1007,13050.590209722925,13280.70263900852,1.0176323388894823,4999992,4999992,1.0,1798212,1498248,129600.47368526459,129600.6342344284
rl_effect_with_pipeline,hpo_no_rl,hpo_with_rl,2c_Hurink_rdata_50_workers.fjs,9,1008,13657.116098787761,13568.244898366096,0.9934926817800462,4999992,4999992,1.0,4078608,1737756,129600.28846979141,129600.88780331612
rl_effect_with_pipeline,hpo_no_rl,hpo_with_rl,2c_Hurink_rdata_50_workers.fjs,10,1009,13208.357606230711,12906.946899955845,0.9771803039211565,4999992,4999992,1.0,4031748,323244,129600.05403137207,129600.26202368736
rl_effect_with_pipeline,hpo_no_rl,hpo_with_rl,2d_Hurink_vdata_18_workers.fjs,1,1000,2338.1416932836446,2418.842377453429,1.0345148817976253,4999992,4999992,1.0,341400,2505912,129600.84610915184,129600.64202833176
rl_effect_with_pipeline,hpo_no_rl,hpo_with_rl,2d_Hurink_vdata_18_workers.fjs,2,1001,2398.1245101448685,2440.965426955456,1.0178643421679552,4999992,4999992,1.0,793956,2864484,129601.02863502502,129600.23330640793
rl_effect_with_pipeline,hpo_no_rl,hpo_with_rl,2d_Hurink_vdata_18_workers.fjs,3,1002,2426.982809905376,2476.6389872333393,1.0204600449271,4999992,4999992,1.0,4890900,773220,129601.00853419304,129600.28815507889
rl_effect_with_pipeline,hpo_no_rl,hpo_with_rl,2d_Hurink_vdata_18_workers.fjs,4,1003,2413.8427913924934,2450.360046204575,1.0151282655781473,4999992,4999992,1.0,1318584,2567712,129601.07142472267,129600.67204284668
rl_effect_with_pipeline,hpo_no_rl,hpo_with_rl,2d_Hurink_vdata_18_workers.fjs,5,1004,2388.3747675481204,2386.778078239719,0.9993314745532835,4999992,4999992,1.0,3262788,329400,129601.08990812302,129600.30304932594
rl_effect_with_pipeline,hpo_no_rl,hpo_with_rl,2d_Hurink_vdata_18_workers.fjs,6,1005,2321.320121340583,2351.0295820736974,1.0127985194545064,4999992,4999992,1.0,2380068,1139652,129601.06641149521,129600.69427418709
rl_effect_with_pipeline,hpo_no_rl,hpo_with_rl,2d_Hurink_vdata_18_workers.fjs,7,1006,2422.2198753660887,2452.8718255754393,1.0126544871178211,4999992,4999992,1.0,4651008,1066500,129600.45471763611,129600.45543956757
rl_effect_with_pipeline,hpo_no_rl,hpo_with_rl,2d_Hurink_vdata_18_workers.fjs,8,1007,2506.820528760854,2396.4080572979665,0.955955175013081,4999992,4999992,1.0,3022128,4991688,129600.72908854485,129600.90157866478
rl_effect_with_pipeline,hpo_no_rl,hpo_with_rl,2d_Hurink_vdata_18_workers.fjs,9,1008,2364.580259039567,2337.8507962332437,0.9886958953056725,4999992,4999992,1.0,3040308,2649840,129600.99162721634,129601.68297123909
rl_effect_with_pipeline,hpo_no_rl,hpo_with_rl,2d_Hurink_vdata_18_workers.fjs,10,1009,2508.9728986322853,2486.4714039056703,0.9910315911587243,4999992,4999992,1.0,3040908,2990940,129600.54223537445,129600.51356172562
rl_effect_with_pipeline,hpo_no_rl,hpo_with_rl,2d_Hurink_vdata_30_workers.fjs,1,1000,2732.557182844331,2878.4213041883895,1.0533800801168334,4488156,4128420,0.919847705828407,2729184,804216,129600.51445746422,129601.05111074448
rl_effect_with_pipeline,hpo_no_rl,hpo_with_rl,2d_Hurink_vdata_30_workers.fjs,2,1001,2742.137451896344,2782.9214180365016,1.0148730568235933,4492584,4149168,0.9235593591572244,2929680,554724,129601.34713935852,129601.82532548904
rl_effect_with_pipeline,hpo_no_rl,hpo_with_rl,2d_Hurink_vdata_30_workers.fjs,3,1002,2684.529845169289,2964.057137667257,1.1041252318356478,4371636,4116360,0.9416063002500665,2380824,3572616,129600.45693564415,129601.39866113663
rl_effect_with_pipeline,hpo_no_rl,hpo_with_rl,2d_Hurink_vdata_30_workers.fjs,4,1003,2771.070312339143,3075.863394228826,1.1099911036297012,4364376,4163604,0.9539975474157131,1783488,3104544,129601.01465272903,129600.47997665405
rl_effect_with_pipeline,hpo_no_rl,hpo_with_rl,2d_Hurink_vdata_30_workers.fjs,5,1004,2793.972021574068,2748.790798247636,0.9838290351594222,4256088,4068456,0.9559144453780091,502740,1408920,129601.0744907856,129601.77567481995
rl_effect_with_pipeline,hpo_no_rl,hpo_with_rl,2d_Hurink_vdata_30_workers.fjs,6,1005,2818.078300317955,2609.476292650928,0.9259772137475771,4221528,4510956,1.0685600095510441,724632,1425276,129600.31451869011,129601.17221856117
rl_effect_with_pipeline,hpo_no_rl,hpo_with_rl,2d_Hurink_vdata_30_workers.fjs,7,1006,2988.110388294515,2918.082397750733,0.9765644566485541,4157556,4125708,0.9923397303608178,1084188,464748,129601.05265641212,129601.8084449768
rl_effect_with_pipeline,hpo_no_rl,hpo_with_rl,2d_Hurink_vdata_30_workers.fjs,8,1007,2767.8961799327503,2522.673192979907,0.9114045574647235,4267788,4655088,1.0907495873740682,3143448,1256124,129600.85506439209,129600.23119521141
rl_effect_with_pipeline,hpo_no_rl,hpo_with_rl,2d_Hurink_vdata_30_workers.fjs,9,1008,2850.052229278548,2755.794150757551,0.9669275960795788,4266696,4129104,0.9677520967043352,771900,351756,129601.25429177284,129601.81640791893
rl_effect_with_pipeline,hpo_no_rl,hpo_with_rl,2d_Hurink_vdata_30_workers.fjs,10,1009,2785.4872152956955,2856.975811003764,1.0256646648081922,4151064,4100676,0.98786142540804,210444,271176,129601.23010730743,129600.874178648
rl_effect_with_pipeline,hpo_no_rl,hpo_with_rl,2d_Hurink_vdata_5_workers.fjs,1,1000,1116.9565051890293,1169.8285936583138,1.0473358525812397,4999992,4999992,1.0,3941856,2416740,129600.74390077591,129600.36170268059
rl_effect_with_pipeline,hpo_no_rl,hpo_with_rl,2d_Hurink_vdata_5_workers.fjs,2,1001,1147.630071744342,1198.0285976541654,1.0439153061170836,4999992,4999992,1.0,3307260,1307052,129600.57132339478,129600.69594025612
rl_effect_with_pipeline,hpo_no_rl,hpo_with_rl,2d_Hurink_vdata_5_workers.fjs,3,1002,1158.0363732113174,1182.5062794025907,1.0211305160678301,4999992,4999992,1.0,4246740,2516004,129600.0476667881,129600.75224637985
rl_effect_with_pipeline,hpo_no_rl,hpo_with_rl,2d_Hurink_vdata_5_workers.fjs,4,1003,1220.9152247718273,1199.7941657615652,0.9827006342604915,4999992,4999992,1.0,887292,4502832,129600.38531804085,129600.38226151466
rl_effect_with_pipeline,hpo_no_rl,hpo_with_rl,2d_Hurink_vdata_5_workers.fjs,5,1004,1156.1231625250343,1143.2852187640585,0.9888956953920575,4999992,4999992,1.0,1203408,4213056,129600.81000971794,129600.13512992859
rl_effect_with_pipeline,hpo_no_rl,hpo_with_rl,2d_Hurink_vdata_5_workers.fjs,6,1005,1151.7444610538391,1145.2505723204877,0.9943616931073325,4999992,4999992,1.0,1368048,4757136,129600.61278438568,129600.51202368736
rl_effect_with_pipeline,hpo_no_rl,hpo_with_rl,2d_Hurink_vdata_5_workers.fjs,7,1006,1188.6187154552015,1186.473698026902,0.9981953696333327,4999992,4999992,1.0,4103388,2139720,129600.03239631653,129600.36074900627
rl_effect_with_pipeline,hpo_no_rl,hpo_with_rl,2d_Hurink_vdata_5_workers.fjs,8,1007,1188.5710301952554,1204.5339289495469,1.013430327972632,4999992,4999992,1.0,2352660,4928052,129600.98840808868,129600.52915525436
rl_effect_with_pipeline,hpo_no_rl,hpo_with_rl,2d_Hurink_vdata_5_workers.fjs,9,1008,1216.0186996365592,1187.6457485478,0.9766673398219622,4999992,4999992,1.0,982860,2700300,129600.05128312111,129601.15223431587
rl_effect_with_pipeline,hpo_no_rl,hpo_with_rl,2d_Hurink_vdata_5_workers.fjs,10,1009,1143.5296569027626,1142.9283385777187,0.9994741558984377,4999992,4999992,1.0,2622648,1154604,129600.81614923477,129600.82445859909
rl_effect_with_pipeline,hpo_no_rl,hpo_with_rl,3_DPpaulli_15_workers.fjs,1,1000,6315.666684812021,6168.54604165931,0.9767054452847379,1040004,1201452,1.155237864469752,1014348,525528,129600.23793315887,129600.32150173187
rl_effect_with_pipeline,hpo_no_rl,hpo_with_rl,3_DPpaulli_15_workers.fjs,2,1001,5883.734606612168,5982.665995726675,1.0168143867337809,1746516,1773780,1.0156105068605155,834756,1182708,129602.37042045593,129600.06606841087
rl_effect_with_pipeline,hpo_no_rl,hpo_with_rl,3_DPpaulli_15_workers.fjs,3,1002,6099.518831073542,5896.213121877367,0.9666685660251675,1344432,1610640,1.1980077832125389,860220,779244,129601.03500938416,129601.07074213028
rl_effect_with_pipeline,hpo_no_rl,hpo_with_rl,3_DPpaulli_15_workers.fjs,4,1003,6182.08546702515,6456.492205452014,1.0443874061415896,1146720,864960,0.7542904981163667,646476,288432,129601.27291154861,129600.06821322441
rl_effect_with_pipeline,hpo_no_rl,hpo_with_rl,3_DPpaulli_15_workers.fjs,5,1004,6092.4564798826295,5580.062100311878,0.915896915921733,1179876,1341648,1.1371093233526235,617028,764568,129600.58405065536,129602.70951867104
rl_effect_with_pipeline,hpo_no_rl,hpo_with_rl,3_DPpaulli_15_workers.fjs,6,1005,6092.350403988561,6079.646804895806,0.9979148278988618,1182948,1185336,1.0020186855212572,678780,991248,129601.9504828453,129601.66024851799
rl_effect_with_pipeline,hpo_no_rl,hpo_with_rl,3_DPpaulli_15_workers.fjs,7,1006,6400.6032540693695,6377.674404384256,0.9964177048982789,1356072,1668924,1.2307045643594146,510612,753660,129601.21746850014,129602.73049378395
rl_effect_with_pipeline,hpo_no_rl,hpo_with_rl,3_DPpaulli_15_workers.fjs,8,1007,6284.071010815473,5944.861084487461,0.9460206726269962,1412736,1483020,1.0497502718129927,375744,1231872,129600.26473021507,129601.30952954292
rl_effect_with_pipeline,hpo_no_rl,hpo_with_rl,3_DPpaulli_15_workers.fjs,9,1008,6073.745922625932,6137.160526578142,1.010440773249335,1102152,2070732,1.8788080047035254,522168,697380,129603.25242447853,129601.0610692501
rl_effect_with_pipeline,hpo_no_rl,hpo_with_rl,3_DPpaulli_15_workers.fjs,10,1009,6407.139148933583,6353.04820113861,0.9915577067178296,1253004,982428,0.7840581514504343,381012,371532,129602.73492741585,129602.67705798149
rl_effect_with_pipeline,hpo_no_rl,hpo_with_rl,3_DPpaulli_18_workers.fjs,1,1000,5674.23442695636,6122.2560601046125,1.078957194827879,1154892,1260936,1.0918215729262997,528984,622344,129600.15075421333,129603.05218172073
rl_effect_with_pipeline,hpo_no_rl,hpo_with_rl,3_DPpaulli_18_workers.fjs,2,1001,6321.531196603717,6374.617079219482,1.0083976304102218,1341384,1212564,0.9039648601742678,1333032,733716,129600.08222723007,129601.67435884476
rl_effect_with_pipeline,hpo_no_rl,hpo_with_rl,3_DPpaulli_18_workers.fjs,3,1002,5767.290441404716,6663.859464523752,1.155457581376925,1058616,1030356,0.9733047677344759,856644,415464,129602.22994565964,129600.68075370789
rl_effect_with_pipeline,hpo_no_rl,hpo_with_rl,3_DPpaulli_18_workers.fjs,4,1003,6151.828075738808,6477.310075663645,1.0529081755727947,942540,1137060,1.2063785091348909,242784,632052,129601.90612125397,129602.0459599495
rl_effect_with_pipeline,hpo_no_rl,hpo_with_rl,3_DPpaulli_18_workers.fjs,5,1004,5715.420790688579,5556.622663315557,0.9722158467086567,1418808,1718820,1.2114535581981494,751212,1231128,129600.96314120293,129600.79198813438
rl_effect_with_pipeline,hpo_no_rl,hpo_with_rl,3_DPpaulli_18_workers.fjs,6,1005,6382.243955664187,6311.629685862407,0.9889358240937954,1009236,1016064,1.0067655137153253,223848,442824,129601.53480195999,129600.16288614273
rl_effect_with_pipeline,hpo_no_rl,hpo_with_rl,3_DPpaulli_18_workers.fjs,7,1006,6447.849520045399,5902.93224068161,0.915488524093231,990600,1317060,1.329557843731072,412992,527292,129602.27617907524,129600.82497692108
rl_effect_with_pipeline,hpo_no_rl,hpo_with_rl,3_DPpaulli_18_workers.fjs,8,1007,6047.251056481883,5861.272305999288,0.9692457368239656,1313388,1983636,1.5103198750102789,1249584,1460964,129601.67050743103,129603.33762407303
rl_effect_with_pipeline,hpo_no_rl,hpo_with_rl,3_DPpaulli_18_workers.fjs,9,1008,6131.510691265716,5902.535454081486,0.9626559833761029,1370700,1759788,1.283860801050558,1074720,1012452,129603.96430253983,129601.6616859436
rl_effect_with_pipeline,hpo_no_rl,hpo_with_rl,3_DPpaulli_18_workers.fjs,10,1009,6203.578110276858,6307.629843063427,1.0167728576858244,1357920,1103604,0.8127165075998586,849900,317676,129603.18802261353,129600.32993173599
rl_effect_with_pipeline,hpo_no_rl,hpo_with_rl,3_DPpaulli_1_workers.fjs,1,1000,6226.4107627079375,6122.291631163411,0.9832778248155212,3875520,3837696,0.9902402774337379,327888,1914456,129601.27248978615,129601.08025693893
rl_effect_with_pipeline,hpo_no_rl,hpo_with_rl,3_DPpaulli_1_workers.fjs,2,1001,5842.189637240436,5849.649836633838,1.001276952625065,3999588,3941928,0.9855835151020556,2579868,1957968,129601.3736937046,129601.48895478249
rl_effect_with_pipeline,hpo_no_rl,hpo_with_rl,3_DPpaulli_1_workers.fjs,3,1002,6041.96310266121,6213.528893439074,1.0283957031618245,4054920,3859008,0.9516853600071025,3651432,351288,129600.45227694511,129600.20322608948
rl_effect_with_pipeline,hpo_no_rl,hpo_with_rl,3_DPpaulli_1_workers.fjs,4,1003,6198.92877201739,6352.275519595534,1.024737620517656,4076124,3841752,0.9425012585485623,1467000,875616,129600.5401031971,129601.16348147392
rl_effect_with_pipeline,hpo_no_rl,hpo_with_rl,3_DPpaulli_1_workers.fjs,5,1004,6009.535886794876,6206.913863924246,1.0328441298708408,3993624,3995136,1.0003786034939695,2204592,3099576,129601.92880654335,129600.90080809593
rl_effect_with_pipeline,hpo_no_rl,hpo_with_rl,3_DPpaulli_1_workers.fjs,6,1005,6564.407026966815,6234.552603093043,0.9497510708097902,3993744,4011216,1.004374842253284,1498416,1143684,129601.99689221382,129600.21571564674
rl_effect_with_pipeline,hpo_no_rl,hpo_with_rl,3_DPpaulli_1_workers.fjs,7,1006,6318.288705718855,6334.0748148772645,1.002498478606101,3898668,3949872,1.0131337164385374,2025312,310932,129601.65049290657,129600.04947829247
rl_effect_with_pipeline,hpo_no_rl,hpo_with_rl,3_DPpaulli_1_workers.fjs,8,1007,6342.5193125405185,6270.10739649456,0.9885830988479949,3900780,3928272,1.0070478212049898,262296,323592,129600.18881869316,129600.41040921211
rl_effect_with_pipeline,hpo_no_rl,hpo_with_rl,3_DPpaulli_1_workers.fjs,9,1008,5963.943542361118,6242.703028659034,1.046740798989448,3923652,3795996,0.9674650045416872,374736,867744,129600.46105623245,129602.09354138374
rl_effect_with_pipeline,hpo_no_rl,hpo_with_rl,3_DPpaulli_1_workers.fjs,10,1009,6214.35298266549,6273.5092264105715,1.009519292500779,4001064,3931056,0.9825026542939578,994044,3653484,129600.7174642086,129600.30877375603
rl_effect_with_pipeline,hpo_no_rl,hpo_with_rl,3_DPpaulli_9_workers.fjs,1,1000,5452.167505413335,5394.688028613864,0.9894574998397608,2831208,2900340,1.0244178456687039,905424,677220,129601.748452425,129601.72605895996
rl_effect_with_pipeline,hpo_no_rl,hpo_with_rl,3_DPpaulli_9_workers.fjs,2,1001,5209.81415478112,5453.971969580922,1.0468649758985615,2920932,2720148,0.9312602963711583,2577204,1353888,129601.5965476036,129601.92360019684
rl_effect_with_pipeline,hpo_no_rl,hpo_with_rl,3_DPpaulli_9_workers.fjs,3,1002,5707.530111476794,5198.420323400686,0.9108003325199491,2755908,2836104,1.029099665155731,288312,838188,129600.62103939056,129601.54879927635
rl_effect_with_pipeline,hpo_no_rl,hpo_with_rl,3_DPpaulli_9_workers.fjs,4,1003,5888.539312596222,5430.288716103479,0.9221792413761261,2758296,2777544,1.0069782213366514,312144,474252,129602.50903010368,129603.00056362152
rl_effect_with_pipeline,hpo_no_rl,hpo_with_rl,3_DPpaulli_9_workers.fjs,5,1004,5409.048128544977,5179.817595225162,0.957620910764298,3041376,3143568,1.0336005807897477,2823756,1942212,129600.12894296646,129600.76935577393
rl_effect_with_pipeline,hpo_no_rl,hpo_with_rl,3_DPpaulli_9_workers.fjs,6,1005,5518.147215209319,5073.856966100396,0.9194856114232772,2753988,2853252,1.0360437300380394,1772892,1344120,129602.58228588104,129601.10546946526
rl_effect_with_pipeline,hpo_no_rl,hpo_with_rl,3_DPpaulli_9_workers.fjs,7,1006,5564.990003285024,5522.032898517786,0.9922808298412251,2773368,2792232,1.0068018380539474,1297776,723984,129602.29380655289,129601.14362597466
rl_effect_with_pipeline,hpo_no_rl,hpo_with_rl,3_DPpaulli_9_workers.fjs,8,1007,5342.630598294458,5761.640313516761,1.0784276036894755,2863044,2718324,0.949452401010952,460008,2216124,129600.0681488514,129601.59064507484
rl_effect_with_pipeline,hpo_no_rl,hpo_with_rl,3_DPpaulli_9_workers.fjs,9,1008,5803.007544919678,5370.040190168921,0.9253891449564279,2750760,2897220,1.0532434672599573,2621988,1224636,129600.38820290565,129600.05315542221
rl_effect_with_pipeline,hpo_no_rl,hpo_with_rl,3_DPpaulli_9_workers.fjs,10,1009,5234.5457375258375,5858.23655982788,1.1191489870517086,2977608,2677524,0.8992197764111327,725808,435156,129601.9117205143,129600.11515641212
rl_effect_with_pipeline,hpo_no_rl,hpo_with_rl,4_ChambersBarnes_10_workers.fjs,1,1000,2264.193594792244,2186.7331280809985,0.9657889383269133,4999992,4999992,1.0,4299132,3896640,129601.00970482826,129600.49553513527
rl_effect_with_pipeline,hpo_no_rl,hpo_with_rl,4_ChambersBarnes_10_workers.fjs,2,1001,2395.2262910285613,2406.8368368083825,1.0048473690453839,4999992,4999992,1.0,103356,503784,129600.88217043877,129601.2599709034
rl_effect_with_pipeline,hpo_no_rl,hpo_with_rl,4_ChambersBarnes_10_workers.fjs,3,1002,2223.9476987038074,2158.7800980492357,0.9706973321843164,4999992,4999992,1.0,472920,4944420,129601.70232820511,129601.58170294762
rl_effect_with_pipeline,hpo_no_rl,hpo_with_rl,4_ChambersBarnes_10_workers.fjs,4,1003,2366.9383972365154,2288.49478501919,0.9668586168913771,4999992,4999992,1.0,3059688,287664,129601.53652691841,129600.35441279411
rl_effect_with_pipeline,hpo_no_rl,hpo_with_rl,4_ChambersBarnes_10_workers.fjs,5,1004,2216.476881299184,2174.397014563411,0.9810149760230715,4999992,4999992,1.0,695976,3987108,129601.37880587578,129600.47130250931
rl_effect_with_pipeline,hpo_no_rl,hpo_with_rl,4_ChambersBarnes_10_workers.fjs,6,1005,2289.038449122597,2192.905787125211,0.9580030374613262,4999992,4999992,1.0,2064852,3519924,129600.82997870445,129600.62719345093
rl_effect_with_pipeline,hpo_no_rl,hpo_with_rl,4_ChambersBarnes_10_workers.fjs,7,1006,2218.5192570684558,2219.55475163941,1.0004667503190043,4999992,4999992,1.0,2057520,148044,129601.2759757042,129600.16783070564
rl_effect_with_pipeline,hpo_no_rl,hpo_with_rl,4_ChambersBarnes_10_workers.fjs,8,1007,2238.3899604355584,2210.318782338263,0.9874592101494983,4999992,4999992,1.0,1177104,184944,129601.06395792961,129600.04494976997
rl_effect_with_pipeline,hpo_no_rl,hpo_with_rl,4_ChambersBarnes_10_workers.fjs,9,1008,2463.0061901716927,2345.860707667246,0.9524380072726165,4999992,4999992,1.0,2802660,2656920,129601.38228368759,129600.58891010284
rl_effect_with_pipeline,hpo_no_rl,hpo_with_rl,4_ChambersBarnes_10_workers.fjs,10,1009,2161.903694157994,2128.0333371779006,0.9843330870511857,4999992,4999992,1.0,1411680,656592,129600.33429193497,129601.43721747398
rl_effect_with_pipeline,hpo_no_rl,hpo_with_rl,5_Kacem_3_workers.fjs,1,1000,14.893994090917536,15.269658700918702,1.0252225566700237,4999992,4999992,1.0,4657944,827400,129600.42467594147,129600.65015172958
rl_effect_with_pipeline,hpo_no_rl,hpo_with_rl,5_Kacem_3_workers.fjs,2,1001,18.88933823122548,18.74242545267141,0.9922224496826886,4999992,4999992,1.0,4641180,4966488,129600.41030406952,129600.28701615334
rl_effect_with_pipeline,hpo_no_rl,hpo_with_rl,5_Kacem_3_workers.fjs,3,1002,16.862099479125106,19.085037846051854,1.1318304621366215,4999992,4999992,1.0,3014292,682848,129600.52081346512,129600.33481907845
rl_effect_with_pipeline,hpo_no_rl,hpo_with_rl,5_Kacem_3_workers.fjs,4,1003,19.265141975559516,16.78581020275641,0.8713047754359412,4999992,4999992,1.0,742320,3881280,129600.67458343506,129600.81490015984
rl_effect_with_pipeline,hpo_no_rl,hpo_with_rl,5_Kacem_3_workers.fjs,5,1004,14.833185970288799,16.666807339511365,1.1236161518432621,4999992,4999992,1.0,1010568,1153176,129600.10574603081,129600.8400053978
rl_effect_with_pipeline,hpo_no_rl,hpo_with_rl,5_Kacem_3_workers.fjs,6,1005,16.858784408129377,14.976200364855139,0.8883321597987546,4999992,4999992,1.0,4225956,3719184,129600.4271683693,129600.27533054352
rl_effect_with_pipeline,hpo_no_rl,hpo_with_rl,5_Kacem_3_workers.fjs,7,1006,15.667413653214808,15.407883508847089,0.98343503592155,4999992,4999992,1.0,4948776,3400188,129600.7281756401,129600.8506166935
rl_effect_with_pipeline,hpo_no_rl,hpo_with_rl,5_Kacem_3_workers.fjs,8,1007,16.891333052317638,18.65624744290216,1.1044863886774383,4999992,4999992,1.0,3343032,4773240,129600.6243057251,129600.06172680855
rl_effect_with_pipeline,hpo_no_rl,hpo_with_rl,5_Kacem_3_workers.fjs,9,1008,17.10370464004705,16.731520421566465,0.9782395553294845,4999992,4999992,1.0,4055004,4379664,129600.069596529,129600.39816784859
rl_effect_with_pipeline,hpo_no_rl,hpo_with_rl,5_Kacem_3_workers.fjs,10,1009,15.272979404730174,15.141900303111864,0.9914175814590758,4999992,4999992,1.0,4892496,3286464,129600.56055760384,129600.10703730583
rl_effect_with_pipeline,hpo_no_rl,hpo_with_rl,5_Kacem_4_workers.fjs,1,1000,32.62000314117165,31.88273922429508,0.9773984106106346,4999992,4999992,1.0,2364660,4934964,129600.85494828224,129600.40026760101
rl_effect_with_pipeline,hpo_no_rl,hpo_with_rl,5_Kacem_4_workers.fjs,2,1001,34.54800435228695,32.786629957336835,0.9490166095561025,4999992,4999992,1.0,2883888,2927928,129600.03968501091,129600.01687145233
rl_effect_with_pipeline,hpo_no_rl,hpo_with_rl,5_Kacem_4_workers.fjs,3,1002,30.584111679300836,30.45375843454326,0.9957378770348332,4999992,4999992,1.0,4884036,4169088,129600.41370368004,129600.17480325699
rl_effect_with_pipeline,hpo_no_rl,hpo_with_rl,5_Kacem_4_workers.fjs,4,1003,32.31666674160163,28.089724866372052,0.8692024177794244,4999992,4999992,1.0,4283724,4964796,129600.53338336945,129600.77935647964
rl_effect_with_pipeline,hpo_no_rl,hpo_with_rl,5_Kacem_4_workers.fjs,5,1004,27.64752298825861,32.0342467904701,1.1586660694368334,4999992,4999992,1.0,4486632,2807196,129600.12203359604,129600.71714878082
rl_effect_with_pipeline,hpo_no_rl,hpo_with_rl,5_Kacem_4_workers.fjs,6,1005,37.32043926843459,30.544944659046244,0.8184508343898562,4999992,4999992,1.0,4747044,3989220,129600.06973552704,129600.18161010742
rl_effect_with_pipeline,hpo_no_rl,hpo_with_rl,5_Kacem_4_workers.fjs,7,1006,32.40552390767589,34.54682596229813,1.0660783038324841,4999992,4999992,1.0,2171172,3702432,129600.2659676075,129600.71140694618
rl_effect_with_pipeline,hpo_no_rl,hpo_with_rl,5_Kacem_4_workers.fjs,8,1007,29.979169939299528,32.793423276207626,1.0938736243400424,4999992,4999992,1.0,4904268,3933444,129600.2959291935,129600.29044246674
rl_effect_with_pipeline,hpo_no_rl,hpo_with_rl,5_Kacem_4_workers.fjs,9,1008,32.412958948287205,31.226993847839733,0.9634107733780306,4999992,4999992,1.0,4687128,3879288,129600.23063850403,129600.09148907661
rl_effect_with_pipeline,hpo_no_rl,hpo_with_rl,5_Kacem_4_workers.fjs,10,1009,29.631765645105688,28.689620276745085,0.9682048859442091,4999992,4999992,1.0,3387864,4061472,129600.80053424835,129600.04551625252
rl_effect_with_pipeline,hpo_no_rl,hpo_with_rl,6_Fattahi_14_workers.fjs,1,1000,1276.7222502972893,1254.3721224020246,0.9824941345777749,4999992,4999992,1.0,963012,2371272,129600.2794110775,129600.59916758537
rl_effect_with_pipeline,hpo_no_rl,hpo_with_rl,6_Fattahi_14_workers.fjs,2,1001,1201.2763932415203,1203.0556430693275,1.0014811327666284,4999992,4999992,1.0,1694244,4159452,129600.80251383781,129600.03128004074
rl_effect_with_pipeline,hpo_no_rl,hpo_with_rl,6_Fattahi_14_workers.fjs,3,1002,1230.143385561748,1202.7987190796616,0.9777711551327821,4999992,4999992,1.0,2350164,3187896,129600.58794140816,129600.06642699242
rl_effect_with_pipeline,hpo_no_rl,hpo_with_rl,6_Fattahi_14_workers.fjs,4,1003,1213.7789759664672,1205.649902789249,0.9933026742609827,4999992,4999992,1.0,838836,1526880,129600.69088983536,129600.33220410347
rl_effect_with_pipeline,hpo_no_rl,hpo_with_rl,6_Fattahi_14_workers.fjs,5,1004,1182.4070965476344,1185.3734511323148,1.002508742203376,4999992,4999992,1.0,3987300,3224616,129600.42942166328,129600.65481567383
rl_effect_with_pipeline,hpo_no_rl,hpo_with_rl,6_Fattahi_14_workers.fjs,6,1005,1215.123106615531,1220.6866121212036,1.0045785529675002,4999992,4999992,1.0,911052,3944928,129600.22383642197,129600.78834795952
rl_effect_with_pipeline,hpo_no_rl,hpo_with_rl,6_Fattahi_14_workers.fjs,7,1006,1218.0202348264754,1239.0071467509235,1.0172303475134286,4999992,4999992,1.0,371616,1147620,129600.64266371727,129600.01630020142
rl_effect_with_pipeline,hpo_no_rl,hpo_with_rl,6_Fattahi_14_workers.fjs,8,1007,1214.2193831324464,1223.5860506979375,1.0077141476207758,4999992,4999992,1.0,280920,1566816,129600.651730299,129600.49932098389
rl_effect_with_pipeline,hpo_no_rl,hpo_with_rl,6_Fattahi_14_workers.fjs,9,1008,1177.0187264136503,1163.8780962073588,0.9888356659827064,4999992,4999992,1.0,3214752,1936680,129600.23373317719,129600.00906705856
rl_effect_with_pipeline,hpo_no_rl,hpo_with_rl,6_Fattahi_14_workers.fjs,10,1009,1233.0644444454656,1173.974460624357,0.9520787546123086,4999992,4999992,1.0,3300672,3471648,129600.34478831291,129600.26378035545
rl_effect_with_pipeline,hpo_no_rl,hpo_with_rl,6_Fattahi_20_workers.fjs,1,1000,2900.689812109382,2828.7093811557147,0.9751850643756621,4999992,4999992,1.0,4233900,4113588,129600.79532527924,129600.52614569664
rl_effect_with_pipeline,hpo_no_rl,hpo_with_rl,6_Fattahi_20_workers.fjs,2,1001,2938.706883843348,2929.717742514588,0.9969411235335578,4999992,4999992,1.0,4729404,4982220,129600.52270960808,129600.54550170898
rl_effect_with_pipeline,hpo_no_rl,hpo_with_rl,6_Fattahi_20_workers.fjs,3,1002,2903.870044266489,2957.2781091456973,1.018392029968648,4999992,4999992,1.0,1894008,3670764,129600.47948360443,129600.43639302254
rl_effect_with_pipeline,hpo_no_rl,hpo_with_rl,6_Fattahi_20_workers.fjs,4,1003,2787.290596740038,2748.1270356130817,0.9859492364474801,4999992,4999992,1.0,4133424,3296868,129600.7859389782,129600.84783434868
rl_effect_with_pipeline,hpo_no_rl,hpo_with_rl,6_Fattahi_20_workers.fjs,5,1004,2850.264440703819,2854.7894972029662,1.0015875918158772,4999992,4999992,1.0,2426448,4127280,129600.3659696579,129600.83761310577
rl_effect_with_pipeline,hpo_no_rl,hpo_with_rl,6_Fattahi_20_workers.fjs,6,1005,2851.3536635979076,2803.80895343061,0.9833255654062554,4999992,4999992,1.0,4960764,2540544,129600.28710103035,129600.05474257469
rl_effect_with_pipeline,hpo_no_rl,hpo_with_rl,6_Fattahi_20_workers.fjs,7,1006,3018.625785855888,2952.821971025367,0.9782007378526838,4999992,4999992,1.0,1133136,1190736,129600.22869801521,129600.00082707405
rl_effect_with_pipeline,hpo_no_rl,hpo_with_rl,6_Fattahi_20_workers.fjs,8,1007,2759.405998069268,2786.4260677317993,1.0097919877254151,4999992,4999992,1.0,2953356,4615716,129600.41414237022,129600.27021718025
rl_effect_with_pipeline,hpo_no_rl,hpo_with_rl,6_Fattahi_20_workers.fjs,9,1008,2736.101217611612,2837.411103846377,1.0370270973831883,4999992,4999992,1.0,4500636,3573036,129600.1745557785,129600.54273915291
rl_effect_with_pipeline,hpo_no_rl,hpo_with_rl,6_Fattahi_20_workers.fjs,10,1009,2837.5625261712007,2804.290975654743,0.9882746018071531,4999992,4999992,1.0,4367868,4220460,129600.07099413872,129600.31294751167
pipeline_effect_with_rl,hpo_rl_only,hpo_with_rl,0_BehnkeGeiger_42_workers.fjs,1,1000,198.55146305539836,177.74705781480503,0.8952190786184807,4999992,4999992,1.0,4442700,4964652,129600.88196277618,129600.57690143585
pipeline_effect_with_rl,hpo_rl_only,hpo_with_rl,0_BehnkeGeiger_42_workers.fjs,2,1001,185.7403963622654,187.66865768554413,1.0103814859935902,4999992,4999992,1.0,3439068,3346644,129601.32325673103,129600.03947210312
pipeline_effect_with_rl,hpo_rl_only,hpo_with_rl,0_BehnkeGeiger_42_workers.fjs,3,1002,200.27930198805612,175.30724012588723,0.8753138161842698,4999992,4999992,1.0,4935624,3238176,129601.20236039162,129600.1644461155
pipeline_effect_with_rl,hpo_rl_only,hpo_with_rl,0_BehnkeGeiger_42_workers.fjs,4,1003,200.51885749802747,193.56659464956442,0.9653286332507084,4999992,4999992,1.0,4891884,4791756,129601.07342934608,129601.6318807602
pipeline_effect_with_rl,hpo_rl_only,hpo_with_rl,0_BehnkeGeiger_42_workers.fjs,5,1004,196.2240621816399,183.1749795107103,0.9334990697580688,4999992,4999992,1.0,4944912,4445964,129601.24086737633,129600.02747988701
pipeline_effect_with_rl,hpo_rl_only,hpo_with_rl,0_BehnkeGeiger_42_workers.fjs,6,1005,197.84246107576712,187.44112508000245,0.9474261695936885,4999992,4999992,1.0,4926456,4032528,129600.61374402046,129601.45213913918
pipeline_effect_with_rl,hpo_rl_only,hpo_with_rl,0_BehnkeGeiger_42_workers.fjs,7,1006,198.67156299811973,185.7623247269171,0.935022214168996,4999992,4999992,1.0,4985628,4479168,129601.29184770584,129601.25855255127
pipeline_effect_with_rl,hpo_rl_only,hpo_with_rl,0_BehnkeGeiger_42_workers.fjs,8,1007,197.76537653236926,181.74979461666408,0.9190172607737339,4999992,4999992,1.0,3936072,4552644,129601.40920042992,129601.02251935005
pipeline_effect_with_rl,hpo_rl_only,hpo_with_rl,0_BehnkeGeiger_42_workers.fjs,9,1008,214.1168172954687,188.58392668151467,0.8807525212803806,4999992,4999992,1.0,4897188,4785504,129600.0719511509,129600.54851126671
pipeline_effect_with_rl,hpo_rl_only,hpo_with_rl,0_BehnkeGeiger_42_workers.fjs,10,1009,208.85050464205503,181.9719133872012,0.871302244153441,4999992,4999992,1.0,4867776,4960044,129600.21762180328,129600.71212530136
pipeline_effect_with_rl,hpo_rl_only,hpo_with_rl,0_BehnkeGeiger_46_workers.fjs,1,1000,290.052440511359,288.7142320784272,0.9953863224506142,4999992,4999992,1.0,3700956,4927968,129600.96507048607,129601.19924688339
pipeline_effect_with_rl,hpo_rl_only,hpo_with_rl,0_BehnkeGeiger_46_workers.fjs,2,1001,307.74358090431787,274.27806450245396,0.8912551927045106,4999992,4999992,1.0,3899604,4440600,129600.93079209328,129602.41965842247
pipeline_effect_with_rl,hpo_rl_only,hpo_with_rl,0_BehnkeGeiger_46_workers.fjs,3,1002,317.3113212664573,294.01741979975526,0.9265897561620836,4999992,4999992,1.0,4839492,2006940,129600.38147616386,129600.36747813225
pipeline_effect_with_rl,hpo_rl_only,hpo_with_rl,0_BehnkeGeiger_46_workers.fjs,4,1003,312.32579860997276,292.62131521619773,0.9369104842396268,4999992,4999992,1.0,4924284,3978120,129600.3209373951,129600.97018313408
pipeline_effect_with_rl,hpo_rl_only,hpo_with_rl,0_BehnkeGeiger_46_workers.fjs,5,1004,330.2432718951783,284.0674602992181,0.8601763744315835,4999992,4999992,1.0,2863956,4891224,129601.46803951263,129601.69946837425
pipeline_effect_with_rl,hpo_rl_only,hpo_with_rl,0_BehnkeGeiger_46_workers.fjs,6,1005,314.66465394147525,281.98718210805,0.896151437970205,4999992,4999992,1.0,4956336,4581204,129600.27152228355,129601.80412983894
pipeline_effect_with_rl,hpo_rl_only,hpo_with_rl,0_BehnkeGeiger_46_workers.fjs,7,1006,302.9024782939062,281.2312608105685,0.9284548029933577,4999992,4999992,1.0,4571088,4796760,129600.1497426033,129600.42423725128
pipeline_effect_with_rl,hpo_rl_only,hpo_with_rl,0_BehnkeGeiger_46_workers.fjs,8,1007,338.86072697603277,317.2910633780262,0.9363465226835443,4999992,4999992,1.0,4515900,2989608,129601.26823449135,129602.3153424263
pipeline_effect_with_rl,hpo_rl_only,hpo_with_rl,0_BehnkeGeiger_46_workers.fjs,9,1008,315.33434299617574,294.42731438714475,0.9336988530637637,4999992,4999992,1.0,4275168,4629312,129601.43220090866,129601.08583974838
pipeline_effect_with_rl,hpo_rl_only,hpo_with_rl,0_BehnkeGeiger_46_workers.fjs,10,1009,314.45447788741814,288.62236925329944,0.9178510390194946,4999992,4999992,1.0,4906812,4744584,129601.9824848175,129600.72345495224
pipeline_effect_with_rl,hpo_rl_only,hpo_with_rl,0_BehnkeGeiger_60_workers.fjs,1,1000,1853.04503105399,1751.10062902295,0.9449854696876658,4523892,823548,0.18204413367958386,4503084,426348,129680.44049358368,129603.86613988876
pipeline_effect_with_rl,hpo_rl_only,hpo_with_rl,0_BehnkeGeiger_60_workers.fjs,2,1001,1768.8034017974753,1682.0880992758525,0.950975160702709,938460,477228,0.5085224729876606,816384,132792,129604.21947669983,129602.7304315567
pipeline_effect_with_rl,hpo_rl_only,hpo_with_rl,0_BehnkeGeiger_60_workers.fjs,3,1002,1817.3356288581688,1688.6651053697874,0.9291982606596312,4464828,776916,0.17400804689452762,4448040,522504,129919.87952375412,129603.66641712189
pipeline_effect_with_rl,hpo_rl_only,hpo_with_rl,0_BehnkeGeiger_60_workers.fjs,4,1003,1822.9182891970886,1734.905822312837,0.951718918282938,63312,395772,6.2511372251705835,57360,354744,129603.11041212082,129600.02969479561
pipeline_effect_with_rl,hpo_rl_only,hpo_with_rl,0_BehnkeGeiger_60_workers.fjs,5,1004,1827.2567718525506,1820.3784054066655,0.9962356869861746,70224,379284,5.401059466848941,66180,379284,129600.01909136772,129600.05560445786
pipeline_effect_with_rl,hpo_rl_only,hpo_with_rl,0_BehnkeGeiger_60_workers.fjs,6,1005,1955.9246211177513,2015.3339198018025,1.0303740226195939,40764,278280,6.826611716220194,28440,252024,129603.71281480789,129604.11983704567
pipeline_effect_with_rl,hpo_rl_only,hpo_with_rl,0_BehnkeGeiger_60_workers.fjs,7,1006,1737.815403824048,1730.9870076813745,0.9960707011068911,494460,596880,1.207135056425191,431772,100332,129601.71758627892,129604.93507671356
pipeline_effect_with_rl,hpo_rl_only,hpo_with_rl,0_BehnkeGeiger_60_workers.fjs,8,1007,2078.945145154858,1860.5455369177655,0.8949469115401676,4561512,736188,0.16139122291029817,3769596,376044,129905.28026819229,129603.43508386612
pipeline_effect_with_rl,hpo_rl_only,hpo_with_rl,0_BehnkeGeiger_60_workers.fjs,9,1008,1949.789383337013,1844.0349718665175,0.9457611102130941,4553832,761424,0.16720511428616602,3947880,677244,129652.93867182732,129603.68931293488
pipeline_effect_with_rl,hpo_rl_only,hpo_with_rl,0_BehnkeGeiger_60_workers.fjs,10,1009,1493.9676290347597,1628.6624675351902,1.0901591412576026,4270476,581352,0.13613283390422987,4090584,153588,129632.52840471268,129603.88136553764
pipeline_effect_with_rl,hpo_rl_only,hpo_with_rl,1_Brandimarte_12_workers.fjs,1,1000,1241.8825127682205,1154.7427368811034,0.9298325123421877,4999992,4130412,0.8260837217339547,3978900,1044408,129600.46419715881,129601.50995159149
pipeline_effect_with_rl,hpo_rl_only,hpo_with_rl,1_Brandimarte_12_workers.fjs,2,1001,1201.5729207178867,1141.3433845144828,0.9498744227962299,4999992,4149804,0.8299621279394047,4744320,1968336,129601.02505087852,129601.8390762806
pipeline_effect_with_rl,hpo_rl_only,hpo_with_rl,1_Brandimarte_12_workers.fjs,3,1002,1223.1960621937822,1102.693281344181,0.9014853100217791,4999992,4368768,0.8737549980079968,4702428,3680532,129600.63757109642,129600.21963405609
pipeline_effect_with_rl,hpo_rl_only,hpo_with_rl,1_Brandimarte_12_workers.fjs,4,1003,1149.141999703648,1144.7791249732027,0.9962033632644438,4999992,4357272,0.8714557943292709,4968816,428496,129600.67670059204,129600.05377197266
pipeline_effect_with_rl,hpo_rl_only,hpo_with_rl,1_Brandimarte_12_workers.fjs,5,1004,1143.9407697377596,1088.1358793435145,0.9512169756769504,4999992,4358220,0.8716453946326315,4966092,3597252,129600.57504153252,129600.08831810951
pipeline_effect_with_rl,hpo_rl_only,hpo_with_rl,1_Brandimarte_12_workers.fjs,6,1005,1163.5887596367045,1114.3736455629512,0.9577040310280075,4999992,4408512,0.8817038107260972,4925340,1564860,129600.33466911316,129600.89966750145
pipeline_effect_with_rl,hpo_rl_only,hpo_with_rl,1_Brandimarte_12_workers.fjs,7,1006,1232.333852626653,1165.313133595766,0.9456148032547869,4999992,4188480,0.8376973403157445,3427788,434100,129601.54219079018,129600.43690991402
pipeline_effect_with_rl,hpo_rl_only,hpo_with_rl,1_Brandimarte_12_workers.fjs,8,1007,1181.7767058654338,1154.1502359493993,0.9766229358059625,4999992,4166172,0.833235733177173,4982448,1864860,129601.28056192398,129601.16007137299
pipeline_effect_with_rl,hpo_rl_only,hpo_with_rl,1_Brandimarte_12_workers.fjs,9,1008,1326.410534795405,1197.7162550596604,0.9029755295515688,4999992,4381524,0.8763062020899234,3965172,695076,129601.29849910736,129601.14544558525
pipeline_effect_with_rl,hpo_rl_only,hpo_with_rl,1_Brandimarte_12_workers.fjs,10,1009,1192.0712875804063,1191.671625943406,0.9996647334424006,4999992,4357920,0.8715853945366313,4353924,2807016,129600.43430256844,129601.27963447571
pipeline_effect_with_rl,hpo_rl_only,hpo_with_rl,1_Brandimarte_14_workers.fjs,1,1000,1441.290500413002,1398.4839253329762,0.9702998284747179,4999992,2989932,0.5979873567797709,4769760,1650132,129600.04775381088,129600.90535879135
pipeline_effect_with_rl,hpo_rl_only,hpo_with_rl,1_Brandimarte_14_workers.fjs,2,1001,1412.9738738928547,1453.8713037105424,1.0289442222346348,4999992,3111684,0.6223377957404732,4829220,1909212,129600.46266269684,129602.4773042202
pipeline_effect_with_rl,hpo_rl_only,hpo_with_rl,1_Brandimarte_14_workers.fjs,3,1002,1595.6736154708967,1408.3558551028154,0.8826089755749943,4999992,2998128,0.5996265594024951,4866624,488244,129600.86043000221,129601.60584044456
pipeline_effect_with_rl,hpo_rl_only,hpo_with_rl,1_Brandimarte_14_workers.fjs,4,1003,1634.388459468765,1420.5593300899905,0.86916872293122,4999992,3054444,0.6108897774236439,4999884,338100,129600.12657117844,129601.18349027634
pipeline_effect_with_rl,hpo_rl_only,hpo_with_rl,1_Brandimarte_14_workers.fjs,5,1004,1585.3364818411035,1449.6887029102263,0.9144359695972272,4999992,3078252,0.6156513850422161,3742716,440952,129601.3310046196,129601.06740808487
pipeline_effect_with_rl,hpo_rl_only,hpo_with_rl,1_Brandimarte_14_workers.fjs,6,1005,1469.0702030758698,1493.7383576645184,1.0167916785304063,4999992,2713044,0.5426096681754691,4176828,341316,129600.13014674187,129600.85108017921
pipeline_effect_with_rl,hpo_rl_only,hpo_with_rl,1_Brandimarte_14_workers.fjs,7,1006,1673.9406827249009,1450.5327165259898,0.8665377044094301,4999992,3196416,0.6392842228547566,4493868,2123580,129600.86464953423,129601.91005730629
pipeline_effect_with_rl,hpo_rl_only,hpo_with_rl,1_Brandimarte_14_workers.fjs,8,1007,1532.0511474426173,1402.187431326183,0.9152353912379428,4999992,2955024,0.591005745609193,4540668,1300320,129601.68771505356,129602.35554432869
pipeline_effect_with_rl,hpo_rl_only,hpo_with_rl,1_Brandimarte_14_workers.fjs,9,1008,1628.6847146354091,1438.4842321933593,0.8832183535997467,4999992,3347004,0.6694018710429936,4674852,1295664,129601.58436155319,129602.37225222588
pipeline_effect_with_rl,hpo_rl_only,hpo_with_rl,1_Brandimarte_14_workers.fjs,10,1009,1475.1031245590586,1537.8899620521927,1.0425643715668371,4999992,2981244,0.5962497539996064,4785708,406032,129600.70221805573,129601.93874692917
pipeline_effect_with_rl,hpo_rl_only,hpo_with_rl,1_Brandimarte_7_workers.fjs,1,1000,400.45775361023794,392.3073625007997,0.9796473135156949,4999992,4999992,1.0,3512460,4686960,129600.95344257355,129600.9913122654
pipeline_effect_with_rl,hpo_rl_only,hpo_with_rl,1_Brandimarte_7_workers.fjs,2,1001,438.3526691913466,370.4713988105543,0.8451446172187873,4999992,4999992,1.0,4931964,134448,129600.98065161705,129600.41848611832
pipeline_effect_with_rl,hpo_rl_only,hpo_with_rl,1_Brandimarte_7_workers.fjs,3,1002,395.33859112293806,364.4803387792582,0.9219447505591887,4999992,4999992,1.0,4725420,556548,129600.71527028084,129600.83772802353
pipeline_effect_with_rl,hpo_rl_only,hpo_with_rl,1_Brandimarte_7_workers.fjs,4,1003,442.9239688524116,365.5325938062238,0.8252716482092762,4999992,4999992,1.0,4931892,598728,129600.13852238655,129600.05010485649
pipeline_effect_with_rl,hpo_rl_only,hpo_with_rl,1_Brandimarte_7_workers.fjs,5,1004,455.4019672178478,350.0342442861516,0.7686269921594517,4999992,4999992,1.0,4681704,2773164,129600.0901863575,129600.52750515938
pipeline_effect_with_rl,hpo_rl_only,hpo_with_rl,1_Brandimarte_7_workers.fjs,6,1005,379.35732391502586,369.46778261415506,0.9739308017074529,4999992,4999992,1.0,4781196,339948,129600.40055465698,129600.03007411957
pipeline_effect_with_rl,hpo_rl_only,hpo_with_rl,1_Brandimarte_7_workers.fjs,7,1006,424.27006851070325,380.44837465377833,0.8967127376891085,4999992,4999992,1.0,2871348,150588,129600.98429727554,129601.1182141304
pipeline_effect_with_rl,hpo_rl_only,hpo_with_rl,1_Brandimarte_7_workers.fjs,8,1007,371.434945518582,363.43291851378467,0.9784564508500263,4999992,4999992,1.0,4999236,1588440,129600.57258486748,129600.04516768456
pipeline_effect_with_rl,hpo_rl_only,hpo_with_rl,1_Brandimarte_7_workers.fjs,9,1008,387.3323527965511,357.4311005038419,0.9228020792045352,4999992,4999992,1.0,4891344,4552404,129600.8418045044,129600.71592998505
pipeline_effect_with_rl,hpo_rl_only,hpo_with_rl,1_Brandimarte_7_workers.fjs,10,1009,435.36035113700825,392.7588757179376,0.9021466348329366,4999992,4999992,1.0,3488016,3985584,129600.88447356224,129600.53839349747
pipeline_effect_with_rl,hpo_rl_only,hpo_with_rl,2a_Hurink_sdata_18_workers.fjs,1,1000,3038.6465792665654,2844.3080983602367,0.9360443948196056,4999992,4999992,1.0,4726524,3149196,129600.76635932922,129600.51924180984
pipeline_effect_with_rl,hpo_rl_only,hpo_with_rl,2a_Hurink_sdata_18_workers.fjs,2,1001,2870.802907826065,2814.7820477385094,0.9804859957697417,4999992,4999992,1.0,4291992,407568,129600.07710504532,129600.06433558464
pipeline_effect_with_rl,hpo_rl_only,hpo_with_rl,2a_Hurink_sdata_18_workers.fjs,3,1002,2833.6040353366448,2709.137845774911,0.9560749533069652,4999992,4999992,1.0,4959192,418416,129600.58003950119,129600.89258146286
pipeline_effect_with_rl,hpo_rl_only,hpo_with_rl,2a_Hurink_sdata_18_workers.fjs,4,1003,3008.9422577523073,2775.117851261631,0.9222901649613762,4999992,4999992,1.0,3640104,3709488,129600.93815803528,129600.07150149345
pipeline_effect_with_rl,hpo_rl_only,hpo_with_rl,2a_Hurink_sdata_18_workers.fjs,5,1004,2732.7621825746214,2750.955441214875,1.0066574613613517,4999992,4999992,1.0,4822296,2231916,129600.6479063034,129600.57857728004
pipeline_effect_with_rl,hpo_rl_only,hpo_with_rl,2a_Hurink_sdata_18_workers.fjs,6,1005,2851.349035082198,2710.8901149885396,0.9507394856380291,4999992,4999992,1.0,4671576,406920,129600.96817827225,129600.37401127815
pipeline_effect_with_rl,hpo_rl_only,hpo_with_rl,2a_Hurink_sdata_18_workers.fjs,7,1006,2952.393646480574,2790.9074554509884,0.9453032995034093,4999992,4999992,1.0,4860384,4566564,129600.50514817238,129600.76549696922
pipeline_effect_with_rl,hpo_rl_only,hpo_with_rl,2a_Hurink_sdata_18_workers.fjs,8,1007,2808.9477472085455,2724.7425593420676,0.9700225153884907,4999992,4999992,1.0,4726848,2738688,129600.20330929756,129600.05715107918
pipeline_effect_with_rl,hpo_rl_only,hpo_with_rl,2a_Hurink_sdata_18_workers.fjs,9,1008,2904.169357881442,2830.5233274576412,0.97464127557715,4999992,4999992,1.0,4807128,194628,129600.71897530556,129600.07287168503
pipeline_effect_with_rl,hpo_rl_only,hpo_with_rl,2a_Hurink_sdata_18_workers.fjs,10,1009,2791.2473341723576,2766.73963402337,0.991219803473183,4999992,4999992,1.0,4886028,3259452,129600.30082893372,129601.10021853447
pipeline_effect_with_rl,hpo_rl_only,hpo_with_rl,2a_Hurink_sdata_1_workers.fjs,1,1000,112.7517612235895,118.47392694117576,1.0507501227075209,4999992,4999992,1.0,2601576,2272524,129600.13645243645,129600.27405524254
pipeline_effect_with_rl,hpo_rl_only,hpo_with_rl,2a_Hurink_sdata_1_workers.fjs,2,1001,120.03864618154294,114.51946535676753,0.9540216338625781,4999992,4999992,1.0,2750484,254832,129600.51724529266,129600.07588028908
pipeline_effect_with_rl,hpo_rl_only,hpo_with_rl,2a_Hurink_sdata_1_workers.fjs,3,1002,119.36862522740816,120.0556780705132,1.0057557238495136,4999992,4999992,1.0,4598856,661536,129600.48936009407,129600.08135056496
pipeline_effect_with_rl,hpo_rl_only,hpo_with_rl,2a_Hurink_sdata_1_workers.fjs,4,1003,113.73345565881881,110.79716249442767,0.9741826787256027,4999992,4999992,1.0,4466808,1429380,129600.09290385246,129600.6398589611
pipeline_effect_with_rl,hpo_rl_only,hpo_with_rl,2a_Hurink_sdata_1_workers.fjs,5,1004,113.83688631710886,113.85338172086726,1.0001449038557892,4999992,4999992,1.0,4200648,4513800,129600.1356921196,129600.93946456909
pipeline_effect_with_rl,hpo_rl_only,hpo_with_rl,2a_Hurink_sdata_1_workers.fjs,6,1005,120.07024599997868,110.40709123111384,0.9195208214292611,4999992,4999992,1.0,1676088,2568516,129600.74702382088,129600.59756660461
pipeline_effect_with_rl,hpo_rl_only,hpo_with_rl,2a_Hurink_sdata_1_workers.fjs,7,1006,119.48142467042614,111.39161689695008,0.9322923392000829,4999992,4999992,1.0,4261152,4244808,129600.49680542946,129600.58053469658
pipeline_effect_with_rl,hpo_rl_only,hpo_with_rl,2a_Hurink_sdata_1_workers.fjs,8,1007,119.41805617844354,112.68073958301792,0.9435820946092256,4999992,4999992,1.0,4981644,4897536,129600.48542380333,129600.96754956245
pipeline_effect_with_rl,hpo_rl_only,hpo_with_rl,2a_Hurink_sdata_1_workers.fjs,9,1008,113.43331070430366,112.81189987600919,0.9945217958954371,4999992,4999992,1.0,3136152,4467228,129600.05569195747,129600.58837890625
pipeline_effect_with_rl,hpo_rl_only,hpo_with_rl,2a_Hurink_sdata_1_workers.fjs,10,1009,119.20724161900647,119.35475614981365,1.0012374628319867,4999992,4999992,1.0,2804784,998916,129600.43143057823,129600.26675534248
pipeline_effect_with_rl,hpo_rl_only,hpo_with_rl,2a_Hurink_sdata_38_workers.fjs,1,1000,5065.9740079308485,4866.9258833431095,0.9607088144794809,4999992,1717572,0.3435149496239194,4314024,837816,129600.47688817978,129602.06462597847
pipeline_effect_with_rl,hpo_rl_only,hpo_with_rl,2a_Hurink_sdata_38_workers.fjs,2,1001,5535.359506599529,5189.939796903478,0.9375976015136462,4999992,1261176,0.25223560357696573,4410552,731808,129601.6802971363,129601.25330615044
pipeline_effect_with_rl,hpo_rl_only,hpo_with_rl,2a_Hurink_sdata_38_workers.fjs,3,1002,5522.974123440272,4674.760846211243,0.8464209213602697,4999992,1535748,0.3071500914401463,4895712,722268,129602.08708453178,129600.05146098137
pipeline_effect_with_rl,hpo_rl_only,hpo_with_rl,2a_Hurink_sdata_38_workers.fjs,4,1003,5401.8834969745,4932.148345993597,0.9130423395387935,4999992,1648440,0.329688527501644,3542820,474648,129601.67128229141,129600.57521033287
pipeline_effect_with_rl,hpo_rl_only,hpo_with_rl,2a_Hurink_sdata_38_workers.fjs,5,1004,5333.34490373532,5233.801923072355,0.981335731616898,4999992,1220304,0.24406119049790478,3844896,909096,129600.51485610008,129601.63109326363
pipeline_effect_with_rl,hpo_rl_only,hpo_with_rl,2a_Hurink_sdata_38_workers.fjs,6,1005,5455.338866408823,4833.161068330813,0.8859506598372721,4999992,1311480,0.2622964196742715,4897584,428436,129602.09423208237,129602.33060479164
pipeline_effect_with_rl,hpo_rl_only,hpo_with_rl,2a_Hurink_sdata_38_workers.fjs,7,1006,5270.576121716407,4681.603416752626,0.8882526897700934,4999992,2077368,0.4154742647588236,4844220,526680,129602.48774719238,129603.03227186203
pipeline_effect_with_rl,hpo_rl_only,hpo_with_rl,2a_Hurink_sdata_38_workers.fjs,8,1007,5357.684803227464,4746.897775495219,0.8859979543096101,4999992,2295456,0.4590919345470953,4180488,2187156,129602.2978067398,129600.61784005165
pipeline_effect_with_rl,hpo_rl_only,hpo_with_rl,2a_Hurink_sdata_38_workers.fjs,9,1008,5549.849292525664,5097.338574619634,0.9184643232537043,4999992,2605320,0.5210648337037339,3727848,319920,129600.8239159584,129601.25132775307
pipeline_effect_with_rl,hpo_rl_only,hpo_with_rl,2a_Hurink_sdata_38_workers.fjs,10,1009,5254.5286982325515,4981.2678364662115,0.9479951718870132,4999992,1359180,0.2718364349382959,4840560,501432,129601.48838114738,129602.0017273426
pipeline_effect_with_rl,hpo_rl_only,hpo_with_rl,2a_Hurink_sdata_40_workers.fjs,1,1000,3818.826643656152,3653.9388365735235,0.9568223901033736,4999992,4512228,0.9024470439152703,3314160,2212272,129601.47402477264,129601.45834183693
pipeline_effect_with_rl,hpo_rl_only,hpo_with_rl,2a_Hurink_sdata_40_workers.fjs,2,1001,3535.107249864592,3450.325866580381,0.976017309435956,4999992,3972564,0.7945140712225139,4717500,3166476,129601.81177544594,129602.1625649929
pipeline_effect_with_rl,hpo_rl_only,hpo_with_rl,2a_Hurink_sdata_40_workers.fjs,3,1002,3921.643798892284,3716.948367852494,0.9478036656216434,4999992,4251984,0.850398160637057,4917672,482124,129601.48601531982,129602.27283072472
pipeline_effect_with_rl,hpo_rl_only,hpo_with_rl,2a_Hurink_sdata_40_workers.fjs,4,1003,3764.096728440543,3600.694038380912,0.9565891362926456,4999992,3858324,0.7716660346656554,2673336,1467816,129601.37170243263,129601.04341316223
pipeline_effect_with_rl,hpo_rl_only,hpo_with_rl,2a_Hurink_sdata_40_workers.fjs,5,1004,3874.6840850106432,3648.453640572323,0.9416131897530688,4999992,4431168,0.8862350179760288,4972644,2981604,129600.12663459778,129602.297072649
pipeline_effect_with_rl,hpo_rl_only,hpo_with_rl,2a_Hurink_sdata_40_workers.fjs,6,1005,3818.528448121911,3472.5729762817996,0.9094008394751479,4999992,4451448,0.8902910244656391,4543296,322296,129600.70184326172,129600.46717524529
pipeline_effect_with_rl,hpo_rl_only,hpo_with_rl,2a_Hurink_sdata_40_workers.fjs,7,1006,3924.9549469334806,3608.8051716881164,0.9194513619850928,4999992,3853104,0.7706220329952528,3245136,514224,129601.62968921661,129600.86646318436
pipeline_effect_with_rl,hpo_rl_only,hpo_with_rl,2a_Hurink_sdata_40_workers.fjs,8,1007,3608.411845849577,3507.2613697188563,0.9719681454191365,4999992,4999992,1.0,4835496,414204,129601.91100287437,129601.94403243065
pipeline_effect_with_rl,hpo_rl_only,hpo_with_rl,2a_Hurink_sdata_40_workers.fjs,9,1008,3483.115202148584,3483.343504488236,1.0000655454460738,4999992,3938328,0.7876668602669764,4058028,343656,129600.81250405312,129600.89771652222
pipeline_effect_with_rl,hpo_rl_only,hpo_with_rl,2a_Hurink_sdata_40_workers.fjs,10,1009,3641.9951084851964,3533.2658412820037,0.9701456855474976,4999992,3890784,0.7781580450528721,4998156,3113880,129600.98215770721,129600.81301140785
pipeline_effect_with_rl,hpo_rl_only,hpo_with_rl,2a_Hurink_sdata_54_workers.fjs,1,1000,18227.306498278296,17409.57773625286,0.955137158520779,4999992,4999992,1.0,2621172,4846692,129600.82144188881,129600.34230089188
pipeline_effect_with_rl,hpo_rl_only,hpo_with_rl,2a_Hurink_sdata_54_workers.fjs,2,1001,17380.376774668348,17527.25170605976,1.0084506183781632,4999992,4999992,1.0,4259208,4873236,129600.2233262062,129600.67177772522
pipeline_effect_with_rl,hpo_rl_only,hpo_with_rl,2a_Hurink_sdata_54_workers.fjs,3,1002,18790.705349691732,17678.925121355354,0.9408335021146709,4999992,4999992,1.0,4492308,1772256,129600.50045061111,129600.80095505714
pipeline_effect_with_rl,hpo_rl_only,hpo_with_rl,2a_Hurink_sdata_54_workers.fjs,4,1003,18810.58198900727,18715.78357816523,0.9949603680046986,4999992,4999992,1.0,4061952,2674644,129601.02086758614,129600.0616197586
pipeline_effect_with_rl,hpo_rl_only,hpo_with_rl,2a_Hurink_sdata_54_workers.fjs,5,1004,18801.9837263842,19012.01589289716,1.0111707450431537,4999992,4999992,1.0,4944744,4976688,129601.02054333687,129600.71987915039
pipeline_effect_with_rl,hpo_rl_only,hpo_with_rl,2a_Hurink_sdata_54_workers.fjs,6,1005,19549.606125923707,18554.49988408416,0.9490983994547089,4999992,4999992,1.0,3094956,4054224,129600.50568532944,129600.49653482437
pipeline_effect_with_rl,hpo_rl_only,hpo_with_rl,2a_Hurink_sdata_54_workers.fjs,7,1006,19405.69728123997,19187.298202410508,0.9887456206461288,4999992,4999992,1.0,4631580,2899644,129600.80347299576,129600.14090275764
pipeline_effect_with_rl,hpo_rl_only,hpo_with_rl,2a_Hurink_sdata_54_workers.fjs,8,1007,20381.186819786843,19372.075858297212,0.9504881158093332,4999992,4999992,1.0,3430284,3787800,129600.30896186829,129600.43700957298
pipeline_effect_with_rl,hpo_rl_only,hpo_with_rl,2a_Hurink_sdata_54_workers.fjs,9,1008,19482.316099573407,19333.082924859897,0.9923400701461373,4999992,4999992,1.0,3036456,3242724,129600.59233474731,129600.30797147751
pipeline_effect_with_rl,hpo_rl_only,hpo_with_rl,2a_Hurink_sdata_54_workers.fjs,10,1009,20561.874161536474,19628.935975724493,0.9546277650333471,4999992,4999992,1.0,3134832,4812612,129601.14942669868,129600.80525016785
pipeline_effect_with_rl,hpo_rl_only,hpo_with_rl,2a_Hurink_sdata_61_workers.fjs,1,1000,2202.618293544358,1979.5030311637663,0.8987045267741038,4999992,4999992,1.0,4628832,3754968,129600.94628596306,129600.15351986885
pipeline_effect_with_rl,hpo_rl_only,hpo_with_rl,2a_Hurink_sdata_61_workers.fjs,2,1001,2125.471942053375,1966.015512887041,0.9249783419807055,4999992,4999992,1.0,3609072,931572,129600.40096950531,129600.62007880211
pipeline_effect_with_rl,hpo_rl_only,hpo_with_rl,2a_Hurink_sdata_61_workers.fjs,3,1002,2088.060975673988,2018.4347554266208,0.9666550828455125,4999992,4999992,1.0,4036440,2053320,129600.56723189354,129601.44200396538
pipeline_effect_with_rl,hpo_rl_only,hpo_with_rl,2a_Hurink_sdata_61_workers.fjs,4,1003,2088.932926726077,2105.3302405452714,1.0078496124070837,4999992,4999992,1.0,4961604,3248616,129600.55575728416,129601.25420689583
pipeline_effect_with_rl,hpo_rl_only,hpo_with_rl,2a_Hurink_sdata_61_workers.fjs,5,1004,2113.296983112913,2056.4354960663377,0.9730934707705787,4999992,4999992,1.0,3706344,378396,129600.56405830383,129601.33859300613
pipeline_effect_with_rl,hpo_rl_only,hpo_with_rl,2a_Hurink_sdata_61_workers.fjs,6,1005,2109.105240936697,1938.5477567484377,0.919132776839286,4999992,4999992,1.0,2746020,4480344,129600.96490812302,129601.11295342445
pipeline_effect_with_rl,hpo_rl_only,hpo_with_rl,2a_Hurink_sdata_61_workers.fjs,7,1006,2050.841320777472,1956.223237278468,0.9538637716431742,4999992,4999992,1.0,1858980,3040524,129600.03816223145,129600.79431796074
pipeline_effect_with_rl,hpo_rl_only,hpo_with_rl,2a_Hurink_sdata_61_workers.fjs,8,1007,2250.33116198897,2011.677788303478,0.8939474430623107,4999992,4999992,1.0,3037824,3990564,129601.27841424942,129601.3517999649
pipeline_effect_with_rl,hpo_rl_only,hpo_with_rl,2a_Hurink_sdata_61_workers.fjs,9,1008,1996.2904062581606,2013.9728312770417,1.0088576416354296,4999992,4999992,1.0,4427076,3230196,129601.09027290344,129600.44187879562
pipeline_effect_with_rl,hpo_rl_only,hpo_with_rl,2a_Hurink_sdata_61_workers.fjs,10,1009,2111.911094430276,2088.5173390593227,0.9889229449891856,4999992,4999992,1.0,4078224,4806072,129600.20192217827,129600.61260461807
pipeline_effect_with_rl,hpo_rl_only,hpo_with_rl,2a_Hurink_sdata_63_workers.fjs,1,1000,951.1381997019853,885.7221337352948,0.9312233847960403,4999992,4999992,1.0,3108000,4933668,129600.77777504921,129600.7767894268
pipeline_effect_with_rl,hpo_rl_only,hpo_with_rl,2a_Hurink_sdata_63_workers.fjs,2,1001,907.8186359150533,883.1309962123191,0.9728055376635337,4999992,4999992,1.0,2319708,4004172,129600.25464892387,129600.03608107567
pipeline_effect_with_rl,hpo_rl_only,hpo_with_rl,2a_Hurink_sdata_63_workers.fjs,3,1002,877.9323634732225,907.1913444615748,1.0333271470624452,4999992,4999992,1.0,4736436,199512,129600.01589822769,129601.43965268135
pipeline_effect_with_rl,hpo_rl_only,hpo_with_rl,2a_Hurink_sdata_63_workers.fjs,4,1003,888.8934575018324,879.0468483314135,0.9889226216175647,4999992,4999992,1.0,4500732,202212,129601.20210146904,129600.77520680428
pipeline_effect_with_rl,hpo_rl_only,hpo_with_rl,2a_Hurink_sdata_63_workers.fjs,5,1004,897.380624687815,888.0132617393516,0.9895614383788126,4999992,4999992,1.0,3443652,3443112,129600.24183177948,129600.04890680313
pipeline_effect_with_rl,hpo_rl_only,hpo_with_rl,2a_Hurink_sdata_63_workers.fjs,6,1005,925.4167083923664,877.2221615038965,0.9479212483939332,4999992,4999992,1.0,4818396,619104,129600.75309801102,129600.03353762627
pipeline_effect_with_rl,hpo_rl_only,hpo_with_rl,2a_Hurink_sdata_63_workers.fjs,7,1006,897.3858893686871,892.2939623572579,0.9943258222892145,4999992,4999992,1.0,3569100,4187712,129600.69688224792,129600.64477586746
pipeline_effect_with_rl,hpo_rl_only,hpo_with_rl,2a_Hurink_sdata_63_workers.fjs,8,1007,899.6794617018063,863.4600911943685,0.9597419169279174,4999992,4999992,1.0,1309620,1819344,129601.31861233711,129600.57404947281
pipeline_effect_with_rl,hpo_rl_only,hpo_with_rl,2a_Hurink_sdata_63_workers.fjs,9,1008,887.2078328459263,931.6097434906543,1.0500467973803822,4999992,4999992,1.0,4867176,4586184,129600.62513685226,129600.54097104073
pipeline_effect_with_rl,hpo_rl_only,hpo_with_rl,2a_Hurink_sdata_63_workers.fjs,10,1009,903.1308739367514,916.4951552669505,1.0147977239134172,4999992,4999992,1.0,4914012,390348,129600.70194578171,129600.71760988235
pipeline_effect_with_rl,hpo_rl_only,hpo_with_rl,2b_Hurink_edata_1_workers.fjs,1,1000,107.39342833146043,108.24659590462647,1.0079443182550503,4999992,4999992,1.0,4099476,1013172,129600.32682847977,129600.95282459259
pipeline_effect_with_rl,hpo_rl_only,hpo_with_rl,2b_Hurink_edata_1_workers.fjs,2,1001,107.41412989227813,107.30960534908614,0.9990269013648687,4999992,4999992,1.0,4792092,4001184,129600.3935470581,129600.5091817379
pipeline_effect_with_rl,hpo_rl_only,hpo_with_rl,2b_Hurink_edata_1_workers.fjs,3,1002,109.87891594324996,107.58927297064747,0.9791621263010545,4999992,4999992,1.0,4084788,664644,129600.15315079689,129600.93526315689
pipeline_effect_with_rl,hpo_rl_only,hpo_with_rl,2b_Hurink_edata_1_workers.fjs,4,1003,109.36656501070256,107.68550700299438,0.984629141387556,4999992,4999992,1.0,2071896,3596916,129600.22818827629,129600.3104133606
pipeline_effect_with_rl,hpo_rl_only,hpo_with_rl,2b_Hurink_edata_1_workers.fjs,5,1004,107.60894210845849,108.3712747041573,1.0070842866843766,4999992,4999992,1.0,4974240,3029652,129600.52001976967,129600.71291017532
pipeline_effect_with_rl,hpo_rl_only,hpo_with_rl,2b_Hurink_edata_1_workers.fjs,6,1005,106.97200358204817,106.99555202455787,1.0002201365004033,4999992,4999992,1.0,3236820,4531500,129600.44088315964,129600.34336328506
pipeline_effect_with_rl,hpo_rl_only,hpo_with_rl,2b_Hurink_edata_1_workers.fjs,7,1006,109.3372144428114,108.01479935603675,0.9879051694017105,4999992,4999992,1.0,2602620,1849860,129600.22158193588,129600.1158850193
pipeline_effect_with_rl,hpo_rl_only,hpo_with_rl,2b_Hurink_edata_1_workers.fjs,8,1007,113.3446894150548,107.15420721837889,0.9453835708702054,4999992,4999992,1.0,4353120,4483800,129600.07010412216,129600.62739443779
pipeline_effect_with_rl,hpo_rl_only,hpo_with_rl,2b_Hurink_edata_1_workers.fjs,9,1008,113.67835623097798,107.7496843788097,0.9478469600658012,4999992,4999992,1.0,2554884,4864272,129600.00309205055,129600.52337908745
pipeline_effect_with_rl,hpo_rl_only,hpo_with_rl,2b_Hurink_edata_1_workers.fjs,10,1009,109.80317701741374,107.2534215085931,0.976778854873969,4999992,4999992,1.0,1845588,3073200,129600.18399095535,129600.55561733246
pipeline_effect_with_rl,hpo_rl_only,hpo_with_rl,2b_Hurink_edata_6_workers.fjs,1,1000,1256.7603743987424,1294.0389646342123,1.029662448780902,4999992,4999992,1.0,4633548,4675584,129600.30147504807,129600.98584198952
pipeline_effect_with_rl,hpo_rl_only,hpo_with_rl,2b_Hurink_edata_6_workers.fjs,2,1001,1249.1344401589304,1215.848258852404,0.9733526030214239,4999992,4999992,1.0,4770504,4396140,129600.6428744793,129600.87351751328
pipeline_effect_with_rl,hpo_rl_only,hpo_with_rl,2b_Hurink_edata_6_workers.fjs,3,1002,1366.4931815373075,1272.7891900319134,0.931427399147373,4999992,4999992,1.0,546936,3296316,129600.0963730812,129600.05652189255
pipeline_effect_with_rl,hpo_rl_only,hpo_with_rl,2b_Hurink_edata_6_workers.fjs,4,1003,1216.0915546700733,1254.234018914381,1.0313647965877502,4999992,4999992,1.0,4991100,127272,129600.03475308418,129600.82481360435
pipeline_effect_with_rl,hpo_rl_only,hpo_with_rl,2b_Hurink_edata_6_workers.fjs,5,1004,1242.1288378595564,1226.0527478773456,0.9870576308252265,4999992,4999992,1.0,3472548,2301060,129600.16996216774,129600.55214118958
pipeline_effect_with_rl,hpo_rl_only,hpo_with_rl,2b_Hurink_edata_6_workers.fjs,6,1005,1270.1579361692156,1202.8975196647532,0.9470456274852564,4999992,4999992,1.0,3623964,4836624,129600.1078414917,129600.0684530735
pipeline_effect_with_rl,hpo_rl_only,hpo_with_rl,2b_Hurink_edata_6_workers.fjs,7,1006,1325.013899392346,1263.355434017273,0.9534657972996737,4999992,4999992,1.0,4031808,3582756,129600.25099658966,129600.84797477722
pipeline_effect_with_rl,hpo_rl_only,hpo_with_rl,2b_Hurink_edata_6_workers.fjs,8,1007,1376.5195360800992,1279.633042355543,0.9296148792770069,4999992,4999992,1.0,3888756,4319652,129600.12648272514,129600.80212378502
pipeline_effect_with_rl,hpo_rl_only,hpo_with_rl,2b_Hurink_edata_6_workers.fjs,9,1008,1252.6174708896763,1238.8083390585298,0.988975778997128,4999992,4999992,1.0,2785068,4883916,129600.49740171432,129600.19727063179
pipeline_effect_with_rl,hpo_rl_only,hpo_with_rl,2b_Hurink_edata_6_workers.fjs,10,1009,1294.2259632776706,1238.9390019590041,0.9572818326263133,4999992,4999992,1.0,3789540,4763712,129600.61852383614,129600.52099871635
pipeline_effect_with_rl,hpo_rl_only,hpo_with_rl,2c_Hurink_rdata_28_workers.fjs,1,1000,2368.2317725141,2201.8460751755833,0.9297426462774449,4999992,4999992,1.0,4157184,517092,129600.22796416283,129600.42625427246
pipeline_effect_with_rl,hpo_rl_only,hpo_with_rl,2c_Hurink_rdata_28_workers.fjs,2,1001,2142.046235053552,2057.4504945179224,0.9605070426813104,4999992,4999992,1.0,3791280,432996,129601.19728064537,129600.91038274765
pipeline_effect_with_rl,hpo_rl_only,hpo_with_rl,2c_Hurink_rdata_28_workers.fjs,3,1002,2321.176071069682,2167.4888675959746,0.9337890798594685,4999992,4999992,1.0,3958536,580140,129600.88279771805,129600.15401268005
pipeline_effect_with_rl,hpo_rl_only,hpo_with_rl,2c_Hurink_rdata_28_workers.fjs,4,1003,2161.6136048415215,2169.2673065926824,1.0035407353719548,4999992,4999992,1.0,4921896,2313216,129600.21471190453,129601.28985452652
pipeline_effect_with_rl,hpo_rl_only,hpo_with_rl,2c_Hurink_rdata_28_workers.fjs,5,1004,2153.547157999814,2165.039303241396,1.005336379655719,4999992,4999992,1.0,4859796,409296,129600.88730573654,129600.87235546112
pipeline_effect_with_rl,hpo_rl_only,hpo_with_rl,2c_Hurink_rdata_28_workers.fjs,6,1005,2395.4712661618596,2063.1380378985373,0.8612660343883803,4999992,4999992,1.0,4211040,346824,129601.08204507828,129600.09967255592
pipeline_effect_with_rl,hpo_rl_only,hpo_with_rl,2c_Hurink_rdata_28_workers.fjs,7,1006,2582.945035806952,2329.2099597526076,0.9017652050133255,4999992,4999992,1.0,4354032,345072,129600.47791981697,129600.48825311661
pipeline_effect_with_rl,hpo_rl_only,hpo_with_rl,2c_Hurink_rdata_28_workers.fjs,8,1007,2351.9737273188903,2230.003571462334,0.9481413612576384,4999992,4999992,1.0,4159104,3998628,129600.86265969276,129600.64804244041
pipeline_effect_with_rl,hpo_rl_only,hpo_with_rl,2c_Hurink_rdata_28_workers.fjs,9,1008,2260.2464053088493,2131.35355611791,0.9429739833284563,4999992,4999992,1.0,3586848,3571968,129600.60215711594,129601.26016616821
pipeline_effect_with_rl,hpo_rl_only,hpo_with_rl,2c_Hurink_rdata_28_workers.fjs,10,1009,2361.4583133012998,2113.7806722893333,0.8951166575260373,4999992,4999992,1.0,4945608,3242580,129600.11419916153,129600.84718871117
pipeline_effect_with_rl,hpo_rl_only,hpo_with_rl,2c_Hurink_rdata_38_workers.fjs,1,1000,4730.077223732563,4729.079178845975,0.9997890002975891,4999992,1330992,0.2661988259181215,4683816,301740,129600.37562251091,129600.06630325317
pipeline_effect_with_rl,hpo_rl_only,hpo_with_rl,2c_Hurink_rdata_38_workers.fjs,2,1001,4631.412065298881,4470.310249784781,0.965215400132248,4999992,1746108,0.349222158755454,4717848,347268,129602.51852607727,129600.19759225845
pipeline_effect_with_rl,hpo_rl_only,hpo_with_rl,2c_Hurink_rdata_38_workers.fjs,3,1002,4504.795027386838,4130.5786431814995,0.9169293204395993,4999992,2044152,0.4088310541296866,4917408,1143876,129600.65897607803,129601.43322324753
pipeline_effect_with_rl,hpo_rl_only,hpo_with_rl,2c_Hurink_rdata_38_workers.fjs,4,1003,5058.217789692631,4517.8102618774665,0.8931624634834073,4999992,2395884,0.4791775666841067,4824648,1781448,129602.37937355042,129600.0645365715
pipeline_effect_with_rl,hpo_rl_only,hpo_with_rl,2c_Hurink_rdata_38_workers.fjs,5,1004,4759.76361598942,4500.668582578238,0.9455655670502613,4999992,1346220,0.2692444307910893,4377216,818388,129602.12318849564,129601.38711762428
pipeline_effect_with_rl,hpo_rl_only,hpo_with_rl,2c_Hurink_rdata_38_workers.fjs,6,1005,4637.673762001287,4230.986040906831,0.9123078202639766,4999992,1635876,0.3271757234811576,4914756,794640,129601.53676962852,129600.22278857231
pipeline_effect_with_rl,hpo_rl_only,hpo_with_rl,2c_Hurink_rdata_38_workers.fjs,7,1006,5115.351348170443,4376.642683677551,0.8555898482404148,4999992,2031768,0.40635425016680027,4729740,315876,129600.37292265892,129600.4947066307
pipeline_effect_with_rl,hpo_rl_only,hpo_with_rl,2c_Hurink_rdata_38_workers.fjs,8,1007,4652.260909788384,4327.672458377902,0.9302299553476148,4999992,1760304,0.3520613632981813,4900404,950472,129602.01364946365,129600.34310030937
pipeline_effect_with_rl,hpo_rl_only,hpo_with_rl,2c_Hurink_rdata_38_workers.fjs,9,1008,5129.239978366647,4519.256085145264,0.8810771389535129,4999992,2272128,0.4544263270821233,4973436,437904,129600.29929351807,129601.8215405941
pipeline_effect_with_rl,hpo_rl_only,hpo_with_rl,2c_Hurink_rdata_38_workers.fjs,10,1009,4970.955436175967,4002.3182664440073,0.8051406450593513,4999992,2102376,0.4204758727613964,4987560,1182540,129600.63426494598,129600.06670689583
pipeline_effect_with_rl,hpo_rl_only,hpo_with_rl,2c_Hurink_rdata_50_workers.fjs,1,1000,14087.387611429642,12926.035742887812,0.9175608778167231,4999992,4999992,1.0,1935480,3424080,129600.10010385513,129600.56624221802
pipeline_effect_with_rl,hpo_rl_only,hpo_with_rl,2c_Hurink_rdata_50_workers.fjs,2,1001,13924.052014046134,12978.316744494456,0.9320790191965923,4999992,4999992,1.0,4766112,3713904,129600.0961136818,129600.06319141388
pipeline_effect_with_rl,hpo_rl_only,hpo_with_rl,2c_Hurink_rdata_50_workers.fjs,3,1002,14091.23701434778,12946.23312021643,0.9187435501251238,4999992,4999992,1.0,3409872,937200,129600.75242972374,129600.25011920929
pipeline_effect_with_rl,hpo_rl_only,hpo_with_rl,2c_Hurink_rdata_50_workers.fjs,4,1003,13896.3602426126,12731.940081589599,0.9162068238953424,4999992,4999992,1.0,4863120,2089344,129600.6948633194,129600.42680358887
pipeline_effect_with_rl,hpo_rl_only,hpo_with_rl,2c_Hurink_rdata_50_workers.fjs,5,1004,13212.749894577331,12779.466332411886,0.967207162352837,4999992,4999992,1.0,1035540,4021056,129600.48635816574,129600.34546995163
pipeline_effect_with_rl,hpo_rl_only,hpo_with_rl,2c_Hurink_rdata_50_workers.fjs,6,1005,13731.443235290379,12983.550053679935,0.9455342625829507,4999992,4999992,1.0,4594440,4926096,129600.60782623291,129600.85043001175
pipeline_effect_with_rl,hpo_rl_only,hpo_with_rl,2c_Hurink_rdata_50_workers.fjs,7,1006,13696.553811503212,12793.028154087679,0.9340326282180049,4999992,4999992,1.0,3960180,806700,129600.09884142876,129600.6326417923
pipeline_effect_with_rl,hpo_rl_only,hpo_with_rl,2c_Hurink_rdata_50_workers.fjs,8,1007,13789.741236206659,13280.70263900852,0.9630857034603669,4999992,4999992,1.0,2518656,1498248,129600.58249378204,129600.6342344284
pipeline_effect_with_rl,hpo_rl_only,hpo_with_rl,2c_Hurink_rdata_50_workers.fjs,9,1008,12986.737155802393,13568.244898366096,1.0447770471972546,4999992,4999992,1.0,3910356,1737756,129600.59857559204,129600.88780331612
pipeline_effect_with_rl,hpo_rl_only,hpo_with_rl,2c_Hurink_rdata_50_workers.fjs,10,1009,13738.30641186751,12906.946899955845,0.9394860263712335,4999992,4999992,1.0,2256936,323244,129600.11916518211,129600.26202368736
pipeline_effect_with_rl,hpo_rl_only,hpo_with_rl,2d_Hurink_vdata_18_workers.fjs,1,1000,2530.1950469274984,2418.842377453429,0.9559904800188077,4999992,4999992,1.0,2727660,2505912,129600.25721907616,129600.64202833176
pipeline_effect_with_rl,hpo_rl_only,hpo_with_rl,2d_Hurink_vdata_18_workers.fjs,2,1001,2557.2395966653457,2440.965426955456,0.9545313744314331,4999992,4999992,1.0,4997208,2864484,129600.94376349449,129600.23330640793
pipeline_effect_with_rl,hpo_rl_only,hpo_with_rl,2d_Hurink_vdata_18_workers.fjs,3,1002,2530.18532723585,2476.6389872333393,0.9788369889643584,4999992,4999992,1.0,4968684,773220,129600.27054858208,129600.28815507889
pipeline_effect_with_rl,hpo_rl_only,hpo_with_rl,2d_Hurink_vdata_18_workers.fjs,4,1003,2519.366410866108,2450.360046204575,0.9726096353575622,4999992,4999992,1.0,2568924,2567712,129600.29697394371,129600.67204284668
pipeline_effect_with_rl,hpo_rl_only,hpo_with_rl,2d_Hurink_vdata_18_workers.fjs,5,1004,2457.5829245797026,2386.778078239719,0.9711892340918291,4999992,4999992,1.0,4067784,329400,129600.63583636284,129600.30304932594
pipeline_effect_with_rl,hpo_rl_only,hpo_with_rl,2d_Hurink_vdata_18_workers.fjs,6,1005,2601.6623904053686,2351.0295820736974,0.9036643611961428,4999992,4999992,1.0,4861068,1139652,129600.86090707779,129600.69427418709
pipeline_effect_with_rl,hpo_rl_only,hpo_with_rl,2d_Hurink_vdata_18_workers.fjs,7,1006,2683.5796428012786,2452.8718255754393,0.9140298228730738,4999992,4999992,1.0,4862628,1066500,129600.3769800663,129600.45543956757
pipeline_effect_with_rl,hpo_rl_only,hpo_with_rl,2d_Hurink_vdata_18_workers.fjs,8,1007,2486.1132166624902,2396.4080572979665,0.9639175083566993,4999992,4999992,1.0,4894608,4991688,129600.52887558937,129600.90157866478
pipeline_effect_with_rl,hpo_rl_only,hpo_with_rl,2d_Hurink_vdata_18_workers.fjs,9,1008,2621.5167934186093,2337.8507962332437,0.8917931794686508,4999992,4999992,1.0,4596744,2649840,129600.88853597641,129601.68297123909
pipeline_effect_with_rl,hpo_rl_only,hpo_with_rl,2d_Hurink_vdata_18_workers.fjs,10,1009,2652.1640566185956,2486.4714039056703,0.9375254889306596,4999992,4999992,1.0,4891668,2990940,129600.26271772385,129600.51356172562
pipeline_effect_with_rl,hpo_rl_only,hpo_with_rl,2d_Hurink_vdata_30_workers.fjs,1,1000,2976.2572872428905,2878.4213041883895,0.9671278476246477,4999992,4128420,0.8256853210965137,4826604,804216,129601.62031316757,129601.05111074448
pipeline_effect_with_rl,hpo_rl_only,hpo_with_rl,2d_Hurink_vdata_30_workers.fjs,2,1001,3031.0411032725588,2782.9214180365016,0.9181404419200495,4999992,4149168,0.8298349277358844,3088656,554724,129601.10306191444,129601.82532548904
pipeline_effect_with_rl,hpo_rl_only,hpo_with_rl,2d_Hurink_vdata_30_workers.fjs,3,1002,3045.5952709272806,2964.057137667257,0.9732275217136129,4999992,4116360,0.8232733172373076,4751484,3572616,129600.53699827194,129601.39866113663
pipeline_effect_with_rl,hpo_rl_only,hpo_with_rl,2d_Hurink_vdata_30_workers.fjs,4,1003,3316.405544105767,3075.863394228826,0.927469018285639,4999992,4163604,0.8327221323554118,4764144,3104544,129600.67983412743,129600.47997665405
pipeline_effect_with_rl,hpo_rl_only,hpo_with_rl,2d_Hurink_vdata_30_workers.fjs,5,1004,3116.0753048829633,2748.790798247636,0.8821323393373119,4999992,4068456,0.813692501908003,4376172,1408920,129601.20341801643,129601.77567481995
pipeline_effect_with_rl,hpo_rl_only,hpo_with_rl,2d_Hurink_vdata_30_workers.fjs,6,1005,2973.0494441278393,2609.476292650928,0.8777103582333567,4999992,4510956,0.9021926435082296,4956804,1425276,129601.23570489883,129601.17221856117
pipeline_effect_with_rl,hpo_rl_only,hpo_with_rl,2d_Hurink_vdata_30_workers.fjs,7,1006,3471.376301457009,2918.082397750733,0.8406125249302281,4999992,4125708,0.8251429202286724,2989260,464748,129600.03610801697,129601.8084449768
pipeline_effect_with_rl,hpo_rl_only,hpo_with_rl,2d_Hurink_vdata_30_workers.fjs,8,1007,2936.185814973296,2522.673192979907,0.8591667394193341,4999992,4655088,0.9310190896305434,4965336,1256124,129601.36980223656,129600.23119521141
pipeline_effect_with_rl,hpo_rl_only,hpo_with_rl,2d_Hurink_vdata_30_workers.fjs,9,1008,3462.8345470341724,2755.794150757551,0.795820335429487,4999992,4129104,0.8258221213153941,4628184,351756,129600.75626516342,129601.81640791893
pipeline_effect_with_rl,hpo_rl_only,hpo_with_rl,2d_Hurink_vdata_30_workers.fjs,10,1009,3081.0357828930514,2856.975811003764,0.927277711887235,4999992,4100676,0.8201365122184195,4567944,271176,129600.07246947289,129600.874178648
pipeline_effect_with_rl,hpo_rl_only,hpo_with_rl,2d_Hurink_vdata_5_workers.fjs,1,1000,1183.6384640343388,1169.8285936583138,0.9883326955015005,4999992,4999992,1.0,3645264,2416740,129600.66987204552,129600.36170268059
pipeline_effect_with_rl,hpo_rl_only,hpo_with_rl,2d_Hurink_vdata_5_workers.fjs,2,1001,1255.13435507373,1198.0285976541654,0.9545022752435057,4999992,4999992,1.0,4122060,1307052,129600.83034658432,129600.69594025612
pipeline_effect_with_rl,hpo_rl_only,hpo_with_rl,2d_Hurink_vdata_5_workers.fjs,3,1002,1201.4685983641534,1182.5062794025907,0.9842173828035284,4999992,4999992,1.0,4015932,2516004,129600.58653664589,129600.75224637985
pipeline_effect_with_rl,hpo_rl_only,hpo_with_rl,2d_Hurink_vdata_5_workers.fjs,4,1003,1298.1439212833998,1199.7941657615652,0.9242381727408145,4999992,4999992,1.0,4109388,4502832,129600.47435688972,129600.38226151466
pipeline_effect_with_rl,hpo_rl_only,hpo_with_rl,2d_Hurink_vdata_5_workers.fjs,5,1004,1223.2513845113326,1143.2852187640585,0.9346281829231535,4999992,4999992,1.0,3507360,4213056,129600.34381914139,129600.13512992859
pipeline_effect_with_rl,hpo_rl_only,hpo_with_rl,2d_Hurink_vdata_5_workers.fjs,6,1005,1201.2895811624496,1145.2505723204877,0.953350957403847,4999992,4999992,1.0,4729560,4757136,129600.18196058273,129600.51202368736
pipeline_effect_with_rl,hpo_rl_only,hpo_with_rl,2d_Hurink_vdata_5_workers.fjs,7,1006,1261.1081426996866,1186.473698026902,0.940818362719463,4999992,4999992,1.0,3524424,2139720,129600.58612418175,129600.36074900627
pipeline_effect_with_rl,hpo_rl_only,hpo_with_rl,2d_Hurink_vdata_5_workers.fjs,8,1007,1214.5928890741575,1204.5339289495469,0.9917182455001212,4999992,4999992,1.0,3226656,4928052,129600.04893136024,129600.52915525436
pipeline_effect_with_rl,hpo_rl_only,hpo_with_rl,2d_Hurink_vdata_5_workers.fjs,9,1008,1241.4568122775515,1187.6457485478,0.956654904788004,4999992,4999992,1.0,4055244,2700300,129600.08456921577,129601.15223431587
pipeline_effect_with_rl,hpo_rl_only,hpo_with_rl,2d_Hurink_vdata_5_workers.fjs,10,1009,1224.158060109264,1142.9283385777187,0.933644417188827,4999992,4999992,1.0,3605976,1154604,129600.60129356384,129600.82445859909
pipeline_effect_with_rl,hpo_rl_only,hpo_with_rl,3_DPpaulli_15_workers.fjs,1,1000,7369.166097003058,6168.54604165931,0.8370751806188729,4999992,1201452,0.24029078446525515,4253520,525528,129603.07128429413,129600.32150173187
pipeline_effect_with_rl,hpo_rl_only,hpo_with_rl,3_DPpaulli_15_workers.fjs,2,1001,7207.5569005590705,5982.665995726675,0.8300546326956664,4999992,1773780,0.35475656761050817,4498668,1182708,129602.01793932915,129600.06606841087
pipeline_effect_with_rl,hpo_rl_only,hpo_with_rl,3_DPpaulli_15_workers.fjs,3,1002,7343.971644058516,5896.213121877367,0.8028643638143091,4999992,1610640,0.32212851540562465,4999272,779244,129601.29585909843,129601.07074213028
pipeline_effect_with_rl,hpo_rl_only,hpo_with_rl,3_DPpaulli_15_workers.fjs,4,1003,6925.165139308266,6456.492205452014,0.9323232118760613,4999992,864960,0.17299227678764287,4982556,288432,129600.6498465538,129600.06821322441
pipeline_effect_with_rl,hpo_rl_only,hpo_with_rl,3_DPpaulli_15_workers.fjs,5,1004,7418.689231653002,5580.062100311878,0.7521628047854689,4999992,1341648,0.26833002932804695,4825320,764568,129600.92315125465,129602.70951867104
pipeline_effect_with_rl,hpo_rl_only,hpo_with_rl,3_DPpaulli_15_workers.fjs,6,1005,6715.585776226353,6079.646804895806,0.9053040207480014,4999992,1185336,0.23706757930812689,4985472,991248,129602.94903612137,129601.66024851799
pipeline_effect_with_rl,hpo_rl_only,hpo_with_rl,3_DPpaulli_15_workers.fjs,7,1006,7234.868774077497,6377.674404384256,0.8815190162446949,4999992,1668924,0.3337853340565345,4869840,753660,129601.60296988487,129602.73049378395
pipeline_effect_with_rl,hpo_rl_only,hpo_with_rl,3_DPpaulli_15_workers.fjs,8,1007,6832.405119830626,5944.861084487461,0.8700978616201893,4999992,1483020,0.2966044745671593,4876596,1231872,129601.23693966866,129601.30952954292
pipeline_effect_with_rl,hpo_rl_only,hpo_with_rl,3_DPpaulli_15_workers.fjs,9,1008,6847.184278866735,6137.160526578142,0.8963042729140469,4999992,2070732,0.4141470626353002,4996992,697380,129600.9057469368,129601.0610692501
pipeline_effect_with_rl,hpo_rl_only,hpo_with_rl,3_DPpaulli_15_workers.fjs,10,1009,7196.656495410483,6353.04820113861,0.8827777461922954,4999992,982428,0.19648591437746302,4178076,371532,129603.29706692696,129602.67705798149
pipeline_effect_with_rl,hpo_rl_only,hpo_with_rl,3_DPpaulli_18_workers.fjs,1,1000,6792.227854409703,6122.2560601046125,0.9013619965840625,4999992,1260936,0.2521876035001656,4999728,622344,129601.37415003777,129603.05218172073
pipeline_effect_with_rl,hpo_rl_only,hpo_with_rl,3_DPpaulli_18_workers.fjs,2,1001,7026.669047674613,6374.617079219482,0.9072032617402239,4999992,1212564,0.24251318802110083,4811928,733716,129600.60735487938,129601.67435884476
pipeline_effect_with_rl,hpo_rl_only,hpo_with_rl,3_DPpaulli_18_workers.fjs,3,1002,6493.953146659698,6663.859464523752,1.0261637732867612,4999992,1030356,0.20607152971444753,4976496,415464,129600.65249657631,129600.68075370789
pipeline_effect_with_rl,hpo_rl_only,hpo_with_rl,3_DPpaulli_18_workers.fjs,4,1003,7150.345323083303,6477.310075663645,0.9058737421748132,4999992,1137060,0.22741236385978217,4580052,632052,129602.05697536469,129602.0459599495
pipeline_effect_with_rl,hpo_rl_only,hpo_with_rl,3_DPpaulli_18_workers.fjs,5,1004,6961.742776758987,5556.622663315557,0.7981654653868756,4999992,1718820,0.34376455002328005,4990248,1231128,129600.64149975777,129600.79198813438
pipeline_effect_with_rl,hpo_rl_only,hpo_with_rl,3_DPpaulli_18_workers.fjs,6,1005,6559.770359279058,6311.629685862407,0.9621723536303911,4999992,1016064,0.20321312514100023,4998996,442824,129601.01539111137,129600.16288614273
pipeline_effect_with_rl,hpo_rl_only,hpo_with_rl,3_DPpaulli_18_workers.fjs,7,1006,6961.1751708110205,5902.93224068161,0.8479792701429579,4999992,1317060,0.2634124214598743,4990968,527292,129601.34968996048,129600.82497692108
pipeline_effect_with_rl,hpo_rl_only,hpo_with_rl,3_DPpaulli_18_workers.fjs,8,1007,7102.996862471247,5861.272305999288,0.8251830064810216,4999992,1983636,0.3967278347645356,4982964,1460964,129601.59408402443,129603.33762407303
pipeline_effect_with_rl,hpo_rl_only,hpo_with_rl,3_DPpaulli_18_workers.fjs,9,1008,7876.967876360913,5902.535454081486,0.7493410594951422,4999992,1759788,0.351958163133061,4842084,1012452,129600.59615373611,129601.6616859436
pipeline_effect_with_rl,hpo_rl_only,hpo_with_rl,3_DPpaulli_18_workers.fjs,10,1009,7411.553660255859,6307.629843063427,0.8510536565211453,4999992,1103604,0.22072115315384505,4374780,317676,129602.36850190163,129600.32993173599
pipeline_effect_with_rl,hpo_rl_only,hpo_with_rl,3_DPpaulli_1_workers.fjs,1,1000,6508.8311568832905,6122.291631163411,0.9406130660938866,4999992,3837696,0.7675404280646849,4724748,1914456,129601.55200195312,129601.08025693893
pipeline_effect_with_rl,hpo_rl_only,hpo_with_rl,3_DPpaulli_1_workers.fjs,2,1001,6188.271421035316,5849.649836633838,0.9452801014431224,4999992,3941928,0.7883868614189783,4844868,1957968,129600.10693359375,129601.48895478249
pipeline_effect_with_rl,hpo_rl_only,hpo_with_rl,3_DPpaulli_1_workers.fjs,3,1002,6450.4673295608145,6213.528893439074,0.9632680201268653,4999992,3859008,0.7718028348845358,4837164,351288,129600.39297580719,129600.20322608948
pipeline_effect_with_rl,hpo_rl_only,hpo_with_rl,3_DPpaulli_1_workers.fjs,4,1003,6461.111558152209,6352.275519595534,0.9831552144585164,4999992,3841752,0.7683516293626069,4465848,875616,129600.17790102959,129601.16348147392
pipeline_effect_with_rl,hpo_rl_only,hpo_with_rl,3_DPpaulli_1_workers.fjs,5,1004,6773.738769400948,6206.913863924246,0.9163202295256464,4999992,3995136,0.7990284784455655,3777024,3099576,129600.71410250664,129600.90080809593
pipeline_effect_with_rl,hpo_rl_only,hpo_with_rl,3_DPpaulli_1_workers.fjs,6,1005,6339.49535378991,6234.552603093043,0.9834461980267674,4999992,4011216,0.8022444835911737,4712280,1143684,129600.31186771393,129600.21571564674
pipeline_effect_with_rl,hpo_rl_only,hpo_with_rl,3_DPpaulli_1_workers.fjs,7,1006,6433.309696043129,6334.0748148772645,0.9845748322629485,4999992,3949872,0.7899756639610623,3241584,310932,129601.32395648956,129600.04947829247
pipeline_effect_with_rl,hpo_rl_only,hpo_with_rl,3_DPpaulli_1_workers.fjs,8,1007,6654.154501775657,6270.10739649456,0.9422846125411404,4999992,3928272,0.7856556570490513,3741984,323592,129601.06757616997,129600.41040921211
pipeline_effect_with_rl,hpo_rl_only,hpo_with_rl,3_DPpaulli_1_workers.fjs,9,1008,6251.987550042174,6242.703028659034,0.998514948836858,4999992,3795996,0.7592004147206636,4602000,867744,129601.90755295753,129602.09354138374
pipeline_effect_with_rl,hpo_rl_only,hpo_with_rl,3_DPpaulli_1_workers.fjs,10,1009,6784.689123043263,6273.5092264105715,0.9246568431711132,4999992,3931056,0.7862124579399327,4030932,3653484,129601.99257993698,129600.30877375603
pipeline_effect_with_rl,hpo_rl_only,hpo_with_rl,3_DPpaulli_9_workers.fjs,1,1000,6050.182472361697,5394.688028613864,0.8916570786513881,4999992,2900340,0.580068928110285,4961652,677220,129600.51277136803,129601.72605895996
pipeline_effect_with_rl,hpo_rl_only,hpo_with_rl,3_DPpaulli_9_workers.fjs,2,1001,5814.916632278014,5453.971969580922,0.9379278009432629,4999992,2720148,0.5440304704487527,4878948,1353888,129600.56016564369,129601.92360019684
pipeline_effect_with_rl,hpo_rl_only,hpo_with_rl,3_DPpaulli_9_workers.fjs,3,1002,6063.511383674405,5198.420323400686,0.8573283687397837,4999992,2836104,0.5672217075547321,4755648,838188,129602.26637196541,129601.54879927635
pipeline_effect_with_rl,hpo_rl_only,hpo_with_rl,3_DPpaulli_9_workers.fjs,4,1003,6471.884343531236,5430.288716103479,0.8390583681445343,4999992,2777544,0.5555096888155021,4516176,474252,129600.59363412857,129603.00056362152
pipeline_effect_with_rl,hpo_rl_only,hpo_with_rl,3_DPpaulli_9_workers.fjs,5,1004,6251.037874294955,5179.817595225162,0.8286332124982343,4999992,3143568,0.6287146059433695,4979808,1942212,129600.73259472847,129600.76935577393
pipeline_effect_with_rl,hpo_rl_only,hpo_with_rl,3_DPpaulli_9_workers.fjs,6,1005,6028.175589127957,5073.856966100396,0.8416903076365739,4999992,2853252,0.5706513130421008,4779732,1344120,129602.16843867302,129601.10546946526
pipeline_effect_with_rl,hpo_rl_only,hpo_with_rl,3_DPpaulli_9_workers.fjs,7,1006,5994.4994544373585,5522.032898517786,0.9211833182218684,4999992,2792232,0.5584472935156696,2869128,723984,129601.50051426888,129601.14362597466
pipeline_effect_with_rl,hpo_rl_only,hpo_with_rl,3_DPpaulli_9_workers.fjs,8,1007,6192.853925468858,5761.640313516761,0.9303691614331999,4999992,2718324,0.5436656698650718,4990188,2216124,129601.130215168,129601.59064507484
pipeline_effect_with_rl,hpo_rl_only,hpo_with_rl,3_DPpaulli_9_workers.fjs,9,1008,6256.473650713447,5370.040190168921,0.8583173989003466,4999992,2897220,0.5794449271118833,4389528,1224636,129602.47938323021,129600.05315542221
pipeline_effect_with_rl,hpo_rl_only,hpo_with_rl,3_DPpaulli_9_workers.fjs,10,1009,5901.438750846397,5858.23655982788,0.9926793799203083,4999992,2677524,0.5355056568090509,4623540,435156,129601.30277633667,129600.11515641212
pipeline_effect_with_rl,hpo_rl_only,hpo_with_rl,4_ChambersBarnes_10_workers.fjs,1,1000,2228.930566967853,2186.7331280809985,0.9810683026594866,4999992,4999992,1.0,4670952,3896640,129601.51780080795,129600.49553513527
pipeline_effect_with_rl,hpo_rl_only,hpo_with_rl,4_ChambersBarnes_10_workers.fjs,2,1001,2473.183651295797,2406.8368368083825,0.973173518896321,4999992,4999992,1.0,4926000,503784,129600.91446065903,129601.2599709034
pipeline_effect_with_rl,hpo_rl_only,hpo_with_rl,4_ChambersBarnes_10_workers.fjs,3,1002,2194.8116372760987,2158.7800980492357,0.9835833113808433,4999992,4999992,1.0,4803408,4944420,129600.74567461014,129601.58170294762
pipeline_effect_with_rl,hpo_rl_only,hpo_with_rl,4_ChambersBarnes_10_workers.fjs,4,1003,2447.8950899576025,2288.49478501919,0.9348827057203775,4999992,4999992,1.0,4669188,287664,129600.15539097786,129600.35441279411
pipeline_effect_with_rl,hpo_rl_only,hpo_with_rl,4_ChambersBarnes_10_workers.fjs,5,1004,2306.008392680877,2174.397014563411,0.9429267566695803,4999992,4999992,1.0,4956552,3987108,129600.70148253441,129600.47130250931
pipeline_effect_with_rl,hpo_rl_only,hpo_with_rl,4_ChambersBarnes_10_workers.fjs,6,1005,2405.7804458982423,2192.905787125211,0.9115153425010276,4999992,4999992,1.0,2796492,3519924,129601.00870680809,129600.62719345093
pipeline_effect_with_rl,hpo_rl_only,hpo_with_rl,4_ChambersBarnes_10_workers.fjs,7,1006,2210.305615406117,2219.55475163941,1.004184550846193,4999992,4999992,1.0,4714668,148044,129600.66378331184,129600.16783070564
pipeline_effect_with_rl,hpo_rl_only,hpo_with_rl,4_ChambersBarnes_10_workers.fjs,8,1007,2251.742347257397,2210.318782338263,0.9816037723101014,4999992,4999992,1.0,4523832,184944,129600.09575843811,129600.04494976997
pipeline_effect_with_rl,hpo_rl_only,hpo_with_rl,4_ChambersBarnes_10_workers.fjs,9,1008,2412.2155793764546,2345.860707667246,0.9724921469388897,4999992,4999992,1.0,4671732,2656920,129601.27241396904,129600.58891010284
pipeline_effect_with_rl,hpo_rl_only,hpo_with_rl,4_ChambersBarnes_10_workers.fjs,10,1009,2241.953113373613,2128.0333371779006,0.9491872619832401,4999992,4999992,1.0,4927212,656592,129601.50898599625,129601.43721747398
pipeline_effect_with_rl,hpo_rl_only,hpo_with_rl,5_Kacem_3_workers.fjs,1,1000,18.851252788763333,15.269658700918702,0.8100076356739796,4999992,4999992,1.0,2575824,827400,129600.34300732613,129600.65015172958
pipeline_effect_with_rl,hpo_rl_only,hpo_with_rl,5_Kacem_3_workers.fjs,2,1001,17.14355758268654,18.74242545267141,1.0932634817641107,4999992,4999992,1.0,4780728,4966488,129600.21297192574,129600.28701615334
pipeline_effect_with_rl,hpo_rl_only,hpo_with_rl,5_Kacem_3_workers.fjs,3,1002,21.024030499728944,19.085037846051854,0.9077725532360653,4999992,4999992,1.0,3960876,682848,129600.66420841217,129600.33481907845
pipeline_effect_with_rl,hpo_rl_only,hpo_with_rl,5_Kacem_3_workers.fjs,4,1003,16.635596243787045,16.78581020275641,1.0090296708797235,4999992,4999992,1.0,4403004,3881280,129600.59282445908,129600.81490015984
pipeline_effect_with_rl,hpo_rl_only,hpo_with_rl,5_Kacem_3_workers.fjs,5,1004,18.836789672139293,16.666807339511365,0.8848008407803449,4999992,4999992,1.0,3513060,1153176,129600.52494859695,129600.8400053978
pipeline_effect_with_rl,hpo_rl_only,hpo_with_rl,5_Kacem_3_workers.fjs,6,1005,19.421101796872755,14.976200364855139,0.7711303159569789,4999992,4999992,1.0,2799516,3719184,129600.0897154808,129600.27533054352
pipeline_effect_with_rl,hpo_rl_only,hpo_with_rl,5_Kacem_3_workers.fjs,7,1006,19.760190321677115,15.407883508847089,0.7797436794899943,4999992,4999992,1.0,4445268,3400188,129600.38109517097,129600.8506166935
pipeline_effect_with_rl,hpo_rl_only,hpo_with_rl,5_Kacem_3_workers.fjs,8,1007,17.041744088475227,18.65624744290216,1.094738152740996,4999992,4999992,1.0,3792756,4773240,129600.79523682594,129600.06172680855
pipeline_effect_with_rl,hpo_rl_only,hpo_with_rl,5_Kacem_3_workers.fjs,9,1008,17.436046931425075,16.731520421566465,0.959593678966943,4999992,4999992,1.0,4512384,4379664,129600.47499871254,129600.39816784859
pipeline_effect_with_rl,hpo_rl_only,hpo_with_rl,5_Kacem_3_workers.fjs,10,1009,18.988951242251215,15.141900303111864,0.7974058235201794,4999992,4999992,1.0,4345332,3286464,129600.1950097084,129600.10703730583
pipeline_effect_with_rl,hpo_rl_only,hpo_with_rl,5_Kacem_4_workers.fjs,1,1000,38.65619938256768,31.88273922429508,0.8247768723655967,4999992,4999992,1.0,4969332,4934964,129600.53653550148,129600.40026760101
pipeline_effect_with_rl,hpo_rl_only,hpo_with_rl,5_Kacem_4_workers.fjs,2,1001,40.85807029731637,32.786629957336835,0.8024517486693521,4999992,4999992,1.0,4847208,2927928,129600.3799507618,129600.01687145233
pipeline_effect_with_rl,hpo_rl_only,hpo_with_rl,5_Kacem_4_workers.fjs,3,1002,37.06642200010812,30.45375843454326,0.8215996255169822,4999992,4999992,1.0,4302672,4169088,129600.36668610573,129600.17480325699
pipeline_effect_with_rl,hpo_rl_only,hpo_with_rl,5_Kacem_4_workers.fjs,4,1003,37.20769343268725,28.089724866372052,0.7549439988046937,4999992,4999992,1.0,2670324,4964796,129600.4585351944,129600.77935647964
pipeline_effect_with_rl,hpo_rl_only,hpo_with_rl,5_Kacem_4_workers.fjs,5,1004,39.284263138160895,32.0342467904701,0.815447312268711,4999992,4999992,1.0,4501392,2807196,129600.59022212029,129600.71714878082
pipeline_effect_with_rl,hpo_rl_only,hpo_with_rl,5_Kacem_4_workers.fjs,6,1005,38.89418998069952,30.544944659046244,0.7853343821841662,4999992,4999992,1.0,3223284,3989220,129600.65849876404,129600.18161010742
pipeline_effect_with_rl,hpo_rl_only,hpo_with_rl,5_Kacem_4_workers.fjs,7,1006,47.03366767698741,34.54682596229813,0.7345126941737773,4999992,4999992,1.0,3929772,3702432,129600.93860960007,129600.71140694618
pipeline_effect_with_rl,hpo_rl_only,hpo_with_rl,5_Kacem_4_workers.fjs,8,1007,43.612880436857544,32.793423276207626,0.7519206011555631,4999992,4999992,1.0,4071012,3933444,129600.83075714111,129600.29044246674
pipeline_effect_with_rl,hpo_rl_only,hpo_with_rl,5_Kacem_4_workers.fjs,9,1008,45.869488254656765,31.226993847839733,0.6807792071817915,4999992,4999992,1.0,2323380,3879288,129600.36350607872,129600.09148907661
pipeline_effect_with_rl,hpo_rl_only,hpo_with_rl,5_Kacem_4_workers.fjs,10,1009,53.21462598897859,28.689620276745085,0.5391303564303367,4999992,4999992,1.0,4707072,4061472,129600.83596301079,129600.04551625252
pipeline_effect_with_rl,hpo_rl_only,hpo_with_rl,6_Fattahi_14_workers.fjs,1,1000,1226.923606715146,1254.3721224020246,1.0223718213070876,4999992,4999992,1.0,2152344,2371272,129600.39457964897,129600.59916758537
pipeline_effect_with_rl,hpo_rl_only,hpo_with_rl,6_Fattahi_14_workers.fjs,2,1001,1220.8256548243528,1203.0556430693275,0.9854442674227861,4999992,4999992,1.0,4993248,4159452,129600.47451496124,129600.03128004074
pipeline_effect_with_rl,hpo_rl_only,hpo_with_rl,6_Fattahi_14_workers.fjs,3,1002,1248.5928845271842,1202.7987190796616,0.9633233810515717,4999992,4999992,1.0,4501644,3187896,129600.48819828033,129600.06642699242
pipeline_effect_with_rl,hpo_rl_only,hpo_with_rl,6_Fattahi_14_workers.fjs,4,1003,1278.3177840470548,1205.649902789249,0.9431535083336281,4999992,4999992,1.0,4210896,1526880,129600.38288831711,129600.33220410347
pipeline_effect_with_rl,hpo_rl_only,hpo_with_rl,6_Fattahi_14_workers.fjs,5,1004,1217.464336453624,1185.3734511323148,0.9736412111957322,4999992,4999992,1.0,3844560,3224616,129600.32536816597,129600.65481567383
pipeline_effect_with_rl,hpo_rl_only,hpo_with_rl,6_Fattahi_14_workers.fjs,6,1005,1266.5131905836574,1220.6866121212036,0.9638167381096637,4999992,4999992,1.0,2100384,3944928,129600.15097332001,129600.78834795952
pipeline_effect_with_rl,hpo_rl_only,hpo_with_rl,6_Fattahi_14_workers.fjs,7,1006,1246.3221795772004,1239.0071467509235,0.9941307047678808,4999992,4999992,1.0,2138292,1147620,129600.47369146347,129600.01630020142
pipeline_effect_with_rl,hpo_rl_only,hpo_with_rl,6_Fattahi_14_workers.fjs,8,1007,1221.5523657802544,1223.5860506979375,1.0016648364610912,4999992,4999992,1.0,1757004,1566816,129600.40215420723,129600.49932098389
pipeline_effect_with_rl,hpo_rl_only,hpo_with_rl,6_Fattahi_14_workers.fjs,9,1008,1308.0475244761951,1163.8780962073588,0.8897827291660763,4999992,4999992,1.0,4644816,1936680,129600.4692223072,129600.00906705856
pipeline_effect_with_rl,hpo_rl_only,hpo_with_rl,6_Fattahi_14_workers.fjs,10,1009,1342.6582413688293,1173.974460624357,0.8743658098932902,4999992,4999992,1.0,3757092,3471648,129600.58991146088,129600.26378035545
pipeline_effect_with_rl,hpo_rl_only,hpo_with_rl,6_Fattahi_20_workers.fjs,1,1000,3038.1653472329945,2828.7093811557147,0.9310584046164434,4999992,4999992,1.0,4074600,4113588,129600.50921010971,129600.52614569664
pipeline_effect_with_rl,hpo_rl_only,hpo_with_rl,6_Fattahi_20_workers.fjs,2,1001,3229.5063417370416,2929.717742514588,0.9071720047896832,4999992,4999992,1.0,4474296,4982220,129600.45107269287,129600.54550170898
pipeline_effect_with_rl,hpo_rl_only,hpo_with_rl,6_Fattahi_20_workers.fjs,3,1002,2905.9184436511605,2957.2781091456973,1.0176741593029726,4999992,4999992,1.0,3730260,3670764,129600.1135866642,129600.43639302254
pipeline_effect_with_rl,hpo_rl_only,hpo_with_rl,6_Fattahi_20_workers.fjs,4,1003,3301.324030445679,2748.1270356130817,0.8324317789678114,4999992,4999992,1.0,3776724,3296868,129600.601760149,129600.84783434868
pipeline_effect_with_rl,hpo_rl_only,hpo_with_rl,6_Fattahi_20_workers.fjs,5,1004,2939.220825914741,2854.7894972029662,0.9712742479342299,4999992,4999992,1.0,4248684,4127280,129600.48597168922,129600.83761310577
pipeline_effect_with_rl,hpo_rl_only,hpo_with_rl,6_Fattahi_20_workers.fjs,6,1005,3084.7167231928656,2803.80895343061,0.9089356349481909,4999992,4999992,1.0,4306212,2540544,129600.3043820858,129600.05474257469
pipeline_effect_with_rl,hpo_rl_only,hpo_with_rl,6_Fattahi_20_workers.fjs,7,1006,3086.0312209370145,2952.821971025367,0.9568347691987377,4999992,4999992,1.0,3640128,1190736,129600.68899917603,129600.00082707405
pipeline_effect_with_rl,hpo_rl_only,hpo_with_rl,6_Fattahi_20_workers.fjs,8,1007,2929.73033588365,2786.4260677317993,0.9510861916550324,4999992,4999992,1.0,4993080,4615716,129600.68379592896,129600.27021718025
pipeline_effect_with_rl,hpo_rl_only,hpo_with_rl,6_Fattahi_20_workers.fjs,9,1008,3141.9152229487913,2837.411103846377,0.9030832796256587,4999992,4999992,1.0,4299024,3573036,129600.34041571617,129600.54273915291
pipeline_effect_with_rl,hpo_rl_only,hpo_with_rl,6_Fattahi_20_workers.fjs,10,1009,3409.2962667498186,2804.290975654743,0.8225424710091725,4999992,4999992,1.0,4989888,4220460,129600.10471177101,129600.31294751167
combined_effect,hpo_plain_ga,hpo_with_rl,0_BehnkeGeiger_42_workers.fjs,1,1000,197.35397567501792,177.74705781480503,0.9006510114977389,4999992,4999992,1.0,3382020,4964652,129600.42259144783,129600.57690143585
combined_effect,hpo_plain_ga,hpo_with_rl,0_BehnkeGeiger_42_workers.fjs,2,1001,188.29545311390353,187.66865768554413,0.9966712131493678,4999992,4999992,1.0,2810700,3346644,129600.16192293167,129600.03947210312
combined_effect,hpo_plain_ga,hpo_with_rl,0_BehnkeGeiger_42_workers.fjs,3,1002,205.23971413604815,175.30724012588723,0.8541584695917115,4999992,4999992,1.0,4723320,3238176,129600.56283402443,129600.1644461155
combined_effect,hpo_plain_ga,hpo_with_rl,0_BehnkeGeiger_42_workers.fjs,4,1003,199.19460547159636,193.56659464956442,0.9717461684832903,4999992,4999992,1.0,4205856,4791756,129601.0780210495,129601.6318807602
combined_effect,hpo_plain_ga,hpo_with_rl,0_BehnkeGeiger_42_workers.fjs,5,1004,191.52498225633417,183.1749795107103,0.9564025400381014,4999992,4999992,1.0,3313908,4445964,129601.16373801231,129600.02747988701
combined_effect,hpo_plain_ga,hpo_with_rl,0_BehnkeGeiger_42_workers.fjs,6,1005,196.53579214699232,187.44112508000245,0.953725135927466,4999992,4999992,1.0,3061092,4032528,129600.69714283943,129601.45213913918
combined_effect,hpo_plain_ga,hpo_with_rl,0_BehnkeGeiger_42_workers.fjs,7,1006,211.55572158044225,185.7623247269171,0.8780775265219313,4999992,4999992,1.0,4374060,4479168,129601.33571338654,129601.25855255127
combined_effect,hpo_plain_ga,hpo_with_rl,0_BehnkeGeiger_42_workers.fjs,8,1007,196.81065612902358,181.74979461666408,0.9234753757312509,4999992,4999992,1.0,4956132,4552644,129600.76755642891,129601.02251935005
combined_effect,hpo_plain_ga,hpo_with_rl,0_BehnkeGeiger_42_workers.fjs,9,1008,212.84303499522628,188.58392668151467,0.8860234805698213,4999992,4999992,1.0,3751812,4785504,129600.05401587486,129600.54851126671
combined_effect,hpo_plain_ga,hpo_with_rl,0_BehnkeGeiger_42_workers.fjs,10,1009,202.82440502256864,181.9719133872012,0.8971894352011182,4999992,4999992,1.0,3378168,4960044,129600.63488483429,129600.71212530136
combined_effect,hpo_plain_ga,hpo_with_rl,0_BehnkeGeiger_46_workers.fjs,1,1000,279.76964318418686,288.7142320784272,1.0319712631879494,4999992,4999992,1.0,4907832,4927968,129601.94273138046,129601.19924688339
combined_effect,hpo_plain_ga,hpo_with_rl,0_BehnkeGeiger_46_workers.fjs,2,1001,319.1004124569541,274.27806450245396,0.8595352866848878,4999992,4999992,1.0,4705356,4440600,129602.0497200489,129602.41965842247
combined_effect,hpo_plain_ga,hpo_with_rl,0_BehnkeGeiger_46_workers.fjs,3,1002,306.60454804596503,294.01741979975526,0.9589467008026158,4999992,4999992,1.0,4956540,2006940,129601.28112363815,129600.36747813225
combined_effect,hpo_plain_ga,hpo_with_rl,0_BehnkeGeiger_46_workers.fjs,4,1003,315.9068394890995,292.62131521619773,0.9262899014451212,4999992,4999992,1.0,4760652,3978120,129601.68943142891,129600.97018313408
combined_effect,hpo_plain_ga,hpo_with_rl,0_BehnkeGeiger_46_workers.fjs,5,1004,307.1204545530435,284.0674602992181,0.9249382647359822,4999992,4999992,1.0,4745592,4891224,129600.3754889965,129601.69946837425
combined_effect,hpo_plain_ga,hpo_with_rl,0_BehnkeGeiger_46_workers.fjs,6,1005,313.6592368192651,281.98718210805,0.899024001230147,4999992,4999992,1.0,4900248,4581204,129600.50518393517,129601.80412983894
combined_effect,hpo_plain_ga,hpo_with_rl,0_BehnkeGeiger_46_workers.fjs,7,1006,325.7883080467813,281.2312608105685,0.8632331298095121,4999992,4999992,1.0,4621788,4796760,129601.00459361076,129600.42423725128
combined_effect,hpo_plain_ga,hpo_with_rl,0_BehnkeGeiger_46_workers.fjs,8,1007,340.49341629748227,317.2910633780262,0.9318566767846558,4999992,4999992,1.0,4819608,2989608,129602.32090044022,129602.3153424263
combined_effect,hpo_plain_ga,hpo_with_rl,0_BehnkeGeiger_46_workers.fjs,9,1008,328.81076248084236,294.42731438714475,0.895430892120811,4999992,4999992,1.0,4904196,4629312,129601.33059477806,129601.08583974838
combined_effect,hpo_plain_ga,hpo_with_rl,0_BehnkeGeiger_46_workers.fjs,10,1009,315.37652276472016,288.62236925329944,0.9151675803991913,4999992,4999992,1.0,4814628,4744584,129601.66284608841,129600.72345495224
combined_effect,hpo_plain_ga,hpo_with_rl,0_BehnkeGeiger_60_workers.fjs,1,1000,1891.478277809634,1751.10062902295,0.9257841602340557,63972,823548,12.873569686737948,55932,426348,129602.17245006561,129603.86613988876
combined_effect,hpo_plain_ga,hpo_with_rl,0_BehnkeGeiger_60_workers.fjs,2,1001,1594.2493973032633,1682.0880992758525,1.055097215103968,2556888,477228,0.18664407670574543,1942776,132792,129601.09897685051,129602.7304315567
combined_effect,hpo_plain_ga,hpo_with_rl,0_BehnkeGeiger_60_workers.fjs,3,1002,1804.878955573364,1688.6651053697874,0.935611277507162,76980,776916,10.092439594699922,72876,522504,129602.15578174591,129603.66641712189
combined_effect,hpo_plain_ga,hpo_with_rl,0_BehnkeGeiger_60_workers.fjs,4,1003,1740.4867110758346,1734.905822312837,0.9967934895868593,83760,395772,4.725071633237822,72312,354744,129601.63150930405,129600.02969479561
combined_effect,hpo_plain_ga,hpo_with_rl,0_BehnkeGeiger_60_workers.fjs,5,1004,1837.3886122253848,1820.3784054066655,0.9907421833870423,4814088,379284,0.07878626232009053,4596660,379284,130107.5514087677,129600.05560445786
combined_effect,hpo_plain_ga,hpo_with_rl,0_BehnkeGeiger_60_workers.fjs,6,1005,1955.8607475255383,2015.3339198018025,1.0304076720960358,4779816,278280,0.05821981431921229,4581408,252024,129700.76211380959,129604.11983704567
combined_effect,hpo_plain_ga,hpo_with_rl,0_BehnkeGeiger_60_workers.fjs,7,1006,1925.742257249723,1730.9870076813745,0.8988674373036343,58104,596880,10.272614622057,44268,100332,129603.90269804001,129604.93507671356
combined_effect,hpo_plain_ga,hpo_with_rl,0_BehnkeGeiger_60_workers.fjs,8,1007,1878.5860445921637,1860.5455369177655,0.9903967626469221,4844664,736188,0.15195852591634837,4825848,376044,129648.80515956879,129603.43508386612
combined_effect,hpo_plain_ga,hpo_with_rl,0_BehnkeGeiger_60_workers.fjs,9,1008,1808.4975629681776,1844.0349718665175,1.0196502387539934,65040,761424,11.7070110701107,44520,677244,129601.21967434883,129603.68931293488
combined_effect,hpo_plain_ga,hpo_with_rl,0_BehnkeGeiger_60_workers.fjs,10,1009,1811.296725704636,1628.6624675351902,0.8991693323475772,82656,581352,7.033391405342625,67248,153588,129602.99671077728,129603.88136553764
combined_effect,hpo_plain_ga,hpo_with_rl,1_Brandimarte_12_workers.fjs,1,1000,1154.5893417425773,1154.7427368811034,1.0001328568807804,4999992,4130412,0.8260837217339547,4628988,1044408,129600.04601502419,129601.50995159149
combined_effect,hpo_plain_ga,hpo_with_rl,1_Brandimarte_12_workers.fjs,2,1001,1239.2047644859622,1141.3433845144828,0.921028886608523,4999992,4149804,0.8299621279394047,4959300,1968336,129600.97632145882,129601.8390762806
combined_effect,hpo_plain_ga,hpo_with_rl,1_Brandimarte_12_workers.fjs,3,1002,1297.3964090609954,1102.693281344181,0.849927804364949,4999992,4368768,0.8737549980079968,4821420,3680532,129600.52553963661,129600.21963405609
combined_effect,hpo_plain_ga,hpo_with_rl,1_Brandimarte_12_workers.fjs,4,1003,1183.3936228861571,1144.7791249732027,0.9673696924115762,4999992,4357272,0.8714557943292709,4981956,428496,129600.8831012249,129600.05377197266
combined_effect,hpo_plain_ga,hpo_with_rl,1_Brandimarte_12_workers.fjs,5,1004,1088.4369141981545,1088.1358793435145,0.9997234246186314,4999992,4358220,0.8716453946326315,3909768,3597252,129600.79384660721,129600.08831810951
combined_effect,hpo_plain_ga,hpo_with_rl,1_Brandimarte_12_workers.fjs,6,1005,1129.650060926427,1114.3736455629512,0.9864768604970042,4999992,4408512,0.8817038107260972,4917600,1564860,129600.13910245895,129600.89966750145
combined_effect,hpo_plain_ga,hpo_with_rl,1_Brandimarte_12_workers.fjs,7,1006,1223.7781225176134,1165.313133595766,0.9522258260332596,4999992,4188480,0.8376973403157445,4671876,434100,129601.37622237206,129600.43690991402
combined_effect,hpo_plain_ga,hpo_with_rl,1_Brandimarte_12_workers.fjs,8,1007,1171.4423171947456,1154.1502359493993,0.9852386404421896,4999992,4166172,0.833235733177173,4937400,1864860,129600.10656309128,129601.16007137299
combined_effect,hpo_plain_ga,hpo_with_rl,1_Brandimarte_12_workers.fjs,9,1008,1246.6739137584868,1197.7162550596604,0.9607293790633444,4999992,4381524,0.8763062020899234,4983504,695076,129600.52317500114,129601.14544558525
combined_effect,hpo_plain_ga,hpo_with_rl,1_Brandimarte_12_workers.fjs,10,1009,1244.1227586178836,1191.671625943406,0.9578408703553125,4999992,4357920,0.8715853945366313,4861260,2807016,129601.37467503548,129601.27963447571
combined_effect,hpo_plain_ga,hpo_with_rl,1_Brandimarte_14_workers.fjs,1,1000,1581.7112301260595,1398.4839253329762,0.8841588140090019,4999992,2989932,0.5979873567797709,4712316,1650132,129601.87262153625,129600.90535879135
combined_effect,hpo_plain_ga,hpo_with_rl,1_Brandimarte_14_workers.fjs,2,1001,1553.3753190331165,1453.8713037105424,0.9359433524510294,4999992,3111684,0.6223377957404732,4846716,1909212,129601.04802775383,129602.4773042202
combined_effect,hpo_plain_ga,hpo_with_rl,1_Brandimarte_14_workers.fjs,3,1002,1476.2495244222139,1408.3558551028154,0.9540093539769496,4999992,2998128,0.5996265594024951,4865640,488244,129601.80801224709,129601.60584044456
combined_effect,hpo_plain_ga,hpo_with_rl,1_Brandimarte_14_workers.fjs,4,1003,1517.8957498836787,1420.5593300899905,0.935874107427241,4999992,3054444,0.6108897774236439,4658268,338100,129601.26086831093,129601.18349027634
combined_effect,hpo_plain_ga,hpo_with_rl,1_Brandimarte_14_workers.fjs,5,1004,1503.8430900541555,1449.6887029102263,0.9639893367186473,4999992,3078252,0.6156513850422161,4979748,440952,129601.14789795876,129601.06740808487
combined_effect,hpo_plain_ga,hpo_with_rl,1_Brandimarte_14_workers.fjs,6,1005,1610.4134022062167,1493.7383576645184,0.9275496314288884,4999992,2713044,0.5426096681754691,4997088,341316,129601.74754881859,129600.85108017921
combined_effect,hpo_plain_ga,hpo_with_rl,1_Brandimarte_14_workers.fjs,7,1006,1545.7752077110558,1450.5327165259898,0.9383852899762194,4999992,3196416,0.6392842228547566,4956468,2123580,129600.08866500854,129601.91005730629
combined_effect,hpo_plain_ga,hpo_with_rl,1_Brandimarte_14_workers.fjs,8,1007,1485.9768468909335,1402.187431326183,0.9436132428711385,4999992,2955024,0.591005745609193,4059324,1300320,129601.81755638123,129602.35554432869
combined_effect,hpo_plain_ga,hpo_with_rl,1_Brandimarte_14_workers.fjs,9,1008,1485.9451793052347,1438.4842321933593,0.9680600955049593,4999992,3347004,0.6694018710429936,4996800,1295664,129602.00672864914,129602.37225222588
combined_effect,hpo_plain_ga,hpo_with_rl,1_Brandimarte_14_workers.fjs,10,1009,1542.7001610256589,1537.8899620521927,0.9968819611905219,4999992,2981244,0.5962497539996064,4753488,406032,129602.12660360336,129601.93874692917
combined_effect,hpo_plain_ga,hpo_with_rl,1_Brandimarte_7_workers.fjs,1,1000,411.9014194970467,392.3073625007997,0.9524302270670192,4999992,4999992,1.0,4864344,4686960,129600.28299760818,129600.9913122654
combined_effect,hpo_plain_ga,hpo_with_rl,1_Brandimarte_7_workers.fjs,2,1001,421.47284307381466,370.4713988105543,0.8789923358019814,4999992,4999992,1.0,2252868,134448,129600.1839799881,129600.41848611832
combined_effect,hpo_plain_ga,hpo_with_rl,1_Brandimarte_7_workers.fjs,3,1002,448.5593305374162,364.4803387792582,0.8125577018821045,4999992,4999992,1.0,2588400,556548,129600.93494939804,129600.83772802353
combined_effect,hpo_plain_ga,hpo_with_rl,1_Brandimarte_7_workers.fjs,4,1003,417.3916128868949,365.5325938062238,0.8757545252958308,4999992,4999992,1.0,3724644,598728,129600.5431509018,129600.05010485649
combined_effect,hpo_plain_ga,hpo_with_rl,1_Brandimarte_7_workers.fjs,5,1004,452.7741990063794,350.0342442861516,0.7730878770351924,4999992,4999992,1.0,3990696,2773164,129600.11080646515,129600.52750515938
combined_effect,hpo_plain_ga,hpo_with_rl,1_Brandimarte_7_workers.fjs,6,1005,391.77595685942214,369.46778261415506,0.9430588481638965,4999992,4999992,1.0,3450096,339948,129600.50080132484,129600.03007411957
combined_effect,hpo_plain_ga,hpo_with_rl,1_Brandimarte_7_workers.fjs,7,1006,405.56994973169645,380.44837465377833,0.9380585886736993,4999992,4999992,1.0,4169940,150588,129600.09361553192,129601.1182141304
combined_effect,hpo_plain_ga,hpo_with_rl,1_Brandimarte_7_workers.fjs,8,1007,357.99835358352846,363.43291851378467,1.0151804187808595,4999992,4999992,1.0,4518108,1588440,129600.26203560829,129600.04516768456
combined_effect,hpo_plain_ga,hpo_with_rl,1_Brandimarte_7_workers.fjs,9,1008,396.6348627610052,357.4311005038419,0.901159061046064,4999992,4999992,1.0,4995672,4552404,129600.65951156616,129600.71592998505
combined_effect,hpo_plain_ga,hpo_with_rl,1_Brandimarte_7_workers.fjs,10,1009,425.4859357502078,392.7588757179376,0.9230830979769836,4999992,4999992,1.0,4600188,3985584,129600.74914336205,129600.53839349747
combined_effect,hpo_plain_ga,hpo_with_rl,2a_Hurink_sdata_18_workers.fjs,1,1000,2989.309490219051,2844.3080983602367,0.9514933491051176,4999992,4999992,1.0,3501528,3149196,129600.47583198547,129600.51924180984
combined_effect,hpo_plain_ga,hpo_with_rl,2a_Hurink_sdata_18_workers.fjs,2,1001,2807.8097670354828,2814.7820477385094,1.0024831741754314,4999992,4999992,1.0,3441588,407568,129600.6409816742,129600.06433558464
combined_effect,hpo_plain_ga,hpo_with_rl,2a_Hurink_sdata_18_workers.fjs,3,1002,2836.7759957834264,2709.137845774911,0.9550059115706576,4999992,4999992,1.0,4485972,418416,129600.62063503265,129600.89258146286
combined_effect,hpo_plain_ga,hpo_with_rl,2a_Hurink_sdata_18_workers.fjs,4,1003,2838.1300425536756,2775.117851261631,0.9777979901036008,4999992,4999992,1.0,4408944,3709488,129600.62259626389,129600.07150149345
combined_effect,hpo_plain_ga,hpo_with_rl,2a_Hurink_sdata_18_workers.fjs,5,1004,2762.3917744062887,2750.955441214875,0.995859988689015,4999992,4999992,1.0,4958016,2231916,129600.43922710419,129600.57857728004
combined_effect,hpo_plain_ga,hpo_with_rl,2a_Hurink_sdata_18_workers.fjs,6,1005,2843.89498525806,2710.8901149885396,0.9532314410486394,4999992,4999992,1.0,2047740,406920,129600.1804227829,129600.37401127815
combined_effect,hpo_plain_ga,hpo_with_rl,2a_Hurink_sdata_18_workers.fjs,7,1006,2986.745289654035,2790.9074554509884,0.9344310226648985,4999992,4999992,1.0,4315128,4566564,129600.33399963379,129600.76549696922
combined_effect,hpo_plain_ga,hpo_with_rl,2a_Hurink_sdata_18_workers.fjs,8,1007,2831.2835420526653,2724.7425593420676,0.962370076635505,4999992,4999992,1.0,4055016,2738688,129600.32529091835,129600.05715107918
combined_effect,hpo_plain_ga,hpo_with_rl,2a_Hurink_sdata_18_workers.fjs,9,1008,2764.535575351187,2830.5233274576412,1.0238693806998926,4999992,4999992,1.0,4647048,194628,129600.07880210876,129600.07287168503
combined_effect,hpo_plain_ga,hpo_with_rl,2a_Hurink_sdata_18_workers.fjs,10,1009,2867.001232494927,2766.73963402337,0.9650291052074967,4999992,4999992,1.0,2586552,3259452,129600.62152838707,129601.10021853447
combined_effect,hpo_plain_ga,hpo_with_rl,2a_Hurink_sdata_1_workers.fjs,1,1000,112.97014230823892,118.47392694117576,1.0487189315732628,4999992,4999992,1.0,3951468,2272524,129600.31006836891,129600.27405524254
combined_effect,hpo_plain_ga,hpo_with_rl,2a_Hurink_sdata_1_workers.fjs,2,1001,120.58496858419413,114.51946535676753,0.9496993423090575,4999992,4999992,1.0,1892976,254832,129600.10041046143,129600.07588028908
combined_effect,hpo_plain_ga,hpo_with_rl,2a_Hurink_sdata_1_workers.fjs,3,1002,119.60679875995255,120.0556780705132,1.003752958153002,4999992,4999992,1.0,1776192,661536,129600.41736674309,129600.08135056496
combined_effect,hpo_plain_ga,hpo_with_rl,2a_Hurink_sdata_1_workers.fjs,4,1003,114.14000790201935,110.79716249442767,0.9707127634820101,4999992,4999992,1.0,2096928,1429380,129600.08581113815,129600.6398589611
combined_effect,hpo_plain_ga,hpo_with_rl,2a_Hurink_sdata_1_workers.fjs,5,1004,113.27327202926625,113.85338172086726,1.0051213289879286,4999992,4999992,1.0,2096724,4513800,129600.00350856781,129600.93946456909
combined_effect,hpo_plain_ga,hpo_with_rl,2a_Hurink_sdata_1_workers.fjs,6,1005,119.63461995679533,110.40709123111384,0.9228690764511651,4999992,4999992,1.0,2529852,2568516,129600.08423948288,129600.59756660461
combined_effect,hpo_plain_ga,hpo_with_rl,2a_Hurink_sdata_1_workers.fjs,7,1006,120.6939867339963,111.39161689695008,0.9229259875427913,4999992,4999992,1.0,2219580,4244808,129600.0273578167,129600.58053469658
combined_effect,hpo_plain_ga,hpo_with_rl,2a_Hurink_sdata_1_workers.fjs,8,1007,119.05955352071204,112.68073958301792,0.9464233339613151,4999992,4999992,1.0,3927984,4897536,129600.49047470093,129600.96754956245
combined_effect,hpo_plain_ga,hpo_with_rl,2a_Hurink_sdata_1_workers.fjs,9,1008,113.36637316457666,112.81189987600919,0.9951090144891331,4999992,4999992,1.0,2675412,4467228,129600.74096083641,129600.58837890625
combined_effect,hpo_plain_ga,hpo_with_rl,2a_Hurink_sdata_1_workers.fjs,10,1009,119.1155867777763,119.35475614981365,1.0020078763703995,4999992,4999992,1.0,3571380,998916,129600.62290811539,129600.26675534248
combined_effect,hpo_plain_ga,hpo_with_rl,2a_Hurink_sdata_38_workers.fjs,1,1000,5332.808618802409,4866.9258833431095,0.9126383921191751,4999992,1717572,0.3435149496239194,4933044,837816,129602.58568620682,129602.06462597847
combined_effect,hpo_plain_ga,hpo_with_rl,2a_Hurink_sdata_38_workers.fjs,2,1001,5282.811857209003,5189.939796903478,0.9824199568684637,4999992,1261176,0.25223560357696573,4656408,731808,129601.8278889656,129601.25330615044
combined_effect,hpo_plain_ga,hpo_with_rl,2a_Hurink_sdata_38_workers.fjs,3,1002,5441.028689369343,4674.760846211243,0.8591685714403178,4999992,1535748,0.3071500914401463,4576188,722268,129601.21349024773,129600.05146098137
combined_effect,hpo_plain_ga,hpo_with_rl,2a_Hurink_sdata_38_workers.fjs,4,1003,5218.029837288197,4932.148345993597,0.9452127526654442,4999992,1648440,0.329688527501644,4323012,474648,129601.58556771278,129600.57521033287
combined_effect,hpo_plain_ga,hpo_with_rl,2a_Hurink_sdata_38_workers.fjs,5,1004,5390.131635383959,5233.801923072355,0.970997051113675,4999992,1220304,0.24406119049790478,4709868,909096,129602.10033679008,129601.63109326363
combined_effect,hpo_plain_ga,hpo_with_rl,2a_Hurink_sdata_38_workers.fjs,6,1005,5127.074982042762,4833.161068330813,0.942674153441999,4999992,1311480,0.2622964196742715,4973448,428436,129601.45331931114,129602.33060479164
combined_effect,hpo_plain_ga,hpo_with_rl,2a_Hurink_sdata_38_workers.fjs,7,1006,5427.372153344056,4681.603416752626,0.8625911922896374,4999992,2077368,0.4154742647588236,3017940,526680,129600.83428502083,129603.03227186203
combined_effect,hpo_plain_ga,hpo_with_rl,2a_Hurink_sdata_38_workers.fjs,8,1007,5401.300706400823,4746.897775495219,0.8788434552199431,4999992,2295456,0.4590919345470953,4859640,2187156,129600.74981331825,129600.61784005165
combined_effect,hpo_plain_ga,hpo_with_rl,2a_Hurink_sdata_38_workers.fjs,9,1008,5374.355449981222,5097.338574619634,0.948455795687545,4999992,2605320,0.5210648337037339,4962804,319920,129600.04798316956,129601.25132775307
combined_effect,hpo_plain_ga,hpo_with_rl,2a_Hurink_sdata_38_workers.fjs,10,1009,5805.342188694372,4981.2678364662115,0.8580489615525151,4999992,1359180,0.2718364349382959,4072584,501432,129602.39142036438,129602.0017273426
combined_effect,hpo_plain_ga,hpo_with_rl,2a_Hurink_sdata_40_workers.fjs,1,1000,3659.9083006921946,3653.9388365735235,0.9983689580098107,4999992,4512228,0.9024470439152703,4968828,2212272,129601.1864836216,129601.45834183693
combined_effect,hpo_plain_ga,hpo_with_rl,2a_Hurink_sdata_40_workers.fjs,2,1001,3581.7907356548963,3450.325866580381,0.9632963289100478,4999992,3972564,0.7945140712225139,3688224,3166476,129601.47646474838,129602.1625649929
combined_effect,hpo_plain_ga,hpo_with_rl,2a_Hurink_sdata_40_workers.fjs,3,1002,3907.654831445134,3716.948367852494,0.9511966967865192,4999992,4251984,0.850398160637057,4151052,482124,129600.71676135063,129602.27283072472
combined_effect,hpo_plain_ga,hpo_with_rl,2a_Hurink_sdata_40_workers.fjs,4,1003,3727.9684682015477,3600.694038380912,0.9658595744823895,4999992,3858324,0.7716660346656554,4874436,1467816,129601.83453392982,129601.04341316223
combined_effect,hpo_plain_ga,hpo_with_rl,2a_Hurink_sdata_40_workers.fjs,5,1004,3777.8859009946427,3648.453640572323,0.9657394998646617,4999992,4431168,0.8862350179760288,2956380,2981604,129600.48827409744,129602.297072649
combined_effect,hpo_plain_ga,hpo_with_rl,2a_Hurink_sdata_40_workers.fjs,6,1005,3467.316296111258,3472.5729762817996,1.001516065948883,4999992,4451448,0.8902910244656391,4955820,322296,129601.12885713577,129600.46717524529
combined_effect,hpo_plain_ga,hpo_with_rl,2a_Hurink_sdata_40_workers.fjs,7,1006,3777.7747217029073,3608.8051716881164,0.9552727299899385,4999992,3853104,0.7706220329952528,3085392,514224,129600.33298897743,129600.86646318436
combined_effect,hpo_plain_ga,hpo_with_rl,2a_Hurink_sdata_40_workers.fjs,8,1007,3670.1044506280914,3507.2613697188563,0.9556298511119032,4999992,4999992,1.0,4953900,414204,129600.85582923889,129601.94403243065
combined_effect,hpo_plain_ga,hpo_with_rl,2a_Hurink_sdata_40_workers.fjs,9,1008,3491.2705285261354,3483.343504488236,0.9977294729889505,4999992,3938328,0.7876668602669764,4691484,343656,129601.25323033333,129600.89771652222
combined_effect,hpo_plain_ga,hpo_with_rl,2a_Hurink_sdata_40_workers.fjs,10,1009,3781.3255843362954,3533.2658412820037,0.9343987346443134,4999992,3890784,0.7781580450528721,4951872,3113880,129600.99669456482,129600.81301140785
combined_effect,hpo_plain_ga,hpo_with_rl,2a_Hurink_sdata_54_workers.fjs,1,1000,18286.76388371041,17409.57773625286,0.9520316359397556,4999992,4999992,1.0,908988,4846692,129600.81358242035,129600.34230089188
combined_effect,hpo_plain_ga,hpo_with_rl,2a_Hurink_sdata_54_workers.fjs,2,1001,17509.949268819444,17527.25170605976,1.0009881489074972,4999992,4999992,1.0,4219140,4873236,129600.61559677124,129600.67177772522
combined_effect,hpo_plain_ga,hpo_with_rl,2a_Hurink_sdata_54_workers.fjs,3,1002,18690.11815112606,17678.925121355354,0.9458969161353439,4999992,4999992,1.0,4711716,1772256,129601.11642599106,129600.80095505714
combined_effect,hpo_plain_ga,hpo_with_rl,2a_Hurink_sdata_54_workers.fjs,4,1003,20165.98493904199,18715.78357816523,0.9280867577130276,4999992,4999992,1.0,4125636,2674644,129600.04232883453,129600.0616197586
combined_effect,hpo_plain_ga,hpo_with_rl,2a_Hurink_sdata_54_workers.fjs,5,1004,18872.374183986096,19012.01589289716,1.0073992655905242,4999992,4999992,1.0,2933616,4976688,129600.71877264977,129600.71987915039
combined_effect,hpo_plain_ga,hpo_with_rl,2a_Hurink_sdata_54_workers.fjs,6,1005,19621.253669850783,18554.49988408416,0.9456327407149446,4999992,4999992,1.0,2809260,4054224,129600.41513156891,129600.49653482437
combined_effect,hpo_plain_ga,hpo_with_rl,2a_Hurink_sdata_54_workers.fjs,7,1006,19662.394705398474,19187.298202410508,0.9758373021136879,4999992,4999992,1.0,1866060,2899644,129600.73934555054,129600.14090275764
combined_effect,hpo_plain_ga,hpo_with_rl,2a_Hurink_sdata_54_workers.fjs,8,1007,20182.222682324973,19372.075858297212,0.9598583943513187,4999992,4999992,1.0,2087532,3787800,129600.84389638901,129600.43700957298
combined_effect,hpo_plain_ga,hpo_with_rl,2a_Hurink_sdata_54_workers.fjs,9,1008,19616.4741300969,19333.082924859897,0.9855534076431093,4999992,4999992,1.0,4053036,3242724,129600.6910738945,129600.30797147751
combined_effect,hpo_plain_ga,hpo_with_rl,2a_Hurink_sdata_54_workers.fjs,10,1009,20458.167276202712,19628.935975724493,0.9594669801413348,4999992,4999992,1.0,3266556,4812612,129600.71787643433,129600.80525016785
combined_effect,hpo_plain_ga,hpo_with_rl,2a_Hurink_sdata_61_workers.fjs,1,1000,2185.089089490535,1979.5030311637663,0.9059141069736876,4999992,4999992,1.0,3728388,3754968,129600.60643577576,129600.15351986885
combined_effect,hpo_plain_ga,hpo_with_rl,2a_Hurink_sdata_61_workers.fjs,2,1001,2110.9019571998665,1966.015512887041,0.9313627789208084,4999992,4999992,1.0,3334260,931572,129600.29622244835,129600.62007880211
combined_effect,hpo_plain_ga,hpo_with_rl,2a_Hurink_sdata_61_workers.fjs,3,1002,2078.721347211951,2018.4347554266208,0.970998233184939,4999992,4999992,1.0,3499728,2053320,129601.19944858551,129601.44200396538
combined_effect,hpo_plain_ga,hpo_with_rl,2a_Hurink_sdata_61_workers.fjs,4,1003,2123.7204424500915,2105.3302405452714,0.9913405731106474,4999992,4999992,1.0,4395240,3248616,129600.1829931736,129601.25420689583
combined_effect,hpo_plain_ga,hpo_with_rl,2a_Hurink_sdata_61_workers.fjs,5,1004,2045.9815561902353,2056.4354960663377,1.005109498589796,4999992,4999992,1.0,4583376,378396,129600.24719619751,129601.33859300613
combined_effect,hpo_plain_ga,hpo_with_rl,2a_Hurink_sdata_61_workers.fjs,6,1005,2009.9530301590369,1938.5477567484377,0.9644741581822192,4999992,4999992,1.0,4713816,4480344,129601.31844258308,129601.11295342445
combined_effect,hpo_plain_ga,hpo_with_rl,2a_Hurink_sdata_61_workers.fjs,7,1006,2021.9252145573835,1956.223237278468,0.9675052386676437,4999992,4999992,1.0,4659384,3040524,129601.03151082993,129600.79431796074
combined_effect,hpo_plain_ga,hpo_with_rl,2a_Hurink_sdata_61_workers.fjs,8,1007,2252.19602136106,2011.677788303478,0.8932072382792726,4999992,4999992,1.0,4789272,3990564,129600.4984061718,129601.3517999649
combined_effect,hpo_plain_ga,hpo_with_rl,2a_Hurink_sdata_61_workers.fjs,9,1008,1970.882677645063,2013.9728312770417,1.0218633783333393,4999992,4999992,1.0,4106352,3230196,129600.70487093925,129600.44187879562
combined_effect,hpo_plain_ga,hpo_with_rl,2a_Hurink_sdata_61_workers.fjs,10,1009,2101.3473189461665,2088.5173390593227,0.9938944029998439,4999992,4999992,1.0,4494672,4806072,129601.05695939064,129600.61260461807
combined_effect,hpo_plain_ga,hpo_with_rl,2a_Hurink_sdata_63_workers.fjs,1,1000,958.8367411482282,885.7221337352948,0.923746552175945,4999992,4999992,1.0,4577232,4933668,129601.11831521988,129600.7767894268
combined_effect,hpo_plain_ga,hpo_with_rl,2a_Hurink_sdata_63_workers.fjs,2,1001,924.7923890881435,883.1309962123191,0.9549505452603226,4999992,4999992,1.0,2746872,4004172,129600.55888533592,129600.03608107567
combined_effect,hpo_plain_ga,hpo_with_rl,2a_Hurink_sdata_63_workers.fjs,3,1002,911.7506987636567,907.1913444615748,0.9949993410388778,4999992,4999992,1.0,4531020,199512,129600.77489900589,129601.43965268135
combined_effect,hpo_plain_ga,hpo_with_rl,2a_Hurink_sdata_63_workers.fjs,4,1003,896.845834401321,879.0468483314135,0.9801537952375181,4999992,4999992,1.0,2077212,202212,129600.61543107033,129600.77520680428
combined_effect,hpo_plain_ga,hpo_with_rl,2a_Hurink_sdata_63_workers.fjs,5,1004,882.548993700906,888.0132617393516,1.0061914614117133,4999992,4999992,1.0,3701196,3443112,129600.83516001701,129600.04890680313
combined_effect,hpo_plain_ga,hpo_with_rl,2a_Hurink_sdata_63_workers.fjs,6,1005,917.8678361435656,877.2221615038965,0.9557172906173045,4999992,4999992,1.0,3268164,619104,129600.37211346626,129600.03353762627
combined_effect,hpo_plain_ga,hpo_with_rl,2a_Hurink_sdata_63_workers.fjs,7,1006,910.5704530587199,892.2939623572579,0.9799285265186577,4999992,4999992,1.0,3263088,4187712,129600.71179819107,129600.64477586746
combined_effect,hpo_plain_ga,hpo_with_rl,2a_Hurink_sdata_63_workers.fjs,8,1007,918.5952638426766,863.4600911943685,0.9399788189439753,4999992,4999992,1.0,1770492,1819344,129600.9678349495,129600.57404947281
combined_effect,hpo_plain_ga,hpo_with_rl,2a_Hurink_sdata_63_workers.fjs,9,1008,863.9676460686686,931.6097434906543,1.078292396399077,4999992,4999992,1.0,3635172,4586184,129601.33277702332,129600.54097104073
combined_effect,hpo_plain_ga,hpo_with_rl,2a_Hurink_sdata_63_workers.fjs,10,1009,872.4441696936525,916.4951552669505,1.050491466506981,4999992,4999992,1.0,4799772,390348,129600.56726431847,129600.71760988235
combined_effect,hpo_plain_ga,hpo_with_rl,2b_Hurink_edata_1_workers.fjs,1,1000,107.80667189628281,108.24659590462647,1.0040806751623583,4999992,4999992,1.0,3513336,1013172,129600.34606647491,129600.95282459259
combined_effect,hpo_plain_ga,hpo_with_rl,2b_Hurink_edata_1_workers.fjs,2,1001,106.94356808901725,107.30960534908614,1.0034227141155811,4999992,4999992,1.0,4608312,4001184,129600.82195568085,129600.5091817379
combined_effect,hpo_plain_ga,hpo_with_rl,2b_Hurink_edata_1_workers.fjs,3,1002,109.4267527714723,107.58927297064747,0.9832081300569868,4999992,4999992,1.0,2694324,664644,129600.63616681099,129600.93526315689
combined_effect,hpo_plain_ga,hpo_with_rl,2b_Hurink_edata_1_workers.fjs,4,1003,107.6752699159837,107.68550700299438,1.0000950737065128,4999992,4999992,1.0,2201184,3596916,129600.41830396652,129600.3104133606
combined_effect,hpo_plain_ga,hpo_with_rl,2b_Hurink_edata_1_workers.fjs,5,1004,108.33397526582938,108.3712747041573,1.0003443004674792,4999992,4999992,1.0,4615656,3029652,129600.6925213337,129600.71291017532
combined_effect,hpo_plain_ga,hpo_with_rl,2b_Hurink_edata_1_workers.fjs,6,1005,107.1813997016854,106.99555202455787,0.9982660454365703,4999992,4999992,1.0,1429992,4531500,129600.08750081062,129600.34336328506
combined_effect,hpo_plain_ga,hpo_with_rl,2b_Hurink_edata_1_workers.fjs,7,1006,109.73389312279215,108.01479935603675,0.9843339763328023,4999992,4999992,1.0,4907772,1849860,129600.422778368,129600.1158850193
combined_effect,hpo_plain_ga,hpo_with_rl,2b_Hurink_edata_1_workers.fjs,8,1007,113.53378414746928,107.15420721837889,0.9438089994357631,4999992,4999992,1.0,4974420,4483800,129600.36043691635,129600.62739443779
combined_effect,hpo_plain_ga,hpo_with_rl,2b_Hurink_edata_1_workers.fjs,9,1008,113.49303065882084,107.7496843788097,0.9493947227713339,4999992,4999992,1.0,3124092,4864272,129600.64437818527,129600.52337908745
combined_effect,hpo_plain_ga,hpo_with_rl,2b_Hurink_edata_1_workers.fjs,10,1009,108.84580993600588,107.2534215085931,0.9853702367748562,4999992,4999992,1.0,4253376,3073200,129600.5403702259,129600.55561733246
combined_effect,hpo_plain_ga,hpo_with_rl,2b_Hurink_edata_6_workers.fjs,1,1000,1262.3610854336098,1294.0389646342123,1.0250941506088342,4999992,4999992,1.0,4557564,4675584,129600.08512067795,129600.98584198952
combined_effect,hpo_plain_ga,hpo_with_rl,2b_Hurink_edata_6_workers.fjs,2,1001,1256.1653273218449,1215.848258852404,0.9679046479053858,4999992,4999992,1.0,4699320,4396140,129600.76433992386,129600.87351751328
combined_effect,hpo_plain_ga,hpo_with_rl,2b_Hurink_edata_6_workers.fjs,3,1002,1348.6626164974423,1272.7891900319134,0.9437417293714445,4999992,4999992,1.0,2315820,3296316,129600.80901741982,129600.05652189255
combined_effect,hpo_plain_ga,hpo_with_rl,2b_Hurink_edata_6_workers.fjs,4,1003,1221.8168176169818,1254.234018914381,1.0265319652095029,4999992,4999992,1.0,2228376,127272,129600.34685587883,129600.82481360435
combined_effect,hpo_plain_ga,hpo_with_rl,2b_Hurink_edata_6_workers.fjs,5,1004,1254.701982561864,1226.0527478773456,0.9771665024183495,4999992,4999992,1.0,4847184,2301060,129600.64660525322,129600.55214118958
combined_effect,hpo_plain_ga,hpo_with_rl,2b_Hurink_edata_6_workers.fjs,6,1005,1269.865699754693,1202.8975196647532,0.9472635727519245,4999992,4999992,1.0,2401992,4836624,129600.83617711067,129600.0684530735
combined_effect,hpo_plain_ga,hpo_with_rl,2b_Hurink_edata_6_workers.fjs,7,1006,1351.607109255668,1263.355434017273,0.9347061178991612,4999992,4999992,1.0,2467080,3582756,129600.75192713737,129600.84797477722
combined_effect,hpo_plain_ga,hpo_with_rl,2b_Hurink_edata_6_workers.fjs,8,1007,1360.0208539209007,1279.633042355543,0.9408922213702813,4999992,4999992,1.0,2925984,4319652,129600.103890419,129600.80212378502
combined_effect,hpo_plain_ga,hpo_with_rl,2b_Hurink_edata_6_workers.fjs,9,1008,1274.6492344313606,1238.8083390585298,0.9718817582087044,4999992,4999992,1.0,3898008,4883916,129600.42564249039,129600.19727063179
combined_effect,hpo_plain_ga,hpo_with_rl,2b_Hurink_edata_6_workers.fjs,10,1009,1274.5992875767934,1238.9390019590041,0.9720223556019831,4999992,4999992,1.0,4101876,4763712,129600.82530903816,129600.52099871635
combined_effect,hpo_plain_ga,hpo_with_rl,2c_Hurink_rdata_28_workers.fjs,1,1000,2330.351390335103,2201.8460751755833,0.9448558205889109,4999992,4999992,1.0,3066504,517092,129600.38318490982,129600.42625427246
combined_effect,hpo_plain_ga,hpo_with_rl,2c_Hurink_rdata_28_workers.fjs,2,1001,2308.7866348074326,2057.4504945179224,0.8911392952036586,4999992,4999992,1.0,4849644,432996,129600.19692754745,129600.91038274765
combined_effect,hpo_plain_ga,hpo_with_rl,2c_Hurink_rdata_28_workers.fjs,3,1002,2311.8199569154594,2167.4888675959746,0.9375681964818496,4999992,4999992,1.0,4770804,580140,129600.84563565254,129600.15401268005
combined_effect,hpo_plain_ga,hpo_with_rl,2c_Hurink_rdata_28_workers.fjs,4,1003,2215.9867347885834,2169.2673065926824,0.9789170993388829,4999992,4999992,1.0,4710396,2313216,129600.48745512962,129601.28985452652
combined_effect,hpo_plain_ga,hpo_with_rl,2c_Hurink_rdata_28_workers.fjs,5,1004,2315.086192567939,2165.039303241396,0.9351873421351503,4999992,4999992,1.0,4988304,409296,129601.16322731972,129600.87235546112
combined_effect,hpo_plain_ga,hpo_with_rl,2c_Hurink_rdata_28_workers.fjs,6,1005,2340.5464776920426,2063.1380378985373,0.8814770642508022,4999992,4999992,1.0,4827144,346824,129600.02428340912,129600.09967255592
combined_effect,hpo_plain_ga,hpo_with_rl,2c_Hurink_rdata_28_workers.fjs,7,1006,2508.025171614942,2329.2099597526076,0.9287027842120127,4999992,4999992,1.0,4624356,345072,129600.98663425446,129600.48825311661
combined_effect,hpo_plain_ga,hpo_with_rl,2c_Hurink_rdata_28_workers.fjs,8,1007,2347.19688555491,2230.003571462334,0.9500709485370378,4999992,4999992,1.0,4361556,3998628,129600.00742292404,129600.64804244041
combined_effect,hpo_plain_ga,hpo_with_rl,2c_Hurink_rdata_28_workers.fjs,9,1008,2275.9894801249125,2131.35355611791,0.9364514092573643,4999992,4999992,1.0,4008000,3571968,129600.14099240303,129601.26016616821
combined_effect,hpo_plain_ga,hpo_with_rl,2c_Hurink_rdata_28_workers.fjs,10,1009,2393.4025610458166,2113.7806722893333,0.8831697210876635,4999992,4999992,1.0,4869876,3242580,129600.32387566566,129600.84718871117
combined_effect,hpo_plain_ga,hpo_with_rl,2c_Hurink_rdata_38_workers.fjs,1,1000,4509.214419500516,4729.079178845975,1.0487589941153903,4999992,1330992,0.2661988259181215,4989708,301740,129601.69811987877,129600.06630325317
combined_effect,hpo_plain_ga,hpo_with_rl,2c_Hurink_rdata_38_workers.fjs,2,1001,4837.841299763957,4470.310249784781,0.9240299490607292,4999992,1746108,0.349222158755454,3733956,347268,129600.06809520721,129600.19759225845
combined_effect,hpo_plain_ga,hpo_with_rl,2c_Hurink_rdata_38_workers.fjs,3,1002,4630.767747495419,4130.5786431814995,0.8919857069954653,4999992,2044152,0.4088310541296866,4722276,1143876,129600.79441380501,129601.43322324753
combined_effect,hpo_plain_ga,hpo_with_rl,2c_Hurink_rdata_38_workers.fjs,4,1003,4904.574291438695,4517.8102618774665,0.9211421814455224,4999992,2395884,0.4791775666841067,4845024,1781448,129602.03040289879,129600.0645365715
combined_effect,hpo_plain_ga,hpo_with_rl,2c_Hurink_rdata_38_workers.fjs,5,1004,4714.025628487639,4500.668582578238,0.9547399478229289,4999992,1346220,0.2692444307910893,4581516,818388,129602.07602190971,129601.38711762428
combined_effect,hpo_plain_ga,hpo_with_rl,2c_Hurink_rdata_38_workers.fjs,6,1005,4577.04258064921,4230.986040906831,0.9243929822271186,4999992,1635876,0.3271757234811576,4294152,794640,129600.37500715256,129600.22278857231
combined_effect,hpo_plain_ga,hpo_with_rl,2c_Hurink_rdata_38_workers.fjs,7,1006,4892.463440184419,4376.642683677551,0.8945682961531902,4999992,2031768,0.40635425016680027,4963476,315876,129600.65421557426,129600.4947066307
combined_effect,hpo_plain_ga,hpo_with_rl,2c_Hurink_rdata_38_workers.fjs,8,1007,4640.1133517307635,4327.672458377902,0.9326652455082114,4999992,1760304,0.3520613632981813,4898160,950472,129600.07001757622,129600.34310030937
combined_effect,hpo_plain_ga,hpo_with_rl,2c_Hurink_rdata_38_workers.fjs,9,1008,5319.7162205063,4519.256085145264,0.8495295421444768,4999992,2272128,0.4544263270821233,4992252,437904,129601.30636954308,129601.8215405941
combined_effect,hpo_plain_ga,hpo_with_rl,2c_Hurink_rdata_38_workers.fjs,10,1009,4688.253564742817,4002.3182664440073,0.8536906571228858,4999992,2102376,0.4204758727613964,3957792,1182540,129600.35633730888,129600.06670689583
combined_effect,hpo_plain_ga,hpo_with_rl,2c_Hurink_rdata_50_workers.fjs,1,1000,13647.541005173845,12926.035742887812,0.9471329478319569,4999992,4999992,1.0,4711776,3424080,129600.21035647392,129600.56624221802
combined_effect,hpo_plain_ga,hpo_with_rl,2c_Hurink_rdata_50_workers.fjs,2,1001,13390.504006422618,12978.316744494456,0.969217942675611,4999992,4999992,1.0,3360144,3713904,129600.12192749977,129600.06319141388
combined_effect,hpo_plain_ga,hpo_with_rl,2c_Hurink_rdata_50_workers.fjs,3,1002,14143.646328071356,12946.23312021643,0.9153391438049195,4999992,4999992,1.0,3655572,937200,129600.16587352753,129600.25011920929
combined_effect,hpo_plain_ga,hpo_with_rl,2c_Hurink_rdata_50_workers.fjs,4,1003,13590.387440993776,12731.940081589599,0.9368342246951126,4999992,4999992,1.0,4458984,2089344,129600.54031443596,129600.42680358887
combined_effect,hpo_plain_ga,hpo_with_rl,2c_Hurink_rdata_50_workers.fjs,5,1004,12913.459385125878,12779.466332411886,0.9896237678287564,4999992,4999992,1.0,3844596,4021056,129600.22125077248,129600.34546995163
combined_effect,hpo_plain_ga,hpo_with_rl,2c_Hurink_rdata_50_workers.fjs,6,1005,13333.71344875437,12983.550053679935,0.9737384940496717,4999992,4999992,1.0,2410464,4926096,129600.56106448174,129600.85043001175
combined_effect,hpo_plain_ga,hpo_with_rl,2c_Hurink_rdata_50_workers.fjs,7,1006,13669.824329858006,12793.028154087679,0.9358590019437774,4999992,4999992,1.0,4223172,806700,129600.5073390007,129600.6326417923
combined_effect,hpo_plain_ga,hpo_with_rl,2c_Hurink_rdata_50_workers.fjs,8,1007,13735.785334098044,13280.70263900852,0.9668688259156311,4999992,4999992,1.0,3905544,1498248,129600.30111956596,129600.6342344284
combined_effect,hpo_plain_ga,hpo_with_rl,2c_Hurink_rdata_50_workers.fjs,9,1008,13274.229331931623,13568.244898366096,1.0221493511285968,4999992,4999992,1.0,3169092,1737756,129600.75403690338,129600.88780331612
combined_effect,hpo_plain_ga,hpo_with_rl,2c_Hurink_rdata_50_workers.fjs,10,1009,13761.97760019487,12906.946899955845,0.9378700703431665,4999992,4999992,1.0,3878808,323244,129600.78037905693,129600.26202368736
combined_effect,hpo_plain_ga,hpo_with_rl,2d_Hurink_vdata_18_workers.fjs,1,1000,2468.3465136109025,2418.842377453429,0.9799444138476916,4999992,4999992,1.0,3806904,2505912,129600.19618940353,129600.64202833176
combined_effect,hpo_plain_ga,hpo_with_rl,2d_Hurink_vdata_18_workers.fjs,2,1001,2523.1248041405875,2440.965426955456,0.9674374501608866,4999992,4999992,1.0,4903692,2864484,129600.07823395729,129600.23330640793
combined_effect,hpo_plain_ga,hpo_with_rl,2d_Hurink_vdata_18_workers.fjs,3,1002,2476.769478558443,2476.6389872333393,0.9999473138997257,4999992,4999992,1.0,4107144,773220,129600.42896986008,129600.28815507889
combined_effect,hpo_plain_ga,hpo_with_rl,2d_Hurink_vdata_18_workers.fjs,4,1003,2701.741093999681,2450.360046204575,0.9069559076725004,4999992,4999992,1.0,4734060,2567712,129600.24359750748,129600.67204284668
combined_effect,hpo_plain_ga,hpo_with_rl,2d_Hurink_vdata_18_workers.fjs,5,1004,2494.4002860982378,2386.778078239719,0.9568544758199726,4999992,4999992,1.0,4959300,329400,129600.44028306007,129600.30304932594
combined_effect,hpo_plain_ga,hpo_with_rl,2d_Hurink_vdata_18_workers.fjs,6,1005,2573.495173560201,2351.0295820736974,0.9135550772458835,4999992,4999992,1.0,3963024,1139652,129600.92774820328,129600.69427418709
combined_effect,hpo_plain_ga,hpo_with_rl,2d_Hurink_vdata_18_workers.fjs,7,1006,2657.820426087615,2452.8718255754393,0.9228884696270223,4999992,4999992,1.0,4017384,1066500,129600.02898693085,129600.45543956757
combined_effect,hpo_plain_ga,hpo_with_rl,2d_Hurink_vdata_18_workers.fjs,8,1007,2408.686942392527,2396.4080572979665,0.9949022494876965,4999992,4999992,1.0,4935120,4991688,129600.74856519699,129600.90157866478
combined_effect,hpo_plain_ga,hpo_with_rl,2d_Hurink_vdata_18_workers.fjs,9,1008,2520.5429918207856,2337.8507962332437,0.9275187147450443,4999992,4999992,1.0,4956924,2649840,129600.74139285088,129601.68297123909
combined_effect,hpo_plain_ga,hpo_with_rl,2d_Hurink_vdata_18_workers.fjs,10,1009,2719.5229853671153,2486.4714039056703,0.9143042427972033,4999992,4999992,1.0,3072168,2990940,129600.2245323658,129600.51356172562
combined_effect,hpo_plain_ga,hpo_with_rl,2d_Hurink_vdata_30_workers.fjs,1,1000,3017.6981561631055,2878.4213041883895,0.953846659020463,4999992,4128420,0.8256853210965137,4732728,804216,129600.09560751915,129601.05111074448
combined_effect,hpo_plain_ga,hpo_with_rl,2d_Hurink_vdata_30_workers.fjs,2,1001,3160.681486133162,2782.9214180365016,0.8804814500436047,4999992,4149168,0.8298349277358844,4975320,554724,129601.06725502014,129601.82532548904
combined_effect,hpo_plain_ga,hpo_with_rl,2d_Hurink_vdata_30_workers.fjs,3,1002,3120.007077053773,2964.057137667257,0.9500161584460955,4999992,4116360,0.8232733172373076,3628656,3572616,129601.20020866394,129601.39866113663
combined_effect,hpo_plain_ga,hpo_with_rl,2d_Hurink_vdata_30_workers.fjs,4,1003,3425.5456570487518,3075.863394228826,0.8979192520466385,4999992,4163604,0.8327221323554118,4982976,3104544,129600.34781932831,129600.47997665405
combined_effect,hpo_plain_ga,hpo_with_rl,2d_Hurink_vdata_30_workers.fjs,5,1004,2898.4449085439733,2748.790798247636,0.9483674470212664,4999992,4068456,0.813692501908003,4873356,1408920,129600.7887711525,129601.77567481995
combined_effect,hpo_plain_ga,hpo_with_rl,2d_Hurink_vdata_30_workers.fjs,6,1005,2870.496555303656,2609.476292650928,0.9090679059793835,4999992,4510956,0.9021926435082296,4970604,1425276,129600.96275568008,129601.17221856117
combined_effect,hpo_plain_ga,hpo_with_rl,2d_Hurink_vdata_30_workers.fjs,7,1006,3499.86258281384,2918.082397750733,0.8337705634729909,4999992,4125708,0.8251429202286724,4596636,464748,129601.08748054504,129601.8084449768
combined_effect,hpo_plain_ga,hpo_with_rl,2d_Hurink_vdata_30_workers.fjs,8,1007,2963.575528855195,2522.673192979907,0.8512262192805983,4999992,4655088,0.9310190896305434,4123020,1256124,129601.01642870903,129600.23119521141
combined_effect,hpo_plain_ga,hpo_with_rl,2d_Hurink_vdata_30_workers.fjs,9,1008,3055.340871033135,2755.794150757551,0.9019596395559311,4999992,4129104,0.8258221213153941,4846380,351756,129600.55836939812,129601.81640791893
combined_effect,hpo_plain_ga,hpo_with_rl,2d_Hurink_vdata_30_workers.fjs,10,1009,2857.4867261115833,2856.975811003764,0.9998212012314351,4999992,4100676,0.8201365122184195,3853164,271176,129600.78856086731,129600.874178648
combined_effect,hpo_plain_ga,hpo_with_rl,2d_Hurink_vdata_5_workers.fjs,1,1000,1266.5169628797173,1169.8285936583138,0.9236580542896479,4999992,4999992,1.0,3817548,2416740,129600.15983557701,129600.36170268059
combined_effect,hpo_plain_ga,hpo_with_rl,2d_Hurink_vdata_5_workers.fjs,2,1001,1197.4111939887446,1198.0285976541654,1.0005156154114145,4999992,4999992,1.0,4821204,1307052,129600.73973941803,129600.69594025612
combined_effect,hpo_plain_ga,hpo_with_rl,2d_Hurink_vdata_5_workers.fjs,3,1002,1308.3606037039985,1182.5062794025907,0.9038076169940371,4999992,4999992,1.0,3963516,2516004,129600.81871128082,129600.75224637985
combined_effect,hpo_plain_ga,hpo_with_rl,2d_Hurink_vdata_5_workers.fjs,4,1003,1308.7168268302096,1199.7941657615652,0.9167714062846876,4999992,4999992,1.0,4951200,4502832,129600.89076590538,129600.38226151466
combined_effect,hpo_plain_ga,hpo_with_rl,2d_Hurink_vdata_5_workers.fjs,5,1004,1193.2750461254382,1143.2852187640585,0.9581070369956227,4999992,4999992,1.0,3521280,4213056,129600.41394495964,129600.13512992859
combined_effect,hpo_plain_ga,hpo_with_rl,2d_Hurink_vdata_5_workers.fjs,6,1005,1204.322383462781,1145.2505723204877,0.9509501675353367,4999992,4999992,1.0,4468080,4757136,129600.58150720596,129600.51202368736
combined_effect,hpo_plain_ga,hpo_with_rl,2d_Hurink_vdata_5_workers.fjs,7,1006,1290.5639453957212,1186.473698026902,0.9193451453992832,4999992,4999992,1.0,3965040,2139720,129600.03502821922,129600.36074900627
combined_effect,hpo_plain_ga,hpo_with_rl,2d_Hurink_vdata_5_workers.fjs,8,1007,1204.3902548218134,1204.5339289495469,1.0001192920045294,4999992,4999992,1.0,4148328,4928052,129600.09416556358,129600.52915525436
combined_effect,hpo_plain_ga,hpo_with_rl,2d_Hurink_vdata_5_workers.fjs,9,1008,1248.493955976532,1187.6457485478,0.9512627136579619,4999992,4999992,1.0,2202684,2700300,129600.50961852074,129601.15223431587
combined_effect,hpo_plain_ga,hpo_with_rl,2d_Hurink_vdata_5_workers.fjs,10,1009,1207.4183040731134,1142.9283385777187,0.9465885474173749,4999992,4999992,1.0,4969968,1154604,129600.56014728546,129600.82445859909
combined_effect,hpo_plain_ga,hpo_with_rl,3_DPpaulli_15_workers.fjs,1,1000,6654.2149019140725,6168.54604165931,0.9270133490706678,4999992,1201452,0.24029078446525515,4928868,525528,129603.01872444153,129600.32150173187
combined_effect,hpo_plain_ga,hpo_with_rl,3_DPpaulli_15_workers.fjs,2,1001,7350.654384814708,5982.665995726675,0.8138956999646071,4999992,1773780,0.35475656761050817,4845432,1182708,129602.32127428055,129600.06606841087
combined_effect,hpo_plain_ga,hpo_with_rl,3_DPpaulli_15_workers.fjs,3,1002,7319.099400302278,5896.213121877367,0.8055927101678457,4999992,1610640,0.32212851540562465,4751028,779244,129602.90202188492,129601.07074213028
combined_effect,hpo_plain_ga,hpo_with_rl,3_DPpaulli_15_workers.fjs,4,1003,7521.076374479568,6456.492205452014,0.8584532165316272,4999992,864960,0.17299227678764287,4612296,288432,129600.93787670135,129600.06821322441
combined_effect,hpo_plain_ga,hpo_with_rl,3_DPpaulli_15_workers.fjs,5,1004,6838.538163511186,5580.062100311878,0.8159729414227389,4999992,1341648,0.26833002932804695,4983108,764568,129602.80247616768,129602.70951867104
combined_effect,hpo_plain_ga,hpo_with_rl,3_DPpaulli_15_workers.fjs,6,1005,7108.625028755792,6079.646804895806,0.855249331664342,4999992,1185336,0.23706757930812689,4980072,991248,129603.13990020752,129601.66024851799
combined_effect,hpo_plain_ga,hpo_with_rl,3_DPpaulli_15_workers.fjs,7,1006,7700.106497167922,6377.674404384256,0.8282579476959114,4999992,1668924,0.3337853340565345,4825344,753660,129601.17946386337,129602.73049378395
combined_effect,hpo_plain_ga,hpo_with_rl,3_DPpaulli_15_workers.fjs,8,1007,7875.824286202929,5944.861084487461,0.7548239864748914,4999992,1483020,0.2966044745671593,4934448,1231872,129601.25682282448,129601.30952954292
combined_effect,hpo_plain_ga,hpo_with_rl,3_DPpaulli_15_workers.fjs,9,1008,6930.5639905480475,6137.160526578142,0.8855210824036897,4999992,2070732,0.4141470626353002,4968708,697380,129603.28049445152,129601.0610692501
combined_effect,hpo_plain_ga,hpo_with_rl,3_DPpaulli_15_workers.fjs,10,1009,7343.73629119693,6353.04820113861,0.8650975401655046,4999992,982428,0.19648591437746302,4917504,371532,129603.06002616882,129602.67705798149
combined_effect,hpo_plain_ga,hpo_with_rl,3_DPpaulli_18_workers.fjs,1,1000,7190.847226805619,6122.2560601046125,0.8513956515836444,4999992,1260936,0.2521876035001656,4285992,622344,129602.59011936188,129603.05218172073
combined_effect,hpo_plain_ga,hpo_with_rl,3_DPpaulli_18_workers.fjs,2,1001,7420.632328661491,6374.617079219482,0.8590396069884942,4999992,1212564,0.24251318802110083,4917084,733716,129601.28600978851,129601.67435884476
combined_effect,hpo_plain_ga,hpo_with_rl,3_DPpaulli_18_workers.fjs,3,1002,6346.774982401756,6663.859464523752,1.0499599376062967,4999992,1030356,0.20607152971444753,4922640,415464,129603.18819713593,129600.68075370789
combined_effect,hpo_plain_ga,hpo_with_rl,3_DPpaulli_18_workers.fjs,4,1003,7186.897430219449,6477.310075663645,0.9012665254450226,4999992,1137060,0.22741236385978217,4951092,632052,129601.2008049488,129602.0459599495
combined_effect,hpo_plain_ga,hpo_with_rl,3_DPpaulli_18_workers.fjs,5,1004,6425.410451641662,5556.622663315557,0.864788748537592,4999992,1718820,0.34376455002328005,4129356,1231128,129600.78757166862,129600.79198813438
combined_effect,hpo_plain_ga,hpo_with_rl,3_DPpaulli_18_workers.fjs,6,1005,6896.075405953261,6311.629685862407,0.9152495171983891,4999992,1016064,0.20321312514100023,4998516,442824,129601.35270833969,129600.16288614273
combined_effect,hpo_plain_ga,hpo_with_rl,3_DPpaulli_18_workers.fjs,7,1006,7167.820454113197,5902.93224068161,0.8235323803757192,4999992,1317060,0.2634124214598743,4371168,527292,129602.57303285599,129600.82497692108
combined_effect,hpo_plain_ga,hpo_with_rl,3_DPpaulli_18_workers.fjs,8,1007,6796.899456150619,5861.272305999288,0.8623450065449081,4999992,1983636,0.3967278347645356,4999476,1460964,129601.55497050285,129603.33762407303
combined_effect,hpo_plain_ga,hpo_with_rl,3_DPpaulli_18_workers.fjs,9,1008,7500.064951032777,5902.535454081486,0.7869979117005771,4999992,1759788,0.351958163133061,4991328,1012452,129601.36576461792,129601.6616859436
combined_effect,hpo_plain_ga,hpo_with_rl,3_DPpaulli_18_workers.fjs,10,1009,7223.374590168526,6307.629843063427,0.8732248015558426,4999992,1103604,0.22072115315384505,4949244,317676,129602.5046877861,129600.32993173599
combined_effect,hpo_plain_ga,hpo_with_rl,3_DPpaulli_1_workers.fjs,1,1000,6288.585265809968,6122.291631163411,0.9735562725768115,4999992,3837696,0.7675404280646849,4949064,1914456,129601.72114181519,129601.08025693893
combined_effect,hpo_plain_ga,hpo_with_rl,3_DPpaulli_1_workers.fjs,2,1001,6203.404909274071,5849.649836633838,0.9429740476699546,4999992,3941928,0.7883868614189783,4653120,1957968,129601.33825969696,129601.48895478249
combined_effect,hpo_plain_ga,hpo_with_rl,3_DPpaulli_1_workers.fjs,3,1002,6466.022435842578,6213.528893439074,0.9609507166254362,4999992,3859008,0.7718028348845358,3672108,351288,129600.86819195747,129600.20322608948
combined_effect,hpo_plain_ga,hpo_with_rl,3_DPpaulli_1_workers.fjs,4,1003,6697.738877414009,6352.275519595534,0.9484208978371134,4999992,3841752,0.7683516293626069,2767092,875616,129601.07162237167,129601.16348147392
combined_effect,hpo_plain_ga,hpo_with_rl,3_DPpaulli_1_workers.fjs,5,1004,6466.334164577383,6206.913863924246,0.9598813958495614,4999992,3995136,0.7990284784455655,4960788,3099576,129601.6294131279,129600.90080809593
combined_effect,hpo_plain_ga,hpo_with_rl,3_DPpaulli_1_workers.fjs,6,1005,6772.924611950798,6234.552603093043,0.9205111470002487,4999992,4011216,0.8022444835911737,4977120,1143684,129600.64899682999,129600.21571564674
combined_effect,hpo_plain_ga,hpo_with_rl,3_DPpaulli_1_workers.fjs,7,1006,6710.376287900332,6334.0748148772645,0.9439224483280338,4999992,3949872,0.7899756639610623,2792916,310932,129601.13919067383,129600.04947829247
combined_effect,hpo_plain_ga,hpo_with_rl,3_DPpaulli_1_workers.fjs,8,1007,6611.848813781121,6270.10739649456,0.9483137883349257,4999992,3928272,0.7856556570490513,4911672,323592,129600.68529677391,129600.41040921211
combined_effect,hpo_plain_ga,hpo_with_rl,3_DPpaulli_1_workers.fjs,9,1008,6472.7098540764055,6242.703028659034,0.9644651420189155,4999992,3795996,0.7592004147206636,3792108,867744,129601.5544435978,129602.09354138374
combined_effect,hpo_plain_ga,hpo_with_rl,3_DPpaulli_1_workers.fjs,10,1009,6419.801368748899,6273.5092264105715,0.9772123569039898,4999992,3931056,0.7862124579399327,3890100,3653484,129600.57186698914,129600.30877375603
combined_effect,hpo_plain_ga,hpo_with_rl,3_DPpaulli_9_workers.fjs,1,1000,6629.274441953021,5394.688028613864,0.813767490824314,4999992,2900340,0.580068928110285,4851396,677220,129600.01833605766,129601.72605895996
combined_effect,hpo_plain_ga,hpo_with_rl,3_DPpaulli_9_workers.fjs,2,1001,6064.5542521759335,5453.971969580922,0.8993195118378341,4999992,2720148,0.5440304704487527,4983024,1353888,129600.14302897453,129601.92360019684
combined_effect,hpo_plain_ga,hpo_with_rl,3_DPpaulli_9_workers.fjs,3,1002,6390.061162186406,5198.420323400686,0.8135165206497036,4999992,2836104,0.5672217075547321,4931832,838188,129601.19139289856,129601.54879927635
combined_effect,hpo_plain_ga,hpo_with_rl,3_DPpaulli_9_workers.fjs,4,1003,6381.168051120321,5430.288716103479,0.8509866332622442,4999992,2777544,0.5555096888155021,4535316,474252,129601.33283686638,129603.00056362152
combined_effect,hpo_plain_ga,hpo_with_rl,3_DPpaulli_9_workers.fjs,5,1004,6373.180586074234,5179.817595225162,0.8127523652073129,4999992,3143568,0.6287146059433695,4998756,1942212,129600.51914286613,129600.76935577393
combined_effect,hpo_plain_ga,hpo_with_rl,3_DPpaulli_9_workers.fjs,6,1005,6101.375217468615,5073.856966100396,0.8315923517658165,4999992,2853252,0.5706513130421008,4937364,1344120,129600.04393839836,129601.10546946526
combined_effect,hpo_plain_ga,hpo_with_rl,3_DPpaulli_9_workers.fjs,7,1006,5915.707372340889,5522.032898517786,0.9334526796129667,4999992,2792232,0.5584472935156696,4991220,723984,129601.6334092617,129601.14362597466
combined_effect,hpo_plain_ga,hpo_with_rl,3_DPpaulli_9_workers.fjs,8,1007,5944.348622988999,5761.640313516761,0.9692635272491191,4999992,2718324,0.5436656698650718,4685436,2216124,129600.40404701233,129601.59064507484
combined_effect,hpo_plain_ga,hpo_with_rl,3_DPpaulli_9_workers.fjs,9,1008,6035.220581721229,5370.040190168921,0.8897835824647522,4999992,2897220,0.5794449271118833,4987212,1224636,129600.37266111374,129600.05315542221
combined_effect,hpo_plain_ga,hpo_with_rl,3_DPpaulli_9_workers.fjs,10,1009,6170.436065299318,5858.23655982788,0.9494039801778104,4999992,2677524,0.5355056568090509,4453284,435156,129600.24627947807,129600.11515641212
combined_effect,hpo_plain_ga,hpo_with_rl,4_ChambersBarnes_10_workers.fjs,1,1000,2231.7015739082485,2186.7331280809985,0.9798501527475739,4999992,4999992,1.0,4608984,3896640,129600.10499477386,129600.49553513527
combined_effect,hpo_plain_ga,hpo_with_rl,4_ChambersBarnes_10_workers.fjs,2,1001,2479.3634858553514,2406.8368368083825,0.9707478756298824,4999992,4999992,1.0,4996848,503784,129600.89203691483,129601.2599709034
combined_effect,hpo_plain_ga,hpo_with_rl,4_ChambersBarnes_10_workers.fjs,3,1002,2227.1079100084544,2158.7800980492357,0.9693199365633974,4999992,4999992,1.0,4171752,4944420,129601.15062689781,129601.58170294762
combined_effect,hpo_plain_ga,hpo_with_rl,4_ChambersBarnes_10_workers.fjs,4,1003,2466.7572120007803,2288.49478501919,0.9277341012263619,4999992,4999992,1.0,4971816,287664,129600.59411215782,129600.35441279411
combined_effect,hpo_plain_ga,hpo_with_rl,4_ChambersBarnes_10_workers.fjs,5,1004,2339.8381480279,2174.397014563411,0.9292937703388038,4999992,4999992,1.0,4326096,3987108,129600.47345685959,129600.47130250931
combined_effect,hpo_plain_ga,hpo_with_rl,4_ChambersBarnes_10_workers.fjs,6,1005,2279.7586906623264,2192.905787125211,0.9619025891236399,4999992,4999992,1.0,3960888,3519924,129600.76333832741,129600.62719345093
combined_effect,hpo_plain_ga,hpo_with_rl,4_ChambersBarnes_10_workers.fjs,7,1006,2283.5714480411384,2219.55475163941,0.9719664140762303,4999992,4999992,1.0,4864200,148044,129600.41574907303,129600.16783070564
combined_effect,hpo_plain_ga,hpo_with_rl,4_ChambersBarnes_10_workers.fjs,8,1007,2341.64352209728,2210.318782338263,0.943917706294852,4999992,4999992,1.0,1750800,184944,129600.5223441124,129600.04494976997
combined_effect,hpo_plain_ga,hpo_with_rl,4_ChambersBarnes_10_workers.fjs,9,1008,2442.6149760896355,2345.860707667246,0.9603890627997038,4999992,4999992,1.0,4876320,2656920,129600.74564290047,129600.58891010284
combined_effect,hpo_plain_ga,hpo_with_rl,4_ChambersBarnes_10_workers.fjs,10,1009,2337.699056416914,2128.0333371779006,0.9103110733336324,4999992,4999992,1.0,4945680,656592,129600.15390944481,129601.43721747398
combined_effect,hpo_plain_ga,hpo_with_rl,5_Kacem_3_workers.fjs,1,1000,18.853875754371376,15.269658700918702,0.8098949467924836,4999992,4999992,1.0,2587596,827400,129600.5020980835,129600.65015172958
combined_effect,hpo_plain_ga,hpo_with_rl,5_Kacem_3_workers.fjs,2,1001,17.52692381474552,18.74242545267141,1.0693505403899388,4999992,4999992,1.0,4172076,4966488,129600.60183477402,129600.28701615334
combined_effect,hpo_plain_ga,hpo_with_rl,5_Kacem_3_workers.fjs,3,1002,20.93423526138495,19.085037846051854,0.9116663497737554,4999992,4999992,1.0,2795628,682848,129600.53386974335,129600.33481907845
combined_effect,hpo_plain_ga,hpo_with_rl,5_Kacem_3_workers.fjs,4,1003,16.822245377961497,16.78581020275641,0.9978341074935917,4999992,4999992,1.0,3620136,3881280,129600.02547264099,129600.81490015984
combined_effect,hpo_plain_ga,hpo_with_rl,5_Kacem_3_workers.fjs,5,1004,16.85916263477556,16.666807339511365,0.9885904597143264,4999992,4999992,1.0,4090716,1153176,129600.53451538086,129600.8400053978
combined_effect,hpo_plain_ga,hpo_with_rl,5_Kacem_3_workers.fjs,6,1005,19.15234375804228,14.976200364855139,0.7819513138472395,4999992,4999992,1.0,3545424,3719184,129600.10935521126,129600.27533054352
combined_effect,hpo_plain_ga,hpo_with_rl,5_Kacem_3_workers.fjs,7,1006,17.587045547758898,15.407883508847089,0.876092773343076,4999992,4999992,1.0,2407044,3400188,129600.78533887863,129600.8506166935
combined_effect,hpo_plain_ga,hpo_with_rl,5_Kacem_3_workers.fjs,8,1007,17.133751559225125,18.65624744290216,1.0888594583862339,4999992,4999992,1.0,3869616,4773240,129600.33363890648,129600.06172680855
combined_effect,hpo_plain_ga,hpo_with_rl,5_Kacem_3_workers.fjs,9,1008,16.956892778756266,16.731520421566465,0.9867091005333153,4999992,4999992,1.0,4880940,4379664,129600.15962862968,129600.39816784859
combined_effect,hpo_plain_ga,hpo_with_rl,5_Kacem_3_workers.fjs,10,1009,16.749688689134395,15.141900303111864,0.9040108496425064,4999992,4999992,1.0,4418676,3286464,129600.82852578163,129600.10703730583
combined_effect,hpo_plain_ga,hpo_with_rl,5_Kacem_4_workers.fjs,1,1000,38.90798938016015,31.88273922429508,0.8194393936108307,4999992,4999992,1.0,4413432,4934964,129601.0117790699,129600.40026760101
combined_effect,hpo_plain_ga,hpo_with_rl,5_Kacem_4_workers.fjs,2,1001,41.894789740014424,32.786629957336835,0.7825944505462399,4999992,4999992,1.0,2843856,2927928,129600.49293613434,129600.01687145233
combined_effect,hpo_plain_ga,hpo_with_rl,5_Kacem_4_workers.fjs,3,1002,39.93417295310937,30.45375843454326,0.7625989517875331,4999992,4999992,1.0,4382424,4169088,129600.44247603416,129600.17480325699
combined_effect,hpo_plain_ga,hpo_with_rl,5_Kacem_4_workers.fjs,4,1003,34.77705351710294,28.089724866372052,0.8077085901644272,4999992,4999992,1.0,4913124,4964796,129600.21326255798,129600.77935647964
combined_effect,hpo_plain_ga,hpo_with_rl,5_Kacem_4_workers.fjs,5,1004,39.31578741921533,32.0342467904701,0.8147934683056499,4999992,4999992,1.0,4096776,2807196,129600.22368502617,129600.71714878082
combined_effect,hpo_plain_ga,hpo_with_rl,5_Kacem_4_workers.fjs,6,1005,33.61479170122585,30.544944659046244,0.9086757083171914,4999992,4999992,1.0,4896348,3989220,129600.95899152756,129600.18161010742
combined_effect,hpo_plain_ga,hpo_with_rl,5_Kacem_4_workers.fjs,7,1006,48.60913356375532,34.54682596229813,0.7107064748847418,4999992,4999992,1.0,4979172,3702432,129600.7743973732,129600.71140694618
combined_effect,hpo_plain_ga,hpo_with_rl,5_Kacem_4_workers.fjs,8,1007,43.45505693422833,32.793423276207626,0.7546514856911203,4999992,4999992,1.0,3969408,3933444,129600.38836336136,129600.29044246674
combined_effect,hpo_plain_ga,hpo_with_rl,5_Kacem_4_workers.fjs,9,1008,40.08635679589508,31.226993847839733,0.7789930625732853,4999992,4999992,1.0,4693236,3879288,129600.4854528904,129600.09148907661
combined_effect,hpo_plain_ga,hpo_with_rl,5_Kacem_4_workers.fjs,10,1009,44.10433556646256,28.689620276745085,0.6504943314135538,4999992,4999992,1.0,2454840,4061472,129600.08663916588,129600.04551625252
combined_effect,hpo_plain_ga,hpo_with_rl,6_Fattahi_14_workers.fjs,1,1000,1207.406452999154,1254.3721224020246,1.0388979777987848,4999992,4999992,1.0,3621408,2371272,129600.0935766697,129600.59916758537
combined_effect,hpo_plain_ga,hpo_with_rl,6_Fattahi_14_workers.fjs,2,1001,1216.5292460850515,1203.0556430693275,0.9889245547864273,4999992,4999992,1.0,1452312,4159452,129600.59868144989,129600.03128004074
combined_effect,hpo_plain_ga,hpo_with_rl,6_Fattahi_14_workers.fjs,3,1002,1213.398729485135,1202.7987190796616,0.9912641985293894,4999992,4999992,1.0,4939884,3187896,129600.46101117134,129600.06642699242
combined_effect,hpo_plain_ga,hpo_with_rl,6_Fattahi_14_workers.fjs,4,1003,1253.476716627918,1205.649902789249,0.9618446731365446,4999992,4999992,1.0,4745688,1526880,129600.42668128014,129600.33220410347
combined_effect,hpo_plain_ga,hpo_with_rl,6_Fattahi_14_workers.fjs,5,1004,1212.248066103682,1185.3734511323148,0.9778307627598486,4999992,4999992,1.0,1185048,3224616,129600.06614589691,129600.65481567383
combined_effect,hpo_plain_ga,hpo_with_rl,6_Fattahi_14_workers.fjs,6,1005,1257.2443194450384,1220.6866121212036,0.9709223523555296,4999992,4999992,1.0,4441860,3944928,129600.19134998322,129600.78834795952
combined_effect,hpo_plain_ga,hpo_with_rl,6_Fattahi_14_workers.fjs,7,1006,1246.830437709362,1239.0071467509235,0.9937254571898235,4999992,4999992,1.0,1048284,1147620,129600.11464333534,129600.01630020142
combined_effect,hpo_plain_ga,hpo_with_rl,6_Fattahi_14_workers.fjs,8,1007,1221.5523657802544,1223.5860506979375,1.0016648364610912,4999992,4999992,1.0,2663124,1566816,129600.77255535126,129600.49932098389
combined_effect,hpo_plain_ga,hpo_with_rl,6_Fattahi_14_workers.fjs,9,1008,1298.3868129857124,1163.8780962073588,0.8964032017014688,4999992,4999992,1.0,2425944,1936680,129600.32934641838,129600.00906705856
combined_effect,hpo_plain_ga,hpo_with_rl,6_Fattahi_14_workers.fjs,10,1009,1333.035945745752,1173.974460624357,0.8806772723353609,4999992,4999992,1.0,4805544,3471648,129600.20686602592,129600.26378035545
combined_effect,hpo_plain_ga,hpo_with_rl,6_Fattahi_20_workers.fjs,1,1000,3116.798846020726,2828.7093811557147,0.9075687976358113,4999992,4999992,1.0,4559628,4113588,129600.21713042259,129600.52614569664
combined_effect,hpo_plain_ga,hpo_with_rl,6_Fattahi_20_workers.fjs,2,1001,3203.147714847257,2929.717742514588,0.9146371017904469,4999992,4999992,1.0,4431636,4982220,129600.86195445061,129600.54550170898
combined_effect,hpo_plain_ga,hpo_with_rl,6_Fattahi_20_workers.fjs,3,1002,2977.8712036252236,2957.2781091456973,0.9930846255356993,4999992,4999992,1.0,1751832,3670764,129600.55600905418,129600.43639302254
combined_effect,hpo_plain_ga,hpo_with_rl,6_Fattahi_20_workers.fjs,4,1003,3101.493062149406,2748.1270356130817,0.8860658336306471,4999992,4999992,1.0,4571748,3296868,129600.5361456871,129600.84783434868
combined_effect,hpo_plain_ga,hpo_with_rl,6_Fattahi_20_workers.fjs,5,1004,2962.9316071711514,2854.7894972029662,0.9635016516390558,4999992,4999992,1.0,4784016,4127280,129600.43742632866,129600.83761310577
combined_effect,hpo_plain_ga,hpo_with_rl,6_Fattahi_20_workers.fjs,6,1005,2992.2324994555624,2803.80895343061,0.937029109182112,4999992,4999992,1.0,3319200,2540544,129600.50461626053,129600.05474257469
combined_effect,hpo_plain_ga,hpo_with_rl,6_Fattahi_20_workers.fjs,7,1006,3130.42252021419,2952.821971025367,0.9432662689965982,4999992,4999992,1.0,2222136,1190736,129600.06633901596,129600.00082707405
combined_effect,hpo_plain_ga,hpo_with_rl,6_Fattahi_20_workers.fjs,8,1007,3031.9815223739606,2786.4260677317993,0.9190115596582205,4999992,4999992,1.0,4071960,4615716,129600.7310256958,129600.27021718025
combined_effect,hpo_plain_ga,hpo_with_rl,6_Fattahi_20_workers.fjs,9,1008,2904.329904346715,2837.411103846377,0.9769589534576685,4999992,4999992,1.0,3903744,3573036,129600.04477381706,129600.54273915291
combined_effect,hpo_plain_ga,hpo_with_rl,6_Fattahi_20_workers.fjs,10,1009,3298.8434745754244,2804.290975654743,0.8500830661617454,4999992,4999992,1.0,1337976,4220460,129600.02394104004,129600.31294751167
