{"deterministic_makespan": 890.0, "final_R": 2.102056854998515, "final_robust_makespan": 1870.830600948678, "final_robust_stdev": 17.190271612125063, "final_simulation_results": [1861.6144974618117, 1889.1660373020563, 1865.1418853536507, 1858.18831816928, 1883.328687545475, 1847.5419545287361, 1869.6478707296035, 1877.5779861488068, 1856.649758842014, 1863.184747812031, 1899.1576421955167, 1885.1151846223188, 1854.4876102524975, 1861.0654192214472, 1879.6117330989748, 1850.341798680939, 1918.6154675207083, 1895.9985587927022, 1870.9811769892451, 1869.3456244884583, 1853.3907681069438, 1897.968119033699, 1894.8243177956351, 1881.8661279110454, 1845.2904358769388, 1869.836687710055, 1848.8144870163267, 1881.073472120698, 1853.7031816138756, 1870.2191215901494, 1870.8474014596784, 1881.778873432148, 1863.815301515253, 1879.9104251475103, 1860.0338607282015, 1875.6324733559252, 1880.4052251847047, 1873.759369050336, 1852.235483548646, 1850.8555467072026, 1900.3612313905624, 1869.2263211630375, 1850.723205938123, 1906.0550784426687, 1869.880791076387, 1847.6548093424178, 1849.4407556347066, 1866.5962268367487, 1865.5637633694903, 1873.0052255785183], "fitness": 1870.830600948678, "function_evaluations": 244340, "generations": 48395, "instance": "0_BehnkeGeiger_60_workers.fjs", "machine_assignments": [3, 53, 49, 34, 58, 0, 30, 4, 52, 58, 3, 29, 28, 33, 56, 3, 23, 25, 12, 59, 0, 46, 40, 43, 57, 1, 17, 34, 52, 59, 2, 4, 14, 36, 59, 0, 54, 23, 15, 58, 1, 42, 28, 17, 57, 0, 35, 29, 27, 57, 1, 46, 24, 27, 58, 1, 24, 6, 29, 59, 2, 33, 44, 8, 58, 1, 54, 44, 31, 59, 0, 45, 45, 37, 57, 3, 7, 35, 10, 56, 2, 40, 4, 16, 59, 0, 4, 27, 28, 58, 3, 54, 35, 38, 56, 2, 20, 23, 41, 57, 0, 5, 44, 52, 59, 1, 36, 40, 4, 58, 3, 35, 18, 54, 59, 1, 43, 40, 40, 58, 3, 28, 17, 32, 59, 3, 30, 50, 50, 59, 1, 30, 37, 15, 57, 2, 13, 10, 52, 59, 0, 44, 22, 40, 58, 2, 46, 44, 20, 58, 1, 9, 11, 25, 58, 1, 4, 44, 55, 56, 2, 24, 12, 54, 59, 3, 40, 39, 33, 57, 0, 50, 36, 30, 57, 2, 7, 19, 53, 57, 0, 42, 10, 25, 59, 3, 7, 32, 36, 59, 1, 51, 5, 54, 57, 3, 10, 15, 16, 56, 1, 46, 52, 20, 58, 2, 16, 51, 43, 57, 2, 52, 33, 10, 57, 3, 9, 53, 4, 57, 3, 47, 55, 29, 59, 1, 36, 52, 11, 58, 2, 37, 20, 24, 58, 0, 39, 4, 50, 57, 1, 20, 36, 34, 58, 3, 18, 16, 42, 56, 3, 54, 55, 12, 57, 0, 30, 26, 47, 56, 2, 5, 11, 23, 57, 3, 32, 37, 12, 58, 2, 36, 39, 43, 57, 2, 38, 11, 4, 58, 1, 16, 30, 47, 59, 0, 24, 41, 16, 56, 3, 4, 33, 38, 56, 3, 33, 51, 5, 57, 1, 36, 9, 36, 56, 0, 37, 47, 51, 57, 2, 11, 22, 8, 59, 1, 47, 13, 26, 56, 2, 31, 30, 54, 58, 1, 13, 50, 38, 56, 3, 52, 47, 4, 58, 2, 7, 52, 28, 56, 0, 4, 39, 34, 59, 0, 40, 29, 51, 56, 0, 41, 48, 15, 56, 0, 41, 35, 27, 57, 1, 33, 36, 53, 59, 1, 20, 42, 51, 58, 2, 27, 29, 50, 57, 2, 29, 31, 50, 59, 0, 4, 35, 23, 59, 2, 31, 15, 49, 59, 0, 49, 37, 54, 57, 1, 13, 23, 25, 56, 2, 33, 20, 4, 58, 1, 42, 13, 11, 56, 3, 18, 17, 20, 56, 3, 24, 50, 45, 56, 3, 32, 33, 5, 59, 3, 48, 44, 21, 59, 1, 7, 49, 51, 56, 0, 17, 44, 40, 58, 1, 20, 26, 48, 58, 3, 25, 21, 43, 56, 2, 39, 51, 30, 57, 2, 40, 18, 4, 56, 1, 10, 33, 29, 57, 1, 5, 47, 14, 57, 1, 51, 28, 38, 57, 0, 38, 14, 41, 59, 2, 50, 28, 20, 57, 2, 53, 36, 22, 58, 1, 49, 33, 43, 56, 0, 43, 17, 34, 58], "raw_function_evaluations": 273320, "run": 10, "runtime_s": 129600.27138280869, "seed": 1009, "start_times": [169, 179, 189, 203, 634, 94, 104, 168, 238, 743, 35, 46, 70, 113, 190, 0, 65, 463, 474, 570, 281, 438, 470, 493, 553, 497, 515, 532, 557, 818, 84, 101, 116, 381, 671, 425, 441, 457, 476, 792, 417, 428, 511, 532, 619, 184, 204, 485, 513, 762, 441, 467, 485, 523, 864, 289, 360, 417, 442, 694, 155, 297, 414, 428, 614, 178, 202, 439, 462, 621, 257, 281, 297, 335, 344, 190, 344, 452, 519, 557, 194, 205, 240, 289, 308, 113, 315, 448, 523, 552, 84, 113, 435, 486, 511, 58, 86, 118, 141, 463, 204, 249, 273, 287, 831, 161, 232, 283, 293, 315, 364, 482, 513, 563, 844, 327, 397, 493, 520, 709, 283, 367, 381, 411, 458, 19, 35, 457, 621, 660, 302, 327, 370, 380, 686, 223, 249, 267, 590, 768, 378, 397, 414, 446, 601, 359, 371, 428, 470, 645, 340, 368, 599, 624, 844, 368, 397, 462, 480, 842, 330, 341, 495, 513, 595, 238, 293, 410, 455, 483, 229, 306, 338, 353, 367, 393, 416, 426, 452, 536, 307, 327, 349, 435, 544, 312, 355, 376, 555, 794, 263, 289, 312, 457, 519, 130, 244, 263, 319, 478, 397, 417, 441, 580, 658, 418, 436, 449, 519, 854, 205, 223, 342, 486, 650, 403, 423, 541, 579, 819, 267, 283, 333, 513, 866, 134, 161, 305, 335, 519, 249, 344, 370, 380, 390, 441, 457, 507, 603, 735, 40, 67, 260, 285, 698, 331, 532, 547, 589, 875, 73, 84, 97, 109, 803, 70, 135, 150, 330, 354, 457, 544, 557, 573, 600, 179, 398, 462, 513, 875, 180, 209, 232, 452, 564, 341, 511, 573, 599, 762, 217, 308, 367, 496, 513, 156, 184, 436, 466, 820, 211, 228, 283, 476, 491, 46, 263, 389, 520, 830, 0, 10, 40, 529, 753, 33, 60, 305, 426, 790, 28, 60, 74, 100, 247, 116, 134, 170, 186, 333, 306, 367, 398, 468, 685, 467, 478, 580, 603, 622, 381, 457, 471, 496, 817, 280, 306, 335, 552, 866, 0, 156, 485, 557, 732, 104, 223, 239, 340, 770, 20, 33, 52, 302, 313, 327, 341, 415, 435, 506, 67, 142, 183, 209, 219, 515, 534, 554, 711, 802, 0, 28, 283, 552, 633, 101, 129, 162, 418, 442, 60, 116, 260, 600, 711, 39, 58, 80, 223, 421, 397, 425, 438, 541, 702, 10, 25, 40, 694, 802, 129, 171, 295, 412, 589, 91, 116, 142, 170, 732, 295, 312, 466, 554, 670, 351, 501, 525, 552, 580, 113, 130, 367, 382, 405, 150, 169, 480, 505, 742, 239, 332, 344, 374, 524, 134, 156, 287, 316, 561, 428, 441, 470, 492, 732, 228, 238, 253, 441, 452, 371, 386, 415, 426, 723, 70, 84, 113, 557, 830, 202, 217, 244, 263, 377, 478, 497, 520, 540, 843, 25, 312, 340, 379, 407, 341, 366, 379, 410, 639, 381, 393, 497, 594, 670, 168, 219, 353, 478, 488, 229, 374, 399, 477, 650, 366, 428, 441, 573, 833], "status": "ok",