Instance;Fitness;FunctionEvaluations;StartTimes;MachineAssignments;WorkerAssignments;UncertaintyParameters
0_BehnkeGeiger_42_workers.fjs;184.18815312898977;4007770;[23,34,45,57,77,0,21,32,42,52,0,13,23,37,49,0,12,22,35,51,28,39,53,63,72,13,28,42,51,60,21,32,43,56,72,12,23,35,44,60,10,28,47,58,70,0,10,20,31,41];[2,7,31,19,58,0,39,43,29,58,3,46,20,13,59,2,21,6,38,56,1,37,46,6,59,3,4,8,41,57,0,11,26,47,57,2,25,14,17,56,1,10,35,44,56,1,12,22,19,56];[88,0,15,21,86,61,47,81,70,56,16,19,62,16,81,29,66,3,29,51,51,21,30,52,14,81,6,20,12,45,69,42,11,7,26,43,78,27,44,35,58,10,62,16,72,60,26,55,73,66];[[0.7773566427005639,7.7735664270056395,1.0],[0.6698255595592497,6.698255595592498,1.0],[0.09913960392481702,0.9913960392481702,1.0],[0.35297051119014544,3.529705111901454,1.0],[0.4679077429008419,4.679077429008419,1.0],[0.5346837414708775,5.346837414708775,1.0],[0.9783090609123973,9.783090609123974,1.0],[0.13031535015865903,1.3031535015865903,1.0],[0.6712434682302663,6.712434682302662,1.0],[0.36422941594737557,3.6422941594737557,1.0],[0.48883570716198577,4.888357071619858,1.0],[0.20301221073405373,2.0301221073405373,1.0],[0.6661983755713592,6.661983755713592,1.0],[0.2276630312069321,2.276630312069321,1.0],[0.4580640582967631,4.580640582967631,1.0],[0.040722397554957435,0.40722397554957435,1.0],[0.9742897953778286,9.742897953778286,1.0],[0.4874760742689066,4.874760742689066,1.0],[0.4616138636373597,4.616138636373597,1.0],[0.7141471558082002,7.141471558082002,1.0],[0.4157281494999725,4.157281494999725,1.0],[0.888011688001529,8.88011688001529,1.0],[0.023293448723771704,0.23293448723771704,1.0],[0.8335062677845465,8.335062677845466,1.0],[0.4684947409975081,4.684947409975081,1.0],[0.8114798126442795,8.114798126442794,1.0],[0.9455914886158723,9.455914886158723,1.0],[0.9830883781948988,9.830883781948987,1.0],[0.1761820755785306,1.761820755785306,1.0],[0.698655759576308,6.98655759576308,1.0],[0.10885571131238292,1.0885571131238292,1.0],[0.16026373420620188,1.6026373420620188,1.0],[0.09286027402458918,0.9286027402458918,1.0],[0.3140620798928404,3.140620798928404,1.0],[0.01653868433866723,0.1653868433866723,1.0],[0.8540491257363622,8.540491257363621,1.0],[0.2910160386456968,2.910160386456968,1.0],[0.7800475863350328,7.800475863350328,1.0],[0.5480965161255696,5.480965161255696,1.0],[0.19433067669976123,1.9433067669976123,1.0],[0.2920382721805297,2.920382721805297,1.0],[0.3194527773994337,3.194527773994337,1.0],[0.6585982235379076,6.585982235379077,1.0],[0.23152103541222924,2.3152103541222924,1.0],[0.6194303369953537,6.194303369953537,1.0],[0.8953386098022104,8.953386098022104,1.0],[0.8694342085696831,8.694342085696832,1.0],[0.2938069356684523,2.938069356684523,1.0],[0.45820480858054946,4.582048085805495,1.0],[0.4849797978711191,4.849797978711191,1.0],[0.2803882693587225,2.803882693587225,1.0],[0.32895694635060024,3.2895694635060027,1.0],[0.9842424240265042,9.842424240265043,1.0],[0.011944137920874343,0.11944137920874343,1.0],[0.14290076829328524,1.4290076829328524,1.0],[0.6519772165446712,6.519772165446712,1.0],[0.07499317994693244,0.7499317994693244,1.0],[0.29207870228110877,2.920787022811088,1.0],[0.7934429721917705,7.934429721917705,1.0],[0.9115931008709737,9.115931008709737,1.0],[0.3703917795895437,3.7039177958954372,1.0],[0.20528221118666345,2.0528221118666345,1.0],[0.880081326784678,8.80081326784678,1.0],[0.6325664501560831,6.325664501560832,1.0],[0.503514326058558,5.0351432605855795,1.0],[0.3308435596710889,3.308435596710889,1.0],[0.3474001835074456,3.474001835074456,1.0],[0.2924115863324481,2.9241158633244813,1.0],[0.7653974346433319,7.653974346433319,1.0],[0.4784432998768373,4.784432998768374,1.0],[0.2015373401465821,2.015373401465821,1.0],[0.8715627297687166,8.715627297687167,1.0],[0.7551785489449617,7.5517854894496175,1.0],[0.8675584511848858,8.675584511848859,1.0],[0.9323236929247266,9.323236929247265,1.0],[0.24171326534063708,2.417132653406371,1.0],[0.8924504838872919,8.924504838872918,1.0],[0.7659566844206285,7.659566844206285,1.0],[0.4146826922981828,4.146826922981828,1.0],[0.32368260626724077,3.2368260626724075,1.0],[0.5613052389019693,5.613052389019693,1.0],[0.5908359788832377,5.908359788832377,1.0],[0.16558277680810296,1.6558277680810296,1.0],[0.4861970648764189,4.8619706487641885,1.0],[0.9490216941921916,9.490216941921917,1.0],[0.46819109749463483,4.681910974946348,1.0],[0.39662970244337636,3.9662970244337634,1.0],[0.9188065977724452,9.188065977724452,1.0],[0.9857276253270151,9.85727625327015,1.0],[0.9392006613006973,9.392006613006973,1.0]]
0_BehnkeGeiger_42_workers.fjs;183.96026385687435;4908600;[12,21,30,42,52,0,22,33,42,51,21,37,50,59,76,0,12,23,35,53,18,29,42,53,64,22,39,54,64,75,0,11,21,31,41,11,21,37,47,63,0,18,36,47,57,29,39,50,63,74];[2,53,31,9,59,3,39,42,30,58,0,28,43,13,58,2,37,4,17,56,1,43,46,6,59,3,5,8,41,57,0,18,42,47,56,0,26,48,15,56,1,10,36,27,57,1,50,31,32,56];[12,6,55,71,31,9,81,36,63,56,39,42,81,22,12,61,11,28,69,12,47,57,1,24,62,10,86,67,81,89,66,23,66,0,18,21,40,7,70,87,26,83,68,66,7,64,47,11,9,9];[[0.7966509679599704,7.966509679599704,1.0],[0.05862623274803458,0.5862623274803458,1.0],[0.7602397739740907,7.602397739740907,1.0],[0.8627037401845356,8.627037401845355,1.0],[0.09127403464611428,0.9127403464611428,1.0],[0.9024924365975527,9.024924365975528,1.0],[0.7858960565941281,7.858960565941281,1.0],[0.40667966546103385,4.0667966546103385,1.0],[0.37447264465852026,3.7447264465852026,1.0],[0.6490262282913547,6.490262282913547,1.0],[0.40092466608569977,4.009246660856998,1.0],[0.5721109226277574,5.721109226277575,1.0],[0.6077930620255084,6.077930620255084,1.0],[0.05072389565884072,0.5072389565884072,1.0],[0.7370880093375713,7.370880093375714,1.0],[0.708486383757228,7.08486383757228,1.0],[0.9221724532030824,9.221724532030823,1.0],[0.7149390332589045,7.149390332589045,1.0],[0.6557724968554814,6.5577249685548145,1.0],[0.7371071646895253,7.371071646895253,1.0],[0.18754222176317448,1.8754222176317448,1.0],[0.5019778365908455,5.019778365908455,1.0],[0.8950298548604116,8.950298548604117,1.0],[0.926358313475896,9.26358313475896,1.0],[0.01899157139556429,0.18991571395564288,1.0],[0.8777314655556964,8.777314655556964,1.0],[0.6362924717585655,6.362924717585655,1.0],[0.4066346562427898,4.066346562427898,1.0],[0.12957858368499198,1.2957858368499198,1.0],[0.8626878625294206,8.626878625294207,1.0],[0.25379646148203605,2.5379646148203605,1.0],[0.5928589993203222,5.9285899932032216,1.0],[0.0752821307110767,0.752821307110767,1.0],[0.55648541295561,5.5648541295561005,1.0],[0.39201372928372336,3.9201372928372336,1.0],[0.30661199501593694,3.0661199501593694,1.0],[0.16614394932812038,1.6614394932812038,1.0],[0.03548206500031437,0.35482065000314367,1.0],[0.8734081096560021,8.734081096560022,1.0],[0.6077933997757088,6.077933997757087,1.0],[0.00566233272181782,0.0566233272181782,1.0],[0.57937513910209,5.7937513910209,1.0],[0.766498732100053,7.66498732100053,1.0],[0.20058362814831487,2.0058362814831487,1.0],[0.9293225912363087,9.293225912363086,1.0],[0.8422636176481996,8.422636176481996,1.0],[0.5387041601810612,5.387041601810612,1.0],[0.9883390358185146,9.883390358185146,1.0],[0.21802702973914923,2.180270297391492,1.0],[0.038493402742472815,0.38493402742472815,1.0],[0.37032113547489287,3.7032113547489285,1.0],[0.1822270440474585,1.8222704404745849,1.0],[0.9462360068540245,9.462360068540246,1.0],[0.1150920367841759,1.150920367841759,1.0],[0.3529247978916473,3.529247978916473,1.0],[0.8631951229076982,8.631951229076982,1.0],[0.041228887544789705,0.41228887544789705,1.0],[0.08920964027917122,0.8920964027917122,1.0],[0.5188892304220151,5.1888923042201505,1.0],[0.3593751525090847,3.593751525090847,1.0],[0.02137850022746135,0.2137850022746135,1.0],[0.6705629807207766,6.705629807207766,1.0],[0.8415018800797289,8.41501880079729,1.0],[0.0549654710344607,0.549654710344607,1.0],[0.12847413232468474,1.2847413232468474,1.0],[0.12133653253479593,1.2133653253479593,1.0],[0.47496175692231557,4.7496175692231555,1.0],[0.6501440243508211,6.501440243508211,1.0],[0.26467231108682165,2.6467231108682165,1.0],[0.8283954411360489,8.283954411360488,1.0],[0.09632504623843086,0.9632504623843086,1.0],[0.9001492562131493,9.001492562131494,1.0],[0.22420503779756518,2.2420503779756515,1.0],[0.11601154122656976,1.1601154122656976,1.0],[0.20138930403775013,2.0138930403775013,1.0],[0.5571704471099438,5.571704471099438,1.0],[0.8954308805741998,8.954308805741999,1.0],[0.10783585956749675,1.0783585956749675,1.0],[0.6110196883093226,6.110196883093226,1.0],[0.5285746404071686,5.285746404071686,1.0],[0.4751239272073001,4.7512392720730015,1.0],[0.7846662958446119,7.846662958446119,1.0],[0.25197118373537,2.5197118373536997,1.0],[0.9011562601111824,9.011562601111825,1.0],[0.33015443004324485,3.3015443004324485,1.0],[0.39070876167562685,3.9070876167562685,1.0],[0.5024299090089163,5.024299090089163,1.0],[0.5414008895519862,5.414008895519862,1.0],[0.7061732576618968,7.061732576618968,1.0],[0.8167560629471541,8.167560629471541,1.0]]
0_BehnkeGeiger_42_workers.fjs;186.2747214790573;4475130;[10,19,36,52,77,0,22,33,42,52,11,27,36,45,57,19,31,41,54,73,28,39,50,60,74,22,39,53,64,76,0,11,20,31,42,0,10,22,34,50,0,18,36,47,60,18,28,37,49,58];[2,40,10,20,58,3,39,42,29,58,0,46,27,13,59,2,21,12,19,56,1,43,46,6,59,3,4,8,28,57,0,15,42,47,57,2,25,28,14,56,1,10,35,44,56,1,50,40,35,57];[12,8,78,53,12,61,85,59,14,56,39,81,87,37,59,28,86,16,41,49,51,46,22,25,68,10,6,28,20,67,66,89,73,88,26,31,68,63,17,52,51,18,68,20,77,64,42,77,36,64];[[0.5209484070219088,5.209484070219088,1.0],[0.42125020101147315,4.212502010114731,1.0],[0.22094517308324657,2.2094517308324657,1.0],[0.13033708391670573,1.3033708391670573,1.0],[0.48395776843282956,4.839577684328296,1.0],[0.6260889663051598,6.260889663051597,1.0],[0.6211218319323739,6.21121831932374,1.0],[0.707277595965894,7.07277595965894,1.0],[0.43539590023548325,4.3539590023548325,1.0],[0.04809800715767443,0.4809800715767443,1.0],[0.2254847064342842,2.254847064342842,1.0],[0.788548045160999,7.88548045160999,1.0],[0.42108890435006496,4.21088904350065,1.0],[0.5652029481252892,5.6520294812528915,1.0],[0.6764042610645917,6.764042610645918,1.0],[0.7568325816320766,7.568325816320765,1.0],[0.16251102322256883,1.6251102322256883,1.0],[0.4662293326345085,4.662293326345085,1.0],[0.652658580109924,6.526585801099239,1.0],[0.9348323542569703,9.348323542569704,1.0],[0.28093837261172117,2.8093837261172117,1.0],[0.9004772145836625,9.004772145836625,1.0],[0.848839594589838,8.48839594589838,1.0],[0.5244847531468491,5.244847531468491,1.0],[0.5786464188581003,5.786464188581003,1.0],[0.9355850494740874,9.355850494740874,1.0],[0.4401579992643663,4.401579992643663,1.0],[0.2893634937717525,2.8936349377175254,1.0],[0.7973797699194577,7.973797699194577,1.0],[0.10126138052386269,1.0126138052386269,1.0],[0.7187270677771636,7.187270677771636,1.0],[0.6449563433897082,6.449563433897082,1.0],[0.39126761491023665,3.9126761491023663,1.0],[0.9392975330999302,9.392975330999302,1.0],[0.609238184698229,6.09238184698229,1.0],[0.15484533159211777,1.5484533159211777,1.0],[0.41680311462661035,4.168031146266103,1.0],[0.9542543925010913,9.542543925010914,1.0],[0.08511902784380565,0.8511902784380565,1.0],[0.8102082222849146,8.102082222849146,1.0],[0.549048343145825,5.49048343145825,1.0],[0.797431305367372,7.974313053673719,1.0],[0.9212545834178625,9.212545834178625,1.0],[0.0840140116542355,0.840140116542355,1.0],[0.4271098529259699,4.2710985292596995,1.0],[0.4827049527125804,4.827049527125804,1.0],[0.4926248212853439,4.926248212853439,1.0],[0.8381214590808308,8.381214590808309,1.0],[0.06168361162523717,0.6168361162523717,1.0],[0.1800356634856508,1.800356634856508,1.0],[0.7512006320826361,7.5120063208263606,1.0],[0.8202315016053369,8.202315016053369,1.0],[0.9482269285705965,9.482269285705966,1.0],[0.09190024497370541,0.9190024497370541,1.0],[0.8275229129042858,8.275229129042858,1.0],[0.010223681010074426,0.10223681010074426,1.0],[0.7915178392051999,7.915178392051999,1.0],[0.23087148740184416,2.3087148740184418,1.0],[0.9176421264305312,9.176421264305311,1.0],[0.6337400704415804,6.3374007044158045,1.0],[0.4722514806957412,4.722514806957411,1.0],[0.15692662657496914,1.5692662657496914,1.0],[0.890455619982956,8.90455619982956,1.0],[0.3934374640442826,3.934374640442826,1.0],[0.9437473032889695,9.437473032889695,1.0],[0.027056184431497043,0.27056184431497043,1.0],[0.4303544994441807,4.303544994441807,1.0],[0.03986032371878334,0.3986032371878334,1.0],[0.27475171221519046,2.747517122151905,1.0],[0.9564909094852423,9.564909094852423,1.0],[0.3359902829981165,3.359902829981165,1.0],[0.04595304692857216,0.4595304692857216,1.0],[0.37548864135994087,3.754886413599409,1.0],[0.7100525719018224,7.100525719018224,1.0],[0.7195452743357282,7.195452743357283,1.0],[0.8188902738341958,8.188902738341957,1.0],[0.11659700681519214,1.1659700681519214,1.0],[0.5117406310798319,5.117406310798319,1.0],[0.4226359284361241,4.226359284361241,1.0],[0.4231179217423974,4.231179217423974,1.0],[0.5975978869418672,5.975978869418672,1.0],[0.10039657835066573,1.0039657835066573,1.0],[0.8661288460342442,8.661288460342442,1.0],[0.8262463782392978,8.262463782392977,1.0],[0.588405995089693,5.884059950896931,1.0],[0.302515462738837,3.0251546273883703,1.0],[0.031295122158443434,0.31295122158443434,1.0],[0.5757925091701167,5.757925091701167,1.0],[0.9545321496576605,9.545321496576605,1.0],[0.9649769610853548,9.649769610853548,1.0]]
0_BehnkeGeiger_42_workers.fjs;190.518675076943;4592790;[0,9,18,29,39,9,27,39,51,63,14,27,36,45,57,0,14,23,33,45,30,41,53,65,74,0,12,26,38,47,0,12,22,35,51,27,39,51,60,80,12,30,47,58,67,12,32,45,58,70];[2,9,31,30,57,2,39,6,53,57,3,29,27,46,59,3,40,28,48,58,1,43,8,6,59,1,4,11,28,56,0,15,26,47,57,2,25,34,18,56,1,10,35,44,56,0,42,22,50,58];[0,22,35,2,68,68,36,16,89,12,77,76,72,23,44,36,36,59,75,31,10,55,79,77,56,30,48,65,67,35,57,19,78,64,14,20,70,48,30,87,63,44,47,42,11,69,13,75,0,7];[[0.49734142093980327,4.973414209398033,1.0],[0.35999045686025677,3.5999045686025677,1.0],[0.7220617567237175,7.220617567237175,1.0],[0.44672126724761885,4.4672126724761885,1.0],[0.4533596515962979,4.533596515962978,1.0],[0.025925678678183073,0.25925678678183073,1.0],[0.33490089376309407,3.3490089376309404,1.0],[0.4755440242737675,4.755440242737675,1.0],[0.45132356511490823,4.513235651149082,1.0],[0.08788974506102976,0.8788974506102976,1.0],[0.29509671683068217,2.9509671683068217,1.0],[0.33863234208051063,3.3863234208051063,1.0],[0.9020959027552419,9.020959027552419,1.0],[0.7173473735926632,7.173473735926632,1.0],[0.8986159167700656,8.986159167700656,1.0],[0.032997165944182005,0.32997165944182005,1.0],[0.2284682145918675,2.284682145918675,1.0],[0.5381470661357333,5.381470661357333,1.0],[0.06127510457974772,0.6127510457974772,1.0],[0.22935566071129299,2.29355660711293,1.0],[0.5598162304796008,5.598162304796008,1.0],[0.0008471767611641923,0.008471767611641923,1.0],[0.3920352782519039,3.9203527825190387,1.0],[0.03133523867093202,0.3133523867093202,1.0],[0.24056870266164254,2.4056870266164254,1.0],[0.8953787890847891,8.953787890847892,1.0],[0.3866575811855242,3.866575811855242,1.0],[0.26785644445085033,2.6785644445085035,1.0],[0.9113672758007916,9.113672758007915,1.0],[0.8561689403543553,8.561689403543554,1.0],[0.2548634438031525,2.548634438031525,1.0],[0.42717855363332036,4.271785536333203,1.0],[0.19719480126070077,1.9719480126070077,1.0],[0.7644816954164836,7.644816954164836,1.0],[0.45421054829626994,4.5421054829626994,1.0],[0.7701442479976394,7.701442479976394,1.0],[0.7544956928280053,7.544956928280053,1.0],[0.1329370279333042,1.329370279333042,1.0],[0.13608412133420567,1.3608412133420567,1.0],[0.7421993063471702,7.421993063471702,1.0],[0.8710335288246386,8.710335288246386,1.0],[0.18118149060958277,1.8118149060958277,1.0],[0.8581563188196332,8.581563188196332,1.0],[0.2027449363975372,2.0274493639753723,1.0],[0.3410290736485122,3.410290736485122,1.0],[0.6372290727852594,6.372290727852594,1.0],[0.14905275813887664,1.4905275813887664,1.0],[0.5109099957893487,5.109099957893487,1.0],[0.4352931558109894,4.352931558109894,1.0],[0.09760732352088275,0.9760732352088275,1.0],[0.05941930181032895,0.5941930181032895,1.0],[0.4305054409800979,4.305054409800979,1.0],[0.5024944042408487,5.024944042408487,1.0],[0.5079732331603702,5.079732331603703,1.0],[0.0640695575730742,0.640695575730742,1.0],[0.43169459272424404,4.316945927242441,1.0],[0.9774036975897298,9.774036975897298,1.0],[0.7083743064187731,7.083743064187731,1.0],[0.3236585836720067,3.2365858367200673,1.0],[0.6948341495565338,6.948341495565337,1.0],[0.3959747672493763,3.959747672493763,1.0],[0.5702020071109615,5.702020071109615,1.0],[0.1273830425097976,1.273830425097976,1.0],[0.0022121200251274953,0.022121200251274953,1.0],[0.7082383894336587,7.082383894336587,1.0],[0.46105048814669625,4.610504881466962,1.0],[0.048724340958554824,0.48724340958554824,1.0],[0.9996141487513373,9.996141487513373,1.0],[0.6273821455013189,6.273821455013189,1.0],[0.2348624347451349,2.348624347451349,1.0],[0.5041148841596441,5.041148841596441,1.0],[0.8039409645464441,8.039409645464442,1.0],[0.47932085049134165,4.793208504913417,1.0],[0.70795730946113,7.0795730946113,1.0],[0.007554994577610108,0.07554994577610108,1.0],[0.8007158968273879,8.00715896827388,1.0],[0.5714645581344422,5.714645581344422,1.0],[0.3553516990323421,3.5535169903234207,1.0],[0.4109500828077237,4.109500828077238,1.0],[0.8741229133056294,8.741229133056294,1.0],[0.9420210435021625,9.420210435021625,1.0],[0.30280487290994307,3.0280487290994307,1.0],[0.8284132151265241,8.284132151265242,1.0],[0.3304643624332526,3.304643624332526,1.0],[0.5345490821912385,5.345490821912385,1.0],[0.05846257531970078,0.5846257531970078,1.0],[0.3640608639017009,3.640608639017009,1.0],[0.4918937375846536,4.918937375846536,1.0],[0.05273726661906186,0.5273726661906186,1.0],[0.9082050684613338,9.082050684613337,1.0]]
0_BehnkeGeiger_42_workers.fjs;194.62240018999796;3623810;[18,29,46,57,70,0,18,31,43,53,15,28,39,49,74,27,39,50,64,83,0,11,28,47,56,0,15,29,38,47,20,31,47,58,73,21,36,48,59,76,0,20,37,48,57,11,21,34,47,63];[2,5,31,41,59,2,50,6,48,57,3,29,33,5,57,2,14,29,49,56,1,41,47,6,59,3,5,8,41,56,0,11,47,47,56,1,25,46,23,58,0,10,35,44,58,1,35,37,32,56];[25,31,34,78,81,68,89,53,23,10,40,16,50,9,75,3,15,18,11,32,47,9,63,25,7,81,6,82,81,27,69,42,62,22,51,77,49,21,40,52,28,38,85,77,53,82,39,35,0,20];[[0.4211249061401,4.211249061401,1.0],[0.9761073344853062,9.761073344853061,1.0],[0.6132800246752349,6.132800246752349,1.0],[0.6930423279788359,6.930423279788359,1.0],[0.5088628354481554,5.088628354481553,1.0],[0.18781156668551158,1.8781156668551158,1.0],[0.830121874145001,8.301218741450011,1.0],[0.8449241651217704,8.449241651217704,1.0],[0.20962821201639004,2.0962821201639006,1.0],[0.6505169872996391,6.505169872996391,1.0],[0.7003316191510263,7.003316191510263,1.0],[0.7150339547653067,7.150339547653068,1.0],[0.8091072451390076,8.091072451390076,1.0],[0.8451978833841938,8.451978833841938,1.0],[0.3695849781386673,3.695849781386673,1.0],[0.5056149902637381,5.056149902637381,1.0],[0.7206140757071586,7.206140757071586,1.0],[0.14319015826691817,1.4319015826691817,1.0],[0.026697115061789622,0.2669711506178962,1.0],[0.15341588178909327,1.5341588178909327,1.0],[0.8363432326370349,8.363432326370349,1.0],[0.3246336983988545,3.2463369839885448,1.0],[0.3029175030516511,3.029175030516511,1.0],[0.11785699745257816,1.1785699745257816,1.0],[0.12094663440427922,1.2094663440427922,1.0],[0.9680758098639723,9.680758098639723,1.0],[0.05051541232897139,0.5051541232897139,1.0],[0.9837100378798541,9.83710037879854,1.0],[0.5522705914806934,5.5227059148069335,1.0],[0.2474360532702261,2.474360532702261,1.0],[0.015934056387660878,0.15934056387660878,1.0],[0.8816507734170083,8.816507734170083,1.0],[0.38970094386643916,3.8970094386643916,1.0],[0.948399003178236,9.48399003178236,1.0],[0.05851121780149349,0.5851121780149349,1.0],[0.7974936305528121,7.974936305528121,1.0],[0.6609068549274018,6.609068549274017,1.0],[0.8088394062462949,8.08839406246295,1.0],[0.4910678923283146,4.910678923283146,1.0],[0.7183875619927151,7.183875619927152,1.0],[0.44010133419268005,4.4010133419268005,1.0],[0.23511737188381732,2.351173718838173,1.0],[0.13179454335673724,1.3179454335673724,1.0],[0.47235541919868507,4.7235541919868504,1.0],[0.736485892218076,7.36485892218076,1.0],[0.020512092588616526,0.20512092588616526,1.0],[0.15372078110124265,1.5372078110124265,1.0],[0.9186126274153484,9.186126274153484,1.0],[0.5327250835103642,5.327250835103642,1.0],[0.5544157030510064,5.544157030510064,1.0],[0.6069379100604821,6.069379100604822,1.0],[0.14801757270189186,1.4801757270189186,1.0],[0.4404344830924649,4.404344830924649,1.0],[0.38949638513061857,3.8949638513061857,1.0],[0.720992959617223,7.20992959617223,1.0],[0.48989961614799515,4.8989961614799515,1.0],[0.6559321524303485,6.559321524303485,1.0],[0.9188878069642079,9.18887806964208,1.0],[0.48657298069770416,4.865729806977042,1.0],[0.7972300829849082,7.972300829849082,1.0],[0.5639219663957465,5.639219663957466,1.0],[0.961016524120257,9.61016524120257,1.0],[0.47644799508871905,4.764479950887191,1.0],[0.24879011707166054,2.487901170716605,1.0],[0.9490182751915078,9.490182751915079,1.0],[0.7422259987799357,7.4222599877993565,1.0],[0.14336464132504567,1.4336464132504567,1.0],[0.3587815743778219,3.5878157437782185,1.0],[0.4933829199950983,4.933829199950983,1.0],[0.05388988630637248,0.5388988630637248,1.0],[0.218161652046843,2.18161652046843,1.0],[0.11036855637231835,1.1036855637231835,1.0],[0.11019665525187328,1.1019665525187328,1.0],[0.08321860713308704,0.8321860713308704,1.0],[0.8548431956714836,8.548431956714836,1.0],[0.8379786013676603,8.379786013676604,1.0],[0.49692456318177003,4.9692456318177,1.0],[0.3383418526610099,3.3834185266100993,1.0],[0.8847267085145368,8.847267085145369,1.0],[0.7727073339099483,7.727073339099483,1.0],[0.4378611007868425,4.378611007868425,1.0],[0.36357237359531624,3.6357237359531624,1.0],[0.9993128545514127,9.993128545514127,1.0],[0.011407353725907177,0.11407353725907177,1.0],[0.683883535316853,6.8388353531685295,1.0],[0.5777677015169478,5.777677015169478,1.0],[0.279572135569809,2.79572135569809,1.0],[0.5251374991808218,5.251374991808218,1.0],[0.19595099082337364,1.9595099082337364,1.0],[0.6934430548580864,6.934430548580864,1.0]]
0_BehnkeGeiger_42_workers.fjs;192.41427932130335;4425480;[30,39,50,67,78,12,30,41,50,60,0,16,25,34,45,0,12,21,32,44,23,34,46,59,73,10,23,40,67,81,26,39,49,66,77,16,26,37,46,61,0,24,42,55,64,0,10,20,31,45];[2,28,28,41,58,2,39,32,48,57,0,13,27,6,56,2,45,28,17,59,1,43,14,6,59,1,5,30,28,57,0,18,27,47,56,0,25,34,15,58,3,10,54,44,56,1,46,40,48,58];[8,19,62,27,53,68,58,81,32,87,46,82,72,49,35,55,59,7,43,77,47,1,17,25,14,19,77,7,61,80,12,85,86,38,63,26,34,10,79,36,33,53,11,31,51,82,62,81,32,8];[[0.4831103964860096,4.831103964860096,1.0],[0.9021829992468611,9.02182999246861,1.0],[0.5374571935128641,5.374571935128642,1.0],[0.8761340971511191,8.761340971511192,1.0],[0.573156942708234,5.7315694270823405,1.0],[0.994523847851402,9.945238478514021,1.0],[0.3574465703190305,3.574465703190305,1.0],[0.6617299629663892,6.617299629663892,1.0],[0.4882872262788658,4.882872262788657,1.0],[0.5726412824777106,5.726412824777106,1.0],[0.32388398325139345,3.2388398325139347,1.0],[0.8072354510963532,8.072354510963532,1.0],[0.8087324055796944,8.087324055796945,1.0],[0.660852452150834,6.60852452150834,1.0],[0.5802577271631468,5.802577271631469,1.0],[0.04408639890691246,0.4408639890691246,1.0],[0.7725635994624831,7.725635994624831,1.0],[0.340181488474281,3.4018148847428096,1.0],[0.09506024617702258,0.9506024617702258,1.0],[0.23214768683087816,2.321476868308782,1.0],[0.29508457816293987,2.9508457816293987,1.0],[0.12277001052286385,1.2277001052286385,1.0],[0.47347375902937305,4.73473759029373,1.0],[0.8739362489567938,8.739362489567938,1.0],[0.5942988909169951,5.942988909169951,1.0],[0.3932636751035087,3.932636751035087,1.0],[0.356262027818981,3.5626202781898098,1.0],[0.8443312190299666,8.443312190299665,1.0],[0.7137768111623821,7.137768111623821,1.0],[0.541649960332778,5.416499603327781,1.0],[0.26577494883360064,2.657749488336006,1.0],[0.9303686520183944,9.303686520183943,1.0],[0.6647036321879223,6.647036321879223,1.0],[0.8481261874486201,8.4812618744862,1.0],[0.2743023069142022,2.743023069142022,1.0],[0.5987856125347181,5.9878561253471805,1.0],[0.4569423976865593,4.569423976865593,1.0],[0.33213605365278576,3.3213605365278576,1.0],[0.81263475330977,8.1263475330977,1.0],[0.5964941538505839,5.964941538505839,1.0],[0.9947889064585738,9.947889064585738,1.0],[0.8287071581836081,8.28707158183608,1.0],[0.018381501525532307,0.18381501525532307,1.0],[0.6100637867915101,6.1006378679151005,1.0],[0.28754239195595754,2.8754239195595757,1.0],[0.7986732822669409,7.986732822669409,1.0],[0.8174504530922707,8.174504530922707,1.0],[0.18940839630142858,1.8940839630142858,1.0],[0.9250951518484526,9.250951518484525,1.0],[0.5373164168533412,5.373164168533412,1.0],[0.8365277849121914,8.365277849121913,1.0],[0.6316914250178033,6.316914250178033,1.0],[0.15184034432706983,1.5184034432706983,1.0],[0.5281662867111906,5.281662867111906,1.0],[0.4583451302924175,4.583451302924175,1.0],[0.04230631300605814,0.4230631300605814,1.0],[0.1258096578607567,1.258096578607567,1.0],[0.06582033812283716,0.6582033812283716,1.0],[0.897419605140406,8.97419605140406,1.0],[0.47272098686609687,4.727209868660969,1.0],[0.19003538760239747,1.9003538760239747,1.0],[0.34250509114102723,3.4250509114102723,1.0],[0.22496847931809727,2.2496847931809727,1.0],[0.293396880055004,2.9339688005500397,1.0],[0.3753743367942156,3.753743367942156,1.0],[0.4599736060992935,4.599736060992935,1.0],[0.47948809501936374,4.794880950193638,1.0],[0.958573092010442,9.585730920104421,1.0],[0.03253904300604349,0.3253904300604349,1.0],[0.4348005170756857,4.348005170756856,1.0],[0.24880188012436077,2.4880188012436077,1.0],[0.93408987269609,9.3408987269609,1.0],[0.35770560301992216,3.5770560301992216,1.0],[0.22393216152842832,2.2393216152842834,1.0],[0.8671870642757824,8.671870642757824,1.0],[0.20511903908208484,2.0511903908208486,1.0],[0.5992675664028208,5.992675664028208,1.0],[0.6786791129322917,6.786791129322917,1.0],[0.9375637812513765,9.375637812513766,1.0],[0.3890912025981019,3.8909120259810193,1.0],[0.6288767973577327,6.288767973577327,1.0],[0.36699471368723124,3.669947136872312,1.0],[0.04690020251623861,0.4690020251623861,1.0],[0.8490856184138454,8.490856184138455,1.0],[0.8901673736704244,8.901673736704245,1.0],[0.9161787126503858,9.161787126503857,1.0],[0.1131043999360144,1.131043999360144,1.0],[0.7774537080224232,7.774537080224232,1.0],[0.03095965729693917,0.3095965729693917,1.0],[0.03970963579151632,0.3970963579151632,1.0]]
0_BehnkeGeiger_42_workers.fjs;183.7406554290343;4239060;[0,9,18,33,43,11,32,43,52,62,0,13,24,33,46,13,28,38,50,66,0,11,27,38,47,21,33,47,59,68,0,11,27,38,55,27,37,49,58,75,9,27,44,55,66,11,21,34,45,56];[2,53,30,30,57,0,39,42,48,58,3,25,31,13,58,3,21,4,51,56,1,42,46,6,59,1,5,11,28,59,0,13,42,47,57,2,25,18,21,56,2,10,36,14,57,1,48,22,32,56];[0,47,49,40,68,13,60,78,59,56,85,17,2,34,67,82,52,53,80,25,10,46,59,77,13,16,6,49,10,31,69,66,87,9,26,68,24,54,70,74,60,15,76,83,38,64,53,18,36,85];[[0.34661995661142697,3.4661995661142697,1.0],[0.2286410960833074,2.286410960833074,1.0],[0.012392470279078194,0.12392470279078194,1.0],[0.9308270259025113,9.308270259025113,1.0],[0.3225145761620236,3.225145761620236,1.0],[0.0006954578022455582,0.006954578022455582,1.0],[0.2097170717940725,2.097170717940725,1.0],[0.5179602272351016,5.179602272351016,1.0],[0.7628222106217201,7.6282221062172,1.0],[0.3089717897377221,3.089717897377221,1.0],[0.15113122452813788,1.5113122452813788,1.0],[0.07045772229012492,0.7045772229012492,1.0],[0.8725064026541692,8.725064026541693,1.0],[0.3074981421409557,3.074981421409557,1.0],[0.272859759997538,2.7285975999753798,1.0],[0.9838464878398866,9.838464878398867,1.0],[0.7385079487399623,7.385079487399623,1.0],[0.7690782380223464,7.690782380223464,1.0],[0.7347776517949599,7.347776517949599,1.0],[0.040110031230356946,0.40110031230356946,1.0],[0.7832762173461114,7.832762173461115,1.0],[0.9889075602289727,9.889075602289727,1.0],[0.9868030389001332,9.868030389001332,1.0],[0.09156288276254032,0.9156288276254032,1.0],[0.6169801532161481,6.169801532161481,1.0],[0.9026788995265191,9.026788995265191,1.0],[0.7985407520091817,7.985407520091817,1.0],[0.3776281884996082,3.776281884996082,1.0],[0.3548331359348883,3.548331359348883,1.0],[0.4034509368723006,4.034509368723006,1.0],[0.5249010978369003,5.249010978369003,1.0],[0.41070078970850576,4.107007897085058,1.0],[0.63967628453626,6.3967628453626,1.0],[0.644865700493546,6.44865700493546,1.0],[0.7187044523063962,7.187044523063962,1.0],[0.4606778023011676,4.606778023011676,1.0],[0.947243245359423,9.47243245359423,1.0],[0.5480976670697533,5.480976670697533,1.0],[0.5212437467785531,5.212437467785531,1.0],[0.9974770776792315,9.974770776792315,1.0],[0.8347236528324226,8.347236528324226,1.0],[0.5920335208252621,5.92033520825262,1.0],[0.5281200476143402,5.281200476143402,1.0],[0.9947145418085902,9.947145418085903,1.0],[0.3807311818221505,3.807311818221505,1.0],[0.16524593628445206,1.6524593628445206,1.0],[0.360275223783056,3.60275223783056,1.0],[0.08085968119624642,0.8085968119624642,1.0],[0.8395205202311514,8.395205202311514,1.0],[0.9614069909390023,9.614069909390023,1.0],[0.08576140927512577,0.8576140927512577,1.0],[0.06230204186426158,0.6230204186426158,1.0],[0.48309802210777264,4.830980221077726,1.0],[0.7527011136301647,7.527011136301647,1.0],[0.5653273490612396,5.653273490612396,1.0],[0.14308306009955207,1.4308306009955207,1.0],[0.9027442860174946,9.027442860174945,1.0],[0.39175874054121795,3.9175874054121795,1.0],[0.04470890378303016,0.4470890378303016,1.0],[0.4575329191628308,4.575329191628308,1.0],[0.44418114285306354,4.441811428530635,1.0],[0.0791756906829707,0.791756906829707,1.0],[0.37770490385691646,3.7770490385691646,1.0],[0.24872151644563356,2.4872151644563356,1.0],[0.31414454419740034,3.141445441974003,1.0],[0.40750067283296354,4.075006728329635,1.0],[0.17219359428721337,1.7219359428721337,1.0],[0.3882072229758389,3.8820722297583887,1.0],[0.7592365563423323,7.592365563423323,1.0],[0.222327149798478,2.22327149798478,1.0],[0.563344095817858,5.63344095817858,1.0],[0.06385831253616747,0.6385831253616747,1.0],[0.4915379293409209,4.915379293409209,1.0],[0.6493348169788958,6.493348169788958,1.0],[0.35923654185193077,3.5923654185193077,1.0],[0.011177057117131461,0.11177057117131461,1.0],[0.2733467293051436,2.7334672930514357,1.0],[0.5355549647286275,5.355549647286275,1.0],[0.6301964483914466,6.301964483914466,1.0],[0.13021308409642796,1.3021308409642796,1.0],[0.25996455672831287,2.5996455672831287,1.0],[0.08504584081016042,0.8504584081016042,1.0],[0.7433003345161341,7.433003345161341,1.0],[0.18226229691513296,1.8226229691513296,1.0],[0.9489642736607146,9.489642736607145,1.0],[0.8673076709060825,8.673076709060826,1.0],[0.2783750143398719,2.783750143398719,1.0],[0.779542699505796,7.79542699505796,1.0],[0.05243151622562159,0.5243151622562159,1.0],[0.5237802038743088,5.237802038743088,1.0]]
0_BehnkeGeiger_42_workers.fjs;202.59307882227742;3970550;[0,9,21,35,48,0,22,35,46,60,22,35,45,55,66,21,34,53,69,86,0,11,25,43,53,0,21,37,54,73,21,39,53,69,80,9,21,33,43,57,21,40,57,68,77,11,21,30,41,50];[2,17,10,27,58,3,39,43,48,56,3,13,33,6,57,2,24,5,17,56,1,37,36,6,59,0,5,28,46,59,1,5,21,47,57,2,25,14,17,58,0,10,36,44,58,1,50,40,35,56];[50,23,19,23,76,58,76,54,62,2,84,4,20,59,65,9,65,86,10,23,51,67,85,89,70,53,45,17,17,33,39,18,80,16,14,64,65,70,85,52,22,44,68,0,72,82,27,3,53,31];[[0.8559393885152179,8.55939388515218,1.0],[0.8004839408308784,8.004839408308783,1.0],[0.5938433496209707,5.938433496209708,1.0],[0.8870093324131678,8.870093324131679,1.0],[0.741558169706834,7.4155816970683395,1.0],[0.8097670389513107,8.097670389513107,1.0],[0.2247324103169328,2.247324103169328,1.0],[0.9761818800633866,9.761818800633865,1.0],[0.6339038774096737,6.339038774096737,1.0],[0.5580285642552777,5.580285642552777,1.0],[0.4463526500656817,4.463526500656817,1.0],[0.28336462923826333,2.8336462923826335,1.0],[0.9019880415639555,9.019880415639555,1.0],[0.03268507148422006,0.32685071484220063,1.0],[0.4362825217209084,4.3628252172090844,1.0],[0.18851543397694082,1.8851543397694082,1.0],[0.9250090249429151,9.250090249429151,1.0],[0.9012349700248556,9.012349700248556,1.0],[0.12108560404704316,1.2108560404704316,1.0],[0.9174015512221217,9.174015512221217,1.0],[0.6336036775858569,6.3360367758585685,1.0],[0.8916415369189501,8.916415369189501,1.0],[0.9427537000908234,9.427537000908234,1.0],[0.6474269734768437,6.474269734768438,1.0],[0.2944017446773023,2.9440174467730227,1.0],[0.22784863884628848,2.278486388462885,1.0],[0.026726933813205345,0.26726933813205345,1.0],[0.5708724060922277,5.708724060922277,1.0],[0.09143396648058832,0.9143396648058832,1.0],[0.9728808105837072,9.728808105837071,1.0],[0.04913857274611522,0.49138572746115217,1.0],[0.8163054842016593,8.163054842016592,1.0],[0.12136143786009423,1.2136143786009423,1.0],[0.39347747924753973,3.9347747924753973,1.0],[0.7612563626694716,7.612563626694716,1.0],[0.2669682491794272,2.669682491794272,1.0],[0.032329137447332346,0.32329137447332346,1.0],[0.27066047462765497,2.7066047462765495,1.0],[0.8705591702034446,8.705591702034447,1.0],[0.8809847340925547,8.809847340925547,1.0],[0.18409719287978143,1.8409719287978143,1.0],[0.20156279965759893,2.015627996575989,1.0],[0.5164915614426145,5.164915614426145,1.0],[0.4956047792365974,4.956047792365974,1.0],[0.6077297164851029,6.0772971648510286,1.0],[0.9001180841411072,9.001180841411072,1.0],[0.78410741646787,7.8410741646787,1.0],[0.4806185677402214,4.806185677402214,1.0],[0.1147765683905323,1.147765683905323,1.0],[0.07024459811816619,0.7024459811816619,1.0],[0.3187451092517546,3.187451092517546,1.0],[0.0073062864940089955,0.07306286494008996,1.0],[0.5205444033755386,5.205444033755386,1.0],[0.6250968201912236,6.250968201912236,1.0],[0.25055568445480136,2.5055568445480136,1.0],[0.615922435604406,6.15922435604406,1.0],[0.3870907125242423,3.8709071252424234,1.0],[0.21814785067570475,2.1814785067570472,1.0],[0.8734963280117019,8.734963280117018,1.0],[0.28722080489037183,2.872208048903718,1.0],[0.09639359128751424,0.9639359128751424,1.0],[0.7548858731919171,7.548858731919172,1.0],[0.6851727386050028,6.851727386050028,1.0],[0.051174076075845676,0.5117407607584568,1.0],[0.17887018113864828,1.7887018113864828,1.0],[0.609251556117635,6.09251556117635,1.0],[0.24984154075152953,2.4984154075152953,1.0],[0.368174715277632,3.68174715277632,1.0],[0.05876744192941186,0.5876744192941186,1.0],[0.12260955919754979,1.226095591975498,1.0],[0.45916262109070083,4.591626210907008,1.0],[0.4009271808935736,4.009271808935736,1.0],[0.46504811859381157,4.650481185938116,1.0],[0.21320952910254887,2.1320952910254887,1.0],[0.6247271975216867,6.247271975216867,1.0],[0.28525256320918047,2.8525256320918047,1.0],[0.6348406939976744,6.348406939976744,1.0],[0.8319882392437383,8.319882392437384,1.0],[0.8395421352998061,8.395421352998062,1.0],[0.019614941273996434,0.19614941273996434,1.0],[0.5413984842077535,5.413984842077535,1.0],[0.2718798292635384,2.718798292635384,1.0],[0.4481717263007644,4.481717263007644,1.0],[0.26376858333274344,2.6376858333274344,1.0],[0.3349547069458171,3.349547069458171,1.0],[0.5175169666891029,5.175169666891028,1.0],[0.6865980117314152,6.865980117314152,1.0],[0.12545365307174206,1.2545365307174206,1.0],[0.02272642984071671,0.2272642984071671,1.0],[0.7308912721040333,7.308912721040333,1.0]]
0_BehnkeGeiger_42_workers.fjs;183.33341351754177;2570040;[0,9,21,37,47,9,27,38,47,59,0,13,22,31,43,13,27,38,52,64,10,21,32,43,52,21,33,47,56,66,0,11,24,39,57,27,38,49,59,74,11,30,48,59,68,0,10,27,40,50];[2,7,28,41,58,2,39,32,49,58,3,29,31,13,57,3,14,50,17,56,1,43,46,6,59,1,4,8,28,59,0,17,23,47,57,2,25,18,22,56,0,10,35,27,57,1,30,37,19,56];[8,14,71,11,21,68,10,29,55,56,29,4,63,33,13,83,7,36,43,23,47,46,60,24,7,25,49,20,9,33,2,35,58,8,14,13,38,47,49,60,48,4,77,15,2,64,81,9,85,32];[[0.5198238265685563,5.198238265685563,1.0],[0.9583988744400509,9.583988744400509,1.0],[0.3402956357666065,3.402956357666065,1.0],[0.7081849781179302,7.081849781179303,1.0],[0.9252189405445452,9.252189405445453,1.0],[0.05032666735654623,0.5032666735654623,1.0],[0.6613275461751585,6.613275461751585,1.0],[0.82711411373077,8.271141137307701,1.0],[0.8734961127808921,8.734961127808921,1.0],[0.5913019030238962,5.913019030238962,1.0],[0.11264722490163037,1.1264722490163037,1.0],[0.34477784983246407,3.4477784983246407,1.0],[0.011377599382669468,0.11377599382669468,1.0],[0.7909742881977946,7.909742881977946,1.0],[0.3277964015146908,3.277964015146908,1.0],[0.22222795698924247,2.2222795698924247,1.0],[0.14676573527209236,1.4676573527209236,1.0],[0.040648812187981,0.40648812187981,1.0],[0.14328037004549943,1.4328037004549943,1.0],[0.10349201402412567,1.0349201402412567,1.0],[0.2300149081299988,2.3001490812999883,1.0],[0.34985110243749995,3.4985110243749995,1.0],[0.866750807284636,8.66750807284636,1.0],[0.14758827376144812,1.4758827376144812,1.0],[0.22391440251713068,2.239144025171307,1.0],[0.24865543755958186,2.4865543755958184,1.0],[0.2300130943157953,2.300130943157953,1.0],[0.8293061040602848,8.293061040602849,1.0],[0.43895527513494326,4.389552751349433,1.0],[0.44969387575897835,4.496938757589783,1.0],[0.3412024287409555,3.4120242874095554,1.0],[0.9004679331719968,9.004679331719968,1.0],[0.43962892413733223,4.3962892413733226,1.0],[0.45751138605113895,4.575113860511389,1.0],[0.5639201948280074,5.639201948280074,1.0],[0.6726986423945157,6.726986423945157,1.0],[0.6597005192680269,6.597005192680268,1.0],[0.9102187034878934,9.102187034878934,1.0],[0.5766896035151798,5.766896035151799,1.0],[0.4155337643506154,4.155337643506154,1.0],[0.35757675057500693,3.5757675057500693,1.0],[0.5416053049315015,5.416053049315015,1.0],[0.24141379817839304,2.4141379817839304,1.0],[0.14373377933442777,1.4373377933442777,1.0],[0.05947898491433379,0.5947898491433379,1.0],[0.49975509403239127,4.9975509403239124,1.0],[0.3186129737753496,3.186129737753496,1.0],[0.7700173830289908,7.700173830289908,1.0],[0.48539290197593976,4.853929019759398,1.0],[0.4627755002794737,4.6277550027947365,1.0],[0.5376316431809531,5.376316431809531,1.0],[0.9085166904492054,9.085166904492054,1.0],[0.8894638917603915,8.894638917603915,1.0],[0.7295709856829492,7.295709856829492,1.0],[0.10156484356406248,1.0156484356406248,1.0],[0.7756986430311787,7.7569864303117875,1.0],[0.2646734419538803,2.646734419538803,1.0],[0.08522369075097047,0.8522369075097047,1.0],[0.05298946435344931,0.5298946435344931,1.0],[0.15739225219713138,1.5739225219713138,1.0],[0.4318886991151929,4.318886991151929,1.0],[0.633165302477868,6.33165302477868,1.0],[0.24439281766986376,2.4439281766986376,1.0],[0.8989634350161788,8.989634350161788,1.0],[0.5191347024590356,5.191347024590356,1.0],[0.6810385741390934,6.8103857413909346,1.0],[0.16547355180616963,1.6547355180616963,1.0],[0.7628548802754104,7.6285488027541035,1.0],[0.3141854421416449,3.1418544214164488,1.0],[0.41192209034050886,4.119220903405089,1.0],[0.02240642416721894,0.2240642416721894,1.0],[0.6263477255847869,6.263477255847869,1.0],[0.6946401733451906,6.946401733451905,1.0],[0.5537872676983423,5.537872676983423,1.0],[0.14353633683289113,1.4353633683289113,1.0],[0.3828088769666892,3.828088769666892,1.0],[0.20550831512341627,2.0550831512341627,1.0],[0.8424160101430348,8.424160101430347,1.0],[0.33056458054195836,3.3056458054195836,1.0],[0.9503462496022802,9.503462496022802,1.0],[0.733658429518869,7.33658429518869,1.0],[0.7327837389781332,7.327837389781332,1.0],[0.5833156544997408,5.833156544997408,1.0],[0.2636719126307169,2.6367191263071685,1.0],[0.7038517121832796,7.038517121832796,1.0],[0.9859996488049411,9.859996488049411,1.0],[0.3427619282161496,3.427619282161496,1.0],[0.731149933057056,7.31149933057056,1.0],[0.24180730800578631,2.418073080057863,1.0],[0.8057399760917423,8.057399760917423,1.0]]
0_BehnkeGeiger_42_workers.fjs;191.39187335358304;3506620;[23,32,44,63,75,15,37,48,57,66,21,45,54,63,75,10,23,35,47,64,0,11,22,34,43,0,15,31,44,57,0,11,22,33,44,0,10,23,34,47,11,30,47,63,74,11,21,34,45,55];[2,53,11,18,59,3,39,42,30,58,1,13,33,46,57,2,14,12,50,56,1,43,8,6,59,3,5,11,41,59,0,15,47,47,56,2,25,15,21,58,0,10,37,27,56,1,48,22,17,57];[12,53,73,8,70,61,9,60,86,56,23,82,82,62,13,58,84,58,13,72,47,18,49,72,68,2,17,7,12,31,66,68,56,62,26,14,64,71,70,18,22,38,20,15,51,44,3,55,43,64];[[0.18019241848515155,1.8019241848515155,1.0],[0.48736227300275514,4.873622730027551,1.0],[0.07759170039841756,0.7759170039841756,1.0],[0.5225667244081349,5.2256672440813485,1.0],[0.9196433340252647,9.196433340252646,1.0],[0.8762509611803474,8.762509611803473,1.0],[0.5029695910906639,5.029695910906638,1.0],[0.8160267976375112,8.160267976375112,1.0],[0.8059112000327816,8.059112000327817,1.0],[0.2140591090540045,2.140591090540045,1.0],[0.08805821114486456,0.8805821114486456,1.0],[0.20329737064426556,2.0329737064426556,1.0],[0.5837360924329463,5.837360924329463,1.0],[0.6737333796339059,6.737333796339059,1.0],[0.1608013027204077,1.6080130272040771,1.0],[0.7465026683932527,7.465026683932527,1.0],[0.5706715087422025,5.706715087422025,1.0],[0.4637998194614905,4.637998194614905,1.0],[0.510707169665419,5.10707169665419,1.0],[0.13436739791107,1.3436739791107,1.0],[0.5955836724768061,5.955836724768061,1.0],[0.9705970110642231,9.705970110642232,1.0],[0.1380260373669585,1.380260373669585,1.0],[0.6915046322372392,6.915046322372392,1.0],[0.4571104412123077,4.571104412123077,1.0],[0.7770933375992647,7.770933375992647,1.0],[0.4288907275773849,4.288907275773849,1.0],[0.7873492179192781,7.873492179192781,1.0],[0.45358103110054593,4.535810311005459,1.0],[0.29994077462327984,2.9994077462327984,1.0],[0.26785911780148886,2.6785911780148886,1.0],[0.41380996534982095,4.13809965349821,1.0],[0.8955750490686861,8.955750490686862,1.0],[0.33899298335361505,3.3899298335361507,1.0],[0.4439220021216055,4.439220021216055,1.0],[0.2663146653444304,2.663146653444304,1.0],[0.1912128081922898,1.912128081922898,1.0],[0.8422148536074314,8.422148536074314,1.0],[0.12934381348500923,1.2934381348500923,1.0],[0.5457493539256076,5.457493539256077,1.0],[0.6889713324133125,6.889713324133125,1.0],[0.3133089603750071,3.1330896037500713,1.0],[0.781346930988076,7.81346930988076,1.0],[0.7476684671478541,7.476684671478541,1.0],[0.694338776663945,6.943387766639449,1.0],[0.010283626574111193,0.10283626574111193,1.0],[0.7581500624990217,7.581500624990217,1.0],[0.8365660626079888,8.365660626079888,1.0],[0.8965297598339126,8.965297598339125,1.0],[0.42501586527499824,4.250158652749983,1.0],[0.29726573226441977,2.9726573226441975,1.0],[0.1892293583037329,1.8922935830373289,1.0],[0.7243244498868214,7.243244498868214,1.0],[0.8519753238078789,8.519753238078788,1.0],[0.10178542532455293,1.0178542532455293,1.0],[0.5249813114594203,5.249813114594203,1.0],[0.36905004287313525,3.6905004287313528,1.0],[0.14252011028375144,1.4252011028375144,1.0],[0.9116619067804255,9.116619067804255,1.0],[0.54316015559511,5.4316015559511,1.0],[0.4203904144024305,4.203904144024305,1.0],[0.8163513162724128,8.163513162724128,1.0],[0.8589171046239985,8.589171046239985,1.0],[0.7596233819507995,7.596233819507995,1.0],[0.8852403456386315,8.852403456386316,1.0],[0.14006433750837965,1.4006433750837965,1.0],[0.7153091891141413,7.153091891141413,1.0],[0.4033601431159366,4.033601431159366,1.0],[0.3246442732123802,3.246442732123802,1.0],[0.610505749299754,6.10505749299754,1.0],[0.9436716318473461,9.436716318473461,1.0],[0.22542293193962482,2.254229319396248,1.0],[0.22792853612720076,2.2792853612720076,1.0],[0.3202161638777423,3.202161638777423,1.0],[0.9471716155913338,9.471716155913338,1.0],[0.06517330654168263,0.6517330654168263,1.0],[0.5318417096543258,5.318417096543257,1.0],[0.060458432800693074,0.6045843280069307,1.0],[0.0568250937122835,0.568250937122835,1.0],[0.05525076001007523,0.5525076001007523,1.0],[0.08040862393544657,0.8040862393544657,1.0],[0.45414991337399147,4.541499133739915,1.0],[0.5398206863735848,5.398206863735848,1.0],[0.9620202223629081,9.62020222362908,1.0],[0.4443670125830569,4.443670125830569,1.0],[0.4943162252029675,4.9431622520296745,1.0],[0.301158822820192,3.01158822820192,1.0],[0.03764467466094412,0.3764467466094412,1.0],[0.32502817216022195,3.2502817216022195,1.0],[0.6923405421469611,6.92340542146961,1.0]]
0_BehnkeGeiger_46_workers.fjs;271.66525298805;4912020;[34,47,63,75,101,42,52,69,81,98,19,34,45,57,75,22,41,53,65,92,21,33,43,53,72,47,58,67,84,97,13,34,45,56,87,13,34,50,61,76,34,47,57,72,89,47,61,74,85,105,61,77,87,98,114,58,70,81,94,108,33,42,53,63,78,0,12,27,37,50,0,19,29,43,53,0,22,34,44,61,52,80,91,107,118,12,21,32,44,54,41,67,76,89,110,0,13,22,35,44];[1,53,52,30,57,3,46,55,10,59,1,30,17,42,59,0,21,39,36,56,3,17,20,32,57,2,13,8,46,58,0,33,35,49,59,2,28,6,47,56,2,19,30,26,57,1,7,27,55,56,1,33,5,35,56,2,44,6,21,59,3,14,4,35,58,3,26,44,26,57,1,10,50,55,58,2,41,37,29,59,3,47,32,55,59,3,40,15,42,56,0,38,43,54,58,0,41,34,53,59];[16,17,64,81,89,65,89,89,16,57,61,83,8,75,54,79,87,59,37,37,69,15,14,83,61,81,14,27,67,38,67,61,82,52,53,35,85,80,62,33,2,64,70,62,11,63,43,23,49,1,69,20,52,75,0,58,75,5,56,27,48,49,77,39,8,38,53,74,25,57,27,19,40,26,85,40,43,53,4,2,74,31,14,51,36,62,78,66,60,6,84,84,11,25,42,5,86,44,11,27];[[0.7773566427005639,7.7735664270056395,1.0],[0.6698255595592497,6.698255595592498,1.0],[0.09913960392481702,0.9913960392481702,1.0],[0.35297051119014544,3.529705111901454,1.0],[0.4679077429008419,4.679077429008419,1.0],[0.5346837414708775,5.346837414708775,1.0],[0.9783090609123973,9.783090609123974,1.0],[0.13031535015865903,1.3031535015865903,1.0],[0.6712434682302663,6.712434682302662,1.0],[0.36422941594737557,3.6422941594737557,1.0],[0.48883570716198577,4.888357071619858,1.0],[0.20301221073405373,2.0301221073405373,1.0],[0.6661983755713592,6.661983755713592,1.0],[0.2276630312069321,2.276630312069321,1.0],[0.4580640582967631,4.580640582967631,1.0],[0.040722397554957435,0.40722397554957435,1.0],[0.9742897953778286,9.742897953778286,1.0],[0.4874760742689066,4.874760742689066,1.0],[0.4616138636373597,4.616138636373597,1.0],[0.7141471558082002,7.141471558082002,1.0],[0.4157281494999725,4.157281494999725,1.0],[0.888011688001529,8.88011688001529,1.0],[0.023293448723771704,0.23293448723771704,1.0],[0.8335062677845465,8.335062677845466,1.0],[0.4684947409975081,4.684947409975081,1.0],[0.8114798126442795,8.114798126442794,1.0],[0.9455914886158723,9.455914886158723,1.0],[0.9830883781948988,9.830883781948987,1.0],[0.1761820755785306,1.761820755785306,1.0],[0.698655759576308,6.98655759576308,1.0],[0.10885571131238292,1.0885571131238292,1.0],[0.16026373420620188,1.6026373420620188,1.0],[0.09286027402458918,0.9286027402458918,1.0],[0.3140620798928404,3.140620798928404,1.0],[0.01653868433866723,0.1653868433866723,1.0],[0.8540491257363622,8.540491257363621,1.0],[0.2910160386456968,2.910160386456968,1.0],[0.7800475863350328,7.800475863350328,1.0],[0.5480965161255696,5.480965161255696,1.0],[0.19433067669976123,1.9433067669976123,1.0],[0.2920382721805297,2.920382721805297,1.0],[0.3194527773994337,3.194527773994337,1.0],[0.6585982235379076,6.585982235379077,1.0],[0.23152103541222924,2.3152103541222924,1.0],[0.6194303369953537,6.194303369953537,1.0],[0.8953386098022104,8.953386098022104,1.0],[0.8694342085696831,8.694342085696832,1.0],[0.2938069356684523,2.938069356684523,1.0],[0.45820480858054946,4.582048085805495,1.0],[0.4849797978711191,4.849797978711191,1.0],[0.2803882693587225,2.803882693587225,1.0],[0.32895694635060024,3.2895694635060027,1.0],[0.9842424240265042,9.842424240265043,1.0],[0.011944137920874343,0.11944137920874343,1.0],[0.14290076829328524,1.4290076829328524,1.0],[0.6519772165446712,6.519772165446712,1.0],[0.07499317994693244,0.7499317994693244,1.0],[0.29207870228110877,2.920787022811088,1.0],[0.7934429721917705,7.934429721917705,1.0],[0.9115931008709737,9.115931008709737,1.0],[0.3703917795895437,3.7039177958954372,1.0],[0.20528221118666345,2.0528221118666345,1.0],[0.880081326784678,8.80081326784678,1.0],[0.6325664501560831,6.325664501560832,1.0],[0.503514326058558,5.0351432605855795,1.0],[0.3308435596710889,3.308435596710889,1.0],[0.3474001835074456,3.474001835074456,1.0],[0.2924115863324481,2.9241158633244813,1.0],[0.7653974346433319,7.653974346433319,1.0],[0.4784432998768373,4.784432998768374,1.0],[0.2015373401465821,2.015373401465821,1.0],[0.8715627297687166,8.715627297687167,1.0],[0.7551785489449617,7.5517854894496175,1.0],[0.8675584511848858,8.675584511848859,1.0],[0.9323236929247266,9.323236929247265,1.0],[0.24171326534063708,2.417132653406371,1.0],[0.8924504838872919,8.924504838872918,1.0],[0.7659566844206285,7.659566844206285,1.0],[0.4146826922981828,4.146826922981828,1.0],[0.32368260626724077,3.2368260626724075,1.0],[0.5613052389019693,5.613052389019693,1.0],[0.5908359788832377,5.908359788832377,1.0],[0.16558277680810296,1.6558277680810296,1.0],[0.4861970648764189,4.8619706487641885,1.0],[0.9490216941921916,9.490216941921917,1.0],[0.46819109749463483,4.681910974946348,1.0],[0.39662970244337636,3.9662970244337634,1.0],[0.9188065977724452,9.188065977724452,1.0],[0.9857276253270151,9.85727625327015,1.0],[0.9392006613006973,9.392006613006973,1.0]]
0_BehnkeGeiger_46_workers.fjs;292.68695124843515;3197600;[0,13,38,57,90,41,69,86,98,109,13,32,42,53,64,48,68,77,90,107,0,21,32,42,70,29,40,57,69,111,32,41,51,61,82,32,48,57,68,77,40,54,65,78,89,21,32,45,62,94,47,63,73,89,125,54,67,76,91,112,35,47,60,72,101,9,21,32,43,58,69,83,94,108,120,67,80,100,110,119,13,29,42,52,72,0,9,19,30,42,21,35,45,55,80,0,13,26,37,47];[2,44,25,29,59,0,48,45,12,57,0,30,52,42,56,3,23,35,5,56,1,17,20,32,57,2,43,9,38,59,0,33,34,49,57,3,37,7,47,59,2,19,10,31,58,3,13,31,52,57,1,18,21,25,59,2,44,6,23,58,1,13,4,19,59,3,15,9,26,59,0,40,50,30,56,2,24,37,42,57,2,47,40,11,58,3,25,14,42,57,1,48,41,54,56,0,19,16,34,58];[32,88,36,23,16,14,33,33,65,7,32,24,89,79,68,66,43,72,18,61,67,49,32,83,17,81,47,6,27,56,56,51,55,77,65,15,1,21,42,58,34,39,10,45,46,24,85,16,67,68,38,70,49,44,17,5,3,37,69,47,76,19,19,75,39,24,79,48,80,59,80,86,20,38,36,20,76,48,15,8,52,41,57,81,0,12,68,58,83,25,53,3,58,34,62,63,80,27,59,62];[[0.7966509679599704,7.966509679599704,1.0],[0.05862623274803458,0.5862623274803458,1.0],[0.7602397739740907,7.602397739740907,1.0],[0.8627037401845356,8.627037401845355,1.0],[0.09127403464611428,0.9127403464611428,1.0],[0.9024924365975527,9.024924365975528,1.0],[0.7858960565941281,7.858960565941281,1.0],[0.40667966546103385,4.0667966546103385,1.0],[0.37447264465852026,3.7447264465852026,1.0],[0.6490262282913547,6.490262282913547,1.0],[0.40092466608569977,4.009246660856998,1.0],[0.5721109226277574,5.721109226277575,1.0],[0.6077930620255084,6.077930620255084,1.0],[0.05072389565884072,0.5072389565884072,1.0],[0.7370880093375713,7.370880093375714,1.0],[0.708486383757228,7.08486383757228,1.0],[0.9221724532030824,9.221724532030823,1.0],[0.7149390332589045,7.149390332589045,1.0],[0.6557724968554814,6.5577249685548145,1.0],[0.7371071646895253,7.371071646895253,1.0],[0.18754222176317448,1.8754222176317448,1.0],[0.5019778365908455,5.019778365908455,1.0],[0.8950298548604116,8.950298548604117,1.0],[0.926358313475896,9.26358313475896,1.0],[0.01899157139556429,0.18991571395564288,1.0],[0.8777314655556964,8.777314655556964,1.0],[0.6362924717585655,6.362924717585655,1.0],[0.4066346562427898,4.066346562427898,1.0],[0.12957858368499198,1.2957858368499198,1.0],[0.8626878625294206,8.626878625294207,1.0],[0.25379646148203605,2.5379646148203605,1.0],[0.5928589993203222,5.9285899932032216,1.0],[0.0752821307110767,0.752821307110767,1.0],[0.55648541295561,5.5648541295561005,1.0],[0.39201372928372336,3.9201372928372336,1.0],[0.30661199501593694,3.0661199501593694,1.0],[0.16614394932812038,1.6614394932812038,1.0],[0.03548206500031437,0.35482065000314367,1.0],[0.8734081096560021,8.734081096560022,1.0],[0.6077933997757088,6.077933997757087,1.0],[0.00566233272181782,0.0566233272181782,1.0],[0.57937513910209,5.7937513910209,1.0],[0.766498732100053,7.66498732100053,1.0],[0.20058362814831487,2.0058362814831487,1.0],[0.9293225912363087,9.293225912363086,1.0],[0.8422636176481996,8.422636176481996,1.0],[0.5387041601810612,5.387041601810612,1.0],[0.9883390358185146,9.883390358185146,1.0],[0.21802702973914923,2.180270297391492,1.0],[0.038493402742472815,0.38493402742472815,1.0],[0.37032113547489287,3.7032113547489285,1.0],[0.1822270440474585,1.8222704404745849,1.0],[0.9462360068540245,9.462360068540246,1.0],[0.1150920367841759,1.150920367841759,1.0],[0.3529247978916473,3.529247978916473,1.0],[0.8631951229076982,8.631951229076982,1.0],[0.041228887544789705,0.41228887544789705,1.0],[0.08920964027917122,0.8920964027917122,1.0],[0.5188892304220151,5.1888923042201505,1.0],[0.3593751525090847,3.593751525090847,1.0],[0.02137850022746135,0.2137850022746135,1.0],[0.6705629807207766,6.705629807207766,1.0],[0.8415018800797289,8.41501880079729,1.0],[0.0549654710344607,0.549654710344607,1.0],[0.12847413232468474,1.2847413232468474,1.0],[0.12133653253479593,1.2133653253479593,1.0],[0.47496175692231557,4.7496175692231555,1.0],[0.6501440243508211,6.501440243508211,1.0],[0.26467231108682165,2.6467231108682165,1.0],[0.8283954411360489,8.283954411360488,1.0],[0.09632504623843086,0.9632504623843086,1.0],[0.9001492562131493,9.001492562131494,1.0],[0.22420503779756518,2.2420503779756515,1.0],[0.11601154122656976,1.1601154122656976,1.0],[0.20138930403775013,2.0138930403775013,1.0],[0.5571704471099438,5.571704471099438,1.0],[0.8954308805741998,8.954308805741999,1.0],[0.10783585956749675,1.0783585956749675,1.0],[0.6110196883093226,6.110196883093226,1.0],[0.5285746404071686,5.285746404071686,1.0],[0.4751239272073001,4.7512392720730015,1.0],[0.7846662958446119,7.846662958446119,1.0],[0.25197118373537,2.5197118373536997,1.0],[0.9011562601111824,9.011562601111825,1.0],[0.33015443004324485,3.3015443004324485,1.0],[0.39070876167562685,3.9070876167562685,1.0],[0.5024299090089163,5.024299090089163,1.0],[0.5414008895519862,5.414008895519862,1.0],[0.7061732576618968,7.061732576618968,1.0],[0.8167560629471541,8.167560629471541,1.0]]
0_BehnkeGeiger_46_workers.fjs;284.765672464032;3198520;[0,13,44,54,65,13,23,37,47,77,0,19,30,47,57,53,72,93,106,118,23,35,44,65,87,43,55,68,85,105,30,40,50,62,78,58,80,92,105,116,41,58,68,80,93,64,75,88,103,124,13,27,55,73,114,47,65,75,89,123,19,43,54,65,76,35,47,65,79,92,0,13,25,40,49,13,30,42,53,63,55,72,81,95,106,40,53,65,76,98,27,41,54,68,89,0,13,30,42,54];[1,26,47,55,58,3,50,6,37,59,2,33,55,42,56,0,26,55,9,58,3,47,20,34,59,2,54,53,39,58,0,33,36,48,57,1,35,51,47,57,1,19,31,6,57,3,44,12,52,56,1,32,11,24,56,3,46,4,22,59,2,14,4,28,56,3,23,45,29,56,3,47,49,30,59,0,41,8,15,59,2,49,38,9,57,0,34,14,55,59,1,43,20,54,58,0,35,16,39,57];[76,64,73,11,89,13,12,84,24,21,74,28,17,8,39,13,22,84,7,4,50,44,14,48,41,4,2,40,32,76,30,63,26,49,24,54,74,39,39,24,32,86,69,54,67,71,78,75,2,6,87,42,35,7,27,72,11,28,17,22,67,46,31,72,77,18,37,26,72,50,71,83,31,39,85,61,16,77,19,66,4,79,45,73,5,56,51,68,8,33,75,52,75,52,14,18,77,82,69,33];[[0.5209484070219088,5.209484070219088,1.0],[0.42125020101147315,4.212502010114731,1.0],[0.22094517308324657,2.2094517308324657,1.0],[0.13033708391670573,1.3033708391670573,1.0],[0.48395776843282956,4.839577684328296,1.0],[0.6260889663051598,6.260889663051597,1.0],[0.6211218319323739,6.21121831932374,1.0],[0.707277595965894,7.07277595965894,1.0],[0.43539590023548325,4.3539590023548325,1.0],[0.04809800715767443,0.4809800715767443,1.0],[0.2254847064342842,2.254847064342842,1.0],[0.788548045160999,7.88548045160999,1.0],[0.42108890435006496,4.21088904350065,1.0],[0.5652029481252892,5.6520294812528915,1.0],[0.6764042610645917,6.764042610645918,1.0],[0.7568325816320766,7.568325816320765,1.0],[0.16251102322256883,1.6251102322256883,1.0],[0.4662293326345085,4.662293326345085,1.0],[0.652658580109924,6.526585801099239,1.0],[0.9348323542569703,9.348323542569704,1.0],[0.28093837261172117,2.8093837261172117,1.0],[0.9004772145836625,9.004772145836625,1.0],[0.848839594589838,8.48839594589838,1.0],[0.5244847531468491,5.244847531468491,1.0],[0.5786464188581003,5.786464188581003,1.0],[0.9355850494740874,9.355850494740874,1.0],[0.4401579992643663,4.401579992643663,1.0],[0.2893634937717525,2.8936349377175254,1.0],[0.7973797699194577,7.973797699194577,1.0],[0.10126138052386269,1.0126138052386269,1.0],[0.7187270677771636,7.187270677771636,1.0],[0.6449563433897082,6.449563433897082,1.0],[0.39126761491023665,3.9126761491023663,1.0],[0.9392975330999302,9.392975330999302,1.0],[0.609238184698229,6.09238184698229,1.0],[0.15484533159211777,1.5484533159211777,1.0],[0.41680311462661035,4.168031146266103,1.0],[0.9542543925010913,9.542543925010914,1.0],[0.08511902784380565,0.8511902784380565,1.0],[0.8102082222849146,8.102082222849146,1.0],[0.549048343145825,5.49048343145825,1.0],[0.797431305367372,7.974313053673719,1.0],[0.9212545834178625,9.212545834178625,1.0],[0.0840140116542355,0.840140116542355,1.0],[0.4271098529259699,4.2710985292596995,1.0],[0.4827049527125804,4.827049527125804,1.0],[0.4926248212853439,4.926248212853439,1.0],[0.8381214590808308,8.381214590808309,1.0],[0.06168361162523717,0.6168361162523717,1.0],[0.1800356634856508,1.800356634856508,1.0],[0.7512006320826361,7.5120063208263606,1.0],[0.8202315016053369,8.202315016053369,1.0],[0.9482269285705965,9.482269285705966,1.0],[0.09190024497370541,0.9190024497370541,1.0],[0.8275229129042858,8.275229129042858,1.0],[0.010223681010074426,0.10223681010074426,1.0],[0.7915178392051999,7.915178392051999,1.0],[0.23087148740184416,2.3087148740184418,1.0],[0.9176421264305312,9.176421264305311,1.0],[0.6337400704415804,6.3374007044158045,1.0],[0.4722514806957412,4.722514806957411,1.0],[0.15692662657496914,1.5692662657496914,1.0],[0.890455619982956,8.90455619982956,1.0],[0.3934374640442826,3.934374640442826,1.0],[0.9437473032889695,9.437473032889695,1.0],[0.027056184431497043,0.27056184431497043,1.0],[0.4303544994441807,4.303544994441807,1.0],[0.03986032371878334,0.3986032371878334,1.0],[0.27475171221519046,2.747517122151905,1.0],[0.9564909094852423,9.564909094852423,1.0],[0.3359902829981165,3.359902829981165,1.0],[0.04595304692857216,0.4595304692857216,1.0],[0.37548864135994087,3.754886413599409,1.0],[0.7100525719018224,7.100525719018224,1.0],[0.7195452743357282,7.195452743357283,1.0],[0.8188902738341958,8.188902738341957,1.0],[0.11659700681519214,1.1659700681519214,1.0],[0.5117406310798319,5.117406310798319,1.0],[0.4226359284361241,4.226359284361241,1.0],[0.4231179217423974,4.231179217423974,1.0],[0.5975978869418672,5.975978869418672,1.0],[0.10039657835066573,1.0039657835066573,1.0],[0.8661288460342442,8.661288460342442,1.0],[0.8262463782392978,8.262463782392977,1.0],[0.588405995089693,5.884059950896931,1.0],[0.302515462738837,3.0251546273883703,1.0],[0.031295122158443434,0.31295122158443434,1.0],[0.5757925091701167,5.757925091701167,1.0],[0.9545321496576605,9.545321496576605,1.0],[0.9649769610853548,9.649769610853548,1.0]]
0_BehnkeGeiger_46_workers.fjs;288.792224065562;3695550;[25,39,54,64,74,64,75,87,98,112,0,13,28,43,55,39,64,73,83,92,39,63,75,87,110,67,79,94,104,123,0,9,21,52,71,9,25,39,49,75,64,81,97,107,122,52,65,80,94,107,32,43,55,92,121,13,30,39,55,71,43,67,80,91,105,30,39,55,72,99,39,52,63,77,94,22,39,55,65,85,15,32,44,59,90,0,9,19,30,47,0,15,25,36,55,9,22,32,43,52];[3,46,38,27,59,3,37,37,44,56,1,48,17,42,56,1,23,32,9,57,0,44,38,32,59,2,54,22,39,58,0,33,25,49,56,3,4,6,6,57,1,46,30,26,57,3,28,13,27,57,2,33,19,14,59,1,44,5,55,58,2,13,4,39,58,1,32,18,42,59,3,40,50,55,56,0,43,35,45,59,2,47,36,11,58,3,25,13,45,57,2,43,20,55,58,0,41,42,53,59];[10,29,81,75,16,9,11,82,79,76,48,36,52,82,51,50,58,50,32,67,35,70,19,83,43,4,4,51,14,6,56,84,6,13,52,73,85,25,26,36,80,58,68,42,11,30,60,1,80,8,20,22,71,36,47,0,27,43,6,47,31,57,51,59,34,55,63,82,41,33,89,39,54,23,22,14,72,60,0,0,80,34,48,86,86,12,68,15,4,45,79,18,53,60,52,3,64,45,8,27];[[0.49734142093980327,4.973414209398033,1.0],[0.35999045686025677,3.5999045686025677,1.0],[0.7220617567237175,7.220617567237175,1.0],[0.44672126724761885,4.4672126724761885,1.0],[0.4533596515962979,4.533596515962978,1.0],[0.025925678678183073,0.25925678678183073,1.0],[0.33490089376309407,3.3490089376309404,1.0],[0.4755440242737675,4.755440242737675,1.0],[0.45132356511490823,4.513235651149082,1.0],[0.08788974506102976,0.8788974506102976,1.0],[0.29509671683068217,2.9509671683068217,1.0],[0.33863234208051063,3.3863234208051063,1.0],[0.9020959027552419,9.020959027552419,1.0],[0.7173473735926632,7.173473735926632,1.0],[0.8986159167700656,8.986159167700656,1.0],[0.032997165944182005,0.32997165944182005,1.0],[0.2284682145918675,2.284682145918675,1.0],[0.5381470661357333,5.381470661357333,1.0],[0.06127510457974772,0.6127510457974772,1.0],[0.22935566071129299,2.29355660711293,1.0],[0.5598162304796008,5.598162304796008,1.0],[0.0008471767611641923,0.008471767611641923,1.0],[0.3920352782519039,3.9203527825190387,1.0],[0.03133523867093202,0.3133523867093202,1.0],[0.24056870266164254,2.4056870266164254,1.0],[0.8953787890847891,8.953787890847892,1.0],[0.3866575811855242,3.866575811855242,1.0],[0.26785644445085033,2.6785644445085035,1.0],[0.9113672758007916,9.113672758007915,1.0],[0.8561689403543553,8.561689403543554,1.0],[0.2548634438031525,2.548634438031525,1.0],[0.42717855363332036,4.271785536333203,1.0],[0.19719480126070077,1.9719480126070077,1.0],[0.7644816954164836,7.644816954164836,1.0],[0.45421054829626994,4.5421054829626994,1.0],[0.7701442479976394,7.701442479976394,1.0],[0.7544956928280053,7.544956928280053,1.0],[0.1329370279333042,1.329370279333042,1.0],[0.13608412133420567,1.3608412133420567,1.0],[0.7421993063471702,7.421993063471702,1.0],[0.8710335288246386,8.710335288246386,1.0],[0.18118149060958277,1.8118149060958277,1.0],[0.8581563188196332,8.581563188196332,1.0],[0.2027449363975372,2.0274493639753723,1.0],[0.3410290736485122,3.410290736485122,1.0],[0.6372290727852594,6.372290727852594,1.0],[0.14905275813887664,1.4905275813887664,1.0],[0.5109099957893487,5.109099957893487,1.0],[0.4352931558109894,4.352931558109894,1.0],[0.09760732352088275,0.9760732352088275,1.0],[0.05941930181032895,0.5941930181032895,1.0],[0.4305054409800979,4.305054409800979,1.0],[0.5024944042408487,5.024944042408487,1.0],[0.5079732331603702,5.079732331603703,1.0],[0.0640695575730742,0.640695575730742,1.0],[0.43169459272424404,4.316945927242441,1.0],[0.9774036975897298,9.774036975897298,1.0],[0.7083743064187731,7.083743064187731,1.0],[0.3236585836720067,3.2365858367200673,1.0],[0.6948341495565338,6.948341495565337,1.0],[0.3959747672493763,3.959747672493763,1.0],[0.5702020071109615,5.702020071109615,1.0],[0.1273830425097976,1.273830425097976,1.0],[0.0022121200251274953,0.022121200251274953,1.0],[0.7082383894336587,7.082383894336587,1.0],[0.46105048814669625,4.610504881466962,1.0],[0.048724340958554824,0.48724340958554824,1.0],[0.9996141487513373,9.996141487513373,1.0],[0.6273821455013189,6.273821455013189,1.0],[0.2348624347451349,2.348624347451349,1.0],[0.5041148841596441,5.041148841596441,1.0],[0.8039409645464441,8.039409645464442,1.0],[0.47932085049134165,4.793208504913417,1.0],[0.70795730946113,7.0795730946113,1.0],[0.007554994577610108,0.07554994577610108,1.0],[0.8007158968273879,8.00715896827388,1.0],[0.5714645581344422,5.714645581344422,1.0],[0.3553516990323421,3.5535169903234207,1.0],[0.4109500828077237,4.109500828077238,1.0],[0.8741229133056294,8.741229133056294,1.0],[0.9420210435021625,9.420210435021625,1.0],[0.30280487290994307,3.0280487290994307,1.0],[0.8284132151265241,8.284132151265242,1.0],[0.3304643624332526,3.304643624332526,1.0],[0.5345490821912385,5.345490821912385,1.0],[0.05846257531970078,0.5846257531970078,1.0],[0.3640608639017009,3.640608639017009,1.0],[0.4918937375846536,4.918937375846536,1.0],[0.05273726661906186,0.5273726661906186,1.0],[0.9082050684613338,9.082050684613337,1.0]]
0_BehnkeGeiger_46_workers.fjs;318.0135622239057;4969770;[35,49,80,91,126,49,71,82,94,113,69,86,96,116,134,0,23,33,51,77,32,44,70,82,102,0,16,41,62,87,37,65,81,99,116,0,16,35,47,58,71,85,99,116,127,23,37,49,76,92,0,11,38,53,75,16,32,50,64,83,62,75,87,98,123,11,35,45,59,69,16,30,39,53,63,30,46,70,80,91,46,68,77,95,106,44,54,65,81,104,54,69,81,91,111,68,82,103,116,128];[2,28,30,52,56,2,55,6,25,59,3,10,32,41,59,1,7,52,37,57,3,26,38,34,59,0,10,15,52,59,1,34,46,48,57,3,24,51,32,57,2,18,16,32,58,1,40,45,15,56,2,32,7,11,59,3,18,4,51,58,1,14,5,10,59,2,8,33,29,56,0,45,50,30,59,0,43,37,43,57,0,49,48,9,57,3,34,39,40,56,3,21,41,54,58,0,17,34,35,57];[27,33,66,13,63,60,60,77,8,88,3,35,68,25,64,27,13,77,84,0,63,20,74,53,41,44,20,57,47,17,88,70,50,20,65,58,64,13,43,14,80,25,35,73,37,3,53,31,89,6,20,5,89,1,79,32,69,87,51,58,37,62,3,56,22,0,26,37,64,11,75,29,16,35,69,46,3,66,48,12,46,43,9,73,65,82,59,36,4,79,39,19,38,47,83,58,22,44,20,73];[[0.4211249061401,4.211249061401,1.0],[0.9761073344853062,9.761073344853061,1.0],[0.6132800246752349,6.132800246752349,1.0],[0.6930423279788359,6.930423279788359,1.0],[0.5088628354481554,5.088628354481553,1.0],[0.18781156668551158,1.8781156668551158,1.0],[0.830121874145001,8.301218741450011,1.0],[0.8449241651217704,8.449241651217704,1.0],[0.20962821201639004,2.0962821201639006,1.0],[0.6505169872996391,6.505169872996391,1.0],[0.7003316191510263,7.003316191510263,1.0],[0.7150339547653067,7.150339547653068,1.0],[0.8091072451390076,8.091072451390076,1.0],[0.8451978833841938,8.451978833841938,1.0],[0.3695849781386673,3.695849781386673,1.0],[0.5056149902637381,5.056149902637381,1.0],[0.7206140757071586,7.206140757071586,1.0],[0.14319015826691817,1.4319015826691817,1.0],[0.026697115061789622,0.2669711506178962,1.0],[0.15341588178909327,1.5341588178909327,1.0],[0.8363432326370349,8.363432326370349,1.0],[0.3246336983988545,3.2463369839885448,1.0],[0.3029175030516511,3.029175030516511,1.0],[0.11785699745257816,1.1785699745257816,1.0],[0.12094663440427922,1.2094663440427922,1.0],[0.9680758098639723,9.680758098639723,1.0],[0.05051541232897139,0.5051541232897139,1.0],[0.9837100378798541,9.83710037879854,1.0],[0.5522705914806934,5.5227059148069335,1.0],[0.2474360532702261,2.474360532702261,1.0],[0.015934056387660878,0.15934056387660878,1.0],[0.8816507734170083,8.816507734170083,1.0],[0.38970094386643916,3.8970094386643916,1.0],[0.948399003178236,9.48399003178236,1.0],[0.05851121780149349,0.5851121780149349,1.0],[0.7974936305528121,7.974936305528121,1.0],[0.6609068549274018,6.609068549274017,1.0],[0.8088394062462949,8.08839406246295,1.0],[0.4910678923283146,4.910678923283146,1.0],[0.7183875619927151,7.183875619927152,1.0],[0.44010133419268005,4.4010133419268005,1.0],[0.23511737188381732,2.351173718838173,1.0],[0.13179454335673724,1.3179454335673724,1.0],[0.47235541919868507,4.7235541919868504,1.0],[0.736485892218076,7.36485892218076,1.0],[0.020512092588616526,0.20512092588616526,1.0],[0.15372078110124265,1.5372078110124265,1.0],[0.9186126274153484,9.186126274153484,1.0],[0.5327250835103642,5.327250835103642,1.0],[0.5544157030510064,5.544157030510064,1.0],[0.6069379100604821,6.069379100604822,1.0],[0.14801757270189186,1.4801757270189186,1.0],[0.4404344830924649,4.404344830924649,1.0],[0.38949638513061857,3.8949638513061857,1.0],[0.720992959617223,7.20992959617223,1.0],[0.48989961614799515,4.8989961614799515,1.0],[0.6559321524303485,6.559321524303485,1.0],[0.9188878069642079,9.18887806964208,1.0],[0.48657298069770416,4.865729806977042,1.0],[0.7972300829849082,7.972300829849082,1.0],[0.5639219663957465,5.639219663957466,1.0],[0.961016524120257,9.61016524120257,1.0],[0.47644799508871905,4.764479950887191,1.0],[0.24879011707166054,2.487901170716605,1.0],[0.9490182751915078,9.490182751915079,1.0],[0.7422259987799357,7.4222599877993565,1.0],[0.14336464132504567,1.4336464132504567,1.0],[0.3587815743778219,3.5878157437782185,1.0],[0.4933829199950983,4.933829199950983,1.0],[0.05388988630637248,0.5388988630637248,1.0],[0.218161652046843,2.18161652046843,1.0],[0.11036855637231835,1.1036855637231835,1.0],[0.11019665525187328,1.1019665525187328,1.0],[0.08321860713308704,0.8321860713308704,1.0],[0.8548431956714836,8.548431956714836,1.0],[0.8379786013676603,8.379786013676604,1.0],[0.49692456318177003,4.9692456318177,1.0],[0.3383418526610099,3.3834185266100993,1.0],[0.8847267085145368,8.847267085145369,1.0],[0.7727073339099483,7.727073339099483,1.0],[0.4378611007868425,4.378611007868425,1.0],[0.36357237359531624,3.6357237359531624,1.0],[0.9993128545514127,9.993128545514127,1.0],[0.011407353725907177,0.11407353725907177,1.0],[0.683883535316853,6.8388353531685295,1.0],[0.5777677015169478,5.777677015169478,1.0],[0.279572135569809,2.79572135569809,1.0],[0.5251374991808218,5.251374991808218,1.0],[0.19595099082337364,1.9595099082337364,1.0],[0.6934430548580864,6.934430548580864,1.0]]
0_BehnkeGeiger_46_workers.fjs;290.16622994809956;3384160;[0,13,24,34,44,48,58,69,79,90,22,35,45,61,82,55,73,85,94,108,16,28,38,49,76,58,73,88,101,122,0,18,29,48,63,0,15,26,35,49,18,31,44,65,76,28,39,61,76,98,49,64,75,86,111,0,16,36,50,65,39,48,59,73,100,13,22,31,42,58,41,55,69,87,123,31,45,66,84,98,45,62,75,105,122,28,41,50,61,70,35,49,73,85,107,15,28,45,75,89];[1,40,30,25,58,3,37,36,52,59,1,41,10,42,56,0,21,32,5,57,3,47,39,35,59,3,47,9,46,58,2,33,37,48,57,0,29,6,7,59,2,44,15,19,57,3,8,5,55,56,1,33,37,12,59,3,20,4,55,59,3,14,4,45,59,1,15,11,52,56,0,9,51,28,59,2,26,50,43,58,2,18,7,53,57,0,33,13,46,58,1,54,20,54,56,0,43,41,39,57];[26,25,33,81,55,82,68,85,25,73,24,12,12,11,61,32,52,88,80,17,16,65,29,0,27,81,83,87,67,49,69,43,58,73,64,71,27,49,9,29,36,88,26,48,49,63,75,74,0,60,78,69,54,19,82,86,59,39,18,88,16,46,8,32,8,34,44,27,79,77,6,37,41,47,31,1,23,65,4,15,38,87,22,85,88,56,49,74,49,44,24,67,75,10,65,29,70,83,69,41];[[0.4831103964860096,4.831103964860096,1.0],[0.9021829992468611,9.02182999246861,1.0],[0.5374571935128641,5.374571935128642,1.0],[0.8761340971511191,8.761340971511192,1.0],[0.573156942708234,5.7315694270823405,1.0],[0.994523847851402,9.945238478514021,1.0],[0.3574465703190305,3.574465703190305,1.0],[0.6617299629663892,6.617299629663892,1.0],[0.4882872262788658,4.882872262788657,1.0],[0.5726412824777106,5.726412824777106,1.0],[0.32388398325139345,3.2388398325139347,1.0],[0.8072354510963532,8.072354510963532,1.0],[0.8087324055796944,8.087324055796945,1.0],[0.660852452150834,6.60852452150834,1.0],[0.5802577271631468,5.802577271631469,1.0],[0.04408639890691246,0.4408639890691246,1.0],[0.7725635994624831,7.725635994624831,1.0],[0.340181488474281,3.4018148847428096,1.0],[0.09506024617702258,0.9506024617702258,1.0],[0.23214768683087816,2.321476868308782,1.0],[0.29508457816293987,2.9508457816293987,1.0],[0.12277001052286385,1.2277001052286385,1.0],[0.47347375902937305,4.73473759029373,1.0],[0.8739362489567938,8.739362489567938,1.0],[0.5942988909169951,5.942988909169951,1.0],[0.3932636751035087,3.932636751035087,1.0],[0.356262027818981,3.5626202781898098,1.0],[0.8443312190299666,8.443312190299665,1.0],[0.7137768111623821,7.137768111623821,1.0],[0.541649960332778,5.416499603327781,1.0],[0.26577494883360064,2.657749488336006,1.0],[0.9303686520183944,9.303686520183943,1.0],[0.6647036321879223,6.647036321879223,1.0],[0.8481261874486201,8.4812618744862,1.0],[0.2743023069142022,2.743023069142022,1.0],[0.5987856125347181,5.9878561253471805,1.0],[0.4569423976865593,4.569423976865593,1.0],[0.33213605365278576,3.3213605365278576,1.0],[0.81263475330977,8.1263475330977,1.0],[0.5964941538505839,5.964941538505839,1.0],[0.9947889064585738,9.947889064585738,1.0],[0.8287071581836081,8.28707158183608,1.0],[0.018381501525532307,0.18381501525532307,1.0],[0.6100637867915101,6.1006378679151005,1.0],[0.28754239195595754,2.8754239195595757,1.0],[0.7986732822669409,7.986732822669409,1.0],[0.8174504530922707,8.174504530922707,1.0],[0.18940839630142858,1.8940839630142858,1.0],[0.9250951518484526,9.250951518484525,1.0],[0.5373164168533412,5.373164168533412,1.0],[0.8365277849121914,8.365277849121913,1.0],[0.6316914250178033,6.316914250178033,1.0],[0.15184034432706983,1.5184034432706983,1.0],[0.5281662867111906,5.281662867111906,1.0],[0.4583451302924175,4.583451302924175,1.0],[0.04230631300605814,0.4230631300605814,1.0],[0.1258096578607567,1.258096578607567,1.0],[0.06582033812283716,0.6582033812283716,1.0],[0.897419605140406,8.97419605140406,1.0],[0.47272098686609687,4.727209868660969,1.0],[0.19003538760239747,1.9003538760239747,1.0],[0.34250509114102723,3.4250509114102723,1.0],[0.22496847931809727,2.2496847931809727,1.0],[0.293396880055004,2.9339688005500397,1.0],[0.3753743367942156,3.753743367942156,1.0],[0.4599736060992935,4.599736060992935,1.0],[0.47948809501936374,4.794880950193638,1.0],[0.958573092010442,9.585730920104421,1.0],[0.03253904300604349,0.3253904300604349,1.0],[0.4348005170756857,4.348005170756856,1.0],[0.24880188012436077,2.4880188012436077,1.0],[0.93408987269609,9.3408987269609,1.0],[0.35770560301992216,3.5770560301992216,1.0],[0.22393216152842832,2.2393216152842834,1.0],[0.8671870642757824,8.671870642757824,1.0],[0.20511903908208484,2.0511903908208486,1.0],[0.5992675664028208,5.992675664028208,1.0],[0.6786791129322917,6.786791129322917,1.0],[0.9375637812513765,9.375637812513766,1.0],[0.3890912025981019,3.8909120259810193,1.0],[0.6288767973577327,6.288767973577327,1.0],[0.36699471368723124,3.669947136872312,1.0],[0.04690020251623861,0.4690020251623861,1.0],[0.8490856184138454,8.490856184138455,1.0],[0.8901673736704244,8.901673736704245,1.0],[0.9161787126503858,9.161787126503857,1.0],[0.1131043999360144,1.131043999360144,1.0],[0.7774537080224232,7.774537080224232,1.0],[0.03095965729693917,0.3095965729693917,1.0],[0.03970963579151632,0.3970963579151632,1.0]]
0_BehnkeGeiger_46_workers.fjs;290.06290740458525;4198490;[65,79,92,104,122,47,69,81,92,107,13,33,51,61,87,12,30,39,51,70,0,12,24,37,54,24,35,49,59,75,33,42,54,72,99,20,40,50,66,79,40,57,68,83,100,70,85,95,110,125,0,11,29,41,59,35,47,68,85,114,57,70,85,95,110,39,51,61,72,84,42,56,66,82,91,11,24,36,50,73,0,20,30,41,56,30,39,50,67,90,51,65,76,91,112,0,13,24,36,56];[3,10,23,42,59,2,37,45,38,56,0,31,35,40,59,3,7,35,6,57,3,54,38,34,57,2,14,22,53,56,0,33,19,7,59,1,37,26,32,58,1,45,27,4,57,1,8,31,14,56,2,19,6,29,58,2,18,5,22,58,1,14,5,28,59,3,15,9,29,57,0,10,51,55,56,2,41,46,37,59,1,49,24,41,56,3,8,39,47,58,3,48,16,55,57,0,43,16,54,59];[76,63,16,27,16,64,28,69,45,17,8,51,47,8,54,14,57,8,89,33,67,10,40,27,19,81,44,73,77,12,6,84,84,44,15,55,38,40,52,31,5,38,26,65,36,10,57,2,1,6,84,68,74,25,16,7,13,15,20,36,21,72,39,84,70,71,4,47,82,36,59,59,55,49,25,20,43,48,69,79,78,39,70,63,87,80,23,20,48,87,70,85,78,48,75,15,84,20,26,71];[[0.34661995661142697,3.4661995661142697,1.0],[0.2286410960833074,2.286410960833074,1.0],[0.012392470279078194,0.12392470279078194,1.0],[0.9308270259025113,9.308270259025113,1.0],[0.3225145761620236,3.225145761620236,1.0],[0.0006954578022455582,0.006954578022455582,1.0],[0.2097170717940725,2.097170717940725,1.0],[0.5179602272351016,5.179602272351016,1.0],[0.7628222106217201,7.6282221062172,1.0],[0.3089717897377221,3.089717897377221,1.0],[0.15113122452813788,1.5113122452813788,1.0],[0.07045772229012492,0.7045772229012492,1.0],[0.8725064026541692,8.725064026541693,1.0],[0.3074981421409557,3.074981421409557,1.0],[0.272859759997538,2.7285975999753798,1.0],[0.9838464878398866,9.838464878398867,1.0],[0.7385079487399623,7.385079487399623,1.0],[0.7690782380223464,7.690782380223464,1.0],[0.7347776517949599,7.347776517949599,1.0],[0.040110031230356946,0.40110031230356946,1.0],[0.7832762173461114,7.832762173461115,1.0],[0.9889075602289727,9.889075602289727,1.0],[0.9868030389001332,9.868030389001332,1.0],[0.09156288276254032,0.9156288276254032,1.0],[0.6169801532161481,6.169801532161481,1.0],[0.9026788995265191,9.026788995265191,1.0],[0.7985407520091817,7.985407520091817,1.0],[0.3776281884996082,3.776281884996082,1.0],[0.3548331359348883,3.548331359348883,1.0],[0.4034509368723006,4.034509368723006,1.0],[0.5249010978369003,5.249010978369003,1.0],[0.41070078970850576,4.107007897085058,1.0],[0.63967628453626,6.3967628453626,1.0],[0.644865700493546,6.44865700493546,1.0],[0.7187044523063962,7.187044523063962,1.0],[0.4606778023011676,4.606778023011676,1.0],[0.947243245359423,9.47243245359423,1.0],[0.5480976670697533,5.480976670697533,1.0],[0.5212437467785531,5.212437467785531,1.0],[0.9974770776792315,9.974770776792315,1.0],[0.8347236528324226,8.347236528324226,1.0],[0.5920335208252621,5.92033520825262,1.0],[0.5281200476143402,5.281200476143402,1.0],[0.9947145418085902,9.947145418085903,1.0],[0.3807311818221505,3.807311818221505,1.0],[0.16524593628445206,1.6524593628445206,1.0],[0.360275223783056,3.60275223783056,1.0],[0.08085968119624642,0.8085968119624642,1.0],[0.8395205202311514,8.395205202311514,1.0],[0.9614069909390023,9.614069909390023,1.0],[0.08576140927512577,0.8576140927512577,1.0],[0.06230204186426158,0.6230204186426158,1.0],[0.48309802210777264,4.830980221077726,1.0],[0.7527011136301647,7.527011136301647,1.0],[0.5653273490612396,5.653273490612396,1.0],[0.14308306009955207,1.4308306009955207,1.0],[0.9027442860174946,9.027442860174945,1.0],[0.39175874054121795,3.9175874054121795,1.0],[0.04470890378303016,0.4470890378303016,1.0],[0.4575329191628308,4.575329191628308,1.0],[0.44418114285306354,4.441811428530635,1.0],[0.0791756906829707,0.791756906829707,1.0],[0.37770490385691646,3.7770490385691646,1.0],[0.24872151644563356,2.4872151644563356,1.0],[0.31414454419740034,3.141445441974003,1.0],[0.40750067283296354,4.075006728329635,1.0],[0.17219359428721337,1.7219359428721337,1.0],[0.3882072229758389,3.8820722297583887,1.0],[0.7592365563423323,7.592365563423323,1.0],[0.222327149798478,2.22327149798478,1.0],[0.563344095817858,5.63344095817858,1.0],[0.06385831253616747,0.6385831253616747,1.0],[0.4915379293409209,4.915379293409209,1.0],[0.6493348169788958,6.493348169788958,1.0],[0.35923654185193077,3.5923654185193077,1.0],[0.011177057117131461,0.11177057117131461,1.0],[0.2733467293051436,2.7334672930514357,1.0],[0.5355549647286275,5.355549647286275,1.0],[0.6301964483914466,6.301964483914466,1.0],[0.13021308409642796,1.3021308409642796,1.0],[0.25996455672831287,2.5996455672831287,1.0],[0.08504584081016042,0.8504584081016042,1.0],[0.7433003345161341,7.433003345161341,1.0],[0.18226229691513296,1.8226229691513296,1.0],[0.9489642736607146,9.489642736607145,1.0],[0.8673076709060825,8.673076709060826,1.0],[0.2783750143398719,2.783750143398719,1.0],[0.779542699505796,7.79542699505796,1.0],[0.05243151622562159,0.5243151622562159,1.0],[0.5237802038743088,5.237802038743088,1.0]]
0_BehnkeGeiger_46_workers.fjs;298.5432862993408;4694520;[0,13,24,38,53,13,35,47,56,69,42,58,68,79,89,62,78,92,103,114,42,63,83,93,114,63,87,103,112,127,13,22,44,54,70,25,42,55,69,88,22,48,58,84,98,0,11,24,34,55,51,62,73,84,104,58,75,94,110,125,75,84,98,108,117,64,80,90,109,121,35,51,61,75,84,48,64,79,89,106,21,42,54,68,100,0,21,31,53,64,11,25,37,46,78,0,13,28,41,59];[2,27,40,42,59,2,37,39,16,56,3,40,24,42,56,2,25,39,9,56,1,20,20,32,59,1,47,21,9,56,0,35,4,49,59,3,51,4,47,58,0,19,44,48,59,3,5,27,53,56,2,33,14,51,56,3,17,4,55,59,3,13,5,35,58,0,8,31,7,57,2,10,50,30,59,0,43,6,34,57,1,18,37,9,58,1,8,39,42,58,3,11,41,52,57,0,30,34,38,57];[23,82,74,38,16,30,71,10,25,29,65,18,67,31,79,77,39,82,54,79,29,82,14,83,22,12,19,26,14,38,24,62,76,55,54,80,52,72,87,61,25,23,71,55,16,8,44,11,43,79,20,5,86,0,27,75,45,38,40,18,16,40,67,39,34,59,38,24,77,36,14,88,40,46,62,46,37,50,31,2,8,56,50,9,20,39,57,3,53,36,13,61,13,80,75,14,15,44,40,42];[[0.8559393885152179,8.55939388515218,1.0],[0.8004839408308784,8.004839408308783,1.0],[0.5938433496209707,5.938433496209708,1.0],[0.8870093324131678,8.870093324131679,1.0],[0.741558169706834,7.4155816970683395,1.0],[0.8097670389513107,8.097670389513107,1.0],[0.2247324103169328,2.247324103169328,1.0],[0.9761818800633866,9.761818800633865,1.0],[0.6339038774096737,6.339038774096737,1.0],[0.5580285642552777,5.580285642552777,1.0],[0.4463526500656817,4.463526500656817,1.0],[0.28336462923826333,2.8336462923826335,1.0],[0.9019880415639555,9.019880415639555,1.0],[0.03268507148422006,0.32685071484220063,1.0],[0.4362825217209084,4.3628252172090844,1.0],[0.18851543397694082,1.8851543397694082,1.0],[0.9250090249429151,9.250090249429151,1.0],[0.9012349700248556,9.012349700248556,1.0],[0.12108560404704316,1.2108560404704316,1.0],[0.9174015512221217,9.174015512221217,1.0],[0.6336036775858569,6.3360367758585685,1.0],[0.8916415369189501,8.916415369189501,1.0],[0.9427537000908234,9.427537000908234,1.0],[0.6474269734768437,6.474269734768438,1.0],[0.2944017446773023,2.9440174467730227,1.0],[0.22784863884628848,2.278486388462885,1.0],[0.026726933813205345,0.26726933813205345,1.0],[0.5708724060922277,5.708724060922277,1.0],[0.09143396648058832,0.9143396648058832,1.0],[0.9728808105837072,9.728808105837071,1.0],[0.04913857274611522,0.49138572746115217,1.0],[0.8163054842016593,8.163054842016592,1.0],[0.12136143786009423,1.2136143786009423,1.0],[0.39347747924753973,3.9347747924753973,1.0],[0.7612563626694716,7.612563626694716,1.0],[0.2669682491794272,2.669682491794272,1.0],[0.032329137447332346,0.32329137447332346,1.0],[0.27066047462765497,2.7066047462765495,1.0],[0.8705591702034446,8.705591702034447,1.0],[0.8809847340925547,8.809847340925547,1.0],[0.18409719287978143,1.8409719287978143,1.0],[0.20156279965759893,2.015627996575989,1.0],[0.5164915614426145,5.164915614426145,1.0],[0.4956047792365974,4.956047792365974,1.0],[0.6077297164851029,6.0772971648510286,1.0],[0.9001180841411072,9.001180841411072,1.0],[0.78410741646787,7.8410741646787,1.0],[0.4806185677402214,4.806185677402214,1.0],[0.1147765683905323,1.147765683905323,1.0],[0.07024459811816619,0.7024459811816619,1.0],[0.3187451092517546,3.187451092517546,1.0],[0.0073062864940089955,0.07306286494008996,1.0],[0.5205444033755386,5.205444033755386,1.0],[0.6250968201912236,6.250968201912236,1.0],[0.25055568445480136,2.5055568445480136,1.0],[0.615922435604406,6.15922435604406,1.0],[0.3870907125242423,3.8709071252424234,1.0],[0.21814785067570475,2.1814785067570472,1.0],[0.8734963280117019,8.734963280117018,1.0],[0.28722080489037183,2.872208048903718,1.0],[0.09639359128751424,0.9639359128751424,1.0],[0.7548858731919171,7.548858731919172,1.0],[0.6851727386050028,6.851727386050028,1.0],[0.051174076075845676,0.5117407607584568,1.0],[0.17887018113864828,1.7887018113864828,1.0],[0.609251556117635,6.09251556117635,1.0],[0.24984154075152953,2.4984154075152953,1.0],[0.368174715277632,3.68174715277632,1.0],[0.05876744192941186,0.5876744192941186,1.0],[0.12260955919754979,1.226095591975498,1.0],[0.45916262109070083,4.591626210907008,1.0],[0.4009271808935736,4.009271808935736,1.0],[0.46504811859381157,4.650481185938116,1.0],[0.21320952910254887,2.1320952910254887,1.0],[0.6247271975216867,6.247271975216867,1.0],[0.28525256320918047,2.8525256320918047,1.0],[0.6348406939976744,6.348406939976744,1.0],[0.8319882392437383,8.319882392437384,1.0],[0.8395421352998061,8.395421352998062,1.0],[0.019614941273996434,0.19614941273996434,1.0],[0.5413984842077535,5.413984842077535,1.0],[0.2718798292635384,2.718798292635384,1.0],[0.4481717263007644,4.481717263007644,1.0],[0.26376858333274344,2.6376858333274344,1.0],[0.3349547069458171,3.349547069458171,1.0],[0.5175169666891029,5.175169666891028,1.0],[0.6865980117314152,6.865980117314152,1.0],[0.12545365307174206,1.2545365307174206,1.0],[0.02272642984071671,0.2272642984071671,1.0],[0.7308912721040333,7.308912721040333,1.0]]
0_BehnkeGeiger_46_workers.fjs;283.81777561861384;4891000;[23,43,55,65,75,14,24,38,47,57,35,48,60,71,84,43,61,75,98,118,0,21,44,58,104,61,80,89,99,121,14,23,33,44,61,0,21,33,53,64,21,34,57,73,99,21,35,56,86,109,34,45,56,73,98,33,49,58,71,81,57,70,82,92,112,48,57,69,79,89,45,61,72,88,100,61,75,91,101,116,49,74,87,99,122,24,33,42,59,76,0,14,26,40,60,0,14,23,35,44];[0,10,21,25,59,3,38,39,23,56,1,40,24,42,57,0,4,12,5,56,1,29,38,33,57,0,53,22,46,58,0,33,47,49,59,2,51,28,5,58,2,19,23,19,58,1,45,36,27,56,2,33,9,28,56,3,44,6,21,58,1,14,5,19,59,1,32,11,29,59,2,13,51,55,59,2,43,4,24,57,3,49,38,41,59,3,33,37,46,56,3,43,43,54,57,0,41,15,53,59];[66,53,26,22,16,27,79,63,18,89,21,38,25,11,62,61,16,73,18,55,29,28,4,39,44,40,1,16,67,76,24,63,31,42,73,35,72,6,74,61,77,33,55,30,14,13,11,52,69,7,73,35,36,55,46,32,67,17,74,24,8,62,17,7,37,34,31,14,53,33,15,43,2,0,20,23,78,60,77,6,80,79,55,68,33,62,1,13,75,6,12,82,19,77,81,48,58,86,8,71];[[0.5198238265685563,5.198238265685563,1.0],[0.9583988744400509,9.583988744400509,1.0],[0.3402956357666065,3.402956357666065,1.0],[0.7081849781179302,7.081849781179303,1.0],[0.9252189405445452,9.252189405445453,1.0],[0.05032666735654623,0.5032666735654623,1.0],[0.6613275461751585,6.613275461751585,1.0],[0.82711411373077,8.271141137307701,1.0],[0.8734961127808921,8.734961127808921,1.0],[0.5913019030238962,5.913019030238962,1.0],[0.11264722490163037,1.1264722490163037,1.0],[0.34477784983246407,3.4477784983246407,1.0],[0.011377599382669468,0.11377599382669468,1.0],[0.7909742881977946,7.909742881977946,1.0],[0.3277964015146908,3.277964015146908,1.0],[0.22222795698924247,2.2222795698924247,1.0],[0.14676573527209236,1.4676573527209236,1.0],[0.040648812187981,0.40648812187981,1.0],[0.14328037004549943,1.4328037004549943,1.0],[0.10349201402412567,1.0349201402412567,1.0],[0.2300149081299988,2.3001490812999883,1.0],[0.34985110243749995,3.4985110243749995,1.0],[0.866750807284636,8.66750807284636,1.0],[0.14758827376144812,1.4758827376144812,1.0],[0.22391440251713068,2.239144025171307,1.0],[0.24865543755958186,2.4865543755958184,1.0],[0.2300130943157953,2.300130943157953,1.0],[0.8293061040602848,8.293061040602849,1.0],[0.43895527513494326,4.389552751349433,1.0],[0.44969387575897835,4.496938757589783,1.0],[0.3412024287409555,3.4120242874095554,1.0],[0.9004679331719968,9.004679331719968,1.0],[0.43962892413733223,4.3962892413733226,1.0],[0.45751138605113895,4.575113860511389,1.0],[0.5639201948280074,5.639201948280074,1.0],[0.6726986423945157,6.726986423945157,1.0],[0.6597005192680269,6.597005192680268,1.0],[0.9102187034878934,9.102187034878934,1.0],[0.5766896035151798,5.766896035151799,1.0],[0.4155337643506154,4.155337643506154,1.0],[0.35757675057500693,3.5757675057500693,1.0],[0.5416053049315015,5.416053049315015,1.0],[0.24141379817839304,2.4141379817839304,1.0],[0.14373377933442777,1.4373377933442777,1.0],[0.05947898491433379,0.5947898491433379,1.0],[0.49975509403239127,4.9975509403239124,1.0],[0.3186129737753496,3.186129737753496,1.0],[0.7700173830289908,7.700173830289908,1.0],[0.48539290197593976,4.853929019759398,1.0],[0.4627755002794737,4.6277550027947365,1.0],[0.5376316431809531,5.376316431809531,1.0],[0.9085166904492054,9.085166904492054,1.0],[0.8894638917603915,8.894638917603915,1.0],[0.7295709856829492,7.295709856829492,1.0],[0.10156484356406248,1.0156484356406248,1.0],[0.7756986430311787,7.7569864303117875,1.0],[0.2646734419538803,2.646734419538803,1.0],[0.08522369075097047,0.8522369075097047,1.0],[0.05298946435344931,0.5298946435344931,1.0],[0.15739225219713138,1.5739225219713138,1.0],[0.4318886991151929,4.318886991151929,1.0],[0.633165302477868,6.33165302477868,1.0],[0.24439281766986376,2.4439281766986376,1.0],[0.8989634350161788,8.989634350161788,1.0],[0.5191347024590356,5.191347024590356,1.0],[0.6810385741390934,6.8103857413909346,1.0],[0.16547355180616963,1.6547355180616963,1.0],[0.7628548802754104,7.6285488027541035,1.0],[0.3141854421416449,3.1418544214164488,1.0],[0.41192209034050886,4.119220903405089,1.0],[0.02240642416721894,0.2240642416721894,1.0],[0.6263477255847869,6.263477255847869,1.0],[0.6946401733451906,6.946401733451905,1.0],[0.5537872676983423,5.537872676983423,1.0],[0.14353633683289113,1.4353633683289113,1.0],[0.3828088769666892,3.828088769666892,1.0],[0.20550831512341627,2.0550831512341627,1.0],[0.8424160101430348,8.424160101430347,1.0],[0.33056458054195836,3.3056458054195836,1.0],[0.9503462496022802,9.503462496022802,1.0],[0.733658429518869,7.33658429518869,1.0],[0.7327837389781332,7.327837389781332,1.0],[0.5833156544997408,5.833156544997408,1.0],[0.2636719126307169,2.6367191263071685,1.0],[0.7038517121832796,7.038517121832796,1.0],[0.9859996488049411,9.859996488049411,1.0],[0.3427619282161496,3.427619282161496,1.0],[0.731149933057056,7.31149933057056,1.0],[0.24180730800578631,2.418073080057863,1.0],[0.8057399760917423,8.057399760917423,1.0]]
0_BehnkeGeiger_46_workers.fjs;292.362893857644;4960320;[21,34,57,67,80,9,19,34,46,71,19,35,45,69,86,29,48,58,75,95,35,49,65,75,90,50,62,77,91,105,62,71,83,93,110,0,21,33,53,78,15,34,48,60,70,61,74,86,101,122,0,15,33,48,60,62,74,93,107,125,48,86,97,108,118,49,61,81,91,101,48,62,71,86,113,0,16,28,43,57,34,50,67,94,120,0,9,20,31,56,34,48,57,78,104,16,29,38,50,59];[2,54,39,24,58,3,50,55,37,59,3,31,21,41,59,0,23,38,6,57,3,46,20,34,56,2,48,9,9,56,0,33,47,49,57,2,30,30,15,57,1,18,32,32,56,3,13,31,27,57,1,19,47,47,56,2,21,4,12,59,1,14,5,19,56,3,11,44,29,59,0,10,49,52,59,0,41,45,15,59,2,45,7,10,58,3,35,13,4,58,1,27,22,53,58,0,41,42,53,57];[23,35,89,73,89,50,36,85,37,68,74,84,40,62,4,29,53,6,54,74,70,10,32,42,88,67,27,18,84,9,66,16,39,1,43,35,44,8,3,24,69,39,71,51,28,39,25,22,46,41,78,19,34,43,12,46,51,21,12,23,17,49,37,28,65,33,85,82,53,59,66,77,49,83,72,46,61,83,65,35,52,4,59,57,33,12,41,25,51,87,12,21,44,81,30,21,27,46,8,21];[[0.18019241848515155,1.8019241848515155,1.0],[0.48736227300275514,4.873622730027551,1.0],[0.07759170039841756,0.7759170039841756,1.0],[0.5225667244081349,5.2256672440813485,1.0],[0.9196433340252647,9.196433340252646,1.0],[0.8762509611803474,8.762509611803473,1.0],[0.5029695910906639,5.029695910906638,1.0],[0.8160267976375112,8.160267976375112,1.0],[0.8059112000327816,8.059112000327817,1.0],[0.2140591090540045,2.140591090540045,1.0],[0.08805821114486456,0.8805821114486456,1.0],[0.20329737064426556,2.0329737064426556,1.0],[0.5837360924329463,5.837360924329463,1.0],[0.6737333796339059,6.737333796339059,1.0],[0.1608013027204077,1.6080130272040771,1.0],[0.7465026683932527,7.465026683932527,1.0],[0.5706715087422025,5.706715087422025,1.0],[0.4637998194614905,4.637998194614905,1.0],[0.510707169665419,5.10707169665419,1.0],[0.13436739791107,1.3436739791107,1.0],[0.5955836724768061,5.955836724768061,1.0],[0.9705970110642231,9.705970110642232,1.0],[0.1380260373669585,1.380260373669585,1.0],[0.6915046322372392,6.915046322372392,1.0],[0.4571104412123077,4.571104412123077,1.0],[0.7770933375992647,7.770933375992647,1.0],[0.4288907275773849,4.288907275773849,1.0],[0.7873492179192781,7.873492179192781,1.0],[0.45358103110054593,4.535810311005459,1.0],[0.29994077462327984,2.9994077462327984,1.0],[0.26785911780148886,2.6785911780148886,1.0],[0.41380996534982095,4.13809965349821,1.0],[0.8955750490686861,8.955750490686862,1.0],[0.33899298335361505,3.3899298335361507,1.0],[0.4439220021216055,4.439220021216055,1.0],[0.2663146653444304,2.663146653444304,1.0],[0.1912128081922898,1.912128081922898,1.0],[0.8422148536074314,8.422148536074314,1.0],[0.12934381348500923,1.2934381348500923,1.0],[0.5457493539256076,5.457493539256077,1.0],[0.6889713324133125,6.889713324133125,1.0],[0.3133089603750071,3.1330896037500713,1.0],[0.781346930988076,7.81346930988076,1.0],[0.7476684671478541,7.476684671478541,1.0],[0.694338776663945,6.943387766639449,1.0],[0.010283626574111193,0.10283626574111193,1.0],[0.7581500624990217,7.581500624990217,1.0],[0.8365660626079888,8.365660626079888,1.0],[0.8965297598339126,8.965297598339125,1.0],[0.42501586527499824,4.250158652749983,1.0],[0.29726573226441977,2.9726573226441975,1.0],[0.1892293583037329,1.8922935830373289,1.0],[0.7243244498868214,7.243244498868214,1.0],[0.8519753238078789,8.519753238078788,1.0],[0.10178542532455293,1.0178542532455293,1.0],[0.5249813114594203,5.249813114594203,1.0],[0.36905004287313525,3.6905004287313528,1.0],[0.14252011028375144,1.4252011028375144,1.0],[0.9116619067804255,9.116619067804255,1.0],[0.54316015559511,5.4316015559511,1.0],[0.4203904144024305,4.203904144024305,1.0],[0.8163513162724128,8.163513162724128,1.0],[0.8589171046239985,8.589171046239985,1.0],[0.7596233819507995,7.596233819507995,1.0],[0.8852403456386315,8.852403456386316,1.0],[0.14006433750837965,1.4006433750837965,1.0],[0.7153091891141413,7.153091891141413,1.0],[0.4033601431159366,4.033601431159366,1.0],[0.3246442732123802,3.246442732123802,1.0],[0.610505749299754,6.10505749299754,1.0],[0.9436716318473461,9.436716318473461,1.0],[0.22542293193962482,2.254229319396248,1.0],[0.22792853612720076,2.2792853612720076,1.0],[0.3202161638777423,3.202161638777423,1.0],[0.9471716155913338,9.471716155913338,1.0],[0.06517330654168263,0.6517330654168263,1.0],[0.5318417096543258,5.318417096543257,1.0],[0.060458432800693074,0.6045843280069307,1.0],[0.0568250937122835,0.568250937122835,1.0],[0.05525076001007523,0.5525076001007523,1.0],[0.08040862393544657,0.8040862393544657,1.0],[0.45414991337399147,4.541499133739915,1.0],[0.5398206863735848,5.398206863735848,1.0],[0.9620202223629081,9.62020222362908,1.0],[0.4443670125830569,4.443670125830569,1.0],[0.4943162252029675,4.9431622520296745,1.0],[0.301158822820192,3.01158822820192,1.0],[0.03764467466094412,0.3764467466094412,1.0],[0.32502817216022195,3.2502817216022195,1.0],[0.6923405421469611,6.92340542146961,1.0]]
0_BehnkeGeiger_60_workers.fjs;1656.4409943344542;119580;[138,161,177,533,672,283,341,455,536,614,336,418,559,572,599,364,391,405,446,492,59,86,375,476,695,385,403,487,497,694,189,214,410,434,536,408,450,471,487,564,126,138,295,312,475,102,116,226,327,342,394,429,439,454,681,302,341,453,476,526,61,82,102,234,261,287,307,442,513,694,19,167,417,435,506,96,157,401,431,668,46,257,455,558,574,440,457,467,492,550,0,9,30,425,439,163,199,217,319,417,206,227,487,510,724,230,300,492,538,620,227,305,322,350,365,42,54,79,106,136,188,199,218,234,293,321,336,367,485,512,292,321,341,371,399,185,200,445,501,529,54,250,391,512,736,442,456,470,568,680,445,468,487,514,704,327,347,427,464,632,235,249,287,300,514,433,442,457,485,511,36,62,511,538,763,86,96,211,240,285,0,19,46,64,330,0,276,299,554,740,30,330,356,398,452,439,454,559,591,713,403,423,457,485,657,391,408,496,591,741,339,358,371,512,627,213,230,447,520,716,273,296,459,589,763,358,395,425,491,706,150,162,186,462,663,125,149,185,216,502,307,320,347,532,660,375,394,405,427,531,401,413,429,455,491,249,382,476,505,539,429,477,533,550,641,347,375,536,554,583,263,287,457,477,570,335,355,388,458,472,162,292,319,405,463,236,263,295,316,406,346,501,519,536,593,62,91,341,370,391,454,465,476,531,566,363,381,431,512,579,320,335,446,470,524,91,223,542,563,623,408,429,458,475,491,245,326,340,511,680,82,100,115,292,355,137,163,211,226,277,200,219,241,269,442,355,364,387,429,442,137,358,377,546,711,149,174,199,218,310,273,292,305,426,452,199,213,223,305,393,16,45,247,305,330,296,482,496,553,592,128,137,195,600,750,192,218,311,491,759,218,235,427,473,600,13,36,49,228,256,465,511,538,553,651,429,485,509,523,765,45,367,509,533,551,423,440,492,512,644,267,283,401,439,468,317,339,365,550,726,100,125,194,208,372,381,401,417,431,453,113,126,147,370,429,413,462,477,490,556,249,267,290,458,545,78,90,358,371,752,219,236,273,417,500,174,208,221,512,603,116,180,193,211,419,161,290,320,399,418,117,128,161,184,199,90,382,417,582,616,9,49,225,441,648,0,316,336,429,441];[2,54,17,14,57,1,20,24,8,57,3,30,30,11,56,0,40,9,12,56,1,13,55,25,56,1,37,53,54,59,2,7,50,51,58,2,30,53,42,58,1,5,49,16,57,2,34,52,24,57,2,55,26,47,59,1,8,19,43,58,3,42,45,31,59,0,30,5,54,57,1,30,29,40,57,1,25,54,8,59,1,48,5,13,58,1,46,7,31,56,2,23,29,22,56,1,7,21,18,57,2,9,46,52,58,3,9,55,7,58,2,32,26,53,56,2,37,51,43,58,3,27,31,34,59,3,14,51,7,59,3,39,54,31,58,0,5,52,34,56,2,35,45,42,57,2,54,45,20,56,3,46,6,4,58,2,21,44,52,58,1,25,45,17,58,2,55,36,34,56,0,50,44,15,59,1,5,51,30,57,1,43,33,24,59,3,6,12,39,58,2,51,6,15,59,0,21,15,25,56,1,19,16,36,59,0,34,28,14,59,1,4,14,9,57,3,6,9,55,59,2,13,44,20,57,1,22,49,45,59,0,18,21,8,58,3,30,8,17,56,0,20,28,33,56,2,52,44,43,57,3,55,24,14,57,2,22,19,50,56,0,37,54,23,59,2,33,39,27,56,0,25,37,31,59,0,22,51,9,58,0,18,36,52,59,0,49,41,44,57,3,43,39,30,59,0,8,39,50,56,0,25,32,46,56,3,28,37,33,57,0,11,44,9,59,0,16,13,14,56,0,28,23,41,59,3,13,55,36,58,3,52,39,54,59,1,44,52,46,58,0,54,50,53,59,0,43,14,39,58,0,20,15,30,57,3,24,51,27,59,3,32,52,52,57,3,16,29,27,57,3,27,6,51,58,2,28,33,50,57,0,16,17,20,56,1,28,25,50,58,1,48,9,55,58,0,13,42,51,57,0,7,50,43,58,3,16,12,13,56,3,11,16,22,59,1,27,9,46,56,1,18,39,50,56,1,40,47,54,56,3,4,24,48,57,3,29,23,5,56,1,23,11,39,58,3,13,20,44,57,1,26,27,28,57,2,7,11,4,57,0,10,9,47,58,3,33,30,14,59,2,44,29,38,56,2,26,12,12,59,0,32,7,7,56,2,50,15,27,59,2,17,5,34,57,0,41,53,34,57];[2,48,0,30,77,7,6,1,51,42,5,67,6,8,76,35,25,20,54,14,23,85,73,27,35,60,23,16,16,54,50,85,17,14,45,82,73,48,81,14,80,57,16,44,60,2,64,65,3,27,48,32,21,11,19,26,84,79,68,78,5,7,60,71,48,80,68,64,80,76,48,1,3,2,27,73,87,37,23,79,57,23,89,54,89,24,58,8,0,7,33,55,63,22,49,54,5,61,23,1,70,62,24,10,45,75,37,79,86,72,84,5,87,42,69,7,4,49,53,84,77,8,55,57,59,56,26,6,3,84,38,84,78,67,88,24,42,68,4,36,68,57,69,55,3,77,45,19,51,7,13,58,53,28,25,80,67,54,72,27,54,83,88,50,29,66,5,22,8,3,58,13,49,71,15,87,51,57,51,74,19,64,9,29,72,78,31,61,89,38,33,13,12,11,59,74,65,66,30,28,78,26,24,22,3,64,87,38,61,80,81,76,26,67,70,80,32,48,17,18,41,65,56,42,84,8,58,72,9,16,44,16,32,67,55,11,89,87,66,62,51,10,80,54,49,51,13,44,58,47,59,0,76,21,59,78,18,66,87,9,46,80,58,1,41,73,19,22,38,16,88,40,75,33,60,48,45,42,80,46,4,67,9,76,50,3,64,69,15,9,33,63,51,79,36,57,70,55,54,33,82,42,51,46,84,31,28,56,18,81,30,2,47,37,88,32,18,48,29,44,62,10,60,35,36,66,71,51,56,88,14,88,0,62,74,39,61,86,49,83,67,19,2,13,89,32,89,9,62,36,8,53,87,2,66,26,72,86,11,79,37,58,70,83,7,14,76,10,2,19,57,2,86,58,43,3,42,33,44,14,66,83,55,74,40,40,37,61,50,8,89,1,86,21,25,49,84,66,47,49,18,44,66,67,31,88,74,37,7,35,59,14,47,80,25,80,20,5,12,30,40,62,53,32,0,19,22,11,80,88,39,17,53,71,2,37,27,29,16,46,41,54,1,75,48,69,23,75,31,81,27,38,44,43,24,26,10,6,30,3,7,35,66,11,11,40,53,28,81,3,57,26,54,43,33,81,27,25,67,64,20,87,2,86,38,34,74,18,78,84,52,84,56,55,84,74,0,66,45,40];[[0.7773566427005639,7.7735664270056395,1.0],[0.6698255595592497,6.698255595592498,1.0],[0.09913960392481702,0.9913960392481702,1.0],[0.35297051119014544,3.529705111901454,1.0],[0.4679077429008419,4.679077429008419,1.0],[0.5346837414708775,5.346837414708775,1.0],[0.9783090609123973,9.783090609123974,1.0],[0.13031535015865903,1.3031535015865903,1.0],[0.6712434682302663,6.712434682302662,1.0],[0.36422941594737557,3.6422941594737557,1.0],[0.48883570716198577,4.888357071619858,1.0],[0.20301221073405373,2.0301221073405373,1.0],[0.6661983755713592,6.661983755713592,1.0],[0.2276630312069321,2.276630312069321,1.0],[0.4580640582967631,4.580640582967631,1.0],[0.040722397554957435,0.40722397554957435,1.0],[0.9742897953778286,9.742897953778286,1.0],[0.4874760742689066,4.874760742689066,1.0],[0.4616138636373597,4.616138636373597,1.0],[0.7141471558082002,7.141471558082002,1.0],[0.4157281494999725,4.157281494999725,1.0],[0.888011688001529,8.88011688001529,1.0],[0.023293448723771704,0.23293448723771704,1.0],[0.8335062677845465,8.335062677845466,1.0],[0.4684947409975081,4.684947409975081,1.0],[0.8114798126442795,8.114798126442794,1.0],[0.9455914886158723,9.455914886158723,1.0],[0.9830883781948988,9.830883781948987,1.0],[0.1761820755785306,1.761820755785306,1.0],[0.698655759576308,6.98655759576308,1.0],[0.10885571131238292,1.0885571131238292,1.0],[0.16026373420620188,1.6026373420620188,1.0],[0.09286027402458918,0.9286027402458918,1.0],[0.3140620798928404,3.140620798928404,1.0],[0.01653868433866723,0.1653868433866723,1.0],[0.8540491257363622,8.540491257363621,1.0],[0.2910160386456968,2.910160386456968,1.0],[0.7800475863350328,7.800475863350328,1.0],[0.5480965161255696,5.480965161255696,1.0],[0.19433067669976123,1.9433067669976123,1.0],[0.2920382721805297,2.920382721805297,1.0],[0.3194527773994337,3.194527773994337,1.0],[0.6585982235379076,6.585982235379077,1.0],[0.23152103541222924,2.3152103541222924,1.0],[0.6194303369953537,6.194303369953537,1.0],[0.8953386098022104,8.953386098022104,1.0],[0.8694342085696831,8.694342085696832,1.0],[0.2938069356684523,2.938069356684523,1.0],[0.45820480858054946,4.582048085805495,1.0],[0.4849797978711191,4.849797978711191,1.0],[0.2803882693587225,2.803882693587225,1.0],[0.32895694635060024,3.2895694635060027,1.0],[0.9842424240265042,9.842424240265043,1.0],[0.011944137920874343,0.11944137920874343,1.0],[0.14290076829328524,1.4290076829328524,1.0],[0.6519772165446712,6.519772165446712,1.0],[0.07499317994693244,0.7499317994693244,1.0],[0.29207870228110877,2.920787022811088,1.0],[0.7934429721917705,7.934429721917705,1.0],[0.9115931008709737,9.115931008709737,1.0],[0.3703917795895437,3.7039177958954372,1.0],[0.20528221118666345,2.0528221118666345,1.0],[0.880081326784678,8.80081326784678,1.0],[0.6325664501560831,6.325664501560832,1.0],[0.503514326058558,5.0351432605855795,1.0],[0.3308435596710889,3.308435596710889,1.0],[0.3474001835074456,3.474001835074456,1.0],[0.2924115863324481,2.9241158633244813,1.0],[0.7653974346433319,7.653974346433319,1.0],[0.4784432998768373,4.784432998768374,1.0],[0.2015373401465821,2.015373401465821,1.0],[0.8715627297687166,8.715627297687167,1.0],[0.7551785489449617,7.5517854894496175,1.0],[0.8675584511848858,8.675584511848859,1.0],[0.9323236929247266,9.323236929247265,1.0],[0.24171326534063708,2.417132653406371,1.0],[0.8924504838872919,8.924504838872918,1.0],[0.7659566844206285,7.659566844206285,1.0],[0.4146826922981828,4.146826922981828,1.0],[0.32368260626724077,3.2368260626724075,1.0],[0.5613052389019693,5.613052389019693,1.0],[0.5908359788832377,5.908359788832377,1.0],[0.16558277680810296,1.6558277680810296,1.0],[0.4861970648764189,4.8619706487641885,1.0],[0.9490216941921916,9.490216941921917,1.0],[0.46819109749463483,4.681910974946348,1.0],[0.39662970244337636,3.9662970244337634,1.0],[0.9188065977724452,9.188065977724452,1.0],[0.9857276253270151,9.85727625327015,1.0],[0.9392006613006973,9.392006613006973,1.0]]
0_BehnkeGeiger_60_workers.fjs;1878.7642692356926;79930;[187,425,490,503,667,203,222,250,438,469,368,387,606,620,772,0,218,368,582,760,432,463,487,554,863,113,123,243,413,428,334,413,431,451,614,240,258,329,506,697,287,306,422,482,599,140,157,371,395,609,299,580,606,629,788,94,112,272,348,434,286,341,482,580,752,157,299,402,515,772,343,363,388,414,750,107,380,536,552,614,31,207,469,526,722,180,203,218,260,487,152,181,304,427,585,216,240,255,495,770,61,385,490,551,648,118,133,373,451,557,10,31,262,307,572,263,279,576,587,801,190,257,380,472,495,364,393,514,540,789,408,419,438,499,801,298,481,521,535,637,402,458,623,650,790,123,136,152,280,299,463,506,543,576,826,335,433,458,470,808,44,274,299,310,412,51,61,154,458,486,145,181,316,341,368,363,428,461,480,537,458,477,500,513,660,66,84,273,290,648,33,44,140,170,181,410,466,490,606,641,212,361,376,392,738,236,254,463,552,716,70,275,307,322,512,0,17,37,325,532,386,402,424,487,552,481,497,514,539,757,204,236,257,351,380,425,439,462,481,742,380,413,426,466,698,444,461,487,513,638,55,66,83,470,842,320,363,387,414,497,48,125,369,405,522,307,351,363,406,548,104,127,255,539,562,171,322,351,380,691,133,145,298,493,678,382,452,496,519,635,421,438,465,514,803,157,171,501,539,829,222,244,341,369,395,201,219,240,351,839,326,336,358,439,513,336,355,368,380,405,136,157,185,525,573,298,307,322,432,455,185,295,320,395,867,258,307,318,343,539,240,299,353,379,601,181,190,207,529,712,74,94,314,500,623,27,51,72,100,185,461,479,564,580,869,126,140,347,432,849,278,310,329,473,511,0,24,322,341,506,258,358,380,435,562,279,343,441,606,669,306,334,482,513,690,275,286,316,348,725,219,240,262,273,296,24,144,497,516,582,91,401,456,485,820,254,263,309,465,863,244,431,465,554,878,127,152,479,490,736,94,272,295,568,626,361,388,403,503,813,276,287,487,524,564,323,335,358,403,480,81,91,267,306,584,84,107,121,445,466,419,444,487,521,847,439,458,517,542,858,0,318,398,535,686,48,70,95,240,589,355,368,485,500,685,165,185,364,498,597,263,374,424,509,828,17,33,358,512,659];[2,44,45,16,58,3,21,16,30,58,2,28,37,14,59,2,54,39,49,57,1,17,39,40,56,2,10,47,4,59,0,36,50,34,57,0,18,54,29,56,0,33,32,18,57,3,33,25,19,58,3,37,25,19,58,0,37,18,52,56,2,42,8,39,58,3,21,44,39,56,3,38,50,53,59,3,4,54,27,56,0,49,9,6,56,3,16,4,29,58,0,20,34,11,58,0,7,21,55,58,2,38,12,6,56,1,38,14,50,59,0,32,37,54,57,2,10,30,40,58,0,12,18,46,59,1,33,50,38,59,2,45,33,11,59,2,24,19,22,56,3,10,43,43,57,2,7,23,21,57,1,31,21,6,58,1,32,47,53,57,3,27,15,52,56,2,49,38,32,59,1,50,16,44,57,3,4,51,29,57,0,42,54,30,59,3,6,36,31,58,3,48,4,30,59,0,14,14,39,57,2,14,52,31,56,2,50,15,30,57,0,54,42,55,59,3,22,8,21,56,3,46,30,20,57,0,7,40,49,56,0,12,20,4,56,0,15,24,40,58,2,13,37,33,59,2,13,46,41,59,3,55,31,47,57,3,28,30,11,58,1,37,16,22,58,1,32,55,30,56,0,36,7,40,58,2,32,51,40,57,1,26,20,36,58,0,37,48,17,58,3,18,45,7,56,2,46,50,41,57,3,37,16,36,58,1,29,41,5,59,2,25,20,11,57,2,39,53,22,57,2,31,31,21,58,1,32,18,22,57,1,5,37,39,59,0,10,23,28,59,1,27,21,48,56,0,49,11,7,58,1,28,34,28,59,2,34,45,10,58,2,49,39,54,57,3,9,14,45,56,1,27,5,50,58,1,31,42,49,56,1,25,17,37,57,3,23,44,49,57,0,14,34,54,58,2,19,13,26,59,1,42,36,4,58,1,10,8,35,59,2,17,28,15,59,2,27,43,18,58,3,28,36,42,58,0,35,45,37,57,1,5,9,49,57,0,16,32,45,56,0,34,17,49,56,1,19,50,16,56,2,37,20,31,56,3,25,41,4,56,2,9,13,36,58,0,35,42,12,57,0,10,28,39,56,0,20,15,29,57,2,32,28,21,59,1,55,42,20,59,3,50,43,34,56,3,40,19,24,56];[7,18,52,78,28,28,83,31,1,85,55,76,47,32,45,8,25,46,4,22,80,86,47,62,24,74,79,25,23,75,19,58,73,49,45,27,23,8,70,7,88,67,4,62,63,87,66,70,9,85,63,43,9,17,8,84,2,35,2,14,8,81,20,41,41,68,49,39,48,17,0,10,57,15,25,66,75,37,49,68,17,52,32,48,61,47,25,2,41,46,79,27,83,45,46,7,41,9,34,62,59,60,15,14,41,56,23,84,82,80,75,59,62,51,11,7,60,14,53,50,4,52,15,78,77,11,37,71,40,1,16,80,15,58,54,85,31,45,8,11,56,33,81,34,68,76,24,77,16,89,13,17,18,60,21,39,36,77,69,49,61,48,82,37,13,17,4,85,39,34,60,37,62,38,34,89,62,17,84,3,6,58,32,19,17,38,38,44,81,73,48,27,80,37,50,42,15,49,37,61,13,17,37,68,53,34,43,80,3,13,72,7,9,7,74,47,0,66,1,44,39,31,28,85,84,27,4,80,13,33,75,13,85,15,45,22,41,27,63,69,38,31,64,65,28,17,18,37,0,15,80,20,47,47,64,88,47,61,57,25,84,6,43,81,21,33,57,1,78,57,16,25,42,6,84,70,15,65,51,64,59,53,11,45,53,85,78,29,86,87,26,81,88,25,4,47,9,22,76,26,77,24,72,36,2,65,45,70,16,49,70,80,73,83,32,26,69,13,64,88,8,31,29,50,57,34,42,76,67,5,14,75,53,72,76,61,48,34,12,39,54,37,42,1,3,32,88,32,66,9,13,8,84,11,33,70,75,31,28,2,60,29,43,76,4,80,18,3,0,26,65,56,77,3,61,6,32,10,18,9,56,56,55,35,4,36,28,20,81,49,44,3,36,11,61,19,62,2,70,76,22,28,89,79,6,25,37,39,26,29,73,58,14,7,67,26,88,82,20,88,63,58,81,6,59,17,41,54,38,77,9,23,5,29,46,29,17,28,41,46,54,86,19,69,59,65,44,64,19,17,58,22,73,13,67,88,63,40,53,53,27,85,86,38,68,33,79,15,73,4,72,36,34,45,33,32,51,44,86,71,20,9,68,43,80,2,61,52,21,82,60,71,78,60,79,63,41,32,69,48];[[0.7966509679599704,7.966509679599704,1.0],[0.05862623274803458,0.5862623274803458,1.0],[0.7602397739740907,7.602397739740907,1.0],[0.8627037401845356,8.627037401845355,1.0],[0.09127403464611428,0.9127403464611428,1.0],[0.9024924365975527,9.024924365975528,1.0],[0.7858960565941281,7.858960565941281,1.0],[0.40667966546103385,4.0667966546103385,1.0],[0.37447264465852026,3.7447264465852026,1.0],[0.6490262282913547,6.490262282913547,1.0],[0.40092466608569977,4.009246660856998,1.0],[0.5721109226277574,5.721109226277575,1.0],[0.6077930620255084,6.077930620255084,1.0],[0.05072389565884072,0.5072389565884072,1.0],[0.7370880093375713,7.370880093375714,1.0],[0.708486383757228,7.08486383757228,1.0],[0.9221724532030824,9.221724532030823,1.0],[0.7149390332589045,7.149390332589045,1.0],[0.6557724968554814,6.5577249685548145,1.0],[0.7371071646895253,7.371071646895253,1.0],[0.18754222176317448,1.8754222176317448,1.0],[0.5019778365908455,5.019778365908455,1.0],[0.8950298548604116,8.950298548604117,1.0],[0.926358313475896,9.26358313475896,1.0],[0.01899157139556429,0.18991571395564288,1.0],[0.8777314655556964,8.777314655556964,1.0],[0.6362924717585655,6.362924717585655,1.0],[0.4066346562427898,4.066346562427898,1.0],[0.12957858368499198,1.2957858368499198,1.0],[0.8626878625294206,8.626878625294207,1.0],[0.25379646148203605,2.5379646148203605,1.0],[0.5928589993203222,5.9285899932032216,1.0],[0.0752821307110767,0.752821307110767,1.0],[0.55648541295561,5.5648541295561005,1.0],[0.39201372928372336,3.9201372928372336,1.0],[0.30661199501593694,3.0661199501593694,1.0],[0.16614394932812038,1.6614394932812038,1.0],[0.03548206500031437,0.35482065000314367,1.0],[0.8734081096560021,8.734081096560022,1.0],[0.6077933997757088,6.077933997757087,1.0],[0.00566233272181782,0.0566233272181782,1.0],[0.57937513910209,5.7937513910209,1.0],[0.766498732100053,7.66498732100053,1.0],[0.20058362814831487,2.0058362814831487,1.0],[0.9293225912363087,9.293225912363086,1.0],[0.8422636176481996,8.422636176481996,1.0],[0.5387041601810612,5.387041601810612,1.0],[0.9883390358185146,9.883390358185146,1.0],[0.21802702973914923,2.180270297391492,1.0],[0.038493402742472815,0.38493402742472815,1.0],[0.37032113547489287,3.7032113547489285,1.0],[0.1822270440474585,1.8222704404745849,1.0],[0.9462360068540245,9.462360068540246,1.0],[0.1150920367841759,1.150920367841759,1.0],[0.3529247978916473,3.529247978916473,1.0],[0.8631951229076982,8.631951229076982,1.0],[0.041228887544789705,0.41228887544789705,1.0],[0.08920964027917122,0.8920964027917122,1.0],[0.5188892304220151,5.1888923042201505,1.0],[0.3593751525090847,3.593751525090847,1.0],[0.02137850022746135,0.2137850022746135,1.0],[0.6705629807207766,6.705629807207766,1.0],[0.8415018800797289,8.41501880079729,1.0],[0.0549654710344607,0.549654710344607,1.0],[0.12847413232468474,1.2847413232468474,1.0],[0.12133653253479593,1.2133653253479593,1.0],[0.47496175692231557,4.7496175692231555,1.0],[0.6501440243508211,6.501440243508211,1.0],[0.26467231108682165,2.6467231108682165,1.0],[0.8283954411360489,8.283954411360488,1.0],[0.09632504623843086,0.9632504623843086,1.0],[0.9001492562131493,9.001492562131494,1.0],[0.22420503779756518,2.2420503779756515,1.0],[0.11601154122656976,1.1601154122656976,1.0],[0.20138930403775013,2.0138930403775013,1.0],[0.5571704471099438,5.571704471099438,1.0],[0.8954308805741998,8.954308805741999,1.0],[0.10783585956749675,1.0783585956749675,1.0],[0.6110196883093226,6.110196883093226,1.0],[0.5285746404071686,5.285746404071686,1.0],[0.4751239272073001,4.7512392720730015,1.0],[0.7846662958446119,7.846662958446119,1.0],[0.25197118373537,2.5197118373536997,1.0],[0.9011562601111824,9.011562601111825,1.0],[0.33015443004324485,3.3015443004324485,1.0],[0.39070876167562685,3.9070876167562685,1.0],[0.5024299090089163,5.024299090089163,1.0],[0.5414008895519862,5.414008895519862,1.0],[0.7061732576618968,7.061732576618968,1.0],[0.8167560629471541,8.167560629471541,1.0]]
0_BehnkeGeiger_60_workers.fjs;1880.234435079232;108300;[0,245,262,310,327,10,530,546,579,801,452,463,541,558,679,431,457,474,501,639,476,495,548,573,886,353,414,432,445,557,132,358,367,388,684,189,206,470,490,750,251,266,284,313,455,457,472,485,521,666,293,308,474,494,613,308,323,354,551,603,310,368,427,517,632,286,339,354,455,513,218,247,327,474,650,268,284,314,457,475,191,206,238,470,718,432,529,557,650,829,9,314,346,372,396,334,363,478,501,519,48,390,402,460,568,407,469,486,581,818,153,238,289,367,467,126,138,475,496,735,420,444,580,625,839,138,322,372,443,533,351,363,400,414,456,403,431,467,564,783,192,218,396,423,707,114,314,327,417,768,193,212,267,456,603,105,129,443,471,583,80,236,261,464,500,93,105,117,503,667,265,483,603,625,772,176,189,312,449,487,220,240,266,314,349,41,367,445,470,572,379,510,565,579,654,104,284,409,535,777,28,48,343,549,854,74,93,266,282,576,38,59,289,303,504,238,265,483,496,517,375,391,417,594,759,363,378,405,640,813,167,192,363,442,528,43,57,77,425,592,463,513,528,538,658,10,21,40,50,425,301,325,419,432,471,108,374,541,555,716,212,241,431,449,729,146,223,238,248,453,127,334,467,530,706,223,238,263,391,548,71,83,217,372,626,59,80,100,116,268,146,165,182,197,445,0,28,470,602,841,138,173,294,321,406,77,104,123,142,442,0,10,23,35,299,312,336,517,541,558,57,77,99,528,784,382,392,511,541,830,240,257,276,296,312,323,351,405,432,541,332,353,564,581,808,389,419,444,554,860,206,220,245,268,281,165,191,356,508,683,353,379,447,480,684,93,340,356,374,541,398,449,601,617,870,31,55,296,339,734,83,297,460,478,542,173,193,217,232,245,257,321,339,402,795,284,432,454,505,804,247,268,289,308,419,100,284,372,390,620,284,301,313,358,725,159,212,508,519,753,452,525,637,666,734,206,223,236,367,378,257,284,296,363,615,308,330,474,494,853,330,340,494,580,632,21,339,356,481,652,241,456,485,676,699,0,10,39,54,75,378,403,477,494,599,129,445,477,512,581,392,407,431,605,637,423,452,462,688,803,21,31,234,579,642,363,449,460,553,708,57,74,294,531,760,340,353,501,542,618];[3,50,54,43,57,2,20,28,4,57,3,30,38,44,57,2,24,45,15,56,3,35,40,39,57,3,53,36,42,57,3,6,17,35,59,0,35,22,14,59,2,43,32,17,58,2,32,27,18,59,2,35,24,44,58,2,11,4,7,58,1,43,8,48,57,0,32,46,49,58,1,22,49,48,56,1,25,4,26,57,3,41,26,25,56,0,45,19,29,58,3,53,51,26,58,1,24,23,38,59,1,55,47,37,59,1,28,13,48,59,2,34,26,52,58,2,9,26,43,57,0,28,19,51,59,1,13,51,31,56,2,36,53,11,59,2,4,18,43,58,1,31,26,40,57,2,49,21,20,58,2,46,38,28,57,0,24,47,55,57,3,27,47,50,58,0,36,10,32,56,2,50,28,15,56,0,50,38,55,57,0,40,22,25,57,2,6,25,46,58,0,50,7,40,59,2,48,14,18,59,1,40,53,32,59,0,24,15,10,56,3,55,13,9,57,3,40,37,26,56,3,20,34,40,56,2,54,41,51,57,1,36,22,8,57,0,15,37,41,58,3,22,37,35,57,0,26,47,43,56,3,53,55,47,56,3,15,26,16,58,2,38,23,16,58,0,34,42,9,56,1,6,52,27,58,3,20,26,22,56,1,7,54,53,58,3,20,47,19,57,3,14,45,37,59,1,30,17,39,57,2,26,32,51,56,2,39,46,49,56,2,42,38,10,59,3,16,26,7,59,2,4,21,22,57,1,14,38,11,56,0,6,6,49,56,2,55,54,44,57,3,35,48,17,59,3,28,21,48,56,0,30,15,30,59,3,24,33,20,56,0,31,44,53,58,3,25,15,29,59,0,50,17,48,57,0,30,7,50,59,1,48,23,16,58,2,29,52,50,57,0,32,33,55,59,1,55,53,44,58,1,13,35,7,59,1,43,55,12,56,3,17,45,18,57,0,25,36,25,58,1,35,53,16,56,3,27,28,20,56,3,7,53,50,57,0,29,39,52,57,0,38,46,37,59,2,11,20,36,58,2,36,32,29,56,0,39,49,4,59,2,8,44,47,56,0,36,49,14,59,1,23,45,37,58,1,12,13,29,56,0,50,31,7,57,1,23,17,27,59,0,21,10,32,57,0,43,45,48,59];[32,52,88,28,77,56,22,39,80,47,32,5,24,79,35,87,0,16,40,29,78,7,59,38,20,26,62,88,45,58,83,4,18,78,89,26,61,88,62,46,78,62,38,82,49,19,1,17,40,16,24,63,20,73,84,40,86,2,14,29,53,68,31,6,66,8,15,15,86,32,75,53,2,0,1,63,54,74,87,23,44,9,44,58,75,49,10,1,29,40,17,89,83,64,54,54,29,42,5,26,82,56,88,45,47,3,70,19,54,46,77,77,57,76,12,7,52,82,53,14,17,44,71,67,25,11,63,71,4,59,70,32,39,20,17,28,30,55,49,22,14,69,53,25,7,63,60,45,39,43,17,49,28,73,35,88,22,86,72,67,54,48,34,10,0,51,84,32,65,46,51,13,67,64,69,82,87,79,83,33,88,33,74,32,38,48,19,88,44,4,61,2,80,87,65,34,63,49,44,28,4,75,22,64,8,62,64,67,23,8,81,38,85,81,9,42,78,71,6,61,88,71,71,20,88,50,16,75,18,63,35,56,54,31,88,39,4,29,84,0,68,0,11,49,6,35,14,19,73,27,79,72,21,4,61,1,41,82,2,39,35,6,51,10,21,71,61,81,15,72,21,53,49,2,51,44,50,9,80,46,36,76,34,46,26,26,73,46,75,39,69,46,22,47,3,88,9,29,46,48,26,77,43,8,40,1,80,34,55,72,12,55,20,28,22,0,79,86,14,9,18,58,55,41,63,28,48,43,68,50,89,54,49,11,85,24,64,89,41,70,62,55,19,14,18,10,61,39,51,43,26,51,62,26,68,1,65,43,27,66,65,34,47,89,24,65,47,35,58,89,29,51,83,29,70,79,78,41,39,2,42,76,69,46,32,61,34,16,84,26,50,39,35,70,37,0,60,24,29,39,63,33,77,31,70,87,53,7,15,17,31,87,83,53,35,5,17,26,45,2,55,7,26,65,88,57,23,17,73,38,19,74,60,72,38,59,69,4,75,61,16,37,21,1,59,50,0,76,27,0,47,7,80,25,8,86,78,71,6,88,60,26,83,79,40,35,63,47,81,34,57,46,24,72,46,32,77,30,86,43,0,76,82,84,70,86,6,26,20,45,13,37,52,80,56,40,66,74,28,72];[[0.5209484070219088,5.209484070219088,1.0],[0.42125020101147315,4.212502010114731,1.0],[0.22094517308324657,2.2094517308324657,1.0],[0.13033708391670573,1.3033708391670573,1.0],[0.48395776843282956,4.839577684328296,1.0],[0.6260889663051598,6.260889663051597,1.0],[0.6211218319323739,6.21121831932374,1.0],[0.707277595965894,7.07277595965894,1.0],[0.43539590023548325,4.3539590023548325,1.0],[0.04809800715767443,0.4809800715767443,1.0],[0.2254847064342842,2.254847064342842,1.0],[0.788548045160999,7.88548045160999,1.0],[0.42108890435006496,4.21088904350065,1.0],[0.5652029481252892,5.6520294812528915,1.0],[0.6764042610645917,6.764042610645918,1.0],[0.7568325816320766,7.568325816320765,1.0],[0.16251102322256883,1.6251102322256883,1.0],[0.4662293326345085,4.662293326345085,1.0],[0.652658580109924,6.526585801099239,1.0],[0.9348323542569703,9.348323542569704,1.0],[0.28093837261172117,2.8093837261172117,1.0],[0.9004772145836625,9.004772145836625,1.0],[0.848839594589838,8.48839594589838,1.0],[0.5244847531468491,5.244847531468491,1.0],[0.5786464188581003,5.786464188581003,1.0],[0.9355850494740874,9.355850494740874,1.0],[0.4401579992643663,4.401579992643663,1.0],[0.2893634937717525,2.8936349377175254,1.0],[0.7973797699194577,7.973797699194577,1.0],[0.10126138052386269,1.0126138052386269,1.0],[0.7187270677771636,7.187270677771636,1.0],[0.6449563433897082,6.449563433897082,1.0],[0.39126761491023665,3.9126761491023663,1.0],[0.9392975330999302,9.392975330999302,1.0],[0.609238184698229,6.09238184698229,1.0],[0.15484533159211777,1.5484533159211777,1.0],[0.41680311462661035,4.168031146266103,1.0],[0.9542543925010913,9.542543925010914,1.0],[0.08511902784380565,0.8511902784380565,1.0],[0.8102082222849146,8.102082222849146,1.0],[0.549048343145825,5.49048343145825,1.0],[0.797431305367372,7.974313053673719,1.0],[0.9212545834178625,9.212545834178625,1.0],[0.0840140116542355,0.840140116542355,1.0],[0.4271098529259699,4.2710985292596995,1.0],[0.4827049527125804,4.827049527125804,1.0],[0.4926248212853439,4.926248212853439,1.0],[0.8381214590808308,8.381214590808309,1.0],[0.06168361162523717,0.6168361162523717,1.0],[0.1800356634856508,1.800356634856508,1.0],[0.7512006320826361,7.5120063208263606,1.0],[0.8202315016053369,8.202315016053369,1.0],[0.9482269285705965,9.482269285705966,1.0],[0.09190024497370541,0.9190024497370541,1.0],[0.8275229129042858,8.275229129042858,1.0],[0.010223681010074426,0.10223681010074426,1.0],[0.7915178392051999,7.915178392051999,1.0],[0.23087148740184416,2.3087148740184418,1.0],[0.9176421264305312,9.176421264305311,1.0],[0.6337400704415804,6.3374007044158045,1.0],[0.4722514806957412,4.722514806957411,1.0],[0.15692662657496914,1.5692662657496914,1.0],[0.890455619982956,8.90455619982956,1.0],[0.3934374640442826,3.934374640442826,1.0],[0.9437473032889695,9.437473032889695,1.0],[0.027056184431497043,0.27056184431497043,1.0],[0.4303544994441807,4.303544994441807,1.0],[0.03986032371878334,0.3986032371878334,1.0],[0.27475171221519046,2.747517122151905,1.0],[0.9564909094852423,9.564909094852423,1.0],[0.3359902829981165,3.359902829981165,1.0],[0.04595304692857216,0.4595304692857216,1.0],[0.37548864135994087,3.754886413599409,1.0],[0.7100525719018224,7.100525719018224,1.0],[0.7195452743357282,7.195452743357283,1.0],[0.8188902738341958,8.188902738341957,1.0],[0.11659700681519214,1.1659700681519214,1.0],[0.5117406310798319,5.117406310798319,1.0],[0.4226359284361241,4.226359284361241,1.0],[0.4231179217423974,4.231179217423974,1.0],[0.5975978869418672,5.975978869418672,1.0],[0.10039657835066573,1.0039657835066573,1.0],[0.8661288460342442,8.661288460342442,1.0],[0.8262463782392978,8.262463782392977,1.0],[0.588405995089693,5.884059950896931,1.0],[0.302515462738837,3.0251546273883703,1.0],[0.031295122158443434,0.31295122158443434,1.0],[0.5757925091701167,5.757925091701167,1.0],[0.9545321496576605,9.545321496576605,1.0],[0.9649769610853548,9.649769610853548,1.0]]
0_BehnkeGeiger_60_workers.fjs;1956.818900726818;176630;[42,52,482,503,610,428,476,493,514,774,255,265,480,533,646,429,450,469,580,689,162,215,240,253,855,50,82,188,307,360,166,414,429,493,565,97,121,142,313,386,0,18,313,330,555,253,274,388,485,636,339,362,390,428,501,95,110,417,501,559,36,50,150,508,562,134,353,388,521,885,143,166,219,432,503,475,506,525,552,818,320,490,546,569,815,302,326,346,357,764,220,402,414,529,697,155,283,429,453,538,434,458,563,580,901,66,82,198,438,464,295,332,527,599,796,458,493,622,642,878,52,264,275,301,733,209,220,313,449,590,72,136,462,485,742,47,101,112,168,537,244,297,527,733,854,362,374,399,419,881,0,33,48,517,906,447,475,552,573,776,195,208,225,247,525,367,395,409,470,588,192,341,424,452,473,241,253,475,493,538,281,302,432,447,596,62,80,333,358,833,306,317,399,414,894,166,391,420,476,674,61,296,310,337,576,124,143,326,485,515,362,388,464,482,621,367,462,571,585,866,295,428,467,485,579,424,454,569,590,896,354,367,391,417,462,83,97,370,444,537,472,508,566,592,881,63,72,95,420,822,330,362,444,500,720,80,169,324,382,511,249,259,275,417,661,121,149,266,462,800,82,407,434,449,685,179,396,564,578,680,389,414,426,437,502,374,399,421,444,492,326,354,529,541,680,95,124,144,468,899,451,476,508,527,759,464,520,545,564,665,450,553,563,585,716,167,186,493,506,870,491,507,564,574,643,180,209,261,284,842,441,451,480,499,742,398,428,464,522,553,470,491,595,621,819,0,24,484,585,735,265,291,529,550,588,208,235,254,362,373,149,288,313,437,640,259,281,497,545,799,395,412,432,443,759,0,118,357,468,490,132,155,314,445,514,200,220,364,397,839,48,71,267,516,691,24,36,388,476,773,110,134,371,396,419,507,523,536,552,700,37,47,246,275,346,223,241,264,365,605,18,80,371,398,555,343,367,599,622,792,186,200,246,424,442,235,284,313,378,910,414,424,580,597,721,210,223,246,261,283,326,353,375,388,705,317,339,365,409,526,33,48,301,411,624,28,42,105,452,833,383,398,424,593,748,105,142,168,247,621,291,306,332,346,412,412,434,500,537,705,274,283,506,516,778,283,442,458,512,666];[3,15,6,16,57,2,38,48,19,58,3,29,7,37,56,3,43,22,51,56,1,7,10,40,58,2,21,53,4,58,3,20,12,38,58,2,46,21,29,57,0,43,52,17,58,1,33,14,24,57,3,36,26,27,59,1,45,6,6,59,2,12,45,28,56,1,32,55,54,57,0,53,34,5,57,0,5,18,24,59,2,50,53,28,57,0,44,16,31,58,0,52,24,16,58,3,9,20,28,58,1,21,22,12,56,1,31,16,32,57,1,32,49,52,56,1,54,31,40,59,3,22,11,34,59,0,37,50,52,56,0,45,44,39,57,0,6,13,21,56,2,45,41,43,59,2,6,45,21,58,1,4,46,15,59,0,8,44,52,57,3,24,12,23,58,1,5,39,33,57,1,51,13,46,56,1,13,39,15,57,0,43,39,39,58,3,6,18,40,59,3,51,6,23,58,0,42,15,25,56,2,8,53,37,59,0,12,52,49,56,3,18,11,54,56,0,9,11,27,56,2,36,49,27,57,0,31,53,50,59,0,42,22,4,59,2,30,16,23,59,1,12,54,32,56,0,16,23,42,56,2,55,37,31,58,3,16,45,52,58,0,55,41,22,58,2,35,40,13,57,1,26,53,55,58,3,32,38,20,57,0,35,28,54,56,2,28,37,10,57,0,54,46,4,59,0,18,16,10,57,2,12,41,47,56,2,30,38,36,57,3,21,45,11,57,2,7,53,40,57,3,29,16,8,59,0,34,50,18,57,2,7,17,27,56,2,10,53,21,56,3,47,8,26,58,2,44,53,45,58,3,4,15,31,59,3,31,34,10,57,2,29,8,28,58,0,45,17,30,59,1,51,48,49,57,3,30,16,50,58,3,32,18,20,59,2,35,14,14,56,1,12,34,53,59,2,13,44,9,59,1,5,32,33,58,3,11,44,11,56,0,26,19,22,58,1,22,8,44,56,0,15,20,27,57,1,39,44,20,58,2,6,54,50,59,3,50,9,55,57,0,33,22,51,56,1,19,50,49,58,1,25,25,29,57,3,14,25,5,57,1,9,11,18,58,3,11,54,13,58,3,13,52,36,59,3,46,15,12,59,3,32,5,20,57,1,31,49,27,59,1,19,53,43,56,1,50,25,27,59];[23,51,38,81,18,35,12,74,59,41,22,19,5,28,28,37,53,59,81,48,51,17,73,85,10,58,3,52,3,58,78,66,44,21,44,29,86,89,85,16,73,80,77,87,7,38,61,32,25,51,70,35,41,26,29,26,58,78,88,46,77,49,61,70,16,28,13,22,63,31,32,32,48,19,9,75,85,23,39,2,87,6,73,87,66,59,88,26,60,46,64,46,60,19,84,35,12,46,30,4,66,57,81,54,41,3,23,41,38,1,29,67,87,41,69,8,67,2,77,27,34,15,69,16,35,61,5,11,65,51,14,11,11,80,68,22,43,0,88,11,48,81,82,46,60,69,2,26,63,48,10,43,46,79,57,3,41,31,2,85,22,29,26,0,60,52,29,64,2,79,89,43,59,19,48,57,76,25,19,84,54,33,3,64,26,81,43,40,50,82,67,41,40,74,6,11,7,21,29,14,74,71,82,17,89,52,5,65,35,47,23,76,38,19,40,25,70,86,33,48,53,38,85,16,58,33,16,66,22,4,37,19,78,29,80,1,74,5,71,47,84,27,39,64,60,41,22,72,9,14,36,77,42,35,62,19,20,61,60,55,58,65,59,34,21,48,12,46,31,75,8,24,41,68,58,16,65,34,85,64,66,51,73,70,15,39,2,12,82,81,49,53,79,53,59,47,67,2,42,27,9,70,18,43,25,49,83,3,0,19,2,81,51,77,30,27,56,86,28,68,46,49,22,35,50,37,86,71,4,31,69,13,24,1,5,38,5,9,35,86,0,83,88,53,43,16,46,37,75,24,27,15,72,14,20,18,49,28,36,24,47,77,28,50,15,34,18,40,22,62,8,77,25,79,40,36,50,87,82,39,24,77,17,28,21,72,57,76,5,17,72,31,62,76,26,31,29,81,79,22,65,31,1,56,79,13,58,71,2,44,5,67,36,88,88,32,45,37,43,76,81,46,85,11,5,86,10,2,39,87,58,0,44,36,11,37,17,68,42,61,36,16,29,59,19,6,44,87,31,0,59,43,51,67,41,9,27,46,14,17,24,76,8,84,0,60,81,19,52,43,70,39,30,23,72,59,17,31,86,76,41,74,75,34,37,41,77,66,33,46,12,74,8,86,35,53,56,12,52,72];[[0.49734142093980327,4.973414209398033,1.0],[0.35999045686025677,3.5999045686025677,1.0],[0.7220617567237175,7.220617567237175,1.0],[0.44672126724761885,4.4672126724761885,1.0],[0.4533596515962979,4.533596515962978,1.0],[0.025925678678183073,0.25925678678183073,1.0],[0.33490089376309407,3.3490089376309404,1.0],[0.4755440242737675,4.755440242737675,1.0],[0.45132356511490823,4.513235651149082,1.0],[0.08788974506102976,0.8788974506102976,1.0],[0.29509671683068217,2.9509671683068217,1.0],[0.33863234208051063,3.3863234208051063,1.0],[0.9020959027552419,9.020959027552419,1.0],[0.7173473735926632,7.173473735926632,1.0],[0.8986159167700656,8.986159167700656,1.0],[0.032997165944182005,0.32997165944182005,1.0],[0.2284682145918675,2.284682145918675,1.0],[0.5381470661357333,5.381470661357333,1.0],[0.06127510457974772,0.6127510457974772,1.0],[0.22935566071129299,2.29355660711293,1.0],[0.5598162304796008,5.598162304796008,1.0],[0.0008471767611641923,0.008471767611641923,1.0],[0.3920352782519039,3.9203527825190387,1.0],[0.03133523867093202,0.3133523867093202,1.0],[0.24056870266164254,2.4056870266164254,1.0],[0.8953787890847891,8.953787890847892,1.0],[0.3866575811855242,3.866575811855242,1.0],[0.26785644445085033,2.6785644445085035,1.0],[0.9113672758007916,9.113672758007915,1.0],[0.8561689403543553,8.561689403543554,1.0],[0.2548634438031525,2.548634438031525,1.0],[0.42717855363332036,4.271785536333203,1.0],[0.19719480126070077,1.9719480126070077,1.0],[0.7644816954164836,7.644816954164836,1.0],[0.45421054829626994,4.5421054829626994,1.0],[0.7701442479976394,7.701442479976394,1.0],[0.7544956928280053,7.544956928280053,1.0],[0.1329370279333042,1.329370279333042,1.0],[0.13608412133420567,1.3608412133420567,1.0],[0.7421993063471702,7.421993063471702,1.0],[0.8710335288246386,8.710335288246386,1.0],[0.18118149060958277,1.8118149060958277,1.0],[0.8581563188196332,8.581563188196332,1.0],[0.2027449363975372,2.0274493639753723,1.0],[0.3410290736485122,3.410290736485122,1.0],[0.6372290727852594,6.372290727852594,1.0],[0.14905275813887664,1.4905275813887664,1.0],[0.5109099957893487,5.109099957893487,1.0],[0.4352931558109894,4.352931558109894,1.0],[0.09760732352088275,0.9760732352088275,1.0],[0.05941930181032895,0.5941930181032895,1.0],[0.4305054409800979,4.305054409800979,1.0],[0.5024944042408487,5.024944042408487,1.0],[0.5079732331603702,5.079732331603703,1.0],[0.0640695575730742,0.640695575730742,1.0],[0.43169459272424404,4.316945927242441,1.0],[0.9774036975897298,9.774036975897298,1.0],[0.7083743064187731,7.083743064187731,1.0],[0.3236585836720067,3.2365858367200673,1.0],[0.6948341495565338,6.948341495565337,1.0],[0.3959747672493763,3.959747672493763,1.0],[0.5702020071109615,5.702020071109615,1.0],[0.1273830425097976,1.273830425097976,1.0],[0.0022121200251274953,0.022121200251274953,1.0],[0.7082383894336587,7.082383894336587,1.0],[0.46105048814669625,4.610504881466962,1.0],[0.048724340958554824,0.48724340958554824,1.0],[0.9996141487513373,9.996141487513373,1.0],[0.6273821455013189,6.273821455013189,1.0],[0.2348624347451349,2.348624347451349,1.0],[0.5041148841596441,5.041148841596441,1.0],[0.8039409645464441,8.039409645464442,1.0],[0.47932085049134165,4.793208504913417,1.0],[0.70795730946113,7.0795730946113,1.0],[0.007554994577610108,0.07554994577610108,1.0],[0.8007158968273879,8.00715896827388,1.0],[0.5714645581344422,5.714645581344422,1.0],[0.3553516990323421,3.5535169903234207,1.0],[0.4109500828077237,4.109500828077238,1.0],[0.8741229133056294,8.741229133056294,1.0],[0.9420210435021625,9.420210435021625,1.0],[0.30280487290994307,3.0280487290994307,1.0],[0.8284132151265241,8.284132151265242,1.0],[0.3304643624332526,3.304643624332526,1.0],[0.5345490821912385,5.345490821912385,1.0],[0.05846257531970078,0.5846257531970078,1.0],[0.3640608639017009,3.640608639017009,1.0],[0.4918937375846536,4.918937375846536,1.0],[0.05273726661906186,0.5273726661906186,1.0],[0.9082050684613338,9.082050684613337,1.0]]
0_BehnkeGeiger_60_workers.fjs;1822.1685829249586;215780;[146,157,338,372,503,262,278,299,325,357,422,484,655,677,813,356,454,486,515,743,51,73,214,235,371,100,146,173,344,387,32,451,483,509,522,272,347,357,445,610,62,118,387,572,704,309,329,364,476,656,0,21,93,314,430,451,511,526,548,724,316,347,394,480,521,67,340,366,387,509,120,152,393,640,839,152,257,288,342,492,198,409,476,602,764,188,210,340,447,512,236,262,292,340,818,209,220,345,361,664,142,184,337,371,815,165,188,205,478,500,170,198,210,261,403,36,48,61,92,105,95,185,299,320,424,230,404,516,531,740,25,36,457,577,781,352,380,419,477,655,329,383,401,617,764,224,547,576,636,834,431,454,509,588,663,454,541,560,577,833,239,262,350,380,544,395,448,476,503,571,342,359,372,420,709,250,465,483,528,582,14,32,51,345,371,30,41,376,404,549,403,427,641,655,790,137,293,317,548,606,359,413,604,654,712,358,378,441,451,547,176,196,373,395,687,157,176,352,387,781,376,445,480,510,591,263,291,473,484,633,288,430,496,546,728,344,358,383,560,596,0,25,105,122,146,41,329,384,494,625,320,347,384,506,695,210,236,262,510,605,288,297,320,410,442,21,229,500,534,648,395,417,442,680,761,41,67,92,207,453,67,95,110,373,393,117,198,221,417,525,380,395,417,567,804,48,77,93,238,476,236,247,419,546,847,157,320,358,558,693,51,67,256,488,773,247,423,496,522,637,399,422,505,522,683,73,167,182,317,441,184,201,220,320,434,93,207,360,586,641,378,399,421,439,855,422,439,465,484,602,220,230,245,357,647,96,138,275,319,359,118,146,160,455,634,122,137,334,393,458,297,320,334,363,424,427,451,465,495,576,32,41,105,151,680,334,356,465,582,713,291,309,422,467,615,405,418,447,477,588,515,544,558,588,757,273,288,449,465,563,108,262,283,299,499,278,293,461,482,567,377,393,419,461,692,418,428,465,488,665,307,334,422,438,815,201,245,256,357,371,16,119,319,337,523,77,96,113,138,161,0,16,221,494,739,262,272,417,448,723,428,454,607,636,801,196,296,319,356,465,329,342,444,489,769,210,236,411,483,534,293,363,373,389,476,474,495,505,528,567,393,431,510,531,791,0,195,303,343,483];[0,15,30,51,58,3,29,46,7,59,3,28,7,8,56,3,48,15,30,59,3,47,7,16,59,3,9,52,4,56,3,12,25,20,56,0,53,52,31,59,2,42,46,19,56,1,32,19,18,57,3,16,27,24,56,1,41,19,16,59,2,35,47,6,59,1,11,46,34,57,1,30,44,43,57,1,4,20,26,58,1,51,34,13,59,2,34,14,29,58,3,28,25,13,57,2,4,20,37,59,2,47,27,32,58,2,50,7,49,56,1,34,42,55,58,2,39,16,42,59,0,15,29,51,59,2,47,49,15,57,2,5,7,11,56,2,7,31,29,56,2,29,21,43,57,0,55,44,23,58,0,26,6,19,58,0,53,47,52,59,0,25,13,14,56,2,18,37,30,59,1,51,55,47,58,2,6,17,47,59,0,41,35,29,58,1,4,37,17,59,1,48,7,20,56,3,14,13,19,58,1,4,48,23,57,0,10,48,9,57,3,33,49,54,59,3,29,19,5,57,3,42,46,16,57,1,10,48,11,58,2,55,22,27,56,0,53,27,52,58,2,12,35,35,56,0,20,47,42,57,0,54,22,29,58,3,24,27,53,56,0,6,53,10,57,3,34,49,8,58,3,30,5,47,58,1,42,35,33,58,0,22,22,44,57,2,22,47,55,57,2,42,8,26,56,2,27,39,4,59,1,38,19,43,58,0,29,47,48,56,0,26,31,10,58,1,4,15,24,59,0,6,10,55,58,3,32,43,14,59,0,6,9,6,58,1,48,54,44,57,0,33,45,18,59,0,45,32,30,57,2,31,55,28,59,2,44,28,10,57,0,28,36,31,56,3,32,49,51,59,0,49,22,50,57,1,28,23,50,58,0,13,42,39,57,3,32,45,48,59,1,11,10,52,56,2,7,49,35,56,0,48,20,23,56,2,17,44,11,58,0,24,21,12,59,3,24,9,22,57,1,31,52,15,57,2,53,44,26,56,3,4,51,51,59,0,31,44,7,56,1,39,27,48,58,2,11,48,49,58,1,24,22,29,58,0,11,42,4,58,2,8,23,26,58,3,28,54,14,57,1,19,52,37,56,1,5,22,41,58,3,49,29,4,57,1,23,47,27,56,1,22,46,42,57,0,43,17,32,58];[19,15,7,54,18,78,10,88,21,72,65,59,15,0,19,44,73,9,35,20,28,62,30,63,10,7,36,41,49,60,4,22,68,70,62,77,25,23,8,31,54,64,36,43,76,86,60,57,33,85,27,30,41,34,11,26,23,34,0,71,5,89,15,48,45,16,30,5,89,48,53,30,51,64,32,69,45,40,80,65,33,43,32,22,1,7,20,15,74,32,13,74,87,71,15,4,18,46,13,2,87,2,27,33,41,20,10,29,28,80,55,44,28,53,57,7,46,37,53,69,27,5,54,67,69,12,61,20,81,62,57,33,40,66,11,58,41,86,7,80,66,37,23,22,54,68,16,49,81,33,21,32,7,49,17,66,66,41,63,22,70,14,56,19,48,75,56,73,65,82,59,83,62,37,14,35,82,22,19,36,56,28,49,5,72,87,9,79,87,26,67,49,61,25,24,51,15,82,22,47,18,60,67,60,29,78,42,83,67,25,44,51,11,76,39,63,53,6,5,5,44,2,66,0,22,30,27,35,45,89,52,51,54,72,3,22,75,63,66,69,66,3,16,47,57,21,5,58,2,61,57,77,22,84,40,71,59,47,66,4,0,64,37,65,77,28,48,20,9,89,11,12,55,85,58,74,18,34,55,50,68,78,32,64,69,4,2,1,11,33,9,84,8,48,83,31,54,84,23,26,4,54,81,2,38,2,7,22,32,72,14,44,52,13,38,8,47,14,47,33,0,50,16,25,63,43,42,88,16,20,45,58,70,50,43,23,51,52,32,72,53,82,29,42,75,32,7,59,10,54,81,41,88,21,77,5,66,81,59,80,36,77,17,75,62,56,67,4,1,83,66,29,32,34,25,22,82,71,21,73,85,58,53,3,64,87,41,29,18,13,31,53,85,61,69,9,74,40,74,85,65,19,47,52,3,62,50,85,30,59,0,6,13,33,73,15,58,17,84,56,73,81,45,67,43,13,46,13,63,44,6,83,75,24,44,24,17,29,65,38,68,48,81,31,9,60,49,66,68,0,49,10,58,43,42,0,26,63,14,77,73,28,45,10,44,17,81,89,87,32,80,17,27,77,35,61,86,14,50,52,38,64,51,52,46,2,55,72,2,15,62,9,77,80,60,70,50,47,18,24];[[0.4211249061401,4.211249061401,1.0],[0.9761073344853062,9.761073344853061,1.0],[0.6132800246752349,6.132800246752349,1.0],[0.6930423279788359,6.930423279788359,1.0],[0.5088628354481554,5.088628354481553,1.0],[0.18781156668551158,1.8781156668551158,1.0],[0.830121874145001,8.301218741450011,1.0],[0.8449241651217704,8.449241651217704,1.0],[0.20962821201639004,2.0962821201639006,1.0],[0.6505169872996391,6.505169872996391,1.0],[0.7003316191510263,7.003316191510263,1.0],[0.7150339547653067,7.150339547653068,1.0],[0.8091072451390076,8.091072451390076,1.0],[0.8451978833841938,8.451978833841938,1.0],[0.3695849781386673,3.695849781386673,1.0],[0.5056149902637381,5.056149902637381,1.0],[0.7206140757071586,7.206140757071586,1.0],[0.14319015826691817,1.4319015826691817,1.0],[0.026697115061789622,0.2669711506178962,1.0],[0.15341588178909327,1.5341588178909327,1.0],[0.8363432326370349,8.363432326370349,1.0],[0.3246336983988545,3.2463369839885448,1.0],[0.3029175030516511,3.029175030516511,1.0],[0.11785699745257816,1.1785699745257816,1.0],[0.12094663440427922,1.2094663440427922,1.0],[0.9680758098639723,9.680758098639723,1.0],[0.05051541232897139,0.5051541232897139,1.0],[0.9837100378798541,9.83710037879854,1.0],[0.5522705914806934,5.5227059148069335,1.0],[0.2474360532702261,2.474360532702261,1.0],[0.015934056387660878,0.15934056387660878,1.0],[0.8816507734170083,8.816507734170083,1.0],[0.38970094386643916,3.8970094386643916,1.0],[0.948399003178236,9.48399003178236,1.0],[0.05851121780149349,0.5851121780149349,1.0],[0.7974936305528121,7.974936305528121,1.0],[0.6609068549274018,6.609068549274017,1.0],[0.8088394062462949,8.08839406246295,1.0],[0.4910678923283146,4.910678923283146,1.0],[0.7183875619927151,7.183875619927152,1.0],[0.44010133419268005,4.4010133419268005,1.0],[0.23511737188381732,2.351173718838173,1.0],[0.13179454335673724,1.3179454335673724,1.0],[0.47235541919868507,4.7235541919868504,1.0],[0.736485892218076,7.36485892218076,1.0],[0.020512092588616526,0.20512092588616526,1.0],[0.15372078110124265,1.5372078110124265,1.0],[0.9186126274153484,9.186126274153484,1.0],[0.5327250835103642,5.327250835103642,1.0],[0.5544157030510064,5.544157030510064,1.0],[0.6069379100604821,6.069379100604822,1.0],[0.14801757270189186,1.4801757270189186,1.0],[0.4404344830924649,4.404344830924649,1.0],[0.38949638513061857,3.8949638513061857,1.0],[0.720992959617223,7.20992959617223,1.0],[0.48989961614799515,4.8989961614799515,1.0],[0.6559321524303485,6.559321524303485,1.0],[0.9188878069642079,9.18887806964208,1.0],[0.48657298069770416,4.865729806977042,1.0],[0.7972300829849082,7.972300829849082,1.0],[0.5639219663957465,5.639219663957466,1.0],[0.961016524120257,9.61016524120257,1.0],[0.47644799508871905,4.764479950887191,1.0],[0.24879011707166054,2.487901170716605,1.0],[0.9490182751915078,9.490182751915079,1.0],[0.7422259987799357,7.4222599877993565,1.0],[0.14336464132504567,1.4336464132504567,1.0],[0.3587815743778219,3.5878157437782185,1.0],[0.4933829199950983,4.933829199950983,1.0],[0.05388988630637248,0.5388988630637248,1.0],[0.218161652046843,2.18161652046843,1.0],[0.11036855637231835,1.1036855637231835,1.0],[0.11019665525187328,1.1019665525187328,1.0],[0.08321860713308704,0.8321860713308704,1.0],[0.8548431956714836,8.548431956714836,1.0],[0.8379786013676603,8.379786013676604,1.0],[0.49692456318177003,4.9692456318177,1.0],[0.3383418526610099,3.3834185266100993,1.0],[0.8847267085145368,8.847267085145369,1.0],[0.7727073339099483,7.727073339099483,1.0],[0.4378611007868425,4.378611007868425,1.0],[0.36357237359531624,3.6357237359531624,1.0],[0.9993128545514127,9.993128545514127,1.0],[0.011407353725907177,0.11407353725907177,1.0],[0.683883535316853,6.8388353531685295,1.0],[0.5777677015169478,5.777677015169478,1.0],[0.279572135569809,2.79572135569809,1.0],[0.5251374991808218,5.251374991808218,1.0],[0.19595099082337364,1.9595099082337364,1.0],[0.6934430548580864,6.934430548580864,1.0]]
0_BehnkeGeiger_60_workers.fjs;1920.8290582690413;245140;[191,229,259,594,666,225,403,533,545,643,326,420,459,488,822,297,325,344,368,515,141,169,390,409,422,386,404,422,436,682,280,329,421,437,577,362,386,403,518,897,239,402,432,622,710,367,462,483,515,537,76,468,479,495,522,39,52,83,232,243,0,23,165,557,724,12,35,456,507,538,497,527,549,626,877,325,356,374,481,694,387,487,507,700,734,442,466,493,619,795,431,442,452,554,598,299,452,477,508,626,203,256,314,404,508,310,460,483,498,628,326,346,360,387,588,117,129,417,568,889,357,501,511,529,796,372,390,412,437,489,0,11,48,75,97,456,484,546,572,675,0,20,48,597,809,390,429,513,533,711,449,475,484,505,840,466,488,513,524,555,349,362,402,494,812,170,200,285,470,648,95,117,401,518,726,92,105,412,540,617,129,159,448,551,620,416,431,460,518,784,52,139,359,477,685,297,373,484,537,707,159,183,203,315,348,49,187,306,320,440,287,310,338,456,536,183,342,477,544,700,35,63,76,243,592,431,456,501,572,868,306,329,360,431,488,210,511,540,562,607,203,229,239,562,605,183,210,463,487,589,288,299,315,498,571,105,392,507,603,830,223,391,479,493,770,0,12,426,549,729,217,253,538,553,880,514,540,556,577,700,172,263,532,587,617,336,422,433,456,565,401,426,456,498,515,102,132,151,360,378,132,147,175,433,795,346,372,382,401,567,41,61,433,498,646,369,544,572,596,837,200,217,227,461,485,78,106,300,511,545,76,92,416,429,464,229,373,565,596,774,329,349,379,395,821,255,348,393,449,465,63,101,132,152,753,261,288,471,533,577,141,162,176,606,848,23,41,63,395,484,169,191,533,548,675,71,561,585,601,875,117,139,555,572,865,484,514,544,601,741,419,477,501,525,725,390,401,417,448,461,11,199,222,621,852,34,261,474,571,738,404,515,537,557,797,529,540,718,745,883,61,203,379,405,436,106,163,176,499,518,256,374,390,435,671,63,344,455,597,776,403,451,591,604,811,307,326,504,527,747,488,538,551,572,848,356,460,471,572,764,272,287,409,433,452,20,63,218,456,525,129,141,359,461,771,235,256,276,514,645,162,210,390,402,474,250,272,294,556,656,139,154,299,462,498,154,170,199,372,417];[0,17,28,30,58,0,43,22,13,59,3,31,5,12,58,0,49,23,18,56,0,17,31,21,56,1,11,43,46,59,2,4,11,37,57,1,43,55,54,58,3,6,34,17,57,0,32,40,25,56,1,38,24,53,59,2,38,5,16,58,1,41,8,30,57,0,20,6,36,57,2,29,51,16,57,0,27,41,26,59,3,43,14,42,57,2,31,27,30,56,2,52,40,19,59,3,52,22,48,57,0,21,9,35,59,3,28,8,34,56,2,34,31,53,58,2,37,24,43,59,3,22,19,18,59,2,44,50,14,57,2,34,8,19,56,1,54,28,24,57,3,8,4,43,58,0,5,45,21,58,0,13,48,6,56,2,45,47,52,57,1,24,26,52,59,3,44,37,33,58,3,50,38,31,58,0,49,18,12,59,2,43,42,38,58,2,4,36,38,56,2,49,6,31,58,2,14,13,16,59,2,20,54,31,58,3,43,11,20,56,1,17,46,55,59,2,4,52,36,57,0,44,29,16,56,1,27,50,44,58,1,21,20,26,59,1,12,33,22,56,2,12,39,33,57,1,16,17,41,57,3,55,26,31,58,0,18,27,17,56,1,35,27,16,58,0,33,38,15,56,3,47,35,52,56,1,23,6,55,56,1,47,36,17,56,3,21,48,9,56,2,13,33,4,58,1,18,8,21,57,1,48,14,55,57,2,36,38,20,59,1,13,21,8,57,3,30,15,25,59,3,30,25,8,58,2,24,37,22,58,0,52,5,10,56,2,35,18,15,56,1,5,34,25,57,2,35,41,32,57,0,5,48,15,59,3,11,4,25,56,1,25,39,30,59,1,6,5,34,56,0,50,45,50,58,3,28,33,48,59,3,22,44,51,56,1,30,40,33,58,0,50,11,55,59,2,24,42,8,58,2,42,33,25,57,3,16,37,13,59,1,16,7,53,58,2,20,42,40,58,1,20,5,51,59,2,22,45,54,57,0,6,26,51,56,2,49,26,34,57,0,38,22,50,56,2,50,13,46,56,2,38,17,30,58,0,4,42,7,57,1,9,31,6,59,3,6,20,13,58,0,15,46,37,59,0,36,13,28,56,1,32,6,23,59,1,37,13,23,59,3,9,18,40,56,3,42,55,20,59];[24,4,45,7,77,60,7,5,27,14,59,16,19,50,22,50,4,6,83,35,73,16,32,60,67,26,22,69,47,4,50,54,84,15,8,22,56,12,46,64,48,36,10,15,52,32,70,77,41,60,59,89,12,73,20,10,62,40,43,82,29,25,74,44,32,11,66,55,28,19,87,7,17,3,67,81,34,63,68,51,6,30,38,77,47,63,80,28,80,48,53,40,70,85,28,44,39,65,25,51,34,57,48,62,72,64,44,6,79,5,77,11,30,88,81,7,62,81,44,5,60,4,8,86,70,31,76,63,68,62,19,63,44,67,57,8,46,13,88,77,40,45,65,12,42,1,59,43,85,37,47,9,83,60,58,14,36,16,40,84,17,13,8,13,8,45,30,75,48,34,89,21,2,9,10,82,39,9,28,50,8,11,30,70,28,55,44,86,89,42,58,20,69,7,21,7,79,64,11,41,13,86,31,79,77,87,3,38,38,27,13,44,69,17,48,40,60,21,37,1,82,14,24,23,18,55,83,5,67,59,54,76,88,7,25,39,64,83,43,14,4,73,50,53,3,28,33,30,66,22,3,79,39,70,89,53,82,88,17,27,38,24,10,20,81,77,30,76,7,8,22,82,47,21,12,52,57,34,28,31,40,27,46,60,54,13,73,35,84,3,59,2,48,41,17,32,56,84,56,81,73,67,84,81,6,19,70,50,69,15,0,1,22,9,25,42,52,55,39,78,11,81,88,23,76,71,49,37,65,79,4,56,59,80,62,55,17,60,63,83,52,37,62,29,59,2,79,19,12,55,11,0,18,53,68,85,47,54,77,79,69,60,64,46,78,24,50,52,5,26,73,5,22,35,41,86,75,4,62,31,20,17,19,1,75,75,53,31,8,48,12,39,76,76,63,35,72,19,4,43,1,56,71,42,77,55,37,45,45,81,61,74,61,0,1,8,50,24,18,81,55,79,49,85,69,67,62,70,89,47,5,35,8,88,18,9,40,3,44,49,25,26,52,37,55,2,22,44,66,20,15,84,88,50,32,78,74,38,19,77,8,32,71,73,5,22,63,45,11,4,35,23,65,52,21,57,54,33,75,55,50,28,18,33,20,41,35,22,64,45,13,7,3,53,74,42,46,32,19,72];[[0.4831103964860096,4.831103964860096,1.0],[0.9021829992468611,9.02182999246861,1.0],[0.5374571935128641,5.374571935128642,1.0],[0.8761340971511191,8.761340971511192,1.0],[0.573156942708234,5.7315694270823405,1.0],[0.994523847851402,9.945238478514021,1.0],[0.3574465703190305,3.574465703190305,1.0],[0.6617299629663892,6.617299629663892,1.0],[0.4882872262788658,4.882872262788657,1.0],[0.5726412824777106,5.726412824777106,1.0],[0.32388398325139345,3.2388398325139347,1.0],[0.8072354510963532,8.072354510963532,1.0],[0.8087324055796944,8.087324055796945,1.0],[0.660852452150834,6.60852452150834,1.0],[0.5802577271631468,5.802577271631469,1.0],[0.04408639890691246,0.4408639890691246,1.0],[0.7725635994624831,7.725635994624831,1.0],[0.340181488474281,3.4018148847428096,1.0],[0.09506024617702258,0.9506024617702258,1.0],[0.23214768683087816,2.321476868308782,1.0],[0.29508457816293987,2.9508457816293987,1.0],[0.12277001052286385,1.2277001052286385,1.0],[0.47347375902937305,4.73473759029373,1.0],[0.8739362489567938,8.739362489567938,1.0],[0.5942988909169951,5.942988909169951,1.0],[0.3932636751035087,3.932636751035087,1.0],[0.356262027818981,3.5626202781898098,1.0],[0.8443312190299666,8.443312190299665,1.0],[0.7137768111623821,7.137768111623821,1.0],[0.541649960332778,5.416499603327781,1.0],[0.26577494883360064,2.657749488336006,1.0],[0.9303686520183944,9.303686520183943,1.0],[0.6647036321879223,6.647036321879223,1.0],[0.8481261874486201,8.4812618744862,1.0],[0.2743023069142022,2.743023069142022,1.0],[0.5987856125347181,5.9878561253471805,1.0],[0.4569423976865593,4.569423976865593,1.0],[0.33213605365278576,3.3213605365278576,1.0],[0.81263475330977,8.1263475330977,1.0],[0.5964941538505839,5.964941538505839,1.0],[0.9947889064585738,9.947889064585738,1.0],[0.8287071581836081,8.28707158183608,1.0],[0.018381501525532307,0.18381501525532307,1.0],[0.6100637867915101,6.1006378679151005,1.0],[0.28754239195595754,2.8754239195595757,1.0],[0.7986732822669409,7.986732822669409,1.0],[0.8174504530922707,8.174504530922707,1.0],[0.18940839630142858,1.8940839630142858,1.0],[0.9250951518484526,9.250951518484525,1.0],[0.5373164168533412,5.373164168533412,1.0],[0.8365277849121914,8.365277849121913,1.0],[0.6316914250178033,6.316914250178033,1.0],[0.15184034432706983,1.5184034432706983,1.0],[0.5281662867111906,5.281662867111906,1.0],[0.4583451302924175,4.583451302924175,1.0],[0.04230631300605814,0.4230631300605814,1.0],[0.1258096578607567,1.258096578607567,1.0],[0.06582033812283716,0.6582033812283716,1.0],[0.897419605140406,8.97419605140406,1.0],[0.47272098686609687,4.727209868660969,1.0],[0.19003538760239747,1.9003538760239747,1.0],[0.34250509114102723,3.4250509114102723,1.0],[0.22496847931809727,2.2496847931809727,1.0],[0.293396880055004,2.9339688005500397,1.0],[0.3753743367942156,3.753743367942156,1.0],[0.4599736060992935,4.599736060992935,1.0],[0.47948809501936374,4.794880950193638,1.0],[0.958573092010442,9.585730920104421,1.0],[0.03253904300604349,0.3253904300604349,1.0],[0.4348005170756857,4.348005170756856,1.0],[0.24880188012436077,2.4880188012436077,1.0],[0.93408987269609,9.3408987269609,1.0],[0.35770560301992216,3.5770560301992216,1.0],[0.22393216152842832,2.2393216152842834,1.0],[0.8671870642757824,8.671870642757824,1.0],[0.20511903908208484,2.0511903908208486,1.0],[0.5992675664028208,5.992675664028208,1.0],[0.6786791129322917,6.786791129322917,1.0],[0.9375637812513765,9.375637812513766,1.0],[0.3890912025981019,3.8909120259810193,1.0],[0.6288767973577327,6.288767973577327,1.0],[0.36699471368723124,3.669947136872312,1.0],[0.04690020251623861,0.4690020251623861,1.0],[0.8490856184138454,8.490856184138455,1.0],[0.8901673736704244,8.901673736704245,1.0],[0.9161787126503858,9.161787126503857,1.0],[0.1131043999360144,1.131043999360144,1.0],[0.7774537080224232,7.774537080224232,1.0],[0.03095965729693917,0.3095965729693917,1.0],[0.03970963579151632,0.3970963579151632,1.0]]
0_BehnkeGeiger_60_workers.fjs;1778.1043546417534;331030;[339,349,371,456,726,45,358,369,540,561,138,150,192,277,299,240,261,272,297,473,129,151,389,512,611,238,250,271,285,406,330,419,438,458,787,125,146,370,561,808,79,92,107,129,314,424,440,561,598,650,353,371,444,480,508,108,118,155,273,296,412,424,439,511,712,374,438,466,604,729,19,55,235,311,423,423,451,471,495,536,279,306,377,458,669,307,325,480,495,799,118,248,406,496,816,82,320,347,456,578,305,383,410,537,631,82,97,116,136,400,116,138,156,255,520,261,396,412,575,774,426,457,477,499,657,0,16,336,375,561,398,426,444,553,699,457,510,526,549,754,62,83,162,457,525,175,424,470,575,694,51,67,82,93,447,349,374,406,429,536,67,79,216,473,767,231,374,453,470,616,286,307,336,357,629,0,108,128,138,252,16,45,82,422,448,291,312,342,363,459,0,25,86,360,388,343,412,430,536,818,295,362,522,551,819,259,295,403,525,763,312,490,524,548,626,215,412,457,483,705,314,330,358,395,411,362,383,396,475,642,297,314,342,370,653,214,240,266,501,588,150,181,430,508,558,0,10,252,383,461,397,575,593,619,717,455,478,489,577,764,146,306,383,403,436,325,343,364,379,679,374,398,422,509,639,180,200,311,332,437,25,470,546,558,700,106,129,182,375,466,250,266,384,419,492,329,343,398,555,735,97,152,273,283,311,437,497,521,624,670,67,82,175,481,580,108,261,357,492,782,361,524,551,564,754,277,286,309,399,521,343,353,477,490,515,92,128,297,311,342,148,169,192,579,716,388,412,436,446,759,190,508,540,584,801,190,215,242,538,685,221,409,560,584,746,22,41,205,455,612,185,214,244,388,430,455,483,521,546,600,10,129,194,376,398,37,63,320,345,477,249,320,346,379,418,384,398,471,493,573,399,432,457,544,604,485,509,522,543,809,278,423,444,481,598,181,190,210,546,625,167,185,291,526,796,208,231,248,273,293,41,65,237,297,432,342,362,388,419,736,440,478,496,521,724,63,76,104,192,220,41,51,216,436,779,266,279,307,558,744,278,297,320,500,539,423,437,453,561,669,169,180,481,497,600,200,221,418,515,672,383,457,487,551,638,104,269,286,393,558,151,210,235,371,383,92,104,349,370,701];[0,43,45,55,59,3,23,30,19,59,2,28,28,25,57,3,42,9,42,59,3,7,5,39,56,2,10,43,39,57,3,35,17,22,59,1,26,21,40,58,2,7,55,18,59,2,32,55,17,59,2,41,26,43,56,0,8,6,31,59,2,43,45,50,58,0,35,5,35,58,0,36,17,52,58,0,27,29,27,56,2,40,15,17,56,1,47,27,29,58,0,30,28,36,57,0,9,20,32,56,2,38,26,4,56,1,49,46,32,56,2,35,29,53,57,3,8,47,40,56,1,28,17,22,56,3,4,48,14,56,1,46,14,17,59,1,4,18,37,56,3,28,38,43,56,1,44,45,20,57,2,27,10,26,57,0,11,44,55,57,2,25,14,44,58,1,5,11,30,59,1,48,5,15,57,2,51,36,6,58,3,41,27,29,59,2,4,39,36,57,1,49,5,48,57,1,51,14,17,58,0,19,17,31,56,1,34,14,20,59,0,5,32,10,58,2,9,39,21,57,3,23,38,33,59,3,8,49,22,56,3,10,21,10,58,3,16,46,5,58,2,22,51,33,57,0,20,45,41,58,0,55,24,32,57,2,15,4,19,56,1,55,23,18,58,1,35,52,34,57,2,29,52,22,57,0,37,28,18,56,1,11,28,38,58,3,38,6,9,56,2,50,45,55,57,2,10,6,23,57,1,38,17,28,58,3,30,23,35,59,0,51,7,11,57,1,17,5,12,57,1,31,53,41,58,1,21,25,45,59,2,7,5,15,58,3,48,52,21,56,0,33,45,17,59,2,31,8,44,57,1,43,37,30,56,2,44,4,22,56,0,48,30,28,57,2,36,6,9,58,3,35,15,51,59,3,31,30,50,59,0,14,22,36,58,1,22,42,14,56,0,12,41,52,56,1,12,50,50,59,3,39,50,18,57,1,17,28,40,59,3,26,53,54,58,2,21,53,23,59,3,14,46,4,57,1,30,31,27,56,0,5,53,50,57,3,51,35,6,59,2,36,24,51,56,1,38,14,33,58,2,25,6,31,58,2,12,24,7,56,0,9,20,31,59,3,11,52,19,57,0,40,30,38,56,0,47,12,15,58,3,51,7,20,59,2,30,55,20,58,3,17,45,43,56,2,43,47,27,56];[77,3,52,26,63,71,34,4,37,48,52,35,6,44,73,4,36,62,86,17,62,84,63,46,64,48,51,54,18,58,7,75,71,47,18,27,23,25,71,74,6,31,41,80,52,42,17,37,76,47,73,8,33,87,17,45,84,19,56,24,32,51,28,33,71,81,88,62,31,18,28,56,55,26,70,48,48,84,30,18,35,76,34,40,10,87,16,15,43,40,55,52,77,22,11,54,21,71,32,71,72,6,84,63,41,60,14,66,12,85,85,8,45,76,18,86,24,13,23,83,15,63,11,41,74,88,18,72,2,30,64,54,11,81,19,77,6,9,6,36,57,42,82,15,15,53,24,86,19,2,60,43,24,70,27,59,77,47,32,55,27,21,70,28,32,16,13,54,37,15,30,31,13,78,34,57,11,87,18,71,75,15,17,43,72,66,39,38,55,38,58,88,67,16,18,9,74,49,29,25,39,37,78,8,32,44,7,54,17,52,67,6,52,10,16,65,5,18,60,59,84,69,66,37,11,60,83,7,56,61,4,12,21,14,6,37,1,83,4,88,28,72,74,87,50,76,82,3,41,5,59,75,36,67,68,1,89,68,54,79,14,41,66,35,79,32,49,32,68,33,59,51,40,70,55,44,63,64,83,52,3,82,16,1,1,77,56,23,61,66,72,60,19,0,39,47,17,28,85,57,61,13,32,43,78,31,3,66,51,81,60,45,5,63,31,67,10,35,38,8,85,84,23,42,74,38,65,54,83,3,79,57,59,21,36,6,11,62,81,7,10,6,24,15,89,5,30,26,0,27,29,37,7,46,89,49,25,46,78,36,73,83,39,25,14,45,25,61,31,37,57,36,22,50,80,51,32,16,51,52,63,29,68,28,73,40,66,41,61,14,70,86,1,26,39,51,16,34,42,43,19,58,87,12,77,75,25,59,89,9,68,57,20,31,57,4,89,44,75,70,89,69,6,77,15,28,58,65,27,25,19,0,15,34,46,37,53,0,12,0,22,1,64,61,69,69,36,15,82,0,65,32,11,65,79,13,48,51,55,24,7,33,53,52,39,16,85,75,82,78,54,39,85,5,80,19,5,44,83,53,42,29,46,11,3,52,15,76,9,16,68,89,80,39,3,41,60,26,9,12];[[0.34661995661142697,3.4661995661142697,1.0],[0.2286410960833074,2.286410960833074,1.0],[0.012392470279078194,0.12392470279078194,1.0],[0.9308270259025113,9.308270259025113,1.0],[0.3225145761620236,3.225145761620236,1.0],[0.0006954578022455582,0.006954578022455582,1.0],[0.2097170717940725,2.097170717940725,1.0],[0.5179602272351016,5.179602272351016,1.0],[0.7628222106217201,7.6282221062172,1.0],[0.3089717897377221,3.089717897377221,1.0],[0.15113122452813788,1.5113122452813788,1.0],[0.07045772229012492,0.7045772229012492,1.0],[0.8725064026541692,8.725064026541693,1.0],[0.3074981421409557,3.074981421409557,1.0],[0.272859759997538,2.7285975999753798,1.0],[0.9838464878398866,9.838464878398867,1.0],[0.7385079487399623,7.385079487399623,1.0],[0.7690782380223464,7.690782380223464,1.0],[0.7347776517949599,7.347776517949599,1.0],[0.040110031230356946,0.40110031230356946,1.0],[0.7832762173461114,7.832762173461115,1.0],[0.9889075602289727,9.889075602289727,1.0],[0.9868030389001332,9.868030389001332,1.0],[0.09156288276254032,0.9156288276254032,1.0],[0.6169801532161481,6.169801532161481,1.0],[0.9026788995265191,9.026788995265191,1.0],[0.7985407520091817,7.985407520091817,1.0],[0.3776281884996082,3.776281884996082,1.0],[0.3548331359348883,3.548331359348883,1.0],[0.4034509368723006,4.034509368723006,1.0],[0.5249010978369003,5.249010978369003,1.0],[0.41070078970850576,4.107007897085058,1.0],[0.63967628453626,6.3967628453626,1.0],[0.644865700493546,6.44865700493546,1.0],[0.7187044523063962,7.187044523063962,1.0],[0.4606778023011676,4.606778023011676,1.0],[0.947243245359423,9.47243245359423,1.0],[0.5480976670697533,5.480976670697533,1.0],[0.5212437467785531,5.212437467785531,1.0],[0.9974770776792315,9.974770776792315,1.0],[0.8347236528324226,8.347236528324226,1.0],[0.5920335208252621,5.92033520825262,1.0],[0.5281200476143402,5.281200476143402,1.0],[0.9947145418085902,9.947145418085903,1.0],[0.3807311818221505,3.807311818221505,1.0],[0.16524593628445206,1.6524593628445206,1.0],[0.360275223783056,3.60275223783056,1.0],[0.08085968119624642,0.8085968119624642,1.0],[0.8395205202311514,8.395205202311514,1.0],[0.9614069909390023,9.614069909390023,1.0],[0.08576140927512577,0.8576140927512577,1.0],[0.06230204186426158,0.6230204186426158,1.0],[0.48309802210777264,4.830980221077726,1.0],[0.7527011136301647,7.527011136301647,1.0],[0.5653273490612396,5.653273490612396,1.0],[0.14308306009955207,1.4308306009955207,1.0],[0.9027442860174946,9.027442860174945,1.0],[0.39175874054121795,3.9175874054121795,1.0],[0.04470890378303016,0.4470890378303016,1.0],[0.4575329191628308,4.575329191628308,1.0],[0.44418114285306354,4.441811428530635,1.0],[0.0791756906829707,0.791756906829707,1.0],[0.37770490385691646,3.7770490385691646,1.0],[0.24872151644563356,2.4872151644563356,1.0],[0.31414454419740034,3.141445441974003,1.0],[0.40750067283296354,4.075006728329635,1.0],[0.17219359428721337,1.7219359428721337,1.0],[0.3882072229758389,3.8820722297583887,1.0],[0.7592365563423323,7.592365563423323,1.0],[0.222327149798478,2.22327149798478,1.0],[0.563344095817858,5.63344095817858,1.0],[0.06385831253616747,0.6385831253616747,1.0],[0.4915379293409209,4.915379293409209,1.0],[0.6493348169788958,6.493348169788958,1.0],[0.35923654185193077,3.5923654185193077,1.0],[0.011177057117131461,0.11177057117131461,1.0],[0.2733467293051436,2.7334672930514357,1.0],[0.5355549647286275,5.355549647286275,1.0],[0.6301964483914466,6.301964483914466,1.0],[0.13021308409642796,1.3021308409642796,1.0],[0.25996455672831287,2.5996455672831287,1.0],[0.08504584081016042,0.8504584081016042,1.0],[0.7433003345161341,7.433003345161341,1.0],[0.18226229691513296,1.8226229691513296,1.0],[0.9489642736607146,9.489642736607145,1.0],[0.8673076709060825,8.673076709060826,1.0],[0.2783750143398719,2.783750143398719,1.0],[0.779542699505796,7.79542699505796,1.0],[0.05243151622562159,0.5243151622562159,1.0],[0.5237802038743088,5.237802038743088,1.0]]
0_BehnkeGeiger_60_workers.fjs;2040.5205081975491;252640;[197,286,520,600,628,407,563,584,621,633,307,319,392,687,949,207,230,502,512,647,75,103,585,629,821,360,394,404,452,904,197,223,300,606,833,0,27,487,509,566,248,271,668,680,954,453,632,660,687,922,412,431,440,519,864,281,295,609,638,903,420,501,604,632,869,245,268,587,614,804,111,130,152,335,650,163,194,205,335,678,38,59,525,616,805,180,197,213,542,611,33,62,675,709,753,344,355,377,429,445,129,330,347,583,700,211,319,569,638,925,159,177,190,218,247,194,219,337,364,394,139,170,392,412,604,240,266,288,595,892,75,99,318,419,810,177,288,715,729,816,424,451,559,587,634,307,467,537,590,617,288,307,318,351,820,27,48,361,429,669,451,464,482,553,942,399,412,631,654,848,261,288,404,502,828,334,360,419,445,948,183,295,466,531,844,319,527,559,569,691,324,572,585,632,745,0,434,467,492,599,48,72,88,428,734,355,509,537,568,845,405,599,658,705,922,143,164,394,609,895,444,460,534,612,782,293,314,621,645,702,21,32,124,404,420,519,632,650,669,805,295,400,413,425,479,232,250,440,551,595,0,10,377,579,712,10,33,55,185,534,109,373,384,745,907,378,407,475,628,905,543,568,611,628,651,522,553,563,598,747,72,465,570,650,768,347,373,385,525,712,373,405,424,452,470,103,129,156,470,594,510,519,531,551,886,230,545,562,573,583,402,420,492,536,717,164,183,482,705,794,491,512,542,572,843,500,510,525,534,780,475,491,501,520,878,342,360,385,394,435,117,143,391,522,549,93,117,522,633,661,334,344,373,542,574,320,347,360,593,737,268,307,374,404,690,18,50,312,347,590,431,453,482,601,837,130,190,218,369,729,223,240,421,447,468,49,385,482,512,775,62,86,250,319,640,266,281,417,628,768,460,519,620,651,893,320,347,604,631,659,385,515,542,569,623,250,261,559,576,756,32,49,74,102,525,82,452,466,573,916,86,213,549,680,866,477,536,576,595,715,464,477,487,502,515,314,324,351,362,374,219,583,660,691,866,512,522,536,658,792,271,293,435,562,726,360,378,391,566,772,153,163,340,497,881,378,399,601,623,763,170,341,501,564,947,0,21,35,385,622,99,413,595,607,676,295,307,326,501,515];[3,25,6,33,56,2,28,33,34,59,2,31,28,8,59,3,36,13,31,59,0,32,48,47,57,3,55,38,12,58,1,24,42,35,57,2,40,21,54,59,3,41,48,16,58,0,34,8,25,56,0,38,25,12,59,1,54,6,52,59,3,40,45,32,56,0,53,52,31,57,3,36,50,50,57,0,6,46,11,56,1,42,14,23,59,1,4,23,31,56,3,53,14,8,56,2,19,23,5,58,0,31,23,35,57,2,50,52,6,57,3,34,43,52,56,0,40,40,40,57,1,13,18,47,58,1,44,48,15,59,1,23,10,5,56,3,44,28,23,58,1,44,4,40,57,0,44,21,21,59,2,43,47,17,56,2,55,47,53,59,1,24,13,32,58,0,53,39,35,58,2,50,43,30,59,3,15,17,53,57,2,41,22,49,56,2,4,52,42,59,3,48,7,22,59,1,22,12,19,57,2,7,18,43,57,2,21,10,51,57,1,7,14,11,59,2,29,26,21,57,3,23,37,44,57,3,48,48,48,56,0,45,23,5,57,1,45,4,21,58,1,22,29,34,56,2,24,38,40,56,3,52,18,15,58,3,18,5,39,59,1,5,25,19,57,2,32,38,55,56,0,47,7,24,58,0,28,15,23,58,2,38,31,45,56,1,26,49,39,59,1,16,12,5,56,0,20,39,5,59,1,49,40,46,58,3,39,22,35,56,3,42,12,9,56,2,28,24,16,59,0,29,48,38,59,1,14,37,19,56,0,54,6,20,59,0,22,55,9,57,2,17,20,54,57,2,51,28,48,58,2,5,28,29,57,1,26,4,38,56,0,30,43,52,58,1,9,41,31,58,0,35,4,48,58,3,31,43,48,58,1,38,52,9,58,0,22,35,13,58,3,35,43,53,56,1,42,43,7,59,3,16,38,5,56,0,9,39,14,56,3,24,24,55,57,2,25,41,30,59,0,33,44,12,57,2,22,45,22,58,3,4,54,48,57,1,41,32,44,57,1,21,30,49,59,3,15,12,43,56,0,39,34,28,58,0,9,30,6,57,3,10,34,39,59,0,20,41,19,57,0,31,47,38,57,0,45,22,28,57,1,48,4,21,56,0,5,25,26,58,1,22,24,40,57,0,49,17,24,57];[77,15,46,46,88,78,49,74,2,73,8,88,59,18,37,9,56,36,85,65,57,46,63,40,89,51,87,37,42,2,44,23,82,41,45,61,80,32,24,35,6,11,80,58,68,9,36,29,62,79,34,3,6,74,20,58,58,64,27,35,30,10,42,1,83,86,68,78,40,87,42,56,12,87,88,11,10,85,80,14,33,71,0,34,29,24,32,24,64,23,55,86,25,64,71,7,74,85,23,70,72,29,42,73,28,77,8,57,61,84,72,41,82,37,75,7,61,21,53,1,15,64,69,39,86,48,18,48,4,53,61,13,57,47,53,4,66,25,8,41,41,36,81,68,60,32,86,88,64,83,29,76,11,76,76,56,59,25,84,5,45,1,42,45,18,36,76,48,39,44,40,39,9,3,9,28,41,87,69,51,37,64,19,52,3,40,22,16,4,19,15,47,8,42,9,45,86,36,76,8,42,56,11,77,42,71,48,50,55,55,13,83,58,58,0,47,48,33,63,13,39,55,65,66,69,84,12,82,24,61,89,71,65,87,48,66,79,16,51,0,79,50,77,50,50,55,63,79,71,7,40,12,42,79,73,2,89,67,14,42,69,10,76,68,44,62,45,6,23,24,55,19,19,66,51,2,0,58,44,47,28,56,34,86,88,70,66,89,13,46,45,54,10,31,72,45,50,78,18,26,43,37,20,37,73,31,46,48,51,89,48,73,37,35,33,36,28,10,81,88,28,86,86,10,57,16,13,12,61,57,31,20,44,47,61,18,5,38,8,72,82,60,12,51,2,49,25,45,46,69,44,84,18,8,66,75,27,46,3,10,21,21,63,72,77,8,33,80,47,42,12,71,4,2,74,79,74,4,20,6,42,85,57,40,33,61,7,78,54,33,35,84,78,39,30,0,16,36,44,9,48,43,65,44,4,70,29,57,80,17,5,36,85,42,30,68,71,50,44,83,51,1,9,16,34,48,21,78,0,73,5,5,63,22,80,24,68,56,15,49,57,12,2,70,30,73,71,20,58,68,80,37,1,50,5,45,68,49,73,12,37,77,42,46,68,62,80,49,61,78,46,53,83,84,35,13,46,20,9,39,65,54,17,11,70,6,45,11,78,7,82,88,79,11,56,21,65,74,52,65];[[0.8559393885152179,8.55939388515218,1.0],[0.8004839408308784,8.004839408308783,1.0],[0.5938433496209707,5.938433496209708,1.0],[0.8870093324131678,8.870093324131679,1.0],[0.741558169706834,7.4155816970683395,1.0],[0.8097670389513107,8.097670389513107,1.0],[0.2247324103169328,2.247324103169328,1.0],[0.9761818800633866,9.761818800633865,1.0],[0.6339038774096737,6.339038774096737,1.0],[0.5580285642552777,5.580285642552777,1.0],[0.4463526500656817,4.463526500656817,1.0],[0.28336462923826333,2.8336462923826335,1.0],[0.9019880415639555,9.019880415639555,1.0],[0.03268507148422006,0.32685071484220063,1.0],[0.4362825217209084,4.3628252172090844,1.0],[0.18851543397694082,1.8851543397694082,1.0],[0.9250090249429151,9.250090249429151,1.0],[0.9012349700248556,9.012349700248556,1.0],[0.12108560404704316,1.2108560404704316,1.0],[0.9174015512221217,9.174015512221217,1.0],[0.6336036775858569,6.3360367758585685,1.0],[0.8916415369189501,8.916415369189501,1.0],[0.9427537000908234,9.427537000908234,1.0],[0.6474269734768437,6.474269734768438,1.0],[0.2944017446773023,2.9440174467730227,1.0],[0.22784863884628848,2.278486388462885,1.0],[0.026726933813205345,0.26726933813205345,1.0],[0.5708724060922277,5.708724060922277,1.0],[0.09143396648058832,0.9143396648058832,1.0],[0.9728808105837072,9.728808105837071,1.0],[0.04913857274611522,0.49138572746115217,1.0],[0.8163054842016593,8.163054842016592,1.0],[0.12136143786009423,1.2136143786009423,1.0],[0.39347747924753973,3.9347747924753973,1.0],[0.7612563626694716,7.612563626694716,1.0],[0.2669682491794272,2.669682491794272,1.0],[0.032329137447332346,0.32329137447332346,1.0],[0.27066047462765497,2.7066047462765495,1.0],[0.8705591702034446,8.705591702034447,1.0],[0.8809847340925547,8.809847340925547,1.0],[0.18409719287978143,1.8409719287978143,1.0],[0.20156279965759893,2.015627996575989,1.0],[0.5164915614426145,5.164915614426145,1.0],[0.4956047792365974,4.956047792365974,1.0],[0.6077297164851029,6.0772971648510286,1.0],[0.9001180841411072,9.001180841411072,1.0],[0.78410741646787,7.8410741646787,1.0],[0.4806185677402214,4.806185677402214,1.0],[0.1147765683905323,1.147765683905323,1.0],[0.07024459811816619,0.7024459811816619,1.0],[0.3187451092517546,3.187451092517546,1.0],[0.0073062864940089955,0.07306286494008996,1.0],[0.5205444033755386,5.205444033755386,1.0],[0.6250968201912236,6.250968201912236,1.0],[0.25055568445480136,2.5055568445480136,1.0],[0.615922435604406,6.15922435604406,1.0],[0.3870907125242423,3.8709071252424234,1.0],[0.21814785067570475,2.1814785067570472,1.0],[0.8734963280117019,8.734963280117018,1.0],[0.28722080489037183,2.872208048903718,1.0],[0.09639359128751424,0.9639359128751424,1.0],[0.7548858731919171,7.548858731919172,1.0],[0.6851727386050028,6.851727386050028,1.0],[0.051174076075845676,0.5117407607584568,1.0],[0.17887018113864828,1.7887018113864828,1.0],[0.609251556117635,6.09251556117635,1.0],[0.24984154075152953,2.4984154075152953,1.0],[0.368174715277632,3.68174715277632,1.0],[0.05876744192941186,0.5876744192941186,1.0],[0.12260955919754979,1.226095591975498,1.0],[0.45916262109070083,4.591626210907008,1.0],[0.4009271808935736,4.009271808935736,1.0],[0.46504811859381157,4.650481185938116,1.0],[0.21320952910254887,2.1320952910254887,1.0],[0.6247271975216867,6.247271975216867,1.0],[0.28525256320918047,2.8525256320918047,1.0],[0.6348406939976744,6.348406939976744,1.0],[0.8319882392437383,8.319882392437384,1.0],[0.8395421352998061,8.395421352998062,1.0],[0.019614941273996434,0.19614941273996434,1.0],[0.5413984842077535,5.413984842077535,1.0],[0.2718798292635384,2.718798292635384,1.0],[0.4481717263007644,4.481717263007644,1.0],[0.26376858333274344,2.6376858333274344,1.0],[0.3349547069458171,3.349547069458171,1.0],[0.5175169666891029,5.175169666891028,1.0],[0.6865980117314152,6.865980117314152,1.0],[0.12545365307174206,1.2545365307174206,1.0],[0.02272642984071671,0.2272642984071671,1.0],[0.7308912721040333,7.308912721040333,1.0]]
0_BehnkeGeiger_60_workers.fjs;1937.7955719958866;76610;[249,259,283,623,787,237,250,456,613,873,44,57,84,112,371,385,404,475,489,613,468,517,580,601,705,127,144,300,328,803,207,238,265,422,640,57,346,359,435,458,250,264,481,495,510,184,198,220,566,741,49,425,451,468,495,472,486,510,534,723,414,434,449,475,774,350,381,566,580,658,70,321,535,545,824,446,462,472,534,650,14,254,276,459,856,176,197,221,237,641,340,350,503,525,775,254,325,352,406,434,458,476,548,600,746,349,363,460,593,803,226,254,279,310,749,198,210,221,381,543,0,352,373,389,697,299,310,525,548,618,118,128,376,647,842,197,226,282,361,624,475,503,529,559,624,384,397,411,468,522,363,385,425,444,893,152,173,221,495,835,310,332,400,495,566,332,525,551,566,871,434,458,563,689,797,82,322,337,543,591,433,582,608,639,826,267,283,359,529,848,434,476,635,649,692,67,80,167,398,888,267,281,316,328,395,0,20,47,358,422,28,44,403,496,877,345,363,525,553,788,311,326,434,628,858,13,128,313,425,635,254,482,506,672,835,80,108,325,346,369,422,446,578,600,885,38,56,249,298,494,310,357,514,665,725,286,321,341,433,729,144,237,580,593,764,36,237,414,451,525,136,275,448,467,581,56,84,301,466,611,374,385,470,582,796,181,203,224,427,460,324,352,379,449,468,96,127,561,589,678,104,118,149,319,479,381,408,608,628,699,20,36,140,155,395,397,425,437,613,712,98,120,519,535,603,259,286,332,431,527,0,14,303,322,535,281,299,332,358,379,210,425,456,491,519,73,103,128,174,650,451,466,489,602,653,149,176,279,359,676,103,282,497,527,540,385,400,448,529,563,152,181,371,510,757,221,470,497,624,644,307,541,629,657,680,44,84,210,423,472,128,232,446,460,578,24,546,563,587,808,175,207,249,290,395,283,307,332,419,540,282,386,444,477,506,404,422,439,496,861,120,265,439,466,506,203,262,481,503,709,124,152,174,495,883,486,501,527,547,807,425,496,529,541,745,462,475,495,506,724,27,44,68,503,596,326,349,392,506,594,363,406,425,542,661,10,369,559,580,607,400,414,595,613,901,154,236,545,639,676,0,13,243,369,559,352,374,401,436,468,238,254,477,527,559,173,398,512,524,897];[3,6,21,37,58,2,37,33,19,59,2,29,39,9,58,1,42,10,17,56,0,17,6,52,56,0,8,40,53,56,0,23,49,33,57,2,18,52,53,59,2,5,54,19,57,2,33,4,19,58,0,27,24,18,58,2,7,19,16,56,3,14,10,6,59,2,40,22,45,59,1,30,51,7,59,1,7,4,10,58,1,50,25,29,56,1,47,35,28,58,2,23,18,18,57,1,27,22,4,56,3,44,48,48,56,3,39,42,27,59,1,32,13,55,59,2,27,14,41,59,3,27,10,15,59,0,30,48,6,57,2,16,16,28,59,1,44,40,17,56,1,28,27,43,59,0,54,21,21,58,3,8,9,13,58,2,24,47,53,58,0,24,27,39,57,0,14,38,29,56,3,48,4,28,57,2,6,17,46,58,2,43,43,50,56,2,6,18,37,57,0,49,6,55,57,0,22,15,36,56,0,43,18,40,58,0,8,55,16,58,2,17,32,11,57,0,34,6,18,56,3,20,29,28,58,2,6,49,11,56,0,20,23,8,57,0,29,18,5,57,1,23,48,34,59,3,26,36,43,57,2,53,22,28,58,3,48,47,34,57,0,35,27,8,58,0,34,42,27,57,1,39,34,46,59,3,46,49,20,58,1,32,53,18,58,3,38,36,39,57,1,7,36,14,58,0,51,6,19,56,2,12,15,25,58,2,39,38,29,58,0,16,7,10,57,0,26,52,29,59,1,7,54,55,59,3,27,41,32,59,1,55,6,35,58,0,18,16,36,56,2,42,23,54,56,3,6,31,10,56,0,31,49,14,57,1,46,5,40,58,3,49,44,30,56,3,29,29,31,59,3,34,23,51,56,3,29,32,48,59,1,28,52,23,57,1,29,5,13,57,2,50,42,54,56,3,14,12,54,57,0,46,39,25,59,1,16,38,34,57,2,11,9,23,59,1,20,54,46,59,1,23,20,51,58,3,37,31,37,57,3,5,26,51,58,2,41,34,32,58,0,22,28,38,57,1,19,12,16,59,1,37,30,31,56,3,11,34,6,57,0,11,45,18,58,3,11,27,14,57,3,53,29,36,56,0,5,22,43,59,2,48,4,5,58,1,9,13,21,56,0,11,27,41,56,2,41,53,25,57];[77,35,15,47,14,18,18,27,19,76,39,5,77,67,56,87,74,13,73,88,78,49,52,52,76,63,43,53,89,48,37,60,70,68,41,9,61,29,1,48,3,63,66,2,55,26,58,76,54,28,41,31,78,46,87,51,72,28,77,33,84,55,74,19,68,50,61,23,27,87,14,29,23,36,83,17,51,76,28,72,44,75,48,50,0,63,44,67,69,40,60,56,75,33,7,54,22,80,13,81,34,6,2,81,41,11,71,39,59,28,46,11,63,0,80,7,70,32,10,29,30,23,45,6,13,68,1,48,37,70,10,56,33,20,68,55,5,51,65,43,75,32,12,41,11,41,79,38,73,11,77,84,27,72,36,56,5,57,54,36,15,48,27,50,31,38,75,54,0,25,45,84,29,58,76,45,82,30,88,55,11,78,75,4,23,51,74,15,36,31,79,34,43,48,65,15,88,21,72,81,66,77,22,3,69,8,16,23,1,42,69,44,3,3,31,70,52,88,52,37,36,20,84,78,20,12,33,5,44,35,88,20,21,30,88,21,61,25,21,25,0,27,18,11,89,12,12,22,41,45,68,63,42,72,4,19,1,27,82,73,69,81,14,61,67,52,10,59,63,8,31,0,56,3,71,82,5,34,49,50,39,29,50,41,2,51,11,86,52,0,41,31,65,6,62,42,81,27,85,8,86,51,41,81,32,85,65,78,73,41,49,29,11,0,36,58,86,15,47,37,1,11,71,51,57,85,25,35,19,6,29,20,44,14,74,78,24,28,54,28,10,50,64,52,53,19,85,6,86,57,46,79,82,30,16,75,46,62,10,41,50,3,86,46,89,27,66,38,2,83,57,29,19,39,84,9,21,10,49,31,42,26,30,30,74,40,66,7,37,18,44,57,0,53,35,83,69,79,19,4,56,47,9,85,25,16,35,74,11,18,9,13,37,80,27,68,88,18,43,35,80,31,66,29,70,25,72,59,7,18,23,55,2,9,42,46,40,47,8,1,56,78,54,80,81,69,30,83,1,9,38,32,29,36,7,13,79,80,48,26,20,56,67,61,1,68,12,87,4,43,2,83,17,23,30,67,78,82,25,17,19,31,84,18,12,48,4,23,65,10,2,51,35,1,20,73,32,34,70,19];[[0.5198238265685563,5.198238265685563,1.0],[0.9583988744400509,9.583988744400509,1.0],[0.3402956357666065,3.402956357666065,1.0],[0.7081849781179302,7.081849781179303,1.0],[0.9252189405445452,9.252189405445453,1.0],[0.05032666735654623,0.5032666735654623,1.0],[0.6613275461751585,6.613275461751585,1.0],[0.82711411373077,8.271141137307701,1.0],[0.8734961127808921,8.734961127808921,1.0],[0.5913019030238962,5.913019030238962,1.0],[0.11264722490163037,1.1264722490163037,1.0],[0.34477784983246407,3.4477784983246407,1.0],[0.011377599382669468,0.11377599382669468,1.0],[0.7909742881977946,7.909742881977946,1.0],[0.3277964015146908,3.277964015146908,1.0],[0.22222795698924247,2.2222795698924247,1.0],[0.14676573527209236,1.4676573527209236,1.0],[0.040648812187981,0.40648812187981,1.0],[0.14328037004549943,1.4328037004549943,1.0],[0.10349201402412567,1.0349201402412567,1.0],[0.2300149081299988,2.3001490812999883,1.0],[0.34985110243749995,3.4985110243749995,1.0],[0.866750807284636,8.66750807284636,1.0],[0.14758827376144812,1.4758827376144812,1.0],[0.22391440251713068,2.239144025171307,1.0],[0.24865543755958186,2.4865543755958184,1.0],[0.2300130943157953,2.300130943157953,1.0],[0.8293061040602848,8.293061040602849,1.0],[0.43895527513494326,4.389552751349433,1.0],[0.44969387575897835,4.496938757589783,1.0],[0.3412024287409555,3.4120242874095554,1.0],[0.9004679331719968,9.004679331719968,1.0],[0.43962892413733223,4.3962892413733226,1.0],[0.45751138605113895,4.575113860511389,1.0],[0.5639201948280074,5.639201948280074,1.0],[0.6726986423945157,6.726986423945157,1.0],[0.6597005192680269,6.597005192680268,1.0],[0.9102187034878934,9.102187034878934,1.0],[0.5766896035151798,5.766896035151799,1.0],[0.4155337643506154,4.155337643506154,1.0],[0.35757675057500693,3.5757675057500693,1.0],[0.5416053049315015,5.416053049315015,1.0],[0.24141379817839304,2.4141379817839304,1.0],[0.14373377933442777,1.4373377933442777,1.0],[0.05947898491433379,0.5947898491433379,1.0],[0.49975509403239127,4.9975509403239124,1.0],[0.3186129737753496,3.186129737753496,1.0],[0.7700173830289908,7.700173830289908,1.0],[0.48539290197593976,4.853929019759398,1.0],[0.4627755002794737,4.6277550027947365,1.0],[0.5376316431809531,5.376316431809531,1.0],[0.9085166904492054,9.085166904492054,1.0],[0.8894638917603915,8.894638917603915,1.0],[0.7295709856829492,7.295709856829492,1.0],[0.10156484356406248,1.0156484356406248,1.0],[0.7756986430311787,7.7569864303117875,1.0],[0.2646734419538803,2.646734419538803,1.0],[0.08522369075097047,0.8522369075097047,1.0],[0.05298946435344931,0.5298946435344931,1.0],[0.15739225219713138,1.5739225219713138,1.0],[0.4318886991151929,4.318886991151929,1.0],[0.633165302477868,6.33165302477868,1.0],[0.24439281766986376,2.4439281766986376,1.0],[0.8989634350161788,8.989634350161788,1.0],[0.5191347024590356,5.191347024590356,1.0],[0.6810385741390934,6.8103857413909346,1.0],[0.16547355180616963,1.6547355180616963,1.0],[0.7628548802754104,7.6285488027541035,1.0],[0.3141854421416449,3.1418544214164488,1.0],[0.41192209034050886,4.119220903405089,1.0],[0.02240642416721894,0.2240642416721894,1.0],[0.6263477255847869,6.263477255847869,1.0],[0.6946401733451906,6.946401733451905,1.0],[0.5537872676983423,5.537872676983423,1.0],[0.14353633683289113,1.4353633683289113,1.0],[0.3828088769666892,3.828088769666892,1.0],[0.20550831512341627,2.0550831512341627,1.0],[0.8424160101430348,8.424160101430347,1.0],[0.33056458054195836,3.3056458054195836,1.0],[0.9503462496022802,9.503462496022802,1.0],[0.733658429518869,7.33658429518869,1.0],[0.7327837389781332,7.327837389781332,1.0],[0.5833156544997408,5.833156544997408,1.0],[0.2636719126307169,2.6367191263071685,1.0],[0.7038517121832796,7.038517121832796,1.0],[0.9859996488049411,9.859996488049411,1.0],[0.3427619282161496,3.427619282161496,1.0],[0.731149933057056,7.31149933057056,1.0],[0.24180730800578631,2.418073080057863,1.0],[0.8057399760917423,8.057399760917423,1.0]]
0_BehnkeGeiger_60_workers.fjs;1933.3473609262019;133100;[112,288,442,469,657,363,429,456,479,499,364,393,456,484,514,486,505,515,643,863,10,462,501,575,759,220,238,262,282,309,188,216,244,266,567,288,313,336,361,487,197,402,550,588,869,0,18,383,397,542,294,317,444,459,499,303,314,360,384,757,0,12,28,498,670,236,380,489,560,807,102,134,161,215,397,244,309,397,508,835,361,374,404,497,724,73,211,230,446,579,114,167,332,349,369,104,354,600,624,816,234,254,374,406,846,38,62,392,482,712,204,222,240,533,546,340,364,413,472,821,54,84,105,385,416,85,378,476,499,649,59,112,132,528,550,161,424,576,590,732,12,36,483,577,645,277,291,363,454,769,254,282,312,327,389,432,455,484,496,902,406,419,444,465,510,52,176,200,291,316,341,445,476,549,731,161,172,187,441,695,222,248,265,305,332,36,52,387,535,590,10,167,384,592,620,62,320,338,357,737,382,406,468,515,690,291,338,350,499,597,413,442,550,590,845,455,477,552,570,660,407,421,486,564,635,67,88,182,469,532,153,316,347,361,412,356,368,498,617,792,248,262,275,537,884,271,443,462,500,636,277,303,487,537,617,442,505,582,600,745,18,376,527,552,666,84,269,282,415,670,172,184,516,526,768,378,395,406,484,785,265,277,361,394,577,332,430,465,488,592,144,161,176,193,223,314,439,463,545,604,184,402,577,608,833,262,280,449,546,871,447,488,505,545,884,161,188,215,413,434,137,161,276,423,439,134,144,158,187,248,464,486,498,509,763,52,67,97,127,360,210,265,307,521,567,405,454,472,555,861,374,529,560,577,805,29,52,328,417,490,313,336,354,472,579,204,220,260,327,621,216,236,469,608,635,36,147,163,299,511,0,10,163,182,206,421,495,523,604,739,95,127,218,608,848,280,294,468,509,652,419,441,464,520,779,182,294,570,592,644,88,104,361,546,629,259,282,392,417,464,97,139,361,488,612,395,499,513,624,839,139,153,446,505,688,317,341,528,545,707,127,137,421,443,720,395,407,429,469,489,368,378,506,515,537,441,498,523,535,560,181,204,312,526,883,395,413,529,604,785,469,515,527,606,792,312,339,358,378,569,48,185,353,511,826,339,361,380,394,685,0,10,213,523,808,193,204,218,505,589];[2,18,22,21,58,3,5,17,35,57,0,28,5,39,56,3,36,53,14,59,0,26,26,36,59,1,23,46,6,59,0,5,17,36,57,2,44,21,14,58,2,19,27,17,58,3,35,54,16,56,3,53,27,42,58,0,4,7,30,58,2,14,45,20,56,0,19,46,7,58,1,31,50,37,58,1,6,54,24,57,1,48,28,29,56,2,19,37,29,56,3,28,24,25,59,3,4,22,14,57,2,4,32,13,57,1,28,9,51,57,3,32,24,53,59,0,10,35,43,59,1,27,26,47,58,0,20,50,14,59,0,39,30,33,57,3,16,53,41,59,2,10,24,42,58,1,39,47,23,56,2,34,46,16,59,2,11,47,55,57,3,27,12,20,59,2,6,37,28,56,3,50,52,14,58,1,15,49,52,56,3,40,48,24,58,2,4,32,17,59,1,51,7,52,56,2,20,13,19,57,3,43,48,28,58,1,20,18,51,56,0,35,34,53,56,2,25,52,54,59,1,41,33,17,57,3,42,19,44,58,2,28,23,43,59,2,22,6,36,57,3,13,51,35,57,2,26,34,41,56,0,55,26,30,57,0,39,22,6,58,3,5,52,22,58,1,34,49,28,57,1,45,4,27,58,2,13,29,5,59,1,35,21,18,58,2,48,6,8,57,3,33,10,35,57,0,43,38,50,57,1,48,50,49,58,3,37,41,36,56,1,4,40,8,59,0,11,14,54,58,0,30,48,43,57,1,25,25,15,57,3,54,12,17,57,3,51,54,46,58,2,40,43,50,56,2,43,32,5,57,1,5,50,31,59,3,21,4,9,59,2,44,44,29,57,1,18,24,46,58,0,34,22,50,58,0,31,6,49,58,0,49,31,36,57,1,34,15,35,56,0,23,43,52,58,3,20,51,12,56,3,45,49,55,58,2,44,52,35,57,3,11,18,53,59,0,24,10,53,57,2,28,23,6,59,2,27,44,22,59,2,7,48,50,59,3,31,8,46,59,0,35,26,51,58,1,51,50,46,56,2,37,52,30,57,3,54,22,7,58,3,8,34,4,56,0,22,39,17,56,1,52,47,36,58,1,45,20,12,59,0,50,31,5,56,1,5,18,24,57,1,16,50,34,56,1,43,27,33,58];[38,68,60,87,3,81,72,36,42,61,45,70,12,7,85,38,56,18,35,32,76,26,80,68,89,60,56,48,88,27,15,14,35,7,45,13,9,26,62,26,7,65,71,33,51,16,88,62,41,23,34,30,31,50,45,47,0,74,75,19,87,20,8,3,0,68,12,20,69,14,39,30,6,42,62,14,80,13,29,10,38,26,70,83,71,63,24,3,82,49,0,56,83,78,70,21,56,65,2,86,71,21,38,43,28,30,2,57,11,38,17,20,39,0,37,36,57,13,59,64,14,42,20,9,77,1,29,76,23,71,1,84,21,44,68,79,49,20,12,77,75,25,81,55,1,38,10,55,25,3,74,66,84,67,17,18,5,77,14,11,71,48,66,88,2,2,18,63,38,5,55,39,4,66,42,67,14,4,28,67,74,26,54,48,74,20,70,25,64,54,21,43,14,16,39,35,10,59,15,73,43,89,10,35,78,76,50,4,62,50,60,56,1,32,75,45,1,70,54,34,68,36,89,88,58,87,80,39,60,78,45,31,8,51,31,64,5,35,5,24,16,27,2,13,10,68,47,83,60,0,59,77,29,66,58,35,82,65,11,62,35,39,22,65,30,64,87,41,1,8,44,84,79,88,87,64,38,47,13,63,26,4,31,73,74,54,82,66,78,48,6,82,46,77,9,45,25,56,46,26,68,15,53,46,1,31,51,23,0,79,53,66,79,76,57,8,89,88,84,76,67,36,23,14,63,47,53,62,6,15,89,79,71,15,54,66,78,59,43,83,69,69,86,68,5,80,2,2,61,27,27,59,55,35,32,19,85,70,10,33,74,42,86,9,2,51,89,47,32,48,38,44,58,67,75,11,74,80,73,86,56,54,39,86,40,40,10,31,48,64,43,62,34,76,39,86,54,71,50,87,28,33,38,19,57,61,86,13,85,63,57,65,72,24,23,57,19,10,52,33,84,43,2,12,1,11,26,32,52,26,23,28,42,89,77,55,88,60,21,47,34,72,68,8,40,7,72,64,53,6,32,36,76,13,41,20,12,65,55,32,88,82,11,54,14,27,81,16,61,27,81,58,39,18,5,41,46,16,88,82,52,37,37,53,29,41,80,63,53,81,83,29,28,8,87,74,87,70,27,56];[[0.18019241848515155,1.8019241848515155,1.0],[0.48736227300275514,4.873622730027551,1.0],[0.07759170039841756,0.7759170039841756,1.0],[0.5225667244081349,5.2256672440813485,1.0],[0.9196433340252647,9.196433340252646,1.0],[0.8762509611803474,8.762509611803473,1.0],[0.5029695910906639,5.029695910906638,1.0],[0.8160267976375112,8.160267976375112,1.0],[0.8059112000327816,8.059112000327817,1.0],[0.2140591090540045,2.140591090540045,1.0],[0.08805821114486456,0.8805821114486456,1.0],[0.20329737064426556,2.0329737064426556,1.0],[0.5837360924329463,5.837360924329463,1.0],[0.6737333796339059,6.737333796339059,1.0],[0.1608013027204077,1.6080130272040771,1.0],[0.7465026683932527,7.465026683932527,1.0],[0.5706715087422025,5.706715087422025,1.0],[0.4637998194614905,4.637998194614905,1.0],[0.510707169665419,5.10707169665419,1.0],[0.13436739791107,1.3436739791107,1.0],[0.5955836724768061,5.955836724768061,1.0],[0.9705970110642231,9.705970110642232,1.0],[0.1380260373669585,1.380260373669585,1.0],[0.6915046322372392,6.915046322372392,1.0],[0.4571104412123077,4.571104412123077,1.0],[0.7770933375992647,7.770933375992647,1.0],[0.4288907275773849,4.288907275773849,1.0],[0.7873492179192781,7.873492179192781,1.0],[0.45358103110054593,4.535810311005459,1.0],[0.29994077462327984,2.9994077462327984,1.0],[0.26785911780148886,2.6785911780148886,1.0],[0.41380996534982095,4.13809965349821,1.0],[0.8955750490686861,8.955750490686862,1.0],[0.33899298335361505,3.3899298335361507,1.0],[0.4439220021216055,4.439220021216055,1.0],[0.2663146653444304,2.663146653444304,1.0],[0.1912128081922898,1.912128081922898,1.0],[0.8422148536074314,8.422148536074314,1.0],[0.12934381348500923,1.2934381348500923,1.0],[0.5457493539256076,5.457493539256077,1.0],[0.6889713324133125,6.889713324133125,1.0],[0.3133089603750071,3.1330896037500713,1.0],[0.781346930988076,7.81346930988076,1.0],[0.7476684671478541,7.476684671478541,1.0],[0.694338776663945,6.943387766639449,1.0],[0.010283626574111193,0.10283626574111193,1.0],[0.7581500624990217,7.581500624990217,1.0],[0.8365660626079888,8.365660626079888,1.0],[0.8965297598339126,8.965297598339125,1.0],[0.42501586527499824,4.250158652749983,1.0],[0.29726573226441977,2.9726573226441975,1.0],[0.1892293583037329,1.8922935830373289,1.0],[0.7243244498868214,7.243244498868214,1.0],[0.8519753238078789,8.519753238078788,1.0],[0.10178542532455293,1.0178542532455293,1.0],[0.5249813114594203,5.249813114594203,1.0],[0.36905004287313525,3.6905004287313528,1.0],[0.14252011028375144,1.4252011028375144,1.0],[0.9116619067804255,9.116619067804255,1.0],[0.54316015559511,5.4316015559511,1.0],[0.4203904144024305,4.203904144024305,1.0],[0.8163513162724128,8.163513162724128,1.0],[0.8589171046239985,8.589171046239985,1.0],[0.7596233819507995,7.596233819507995,1.0],[0.8852403456386315,8.852403456386316,1.0],[0.14006433750837965,1.4006433750837965,1.0],[0.7153091891141413,7.153091891141413,1.0],[0.4033601431159366,4.033601431159366,1.0],[0.3246442732123802,3.246442732123802,1.0],[0.610505749299754,6.10505749299754,1.0],[0.9436716318473461,9.436716318473461,1.0],[0.22542293193962482,2.254229319396248,1.0],[0.22792853612720076,2.2792853612720076,1.0],[0.3202161638777423,3.202161638777423,1.0],[0.9471716155913338,9.471716155913338,1.0],[0.06517330654168263,0.6517330654168263,1.0],[0.5318417096543258,5.318417096543257,1.0],[0.060458432800693074,0.6045843280069307,1.0],[0.0568250937122835,0.568250937122835,1.0],[0.05525076001007523,0.5525076001007523,1.0],[0.08040862393544657,0.8040862393544657,1.0],[0.45414991337399147,4.541499133739915,1.0],[0.5398206863735848,5.398206863735848,1.0],[0.9620202223629081,9.62020222362908,1.0],[0.4443670125830569,4.443670125830569,1.0],[0.4943162252029675,4.9431622520296745,1.0],[0.301158822820192,3.01158822820192,1.0],[0.03764467466094412,0.3764467466094412,1.0],[0.32502817216022195,3.2502817216022195,1.0],[0.6923405421469611,6.92340542146961,1.0]]
1_Brandimarte_12_workers.fjs;1259.5998166006611;612340;[0,54,152,170,227,458,13,25,51,393,469,483,117,138,181,227,358,376,83,96,175,262,425,456,477,506,178,210,265,292,355,392,504,523,80,212,376,393,454,497,530,193,210,306,344,477,0,138,199,491,514,589,53,97,107,243,532,573,81,159,223,393,426,0,85,107,504,546,20,107,169,190,358,438,495,28,126,149,353,389,20,43,72,374,562,63,72,117,138,223,447,26,93,128,164,338,417,484,516,11,67,292,331,402,412,466,104,138,154,252,331,160,237,297,306,360,448,504,546,579,60,71,181,201,249,316,484,552,0,117,160,223,262,530,564,36,209,287,301,410,546,11,138,174,202,333,343,407,437,29,117,138,152,305,316,436,96,139,236,265,320,402,439,542,552,0,71,107,357,412,438,29,52,167,192,410,138,238,343,358,376,453,43,278,301,434,499,65,107,277,374,459,469];[9,5,9,6,0,7,8,8,4,6,0,9,0,4,2,7,6,8,1,2,5,7,7,6,5,2,3,4,9,5,7,4,9,5,6,6,6,0,4,7,7,4,9,6,5,7,2,6,3,1,7,6,9,6,8,7,6,5,9,6,8,1,0,4,7,5,6,9,5,2,0,7,4,7,6,9,2,6,5,7,6,5,5,4,6,5,4,6,3,9,6,4,4,6,4,7,1,4,2,6,0,9,9,6,0,6,7,1,0,0,4,7,4,6,2,3,5,1,7,7,6,1,9,5,6,9,0,6,6,5,3,6,4,4,7,4,7,6,4,4,4,2,0,7,6,6,3,7,0,6,3,9,5,9,5,6,3,5,9,1,7,3,4,6,5,8,6,9,9,6,5,1,0,9,6,5,7,0,6,2,7,9,7,4,7,2,5,7,6,6,5,0,1];[6,11,3,10,6,1,10,8,0,3,12,8,8,2,8,13,12,2,12,8,3,13,3,12,10,9,6,3,7,10,2,13,12,6,14,12,6,2,9,8,0,5,5,2,12,5,14,1,8,12,11,8,10,7,6,10,13,10,0,14,12,6,1,13,13,8,3,0,12,0,11,7,14,4,6,13,7,14,13,14,3,4,3,1,11,13,4,9,0,8,7,11,11,4,9,7,8,13,5,12,12,7,3,11,11,4,4,8,4,13,10,1,9,4,0,9,3,6,4,14,8,1,12,13,0,14,9,12,8,3,13,2,2,11,7,14,6,1,3,7,9,14,10,0,14,5,0,4,8,1,13,5,7,6,11,11,12,11,4,11,12,3,2,13,14,11,5,14,5,5,3,3,3,8,0,13,13,1,1,7,13,13,12,8,12,13,7,6,3,6,5,14,7];[[0.7773566427005639,7.7735664270056395,1.0],[0.6698255595592497,6.698255595592498,1.0],[0.09913960392481702,0.9913960392481702,1.0],[0.35297051119014544,3.529705111901454,1.0],[0.4679077429008419,4.679077429008419,1.0],[0.5346837414708775,5.346837414708775,1.0],[0.9783090609123973,9.783090609123974,1.0],[0.13031535015865903,1.3031535015865903,1.0],[0.6712434682302663,6.712434682302662,1.0],[0.36422941594737557,3.6422941594737557,1.0],[0.48883570716198577,4.888357071619858,1.0],[0.20301221073405373,2.0301221073405373,1.0],[0.6661983755713592,6.661983755713592,1.0],[0.2276630312069321,2.276630312069321,1.0],[0.4580640582967631,4.580640582967631,1.0]]
1_Brandimarte_12_workers.fjs;1252.7239837002364;238660;[92,293,463,478,522,575,0,12,104,172,184,395,75,164,199,311,380,397,0,40,63,184,205,250,260,370,18,77,305,363,396,462,478,531,0,152,289,388,417,514,556,0,52,125,369,451,0,53,263,289,362,435,0,28,152,220,461,532,37,58,154,175,242,122,164,308,405,435,0,82,199,276,309,555,575,133,158,271,307,433,240,451,461,514,532,25,182,217,283,311,511,28,69,163,283,327,370,493,510,23,32,120,285,311,321,367,85,106,428,451,481,72,190,221,230,242,261,276,293,417,0,13,270,285,321,406,461,559,32,42,63,99,148,263,471,142,238,358,367,388,442,42,60,128,230,260,327,344,404,191,344,367,428,451,486,521,64,92,197,358,379,454,478,500,511,164,182,240,326,337,350,158,301,337,395,407,106,285,404,445,502,559,10,42,53,284,485,32,240,348,359,503,514];[9,8,9,6,2,7,8,8,4,6,0,9,0,4,2,7,3,5,1,8,5,7,7,6,5,2,3,4,3,4,7,4,9,7,3,6,6,0,4,7,5,4,9,6,5,7,2,4,3,1,7,6,9,4,8,7,6,5,3,6,5,8,2,4,7,8,6,3,5,6,0,7,4,7,6,9,2,6,5,7,6,5,5,4,6,8,9,4,3,9,6,9,6,6,4,7,1,4,2,6,2,9,9,6,0,6,7,1,0,2,0,7,4,6,2,3,7,1,7,7,6,1,9,5,6,9,0,6,6,5,3,6,4,4,7,5,7,6,0,4,4,2,0,7,6,6,3,7,0,6,3,9,5,9,7,6,9,5,9,1,7,3,4,6,5,8,6,9,4,9,8,1,0,4,6,5,7,0,3,6,7,9,7,6,7,2,5,7,4,6,5,0,8];[6,8,6,10,6,4,10,13,0,6,8,13,1,9,8,13,11,8,1,3,3,0,4,12,11,6,1,5,11,12,1,10,14,8,2,14,6,6,10,8,5,11,7,2,11,8,9,13,14,14,2,3,0,5,2,10,1,9,12,0,10,1,2,11,8,14,0,1,14,2,10,8,7,4,6,13,7,3,5,14,0,0,4,9,11,3,6,3,0,1,2,9,11,11,12,7,9,12,0,14,0,12,3,12,4,13,8,14,4,7,2,0,1,4,9,9,4,6,4,5,12,7,2,13,6,12,0,6,13,11,2,2,8,1,7,5,5,0,1,2,10,6,12,5,0,0,0,4,4,2,12,0,7,12,0,11,7,3,5,6,14,5,8,10,14,14,5,3,10,5,3,13,10,11,0,3,13,2,6,11,9,11,12,13,8,11,6,7,14,6,11,13,13];[[0.7966509679599704,7.966509679599704,1.0],[0.05862623274803458,0.5862623274803458,1.0],[0.7602397739740907,7.602397739740907,1.0],[0.8627037401845356,8.627037401845355,1.0],[0.09127403464611428,0.9127403464611428,1.0],[0.9024924365975527,9.024924365975528,1.0],[0.7858960565941281,7.858960565941281,1.0],[0.40667966546103385,4.0667966546103385,1.0],[0.37447264465852026,3.7447264465852026,1.0],[0.6490262282913547,6.490262282913547,1.0],[0.40092466608569977,4.009246660856998,1.0],[0.5721109226277574,5.721109226277575,1.0],[0.6077930620255084,6.077930620255084,1.0],[0.05072389565884072,0.5072389565884072,1.0],[0.7370880093375713,7.370880093375714,1.0]]
1_Brandimarte_12_workers.fjs;1168.255957819549;3166790;[21,144,376,435,454,514,110,190,340,358,367,507,23,51,294,317,334,360,0,132,166,228,269,284,428,495,69,154,211,230,248,269,292,352,0,206,227,292,392,424,496,29,60,139,404,532,11,103,146,223,360,466,18,86,98,191,456,473,127,258,286,334,486,0,26,122,178,392,38,279,306,389,454,492,543,160,261,309,379,406,66,241,334,417,507,0,181,284,311,419,534,48,98,110,127,170,368,472,514,130,216,264,319,348,404,427,115,139,160,175,340,65,77,169,178,259,300,356,457,475,55,211,277,319,377,404,428,496,26,98,191,319,376,404,442,0,77,237,247,311,358,21,115,137,216,226,242,282,382,0,209,250,296,390,402,475,48,88,98,192,209,278,341,367,452,96,120,130,185,196,252,18,206,235,486,526,150,228,269,308,376,432,43,75,96,137,192,0,202,247,277,298,341];[9,8,9,4,2,7,2,8,4,6,0,4,0,4,6,7,3,8,1,8,5,7,7,6,5,0,3,4,3,5,7,4,9,5,3,6,2,0,4,7,5,6,9,6,8,7,2,4,3,1,7,6,3,6,2,7,6,5,3,6,5,1,0,4,7,5,6,3,5,2,0,7,4,7,6,9,2,6,5,7,6,5,7,4,6,8,4,4,3,9,6,9,6,6,4,7,1,4,8,6,2,9,9,6,0,6,7,1,0,0,0,7,4,6,8,3,7,1,7,7,6,1,9,5,6,9,0,6,4,5,3,6,4,6,7,5,7,6,0,4,4,2,0,7,6,6,3,7,0,6,9,9,5,9,5,6,3,5,9,1,7,3,5,6,5,1,6,9,9,9,5,1,0,9,6,5,7,0,6,2,7,9,7,6,7,2,5,7,4,6,5,2,8];[1,10,0,12,8,4,8,4,0,7,4,7,13,9,1,9,11,8,4,8,7,13,13,12,11,1,1,5,8,8,8,11,6,13,2,6,1,2,10,13,3,6,5,6,6,5,1,13,7,5,11,8,14,0,14,10,13,10,13,4,4,9,11,11,9,8,3,2,8,0,10,1,0,0,6,13,7,3,13,14,3,2,8,9,11,6,12,11,11,8,12,4,0,4,5,1,9,12,0,14,6,14,3,12,8,4,3,14,4,0,2,10,4,12,14,9,13,1,4,0,11,1,2,13,7,4,5,7,11,6,1,6,2,3,7,1,11,4,1,2,0,8,12,2,14,4,0,10,6,5,12,5,7,3,5,11,1,1,1,7,0,3,5,7,14,11,9,4,5,5,7,2,3,9,14,7,11,0,1,4,1,0,12,12,12,3,11,13,9,12,14,12,13];[[0.5209484070219088,5.209484070219088,1.0],[0.42125020101147315,4.212502010114731,1.0],[0.22094517308324657,2.2094517308324657,1.0],[0.13033708391670573,1.3033708391670573,1.0],[0.48395776843282956,4.839577684328296,1.0],[0.6260889663051598,6.260889663051597,1.0],[0.6211218319323739,6.21121831932374,1.0],[0.707277595965894,7.07277595965894,1.0],[0.43539590023548325,4.3539590023548325,1.0],[0.04809800715767443,0.4809800715767443,1.0],[0.2254847064342842,2.254847064342842,1.0],[0.788548045160999,7.88548045160999,1.0],[0.42108890435006496,4.21088904350065,1.0],[0.5652029481252892,5.6520294812528915,1.0],[0.6764042610645917,6.764042610645918,1.0]]
1_Brandimarte_12_workers.fjs;1084.8689418623378;516790;[63,230,358,411,430,476,0,11,289,331,348,400,46,68,93,186,261,305,0,34,81,109,240,283,297,459,21,39,66,107,129,237,304,434,20,46,154,258,307,341,364,141,161,243,319,456,34,126,240,261,305,430,116,158,204,270,390,458,25,187,279,293,324,0,221,245,303,364,118,171,187,252,272,358,450,0,136,177,273,494,35,46,57,364,469,140,252,273,283,404,496,51,118,158,211,288,305,384,416,0,124,174,247,293,310,402,34,136,230,273,363,20,93,167,194,221,240,273,323,439,137,171,232,319,351,392,416,459,9,20,43,206,332,348,424,149,167,187,208,430,476,11,28,54,67,77,177,378,396,87,137,319,341,374,408,439,0,21,91,122,150,202,221,341,413,57,197,274,334,345,358,78,137,206,380,479,89,109,158,187,396,417,67,147,202,293,392,0,116,232,266,279,439];[9,8,9,4,2,7,2,5,4,6,0,4,0,4,2,7,3,8,1,8,5,7,7,6,5,2,3,4,3,5,7,4,9,5,6,6,2,0,4,7,5,4,9,6,8,7,2,6,3,1,7,6,3,4,2,7,6,5,9,4,8,8,0,4,7,8,6,3,5,2,0,7,4,7,6,9,2,6,5,7,6,5,5,4,6,5,4,6,3,9,6,9,4,6,4,7,1,4,8,6,0,9,9,6,0,6,7,1,0,0,0,7,4,6,8,3,5,1,7,7,6,1,9,5,6,9,0,6,6,5,3,6,4,4,7,5,7,6,0,4,4,2,0,7,6,6,3,7,0,6,3,9,5,9,7,6,3,8,9,1,7,3,5,6,5,1,6,9,9,9,8,1,0,9,6,5,7,0,3,2,7,9,7,6,7,2,5,7,6,6,8,2,1];[6,0,9,12,6,4,2,2,0,11,8,5,13,10,8,13,11,6,5,8,7,13,5,13,3,1,6,5,11,4,8,11,14,10,7,14,1,1,1,10,8,6,5,6,3,5,9,4,3,8,5,8,5,12,14,9,10,0,0,3,2,13,6,11,14,1,11,7,10,6,10,5,7,4,1,13,7,3,8,14,13,4,4,11,11,0,0,14,14,8,2,6,1,11,7,10,13,7,2,14,3,8,12,11,2,13,12,2,4,0,2,2,9,7,0,9,13,6,4,0,3,1,2,13,12,8,5,14,14,14,1,2,8,11,7,5,10,12,0,9,5,8,10,0,7,8,0,4,2,5,13,7,7,1,7,11,1,9,12,7,14,13,3,4,14,14,5,4,5,5,3,2,4,5,14,13,11,3,3,6,9,11,12,9,8,2,0,6,8,12,13,11,7];[[0.49734142093980327,4.973414209398033,1.0],[0.35999045686025677,3.5999045686025677,1.0],[0.7220617567237175,7.220617567237175,1.0],[0.44672126724761885,4.4672126724761885,1.0],[0.4533596515962979,4.533596515962978,1.0],[0.025925678678183073,0.25925678678183073,1.0],[0.33490089376309407,3.3490089376309404,1.0],[0.4755440242737675,4.755440242737675,1.0],[0.45132356511490823,4.513235651149082,1.0],[0.08788974506102976,0.8788974506102976,1.0],[0.29509671683068217,2.9509671683068217,1.0],[0.33863234208051063,3.3863234208051063,1.0],[0.9020959027552419,9.020959027552419,1.0],[0.7173473735926632,7.173473735926632,1.0],[0.8986159167700656,8.986159167700656,1.0]]
1_Brandimarte_12_workers.fjs;1180.3062625842545;4883860;[55,82,183,210,296,420,10,38,126,270,306,379,63,144,270,315,437,483,0,13,74,101,121,260,270,315,39,58,85,119,214,332,353,399,93,188,199,228,262,296,544,85,367,481,508,524,0,82,156,223,331,424,0,29,94,347,403,533,56,102,126,326,431,0,178,197,366,402,55,78,192,257,315,365,393,13,106,305,350,402,137,260,372,419,444,109,141,170,263,431,547,0,118,170,195,238,257,383,471,11,53,146,325,356,369,519,0,42,213,228,287,21,33,109,232,244,296,347,490,508,20,29,42,78,232,373,388,433,0,130,199,279,347,399,438,0,53,179,221,452,481,249,267,282,326,346,356,472,490,55,121,311,326,363,453,508,19,100,115,170,197,399,437,471,481,56,128,225,252,262,503,199,282,296,336,425,156,178,192,350,388,481,134,413,453,472,512,33,199,315,338,440,481];[9,8,9,6,0,7,8,8,4,6,0,9,0,4,2,7,3,8,1,2,7,7,7,6,5,2,6,4,9,5,7,4,9,5,6,6,2,0,4,7,7,4,9,6,8,7,0,6,9,1,7,6,3,6,2,7,6,5,3,4,8,8,2,4,7,8,6,9,5,2,0,7,4,7,6,9,2,6,5,7,6,5,5,4,6,5,9,4,3,9,6,9,6,6,4,7,1,4,8,6,0,6,9,6,0,6,7,1,0,2,4,7,4,6,8,3,5,1,7,7,6,1,9,5,6,4,0,6,6,5,9,6,4,4,7,5,7,6,4,4,4,2,0,7,6,6,3,7,0,6,3,9,5,4,5,6,3,5,9,1,7,3,4,6,5,1,6,9,4,9,5,1,0,9,6,5,7,0,3,2,7,9,7,6,7,2,5,7,6,6,8,2,1];[5,2,2,10,7,4,4,13,0,14,8,6,1,9,0,13,1,11,13,5,7,13,10,14,3,1,10,3,12,4,7,6,4,11,11,12,5,12,1,4,3,9,7,2,3,5,8,0,3,5,11,8,1,1,14,10,12,7,14,3,9,1,0,7,13,8,2,0,12,6,11,8,7,5,4,13,7,14,0,14,3,0,3,1,11,9,6,14,11,6,12,6,11,11,3,9,7,7,11,12,7,0,2,11,9,13,2,14,4,3,1,10,9,8,10,3,11,6,4,5,6,12,12,13,0,4,5,9,14,11,0,2,5,2,7,4,0,8,6,2,10,6,12,5,10,8,8,4,6,8,13,0,9,12,7,11,3,5,5,0,14,3,8,13,14,11,3,14,1,5,7,12,11,0,14,13,13,1,1,9,0,13,12,9,9,9,8,7,4,9,13,0,7];[[0.4211249061401,4.211249061401,1.0],[0.9761073344853062,9.761073344853061,1.0],[0.6132800246752349,6.132800246752349,1.0],[0.6930423279788359,6.930423279788359,1.0],[0.5088628354481554,5.088628354481553,1.0],[0.18781156668551158,1.8781156668551158,1.0],[0.830121874145001,8.301218741450011,1.0],[0.8449241651217704,8.449241651217704,1.0],[0.20962821201639004,2.0962821201639006,1.0],[0.6505169872996391,6.505169872996391,1.0],[0.7003316191510263,7.003316191510263,1.0],[0.7150339547653067,7.150339547653068,1.0],[0.8091072451390076,8.091072451390076,1.0],[0.8451978833841938,8.451978833841938,1.0],[0.3695849781386673,3.695849781386673,1.0]]
1_Brandimarte_12_workers.fjs;1098.8793169182306;847590;[85,166,201,320,338,417,30,101,189,223,276,384,0,137,186,257,381,419,34,55,67,148,186,290,424,455,55,162,203,233,274,338,370,398,37,63,137,233,354,487,505,30,54,124,151,237,46,88,182,224,295,446,0,161,196,219,300,375,19,172,183,466,490,207,385,405,419,446,10,54,73,200,304,330,377,45,116,310,332,365,54,91,123,396,483,0,30,65,243,330,368,0,151,233,400,435,452,466,493,10,123,174,230,347,357,455,22,156,290,483,493,64,112,193,233,274,350,375,452,470,19,46,70,150,263,357,371,510,0,225,259,321,384,427,473,34,116,183,254,276,447,10,93,135,202,212,293,312,482,95,148,187,201,250,290,357,0,80,113,142,168,225,321,386,448,0,254,289,319,344,357,67,108,215,244,353,96,132,162,250,405,446,0,22,77,96,247,42,74,85,219,347,370];[9,8,9,4,2,7,2,5,4,6,0,9,0,4,2,7,3,8,1,8,5,7,7,6,5,0,3,4,3,4,7,4,9,5,3,6,2,0,4,7,7,6,4,6,8,7,0,4,3,1,7,6,3,6,8,7,6,5,3,6,8,1,2,4,7,8,6,3,5,2,0,7,4,7,6,9,2,6,5,7,6,5,5,6,6,5,9,4,3,9,6,4,6,6,4,7,1,4,8,6,0,9,9,6,0,6,7,1,0,0,0,7,4,6,2,3,7,1,7,7,6,1,9,5,6,9,0,6,6,5,9,6,4,4,5,5,7,6,0,4,4,2,0,7,6,6,3,7,4,6,9,9,5,4,5,6,9,8,9,1,7,3,5,6,5,8,6,9,9,9,8,8,0,9,6,5,7,0,3,2,7,9,7,4,7,2,5,7,6,6,8,0,8];[4,9,6,7,8,4,1,2,0,10,12,4,8,10,8,9,13,8,0,2,8,6,2,14,11,8,1,1,3,14,5,10,4,0,2,14,9,11,0,11,3,7,8,2,14,8,0,13,3,7,13,8,1,5,10,9,12,10,14,4,9,10,6,11,8,8,2,0,0,7,12,13,14,4,6,13,7,2,13,8,3,3,3,1,0,9,6,3,13,1,7,14,11,5,5,10,7,14,13,14,6,7,4,11,2,13,12,7,4,13,2,0,9,4,10,9,4,1,4,11,7,12,2,13,8,14,5,14,13,3,2,2,9,1,8,11,10,13,0,11,1,9,12,0,14,0,0,10,12,5,12,5,7,11,8,11,5,0,4,7,8,1,8,2,12,11,5,3,5,5,3,4,3,2,0,1,11,12,10,14,9,2,12,8,9,10,6,5,1,6,13,2,13];[[0.4831103964860096,4.831103964860096,1.0],[0.9021829992468611,9.02182999246861,1.0],[0.5374571935128641,5.374571935128642,1.0],[0.8761340971511191,8.761340971511192,1.0],[0.573156942708234,5.7315694270823405,1.0],[0.994523847851402,9.945238478514021,1.0],[0.3574465703190305,3.574465703190305,1.0],[0.6617299629663892,6.617299629663892,1.0],[0.4882872262788658,4.882872262788657,1.0],[0.5726412824777106,5.726412824777106,1.0],[0.32388398325139345,3.2388398325139347,1.0],[0.8072354510963532,8.072354510963532,1.0],[0.8087324055796944,8.087324055796945,1.0],[0.660852452150834,6.60852452150834,1.0],[0.5802577271631468,5.802577271631469,1.0]]
1_Brandimarte_12_workers.fjs;1136.9030154084537;1465610;[71,98,169,380,467,513,30,135,205,227,338,454,0,94,155,240,257,296,0,18,50,77,117,133,394,428,0,16,43,107,151,365,425,476,0,45,55,109,153,186,306,136,253,370,397,420,167,313,337,357,440,515,76,104,293,315,333,347,164,338,430,443,502,43,204,276,343,396,178,223,354,404,473,493,524,0,117,193,223,257,55,86,154,412,435,144,209,236,293,320,397,126,181,246,258,296,315,396,462,124,133,156,184,313,323,407,20,167,192,258,493,41,69,94,104,182,225,303,355,459,114,179,225,244,266,303,386,462,65,120,144,167,223,430,476,76,97,293,406,448,493,0,22,172,204,215,357,386,478,16,95,142,200,240,436,472,18,39,98,126,336,378,464,483,501,227,257,266,293,354,474,69,94,126,303,370,129,151,201,242,373,441,55,143,277,296,415,0,155,323,336,347,369];[9,5,9,4,0,7,2,8,4,6,0,9,0,4,2,7,3,5,1,2,5,7,7,6,5,0,6,4,9,5,7,4,9,5,3,6,2,0,4,7,5,4,9,6,8,7,0,4,3,1,7,6,3,6,8,7,6,5,3,4,8,1,0,4,7,8,6,9,5,2,0,7,4,7,6,9,2,6,5,7,6,5,5,4,6,5,9,6,9,9,6,4,4,6,4,7,1,4,2,6,0,9,9,6,0,6,7,1,0,2,4,7,4,6,2,3,7,1,7,7,6,1,9,5,6,4,0,6,6,5,3,6,4,4,7,5,7,6,0,4,6,2,0,7,6,6,3,7,0,6,3,9,5,9,5,6,3,5,9,1,7,3,5,6,5,8,6,9,4,9,8,1,0,9,6,5,7,0,3,2,7,9,7,6,7,2,5,7,6,6,5,2,1];[1,14,3,4,6,5,8,7,0,3,5,4,9,9,0,9,1,8,11,4,7,6,5,12,14,4,1,1,3,4,5,6,1,3,2,6,2,2,11,13,3,6,5,2,11,5,9,13,7,11,14,10,7,1,6,9,12,1,14,0,9,6,6,13,1,1,2,4,7,0,10,6,7,4,6,13,7,1,13,8,0,8,4,9,0,9,3,14,12,8,2,6,11,1,7,9,7,7,0,12,8,7,14,11,0,13,2,12,4,12,12,9,9,11,0,9,1,1,4,3,3,4,2,13,6,13,1,14,6,9,1,2,6,12,12,3,5,13,0,13,8,6,10,5,13,11,8,10,9,5,12,3,7,11,7,11,12,14,6,0,3,3,5,2,14,11,3,14,1,5,0,13,10,11,0,13,13,10,2,7,1,1,12,0,8,10,8,0,12,6,9,11,5];[[0.34661995661142697,3.4661995661142697,1.0],[0.2286410960833074,2.286410960833074,1.0],[0.012392470279078194,0.12392470279078194,1.0],[0.9308270259025113,9.308270259025113,1.0],[0.3225145761620236,3.225145761620236,1.0],[0.0006954578022455582,0.006954578022455582,1.0],[0.2097170717940725,2.097170717940725,1.0],[0.5179602272351016,5.179602272351016,1.0],[0.7628222106217201,7.6282221062172,1.0],[0.3089717897377221,3.089717897377221,1.0],[0.15113122452813788,1.5113122452813788,1.0],[0.07045772229012492,0.7045772229012492,1.0],[0.8725064026541692,8.725064026541693,1.0],[0.3074981421409557,3.074981421409557,1.0],[0.272859759997538,2.7285975999753798,1.0]]
1_Brandimarte_12_workers.fjs;1167.7199591416795;214040;[37,69,160,202,284,525,58,104,135,187,196,346,83,236,265,388,419,467,21,37,104,132,153,227,240,460,54,108,167,229,275,297,315,367,98,217,227,246,265,353,440,78,259,419,449,505,0,10,189,214,297,375,78,176,246,334,409,481,12,33,131,173,281,0,72,258,348,502,130,173,358,405,423,456,476,12,40,157,167,221,104,196,239,277,449,154,243,315,360,385,544,0,57,167,176,204,259,342,456,0,69,271,357,399,481,505,40,67,119,469,485,60,82,113,122,148,315,343,370,423,48,82,214,265,299,428,440,495,67,79,104,131,220,326,395,0,89,122,260,384,440,0,67,191,257,267,343,485,505,21,186,229,343,440,502,533,33,89,131,160,173,205,456,485,528,0,196,398,473,485,531,50,104,174,247,460,0,20,131,191,263,331,110,206,315,384,422,20,56,237,272,293,498];[9,5,9,4,2,7,2,8,4,6,0,9,0,4,2,7,3,8,1,8,5,7,7,6,5,0,3,4,3,5,7,4,9,5,3,6,2,0,4,7,7,6,9,6,5,7,0,6,9,1,7,6,3,6,2,7,6,5,3,4,8,1,0,4,7,8,6,9,5,2,4,7,4,7,6,9,2,6,5,7,6,5,7,6,6,8,9,4,3,9,6,9,6,6,4,7,1,4,8,6,2,9,9,6,0,6,7,1,0,0,4,7,4,6,2,3,5,1,7,7,6,1,9,5,6,9,0,6,6,5,9,6,4,6,5,5,7,6,0,4,4,2,0,7,6,6,3,7,0,6,3,9,5,9,5,6,3,8,9,1,7,3,4,6,5,1,6,9,4,9,8,8,0,9,6,5,7,0,3,2,7,9,7,6,7,6,5,7,4,6,8,2,1];[10,4,6,9,11,7,4,1,0,5,8,13,1,13,0,2,1,2,5,13,10,6,0,12,12,0,1,5,10,2,9,4,3,9,2,6,5,5,5,8,7,6,2,10,3,8,9,2,11,4,0,8,14,5,6,11,1,0,12,2,7,13,1,1,9,6,2,0,3,2,10,0,7,4,6,13,7,14,8,14,3,5,7,14,11,3,3,5,5,8,12,12,11,11,6,10,3,14,2,5,8,12,6,11,3,13,12,11,4,9,4,12,11,8,0,9,0,6,4,11,6,13,2,13,6,3,0,14,14,8,7,2,1,1,7,3,0,8,1,13,2,6,10,2,10,8,0,6,12,8,12,3,9,5,10,11,1,9,1,2,4,3,6,13,14,14,4,3,14,5,0,8,9,0,14,3,11,4,8,0,9,10,12,13,9,11,12,7,13,11,3,12,5];[[0.8559393885152179,8.55939388515218,1.0],[0.8004839408308784,8.004839408308783,1.0],[0.5938433496209707,5.938433496209708,1.0],[0.8870093324131678,8.870093324131679,1.0],[0.741558169706834,7.4155816970683395,1.0],[0.8097670389513107,8.097670389513107,1.0],[0.2247324103169328,2.247324103169328,1.0],[0.9761818800633866,9.761818800633865,1.0],[0.6339038774096737,6.339038774096737,1.0],[0.5580285642552777,5.580285642552777,1.0],[0.4463526500656817,4.463526500656817,1.0],[0.28336462923826333,2.8336462923826335,1.0],[0.9019880415639555,9.019880415639555,1.0],[0.03268507148422006,0.32685071484220063,1.0],[0.4362825217209084,4.3628252172090844,1.0]]
1_Brandimarte_12_workers.fjs;1179.282030545293;4428150;[0,51,123,229,247,439,29,126,211,229,360,537,0,46,72,174,194,511,46,304,427,457,477,489,499,521,0,19,54,82,135,196,216,242,21,107,118,218,304,383,542,31,163,276,303,505,0,95,214,235,266,303,63,176,197,365,499,521,82,130,208,248,276,144,190,210,344,374,29,167,272,331,365,419,509,29,90,153,309,347,119,271,282,383,406,10,108,322,403,432,478,0,10,97,170,225,475,521,537,0,60,201,248,334,344,529,82,103,376,419,530,46,119,144,154,176,240,271,284,314,20,59,188,218,249,292,401,459,72,95,252,433,459,475,525,0,156,188,197,247,374,11,36,122,239,312,322,401,419,55,130,276,331,469,489,518,42,116,137,163,207,343,376,396,406,0,469,481,511,521,534,0,22,174,197,354,60,174,235,270,302,314,0,86,103,135,453,22,164,208,224,334,453];[9,5,9,4,2,7,2,5,4,6,0,4,0,4,2,7,3,8,1,2,5,7,7,6,5,0,3,4,9,5,7,4,9,7,3,6,2,0,4,7,7,6,9,6,8,7,2,4,3,1,7,6,3,6,8,7,6,5,9,6,5,1,0,4,7,8,6,9,5,2,4,7,4,7,6,9,2,6,5,7,6,5,5,4,6,5,9,6,9,9,6,4,6,6,4,7,1,4,2,6,2,9,9,6,0,6,7,1,0,2,0,7,4,6,2,3,5,1,7,7,6,1,9,5,6,9,0,6,4,5,3,6,4,4,7,5,7,6,0,4,6,2,0,7,6,6,3,7,4,6,3,9,5,9,7,6,3,5,9,1,7,3,5,6,5,1,6,9,4,9,8,8,0,9,6,5,7,0,3,2,7,9,7,6,7,2,5,7,6,6,8,2,1];[0,6,6,9,11,4,14,2,0,11,11,7,9,9,8,13,13,4,12,5,7,13,0,14,5,6,1,5,10,6,3,11,2,8,8,14,1,1,4,5,3,7,12,2,14,8,14,13,3,6,0,8,5,9,8,9,1,10,0,14,4,9,6,7,9,8,0,0,6,14,5,6,14,4,6,13,7,2,0,14,13,11,3,9,0,8,6,12,11,1,6,6,11,4,7,10,3,7,5,5,2,2,6,2,10,13,2,1,4,10,2,2,9,4,14,5,2,1,4,11,1,12,12,13,3,6,9,12,1,11,4,2,1,1,12,3,6,8,1,13,10,6,10,0,0,1,8,10,12,11,13,12,7,12,0,11,1,12,5,8,6,3,8,7,14,13,5,4,1,5,14,4,11,12,4,1,13,6,5,9,9,2,12,9,8,11,8,12,5,7,7,12,7];[[0.5198238265685563,5.198238265685563,1.0],[0.9583988744400509,9.583988744400509,1.0],[0.3402956357666065,3.402956357666065,1.0],[0.7081849781179302,7.081849781179303,1.0],[0.9252189405445452,9.252189405445453,1.0],[0.05032666735654623,0.5032666735654623,1.0],[0.6613275461751585,6.613275461751585,1.0],[0.82711411373077,8.271141137307701,1.0],[0.8734961127808921,8.734961127808921,1.0],[0.5913019030238962,5.913019030238962,1.0],[0.11264722490163037,1.1264722490163037,1.0],[0.34477784983246407,3.4477784983246407,1.0],[0.011377599382669468,0.11377599382669468,1.0],[0.7909742881977946,7.909742881977946,1.0],[0.3277964015146908,3.277964015146908,1.0]]
1_Brandimarte_12_workers.fjs;1199.0327962085175;196200;[204,384,394,482,498,547,63,186,288,321,336,498,26,53,127,270,378,447,0,90,158,205,225,378,394,416,21,114,141,165,183,205,409,464,42,149,263,280,306,446,464,63,231,263,294,512,0,141,165,186,324,341,145,247,305,376,424,517,20,180,447,460,473,0,26,46,236,489,110,163,252,359,431,489,545,49,145,294,305,341,52,63,74,270,351,0,189,212,275,324,495,9,139,170,221,251,287,376,392,87,116,175,350,463,473,505,286,306,351,403,510,75,87,180,189,204,326,354,394,430,41,170,189,212,434,463,487,534,30,41,63,398,449,465,532,98,120,160,231,333,413,0,75,107,129,224,305,412,430,0,74,102,163,337,354,473,0,234,244,275,306,324,362,388,416,13,96,116,306,476,518,102,321,392,484,495,0,90,186,204,238,518,53,118,139,181,542,87,107,331,437,449,489];[9,5,9,4,2,7,2,5,4,6,0,4,4,4,2,7,3,8,1,8,7,7,7,6,5,0,3,4,3,4,7,4,9,7,3,6,2,0,4,7,5,6,9,6,8,7,0,4,3,1,7,6,9,4,2,7,6,5,9,4,5,8,2,4,7,8,6,9,5,2,0,7,4,7,6,9,2,6,5,7,6,5,5,4,6,8,9,6,9,9,6,9,6,6,4,7,1,4,2,6,2,9,9,6,0,6,7,1,0,2,0,7,4,6,8,3,5,1,7,7,6,1,6,5,6,9,0,6,6,5,3,6,4,4,7,5,7,6,0,4,4,2,0,7,6,6,6,7,0,6,9,9,5,9,5,6,3,5,9,1,7,3,4,6,5,8,6,9,9,9,8,8,0,4,6,5,7,0,3,2,7,9,7,6,7,2,5,7,6,6,5,2,8];[1,4,3,4,8,4,3,9,0,11,4,7,12,10,8,13,11,2,11,12,5,6,10,14,5,0,0,5,10,9,13,10,1,13,2,12,2,11,2,11,9,7,5,4,11,5,9,13,3,1,3,12,1,7,1,10,12,8,11,4,10,7,4,7,10,8,2,0,13,14,5,8,0,5,6,13,7,1,13,14,9,5,4,1,11,5,6,8,3,6,2,9,11,6,7,9,13,0,8,14,3,8,6,12,2,4,12,12,4,0,2,11,1,0,8,3,0,1,4,5,5,12,2,13,12,14,11,11,8,3,1,2,8,6,7,9,11,12,1,7,7,8,12,0,10,11,10,4,13,2,5,3,7,13,12,11,3,12,12,6,6,1,10,7,14,14,10,2,5,5,0,2,10,14,7,1,13,6,7,0,13,11,12,1,9,11,8,7,4,11,2,0,13];[[0.18019241848515155,1.8019241848515155,1.0],[0.48736227300275514,4.873622730027551,1.0],[0.07759170039841756,0.7759170039841756,1.0],[0.5225667244081349,5.2256672440813485,1.0],[0.9196433340252647,9.196433340252646,1.0],[0.8762509611803474,8.762509611803473,1.0],[0.5029695910906639,5.029695910906638,1.0],[0.8160267976375112,8.160267976375112,1.0],[0.8059112000327816,8.059112000327817,1.0],[0.2140591090540045,2.140591090540045,1.0],[0.08805821114486456,0.8805821114486456,1.0],[0.20329737064426556,2.0329737064426556,1.0],[0.5837360924329463,5.837360924329463,1.0],[0.6737333796339059,6.737333796339059,1.0],[0.1608013027204077,1.6080130272040771,1.0]]
1_Brandimarte_14_workers.fjs;1407.4639516129807;2279140;[107,279,327,355,408,434,461,482,0,50,134,158,201,217,244,289,304,322,341,0,71,202,224,492,593,609,656,45,86,244,287,373,407,425,528,547,653,133,157,205,256,444,480,505,595,641,31,79,155,302,327,498,516,568,0,47,271,291,318,341,384,614,171,232,322,355,413,429,479,532,575,590,608,135,168,262,289,321,341,465,549,575,608,627,50,184,217,255,417,443,543,561,577,595,127,166,186,207,282,390,480,532,623,641,17,45,103,126,185,279,493,521,0,86,118,237,275,304,341,442,515,528,608,0,32,75,153,171,193,465,493,532,0,19,68,79,103,212,245,456,482,638,19,63,90,186,388,418,467,504,555,17,49,185,302,321,528,555,609,29,79,225,249,262,291,334,363,462,87,120,204,237,337,365,384,413,434,641,52,126,153,175,186,202,379,479,96,261,371,398,434,443,570,595,76,103,219,262,403,449,515,579,133,150,166,183,207,230,353,388,24,49,65,87,108,213,368,384,521,579,625,0,41,63,109,231,256,302,394,417,0,175,213,244,309,327,592,627,13,35,52,68,146,309,363,466,514,595,109,353,371,390,409,434,501,549,0,27,52,202,279,322,497,515,543,577,0,16,62,90,181,218,340,381,561,608,625];[8,9,11,11,12,8,8,1,4,13,12,4,13,14,9,13,8,6,7,2,9,11,0,0,3,10,13,9,6,8,3,11,1,9,13,4,12,4,0,8,7,4,11,10,9,6,13,10,9,10,5,11,7,12,7,1,11,4,3,8,3,5,13,13,4,12,11,14,10,0,0,11,4,10,11,13,5,13,6,0,8,4,1,3,5,9,13,11,13,12,13,3,11,0,9,8,2,7,12,13,5,11,13,13,9,10,11,8,12,1,4,3,9,11,12,12,13,13,12,10,13,8,11,10,3,0,13,1,1,13,3,9,8,11,10,13,4,1,3,14,8,0,8,13,9,8,1,4,4,14,10,14,7,13,1,1,10,6,3,10,2,8,13,4,11,4,8,11,8,11,9,11,14,1,10,5,5,11,4,13,7,0,11,10,8,13,13,9,14,8,12,11,8,12,4,12,11,8,13,13,5,9,3,11,6,5,4,1,13,4,7,3,8,1,10,0,3,0,4,13,12,5,8,0,13,7,12,3,11,10,13,7,5,14,11,10,13,0,13,11,12,6,8,14,4,10,11,5,9,3,13,5,6,13,8,9,11,4,11,0,7,8,13,9,12,3,3,6,12,3,4,4,13,12,13,13,11];[2,0,0,18,0,12,1,11,9,15,17,15,6,1,0,20,14,18,3,21,17,3,21,9,13,9,19,9,9,3,3,9,12,7,21,4,21,15,5,12,5,4,2,10,21,10,11,16,4,3,12,13,10,1,18,17,18,7,15,2,10,0,11,13,14,13,17,19,15,2,4,9,17,18,5,21,6,20,7,14,20,3,11,7,11,4,18,14,11,13,1,18,10,1,14,18,5,4,13,12,20,13,12,0,0,7,10,9,11,5,16,18,19,13,17,19,6,1,18,10,6,7,6,4,17,13,2,0,1,15,8,20,16,1,5,6,12,14,16,11,0,17,14,20,14,21,7,4,8,11,14,19,8,20,10,1,6,12,16,18,5,6,15,3,21,16,4,20,1,5,9,17,15,14,14,10,0,18,2,7,3,13,8,17,15,10,15,9,8,2,6,16,16,8,19,4,19,15,15,14,3,7,12,1,17,3,7,10,8,21,20,21,12,7,3,10,21,18,12,2,6,11,13,15,11,5,10,19,4,15,1,6,8,18,0,11,11,11,6,6,5,7,9,21,7,9,19,7,16,9,6,20,18,21,20,8,8,16,4,8,12,7,3,2,21,6,17,17,3,17,15,16,9,3,7,14,10];[[0.7773566427005639,7.7735664270056395,1.0],[0.6698255595592497,6.698255595592498,1.0],[0.09913960392481702,0.9913960392481702,1.0],[0.35297051119014544,3.529705111901454,1.0],[0.4679077429008419,4.679077429008419,1.0],[0.5346837414708775,5.346837414708775,1.0],[0.9783090609123973,9.783090609123974,1.0],[0.13031535015865903,1.3031535015865903,1.0],[0.6712434682302663,6.712434682302662,1.0],[0.36422941594737557,3.6422941594737557,1.0],[0.48883570716198577,4.888357071619858,1.0],[0.20301221073405373,2.0301221073405373,1.0],[0.6661983755713592,6.661983755713592,1.0],[0.2276630312069321,2.276630312069321,1.0],[0.4580640582967631,4.580640582967631,1.0],[0.040722397554957435,0.40722397554957435,1.0],[0.9742897953778286,9.742897953778286,1.0],[0.4874760742689066,4.874760742689066,1.0],[0.4616138636373597,4.616138636373597,1.0],[0.7141471558082002,7.141471558082002,1.0],[0.4157281494999725,4.157281494999725,1.0],[0.888011688001529,8.88011688001529,1.0]]
1_Brandimarte_14_workers.fjs;1452.9911985432188;667230;[32,127,253,302,318,344,375,541,13,305,344,395,434,520,550,610,626,644,662,82,109,128,172,183,482,533,626,0,32,73,89,162,183,248,383,618,666,28,53,89,137,396,492,550,568,662,31,106,215,253,336,437,455,572,0,22,54,72,266,445,604,638,158,232,319,397,421,442,464,489,514,549,595,117,183,204,235,348,367,397,467,533,564,650,54,173,217,269,318,421,467,485,500,592,221,282,305,416,446,485,514,533,579,654,44,72,99,189,266,291,464,510,26,49,62,91,108,124,360,556,597,644,669,278,307,370,416,463,484,516,588,635,0,22,48,91,257,297,364,396,526,547,51,142,185,215,250,487,559,569,595,0,46,75,248,318,572,600,618,38,48,126,335,348,455,473,541,568,0,115,192,285,419,442,463,513,526,632,44,67,91,140,199,347,579,669,18,72,95,326,347,383,425,456,67,110,235,253,291,450,492,533,16,82,98,159,246,340,546,564,22,141,168,278,304,368,412,569,618,641,654,0,111,133,249,291,368,397,584,612,62,116,142,159,217,307,530,650,0,38,101,115,148,191,492,600,612,632,90,109,172,285,304,367,597,623,31,115,146,162,172,300,498,516,547,572,0,16,91,124,144,154,191,267,398,564,653];[8,9,11,11,12,4,8,1,4,13,12,8,13,4,9,13,8,6,7,2,9,11,0,0,12,5,13,9,6,8,3,11,1,9,13,0,3,14,0,8,7,4,11,10,9,6,13,10,4,10,10,11,7,12,7,1,11,0,3,8,3,10,13,13,8,12,11,4,5,0,0,11,4,10,11,13,8,13,6,0,8,0,1,3,5,9,13,11,13,12,13,3,3,0,9,8,2,7,12,13,5,11,13,13,9,10,11,8,12,12,4,11,9,13,2,12,13,13,1,5,13,8,11,10,3,4,13,1,1,13,3,9,4,11,10,13,4,1,3,14,8,0,8,13,4,8,12,8,0,14,5,14,7,13,1,1,10,6,12,10,12,8,13,8,11,9,4,11,8,11,9,11,4,1,10,8,10,11,4,12,7,4,11,5,8,13,13,9,14,5,3,11,8,12,4,12,11,8,13,13,5,9,3,11,6,5,4,1,13,4,7,3,8,1,5,0,3,0,9,13,12,10,8,0,13,7,12,3,11,10,13,7,5,14,11,10,13,4,13,11,12,6,8,14,4,10,11,5,9,3,13,5,6,13,8,4,3,4,11,0,7,8,13,9,12,3,3,6,1,3,0,9,13,13,13,13,11];[14,13,13,3,0,1,1,21,9,15,17,1,6,21,17,15,4,19,17,21,1,10,2,21,11,6,17,15,20,4,2,21,18,14,21,12,2,19,13,5,1,5,12,10,15,12,17,2,0,12,7,5,10,4,1,12,21,7,14,0,9,6,11,3,20,6,17,17,2,5,8,5,18,3,4,7,18,16,2,14,3,1,8,13,15,20,18,20,17,12,6,8,14,16,16,9,21,4,15,20,6,4,12,16,3,19,19,13,11,21,16,18,6,12,1,4,21,19,8,3,15,9,14,4,9,20,2,8,1,15,7,3,7,1,7,14,19,19,3,20,20,13,14,20,10,19,18,15,2,21,21,2,0,20,16,1,20,8,0,1,18,2,11,4,21,14,3,5,16,4,9,18,15,13,12,14,14,18,6,13,16,3,3,12,14,18,8,9,12,10,14,9,16,11,12,14,12,5,15,3,16,12,17,1,17,16,7,3,8,19,18,11,14,12,18,17,21,18,8,7,5,5,8,5,1,11,14,15,11,1,20,6,19,10,12,4,18,15,6,15,3,5,9,6,9,17,2,0,15,9,6,20,10,9,6,13,21,17,4,4,8,7,17,1,20,1,17,14,20,0,0,15,11,15,4,14,10];[[0.7966509679599704,7.966509679599704,1.0],[0.05862623274803458,0.5862623274803458,1.0],[0.7602397739740907,7.602397739740907,1.0],[0.8627037401845356,8.627037401845355,1.0],[0.09127403464611428,0.9127403464611428,1.0],[0.9024924365975527,9.024924365975528,1.0],[0.7858960565941281,7.858960565941281,1.0],[0.40667966546103385,4.0667966546103385,1.0],[0.37447264465852026,3.7447264465852026,1.0],[0.6490262282913547,6.490262282913547,1.0],[0.40092466608569977,4.009246660856998,1.0],[0.5721109226277574,5.721109226277575,1.0],[0.6077930620255084,6.077930620255084,1.0],[0.05072389565884072,0.5072389565884072,1.0],[0.7370880093375713,7.370880093375714,1.0],[0.708486383757228,7.08486383757228,1.0],[0.9221724532030824,9.221724532030823,1.0],[0.7149390332589045,7.149390332589045,1.0],[0.6557724968554814,6.5577249685548145,1.0],[0.7371071646895253,7.371071646895253,1.0],[0.18754222176317448,1.8754222176317448,1.0],[0.5019778365908455,5.019778365908455,1.0]]
1_Brandimarte_14_workers.fjs;1439.093851060067;1245280;[177,196,239,275,291,412,569,589,185,223,237,273,307,336,357,559,589,609,640,116,138,342,404,440,554,615,669,47,77,377,389,427,448,474,510,543,668,116,157,367,387,451,511,530,541,572,73,149,375,404,440,561,577,600,64,87,211,260,320,351,530,590,41,56,104,151,291,405,524,554,580,593,608,0,10,28,116,140,185,216,253,359,509,668,0,101,125,143,403,435,466,498,513,651,0,26,47,87,169,280,323,359,525,574,73,122,257,406,464,489,527,668,46,66,98,116,293,338,367,430,497,510,577,21,50,60,159,177,196,389,571,639,0,28,110,177,240,266,285,389,427,460,74,109,136,196,222,282,308,377,415,116,324,373,389,411,565,636,652,10,161,307,438,497,542,561,609,629,0,84,156,222,357,411,541,565,582,608,47,74,131,271,324,362,529,651,13,28,77,106,153,169,549,572,77,133,204,222,324,543,605,656,70,104,125,177,222,241,355,598,28,53,136,196,215,242,261,281,572,623,636,50,159,177,194,211,331,357,444,471,0,110,196,270,465,497,589,639,91,188,253,269,331,351,435,460,492,627,120,138,261,343,387,451,478,498,0,257,308,324,349,387,420,438,524,587,269,307,323,357,371,455,484,497,605,636,651];[8,4,11,11,12,4,8,1,9,13,13,8,13,4,9,13,8,6,7,12,9,11,0,0,3,10,13,4,6,4,3,11,1,9,13,0,12,14,0,8,7,8,11,10,4,6,13,10,9,10,5,11,7,12,7,1,13,0,12,8,11,10,13,13,4,12,11,14,5,0,0,11,9,10,11,13,5,13,6,0,8,0,1,3,5,9,13,11,13,12,13,3,3,0,9,8,2,7,3,13,5,11,13,13,9,10,11,8,12,1,9,11,9,11,12,3,13,13,12,10,13,8,11,10,12,0,13,1,12,13,3,9,4,11,10,13,9,1,3,4,8,4,8,13,4,8,1,4,4,14,5,4,7,13,1,12,10,6,3,10,2,8,13,4,11,9,8,11,8,11,9,11,4,1,10,5,5,11,8,12,7,0,11,5,8,13,13,9,14,8,3,11,8,12,4,12,11,8,13,13,5,9,3,11,6,5,4,1,13,4,7,3,8,1,10,0,12,0,4,13,12,10,5,0,13,7,12,3,11,10,13,7,5,14,11,10,13,0,13,11,3,6,8,14,4,10,11,8,9,3,13,5,6,13,8,9,3,4,11,0,7,8,13,9,12,3,3,6,1,12,0,9,13,12,13,13,11];[2,7,11,5,5,9,1,1,20,2,12,8,15,21,21,20,13,11,8,13,1,3,4,4,12,21,18,11,9,5,2,10,14,14,18,12,21,14,5,16,14,3,0,10,21,2,17,10,4,19,0,8,10,2,10,15,18,0,9,2,5,7,21,3,14,13,17,8,9,17,4,19,4,13,5,21,2,12,9,4,3,3,6,5,4,1,18,14,11,9,1,8,16,3,21,11,10,8,17,18,17,17,12,0,3,19,1,10,11,7,1,19,2,8,2,11,6,0,10,13,2,7,16,4,12,4,2,1,16,15,18,17,11,2,8,19,4,20,19,17,14,16,14,20,16,4,7,4,18,18,4,5,4,12,5,6,9,13,16,6,10,6,3,9,8,15,15,20,15,4,9,5,18,1,10,6,6,18,6,13,6,13,1,0,4,10,14,9,11,0,19,11,16,21,19,17,12,3,15,14,5,6,15,19,20,5,21,0,8,12,5,15,5,1,15,15,12,7,12,13,19,19,14,18,19,0,10,15,21,19,7,17,6,12,4,10,18,4,6,13,15,16,9,6,7,8,14,8,12,9,6,20,16,17,8,21,8,11,4,8,5,7,3,2,15,3,17,17,14,4,11,10,9,3,8,14,21];[[0.5209484070219088,5.209484070219088,1.0],[0.42125020101147315,4.212502010114731,1.0],[0.22094517308324657,2.2094517308324657,1.0],[0.13033708391670573,1.3033708391670573,1.0],[0.48395776843282956,4.839577684328296,1.0],[0.6260889663051598,6.260889663051597,1.0],[0.6211218319323739,6.21121831932374,1.0],[0.707277595965894,7.07277595965894,1.0],[0.43539590023548325,4.3539590023548325,1.0],[0.04809800715767443,0.4809800715767443,1.0],[0.2254847064342842,2.254847064342842,1.0],[0.788548045160999,7.88548045160999,1.0],[0.42108890435006496,4.21088904350065,1.0],[0.5652029481252892,5.6520294812528915,1.0],[0.6764042610645917,6.764042610645918,1.0],[0.7568325816320766,7.568325816320765,1.0],[0.16251102322256883,1.6251102322256883,1.0],[0.4662293326345085,4.662293326345085,1.0],[0.652658580109924,6.526585801099239,1.0],[0.9348323542569703,9.348323542569704,1.0],[0.28093837261172117,2.8093837261172117,1.0],[0.9004772145836625,9.004772145836625,1.0]]
1_Brandimarte_14_workers.fjs;1509.6077741442489;302340;[21,51,105,123,297,333,364,667,0,31,45,149,272,288,363,466,481,532,684,0,163,309,450,472,499,642,683,28,54,281,325,360,438,457,511,558,614,154,196,217,280,303,593,631,642,668,100,336,473,536,591,623,642,690,40,62,187,219,357,438,515,605,70,84,179,267,293,361,390,423,548,558,575,21,154,183,257,331,350,399,440,461,533,623,84,144,244,259,288,333,435,453,469,569,21,100,204,238,276,305,318,342,380,605,178,204,237,383,483,510,533,675,118,137,149,184,213,363,469,483,560,601,658,70,133,169,399,417,438,591,605,623,54,70,131,227,244,275,322,333,404,619,70,149,181,499,521,537,595,630,688,0,45,167,183,204,283,366,478,0,169,259,318,331,422,488,619,689,0,21,54,88,131,154,311,454,503,532,106,131,259,281,466,505,583,698,0,83,101,303,340,488,563,589,117,169,324,381,481,648,665,688,118,170,324,340,422,461,665,683,0,62,195,226,259,460,510,521,562,635,662,0,40,54,196,213,238,367,507,562,259,303,360,417,453,466,495,590,13,33,99,116,237,275,381,492,575,641,101,150,417,435,515,545,620,642,32,80,138,204,325,518,573,604,634,662,0,72,90,159,207,219,350,377,526,620,641];[8,4,11,11,12,8,8,1,9,13,12,8,13,14,9,13,8,6,7,2,9,11,0,0,3,10,13,9,6,8,3,11,1,9,13,0,12,4,0,8,7,4,11,10,4,6,13,10,9,10,5,11,7,12,7,1,11,0,12,4,3,10,13,13,8,12,11,14,5,0,0,11,9,10,11,13,5,13,6,0,8,0,1,12,5,9,13,11,13,12,13,3,3,0,4,8,12,7,3,13,8,11,13,13,4,10,11,8,12,1,4,11,13,13,2,12,13,13,12,5,13,8,11,10,3,0,13,1,12,13,3,9,8,11,10,13,4,1,12,14,8,0,8,13,9,8,12,8,0,14,5,4,13,13,1,1,10,6,3,10,2,8,13,4,11,4,4,11,8,3,9,11,4,1,10,5,10,11,4,12,7,0,11,5,8,13,13,9,14,5,3,11,8,12,9,12,11,4,13,13,5,9,3,11,6,5,8,1,13,4,7,3,8,1,10,4,12,0,4,13,12,5,8,0,13,7,12,12,11,10,13,7,5,4,13,10,13,4,13,11,3,6,8,4,9,10,11,8,9,3,13,5,6,13,8,9,3,4,11,4,7,8,13,9,12,3,3,6,12,12,0,9,13,12,13,13,11];[2,20,20,0,7,8,15,19,20,20,17,8,6,21,11,1,14,12,12,19,1,13,0,7,2,19,17,11,19,7,18,21,14,8,21,12,21,7,7,3,14,11,2,10,11,12,17,2,4,19,17,6,10,0,2,15,18,11,10,6,1,15,11,6,14,13,17,3,12,0,10,3,12,15,11,7,9,3,9,4,17,14,14,20,11,16,18,15,0,20,1,18,16,16,7,6,9,2,15,12,1,15,4,0,9,8,3,10,19,16,4,15,7,8,20,4,6,0,18,5,6,7,1,4,5,4,2,19,9,15,8,18,14,16,13,19,10,8,10,17,10,11,14,2,3,13,19,15,3,5,2,15,4,12,1,1,1,5,16,6,5,2,6,0,10,18,5,20,12,17,9,8,1,14,19,10,9,18,13,6,1,2,11,11,14,10,16,9,16,14,7,0,13,21,21,2,12,21,15,21,18,14,17,19,13,6,17,17,8,5,9,2,12,1,18,0,6,2,18,7,3,11,21,7,13,5,14,14,5,21,20,18,18,2,11,9,15,11,6,15,4,11,9,16,17,20,19,8,10,10,7,20,18,17,12,4,14,7,4,10,9,7,17,6,2,20,17,1,5,4,4,15,11,19,13,14,9];[[0.49734142093980327,4.973414209398033,1.0],[0.35999045686025677,3.5999045686025677,1.0],[0.7220617567237175,7.220617567237175,1.0],[0.44672126724761885,4.4672126724761885,1.0],[0.4533596515962979,4.533596515962978,1.0],[0.025925678678183073,0.25925678678183073,1.0],[0.33490089376309407,3.3490089376309404,1.0],[0.4755440242737675,4.755440242737675,1.0],[0.45132356511490823,4.513235651149082,1.0],[0.08788974506102976,0.8788974506102976,1.0],[0.29509671683068217,2.9509671683068217,1.0],[0.33863234208051063,3.3863234208051063,1.0],[0.9020959027552419,9.020959027552419,1.0],[0.7173473735926632,7.173473735926632,1.0],[0.8986159167700656,8.986159167700656,1.0],[0.032997165944182005,0.32997165944182005,1.0],[0.2284682145918675,2.284682145918675,1.0],[0.5381470661357333,5.381470661357333,1.0],[0.06127510457974772,0.6127510457974772,1.0],[0.22935566071129299,2.29355660711293,1.0],[0.5598162304796008,5.598162304796008,1.0],[0.0008471767611641923,0.008471767611641923,1.0]]
1_Brandimarte_14_workers.fjs;1501.7580648142057;248090;[96,214,255,376,396,432,554,574,37,98,156,265,308,354,515,624,643,661,678,36,111,130,146,256,352,499,683,91,122,162,180,195,207,418,485,574,630,96,233,315,334,375,446,525,640,678,61,131,156,185,244,358,570,632,12,242,288,329,386,427,482,563,26,148,166,197,321,354,413,439,485,495,611,55,91,165,178,207,239,305,444,511,595,662,97,196,226,306,325,361,449,467,621,630,37,63,84,196,248,403,416,534,578,655,63,142,237,270,326,551,565,615,19,37,55,146,178,291,432,467,611,624,643,26,145,162,385,462,482,545,606,670,0,68,86,241,291,318,447,458,574,594,221,258,274,294,381,455,603,629,650,53,173,342,400,493,536,563,646,120,180,334,358,400,427,481,594,659,0,34,138,166,185,225,383,413,658,690,12,101,130,207,272,439,464,697,0,130,148,214,422,514,534,675,69,166,198,243,371,416,472,690,130,146,162,231,318,420,467,485,46,71,115,158,210,237,265,282,305,500,606,0,26,46,274,444,467,565,596,632,13,221,257,294,337,358,433,539,41,182,232,257,355,377,399,462,670,693,0,19,79,180,221,640,661,680,55,193,221,329,361,484,526,545,578,677,0,61,130,162,244,436,513,526,560,596,675];[8,9,11,11,12,4,8,1,4,13,12,4,13,14,9,13,8,6,7,2,13,11,0,0,12,10,13,9,6,8,3,13,1,9,13,4,3,4,0,8,7,8,11,10,9,6,13,10,9,10,10,11,7,12,7,1,11,4,12,8,3,10,13,13,4,12,11,4,10,0,0,11,9,10,11,13,5,13,6,0,8,4,1,3,10,9,13,11,13,12,13,3,3,0,9,8,12,7,3,13,5,11,13,13,9,10,11,8,12,12,9,11,9,11,2,12,13,13,12,5,13,8,11,10,3,0,13,1,1,13,3,9,4,11,10,13,4,1,12,14,8,0,8,13,9,8,1,4,4,4,5,14,7,13,1,12,10,6,3,10,12,8,13,4,11,4,8,11,8,3,4,11,4,12,10,8,10,11,4,12,7,4,11,10,8,13,13,13,14,5,12,11,8,12,4,2,11,8,13,13,10,9,3,11,6,5,4,1,13,9,7,3,8,1,10,4,3,0,9,13,12,10,5,0,13,7,12,12,11,10,13,7,5,14,11,10,13,4,13,11,3,6,8,4,9,10,13,8,9,3,13,8,6,13,8,4,11,8,11,0,7,8,13,9,12,3,3,6,12,3,0,9,13,12,13,13,11];[19,13,5,14,0,4,19,8,6,15,17,3,15,7,5,15,14,3,3,7,1,0,20,8,8,3,19,4,9,1,18,12,21,6,21,19,19,9,13,18,13,10,18,10,15,5,17,2,4,5,13,18,15,6,5,6,21,7,8,0,19,17,18,13,14,7,17,4,3,2,8,5,14,19,3,7,2,9,7,4,16,7,13,14,16,8,18,17,16,6,6,7,5,3,3,4,1,10,14,20,20,17,12,0,3,21,5,12,6,13,4,18,6,2,15,4,0,0,1,0,2,20,18,4,5,0,2,3,1,10,10,0,5,2,0,20,11,8,10,20,11,17,14,20,20,10,7,4,8,8,11,7,8,12,16,6,8,5,16,2,13,0,15,7,8,15,3,5,10,8,9,6,4,12,3,8,20,18,7,20,14,2,15,3,9,10,16,17,8,8,4,20,16,11,19,9,19,4,15,5,16,8,1,1,19,3,7,14,8,12,9,21,7,20,15,0,21,18,6,2,1,14,9,21,19,0,10,16,12,1,1,6,7,20,21,13,15,15,18,15,2,16,9,4,14,13,18,1,15,2,6,7,10,10,4,14,2,11,4,14,8,7,18,11,10,1,17,18,20,11,9,20,11,19,10,14,12];[[0.4211249061401,4.211249061401,1.0],[0.9761073344853062,9.761073344853061,1.0],[0.6132800246752349,6.132800246752349,1.0],[0.6930423279788359,6.930423279788359,1.0],[0.5088628354481554,5.088628354481553,1.0],[0.18781156668551158,1.8781156668551158,1.0],[0.830121874145001,8.301218741450011,1.0],[0.8449241651217704,8.449241651217704,1.0],[0.20962821201639004,2.0962821201639006,1.0],[0.6505169872996391,6.505169872996391,1.0],[0.7003316191510263,7.003316191510263,1.0],[0.7150339547653067,7.150339547653068,1.0],[0.8091072451390076,8.091072451390076,1.0],[0.8451978833841938,8.451978833841938,1.0],[0.3695849781386673,3.695849781386673,1.0],[0.5056149902637381,5.056149902637381,1.0],[0.7206140757071586,7.206140757071586,1.0],[0.14319015826691817,1.4319015826691817,1.0],[0.026697115061789622,0.2669711506178962,1.0],[0.15341588178909327,1.5341588178909327,1.0],[0.8363432326370349,8.363432326370349,1.0],[0.3246336983988545,3.2463369839885448,1.0]]
1_Brandimarte_14_workers.fjs;1411.5567712009845;971090;[165,185,273,328,372,493,607,628,29,60,113,137,174,191,251,390,405,478,588,28,164,206,301,376,402,417,530,33,70,88,147,165,185,234,436,465,484,27,52,221,262,328,360,376,387,460,93,206,271,300,340,448,564,638,21,51,147,165,176,293,351,475,113,257,273,300,344,360,413,440,499,511,529,183,221,273,311,371,397,476,535,555,586,627,72,114,159,185,222,246,353,417,432,560,98,127,145,160,181,191,278,430,638,656,0,49,72,104,221,246,300,340,16,33,51,86,128,336,353,387,575,588,607,12,41,104,204,222,345,451,466,558,85,129,195,302,319,460,521,532,628,649,0,74,93,185,206,221,363,389,450,0,45,286,390,452,468,511,617,0,12,49,145,326,410,440,519,547,258,290,351,392,417,440,494,555,568,624,58,85,181,324,376,533,568,588,0,61,79,243,258,291,470,588,206,271,310,423,545,559,581,607,38,53,191,243,285,325,418,607,0,53,145,165,216,312,324,340,369,499,560,98,206,221,319,361,397,512,584,607,15,89,291,308,529,556,607,638,239,257,289,328,450,470,502,521,564,591,0,22,38,262,415,484,499,624,0,22,113,247,285,353,466,484,532,560,70,88,160,273,290,349,405,426,512,623,645];[8,9,11,11,12,4,8,1,4,13,12,4,13,14,9,13,8,6,7,2,9,11,0,0,3,5,13,9,6,8,3,11,1,9,13,0,3,14,0,8,7,4,11,10,4,6,13,10,9,10,10,11,7,12,7,1,11,0,3,8,3,5,13,13,4,12,11,14,10,0,0,11,9,10,11,13,8,13,6,0,8,4,1,12,10,9,13,11,13,12,13,3,3,0,4,8,12,7,12,13,8,11,13,13,4,10,11,8,12,1,4,3,9,11,12,3,13,13,12,10,13,8,11,10,12,0,13,1,1,13,3,9,4,11,10,13,9,1,12,4,8,0,8,13,9,8,12,4,0,14,5,14,7,13,1,12,10,6,12,10,12,8,13,8,11,9,8,11,8,3,4,11,4,1,10,8,5,11,4,12,7,0,11,10,8,13,13,9,14,8,3,11,8,12,9,2,11,8,13,13,10,9,3,11,6,5,4,1,13,4,7,3,8,1,10,0,3,0,9,13,12,10,8,0,13,7,12,12,11,10,13,7,5,14,11,10,13,0,13,11,12,6,8,4,9,10,11,5,9,3,13,5,6,13,8,9,3,8,11,4,7,8,13,9,12,3,3,6,12,3,0,9,13,12,13,13,11];[3,5,19,1,7,12,0,13,1,2,17,20,15,21,16,20,11,6,9,11,2,13,21,13,15,6,14,20,19,12,2,16,0,10,18,12,11,17,13,5,5,16,13,10,1,6,15,14,4,3,21,13,10,5,18,12,6,12,17,20,5,20,13,6,14,7,17,3,1,2,4,18,8,2,19,7,18,12,7,8,16,17,17,20,13,16,18,14,0,11,6,7,14,3,3,14,16,11,9,18,1,13,12,16,21,7,4,9,11,2,16,14,19,8,11,18,1,0,1,0,2,5,1,4,12,12,2,21,9,10,19,21,0,2,13,14,15,14,10,1,21,19,14,11,6,10,19,4,20,6,4,8,6,12,12,5,2,4,19,18,15,3,21,4,19,15,9,10,0,17,8,10,15,6,21,20,15,18,10,2,7,10,21,19,9,18,17,9,16,19,18,13,13,8,10,16,19,4,15,14,12,12,9,19,9,5,2,3,8,5,0,15,1,1,18,20,21,11,9,2,16,0,6,13,11,5,14,2,3,6,11,4,19,6,5,12,15,20,6,13,16,7,9,9,19,12,8,7,10,14,5,20,16,10,17,1,5,7,4,12,5,7,3,5,3,1,17,14,0,18,8,2,9,5,7,14,17];[[0.4831103964860096,4.831103964860096,1.0],[0.9021829992468611,9.02182999246861,1.0],[0.5374571935128641,5.374571935128642,1.0],[0.8761340971511191,8.761340971511192,1.0],[0.573156942708234,5.7315694270823405,1.0],[0.994523847851402,9.945238478514021,1.0],[0.3574465703190305,3.574465703190305,1.0],[0.6617299629663892,6.617299629663892,1.0],[0.4882872262788658,4.882872262788657,1.0],[0.5726412824777106,5.726412824777106,1.0],[0.32388398325139345,3.2388398325139347,1.0],[0.8072354510963532,8.072354510963532,1.0],[0.8087324055796944,8.087324055796945,1.0],[0.660852452150834,6.60852452150834,1.0],[0.5802577271631468,5.802577271631469,1.0],[0.04408639890691246,0.4408639890691246,1.0],[0.7725635994624831,7.725635994624831,1.0],[0.340181488474281,3.4018148847428096,1.0],[0.09506024617702258,0.9506024617702258,1.0],[0.23214768683087816,2.321476868308782,1.0],[0.29508457816293987,2.9508457816293987,1.0],[0.12277001052286385,1.2277001052286385,1.0]]
1_Brandimarte_14_workers.fjs;1453.3329806161378;489690;[48,318,341,443,526,611,634,653,37,118,131,155,192,325,402,489,504,551,570,0,18,51,182,204,481,496,631,170,200,262,275,358,378,478,536,551,620,0,126,177,199,275,396,414,450,611,67,85,95,155,262,308,342,631,103,124,145,164,373,439,478,520,0,85,160,177,203,387,410,460,496,628,644,95,273,289,302,335,354,372,417,485,542,665,0,121,225,241,302,371,433,451,621,630,140,259,354,417,473,504,517,570,594,658,93,121,324,387,406,454,583,611,0,69,86,102,131,208,225,287,566,606,665,29,155,208,415,433,510,551,566,627,145,225,252,272,289,336,402,418,465,496,68,160,235,315,458,522,554,583,621,33,57,176,192,357,425,474,644,240,252,354,386,438,490,554,590,610,0,22,64,93,415,484,545,579,596,644,22,51,82,103,257,311,484,673,33,196,214,243,339,375,550,570,0,29,182,200,240,319,354,454,10,165,218,373,476,520,613,647,124,146,227,246,265,311,322,433,581,645,658,0,27,64,101,396,432,466,510,596,146,177,246,259,289,315,399,523,15,35,164,180,277,297,351,369,460,478,46,118,254,377,396,474,570,598,0,57,109,193,222,335,368,386,595,630,27,43,109,243,301,324,354,451,517,579,594];[8,9,11,11,12,4,8,1,9,13,12,4,13,14,9,13,8,6,7,12,9,11,0,0,3,10,13,9,6,4,3,11,1,9,13,0,12,14,4,8,7,4,11,10,4,6,13,10,4,10,5,11,7,12,7,1,11,0,3,4,11,10,13,13,8,12,11,4,5,0,0,11,4,10,11,13,8,13,6,0,8,0,1,3,5,9,13,11,13,12,13,3,3,0,9,8,12,7,12,13,5,11,13,13,9,5,11,8,12,1,4,3,9,11,12,3,13,13,12,5,13,8,11,10,12,4,13,1,12,13,3,9,8,11,10,13,9,1,3,4,8,4,8,13,4,8,12,8,4,14,10,4,7,13,1,1,10,6,3,10,12,8,13,8,11,9,8,11,8,11,9,11,14,12,10,5,5,11,8,12,7,0,11,5,8,13,13,9,14,5,3,11,8,12,4,2,11,8,13,13,5,9,3,11,6,8,4,1,13,9,7,3,8,1,10,0,3,0,9,13,12,10,5,0,13,7,12,3,11,10,13,7,8,14,11,10,13,4,13,11,3,6,8,14,9,10,11,5,13,3,13,5,6,13,8,9,3,4,11,0,7,8,13,9,12,3,3,6,12,3,0,4,13,13,13,13,11];[3,13,5,15,0,4,15,13,12,15,17,10,6,21,8,1,11,18,12,10,16,10,17,16,15,17,19,15,19,21,18,11,21,19,18,12,17,14,3,12,14,0,12,10,11,2,17,18,9,17,5,16,10,20,6,18,5,4,6,21,17,1,21,6,18,13,17,4,16,18,10,13,3,18,8,7,10,20,1,14,20,16,3,18,11,2,18,16,11,12,1,7,3,6,1,9,7,4,0,2,13,17,14,0,0,20,18,13,6,1,16,12,19,13,10,5,9,1,9,17,6,9,16,4,19,6,2,8,4,10,8,0,18,1,0,19,5,4,7,5,3,16,14,20,17,6,10,8,0,2,14,6,6,20,4,16,18,6,16,18,18,6,3,14,4,15,4,20,3,19,9,16,15,9,17,6,17,18,20,2,1,10,15,4,21,10,8,9,12,14,14,2,16,3,4,13,19,2,15,14,20,8,15,19,19,4,14,17,8,19,6,12,0,1,3,17,1,2,8,2,20,0,9,12,11,20,10,15,3,6,8,18,9,6,16,10,15,15,6,2,0,1,9,21,21,15,19,12,8,12,7,20,18,4,20,21,1,7,4,8,8,7,3,7,11,3,17,1,16,12,0,16,18,6,5,14,0];[[0.34661995661142697,3.4661995661142697,1.0],[0.2286410960833074,2.286410960833074,1.0],[0.012392470279078194,0.12392470279078194,1.0],[0.9308270259025113,9.308270259025113,1.0],[0.3225145761620236,3.225145761620236,1.0],[0.0006954578022455582,0.006954578022455582,1.0],[0.2097170717940725,2.097170717940725,1.0],[0.5179602272351016,5.179602272351016,1.0],[0.7628222106217201,7.6282221062172,1.0],[0.3089717897377221,3.089717897377221,1.0],[0.15113122452813788,1.5113122452813788,1.0],[0.07045772229012492,0.7045772229012492,1.0],[0.8725064026541692,8.725064026541693,1.0],[0.3074981421409557,3.074981421409557,1.0],[0.272859759997538,2.7285975999753798,1.0],[0.9838464878398866,9.838464878398867,1.0],[0.7385079487399623,7.385079487399623,1.0],[0.7690782380223464,7.690782380223464,1.0],[0.7347776517949599,7.347776517949599,1.0],[0.040110031230356946,0.40110031230356946,1.0],[0.7832762173461114,7.832762173461115,1.0],[0.9889075602289727,9.889075602289727,1.0]]
1_Brandimarte_14_workers.fjs;1482.2615868419346;592020;[124,143,234,279,349,375,481,665,204,276,325,403,453,469,498,549,564,631,674,0,90,127,143,154,183,574,690,55,127,261,279,330,347,394,420,632,647,0,181,360,422,453,538,599,610,647,47,145,157,295,322,586,604,664,0,41,74,207,245,600,612,648,18,97,114,155,200,289,415,438,477,568,629,78,143,182,195,257,296,394,460,528,612,664,55,131,167,182,213,304,341,404,420,519,0,85,139,161,262,328,345,383,435,641,85,114,216,279,299,389,627,681,186,312,410,429,469,519,573,589,616,632,665,0,29,169,195,268,310,389,455,543,67,399,437,484,516,543,563,579,614,659,19,81,232,380,401,426,476,502,528,0,48,150,167,288,347,487,631,29,95,201,244,266,347,455,557,648,0,19,29,55,222,244,265,295,373,433,41,67,182,229,252,312,441,564,33,72,90,337,466,476,503,614,43,72,109,195,230,403,551,579,16,26,161,212,299,573,656,674,25,84,105,124,157,218,229,245,337,376,639,251,330,345,359,376,440,476,501,610,67,81,230,528,629,641,674,690,0,93,113,145,181,244,410,427,520,612,26,69,113,248,261,289,401,429,44,222,367,383,399,422,501,561,589,614,53,313,375,420,465,502,536,549,583,601,629];[8,4,11,11,12,4,8,1,9,13,12,4,13,14,9,13,8,6,7,12,9,11,0,0,12,10,13,4,6,8,3,11,1,9,13,0,3,4,0,8,7,4,11,10,9,6,13,10,9,10,10,11,7,12,7,1,11,0,3,4,11,5,13,13,4,12,11,4,5,0,0,11,9,10,11,13,5,13,6,0,8,4,1,3,10,13,13,11,13,13,13,3,11,0,9,8,12,7,3,13,8,11,13,13,4,5,11,8,12,12,4,3,9,11,2,12,13,13,12,5,13,8,11,10,3,4,13,1,1,13,3,9,8,11,10,13,9,1,3,4,8,0,8,13,9,8,1,4,4,14,10,14,7,13,1,1,10,6,3,10,12,8,13,4,11,9,4,11,8,3,4,11,4,1,10,5,10,11,8,12,7,0,11,5,8,13,13,9,14,5,12,11,8,12,9,2,11,4,13,13,10,9,12,11,6,5,8,1,13,9,7,3,8,1,10,0,3,0,4,13,12,5,8,0,13,7,12,12,11,10,13,7,5,14,13,10,13,0,13,11,12,6,8,4,9,10,11,5,9,3,13,8,6,13,8,9,3,8,11,0,7,8,13,9,12,3,3,6,12,3,0,4,13,12,13,13,11];[2,1,0,1,0,9,9,19,20,15,17,15,6,17,21,20,13,9,8,7,12,0,21,9,17,19,19,11,19,1,2,14,16,8,21,12,2,15,1,3,14,16,13,10,2,10,15,19,4,17,9,18,15,0,16,14,5,14,12,6,4,7,18,6,14,7,17,0,1,0,10,9,17,3,6,13,1,9,2,4,20,14,6,3,16,11,18,5,4,10,6,18,5,3,11,8,20,2,13,2,1,17,12,0,21,20,7,9,6,18,15,12,6,8,8,19,13,0,20,13,7,6,9,4,7,20,2,14,5,15,8,4,19,1,13,19,21,12,7,0,12,17,14,20,14,5,7,9,16,11,7,0,21,0,8,13,2,18,16,15,7,0,15,17,4,19,9,19,10,19,16,2,5,16,3,8,6,18,19,6,14,10,14,18,21,6,12,9,11,10,5,0,16,3,3,10,19,21,15,11,21,14,9,1,19,3,7,17,8,7,2,2,0,5,3,16,21,5,18,13,20,11,8,13,11,0,10,18,19,11,8,17,18,18,0,5,15,20,6,19,15,2,9,4,16,11,19,9,13,0,7,1,10,4,12,8,5,17,4,8,14,7,3,10,12,20,17,1,16,4,12,17,11,17,4,14,7];[[0.8559393885152179,8.55939388515218,1.0],[0.8004839408308784,8.004839408308783,1.0],[0.5938433496209707,5.938433496209708,1.0],[0.8870093324131678,8.870093324131679,1.0],[0.741558169706834,7.4155816970683395,1.0],[0.8097670389513107,8.097670389513107,1.0],[0.2247324103169328,2.247324103169328,1.0],[0.9761818800633866,9.761818800633865,1.0],[0.6339038774096737,6.339038774096737,1.0],[0.5580285642552777,5.580285642552777,1.0],[0.4463526500656817,4.463526500656817,1.0],[0.28336462923826333,2.8336462923826335,1.0],[0.9019880415639555,9.019880415639555,1.0],[0.03268507148422006,0.32685071484220063,1.0],[0.4362825217209084,4.3628252172090844,1.0],[0.18851543397694082,1.8851543397694082,1.0],[0.9250090249429151,9.250090249429151,1.0],[0.9012349700248556,9.012349700248556,1.0],[0.12108560404704316,1.2108560404704316,1.0],[0.9174015512221217,9.174015512221217,1.0],[0.6336036775858569,6.3360367758585685,1.0],[0.8916415369189501,8.916415369189501,1.0]]
1_Brandimarte_14_workers.fjs;1585.5173516407935;373980;[152,244,289,359,481,555,613,718,123,152,236,261,313,341,561,580,595,613,629,0,99,118,426,452,521,530,566,27,76,171,188,205,331,497,611,626,658,26,152,240,261,355,442,465,513,723,0,54,76,175,431,481,497,590,105,136,381,401,530,573,704,717,47,62,136,165,325,405,445,637,663,686,717,164,256,282,295,330,349,476,503,561,579,732,74,123,190,272,381,398,505,565,596,703,0,39,58,129,152,239,375,460,690,735,0,29,54,98,210,382,491,554,80,149,167,183,349,398,424,488,538,554,609,0,29,179,221,289,402,523,538,626,119,401,419,446,531,561,579,590,633,678,76,136,152,201,445,464,610,636,665,0,83,205,350,523,681,706,723,29,170,310,433,446,577,596,637,669,58,205,215,307,332,379,476,509,585,723,0,98,188,222,341,359,523,658,34,105,123,188,201,424,476,496,29,136,222,307,626,640,658,698,126,167,213,230,294,311,363,649,58,99,220,240,259,286,297,503,580,677,690,0,26,39,252,317,350,483,558,706,20,341,470,520,540,558,595,703,118,240,260,271,329,382,412,455,625,645,57,244,295,349,368,551,651,669,70,98,133,268,294,349,415,433,455,581,44,60,76,154,209,238,269,431,463,708,723];[8,9,11,11,13,4,8,12,4,13,12,8,13,14,9,13,8,6,7,12,13,11,4,0,12,10,13,9,6,8,3,11,1,9,13,0,12,14,4,8,7,4,11,10,9,6,13,10,9,10,10,11,7,12,7,1,11,0,12,8,11,5,13,13,8,13,11,4,5,0,0,11,9,10,11,13,8,13,6,0,8,0,1,12,10,9,13,11,13,12,13,3,11,0,9,8,12,7,3,13,8,11,13,13,4,5,11,8,12,1,4,3,13,11,12,12,13,13,1,5,13,8,11,10,3,4,13,1,1,13,3,9,8,11,10,13,9,1,12,14,8,4,8,13,9,8,1,4,4,14,5,14,7,13,1,1,10,6,3,10,2,8,13,8,11,9,4,11,8,3,9,11,4,12,10,5,10,13,8,12,7,0,11,10,8,13,13,9,14,8,12,11,8,12,4,12,11,4,13,13,10,9,12,11,6,5,4,1,13,4,7,3,8,1,10,0,3,0,4,13,12,5,8,0,13,7,12,12,11,10,13,7,5,4,11,10,13,4,13,11,12,6,8,4,9,10,11,5,9,3,13,5,6,13,8,9,11,4,11,4,7,8,13,9,12,3,3,6,1,12,4,4,13,12,13,13,11];[19,0,20,1,0,20,1,10,5,15,17,1,20,11,13,1,9,0,14,1,16,13,2,19,8,20,19,1,15,17,2,10,14,8,21,12,9,0,6,6,7,21,12,10,13,13,5,20,4,5,21,8,10,7,18,12,8,17,6,2,13,12,16,10,14,12,17,12,6,4,10,18,21,4,8,13,6,20,2,14,16,3,4,20,2,8,18,2,4,1,1,18,5,6,12,5,2,16,18,20,1,15,12,17,8,20,14,10,6,21,15,10,7,2,11,6,6,0,6,20,4,7,16,4,16,4,2,5,9,10,7,21,20,16,8,20,3,14,10,19,10,6,14,20,8,13,7,9,11,6,15,7,18,12,0,16,9,5,16,18,8,6,11,0,8,6,12,19,4,19,9,15,15,5,17,18,17,19,20,2,17,10,1,19,19,16,8,9,11,10,6,9,16,21,19,9,12,18,15,9,21,4,12,1,17,16,15,3,8,1,5,7,18,12,3,12,1,4,14,2,3,11,9,13,11,11,14,6,12,9,10,13,7,12,17,6,15,11,6,13,18,5,9,15,17,10,8,0,13,9,7,20,16,21,19,4,8,14,4,6,14,7,3,3,2,20,17,17,17,4,14,4,11,17,8,14,8];[[0.5198238265685563,5.198238265685563,1.0],[0.9583988744400509,9.583988744400509,1.0],[0.3402956357666065,3.402956357666065,1.0],[0.7081849781179302,7.081849781179303,1.0],[0.9252189405445452,9.252189405445453,1.0],[0.05032666735654623,0.5032666735654623,1.0],[0.6613275461751585,6.613275461751585,1.0],[0.82711411373077,8.271141137307701,1.0],[0.8734961127808921,8.734961127808921,1.0],[0.5913019030238962,5.913019030238962,1.0],[0.11264722490163037,1.1264722490163037,1.0],[0.34477784983246407,3.4477784983246407,1.0],[0.011377599382669468,0.11377599382669468,1.0],[0.7909742881977946,7.909742881977946,1.0],[0.3277964015146908,3.277964015146908,1.0],[0.22222795698924247,2.2222795698924247,1.0],[0.14676573527209236,1.4676573527209236,1.0],[0.040648812187981,0.40648812187981,1.0],[0.14328037004549943,1.4328037004549943,1.0],[0.10349201402412567,1.0349201402412567,1.0],[0.2300149081299988,2.3001490812999883,1.0],[0.34985110243749995,3.4985110243749995,1.0]]
1_Brandimarte_14_workers.fjs;1503.8655679414037;3759950;[58,77,103,317,468,493,521,631,36,63,77,347,497,515,556,578,626,646,662,0,127,282,299,420,467,483,612,251,277,293,321,351,474,504,563,578,633,0,25,110,133,162,187,203,306,662,77,103,131,169,409,479,497,674,0,24,263,282,293,450,608,617,97,180,244,343,372,401,425,452,479,608,656,68,135,167,180,213,303,379,449,508,538,648,0,108,152,169,246,265,387,483,563,618,103,131,173,193,246,470,483,515,674,693,0,32,58,151,230,428,538,573,0,299,317,335,418,433,452,503,548,646,668,0,29,44,369,387,451,483,593,688,19,119,135,263,280,306,407,538,608,626,36,133,232,370,409,582,608,618,657,32,155,197,213,324,345,423,617,58,101,212,330,345,451,520,561,646,0,64,213,244,264,345,372,401,576,685,290,355,428,479,497,515,563,593,0,18,36,97,306,433,543,578,81,108,151,173,232,280,297,487,256,335,405,423,461,493,640,658,24,47,77,97,335,425,450,491,576,627,646,80,199,213,312,330,381,528,551,600,19,218,468,483,571,628,658,674,33,203,219,243,261,324,372,432,531,668,63,81,114,133,167,297,317,593,97,187,219,317,355,389,451,470,603,674,107,184,234,264,367,379,405,423,515,533,628];[8,4,11,11,12,8,8,12,9,13,12,4,13,14,9,13,8,6,7,12,9,11,0,0,3,10,13,9,6,4,3,11,1,9,13,4,3,14,0,8,7,4,11,10,9,6,13,10,4,10,10,11,7,12,7,1,11,0,12,4,3,5,13,13,4,13,11,4,5,0,4,11,4,10,11,13,5,13,6,0,8,4,1,3,5,9,13,11,13,12,13,3,3,0,4,8,2,7,3,13,5,11,13,13,4,10,11,8,12,1,9,3,9,11,2,12,13,13,12,5,13,8,11,10,3,0,13,1,1,13,3,9,8,11,10,13,9,1,12,4,8,4,8,13,9,8,1,8,0,14,10,4,7,13,1,1,10,6,3,10,12,8,13,8,11,9,4,11,8,3,4,11,14,1,10,5,10,11,8,12,7,0,11,10,8,13,13,9,14,8,3,11,8,12,9,2,11,8,13,13,5,9,12,11,6,8,4,1,13,9,7,3,8,1,5,4,3,0,9,13,12,10,8,0,13,7,12,3,11,10,13,7,8,14,11,10,13,0,13,11,12,6,8,14,4,10,11,8,9,3,13,5,6,13,8,9,3,4,11,4,7,8,13,9,12,3,3,6,1,3,0,9,13,12,13,13,11];[19,10,12,18,7,11,13,19,12,2,17,17,5,10,14,1,7,9,12,5,2,3,10,19,11,21,4,11,20,1,2,20,14,8,21,3,10,17,1,0,6,2,18,10,13,2,15,15,9,12,0,6,15,10,18,16,14,7,7,11,10,21,2,9,14,0,17,13,12,6,0,8,18,7,4,13,10,21,7,14,7,0,11,3,15,20,18,21,4,12,6,8,13,6,11,18,14,15,15,12,20,4,13,16,2,21,21,14,18,5,6,11,6,8,15,6,9,14,19,16,0,6,1,4,0,4,2,0,5,15,8,20,7,1,8,19,4,14,10,17,1,11,14,11,21,13,7,15,20,5,15,20,6,20,8,16,6,1,16,3,16,3,11,16,10,6,2,16,14,4,11,2,15,4,9,19,14,18,12,5,7,10,1,19,15,6,13,9,11,0,4,9,13,21,4,13,12,8,15,21,20,12,0,1,6,20,18,17,8,19,8,15,18,1,18,4,1,2,8,2,7,11,13,20,10,5,10,16,9,18,14,7,8,19,12,17,11,0,6,2,18,7,9,13,19,10,2,8,16,3,6,20,18,17,6,17,7,6,4,8,12,7,15,2,14,7,17,1,10,13,4,8,9,6,7,14,18];[[0.18019241848515155,1.8019241848515155,1.0],[0.48736227300275514,4.873622730027551,1.0],[0.07759170039841756,0.7759170039841756,1.0],[0.5225667244081349,5.2256672440813485,1.0],[0.9196433340252647,9.196433340252646,1.0],[0.8762509611803474,8.762509611803473,1.0],[0.5029695910906639,5.029695910906638,1.0],[0.8160267976375112,8.160267976375112,1.0],[0.8059112000327816,8.059112000327817,1.0],[0.2140591090540045,2.140591090540045,1.0],[0.08805821114486456,0.8805821114486456,1.0],[0.20329737064426556,2.0329737064426556,1.0],[0.5837360924329463,5.837360924329463,1.0],[0.6737333796339059,6.737333796339059,1.0],[0.1608013027204077,1.6080130272040771,1.0],[0.7465026683932527,7.465026683932527,1.0],[0.5706715087422025,5.706715087422025,1.0],[0.4637998194614905,4.637998194614905,1.0],[0.510707169665419,5.10707169665419,1.0],[0.13436739791107,1.3436739791107,1.0],[0.5955836724768061,5.955836724768061,1.0],[0.9705970110642231,9.705970110642232,1.0]]
1_Brandimarte_7_workers.fjs;379.7669315048679;3805040;[4,20,58,131,167,17,60,66,118,152,25,66,115,126,149,0,15,28,64,86,2,37,72,100,150,84,96,111,141,160,47,55,62,80,86,62,94,96,156,160,0,27,34,39,143,53,95,117,126,131,2,18,34,36,159,43,54,84,124,169,2,18,121,150,164,1,35,86,132,149,8,54,100,115,128,15,35,54,93,173,25,69,92,111,164,0,27,75,132,173,0,19,81,155,176,55,67,104,121,148];[1,0,1,3,2,0,3,1,4,0,2,3,2,1,2,0,2,2,2,0,2,0,2,4,3,4,0,4,1,1,3,4,1,2,4,4,0,1,1,0,4,4,1,1,4,0,3,0,3,1,3,4,4,4,4,4,2,2,2,1,4,3,3,0,1,4,0,3,2,1,1,4,2,1,4,0,3,1,4,3,4,4,0,0,2,1,1,2,0,4,2,4,0,3,0,3,0,3,4,0];[2,4,6,0,5,0,2,3,0,1,2,6,2,4,5,4,1,0,5,1,2,2,0,4,2,2,6,0,5,2,3,5,6,0,0,0,6,2,0,0,1,1,6,6,3,4,1,4,6,3,6,4,2,3,6,0,3,4,1,2,3,3,0,1,3,0,4,2,6,4,2,0,3,6,2,4,1,6,0,6,6,4,3,4,2,5,6,3,1,3,6,2,1,1,0,0,2,5,3,2];[[0.7773566427005639,7.7735664270056395,1.0],[0.6698255595592497,6.698255595592498,1.0],[0.09913960392481702,0.9913960392481702,1.0],[0.35297051119014544,3.529705111901454,1.0],[0.4679077429008419,4.679077429008419,1.0],[0.5346837414708775,5.346837414708775,1.0],[0.9783090609123973,9.783090609123974,1.0]]
1_Brandimarte_7_workers.fjs;383.30149475241456;4709440;[4,30,53,155,174,0,10,46,78,155,33,50,70,81,169,119,140,148,157,165,45,47,71,108,150,8,16,62,69,126,5,70,89,93,140,48,85,93,115,132,7,19,69,104,126,15,35,87,117,140,81,99,108,119,155,37,81,109,119,159,0,15,99,107,154,10,117,130,151,168,10,15,64,125,165,24,36,85,96,145,0,22,44,78,154,0,70,107,122,148,22,55,62,122,148,0,15,33,89,115];[1,0,1,3,3,0,0,0,4,2,2,3,3,1,4,1,4,1,2,2,2,2,4,4,3,1,0,4,1,1,3,0,1,2,3,4,0,1,1,0,2,1,4,3,4,4,1,0,3,2,3,0,1,4,4,4,4,0,0,1,4,3,3,0,1,2,0,1,0,1,3,2,2,0,0,2,2,1,4,3,2,4,0,2,4,1,4,4,2,4,2,4,1,3,0,3,1,3,4,0];[1,3,0,0,0,2,0,4,0,4,6,6,2,4,2,4,5,0,5,1,6,3,1,4,2,6,3,5,3,3,3,5,5,4,0,2,4,2,2,1,0,2,5,0,5,6,1,1,6,4,0,5,2,3,6,0,2,6,1,2,5,5,4,3,3,3,1,3,1,4,2,4,0,1,3,6,2,5,1,6,6,4,3,6,5,3,6,5,6,3,6,1,4,0,1,4,2,5,3,5];[[0.7966509679599704,7.966509679599704,1.0],[0.05862623274803458,0.5862623274803458,1.0],[0.7602397739740907,7.602397739740907,1.0],[0.8627037401845356,8.627037401845355,1.0],[0.09127403464611428,0.9127403464611428,1.0],[0.9024924365975527,9.024924365975528,1.0],[0.7858960565941281,7.858960565941281,1.0]]
1_Brandimarte_7_workers.fjs;379.5631547987216;290700;[70,94,119,123,143,0,39,53,86,138,57,73,112,123,163,4,18,25,73,134,48,57,96,140,167,54,75,89,102,154,0,23,39,54,97,15,21,76,150,158,8,39,56,57,157,11,78,112,118,124,21,48,95,142,149,0,13,51,127,154,25,56,112,121,141,8,37,46,57,112,5,25,37,118,140,3,46,74,78,143,10,58,110,118,169,0,43,72,94,112,15,30,89,148,174,5,27,94,134,177];[1,0,1,3,1,0,0,1,4,2,4,3,2,1,4,1,4,1,0,0,0,2,4,2,3,4,0,4,1,1,3,0,1,2,4,3,0,2,1,1,1,4,4,1,0,4,1,0,3,0,3,1,1,4,4,4,2,0,1,2,4,3,3,2,4,2,0,4,0,1,0,2,3,4,0,0,2,1,4,3,3,4,0,0,2,1,1,4,2,4,0,2,0,3,0,3,1,3,4,0];[1,5,6,6,0,2,2,4,0,3,0,6,2,2,6,4,0,2,3,2,6,2,1,2,2,2,3,3,3,1,5,5,6,1,0,4,4,5,1,0,3,1,2,1,3,0,2,5,5,3,6,5,2,4,6,0,2,6,2,4,1,3,0,1,1,4,6,1,4,6,2,0,3,0,3,6,0,0,4,6,6,5,3,4,4,1,6,5,6,3,6,0,4,5,3,1,3,4,0,4];[[0.5209484070219088,5.209484070219088,1.0],[0.42125020101147315,4.212502010114731,1.0],[0.22094517308324657,2.2094517308324657,1.0],[0.13033708391670573,1.3033708391670573,1.0],[0.48395776843282956,4.839577684328296,1.0],[0.6260889663051598,6.260889663051597,1.0],[0.6211218319323739,6.21121831932374,1.0]]
1_Brandimarte_7_workers.fjs;377.68412299116403;681660;[0,7,29,85,126,31,54,74,116,156,2,5,114,126,165,57,90,130,133,153,5,62,153,158,171,0,46,60,78,85,25,40,96,104,138,0,34,67,100,164,22,23,38,61,106,47,131,159,165,170,33,82,89,97,117,7,23,85,131,149,8,67,85,97,159,31,92,97,106,126,22,39,40,131,145,78,104,114,138,159,23,43,60,62,171,37,122,133,138,159,0,32,41,136,165,0,33,49,83,104];[1,0,1,3,2,0,2,1,4,2,2,3,3,1,4,1,4,1,1,0,2,0,2,2,3,0,0,4,1,1,3,4,1,4,2,4,0,4,1,1,4,2,0,1,0,4,4,0,3,0,3,4,1,4,4,2,4,0,3,1,4,3,2,0,1,4,0,2,2,3,1,4,2,0,4,0,3,1,4,3,0,1,0,2,2,1,0,2,0,4,2,4,1,3,0,3,1,3,4,0];[0,4,6,1,3,2,0,3,0,5,3,6,5,4,6,2,0,2,3,2,2,2,1,0,2,1,3,5,5,3,4,4,6,0,1,5,2,4,0,2,0,5,0,1,2,2,5,4,4,3,6,4,2,3,6,2,2,5,4,3,1,6,4,0,1,0,3,2,3,0,1,3,1,0,6,1,4,4,0,6,0,5,3,0,4,2,1,2,2,3,6,4,3,4,1,2,1,4,0,1];[[0.49734142093980327,4.973414209398033,1.0],[0.35999045686025677,3.5999045686025677,1.0],[0.7220617567237175,7.220617567237175,1.0],[0.44672126724761885,4.4672126724761885,1.0],[0.4533596515962979,4.533596515962978,1.0],[0.025925678678183073,0.25925678678183073,1.0],[0.33490089376309407,3.3490089376309404,1.0]]
1_Brandimarte_7_workers.fjs;402.2519364728459;140700;[0,28,53,149,180,4,28,135,144,168,82,96,116,126,130,8,64,98,142,173,0,7,60,80,168,32,34,73,150,174,23,41,49,135,173,34,85,106,130,178,69,117,139,144,163,42,125,136,178,183,5,23,28,48,109,2,56,109,144,163,13,56,91,127,129,31,57,73,82,161,0,71,98,129,142,2,11,41,110,183,19,28,42,103,157,4,30,137,150,182,57,85,104,126,180,0,45,74,91,161];[1,0,1,3,4,0,1,1,1,2,2,3,3,1,4,1,4,0,2,2,2,0,0,4,3,4,2,4,1,1,3,4,1,2,3,4,2,1,1,1,0,4,1,4,0,0,2,0,3,0,3,1,4,4,0,4,4,2,3,4,4,3,3,0,4,4,2,2,0,4,4,4,4,0,0,2,2,1,4,3,2,3,3,0,1,1,4,2,2,4,0,1,1,3,0,3,1,3,4,0];[2,3,6,0,4,2,4,4,3,6,2,6,6,2,3,4,0,5,5,2,4,2,1,4,2,2,2,3,5,5,1,4,6,2,0,6,1,2,1,5,4,1,6,2,3,3,4,5,6,3,1,4,2,4,3,0,0,4,0,4,3,2,0,6,1,0,3,1,3,4,6,6,0,5,4,6,5,6,1,6,6,5,0,4,1,5,0,1,6,0,1,2,5,0,3,1,6,5,4,3];[[0.4211249061401,4.211249061401,1.0],[0.9761073344853062,9.761073344853061,1.0],[0.6132800246752349,6.132800246752349,1.0],[0.6930423279788359,6.930423279788359,1.0],[0.5088628354481554,5.088628354481553,1.0],[0.18781156668551158,1.8781156668551158,1.0],[0.830121874145001,8.301218741450011,1.0]]
1_Brandimarte_7_workers.fjs;372.2597060941057;2662160;[101,122,143,148,167,14,17,83,90,110,4,87,110,131,154,0,28,47,70,137,0,38,98,115,167,29,79,108,147,172,16,43,60,64,106,29,45,68,97,123,57,99,107,112,130,76,83,104,143,154,0,17,23,36,72,8,69,115,128,153,21,42,107,113,144,16,52,60,119,163,0,18,63,87,152,18,26,49,145,172,21,49,68,98,144,4,8,90,136,170,3,36,98,125,167,21,64,69,91,161];[1,0,1,3,2,0,1,1,0,0,0,3,2,1,2,1,2,0,0,0,0,2,4,4,3,0,2,4,1,1,3,4,1,2,1,1,0,1,1,1,2,4,4,3,4,4,4,0,3,1,3,4,1,4,0,2,2,0,4,0,4,3,3,0,4,4,0,3,2,1,2,4,4,1,4,0,3,1,4,3,2,4,0,0,0,1,1,4,2,4,4,3,2,3,0,3,1,3,4,0];[0,4,0,0,3,2,5,1,3,5,2,6,2,1,3,2,6,4,3,2,5,1,1,3,2,1,2,3,3,2,3,3,6,4,1,2,2,0,0,1,0,1,6,0,5,6,5,4,4,4,6,4,1,4,3,0,2,5,2,2,3,6,0,5,1,4,0,2,6,4,1,6,1,4,1,4,4,3,1,6,6,5,3,4,5,0,1,5,6,0,5,3,2,0,0,2,3,4,1,6];[[0.4831103964860096,4.831103964860096,1.0],[0.9021829992468611,9.02182999246861,1.0],[0.5374571935128641,5.374571935128642,1.0],[0.8761340971511191,8.761340971511192,1.0],[0.573156942708234,5.7315694270823405,1.0],[0.994523847851402,9.945238478514021,1.0],[0.3574465703190305,3.574465703190305,1.0]]
1_Brandimarte_7_workers.fjs;413.5385376265207;1904860;[30,130,152,158,187,99,114,148,152,165,0,64,103,131,149,18,68,102,116,177,0,29,59,72,177,91,99,135,156,170,29,45,104,148,169,0,6,51,80,163,13,29,36,87,135,14,22,51,133,138,11,50,57,75,172,0,36,87,135,148,0,98,115,160,168,21,27,32,75,167,66,142,150,165,175,18,42,53,120,182,20,52,84,114,134,22,51,67,112,143,37,63,82,115,162,6,26,34,161,174];[1,2,1,3,3,4,4,1,0,2,1,3,2,1,4,1,4,1,4,2,0,0,0,2,3,0,0,4,1,1,3,0,1,2,4,3,0,3,1,1,2,4,4,1,0,4,2,2,3,3,3,4,1,4,0,2,1,2,1,3,4,3,1,0,4,4,0,2,0,2,4,4,2,0,4,0,2,1,0,3,0,4,3,0,4,1,4,2,2,4,4,1,4,3,0,3,1,3,4,1];[0,6,6,0,4,0,1,5,5,6,6,6,4,2,3,4,0,2,1,0,3,2,4,5,2,2,1,0,6,1,5,4,5,0,2,1,4,2,2,5,0,1,6,5,2,2,4,0,3,5,1,0,1,4,3,0,1,4,1,1,5,3,2,2,1,0,5,3,0,6,3,4,4,4,5,6,6,3,4,6,5,5,6,4,4,3,6,5,6,3,0,1,1,0,3,3,3,5,1,1];[[0.34661995661142697,3.4661995661142697,1.0],[0.2286410960833074,2.286410960833074,1.0],[0.012392470279078194,0.12392470279078194,1.0],[0.9308270259025113,9.308270259025113,1.0],[0.3225145761620236,3.225145761620236,1.0],[0.0006954578022455582,0.006954578022455582,1.0],[0.2097170717940725,2.097170717940725,1.0]]
1_Brandimarte_7_workers.fjs;365.97321332991413;547900;[36,42,57,94,130,69,73,80,108,137,57,74,96,135,156,0,18,84,88,108,0,14,37,46,139,30,40,80,124,143,25,40,61,86,121,18,40,57,139,147,3,58,87,93,116,11,18,87,155,160,5,46,113,130,143,0,72,94,100,113,25,57,74,106,115,0,67,88,156,171,5,39,102,114,157,12,29,131,142,160,9,65,85,139,153,40,88,114,115,137,12,30,80,122,139,0,5,39,95,144];[1,0,1,3,0,0,0,1,1,2,0,3,2,1,2,1,2,1,2,0,0,0,2,4,3,0,2,4,1,1,3,4,1,2,2,4,0,4,1,1,0,2,4,1,4,4,1,0,3,1,3,1,2,4,4,4,4,0,0,3,4,3,2,0,4,2,0,4,0,4,2,4,4,1,4,0,2,1,0,3,1,1,0,2,2,1,1,4,0,4,2,3,0,3,0,3,1,3,4,3];[1,1,6,0,4,0,5,1,4,0,2,6,2,2,4,2,0,2,5,2,4,2,6,5,2,2,0,0,6,1,3,3,6,4,0,6,1,4,0,0,6,5,2,4,5,0,1,1,5,0,4,3,0,3,6,0,2,6,1,6,4,3,4,1,1,5,2,2,1,5,1,3,3,4,3,1,0,5,4,6,3,1,3,5,1,6,4,5,2,3,6,5,3,1,6,3,3,4,3,2];[[0.8559393885152179,8.55939388515218,1.0],[0.8004839408308784,8.004839408308783,1.0],[0.5938433496209707,5.938433496209708,1.0],[0.8870093324131678,8.870093324131679,1.0],[0.741558169706834,7.4155816970683395,1.0],[0.8097670389513107,8.097670389513107,1.0],[0.2247324103169328,2.247324103169328,1.0]]
1_Brandimarte_7_workers.fjs;382.53586973417873;3333780;[0,5,28,80,100,24,81,107,121,162,33,100,138,148,162,66,78,94,144,154,21,48,71,85,120,41,89,105,132,176,0,71,143,147,154,2,9,78,121,125,11,113,120,122,138,26,69,89,143,162,5,21,23,31,57,26,97,148,154,164,41,125,148,169,171,0,28,34,41,171,9,66,74,111,121,64,105,139,155,176,0,48,103,138,154,62,70,112,120,174,11,63,92,153,171,21,34,46,66,146];[1,2,1,3,1,0,0,1,4,2,4,3,2,1,4,1,4,1,0,0,0,0,2,4,3,1,0,4,1,1,3,4,1,2,1,4,0,1,1,1,1,4,4,4,4,4,3,2,3,0,3,4,2,0,4,3,4,0,2,2,4,3,3,0,1,2,0,4,2,3,4,2,2,1,0,0,2,1,4,3,4,1,0,0,4,1,1,4,2,4,0,3,1,3,0,3,1,3,0,0];[2,1,6,6,5,0,4,5,0,2,3,6,0,1,1,1,0,2,4,2,6,2,0,1,2,2,3,0,5,2,3,5,6,0,6,0,3,5,4,4,3,1,5,1,3,2,4,0,5,3,6,4,5,4,6,1,2,6,1,5,0,2,4,3,0,4,3,2,3,4,5,3,3,4,3,2,2,1,3,6,6,1,3,4,4,3,1,5,6,3,0,4,4,0,6,2,3,5,2,1];[[0.5198238265685563,5.198238265685563,1.0],[0.9583988744400509,9.583988744400509,1.0],[0.3402956357666065,3.402956357666065,1.0],[0.7081849781179302,7.081849781179303,1.0],[0.9252189405445452,9.252189405445453,1.0],[0.05032666735654623,0.5032666735654623,1.0],[0.6613275461751585,6.613275461751585,1.0]]
1_Brandimarte_7_workers.fjs;364.9840443511113;4050520;[70,80,98,104,123,3,36,143,147,168,27,46,99,108,134,74,112,134,143,164,0,123,142,147,164,0,8,27,136,152,24,36,43,61,98,1,27,30,48,80,0,9,47,119,145,6,52,92,99,108,8,27,36,43,66,48,90,100,153,156,13,29,64,98,169,9,57,112,148,170,10,43,108,136,155,59,83,93,105,123,29,48,106,130,145,0,4,12,64,146,24,93,105,128,161,0,32,66,83,90];[1,2,1,3,0,0,0,1,1,2,2,3,2,1,4,1,1,1,0,0,0,2,2,3,3,2,2,4,1,1,3,4,1,0,4,4,0,2,1,1,4,1,4,4,0,0,1,0,3,0,3,1,1,0,4,2,4,0,4,1,4,3,2,0,4,4,0,4,2,4,4,4,2,0,4,0,3,1,4,3,0,4,0,0,2,1,1,4,0,4,0,3,1,3,0,3,1,3,4,0];[0,6,0,1,4,0,1,2,5,3,6,6,4,2,3,1,0,2,4,1,3,1,0,2,2,6,2,5,6,5,0,6,5,4,5,5,1,2,2,3,0,4,5,2,4,3,1,1,2,3,6,4,4,4,6,0,0,6,0,5,5,3,4,1,6,0,4,2,3,5,1,0,4,4,6,4,4,2,0,6,1,5,3,4,1,4,4,5,3,0,6,4,5,5,0,2,6,5,1,2];[[0.18019241848515155,1.8019241848515155,1.0],[0.48736227300275514,4.873622730027551,1.0],[0.07759170039841756,0.7759170039841756,1.0],[0.5225667244081349,5.2256672440813485,1.0],[0.9196433340252647,9.196433340252646,1.0],[0.8762509611803474,8.762509611803473,1.0],[0.5029695910906639,5.029695910906638,1.0]]
2a_Hurink_sdata_18_workers.fjs;2713.4509860142475;4837360;[142,185,246,319,698,148,185,991,1117,1191,166,237,805,1093,1196,29,51,237,1145,1216,51,424,700,841,1248,148,352,611,728,877,177,353,991,1160,1188,466,698,761,831,946,117,545,761,1078,1200,210,662,757,1153,1210,98,319,382,390,513,303,373,424,1068,1191,0,228,434,569,871,29,98,756,841,1030,75,297,523,867,1191,345,434,634,757,806,603,611,782,905,1039,215,806,964,1200,1248,352,523,603,662,728,0,662,952,1068,1169];[0,2,1,3,4,2,3,0,4,1,1,4,2,3,0,2,4,0,3,1,2,0,1,3,4,0,4,1,3,2,4,3,1,2,0,0,2,1,4,3,4,0,3,2,1,1,0,4,2,3,0,1,2,4,3,2,0,3,1,4,0,2,1,3,4,0,3,2,1,4,1,0,4,3,2,1,2,4,0,3,1,4,2,0,3,3,0,2,4,1,0,1,2,3,4,1,2,4,0,3];[2,5,4,4,3,2,2,2,1,3,1,6,4,3,4,1,4,5,3,0,3,4,4,3,2,6,3,4,5,2,4,2,0,5,5,6,6,5,2,1,0,1,0,2,2,3,0,1,4,3,6,0,3,6,4,5,1,3,2,0,1,1,5,3,3,0,5,3,6,6,1,3,5,5,1,0,2,6,4,6,2,5,3,0,5,0,0,6,5,0,1,0,0,1,3,5,3,5,0,6];[[0.7773566427005639,7.7735664270056395,1.0],[0.6698255595592497,6.698255595592498,1.0],[0.09913960392481702,0.9913960392481702,1.0],[0.35297051119014544,3.529705111901454,1.0],[0.4679077429008419,4.679077429008419,1.0],[0.5346837414708775,5.346837414708775,1.0],[0.9783090609123973,9.783090609123974,1.0]]
2a_Hurink_sdata_18_workers.fjs;2663.40555097808;1963560;[216,222,326,411,935,38,361,619,808,972,0,140,521,621,877,272,292,761,883,1181,769,947,985,1048,1083,381,476,712,941,1142,75,222,635,742,869,222,689,796,956,1074,0,64,151,881,1126,491,671,881,956,974,0,133,264,508,673,0,476,526,1026,1117,295,407,533,792,1154,151,263,381,866,996,239,326,383,445,996,44,133,353,821,906,629,635,1084,1095,1207,0,526,621,689,1195,44,159,295,726,1126,411,491,737,985,1167];[0,2,1,3,4,2,3,0,4,1,1,4,2,3,0,2,4,0,3,1,2,0,1,3,4,0,4,1,3,2,4,3,1,2,0,0,2,1,4,3,4,0,3,2,1,1,0,4,2,3,0,1,2,4,3,2,0,3,1,4,0,2,1,3,4,0,3,2,1,4,1,0,4,3,2,1,2,4,0,3,1,4,2,0,3,3,0,2,4,1,0,1,2,3,4,1,2,4,0,3];[2,6,0,4,3,2,4,4,2,3,3,3,0,3,4,2,2,6,6,0,0,6,1,3,2,2,0,5,5,2,2,2,5,3,1,4,6,5,2,1,1,1,1,2,2,6,4,1,3,4,6,0,6,1,0,0,3,2,0,2,6,1,6,3,3,2,5,3,0,6,0,3,5,5,2,0,5,6,4,6,1,1,5,0,5,5,3,2,2,0,3,0,4,1,4,6,2,2,5,5];[[0.7966509679599704,7.966509679599704,1.0],[0.05862623274803458,0.5862623274803458,1.0],[0.7602397739740907,7.602397739740907,1.0],[0.8627037401845356,8.627037401845355,1.0],[0.09127403464611428,0.9127403464611428,1.0],[0.9024924365975527,9.024924365975528,1.0],[0.7858960565941281,7.858960565941281,1.0]]
2a_Hurink_sdata_18_workers.fjs;2936.7245693825025;195410;[111,172,684,1027,1349,0,132,662,879,992,225,655,975,1094,1244,215,785,858,920,1132,37,117,566,657,845,489,755,785,1061,1122,43,525,1001,1094,1146,29,115,614,1176,1240,165,725,944,1256,1351,0,155,246,432,451,246,363,551,1096,1187,237,358,566,975,1338,0,275,389,829,1005,293,358,525,869,1244,132,430,489,684,1213,43,347,725,810,992,36,363,957,1046,1333,274,578,662,957,1326,410,490,566,763,1216,274,490,578,918,1146];[0,2,1,3,4,2,3,0,4,1,1,4,2,3,0,2,4,0,3,1,2,0,1,3,4,0,4,1,3,2,4,3,1,2,0,0,2,1,4,3,4,0,3,2,1,1,0,4,2,3,0,1,2,4,3,2,0,3,1,4,0,2,1,3,4,0,3,2,1,4,1,0,4,3,2,1,2,4,0,3,1,4,2,0,3,3,0,2,4,1,0,1,2,3,4,1,2,4,0,3];[2,5,4,4,3,2,0,1,5,3,5,2,0,3,4,1,0,6,3,0,1,6,2,3,2,6,3,5,5,1,4,2,3,5,0,5,5,5,2,1,0,2,3,0,6,3,3,6,0,3,4,0,3,4,0,0,5,0,5,3,1,3,2,3,2,2,4,3,0,2,2,5,5,5,3,0,6,6,4,6,4,1,5,0,5,5,1,0,4,0,5,1,4,1,4,1,2,6,1,6];[[0.5209484070219088,5.209484070219088,1.0],[0.42125020101147315,4.212502010114731,1.0],[0.22094517308324657,2.2094517308324657,1.0],[0.13033708391670573,1.3033708391670573,1.0],[0.48395776843282956,4.839577684328296,1.0],[0.6260889663051598,6.260889663051597,1.0],[0.6211218319323739,6.21121831932374,1.0]]
2a_Hurink_sdata_18_workers.fjs;2872.6629463393288;290290;[417,501,791,913,1096,0,37,508,594,1113,178,270,560,737,1144,115,668,969,1029,1122,37,232,561,711,737,322,501,704,880,1214,0,67,969,1146,1311,116,411,482,552,1052,201,423,543,632,1054,440,800,1012,1090,1146,189,232,331,351,1257,135,270,331,552,771,89,339,609,789,880,20,189,462,877,1222,0,655,800,948,1174,351,707,1066,1096,1222,89,178,488,560,655,282,714,800,964,1070,0,96,261,437,1316,262,1054,1113,1214,1314];[0,2,1,3,4,2,3,0,4,1,1,4,2,3,0,2,4,0,3,1,2,0,1,3,4,0,4,1,3,2,4,3,1,2,0,0,2,1,4,3,4,0,3,2,1,1,0,4,2,3,0,1,2,4,3,2,0,3,1,4,0,2,1,3,4,0,3,2,1,4,1,0,4,3,2,1,2,4,0,3,1,4,2,0,3,3,0,2,4,1,0,1,2,3,4,1,2,4,0,3];[2,6,2,5,3,2,2,4,1,3,6,6,4,3,4,2,2,6,0,0,1,6,2,3,2,2,0,1,5,4,4,2,3,5,1,4,3,5,0,5,0,2,6,3,2,6,4,1,3,2,1,3,3,1,6,0,5,5,3,0,0,3,0,3,0,0,4,3,6,2,6,5,5,5,0,0,4,6,4,6,5,3,0,5,6,3,5,6,4,0,3,3,0,1,0,1,3,6,0,5];[[0.49734142093980327,4.973414209398033,1.0],[0.35999045686025677,3.5999045686025677,1.0],[0.7220617567237175,7.220617567237175,1.0],[0.44672126724761885,4.4672126724761885,1.0],[0.4533596515962979,4.533596515962978,1.0],[0.025925678678183073,0.25925678678183073,1.0],[0.33490089376309407,3.3490089376309404,1.0]]
2a_Hurink_sdata_18_workers.fjs;2881.5759124614306;1656230;[465,633,675,821,877,129,166,633,1018,1248,129,400,465,539,1256,35,57,202,262,942,166,595,633,721,1309,29,124,521,688,1248,625,934,1145,1221,1248,684,766,956,1106,1176,202,766,975,1131,1221,0,262,346,688,747,418,495,675,942,1309,0,366,450,1026,1269,0,57,263,359,761,530,595,823,850,1173,36,471,539,855,1086,174,327,842,949,1086,489,519,850,1020,1122,0,118,259,471,1106,346,755,863,1020,1145,400,595,690,853,1269];[0,2,1,3,4,2,3,0,4,1,1,4,2,3,0,2,4,0,3,1,2,0,1,3,4,0,4,1,3,2,4,3,1,2,0,0,2,1,4,3,4,0,3,2,1,1,0,4,2,3,0,1,2,4,3,2,0,3,1,4,0,2,1,3,4,0,3,2,1,4,1,0,4,3,2,1,2,4,0,3,1,4,2,0,3,3,0,2,4,1,0,1,2,3,4,1,2,4,0,3];[2,6,6,4,3,2,2,5,6,3,6,6,4,3,4,1,3,6,1,0,3,6,1,3,5,6,3,0,5,6,2,2,6,3,0,1,5,5,6,1,1,1,0,0,6,3,2,1,4,4,4,0,3,6,0,2,5,3,4,1,1,4,6,3,3,2,4,2,6,2,2,5,5,5,1,0,4,3,4,4,1,1,0,0,5,0,1,5,2,0,5,6,4,1,3,1,2,2,1,5];[[0.4211249061401,4.211249061401,1.0],[0.9761073344853062,9.761073344853061,1.0],[0.6132800246752349,6.132800246752349,1.0],[0.6930423279788359,6.930423279788359,1.0],[0.5088628354481554,5.088628354481553,1.0],[0.18781156668551158,1.8781156668551158,1.0],[0.830121874145001,8.301218741450011,1.0]]
2a_Hurink_sdata_18_workers.fjs;2860.038140910433;833770;[286,330,724,1202,1236,35,284,574,626,1159,218,347,526,597,773,156,472,626,686,1193,72,292,435,710,1253,435,574,991,1129,1162,56,530,809,1245,1284,943,1022,1075,1181,1236,0,686,1081,1273,1343,89,330,414,631,827,530,597,623,704,901,0,69,178,552,1315,204,457,623,736,919,0,69,178,885,1081,0,231,286,347,871,262,372,539,1236,1329,410,780,800,848,1027,0,120,205,800,1168,414,476,812,961,1287,131,638,848,1022,1162];[0,2,1,3,4,2,3,0,4,1,1,4,2,3,0,2,4,0,3,1,2,0,1,3,4,0,4,1,3,2,4,3,1,2,0,0,2,1,4,3,4,0,3,2,1,1,0,4,2,3,0,1,2,4,3,2,0,3,1,4,0,2,1,3,4,0,3,2,1,4,1,0,4,3,2,1,2,4,0,3,1,4,2,0,3,3,0,2,4,1,0,1,2,3,4,1,2,4,0,3];[2,6,0,4,3,2,1,4,3,3,1,3,0,5,4,5,3,6,5,0,0,6,1,3,2,2,3,5,5,6,4,2,6,5,3,6,6,0,2,1,5,1,3,0,2,6,2,6,0,3,6,0,1,6,1,2,1,5,5,2,0,4,2,3,4,0,5,2,0,4,3,3,5,5,4,0,4,3,4,6,3,1,1,5,4,4,1,6,5,0,1,1,0,1,4,3,4,2,2,5];[[0.4831103964860096,4.831103964860096,1.0],[0.9021829992468611,9.02182999246861,1.0],[0.5374571935128641,5.374571935128642,1.0],[0.8761340971511191,8.761340971511192,1.0],[0.573156942708234,5.7315694270823405,1.0],[0.994523847851402,9.945238478514021,1.0],[0.3574465703190305,3.574465703190305,1.0]]
2a_Hurink_sdata_18_workers.fjs;2844.8427575157148;2127190;[65,389,814,1109,1284,466,539,814,944,1301,583,882,950,1143,1195,271,643,865,1041,1089,36,338,376,513,609,92,376,900,1230,1263,212,322,507,1179,1303,265,338,423,569,648,271,729,1064,1109,1234,0,181,322,432,439,376,675,701,729,1303,129,675,795,1081,1192,562,627,701,950,1203,0,65,884,989,1100,36,423,478,569,910,123,709,1065,1143,1195,417,432,455,589,741,152,478,562,1017,1209,71,292,794,884,1301,212,292,805,925,1263];[0,2,1,3,4,2,3,0,4,1,1,4,2,3,0,2,4,0,3,1,2,0,1,3,4,0,4,1,3,2,4,3,1,2,0,0,2,1,4,3,4,0,3,2,1,1,0,4,2,3,0,1,2,4,3,2,0,3,1,4,0,2,1,3,4,0,3,2,1,4,1,0,4,3,2,1,2,4,0,3,1,4,2,0,3,3,0,2,4,1,0,1,2,3,4,1,2,4,0,3];[2,5,2,4,3,2,2,5,2,3,3,6,0,3,4,0,2,5,0,5,3,6,1,3,2,6,0,4,5,6,0,2,6,0,5,4,3,0,2,1,1,2,0,0,6,3,2,1,6,4,4,0,3,6,0,2,6,3,5,1,0,4,0,3,3,2,5,3,6,1,0,3,5,5,0,0,4,3,4,6,0,5,6,0,5,4,1,1,2,0,1,0,4,1,4,6,2,6,5,5];[[0.34661995661142697,3.4661995661142697,1.0],[0.2286410960833074,2.286410960833074,1.0],[0.012392470279078194,0.12392470279078194,1.0],[0.9308270259025113,9.308270259025113,1.0],[0.3225145761620236,3.225145761620236,1.0],[0.0006954578022455582,0.006954578022455582,1.0],[0.2097170717940725,2.097170717940725,1.0]]
2a_Hurink_sdata_18_workers.fjs;2869.542247362341;3596340;[27,217,590,679,992,0,478,821,873,1191,42,195,319,400,1035,37,735,873,963,1130,59,327,365,452,957,450,539,674,992,1025,51,124,758,901,1244,100,259,834,1009,1271,0,365,511,932,1253,0,217,307,558,889,173,406,432,569,779,137,539,590,1182,1270,0,826,918,1025,1280,33,307,565,1024,1157,213,680,1048,1116,1195,124,440,802,1105,1195,116,172,390,735,835,165,590,758,1109,1157,307,507,592,713,1244,432,525,642,933,1231];[0,2,1,3,4,2,3,0,4,1,1,4,2,3,0,2,4,0,3,1,2,0,1,3,4,0,4,1,3,2,4,3,1,2,0,0,2,1,4,3,4,0,3,2,1,1,0,4,2,3,0,1,2,4,3,2,0,3,1,4,0,2,1,3,4,0,3,2,1,4,1,0,4,3,2,1,2,4,0,3,1,4,2,0,3,3,0,2,4,1,0,1,2,3,4,1,2,4,0,3];[0,6,1,4,3,2,3,2,4,3,6,2,0,3,4,5,3,6,4,0,1,6,1,3,5,6,3,5,5,1,2,2,6,2,6,4,0,0,6,1,1,2,2,0,6,6,4,1,5,3,6,0,1,5,4,3,1,3,0,4,0,1,1,3,3,3,4,2,0,6,5,3,5,5,0,0,4,3,4,4,2,3,0,0,5,5,6,5,2,0,3,0,0,1,1,5,4,2,2,5];[[0.8559393885152179,8.55939388515218,1.0],[0.8004839408308784,8.004839408308783,1.0],[0.5938433496209707,5.938433496209708,1.0],[0.8870093324131678,8.870093324131679,1.0],[0.741558169706834,7.4155816970683395,1.0],[0.8097670389513107,8.097670389513107,1.0],[0.2247324103169328,2.247324103169328,1.0]]
2a_Hurink_sdata_18_workers.fjs;2729.3164931555793;728610;[670,676,984,1109,1225,0,37,319,371,569,89,133,289,373,933,268,476,555,628,1068,37,202,429,519,847,48,444,684,825,887,0,70,773,1122,1227,240,444,499,569,651,196,762,858,981,1082,304,422,731,974,1144,512,849,879,907,1053,115,371,430,1113,1122,20,360,578,906,1032,137,238,718,879,1131,215,615,670,746,1149,0,153,267,1179,1259,208,247,628,847,997,331,676,785,984,1179,0,340,499,558,881,133,238,297,1082,1219];[0,2,1,3,4,2,3,0,4,1,1,4,2,3,0,2,4,0,3,1,2,0,1,3,4,0,4,1,3,2,4,3,1,2,0,0,2,1,4,3,4,0,3,2,1,1,0,4,2,3,0,1,2,4,3,2,0,3,1,4,0,2,1,3,4,0,3,2,1,4,1,0,4,3,2,1,2,4,0,3,1,4,2,0,3,3,0,2,4,1,0,1,2,3,4,1,2,4,0,3];[2,6,1,5,3,2,5,2,2,3,3,3,0,5,0,0,6,6,6,0,1,6,4,3,2,6,0,4,5,2,4,2,6,3,6,6,2,5,0,0,1,2,4,2,2,3,1,1,4,5,1,3,3,1,4,0,1,3,3,6,3,4,1,3,3,2,4,3,5,2,3,3,5,5,6,0,4,5,4,6,5,1,2,0,6,6,2,1,5,0,3,3,0,2,1,5,2,5,0,5];[[0.5198238265685563,5.198238265685563,1.0],[0.9583988744400509,9.583988744400509,1.0],[0.3402956357666065,3.402956357666065,1.0],[0.7081849781179302,7.081849781179303,1.0],[0.9252189405445452,9.252189405445453,1.0],[0.05032666735654623,0.5032666735654623,1.0],[0.6613275461751585,6.613275461751585,1.0]]
2a_Hurink_sdata_18_workers.fjs;2965.176447382381;2349270;[365,454,662,808,870,0,300,609,662,1378,0,431,991,1252,1304,37,59,436,496,604,376,713,751,914,1352,0,532,960,1124,1219,119,436,522,1110,1137,217,609,881,951,1031,0,132,217,1144,1260,258,753,1067,1137,1304,89,232,258,290,370,266,662,713,951,1125,496,532,792,940,1135,371,601,844,1157,1260,48,310,370,522,1067,424,664,828,943,1378,145,178,365,844,1157,0,523,870,991,1040,290,333,753,848,1039,152,496,751,991,1211];[0,2,1,3,4,2,3,0,4,1,1,4,2,3,0,2,4,0,3,1,2,0,1,3,4,0,4,1,3,2,4,3,1,2,0,0,2,1,4,3,4,0,3,2,1,1,0,4,2,3,0,1,2,4,3,2,0,3,1,4,0,2,1,3,4,0,3,2,1,4,1,0,4,3,2,1,2,4,0,3,1,4,2,0,3,3,0,2,4,1,0,1,2,3,4,1,2,4,0,3];[2,6,0,1,3,2,6,0,4,3,0,3,4,3,5,5,0,5,1,1,1,6,1,3,2,6,3,0,5,0,0,2,1,3,0,4,2,5,2,1,1,2,2,3,6,6,3,6,6,3,1,0,1,4,0,0,1,2,6,4,2,4,5,3,2,2,5,3,5,1,4,3,5,5,3,0,3,6,4,4,4,5,3,0,4,3,2,4,5,0,3,6,4,1,3,6,3,6,2,6];[[0.18019241848515155,1.8019241848515155,1.0],[0.48736227300275514,4.873622730027551,1.0],[0.07759170039841756,0.7759170039841756,1.0],[0.5225667244081349,5.2256672440813485,1.0],[0.9196433340252647,9.196433340252646,1.0],[0.8762509611803474,8.762509611803473,1.0],[0.5029695910906639,5.029695910906638,1.0]]
2a_Hurink_sdata_1_workers.fjs;111.15731154723252;4806220;[5,6,23,29,41,47,0,7,12,27,37,47,0,5,9,18,29,36,7,12,20,25,28,44,12,20,23,37,47,51,12,15,18,28,42,46];[2,0,1,3,5,4,1,2,4,5,0,3,2,3,5,0,1,4,1,0,2,3,4,5,2,1,4,5,0,3,1,3,5,0,4,2];[4,4,8,2,1,7,0,0,8,5,7,8,7,3,3,2,0,0,6,0,0,4,4,1,5,5,6,3,5,3,7,4,1,6,4,0];[[0.7773566427005639,7.7735664270056395,1.0],[0.6698255595592497,6.698255595592498,1.0],[0.09913960392481702,0.9913960392481702,1.0],[0.35297051119014544,3.529705111901454,1.0],[0.4679077429008419,4.679077429008419,1.0],[0.5346837414708775,5.346837414708775,1.0],[0.9783090609123973,9.783090609123974,1.0],[0.13031535015865903,1.3031535015865903,1.0],[0.6712434682302663,6.712434682302662,1.0]]
2a_Hurink_sdata_1_workers.fjs;119.779958830987;941470;[5,13,18,28,43,51,8,15,23,33,43,53,0,6,15,25,33,41,3,8,20,25,33,46,6,15,18,24,33,36,0,3,6,16,47,51];[2,0,1,3,5,4,1,2,4,5,0,3,2,3,5,0,1,4,1,0,2,3,4,5,2,1,4,5,0,3,1,3,5,0,4,2];[5,4,0,7,1,6,0,8,4,5,7,5,7,4,3,1,3,0,6,5,1,6,4,1,2,5,2,3,1,3,4,3,1,6,3,2];[[0.7966509679599704,7.966509679599704,1.0],[0.05862623274803458,0.5862623274803458,1.0],[0.7602397739740907,7.602397739740907,1.0],[0.8627037401845356,8.627037401845355,1.0],[0.09127403464611428,0.9127403464611428,1.0],[0.9024924365975527,9.024924365975528,1.0],[0.7858960565941281,7.858960565941281,1.0],[0.40667966546103385,4.0667966546103385,1.0],[0.37447264465852026,3.7447264465852026,1.0]]
2a_Hurink_sdata_1_workers.fjs;117.87935970339984;1572550;[9,10,24,37,43,51,3,15,20,31,41,51,10,15,22,32,40,45,13,24,29,34,37,46,0,10,13,18,29,46,0,3,6,15,31,35];[2,0,1,3,5,4,1,2,4,5,0,3,2,3,5,0,1,4,1,0,2,3,4,5,2,1,4,5,0,3,1,3,5,0,4,2];[4,4,6,7,3,7,0,4,0,5,1,3,0,0,3,1,3,0,7,8,8,7,4,8,7,5,5,3,1,3,8,1,1,6,3,3];[[0.5209484070219088,5.209484070219088,1.0],[0.42125020101147315,4.212502010114731,1.0],[0.22094517308324657,2.2094517308324657,1.0],[0.13033708391670573,1.3033708391670573,1.0],[0.48395776843282956,4.839577684328296,1.0],[0.6260889663051598,6.260889663051597,1.0],[0.6211218319323739,6.21121831932374,1.0],[0.707277595965894,7.07277595965894,1.0],[0.43539590023548325,4.3539590023548325,1.0]]
2a_Hurink_sdata_1_workers.fjs;110.1086907053765;3742610;[5,6,23,29,37,47,0,7,12,27,37,47,0,5,9,18,29,36,7,12,20,25,28,44,12,20,23,40,47,51,12,15,18,27,42,46];[2,0,1,3,5,4,1,2,4,5,0,3,2,3,5,0,1,4,1,0,2,3,4,5,2,1,4,5,0,3,1,3,5,0,4,2];[5,2,3,7,6,7,0,1,0,5,7,2,7,4,3,8,8,0,6,8,1,7,4,1,1,5,2,3,5,3,4,7,6,6,0,4];[[0.49734142093980327,4.973414209398033,1.0],[0.35999045686025677,3.5999045686025677,1.0],[0.7220617567237175,7.220617567237175,1.0],[0.44672126724761885,4.4672126724761885,1.0],[0.4533596515962979,4.533596515962978,1.0],[0.025925678678183073,0.25925678678183073,1.0],[0.33490089376309407,3.3490089376309404,1.0],[0.4755440242737675,4.755440242737675,1.0],[0.45132356511490823,4.513235651149082,1.0]]
2a_Hurink_sdata_1_workers.fjs;113.57463505612722;84110;[0,6,26,32,40,49,3,10,15,26,37,47,1,6,15,29,37,43,10,15,23,28,35,43,15,23,26,36,47,51,0,3,6,20,31,36];[2,0,1,3,5,4,1,2,4,5,0,3,2,3,5,0,1,4,1,0,2,3,4,5,2,1,4,5,0,3,1,3,5,0,4,2];[7,4,3,2,3,7,0,5,4,5,1,2,7,6,3,1,8,0,2,6,8,4,4,6,5,5,2,3,1,3,6,4,1,6,7,5];[[0.4211249061401,4.211249061401,1.0],[0.9761073344853062,9.761073344853061,1.0],[0.6132800246752349,6.132800246752349,1.0],[0.6930423279788359,6.930423279788359,1.0],[0.5088628354481554,5.088628354481553,1.0],[0.18781156668551158,1.8781156668551158,1.0],[0.830121874145001,8.301218741450011,1.0],[0.8449241651217704,8.449241651217704,1.0],[0.20962821201639004,2.0962821201639006,1.0]]
2a_Hurink_sdata_1_workers.fjs;110.33287448672735;1144570;[5,6,25,32,41,47,0,7,12,27,37,47,0,5,9,18,32,36,7,12,20,25,28,44,12,20,23,37,47,51,12,15,18,27,42,46];[2,0,1,3,5,4,1,2,4,5,0,3,2,3,5,0,1,4,1,0,2,3,4,5,2,1,4,5,0,3,1,3,5,0,4,2];[1,2,1,2,1,7,0,8,7,5,7,0,7,7,3,8,0,0,1,2,1,7,4,1,5,5,2,3,5,3,1,4,6,6,5,3];[[0.4831103964860096,4.831103964860096,1.0],[0.9021829992468611,9.02182999246861,1.0],[0.5374571935128641,5.374571935128642,1.0],[0.8761340971511191,8.761340971511192,1.0],[0.573156942708234,5.7315694270823405,1.0],[0.994523847851402,9.945238478514021,1.0],[0.3574465703190305,3.574465703190305,1.0],[0.6617299629663892,6.617299629663892,1.0],[0.4882872262788658,4.882872262788657,1.0]]
2a_Hurink_sdata_1_workers.fjs;110.45650598255861;4949400;[5,9,23,29,41,47,0,7,12,27,37,47,0,5,9,18,29,36,7,12,20,25,28,44,12,20,23,37,47,51,12,15,18,27,42,46];[2,0,1,3,5,4,1,2,4,5,0,3,2,3,5,0,1,4,1,0,2,3,4,5,2,1,4,5,0,3,1,3,5,0,4,2];[8,2,0,2,1,7,0,1,0,5,7,2,7,2,3,8,8,0,0,4,1,1,4,1,1,5,2,3,0,3,6,7,6,6,0,3];[[0.34661995661142697,3.4661995661142697,1.0],[0.2286410960833074,2.286410960833074,1.0],[0.012392470279078194,0.12392470279078194,1.0],[0.9308270259025113,9.308270259025113,1.0],[0.3225145761620236,3.225145761620236,1.0],[0.0006954578022455582,0.006954578022455582,1.0],[0.2097170717940725,2.097170717940725,1.0],[0.5179602272351016,5.179602272351016,1.0],[0.7628222106217201,7.6282221062172,1.0]]
2a_Hurink_sdata_1_workers.fjs;109.66761106689431;1472540;[5,6,15,28,37,47,0,7,12,27,37,47,0,5,9,18,26,40,7,12,20,25,28,44,12,20,23,40,47,51,12,15,18,27,36,40];[2,0,1,3,5,4,1,2,4,5,0,3,2,3,5,0,1,4,1,0,2,3,4,5,2,1,4,5,0,3,1,3,5,0,4,2];[7,8,7,7,3,7,0,7,0,5,7,8,7,4,3,8,8,0,5,8,1,7,4,1,2,5,2,3,5,3,4,4,6,6,2,1];[[0.8559393885152179,8.55939388515218,1.0],[0.8004839408308784,8.004839408308783,1.0],[0.5938433496209707,5.938433496209708,1.0],[0.8870093324131678,8.870093324131679,1.0],[0.741558169706834,7.4155816970683395,1.0],[0.8097670389513107,8.097670389513107,1.0],[0.2247324103169328,2.247324103169328,1.0],[0.9761818800633866,9.761818800633865,1.0],[0.6339038774096737,6.339038774096737,1.0]]
2a_Hurink_sdata_1_workers.fjs;112.77041747623666;3013230;[6,7,26,32,40,49,3,10,15,26,37,47,0,10,15,29,37,43,10,15,23,28,35,43,15,23,26,36,47,51,0,3,6,20,31,35];[2,0,1,3,5,4,1,2,4,5,0,3,2,3,5,0,1,4,1,0,2,3,4,5,2,1,4,5,0,3,1,3,5,0,4,2];[4,2,4,2,3,7,0,5,8,5,7,2,7,0,3,8,6,0,3,0,0,1,4,1,5,5,2,3,5,3,5,4,6,6,0,7];[[0.5198238265685563,5.198238265685563,1.0],[0.9583988744400509,9.583988744400509,1.0],[0.3402956357666065,3.402956357666065,1.0],[0.7081849781179302,7.081849781179303,1.0],[0.9252189405445452,9.252189405445453,1.0],[0.05032666735654623,0.5032666735654623,1.0],[0.6613275461751585,6.613275461751585,1.0],[0.82711411373077,8.271141137307701,1.0],[0.8734961127808921,8.734961127808921,1.0]]
2a_Hurink_sdata_1_workers.fjs;119.58745820111865;2943540;[13,14,28,33,43,51,8,15,23,33,43,53,0,5,9,18,33,45,0,5,20,25,33,46,5,15,18,28,37,40,5,9,18,28,41,45];[2,0,1,3,5,4,1,2,4,5,0,3,2,3,5,0,1,4,1,0,2,3,4,5,2,1,4,5,0,3,1,3,5,0,4,2];[1,8,7,7,3,7,0,6,0,5,1,2,7,6,3,1,3,0,2,7,8,4,4,8,2,5,5,3,1,3,8,4,7,6,8,2];[[0.18019241848515155,1.8019241848515155,1.0],[0.48736227300275514,4.873622730027551,1.0],[0.07759170039841756,0.7759170039841756,1.0],[0.5225667244081349,5.2256672440813485,1.0],[0.9196433340252647,9.196433340252646,1.0],[0.8762509611803474,8.762509611803473,1.0],[0.5029695910906639,5.029695910906638,1.0],[0.8160267976375112,8.160267976375112,1.0],[0.8059112000327816,8.059112000327817,1.0]]
2a_Hurink_sdata_38_workers.fjs;5126.762716669731;251870;[318,379,739,789,1268,1508,1838,1880,1972,2116,186,685,879,931,1033,1123,1239,1582,1776,2251,72,116,442,676,766,931,949,1503,1558,1661,472,525,568,1047,1089,1357,1412,1550,1582,1707,183,386,835,1386,1628,1653,1767,1861,1974,2328,355,654,711,863,1201,1447,1708,2166,2290,2355,126,355,442,539,625,709,995,1470,1574,2293,33,415,1538,1668,1861,1893,1992,2078,2166,2181,218,626,841,860,1162,1215,1265,1856,1906,2136,379,466,685,823,865,1123,1162,1474,1574,1800,33,235,611,671,770,1111,1451,1747,2171,2322,619,929,953,1162,1215,1309,1374,1727,1824,2061,81,525,703,1449,1719,1825,1842,1856,1972,2162,0,116,554,886,947,1357,1412,1967,2023,2225,313,789,1023,1215,1241,1300,1466,1916,1960,2355,0,81,259,466,544,714,1374,1445,1891,2210,271,441,538,842,981,1222,1534,1627,1684,2291,343,1083,1319,1534,1742,1790,1838,1936,2024,2210,100,183,274,568,745,1280,1350,1790,2136,2251,259,379,540,842,847,931,1500,1557,1697,1952,290,458,620,656,770,1021,1466,1480,1557,2256,109,186,318,881,1342,1445,1713,1793,1915,2014,218,274,656,752,1212,1231,1280,1732,2199,2268,0,142,419,633,1220,1268,1427,1818,1960,2112,126,881,1285,1309,1537,1669,1893,2024,2162,2177,0,230,506,620,847,1055,1154,1377,1550,1952,0,81,124,709,865,949,1089,1215,1285,1350,0,230,517,626,953,1248,1661,1707,2018,2077,419,478,766,835,896,1027,1632,2042,2136,2251,342,517,611,1401,1624,1999,2024,2147,2199,2339];[0,2,3,7,9,6,8,5,1,4,3,0,6,2,8,9,1,4,7,5,4,3,8,9,1,6,5,2,7,0,1,5,0,6,2,9,3,4,8,7,0,4,3,5,1,9,6,8,7,2,7,0,1,6,5,3,4,2,8,9,7,5,1,8,2,4,3,0,9,6,2,4,7,8,6,3,9,5,1,0,7,9,2,8,6,3,5,4,0,1,9,6,5,1,2,8,0,4,3,7,8,0,9,3,6,5,4,2,7,1,4,3,0,8,2,1,7,6,5,9,9,1,6,7,0,8,4,2,5,3,0,6,1,3,8,5,4,9,7,2,2,0,5,6,3,7,1,9,4,8,1,5,6,0,8,4,9,2,7,3,4,7,1,8,0,6,9,5,3,2,1,0,7,8,4,5,9,2,3,6,0,6,1,5,9,8,3,4,2,7,1,0,6,5,4,7,8,2,9,3,7,9,6,3,8,2,4,1,0,5,2,5,4,0,6,9,8,7,3,1,4,3,6,2,9,0,7,8,5,1,8,1,3,5,9,4,6,0,2,7,5,3,2,0,1,9,6,8,7,4,7,2,0,9,5,6,1,4,3,8,5,0,9,2,1,6,7,8,3,4,6,5,8,1,3,0,7,2,9,4,0,9,3,5,1,7,4,2,6,8,3,9,2,0,6,8,4,5,1,7];[3,7,6,13,11,7,9,7,14,14,5,13,13,8,13,1,6,5,13,6,12,0,0,0,6,14,4,9,0,8,12,11,14,4,7,13,11,1,12,14,11,1,7,8,14,14,7,0,1,3,11,4,9,11,10,12,3,6,13,11,3,0,11,2,1,2,11,10,4,9,9,12,14,12,14,10,10,3,2,10,5,13,6,10,9,1,0,5,11,7,3,6,4,13,2,9,3,4,13,1,0,14,9,7,14,11,11,0,14,6,10,2,3,7,9,4,3,1,3,10,4,0,10,0,10,12,0,6,3,1,13,12,10,11,1,11,4,9,6,3,14,5,2,0,4,8,11,14,4,4,8,3,11,5,4,4,10,7,1,12,3,1,5,4,0,8,13,13,1,1,12,10,10,8,4,11,12,4,11,11,2,12,5,2,3,9,9,6,2,5,12,4,6,1,8,5,12,2,13,0,0,9,7,5,10,3,3,11,9,9,13,0,13,7,0,8,6,13,13,5,3,12,12,9,14,2,5,9,0,4,9,13,4,8,11,14,13,8,12,1,1,0,4,12,10,7,9,2,11,1,14,0,2,6,0,5,12,5,4,5,4,10,8,5,3,10,4,5,1,6,12,7,10,6,11,1,11,11,10,14,6,10,11,4,9,8,10,7,12,0,10,1,5,2,2,11,14,9,4,2];[[0.7773566427005639,7.7735664270056395,1.0],[0.6698255595592497,6.698255595592498,1.0],[0.09913960392481702,0.9913960392481702,1.0],[0.35297051119014544,3.529705111901454,1.0],[0.4679077429008419,4.679077429008419,1.0],[0.5346837414708775,5.346837414708775,1.0],[0.9783090609123973,9.783090609123974,1.0],[0.13031535015865903,1.3031535015865903,1.0],[0.6712434682302663,6.712434682302662,1.0],[0.36422941594737557,3.6422941594737557,1.0],[0.48883570716198577,4.888357071619858,1.0],[0.20301221073405373,2.0301221073405373,1.0],[0.6661983755713592,6.661983755713592,1.0],[0.2276630312069321,2.276630312069321,1.0],[0.4580640582967631,4.580640582967631,1.0]]
2a_Hurink_sdata_38_workers.fjs;5052.580278429482;275680;[114,353,987,1186,1785,1871,1967,1974,2066,2114,211,691,1077,1164,1532,1635,1714,1943,2115,2238,329,381,515,1240,1309,1602,1623,1722,2012,2119,14,108,389,468,978,1221,1287,1396,1446,1941,305,494,617,661,721,755,1470,1616,1715,2203,0,357,745,1062,1077,1192,1993,2120,2181,2238,313,405,593,623,1080,1345,1364,1431,1871,1967,251,323,721,739,802,1322,1348,1372,1575,1948,515,992,1062,1212,1424,1470,1532,1641,1831,2114,405,484,802,978,1452,1705,1748,1834,2198,2298,313,461,546,552,628,983,1328,1413,1452,1792,572,907,930,973,1254,1520,1851,2032,2147,2279,211,509,551,628,1042,1302,1314,1328,1785,2184,0,168,192,258,389,516,638,1071,1097,2284,433,998,1148,1623,1629,1764,1871,1943,2027,2088,258,612,721,958,1126,1611,1714,1866,2131,2257,374,577,1068,1314,1436,1555,1602,1879,2047,2083,101,215,258,657,1069,1441,1477,1944,1968,2071,14,300,433,709,771,870,930,1350,2053,2210,0,175,215,492,1137,1215,1748,1780,1971,2115,405,552,1310,1348,1364,1469,1571,1735,1931,2203,323,353,422,546,983,1136,1328,1933,2058,2198,522,735,833,880,1413,1814,1834,1851,2066,2289,321,521,812,907,944,992,1240,1545,1597,1782,95,376,574,598,771,1042,1348,1424,1705,2154,470,515,788,863,944,1137,1365,1449,1851,2119,0,95,168,211,335,376,739,1034,1117,1543,95,497,628,858,1245,1529,1625,1677,2023,2257,258,570,661,812,1208,1311,1691,1968,2147,2238,461,661,755,806,880,1103,1208,1261,1449,1535];[0,2,3,7,9,6,8,5,1,4,3,0,6,2,8,9,1,4,7,5,4,3,8,9,1,6,5,2,7,0,1,5,0,6,2,9,3,4,8,7,0,4,3,5,1,9,6,8,7,2,7,0,1,6,5,3,4,2,8,9,7,5,1,8,2,4,3,0,9,6,2,4,7,8,6,3,9,5,1,0,7,9,2,8,6,3,5,4,0,1,9,6,5,1,2,8,0,4,3,7,8,0,9,3,6,5,4,2,7,1,4,3,0,8,2,1,7,6,5,9,9,1,6,7,0,8,4,2,5,3,0,6,1,3,8,5,4,9,7,2,2,0,5,6,3,7,1,9,4,8,1,5,6,0,8,4,9,2,7,3,4,7,1,8,0,6,9,5,3,2,1,0,7,8,4,5,9,2,3,6,0,6,1,5,9,8,3,4,2,7,1,0,6,5,4,7,8,2,9,3,7,9,6,3,8,2,4,1,0,5,2,5,4,0,6,9,8,7,3,1,4,3,6,2,9,0,7,8,5,1,8,1,3,5,9,4,6,0,2,7,5,3,2,0,1,9,6,8,7,4,7,2,0,9,5,6,1,4,3,8,5,0,9,2,1,6,7,8,3,4,6,5,8,1,3,0,7,2,9,4,0,9,3,5,1,7,4,2,6,8,3,9,2,0,6,8,4,5,1,7];[3,7,6,5,12,0,12,7,9,10,5,3,12,8,5,8,12,5,7,11,8,13,6,0,1,4,3,0,0,8,6,11,10,8,3,1,6,1,12,11,11,0,1,11,14,11,1,9,7,3,10,1,6,8,8,14,6,2,6,6,3,0,11,2,1,2,10,10,5,1,5,9,4,12,3,12,9,3,8,10,12,13,10,3,0,14,12,5,6,13,3,14,5,14,14,5,1,13,14,9,10,13,9,0,14,2,2,6,6,11,7,6,3,0,14,0,1,3,3,13,0,9,5,8,13,3,9,5,10,8,12,7,14,4,1,7,4,7,6,3,2,5,2,14,14,7,12,7,5,8,13,3,5,5,0,12,10,11,9,2,2,12,2,2,9,7,13,4,6,1,10,9,10,3,4,4,10,4,2,3,12,12,7,0,6,8,8,11,2,5,6,13,3,9,12,7,3,3,8,0,11,7,8,13,8,3,1,11,14,2,4,0,5,13,10,13,6,6,12,8,11,9,12,14,5,2,8,3,14,10,14,1,7,4,11,11,4,6,0,13,6,12,14,6,0,5,12,12,9,1,6,8,7,8,0,10,14,5,8,6,5,14,5,6,6,9,4,9,4,10,5,2,2,9,11,13,10,2,11,14,7,3,7,9,12,7,14,4,11,0,10,1,2,1,2,0,9,9,11,2];[[0.7966509679599704,7.966509679599704,1.0],[0.05862623274803458,0.5862623274803458,1.0],[0.7602397739740907,7.602397739740907,1.0],[0.8627037401845356,8.627037401845355,1.0],[0.09127403464611428,0.9127403464611428,1.0],[0.9024924365975527,9.024924365975528,1.0],[0.7858960565941281,7.858960565941281,1.0],[0.40667966546103385,4.0667966546103385,1.0],[0.37447264465852026,3.7447264465852026,1.0],[0.6490262282913547,6.490262282913547,1.0],[0.40092466608569977,4.009246660856998,1.0],[0.5721109226277574,5.721109226277575,1.0],[0.6077930620255084,6.077930620255084,1.0],[0.05072389565884072,0.5072389565884072,1.0],[0.7370880093375713,7.370880093375714,1.0]]
2a_Hurink_sdata_38_workers.fjs;5200.555476293762;133960;[143,379,484,732,1086,1225,1374,2066,2158,2199,52,308,412,1079,1169,1265,1344,1625,1817,2225,52,412,497,576,829,1811,1981,2066,2173,2383,310,368,540,620,630,1001,1224,1559,1768,2010,0,257,360,606,1209,1494,1592,1677,1768,2129,161,1169,1204,1576,1696,1770,1829,1928,2153,2214,65,256,411,827,832,1151,1156,1233,1422,2143,256,466,818,1380,1776,1964,2004,2158,2250,2295,257,310,361,379,475,1029,1419,1505,1596,2225,46,236,361,469,677,832,1713,1969,2153,2276,34,52,290,511,642,738,876,916,1077,1761,472,612,744,774,954,994,1162,1397,1925,2249,0,52,97,540,958,1058,1459,1747,1829,2076,252,338,751,829,1265,1351,1422,1548,1578,1681,65,265,650,1061,1074,1241,1519,1876,2045,2106,66,411,528,898,938,1592,1713,2004,2081,2312,0,310,441,1044,1238,1434,1684,1770,2374,2389,0,496,763,1069,1319,1582,1617,1829,1853,2066,412,1149,1449,1520,1785,1925,2091,2244,2290,2366,456,620,738,831,891,994,1351,1853,1949,2004,0,219,817,1014,1103,1209,1277,1362,2366,2383,459,550,673,774,1068,1344,1617,1724,1933,1964,97,636,1014,1371,1511,1520,1833,2214,2307,2359,543,673,876,975,1020,1074,1316,1537,1596,1854,0,233,585,660,1233,1520,1900,1973,2001,2290,355,528,1057,1079,1086,1677,1841,1934,2212,2307,463,938,958,1316,1419,1479,1674,1995,2237,2340,163,236,475,505,975,1079,1262,1468,1907,2368,205,252,290,456,590,673,751,994,1831,2350,0,125,219,831,898,1020,1156,1637,1690,1904];[0,2,3,7,9,6,8,5,1,4,3,0,6,2,8,9,1,4,7,5,4,3,8,9,1,6,5,2,7,0,1,5,0,6,2,9,3,4,8,7,0,4,3,5,1,9,6,8,7,2,7,0,1,6,5,3,4,2,8,9,7,5,1,8,2,4,3,0,9,6,2,4,7,8,6,3,9,5,1,0,7,9,2,8,6,3,5,4,0,1,9,6,5,1,2,8,0,4,3,7,8,0,9,3,6,5,4,2,7,1,4,3,0,8,2,1,7,6,5,9,9,1,6,7,0,8,4,2,5,3,0,6,1,3,8,5,4,9,7,2,2,0,5,6,3,7,1,9,4,8,1,5,6,0,8,4,9,2,7,3,4,7,1,8,0,6,9,5,3,2,1,0,7,8,4,5,9,2,3,6,0,6,1,5,9,8,3,4,2,7,1,0,6,5,4,7,8,2,9,3,7,9,6,3,8,2,4,1,0,5,2,5,4,0,6,9,8,7,3,1,4,3,6,2,9,0,7,8,5,1,8,1,3,5,9,4,6,0,2,7,5,3,2,0,1,9,6,8,7,4,7,2,0,9,5,6,1,4,3,8,5,0,9,2,1,6,7,8,3,4,6,5,8,1,3,0,7,2,9,4,0,9,3,5,1,7,4,2,6,8,3,9,2,0,6,8,4,5,1,7];[4,7,4,3,4,4,9,7,8,3,5,13,10,8,1,8,3,5,7,5,8,13,13,0,6,13,6,5,0,8,5,11,4,13,6,1,11,6,12,11,11,9,1,12,14,1,1,0,1,13,9,8,2,12,7,11,3,2,9,10,2,10,11,2,1,2,3,14,5,5,4,10,3,12,13,9,1,7,8,10,5,0,10,8,9,11,11,9,7,7,3,6,4,0,8,11,9,4,10,5,7,10,9,0,7,8,11,0,13,2,1,2,14,7,0,13,5,14,3,10,6,11,8,7,10,13,2,3,9,10,3,4,1,0,1,2,10,5,9,3,0,11,2,1,7,3,11,10,4,1,13,3,12,4,7,4,6,13,11,9,5,9,0,14,2,9,9,10,6,0,1,7,10,14,7,2,6,1,8,6,5,12,8,0,4,9,9,11,14,12,4,4,0,9,14,0,9,5,13,2,0,7,4,5,10,9,0,11,5,11,2,13,9,9,6,10,2,13,1,10,0,14,12,7,0,2,11,9,7,4,14,5,12,6,7,11,13,8,11,1,4,8,2,10,7,7,6,12,11,2,12,9,2,4,0,5,13,5,8,6,11,3,5,4,2,12,13,0,4,10,5,4,8,6,12,3,12,7,11,14,3,2,2,1,9,12,5,4,6,0,7,1,8,7,2,6,9,2,11,7];[[0.5209484070219088,5.209484070219088,1.0],[0.42125020101147315,4.212502010114731,1.0],[0.22094517308324657,2.2094517308324657,1.0],[0.13033708391670573,1.3033708391670573,1.0],[0.48395776843282956,4.839577684328296,1.0],[0.6260889663051598,6.260889663051597,1.0],[0.6211218319323739,6.21121831932374,1.0],[0.707277595965894,7.07277595965894,1.0],[0.43539590023548325,4.3539590023548325,1.0],[0.04809800715767443,0.4809800715767443,1.0],[0.2254847064342842,2.254847064342842,1.0],[0.788548045160999,7.88548045160999,1.0],[0.42108890435006496,4.21088904350065,1.0],[0.5652029481252892,5.6520294812528915,1.0],[0.6764042610645917,6.764042610645918,1.0]]
2a_Hurink_sdata_38_workers.fjs;5178.376109278451;433090;[193,264,464,504,665,1236,1334,1341,1756,1798,73,105,418,504,1526,1623,1734,1944,2059,2286,0,488,1461,1521,1798,1883,1996,2071,2161,2339,590,692,735,881,1425,1504,1529,1558,1673,1769,302,354,753,1021,1122,1590,1711,1856,2015,2125,57,477,512,594,768,1381,1436,1932,2255,2365,152,251,466,850,855,971,1004,1289,1714,1826,164,428,484,504,549,873,896,954,1662,1756,302,376,682,753,955,1502,1529,2193,2247,2339,264,343,418,425,665,712,1294,1587,1746,1845,0,512,1384,1436,1524,1669,1839,1892,1935,2162,142,441,682,949,1010,1315,1461,1673,2161,2320,200,344,890,1368,1461,1636,1671,1746,1859,2339,873,1138,1166,1334,1770,1965,1996,2038,2076,2331,386,437,477,1132,1138,1643,1855,1868,2032,2320,0,647,692,811,855,941,971,1050,1105,1976,95,1241,1373,1623,1636,1991,2093,2217,2354,2397,234,354,429,590,719,1433,1796,1863,1892,2128,0,88,164,338,1390,1759,1835,1892,2041,2264,79,397,609,949,1049,1547,1649,1673,1976,2217,0,358,768,1069,1137,1242,1467,1677,1806,2070,397,602,647,888,1051,1213,1341,1540,1805,1868,44,565,1004,1105,1198,1206,1223,1241,1610,1968,9,260,337,565,802,850,1166,1236,1344,1662,105,118,239,590,674,772,805,1503,1758,2313,384,602,976,1206,1475,1901,2071,2162,2193,2217,0,88,152,344,386,1435,1712,1991,2053,2286,0,118,137,517,674,946,964,1304,1344,2247,256,484,796,941,1242,1315,1685,2247,2331,2400,0,523,702,1069,1332,1435,1475,1805,2249,2352];[0,2,3,7,9,6,8,5,1,4,3,0,6,2,8,9,1,4,7,5,4,3,8,9,1,6,5,2,7,0,1,5,0,6,2,9,3,4,8,7,0,4,3,5,1,9,6,8,7,2,7,0,1,6,5,3,4,2,8,9,7,5,1,8,2,4,3,0,9,6,2,4,7,8,6,3,9,5,1,0,7,9,2,8,6,3,5,4,0,1,9,6,5,1,2,8,0,4,3,7,8,0,9,3,6,5,4,2,7,1,4,3,0,8,2,1,7,6,5,9,9,1,6,7,0,8,4,2,5,3,0,6,1,3,8,5,4,9,7,2,2,0,5,6,3,7,1,9,4,8,1,5,6,0,8,4,9,2,7,3,4,7,1,8,0,6,9,5,3,2,1,0,7,8,4,5,9,2,3,6,0,6,1,5,9,8,3,4,2,7,1,0,6,5,4,7,8,2,9,3,7,9,6,3,8,2,4,1,0,5,2,5,4,0,6,9,8,7,3,1,4,3,6,2,9,0,7,8,5,1,8,1,3,5,9,4,6,0,2,7,5,3,2,0,1,9,6,8,7,4,7,2,0,9,5,6,1,4,3,8,5,0,9,2,1,6,7,8,3,4,6,5,8,1,3,0,7,2,9,4,0,9,3,5,1,7,4,2,6,8,3,9,2,0,6,8,4,5,1,7];[9,7,13,5,4,0,0,7,0,0,5,9,12,8,4,14,14,5,13,14,12,3,12,0,6,14,4,8,0,8,12,11,9,8,6,0,1,12,12,2,11,14,4,10,14,8,7,2,14,8,6,7,1,8,8,11,0,8,13,11,8,0,11,2,1,2,8,10,9,12,12,9,8,12,6,6,14,7,8,14,5,1,2,11,8,14,2,9,10,0,3,10,4,3,14,14,1,13,4,5,8,14,12,14,11,0,13,8,14,12,1,1,14,0,3,3,5,10,3,13,13,7,13,8,10,11,2,11,3,10,13,10,12,9,1,13,0,7,3,3,12,5,2,10,13,8,14,11,5,1,11,3,8,6,0,12,14,9,9,2,3,2,3,3,6,7,5,4,14,1,11,9,10,13,2,7,9,4,12,5,0,12,3,2,3,8,8,13,2,5,9,13,0,9,14,5,10,4,12,2,13,7,0,11,8,12,0,11,12,4,9,7,5,2,6,13,5,13,13,0,8,2,12,3,11,2,2,9,2,10,9,12,6,4,2,10,10,4,13,1,4,2,3,10,12,3,12,2,5,2,14,4,2,4,0,11,2,1,4,11,14,4,6,12,11,4,3,11,12,7,5,7,2,13,10,5,13,10,4,14,5,10,13,0,3,11,2,9,6,0,4,1,7,8,2,10,7,7,6,2];[[0.49734142093980327,4.973414209398033,1.0],[0.35999045686025677,3.5999045686025677,1.0],[0.7220617567237175,7.220617567237175,1.0],[0.44672126724761885,4.4672126724761885,1.0],[0.4533596515962979,4.533596515962978,1.0],[0.025925678678183073,0.25925678678183073,1.0],[0.33490089376309407,3.3490089376309404,1.0],[0.4755440242737675,4.755440242737675,1.0],[0.45132356511490823,4.513235651149082,1.0],[0.08788974506102976,0.8788974506102976,1.0],[0.29509671683068217,2.9509671683068217,1.0],[0.33863234208051063,3.3863234208051063,1.0],[0.9020959027552419,9.020959027552419,1.0],[0.7173473735926632,7.173473735926632,1.0],[0.8986159167700656,8.986159167700656,1.0]]
2a_Hurink_sdata_38_workers.fjs;5303.351440196419;403360;[13,269,349,398,790,1474,1566,1708,1800,1883,122,175,263,414,768,916,1120,1359,1409,2076,98,154,293,511,1063,1136,1158,1586,1644,2138,359,590,765,951,959,1183,1224,1775,1817,1978,75,213,415,465,511,1282,1925,2021,2323,2368,45,343,599,935,1014,1088,1472,1810,2120,2244,135,790,1139,1332,1337,1537,1674,2113,2285,2369,122,511,936,1337,1566,1601,1669,1800,2313,2328,293,346,395,599,1424,1624,1867,1957,2013,2456,391,470,910,951,1226,1288,1332,1640,1741,1888,0,430,644,650,1332,1424,1625,1772,2155,2368,143,465,688,716,768,887,1472,1601,2013,2113,51,345,534,599,841,1001,1049,1242,1612,2376,0,127,269,373,415,511,597,1299,1547,2214,0,580,702,1468,1817,2137,2155,2167,2195,2258,993,1088,1158,1242,1573,1925,1953,2025,2235,2314,51,349,488,504,935,1052,1694,1957,2025,2149,95,716,881,1224,1424,1514,1549,1748,2036,2427,263,345,535,916,1092,1277,1403,1730,1987,2049,122,390,768,1240,1550,1799,1928,2079,2195,2391,228,726,1099,1143,1159,1472,1542,1873,2118,2156,363,398,517,638,854,1007,1092,1113,1257,2214,0,51,421,1133,1226,1287,1377,1655,2081,2167,182,410,488,978,1234,1282,1650,1810,2285,2458,633,726,864,1063,1465,1799,1827,1903,2314,2398,0,207,620,638,881,959,1198,1506,1647,2220,8,373,746,887,1169,1234,1332,1748,2137,2369,702,1139,1258,1285,1364,1403,1425,1538,1627,2440,127,877,1159,1549,1567,1747,1807,1903,2081,2181,0,95,349,511,599,978,1001,1556,1650,2368];[0,2,3,7,9,6,8,5,1,4,3,0,6,2,8,9,1,4,7,5,4,3,8,9,1,6,5,2,7,0,1,5,0,6,2,9,3,4,8,7,0,4,3,5,1,9,6,8,7,2,7,0,1,6,5,3,4,2,8,9,7,5,1,8,2,4,3,0,9,6,2,4,7,8,6,3,9,5,1,0,7,9,2,8,6,3,5,4,0,1,9,6,5,1,2,8,0,4,3,7,8,0,9,3,6,5,4,2,7,1,4,3,0,8,2,1,7,6,5,9,9,1,6,7,0,8,4,2,5,3,0,6,1,3,8,5,4,9,7,2,2,0,5,6,3,7,1,9,4,8,1,5,6,0,8,4,9,2,7,3,4,7,1,8,0,6,9,5,3,2,1,0,7,8,4,5,9,2,3,6,0,6,1,5,9,8,3,4,2,7,1,0,6,5,4,7,8,2,9,3,7,9,6,3,8,2,4,1,0,5,2,5,4,0,6,9,8,7,3,1,4,3,6,2,9,0,7,8,5,1,8,1,3,5,9,4,6,0,2,7,5,3,2,0,1,9,6,8,7,4,7,2,0,9,5,6,1,4,3,8,5,0,9,2,1,6,7,8,3,4,6,5,8,1,3,0,7,2,9,4,0,9,3,5,1,7,4,2,6,8,3,9,2,0,6,8,4,5,1,7];[4,7,13,14,0,7,8,7,14,8,5,9,2,8,1,14,7,5,7,11,8,8,0,0,6,14,12,0,0,8,5,11,6,1,7,13,0,1,12,11,11,14,11,0,14,1,8,2,6,13,12,10,12,8,7,9,6,11,9,13,4,10,11,2,1,2,12,13,3,0,0,12,3,12,6,6,4,7,2,10,5,3,6,9,1,6,7,5,7,7,3,4,5,13,3,6,13,8,10,9,13,12,0,11,4,11,10,0,14,6,7,6,3,14,8,1,3,4,13,7,7,11,13,8,13,1,9,5,9,11,3,11,12,2,1,3,10,11,1,3,6,5,2,14,9,13,12,7,4,5,10,3,7,3,7,1,6,14,9,1,3,7,13,13,9,8,4,7,6,1,7,8,10,14,4,14,13,1,8,9,9,12,9,0,4,8,9,5,2,5,9,13,14,9,3,3,10,10,12,5,0,11,0,13,6,4,0,11,12,11,6,7,1,13,6,13,5,12,0,1,7,0,10,3,8,2,10,1,0,3,14,5,11,8,2,14,11,0,13,11,12,3,1,10,9,4,6,5,11,12,14,12,7,6,7,12,4,1,13,11,13,4,10,9,8,10,6,9,5,3,4,7,1,9,0,3,12,4,5,14,1,11,14,14,11,4,10,12,11,0,11,14,8,2,2,0,0,14,14,2];[[0.4211249061401,4.211249061401,1.0],[0.9761073344853062,9.761073344853061,1.0],[0.6132800246752349,6.132800246752349,1.0],[0.6930423279788359,6.930423279788359,1.0],[0.5088628354481554,5.088628354481553,1.0],[0.18781156668551158,1.8781156668551158,1.0],[0.830121874145001,8.301218741450011,1.0],[0.8449241651217704,8.449241651217704,1.0],[0.20962821201639004,2.0962821201639006,1.0],[0.6505169872996391,6.505169872996391,1.0],[0.7003316191510263,7.003316191510263,1.0],[0.7150339547653067,7.150339547653068,1.0],[0.8091072451390076,8.091072451390076,1.0],[0.8451978833841938,8.451978833841938,1.0],[0.3695849781386673,3.695849781386673,1.0]]
2a_Hurink_sdata_38_workers.fjs;4938.62935861928;366420;[585,770,1423,1502,1679,1772,1910,1917,2009,2050,0,80,168,554,1027,1254,1500,1737,1818,2159,0,269,529,864,1078,1197,1216,1297,1399,1525,26,113,309,394,402,958,1091,1174,1229,1315,168,220,468,863,915,942,958,1401,1528,1572,45,238,269,552,598,727,782,1437,1917,2146,211,507,942,1022,1043,1169,1299,1934,2187,2275,45,368,402,785,869,1203,1229,1596,1834,1949,495,814,896,1117,1216,1450,1476,1687,1829,2050,286,478,768,775,915,983,1022,1091,1364,1572,309,718,808,814,1260,1353,1984,2058,2107,2187,295,368,557,602,850,1136,1735,1874,2047,2103,0,187,1043,1116,1391,1502,1896,2131,2209,2302,646,798,1001,1125,1315,1562,1651,1772,1834,2209,144,675,775,863,880,926,988,1136,1510,2103,94,173,402,1485,1687,1866,1896,1973,2028,2107,146,310,972,1216,1229,1353,1399,1663,1939,2096,0,385,440,495,590,1001,1036,1359,1799,2107,0,238,368,440,511,775,926,983,2028,2187,173,269,314,502,507,590,735,1127,1570,1663,146,211,762,798,830,931,1502,1755,1812,2302,274,306,826,1113,1399,1485,1603,1810,1948,2076,249,394,904,1202,1429,1583,1662,1810,2103,2269,0,552,634,727,1174,1423,1671,1741,1794,2287,80,94,120,429,665,766,1116,2135,2277,2287,0,493,1091,1167,1174,1581,1671,1949,2172,2248,0,220,238,450,634,665,762,915,983,1295,0,94,318,440,514,659,675,722,975,1910,511,696,1229,1299,1522,1679,1787,1876,1972,2209,568,602,696,1322,1478,1581,1603,1755,1850,1934];[0,2,3,7,9,6,8,5,1,4,3,0,6,2,8,9,1,4,7,5,4,3,8,9,1,6,5,2,7,0,1,5,0,6,2,9,3,4,8,7,0,4,3,5,1,9,6,8,7,2,7,0,1,6,5,3,4,2,8,9,7,5,1,8,2,4,3,0,9,6,2,4,7,8,6,3,9,5,1,0,7,9,2,8,6,3,5,4,0,1,9,6,5,1,2,8,0,4,3,7,8,0,9,3,6,5,4,2,7,1,4,3,0,8,2,1,7,6,5,9,9,1,6,7,0,8,4,2,5,3,0,6,1,3,8,5,4,9,7,2,2,0,5,6,3,7,1,9,4,8,1,5,6,0,8,4,9,2,7,3,4,7,1,8,0,6,9,5,3,2,1,0,7,8,4,5,9,2,3,6,0,6,1,5,9,8,3,4,2,7,1,0,6,5,4,7,8,2,9,3,7,9,6,3,8,2,4,1,0,5,2,5,4,0,6,9,8,7,3,1,4,3,6,2,9,0,7,8,5,1,8,1,3,5,9,4,6,0,2,7,5,3,2,0,1,9,6,8,7,4,7,2,0,9,5,6,1,4,3,8,5,0,9,2,1,6,7,8,3,4,6,5,8,1,3,0,7,2,9,4,0,9,3,5,1,7,4,2,6,8,3,9,2,0,6,8,4,5,1,7];[3,7,3,1,8,6,10,7,8,14,5,9,14,8,13,11,14,5,7,5,8,0,13,0,7,5,0,13,0,8,2,11,6,11,7,10,3,12,12,7,11,1,7,10,4,14,1,1,14,3,10,0,6,11,10,8,1,5,6,6,8,10,11,2,1,2,8,4,5,3,12,12,11,12,7,12,4,7,7,14,12,13,13,4,1,11,6,5,5,0,3,6,4,0,11,9,3,0,14,9,4,6,9,9,14,11,4,11,14,14,10,0,3,11,12,10,3,6,3,7,13,7,4,8,13,3,9,0,4,8,3,3,11,3,1,7,0,1,4,3,2,11,2,14,9,10,14,7,5,3,8,3,8,4,0,10,11,1,9,2,10,9,2,8,9,0,4,9,4,0,10,6,10,14,2,14,6,4,1,9,9,12,10,0,4,4,8,10,2,12,6,4,13,1,2,0,10,11,1,7,0,5,3,5,8,6,0,11,2,14,6,14,3,9,10,13,6,5,4,1,9,1,12,3,5,2,8,3,12,7,14,6,4,1,13,14,10,4,12,1,8,14,14,4,5,5,14,11,2,2,12,3,2,3,7,4,14,5,11,11,0,12,2,5,5,12,14,13,5,3,4,2,8,13,0,13,2,7,4,14,5,10,2,2,12,1,13,8,3,0,11,1,1,2,2,14,0,14,0,2];[[0.4831103964860096,4.831103964860096,1.0],[0.9021829992468611,9.02182999246861,1.0],[0.5374571935128641,5.374571935128642,1.0],[0.8761340971511191,8.761340971511192,1.0],[0.573156942708234,5.7315694270823405,1.0],[0.994523847851402,9.945238478514021,1.0],[0.3574465703190305,3.574465703190305,1.0],[0.6617299629663892,6.617299629663892,1.0],[0.4882872262788658,4.882872262788657,1.0],[0.5726412824777106,5.726412824777106,1.0],[0.32388398325139345,3.2388398325139347,1.0],[0.8072354510963532,8.072354510963532,1.0],[0.8087324055796944,8.087324055796945,1.0],[0.660852452150834,6.60852452150834,1.0],[0.5802577271631468,5.802577271631469,1.0]]
2a_Hurink_sdata_38_workers.fjs;5116.420506552565;393380;[354,415,495,522,904,1003,1135,1972,2064,2105,0,82,691,913,1003,1228,1530,1583,1865,2289,255,576,646,692,1104,1205,1231,1517,1762,2299,79,389,462,816,862,1402,1497,1667,2065,2336,170,222,255,298,341,609,1345,1439,1881,1925,200,432,462,589,670,837,1474,1780,2151,2208,45,144,231,408,650,1001,1253,1315,1320,2247,112,530,646,1090,1439,1699,1723,1780,1908,1925,666,1088,1237,1276,1559,1675,1699,1925,2052,2275,0,79,664,670,774,1143,1228,1327,1788,2014,399,710,898,1185,1253,1345,1864,1885,1925,2193,0,530,626,822,1307,1551,1641,2009,2064,2289,432,475,750,1003,1320,1414,1425,1439,2127,2286,654,667,710,789,921,1001,1099,1419,1507,1714,495,536,576,1099,1315,1484,1613,1918,2147,2208,0,231,434,670,710,797,827,1175,1405,2018,170,415,1161,1401,1414,1718,1768,1908,2007,2105,131,308,462,873,903,1428,1612,1690,2208,2303,0,826,904,1035,1135,1391,1613,1975,2142,2245,158,268,308,434,457,550,797,1025,1866,1935,144,200,399,457,473,789,954,968,2026,2225,82,341,389,576,922,1003,1372,1397,1847,2105,73,298,512,561,666,815,1096,1183,1615,1925,413,512,1090,1192,1498,1787,1864,1971,2026,2195,0,366,506,832,1372,1468,1768,1841,2005,2208,0,276,797,815,849,1106,1266,1439,1474,1801,13,415,561,734,786,1470,1596,1641,1723,2024,154,276,903,1025,1358,1507,1716,1844,2250,2289,222,761,904,1185,1192,1266,1507,1583,1935,2026,32,295,849,1543,1615,1718,1742,1847,1982,2105];[0,2,3,7,9,6,8,5,1,4,3,0,6,2,8,9,1,4,7,5,4,3,8,9,1,6,5,2,7,0,1,5,0,6,2,9,3,4,8,7,0,4,3,5,1,9,6,8,7,2,7,0,1,6,5,3,4,2,8,9,7,5,1,8,2,4,3,0,9,6,2,4,7,8,6,3,9,5,1,0,7,9,2,8,6,3,5,4,0,1,9,6,5,1,2,8,0,4,3,7,8,0,9,3,6,5,4,2,7,1,4,3,0,8,2,1,7,6,5,9,9,1,6,7,0,8,4,2,5,3,0,6,1,3,8,5,4,9,7,2,2,0,5,6,3,7,1,9,4,8,1,5,6,0,8,4,9,2,7,3,4,7,1,8,0,6,9,5,3,2,1,0,7,8,4,5,9,2,3,6,0,6,1,5,9,8,3,4,2,7,1,0,6,5,4,7,8,2,9,3,7,9,6,3,8,2,4,1,0,5,2,5,4,0,6,9,8,7,3,1,4,3,6,2,9,0,7,8,5,1,8,1,3,5,9,4,6,0,2,7,5,3,2,0,1,9,6,8,7,4,7,2,0,9,5,6,1,4,3,8,5,0,9,2,1,6,7,8,3,4,6,5,8,1,3,0,7,2,9,4,0,9,3,5,1,7,4,2,6,8,3,9,2,0,6,8,4,5,1,7];[3,7,4,14,12,0,4,7,8,8,5,9,3,8,10,14,11,5,7,13,8,5,13,0,6,1,1,8,0,8,6,11,8,7,4,10,9,3,12,11,11,13,9,7,1,8,7,11,14,8,12,10,9,12,6,11,14,9,6,4,8,0,11,2,1,2,6,10,9,2,4,4,8,12,3,9,9,7,5,11,12,4,2,8,13,0,5,5,10,8,3,10,5,11,1,7,13,0,10,1,4,7,0,7,4,3,13,6,14,14,10,11,3,8,1,9,4,13,13,10,4,3,8,8,13,5,0,0,13,5,3,7,5,1,2,7,0,13,6,3,1,5,2,13,5,4,11,7,4,1,11,3,12,5,4,10,10,12,9,9,9,3,12,11,6,2,11,12,14,1,3,10,10,8,5,2,13,1,6,7,4,3,9,7,13,2,9,10,1,3,7,4,4,1,11,7,12,11,8,2,2,4,1,13,13,0,3,11,5,7,4,6,13,13,6,13,6,12,1,9,1,12,6,9,8,2,8,9,3,9,14,12,10,6,3,14,2,0,3,11,0,8,9,6,8,13,6,8,11,2,12,3,7,5,0,5,11,5,1,11,13,4,6,6,9,7,6,6,1,10,8,2,2,9,12,1,11,9,13,14,5,3,0,10,0,0,10,10,13,0,7,2,14,3,2,6,4,5,12,2];[[0.34661995661142697,3.4661995661142697,1.0],[0.2286410960833074,2.286410960833074,1.0],[0.012392470279078194,0.12392470279078194,1.0],[0.9308270259025113,9.308270259025113,1.0],[0.3225145761620236,3.225145761620236,1.0],[0.0006954578022455582,0.006954578022455582,1.0],[0.2097170717940725,2.097170717940725,1.0],[0.5179602272351016,5.179602272351016,1.0],[0.7628222106217201,7.6282221062172,1.0],[0.3089717897377221,3.089717897377221,1.0],[0.15113122452813788,1.5113122452813788,1.0],[0.07045772229012492,0.7045772229012492,1.0],[0.8725064026541692,8.725064026541693,1.0],[0.3074981421409557,3.074981421409557,1.0],[0.272859759997538,2.7285975999753798,1.0]]
2a_Hurink_sdata_38_workers.fjs;5269.853858169797;1086500;[52,201,675,702,819,1328,1420,1614,1815,2287,53,579,722,1039,1450,1546,1639,1657,1836,2362,121,234,305,350,419,1187,1208,1292,1350,1962,168,949,1006,1509,1558,1732,1750,1818,2132,2240,0,166,305,905,1324,1351,1563,1648,1739,2395,98,686,722,781,992,1149,1784,1818,2295,2352,398,563,732,973,1208,1364,1369,1436,1441,2408,0,196,579,663,1648,1685,1707,1732,2053,2118,0,53,537,574,1517,1563,2014,2107,2165,2265,187,305,374,380,522,843,1084,1500,1590,2017,0,269,617,761,917,1056,1348,1517,1937,2070,0,547,819,887,1129,1546,1610,1756,1857,2394,143,221,234,305,398,492,1850,2152,2234,2335,154,803,827,905,1315,1512,1707,1750,1852,2234,155,492,673,796,949,996,1075,1102,1404,2098,0,98,563,1150,1546,1744,1778,2098,2157,2275,202,255,351,381,1194,1281,1976,2100,2350,2359,92,351,732,939,1084,1324,1639,1706,2196,2330,186,1111,1252,1541,1847,2020,2112,2169,2300,2408,78,114,154,509,708,1017,1290,1450,1927,1976,184,426,444,495,511,873,1141,1741,1798,2330,166,514,1202,1351,1927,2100,2275,2311,2359,2392,73,419,490,933,1129,1296,1702,1864,1961,2300,350,475,570,781,1194,1271,1685,1818,1879,2107,166,490,495,849,984,1075,1208,1427,1692,1944,53,98,168,419,480,827,1158,1465,2169,2221,202,669,686,834,1129,1420,1509,1799,2047,2260,0,654,825,905,996,1280,1453,2053,2178,2221,532,579,1038,1608,1657,1784,1864,1962,2053,2352,348,732,820,933,1008,1111,1149,1453,1879,2318];[0,2,3,7,9,6,8,5,1,4,3,0,6,2,8,9,1,4,7,5,4,3,8,9,1,6,5,2,7,0,1,5,0,6,2,9,3,4,8,7,0,4,3,5,1,9,6,8,7,2,7,0,1,6,5,3,4,2,8,9,7,5,1,8,2,4,3,0,9,6,2,4,7,8,6,3,9,5,1,0,7,9,2,8,6,3,5,4,0,1,9,6,5,1,2,8,0,4,3,7,8,0,9,3,6,5,4,2,7,1,4,3,0,8,2,1,7,6,5,9,9,1,6,7,0,8,4,2,5,3,0,6,1,3,8,5,4,9,7,2,2,0,5,6,3,7,1,9,4,8,1,5,6,0,8,4,9,2,7,3,4,7,1,8,0,6,9,5,3,2,1,0,7,8,4,5,9,2,3,6,0,6,1,5,9,8,3,4,2,7,1,0,6,5,4,7,8,2,9,3,7,9,6,3,8,2,4,1,0,5,2,5,4,0,6,9,8,7,3,1,4,3,6,2,9,0,7,8,5,1,8,1,3,5,9,4,6,0,2,7,5,3,2,0,1,9,6,8,7,4,7,2,0,9,5,6,1,4,3,8,5,0,9,2,1,6,7,8,3,4,6,5,8,1,3,0,7,2,9,4,0,9,3,5,1,7,4,2,6,8,3,9,2,0,6,8,4,5,1,7];[4,7,8,7,12,7,8,7,14,0,5,1,3,8,1,11,5,5,7,10,8,6,7,0,1,1,12,0,0,8,12,11,3,11,6,4,9,1,5,11,11,14,4,12,4,8,3,11,6,0,11,3,6,8,6,3,6,2,6,12,4,10,11,2,1,2,10,14,12,2,8,10,7,12,1,4,4,7,5,0,5,3,10,6,0,4,10,9,7,4,3,5,5,11,12,11,1,10,4,9,0,3,0,2,8,13,6,7,14,13,10,1,14,14,5,1,14,5,14,10,3,9,12,8,13,12,9,3,9,11,12,13,6,6,1,14,10,4,3,3,2,5,2,12,1,10,11,14,4,6,1,3,14,11,5,10,0,14,1,12,4,4,3,14,2,8,12,4,4,14,7,10,10,14,3,10,6,1,2,9,2,12,10,9,0,8,8,13,14,5,6,4,6,6,12,5,12,2,12,6,8,7,7,13,3,0,3,11,14,5,1,14,8,4,0,10,2,13,6,13,10,0,10,4,0,2,8,4,9,3,14,1,9,3,11,11,2,6,8,11,8,8,2,10,14,9,6,2,9,1,12,9,7,11,7,4,10,5,14,5,10,0,11,9,8,7,4,5,12,6,14,2,2,9,11,13,13,6,10,14,7,2,0,9,12,4,5,5,0,0,4,14,3,13,2,6,14,0,2,2];[[0.8559393885152179,8.55939388515218,1.0],[0.8004839408308784,8.004839408308783,1.0],[0.5938433496209707,5.938433496209708,1.0],[0.8870093324131678,8.870093324131679,1.0],[0.741558169706834,7.4155816970683395,1.0],[0.8097670389513107,8.097670389513107,1.0],[0.2247324103169328,2.247324103169328,1.0],[0.9761818800633866,9.761818800633865,1.0],[0.6339038774096737,6.339038774096737,1.0],[0.5580285642552777,5.580285642552777,1.0],[0.4463526500656817,4.463526500656817,1.0],[0.28336462923826333,2.8336462923826335,1.0],[0.9019880415639555,9.019880415639555,1.0],[0.03268507148422006,0.32685071484220063,1.0],[0.4362825217209084,4.3628252172090844,1.0]]
2a_Hurink_sdata_38_workers.fjs;5258.2715234314155;273920;[354,415,873,901,927,1119,1411,1501,1593,2163,539,621,887,948,1038,1508,1951,2293,2399,2470,122,647,717,1030,1310,1725,1756,1834,1929,2032,0,52,476,774,784,1310,1367,1402,2049,2415,262,628,784,927,972,1014,1303,1458,1564,1710,118,415,550,758,774,1038,1093,1152,1834,2203,237,1128,1367,1443,1458,1542,1618,1692,1852,2135,0,116,219,527,637,717,1127,1689,2221,2362,0,726,837,873,1030,1093,1219,1710,2137,2237,172,363,430,437,855,1164,1203,1270,1772,1838,0,15,357,571,668,1362,1442,1593,1634,1984,0,66,446,476,588,725,785,1951,1989,2087,0,136,569,637,1029,1152,1164,1311,1834,2456,0,81,228,1117,1214,1593,1626,1725,1753,1889,81,93,166,356,901,976,1972,1984,2232,2293,149,555,942,1128,1325,1467,2130,2257,2320,2399,218,495,555,837,943,1074,1166,1626,1864,2084,93,213,388,768,879,972,1243,1542,1692,2227,133,213,656,1008,1327,1433,1443,1665,1955,2137,116,314,430,550,555,1347,1589,1634,1753,2049,53,118,136,523,572,1397,1458,1637,1714,1955,92,123,263,746,1559,1640,1725,1745,1831,2120,166,218,523,629,718,1270,1714,2135,2235,2311,396,478,1166,1325,1460,1803,1881,1951,2003,2087,375,387,564,797,879,1099,1388,1564,1616,2343,336,509,728,777,1296,1469,1767,1881,1916,2419,254,711,784,870,1030,1214,1303,1899,1984,2205,289,356,375,571,834,879,927,1270,1415,1764,896,1199,1542,1682,1852,2032,2087,2163,2311,2380,89,254,495,552,784,1128,1178,1442,1694,2225];[0,2,3,7,9,6,8,5,1,4,3,0,6,2,8,9,1,4,7,5,4,3,8,9,1,6,5,2,7,0,1,5,0,6,2,9,3,4,8,7,0,4,3,5,1,9,6,8,7,2,7,0,1,6,5,3,4,2,8,9,7,5,1,8,2,4,3,0,9,6,2,4,7,8,6,3,9,5,1,0,7,9,2,8,6,3,5,4,0,1,9,6,5,1,2,8,0,4,3,7,8,0,9,3,6,5,4,2,7,1,4,3,0,8,2,1,7,6,5,9,9,1,6,7,0,8,4,2,5,3,0,6,1,3,8,5,4,9,7,2,2,0,5,6,3,7,1,9,4,8,1,5,6,0,8,4,9,2,7,3,4,7,1,8,0,6,9,5,3,2,1,0,7,8,4,5,9,2,3,6,0,6,1,5,9,8,3,4,2,7,1,0,6,5,4,7,8,2,9,3,7,9,6,3,8,2,4,1,0,5,2,5,4,0,6,9,8,7,3,1,4,3,6,2,9,0,7,8,5,1,8,1,3,5,9,4,6,0,2,7,5,3,2,0,1,9,6,8,7,4,7,2,0,9,5,6,1,4,3,8,5,0,9,2,1,6,7,8,3,4,6,5,8,1,3,0,7,2,9,4,0,9,3,5,1,7,4,2,6,8,3,9,2,0,6,8,4,5,1,7];[3,7,0,1,2,1,4,7,11,8,5,1,14,8,13,9,4,5,7,8,12,0,11,0,6,13,13,10,0,8,6,11,9,3,14,7,6,2,12,14,11,12,3,4,14,11,1,5,3,5,10,0,14,12,8,8,12,6,13,13,6,10,11,2,1,2,9,10,12,12,10,14,4,12,3,6,14,7,9,1,5,0,10,9,1,8,0,9,1,14,3,14,4,3,5,9,9,13,10,1,9,14,6,11,2,13,5,7,14,9,7,6,14,8,5,13,7,10,14,7,0,0,7,8,10,2,0,5,8,8,13,10,13,8,1,4,4,4,3,3,13,5,2,8,8,1,12,7,5,10,11,3,13,13,0,4,7,2,9,8,0,7,13,14,12,9,8,3,5,14,14,8,10,9,4,3,6,4,8,1,9,12,5,4,3,2,9,5,2,5,13,13,11,1,14,8,8,2,2,5,0,0,3,11,10,11,12,11,14,3,9,4,14,6,6,13,2,13,6,14,4,9,10,9,14,2,11,3,10,1,9,1,2,4,11,4,4,6,13,1,2,1,4,4,11,4,14,5,0,2,0,6,7,1,0,14,12,5,6,11,10,4,11,5,11,7,12,9,12,6,7,5,11,6,9,1,5,9,6,14,6,4,1,4,0,7,10,2,6,0,1,2,3,2,2,6,5,0,6,8];[[0.5198238265685563,5.198238265685563,1.0],[0.9583988744400509,9.583988744400509,1.0],[0.3402956357666065,3.402956357666065,1.0],[0.7081849781179302,7.081849781179303,1.0],[0.9252189405445452,9.252189405445453,1.0],[0.05032666735654623,0.5032666735654623,1.0],[0.6613275461751585,6.613275461751585,1.0],[0.82711411373077,8.271141137307701,1.0],[0.8734961127808921,8.734961127808921,1.0],[0.5913019030238962,5.913019030238962,1.0],[0.11264722490163037,1.1264722490163037,1.0],[0.34477784983246407,3.4477784983246407,1.0],[0.011377599382669468,0.11377599382669468,1.0],[0.7909742881977946,7.909742881977946,1.0],[0.3277964015146908,3.277964015146908,1.0]]
2a_Hurink_sdata_38_workers.fjs;5326.750334170526;167610;[822,938,1038,1281,1442,1564,1666,1757,1942,2096,0,81,353,538,628,1016,1107,1571,1641,1752,0,79,151,947,1281,1337,1359,1435,1531,1788,576,627,947,1131,1140,1207,1640,1942,2021,2296,318,458,873,952,1354,1381,1479,1564,1660,2306,240,1136,1349,1359,1523,1587,1911,1942,2146,2375,599,691,782,961,1018,1102,1330,1866,1907,2027,171,325,527,548,608,849,1226,1435,1906,2375,32,171,919,1026,1435,1745,1940,2179,2275,2375,56,240,378,482,521,966,1637,2229,2317,2422,0,645,738,782,947,1252,1973,2005,2126,2206,385,458,908,1216,1275,1381,1442,1990,2306,2416,12,56,85,332,466,1205,1246,1521,1637,1803,1019,1140,1215,1286,1453,1609,1736,1775,1818,2046,0,171,1004,1209,1216,1260,1337,1611,1805,2110,921,1092,1216,1564,1672,1775,1805,1874,1955,2034,45,425,560,947,1034,1163,1874,2230,2425,2436,440,778,1312,1419,1523,1902,1991,2206,2230,2314,0,162,240,309,378,470,917,979,1319,2034,0,738,868,947,1025,1729,2211,2235,2306,2436,85,151,318,1098,1353,1605,1705,1849,1906,2362,12,98,247,416,527,778,1005,1634,2126,2398,331,482,747,822,1107,1609,1709,1758,2021,2281,593,849,1114,1216,1397,1442,1666,1736,1788,2372,0,74,79,218,309,470,795,1275,1521,2137,147,439,627,645,782,1038,1131,1215,1260,2317,160,300,318,366,410,440,548,1140,1392,1991,0,141,200,627,710,890,908,1367,1571,1872,370,1163,1675,1745,1772,1903,2020,2112,2206,2275,151,218,425,560,644,921,1660,1849,1983,2206];[0,2,3,7,9,6,8,5,1,4,3,0,6,2,8,9,1,4,7,5,4,3,8,9,1,6,5,2,7,0,1,5,0,6,2,9,3,4,8,7,0,4,3,5,1,9,6,8,7,2,7,0,1,6,5,3,4,2,8,9,7,5,1,8,2,4,3,0,9,6,2,4,7,8,6,3,9,5,1,0,7,9,2,8,6,3,5,4,0,1,9,6,5,1,2,8,0,4,3,7,8,0,9,3,6,5,4,2,7,1,4,3,0,8,2,1,7,6,5,9,9,1,6,7,0,8,4,2,5,3,0,6,1,3,8,5,4,9,7,2,2,0,5,6,3,7,1,9,4,8,1,5,6,0,8,4,9,2,7,3,4,7,1,8,0,6,9,5,3,2,1,0,7,8,4,5,9,2,3,6,0,6,1,5,9,8,3,4,2,7,1,0,6,5,4,7,8,2,9,3,7,9,6,3,8,2,4,1,0,5,2,5,4,0,6,9,8,7,3,1,4,3,6,2,9,0,7,8,5,1,8,1,3,5,9,4,6,0,2,7,5,3,2,0,1,9,6,8,7,4,7,2,0,9,5,6,1,4,3,8,5,0,9,2,1,6,7,8,3,4,6,5,8,1,3,0,7,2,9,4,0,9,3,5,1,7,4,2,6,8,3,9,2,0,6,8,4,5,1,7];[2,7,8,0,0,9,9,7,8,0,5,1,3,8,6,14,5,5,13,14,8,9,0,0,1,3,1,13,0,8,10,11,10,10,12,12,6,2,5,2,11,0,12,5,4,8,3,7,1,8,3,0,1,12,10,14,8,11,13,6,3,10,11,2,1,2,6,5,3,1,9,10,11,12,5,9,3,7,0,14,5,4,6,4,1,13,5,5,6,5,3,13,4,9,9,3,3,11,10,9,13,4,0,10,8,8,14,7,14,4,10,14,3,9,13,5,11,14,3,7,3,0,5,8,13,4,0,11,10,1,13,8,14,6,2,3,4,5,3,3,3,11,2,6,13,12,4,11,5,13,12,3,11,3,0,1,0,6,9,9,4,9,13,14,0,5,13,1,14,1,1,7,10,14,4,7,2,1,14,0,12,3,5,5,6,9,9,11,14,4,0,13,0,1,11,3,10,3,13,2,8,9,1,11,14,12,11,11,10,4,2,4,9,13,6,13,5,13,4,5,0,1,14,7,14,2,7,9,6,5,14,10,11,8,3,10,4,6,14,1,6,14,6,4,12,4,6,9,9,12,12,3,7,5,0,12,14,1,3,11,6,1,2,13,2,11,4,10,4,3,14,2,1,12,5,5,13,10,4,14,11,8,2,12,13,4,10,2,6,0,7,14,8,7,2,10,7,2,12,2];[[0.18019241848515155,1.8019241848515155,1.0],[0.48736227300275514,4.873622730027551,1.0],[0.07759170039841756,0.7759170039841756,1.0],[0.5225667244081349,5.2256672440813485,1.0],[0.9196433340252647,9.196433340252646,1.0],[0.8762509611803474,8.762509611803473,1.0],[0.5029695910906639,5.029695910906638,1.0],[0.8160267976375112,8.160267976375112,1.0],[0.8059112000327816,8.059112000327817,1.0],[0.2140591090540045,2.140591090540045,1.0],[0.08805821114486456,0.8805821114486456,1.0],[0.20329737064426556,2.0329737064426556,1.0],[0.5837360924329463,5.837360924329463,1.0],[0.6737333796339059,6.737333796339059,1.0],[0.1608013027204077,1.6080130272040771,1.0]]
2a_Hurink_sdata_40_workers.fjs;3597.5443758538167;427040;[0,177,236,354,366,587,955,1225,1262,1310,1383,1444,1486,1541,1566,0,72,143,181,233,349,579,682,771,844,911,937,1262,1327,1383,258,354,441,540,615,742,871,887,1014,1147,1214,1288,1301,1460,1586,0,22,249,280,495,575,634,706,847,921,973,1101,1192,1282,1375,0,108,171,249,258,333,407,507,519,682,771,856,973,1540,1625,108,181,374,460,505,519,629,722,820,989,1067,1158,1225,1529,1609,0,69,125,295,374,462,524,558,642,776,857,1006,1192,1301,1610,138,209,390,472,540,587,629,722,823,1235,1301,1386,1469,1475,1541,87,250,366,465,519,575,669,767,890,914,946,1019,1103,1147,1275,171,209,295,390,677,706,786,914,1019,1103,1175,1225,1355,1419,1484,69,269,355,444,553,634,685,771,887,937,1014,1123,1196,1503,1616,87,295,316,480,553,844,928,1167,1199,1235,1308,1375,1469,1531,1651,233,341,612,706,738,823,875,921,1098,1167,1255,1308,1374,1419,1529,0,87,138,203,269,460,480,558,1067,1123,1147,1208,1453,1486,1566,0,390,416,641,677,685,866,962,1225,1374,1454,1469,1529,1641,1674];[5,6,11,9,2,14,3,10,12,13,1,7,8,4,0,1,3,7,2,14,0,9,8,6,5,13,4,10,12,11,6,8,0,9,10,12,2,11,13,3,5,1,4,14,7,10,12,3,4,2,0,8,7,13,9,11,6,1,14,5,9,8,3,6,0,7,1,4,13,5,11,10,2,14,12,11,7,5,6,0,3,13,4,2,10,12,8,14,1,9,4,2,9,5,14,13,10,12,0,3,7,8,6,1,11,6,5,11,9,14,10,7,13,1,4,2,3,12,0,8,11,5,9,2,0,6,12,13,10,1,7,4,3,14,8,11,1,3,13,9,14,0,10,7,4,5,6,12,8,2,4,12,1,7,5,0,11,3,2,13,6,10,9,14,8,12,1,10,5,8,6,2,13,4,11,0,14,3,9,7,2,7,5,9,1,14,3,10,13,12,0,6,8,4,11,11,6,1,12,9,5,3,13,10,0,2,8,14,7,4,13,3,4,9,11,10,0,8,2,6,5,1,7,12,14];[7,0,5,20,13,20,0,8,17,12,7,7,14,1,9,19,15,15,16,14,7,5,8,5,14,14,18,11,10,12,7,6,3,13,15,21,13,0,21,0,20,16,15,13,13,6,14,0,16,1,4,13,9,10,13,14,5,2,5,6,4,10,21,21,18,1,19,10,11,13,7,2,13,6,5,1,13,0,17,21,6,11,4,9,19,6,4,10,20,12,18,7,11,21,10,20,14,11,2,1,19,3,18,18,11,4,3,12,2,0,13,7,18,8,4,4,0,11,10,4,10,20,9,18,20,14,20,15,18,20,12,20,14,8,15,3,15,12,3,9,16,11,13,18,21,21,1,20,18,20,20,11,8,14,12,18,12,13,12,6,1,13,0,21,8,9,4,1,8,16,6,21,9,19,13,6,1,3,15,13,13,1,8,0,6,3,12,3,9,15,6,14,17,2,0,9,12,18,10,6,13,15,7,19,16,14,5,10,16,16,10,20,14,1,4,5,11,20,18,16,19,0,11,0,4];[[0.7773566427005639,7.7735664270056395,1.0],[0.6698255595592497,6.698255595592498,1.0],[0.09913960392481702,0.9913960392481702,1.0],[0.35297051119014544,3.529705111901454,1.0],[0.4679077429008419,4.679077429008419,1.0],[0.5346837414708775,5.346837414708775,1.0],[0.9783090609123973,9.783090609123974,1.0],[0.13031535015865903,1.3031535015865903,1.0],[0.6712434682302663,6.712434682302662,1.0],[0.36422941594737557,3.6422941594737557,1.0],[0.48883570716198577,4.888357071619858,1.0],[0.20301221073405373,2.0301221073405373,1.0],[0.6661983755713592,6.661983755713592,1.0],[0.2276630312069321,2.276630312069321,1.0],[0.4580640582967631,4.580640582967631,1.0],[0.040722397554957435,0.40722397554957435,1.0],[0.9742897953778286,9.742897953778286,1.0],[0.4874760742689066,4.874760742689066,1.0],[0.4616138636373597,4.616138636373597,1.0],[0.7141471558082002,7.141471558082002,1.0],[0.4157281494999725,4.157281494999725,1.0],[0.888011688001529,8.88011688001529,1.0]]
2a_Hurink_sdata_40_workers.fjs;3798.764492927852;527410;[0,97,223,296,439,696,798,890,933,1144,1217,1286,1334,1555,1578,387,457,524,562,615,672,685,777,866,996,1118,1179,1261,1448,1473,0,97,324,414,455,514,616,638,701,788,837,906,918,1068,1378,307,332,524,650,712,837,914,953,1053,1121,1173,1190,1412,1489,1648,0,186,241,320,524,602,778,878,936,1218,1258,1385,1549,1614,1700,0,83,142,267,309,347,366,514,632,742,982,1088,1218,1489,1561,99,178,234,329,501,592,625,777,892,914,1015,1071,1363,1561,1593,224,460,556,777,1023,1091,1121,1286,1331,1412,1466,1549,1632,1637,1700,169,289,329,414,468,616,701,975,1231,1286,1329,1466,1632,1687,1775,296,457,561,658,748,818,911,1015,1071,1112,1179,1281,1385,1448,1614,0,99,261,318,408,460,468,556,777,859,1071,1158,1231,1331,1620,0,85,106,223,394,468,516,625,712,752,994,1111,1281,1334,1626,0,15,72,142,176,261,366,1023,1217,1286,1385,1443,1575,1620,1655,68,169,318,387,591,676,696,788,933,1173,1185,1509,1591,1598,1632,0,320,347,556,697,704,742,866,914,991,1071,1077,1449,1637,1772];[5,6,11,9,2,14,3,10,12,13,1,7,8,4,0,1,3,7,2,14,0,9,8,6,5,13,4,10,12,11,6,8,0,9,10,12,2,11,13,3,5,1,4,14,7,10,12,3,4,2,0,8,7,13,9,11,6,1,14,5,9,8,3,6,0,7,1,4,13,5,11,10,2,14,12,11,7,5,6,0,3,13,4,2,10,12,8,14,1,9,4,2,9,5,14,13,10,12,0,3,7,8,6,1,11,6,5,11,9,14,10,7,13,1,4,2,3,12,0,8,11,5,9,2,0,6,12,13,10,1,7,4,3,14,8,11,1,3,13,9,14,0,10,7,4,5,6,12,8,2,4,12,1,7,5,0,11,3,2,13,6,10,9,14,8,12,1,10,5,8,6,2,13,4,11,0,14,3,9,7,2,7,5,9,1,14,3,10,13,12,0,6,8,4,11,11,6,1,12,9,5,3,13,10,0,2,8,14,7,4,13,3,4,9,11,10,0,8,2,6,5,1,7,12,14];[7,6,17,5,19,20,0,10,10,12,6,4,5,14,7,7,1,2,2,14,18,4,8,17,18,14,18,11,6,15,18,11,15,0,4,21,10,11,1,6,16,19,15,13,17,10,1,11,0,0,2,7,16,4,8,15,5,3,17,3,3,3,8,20,13,6,20,10,11,4,7,20,13,16,5,4,10,17,4,17,20,5,4,10,13,7,19,21,6,12,13,15,0,21,3,20,15,5,2,18,19,10,14,16,11,14,3,12,15,16,8,7,3,1,4,9,0,19,5,4,6,21,0,21,15,21,8,8,20,6,11,18,14,11,8,3,6,0,1,12,12,21,16,14,3,21,10,21,16,3,21,9,6,2,3,18,9,16,12,13,1,13,19,21,8,9,14,1,18,2,8,18,4,18,0,3,17,5,15,21,15,19,8,15,7,10,18,3,17,20,11,2,5,9,0,16,0,14,9,19,20,7,7,9,8,14,8,10,21,1,10,4,6,9,19,16,16,18,2,12,11,6,11,20,16];[[0.7966509679599704,7.966509679599704,1.0],[0.05862623274803458,0.5862623274803458,1.0],[0.7602397739740907,7.602397739740907,1.0],[0.8627037401845356,8.627037401845355,1.0],[0.09127403464611428,0.9127403464611428,1.0],[0.9024924365975527,9.024924365975528,1.0],[0.7858960565941281,7.858960565941281,1.0],[0.40667966546103385,4.0667966546103385,1.0],[0.37447264465852026,3.7447264465852026,1.0],[0.6490262282913547,6.490262282913547,1.0],[0.40092466608569977,4.009246660856998,1.0],[0.5721109226277574,5.721109226277575,1.0],[0.6077930620255084,6.077930620255084,1.0],[0.05072389565884072,0.5072389565884072,1.0],[0.7370880093375713,7.370880093375714,1.0],[0.708486383757228,7.08486383757228,1.0],[0.9221724532030824,9.221724532030823,1.0],[0.7149390332589045,7.149390332589045,1.0],[0.6557724968554814,6.5577249685548145,1.0],[0.7371071646895253,7.371071646895253,1.0],[0.18754222176317448,1.8754222176317448,1.0],[0.5019778365908455,5.019778365908455,1.0]]
2a_Hurink_sdata_40_workers.fjs;3769.517184399113;3304090;[0,187,403,476,488,593,675,767,1040,1205,1285,1368,1544,1598,1625,0,72,139,201,511,657,729,795,886,966,1285,1343,1511,1637,1664,0,107,201,315,352,579,968,1038,1117,1204,1215,1417,1428,1637,1680,0,85,139,172,308,358,413,451,507,649,743,966,1427,1547,1637,0,264,324,400,413,587,608,715,760,799,841,942,1291,1404,1664,201,264,316,505,715,767,953,1040,1153,1276,1355,1484,1499,1547,1646,0,69,123,196,275,359,611,859,1203,1419,1512,1598,1611,1646,1710,91,275,316,403,467,516,611,799,843,923,1062,1336,1447,1499,1611,88,155,196,281,308,409,505,843,921,942,1076,1205,1291,1680,1765,163,349,474,572,700,730,811,896,904,1138,1300,1404,1511,1682,1747,69,164,443,507,593,649,657,785,794,1040,1117,1203,1276,1368,1404,0,85,164,394,466,547,760,921,981,1017,1088,1104,1215,1368,1741,0,18,80,163,252,359,467,545,691,760,1104,1283,1499,1544,1572,0,130,187,281,488,573,593,616,691,896,907,968,1042,1049,1291,0,172,237,281,476,483,516,886,985,1203,1294,1354,1417,1478,1765];[5,6,11,9,2,14,3,10,12,13,1,7,8,4,0,1,3,7,2,14,0,9,8,6,5,13,4,10,12,11,6,8,0,9,10,12,2,11,13,3,5,1,4,14,7,10,12,3,4,2,0,8,7,13,9,11,6,1,14,5,9,8,3,6,0,7,1,4,13,5,11,10,2,14,12,11,7,5,6,0,3,13,4,2,10,12,8,14,1,9,4,2,9,5,14,13,10,12,0,3,7,8,6,1,11,6,5,11,9,14,10,7,13,1,4,2,3,12,0,8,11,5,9,2,0,6,12,13,10,1,7,4,3,14,8,11,1,3,13,9,14,0,10,7,4,5,6,12,8,2,4,12,1,7,5,0,11,3,2,13,6,10,9,14,8,12,1,10,5,8,6,2,13,4,11,0,14,3,9,7,2,7,5,9,1,14,3,10,13,12,0,6,8,4,11,11,6,1,12,9,5,3,13,10,0,2,8,14,7,4,13,3,4,9,11,10,0,8,2,6,5,1,7,12,14];[7,11,17,20,3,20,0,2,17,3,6,10,10,4,10,11,20,20,17,5,4,12,19,16,15,3,16,5,12,20,14,17,5,11,3,11,16,20,1,4,17,21,21,13,3,10,2,19,16,18,2,12,2,13,10,15,0,11,12,1,17,1,1,20,1,4,17,7,11,0,0,6,12,7,0,1,10,15,4,17,8,17,4,16,21,17,20,6,13,2,18,13,3,21,7,20,0,21,2,2,0,21,2,19,11,4,3,5,7,15,16,7,7,3,2,14,0,15,20,11,0,1,0,2,14,13,11,8,19,11,11,12,7,13,1,3,0,0,15,5,17,12,10,18,3,14,9,14,18,8,7,6,4,14,10,13,16,13,16,13,2,13,10,9,8,9,6,7,6,10,9,15,20,12,6,17,17,0,15,12,4,4,18,0,12,12,7,7,3,20,20,4,17,2,0,19,13,18,0,12,20,17,5,19,1,14,1,10,1,16,8,10,16,13,16,19,6,7,2,20,20,14,13,5,3];[[0.5209484070219088,5.209484070219088,1.0],[0.42125020101147315,4.212502010114731,1.0],[0.22094517308324657,2.2094517308324657,1.0],[0.13033708391670573,1.3033708391670573,1.0],[0.48395776843282956,4.839577684328296,1.0],[0.6260889663051598,6.260889663051597,1.0],[0.6211218319323739,6.21121831932374,1.0],[0.707277595965894,7.07277595965894,1.0],[0.43539590023548325,4.3539590023548325,1.0],[0.04809800715767443,0.4809800715767443,1.0],[0.2254847064342842,2.254847064342842,1.0],[0.788548045160999,7.88548045160999,1.0],[0.42108890435006496,4.21088904350065,1.0],[0.5652029481252892,5.6520294812528915,1.0],[0.6764042610645917,6.764042610645918,1.0],[0.7568325816320766,7.568325816320765,1.0],[0.16251102322256883,1.6251102322256883,1.0],[0.4662293326345085,4.662293326345085,1.0],[0.652658580109924,6.526585801099239,1.0],[0.9348323542569703,9.348323542569704,1.0],[0.28093837261172117,2.8093837261172117,1.0],[0.9004772145836625,9.004772145836625,1.0]]
2a_Hurink_sdata_40_workers.fjs;3480.457455052999;3579370;[141,159,246,319,338,415,563,655,983,1110,1193,1257,1305,1365,1478,0,104,181,285,338,442,512,667,842,912,968,994,1232,1406,1488,38,141,264,331,374,429,604,620,884,968,1277,1346,1389,1525,1567,0,22,181,216,465,512,572,609,744,808,857,912,1003,1092,1386,0,89,216,349,359,672,698,953,1193,1232,1270,1347,1386,1451,1525,60,130,180,421,463,476,501,739,978,1032,1166,1365,1390,1441,1517,105,212,368,429,501,599,632,745,815,978,1069,1153,1279,1357,1531,0,262,319,447,744,815,881,994,1092,1179,1241,1326,1400,1406,1478,38,60,100,185,212,264,349,421,501,523,555,647,849,994,1442,0,72,287,374,418,585,666,745,834,881,1083,1196,1279,1380,1451,0,105,185,238,373,434,463,558,563,667,751,843,923,1354,1548,185,270,293,303,410,475,522,632,835,875,1042,1184,1263,1316,1438,267,395,501,579,613,698,744,753,815,884,983,1042,1108,1241,1394,130,359,454,528,655,808,835,1039,1110,1166,1177,1238,1347,1354,1477,0,77,176,202,238,429,572,756,881,1110,1270,1277,1381,1438,1567];[5,6,11,9,2,14,3,10,12,13,1,7,8,4,0,1,3,7,2,14,0,9,8,6,5,13,4,10,12,11,6,8,0,9,10,12,2,11,13,3,5,1,4,14,7,10,12,3,4,2,0,8,7,13,9,11,6,1,14,5,9,8,3,6,0,7,1,4,13,5,11,10,2,14,12,11,7,5,6,0,3,13,4,2,10,12,8,14,1,9,4,2,9,5,14,13,10,12,0,3,7,8,6,1,11,6,5,11,9,14,10,7,13,1,4,2,3,12,0,8,11,5,9,2,0,6,12,13,10,1,7,4,3,14,8,11,1,3,13,9,14,0,10,7,4,5,6,12,8,2,4,12,1,7,5,0,11,3,2,13,6,10,9,14,8,12,1,10,5,8,6,2,13,4,11,0,14,3,9,7,2,7,5,9,1,14,3,10,13,12,0,6,8,4,11,11,6,1,12,9,5,3,13,10,0,2,8,14,7,4,13,3,4,9,11,10,0,8,2,6,5,1,7,12,14];[7,18,17,20,19,20,0,1,10,16,12,13,2,6,21,8,3,15,2,14,6,5,8,13,6,21,18,11,2,1,9,4,7,9,5,11,7,5,21,5,16,18,21,5,3,6,12,7,8,5,10,9,14,10,21,7,0,2,11,5,7,7,6,6,18,21,20,8,11,6,6,5,13,8,20,10,20,16,4,9,8,3,9,5,19,19,20,19,4,6,16,14,7,2,7,20,15,17,2,12,1,20,7,7,11,9,3,12,13,11,7,7,3,18,9,4,3,7,7,0,0,5,0,0,12,21,4,15,20,13,11,15,11,21,2,3,13,5,15,9,17,17,2,2,9,21,17,10,0,10,16,1,2,1,10,18,4,21,1,13,18,10,19,12,8,9,20,20,10,1,6,21,8,0,4,5,10,5,15,6,19,14,12,2,4,11,18,2,3,20,13,4,17,1,15,11,1,14,8,0,10,9,7,19,1,14,15,6,9,16,18,4,10,1,4,5,6,8,2,7,18,19,11,1,5];[[0.49734142093980327,4.973414209398033,1.0],[0.35999045686025677,3.5999045686025677,1.0],[0.7220617567237175,7.220617567237175,1.0],[0.44672126724761885,4.4672126724761885,1.0],[0.4533596515962979,4.533596515962978,1.0],[0.025925678678183073,0.25925678678183073,1.0],[0.33490089376309407,3.3490089376309404,1.0],[0.4755440242737675,4.755440242737675,1.0],[0.45132356511490823,4.513235651149082,1.0],[0.08788974506102976,0.8788974506102976,1.0],[0.29509671683068217,2.9509671683068217,1.0],[0.33863234208051063,3.3863234208051063,1.0],[0.9020959027552419,9.020959027552419,1.0],[0.7173473735926632,7.173473735926632,1.0],[0.8986159167700656,8.986159167700656,1.0],[0.032997165944182005,0.32997165944182005,1.0],[0.2284682145918675,2.284682145918675,1.0],[0.5381470661357333,5.381470661357333,1.0],[0.06127510457974772,0.6127510457974772,1.0],[0.22935566071129299,2.29355660711293,1.0],[0.5598162304796008,5.598162304796008,1.0],[0.0008471767611641923,0.008471767611641923,1.0]]
2a_Hurink_sdata_40_workers.fjs;3608.9746664709564;2973020;[0,155,282,401,413,510,592,684,727,1062,1135,1199,1487,1547,1571,0,72,146,187,241,298,342,401,492,609,1199,1227,1310,1549,1578,18,149,313,413,449,503,602,695,754,838,1123,1199,1310,1398,1513,70,248,342,375,505,617,673,793,1135,1199,1258,1279,1363,1440,1547,0,94,172,613,708,786,857,1083,1227,1266,1305,1390,1427,1611,1684,38,187,235,317,380,394,510,684,786,886,965,1182,1225,1440,1517,0,70,126,317,389,477,510,857,1208,1227,1369,1470,1482,1584,1625,117,156,205,282,342,533,563,672,718,825,877,971,1281,1497,1560,97,117,164,299,460,622,784,915,1087,1284,1318,1398,1487,1533,1635,0,72,248,359,601,631,879,965,972,1020,1083,1129,1213,1281,1364,70,164,244,375,553,609,617,695,700,838,915,1004,1087,1187,1390,0,168,325,389,492,566,617,718,786,825,1242,1287,1364,1419,1632,241,260,463,569,601,708,758,765,993,1062,1151,1213,1346,1487,1497,117,222,305,381,449,534,553,597,830,959,1048,1109,1280,1425,1571,0,146,172,534,569,727,784,879,971,1048,1199,1227,1452,1513,1684];[5,6,11,9,2,14,3,10,12,13,1,7,8,4,0,1,3,7,2,14,0,9,8,6,5,13,4,10,12,11,6,8,0,9,10,12,2,11,13,3,5,1,4,14,7,10,12,3,4,2,0,8,7,13,9,11,6,1,14,5,9,8,3,6,0,7,1,4,13,5,11,10,2,14,12,11,7,5,6,0,3,13,4,2,10,12,8,14,1,9,4,2,9,5,14,13,10,12,0,3,7,8,6,1,11,6,5,11,9,14,10,7,13,1,4,2,3,12,0,8,11,5,9,2,0,6,12,13,10,1,7,4,3,14,8,11,1,3,13,9,14,0,10,7,4,5,6,12,8,2,4,12,1,7,5,0,11,3,2,13,6,10,9,14,8,12,1,10,5,8,6,2,13,4,11,0,14,3,9,7,2,7,5,9,1,14,3,10,13,12,0,6,8,4,11,11,6,1,12,9,5,3,13,10,0,2,8,14,7,4,13,3,4,9,11,10,0,8,2,6,5,1,7,12,14];[7,11,20,14,3,20,0,10,9,21,12,17,9,20,10,11,10,21,4,14,7,17,2,5,2,18,4,11,12,5,7,16,10,7,10,11,3,11,21,1,16,5,15,5,17,8,1,6,19,18,14,12,2,10,1,17,21,3,12,9,12,3,1,12,20,0,20,12,11,19,7,16,21,3,5,18,5,9,4,7,7,17,0,6,21,6,15,0,10,19,8,15,17,2,1,20,15,10,2,12,19,11,7,17,11,9,3,10,6,9,8,7,8,1,18,3,16,7,5,4,9,18,17,1,6,16,20,8,2,1,2,9,1,8,8,3,2,5,4,17,20,4,13,18,10,17,9,3,5,18,13,6,0,6,10,13,3,9,5,13,19,15,20,7,8,9,9,1,21,2,21,15,14,9,9,17,18,12,15,10,21,16,8,14,9,7,17,13,9,3,2,14,9,5,0,19,11,13,0,12,4,14,5,19,11,14,4,10,1,16,17,20,13,9,1,15,16,17,2,19,15,18,13,13,12];[[0.4211249061401,4.211249061401,1.0],[0.9761073344853062,9.761073344853061,1.0],[0.6132800246752349,6.132800246752349,1.0],[0.6930423279788359,6.930423279788359,1.0],[0.5088628354481554,5.088628354481553,1.0],[0.18781156668551158,1.8781156668551158,1.0],[0.830121874145001,8.301218741450011,1.0],[0.8449241651217704,8.449241651217704,1.0],[0.20962821201639004,2.0962821201639006,1.0],[0.6505169872996391,6.505169872996391,1.0],[0.7003316191510263,7.003316191510263,1.0],[0.7150339547653067,7.150339547653068,1.0],[0.8091072451390076,8.091072451390076,1.0],[0.8451978833841938,8.451978833841938,1.0],[0.3695849781386673,3.695849781386673,1.0],[0.5056149902637381,5.056149902637381,1.0],[0.7206140757071586,7.206140757071586,1.0],[0.14319015826691817,1.4319015826691817,1.0],[0.026697115061789622,0.2669711506178962,1.0],[0.15341588178909327,1.5341588178909327,1.0],[0.8363432326370349,8.363432326370349,1.0],[0.3246336983988545,3.2463369839885448,1.0]]
2a_Hurink_sdata_40_workers.fjs;3552.061676430874;3463650;[0,275,333,400,412,499,581,733,1015,1166,1239,1299,1340,1400,1518,105,166,246,305,359,499,513,574,665,776,820,916,1000,1279,1302,0,91,199,311,611,784,883,901,1004,1088,1098,1174,1251,1453,1495,0,85,136,187,265,318,411,448,620,776,822,839,1356,1495,1588,0,180,294,413,561,639,673,780,916,958,1000,1152,1189,1339,1528,20,81,133,238,548,673,717,820,916,1074,1152,1275,1290,1433,1561,0,69,226,476,581,684,717,733,784,803,948,1262,1356,1507,1538,91,215,413,712,784,841,871,958,1004,1189,1262,1352,1432,1453,1608,0,20,102,199,265,333,416,511,589,780,816,1000,1152,1201,1290,256,295,381,468,684,712,894,1066,1074,1115,1189,1253,1335,1400,1462,69,159,238,295,413,513,522,894,1015,1088,1166,1253,1327,1414,1528,0,85,136,256,335,423,499,589,620,663,979,1082,1432,1483,1625,0,133,335,413,468,664,710,773,847,916,1015,1068,1138,1343,1414,81,182,381,507,822,920,1098,1239,1327,1383,1395,1462,1588,1595,1625,0,80,159,275,311,319,377,467,533,735,1174,1299,1356,1495,1595];[5,6,11,9,2,14,3,10,12,13,1,7,8,4,0,1,3,7,2,14,0,9,8,6,5,13,4,10,12,11,6,8,0,9,10,12,2,11,13,3,5,1,4,14,7,10,12,3,4,2,0,8,7,13,9,11,6,1,14,5,9,8,3,6,0,7,1,4,13,5,11,10,2,14,12,11,7,5,6,0,3,13,4,2,10,12,8,14,1,9,4,2,9,5,14,13,10,12,0,3,7,8,6,1,11,6,5,11,9,14,10,7,13,1,4,2,3,12,0,8,11,5,9,2,0,6,12,13,10,1,7,4,3,14,8,11,1,3,13,9,14,0,10,7,4,5,6,12,8,2,4,12,1,7,5,0,11,3,2,13,6,10,9,14,8,12,1,10,5,8,6,2,13,4,11,0,14,3,9,7,2,7,5,9,1,14,3,10,13,12,0,6,8,4,11,11,6,1,12,9,5,3,13,10,0,2,8,14,7,4,13,3,4,9,11,10,0,8,2,6,5,1,7,12,14];[7,13,6,8,13,20,0,16,17,21,13,9,4,15,5,10,17,16,4,14,13,0,2,15,13,13,14,5,8,12,0,11,2,11,17,11,11,11,21,7,10,6,6,5,17,15,1,13,12,0,20,19,9,10,19,15,5,3,6,5,5,18,3,6,13,18,17,9,3,7,1,13,12,16,12,21,13,7,15,2,19,20,9,19,19,4,20,2,20,19,18,12,0,2,5,20,0,2,2,12,0,12,18,14,11,9,3,12,13,6,0,7,8,11,9,7,10,19,18,0,2,1,2,0,1,10,14,8,1,16,2,18,19,8,14,3,9,5,1,10,11,12,2,14,17,14,10,21,11,9,15,4,6,5,11,10,10,13,20,0,1,0,0,18,8,9,18,1,14,16,0,11,19,1,1,6,11,6,15,20,19,14,12,8,5,11,5,3,3,20,6,15,5,2,0,16,5,4,9,17,8,3,5,19,9,14,19,6,6,3,8,20,0,15,6,19,20,7,21,14,3,18,13,0,18];[[0.4831103964860096,4.831103964860096,1.0],[0.9021829992468611,9.02182999246861,1.0],[0.5374571935128641,5.374571935128642,1.0],[0.8761340971511191,8.761340971511192,1.0],[0.573156942708234,5.7315694270823405,1.0],[0.994523847851402,9.945238478514021,1.0],[0.3574465703190305,3.574465703190305,1.0],[0.6617299629663892,6.617299629663892,1.0],[0.4882872262788658,4.882872262788657,1.0],[0.5726412824777106,5.726412824777106,1.0],[0.32388398325139345,3.2388398325139347,1.0],[0.8072354510963532,8.072354510963532,1.0],[0.8087324055796944,8.087324055796945,1.0],[0.660852452150834,6.60852452150834,1.0],[0.5802577271631468,5.802577271631469,1.0],[0.04408639890691246,0.4408639890691246,1.0],[0.7725635994624831,7.725635994624831,1.0],[0.340181488474281,3.4018148847428096,1.0],[0.09506024617702258,0.9506024617702258,1.0],[0.23214768683087816,2.321476868308782,1.0],[0.29508457816293987,2.9508457816293987,1.0],[0.12277001052286385,1.2277001052286385,1.0]]
2a_Hurink_sdata_40_workers.fjs;3783.2707926964877;401450;[0,130,210,322,464,561,659,751,842,919,992,1053,1099,1293,1316,0,71,265,348,436,547,633,700,791,863,1076,1103,1182,1247,1564,0,158,466,535,625,743,895,911,992,1076,1086,1231,1415,1502,1634,0,25,564,599,700,773,835,1099,1256,1321,1373,1388,1472,1549,1639,0,106,169,240,248,321,546,665,691,733,772,899,1103,1335,1614,148,210,265,352,532,547,604,691,911,963,1044,1154,1171,1305,1565,0,408,491,553,643,733,818,890,946,1086,1177,1240,1340,1379,1502,91,195,348,574,728,789,818,1103,1147,1231,1293,1397,1471,1477,1542,128,154,229,322,411,466,659,841,933,1053,1241,1316,1471,1675,1761,0,71,235,339,461,491,561,684,692,789,1222,1472,1555,1619,1681,195,371,484,546,625,679,687,770,1024,1178,1256,1340,1475,1639,1681,91,388,459,481,558,692,830,1147,1182,1218,1239,1253,1335,1397,1475,0,19,76,154,305,388,452,469,535,944,1044,1103,1340,1405,1415,38,189,240,305,371,461,643,766,841,899,963,1171,1415,1606,1634,0,143,169,195,276,284,321,411,743,863,1177,1247,1545,1632,1760];[5,6,11,9,2,14,3,10,12,13,1,7,8,4,0,1,3,7,2,14,0,9,8,6,5,13,4,10,12,11,6,8,0,9,10,12,2,11,13,3,5,1,4,14,7,10,12,3,4,2,0,8,7,13,9,11,6,1,14,5,9,8,3,6,0,7,1,4,13,5,11,10,2,14,12,11,7,5,6,0,3,13,4,2,10,12,8,14,1,9,4,2,9,5,14,13,10,12,0,3,7,8,6,1,11,6,5,11,9,14,10,7,13,1,4,2,3,12,0,8,11,5,9,2,0,6,12,13,10,1,7,4,3,14,8,11,1,3,13,9,14,0,10,7,4,5,6,12,8,2,4,12,1,7,5,0,11,3,2,13,6,10,9,14,8,12,1,10,5,8,6,2,13,4,11,0,14,3,9,7,2,7,5,9,1,14,3,10,13,12,0,6,8,4,11,11,6,1,12,9,5,3,13,10,0,2,8,14,7,4,13,3,4,9,11,10,0,8,2,6,5,1,7,12,14];[7,3,20,5,19,20,0,7,17,12,7,5,14,17,15,12,5,0,14,16,0,11,19,2,3,15,3,11,20,20,9,21,5,12,4,11,7,6,21,7,10,12,12,13,7,10,13,7,6,11,14,20,8,2,8,21,21,3,12,16,21,7,14,19,12,3,19,12,3,13,0,17,13,12,20,20,11,4,19,17,21,17,4,21,13,1,18,21,20,2,16,15,9,2,16,20,20,14,2,12,1,7,14,16,11,4,3,12,16,14,16,7,7,4,9,10,3,5,18,15,13,1,5,12,6,1,20,8,5,18,12,18,9,11,16,3,0,14,2,2,10,14,2,15,10,21,17,10,0,12,1,7,16,4,7,18,10,10,9,0,5,13,7,12,8,9,3,7,6,1,2,18,15,19,6,6,4,3,15,20,0,19,12,10,21,9,7,7,9,3,13,2,5,5,8,11,12,18,10,11,20,20,5,9,4,14,16,17,21,3,8,6,13,13,21,9,20,20,21,2,12,11,13,19,3];[[0.34661995661142697,3.4661995661142697,1.0],[0.2286410960833074,2.286410960833074,1.0],[0.012392470279078194,0.12392470279078194,1.0],[0.9308270259025113,9.308270259025113,1.0],[0.3225145761620236,3.225145761620236,1.0],[0.0006954578022455582,0.006954578022455582,1.0],[0.2097170717940725,2.097170717940725,1.0],[0.5179602272351016,5.179602272351016,1.0],[0.7628222106217201,7.6282221062172,1.0],[0.3089717897377221,3.089717897377221,1.0],[0.15113122452813788,1.5113122452813788,1.0],[0.07045772229012492,0.7045772229012492,1.0],[0.8725064026541692,8.725064026541693,1.0],[0.3074981421409557,3.074981421409557,1.0],[0.272859759997538,2.7285975999753798,1.0],[0.9838464878398866,9.838464878398867,1.0],[0.7385079487399623,7.385079487399623,1.0],[0.7690782380223464,7.690782380223464,1.0],[0.7347776517949599,7.347776517949599,1.0],[0.040110031230356946,0.40110031230356946,1.0],[0.7832762173461114,7.832762173461115,1.0],[0.9889075602289727,9.889075602289727,1.0]]
2a_Hurink_sdata_40_workers.fjs;3621.303855129697;4488050;[233,334,480,558,570,740,851,994,1046,1173,1246,1306,1347,1507,1612,0,69,244,326,544,620,634,801,890,1006,1144,1230,1321,1424,1449,43,269,483,703,744,797,998,1014,1246,1330,1339,1408,1419,1507,1549,114,135,183,217,285,724,897,935,1040,1105,1330,1350,1434,1549,1639,0,94,304,398,407,494,513,851,1105,1144,1183,1261,1295,1376,1450,38,192,329,418,557,591,662,749,925,1031,1269,1414,1450,1543,1617,0,105,161,575,655,849,882,898,987,1006,1232,1401,1434,1511,1543,0,43,117,201,264,307,417,508,613,905,1107,1212,1357,1549,1612,97,192,264,386,570,620,705,882,963,985,1021,1070,1162,1234,1430,0,105,217,304,570,822,907,987,1105,1162,1230,1267,1362,1452,1523,73,183,269,325,418,549,558,662,878,963,1043,1135,1209,1333,1523,0,85,105,114,194,460,508,749,865,943,1105,1152,1387,1507,1612,73,92,251,365,403,498,544,593,780,955,1046,1135,1207,1321,1345,194,282,334,403,472,557,575,591,662,788,1046,1252,1369,1408,1531,0,383,409,437,472,480,634,749,801,963,1105,1111,1171,1232,1319];[5,6,11,9,2,14,3,10,12,13,1,7,8,4,0,1,3,7,2,14,0,9,8,6,5,13,4,10,12,11,6,8,0,9,10,12,2,11,13,3,5,1,4,14,7,10,12,3,4,2,0,8,7,13,9,11,6,1,14,5,9,8,3,6,0,7,1,4,13,5,11,10,2,14,12,11,7,5,6,0,3,13,4,2,10,12,8,14,1,9,4,2,9,5,14,13,10,12,0,3,7,8,6,1,11,6,5,11,9,14,10,7,13,1,4,2,3,12,0,8,11,5,9,2,0,6,12,13,10,1,7,4,3,14,8,11,1,3,13,9,14,0,10,7,4,5,6,12,8,2,4,12,1,7,5,0,11,3,2,13,6,10,9,14,8,12,1,10,5,8,6,2,13,4,11,0,14,3,9,7,2,7,5,9,1,14,3,10,13,12,0,6,8,4,11,11,6,1,12,9,5,3,13,10,0,2,8,14,7,4,13,3,4,9,11,10,0,8,2,6,5,1,7,12,14];[7,5,11,8,6,20,0,1,17,21,13,9,10,12,8,1,0,16,1,5,13,15,8,11,2,17,10,5,13,1,2,3,2,0,11,12,7,5,21,13,16,2,15,5,1,15,14,16,1,1,8,12,7,4,10,21,21,3,12,21,12,19,8,2,14,14,19,7,11,20,9,2,2,8,16,18,13,6,4,2,12,17,0,19,13,11,6,8,20,2,21,7,3,0,16,20,5,15,2,21,19,6,9,17,11,19,3,10,18,11,16,7,16,18,2,5,3,19,5,4,16,7,0,16,17,21,7,20,1,11,11,15,10,1,14,3,9,5,9,3,4,4,13,4,11,14,12,20,19,0,4,17,15,18,13,13,4,5,16,6,7,8,7,3,8,9,7,1,13,10,16,13,15,18,0,6,4,5,15,16,21,20,12,3,15,0,12,5,3,14,9,18,17,20,0,19,4,4,19,6,10,14,7,9,15,14,4,6,16,16,10,20,0,3,12,19,20,17,2,20,9,0,13,16,16];[[0.8559393885152179,8.55939388515218,1.0],[0.8004839408308784,8.004839408308783,1.0],[0.5938433496209707,5.938433496209708,1.0],[0.8870093324131678,8.870093324131679,1.0],[0.741558169706834,7.4155816970683395,1.0],[0.8097670389513107,8.097670389513107,1.0],[0.2247324103169328,2.247324103169328,1.0],[0.9761818800633866,9.761818800633865,1.0],[0.6339038774096737,6.339038774096737,1.0],[0.5580285642552777,5.580285642552777,1.0],[0.4463526500656817,4.463526500656817,1.0],[0.28336462923826333,2.8336462923826335,1.0],[0.9019880415639555,9.019880415639555,1.0],[0.03268507148422006,0.32685071484220063,1.0],[0.4362825217209084,4.3628252172090844,1.0],[0.18851543397694082,1.8851543397694082,1.0],[0.9250090249429151,9.250090249429151,1.0],[0.9012349700248556,9.012349700248556,1.0],[0.12108560404704316,1.2108560404704316,1.0],[0.9174015512221217,9.174015512221217,1.0],[0.6336036775858569,6.3360367758585685,1.0],[0.8916415369189501,8.916415369189501,1.0]]
2a_Hurink_sdata_40_workers.fjs;3497.393203637797;2605220;[0,18,254,341,353,556,673,765,814,1054,1127,1188,1230,1381,1404,0,107,232,293,345,417,713,826,915,1133,1192,1218,1294,1381,1590,159,265,352,417,453,556,662,707,862,946,1063,1237,1294,1409,1465,232,269,417,448,621,662,718,765,1127,1192,1237,1284,1375,1459,1549,18,190,329,455,544,666,673,804,823,915,954,1071,1211,1549,1623,107,181,232,322,431,448,619,706,814,871,963,1055,1361,1452,1529,0,73,302,341,413,505,538,660,718,773,921,1112,1254,1312,1359,88,150,360,453,513,556,589,706,810,890,1093,1375,1458,1465,1546,0,20,182,267,293,364,458,539,619,773,829,1091,1175,1224,1616,20,67,181,310,614,643,737,818,880,952,1024,1112,1194,1485,1549,85,190,275,360,445,621,629,859,890,946,1023,1112,1237,1325,1361,0,392,430,504,589,654,702,1023,1055,1091,1114,1129,1230,1325,1566,0,16,75,150,182,275,321,329,394,713,1129,1375,1441,1485,1496,166,265,327,392,513,640,659,752,963,1021,1032,1291,1452,1536,1566,0,80,190,267,352,394,444,544,737,818,909,1248,1312,1408,1623];[5,6,11,9,2,14,3,10,12,13,1,7,8,4,0,1,3,7,2,14,0,9,8,6,5,13,4,10,12,11,6,8,0,9,10,12,2,11,13,3,5,1,4,14,7,10,12,3,4,2,0,8,7,13,9,11,6,1,14,5,9,8,3,6,0,7,1,4,13,5,11,10,2,14,12,11,7,5,6,0,3,13,4,2,10,12,8,14,1,9,4,2,9,5,14,13,10,12,0,3,7,8,6,1,11,6,5,11,9,14,10,7,13,1,4,2,3,12,0,8,11,5,9,2,0,6,12,13,10,1,7,4,3,14,8,11,1,3,13,9,14,0,10,7,4,5,6,12,8,2,4,12,1,7,5,0,11,3,2,13,6,10,9,14,8,12,1,10,5,8,6,2,13,4,11,0,14,3,9,7,2,7,5,9,1,14,3,10,13,12,0,6,8,4,11,11,6,1,12,9,5,3,13,10,0,2,8,14,7,4,13,3,4,9,11,10,0,8,2,6,5,1,7,12,14];[7,20,7,11,16,20,0,11,9,12,7,7,16,14,17,0,21,10,16,5,13,10,8,4,11,21,12,11,12,12,16,6,0,7,16,4,13,15,21,14,18,3,12,13,17,21,4,0,0,1,14,9,0,2,3,5,0,3,12,1,7,9,21,1,1,19,19,20,11,10,15,4,4,8,5,7,21,15,4,14,2,17,4,1,12,17,4,6,10,6,21,2,0,2,18,20,6,10,2,19,0,19,14,20,11,11,3,12,6,4,0,7,8,3,9,0,0,11,2,0,2,18,0,1,17,4,10,15,21,14,2,20,19,21,16,3,16,14,15,11,18,18,8,19,7,21,10,14,16,12,9,4,8,6,12,18,3,13,3,13,19,15,6,3,8,9,15,1,21,8,12,21,13,17,13,3,4,7,15,5,5,14,18,0,5,10,10,13,11,16,6,2,9,18,15,19,11,18,10,14,21,5,7,9,1,14,16,6,18,2,8,4,1,9,6,5,3,7,2,18,15,3,13,14,4];[[0.5198238265685563,5.198238265685563,1.0],[0.9583988744400509,9.583988744400509,1.0],[0.3402956357666065,3.402956357666065,1.0],[0.7081849781179302,7.081849781179303,1.0],[0.9252189405445452,9.252189405445453,1.0],[0.05032666735654623,0.5032666735654623,1.0],[0.6613275461751585,6.613275461751585,1.0],[0.82711411373077,8.271141137307701,1.0],[0.8734961127808921,8.734961127808921,1.0],[0.5913019030238962,5.913019030238962,1.0],[0.11264722490163037,1.1264722490163037,1.0],[0.34477784983246407,3.4477784983246407,1.0],[0.011377599382669468,0.11377599382669468,1.0],[0.7909742881977946,7.909742881977946,1.0],[0.3277964015146908,3.277964015146908,1.0],[0.22222795698924247,2.2222795698924247,1.0],[0.14676573527209236,1.4676573527209236,1.0],[0.040648812187981,0.40648812187981,1.0],[0.14328037004549943,1.4328037004549943,1.0],[0.10349201402412567,1.0349201402412567,1.0],[0.2300149081299988,2.3001490812999883,1.0],[0.34985110243749995,3.4985110243749995,1.0]]
2a_Hurink_sdata_40_workers.fjs;3745.0148817395016;1151390;[322,346,413,743,813,890,972,1119,1160,1267,1407,1467,1514,1569,1594,0,212,279,322,376,424,437,538,629,1066,1139,1166,1267,1518,1683,0,141,235,295,331,386,486,503,567,659,778,857,1070,1158,1514,147,223,432,475,613,687,784,823,1027,1091,1161,1357,1503,1596,1688,0,89,141,212,295,401,466,569,699,738,835,1084,1125,1200,1359,58,121,228,309,371,385,405,659,755,921,1011,1108,1448,1596,1672,99,168,392,466,538,738,905,1108,1159,1178,1270,1407,1441,1471,1503,95,147,211,331,493,695,725,1091,1139,1245,1297,1388,1462,1468,1569,0,188,498,583,630,743,835,1166,1246,1267,1330,1386,1472,1518,1639,20,274,493,654,713,743,816,897,905,954,1026,1209,1291,1420,1492,0,134,213,322,401,463,567,654,659,771,954,1160,1238,1328,1683,20,445,466,538,709,835,890,995,1027,1139,1291,1371,1518,1571,1649,0,19,77,147,566,656,702,725,849,924,1238,1291,1357,1472,1596,121,222,374,508,619,713,732,924,1026,1084,1193,1254,1499,1575,1605,0,466,543,583,654,662,897,993,1045,1121,1201,1303,1386,1468,1688];[5,6,11,9,2,14,3,10,12,13,1,7,8,4,0,1,3,7,2,14,0,9,8,6,5,13,4,10,12,11,6,8,0,9,10,12,2,11,13,3,5,1,4,14,7,10,12,3,4,2,0,8,7,13,9,11,6,1,14,5,9,8,3,6,0,7,1,4,13,5,11,10,2,14,12,11,7,5,6,0,3,13,4,2,10,12,8,14,1,9,4,2,9,5,14,13,10,12,0,3,7,8,6,1,11,6,5,11,9,14,10,7,13,1,4,2,3,12,0,8,11,5,9,2,0,6,12,13,10,1,7,4,3,14,8,11,1,3,13,9,14,0,10,7,4,5,6,12,8,2,4,12,1,7,5,0,11,3,2,13,6,10,9,14,8,12,1,10,5,8,6,2,13,4,11,0,14,3,9,7,2,7,5,9,1,14,3,10,13,12,0,6,8,4,11,11,6,1,12,9,5,3,13,10,0,2,8,14,7,4,13,3,4,9,11,10,0,8,2,6,5,1,7,12,14];[7,1,6,8,19,20,0,21,10,21,13,3,14,21,18,16,20,7,17,16,9,0,2,15,3,8,1,5,12,1,15,16,11,8,5,12,18,5,1,2,17,3,15,5,3,8,12,2,1,18,2,1,16,10,0,21,21,4,11,7,7,16,6,5,20,0,19,18,11,4,14,20,19,6,16,3,10,17,15,3,15,20,9,2,15,5,19,19,4,12,18,12,2,2,13,20,0,2,2,0,0,8,14,16,11,4,3,9,0,4,8,7,4,3,18,14,6,7,9,0,9,10,0,18,13,14,1,15,21,16,12,4,12,8,6,3,21,21,5,14,3,18,16,6,9,11,10,3,8,0,18,4,18,4,14,13,6,9,17,0,6,20,7,17,8,9,16,1,7,12,8,4,20,7,4,17,18,5,15,21,0,8,8,2,12,20,12,13,21,18,20,19,13,2,8,11,3,8,20,16,4,0,7,9,16,14,15,18,6,16,10,4,10,21,21,19,11,17,18,12,18,2,11,5,16];[[0.18019241848515155,1.8019241848515155,1.0],[0.48736227300275514,4.873622730027551,1.0],[0.07759170039841756,0.7759170039841756,1.0],[0.5225667244081349,5.2256672440813485,1.0],[0.9196433340252647,9.196433340252646,1.0],[0.8762509611803474,8.762509611803473,1.0],[0.5029695910906639,5.029695910906638,1.0],[0.8160267976375112,8.160267976375112,1.0],[0.8059112000327816,8.059112000327817,1.0],[0.2140591090540045,2.140591090540045,1.0],[0.08805821114486456,0.8805821114486456,1.0],[0.20329737064426556,2.0329737064426556,1.0],[0.5837360924329463,5.837360924329463,1.0],[0.6737333796339059,6.737333796339059,1.0],[0.1608013027204077,1.6080130272040771,1.0],[0.7465026683932527,7.465026683932527,1.0],[0.5706715087422025,5.706715087422025,1.0],[0.4637998194614905,4.637998194614905,1.0],[0.510707169665419,5.10707169665419,1.0],[0.13436739791107,1.3436739791107,1.0],[0.5955836724768061,5.955836724768061,1.0],[0.9705970110642231,9.705970110642232,1.0]]
2a_Hurink_sdata_54_workers.fjs;18792.797289504266;4759670;[3340,4260,4667,4884,5028,5211,5765,6189,6606,928,1840,2760,3368,4260,4735,5184,5348,7301,1794,2724,3648,4444,5211,5765,6954,7386,7977,2724,3648,4444,5028,5712,5887,6189,6954,7321,107,705,729,962,1343,2003,2543,3434,6168,4184,4667,5174,5735,5888,6828,7877,8371,8408,705,928,1840,2760,2786,3417,3805,4224,5153,0,107,962,1840,3417,3805,4009,5153,5348];[0,1,2,3,4,5,6,7,8,0,1,2,3,4,5,6,7,8,0,1,2,3,4,5,6,7,8,0,1,2,3,4,5,6,7,8,0,1,2,3,4,5,6,7,8,0,1,2,3,4,5,6,7,8,0,1,2,3,4,5,6,7,8,0,1,2,3,4,5,6,7,8];[10,6,8,4,12,12,7,7,6,2,12,1,7,2,11,5,8,7,5,9,4,3,11,6,9,3,8,10,2,11,6,4,10,1,10,11,11,0,12,1,0,10,0,1,11,12,10,10,2,5,0,6,1,12,6,11,3,5,6,12,5,9,0,9,8,8,11,8,6,3,9,3];[[0.7773566427005639,7.7735664270056395,1.0],[0.6698255595592497,6.698255595592498,1.0],[0.09913960392481702,0.9913960392481702,1.0],[0.35297051119014544,3.529705111901454,1.0],[0.4679077429008419,4.679077429008419,1.0],[0.5346837414708775,5.346837414708775,1.0],[0.9783090609123973,9.783090609123974,1.0],[0.13031535015865903,1.3031535015865903,1.0],[0.6712434682302663,6.712434682302662,1.0],[0.36422941594737557,3.6422941594737557,1.0],[0.48883570716198577,4.888357071619858,1.0],[0.20301221073405373,2.0301221073405373,1.0],[0.6661983755713592,6.661983755713592,1.0]]
2a_Hurink_sdata_54_workers.fjs;18233.448239761954;4563710;[223,1799,2643,3458,3663,3958,4964,5785,6206,2089,2955,3958,4527,4985,5738,6255,6367,7423,2955,3885,4869,5665,6100,6601,6712,7123,7714,3885,4869,5665,6100,6858,7011,7144,7868,8128,1174,1772,2035,2268,2693,3353,4081,5015,7444,1772,2283,2871,3621,3850,4689,5738,6255,6891,0,223,1135,2035,2061,2693,3137,3885,4820,1067,1174,2268,2649,3458,3933,3958,4820,5015];[0,1,2,3,4,5,6,7,8,0,1,2,3,4,5,6,7,8,0,1,2,3,4,5,6,7,8,0,1,2,3,4,5,6,7,8,0,1,2,3,4,5,6,7,8,0,1,2,3,4,5,6,7,8,0,1,2,3,4,5,6,7,8,0,1,2,3,4,5,6,7,8];[10,4,12,12,7,0,7,3,9,2,4,4,7,2,0,12,8,1,5,11,4,4,11,11,6,3,1,10,3,8,7,5,11,8,11,0,11,7,12,1,0,9,1,11,5,1,5,7,6,8,0,12,1,2,6,11,12,5,3,8,8,5,2,9,4,11,11,11,4,7,9,1];[[0.7966509679599704,7.966509679599704,1.0],[0.05862623274803458,0.5862623274803458,1.0],[0.7602397739740907,7.602397739740907,1.0],[0.8627037401845356,8.627037401845355,1.0],[0.09127403464611428,0.9127403464611428,1.0],[0.9024924365975527,9.024924365975528,1.0],[0.7858960565941281,7.858960565941281,1.0],[0.40667966546103385,4.0667966546103385,1.0],[0.37447264465852026,3.7447264465852026,1.0],[0.6490262282913547,6.490262282913547,1.0],[0.40092466608569977,4.009246660856998,1.0],[0.5721109226277574,5.721109226277575,1.0],[0.6077930620255084,6.077930620255084,1.0]]
2a_Hurink_sdata_54_workers.fjs;19465.578237843583;2447850;[3434,4358,5154,5589,6102,6625,7349,7773,8298,1022,1888,2595,3155,3427,3902,4371,4492,5239,2504,3434,4358,5154,5589,6102,6213,6793,7384,1888,2595,3214,3808,4569,6213,6625,7384,7797,424,1424,1871,3427,3902,4562,5102,5995,6793,0,317,855,1466,1629,2468,3517,4109,5262,4395,4797,5709,6645,6670,7248,7773,8194,9103,317,855,1466,1871,2680,4371,4492,5239,5832];[0,1,2,3,4,5,6,7,8,0,1,2,3,4,5,6,7,8,0,1,2,3,4,5,6,7,8,0,1,2,3,4,5,6,7,8,0,1,2,3,4,5,6,7,8,0,1,2,3,4,5,6,7,8,0,1,2,3,4,5,6,7,8,0,1,2,3,4,5,6,7,8];[10,9,0,7,12,2,7,3,10,2,4,10,7,2,1,7,8,6,5,9,4,4,10,11,2,3,8,10,9,1,11,12,10,8,1,0,11,4,12,1,0,10,12,4,1,1,0,7,6,8,0,8,7,3,6,11,0,10,11,12,11,12,5,9,8,12,11,2,6,7,9,3];[[0.5209484070219088,5.209484070219088,1.0],[0.42125020101147315,4.212502010114731,1.0],[0.22094517308324657,2.2094517308324657,1.0],[0.13033708391670573,1.3033708391670573,1.0],[0.48395776843282956,4.839577684328296,1.0],[0.6260889663051598,6.260889663051597,1.0],[0.6211218319323739,6.21121831932374,1.0],[0.707277595965894,7.07277595965894,1.0],[0.43539590023548325,4.3539590023548325,1.0],[0.04809800715767443,0.4809800715767443,1.0],[0.2254847064342842,2.254847064342842,1.0],[0.788548045160999,7.88548045160999,1.0],[0.42108890435006496,4.21088904350065,1.0]]
2a_Hurink_sdata_54_workers.fjs;19146.875425607363;200710;[2126,3147,3797,4089,4237,4425,5139,5669,6853,1260,2432,3228,3797,4425,4933,5619,6086,6833,330,1508,2432,3228,3668,4202,4316,4867,5805,2970,3623,4609,4911,5669,6121,6954,7729,7966,3586,4273,4297,4530,4911,5552,6121,6954,7724,4273,4609,5139,5717,5870,6810,7859,8356,8473,107,596,1508,2408,2434,3147,3535,3743,7544,0,107,596,1508,3065,3535,4054,4672,4867];[0,1,2,3,4,5,6,7,8,0,1,2,3,4,5,6,7,8,0,1,2,3,4,5,6,7,8,0,1,2,3,4,5,6,7,8,0,1,2,3,4,5,6,7,8,0,1,2,3,4,5,6,7,8,0,1,2,3,4,5,6,7,8,0,1,2,3,4,5,6,7,8];[10,1,3,11,3,6,5,7,7,2,12,4,10,2,10,12,8,8,5,9,4,3,1,4,4,3,9,10,2,0,7,10,11,9,2,11,5,10,12,11,4,1,6,11,11,0,5,9,2,5,0,9,1,9,6,11,12,5,6,12,8,9,12,9,4,0,11,2,6,3,9,8];[[0.49734142093980327,4.973414209398033,1.0],[0.35999045686025677,3.5999045686025677,1.0],[0.7220617567237175,7.220617567237175,1.0],[0.44672126724761885,4.4672126724761885,1.0],[0.4533596515962979,4.533596515962978,1.0],[0.025925678678183073,0.25925678678183073,1.0],[0.33490089376309407,3.3490089376309404,1.0],[0.4755440242737675,4.755440242737675,1.0],[0.45132356511490823,4.513235651149082,1.0],[0.08788974506102976,0.8788974506102976,1.0],[0.29509671683068217,2.9509671683068217,1.0],[0.33863234208051063,3.3863234208051063,1.0],[0.9020959027552419,9.020959027552419,1.0]]
2a_Hurink_sdata_54_workers.fjs;18738.85759153061;3367490;[223,1663,2410,3219,3430,3617,4180,4923,5743,2737,3603,4358,5082,5420,6469,6999,7113,7860,3603,4533,5517,6361,6796,7297,7408,7860,8451,1772,2410,3053,3748,4428,4948,5781,6536,7881,1174,2147,2650,3367,3748,4408,4948,5781,6536,2410,3053,3748,4428,4581,5420,6505,6999,7038,0,223,1135,2035,2060,2748,3367,3569,7571,1067,1174,2035,2410,3219,3430,4604,4728,4923];[0,1,2,3,4,5,6,7,8,0,1,2,3,4,5,6,7,8,0,1,2,3,4,5,6,7,8,0,1,2,3,4,5,6,7,8,0,1,2,3,4,5,6,7,8,0,1,2,3,4,5,6,7,8,0,1,2,3,4,5,6,7,8,0,1,2,3,4,5,6,7,8];[10,4,9,11,7,3,7,5,5,2,2,1,10,2,3,2,8,1,5,11,12,4,11,11,0,3,8,6,0,8,6,3,10,8,1,11,11,4,12,1,0,10,6,10,8,5,10,1,2,8,0,6,4,5,6,11,12,10,1,4,11,12,10,9,4,11,11,8,6,5,9,3];[[0.4211249061401,4.211249061401,1.0],[0.9761073344853062,9.761073344853061,1.0],[0.6132800246752349,6.132800246752349,1.0],[0.6930423279788359,6.930423279788359,1.0],[0.5088628354481554,5.088628354481553,1.0],[0.18781156668551158,1.8781156668551158,1.0],[0.830121874145001,8.301218741450011,1.0],[0.8449241651217704,8.449241651217704,1.0],[0.20962821201639004,2.0962821201639006,1.0],[0.6505169872996391,6.505169872996391,1.0],[0.7003316191510263,7.003316191510263,1.0],[0.7150339547653067,7.150339547653068,1.0],[0.8091072451390076,8.091072451390076,1.0]]
2a_Hurink_sdata_54_workers.fjs;18571.74228065589;3275600;[2751,3780,4297,4555,4710,4893,5466,5974,6413,942,1883,2713,3522,3794,4269,6681,6915,7662,3653,4583,5603,6399,6834,7335,7446,7858,8449,1808,2590,3314,3794,4555,4715,5906,6681,7096,223,1135,1160,1393,1774,2502,3100,3933,4633,2424,3273,3780,4710,4893,5732,6793,7662,7696,0,223,1393,2313,2502,3185,4555,5065,5974,835,1393,2338,2713,4269,4690,4757,4870,5065];[0,1,2,3,4,5,6,7,8,0,1,2,3,4,5,6,7,8,0,1,2,3,4,5,6,7,8,0,1,2,3,4,5,6,7,8,0,1,2,3,4,5,6,7,8,0,1,2,3,4,5,6,7,8,0,1,2,3,4,5,6,7,8,0,1,2,3,4,5,6,7,8];[1,9,2,1,12,11,10,6,10,2,4,8,7,2,3,12,8,4,5,5,4,4,11,11,2,3,8,10,10,3,11,9,7,9,3,12,1,1,12,1,1,3,6,8,10,5,10,1,2,8,0,9,7,12,6,11,3,11,9,9,11,12,12,9,12,11,11,12,4,3,9,2];[[0.4831103964860096,4.831103964860096,1.0],[0.9021829992468611,9.02182999246861,1.0],[0.5374571935128641,5.374571935128642,1.0],[0.8761340971511191,8.761340971511192,1.0],[0.573156942708234,5.7315694270823405,1.0],[0.994523847851402,9.945238478514021,1.0],[0.3574465703190305,3.574465703190305,1.0],[0.6617299629663892,6.617299629663892,1.0],[0.4882872262788658,4.882872262788657,1.0],[0.5726412824777106,5.726412824777106,1.0],[0.32388398325139345,3.2388398325139347,1.0],[0.8072354510963532,8.072354510963532,1.0],[0.8087324055796944,8.087324055796945,1.0]]
2a_Hurink_sdata_54_workers.fjs;19069.727978015;4797720;[2724,3568,4273,4545,4703,4890,5918,6827,7244,1858,2842,3729,4273,4890,5955,7205,7504,8434,928,1858,2842,3729,4169,4703,5506,6236,6827,3568,4184,4796,4929,5687,5822,6358,7244,7927,107,705,1092,2786,3420,4080,4660,5506,6236,4184,4796,5326,5833,5996,6835,7884,8401,8454,705,928,1840,2760,2842,3420,3864,4066,5398,0,107,676,1092,1914,2125,2150,2276,2471];[0,1,2,3,4,5,6,7,8,0,1,2,3,4,5,6,7,8,0,1,2,3,4,5,6,7,8,0,1,2,3,4,5,6,7,8,0,1,2,3,4,5,6,7,8,0,1,2,3,4,5,6,7,8,0,1,2,3,4,5,6,7,8,0,1,2,3,4,5,6,7,8];[10,6,6,7,7,6,10,7,10,2,4,5,7,2,11,11,8,8,5,11,3,3,1,3,2,3,1,10,2,9,7,9,11,6,4,11,11,10,12,0,0,9,10,0,2,11,5,8,6,8,0,12,7,12,6,11,3,5,11,8,11,12,6,9,8,1,7,8,4,0,9,9];[[0.34661995661142697,3.4661995661142697,1.0],[0.2286410960833074,2.286410960833074,1.0],[0.012392470279078194,0.12392470279078194,1.0],[0.9308270259025113,9.308270259025113,1.0],[0.3225145761620236,3.225145761620236,1.0],[0.0006954578022455582,0.006954578022455582,1.0],[0.2097170717940725,2.097170717940725,1.0],[0.5179602272351016,5.179602272351016,1.0],[0.7628222106217201,7.6282221062172,1.0],[0.3089717897377221,3.089717897377221,1.0],[0.15113122452813788,1.5113122452813788,1.0],[0.07045772229012492,0.7045772229012492,1.0],[0.8725064026541692,8.725064026541693,1.0]]
2a_Hurink_sdata_54_workers.fjs;17552.973834084616;2803910;[1558,2402,2831,3682,3837,4020,4718,5158,6325,3649,4573,5369,5982,6310,6785,7254,7607,8354,2719,3649,4573,5369,5809,6310,6605,7016,7657,330,1582,2621,3002,3682,3819,3953,4718,5797,946,1558,2388,2621,3002,4528,5158,5986,7523,2402,2831,3338,3845,4020,5062,6111,6686,7008,107,596,1508,2388,2414,2989,3380,3582,4665,0,107,596,1025,1847,2089,2114,3380,4859];[0,1,2,3,4,5,6,7,8,0,1,2,3,4,5,6,7,8,0,1,2,3,4,5,6,7,8,0,1,2,3,4,5,6,7,8,0,1,2,3,4,5,6,7,8,0,1,2,3,4,5,6,7,8,0,1,2,3,4,5,6,7,8,0,1,2,3,4,5,6,7,8];[10,2,7,1,12,5,10,10,10,2,3,12,10,2,1,11,8,7,5,9,4,3,11,11,6,3,6,10,8,6,1,3,10,1,5,9,1,0,12,11,4,7,7,8,12,1,10,8,6,8,0,6,7,9,6,11,9,5,4,9,11,0,11,9,4,6,7,7,4,0,9,8];[[0.8559393885152179,8.55939388515218,1.0],[0.8004839408308784,8.004839408308783,1.0],[0.5938433496209707,5.938433496209708,1.0],[0.8870093324131678,8.870093324131679,1.0],[0.741558169706834,7.4155816970683395,1.0],[0.8097670389513107,8.097670389513107,1.0],[0.2247324103169328,2.247324103169328,1.0],[0.9761818800633866,9.761818800633865,1.0],[0.6339038774096737,6.339038774096737,1.0],[0.5580285642552777,5.580285642552777,1.0],[0.4463526500656817,4.463526500656817,1.0],[0.28336462923826333,2.8336462923826335,1.0],[0.9019880415639555,9.019880415639555,1.0]]
2a_Hurink_sdata_54_workers.fjs;17195.756386158413;4727440;[928,1840,2740,2951,3343,3745,4253,5296,5788,3713,4636,5391,5980,6252,6727,7136,7365,8112,2099,3029,3953,4797,5300,5801,5993,6404,6995,3029,3953,4797,5300,5980,6117,6404,7128,7432,107,705,729,962,1343,2029,2609,3437,4253,1772,2327,2951,3458,3611,4450,5499,5993,6473,705,928,1840,2740,2765,3343,3745,4367,5499,0,107,962,1414,2236,2609,3437,4172,4395];[0,1,2,3,4,5,6,7,8,0,1,2,3,4,5,6,7,8,0,1,2,3,4,5,6,7,8,0,1,2,3,4,5,6,7,8,0,1,2,3,4,5,6,7,8,0,1,2,3,4,5,6,7,8,0,1,2,3,4,5,6,7,8,0,1,2,3,4,5,6,7,8];[10,0,8,4,3,5,7,4,9,2,2,2,7,2,6,5,8,5,5,9,12,1,11,11,6,3,0,12,10,6,1,3,11,8,2,0,11,12,12,1,2,9,7,7,5,5,10,8,2,8,0,6,4,9,6,11,12,11,11,6,11,9,0,9,5,3,7,2,4,4,9,3];[[0.5198238265685563,5.198238265685563,1.0],[0.9583988744400509,9.583988744400509,1.0],[0.3402956357666065,3.402956357666065,1.0],[0.7081849781179302,7.081849781179303,1.0],[0.9252189405445452,9.252189405445453,1.0],[0.05032666735654623,0.5032666735654623,1.0],[0.6613275461751585,6.613275461751585,1.0],[0.82711411373077,8.271141137307701,1.0],[0.8734961127808921,8.734961127808921,1.0],[0.5913019030238962,5.913019030238962,1.0],[0.11264722490163037,1.1264722490163037,1.0],[0.34477784983246407,3.4477784983246407,1.0],[0.011377599382669468,0.11377599382669468,1.0]]
2a_Hurink_sdata_54_workers.fjs;17821.370876363013;1603630;[928,1840,2720,2948,3360,3743,4251,4854,5275,3019,3943,4739,5313,5695,6555,7416,7650,8397,2089,3019,3943,4739,5194,5695,6280,6692,7467,3885,4739,5430,5585,6275,6409,6692,7416,7885,107,705,730,963,1421,2107,4854,5747,6819,1772,2266,2948,3490,3653,4492,5747,6522,6960,705,928,1840,2720,2747,3360,3743,3945,4854,0,107,963,1421,2243,2647,3945,5275,5970];[0,1,2,3,4,5,6,7,8,0,1,2,3,4,5,6,7,8,0,1,2,3,4,5,6,7,8,0,1,2,3,4,5,6,7,8,0,1,2,3,4,5,6,7,8,0,1,2,3,4,5,6,7,8,0,1,2,3,4,5,6,7,8,0,1,2,3,4,5,6,7,8];[10,11,12,3,12,6,7,3,6,2,2,2,7,8,6,2,8,10,5,9,4,10,11,0,2,3,6,10,4,3,3,4,7,8,3,0,11,8,12,7,2,10,12,9,7,1,0,11,6,8,0,5,1,12,6,11,9,4,8,1,11,12,9,9,5,12,7,6,6,3,9,12];[[0.18019241848515155,1.8019241848515155,1.0],[0.48736227300275514,4.873622730027551,1.0],[0.07759170039841756,0.7759170039841756,1.0],[0.5225667244081349,5.2256672440813485,1.0],[0.9196433340252647,9.196433340252646,1.0],[0.8762509611803474,8.762509611803473,1.0],[0.5029695910906639,5.029695910906638,1.0],[0.8160267976375112,8.160267976375112,1.0],[0.8059112000327816,8.059112000327817,1.0],[0.2140591090540045,2.140591090540045,1.0],[0.08805821114486456,0.8805821114486456,1.0],[0.20329737064426556,2.0329737064426556,1.0],[0.5837360924329463,5.837360924329463,1.0]]
2a_Hurink_sdata_61_workers.fjs;1981.0936744143594;4181480;[0,21,112,162,232,244,502,579,678,688,230,343,417,499,733,785,794,818,857,893,307,365,452,476,571,665,733,762,822,856,76,135,253,314,356,389,517,571,619,701,0,71,117,144,159,289,343,473,579,730,85,177,230,242,308,373,389,449,473,762,0,151,244,308,377,419,439,565,579,735,221,282,377,452,522,571,665,775,828,891,11,112,177,253,399,461,551,665,698,754,71,117,151,242,268,461,640,753,784,872];[9,8,0,7,6,5,3,2,4,1,8,9,0,7,5,4,6,2,3,1,9,8,7,6,4,5,3,2,1,0,0,1,3,2,6,4,5,7,8,9,0,1,7,5,4,6,3,2,8,9,9,8,3,7,5,4,6,2,1,0,8,9,6,7,5,3,4,2,1,0,9,8,7,6,4,5,3,2,1,0,9,8,2,4,5,3,6,7,0,1,0,1,2,3,4,5,6,7,8,9];[12,11,6,5,5,14,11,5,14,5,7,10,1,0,9,13,12,2,8,8,3,13,12,2,14,6,6,1,3,9,8,7,8,12,3,0,14,0,4,10,3,4,2,8,11,10,7,6,12,14,10,14,12,3,4,8,3,11,9,6,5,2,0,14,14,9,8,12,13,0,2,9,5,6,8,10,1,3,4,13,1,1,9,5,14,5,8,10,12,11,13,7,10,4,1,4,7,0,10,7];[[0.7773566427005639,7.7735664270056395,1.0],[0.6698255595592497,6.698255595592498,1.0],[0.09913960392481702,0.9913960392481702,1.0],[0.35297051119014544,3.529705111901454,1.0],[0.4679077429008419,4.679077429008419,1.0],[0.5346837414708775,5.346837414708775,1.0],[0.9783090609123973,9.783090609123974,1.0],[0.13031535015865903,1.3031535015865903,1.0],[0.6712434682302663,6.712434682302662,1.0],[0.36422941594737557,3.6422941594737557,1.0],[0.48883570716198577,4.888357071619858,1.0],[0.20301221073405373,2.0301221073405373,1.0],[0.6661983755713592,6.661983755713592,1.0],[0.2276630312069321,2.276630312069321,1.0],[0.4580640582967631,4.580640582967631,1.0]]
2a_Hurink_sdata_61_workers.fjs;2246.2947265808834;4052850;[222,259,350,451,525,561,625,682,767,789,0,151,222,308,390,456,539,637,682,907,0,50,93,117,179,245,316,471,484,490,78,123,202,312,375,451,690,749,777,859,0,78,123,151,245,274,430,767,859,900,332,398,525,537,625,701,715,859,885,907,237,259,332,379,451,506,525,621,693,1009,25,93,173,246,398,473,561,593,621,693,77,173,237,312,328,390,430,597,719,959,96,184,451,537,607,749,805,895,924,1011];[9,8,0,7,6,5,3,2,4,1,8,9,0,7,5,4,6,2,3,1,9,8,7,6,4,5,3,2,1,0,0,1,3,2,6,4,5,7,8,9,0,1,7,5,4,6,3,2,8,9,9,8,3,7,5,4,6,2,1,0,8,9,6,7,5,3,4,2,1,0,9,8,7,6,4,5,3,2,1,0,9,8,2,4,5,3,6,7,0,1,0,1,2,3,4,5,6,7,8,9];[12,11,2,2,11,14,0,7,14,1,5,5,5,0,8,1,1,2,6,3,2,13,7,3,3,2,6,6,8,4,8,2,7,1,3,1,13,10,4,3,10,10,4,4,14,9,7,6,2,5,10,14,6,2,4,9,5,6,6,11,4,3,8,1,3,7,10,13,3,12,14,6,11,6,10,12,4,3,11,12,1,0,13,13,14,13,5,6,12,13,3,7,14,4,10,0,9,14,9,7];[[0.7966509679599704,7.966509679599704,1.0],[0.05862623274803458,0.5862623274803458,1.0],[0.7602397739740907,7.602397739740907,1.0],[0.8627037401845356,8.627037401845355,1.0],[0.09127403464611428,0.9127403464611428,1.0],[0.9024924365975527,9.024924365975528,1.0],[0.7858960565941281,7.858960565941281,1.0],[0.40667966546103385,4.0667966546103385,1.0],[0.37447264465852026,3.7447264465852026,1.0],[0.6490262282913547,6.490262282913547,1.0],[0.40092466608569977,4.009246660856998,1.0],[0.5721109226277574,5.721109226277575,1.0],[0.6077930620255084,6.077930620255084,1.0],[0.05072389565884072,0.5072389565884072,1.0],[0.7370880093375713,7.370880093375714,1.0]]
2a_Hurink_sdata_61_workers.fjs;2105.7186114994524;4765410;[236,264,355,459,529,576,641,702,787,797,0,154,236,318,446,530,541,787,863,954,0,50,93,117,457,764,834,863,949,975,78,154,272,335,431,540,641,709,764,857,0,96,162,236,253,378,431,559,649,787,355,459,550,561,699,764,778,838,863,881,239,264,337,390,498,530,550,649,665,753,100,162,239,314,330,358,502,530,559,649,26,100,162,237,259,335,569,675,770,881,73,78,237,259,358,520,662,759,846,933];[9,8,0,7,6,5,3,2,4,1,8,9,0,7,5,4,6,2,3,1,9,8,7,6,4,5,3,2,1,0,0,1,3,2,6,4,5,7,8,9,0,1,7,5,4,6,3,2,8,9,9,8,3,7,5,4,6,2,1,0,8,9,6,7,5,3,4,2,1,0,9,8,7,6,4,5,3,2,1,0,9,8,2,4,5,3,6,7,0,1,0,1,2,3,4,5,6,7,8,9];[0,11,2,5,14,10,14,7,5,1,5,6,1,13,9,3,1,12,1,8,10,13,12,2,4,0,6,4,1,1,8,5,7,8,8,11,0,12,4,2,12,0,4,6,10,9,0,13,9,7,11,14,3,12,4,5,14,10,13,6,3,3,3,14,3,9,8,6,1,12,5,8,4,6,10,12,1,6,7,13,1,4,13,13,9,0,5,13,3,14,3,7,9,2,6,0,8,13,9,7];[[0.5209484070219088,5.209484070219088,1.0],[0.42125020101147315,4.212502010114731,1.0],[0.22094517308324657,2.2094517308324657,1.0],[0.13033708391670573,1.3033708391670573,1.0],[0.48395776843282956,4.839577684328296,1.0],[0.6260889663051598,6.260889663051597,1.0],[0.6211218319323739,6.21121831932374,1.0],[0.707277595965894,7.07277595965894,1.0],[0.43539590023548325,4.3539590023548325,1.0],[0.04809800715767443,0.4809800715767443,1.0],[0.2254847064342842,2.254847064342842,1.0],[0.788548045160999,7.88548045160999,1.0],[0.42108890435006496,4.21088904350065,1.0],[0.5652029481252892,5.6520294812528915,1.0],[0.6764042610645917,6.764042610645918,1.0]]
2a_Hurink_sdata_61_workers.fjs;2113.846697185596;4918150;[354,365,462,537,607,620,684,745,830,936,69,283,354,437,509,612,623,651,745,815,0,26,69,93,155,221,289,332,346,859,85,133,193,286,332,435,443,509,537,619,0,85,133,159,221,356,462,538,628,841,152,214,267,279,356,421,435,507,628,747,0,214,283,345,421,443,530,628,646,841,100,267,607,680,696,725,819,847,875,936,26,119,188,271,289,356,503,680,712,747,133,256,346,421,441,561,696,815,844,932];[9,8,0,7,6,5,3,2,4,1,8,9,0,7,5,4,6,2,3,1,9,8,7,6,4,5,3,2,1,0,0,1,3,2,6,4,5,7,8,9,0,1,7,5,4,6,3,2,8,9,9,8,3,7,5,4,6,2,1,0,8,9,6,7,5,3,4,2,1,0,9,8,7,6,4,5,3,2,1,0,9,8,2,4,5,3,6,7,0,1,0,1,2,3,4,5,6,7,8,9];[8,2,12,14,0,14,11,7,5,4,10,5,3,13,9,12,8,13,12,2,6,13,7,9,2,6,6,9,9,13,8,13,7,3,12,4,14,10,4,10,4,12,3,10,9,6,7,13,9,6,11,14,12,10,4,9,11,12,13,6,9,11,12,14,12,3,1,12,4,8,14,2,3,6,1,10,1,3,0,13,1,8,3,3,13,13,5,5,2,14,12,7,0,4,1,7,9,14,10,7];[[0.49734142093980327,4.973414209398033,1.0],[0.35999045686025677,3.5999045686025677,1.0],[0.7220617567237175,7.220617567237175,1.0],[0.44672126724761885,4.4672126724761885,1.0],[0.4533596515962979,4.533596515962978,1.0],[0.025925678678183073,0.25925678678183073,1.0],[0.33490089376309407,3.3490089376309404,1.0],[0.4755440242737675,4.755440242737675,1.0],[0.45132356511490823,4.513235651149082,1.0],[0.08788974506102976,0.8788974506102976,1.0],[0.29509671683068217,2.9509671683068217,1.0],[0.33863234208051063,3.3863234208051063,1.0],[0.9020959027552419,9.020959027552419,1.0],[0.7173473735926632,7.173473735926632,1.0],[0.8986159167700656,8.986159167700656,1.0]]
2a_Hurink_sdata_61_workers.fjs;1941.3087376360108;4852200;[118,213,364,440,530,573,665,722,807,857,0,205,276,364,444,508,542,573,627,709,350,442,510,567,627,701,772,807,852,857,5,147,213,280,363,436,637,752,780,862,23,102,186,251,331,388,466,626,718,756,0,62,115,127,186,251,303,363,390,608,115,136,205,287,419,447,518,612,626,722,62,136,213,287,303,331,419,492,521,582,276,350,412,492,508,573,627,720,752,784,0,5,23,128,139,267,440,542,571,658];[9,8,0,7,6,5,3,2,4,1,8,9,0,7,5,4,6,2,3,1,9,8,7,6,4,5,3,2,1,0,0,1,3,2,6,4,5,7,8,9,0,1,7,5,4,6,3,2,8,9,9,8,3,7,5,4,6,2,1,0,8,9,6,7,5,3,4,2,1,0,9,8,7,6,4,5,3,2,1,0,9,8,2,4,5,3,6,7,0,1,0,1,2,3,4,5,6,7,8,9];[4,11,2,5,14,14,0,7,12,5,3,3,0,13,2,3,13,2,1,8,11,13,5,1,13,2,6,9,1,9,8,13,2,8,8,13,3,10,4,3,7,10,2,14,9,5,7,6,13,5,11,14,12,1,4,6,14,7,10,8,5,11,12,10,8,7,3,12,11,0,4,8,9,6,12,12,1,1,10,12,1,4,10,11,2,5,5,5,1,11,12,7,14,4,14,4,9,14,9,4];[[0.4211249061401,4.211249061401,1.0],[0.9761073344853062,9.761073344853061,1.0],[0.6132800246752349,6.132800246752349,1.0],[0.6930423279788359,6.930423279788359,1.0],[0.5088628354481554,5.088628354481553,1.0],[0.18781156668551158,1.8781156668551158,1.0],[0.830121874145001,8.301218741450011,1.0],[0.8449241651217704,8.449241651217704,1.0],[0.20962821201639004,2.0962821201639006,1.0],[0.6505169872996391,6.505169872996391,1.0],[0.7003316191510263,7.003316191510263,1.0],[0.7150339547653067,7.150339547653068,1.0],[0.8091072451390076,8.091072451390076,1.0],[0.8451978833841938,8.451978833841938,1.0],[0.3695849781386673,3.695849781386673,1.0]]
2a_Hurink_sdata_61_workers.fjs;1909.8787828923817;4016200;[283,336,431,476,562,576,643,700,785,795,225,345,476,559,643,695,706,785,824,861,0,26,71,95,161,241,608,663,697,872,0,150,377,466,663,688,700,758,787,869,23,104,150,224,316,377,438,512,602,787,221,283,336,348,423,488,502,636,703,745,0,152,221,264,336,358,377,452,466,727,26,78,179,264,452,488,576,608,636,846,78,156,225,300,358,509,574,663,695,727,18,23,41,59,71,161,280,407,438,526];[9,8,0,7,6,5,3,2,4,1,8,9,0,7,5,4,6,2,3,1,9,8,7,6,4,5,3,2,1,0,0,1,3,2,6,4,5,7,8,9,0,1,7,5,4,6,3,2,8,9,9,8,3,7,5,4,6,2,1,0,8,9,6,7,5,3,4,2,1,0,9,8,7,6,4,5,3,2,1,0,9,8,2,4,5,3,6,7,0,1,0,1,2,3,4,5,6,7,8,9];[12,9,2,5,5,1,0,7,14,1,5,5,3,0,4,9,8,2,8,8,10,13,7,9,2,0,6,6,2,1,8,8,12,6,3,8,0,0,4,4,0,0,10,12,5,7,0,13,9,0,11,14,10,1,4,13,14,12,13,12,4,11,8,1,12,14,3,12,9,3,14,5,3,6,1,12,4,13,10,13,1,13,13,4,11,2,8,5,1,11,13,7,1,7,4,1,8,0,10,7];[[0.4831103964860096,4.831103964860096,1.0],[0.9021829992468611,9.02182999246861,1.0],[0.5374571935128641,5.374571935128642,1.0],[0.8761340971511191,8.761340971511192,1.0],[0.573156942708234,5.7315694270823405,1.0],[0.994523847851402,9.945238478514021,1.0],[0.3574465703190305,3.574465703190305,1.0],[0.6617299629663892,6.617299629663892,1.0],[0.4882872262788658,4.882872262788657,1.0],[0.5726412824777106,5.726412824777106,1.0],[0.32388398325139345,3.2388398325139347,1.0],[0.8072354510963532,8.072354510963532,1.0],[0.8087324055796944,8.087324055796945,1.0],[0.660852452150834,6.60852452150834,1.0],[0.5802577271631468,5.802577271631469,1.0]]
2a_Hurink_sdata_61_workers.fjs;2050.396697108887;4016150;[224,349,446,537,654,678,745,806,891,908,0,54,125,231,348,400,666,703,806,863,125,157,302,326,440,527,637,690,776,827,5,23,83,369,429,506,618,690,718,865,22,103,205,231,411,453,505,576,666,707,234,296,349,361,462,527,594,666,690,708,132,296,388,429,595,618,637,744,781,908,0,54,132,205,221,249,361,420,502,801,150,224,289,369,400,462,505,607,654,708,0,5,23,43,56,155,221,505,537,800];[9,8,0,7,6,5,3,2,4,1,8,9,0,7,5,4,6,2,3,1,9,8,7,6,4,5,3,2,1,0,0,1,3,2,6,4,5,7,8,9,0,1,7,5,4,6,3,2,8,9,9,8,3,7,5,4,6,2,1,0,8,9,6,7,5,3,4,2,1,0,9,8,7,6,4,5,3,2,1,0,9,8,2,4,5,3,6,7,0,1,0,1,2,3,4,5,6,7,8,9];[5,2,2,14,5,1,14,7,12,4,10,3,0,0,9,9,11,12,5,8,2,13,12,3,3,6,6,8,7,12,11,13,8,12,13,12,3,10,4,2,0,12,3,4,0,5,0,13,7,2,11,14,14,1,4,9,12,10,13,13,9,11,3,10,2,7,9,5,8,8,5,5,3,6,12,13,4,1,13,12,1,1,10,13,14,13,8,8,12,11,13,7,11,2,7,14,9,7,10,4];[[0.34661995661142697,3.4661995661142697,1.0],[0.2286410960833074,2.286410960833074,1.0],[0.012392470279078194,0.12392470279078194,1.0],[0.9308270259025113,9.308270259025113,1.0],[0.3225145761620236,3.225145761620236,1.0],[0.0006954578022455582,0.006954578022455582,1.0],[0.2097170717940725,2.097170717940725,1.0],[0.5179602272351016,5.179602272351016,1.0],[0.7628222106217201,7.6282221062172,1.0],[0.3089717897377221,3.089717897377221,1.0],[0.15113122452813788,1.5113122452813788,1.0],[0.07045772229012492,0.7045772229012492,1.0],[0.8725064026541692,8.725064026541693,1.0],[0.3074981421409557,3.074981421409557,1.0],[0.272859759997538,2.7285975999753798,1.0]]
2a_Hurink_sdata_61_workers.fjs;2009.4506846470829;1795160;[131,144,235,300,370,382,446,503,623,633,22,142,280,370,446,597,607,678,718,761,213,241,441,472,532,749,817,846,873,926,78,124,184,247,338,366,498,584,613,695,5,78,131,160,247,280,503,588,695,736,0,78,131,241,317,607,632,718,742,761,0,62,131,172,241,263,282,472,487,883,325,392,502,584,633,661,756,784,812,900,241,325,392,472,552,614,703,792,850,883,0,5,23,144,157,263,382,472,761,856];[9,8,0,7,6,5,3,2,4,1,8,9,0,7,5,4,6,2,3,1,9,8,7,6,4,5,3,2,1,0,0,1,3,2,6,4,5,7,8,9,0,1,7,5,4,6,3,2,8,9,9,8,3,7,5,4,6,2,1,0,8,9,6,7,5,3,4,2,1,0,9,8,7,6,4,5,3,2,1,0,9,8,2,4,5,3,6,7,0,1,0,1,2,3,4,5,6,7,8,9];[9,11,12,14,14,14,0,7,14,5,6,5,5,0,4,3,5,3,1,9,8,13,7,1,10,6,6,14,9,12,8,3,7,3,13,5,14,12,4,4,12,4,14,8,9,12,0,13,2,13,11,14,11,1,4,11,0,11,7,2,4,11,12,14,14,14,11,5,8,12,2,2,12,6,10,12,1,3,0,12,10,3,10,10,14,9,8,10,10,11,12,7,13,2,4,6,9,13,7,7];[[0.8559393885152179,8.55939388515218,1.0],[0.8004839408308784,8.004839408308783,1.0],[0.5938433496209707,5.938433496209708,1.0],[0.8870093324131678,8.870093324131679,1.0],[0.741558169706834,7.4155816970683395,1.0],[0.8097670389513107,8.097670389513107,1.0],[0.2247324103169328,2.247324103169328,1.0],[0.9761818800633866,9.761818800633865,1.0],[0.6339038774096737,6.339038774096737,1.0],[0.5580285642552777,5.580285642552777,1.0],[0.4463526500656817,4.463526500656817,1.0],[0.28336462923826333,2.8336462923826335,1.0],[0.9019880415639555,9.019880415639555,1.0],[0.03268507148422006,0.32685071484220063,1.0],[0.4362825217209084,4.3628252172090844,1.0]]
2a_Hurink_sdata_61_workers.fjs;2085.9954542292016;4889210;[286,365,456,533,647,706,770,827,912,924,68,161,232,315,416,471,526,551,827,879,0,25,68,92,154,217,315,371,572,806,0,40,190,326,415,465,555,618,647,729,22,95,154,180,285,315,456,665,770,806,25,124,177,190,285,350,442,524,551,717,250,296,374,461,533,555,574,649,665,825,232,286,386,510,526,618,706,755,816,879,87,177,250,326,350,416,551,647,682,748,17,22,40,344,364,468,660,806,835,923];[9,8,0,7,6,5,3,2,4,1,8,9,0,7,5,4,6,2,3,1,9,8,7,6,4,5,3,2,1,0,0,1,3,2,6,4,5,7,8,9,0,1,7,5,4,6,3,2,8,9,9,8,3,7,5,4,6,2,1,0,8,9,6,7,5,3,4,2,1,0,9,8,7,6,4,5,3,2,1,0,9,8,2,4,5,3,6,7,0,1,0,1,2,3,4,5,6,7,8,9];[5,11,2,0,0,14,0,7,5,4,6,5,3,0,9,9,13,2,8,8,2,13,7,3,8,6,6,12,7,8,11,14,12,1,6,14,8,0,4,3,12,0,3,1,6,3,0,13,14,1,11,14,11,2,4,6,10,7,9,2,4,7,3,1,12,14,3,13,11,5,8,11,4,6,4,12,6,13,4,12,1,7,9,10,9,13,5,1,2,11,12,7,9,2,14,7,8,14,10,7];[[0.5198238265685563,5.198238265685563,1.0],[0.9583988744400509,9.583988744400509,1.0],[0.3402956357666065,3.402956357666065,1.0],[0.7081849781179302,7.081849781179303,1.0],[0.9252189405445452,9.252189405445453,1.0],[0.05032666735654623,0.5032666735654623,1.0],[0.6613275461751585,6.613275461751585,1.0],[0.82711411373077,8.271141137307701,1.0],[0.8734961127808921,8.734961127808921,1.0],[0.5913019030238962,5.913019030238962,1.0],[0.11264722490163037,1.1264722490163037,1.0],[0.34477784983246407,3.4477784983246407,1.0],[0.011377599382669468,0.11377599382669468,1.0],[0.7909742881977946,7.909742881977946,1.0],[0.3277964015146908,3.277964015146908,1.0]]
2a_Hurink_sdata_61_workers.fjs;2025.7484604404337;4764120;[27,114,282,338,408,541,606,667,752,782,21,248,403,548,752,804,813,837,876,912,0,71,114,149,216,282,439,548,668,815,0,137,190,251,499,532,606,671,700,782,17,91,138,167,182,244,297,403,493,813,108,205,258,270,352,420,439,499,526,704,0,38,108,167,244,420,452,532,583,798,319,373,452,534,550,664,752,780,845,906,174,258,320,403,420,485,550,639,671,704,91,190,208,270,282,485,639,729,782,885];[9,8,0,7,6,5,3,2,4,1,8,9,0,7,5,4,6,2,3,1,9,8,7,6,4,5,3,2,1,0,0,1,3,2,6,4,5,7,8,9,0,1,7,5,4,6,3,2,8,9,9,8,3,7,5,4,6,2,1,0,8,9,6,7,5,3,4,2,1,0,9,8,7,6,4,5,3,2,1,0,9,8,2,4,5,3,6,7,0,1,0,1,2,3,4,5,6,7,8,9];[12,11,2,5,10,10,11,7,12,4,5,5,3,13,9,13,2,2,8,8,1,13,12,2,2,0,6,5,5,3,11,14,8,1,7,14,0,0,4,10,9,4,8,8,6,9,7,13,8,13,10,14,10,6,14,1,14,5,7,6,5,2,3,9,3,14,11,13,14,12,8,11,12,6,14,12,1,1,10,12,1,4,3,4,2,0,8,6,10,11,12,7,13,7,13,4,9,0,14,7];[[0.18019241848515155,1.8019241848515155,1.0],[0.48736227300275514,4.873622730027551,1.0],[0.07759170039841756,0.7759170039841756,1.0],[0.5225667244081349,5.2256672440813485,1.0],[0.9196433340252647,9.196433340252646,1.0],[0.8762509611803474,8.762509611803473,1.0],[0.5029695910906639,5.029695910906638,1.0],[0.8160267976375112,8.160267976375112,1.0],[0.8059112000327816,8.059112000327817,1.0],[0.2140591090540045,2.140591090540045,1.0],[0.08805821114486456,0.8805821114486456,1.0],[0.20329737064426556,2.0329737064426556,1.0],[0.5837360924329463,5.837360924329463,1.0],[0.6737333796339059,6.737333796339059,1.0],[0.1608013027204077,1.6080130272040771,1.0]]
2a_Hurink_sdata_63_workers.fjs;898.0291180452072;214340;[25,56,69,94,128,156,196,215,263,314,56,63,74,133,156,217,240,263,314,358,123,148,191,221,264,283,297,309,325,374,63,85,133,175,234,280,298,320,335,353,0,66,117,171,218,264,290,335,365,409,22,85,100,156,175,242,260,290,341,388,0,14,100,123,155,169,225,263,314,368,14,25,54,79,117,133,166,199,218,333,19,56,86,123,146,206,260,309,325,353,0,19,25,65,156,217,359,388,399];[0,1,2,3,4,5,6,7,8,9,0,3,4,8,9,6,7,5,2,1,0,7,3,2,6,4,1,5,8,9,0,1,3,8,5,2,4,7,6,9,0,6,1,3,5,2,9,7,8,4,4,0,6,8,2,3,9,7,5,1,4,3,0,9,2,1,8,7,6,5,4,6,9,3,8,2,7,5,0,1,2,6,8,7,4,9,3,1,5,0,2,9,5,8,6,3,7,4,0];[13,9,3,13,10,4,9,9,3,14,0,0,11,12,6,10,3,9,13,8,7,2,10,5,10,7,11,11,9,5,2,9,14,8,14,1,0,0,7,14,11,10,8,13,6,4,13,0,10,7,7,4,4,0,3,7,8,10,5,11,9,8,0,1,9,7,1,2,10,3,6,1,5,12,14,13,5,1,11,13,10,1,8,0,3,0,12,2,6,7,0,1,14,7,1,4,12,12,4];[[0.7773566427005639,7.7735664270056395,1.0],[0.6698255595592497,6.698255595592498,1.0],[0.09913960392481702,0.9913960392481702,1.0],[0.35297051119014544,3.529705111901454,1.0],[0.4679077429008419,4.679077429008419,1.0],[0.5346837414708775,5.346837414708775,1.0],[0.9783090609123973,9.783090609123974,1.0],[0.13031535015865903,1.3031535015865903,1.0],[0.6712434682302663,6.712434682302662,1.0],[0.36422941594737557,3.6422941594737557,1.0],[0.48883570716198577,4.888357071619858,1.0],[0.20301221073405373,2.0301221073405373,1.0],[0.6661983755713592,6.661983755713592,1.0],[0.2276630312069321,2.276630312069321,1.0],[0.4580640582967631,4.580640582967631,1.0]]
2a_Hurink_sdata_63_workers.fjs;873.9166993210638;2984420;[33,86,99,145,179,198,244,262,332,365,25,33,44,91,114,163,206,258,288,322,62,87,120,156,200,221,270,297,358,398,127,149,179,217,244,260,278,308,323,344,0,25,51,86,106,120,175,229,288,332,22,87,105,175,214,260,278,323,360,388,0,44,101,163,200,214,270,288,308,320,14,51,80,106,120,136,173,276,303,360,33,80,136,168,198,221,278,313,344,360,0,105,145,193,262,302,348,379,392];[0,1,2,3,4,5,6,7,8,9,0,3,4,8,9,6,7,5,2,1,0,7,3,2,6,4,1,5,8,9,0,1,3,8,5,2,4,7,6,9,0,6,1,3,5,2,9,7,8,4,4,0,6,8,2,3,9,7,5,1,4,3,0,9,2,1,8,7,6,5,4,6,9,3,8,2,7,5,0,1,2,6,8,7,4,9,3,1,5,0,2,9,5,8,6,3,7,4,0];[0,14,3,13,4,6,1,9,5,14,12,2,11,12,8,5,0,8,1,8,7,13,6,9,11,1,10,11,9,10,12,2,14,9,14,2,3,0,2,14,0,3,9,8,5,3,11,0,10,11,5,7,4,1,4,5,8,4,0,12,9,8,1,1,9,7,1,7,7,14,14,1,4,11,2,9,0,13,1,6,12,1,7,11,2,11,5,11,6,11,8,0,6,12,6,13,3,4,4];[[0.7966509679599704,7.966509679599704,1.0],[0.05862623274803458,0.5862623274803458,1.0],[0.7602397739740907,7.602397739740907,1.0],[0.8627037401845356,8.627037401845355,1.0],[0.09127403464611428,0.9127403464611428,1.0],[0.9024924365975527,9.024924365975528,1.0],[0.7858960565941281,7.858960565941281,1.0],[0.40667966546103385,4.0667966546103385,1.0],[0.37447264465852026,3.7447264465852026,1.0],[0.6490262282913547,6.490262282913547,1.0],[0.40092466608569977,4.009246660856998,1.0],[0.5721109226277574,5.721109226277575,1.0],[0.6077930620255084,6.077930620255084,1.0],[0.05072389565884072,0.5072389565884072,1.0],[0.7370880093375713,7.370880093375714,1.0]]
2a_Hurink_sdata_63_workers.fjs;857.0179710984756;3772050;[7,36,57,76,109,128,189,206,266,321,0,7,22,67,93,206,230,253,288,342,36,61,109,134,224,245,261,275,292,371,87,115,134,172,226,270,288,310,324,350,61,87,132,172,192,207,248,286,332,386,67,109,133,203,222,275,291,324,348,377,8,22,125,151,178,192,248,266,292,307,0,8,37,62,93,111,133,207,226,284,0,37,111,162,167,187,248,275,291,310,37,62,68,143,245,289,348,375,386];[0,1,2,3,4,5,6,7,8,9,0,3,4,8,9,6,7,5,2,1,0,7,3,2,6,4,1,5,8,9,0,1,3,8,5,2,4,7,6,9,0,6,1,3,5,2,9,7,8,4,4,0,6,8,2,3,9,7,5,1,4,3,0,9,2,1,8,7,6,5,4,6,9,3,8,2,7,5,0,1,2,6,8,7,4,9,3,1,5,0,2,9,5,8,6,3,7,4,0];[0,9,3,2,2,2,5,6,5,12,0,10,10,7,6,12,3,7,3,8,7,9,0,13,2,6,9,8,9,9,1,10,14,11,14,1,7,2,8,14,4,10,8,8,14,3,2,0,1,7,5,3,4,0,8,13,8,10,7,11,9,3,1,6,0,7,1,12,5,14,7,1,5,11,8,4,11,1,10,10,8,1,7,0,10,13,10,2,6,7,12,1,12,5,4,12,0,10,12];[[0.5209484070219088,5.209484070219088,1.0],[0.42125020101147315,4.212502010114731,1.0],[0.22094517308324657,2.2094517308324657,1.0],[0.13033708391670573,1.3033708391670573,1.0],[0.48395776843282956,4.839577684328296,1.0],[0.6260889663051598,6.260889663051597,1.0],[0.6211218319323739,6.21121831932374,1.0],[0.707277595965894,7.07277595965894,1.0],[0.43539590023548325,4.3539590023548325,1.0],[0.04809800715767443,0.4809800715767443,1.0],[0.2254847064342842,2.254847064342842,1.0],[0.788548045160999,7.88548045160999,1.0],[0.42108890435006496,4.21088904350065,1.0],[0.5652029481252892,5.6520294812528915,1.0],[0.6764042610645917,6.764042610645918,1.0]]
2a_Hurink_sdata_63_workers.fjs;871.7594157795254;3752070;[54,117,132,146,179,198,270,289,314,360,0,7,37,88,118,177,205,314,333,348,121,146,179,205,249,270,286,298,340,391,7,29,67,135,166,180,228,255,320,339,29,54,82,119,139,166,180,228,255,299,8,107,121,217,249,295,309,339,363,390,23,37,83,107,118,180,236,314,337,390,0,8,37,105,119,146,166,238,257,298,0,82,166,197,202,222,309,333,342,358,37,62,69,197,289,333,363,390,401];[0,1,2,3,4,5,6,7,8,9,0,3,4,8,9,6,7,5,2,1,0,7,3,2,6,4,1,5,8,9,0,1,3,8,5,2,4,7,6,9,0,6,1,3,5,2,9,7,8,4,4,0,6,8,2,3,9,7,5,1,4,3,0,9,2,1,8,7,6,5,4,6,9,3,8,2,7,5,0,1,2,6,8,7,4,9,3,1,5,0,2,9,5,8,6,3,7,4,0];[0,9,3,2,9,4,0,9,11,3,11,9,6,12,1,12,3,12,1,8,7,5,3,13,0,13,8,11,4,10,11,13,14,11,7,2,3,2,2,14,0,10,2,13,12,14,10,8,10,4,7,7,4,0,4,13,8,10,10,12,4,14,8,0,0,7,1,6,5,14,3,1,9,11,2,14,11,9,12,0,10,1,8,8,8,14,5,7,6,13,7,9,13,12,1,13,0,0,1];[[0.49734142093980327,4.973414209398033,1.0],[0.35999045686025677,3.5999045686025677,1.0],[0.7220617567237175,7.220617567237175,1.0],[0.44672126724761885,4.4672126724761885,1.0],[0.4533596515962979,4.533596515962978,1.0],[0.025925678678183073,0.25925678678183073,1.0],[0.33490089376309407,3.3490089376309404,1.0],[0.4755440242737675,4.755440242737675,1.0],[0.45132356511490823,4.513235651149082,1.0],[0.08788974506102976,0.8788974506102976,1.0],[0.29509671683068217,2.9509671683068217,1.0],[0.33863234208051063,3.3863234208051063,1.0],[0.9020959027552419,9.020959027552419,1.0],[0.7173473735926632,7.173473735926632,1.0],[0.8986159167700656,8.986159167700656,1.0]]
2a_Hurink_sdata_63_workers.fjs;901.6007172220408;202520;[80,111,145,159,193,212,253,327,372,398,25,52,63,110,132,181,199,274,331,347,32,57,75,101,199,218,260,311,331,372,125,147,193,231,260,274,292,313,327,345,0,37,65,103,189,203,238,262,287,331,22,111,125,189,219,267,283,352,376,403,8,22,57,110,159,173,260,287,308,344,0,8,37,132,147,173,229,292,311,322,0,65,75,106,111,181,238,272,328,344,63,82,147,207,270,305,376,403,414];[0,1,2,3,4,5,6,7,8,9,0,3,4,8,9,6,7,5,2,1,0,7,3,2,6,4,1,5,8,9,0,1,3,8,5,2,4,7,6,9,0,6,1,3,5,2,9,7,8,4,4,0,6,8,2,3,9,7,5,1,4,3,0,9,2,1,8,7,6,5,4,6,9,3,8,2,7,5,0,1,2,6,8,7,4,9,3,1,5,0,2,9,5,8,6,3,7,4,0];[5,14,3,13,4,9,5,9,11,12,9,2,11,1,8,12,3,6,10,8,7,13,10,13,6,6,13,4,4,12,12,10,14,13,14,2,6,2,7,14,0,10,6,4,8,13,10,7,10,11,5,7,4,1,0,12,8,10,10,7,2,14,0,11,9,7,1,0,14,1,4,1,4,1,2,0,7,9,9,13,12,1,8,3,6,11,4,13,6,6,2,0,1,12,4,12,0,9,1];[[0.4211249061401,4.211249061401,1.0],[0.9761073344853062,9.761073344853061,1.0],[0.6132800246752349,6.132800246752349,1.0],[0.6930423279788359,6.930423279788359,1.0],[0.5088628354481554,5.088628354481553,1.0],[0.18781156668551158,1.8781156668551158,1.0],[0.830121874145001,8.301218741450011,1.0],[0.8449241651217704,8.449241651217704,1.0],[0.20962821201639004,2.0962821201639006,1.0],[0.6505169872996391,6.505169872996391,1.0],[0.7003316191510263,7.003316191510263,1.0],[0.7150339547653067,7.150339547653068,1.0],[0.8091072451390076,8.091072451390076,1.0],[0.8451978833841938,8.451978833841938,1.0],[0.3695849781386673,3.695849781386673,1.0]]
2a_Hurink_sdata_63_workers.fjs;860.7112438533998;4294470;[25,86,100,120,176,207,259,286,312,362,54,61,72,139,162,220,238,269,287,347,84,109,153,178,238,259,282,307,340,391,109,131,178,220,248,268,286,310,324,341,0,25,51,86,106,120,134,188,266,310,22,131,145,201,222,268,282,324,348,378,0,25,61,105,158,172,248,266,341,375,14,51,80,106,120,136,158,188,207,318,0,80,90,134,153,212,282,308,324,340,41,61,136,176,276,324,348,379,391];[0,1,2,3,4,5,6,7,8,9,0,3,4,8,9,6,7,5,2,1,0,7,3,2,6,4,1,5,8,9,0,1,3,8,5,2,4,7,6,9,0,6,1,3,5,2,9,7,8,4,4,0,6,8,2,3,9,7,5,1,4,3,0,9,2,1,8,7,6,5,4,6,9,3,8,2,7,5,0,1,2,6,8,7,4,9,3,1,5,0,2,9,5,8,6,3,7,4,0];[0,3,3,2,0,9,5,6,8,12,0,2,6,3,6,0,3,11,5,3,5,10,8,13,12,4,13,3,4,10,12,9,14,8,7,1,3,2,2,14,8,3,9,8,8,3,11,8,10,14,9,7,4,0,6,13,8,10,5,11,4,8,0,4,0,7,1,12,11,14,1,1,4,7,14,12,10,1,3,9,7,1,13,3,2,11,2,12,6,8,7,3,14,12,14,3,1,8,1];[[0.4831103964860096,4.831103964860096,1.0],[0.9021829992468611,9.02182999246861,1.0],[0.5374571935128641,5.374571935128642,1.0],[0.8761340971511191,8.761340971511192,1.0],[0.573156942708234,5.7315694270823405,1.0],[0.994523847851402,9.945238478514021,1.0],[0.3574465703190305,3.574465703190305,1.0],[0.6617299629663892,6.617299629663892,1.0],[0.4882872262788658,4.882872262788657,1.0],[0.5726412824777106,5.726412824777106,1.0],[0.32388398325139345,3.2388398325139347,1.0],[0.8072354510963532,8.072354510963532,1.0],[0.8087324055796944,8.087324055796945,1.0],[0.660852452150834,6.60852452150834,1.0],[0.5802577271631468,5.802577271631469,1.0]]
2a_Hurink_sdata_63_workers.fjs;886.7327770930972;4218130;[54,83,96,110,170,188,251,284,309,346,0,7,41,157,221,290,309,332,349,364,106,131,167,196,268,290,304,316,338,385,7,29,51,89,116,131,149,170,234,278,29,54,96,147,167,182,196,233,257,315,21,131,147,205,240,290,304,334,359,394,7,21,83,106,117,131,187,213,309,386,0,7,36,89,139,157,184,234,255,316,0,41,54,85,90,117,194,221,255,330,41,61,68,117,203,234,257,304,315];[0,1,2,3,4,5,6,7,8,9,0,3,4,8,9,6,7,5,2,1,0,7,3,2,6,4,1,5,8,9,0,1,3,8,5,2,4,7,6,9,0,6,1,3,5,2,9,7,8,4,4,0,6,8,2,3,9,7,5,1,4,3,0,9,2,1,8,7,6,5,4,6,9,3,8,2,7,5,0,1,2,6,8,7,4,9,3,1,5,0,2,9,5,8,6,3,7,4,0];[0,9,3,3,10,6,5,9,2,14,0,10,11,14,3,6,3,1,7,8,7,5,11,9,13,7,11,1,2,9,8,4,14,1,12,2,6,2,2,14,8,3,2,8,12,14,14,0,10,7,7,10,4,0,4,13,8,4,10,12,2,3,4,4,9,7,1,12,9,14,12,1,9,6,12,0,2,13,2,14,11,1,8,8,11,13,11,11,6,6,13,9,10,4,5,10,0,12,12];[[0.34661995661142697,3.4661995661142697,1.0],[0.2286410960833074,2.286410960833074,1.0],[0.012392470279078194,0.12392470279078194,1.0],[0.9308270259025113,9.308270259025113,1.0],[0.3225145761620236,3.225145761620236,1.0],[0.0006954578022455582,0.006954578022455582,1.0],[0.2097170717940725,2.097170717940725,1.0],[0.5179602272351016,5.179602272351016,1.0],[0.7628222106217201,7.6282221062172,1.0],[0.3089717897377221,3.089717897377221,1.0],[0.15113122452813788,1.5113122452813788,1.0],[0.07045772229012492,0.7045772229012492,1.0],[0.8725064026541692,8.725064026541693,1.0],[0.3074981421409557,3.074981421409557,1.0],[0.272859759997538,2.7285975999753798,1.0]]
2a_Hurink_sdata_63_workers.fjs;898.6707368455541;1113850;[71,100,113,127,161,195,238,287,331,359,0,7,37,82,105,155,179,238,255,346,32,57,82,127,173,192,208,255,272,330,100,153,181,219,293,307,325,356,370,388,7,37,113,161,181,273,289,312,359,408,8,57,78,136,170,219,233,263,307,377,23,37,127,155,234,248,313,336,356,377,0,8,63,108,173,214,234,272,293,304,19,68,105,136,141,166,233,336,346,362,0,19,26,191,257,311,370,397,408];[0,1,2,3,4,5,6,7,8,9,0,3,4,8,9,6,7,5,2,1,0,7,3,2,6,4,1,5,8,9,0,1,3,8,5,2,4,7,6,9,0,6,1,3,5,2,9,7,8,4,4,0,6,8,2,3,9,7,5,1,4,3,0,9,2,1,8,7,6,5,4,6,9,3,8,2,7,5,0,1,2,6,8,7,4,9,3,1,5,0,2,9,5,8,6,3,7,4,0];[0,14,3,13,11,2,0,6,10,12,9,2,10,12,6,12,11,1,14,3,5,4,10,5,9,5,7,4,4,9,7,2,14,5,0,2,5,2,7,14,11,12,14,13,10,12,1,0,10,7,7,13,4,1,1,13,8,10,3,6,4,3,3,4,9,7,1,4,7,3,3,1,9,10,12,9,11,0,3,9,9,1,8,2,9,0,6,0,6,4,14,13,2,3,1,6,0,1,1];[[0.8559393885152179,8.55939388515218,1.0],[0.8004839408308784,8.004839408308783,1.0],[0.5938433496209707,5.938433496209708,1.0],[0.8870093324131678,8.870093324131679,1.0],[0.741558169706834,7.4155816970683395,1.0],[0.8097670389513107,8.097670389513107,1.0],[0.2247324103169328,2.247324103169328,1.0],[0.9761818800633866,9.761818800633865,1.0],[0.6339038774096737,6.339038774096737,1.0],[0.5580285642552777,5.580285642552777,1.0],[0.4463526500656817,4.463526500656817,1.0],[0.28336462923826333,2.8336462923826335,1.0],[0.9019880415639555,9.019880415639555,1.0],[0.03268507148422006,0.32685071484220063,1.0],[0.4362825217209084,4.3628252172090844,1.0]]
2a_Hurink_sdata_63_workers.fjs;885.0691612556315;3213400;[117,146,161,183,216,233,272,289,313,340,0,7,57,143,170,237,256,286,306,348,33,62,119,175,218,256,289,305,340,390,58,99,145,188,272,286,304,337,351,369,7,36,62,99,119,133,147,183,236,351,22,80,94,170,218,262,276,313,338,382,7,22,94,117,147,233,289,351,370,382,0,7,36,61,75,91,130,174,195,322,20,62,113,162,175,218,276,313,322,351,0,61,133,215,289,324,370,397,408];[0,1,2,3,4,5,6,7,8,9,0,3,4,8,9,6,7,5,2,1,0,7,3,2,6,4,1,5,8,9,0,1,3,8,5,2,4,7,6,9,0,6,1,3,5,2,9,7,8,4,4,0,6,8,2,3,9,7,5,1,4,3,0,9,2,1,8,7,6,5,4,6,9,3,8,2,7,5,0,1,2,6,8,7,4,9,3,1,5,0,2,9,5,8,6,3,7,4,0];[0,9,3,2,7,14,5,6,7,12,11,3,10,7,4,2,3,13,8,3,7,3,3,5,9,2,3,4,9,8,2,2,14,9,6,2,9,2,7,14,13,3,5,8,8,11,1,14,10,5,9,7,4,1,1,13,8,10,4,7,7,14,9,6,0,7,1,6,7,3,12,1,4,11,14,13,6,0,0,11,10,1,13,2,3,11,14,6,6,2,8,4,10,10,0,5,0,9,4];[[0.5198238265685563,5.198238265685563,1.0],[0.9583988744400509,9.583988744400509,1.0],[0.3402956357666065,3.402956357666065,1.0],[0.7081849781179302,7.081849781179303,1.0],[0.9252189405445452,9.252189405445453,1.0],[0.05032666735654623,0.5032666735654623,1.0],[0.6613275461751585,6.613275461751585,1.0],[0.82711411373077,8.271141137307701,1.0],[0.8734961127808921,8.734961127808921,1.0],[0.5913019030238962,5.913019030238962,1.0],[0.11264722490163037,1.1264722490163037,1.0],[0.34477784983246407,3.4477784983246407,1.0],[0.011377599382669468,0.11377599382669468,1.0],[0.7909742881977946,7.909742881977946,1.0],[0.3277964015146908,3.277964015146908,1.0]]
2a_Hurink_sdata_63_workers.fjs;891.1620699357776;4045350;[29,58,71,104,137,155,201,218,244,342,0,7,22,84,142,241,259,293,311,342,83,108,137,176,220,241,255,311,361,401,7,29,52,110,213,234,255,308,325,371,58,83,114,162,198,220,252,284,314,361,73,131,145,201,252,296,312,342,366,393,8,22,108,131,142,156,296,322,352,393,0,8,37,90,138,156,176,272,293,304,0,42,52,85,91,193,252,276,329,365,52,71,227,272,294,325,366,393,404];[0,1,2,3,4,5,6,7,8,9,0,3,4,8,9,6,7,5,2,1,0,7,3,2,6,4,1,5,8,9,0,1,3,8,5,2,4,7,6,9,0,6,1,3,5,2,9,7,8,4,4,0,6,8,2,3,9,7,5,1,4,3,0,9,2,1,8,7,6,5,4,6,9,3,8,2,7,5,0,1,2,6,8,7,4,9,3,1,5,0,2,9,5,8,6,3,7,4,0];[0,9,3,2,10,10,5,7,13,14,9,4,6,10,5,6,14,11,6,8,5,0,6,9,12,12,12,3,9,10,3,9,14,5,0,1,3,2,2,14,11,6,3,13,0,3,11,0,1,4,9,7,4,1,1,7,8,10,10,7,2,13,13,0,0,7,1,7,5,14,6,1,2,11,2,14,8,13,2,12,5,1,7,3,3,14,5,5,6,5,13,8,2,4,5,5,0,1,1];[[0.18019241848515155,1.8019241848515155,1.0],[0.48736227300275514,4.873622730027551,1.0],[0.07759170039841756,0.7759170039841756,1.0],[0.5225667244081349,5.2256672440813485,1.0],[0.9196433340252647,9.196433340252646,1.0],[0.8762509611803474,8.762509611803473,1.0],[0.5029695910906639,5.029695910906638,1.0],[0.8160267976375112,8.160267976375112,1.0],[0.8059112000327816,8.059112000327817,1.0],[0.2140591090540045,2.140591090540045,1.0],[0.08805821114486456,0.8805821114486456,1.0],[0.20329737064426556,2.0329737064426556,1.0],[0.5837360924329463,5.837360924329463,1.0],[0.6737333796339059,6.737333796339059,1.0],[0.1608013027204077,1.6080130272040771,1.0]]
2b_Hurink_edata_1_workers.fjs;109.77428326102103;4508040;[13,18,21,29,36,46,0,8,13,26,38,47,0,6,15,30,38,40,8,13,18,23,29,36,0,13,24,29,47,51,0,3,6,21,36,40];[2,0,1,3,3,4,1,2,4,5,0,3,5,3,5,0,1,4,1,0,2,3,4,5,2,1,4,1,0,3,3,3,5,0,4,2];[1,6,8,5,0,8,2,8,2,1,4,3,6,6,0,3,2,2,7,3,4,1,4,5,3,7,5,8,7,0,7,5,0,6,7,0];[[0.7773566427005639,7.7735664270056395,1.0],[0.6698255595592497,6.698255595592498,1.0],[0.09913960392481702,0.9913960392481702,1.0],[0.35297051119014544,3.529705111901454,1.0],[0.4679077429008419,4.679077429008419,1.0],[0.5346837414708775,5.346837414708775,1.0],[0.9783090609123973,9.783090609123974,1.0],[0.13031535015865903,1.3031535015865903,1.0],[0.6712434682302663,6.712434682302662,1.0]]
2b_Hurink_edata_1_workers.fjs;107.91455041428793;3224010;[0,1,13,29,36,40,0,8,13,24,38,47,0,5,9,18,33,45,8,13,21,26,29,36,13,21,24,29,35,39,9,12,16,26,36,40];[2,0,1,3,3,4,1,2,4,5,0,3,5,3,5,0,1,4,1,0,2,3,4,5,2,1,4,1,0,3,3,3,5,0,4,2];[7,3,5,5,0,8,2,1,2,8,4,3,8,3,4,3,2,2,5,3,7,5,4,3,0,5,4,0,7,2,7,7,6,1,1,0];[[0.7966509679599704,7.966509679599704,1.0],[0.05862623274803458,0.5862623274803458,1.0],[0.7602397739740907,7.602397739740907,1.0],[0.8627037401845356,8.627037401845355,1.0],[0.09127403464611428,0.9127403464611428,1.0],[0.9024924365975527,9.024924365975528,1.0],[0.7858960565941281,7.858960565941281,1.0],[0.40667966546103385,4.0667966546103385,1.0],[0.37447264465852026,3.7447264465852026,1.0]]
2b_Hurink_edata_1_workers.fjs;113.65410711331012;171210;[8,10,16,26,33,43,5,13,21,32,41,50,0,5,9,16,26,48,0,5,18,23,32,41,0,13,16,22,35,38,9,12,16,26,39,48];[2,0,1,3,3,4,1,2,4,5,0,3,5,3,5,0,5,4,1,0,2,3,4,5,2,1,4,1,0,3,3,3,5,0,4,2];[0,5,6,5,0,8,6,7,2,8,4,0,4,7,4,8,0,2,7,2,5,6,4,5,0,6,2,1,7,0,7,2,3,1,3,8];[[0.5209484070219088,5.209484070219088,1.0],[0.42125020101147315,4.212502010114731,1.0],[0.22094517308324657,2.2094517308324657,1.0],[0.13033708391670573,1.3033708391670573,1.0],[0.48395776843282956,4.839577684328296,1.0],[0.6260889663051598,6.260889663051597,1.0],[0.6211218319323739,6.21121831932374,1.0],[0.707277595965894,7.07277595965894,1.0],[0.43539590023548325,4.3539590023548325,1.0]]
2b_Hurink_edata_1_workers.fjs;107.40622334937879;1892640;[0,1,13,29,36,46,0,8,13,24,36,45,0,6,14,27,35,40,8,13,21,26,29,36,13,21,24,36,46,49,0,3,6,18,36,40];[2,0,1,3,3,4,1,2,4,5,0,3,5,3,5,0,1,4,1,0,2,3,4,5,2,1,4,1,0,3,3,3,5,0,4,2];[0,3,6,5,0,8,6,8,2,8,4,0,4,3,0,3,7,2,7,1,7,6,4,5,3,6,4,1,2,7,7,0,5,1,6,7];[[0.49734142093980327,4.973414209398033,1.0],[0.35999045686025677,3.5999045686025677,1.0],[0.7220617567237175,7.220617567237175,1.0],[0.44672126724761885,4.4672126724761885,1.0],[0.4533596515962979,4.533596515962978,1.0],[0.025925678678183073,0.25925678678183073,1.0],[0.33490089376309407,3.3490089376309404,1.0],[0.4755440242737675,4.755440242737675,1.0],[0.45132356511490823,4.513235651149082,1.0]]
2b_Hurink_edata_1_workers.fjs;107.40707201812984;3550040;[0,1,13,19,32,46,0,8,13,25,35,44,0,6,16,27,35,40,8,13,21,29,33,40,13,21,24,29,44,48,0,3,6,18,29,44];[2,0,1,3,3,4,1,2,4,5,0,3,5,3,5,0,1,4,1,0,2,3,4,5,2,1,4,1,0,3,3,3,5,0,4,2];[2,6,6,5,0,8,8,8,2,8,0,1,5,5,3,2,2,2,7,1,7,4,4,3,0,6,4,3,7,7,7,1,3,1,5,0];[[0.4211249061401,4.211249061401,1.0],[0.9761073344853062,9.761073344853061,1.0],[0.6132800246752349,6.132800246752349,1.0],[0.6930423279788359,6.930423279788359,1.0],[0.5088628354481554,5.088628354481553,1.0],[0.18781156668551158,1.8781156668551158,1.0],[0.830121874145001,8.301218741450011,1.0],[0.8449241651217704,8.449241651217704,1.0],[0.20962821201639004,2.0962821201639006,1.0]]
2b_Hurink_edata_1_workers.fjs;107.47872220766784;4971480;[0,1,13,33,40,46,0,8,13,24,36,45,0,6,15,27,35,40,8,13,21,26,29,40,13,21,24,29,45,49,0,3,6,18,36,40];[2,0,1,3,3,4,1,2,4,5,0,3,5,3,5,0,1,4,1,0,2,3,4,5,2,1,4,1,0,3,3,3,5,0,4,2];[4,5,8,5,0,8,2,7,2,8,4,1,6,6,4,2,3,2,5,5,3,3,4,5,3,5,4,5,7,5,7,7,1,1,7,7];[[0.4831103964860096,4.831103964860096,1.0],[0.9021829992468611,9.02182999246861,1.0],[0.5374571935128641,5.374571935128642,1.0],[0.8761340971511191,8.761340971511192,1.0],[0.573156942708234,5.7315694270823405,1.0],[0.994523847851402,9.945238478514021,1.0],[0.3574465703190305,3.574465703190305,1.0],[0.6617299629663892,6.617299629663892,1.0],[0.4882872262788658,4.882872262788657,1.0]]
2b_Hurink_edata_1_workers.fjs;108.6446150261785;3979460;[0,1,13,24,35,46,0,8,13,26,35,44,0,5,9,18,26,29,8,13,21,31,35,42,13,21,24,29,44,48,0,9,16,26,42,48];[2,0,1,3,5,4,1,2,4,5,0,3,5,3,5,0,1,4,1,0,2,3,4,5,2,1,4,1,0,3,3,3,5,0,4,2];[1,3,8,7,8,8,2,1,2,8,0,2,4,4,4,3,3,2,7,3,8,1,4,5,0,7,5,4,7,4,7,5,6,6,6,2];[[0.34661995661142697,3.4661995661142697,1.0],[0.2286410960833074,2.286410960833074,1.0],[0.012392470279078194,0.12392470279078194,1.0],[0.9308270259025113,9.308270259025113,1.0],[0.3225145761620236,3.225145761620236,1.0],[0.0006954578022455582,0.006954578022455582,1.0],[0.2097170717940725,2.097170717940725,1.0],[0.5179602272351016,5.179602272351016,1.0],[0.7628222106217201,7.6282221062172,1.0]]
2b_Hurink_edata_1_workers.fjs;107.85020551581842;3911070;[0,1,24,30,37,46,0,8,13,26,36,45,0,6,10,18,30,36,8,13,21,26,29,36,13,21,24,36,45,49,0,3,18,27,42,49];[2,0,1,3,3,4,1,2,4,5,0,3,5,3,5,0,1,4,1,0,2,3,4,5,2,1,4,1,0,3,3,3,5,0,4,2];[3,5,2,7,0,8,6,1,2,8,4,0,8,4,4,5,1,2,7,6,8,3,4,3,3,7,1,6,2,4,7,7,6,6,6,0];[[0.8559393885152179,8.55939388515218,1.0],[0.8004839408308784,8.004839408308783,1.0],[0.5938433496209707,5.938433496209708,1.0],[0.8870093324131678,8.870093324131679,1.0],[0.741558169706834,7.4155816970683395,1.0],[0.8097670389513107,8.097670389513107,1.0],[0.2247324103169328,2.247324103169328,1.0],[0.9761818800633866,9.761818800633865,1.0],[0.6339038774096737,6.339038774096737,1.0]]
2b_Hurink_edata_1_workers.fjs;107.27044458322234;4425950;[0,1,13,19,29,40,0,8,13,24,35,44,1,6,14,27,35,45,8,13,21,26,33,40,13,21,24,29,44,48,0,3,6,18,29,33];[2,0,1,3,3,4,1,2,4,5,0,3,2,3,5,0,5,4,1,0,2,3,4,5,2,1,4,1,0,3,3,3,5,0,4,2];[8,5,6,7,0,8,2,8,2,8,0,3,8,3,8,3,8,2,7,1,3,6,4,5,0,5,4,1,7,7,7,4,5,1,5,7];[[0.5198238265685563,5.198238265685563,1.0],[0.9583988744400509,9.583988744400509,1.0],[0.3402956357666065,3.402956357666065,1.0],[0.7081849781179302,7.081849781179303,1.0],[0.9252189405445452,9.252189405445453,1.0],[0.05032666735654623,0.5032666735654623,1.0],[0.6613275461751585,6.613275461751585,1.0],[0.82711411373077,8.271141137307701,1.0],[0.8734961127808921,8.734961127808921,1.0]]
2b_Hurink_edata_1_workers.fjs;113.73027482655641;1078360;[8,10,16,27,34,49,5,14,21,32,41,50,9,14,18,27,35,39,0,5,19,24,32,41,0,13,16,22,35,38,0,3,6,16,45,49];[2,0,1,3,3,4,1,2,4,5,0,3,2,3,5,0,1,4,1,0,2,3,4,5,2,1,4,1,0,3,3,3,5,0,4,2];[1,1,8,5,0,8,8,7,2,8,0,1,5,0,0,3,1,2,5,7,3,3,4,3,3,6,4,7,7,7,7,4,2,6,8,7];[[0.18019241848515155,1.8019241848515155,1.0],[0.48736227300275514,4.873622730027551,1.0],[0.07759170039841756,0.7759170039841756,1.0],[0.5225667244081349,5.2256672440813485,1.0],[0.9196433340252647,9.196433340252646,1.0],[0.8762509611803474,8.762509611803473,1.0],[0.5029695910906639,5.029695910906638,1.0],[0.8160267976375112,8.160267976375112,1.0],[0.8059112000327816,8.059112000327817,1.0]]
2b_Hurink_edata_6_workers.fjs;1234.630033294042;3463590;[181,209,394,473,552,92,154,246,321,363,54,96,288,473,528,0,36,114,202,267,96,173,351,410,539,203,288,363,449,539,0,35,54,303,407,73,267,363,394,479,151,203,209,303,472,36,73,154,173,329];[1,2,0,4,3,2,1,0,4,3,2,3,4,0,1,4,3,2,1,3,4,0,1,3,2,4,0,4,2,3,1,2,0,4,1,4,1,0,2,3,4,2,3,2,1,4,1,0,3,3];[3,3,1,0,4,4,0,2,5,2,4,3,2,3,2,6,5,4,6,4,6,1,4,2,5,0,1,6,4,4,1,2,1,0,5,3,3,0,0,5,5,4,4,2,6,3,2,2,6,6];[[0.7773566427005639,7.7735664270056395,1.0],[0.6698255595592497,6.698255595592498,1.0],[0.09913960392481702,0.9913960392481702,1.0],[0.35297051119014544,3.529705111901454,1.0],[0.4679077429008419,4.679077429008419,1.0],[0.5346837414708775,5.346837414708775,1.0],[0.9783090609123973,9.783090609123974,1.0]]
2b_Hurink_edata_6_workers.fjs;1247.2883059567398;2851260;[235,266,337,441,520,0,19,90,262,308,19,73,202,419,466,0,36,101,169,235,125,180,297,380,566,180,262,337,423,508,49,79,110,423,514,304,356,466,508,566,73,169,177,308,520,36,79,216,372,558];[1,2,0,4,3,2,1,0,4,3,2,3,0,0,1,4,0,2,1,3,4,2,1,3,2,4,0,4,2,3,1,2,0,4,1,4,1,0,2,3,4,2,3,2,4,4,1,0,2,3];[5,3,2,0,4,5,2,1,2,3,4,3,1,4,2,6,0,4,5,4,6,6,4,1,1,3,1,6,5,4,2,4,0,0,2,6,3,3,5,5,5,1,4,0,6,3,2,2,1,6];[[0.7966509679599704,7.966509679599704,1.0],[0.05862623274803458,0.5862623274803458,1.0],[0.7602397739740907,7.602397739740907,1.0],[0.8627037401845356,8.627037401845355,1.0],[0.09127403464611428,0.9127403464611428,1.0],[0.9024924365975527,9.024924365975528,1.0],[0.7858960565941281,7.858960565941281,1.0]]
2b_Hurink_edata_6_workers.fjs;1241.6275192167525;3882360;[49,70,112,451,552,0,22,49,374,522,112,235,323,424,513,37,73,148,383,451,181,236,323,383,524,96,189,288,379,567,0,36,337,424,448,73,151,268,321,513,236,316,324,464,530,0,70,299,316,374];[1,2,0,4,2,2,1,0,4,3,2,3,0,0,1,4,3,2,1,3,4,2,1,3,2,4,0,4,2,3,3,2,0,4,1,4,1,0,2,3,4,0,3,2,4,4,1,0,3,3];[3,3,5,0,2,6,0,2,3,5,1,3,1,1,4,6,4,4,6,4,6,4,0,0,1,0,2,2,5,5,1,4,1,3,6,5,3,0,5,5,5,0,4,2,6,3,2,0,6,2];[[0.5209484070219088,5.209484070219088,1.0],[0.42125020101147315,4.212502010114731,1.0],[0.22094517308324657,2.2094517308324657,1.0],[0.13033708391670573,1.3033708391670573,1.0],[0.48395776843282956,4.839577684328296,1.0],[0.6260889663051598,6.260889663051597,1.0],[0.6211218319323739,6.21121831932374,1.0]]
2b_Hurink_edata_6_workers.fjs;1301.1375783003848;1694910;[19,119,348,430,581,0,61,194,233,272,19,322,425,460,509,174,210,260,384,531,119,174,328,433,553,37,119,324,410,593,0,61,213,410,446,210,233,317,348,522,272,328,384,495,553,0,88,441,507,515];[1,2,0,4,2,2,1,0,4,3,2,3,0,0,1,4,3,2,1,3,4,2,1,3,2,4,0,4,2,3,3,2,0,4,1,4,1,0,2,3,4,2,3,2,4,4,1,0,3,3];[5,3,6,0,2,5,0,2,5,1,0,3,2,4,2,6,1,4,1,4,6,0,4,6,1,3,1,2,5,4,6,6,6,3,2,5,3,0,0,5,5,6,4,1,0,3,2,4,6,4];[[0.49734142093980327,4.973414209398033,1.0],[0.35999045686025677,3.5999045686025677,1.0],[0.7220617567237175,7.220617567237175,1.0],[0.44672126724761885,4.4672126724761885,1.0],[0.4533596515962979,4.533596515962978,1.0],[0.025925678678183073,0.25925678678183073,1.0],[0.33490089376309407,3.3490089376309404,1.0]]
2b_Hurink_edata_6_workers.fjs;1243.0838054025387;4328240;[0,302,351,435,549,83,144,318,396,463,48,170,336,449,511,23,83,228,378,515,185,245,318,378,521,59,170,292,378,577,0,30,48,378,444,0,24,135,171,351,240,296,302,463,549,144,185,430,452,508];[1,2,0,4,2,2,1,0,4,3,2,3,0,0,1,4,3,2,1,3,4,0,1,3,2,4,0,4,2,3,3,2,0,4,1,4,1,0,2,3,4,2,3,2,4,4,1,0,3,3];[5,3,1,0,5,6,0,6,3,5,5,3,5,2,2,6,5,3,4,4,6,1,0,6,1,0,1,2,5,0,2,1,1,2,4,3,3,3,0,5,5,4,4,1,1,6,2,2,3,6];[[0.4211249061401,4.211249061401,1.0],[0.9761073344853062,9.761073344853061,1.0],[0.6132800246752349,6.132800246752349,1.0],[0.6930423279788359,6.930423279788359,1.0],[0.5088628354481554,5.088628354481553,1.0],[0.18781156668551158,1.8781156668551158,1.0],[0.830121874145001,8.301218741450011,1.0]]
2b_Hurink_edata_6_workers.fjs;1224.1586303746417;2800190;[135,234,370,456,541,36,107,138,295,370,0,164,264,466,521,78,114,276,344,420,23,78,158,295,407,210,295,370,456,541,0,56,170,332,456,0,23,107,176,275,114,170,222,344,410,170,220,447,551,559];[1,2,0,4,2,2,1,0,4,3,2,3,0,0,1,4,3,2,1,3,4,2,1,3,2,4,0,4,2,3,3,2,0,4,1,4,1,0,2,3,4,2,3,2,1,4,1,0,3,3];[3,3,5,0,5,2,3,2,4,1,1,3,6,3,2,6,1,3,4,4,6,5,6,0,3,0,1,6,5,0,2,0,4,2,6,3,3,0,5,5,4,5,1,3,2,1,2,1,6,3];[[0.4831103964860096,4.831103964860096,1.0],[0.9021829992468611,9.02182999246861,1.0],[0.5374571935128641,5.374571935128642,1.0],[0.8761340971511191,8.761340971511192,1.0],[0.573156942708234,5.7315694270823405,1.0],[0.994523847851402,9.945238478514021,1.0],[0.3574465703190305,3.574465703190305,1.0]]
2b_Hurink_edata_6_workers.fjs;1246.9264473008197;4741930;[107,249,397,474,553,0,142,219,374,452,36,128,432,492,539,23,59,109,177,243,144,237,324,384,522,59,144,288,374,539,0,177,310,413,432,0,23,107,196,517,236,305,311,464,553,199,243,474,502,510];[1,2,0,4,3,2,1,0,4,3,2,3,4,0,1,4,3,2,1,3,4,0,1,3,2,4,0,4,2,3,3,2,0,4,1,4,1,0,2,3,4,2,3,2,4,4,1,0,3,3];[3,3,5,0,4,6,2,6,3,6,5,3,6,4,2,6,1,4,4,4,6,1,0,0,3,0,1,6,4,4,5,0,1,6,2,3,3,2,0,5,5,4,4,1,0,3,2,3,5,5];[[0.34661995661142697,3.4661995661142697,1.0],[0.2286410960833074,2.286410960833074,1.0],[0.012392470279078194,0.12392470279078194,1.0],[0.9308270259025113,9.308270259025113,1.0],[0.3225145761620236,3.225145761620236,1.0],[0.0006954578022455582,0.006954578022455582,1.0],[0.2097170717940725,2.097170717940725,1.0]]
2b_Hurink_edata_6_workers.fjs;1246.1889274372065;3853280;[0,21,63,334,520,170,290,431,451,544,63,182,466,481,529,0,36,102,228,325,237,292,404,466,561,152,237,317,430,534,100,250,334,431,466,36,63,147,192,250,100,269,276,372,544,60,147,317,387,395];[1,2,0,4,2,2,1,0,4,3,2,3,0,0,1,4,3,2,1,3,4,2,1,3,2,4,0,1,2,3,3,2,0,4,1,4,1,0,2,3,4,2,3,2,4,4,1,0,3,3];[3,3,2,0,1,6,0,1,3,5,6,3,5,5,2,6,4,4,1,4,6,5,5,0,1,0,2,2,4,0,1,0,3,0,2,6,3,3,5,5,5,0,4,1,0,1,2,0,6,4];[[0.8559393885152179,8.55939388515218,1.0],[0.8004839408308784,8.004839408308783,1.0],[0.5938433496209707,5.938433496209708,1.0],[0.8870093324131678,8.870093324131679,1.0],[0.741558169706834,7.4155816970683395,1.0],[0.8097670389513107,8.097670389513107,1.0],[0.2247324103169328,2.247324103169328,1.0]]
2b_Hurink_edata_6_workers.fjs;1194.176439924295;573480;[143,312,354,438,525,0,19,226,292,461,19,143,326,440,497,0,36,191,334,399,59,115,191,253,354,155,244,349,440,525,0,57,76,331,399,36,59,191,259,376,240,319,327,382,517,115,253,517,537,545];[1,2,0,4,2,2,1,0,4,3,2,3,0,0,1,4,3,2,1,3,4,2,1,3,2,4,0,4,2,3,3,2,0,4,1,4,1,0,2,3,4,0,3,2,4,4,1,0,3,3];[5,3,3,0,2,5,3,3,5,6,4,3,1,1,4,6,1,4,6,4,5,2,6,6,1,0,1,2,5,5,1,2,6,0,6,5,3,2,0,5,5,0,4,1,6,1,2,0,3,1];[[0.5198238265685563,5.198238265685563,1.0],[0.9583988744400509,9.583988744400509,1.0],[0.3402956357666065,3.402956357666065,1.0],[0.7081849781179302,7.081849781179303,1.0],[0.9252189405445452,9.252189405445453,1.0],[0.05032666735654623,0.5032666735654623,1.0],[0.6613275461751585,6.613275461751585,1.0]]
2b_Hurink_edata_6_workers.fjs;1280.877745726996;602810;[35,95,165,301,420,54,140,387,406,459,0,37,285,321,482,249,285,335,420,528,37,92,170,335,510,144,242,333,420,510,0,35,406,499,530,226,249,499,538,591,92,144,150,199,518,0,59,369,408,521];[1,2,0,4,3,2,1,0,4,3,2,3,4,0,1,4,3,2,1,3,4,0,1,3,2,4,0,1,2,3,3,2,0,4,1,4,1,0,2,3,4,2,3,2,4,4,1,0,3,3];[5,3,6,0,2,0,2,5,0,3,5,3,6,5,2,6,1,4,1,4,6,1,0,1,3,3,2,2,4,4,0,0,5,6,2,5,3,0,0,5,5,4,4,1,6,3,2,3,3,5];[[0.18019241848515155,1.8019241848515155,1.0],[0.48736227300275514,4.873622730027551,1.0],[0.07759170039841756,0.7759170039841756,1.0],[0.5225667244081349,5.2256672440813485,1.0],[0.9196433340252647,9.196433340252646,1.0],[0.8762509611803474,8.762509611803473,1.0],[0.5029695910906639,5.029695910906638,1.0]]
2c_Hurink_rdata_28_workers.fjs;2209.961748124226;4629940;[0,13,82,182,223,505,665,739,784,827,83,171,247,324,596,683,767,809,884,948,40,45,122,166,377,571,683,732,803,869,0,40,122,226,510,606,708,784,831,970,0,54,122,204,301,362,432,549,767,991,0,8,95,125,371,468,574,606,737,793,0,123,217,345,367,468,674,722,802,906,204,285,362,423,494,600,630,767,923,970,0,40,301,312,480,513,648,809,865,948,45,84,247,293,342,385,432,462,494,708,57,76,201,291,387,563,596,705,884,955,8,163,437,549,665,737,753,784,970,1017,182,342,432,513,630,665,796,865,906,924,125,226,315,345,432,510,571,814,909,1017,82,163,171,335,371,505,578,605,814,855];[8,4,2,5,0,5,7,6,3,6,5,4,2,4,3,9,0,1,7,0,7,3,0,6,4,7,3,5,9,9,2,9,1,2,4,1,2,8,3,6,6,9,3,8,0,7,1,1,9,5,1,5,2,7,5,3,4,5,4,2,0,2,6,5,8,8,0,6,7,1,3,7,9,0,9,4,7,1,8,1,7,8,4,9,1,0,5,0,5,7,7,8,4,6,3,4,2,9,6,1,8,6,7,4,7,3,0,8,9,9,1,5,5,8,4,0,3,7,8,3,2,6,7,1,4,8,4,0,8,5,6,1,5,1,4,7,9,4,3,2,4,4,8,0,3,2,6,8,5,8];[3,5,8,6,10,10,11,11,9,3,10,3,5,4,4,13,4,13,5,6,10,12,14,11,13,4,12,5,10,12,2,7,7,14,6,10,6,7,0,8,8,7,5,0,2,11,6,5,10,7,5,14,2,0,14,13,6,12,14,6,6,6,12,1,0,2,2,1,14,1,1,6,3,3,14,6,7,13,8,10,11,2,3,11,12,12,9,2,4,14,13,5,0,13,14,2,10,4,0,4,10,0,13,2,11,11,3,0,13,4,9,1,8,7,7,9,7,12,5,7,14,10,1,7,13,6,5,11,7,3,4,4,0,7,7,4,14,8,0,5,1,9,12,9,9,8,5,2,5,1];[[0.7773566427005639,7.7735664270056395,1.0],[0.6698255595592497,6.698255595592498,1.0],[0.09913960392481702,0.9913960392481702,1.0],[0.35297051119014544,3.529705111901454,1.0],[0.4679077429008419,4.679077429008419,1.0],[0.5346837414708775,5.346837414708775,1.0],[0.9783090609123973,9.783090609123974,1.0],[0.13031535015865903,1.3031535015865903,1.0],[0.6712434682302663,6.712434682302662,1.0],[0.36422941594737557,3.6422941594737557,1.0],[0.48883570716198577,4.888357071619858,1.0],[0.20301221073405373,2.0301221073405373,1.0],[0.6661983755713592,6.661983755713592,1.0],[0.2276630312069321,2.276630312069321,1.0],[0.4580640582967631,4.580640582967631,1.0]]
2c_Hurink_rdata_28_workers.fjs;2390.428451338128;3777890;[209,307,380,454,690,792,885,898,930,1003,117,199,289,380,443,535,657,740,940,1011,155,179,258,412,590,642,649,732,866,978,172,261,299,490,638,702,794,931,978,1065,0,52,117,288,382,483,657,735,740,792,0,8,201,230,309,464,563,590,908,993,0,99,162,457,479,571,604,925,1011,1092,0,122,327,421,535,626,657,701,819,942,0,45,99,214,261,300,382,604,674,794,45,83,116,258,480,581,592,898,965,986,24,307,380,454,464,702,815,908,978,1041,90,172,179,356,592,674,732,799,875,927,8,24,112,492,597,697,861,940,978,1034,112,214,382,412,492,581,642,737,819,993,0,172,179,247,689,794,908,927,993,1034];[8,4,3,2,0,5,9,6,9,6,9,3,1,4,6,9,8,1,7,8,9,1,0,5,4,7,3,5,8,2,2,9,2,2,4,7,9,8,3,6,0,9,3,3,0,7,1,1,4,0,1,8,7,7,5,4,4,6,4,2,5,2,6,5,8,8,8,6,7,7,3,7,9,0,0,1,7,1,8,6,7,1,4,9,1,0,8,0,5,7,7,8,4,6,0,5,2,9,4,1,2,6,7,4,7,4,4,2,9,1,1,5,5,6,5,0,9,4,7,3,2,6,7,1,4,8,2,3,8,5,6,2,5,1,3,7,9,8,3,0,4,1,8,8,3,2,3,0,5,0];[3,13,2,13,8,4,0,8,9,2,7,14,7,3,9,10,12,3,1,0,12,13,10,11,5,7,0,12,13,14,8,2,6,1,6,13,11,7,12,12,3,3,5,5,14,7,10,4,7,12,5,13,5,4,1,5,2,1,0,14,6,13,2,8,4,8,3,2,4,13,7,9,5,2,9,10,7,10,8,6,14,10,6,8,8,0,12,8,9,14,4,5,6,13,14,12,2,3,11,11,2,14,13,1,11,14,12,10,8,11,8,13,0,9,14,3,11,12,7,1,5,11,2,6,7,3,3,5,13,3,11,9,0,0,12,4,5,6,1,4,8,7,12,0,1,13,9,4,10,9];[[0.7966509679599704,7.966509679599704,1.0],[0.05862623274803458,0.5862623274803458,1.0],[0.7602397739740907,7.602397739740907,1.0],[0.8627037401845356,8.627037401845355,1.0],[0.09127403464611428,0.9127403464611428,1.0],[0.9024924365975527,9.024924365975528,1.0],[0.7858960565941281,7.858960565941281,1.0],[0.40667966546103385,4.0667966546103385,1.0],[0.37447264465852026,3.7447264465852026,1.0],[0.6490262282913547,6.490262282913547,1.0],[0.40092466608569977,4.009246660856998,1.0],[0.5721109226277574,5.721109226277575,1.0],[0.6077930620255084,6.077930620255084,1.0],[0.05072389565884072,0.5072389565884072,1.0],[0.7370880093375713,7.370880093375714,1.0]]
2c_Hurink_rdata_28_workers.fjs;2120.0821767877674;1327650;[0,123,357,414,496,567,655,667,723,877,163,210,288,365,417,496,582,672,845,908,82,87,163,247,339,346,365,623,892,952,0,40,207,336,430,499,695,783,830,905,48,264,334,403,617,667,783,831,952,992,13,61,163,247,530,619,720,776,817,879,0,120,183,266,285,466,571,694,908,992,0,82,204,347,462,608,688,750,830,945,105,148,198,210,261,334,417,501,682,764,0,82,286,414,655,704,771,858,918,938,40,102,252,329,353,466,529,617,695,908,87,170,176,293,347,619,749,783,858,905,148,163,326,403,494,529,654,674,768,817,0,31,120,183,266,411,582,686,768,988,0,115,163,299,369,530,593,623,817,877];[8,4,3,2,0,7,7,6,7,6,9,4,1,5,0,9,8,1,7,4,3,9,0,6,4,7,2,5,9,2,2,9,0,2,4,3,2,8,3,0,6,9,0,8,4,7,1,1,9,7,8,2,2,2,5,3,4,5,4,1,7,1,3,5,8,1,0,6,7,2,3,0,9,6,2,1,7,1,8,6,7,8,4,8,1,9,5,1,5,7,0,8,4,6,0,4,2,9,3,1,2,6,7,4,7,3,4,2,9,5,3,5,5,6,4,0,5,4,0,3,2,6,7,1,4,8,4,4,8,6,6,1,5,1,3,9,9,8,0,0,4,4,8,0,3,2,6,8,5,8];[3,0,5,4,5,13,14,8,12,13,5,3,11,6,7,3,4,5,6,7,2,3,14,1,3,9,11,4,12,8,1,8,8,2,6,0,3,7,5,10,8,10,10,14,14,9,6,11,4,0,11,1,3,6,8,1,9,13,2,14,13,13,9,4,14,1,1,12,3,13,5,14,12,4,8,8,7,8,8,2,6,4,10,13,2,13,9,10,14,14,14,5,12,13,13,8,4,0,0,1,2,8,13,1,3,11,2,0,13,6,9,1,7,7,12,9,11,2,7,2,6,6,2,10,13,1,12,11,2,13,4,0,10,4,0,8,5,6,0,4,7,5,12,9,1,11,12,6,1,1];[[0.5209484070219088,5.209484070219088,1.0],[0.42125020101147315,4.212502010114731,1.0],[0.22094517308324657,2.2094517308324657,1.0],[0.13033708391670573,1.3033708391670573,1.0],[0.48395776843282956,4.839577684328296,1.0],[0.6260889663051598,6.260889663051597,1.0],[0.6211218319323739,6.21121831932374,1.0],[0.707277595965894,7.07277595965894,1.0],[0.43539590023548325,4.3539590023548325,1.0],[0.04809800715767443,0.4809800715767443,1.0],[0.2254847064342842,2.254847064342842,1.0],[0.788548045160999,7.88548045160999,1.0],[0.42108890435006496,4.21088904350065,1.0],[0.5652029481252892,5.6520294812528915,1.0],[0.6764042610645917,6.764042610645918,1.0]]
2c_Hurink_rdata_28_workers.fjs;2185.9040465453963;2882350;[21,111,183,282,318,401,538,587,797,864,0,35,111,188,241,382,491,648,773,932,99,113,274,358,491,635,664,706,807,933,0,40,188,318,336,421,519,588,635,916,129,249,394,532,601,642,754,799,821,909,249,377,459,553,631,702,797,824,864,929,0,99,160,486,505,601,710,807,844,927,0,184,317,401,491,634,664,723,760,940,70,201,449,459,553,637,719,820,876,935,32,258,492,538,587,706,738,875,920,947,0,99,153,241,258,519,551,637,710,804,94,177,183,317,377,465,505,664,699,864,40,274,358,370,407,448,717,876,909,929,0,160,250,291,407,492,553,682,773,981,48,129,227,257,327,421,842,875,935,971];[8,4,3,2,0,7,9,6,3,6,9,4,2,4,3,9,8,1,7,8,7,9,0,6,4,7,2,5,8,1,2,0,2,2,4,3,2,8,3,0,0,9,0,8,4,7,1,1,4,0,1,8,4,7,5,3,4,6,4,2,5,1,6,5,4,1,8,6,7,1,3,0,9,6,0,4,7,1,8,4,9,3,4,6,1,0,0,0,5,7,7,8,9,6,3,2,2,9,4,1,8,5,7,4,7,3,0,8,9,1,3,5,8,8,5,0,5,4,7,3,2,6,2,1,4,8,2,0,9,6,6,1,5,1,1,7,9,4,9,2,0,7,7,1,3,2,3,8,5,0];[14,14,10,13,12,10,10,8,3,6,9,3,5,4,1,13,13,10,1,5,6,8,10,10,5,7,2,0,9,0,1,12,2,10,2,3,6,7,5,3,2,11,14,3,1,9,2,14,6,0,5,6,0,14,3,13,0,5,14,6,6,1,12,2,5,12,11,8,8,8,2,6,8,5,8,2,7,12,8,9,8,8,7,6,4,12,6,2,4,14,8,5,10,13,11,14,14,9,10,8,7,11,13,0,7,14,0,8,1,13,9,1,7,11,7,9,1,6,7,5,4,6,6,1,8,8,2,0,2,13,8,11,0,4,4,4,10,9,10,11,0,13,9,9,0,2,14,12,12,2];[[0.49734142093980327,4.973414209398033,1.0],[0.35999045686025677,3.5999045686025677,1.0],[0.7220617567237175,7.220617567237175,1.0],[0.44672126724761885,4.4672126724761885,1.0],[0.4533596515962979,4.533596515962978,1.0],[0.025925678678183073,0.25925678678183073,1.0],[0.33490089376309407,3.3490089376309404,1.0],[0.4755440242737675,4.755440242737675,1.0],[0.45132356511490823,4.513235651149082,1.0],[0.08788974506102976,0.8788974506102976,1.0],[0.29509671683068217,2.9509671683068217,1.0],[0.33863234208051063,3.3863234208051063,1.0],[0.9020959027552419,9.020959027552419,1.0],[0.7173473735926632,7.173473735926632,1.0],[0.8986159167700656,8.986159167700656,1.0]]
2c_Hurink_rdata_28_workers.fjs;2344.980750208867;210020;[77,114,192,344,467,547,640,653,836,1016,0,35,111,188,425,750,841,881,956,1020,0,111,255,462,514,557,624,690,976,1047,16,59,188,397,420,564,683,794,853,925,192,329,543,640,683,783,805,878,998,1081,31,147,269,380,481,568,690,717,769,917,160,282,386,462,481,572,624,674,691,1083,111,192,269,329,386,484,640,672,703,832,0,282,298,309,360,397,572,896,958,1020,80,114,187,244,392,594,888,951,983,1032,0,433,479,557,672,690,723,807,888,956,0,77,84,218,350,449,515,717,750,1034,0,31,147,392,521,663,750,863,983,1016,0,48,138,174,269,360,481,881,976,1073,0,80,87,126,298,521,723,807,886,1047];[8,4,3,2,0,5,9,9,9,6,5,3,2,4,3,9,8,1,7,4,3,9,0,6,4,7,2,5,8,2,2,0,2,5,4,7,9,8,3,6,6,9,0,3,0,7,1,5,9,0,1,8,7,2,5,4,4,6,4,2,0,2,6,5,8,9,0,6,7,2,3,7,9,6,0,4,5,1,8,4,9,3,4,8,1,9,8,0,5,7,4,8,9,6,3,2,2,9,6,1,0,1,7,4,5,3,0,2,9,1,8,5,5,8,4,0,3,4,8,9,2,6,7,1,4,8,4,0,9,5,6,1,6,1,1,7,9,8,3,0,4,7,7,0,3,2,3,0,5,8];[14,14,0,13,12,4,3,14,13,9,1,3,4,9,11,3,12,11,5,7,14,3,10,3,3,0,8,7,1,8,0,5,2,7,6,13,2,7,6,13,1,7,8,4,14,12,6,13,4,1,5,13,7,9,14,7,12,0,4,2,12,4,12,5,1,1,10,8,9,3,1,6,12,5,14,2,11,1,8,9,6,2,8,1,6,13,9,10,9,14,13,5,11,13,2,5,13,3,6,6,9,4,13,11,12,11,14,5,1,11,12,12,0,3,1,2,7,5,11,4,10,9,5,0,0,3,8,0,2,3,5,6,6,7,6,10,5,12,13,8,7,11,12,9,0,3,11,11,9,11];[[0.4211249061401,4.211249061401,1.0],[0.9761073344853062,9.761073344853061,1.0],[0.6132800246752349,6.132800246752349,1.0],[0.6930423279788359,6.930423279788359,1.0],[0.5088628354481554,5.088628354481553,1.0],[0.18781156668551158,1.8781156668551158,1.0],[0.830121874145001,8.301218741450011,1.0],[0.8449241651217704,8.449241651217704,1.0],[0.20962821201639004,2.0962821201639006,1.0],[0.6505169872996391,6.505169872996391,1.0],[0.7003316191510263,7.003316191510263,1.0],[0.7150339547653067,7.150339547653068,1.0],[0.8091072451390076,8.091072451390076,1.0],[0.8451978833841938,8.451978833841938,1.0],[0.3695849781386673,3.695849781386673,1.0]]
2c_Hurink_rdata_28_workers.fjs;2084.133763347997;2289300;[0,13,134,147,476,595,733,746,848,904,99,135,212,289,343,426,569,624,704,885,0,147,262,369,419,426,594,789,897,967,94,244,304,419,439,503,653,723,774,841,160,283,445,527,565,683,774,848,863,967,194,352,428,459,560,632,733,779,845,907,0,99,209,445,468,610,641,730,767,952,0,173,356,476,630,701,760,819,863,910,0,41,102,235,341,395,476,569,653,888,94,132,212,294,565,594,604,746,824,853,15,36,99,379,388,560,621,722,800,863,13,135,165,240,299,603,626,704,733,959,0,88,176,202,343,379,531,594,821,844,176,252,343,395,482,570,627,758,853,944,0,94,102,160,194,289,426,512,720,770];[8,4,2,5,0,7,9,1,7,6,5,4,2,4,3,9,8,1,7,0,7,9,0,5,4,7,3,5,9,1,2,1,0,5,4,7,4,8,3,0,0,9,3,3,0,7,1,5,9,5,1,2,2,2,5,3,4,6,4,1,5,1,6,5,8,8,8,6,7,2,3,7,9,6,2,1,5,1,8,4,9,1,4,9,1,0,5,1,5,7,0,8,0,6,3,2,2,9,6,1,2,6,7,4,7,4,0,2,9,5,8,5,8,8,5,0,5,2,0,3,2,6,2,1,4,8,2,4,8,6,6,1,6,1,1,9,9,4,3,2,0,4,8,1,3,2,3,9,5,8];[3,5,8,6,8,13,3,5,10,11,2,3,1,5,13,3,8,9,6,4,12,8,10,12,5,13,10,10,7,6,4,10,7,11,2,13,11,7,5,14,1,9,5,6,1,5,2,5,6,7,5,6,14,14,14,1,10,1,2,5,6,1,6,9,0,12,12,2,4,12,1,14,3,4,0,2,10,0,8,9,11,10,5,4,2,4,9,2,14,14,7,5,13,13,11,4,1,14,1,9,2,8,13,0,5,9,4,0,8,3,13,12,7,2,1,5,11,5,1,12,2,11,13,10,0,14,14,11,9,13,2,8,5,7,7,6,3,12,0,12,4,9,12,12,0,11,9,10,13,9];[[0.4831103964860096,4.831103964860096,1.0],[0.9021829992468611,9.02182999246861,1.0],[0.5374571935128641,5.374571935128642,1.0],[0.8761340971511191,8.761340971511192,1.0],[0.573156942708234,5.7315694270823405,1.0],[0.994523847851402,9.945238478514021,1.0],[0.3574465703190305,3.574465703190305,1.0],[0.6617299629663892,6.617299629663892,1.0],[0.4882872262788658,4.882872262788657,1.0],[0.5726412824777106,5.726412824777106,1.0],[0.32388398325139345,3.2388398325139347,1.0],[0.8072354510963532,8.072354510963532,1.0],[0.8087324055796944,8.087324055796945,1.0],[0.660852452150834,6.60852452150834,1.0],[0.5802577271631468,5.802577271631469,1.0]]
2c_Hurink_rdata_28_workers.fjs;2186.750100518053;331780;[0,153,329,382,416,499,600,632,845,888,0,68,157,257,311,397,584,765,856,929,39,87,165,207,250,468,505,699,785,902,115,226,233,363,425,489,641,707,772,953,31,140,208,580,761,828,852,897,906,992,0,49,214,341,422,677,772,799,845,906,44,165,250,344,363,457,490,588,632,849,35,135,315,427,492,561,619,730,836,949,0,41,57,87,337,487,582,669,761,920,0,134,272,345,463,542,600,753,888,916,120,228,394,489,613,645,677,797,867,937,57,134,140,211,274,569,619,761,776,850,35,250,345,382,499,542,582,906,937,952,0,242,394,427,505,580,658,754,845,999,0,79,243,315,369,489,569,600,658,883];[8,4,2,5,0,5,7,6,3,6,2,4,2,4,0,9,0,1,7,8,7,1,0,6,4,7,1,5,9,1,2,1,1,5,4,7,4,8,3,0,6,9,0,3,0,7,1,1,4,0,1,2,7,2,5,3,4,6,4,2,7,1,3,5,8,8,8,6,7,7,3,7,9,6,9,1,5,1,8,4,9,8,4,6,1,0,8,1,5,7,7,8,9,6,3,4,2,9,3,1,0,5,7,4,7,3,0,2,9,5,8,5,5,8,5,0,3,2,7,9,2,6,7,1,4,8,2,3,9,6,6,2,6,1,3,4,9,8,0,0,0,1,7,8,3,2,6,9,5,8];[14,0,14,4,5,10,11,11,9,9,11,6,6,5,2,11,2,4,5,10,0,3,10,10,5,0,9,2,11,14,10,3,7,6,6,7,9,7,12,3,8,11,8,8,10,5,2,2,0,7,5,1,5,8,2,13,2,3,6,6,7,1,10,4,10,3,11,6,3,1,11,9,11,8,14,1,8,5,8,9,3,14,9,13,0,12,13,1,9,14,13,5,3,13,14,1,14,1,4,1,11,0,13,10,11,14,14,10,7,4,12,1,14,12,1,4,5,14,7,11,4,9,1,6,6,5,0,4,2,13,6,4,14,4,13,9,10,6,12,8,2,13,3,3,0,2,12,10,8,11];[[0.34661995661142697,3.4661995661142697,1.0],[0.2286410960833074,2.286410960833074,1.0],[0.012392470279078194,0.12392470279078194,1.0],[0.9308270259025113,9.308270259025113,1.0],[0.3225145761620236,3.225145761620236,1.0],[0.0006954578022455582,0.006954578022455582,1.0],[0.2097170717940725,2.097170717940725,1.0],[0.5179602272351016,5.179602272351016,1.0],[0.7628222106217201,7.6282221062172,1.0],[0.3089717897377221,3.089717897377221,1.0],[0.15113122452813788,1.5113122452813788,1.0],[0.07045772229012492,0.7045772229012492,1.0],[0.8725064026541692,8.725064026541693,1.0],[0.3074981421409557,3.074981421409557,1.0],[0.272859759997538,2.7285975999753798,1.0]]
2c_Hurink_rdata_28_workers.fjs;2350.3695722627576;509840;[85,98,259,271,311,385,602,678,789,958,0,172,333,413,498,578,664,884,959,1022,0,5,192,357,451,595,718,761,828,1049,129,281,289,385,548,615,780,902,949,1022,32,430,494,570,668,732,754,826,874,941,0,117,494,523,595,732,847,885,925,1035,5,93,281,357,458,578,606,661,831,1064,82,292,379,439,595,661,754,798,949,996,172,219,249,492,539,664,741,828,901,1022,0,36,69,112,161,311,403,439,474,699,98,129,175,260,322,699,732,828,902,970,0,477,484,570,668,885,901,949,966,1022,168,191,281,292,415,451,761,901,996,1019,0,36,161,191,271,354,474,612,745,933,0,85,91,121,162,655,718,819,958,1012];[8,4,3,5,0,7,7,6,7,6,9,4,1,5,0,9,8,1,7,0,3,3,0,6,4,7,2,5,9,1,2,9,2,2,4,7,2,8,3,6,6,2,3,3,0,7,1,5,4,7,8,8,2,2,5,4,4,6,4,2,5,1,6,5,4,1,0,6,7,1,3,7,9,0,2,1,7,1,8,1,9,8,4,8,1,9,8,1,5,7,7,8,9,6,0,5,2,9,6,1,8,5,7,4,5,4,0,8,9,9,1,5,5,8,5,0,3,2,0,3,2,6,7,1,4,8,2,0,8,5,6,2,6,1,4,4,9,4,3,0,4,7,7,0,3,2,3,0,5,8];[3,7,2,14,10,10,11,5,7,3,13,8,2,14,13,3,10,1,6,10,2,12,14,5,5,14,9,14,11,1,5,10,8,3,6,7,6,7,12,5,6,1,9,10,1,8,10,3,12,0,5,12,8,14,1,4,12,5,5,9,2,11,12,1,0,13,8,2,13,5,14,13,12,2,4,8,7,11,8,1,7,5,5,3,8,13,13,4,3,14,0,5,13,13,4,5,4,6,7,12,3,0,13,1,5,8,1,9,9,4,9,8,10,9,14,3,0,7,7,9,2,10,3,0,0,4,3,8,9,3,8,0,9,0,1,9,12,12,12,0,3,5,9,9,1,11,11,5,2,11];[[0.8559393885152179,8.55939388515218,1.0],[0.8004839408308784,8.004839408308783,1.0],[0.5938433496209707,5.938433496209708,1.0],[0.8870093324131678,8.870093324131679,1.0],[0.741558169706834,7.4155816970683395,1.0],[0.8097670389513107,8.097670389513107,1.0],[0.2247324103169328,2.247324103169328,1.0],[0.9761818800633866,9.761818800633865,1.0],[0.6339038774096737,6.339038774096737,1.0],[0.5580285642552777,5.580285642552777,1.0],[0.4463526500656817,4.463526500656817,1.0],[0.28336462923826333,2.8336462923826335,1.0],[0.9019880415639555,9.019880415639555,1.0],[0.03268507148422006,0.32685071484220063,1.0],[0.4362825217209084,4.3628252172090844,1.0]]
2c_Hurink_rdata_28_workers.fjs;2332.7111274362474;2348580;[80,95,301,567,699,770,858,871,915,960,0,80,218,301,365,501,613,654,938,1008,0,162,239,336,384,622,770,834,899,961,116,264,326,481,565,630,731,801,848,1014,106,233,420,496,562,598,761,935,964,1052,225,239,375,404,506,574,675,702,741,805,0,155,234,316,340,435,540,803,858,976,0,80,167,424,607,731,761,902,961,1008,106,153,169,181,310,424,598,886,942,1002,177,264,297,375,496,529,540,886,918,940,95,167,301,391,435,452,484,565,694,1004,15,498,622,690,801,871,918,946,964,1014,0,31,167,228,264,300,348,529,597,1001,0,31,119,150,239,326,593,757,960,1059,0,181,234,272,326,423,486,506,792,848];[8,4,2,2,0,7,9,1,3,6,9,3,2,4,0,9,8,1,7,8,7,3,0,5,4,7,3,5,8,2,2,1,2,5,4,7,4,8,3,0,0,9,3,8,0,7,1,1,4,0,8,5,7,7,5,3,4,6,6,1,0,2,6,5,8,8,8,6,7,2,3,7,9,6,2,1,5,1,8,4,9,8,4,8,1,9,0,0,5,7,7,8,0,6,3,2,2,9,6,1,8,6,7,4,5,4,4,1,9,1,1,5,5,8,4,0,9,4,0,9,2,6,7,1,4,8,0,3,8,5,6,2,6,1,3,9,9,9,3,2,4,4,8,1,3,2,6,0,5,8];[14,14,14,7,5,13,0,0,3,10,8,10,13,7,4,12,4,2,5,5,5,1,14,8,3,12,5,10,12,14,5,8,6,5,2,7,11,7,5,2,6,11,9,8,6,0,10,13,0,7,2,1,5,12,3,1,12,12,0,6,1,3,2,8,14,1,13,11,14,1,14,13,0,5,8,7,7,8,8,9,1,11,10,10,4,13,6,2,4,12,14,5,12,13,2,5,8,4,0,9,3,13,13,2,14,14,14,5,8,0,6,0,0,13,9,4,11,7,3,3,6,7,2,7,0,3,9,10,9,14,4,9,4,4,6,2,14,2,6,11,2,7,12,8,0,11,10,11,1,1];[[0.5198238265685563,5.198238265685563,1.0],[0.9583988744400509,9.583988744400509,1.0],[0.3402956357666065,3.402956357666065,1.0],[0.7081849781179302,7.081849781179303,1.0],[0.9252189405445452,9.252189405445453,1.0],[0.05032666735654623,0.5032666735654623,1.0],[0.6613275461751585,6.613275461751585,1.0],[0.82711411373077,8.271141137307701,1.0],[0.8734961127808921,8.734961127808921,1.0],[0.5913019030238962,5.913019030238962,1.0],[0.11264722490163037,1.1264722490163037,1.0],[0.34477784983246407,3.4477784983246407,1.0],[0.011377599382669468,0.11377599382669468,1.0],[0.7909742881977946,7.909742881977946,1.0],[0.3277964015146908,3.277964015146908,1.0]]
2c_Hurink_rdata_28_workers.fjs;2381.8172890337964;973870;[0,13,86,146,260,351,439,452,615,658,128,260,418,633,687,774,858,897,972,1036,86,99,336,380,509,517,524,567,658,754,15,166,186,353,384,505,765,841,925,1032,0,52,186,303,412,452,476,520,729,891,0,8,77,105,186,254,360,480,747,1039,254,353,432,524,545,652,684,774,855,1032,0,105,186,351,418,525,554,615,946,1025,36,166,350,360,436,468,565,652,717,774,0,116,254,302,380,754,858,887,943,972,52,116,188,340,693,710,774,887,957,1025,311,425,433,508,622,718,855,925,946,1025,0,72,160,188,224,260,303,550,858,972,0,30,116,224,355,448,509,837,997,1096,86,182,262,402,593,687,754,774,855,897];[8,4,3,5,0,7,7,6,9,0,9,4,2,4,3,9,0,1,7,0,7,3,0,5,4,7,2,5,9,1,2,1,2,5,4,3,2,8,3,6,0,9,0,8,0,7,1,1,9,5,1,5,2,2,5,3,4,6,4,1,5,2,3,5,4,8,8,6,7,1,3,0,9,6,9,1,7,1,8,4,7,8,4,8,1,0,8,1,5,7,7,8,9,6,0,2,2,9,4,1,8,1,7,4,5,4,0,2,9,5,1,5,8,8,5,0,3,4,0,9,2,6,7,1,4,8,2,0,9,6,6,1,5,1,3,4,9,4,3,2,4,7,7,1,3,2,6,8,5,0];[3,13,0,7,12,13,11,11,1,5,14,10,4,4,2,13,5,13,5,10,13,12,14,11,13,7,9,11,6,13,0,3,4,3,2,6,3,7,6,12,11,2,5,3,6,10,10,11,14,11,5,12,4,8,3,1,9,5,5,5,6,6,1,7,14,3,7,8,9,13,8,4,14,4,14,2,7,3,8,9,6,10,7,0,3,12,13,12,12,14,14,5,14,13,1,8,13,14,0,7,11,10,13,2,11,10,12,10,9,4,5,7,7,8,9,1,14,5,12,11,6,11,2,7,0,8,2,5,2,13,1,5,0,7,8,9,3,6,6,12,6,7,5,9,0,13,1,6,12,8];[[0.18019241848515155,1.8019241848515155,1.0],[0.48736227300275514,4.873622730027551,1.0],[0.07759170039841756,0.7759170039841756,1.0],[0.5225667244081349,5.2256672440813485,1.0],[0.9196433340252647,9.196433340252646,1.0],[0.8762509611803474,8.762509611803473,1.0],[0.5029695910906639,5.029695910906638,1.0],[0.8160267976375112,8.160267976375112,1.0],[0.8059112000327816,8.059112000327817,1.0],[0.2140591090540045,2.140591090540045,1.0],[0.08805821114486456,0.8805821114486456,1.0],[0.20329737064426556,2.0329737064426556,1.0],[0.5837360924329463,5.837360924329463,1.0],[0.6737333796339059,6.737333796339059,1.0],[0.1608013027204077,1.6080130272040771,1.0]]
2c_Hurink_rdata_38_workers.fjs;4451.499701256308;156550;[115,176,380,541,752,1040,1130,1364,1724,1830,23,92,271,412,505,669,950,1109,1618,1951,337,379,467,509,572,628,741,1219,1610,1872,0,58,315,817,971,1038,1533,1579,1757,1931,58,238,488,628,1019,1112,1274,1364,1767,1925,62,210,406,513,1280,1344,1610,1642,1757,1824,172,350,566,812,878,1036,1343,1542,1898,1995,96,185,191,337,380,465,1140,1547,1880,2011,412,618,669,789,891,1041,1137,1410,1456,1698,618,740,964,1086,1200,1410,1454,1607,1830,1995,62,139,467,610,775,874,1245,1547,1691,1997,191,388,473,506,839,999,1579,1658,1750,1866,119,392,406,812,906,996,1008,1176,1646,2053,258,443,698,999,1284,1618,1724,1771,1890,1974,0,196,318,538,650,1130,1545,1642,1672,1890,13,91,443,605,700,996,1129,1263,1644,1971,46,262,411,564,578,816,1008,1057,1166,1565,0,270,554,669,1054,1452,1536,1610,1632,1724,0,81,426,693,878,1273,1284,1379,1781,1839,0,229,266,823,862,1175,1429,1470,1898,1974,151,245,337,372,673,741,906,940,1068,1245,252,287,426,505,650,971,1149,1167,1795,1897,0,271,337,413,506,538,701,1658,1771,1830,12,92,266,505,572,618,1141,1320,1697,1938,107,701,962,1129,1214,1343,1456,1533,1634,1974,12,1057,1112,1132,1214,1263,1456,1545,1885,1908,23,176,196,545,669,891,993,1214,1818,2053,0,287,578,597,828,1086,1166,1217,1263,1565,271,318,693,816,874,1358,1452,1815,1898,2019,807,839,950,962,1049,1141,1379,1488,1908,2004];[0,2,2,7,9,7,8,6,1,4,2,4,1,5,0,9,1,4,7,5,8,9,9,9,5,6,5,6,1,0,0,2,0,6,1,4,3,4,0,0,0,0,3,5,1,9,6,8,1,8,7,7,1,4,5,5,9,2,8,5,1,6,1,6,2,0,3,0,2,6,2,4,6,2,5,3,9,5,1,4,7,9,2,8,0,0,8,1,0,1,7,6,5,1,2,3,2,4,3,7,8,3,0,3,1,5,4,7,4,1,4,3,0,1,2,5,8,6,5,5,5,1,8,7,3,8,4,3,5,3,4,0,1,6,8,5,6,9,4,2,7,0,4,6,0,7,1,9,0,8,1,3,6,0,8,3,2,2,7,3,4,7,1,8,8,4,8,5,3,2,5,0,3,8,4,5,9,2,3,3,3,6,1,4,9,8,3,4,2,7,1,3,6,5,4,7,4,7,9,9,7,7,5,3,5,2,7,6,0,5,2,5,4,8,6,9,7,7,3,1,4,8,1,2,4,3,7,8,4,1,8,1,3,5,9,4,6,2,2,7,5,0,2,1,1,9,3,8,7,4,7,2,0,9,5,7,1,4,3,5,5,0,9,6,1,8,7,8,8,4,6,2,4,1,5,0,5,2,9,3,4,9,3,5,1,7,4,2,6,8,2,6,2,0,6,3,2,5,3,0];[3,7,1,14,2,14,14,8,2,4,12,12,7,1,10,5,5,10,14,2,11,8,7,4,2,3,12,4,2,4,3,4,14,6,7,8,12,3,8,10,10,13,3,6,2,13,9,2,14,13,2,14,1,6,4,12,13,7,0,3,0,7,1,3,5,7,3,8,1,8,8,12,9,0,3,3,3,14,13,12,3,7,7,11,0,11,13,3,14,2,8,9,1,9,10,13,11,12,2,4,11,10,2,1,14,14,0,8,13,3,5,5,14,5,10,13,5,1,12,12,0,9,11,9,9,1,9,1,14,12,9,7,11,3,0,9,10,13,7,2,10,8,13,3,3,1,7,3,6,9,0,14,12,10,0,12,9,10,0,1,9,12,10,13,12,12,8,7,12,12,12,14,6,2,12,12,2,10,10,5,8,7,6,6,10,12,7,5,6,8,1,1,6,8,13,7,12,2,11,7,6,10,5,9,14,10,4,13,9,2,8,5,10,13,10,5,0,6,3,14,9,0,10,5,11,9,1,8,2,1,10,9,1,14,8,13,5,5,9,8,4,8,6,2,13,7,3,10,14,5,11,13,4,6,0,14,4,5,0,0,1,8,2,3,11,11,11,3,7,10,14,2,13,14,0,1,8,14,11,6,10,3,13,8,7,14,5,11,6,11,5,3,0,0,0,8,9,0,12,14];[[0.7773566427005639,7.7735664270056395,1.0],[0.6698255595592497,6.698255595592498,1.0],[0.09913960392481702,0.9913960392481702,1.0],[0.35297051119014544,3.529705111901454,1.0],[0.4679077429008419,4.679077429008419,1.0],[0.5346837414708775,5.346837414708775,1.0],[0.9783090609123973,9.783090609123974,1.0],[0.13031535015865903,1.3031535015865903,1.0],[0.6712434682302663,6.712434682302662,1.0],[0.36422941594737557,3.6422941594737557,1.0],[0.48883570716198577,4.888357071619858,1.0],[0.20301221073405373,2.0301221073405373,1.0],[0.6661983755713592,6.661983755713592,1.0],[0.2276630312069321,2.276630312069321,1.0],[0.4580640582967631,4.580640582967631,1.0]]
2c_Hurink_rdata_38_workers.fjs;4306.225807585931;803200;[94,157,316,413,440,835,924,1502,1706,1913,116,827,1059,1148,1241,1379,1469,1592,1655,1940,188,327,1279,1582,1652,1726,1749,1823,1878,1971,75,142,221,292,301,927,1003,1126,1330,1495,127,377,790,834,932,1222,1636,1732,1842,1890,30,481,652,785,1114,1185,1247,1302,1357,1747,184,316,433,491,579,826,1247,1409,1461,1747,261,337,765,785,974,1036,1323,1351,1706,1895,261,377,463,729,924,1222,1422,1550,1597,1991,0,138,234,358,912,974,1262,1508,1781,1837,0,118,818,834,971,1185,1638,1727,1839,1913,349,508,543,651,872,912,1403,1515,1604,1893,319,420,496,930,1063,1211,1330,1540,1660,1839,206,221,424,533,704,876,1286,1432,1620,1767,30,52,527,615,688,729,750,790,932,1345,61,201,501,632,836,943,1003,1241,1357,1958,48,328,861,1099,1325,1418,1620,1656,1717,1773,301,559,732,790,1006,1063,1099,1435,1459,1559,292,572,662,763,912,1540,1727,1823,1878,1928,48,520,559,662,667,750,1014,1081,1176,1314,61,118,280,578,614,683,1039,1063,1414,1876,0,184,374,719,785,880,1000,1169,1176,1418,0,48,441,594,688,696,1046,1515,1717,1792,0,249,412,508,688,1055,1126,1435,1502,1672,119,249,337,427,549,654,683,835,1126,1490,138,254,407,712,732,1128,1239,1378,1409,1943,40,230,615,957,1031,1418,1515,1600,1666,1991,0,240,261,463,572,614,1351,1451,1540,1852,0,52,341,829,960,1066,1154,1327,1878,1982,9,97,187,997,1196,1379,1469,1604,1726,1792];[0,2,3,5,9,7,7,5,9,4,2,0,6,2,0,9,1,4,7,0,8,7,9,9,1,6,5,6,9,0,9,1,0,6,1,4,3,4,0,0,9,0,3,8,1,1,6,7,1,8,2,2,1,6,5,3,9,2,8,9,1,5,1,6,8,4,3,0,9,6,2,4,6,0,5,3,9,5,1,0,9,8,2,4,6,8,5,1,0,1,9,4,5,9,2,8,5,4,3,7,3,6,9,3,6,5,4,2,4,1,1,3,5,8,2,5,7,6,5,3,9,1,6,7,0,8,4,3,5,3,0,4,8,3,8,1,6,1,3,4,7,0,9,7,3,7,1,9,0,4,1,3,8,0,4,4,2,2,2,3,4,6,1,8,6,6,7,2,3,2,6,0,3,1,4,5,9,3,3,6,0,6,1,5,9,1,3,5,2,7,1,0,2,6,9,7,7,2,9,3,7,7,5,3,5,2,7,1,0,5,2,5,6,0,2,8,9,9,8,4,4,8,6,3,4,0,7,8,4,1,8,7,3,5,5,4,6,0,2,7,5,3,2,0,1,2,6,6,7,1,7,3,0,0,5,1,1,4,3,5,5,8,9,2,1,8,7,8,8,4,6,2,8,1,5,0,7,2,9,3,0,3,3,5,1,7,4,1,6,8,3,3,3,0,6,3,6,2,1,0];[6,2,11,1,2,5,1,11,13,9,14,3,2,14,14,4,1,8,1,12,11,3,5,0,13,2,10,9,1,0,12,5,13,6,2,7,0,3,6,9,7,2,1,13,3,13,9,6,10,11,5,14,10,6,2,7,13,7,0,1,4,5,4,10,0,11,3,10,10,2,8,12,10,14,3,12,3,14,12,14,1,9,4,3,5,0,6,2,10,8,8,3,5,12,12,9,9,12,0,6,14,1,4,11,8,11,2,8,5,10,7,5,2,14,6,11,3,0,12,13,0,8,12,2,7,0,14,1,7,14,3,7,3,9,8,1,8,9,3,14,10,9,3,6,3,2,1,5,12,11,13,14,10,9,7,9,13,12,5,9,0,4,2,4,8,1,1,4,8,11,6,14,5,13,3,4,12,2,7,5,9,2,4,12,6,7,0,3,9,2,1,0,4,10,12,2,5,5,12,4,1,3,12,9,1,10,5,10,9,8,10,5,10,13,10,0,1,6,3,8,1,10,10,5,2,1,5,3,3,1,9,14,6,8,5,6,1,13,6,5,8,11,6,11,13,8,7,2,14,1,11,10,12,1,0,13,1,7,13,4,4,8,7,0,1,0,4,6,6,10,2,1,12,7,6,12,3,14,10,0,3,11,8,7,7,8,5,9,4,6,4,0,14,4,10,12,2,11,5,12];[[0.7966509679599704,7.966509679599704,1.0],[0.05862623274803458,0.5862623274803458,1.0],[0.7602397739740907,7.602397739740907,1.0],[0.8627037401845356,8.627037401845355,1.0],[0.09127403464611428,0.9127403464611428,1.0],[0.9024924365975527,9.024924365975528,1.0],[0.7858960565941281,7.858960565941281,1.0],[0.40667966546103385,4.0667966546103385,1.0],[0.37447264465852026,3.7447264465852026,1.0],[0.6490262282913547,6.490262282913547,1.0],[0.40092466608569977,4.009246660856998,1.0],[0.5721109226277574,5.721109226277575,1.0],[0.6077930620255084,6.077930620255084,1.0],[0.05072389565884072,0.5072389565884072,1.0],[0.7370880093375713,7.370880093375714,1.0]]
2c_Hurink_rdata_38_workers.fjs;4456.888178037291;1074020;[135,618,694,923,1084,1470,1568,1577,1674,1769,162,195,894,1004,1132,1257,1465,1508,1702,2058,0,42,718,765,830,1237,1256,1331,1803,1891,180,530,573,646,933,983,1208,1386,1482,1643,0,107,136,216,471,564,609,951,1144,1647,191,277,309,336,372,779,968,1004,1300,1949,303,436,843,1127,1175,1299,1375,1574,1620,1794,34,117,284,571,747,974,1233,1387,1458,1984,0,52,117,389,828,1056,1219,1602,1794,1990,105,213,530,537,722,1081,1127,1304,1831,1961,0,77,288,529,744,883,968,1299,1719,2003,123,504,878,996,1116,1198,1300,1574,1647,1751,45,125,177,309,618,858,1665,1767,1844,2001,352,933,1160,1256,1384,1617,1679,1800,1827,1910,343,356,398,499,828,870,888,1523,1715,1883,48,162,504,1257,1724,1800,1831,1910,1962,2041,0,162,273,399,661,804,888,1059,1365,1730,8,62,195,253,287,336,573,693,1465,1547,313,397,499,610,676,876,1306,1414,1568,1860,162,277,313,499,676,747,1361,1404,1473,1674,0,356,594,765,1755,1844,1953,1961,2020,2038,0,117,213,395,450,530,858,1076,1175,1560,352,436,1004,1081,1175,1203,1385,1579,1703,2020,504,676,851,968,1003,1084,1154,1387,1439,1803,31,251,309,949,1233,1337,1406,1482,1568,1891,52,372,450,646,870,974,1076,1182,1442,1800,394,610,693,1366,1412,1470,1577,1665,1724,1974,8,135,156,201,273,646,751,888,1157,1962,62,483,780,887,1003,1084,1216,1322,1719,1845,105,240,376,533,718,951,1247,1515,1579,1891];[0,2,2,7,9,7,8,9,1,4,2,4,1,5,8,9,8,4,7,0,8,3,3,9,5,6,5,6,1,3,9,2,0,6,2,4,3,4,0,0,9,0,3,5,1,1,4,8,7,2,2,2,1,4,5,5,6,2,8,5,7,5,1,8,2,4,3,0,7,6,2,4,7,2,5,3,9,5,1,0,4,8,2,9,6,3,8,2,0,1,9,0,5,0,2,8,0,4,3,7,6,6,0,3,1,5,4,2,7,4,4,3,0,3,2,7,7,5,5,9,5,1,7,8,3,8,4,2,5,3,2,4,1,6,8,5,4,9,4,4,9,0,4,7,9,2,4,9,4,8,1,5,6,0,8,3,9,2,9,3,1,6,1,8,0,8,7,2,3,2,5,0,3,7,4,5,9,4,3,3,3,6,1,5,9,1,3,4,2,7,1,3,6,4,5,0,8,7,9,9,0,9,6,3,5,2,7,6,2,5,2,5,6,0,2,8,7,7,3,4,4,3,6,3,4,0,7,8,5,1,4,7,3,5,9,4,6,6,2,7,5,3,2,1,1,2,0,4,7,1,7,2,0,9,9,7,1,4,3,8,7,8,8,2,1,6,7,8,3,4,6,2,8,1,5,0,7,2,5,2,4,9,3,1,4,7,4,1,6,8,3,9,9,4,6,3,2,2,0,0];[14,7,5,9,10,3,14,10,14,9,2,4,7,12,4,2,10,1,8,4,11,8,4,4,13,8,11,14,6,13,9,9,9,6,4,2,14,12,13,2,7,14,5,2,3,13,14,10,2,11,5,12,1,0,4,3,12,7,0,8,14,2,14,3,5,7,3,7,6,1,2,10,13,10,3,7,1,14,6,12,1,6,7,8,4,13,4,8,14,8,8,7,1,0,2,13,14,13,5,4,12,0,4,6,14,12,11,5,6,11,6,5,4,9,11,7,4,13,12,3,3,1,1,12,10,12,7,4,4,14,0,3,1,3,8,5,1,13,9,2,11,11,10,8,9,1,8,5,5,14,9,3,14,1,13,12,11,9,3,8,0,7,3,9,13,2,1,4,10,10,12,14,6,9,8,3,0,3,8,9,5,11,11,12,9,5,3,10,2,7,0,5,6,14,8,1,7,2,6,4,10,7,13,12,0,10,4,13,7,1,2,2,8,5,1,12,2,10,9,4,9,4,4,5,13,8,11,7,0,13,0,12,10,8,2,1,0,1,12,3,14,10,10,14,6,8,9,14,10,1,1,3,3,9,11,0,9,3,0,2,13,8,14,0,5,2,0,3,8,9,4,13,1,14,2,1,2,3,11,14,10,13,8,14,8,8,12,9,14,0,4,11,1,7,10,0,0,0,12,6];[[0.5209484070219088,5.209484070219088,1.0],[0.42125020101147315,4.212502010114731,1.0],[0.22094517308324657,2.2094517308324657,1.0],[0.13033708391670573,1.3033708391670573,1.0],[0.48395776843282956,4.839577684328296,1.0],[0.6260889663051598,6.260889663051597,1.0],[0.6211218319323739,6.21121831932374,1.0],[0.707277595965894,7.07277595965894,1.0],[0.43539590023548325,4.3539590023548325,1.0],[0.04809800715767443,0.4809800715767443,1.0],[0.2254847064342842,2.254847064342842,1.0],[0.788548045160999,7.88548045160999,1.0],[0.42108890435006496,4.21088904350065,1.0],[0.5652029481252892,5.6520294812528915,1.0],[0.6764042610645917,6.764042610645918,1.0]]
2c_Hurink_rdata_38_workers.fjs;4537.478808576783;221650;[49,115,383,480,853,1179,1416,1717,1825,1930,353,383,686,867,961,1046,1155,1290,1667,1685,502,576,643,695,1227,1366,1663,1737,1876,1987,277,597,827,1292,1400,1574,1591,1902,1976,2057,0,155,287,332,377,901,1030,1685,1796,1975,200,408,872,918,1093,1198,1324,1659,1876,1937,84,377,576,656,747,859,864,1168,1177,1301,0,773,1006,1111,1160,1253,1300,1489,1964,2047,0,60,465,598,748,1011,1522,1785,1844,2051,179,253,475,918,1160,1400,1450,1527,1706,1953,84,287,365,529,648,747,1117,1423,1615,1693,186,287,549,686,1120,1160,1314,1389,1432,1987,110,877,948,1027,1173,1389,1488,1502,1574,1663,142,155,200,365,410,566,779,846,1046,2067,182,449,493,661,940,985,1006,1143,1234,1441,0,203,847,1021,1068,1202,1238,1690,1872,2054,0,138,184,253,544,872,918,1051,1317,1865,84,345,390,449,509,827,1234,1762,1872,1964,119,203,401,643,769,890,1143,1341,1833,1865,605,903,940,1022,1233,1363,1497,1591,1667,1717,0,64,493,598,1027,1173,1463,1471,1720,1739,83,483,529,603,655,942,1051,1388,1676,1780,49,185,603,770,933,1336,1471,1782,1930,2078,155,194,371,525,643,695,773,1250,1420,1787,107,119,440,655,748,1022,1260,1471,1776,1840,273,466,530,1160,1358,1522,1620,1870,1964,2009,0,328,345,449,619,1030,1130,1179,1937,2089,64,332,483,502,961,1004,1620,1739,1785,1831,95,655,694,1086,1287,1363,1416,1488,1571,1645,0,928,1108,1132,1202,1292,1317,1367,1979,2051];[0,2,2,7,9,7,7,6,9,0,2,4,6,5,3,9,8,4,7,0,8,9,8,9,1,6,5,1,1,3,1,5,0,6,1,2,3,4,0,0,0,4,2,5,1,1,4,7,1,2,2,2,1,4,5,3,9,2,8,5,1,5,1,6,8,4,3,0,2,6,2,4,7,0,6,3,9,5,1,4,9,9,2,4,0,8,8,2,0,1,0,0,5,1,2,8,0,4,3,7,3,6,1,3,1,5,4,7,4,4,4,3,0,8,2,1,8,5,5,9,9,1,8,7,0,8,4,2,5,3,4,0,1,6,8,5,4,1,3,2,7,0,4,6,0,7,4,9,4,8,1,3,6,0,8,4,8,0,9,3,4,6,1,8,8,4,8,2,3,2,5,0,0,7,7,5,9,3,3,6,3,6,1,5,9,1,3,4,2,7,1,0,2,5,5,0,8,2,9,9,6,7,0,3,5,9,7,1,2,5,2,5,6,0,2,9,8,9,3,4,4,8,6,3,4,0,7,8,4,1,8,7,3,5,9,4,6,2,2,7,5,0,2,0,1,2,0,8,7,1,7,3,0,0,9,7,1,4,3,8,5,0,9,6,1,6,7,8,8,4,6,2,8,1,5,0,7,2,5,3,4,3,3,5,1,7,4,3,6,8,3,6,2,4,6,3,2,2,1,7];[8,1,4,7,10,14,7,6,7,3,12,10,1,12,4,10,7,4,2,11,11,9,1,8,0,13,10,11,6,12,5,5,6,6,9,12,8,14,10,0,7,14,2,6,5,13,11,3,11,3,0,12,9,14,9,11,7,13,0,10,2,1,0,13,14,3,3,9,13,5,2,2,2,2,1,12,1,14,6,12,5,5,4,7,4,0,11,10,3,8,3,7,1,9,2,2,0,10,9,4,3,4,3,7,14,6,11,1,9,8,5,0,12,5,0,0,12,13,3,0,3,5,0,2,5,9,7,12,7,14,9,13,11,11,13,4,11,11,3,11,2,2,3,13,2,3,9,3,6,12,1,10,4,1,1,8,3,7,13,2,14,4,12,4,14,11,8,4,0,11,12,14,0,11,6,5,1,4,1,1,7,8,9,9,10,5,10,14,5,2,13,1,13,12,8,11,13,14,6,5,9,10,10,11,9,6,4,4,2,12,6,13,8,12,10,11,8,6,0,8,11,13,4,3,4,3,12,4,5,9,9,9,3,1,2,2,8,13,6,3,7,13,6,11,9,8,9,10,7,12,1,8,10,11,4,13,5,10,0,2,3,10,2,0,11,14,14,3,7,13,14,13,11,9,5,10,6,10,12,0,10,12,13,9,11,3,5,9,0,8,4,6,0,12,10,7,8,10,6,6];[[0.49734142093980327,4.973414209398033,1.0],[0.35999045686025677,3.5999045686025677,1.0],[0.7220617567237175,7.220617567237175,1.0],[0.44672126724761885,4.4672126724761885,1.0],[0.4533596515962979,4.533596515962978,1.0],[0.025925678678183073,0.25925678678183073,1.0],[0.33490089376309407,3.3490089376309404,1.0],[0.4755440242737675,4.755440242737675,1.0],[0.45132356511490823,4.513235651149082,1.0],[0.08788974506102976,0.8788974506102976,1.0],[0.29509671683068217,2.9509671683068217,1.0],[0.33863234208051063,3.3863234208051063,1.0],[0.9020959027552419,9.020959027552419,1.0],[0.7173473735926632,7.173473735926632,1.0],[0.8986159167700656,8.986159167700656,1.0]]
2c_Hurink_rdata_38_workers.fjs;4652.260848467068;281450;[83,330,867,892,925,1533,1650,1657,1955,1998,128,167,257,311,407,508,1086,1317,1831,1848,0,190,260,595,915,978,1104,1204,1660,1758,76,243,285,785,991,1277,1293,1776,1832,1984,158,467,550,921,1065,1108,1126,1211,1301,1920,196,299,440,445,503,607,1046,1265,1850,1941,0,111,317,381,508,591,596,794,1195,2025,0,190,402,799,1230,1293,1335,1382,1854,2073,222,350,550,758,850,1230,1474,1804,2037,2123,0,167,236,664,700,880,1300,1585,1694,1848,260,270,619,663,733,838,999,1630,1696,1776,30,436,664,978,1036,1160,1354,1696,1871,2135,567,607,619,687,892,1106,1362,1513,1593,1681,0,87,120,478,591,919,1083,1227,1743,2075,257,371,461,779,1126,1175,1681,1896,2093,2159,658,742,901,1254,1301,1554,1584,1780,2002,2123,299,386,445,867,1334,1421,1927,1974,2030,2039,0,495,1006,1171,1671,1780,1830,1996,2039,2123,33,236,508,596,1012,1160,1171,1818,1938,2054,30,628,785,1012,1259,1429,1671,1713,1780,2087,317,381,410,727,807,867,1850,1857,1921,1938,417,460,663,841,922,1006,1724,1758,1765,2018,41,121,190,569,991,999,1067,1388,1921,1971,0,110,459,666,701,745,1262,1369,1429,2142,96,257,524,711,826,1106,1178,1254,1523,2037,190,275,447,801,807,1301,1398,1482,1929,2002,128,692,711,875,1036,1083,1254,1584,1854,1971,0,76,101,350,422,460,1335,1668,1732,1771,111,397,801,999,1089,1160,1513,1585,1955,2054,0,76,207,559,687,779,1000,1046,1108,1431];[0,2,3,7,9,7,8,6,3,0,9,0,1,5,8,9,8,4,7,0,4,3,9,9,1,6,5,6,9,0,9,5,0,6,3,4,3,4,8,7,9,0,3,8,1,9,4,8,7,8,4,7,1,4,5,5,6,2,2,7,7,5,1,6,8,4,3,0,2,6,0,4,7,0,5,4,9,5,1,1,7,9,2,9,6,3,8,4,0,1,9,6,5,9,2,8,0,4,3,7,3,3,1,3,1,5,4,7,4,1,8,3,0,1,2,1,7,5,5,5,5,1,6,7,3,8,4,3,5,3,2,4,8,6,8,5,4,1,7,2,2,0,4,6,9,2,5,9,8,4,1,3,0,0,8,8,9,2,9,3,4,6,1,8,6,6,9,2,3,2,1,0,7,8,7,5,9,4,3,6,3,6,1,4,9,8,3,5,2,7,1,0,2,5,9,0,4,2,9,9,6,7,0,3,8,9,4,4,2,5,2,5,4,0,2,8,7,9,8,4,4,3,1,2,4,0,7,8,4,1,8,1,3,5,5,4,6,0,2,7,5,0,2,0,1,2,0,4,7,1,8,2,0,8,5,1,1,4,3,8,7,0,9,2,1,6,7,8,3,4,6,2,8,1,5,6,5,2,5,3,4,3,3,5,1,7,4,2,6,8,3,6,9,0,6,8,6,5,0,7];[13,9,11,8,2,13,3,8,11,12,7,8,9,7,2,10,8,11,8,11,11,14,6,6,11,5,2,4,7,4,12,5,2,6,1,2,12,3,9,1,7,1,13,13,5,6,13,10,7,14,0,14,1,8,4,11,9,13,3,0,0,4,12,5,14,2,3,0,1,8,1,10,5,14,3,0,8,14,1,0,13,12,11,5,12,13,10,3,3,8,8,5,1,9,10,0,9,12,9,7,3,10,1,12,9,13,11,10,13,10,3,0,4,8,10,0,3,10,12,12,9,12,10,2,4,3,14,1,0,14,2,4,11,6,0,5,9,2,14,12,8,11,7,2,5,7,12,0,6,6,6,10,12,7,1,11,14,9,14,7,0,1,14,8,12,1,5,7,0,13,7,9,4,4,6,0,0,3,11,3,6,12,2,4,14,7,3,4,3,2,9,9,2,2,4,6,10,0,13,13,1,0,10,12,3,3,5,5,8,12,9,14,13,9,0,12,4,6,2,10,11,10,11,5,4,13,11,7,1,5,9,9,11,8,5,11,3,13,2,5,9,2,6,8,6,8,9,6,3,12,9,13,4,12,0,10,9,1,13,2,12,3,4,14,11,10,9,6,10,10,12,9,11,14,7,6,4,3,5,6,0,12,4,4,7,11,5,11,13,1,13,8,1,7,0,4,6,13,14,12];[[0.4211249061401,4.211249061401,1.0],[0.9761073344853062,9.761073344853061,1.0],[0.6132800246752349,6.132800246752349,1.0],[0.6930423279788359,6.930423279788359,1.0],[0.5088628354481554,5.088628354481553,1.0],[0.18781156668551158,1.8781156668551158,1.0],[0.830121874145001,8.301218741450011,1.0],[0.8449241651217704,8.449241651217704,1.0],[0.20962821201639004,2.0962821201639006,1.0],[0.6505169872996391,6.505169872996391,1.0],[0.7003316191510263,7.003316191510263,1.0],[0.7150339547653067,7.150339547653068,1.0],[0.8091072451390076,8.091072451390076,1.0],[0.8451978833841938,8.451978833841938,1.0],[0.3695849781386673,3.695849781386673,1.0]]
2c_Hurink_rdata_38_workers.fjs;4488.9389977814435;719810;[103,166,254,288,530,683,1174,1371,1532,1865,135,167,797,923,1016,1103,1186,1512,1923,1984,0,221,335,467,555,650,727,1780,1874,1960,167,221,496,835,1016,1109,1176,1330,1412,2022,48,257,397,637,1222,1254,1512,1635,1734,2029,287,382,417,605,1342,1575,1630,1662,1923,1984,45,136,327,387,954,1075,1109,1176,1181,1347,278,382,555,845,963,1080,1247,1271,1561,1595,141,193,478,515,603,766,995,1176,1222,1411,0,221,290,760,800,1207,1296,1397,1479,1640,378,422,880,886,1075,1168,1314,1509,1939,2020,46,398,526,576,815,942,1097,1174,1412,1468,95,135,212,288,513,942,1360,1630,1734,2008,13,166,261,506,555,636,664,1271,1375,1662,0,320,439,526,619,1154,1509,1522,1810,1892,48,345,416,951,1179,1271,1298,1371,1553,1724,0,48,161,176,387,478,1369,1430,1714,1892,392,800,892,1033,1259,1560,1685,1824,1846,2021,220,304,643,727,789,976,1055,1127,1614,1832,148,420,669,801,806,1001,1399,1757,1824,2024,136,195,298,382,664,1186,1567,1602,1740,1840,363,397,439,683,753,835,922,1207,1810,1842,92,555,923,1066,1493,1501,1619,1806,1984,2067,446,717,950,1522,1635,1735,1806,1885,1946,2029,333,515,619,666,986,1254,1308,1668,2020,2029,0,45,287,382,666,1001,1296,1479,1785,1989,417,605,694,880,1379,1412,1510,1561,1734,1980,95,220,743,851,923,1379,1674,1846,1892,1939,45,460,700,1168,1479,1561,1806,1928,2008,2078,304,363,886,898,1247,1347,1567,1614,1674,1740];[0,2,2,7,9,7,7,9,3,0,9,0,1,2,0,9,8,4,7,8,8,9,3,9,5,6,5,1,9,0,9,1,2,6,2,4,3,4,0,0,0,0,2,8,1,1,6,8,1,2,4,7,1,4,5,3,4,2,8,9,7,5,1,6,8,4,3,0,2,6,2,4,6,0,5,4,9,5,1,0,4,8,2,4,6,3,5,1,0,1,9,6,5,0,2,8,2,4,3,7,8,0,9,3,1,5,4,2,7,4,8,3,5,1,2,7,7,6,5,5,9,1,7,8,0,8,4,3,5,3,2,6,1,6,8,5,4,1,7,4,2,0,5,7,9,2,5,9,0,4,1,5,6,0,4,8,9,2,9,3,1,6,1,8,8,8,8,2,3,2,6,0,0,8,4,5,9,2,3,3,3,6,1,4,9,1,3,4,2,7,1,3,6,5,5,7,8,2,9,9,7,7,5,3,5,9,4,6,0,5,2,5,4,8,6,8,7,7,3,1,4,3,1,2,9,0,7,8,5,1,2,1,3,5,9,4,6,6,2,7,5,3,2,0,1,2,3,6,7,1,7,3,0,0,9,6,1,4,3,8,7,0,9,6,1,6,7,8,8,4,6,5,8,1,5,0,5,2,5,4,4,3,3,1,1,7,4,3,6,8,3,9,9,4,6,8,2,5,0,7];[4,8,14,6,10,13,0,9,11,1,5,11,9,14,3,5,10,10,9,2,1,4,5,6,12,14,10,11,10,3,5,13,14,6,4,0,12,1,10,10,0,8,4,13,2,13,9,5,3,4,8,14,9,4,10,11,12,7,0,8,14,7,14,5,10,6,3,9,13,6,1,3,13,7,3,7,1,14,6,14,1,1,7,0,9,8,9,3,3,2,8,5,5,12,7,9,0,13,5,14,0,9,1,6,9,11,12,12,5,7,1,3,2,13,12,11,12,7,12,12,5,8,0,12,4,8,14,0,5,14,2,2,2,1,8,3,4,0,14,9,7,6,3,9,12,0,14,0,2,14,9,4,0,1,4,1,11,7,5,2,0,5,14,13,12,5,8,7,10,4,11,14,0,14,12,14,1,10,8,12,7,13,10,1,2,7,0,1,3,0,0,14,6,1,8,13,11,0,13,3,6,10,9,9,1,6,7,1,0,6,7,13,2,3,6,11,8,10,8,5,13,1,7,8,10,8,13,3,0,2,13,9,5,2,10,6,9,6,4,8,7,2,10,12,6,8,3,3,1,1,10,6,14,8,7,11,13,9,2,2,8,3,2,2,5,0,4,12,7,10,2,10,14,14,4,13,8,14,3,9,10,11,4,7,13,2,7,1,13,11,4,1,8,12,2,4,10,6,11,12];[[0.4831103964860096,4.831103964860096,1.0],[0.9021829992468611,9.02182999246861,1.0],[0.5374571935128641,5.374571935128642,1.0],[0.8761340971511191,8.761340971511192,1.0],[0.573156942708234,5.7315694270823405,1.0],[0.994523847851402,9.945238478514021,1.0],[0.3574465703190305,3.574465703190305,1.0],[0.6617299629663892,6.617299629663892,1.0],[0.4882872262788658,4.882872262788657,1.0],[0.5726412824777106,5.726412824777106,1.0],[0.32388398325139345,3.2388398325139347,1.0],[0.8072354510963532,8.072354510963532,1.0],[0.8087324055796944,8.087324055796945,1.0],[0.660852452150834,6.60852452150834,1.0],[0.5802577271631468,5.802577271631469,1.0]]
2c_Hurink_rdata_38_workers.fjs;4777.227078440162;221290;[53,260,342,369,478,897,1521,1891,2015,2171,136,214,422,478,1097,1264,1432,1679,1767,2235,9,104,360,973,1040,1219,1239,1327,1969,2176,0,150,189,558,660,957,1266,1983,2012,2094,109,387,473,677,722,798,1212,1612,2090,2143,0,104,145,150,245,760,865,902,1202,1927,0,105,197,524,685,762,1199,1389,1394,1721,197,435,608,627,811,843,865,1820,2012,2028,217,422,1172,1390,1478,1526,1551,1777,1827,2072,642,725,879,932,974,1178,1526,1593,1725,1910,0,627,747,932,1239,1414,1532,1548,1802,2011,51,130,685,947,1074,1501,1634,1777,2031,2107,0,342,354,548,813,1165,1297,1425,1709,1807,0,455,767,996,1230,1545,1637,1694,1888,2118,40,539,623,908,1056,1244,1362,1425,1637,2118,539,897,1021,1264,1312,1820,1851,1951,2027,2128,307,398,524,908,920,1019,1316,1358,1414,2192,105,342,747,808,987,1106,1626,1692,1771,1862,112,197,274,529,1106,1219,1297,1559,1612,1676,130,419,565,718,728,798,920,1358,1721,1946,396,455,642,685,947,1040,1106,1501,1593,2094,0,195,481,767,990,1074,1502,1802,2062,2099,60,130,274,472,710,1039,1140,1347,1478,2191,441,473,594,843,1141,1725,1820,1899,1951,2027,722,808,813,1165,1264,1362,1694,1810,2081,2093,170,415,584,1035,1042,1102,1376,1548,1784,1993,0,196,473,567,623,915,1035,1453,1927,2215,322,396,415,1471,1545,1611,1626,1676,2062,2135,13,321,517,753,844,1082,1140,1423,1567,2176,51,217,405,605,808,908,973,1114,1196,1810];[0,2,3,7,9,7,7,5,3,4,2,4,1,5,3,9,8,4,7,5,8,7,9,9,1,6,5,6,9,0,0,1,2,6,2,2,3,4,0,0,9,0,3,5,1,9,4,5,7,5,7,2,1,4,5,5,4,2,2,9,1,5,1,8,8,0,3,0,7,6,0,4,6,8,5,4,9,5,1,1,7,8,2,4,0,8,8,2,0,1,7,4,5,9,2,8,0,4,3,7,8,6,1,3,6,5,4,2,4,4,8,3,0,1,2,5,8,6,5,9,9,1,8,7,3,8,4,2,5,3,4,6,1,3,8,1,6,9,4,2,9,0,9,6,3,0,1,9,0,8,1,5,6,0,4,3,8,1,2,3,4,7,1,8,0,8,8,5,3,2,1,0,3,8,7,5,9,3,9,3,0,6,1,4,9,8,3,5,2,7,1,0,2,4,9,7,8,2,9,3,6,7,5,3,5,9,4,6,0,5,2,5,6,0,2,8,7,7,3,1,4,8,6,2,4,3,7,8,4,1,4,7,3,5,5,4,6,6,2,7,5,3,2,0,1,9,0,8,7,4,7,2,0,0,5,1,1,4,3,5,5,8,8,6,1,6,7,8,8,4,6,2,4,1,3,0,7,2,9,4,4,9,3,1,1,7,4,3,6,8,3,9,9,0,6,3,4,2,1,7];[0,13,2,1,10,1,6,4,7,0,4,12,10,13,1,1,3,8,14,8,11,6,0,7,14,0,12,13,1,12,1,7,14,6,4,0,10,14,8,2,13,13,1,6,2,0,13,6,7,7,12,12,10,2,4,3,3,7,14,3,14,8,9,3,12,11,3,8,12,3,8,5,0,5,3,4,11,14,10,0,11,6,2,0,1,5,2,3,7,10,8,0,1,12,13,0,8,14,8,0,6,10,8,6,8,9,12,12,8,6,7,14,14,8,0,13,4,12,12,12,2,0,10,9,9,12,6,4,11,14,9,7,11,6,7,1,8,13,10,3,8,14,1,9,3,1,4,5,13,9,1,8,13,4,10,12,3,8,9,8,11,9,14,2,5,5,3,1,13,4,1,14,2,14,9,8,1,2,4,13,9,3,14,3,14,6,5,3,3,0,7,3,4,4,14,8,11,5,6,5,7,1,9,9,2,8,5,9,5,8,8,5,4,7,0,10,4,10,3,1,13,0,7,5,4,6,12,3,0,9,5,12,11,14,4,10,9,8,12,5,13,1,6,10,9,8,9,10,1,11,1,12,7,9,4,6,2,7,0,3,3,12,14,10,6,10,11,7,7,13,7,2,14,2,14,1,0,3,13,4,10,1,2,3,13,2,5,14,13,2,11,1,5,12,2,12,12,13,4,1];[[0.34661995661142697,3.4661995661142697,1.0],[0.2286410960833074,2.286410960833074,1.0],[0.012392470279078194,0.12392470279078194,1.0],[0.9308270259025113,9.308270259025113,1.0],[0.3225145761620236,3.225145761620236,1.0],[0.0006954578022455582,0.006954578022455582,1.0],[0.2097170717940725,2.097170717940725,1.0],[0.5179602272351016,5.179602272351016,1.0],[0.7628222106217201,7.6282221062172,1.0],[0.3089717897377221,3.089717897377221,1.0],[0.15113122452813788,1.5113122452813788,1.0],[0.07045772229012492,0.7045772229012492,1.0],[0.8725064026541692,8.725064026541693,1.0],[0.3074981421409557,3.074981421409557,1.0],[0.272859759997538,2.7285975999753798,1.0]]
2c_Hurink_rdata_38_workers.fjs;4564.6332485991625;1449530;[0,482,593,859,1056,1143,1318,1520,1613,1906,307,586,825,1066,1234,1613,1706,1892,1941,2145,299,349,579,686,1001,1064,1685,1771,1832,2054,496,586,628,705,779,881,1113,1154,1184,1948,45,107,802,927,977,1064,1346,1431,1601,1903,111,198,447,452,628,1350,1514,1818,2013,2074,171,585,774,807,897,1277,1401,1690,1745,2011,82,154,372,453,497,540,920,1401,1472,1856,392,620,996,1063,1378,1431,1521,1600,1763,1873,198,284,774,781,980,1072,1276,1718,1871,1957,299,355,447,453,517,986,1066,1081,1780,1901,198,517,653,742,829,869,1335,1590,1628,1862,0,157,355,479,916,1050,1184,1244,1472,1858,479,563,701,871,1153,1234,1282,1923,1950,2050,97,550,822,1244,1533,1685,1706,1718,1833,2001,82,447,812,903,1199,1317,1600,1763,1857,2050,34,82,372,571,667,758,1229,1321,1764,1919,246,281,338,469,502,829,1262,1328,1468,1838,0,230,307,376,447,903,1013,1159,1648,2054,812,825,1014,1154,1159,1229,1755,1953,2021,2071,128,284,469,565,927,997,1081,1488,1695,2115,46,121,163,230,281,973,1383,1478,1560,1661,54,230,307,365,739,854,1457,1862,1947,2024,0,34,111,211,302,401,508,593,705,805,109,211,458,616,888,1109,1457,1566,1590,1986,0,46,109,277,781,1486,1578,1802,1833,2107,284,584,945,1082,1200,1277,1400,1802,1947,2035,0,698,720,1126,1264,1628,1706,1873,2071,2114,0,627,669,881,897,1325,1431,1680,1763,2074,563,714,1328,1340,1407,1498,1520,1566,1626,1915];[0,2,2,7,9,6,7,9,3,0,3,4,1,5,8,9,8,4,7,5,8,9,3,9,1,6,5,1,9,0,0,5,2,6,2,4,3,4,0,0,9,4,3,8,1,1,4,8,7,5,7,0,1,6,5,5,4,2,8,5,1,6,1,8,2,4,3,0,9,6,2,4,7,0,5,3,9,5,1,0,7,8,2,8,0,0,8,2,0,1,7,4,5,9,2,3,0,4,3,7,3,6,0,3,1,5,4,7,7,1,8,3,0,3,2,5,8,6,5,5,9,1,8,8,3,8,4,2,5,3,4,4,1,3,8,5,4,9,3,2,9,0,9,6,0,7,4,9,4,4,1,5,8,0,4,4,8,2,7,3,1,6,1,8,8,8,9,2,3,2,5,0,3,7,7,5,9,3,3,6,3,6,1,5,9,8,3,5,2,7,1,0,2,5,9,7,7,2,9,4,0,7,6,3,5,9,4,1,0,5,2,5,6,0,2,8,7,7,3,1,4,3,6,2,4,3,7,8,4,1,2,7,3,5,9,4,6,0,2,7,5,3,2,1,1,2,0,6,7,1,8,5,0,8,5,7,1,4,3,8,5,8,9,6,1,6,7,8,8,4,6,5,4,1,5,6,7,2,9,3,4,3,3,1,4,7,4,2,6,8,2,6,9,9,6,9,6,5,0,6];[6,5,7,3,2,4,0,14,12,2,8,12,10,1,2,14,3,14,9,8,10,10,3,4,11,11,2,1,9,4,7,5,3,6,4,10,7,1,13,2,12,1,2,13,5,13,13,10,7,7,7,5,9,6,9,3,12,7,0,8,13,4,14,3,10,7,3,5,9,11,0,5,11,4,3,0,0,14,2,6,13,7,4,14,4,13,3,4,11,7,2,13,1,12,8,5,9,12,13,4,6,9,2,12,14,6,9,9,3,11,7,1,10,9,6,13,11,5,3,12,3,14,7,8,1,13,5,4,11,14,9,5,1,7,8,5,13,13,5,6,11,13,11,6,2,3,8,1,0,12,6,1,14,5,10,12,8,4,1,10,0,5,14,9,13,5,9,4,10,12,12,14,8,6,6,4,1,3,1,5,11,3,11,3,0,12,3,7,5,7,0,0,4,10,14,0,5,14,13,5,4,1,13,10,9,12,7,13,0,0,10,13,10,0,0,0,12,6,9,10,3,10,7,5,5,7,13,3,0,3,0,2,12,8,1,8,11,11,2,5,3,1,10,1,6,8,9,5,0,1,10,13,8,6,0,4,1,2,2,2,2,8,3,6,5,10,9,12,6,12,8,10,9,9,3,9,7,10,9,10,7,14,11,5,8,5,12,11,14,11,7,6,8,6,7,3,6,6,13,8];[[0.8559393885152179,8.55939388515218,1.0],[0.8004839408308784,8.004839408308783,1.0],[0.5938433496209707,5.938433496209708,1.0],[0.8870093324131678,8.870093324131679,1.0],[0.741558169706834,7.4155816970683395,1.0],[0.8097670389513107,8.097670389513107,1.0],[0.2247324103169328,2.247324103169328,1.0],[0.9761818800633866,9.761818800633865,1.0],[0.6339038774096737,6.339038774096737,1.0],[0.5580285642552777,5.580285642552777,1.0],[0.4463526500656817,4.463526500656817,1.0],[0.28336462923826333,2.8336462923826335,1.0],[0.9019880415639555,9.019880415639555,1.0],[0.03268507148422006,0.32685071484220063,1.0],[0.4362825217209084,4.3628252172090844,1.0]]
2c_Hurink_rdata_38_workers.fjs;4630.810724729334;227100;[0,172,725,772,1133,1224,1613,1649,1874,2134,380,431,524,581,704,874,1405,1548,1832,2129,592,633,1020,1070,1133,1225,1305,1380,1655,1958,63,118,475,776,942,1356,1445,1476,1766,1856,408,611,719,771,1093,1334,1442,1710,1815,1859,0,254,776,1042,1380,1542,1613,1694,1832,1917,83,173,298,357,362,1416,1476,1847,2054,2124,32,175,533,682,740,772,1332,1458,1542,1943,59,127,752,772,1104,1153,1532,1639,1883,2026,0,83,331,344,629,706,823,896,1064,1314,434,629,747,1000,1070,1669,1751,1791,1985,2090,103,975,1224,1281,1436,1548,1625,1737,1775,1831,0,46,59,442,531,908,1075,1874,1958,2169,462,475,710,993,1120,1196,1332,1371,1458,1548,159,172,338,669,701,896,1529,1542,1679,2070,781,859,1281,1372,1416,1505,1780,1980,2036,2115,299,362,434,693,817,942,993,1379,1436,1889,308,357,442,499,699,799,954,1617,1849,2036,51,151,234,524,592,682,795,1282,1755,1936,327,344,380,462,669,929,1224,1249,1598,1683,546,682,914,960,975,1371,1676,1683,1748,1831,0,265,351,644,776,1255,1607,1648,2024,2088,181,233,310,431,633,799,908,1196,1336,1766,533,1025,1117,1217,1445,1594,1775,1883,1980,2054,105,639,799,1008,1439,1751,1780,1857,1927,2053,0,51,214,254,381,535,859,1249,1543,1864,173,310,412,460,505,1023,1120,1620,1943,2063,0,111,565,638,924,993,1253,1334,1390,1927,254,299,858,990,1000,1405,1766,1859,1958,2032,129,159,254,308,676,1217,1532,1617,1960,2036];[0,2,2,5,9,7,8,6,9,0,3,4,6,5,0,9,1,4,7,0,4,7,9,9,1,6,5,6,9,3,0,1,2,6,1,9,3,4,0,7,0,0,3,8,1,1,6,7,1,8,4,7,1,6,5,5,6,2,2,9,7,5,1,6,8,0,3,0,2,6,2,4,7,2,5,3,9,5,1,4,9,8,2,9,0,0,8,2,0,1,7,6,5,1,2,8,2,4,3,7,8,3,9,3,6,5,4,2,4,1,4,3,9,1,2,7,7,6,5,9,5,1,8,8,3,8,4,3,5,3,2,0,1,6,8,1,6,1,7,2,2,0,5,6,9,2,5,9,8,8,1,5,8,0,8,8,8,0,9,3,4,6,1,8,8,6,8,2,3,2,5,0,7,7,7,5,9,2,4,6,3,6,1,4,9,8,3,4,2,7,1,3,2,5,5,7,4,2,9,4,0,9,0,3,5,9,4,1,0,5,2,5,4,0,7,9,7,9,3,4,4,8,6,3,4,0,7,8,4,1,8,0,3,5,9,4,6,6,2,7,5,0,2,1,1,9,3,6,7,1,8,5,0,9,9,1,1,4,3,5,7,8,9,6,1,8,7,8,8,4,6,2,8,1,3,0,5,2,4,2,4,3,3,1,4,7,4,1,6,8,2,9,3,9,6,3,6,5,1,0];[4,13,12,10,13,1,14,8,11,9,1,12,1,1,5,11,6,8,1,14,11,6,14,6,9,5,11,11,6,10,11,2,14,6,7,1,10,6,10,3,4,12,10,13,2,13,9,5,11,4,0,8,9,6,4,13,4,13,12,5,1,4,7,12,0,10,3,13,1,13,9,12,3,0,3,14,1,14,6,12,5,5,0,3,11,11,4,14,2,8,8,8,1,11,2,13,8,9,5,6,8,7,4,12,14,2,11,1,9,10,6,4,11,3,7,11,1,1,12,0,5,5,10,7,2,0,8,0,11,14,2,9,9,7,0,5,8,7,8,2,9,8,10,1,11,3,14,1,4,9,0,10,14,12,0,1,3,7,3,8,4,7,0,4,12,1,11,9,2,12,12,9,10,10,6,6,0,10,8,7,3,11,3,9,0,9,14,7,0,1,13,5,13,9,8,13,13,4,13,3,14,5,10,11,10,13,5,10,9,5,6,14,3,3,2,8,0,6,10,0,1,10,9,3,4,8,12,3,0,9,10,13,10,14,2,9,6,13,2,5,0,10,10,1,13,3,2,2,1,11,3,12,10,12,6,5,1,9,3,7,7,8,11,1,0,0,12,3,6,13,14,12,7,14,14,1,13,3,1,3,0,11,4,6,4,14,7,9,0,0,13,0,11,14,2,7,0,2,5,6];[[0.5198238265685563,5.198238265685563,1.0],[0.9583988744400509,9.583988744400509,1.0],[0.3402956357666065,3.402956357666065,1.0],[0.7081849781179302,7.081849781179303,1.0],[0.9252189405445452,9.252189405445453,1.0],[0.05032666735654623,0.5032666735654623,1.0],[0.6613275461751585,6.613275461751585,1.0],[0.82711411373077,8.271141137307701,1.0],[0.8734961127808921,8.734961127808921,1.0],[0.5913019030238962,5.913019030238962,1.0],[0.11264722490163037,1.1264722490163037,1.0],[0.34477784983246407,3.4477784983246407,1.0],[0.011377599382669468,0.11377599382669468,1.0],[0.7909742881977946,7.909742881977946,1.0],[0.3277964015146908,3.277964015146908,1.0]]
2c_Hurink_rdata_38_workers.fjs;4805.46062639025;1014170;[70,446,546,838,895,982,1296,1888,2051,2107,130,381,612,722,1121,1398,1522,1651,1922,2164,156,234,366,724,1080,1175,1650,1901,2094,2187,0,81,612,1040,1049,1113,1267,1782,1810,1938,60,338,493,867,1143,1270,1287,1384,1571,2028,0,474,579,860,1013,1077,1143,1175,1479,1988,83,178,433,672,969,1399,1625,1723,1965,2114,142,300,543,563,806,938,1080,1128,1493,1801,338,656,704,876,973,1372,1399,1482,1635,2081,391,876,1202,1210,1347,1482,1779,1944,2113,2178,538,727,860,1128,1384,1476,1635,1779,1820,2001,81,270,477,664,877,1167,1621,1951,2171,2228,297,566,624,704,1113,1225,1248,1482,1845,2241,234,345,369,433,477,919,1599,1692,1738,2166,223,569,982,1233,1287,1329,1347,1494,1587,1897,0,293,366,525,862,938,1197,1270,1362,2054,34,81,128,143,190,558,862,1077,1562,1910,369,393,444,509,566,614,796,1129,1845,1970,293,529,704,1049,1113,1237,1571,1697,1849,2085,143,697,1196,1293,1329,1447,1760,1782,1849,2171,130,234,393,477,793,1544,1770,2035,2090,2129,86,117,162,605,917,1041,1205,1225,1233,1810,249,300,677,1296,1390,1722,1901,1932,2129,2186,0,252,573,771,964,1528,1760,1837,1944,2028,0,14,117,201,771,1450,1650,1736,1760,1965,178,391,503,951,1210,1390,1718,1910,1944,2084,0,616,656,999,1223,1270,1490,1642,2018,2186,272,345,614,866,1390,1430,1566,1613,2090,2129,19,109,162,466,493,697,793,917,1476,1550,239,428,612,973,1550,1697,1981,2030,2113,2179];[0,2,3,5,9,7,7,6,9,0,9,4,6,2,8,9,1,4,7,8,8,9,9,9,1,6,5,1,9,0,9,1,2,6,3,4,3,4,0,7,9,0,3,5,1,9,4,7,7,2,2,7,1,6,5,5,6,2,2,5,7,6,1,6,8,0,3,0,9,6,2,4,7,2,5,3,9,5,1,1,7,8,2,4,0,0,8,4,0,1,7,0,5,0,2,8,5,4,3,7,3,6,1,3,6,5,4,7,7,1,4,3,9,3,2,1,7,5,5,9,9,1,7,8,0,8,4,3,5,3,4,6,1,3,8,5,4,1,3,2,7,0,9,7,9,2,1,9,8,8,1,5,8,0,8,8,9,0,2,3,4,6,1,8,0,8,9,2,3,2,6,0,0,7,7,5,9,4,3,3,3,6,1,4,9,8,3,4,2,7,1,0,6,5,5,0,4,2,9,3,0,7,6,3,8,2,7,4,0,5,2,5,4,8,6,8,8,7,3,4,4,8,6,3,9,3,7,8,4,1,4,7,3,5,5,4,6,6,2,7,5,0,2,1,1,2,6,6,7,1,7,2,0,0,5,1,1,4,3,8,7,0,9,6,1,8,7,8,8,4,6,5,4,1,3,0,5,2,4,2,0,3,3,1,1,7,4,2,6,8,3,6,9,4,6,3,6,5,1,6];[10,7,14,12,2,9,4,14,14,12,10,4,13,14,12,7,5,8,9,2,0,13,0,9,11,2,2,5,13,4,9,11,3,6,1,2,4,12,7,1,7,3,13,0,5,9,6,2,9,4,1,14,1,6,4,3,11,13,8,11,3,12,10,12,0,12,3,7,5,4,11,14,7,13,3,13,9,10,11,2,13,8,2,3,12,11,1,3,1,8,8,7,5,12,9,10,1,8,3,7,6,3,3,3,6,14,7,10,5,0,13,1,11,9,6,14,11,11,3,11,6,1,5,7,7,1,13,1,6,14,8,12,14,11,8,12,1,3,3,14,7,6,11,6,9,1,4,5,14,11,6,1,1,12,13,9,11,8,14,5,11,5,14,8,5,0,9,4,9,12,12,9,0,10,9,8,1,2,1,13,4,5,8,7,8,13,0,11,2,7,14,5,2,0,8,13,5,0,11,6,1,9,5,9,11,10,1,9,0,2,0,2,13,7,6,12,9,6,10,12,2,0,10,5,10,0,4,7,9,2,12,3,11,8,13,6,11,14,9,3,5,10,6,0,6,8,4,5,14,10,7,13,1,14,4,5,13,3,13,2,3,1,7,10,0,11,4,12,6,10,8,8,9,11,0,11,4,10,9,0,0,7,2,13,9,0,7,5,0,13,4,3,5,3,2,8,2,1,5,12];[[0.18019241848515155,1.8019241848515155,1.0],[0.48736227300275514,4.873622730027551,1.0],[0.07759170039841756,0.7759170039841756,1.0],[0.5225667244081349,5.2256672440813485,1.0],[0.9196433340252647,9.196433340252646,1.0],[0.8762509611803474,8.762509611803473,1.0],[0.5029695910906639,5.029695910906638,1.0],[0.8160267976375112,8.160267976375112,1.0],[0.8059112000327816,8.059112000327817,1.0],[0.2140591090540045,2.140591090540045,1.0],[0.08805821114486456,0.8805821114486456,1.0],[0.20329737064426556,2.0329737064426556,1.0],[0.5837360924329463,5.837360924329463,1.0],[0.6737333796339059,6.737333796339059,1.0],[0.1608013027204077,1.6080130272040771,1.0]]
2c_Hurink_rdata_50_workers.fjs;12961.07190230921;3595460;[2193,3720,5126,5683,634,1964,2678,5009,804,1155,2797,4393,817,1308,4284,4480,0,634,1799,3639,0,1137,1604,3229,957,1941,2063,4790,0,1279,3473,3495,981,1277,2138,2619,1881,3865,4663,5755,1085,3495,4480,5297,940,2441,3391,4284,0,3173,3953,5339];[0,1,2,3,0,1,2,1,3,1,0,1,3,1,2,0,0,1,0,3,2,3,2,1,0,1,0,3,3,0,1,0,0,3,3,3,2,1,1,1,0,1,2,0,2,1,2,3,1,3,3,3];[3,2,3,0,4,4,2,2,3,4,3,3,1,1,1,0,4,0,5,1,2,3,0,0,2,1,1,4,3,2,0,5,2,3,0,1,2,3,5,1,2,0,1,5,5,5,4,2,1,1,0,1];[[0.7773566427005639,7.7735664270056395,1.0],[0.6698255595592497,6.698255595592498,1.0],[0.09913960392481702,0.9913960392481702,1.0],[0.35297051119014544,3.529705111901454,1.0],[0.4679077429008419,4.679077429008419,1.0],[0.5346837414708775,5.346837414708775,1.0]]
2c_Hurink_rdata_50_workers.fjs;12929.262958912886;3002170;[477,1461,3812,4380,0,1255,2281,5225,347,1308,2556,4982,0,3507,4134,4330,1081,3528,4330,5140,335,2581,3016,3297,323,1614,2401,2721,1777,3270,4958,5147,360,1396,3297,3830,0,797,3178,4053,797,997,1636,4096,1699,2401,4625,5518,0,280,1196,4796];[0,1,2,3,0,3,2,1,0,1,0,1,3,0,2,0,0,1,2,3,3,3,2,1,0,1,0,3,3,3,1,0,0,2,2,3,2,1,0,0,2,2,1,1,0,1,2,3,1,1,2,3];[3,0,4,5,4,5,5,3,5,4,0,2,5,3,1,0,3,1,1,1,4,3,5,5,3,2,4,4,3,0,2,5,5,1,2,5,2,2,3,3,0,5,4,2,2,2,4,1,1,0,0,1];[[0.7966509679599704,7.966509679599704,1.0],[0.05862623274803458,0.5862623274803458,1.0],[0.7602397739740907,7.602397739740907,1.0],[0.8627037401845356,8.627037401845355,1.0],[0.09127403464611428,0.9127403464611428,1.0],[0.9024924365975527,9.024924365975528,1.0]]
2c_Hurink_rdata_50_workers.fjs;12925.785109715056;3320670;[722,1478,2971,3289,1326,1649,2698,4692,0,993,2401,4458,2636,3653,4458,5028,104,2973,3464,4056,1473,2504,3464,4236,2377,2951,3231,4370,11,1478,3361,3763,0,104,993,4965,702,1649,2349,4817,2183,3464,3751,5375,11,2126,4656,5549,1146,2038,3023,3712];[0,1,3,3,0,1,2,1,3,1,0,1,3,1,2,0,0,1,0,3,2,3,2,1,0,1,0,3,3,3,0,0,0,1,3,3,2,0,2,0,0,1,2,1,2,1,2,3,1,3,0,3];[3,2,4,0,4,4,2,5,4,4,0,5,5,5,2,3,3,3,4,1,3,5,3,2,2,3,1,1,5,0,4,0,2,0,5,1,1,2,3,3,2,1,3,0,4,4,4,1,0,1,1,1];[[0.5209484070219088,5.209484070219088,1.0],[0.42125020101147315,4.212502010114731,1.0],[0.22094517308324657,2.2094517308324657,1.0],[0.13033708391670573,1.3033708391670573,1.0],[0.48395776843282956,4.839577684328296,1.0],[0.6260889663051598,6.260889663051597,1.0]]
2c_Hurink_rdata_50_workers.fjs;12795.010322762759;4269780;[1061,2111,2511,5647,738,1634,4615,5328,1610,2511,2651,4040,1270,1665,2833,3537,0,634,3273,4060,1590,3371,5328,5684,2463,3506,4374,5098,0,1155,2487,4354,634,771,2902,3506,0,3529,5098,5449,2269,2463,3063,4354,1622,2687,3722,4615,0,804,2286,2558];[0,1,2,3,0,1,2,0,2,0,0,1,3,0,2,0,0,1,0,3,3,3,2,1,0,1,3,3,3,1,0,0,0,2,3,3,2,1,1,1,0,1,2,1,2,1,2,3,1,3,2,3];[3,3,4,5,4,4,2,2,5,3,0,2,1,0,3,0,4,0,5,1,1,0,0,1,0,4,2,4,3,0,5,5,2,2,1,1,1,2,1,1,2,2,3,0,5,2,4,1,0,1,4,1];[[0.49734142093980327,4.973414209398033,1.0],[0.35999045686025677,3.5999045686025677,1.0],[0.7220617567237175,7.220617567237175,1.0],[0.44672126724761885,4.4672126724761885,1.0],[0.4533596515962979,4.533596515962978,1.0],[0.025925678678183073,0.25925678678183073,1.0]]
2c_Hurink_rdata_50_workers.fjs;12880.754702323507;3383160;[1904,3720,5214,5663,1464,2453,3360,4692,0,12,968,2467,2930,4059,4753,5214,830,2701,3240,4795,0,968,1938,4592,104,767,1594,1904,1100,2720,3504,4256,0,790,3594,5109,151,3192,3720,4045,1748,3869,4073,5352,128,1679,2467,4072,0,298,2508,3250];[0,1,2,3,0,3,2,1,2,2,2,1,3,1,2,0,0,1,0,3,3,3,2,3,0,1,2,3,3,0,0,0,0,1,3,3,2,1,0,0,2,1,2,1,0,1,2,3,1,1,0,3];[3,3,2,5,4,1,2,4,5,5,1,5,1,1,5,0,4,3,5,1,1,5,0,3,3,4,2,4,3,2,4,2,2,0,5,1,5,3,0,3,2,4,0,4,2,5,4,5,4,0,2,1];[[0.4211249061401,4.211249061401,1.0],[0.9761073344853062,9.761073344853061,1.0],[0.6132800246752349,6.132800246752349,1.0],[0.6930423279788359,6.930423279788359,1.0],[0.5088628354481554,5.088628354481553,1.0],[0.18781156668551158,1.8781156668551158,1.0]]
2c_Hurink_rdata_50_workers.fjs;13059.684667247242;3327700;[427,1169,1728,2084,104,1340,2050,4367,804,2727,3044,4046,1283,2877,4588,5095,1088,2385,3828,4476,1722,2597,2763,5019,1064,1318,2597,2729,0,3631,5069,5300,0,280,1603,3278,104,1857,3695,4784,4150,4588,4784,5421,1064,2876,3695,4794,0,817,3423,4100];[0,1,2,3,0,1,2,0,3,0,2,1,3,0,2,0,0,1,3,3,0,3,2,1,0,1,0,3,3,0,0,3,0,1,3,3,2,1,1,1,0,1,2,1,2,1,2,3,1,3,0,3];[5,3,4,0,4,3,2,3,1,1,0,3,1,3,1,3,4,3,0,2,1,5,5,1,4,3,1,4,3,1,0,2,2,0,0,5,2,3,3,1,1,4,5,4,5,2,4,2,1,1,1,2];[[0.4831103964860096,4.831103964860096,1.0],[0.9021829992468611,9.02182999246861,1.0],[0.5374571935128641,5.374571935128642,1.0],[0.8761340971511191,8.761340971511192,1.0],[0.573156942708234,5.7315694270823405,1.0],[0.994523847851402,9.945238478514021,1.0]]
2c_Hurink_rdata_50_workers.fjs;13480.220455704319;3812650;[0,604,1829,3134,3582,3928,4482,5243,0,1111,1250,3321,0,320,1898,3905,1533,4722,5243,5902,909,2147,3040,4405,3536,3905,5207,5353,2151,3017,3560,5432,1429,2279,3321,4657,604,1568,2096,3555,704,912,3836,4722,13,757,2147,3758,320,2446,3557,4278];[0,1,3,3,0,1,2,1,2,2,2,1,3,3,2,0,0,1,2,3,3,3,2,1,0,1,3,3,0,0,0,0,0,3,2,3,0,1,1,1,2,2,2,0,2,1,2,3,1,1,3,3];[3,0,4,0,4,4,2,0,4,5,0,5,1,5,2,0,3,0,5,1,4,5,5,4,4,4,3,4,1,1,4,2,2,0,2,5,2,1,2,1,3,5,1,1,4,1,4,5,1,3,0,3];[[0.34661995661142697,3.4661995661142697,1.0],[0.2286410960833074,2.286410960833074,1.0],[0.012392470279078194,0.12392470279078194,1.0],[0.9308270259025113,9.308270259025113,1.0],[0.3225145761620236,3.225145761620236,1.0],[0.0006954578022455582,0.006954578022455582,1.0]]
2c_Hurink_rdata_50_workers.fjs;12958.81639090099;357720;[1061,1711,2524,2842,0,3837,4409,5174,1282,4314,5318,5944,0,2555,5122,5318,427,1061,1629,3881,0,876,1540,3119,1665,1689,1821,1975,1689,3341,3813,4195,323,427,2165,3327,3327,4177,4750,5079,1975,2680,3772,4467,876,1860,2879,5122,0,2648,3119,5628];[0,1,3,3,0,1,2,1,3,1,2,1,3,0,2,0,0,1,3,3,2,1,2,1,0,1,2,3,0,1,1,3,0,3,2,3,0,0,0,0,2,2,2,1,2,1,2,3,1,1,0,3];[3,3,4,0,4,4,2,4,4,4,1,5,5,3,1,0,4,1,0,1,3,2,5,2,2,3,2,4,1,2,2,0,2,0,2,1,0,3,3,3,2,2,5,4,5,5,4,2,0,5,1,2];[[0.8559393885152179,8.55939388515218,1.0],[0.8004839408308784,8.004839408308783,1.0],[0.5938433496209707,5.938433496209708,1.0],[0.8870093324131678,8.870093324131679,1.0],[0.741558169706834,7.4155816970683395,1.0],[0.8097670389513107,8.097670389513107,1.0]]
2c_Hurink_rdata_50_workers.fjs;13530.77257706066;4615760;[2457,3747,3892,4210,691,1502,1979,4781,1567,1774,5440,6088,0,320,1578,3061,1839,3892,5150,5670,691,2858,3962,5441,435,459,2714,3286,909,2298,4170,4192,0,2858,4243,5116,1014,1979,2490,3061,3761,4383,4781,5440,0,691,2868,4633,117,1832,3962,5984];[0,1,3,3,0,1,2,1,2,2,2,1,3,3,2,0,0,1,0,3,2,3,2,1,0,1,2,3,3,3,0,0,0,1,2,3,0,1,1,3,2,1,2,0,2,1,2,3,0,3,0,3];[3,2,4,0,4,4,5,4,1,0,0,5,1,5,1,5,3,3,5,1,3,5,5,4,2,1,2,1,5,0,1,2,5,0,4,1,2,2,1,3,0,1,3,3,4,1,4,1,3,1,1,1];[[0.5198238265685563,5.198238265685563,1.0],[0.9583988744400509,9.583988744400509,1.0],[0.3402956357666065,3.402956357666065,1.0],[0.7081849781179302,7.081849781179303,1.0],[0.9252189405445452,9.252189405445453,1.0],[0.05032666735654623,0.5032666735654623,1.0]]
2c_Hurink_rdata_50_workers.fjs;12956.36162972109;4044290;[1814,2418,2996,3863,0,332,3707,5369,923,1674,2418,4803,1097,2414,3509,4552,451,2571,4420,5173,934,2268,2508,3092,323,809,2354,3314,0,1854,3103,3342,347,851,2795,4279,0,851,1354,4341,1456,3310,4144,5046,1690,3333,4676,5569,0,1715,3127,4829];[0,1,3,3,0,1,2,0,3,0,0,1,0,3,2,0,0,1,2,3,3,1,2,1,0,1,2,3,3,3,0,0,0,2,2,3,2,1,1,0,0,2,1,1,2,1,2,3,1,1,0,3];[3,0,4,5,4,4,2,3,4,3,5,2,5,4,2,0,0,0,2,1,4,4,3,1,2,4,2,4,5,0,5,3,2,2,2,5,3,1,0,3,5,2,1,2,5,1,4,1,0,1,3,1];[[0.18019241848515155,1.8019241848515155,1.0],[0.48736227300275514,4.873622730027551,1.0],[0.07759170039841756,0.7759170039841756,1.0],[0.5225667244081349,5.2256672440813485,1.0],[0.9196433340252647,9.196433340252646,1.0],[0.8762509611803474,8.762509611803473,1.0]]
2d_Hurink_vdata_18_workers.fjs;2418.1756430014902;3293600;[0,20,82,546,843,75,123,164,301,876,20,550,650,919,989,157,384,483,776,860,499,589,806,1051,1093,152,395,662,892,1002,239,383,892,969,1064,116,218,324,738,1007,0,54,192,587,726,83,270,589,798,885,171,712,846,903,1072,192,384,626,1110,1118,65,422,611,742,985,6,270,358,444,805,301,443,719,835,1077,0,239,525,806,951,75,504,554,969,1077,581,626,726,798,978,0,95,422,742,926,218,352,396,483,860];[3,2,1,3,4,2,3,1,1,2,0,1,4,1,0,3,1,3,3,2,2,0,2,3,2,4,2,2,0,2,4,3,3,2,0,2,0,2,2,1,4,4,3,2,0,3,0,4,2,2,0,1,2,4,0,2,0,3,1,1,0,2,1,1,4,3,3,3,1,3,4,0,3,1,3,1,2,0,0,0,1,0,0,3,4,3,0,4,4,1,0,0,3,0,0,1,0,4,4,4];[4,6,3,3,5,0,1,4,5,2,1,2,5,1,1,1,3,2,3,5,6,4,6,3,0,0,0,3,4,4,6,5,2,6,2,2,1,6,3,6,3,4,2,6,6,5,4,0,4,5,3,0,6,0,1,6,1,4,6,4,6,5,2,1,5,2,1,0,1,4,2,0,2,1,5,0,0,5,3,4,3,5,5,2,3,5,1,4,2,3,6,6,4,6,3,3,3,6,4,3];[[0.7773566427005639,7.7735664270056395,1.0],[0.6698255595592497,6.698255595592498,1.0],[0.09913960392481702,0.9913960392481702,1.0],[0.35297051119014544,3.529705111901454,1.0],[0.4679077429008419,4.679077429008419,1.0],[0.5346837414708775,5.346837414708775,1.0],[0.9783090609123973,9.783090609123974,1.0]]
2d_Hurink_vdata_18_workers.fjs;2420.492511160825;394280;[140,437,556,669,768,66,180,223,275,1028,83,374,467,539,770,0,633,788,912,1022,268,443,591,643,992,129,842,932,1026,1057,7,105,144,480,841,45,207,375,515,658,216,275,532,810,1106,166,534,781,901,909,176,631,685,699,849,478,719,939,1032,1042,146,699,837,939,1053,0,455,785,938,1038,214,426,534,753,901,220,352,437,485,1057,0,146,673,706,873,0,45,361,588,645,83,295,588,1032,1106,0,144,361,624,858];[0,2,2,3,2,3,3,0,4,2,1,0,4,1,0,0,4,3,0,4,2,0,1,3,2,4,4,4,0,2,3,3,1,0,0,2,2,1,2,1,4,0,3,2,0,2,0,4,2,2,0,1,2,4,0,2,0,0,1,1,0,2,1,3,1,4,1,2,1,4,3,3,4,1,3,1,2,4,3,0,3,2,2,3,4,2,0,4,4,2,4,1,3,3,3,1,3,3,0,3];[3,6,0,2,6,1,4,1,1,1,2,5,5,4,3,5,6,5,6,2,2,4,4,2,1,0,4,3,5,5,6,5,2,1,1,0,5,3,1,1,6,5,2,6,6,5,5,0,5,5,3,4,4,0,1,6,3,0,3,3,6,6,2,4,0,2,0,6,6,4,4,2,3,1,0,0,0,1,4,2,1,3,4,2,4,0,4,4,2,3,3,6,3,6,3,3,1,1,5,5];[[0.7966509679599704,7.966509679599704,1.0],[0.05862623274803458,0.5862623274803458,1.0],[0.7602397739740907,7.602397739740907,1.0],[0.8627037401845356,8.627037401845355,1.0],[0.09127403464611428,0.9127403464611428,1.0],[0.9024924365975527,9.024924365975528,1.0],[0.7858960565941281,7.858960565941281,1.0]]
2d_Hurink_vdata_18_workers.fjs;2394.686253535108;3060090;[50,97,466,567,771,0,55,424,760,1036,130,280,346,730,978,76,250,570,692,1113,244,384,614,942,1073,0,316,694,834,988,187,606,645,823,1106,0,76,373,487,847,130,223,339,538,853,244,475,696,813,867,85,346,479,614,1049,130,174,424,654,1115,0,175,719,846,953,316,387,541,716,978,607,792,847,900,1045,167,529,663,789,1073,168,590,821,966,1047,0,250,524,870,1086,30,453,663,914,1101,46,138,174,373,933];[0,2,3,3,1,3,0,0,4,2,3,1,2,3,0,2,4,0,0,1,2,0,2,3,4,4,4,1,2,1,4,3,3,0,0,2,3,1,4,3,4,0,3,1,0,1,0,4,2,2,0,1,4,4,0,1,0,2,0,2,0,2,2,4,2,0,3,3,0,4,1,1,1,1,2,1,2,0,3,1,2,4,2,3,3,1,3,4,0,2,0,1,2,0,3,1,2,3,4,4];[5,6,2,5,5,4,6,1,4,1,0,4,1,6,3,5,6,3,2,4,3,5,6,4,6,0,6,3,6,2,2,5,1,0,1,2,2,3,4,5,2,0,2,4,3,5,1,5,6,1,3,4,6,0,4,4,0,5,6,0,6,6,2,4,1,5,0,3,0,6,4,5,2,0,1,4,0,5,3,5,3,6,6,4,0,1,2,6,3,2,6,3,6,6,3,1,5,5,4,3];[[0.5209484070219088,5.209484070219088,1.0],[0.42125020101147315,4.212502010114731,1.0],[0.22094517308324657,2.2094517308324657,1.0],[0.13033708391670573,1.3033708391670573,1.0],[0.48395776843282956,4.839577684328296,1.0],[0.6260889663051598,6.260889663051597,1.0],[0.6211218319323739,6.21121831932374,1.0]]
2d_Hurink_vdata_18_workers.fjs;2410.1793799623224;3554260;[293,412,521,615,965,369,472,561,615,1092,208,658,723,801,938,122,225,328,412,990,0,253,438,535,1102,120,301,409,506,885,0,196,437,910,1009,22,142,285,369,479,66,658,856,1016,1100,484,532,882,983,990,340,411,484,493,1077,85,152,235,331,1005,122,396,692,794,882,0,207,341,757,910,0,196,330,574,723,66,256,382,1052,1101,389,450,519,719,1077,143,760,946,1018,1073,0,575,654,846,1052,142,299,654,785,1011];[0,4,2,3,1,1,3,3,2,1,0,1,4,3,0,2,1,3,0,1,2,0,1,3,2,4,4,2,3,2,1,3,0,0,0,0,3,1,2,1,4,0,3,1,1,2,0,4,1,2,0,1,4,4,0,2,0,3,0,1,0,3,2,4,1,4,4,2,0,3,3,2,4,1,1,1,2,4,3,3,3,4,0,3,4,2,1,4,4,2,0,4,3,0,0,1,0,4,2,3];[1,1,3,0,0,4,4,2,3,5,1,2,0,0,3,5,3,1,5,2,1,5,3,2,6,0,6,2,2,5,3,5,5,3,2,0,2,2,2,1,3,1,2,6,5,3,4,1,2,5,3,4,2,0,4,6,4,4,3,0,6,0,3,3,0,2,6,0,6,6,4,2,6,1,5,2,0,5,0,0,1,6,5,2,3,5,1,4,2,2,5,5,4,6,3,3,3,5,4,3];[[0.49734142093980327,4.973414209398033,1.0],[0.35999045686025677,3.5999045686025677,1.0],[0.7220617567237175,7.220617567237175,1.0],[0.44672126724761885,4.4672126724761885,1.0],[0.4533596515962979,4.533596515962978,1.0],[0.025925678678183073,0.25925678678183073,1.0],[0.33490089376309407,3.3490089376309404,1.0]]
2d_Hurink_vdata_18_workers.fjs;2578.974314719558;105580;[129,328,470,549,635,44,285,647,908,1031,0,579,786,884,946,319,489,884,946,1112,134,218,430,764,1076,126,258,299,708,1136,84,143,226,943,1112,182,369,584,1052,1127,129,549,658,873,1120,44,399,718,779,985,238,549,848,970,1053,258,341,548,701,1092,20,50,674,945,1120,392,786,916,1017,1112,287,652,708,764,1039,0,430,515,620,718,0,216,873,972,1107,383,520,652,863,1076,0,50,375,458,779,143,295,328,778,873];[2,2,3,3,2,4,0,1,2,1,3,1,2,1,0,0,1,0,3,1,2,3,3,3,2,0,4,3,2,0,1,3,1,4,0,4,2,3,4,1,4,4,3,3,0,3,1,4,2,2,0,1,1,4,3,2,0,2,1,4,0,2,0,1,2,0,3,4,0,3,4,2,3,1,1,1,2,2,0,1,2,0,0,3,4,3,0,4,2,1,0,0,4,0,4,1,2,1,0,4];[6,6,4,3,6,0,1,4,1,5,0,2,2,6,3,3,3,3,2,2,2,6,2,3,5,1,2,0,4,2,3,5,0,4,1,5,5,5,6,5,4,4,2,5,0,2,6,0,0,1,3,5,1,0,4,6,3,0,3,0,6,4,5,5,1,3,0,0,2,6,4,0,2,1,5,5,0,2,3,6,2,1,6,4,4,0,1,6,2,3,6,6,1,1,4,3,2,2,5,4];[[0.4211249061401,4.211249061401,1.0],[0.9761073344853062,9.761073344853061,1.0],[0.6132800246752349,6.132800246752349,1.0],[0.6930423279788359,6.930423279788359,1.0],[0.5088628354481554,5.088628354481553,1.0],[0.18781156668551158,1.8781156668551158,1.0],[0.830121874145001,8.301218741450011,1.0]]
2d_Hurink_vdata_18_workers.fjs;2433.9952731495264;243630;[79,270,396,680,852,85,124,346,514,1060,0,79,479,625,925,48,332,396,877,1030,0,115,833,902,1007,88,217,494,1044,1073,394,475,661,833,861,494,607,761,837,877,175,229,780,924,1023,88,281,943,1023,1037,68,392,548,713,868,146,576,661,1041,1050,183,270,371,505,746,213,592,686,746,1043,0,213,453,660,980,419,877,990,1060,1114,0,126,311,571,795,7,243,332,556,962,140,159,719,996,1114,0,183,327,854,996];[3,2,2,3,1,3,3,3,3,1,0,1,2,3,0,0,1,3,3,2,2,0,3,3,4,4,2,1,2,2,4,3,1,0,0,0,2,0,2,1,4,4,3,3,1,2,0,4,2,3,0,1,2,4,0,2,0,0,1,1,0,3,0,4,2,0,4,4,1,4,4,3,4,2,1,1,2,2,0,3,3,2,2,1,4,3,1,2,2,2,1,1,3,0,0,1,2,4,4,3];[5,6,2,4,0,1,1,0,5,5,0,2,1,0,3,0,3,1,3,1,6,5,3,3,4,0,0,3,2,5,3,5,1,6,5,0,3,3,2,6,3,4,2,5,2,4,5,1,1,0,3,4,1,0,4,6,0,2,5,1,6,0,5,4,5,5,6,3,1,4,4,6,6,5,0,0,0,2,3,0,1,3,6,2,4,2,1,1,1,4,4,2,4,6,3,5,1,6,1,3];[[0.4831103964860096,4.831103964860096,1.0],[0.9021829992468611,9.02182999246861,1.0],[0.5374571935128641,5.374571935128642,1.0],[0.8761340971511191,8.761340971511192,1.0],[0.573156942708234,5.7315694270823405,1.0],[0.994523847851402,9.945238478514021,1.0],[0.3574465703190305,3.574465703190305,1.0]]
2d_Hurink_vdata_18_workers.fjs;2599.92355459116;1555310;[64,205,351,741,1177,77,260,386,752,830,0,260,364,926,1121,46,326,627,716,838,43,158,611,690,718,242,448,659,776,888,329,651,696,810,1113,0,444,535,712,988,391,448,786,854,1192,326,391,551,689,837,228,551,745,977,1059,497,838,892,1011,1195,275,426,534,754,841,0,70,984,1023,1118,117,295,924,1093,1177,146,627,753,841,988,127,305,326,578,659,0,43,201,786,923,0,70,477,540,1059,143,226,481,951,1093];[0,4,3,3,1,4,3,0,1,1,3,1,2,3,0,3,1,0,3,3,2,3,3,3,4,4,4,1,0,4,4,3,0,0,0,4,2,0,2,1,4,0,3,3,0,2,1,4,0,2,0,1,1,4,3,2,0,0,3,1,0,3,2,4,1,0,3,3,0,3,4,3,1,1,2,0,2,2,4,0,2,0,0,1,4,2,1,2,2,2,1,0,4,3,4,1,3,1,2,4];[1,2,2,0,0,4,2,3,6,0,4,4,1,2,3,3,3,3,3,3,5,1,2,2,4,0,1,6,3,6,6,5,1,3,0,0,3,0,5,4,5,2,2,5,6,4,6,1,3,1,3,4,3,0,6,6,2,4,6,1,6,0,3,4,0,6,1,2,5,5,4,1,1,1,2,6,0,2,4,1,5,2,5,4,4,5,2,1,1,3,2,6,4,5,3,3,4,1,3,4];[[0.34661995661142697,3.4661995661142697,1.0],[0.2286410960833074,2.286410960833074,1.0],[0.012392470279078194,0.12392470279078194,1.0],[0.9308270259025113,9.308270259025113,1.0],[0.3225145761620236,3.225145761620236,1.0],[0.0006954578022455582,0.006954578022455582,1.0],[0.2097170717940725,2.097170717940725,1.0]]
2d_Hurink_vdata_18_workers.fjs;2506.1951039570954;4725140;[0,296,658,1016,1143,53,337,459,520,1059,344,388,872,1051,1111,459,535,603,907,1040,430,533,595,752,1107,39,275,570,1062,1097,126,420,776,944,1040,581,659,714,849,961,185,242,372,514,931,0,118,200,337,933,765,896,944,952,1048,490,711,785,923,952,0,261,337,447,658,93,673,764,790,947,30,173,334,973,1068,30,126,261,387,1106,119,233,509,570,790,6,84,211,482,735,254,334,658,853,927,0,307,420,812,1054];[3,4,1,3,2,3,3,3,3,2,0,4,2,3,0,0,1,3,0,4,2,0,1,3,2,4,2,4,1,1,4,3,3,2,0,2,0,2,4,1,4,0,3,2,0,4,0,3,0,3,0,1,1,4,0,1,0,2,1,1,0,3,2,4,4,3,3,1,1,0,2,1,4,2,2,0,2,4,0,3,2,1,3,0,4,3,1,2,0,1,1,1,2,3,4,1,2,1,0,4];[5,1,4,3,6,4,2,0,0,5,6,6,0,0,3,5,3,3,2,4,2,4,5,0,0,0,4,4,2,4,3,5,2,5,0,6,1,6,4,2,5,6,2,1,6,2,4,3,0,1,3,4,0,0,1,4,2,0,1,6,6,0,3,3,5,2,0,4,1,4,6,2,4,5,6,5,0,3,0,2,3,2,0,2,4,3,1,1,5,3,5,1,6,6,3,1,5,1,5,4];[[0.8559393885152179,8.55939388515218,1.0],[0.8004839408308784,8.004839408308783,1.0],[0.5938433496209707,5.938433496209708,1.0],[0.8870093324131678,8.870093324131679,1.0],[0.741558169706834,7.4155816970683395,1.0],[0.8097670389513107,8.097670389513107,1.0],[0.2247324103169328,2.247324103169328,1.0]]
2d_Hurink_vdata_18_workers.fjs;2475.5350566381057;1389370;[599,722,817,918,1031,84,405,500,763,976,0,648,876,1032,1087,49,119,253,313,955,236,319,453,892,992,407,500,617,693,794,171,276,315,511,1158,160,357,955,1027,1069,0,77,357,486,876,122,171,253,338,948,30,161,191,608,969,319,356,539,635,1128,0,411,490,833,1048,53,317,427,841,1070,69,198,779,892,1087,0,75,453,550,644,77,258,500,558,763,230,709,920,1031,1137,407,529,693,779,930,405,583,617,690,1027];[3,2,3,3,2,1,3,3,2,1,3,1,2,3,0,3,4,0,0,3,2,3,3,3,4,0,4,2,2,1,3,3,1,0,0,2,2,0,1,1,4,0,3,1,1,1,0,4,0,2,0,1,1,4,3,2,0,0,0,2,0,2,2,4,2,4,4,4,0,4,3,1,4,1,3,1,2,4,3,0,1,1,0,1,3,3,1,4,0,2,4,4,3,0,0,1,2,3,4,4];[3,6,2,2,6,3,1,0,3,0,2,2,0,0,2,1,2,0,1,2,3,4,6,2,6,0,1,3,4,0,6,5,5,6,5,3,4,3,1,1,4,6,2,2,3,1,4,4,1,5,3,0,1,0,2,6,3,4,6,6,6,4,3,4,3,2,0,6,6,4,4,2,4,1,0,0,0,5,0,6,3,1,6,2,6,6,0,4,5,3,3,5,3,1,3,2,1,5,1,4];[[0.5198238265685563,5.198238265685563,1.0],[0.9583988744400509,9.583988744400509,1.0],[0.3402956357666065,3.402956357666065,1.0],[0.7081849781179302,7.081849781179303,1.0],[0.9252189405445452,9.252189405445453,1.0],[0.05032666735654623,0.5032666735654623,1.0],[0.6613275461751585,6.613275461751585,1.0]]
2d_Hurink_vdata_18_workers.fjs;2399.8013865180674;205800;[92,887,966,1045,1080,0,79,113,740,936,47,97,167,262,709,221,828,976,1080,1106,84,167,403,443,989,237,387,545,887,1023,242,369,507,780,907,0,322,635,709,944,0,123,321,369,919,39,537,734,817,889,0,342,537,746,835,0,586,635,1047,1059,207,324,443,549,976,57,170,316,443,808,202,324,418,647,795,124,239,472,638,712,163,295,408,467,924,748,795,889,1038,1091,301,627,825,914,1091,37,374,421,491,592];[0,4,3,3,1,3,3,3,2,1,0,0,2,3,0,4,4,0,3,3,2,0,2,3,4,0,4,2,1,4,4,3,4,0,0,2,0,0,4,1,4,4,3,1,1,3,1,3,2,3,0,1,2,4,3,1,0,2,1,2,0,2,2,3,2,4,3,1,1,0,1,4,4,3,3,1,2,4,4,1,3,1,0,3,4,1,1,2,0,2,4,1,2,0,0,1,0,0,0,4];[5,2,4,3,4,1,4,0,1,5,1,5,0,6,2,5,2,3,1,4,3,5,6,4,2,4,0,4,0,5,3,5,3,6,5,0,1,0,4,6,5,4,2,4,5,4,6,3,6,3,3,4,0,0,4,4,0,5,2,4,6,3,0,2,1,2,2,5,6,5,1,0,3,1,4,6,0,3,4,6,1,2,5,2,2,4,3,4,0,6,3,3,6,1,3,6,1,5,5,1];[[0.18019241848515155,1.8019241848515155,1.0],[0.48736227300275514,4.873622730027551,1.0],[0.07759170039841756,0.7759170039841756,1.0],[0.5225667244081349,5.2256672440813485,1.0],[0.9196433340252647,9.196433340252646,1.0],[0.8762509611803474,8.762509611803473,1.0],[0.5029695910906639,5.029695910906638,1.0]]
2d_Hurink_vdata_30_workers.fjs;3082.1864437034797;204820;[79,286,424,525,613,756,851,1005,1085,1143,0,169,200,293,402,527,940,1005,1143,1206,83,218,286,515,670,715,914,960,1309,1338,478,920,935,1065,1151,1189,1257,1307,1333,1414,200,424,613,744,844,851,1111,1162,1384,1400,0,125,152,552,643,671,804,851,914,979,75,548,614,627,771,997,1056,1111,1255,1309,344,424,491,630,851,949,1113,1230,1285,1400,274,285,346,615,652,670,979,1045,1143,1230,134,218,434,852,920,949,1005,1143,1206,1320,86,234,525,670,692,997,1056,1152,1248,1400,0,79,86,176,286,522,739,874,1045,1143,253,353,657,699,737,817,951,1047,1307,1359,0,79,253,342,434,538,615,690,949,1338,43,479,515,627,671,792,844,1018,1193,1314,75,169,253,342,542,673,756,805,1035,1075,0,242,318,344,690,771,883,1073,1180,1285,615,737,777,799,884,929,1018,1104,1151,1257,0,75,318,621,884,1073,1151,1248,1292,1421,0,75,125,353,412,479,910,970,1248,1333];[3,8,9,1,8,9,7,2,6,1,1,7,0,0,1,5,3,4,6,1,1,9,1,7,7,5,5,9,2,9,5,2,5,2,7,3,8,7,2,5,7,8,1,6,1,0,0,6,0,3,8,1,1,3,1,3,8,8,6,7,6,5,2,3,1,8,4,3,1,3,2,3,3,6,3,5,5,9,3,0,8,6,6,4,9,0,1,9,9,7,3,2,5,2,4,2,6,5,0,4,8,8,9,9,9,7,8,2,5,4,9,8,4,8,9,2,5,0,1,2,5,8,4,7,2,4,8,2,8,1,6,0,3,4,6,4,6,8,4,6,6,0,0,2,2,8,5,0,5,0,7,5,4,3,7,6,8,6,5,0,0,1,2,5,1,3,7,9,4,9,7,7,7,9,1,0,3,7,4,6,5,2,1,5,9,5,8,2,6,7,2,5,9,0,0,2,8,8,4,7];[0,13,11,7,6,2,6,7,9,2,9,9,4,11,1,10,6,12,4,11,2,5,9,5,13,8,6,8,0,14,12,4,14,7,5,8,5,13,5,7,7,12,8,5,3,4,13,13,2,0,12,1,0,4,8,7,6,12,0,5,9,1,11,3,0,3,13,3,13,3,0,13,3,1,3,9,2,7,0,12,3,14,9,7,13,12,0,4,0,6,5,6,9,9,9,14,6,9,2,7,11,8,9,5,11,2,1,12,4,2,8,11,4,1,3,8,7,14,0,14,2,11,8,1,9,9,13,7,1,6,4,3,10,4,0,2,0,10,4,10,6,5,6,5,3,1,0,11,4,0,7,10,0,10,5,0,11,10,5,11,0,13,5,13,6,8,6,5,14,10,2,14,6,13,7,11,10,10,1,8,7,13,6,4,10,12,10,9,9,5,2,2,2,3,14,1,2,7,12,11];[[0.7773566427005639,7.7735664270056395,1.0],[0.6698255595592497,6.698255595592498,1.0],[0.09913960392481702,0.9913960392481702,1.0],[0.35297051119014544,3.529705111901454,1.0],[0.4679077429008419,4.679077429008419,1.0],[0.5346837414708775,5.346837414708775,1.0],[0.9783090609123973,9.783090609123974,1.0],[0.13031535015865903,1.3031535015865903,1.0],[0.6712434682302663,6.712434682302662,1.0],[0.36422941594737557,3.6422941594737557,1.0],[0.48883570716198577,4.888357071619858,1.0],[0.20301221073405373,2.0301221073405373,1.0],[0.6661983755713592,6.661983755713592,1.0],[0.2276630312069321,2.276630312069321,1.0],[0.4580640582967631,4.580640582967631,1.0]]
2d_Hurink_vdata_30_workers.fjs;2958.3008173943253;4636580;[139,228,273,399,557,804,959,1082,1263,1313,100,521,637,765,983,1040,1099,1155,1239,1303,0,242,359,463,609,936,1015,1165,1257,1262,0,113,460,567,627,658,880,931,1174,1282,228,309,389,418,488,742,936,982,1082,1342,0,126,331,410,603,650,719,845,1160,1269,86,270,376,488,723,793,862,1014,1237,1314,164,457,813,872,922,1015,1136,1165,1239,1263,102,201,283,767,894,922,1015,1165,1194,1281,0,102,737,826,894,959,1016,1100,1148,1313,0,63,410,547,569,691,774,844,1004,1142,49,62,69,488,609,679,752,912,1261,1364,0,78,152,165,203,651,982,1066,1086,1165,270,332,483,813,894,1001,1084,1099,1165,1215,96,283,318,399,558,687,700,952,1215,1300,0,167,389,464,527,598,719,806,1101,1148,191,309,383,408,658,752,936,1148,1199,1300,0,56,165,200,310,399,483,603,774,826,152,249,383,473,567,651,739,844,931,1282,78,318,418,495,793,894,936,977,1093,1160];[7,4,1,4,1,4,9,8,3,2,7,1,0,2,1,8,6,6,8,7,1,7,9,0,2,9,8,0,8,8,0,9,9,3,1,8,6,7,2,9,8,9,9,8,4,0,0,2,2,0,5,6,5,3,8,3,2,7,3,2,5,3,1,9,8,7,0,3,7,4,1,5,4,4,3,4,5,4,3,5,9,3,2,0,8,4,6,2,9,0,2,3,7,2,5,7,9,9,8,3,3,3,5,8,0,7,6,9,5,3,9,8,1,8,5,9,5,8,6,5,4,8,4,2,2,4,0,2,5,7,0,3,7,5,1,0,6,7,5,4,6,4,4,8,2,4,6,6,5,1,6,5,1,2,9,6,3,0,3,0,0,8,2,6,1,9,2,9,6,5,7,7,0,6,6,7,3,3,4,1,8,5,0,6,4,7,1,6,6,7,0,0,9,4,8,2,5,5,4,1];[14,5,8,11,3,3,3,10,10,5,8,0,8,9,1,11,1,8,10,13,0,12,5,3,14,2,0,13,8,2,3,13,14,13,12,1,6,8,1,7,11,7,14,12,1,5,9,8,9,9,8,9,13,4,13,0,9,2,3,3,3,0,14,3,0,7,1,14,7,10,12,8,4,8,12,1,13,11,0,14,0,10,3,12,14,0,3,7,5,8,14,10,7,14,11,7,12,5,0,3,11,0,8,14,2,2,2,9,2,10,3,7,12,13,10,12,4,13,4,6,6,5,4,1,4,7,13,10,13,9,6,6,7,12,4,13,0,7,10,12,7,4,9,7,10,10,3,11,4,14,9,8,10,0,8,9,13,11,11,5,0,2,8,1,6,8,7,14,8,6,7,4,4,14,12,9,2,1,3,1,5,1,3,5,5,4,14,0,6,11,6,4,6,10,10,7,1,2,2,2];[[0.7966509679599704,7.966509679599704,1.0],[0.05862623274803458,0.5862623274803458,1.0],[0.7602397739740907,7.602397739740907,1.0],[0.8627037401845356,8.627037401845355,1.0],[0.09127403464611428,0.9127403464611428,1.0],[0.9024924365975527,9.024924365975528,1.0],[0.7858960565941281,7.858960565941281,1.0],[0.40667966546103385,4.0667966546103385,1.0],[0.37447264465852026,3.7447264465852026,1.0],[0.6490262282913547,6.490262282913547,1.0],[0.40092466608569977,4.009246660856998,1.0],[0.5721109226277574,5.721109226277575,1.0],[0.6077930620255084,6.077930620255084,1.0],[0.05072389565884072,0.5072389565884072,1.0],[0.7370880093375713,7.370880093375714,1.0]]
2d_Hurink_vdata_30_workers.fjs;2955.1615012029674;4104430;[122,391,486,746,842,908,913,1025,1063,1150,42,152,258,347,400,439,661,720,818,1025,0,122,228,481,530,746,835,914,1150,1287,197,247,500,622,758,812,946,1000,1191,1271,349,561,626,835,946,981,1003,1121,1273,1289,12,176,260,351,420,480,598,839,1214,1270,82,291,694,741,831,1049,1138,1195,1273,1316,0,202,273,434,546,859,951,1027,1271,1344,0,48,279,443,513,655,979,1063,1074,1177,197,472,561,673,742,788,842,919,979,1177,97,403,500,953,1000,1074,1119,1191,1287,1368,36,48,75,176,318,403,599,774,1045,1138,0,83,439,561,722,812,895,976,1147,1273,0,176,230,318,407,607,782,908,1080,1287,0,83,115,230,351,626,769,993,1073,1195,183,457,553,665,859,953,1119,1214,1289,1327,0,86,248,420,520,598,701,707,1027,1080,75,178,220,373,472,707,895,1072,1133,1237,201,291,471,553,654,733,788,909,1239,1312,0,128,260,419,579,655,701,746,772,885];[2,4,1,5,7,0,0,6,6,8,1,6,0,1,1,5,3,3,8,8,1,5,1,0,9,9,4,6,9,2,0,0,9,3,6,2,9,7,7,4,7,4,1,3,8,0,0,6,8,0,8,4,9,3,8,3,7,8,5,5,1,3,4,0,6,2,0,3,9,8,5,9,2,8,3,9,0,4,7,3,8,3,6,0,9,0,1,3,7,1,5,2,5,9,4,7,5,5,3,9,8,0,8,4,9,8,2,2,1,4,6,2,4,8,8,2,2,8,1,5,9,6,4,2,2,0,8,4,5,3,0,1,8,5,9,4,3,7,4,6,6,9,3,2,2,8,9,2,3,0,6,5,8,2,4,8,8,8,5,9,7,7,2,3,7,9,7,6,7,5,5,2,7,6,7,7,3,9,4,9,3,4,6,6,8,8,1,2,1,7,4,7,1,1,0,7,5,1,4,1];[1,3,0,9,4,4,14,7,9,9,13,13,12,7,1,3,9,11,2,1,0,2,9,3,5,2,8,3,12,2,2,6,13,9,0,11,2,5,11,1,5,12,7,3,8,9,9,3,14,14,6,7,5,4,12,4,14,13,9,5,10,14,8,7,9,14,5,10,10,7,5,7,1,4,4,8,9,5,6,4,6,11,13,2,3,6,0,6,0,13,14,12,5,1,3,4,2,10,6,0,14,14,10,8,3,6,11,12,11,6,11,4,12,5,3,8,2,10,8,14,9,7,0,1,5,5,3,11,2,0,10,12,10,10,10,13,7,1,13,12,3,4,0,5,14,1,6,11,10,14,4,14,7,10,7,7,12,4,5,8,2,3,8,9,6,8,7,0,13,5,1,8,6,13,8,8,0,2,4,7,11,6,7,10,14,4,0,9,13,1,1,11,7,1,0,3,2,14,3,6];[[0.5209484070219088,5.209484070219088,1.0],[0.42125020101147315,4.212502010114731,1.0],[0.22094517308324657,2.2094517308324657,1.0],[0.13033708391670573,1.3033708391670573,1.0],[0.48395776843282956,4.839577684328296,1.0],[0.6260889663051598,6.260889663051597,1.0],[0.6211218319323739,6.21121831932374,1.0],[0.707277595965894,7.07277595965894,1.0],[0.43539590023548325,4.3539590023548325,1.0],[0.04809800715767443,0.4809800715767443,1.0],[0.2254847064342842,2.254847064342842,1.0],[0.788548045160999,7.88548045160999,1.0],[0.42108890435006496,4.21088904350065,1.0],[0.5652029481252892,5.6520294812528915,1.0],[0.6764042610645917,6.764042610645918,1.0]]
2d_Hurink_vdata_30_workers.fjs;3010.72089472065;393440;[39,481,624,782,870,939,951,987,1027,1214,0,34,201,541,789,994,1149,1214,1259,1322,414,455,740,936,966,1112,1138,1243,1329,1341,129,186,259,437,490,558,623,674,701,783,204,285,392,426,650,667,736,995,1110,1368,168,263,314,523,717,783,945,1057,1147,1210,109,198,286,331,369,529,824,938,1083,1322,71,189,334,529,599,682,760,811,1187,1214,0,189,289,513,682,701,870,1165,1176,1284,0,100,263,357,426,456,586,674,945,1285,12,142,576,854,876,939,987,1057,1147,1312,0,307,314,414,722,987,1057,1118,1155,1250,250,331,437,519,790,1018,1128,1149,1285,1341,0,39,111,204,300,760,1018,1119,1187,1240,0,401,517,837,881,933,945,1227,1284,1337,11,101,184,592,667,762,840,1016,1083,1129,34,111,204,298,398,529,876,882,1272,1322,82,129,178,426,513,558,650,790,881,1057,30,109,369,455,586,905,1155,1253,1291,1330,0,82,481,731,790,857,905,1080,1250,1330];[7,8,1,0,3,0,8,8,8,9,9,6,0,1,9,2,6,7,3,1,1,2,8,2,2,7,2,8,6,9,0,6,5,3,6,7,5,7,3,2,8,2,2,6,9,6,0,1,6,1,7,6,7,6,1,3,4,7,9,2,5,6,4,3,3,5,2,3,4,8,6,5,2,8,2,4,5,9,7,6,8,3,6,9,2,7,1,4,0,2,3,3,7,9,5,0,6,5,5,9,4,6,8,4,0,7,6,9,5,6,4,7,1,8,9,7,5,8,1,5,3,8,4,7,1,4,6,4,5,4,7,1,9,4,4,4,3,3,4,4,2,4,0,4,2,4,9,2,3,5,8,2,1,3,8,6,6,0,3,4,9,8,9,0,7,2,4,7,0,0,0,7,0,9,3,9,0,5,6,6,5,1,0,1,4,5,8,6,6,3,0,2,7,1,8,5,8,8,1,7];[0,2,13,14,6,3,3,4,5,2,11,3,6,5,5,12,1,0,7,12,3,8,9,0,5,6,14,13,14,14,3,9,5,4,7,10,14,5,4,6,11,5,13,1,1,9,3,7,14,1,5,8,8,6,13,0,7,2,3,3,10,9,14,7,14,2,4,11,13,7,13,8,13,14,3,1,1,1,2,14,1,0,12,11,3,5,0,9,12,1,10,12,9,1,9,6,12,8,8,3,9,6,13,9,10,4,2,12,8,11,5,14,6,12,8,14,4,11,6,6,0,11,14,12,13,11,1,9,2,11,0,12,11,4,4,2,9,2,11,5,2,4,1,11,3,2,13,3,8,9,14,14,2,5,12,9,12,13,3,7,8,2,13,1,2,3,9,7,9,13,5,9,7,11,10,7,0,10,4,9,2,0,7,13,6,12,7,4,6,4,7,1,4,10,7,8,1,14,10,8];[[0.49734142093980327,4.973414209398033,1.0],[0.35999045686025677,3.5999045686025677,1.0],[0.7220617567237175,7.220617567237175,1.0],[0.44672126724761885,4.4672126724761885,1.0],[0.4533596515962979,4.533596515962978,1.0],[0.025925678678183073,0.25925678678183073,1.0],[0.33490089376309407,3.3490089376309404,1.0],[0.4755440242737675,4.755440242737675,1.0],[0.45132356511490823,4.513235651149082,1.0],[0.08788974506102976,0.8788974506102976,1.0],[0.29509671683068217,2.9509671683068217,1.0],[0.33863234208051063,3.3863234208051063,1.0],[0.9020959027552419,9.020959027552419,1.0],[0.7173473735926632,7.173473735926632,1.0],[0.8986159167700656,8.986159167700656,1.0]]
2d_Hurink_vdata_30_workers.fjs;2792.9117974584046;4671300;[392,448,578,668,787,853,1066,1133,1170,1229,0,40,84,180,241,260,629,692,1011,1095,140,255,401,502,641,821,850,1148,1230,1240,0,390,401,562,874,953,1054,1121,1191,1274,0,188,260,331,401,408,858,1106,1196,1213,116,217,320,641,747,783,844,935,992,1255,0,84,149,162,720,853,914,1046,1149,1230,0,80,441,503,586,850,935,966,1116,1213,55,358,506,747,783,909,987,1106,1142,1237,149,244,333,426,666,790,879,966,1024,1251,151,212,413,466,503,585,631,760,850,935,84,140,162,257,495,600,696,805,1016,1170,0,244,373,664,728,811,851,872,1106,1155,0,257,396,549,629,720,805,872,966,1020,81,116,148,333,533,586,895,966,1104,1237,0,238,320,392,441,506,607,666,743,1029,130,316,408,434,506,670,853,1024,1074,1138,94,212,275,301,844,927,1011,1095,1211,1274,40,206,275,373,462,631,743,841,895,1116,280,434,448,502,571,701,743,1106,1140,1229];[1,0,5,0,4,0,0,2,6,6,9,4,5,5,9,4,4,9,7,1,4,7,9,2,0,3,5,7,8,8,3,9,5,1,5,3,8,7,9,4,8,4,9,7,4,0,0,8,2,0,8,9,5,3,7,8,2,8,8,2,1,6,1,0,4,9,0,7,0,7,2,4,2,6,2,7,1,9,3,2,3,6,3,8,3,5,0,9,3,5,6,2,8,9,5,9,6,1,3,0,7,8,5,8,0,7,6,5,1,3,1,2,1,8,9,9,5,6,9,2,5,6,3,2,1,0,8,4,5,1,6,1,7,4,8,6,3,8,4,5,8,1,3,2,2,9,4,2,0,3,7,5,1,2,3,5,3,1,3,7,9,6,4,6,7,7,4,2,4,9,7,7,0,9,3,7,1,6,4,9,9,0,3,8,4,7,2,6,3,9,4,4,1,1,0,2,9,2,4,1];[14,13,3,14,3,13,14,4,5,6,0,13,8,5,2,4,6,1,9,1,4,14,0,13,5,8,1,13,8,11,12,4,5,6,11,10,5,9,9,9,11,7,10,0,4,13,13,7,7,14,0,0,13,4,3,2,14,1,5,5,1,9,12,10,10,3,2,8,1,0,8,2,12,1,13,12,13,13,0,4,10,12,12,11,14,0,4,13,3,13,6,12,3,1,9,7,6,12,0,12,3,14,7,14,2,2,12,12,5,12,12,2,1,1,8,1,9,9,6,14,14,11,3,8,8,10,9,9,12,8,4,3,11,0,10,5,6,7,14,7,0,13,13,8,5,9,8,3,2,1,7,8,1,6,4,3,7,3,7,9,11,6,4,2,4,11,11,10,10,10,1,3,0,7,8,9,11,3,11,3,3,9,9,9,6,0,0,4,10,14,4,10,10,11,11,7,13,6,0,10];[[0.4211249061401,4.211249061401,1.0],[0.9761073344853062,9.761073344853061,1.0],[0.6132800246752349,6.132800246752349,1.0],[0.6930423279788359,6.930423279788359,1.0],[0.5088628354481554,5.088628354481553,1.0],[0.18781156668551158,1.8781156668551158,1.0],[0.830121874145001,8.301218741450011,1.0],[0.8449241651217704,8.449241651217704,1.0],[0.20962821201639004,2.0962821201639006,1.0],[0.6505169872996391,6.505169872996391,1.0],[0.7003316191510263,7.003316191510263,1.0],[0.7150339547653067,7.150339547653068,1.0],[0.8091072451390076,8.091072451390076,1.0],[0.8451978833841938,8.451978833841938,1.0],[0.3695849781386673,3.695849781386673,1.0]]
2d_Hurink_vdata_30_workers.fjs;2765.892654106083;380690;[0,55,396,555,682,797,869,1067,1108,1176,0,265,297,674,774,820,860,920,1131,1159,84,283,362,414,595,623,998,1023,1204,1226,122,663,697,709,838,869,942,1023,1082,1164,0,87,167,312,378,446,549,1053,1173,1206,40,383,408,507,595,649,709,757,907,1283,95,190,253,373,541,650,757,964,1039,1205,0,205,384,537,583,663,752,807,933,1120,362,497,812,908,942,973,1066,1134,1143,1241,0,144,253,294,364,586,757,840,998,1131,0,58,95,144,179,383,471,711,1050,1209,58,136,144,239,297,368,437,507,567,812,121,205,297,312,386,567,710,838,959,1205,105,148,205,297,382,471,552,650,920,1079,70,205,803,907,923,976,990,1067,1164,1206,148,244,601,724,803,887,959,1001,1082,1241,0,84,130,747,835,976,1103,1128,1176,1244,0,81,357,444,541,711,1022,1189,1241,1268,414,493,576,663,757,835,869,958,1001,1268,122,245,433,486,583,650,866,933,1143,1206];[3,3,5,5,3,0,6,6,3,2,1,1,3,2,2,5,4,6,7,5,4,9,1,9,0,9,1,8,6,6,0,2,7,1,6,8,3,7,1,6,4,2,9,6,6,0,0,2,9,0,1,4,4,3,7,1,7,8,0,5,5,5,3,9,9,9,4,0,1,4,8,4,0,8,2,5,5,4,7,5,9,5,3,9,9,4,4,4,8,2,2,3,5,5,5,1,6,5,9,0,6,5,9,9,0,7,8,9,7,6,6,2,1,8,0,2,2,0,6,5,7,9,8,7,1,4,8,2,7,3,6,2,7,4,8,6,6,8,4,9,6,8,0,3,2,8,5,0,1,5,6,2,4,2,9,5,5,6,5,9,9,8,4,3,7,2,8,2,7,0,0,7,7,9,7,0,3,9,7,9,3,1,3,6,1,8,1,1,3,7,8,0,7,4,8,7,9,8,4,1];[0,3,2,9,8,13,5,3,4,2,3,2,12,7,1,7,1,2,9,3,0,4,14,14,2,3,9,7,4,8,10,0,0,10,3,7,12,9,1,11,5,13,7,9,0,9,3,13,8,14,12,1,5,4,3,13,2,8,13,5,5,5,10,7,5,3,5,4,5,10,14,2,0,11,14,12,14,5,7,7,0,10,13,12,1,0,0,3,0,0,6,12,7,13,6,0,12,10,6,12,1,1,9,14,4,8,9,9,9,11,8,12,1,3,2,4,4,7,12,0,8,8,9,8,13,6,14,12,8,5,3,11,13,3,11,14,6,11,11,6,7,3,9,5,5,5,3,2,14,9,9,1,8,11,11,3,3,12,5,2,4,10,4,0,4,10,7,13,1,13,2,14,1,8,0,3,14,7,11,3,7,13,1,5,4,8,6,6,1,7,2,4,3,12,7,2,0,14,5,12];[[0.4831103964860096,4.831103964860096,1.0],[0.9021829992468611,9.02182999246861,1.0],[0.5374571935128641,5.374571935128642,1.0],[0.8761340971511191,8.761340971511192,1.0],[0.573156942708234,5.7315694270823405,1.0],[0.994523847851402,9.945238478514021,1.0],[0.3574465703190305,3.574465703190305,1.0],[0.6617299629663892,6.617299629663892,1.0],[0.4882872262788658,4.882872262788657,1.0],[0.5726412824777106,5.726412824777106,1.0],[0.32388398325139345,3.2388398325139347,1.0],[0.8072354510963532,8.072354510963532,1.0],[0.8087324055796944,8.087324055796945,1.0],[0.660852452150834,6.60852452150834,1.0],[0.5802577271631468,5.802577271631469,1.0]]
2d_Hurink_vdata_30_workers.fjs;3282.2015158172367;519470;[0,211,342,463,861,1219,1303,1367,1409,1462,305,343,381,487,657,704,802,1221,1269,1287,212,365,445,551,600,899,998,1034,1116,1121,0,56,218,445,621,728,1052,1136,1194,1336,0,94,168,231,607,1027,1060,1221,1374,1390,545,623,724,829,1059,1071,1137,1180,1285,1491,96,519,668,931,981,1103,1255,1312,1399,1459,162,621,796,935,981,1109,1237,1287,1339,1491,0,140,198,545,600,623,759,1236,1371,1471,0,92,240,295,357,404,668,755,943,1269,0,56,94,195,255,317,365,686,1071,1471,231,434,441,541,600,683,759,823,897,1245,0,88,211,580,643,1023,1201,1219,1236,1420,198,254,387,863,943,1052,1132,1302,1380,1433,0,96,131,441,466,731,943,1157,1263,1462,0,121,211,470,864,931,1103,1263,1341,1459,35,121,295,381,820,897,1021,1026,1137,1374,295,343,381,461,630,706,802,1371,1433,1487,317,395,463,545,647,731,771,998,1033,1409,244,459,481,541,630,771,820,1159,1186,1332];[1,0,1,0,8,0,9,7,3,4,1,4,5,5,1,7,7,7,4,1,4,7,1,9,0,0,4,6,9,9,5,1,9,7,1,2,5,5,3,4,0,8,9,6,4,5,0,6,4,0,7,4,7,6,2,1,4,8,5,5,6,3,3,4,8,2,2,3,4,3,7,9,2,8,2,0,8,4,9,6,8,5,3,5,8,7,3,2,8,1,3,3,5,8,8,9,5,1,0,7,7,8,5,9,0,7,2,9,7,8,9,2,4,8,3,3,5,5,9,2,9,9,2,9,2,0,0,2,5,6,5,1,8,5,6,3,6,6,5,0,2,4,4,2,2,4,5,7,9,7,6,2,8,3,4,3,5,8,5,9,2,7,4,3,9,7,4,7,1,9,3,5,9,9,6,0,0,6,7,9,0,0,6,2,4,8,4,9,3,7,9,2,7,4,0,8,8,2,4,1];[14,13,10,0,3,4,8,4,10,9,5,13,2,5,1,7,3,10,4,3,3,0,9,3,4,6,12,9,11,11,1,7,6,14,9,14,7,1,11,3,3,1,2,6,11,8,13,14,11,11,5,2,1,4,5,5,13,1,9,8,8,13,7,10,11,7,7,14,13,11,11,3,6,11,13,12,1,11,4,3,6,10,5,7,10,6,4,3,12,7,13,3,9,12,12,12,8,12,2,10,7,2,2,14,0,4,14,3,3,13,2,7,1,4,8,9,9,9,12,9,0,0,10,9,14,12,3,2,12,8,12,3,4,2,3,0,6,12,6,1,9,4,9,11,10,4,8,14,1,5,4,13,1,9,5,5,8,6,9,10,9,6,1,3,13,0,0,1,10,3,13,3,11,3,4,2,1,0,9,13,7,13,7,14,5,6,5,14,6,14,10,5,12,1,0,13,2,6,0,5];[[0.34661995661142697,3.4661995661142697,1.0],[0.2286410960833074,2.286410960833074,1.0],[0.012392470279078194,0.12392470279078194,1.0],[0.9308270259025113,9.308270259025113,1.0],[0.3225145761620236,3.225145761620236,1.0],[0.0006954578022455582,0.006954578022455582,1.0],[0.2097170717940725,2.097170717940725,1.0],[0.5179602272351016,5.179602272351016,1.0],[0.7628222106217201,7.6282221062172,1.0],[0.3089717897377221,3.089717897377221,1.0],[0.15113122452813788,1.5113122452813788,1.0],[0.07045772229012492,0.7045772229012492,1.0],[0.8725064026541692,8.725064026541693,1.0],[0.3074981421409557,3.074981421409557,1.0],[0.272859759997538,2.7285975999753798,1.0]]
2d_Hurink_vdata_30_workers.fjs;2902.7431876906594;594660;[0,201,442,553,646,794,973,1045,1103,1173,64,104,267,360,420,483,667,781,1024,1080,86,128,242,378,408,476,795,1084,1160,1235,104,366,408,442,485,908,978,1134,1165,1313,80,253,300,326,530,713,744,799,883,1160,0,350,502,646,715,730,795,838,981,1061,259,346,715,871,911,1008,1074,1153,1241,1285,57,136,201,385,432,537,838,985,1223,1317,128,201,290,432,469,484,573,742,926,1255,64,152,248,300,482,727,894,973,1022,1143,0,136,207,253,373,580,846,1029,1134,1260,166,475,485,742,800,910,978,1042,1084,1332,0,580,686,701,751,838,872,939,1211,1261,0,48,179,268,374,475,652,667,742,1223,440,482,516,595,615,730,810,893,978,1160,152,623,713,795,872,950,1083,1153,1248,1312,151,234,712,742,836,910,1042,1077,1198,1285,0,104,268,350,440,530,645,1021,1233,1260,39,293,577,666,800,1021,1160,1276,1312,1332,300,408,442,517,615,883,926,1048,1080,1160];[7,4,5,0,4,9,7,8,3,4,8,6,0,0,5,7,6,7,8,1,1,9,8,2,1,9,1,0,9,4,3,2,7,9,1,2,5,5,9,4,5,2,1,8,5,5,0,9,9,0,5,4,7,3,7,3,4,7,0,7,6,3,3,0,0,7,2,3,0,7,7,0,6,8,3,5,1,9,7,6,1,0,7,8,2,2,4,4,8,2,2,3,5,2,4,7,7,1,3,7,8,7,9,9,9,8,3,5,6,3,5,8,6,8,0,3,2,0,4,3,4,6,9,9,2,4,6,4,8,5,0,3,7,4,4,0,6,8,9,6,6,8,3,2,2,8,5,6,3,5,8,5,1,3,4,6,8,8,9,0,2,1,4,5,2,9,2,6,0,9,3,8,7,6,1,9,0,6,3,1,0,5,1,2,8,4,2,3,3,0,9,2,7,1,9,8,5,2,7,1];[12,11,3,0,3,4,1,9,10,2,12,6,4,11,8,2,12,12,2,12,2,7,1,8,7,10,7,0,12,8,14,7,8,1,8,4,7,7,9,3,3,12,7,3,4,6,9,4,11,14,11,5,10,4,13,7,13,9,13,12,0,9,3,12,12,12,5,11,12,14,10,11,0,14,11,9,13,5,3,9,4,9,2,2,0,5,4,14,0,13,5,5,5,8,4,4,1,11,10,1,5,13,12,2,6,7,8,11,3,7,2,4,7,3,3,3,3,7,6,12,2,11,11,9,10,5,1,11,5,11,10,14,13,10,4,12,0,7,13,10,5,14,6,10,10,1,2,13,9,8,14,6,8,14,5,6,2,10,9,0,10,3,2,0,10,8,5,4,6,5,6,8,6,10,7,3,5,8,4,1,4,1,8,10,11,6,0,0,12,0,12,13,6,11,14,14,14,5,8,7];[[0.8559393885152179,8.55939388515218,1.0],[0.8004839408308784,8.004839408308783,1.0],[0.5938433496209707,5.938433496209708,1.0],[0.8870093324131678,8.870093324131679,1.0],[0.741558169706834,7.4155816970683395,1.0],[0.8097670389513107,8.097670389513107,1.0],[0.2247324103169328,2.247324103169328,1.0],[0.9761818800633866,9.761818800633865,1.0],[0.6339038774096737,6.339038774096737,1.0],[0.5580285642552777,5.580285642552777,1.0],[0.4463526500656817,4.463526500656817,1.0],[0.28336462923826333,2.8336462923826335,1.0],[0.9019880415639555,9.019880415639555,1.0],[0.03268507148422006,0.32685071484220063,1.0],[0.4362825217209084,4.3628252172090844,1.0]]
2d_Hurink_vdata_30_workers.fjs;2914.3678128532083;724270;[84,173,217,310,395,463,468,562,748,1228,244,353,395,517,575,805,829,894,1138,1287,460,575,644,727,802,901,929,1104,1185,1191,214,264,340,353,483,575,682,745,943,1058,98,185,477,604,738,745,923,1058,1156,1172,483,566,592,668,753,924,1035,1085,1141,1323,0,147,214,403,534,837,936,993,1075,1228,23,276,340,510,651,858,970,999,1191,1266,13,185,468,595,634,651,748,814,837,1098,0,84,173,219,352,390,604,886,999,1298,84,273,592,668,728,791,837,903,1004,1085,0,13,62,463,738,829,1006,1067,1137,1290,0,85,229,439,668,824,1006,1121,1141,1191,23,381,447,556,651,737,824,938,1172,1225,160,190,381,517,534,665,677,766,881,1075,0,190,273,352,737,882,1198,1233,1296,1332,81,264,553,682,748,829,1004,1009,1064,1265,0,283,322,353,839,970,1108,1219,1290,1323,403,491,791,903,1081,1163,1199,1287,1322,1342,311,502,510,668,829,897,963,1006,1199,1265];[7,0,1,5,8,6,7,6,8,4,7,1,5,5,0,8,1,9,4,8,4,5,1,2,3,3,1,8,2,2,3,9,9,7,5,3,5,5,9,2,8,4,2,8,5,7,0,6,4,1,1,9,4,3,2,3,9,7,3,2,6,3,8,3,8,5,4,3,4,3,9,9,0,4,2,4,0,4,7,2,1,6,6,0,2,0,6,9,7,2,3,0,5,5,4,7,6,1,0,5,3,2,9,4,0,7,8,8,7,3,1,0,1,8,9,3,5,8,6,5,2,6,8,2,1,4,6,4,7,9,1,2,9,7,9,4,6,7,4,0,2,9,4,8,2,8,8,2,0,5,8,2,4,3,3,6,3,6,3,4,2,3,4,6,1,2,2,2,1,9,5,7,8,9,6,1,0,7,6,9,0,0,0,2,9,5,8,7,6,3,2,4,7,7,9,5,5,8,5,1];[5,13,2,9,9,7,11,7,8,3,8,4,10,5,14,13,12,11,4,0,3,8,14,5,7,7,2,12,2,6,6,9,4,6,12,5,0,7,0,7,8,12,14,11,4,13,6,3,11,7,10,2,2,4,1,7,0,9,3,5,9,5,3,3,0,2,3,8,13,7,7,10,1,1,6,1,1,5,12,11,7,8,13,13,12,7,3,9,13,0,5,3,11,13,3,12,0,10,2,8,11,6,9,14,10,2,9,4,9,2,14,4,13,5,0,3,4,11,14,4,0,12,11,1,11,5,14,11,6,9,13,7,2,1,9,12,0,13,13,2,7,4,8,6,12,1,8,5,5,8,1,14,0,14,14,14,3,4,3,13,6,3,11,3,6,7,3,3,10,5,6,7,13,0,8,6,10,1,13,12,4,9,11,9,5,5,0,14,9,3,2,0,8,2,6,12,14,10,5,10];[[0.5198238265685563,5.198238265685563,1.0],[0.9583988744400509,9.583988744400509,1.0],[0.3402956357666065,3.402956357666065,1.0],[0.7081849781179302,7.081849781179303,1.0],[0.9252189405445452,9.252189405445453,1.0],[0.05032666735654623,0.5032666735654623,1.0],[0.6613275461751585,6.613275461751585,1.0],[0.82711411373077,8.271141137307701,1.0],[0.8734961127808921,8.734961127808921,1.0],[0.5913019030238962,5.913019030238962,1.0],[0.11264722490163037,1.1264722490163037,1.0],[0.34477784983246407,3.4477784983246407,1.0],[0.011377599382669468,0.11377599382669468,1.0],[0.7909742881977946,7.909742881977946,1.0],[0.3277964015146908,3.277964015146908,1.0]]
2d_Hurink_vdata_30_workers.fjs;3145.2328051679215;260020;[350,406,677,771,859,1032,1095,1179,1330,1392,0,36,71,585,858,879,919,1347,1396,1414,194,330,500,531,646,724,753,824,981,1314,0,92,291,350,439,898,969,1171,1228,1318,0,157,235,268,524,675,859,1019,1110,1127,137,311,466,560,800,859,1070,1170,1269,1330,56,277,407,470,795,893,945,1223,1349,1392,0,407,635,704,803,925,1095,1223,1312,1359,81,291,349,612,721,870,1032,1214,1301,1396,81,166,349,455,536,635,771,877,1133,1340,71,248,316,560,1073,1133,1179,1249,1349,1430,36,303,430,663,719,795,962,1032,1118,1218,0,176,255,407,556,639,675,800,1012,1067,157,392,524,777,923,1012,1095,1110,1176,1229,166,255,337,430,448,629,649,753,927,989,80,225,677,753,824,910,1023,1067,1133,1377,0,196,240,473,542,692,816,870,945,1211,0,496,698,738,972,1127,1214,1296,1347,1396,81,337,407,500,585,663,701,1170,1249,1296,196,303,311,406,470,566,608,649,1002,1229];[1,8,9,0,4,2,0,8,6,4,9,3,3,2,9,3,9,9,7,7,4,7,9,8,9,5,5,6,9,2,5,1,7,9,6,3,3,5,2,0,8,8,1,3,8,0,0,1,4,1,5,4,1,3,7,1,7,3,6,5,5,1,3,3,8,7,0,3,1,6,1,0,2,3,3,4,1,9,7,0,9,0,6,9,2,2,6,9,3,2,2,0,8,8,5,7,9,9,9,7,7,6,5,8,9,8,6,8,5,8,4,7,4,8,8,2,2,5,7,2,2,6,3,7,1,0,6,4,8,3,4,2,9,5,8,4,4,6,4,4,2,0,4,9,2,3,5,1,1,7,6,5,1,3,7,5,3,8,5,4,6,1,4,6,7,7,4,8,7,1,7,5,0,6,1,0,0,9,4,9,8,3,5,2,8,4,4,1,6,0,2,4,9,1,0,5,5,1,9,7];[14,10,1,14,3,3,0,4,14,14,14,7,4,7,13,9,13,4,9,8,0,2,3,4,6,8,5,2,12,8,1,0,5,10,1,10,9,9,7,7,11,1,7,2,3,10,1,0,7,7,12,7,0,4,3,14,2,7,9,5,3,4,1,7,6,7,1,3,5,7,9,7,4,6,7,8,13,1,12,6,0,11,3,12,12,6,4,12,3,4,2,3,11,4,5,7,10,11,6,10,7,6,8,14,12,1,2,13,0,13,14,3,13,8,7,8,4,9,3,9,0,11,3,4,8,5,14,9,6,10,5,11,12,5,11,5,1,11,8,5,7,5,6,5,3,6,2,2,5,2,9,14,5,13,12,2,10,6,5,13,8,7,1,8,2,11,0,8,3,0,2,2,12,12,14,13,10,6,13,10,5,7,14,10,0,9,3,12,9,0,4,5,12,0,11,6,1,1,1,8];[[0.18019241848515155,1.8019241848515155,1.0],[0.48736227300275514,4.873622730027551,1.0],[0.07759170039841756,0.7759170039841756,1.0],[0.5225667244081349,5.2256672440813485,1.0],[0.9196433340252647,9.196433340252646,1.0],[0.8762509611803474,8.762509611803473,1.0],[0.5029695910906639,5.029695910906638,1.0],[0.8160267976375112,8.160267976375112,1.0],[0.8059112000327816,8.059112000327817,1.0],[0.2140591090540045,2.140591090540045,1.0],[0.08805821114486456,0.8805821114486456,1.0],[0.20329737064426556,2.0329737064426556,1.0],[0.5837360924329463,5.837360924329463,1.0],[0.6737333796339059,6.737333796339059,1.0],[0.1608013027204077,1.6080130272040771,1.0]]
2d_Hurink_vdata_5_workers.fjs;1134.6032560993576;559740;[67,88,203,307,455,0,26,83,225,291,146,249,276,325,430,0,133,227,332,381,0,41,125,233,321,83,180,276,379,405,154,213,270,365,472,0,67,169,381,438,26,55,174,276,473,0,107,242,378,461];[3,3,4,4,2,4,4,2,1,3,1,4,4,0,4,2,4,2,2,3,1,1,2,4,1,1,0,0,0,0,0,1,3,1,2,0,0,3,4,1,1,4,2,1,3,3,2,1,2,0];[3,2,0,2,4,2,0,4,3,0,6,3,2,5,6,6,0,6,6,2,0,4,3,5,3,6,1,1,4,1,1,6,5,3,4,1,5,4,6,5,4,0,5,4,1,5,4,2,0,3];[[0.7773566427005639,7.7735664270056395,1.0],[0.6698255595592497,6.698255595592498,1.0],[0.09913960392481702,0.9913960392481702,1.0],[0.35297051119014544,3.529705111901454,1.0],[0.4679077429008419,4.679077429008419,1.0],[0.5346837414708775,5.346837414708775,1.0],[0.9783090609123973,9.783090609123974,1.0]]
2d_Hurink_vdata_5_workers.fjs;1189.4436253963747;1005970;[0,27,290,378,471,0,77,126,225,330,0,253,300,373,448,68,151,229,332,376,71,189,332,419,487,97,162,277,436,481,20,47,160,180,367,0,71,162,251,475,108,121,331,430,475,0,108,253,290,418];[0,3,1,4,2,3,2,2,4,0,1,2,4,1,4,4,4,3,1,3,1,3,3,2,2,1,0,0,2,0,0,0,1,1,2,4,0,2,4,1,3,3,4,1,3,2,2,1,2,0];[0,2,4,1,0,2,5,0,2,3,1,3,2,4,6,4,2,5,4,0,0,5,6,5,0,6,4,3,2,5,4,5,3,3,5,3,1,6,2,2,5,5,1,4,1,6,2,1,0,3];[[0.7966509679599704,7.966509679599704,1.0],[0.05862623274803458,0.5862623274803458,1.0],[0.7602397739740907,7.602397739740907,1.0],[0.8627037401845356,8.627037401845355,1.0],[0.09127403464611428,0.9127403464611428,1.0],[0.9024924365975527,9.024924365975528,1.0],[0.7858960565941281,7.858960565941281,1.0]]
2d_Hurink_vdata_5_workers.fjs;1203.7314019358428;2435190;[13,34,184,411,533,37,86,142,187,489,26,93,164,276,411,93,194,274,388,444,0,253,326,372,489,213,292,434,484,512,0,25,124,177,274,25,90,177,274,323,0,13,207,334,388,117,255,377,411,501];[3,3,1,4,2,2,2,3,4,4,1,4,3,1,1,1,3,3,0,3,1,0,2,2,2,1,0,0,0,0,4,2,3,0,2,4,0,2,4,4,3,0,4,1,3,4,4,1,2,1];[3,1,3,3,5,2,0,1,2,6,6,2,1,0,4,6,1,4,5,2,1,3,5,0,5,6,1,5,1,1,2,5,0,5,5,0,5,4,2,3,5,4,2,6,1,2,2,2,6,3];[[0.5209484070219088,5.209484070219088,1.0],[0.42125020101147315,4.212502010114731,1.0],[0.22094517308324657,2.2094517308324657,1.0],[0.13033708391670573,1.3033708391670573,1.0],[0.48395776843282956,4.839577684328296,1.0],[0.6260889663051598,6.260889663051597,1.0],[0.6211218319323739,6.21121831932374,1.0]]
2d_Hurink_vdata_5_workers.fjs;1173.6977887635348;1626090;[0,21,236,332,470,85,112,211,309,400,0,67,183,375,433,0,102,183,285,400,165,192,239,332,349,102,227,400,444,486,0,28,41,91,396,0,61,232,349,443,144,157,286,332,498,157,223,269,321,475];[3,3,1,0,2,4,4,1,1,0,1,2,1,1,1,4,1,2,2,3,3,3,4,4,2,3,0,2,2,2,2,2,2,2,4,0,0,3,4,4,4,0,4,1,3,4,4,1,3,0];[3,2,6,4,6,1,6,6,5,2,6,3,2,0,4,1,2,3,6,1,5,5,2,0,2,3,1,5,0,0,4,3,4,0,6,0,5,0,5,3,1,1,4,6,1,4,2,5,3,2];[[0.49734142093980327,4.973414209398033,1.0],[0.35999045686025677,3.5999045686025677,1.0],[0.7220617567237175,7.220617567237175,1.0],[0.44672126724761885,4.4672126724761885,1.0],[0.4533596515962979,4.533596515962978,1.0],[0.025925678678183073,0.25925678678183073,1.0],[0.33490089376309407,3.3490089376309404,1.0]]
2d_Hurink_vdata_5_workers.fjs;1188.5020984971102;3269500;[0,109,296,346,423,0,152,236,444,478,0,130,190,378,470,67,158,236,337,378,84,217,262,461,511,19,178,279,423,448,190,267,337,435,511,26,91,178,296,356,0,15,83,130,306,0,109,262,323,478];[0,3,1,0,2,2,4,1,4,4,1,4,3,1,3,1,1,4,1,3,3,3,3,4,1,0,0,2,0,2,4,2,4,1,2,2,0,2,0,4,3,3,4,2,3,4,2,1,2,0];[4,2,0,0,0,0,0,4,6,6,6,4,5,6,5,3,3,3,4,2,4,5,4,1,0,4,1,5,5,3,2,5,6,4,2,0,5,6,2,3,3,5,1,1,1,2,4,2,5,1];[[0.4211249061401,4.211249061401,1.0],[0.9761073344853062,9.761073344853061,1.0],[0.6132800246752349,6.132800246752349,1.0],[0.6930423279788359,6.930423279788359,1.0],[0.5088628354481554,5.088628354481553,1.0],[0.18781156668551158,1.8781156668551158,1.0],[0.830121874145001,8.301218741450011,1.0]]
2d_Hurink_vdata_5_workers.fjs;1152.900372733306;3296690;[0,63,228,324,454,141,164,253,279,470,0,79,100,143,208,59,148,239,329,381,71,100,164,297,411,0,315,418,463,489,20,129,197,232,489,0,141,329,418,465,0,59,193,279,476,13,131,216,302,381];[0,3,4,4,0,2,2,1,4,0,1,4,4,1,3,2,4,2,1,3,1,1,3,4,0,3,0,2,2,2,0,0,1,0,4,2,0,2,4,1,4,0,2,1,3,4,4,1,3,1];[0,0,4,4,4,6,1,0,3,2,1,1,2,5,5,5,4,2,0,0,3,1,6,0,2,3,1,6,6,3,0,3,1,6,6,6,2,6,5,5,2,6,3,4,1,4,4,1,5,3];[[0.4831103964860096,4.831103964860096,1.0],[0.9021829992468611,9.02182999246861,1.0],[0.5374571935128641,5.374571935128642,1.0],[0.8761340971511191,8.761340971511192,1.0],[0.573156942708234,5.7315694270823405,1.0],[0.994523847851402,9.945238478514021,1.0],[0.3574465703190305,3.574465703190305,1.0]]
2d_Hurink_vdata_5_workers.fjs;1191.0282553989528;636010;[0,63,181,358,463,0,152,181,211,241,84,321,354,384,441,0,82,153,316,400,228,277,434,481,497,0,177,277,322,358,24,72,155,204,345,15,90,257,352,414,0,20,187,311,495,90,167,277,391,494];[0,3,4,4,2,4,4,1,4,3,1,2,1,1,1,2,4,3,0,3,4,0,4,4,2,3,0,2,3,0,4,1,1,1,2,1,0,4,3,0,1,0,2,1,3,2,2,1,2,0];[0,3,0,4,6,2,0,3,6,0,1,3,6,6,4,5,0,2,4,0,6,3,2,5,5,3,4,5,0,1,0,4,3,3,2,4,5,1,3,3,4,6,5,6,1,6,1,2,5,3];[[0.34661995661142697,3.4661995661142697,1.0],[0.2286410960833074,2.286410960833074,1.0],[0.012392470279078194,0.12392470279078194,1.0],[0.9308270259025113,9.308270259025113,1.0],[0.3225145761620236,3.225145761620236,1.0],[0.0006954578022455582,0.006954578022455582,1.0],[0.2097170717940725,2.097170717940725,1.0]]
2d_Hurink_vdata_5_workers.fjs;1174.4286769949665;4707630;[23,236,319,405,480,0,148,190,243,478,0,73,148,358,462,0,83,190,362,443,23,196,260,402,417,0,61,280,362,417,48,176,216,235,496,83,161,252,358,462,0,128,196,319,387,61,128,153,326,403];[3,3,4,4,2,3,4,1,4,4,1,4,2,0,1,2,1,2,1,3,4,3,4,2,0,0,0,2,3,2,4,2,1,1,2,2,0,0,4,0,4,3,4,1,3,3,4,1,2,1];[3,4,0,6,5,4,0,0,6,6,1,3,3,2,4,6,1,1,4,0,4,5,2,0,2,5,4,3,6,5,2,3,0,0,2,0,2,5,5,3,3,5,3,6,1,5,6,1,3,3];[[0.8559393885152179,8.55939388515218,1.0],[0.8004839408308784,8.004839408308783,1.0],[0.5938433496209707,5.938433496209708,1.0],[0.8870093324131678,8.870093324131679,1.0],[0.741558169706834,7.4155816970683395,1.0],[0.8097670389513107,8.097670389513107,1.0],[0.2247324103169328,2.247324103169328,1.0]]
2d_Hurink_vdata_5_workers.fjs;1280.692512006833;4673980;[25,81,236,458,588,25,88,229,386,510,0,67,88,179,266,67,158,322,410,514,0,44,247,301,410,253,362,458,510,536,296,355,367,397,536,0,83,206,306,355,0,13,117,164,458,162,229,266,324,451];[0,3,1,0,2,4,4,3,1,4,1,4,2,0,0,1,1,3,1,3,4,0,2,4,3,3,0,4,2,0,2,1,1,2,2,2,0,4,1,4,3,3,4,2,3,3,2,1,2,1];[4,4,0,4,6,1,0,5,6,3,6,1,1,4,0,2,3,2,4,2,4,3,3,2,2,6,1,5,0,4,4,6,6,0,1,0,6,1,3,3,5,5,1,1,1,5,2,5,4,3];[[0.5198238265685563,5.198238265685563,1.0],[0.9583988744400509,9.583988744400509,1.0],[0.3402956357666065,3.402956357666065,1.0],[0.7081849781179302,7.081849781179303,1.0],[0.9252189405445452,9.252189405445453,1.0],[0.05032666735654623,0.5032666735654623,1.0],[0.6613275461751585,6.613275461751585,1.0]]
2d_Hurink_vdata_5_workers.fjs;1165.4262047977913;3222530;[0,21,228,334,406,26,79,259,453,471,158,268,292,320,454,0,80,158,361,460,111,140,180,318,422,0,62,222,281,466,0,50,102,140,406,0,228,315,404,466,65,158,272,318,404,63,254,272,320,402];[3,3,1,4,2,2,4,3,4,4,1,2,2,0,0,1,1,4,1,3,4,3,3,4,2,0,0,2,3,2,2,2,3,2,4,4,0,3,0,1,4,0,4,1,3,2,4,1,2,1];[3,2,1,5,5,3,6,1,4,3,6,3,3,2,0,5,3,4,4,2,6,5,2,5,5,1,1,3,0,1,0,4,2,0,6,6,5,0,2,5,6,1,4,6,1,4,6,2,3,3];[[0.18019241848515155,1.8019241848515155,1.0],[0.48736227300275514,4.873622730027551,1.0],[0.07759170039841756,0.7759170039841756,1.0],[0.5225667244081349,5.2256672440813485,1.0],[0.9196433340252647,9.196433340252646,1.0],[0.8762509611803474,8.762509611803473,1.0],[0.5029695910906639,5.029695910906638,1.0]]
3_DPpaulli_15_workers.fjs;7071.149679548306;180510;[143,549,693,703,921,1007,1044,1169,1262,1327,1428,1783,2134,2523,3151,123,279,322,586,626,692,869,1530,1569,1641,1973,2478,2643,2734,2773,2917,2985,3126,3216,3286,279,382,866,915,1044,1076,1193,1265,1327,1569,1624,1714,1823,1921,1998,2105,2223,2270,2408,2757,2881,3004,3032,322,337,781,926,1019,1130,1378,1545,1714,2013,2122,2278,2682,2811,2865,2984,3121,3229,0,87,743,845,890,936,1002,1104,1228,1426,1530,1666,2314,2427,2502,2583,2649,2850,2906,3033,3135,0,663,836,921,1350,1487,1530,1848,2015,2045,2134,2385,2981,3254,3286,0,66,129,252,486,558,1302,1662,1714,2050,2370,2427,2533,2579,2717,2745,3286,0,48,261,580,649,719,764,1228,1262,1359,1605,1800,1837,1899,1921,1944,2046,2122,2324,2433,2533,2717,2773,2853,3152,0,48,439,509,755,797,937,1004,1100,1117,1564,1783,2275,2331,2523,2562,2762,2819,2925,2984,3033,3121,3151,0,216,386,486,563,632,693,845,866,1019,1304,1784,1909,2278,2370,2502,2668,2822,3059,1208,1265,1416,1706,1921,1998,2046,2136,2219,2258,2353,2530,2600,2613,2793,2822,2981,3188,3286,0,48,127,216,464,591,632,673,707,719,926,1004,1148,1805,1894,1932,1975,2068,2258,3031,3229,69,346,797,862,917,1107,1439,1615,1706,1770,1805,2370,2985,3059,3188,3278,10,69,91,179,196,207,272,331,371,438,568,752,770,1240,1327,1786,371,439,550,801,904,937,1052,1065,1121,1165,1240,1319,1392,1530,1564,1657,1897,2053,2136,2324,2472,2617,2643,2905,2917,69,1117,1378,1439,1599,1624,1709,1993,2050,2088,2183,2331,2663,2734,2791,2906,3032,130,323,707,817,1350,1522,1545,1605,1766,1837,1909,2105,2164,2223,2275,2362,2564,2663,2865,3121,3209,0,127,161,173,272,382,529,563,719,1804,1848,2205,2668,2757,2984,3118,3237,350,509,774,851,917,937,951,1217,1317,1461,1526,1640,1666,1772,1944,2154,2442,2598,2649,2869,3097,3226,3237,0,115,156,300,322,350,486,568,628,692,774,1434,1898,1993,3083,3209];[6,1,2,1,6,5,2,7,5,7,8,7,5,7,7,2,9,3,4,7,6,0,9,2,9,4,6,5,4,9,4,5,1,1,6,2,9,4,2,0,1,4,8,2,9,9,9,4,9,0,6,9,4,9,8,7,6,9,9,6,1,0,7,2,3,4,0,3,8,9,7,2,1,8,3,9,4,1,4,3,9,7,9,7,7,0,1,3,1,2,0,4,2,7,8,1,6,1,8,2,9,8,9,6,2,8,5,9,1,0,5,7,8,8,9,5,6,6,4,0,5,6,2,3,7,7,7,6,1,3,6,3,1,9,2,1,1,4,6,5,0,6,6,2,3,2,3,0,6,5,0,4,4,9,5,2,1,4,2,2,8,3,3,4,0,1,3,9,3,3,0,7,8,1,8,7,2,0,7,0,8,5,2,0,4,8,6,5,2,0,8,6,2,3,0,4,8,6,3,2,6,9,7,4,1,7,6,4,4,8,2,8,9,8,4,6,0,3,2,7,2,4,4,2,9,8,8,4,3,7,8,8,0,1,0,5,5,2,7,5,5,8,7,2,8,4,5,8,4,5,7,8,9,3,7,8,0,8,6,7,5,2,6,7,8,0,8,4,7,6,7,9,4,4,7,5,9,0,2,0,9,0,3,8,3,4,7,4,9,5,6,4,6,9,3,2,5,9,8,7,6,9,8,0,7,0,5,6,0,6,0,8,4,2,1,7,5,4,3,0,1,2,6,3,2,4,0,7,2,8,0,9,8,1,3,8,7,7,8,3,2,8,8,8,2,7,4,2,4,2,0,1,7,1,1,9,9,3,4,3,7,8,2,2,4,2,9,9,6,2,6,7,0,5,9,1,1,1,7,5,7,5,1,4,7,0,3];[10,1,9,9,11,12,13,6,12,8,5,7,14,9,2,5,7,1,8,9,6,14,6,6,14,3,4,9,1,4,5,6,8,5,12,12,3,5,4,12,1,12,8,9,0,6,2,9,6,13,2,11,1,0,10,7,13,6,9,8,3,1,9,9,9,4,8,8,12,12,5,8,3,7,11,11,7,9,7,8,11,0,4,11,11,8,10,12,0,12,13,8,10,13,10,7,5,0,6,12,10,13,1,8,2,1,14,9,10,14,12,1,12,10,8,14,5,0,13,1,9,11,5,9,14,11,10,2,14,5,14,10,0,3,1,6,6,10,11,7,10,4,6,7,12,2,3,1,14,9,5,3,0,13,14,8,13,14,1,13,6,7,9,5,11,3,7,4,3,6,12,7,8,8,11,9,7,2,5,14,7,4,4,2,7,0,1,0,4,5,5,6,12,0,10,4,2,6,4,13,2,14,1,6,1,4,6,8,7,0,9,12,2,9,5,8,2,10,7,3,1,12,5,11,8,14,6,13,8,0,1,10,10,0,14,13,4,10,1,6,9,3,6,9,7,10,11,3,0,2,14,3,4,3,12,6,9,13,11,2,9,14,5,12,4,1,2,0,3,7,3,11,3,5,5,14,10,5,5,3,3,0,14,5,11,6,8,6,11,7,6,13,11,6,12,6,13,10,2,3,5,12,3,3,8,12,3,2,2,10,13,14,12,12,2,5,1,13,11,13,13,13,11,2,9,1,4,1,11,14,8,9,3,2,3,3,0,10,7,11,6,1,12,13,8,3,3,10,5,13,0,14,6,14,2,9,1,7,3,8,6,9,9,5,7,2,2,14,12,14,6,11,13,14,1,5,7,8,3,11,10,2,10,10,2,13,2];[[0.7773566427005639,7.7735664270056395,1.0],[0.6698255595592497,6.698255595592498,1.0],[0.09913960392481702,0.9913960392481702,1.0],[0.35297051119014544,3.529705111901454,1.0],[0.4679077429008419,4.679077429008419,1.0],[0.5346837414708775,5.346837414708775,1.0],[0.9783090609123973,9.783090609123974,1.0],[0.13031535015865903,1.3031535015865903,1.0],[0.6712434682302663,6.712434682302662,1.0],[0.36422941594737557,3.6422941594737557,1.0],[0.48883570716198577,4.888357071619858,1.0],[0.20301221073405373,2.0301221073405373,1.0],[0.6661983755713592,6.661983755713592,1.0],[0.2276630312069321,2.276630312069321,1.0],[0.4580640582967631,4.580640582967631,1.0]]
3_DPpaulli_15_workers.fjs;6605.398525233005;265670;[282,518,559,822,1188,1288,1508,1746,1873,2301,2395,2467,2753,2923,3007,141,327,643,996,1034,1192,1288,1343,1575,1688,1950,2032,2110,2257,2298,2577,2660,2786,2930,2996,76,141,311,348,661,739,796,1063,1129,1199,1468,1590,1645,1734,1818,1881,1987,2371,2482,2626,2696,2996,3039,0,38,98,405,526,749,949,1188,1337,1455,1561,1645,1789,2017,2083,2202,2240,2624,126,229,347,473,625,693,755,848,919,1236,1337,1454,1756,1829,1914,1982,2009,2097,2402,2611,2995,0,109,434,1001,1037,1236,1436,1684,1717,2328,2417,2542,2626,2674,2743,0,414,473,573,643,720,730,1129,1188,1375,1395,1922,2214,2795,2917,2949,3039,0,47,289,329,559,643,720,739,766,863,960,1029,1063,1128,1468,1530,1623,1801,1996,2032,2665,2753,2826,2906,2958,38,71,148,189,261,308,497,559,766,1101,1251,1343,1525,1623,1881,1924,1984,2075,2392,2718,2795,2887,2917,0,213,300,860,933,1134,1377,1454,1631,1704,1716,1987,2190,2260,2351,2498,2609,2696,2786,129,190,307,354,474,1115,1227,1337,1493,1530,1605,1616,1818,1931,2240,2313,2499,2766,2876,0,130,597,933,1011,1076,1116,1343,1616,1627,1706,2169,2261,2287,2539,2641,2678,2718,2826,2887,3062,109,198,354,540,597,675,769,860,949,1013,1037,1756,1857,2437,2539,2949,71,730,755,990,1013,1116,1343,1706,2046,2110,2186,2351,2449,2857,2950,3028,0,261,311,329,434,474,807,836,1227,1539,1623,1818,1895,2186,2217,2426,2563,2609,2674,2716,2743,2799,2873,2940,2950,0,148,222,437,848,1154,1277,1342,1442,1984,2033,2217,2467,2711,2788,2883,3030,222,327,457,499,722,796,996,1061,1154,1238,1379,1530,1575,1678,1832,2000,2109,2202,2402,2437,2519,64,76,114,229,311,417,769,894,990,1188,1377,1530,2034,2139,2298,2423,2950,114,229,341,441,790,848,1187,1424,1488,1704,1770,1863,2261,2301,2320,2401,2437,2695,2747,2826,2958,3026,3038,64,198,213,392,820,980,1433,1501,1761,1801,1895,2139,2491,2563,2624,2995];[9,8,4,7,6,9,8,7,4,8,0,7,3,7,7,2,6,5,9,9,7,6,1,2,0,1,0,6,7,2,5,2,7,2,9,2,9,4,9,1,1,5,1,6,9,9,8,6,9,8,1,9,6,0,0,5,2,9,8,1,9,1,3,2,9,0,7,3,6,0,4,4,8,0,5,2,6,1,6,8,0,2,4,6,7,7,2,0,6,7,2,8,2,7,2,7,1,2,8,3,2,5,3,4,2,5,5,3,0,1,4,1,3,8,5,5,9,9,3,1,4,6,3,4,2,2,5,1,5,4,6,1,7,0,2,1,8,6,8,5,6,6,3,2,4,2,2,0,3,3,2,4,4,6,5,0,3,4,3,8,0,1,8,9,0,4,3,5,8,7,6,3,7,8,0,5,8,5,3,0,1,0,9,0,8,3,9,6,2,6,6,3,4,3,0,5,8,9,3,4,6,5,8,8,2,1,4,1,4,0,0,4,7,8,7,6,5,7,1,0,0,4,0,4,9,5,8,9,9,5,5,8,7,6,0,7,7,8,3,6,3,7,0,9,6,6,2,1,0,5,8,7,5,9,9,2,4,0,9,7,6,4,1,6,4,3,5,7,1,4,7,1,4,4,7,2,9,5,8,9,9,4,3,6,3,4,1,1,4,4,2,0,3,0,0,5,6,4,2,3,3,1,3,7,4,0,4,1,6,6,0,8,2,2,5,3,1,8,7,2,1,2,3,3,4,8,0,7,9,1,7,2,4,1,6,2,0,7,2,8,1,2,7,9,2,7,2,0,4,2,0,9,7,8,8,6,8,4,4,2,8,0,1,8,9,6,6,9,4,4,0,8,7,7,8,3,7,7,5,0,0,3,5,3,2,6,8];[0,2,11,1,14,13,13,5,6,12,8,7,5,1,12,7,2,0,11,11,3,5,4,2,8,14,14,8,13,6,1,14,12,12,5,7,3,4,13,13,3,7,7,10,5,6,10,7,11,3,14,11,3,8,6,12,13,1,10,5,4,6,4,9,12,9,2,1,12,0,12,2,4,2,11,11,13,10,11,5,14,13,6,8,10,0,12,12,9,0,5,5,10,6,13,0,8,0,13,0,10,13,3,3,4,3,14,2,9,10,8,9,8,14,10,10,5,14,8,9,12,8,10,4,13,2,6,2,5,12,14,7,9,3,10,5,5,12,4,3,7,8,3,8,5,14,14,6,7,13,1,3,9,1,7,10,1,11,4,2,12,12,13,14,1,7,2,2,11,3,3,3,0,2,1,5,3,5,14,11,11,6,0,12,9,9,3,10,7,14,1,4,2,12,3,10,12,9,6,0,3,4,7,0,11,9,7,5,5,0,3,9,0,11,12,6,4,13,11,1,10,11,8,3,6,0,5,3,2,11,2,10,10,8,4,6,0,0,10,13,11,2,11,0,7,7,6,10,2,6,6,6,12,6,14,8,3,1,5,2,12,1,9,7,0,11,14,2,11,12,3,12,10,11,1,3,8,1,1,8,7,11,10,13,7,14,5,5,7,3,13,14,7,3,2,6,11,5,2,9,11,4,9,10,7,12,1,13,0,10,5,5,12,6,1,3,0,2,3,12,14,14,4,11,11,0,7,6,6,14,0,1,8,11,2,14,9,10,1,12,8,6,3,13,12,3,4,4,5,13,3,12,5,6,1,0,4,6,3,1,9,4,0,9,9,14,14,0,0,13,14,0,14,1,5,13,14,5,10,14,13,8,13,3,5,3,3];[[0.7966509679599704,7.966509679599704,1.0],[0.05862623274803458,0.5862623274803458,1.0],[0.7602397739740907,7.602397739740907,1.0],[0.8627037401845356,8.627037401845355,1.0],[0.09127403464611428,0.9127403464611428,1.0],[0.9024924365975527,9.024924365975528,1.0],[0.7858960565941281,7.858960565941281,1.0],[0.40667966546103385,4.0667966546103385,1.0],[0.37447264465852026,3.7447264465852026,1.0],[0.6490262282913547,6.490262282913547,1.0],[0.40092466608569977,4.009246660856998,1.0],[0.5721109226277574,5.721109226277575,1.0],[0.6077930620255084,6.077930620255084,1.0],[0.05072389565884072,0.5072389565884072,1.0],[0.7370880093375713,7.370880093375714,1.0]]
3_DPpaulli_15_workers.fjs;6740.533090143659;212950;[399,465,632,745,851,1069,1428,1510,2076,2120,2213,2382,2490,2756,2801,0,163,308,383,665,768,851,1079,1121,1362,1793,1896,2358,2484,2601,2706,2776,2801,2882,3068,10,100,155,210,311,345,496,880,975,1155,1401,1795,1833,1899,2309,2377,2446,2596,2663,2870,2945,3079,3105,248,266,328,496,598,684,774,848,1197,1504,1735,1873,2213,2578,2627,2715,2778,2870,0,100,172,262,473,589,648,745,904,975,1241,1401,1579,1686,1768,2165,2335,2361,2759,2969,3085,0,599,624,880,946,1135,1453,1560,1581,1706,1968,2076,2165,2310,2392,101,307,496,648,1069,1314,1340,1553,1628,1954,2067,2390,2484,2527,2685,2991,3074,69,232,559,656,724,816,958,975,1024,1069,1170,1226,1328,1663,1770,1795,1854,1920,2361,2446,2622,2715,2829,2963,3046,0,33,262,788,999,1118,1135,1219,1337,1475,1511,1605,1689,1736,1990,2091,2177,2449,2627,2685,2741,2945,3001,187,308,642,848,921,999,1064,1219,1241,1615,1736,1804,1911,1992,2152,2480,2578,2968,3049,0,65,157,328,418,530,592,782,1328,1362,1432,1581,2262,2275,2371,2578,2663,2810,2894,345,400,465,481,592,916,958,1118,1195,1207,1317,1581,1872,2044,2275,2446,2578,2628,2731,2787,3017,0,106,488,851,1079,1504,1605,1696,1899,2028,2211,2309,2390,2494,2596,3105,0,56,198,364,439,1020,1453,1832,2086,2187,2627,2710,2776,2894,3105,3128,104,262,311,328,400,435,552,566,634,708,1041,1314,1383,1475,1605,1682,1915,2275,2470,2678,2824,2894,2939,2991,3001,109,172,248,462,496,817,1157,1259,1770,1919,2127,2242,2414,2650,2712,2888,3046,0,375,439,502,559,634,964,1170,1281,1353,1508,1633,1682,1735,1814,1849,1983,2208,2344,2829,2987,0,184,306,503,688,1324,1432,1453,1832,2045,2086,2235,2309,2414,2801,2882,3044,100,408,573,729,749,768,810,921,1121,1226,1295,1314,1337,1440,1768,1854,1959,2045,2211,2325,2712,2776,2945,56,151,165,307,598,724,816,1155,1298,1379,1579,1686,1992,2757,2904,2987];[5,5,0,7,7,5,4,5,0,5,8,5,9,4,5,9,2,2,8,5,2,1,9,1,0,4,0,3,4,0,1,2,2,1,6,6,4,4,8,6,1,5,8,2,4,2,1,6,9,8,1,5,5,9,3,7,0,1,3,1,8,4,0,0,3,4,0,3,6,4,3,6,8,8,3,9,4,1,9,7,2,6,8,6,1,3,3,3,6,7,0,4,0,7,3,6,3,3,3,2,6,8,9,2,2,4,8,5,4,3,5,7,8,5,3,6,6,5,3,1,4,6,3,4,2,0,4,4,2,3,2,5,1,9,1,3,5,6,8,8,6,2,8,1,2,2,8,0,3,3,3,6,5,7,5,2,0,9,0,0,0,2,4,9,0,3,5,3,8,6,7,6,6,6,0,3,0,4,9,0,2,0,9,7,3,8,4,5,8,3,9,6,6,2,1,8,1,0,8,4,8,1,7,5,7,7,5,2,5,0,2,9,7,8,0,6,3,7,0,5,3,4,2,2,5,8,7,7,5,5,9,3,2,5,1,5,7,6,7,3,3,8,0,2,6,8,1,4,2,5,7,0,8,5,6,5,7,1,7,7,2,0,1,5,4,4,8,7,3,9,3,3,2,1,8,2,9,4,0,6,9,0,8,4,2,4,8,1,4,8,0,0,3,2,3,5,3,9,2,3,6,9,4,0,3,9,5,7,5,5,0,7,2,2,9,3,1,7,3,4,7,2,9,4,9,8,0,4,5,0,2,6,2,0,6,7,1,7,1,3,2,7,7,9,6,7,2,4,9,6,1,5,2,5,7,6,5,1,5,4,8,8,7,1,2,6,6,3,4,1,8,8,0,0,7,4,1,8,2,0,8,5,1,3,8,6,9];[3,7,12,11,12,13,1,6,6,11,9,10,5,8,10,2,0,4,13,1,2,8,9,6,0,3,6,4,1,6,4,10,14,1,8,13,2,6,3,7,3,6,3,3,7,6,7,7,7,14,14,3,2,3,10,0,2,9,12,0,11,11,0,3,9,11,9,13,8,9,0,5,7,6,8,12,12,9,10,4,12,13,11,8,10,9,10,3,6,2,2,13,12,8,1,1,10,3,11,10,4,13,8,10,10,14,4,6,7,9,0,8,10,14,4,7,5,10,7,1,8,8,10,7,13,11,9,4,12,8,13,14,6,13,5,3,8,13,3,14,13,3,2,9,12,14,9,3,12,13,7,11,8,13,7,11,10,13,7,8,12,0,12,2,7,3,14,14,13,9,6,5,9,2,11,9,14,13,6,0,1,6,0,1,6,6,5,0,5,4,8,8,8,12,10,0,1,14,2,0,9,3,14,0,0,12,6,9,14,5,7,10,11,7,9,8,7,3,13,9,9,2,7,11,1,4,10,6,2,2,4,8,8,0,1,11,5,4,9,5,11,3,11,7,1,13,8,7,11,6,14,7,14,4,11,12,12,2,6,5,14,14,5,13,4,7,2,0,6,9,3,2,11,14,13,12,2,10,7,6,4,9,12,4,14,14,11,1,2,4,4,6,7,8,12,8,11,3,11,0,3,10,13,10,10,13,14,9,2,4,6,12,10,8,6,3,11,3,4,9,14,14,8,1,14,8,7,11,10,0,12,8,0,12,1,2,10,10,5,13,13,1,3,13,6,3,3,6,12,0,5,4,2,6,7,1,9,14,6,11,14,0,13,12,10,4,12,9,5,3,10,0,5,7,8,8,12,4,5,7,13,0,10,9,6,11,3];[[0.5209484070219088,5.209484070219088,1.0],[0.42125020101147315,4.212502010114731,1.0],[0.22094517308324657,2.2094517308324657,1.0],[0.13033708391670573,1.3033708391670573,1.0],[0.48395776843282956,4.839577684328296,1.0],[0.6260889663051598,6.260889663051597,1.0],[0.6211218319323739,6.21121831932374,1.0],[0.707277595965894,7.07277595965894,1.0],[0.43539590023548325,4.3539590023548325,1.0],[0.04809800715767443,0.4809800715767443,1.0],[0.2254847064342842,2.254847064342842,1.0],[0.788548045160999,7.88548045160999,1.0],[0.42108890435006496,4.21088904350065,1.0],[0.5652029481252892,5.6520294812528915,1.0],[0.6764042610645917,6.764042610645918,1.0]]
3_DPpaulli_15_workers.fjs;6131.088127054871;671810;[35,116,494,795,899,1049,1089,1443,1663,1793,2209,2372,2573,2701,2712,0,96,142,312,352,443,514,567,603,649,966,1138,1275,1621,1702,1793,1865,2058,2412,2521,233,294,343,459,659,715,1150,1223,1475,1561,1750,1767,1814,1929,2004,2074,2142,2269,2328,2427,2491,2667,2701,416,464,681,846,1223,1323,1406,1443,1581,2053,2123,2209,2248,2359,2446,2704,2761,2839,143,378,460,659,700,725,781,898,966,1066,1280,1373,1471,1924,2074,2241,2309,2352,2464,2485,2667,212,352,649,859,949,1017,1545,1655,1757,1926,2247,2320,2523,2732,2769,0,126,233,459,562,634,681,881,1049,1406,1423,1499,1615,2578,2723,2753,2804,0,35,107,146,212,273,312,433,525,567,664,724,762,824,948,971,1034,1087,1146,1179,1587,1771,2380,2464,2584,0,107,272,326,401,443,460,525,620,883,985,1146,1227,1763,1894,2058,2232,2328,2398,2526,2573,2753,2789,86,611,708,781,873,938,1006,1144,1168,1361,1380,1598,1663,1829,2171,2502,2608,2661,2804,0,93,253,360,505,607,782,1142,1274,1309,1417,1699,2110,2248,2388,2407,2604,2621,2723,10,67,126,182,304,373,750,869,1254,1311,1399,1471,1598,1744,1892,2207,2257,2300,2352,2414,2578,0,96,188,401,525,681,1057,1219,1332,1741,1771,1857,1972,2041,2661,2831,146,204,226,443,762,810,1006,1102,1309,1925,2004,2298,2319,2568,2758,2815,0,226,272,535,620,770,1075,1179,1311,1361,1471,1545,1615,1891,1939,2130,2154,2198,2230,2269,2314,2370,2414,2478,2639,36,188,257,647,739,846,971,1411,1545,1671,1706,2074,2184,2201,2333,2454,2523,0,294,460,636,694,788,985,1049,1546,1857,1926,2004,2055,2116,2171,2439,2568,2667,2689,2723,2795,243,368,696,824,902,948,1129,1183,1309,1500,1663,1844,1989,2207,2597,2648,2744,273,348,443,664,770,795,883,1236,1311,1385,1458,1475,1499,1655,1677,1743,1793,1927,1972,2288,2407,2777,2852,36,681,809,1086,1108,1170,1535,1655,1884,1926,2167,2262,2359,2473,2663,2746];[3,8,2,3,5,5,8,9,0,7,8,9,6,2,6,9,7,3,4,5,7,1,1,2,0,9,6,3,4,2,1,0,1,2,4,8,7,1,4,5,1,7,6,4,6,9,9,4,9,0,2,0,4,0,1,2,6,9,5,5,1,1,1,8,9,7,3,7,8,2,7,2,0,8,9,2,8,1,6,6,7,9,7,9,3,0,8,6,1,2,0,3,2,7,7,7,1,7,4,2,9,1,1,9,1,4,5,0,6,3,4,4,1,5,9,9,6,6,4,0,9,8,3,2,7,2,3,6,1,3,0,9,7,5,3,3,5,8,8,9,0,6,1,2,2,6,4,9,3,5,0,7,5,7,5,0,1,9,0,2,8,7,5,4,8,4,3,3,4,6,6,4,3,6,4,3,3,5,3,3,9,8,4,4,1,1,6,5,1,7,9,6,8,1,0,6,8,6,0,8,2,9,8,2,2,1,5,9,9,2,0,8,8,8,7,2,1,3,0,0,3,3,7,1,9,2,8,6,6,7,0,3,7,5,9,1,7,2,1,9,3,8,1,7,0,8,5,8,7,4,2,8,9,6,4,6,0,0,0,2,5,0,3,9,9,3,1,4,2,1,6,9,7,4,8,9,6,4,6,7,2,0,3,4,1,7,4,9,3,3,6,2,3,6,2,2,3,2,2,7,2,4,3,0,3,0,1,1,3,5,4,8,2,5,5,1,5,7,3,5,1,9,9,6,3,4,9,7,7,2,0,0,4,3,6,6,6,7,8,2,7,6,3,8,3,5,5,5,5,6,1,8,1,2,2,9,0,1,4,2,3,8,5,3,2,7,6,6,0,7,1,5,3,5,5,6,0,1,9,2,8,9,5,4,6,4,8];[11,9,4,14,13,12,6,4,2,8,9,5,11,4,4,0,9,3,2,1,12,8,14,6,5,10,9,7,8,8,10,10,5,12,2,4,9,8,9,7,11,4,3,8,13,6,11,1,10,13,10,7,11,8,13,5,5,12,8,7,11,9,0,9,12,9,12,8,9,0,5,6,9,6,11,8,0,12,10,13,12,1,5,0,5,8,6,13,14,1,3,11,9,3,0,7,8,11,2,4,14,2,0,0,1,13,3,1,2,8,9,12,7,11,0,1,5,7,1,12,7,9,10,11,9,2,2,14,14,5,2,2,14,2,2,3,8,13,10,14,6,4,2,14,3,2,13,13,5,2,1,3,8,13,6,1,7,13,7,10,0,4,12,2,13,1,4,7,14,0,10,6,0,14,14,2,1,10,11,10,7,6,8,6,0,3,1,10,4,13,2,8,3,12,3,6,12,12,12,11,12,14,8,2,8,14,1,10,9,6,11,11,3,0,0,13,13,10,12,5,14,13,5,11,12,3,13,8,2,7,5,2,0,7,10,5,8,4,1,9,0,3,5,10,5,13,12,4,6,7,12,3,5,9,14,2,8,1,8,7,8,11,8,13,5,4,5,2,9,9,9,11,0,11,3,11,2,7,0,6,5,11,14,1,14,4,3,4,1,13,7,5,7,6,6,10,11,12,2,14,3,2,6,12,13,3,10,9,4,1,4,4,5,13,2,1,7,1,1,12,13,10,1,11,5,2,8,6,10,7,7,1,6,8,3,14,11,10,6,11,2,9,5,4,6,10,1,10,1,0,14,1,6,13,1,2,13,2,6,12,7,0,7,1,0,7,5,3,5,1,9,5,0,13,11,14,8,8,10,6,9,13,14,14,6,9,3];[[0.49734142093980327,4.973414209398033,1.0],[0.35999045686025677,3.5999045686025677,1.0],[0.7220617567237175,7.220617567237175,1.0],[0.44672126724761885,4.4672126724761885,1.0],[0.4533596515962979,4.533596515962978,1.0],[0.025925678678183073,0.25925678678183073,1.0],[0.33490089376309407,3.3490089376309404,1.0],[0.4755440242737675,4.755440242737675,1.0],[0.45132356511490823,4.513235651149082,1.0],[0.08788974506102976,0.8788974506102976,1.0],[0.29509671683068217,2.9509671683068217,1.0],[0.33863234208051063,3.3863234208051063,1.0],[0.9020959027552419,9.020959027552419,1.0],[0.7173473735926632,7.173473735926632,1.0],[0.8986159167700656,8.986159167700656,1.0]]
3_DPpaulli_15_workers.fjs;6177.637102781536;429780;[162,419,495,798,1014,1109,1148,1398,1775,1925,2016,2088,2251,2514,2525,43,130,716,818,865,935,979,1045,1081,1132,1197,1264,1361,1643,2014,2270,2334,2411,2797,2879,128,385,443,476,579,619,675,931,1005,1064,1274,1464,1597,1676,1919,2153,2224,2284,2343,2399,2463,2792,2823,36,309,383,614,898,935,1445,1725,1784,1870,2111,2206,2334,2436,2490,2612,2664,2879,90,233,291,447,579,798,858,1064,1129,1184,1313,1352,1461,1523,1598,1662,2206,2270,2339,2436,2819,0,197,356,473,511,715,818,1141,1231,1296,1497,1643,1874,2755,2848,223,529,715,1264,1349,1421,1613,1662,1771,1822,2091,2146,2315,2592,2797,2827,2871,0,161,237,371,511,622,833,884,937,989,1233,1293,1449,1591,1613,1715,1777,1870,1933,1972,2261,2356,2463,2543,2599,0,70,303,502,579,619,653,715,1081,1109,1210,1554,1649,1693,1822,1870,1935,1988,2016,2234,2506,2599,2700,189,237,511,549,657,833,979,1568,1676,1743,1835,1972,2009,2086,2245,2352,2592,2680,2821,0,133,476,583,937,1005,1109,1352,1450,1483,1548,1689,1756,1863,2072,2141,2234,2343,2751,185,250,447,527,594,668,744,796,925,1096,1261,1529,1822,1911,2183,2300,2487,2614,2664,2768,2819,0,347,440,594,653,790,1396,1491,1588,2063,2356,2450,2581,2661,2753,2804,0,58,90,186,371,496,562,942,1136,1482,1554,1784,1989,2036,2146,2224,150,189,233,250,723,884,986,1024,1085,1132,1209,1328,1787,1874,1992,2118,2362,2405,2514,2553,2599,2654,2700,2787,2797,83,280,356,496,914,974,1148,1210,1784,2077,2118,2178,2270,2285,2664,2780,2849,0,291,356,480,527,602,657,720,798,1184,1337,1483,1529,1588,1643,1715,2036,2331,2578,2640,2700,0,11,150,272,463,624,1341,1361,1450,1529,1598,1689,1804,1903,1937,2395,2553,58,128,223,303,386,675,742,1072,1210,1264,1461,1689,1730,1988,2013,2136,2178,2362,2528,2681,2709,2793,2849,0,186,385,473,822,865,956,1064,1253,1400,1775,1988,2063,2183,2258,2740];[6,8,3,0,0,8,9,9,0,7,6,5,8,0,0,4,7,4,8,0,3,1,5,1,1,1,6,3,1,1,3,9,7,2,0,5,7,0,6,4,1,7,9,2,4,3,9,0,7,9,4,0,6,0,1,2,0,9,8,1,8,4,9,0,3,6,7,0,8,5,3,6,9,6,9,2,2,5,9,3,1,6,8,7,7,2,8,4,6,2,5,4,8,7,6,3,1,7,8,3,9,1,1,2,2,3,0,9,6,9,7,7,3,5,3,7,6,6,1,5,4,8,2,6,2,7,5,4,8,5,7,6,1,9,2,4,7,5,9,9,9,8,1,9,2,5,6,4,3,1,9,1,5,1,8,1,0,4,9,8,3,2,5,2,8,4,9,9,4,7,0,6,2,6,7,5,3,4,7,3,2,5,9,3,1,0,4,5,8,0,7,5,4,3,1,0,3,9,0,5,2,5,0,8,2,5,5,4,4,8,2,9,8,8,5,2,1,7,0,0,0,7,4,2,5,3,7,6,5,0,5,6,9,6,1,7,0,0,4,3,8,7,0,0,6,5,5,8,2,2,2,8,9,9,0,8,8,8,6,7,6,4,3,6,9,3,2,4,7,5,1,8,5,1,7,6,9,4,4,9,9,5,8,5,2,6,8,2,0,4,8,7,6,9,3,5,5,7,8,8,6,2,8,0,3,9,2,7,3,5,1,5,2,4,7,7,9,0,9,5,1,3,6,8,3,8,9,4,9,3,0,2,2,1,6,7,6,7,2,7,1,2,3,3,3,1,9,8,6,3,0,2,2,1,8,6,3,1,4,2,0,0,7,4,2,7,6,4,5,8,3,4,0,9,5,3,6,6,2,0,1,1,5,4,7,4,9];[0,12,9,8,2,9,10,6,11,6,14,13,9,3,2,0,0,3,6,3,10,8,9,5,1,7,4,13,9,11,5,3,6,2,2,5,7,2,8,7,8,4,13,11,3,3,3,2,2,5,2,5,4,13,13,5,10,12,7,2,11,11,14,7,9,10,4,7,0,6,6,0,13,2,9,8,8,5,7,4,10,13,5,11,12,2,2,7,0,12,7,13,4,8,10,14,4,4,4,3,7,2,9,10,4,9,12,7,10,6,4,1,11,4,5,7,5,0,8,1,6,9,10,14,1,7,14,0,0,7,14,14,6,10,10,5,12,11,13,14,10,10,0,12,13,12,4,12,11,13,2,4,10,8,11,14,10,14,8,7,9,6,6,13,11,4,14,11,0,8,2,0,1,4,6,13,5,5,8,3,1,12,0,0,8,0,0,10,12,12,1,14,9,6,0,8,2,10,12,2,12,9,6,3,5,1,11,6,12,3,7,7,3,8,9,1,13,3,9,14,7,7,4,11,3,5,10,6,0,1,10,9,1,11,1,1,8,5,13,9,0,2,8,5,1,4,3,3,11,14,12,3,5,6,4,4,2,5,0,6,8,2,2,14,9,5,5,12,13,12,3,0,12,2,10,1,1,5,13,10,1,12,7,7,7,14,1,2,10,3,13,2,11,11,12,12,6,1,2,14,0,10,4,13,8,2,6,1,6,7,10,6,13,1,12,6,2,13,1,12,14,14,9,13,8,1,8,7,3,13,10,6,12,0,4,3,5,13,11,13,0,6,9,14,10,9,10,9,5,7,10,5,2,14,2,0,14,8,12,3,3,1,2,2,13,1,0,4,4,12,10,1,11,0,5,14,8,14,4,12,14,3,13,6,9,7,7];[[0.4211249061401,4.211249061401,1.0],[0.9761073344853062,9.761073344853061,1.0],[0.6132800246752349,6.132800246752349,1.0],[0.6930423279788359,6.930423279788359,1.0],[0.5088628354481554,5.088628354481553,1.0],[0.18781156668551158,1.8781156668551158,1.0],[0.830121874145001,8.301218741450011,1.0],[0.8449241651217704,8.449241651217704,1.0],[0.20962821201639004,2.0962821201639006,1.0],[0.6505169872996391,6.505169872996391,1.0],[0.7003316191510263,7.003316191510263,1.0],[0.7150339547653067,7.150339547653068,1.0],[0.8091072451390076,8.091072451390076,1.0],[0.8451978833841938,8.451978833841938,1.0],[0.3695849781386673,3.695849781386673,1.0]]
3_DPpaulli_15_workers.fjs;6470.120654609739;452100;[229,403,481,558,849,1353,1390,1868,1928,1976,2077,2429,2459,2621,2725,0,87,108,428,467,670,714,768,804,878,950,1342,1902,2192,2234,2327,2396,2438,2742,2863,0,172,315,353,443,541,596,670,849,1052,1142,1277,1484,1589,1674,1987,2079,2192,2486,2548,2621,2709,2988,181,264,446,481,1727,1761,1937,1976,2037,2125,2218,2501,2606,2656,2730,2820,2863,2953,262,451,575,705,785,826,890,980,1109,1227,1323,1609,1727,1808,1912,1974,2125,2438,2586,2640,2742,219,347,362,612,658,835,1056,1666,2171,2212,2310,2404,2587,2640,2820,539,601,1185,1599,1788,1992,2003,2159,2246,2358,2396,2501,2632,2811,2915,2964,3015,87,141,351,385,541,943,1052,1069,1557,1641,1845,1927,2102,2234,2253,2280,2380,2445,2507,2545,2587,2674,2715,2796,2889,367,481,558,670,741,816,835,892,1077,1093,1131,1323,1409,1496,1570,1795,1868,2048,2210,2310,2789,2895,2976,0,108,164,495,638,788,849,923,1429,1570,1616,1688,1856,2060,2159,2295,2767,2924,2999,202,356,443,741,1069,1160,1466,1557,1683,1722,1917,1928,1985,2328,2586,2674,2908,2925,3004,0,49,202,251,356,421,816,1131,1262,1390,1473,1484,1589,1614,1692,1761,2000,2048,2674,2857,2924,63,229,329,371,453,539,735,1048,1145,1589,1692,1784,1845,2351,2676,2953,49,219,262,467,746,1227,1394,1769,1956,2037,2147,2241,2379,2429,2632,2796,48,169,242,259,347,451,596,643,741,892,977,1052,1131,1218,1292,1473,1541,1585,1674,1740,1807,2109,2385,2779,2835,0,58,131,313,385,601,638,980,1142,1604,1887,1974,2197,2522,2548,2820,2999,0,75,136,181,476,805,1048,1146,1227,1262,1330,1439,1485,1656,1713,1801,2280,2639,2746,2824,2953,169,217,291,602,685,731,805,1363,1727,2059,2150,2375,2486,2640,2677,2725,2908,104,169,264,347,378,430,849,982,1273,1476,1541,1614,1708,1786,1930,2385,2420,2508,2554,2715,2831,2875,2952,0,49,1174,1330,1409,1585,1801,1873,1912,2022,2079,2171,2253,2328,2603,2925];[8,8,8,7,2,5,1,9,4,7,8,9,9,0,7,8,2,8,6,9,6,3,1,1,9,3,0,1,4,1,3,0,5,2,5,9,9,9,9,4,1,4,1,7,7,3,1,6,7,2,1,5,0,1,0,5,6,9,8,6,8,6,0,8,3,4,2,0,6,7,9,6,1,9,1,9,4,2,6,8,9,6,6,9,9,2,8,3,9,7,0,9,2,7,5,2,6,7,1,3,1,5,9,8,8,3,8,7,1,3,7,1,3,5,1,8,9,9,9,7,5,8,3,4,0,2,4,2,4,3,2,4,1,9,2,1,5,8,9,1,9,9,4,9,2,5,2,2,3,1,9,4,5,2,8,0,0,4,9,9,3,8,2,6,0,2,6,5,3,6,2,8,7,8,7,3,3,0,2,0,5,2,2,4,1,0,5,6,8,3,7,6,5,3,6,5,0,0,5,4,1,3,8,9,1,7,4,6,8,4,8,3,8,0,0,2,5,4,2,5,7,8,7,9,5,6,7,4,5,0,0,8,6,1,9,7,0,9,2,6,3,8,5,4,6,0,5,1,4,2,8,7,1,3,0,6,8,0,7,2,5,4,8,2,9,4,6,4,2,7,3,3,7,1,1,9,2,0,1,0,2,4,0,5,1,6,7,2,2,4,6,7,6,6,6,5,5,4,2,0,6,1,0,7,0,8,5,2,3,6,4,7,9,4,7,3,9,8,7,5,7,2,9,6,3,5,9,4,7,8,1,1,2,8,3,7,6,7,8,6,1,2,8,8,3,7,8,5,1,6,1,8,7,8,1,8,9,1,4,4,8,7,2,1,0,6,6,9,4,0,3,1,3,9,5,2,1,0,5,5,5,3,5,4,6,8,8];[11,14,1,5,8,5,4,1,0,4,13,13,6,3,4,7,0,6,12,11,6,8,14,10,13,8,11,9,9,11,13,12,4,9,3,5,11,6,8,4,11,6,0,10,13,3,12,1,2,2,6,5,12,5,8,6,14,11,9,8,10,14,0,8,12,8,9,9,0,8,2,0,3,1,2,11,1,9,8,2,7,12,0,0,1,2,3,13,12,10,13,2,7,0,2,12,10,3,14,3,7,1,13,5,11,7,4,5,2,12,14,3,2,14,9,11,9,3,3,5,6,9,10,9,9,14,7,4,5,7,13,2,9,7,7,14,11,13,8,7,11,11,5,12,14,0,14,11,11,5,8,5,7,1,14,10,10,5,7,5,6,11,13,2,2,8,8,12,3,4,12,1,3,2,11,9,1,14,1,14,3,11,4,2,14,5,11,10,3,4,12,8,3,4,8,0,1,4,6,0,3,13,14,5,1,13,7,5,12,11,14,13,3,6,10,6,3,14,13,7,1,7,12,7,10,2,10,12,7,4,5,1,11,10,7,10,5,2,10,13,0,12,11,0,11,10,11,3,11,6,1,2,2,4,7,8,10,5,6,14,14,2,1,1,8,8,10,2,11,4,5,10,5,7,1,12,5,6,13,12,8,4,6,7,7,14,10,6,1,1,14,11,10,10,12,8,13,12,2,2,10,4,6,6,7,4,3,7,4,7,4,13,11,6,4,6,6,14,11,10,0,9,0,5,14,5,8,2,2,9,14,12,10,12,10,9,6,12,2,4,7,6,7,2,13,3,6,13,4,0,5,11,10,10,11,2,6,11,4,4,7,2,10,4,12,12,13,2,5,6,10,3,0,0,5,14,1,0,13,2,10,10,13,10,4,11,3];[[0.4831103964860096,4.831103964860096,1.0],[0.9021829992468611,9.02182999246861,1.0],[0.5374571935128641,5.374571935128642,1.0],[0.8761340971511191,8.761340971511192,1.0],[0.573156942708234,5.7315694270823405,1.0],[0.994523847851402,9.945238478514021,1.0],[0.3574465703190305,3.574465703190305,1.0],[0.6617299629663892,6.617299629663892,1.0],[0.4882872262788658,4.882872262788657,1.0],[0.5726412824777106,5.726412824777106,1.0],[0.32388398325139345,3.2388398325139347,1.0],[0.8072354510963532,8.072354510963532,1.0],[0.8087324055796944,8.087324055796945,1.0],[0.660852452150834,6.60852452150834,1.0],[0.5802577271631468,5.802577271631469,1.0]]
3_DPpaulli_15_workers.fjs;6358.730765297139;318810;[580,871,1522,1532,1598,1686,1724,1844,1971,2179,2411,2487,2585,2758,2871,125,220,311,385,421,529,635,811,1077,1208,1292,1406,1568,1733,1975,2118,2242,2266,2349,2504,157,222,279,385,601,640,991,1170,1242,1397,1425,1475,1510,1879,1960,2028,2317,2358,2457,2538,2603,2738,2886,0,685,957,1071,1170,1397,1475,1529,1829,1916,1980,2064,2306,2349,2544,2784,2845,2923,0,115,506,812,1206,1329,1507,1608,1673,1733,1829,1871,1971,2037,2129,2197,2214,2457,2521,2763,2886,278,414,456,535,568,646,1416,1653,1676,1785,2028,2096,2197,2517,2830,125,220,668,758,837,1154,1207,1242,1583,1634,1843,2124,2285,2436,2564,2594,2872,489,529,601,640,707,775,811,848,879,919,1014,1071,1104,1507,1540,1916,1975,2115,2266,2542,2639,2720,2758,2839,2890,155,241,325,646,725,794,908,1007,1154,1170,1233,1336,1601,2042,2118,2205,2265,2317,2358,2603,2651,2739,2768,76,125,173,267,492,592,651,785,921,1164,1242,1294,1424,1512,1654,1872,2346,2419,2772,0,135,367,705,853,944,1104,1208,1294,1329,1393,1437,1508,1724,2037,2099,2436,2539,2829,81,126,188,414,728,794,1109,1154,1316,1377,1676,1709,1812,2053,2129,2167,2242,2407,2535,2839,2923,279,420,665,889,989,1125,1416,1643,1732,1829,1960,2281,2346,2415,2739,2819,70,329,792,991,1003,1109,1369,1494,1534,1634,1733,2265,2383,2634,2834,2887,257,267,311,345,489,571,853,1002,1059,1296,1567,1710,1787,1879,2064,2167,2332,2398,2488,2535,2675,2738,2766,2819,2859,60,421,492,651,758,919,1002,1076,1169,1207,1393,1455,2179,2215,2458,2622,2711,0,70,535,687,709,793,814,880,966,1014,1512,1568,1787,1843,2129,2196,2284,2535,2585,2712,2772,70,81,115,181,257,304,430,725,812,1080,1126,1209,1296,1397,1598,1980,2109,87,374,523,651,775,867,882,925,1277,1442,1871,2192,2215,2284,2375,2441,2458,2594,2651,2734,2784,2830,2864,16,61,325,568,749,811,1336,1713,1781,1889,1944,2053,2177,2346,2639,2876];[5,1,8,3,2,2,5,9,4,9,5,5,6,2,7,8,9,5,8,5,5,6,5,8,0,7,6,1,1,0,2,0,3,1,1,7,0,4,4,6,1,7,1,4,3,3,8,4,7,2,4,8,3,6,8,7,6,9,8,6,6,6,7,8,9,6,0,3,8,1,7,6,1,6,5,2,4,5,9,8,6,2,7,5,3,9,1,4,9,2,0,8,0,7,6,9,6,8,7,2,2,8,9,4,1,8,2,6,6,1,5,8,1,8,2,9,9,7,9,7,4,6,3,7,2,9,4,3,8,5,6,1,7,7,5,3,5,5,1,6,0,9,6,0,0,6,8,0,6,1,2,4,6,4,4,9,3,8,3,0,9,1,4,6,8,1,9,5,3,7,8,6,8,8,8,1,5,3,7,5,1,8,2,0,4,2,5,5,2,7,9,6,2,4,1,3,3,0,3,4,2,3,0,2,1,0,4,2,8,2,9,4,7,0,0,9,3,3,1,0,2,7,2,2,5,1,8,8,9,5,5,2,6,2,4,1,0,9,4,3,8,8,1,9,0,9,7,4,0,3,8,7,1,6,7,6,6,1,7,2,5,4,3,7,9,0,3,1,1,5,6,1,0,4,8,9,9,5,0,4,7,6,8,3,2,7,7,4,6,5,7,0,3,6,8,7,5,2,5,3,4,9,4,0,0,8,2,8,5,0,1,0,4,9,1,1,1,6,9,2,1,8,6,5,9,4,9,7,5,3,1,2,5,8,1,2,2,7,8,6,2,3,3,3,2,3,3,1,4,2,0,2,7,8,8,8,5,3,1,2,8,7,2,8,0,2,9,9,8,2,1,8,3,9,2,6,0,8,6,3,1,5,7,6,7,4,0];[9,1,1,0,14,6,14,5,5,14,10,13,12,2,8,6,1,4,10,7,8,1,5,0,13,12,9,7,3,6,5,12,12,5,14,3,0,6,4,7,8,1,9,8,10,6,10,3,6,3,2,4,10,2,10,4,14,3,1,7,1,6,3,1,12,11,13,4,8,13,5,12,13,6,0,1,7,12,14,12,10,2,8,13,3,13,11,9,7,12,0,13,1,12,11,1,5,11,14,12,4,13,0,3,9,12,3,1,6,2,0,14,0,7,5,3,7,1,12,11,6,8,10,7,1,7,4,5,12,10,2,8,10,13,1,7,8,2,5,13,9,11,5,14,1,2,14,13,7,8,0,5,3,13,13,10,2,3,14,0,9,12,12,11,3,3,11,5,3,3,11,14,6,2,11,3,9,4,8,9,9,13,6,12,7,11,1,12,11,5,13,8,0,9,8,12,3,4,11,0,12,13,2,0,2,8,9,2,10,6,4,2,4,8,4,10,7,10,5,9,11,12,14,11,13,11,11,5,0,11,10,10,12,1,13,0,8,2,13,6,7,7,8,0,4,8,0,3,14,3,6,2,2,5,6,0,8,3,6,4,9,1,1,8,4,1,12,6,13,12,13,14,7,4,1,11,10,5,5,10,1,11,3,11,7,9,1,6,6,4,0,8,9,3,9,5,6,7,0,4,5,0,6,4,7,12,12,5,10,7,10,1,12,2,2,13,10,3,4,8,12,4,10,4,10,0,8,3,7,13,10,10,11,8,14,14,1,12,8,4,14,8,1,7,0,3,10,13,5,13,0,5,10,14,14,12,7,6,2,9,7,6,2,0,4,3,2,9,11,7,6,0,11,12,6,1,0,1,2,12,3,14,4,6,3,13,10];[[0.34661995661142697,3.4661995661142697,1.0],[0.2286410960833074,2.286410960833074,1.0],[0.012392470279078194,0.12392470279078194,1.0],[0.9308270259025113,9.308270259025113,1.0],[0.3225145761620236,3.225145761620236,1.0],[0.0006954578022455582,0.006954578022455582,1.0],[0.2097170717940725,2.097170717940725,1.0],[0.5179602272351016,5.179602272351016,1.0],[0.7628222106217201,7.6282221062172,1.0],[0.3089717897377221,3.089717897377221,1.0],[0.15113122452813788,1.5113122452813788,1.0],[0.07045772229012492,0.7045772229012492,1.0],[0.8725064026541692,8.725064026541693,1.0],[0.3074981421409557,3.074981421409557,1.0],[0.272859759997538,2.7285975999753798,1.0]]
3_DPpaulli_15_workers.fjs;6327.687135259812;968170;[160,473,504,635,731,834,1077,1217,1589,1633,1908,2116,2337,2563,2607,0,89,213,292,353,626,674,995,1155,1317,1424,1493,1575,1732,1918,2350,2448,2650,2748,2822,0,97,149,299,515,606,696,796,897,1028,1055,1118,1274,1340,1539,1823,1908,1981,2051,2205,2276,2542,2841,67,292,438,473,575,716,796,964,1131,1218,1282,1470,2032,2155,2336,2597,2636,2728,0,100,166,292,391,473,537,740,915,1169,1606,1673,2082,2197,2382,2457,2614,2712,2791,2809,2901,89,422,503,830,863,941,985,1096,1152,1182,1371,1789,1870,2042,2558,0,67,130,397,834,906,941,972,1200,1371,1459,1996,2155,2625,2692,2763,2810,0,84,260,299,419,662,1117,1287,1317,1576,1699,1870,1908,2032,2051,2095,2155,2213,2273,2433,2478,2557,2597,2672,2728,34,355,527,717,1095,1152,1415,1481,1587,1603,1636,1831,1913,1960,2042,2079,2133,2188,2216,2276,2478,2563,2594,0,790,820,1205,1322,1400,1459,1536,1558,1608,1633,1668,1690,1781,2276,2457,2542,2718,2833,34,153,237,393,509,635,781,882,972,1075,1162,1265,1473,1644,1772,2568,2692,2712,2913,97,175,374,393,814,1772,1815,1905,1937,1953,2066,2279,2368,2391,2478,2517,2574,2672,2775,2858,2913,0,89,175,213,275,686,985,1326,1415,1709,1724,1810,2336,2410,2674,2809,0,237,270,515,573,598,661,717,863,932,1391,1519,1644,1709,1986,2557,110,225,403,438,686,717,972,1009,1074,1217,1302,1400,1473,1557,1589,1644,1665,1760,1789,1890,1960,2016,2147,2419,2796,338,397,618,686,1030,1162,1351,1575,1789,1869,1972,2108,2431,2448,2477,2558,2906,0,575,674,717,814,1028,1056,1118,2077,2216,2283,2336,2391,2454,2513,2599,2671,2775,2807,2841,2906,160,359,393,403,482,527,598,618,757,888,1155,1282,1724,1948,2145,2671,2810,78,171,260,338,355,374,469,509,975,1003,1077,1133,1243,1302,1411,1558,1646,1729,1830,1953,2051,2796,2807,575,723,820,931,956,1033,1145,1218,1777,1937,2041,2200,2283,2350,2411,2474];[8,1,2,3,0,0,5,6,5,7,0,9,6,8,7,9,7,2,6,7,5,0,9,1,1,3,6,3,0,9,4,0,2,2,2,6,0,0,9,1,1,3,8,4,4,2,9,6,7,2,2,8,6,0,4,5,2,9,8,5,1,4,1,8,6,0,0,3,8,1,9,4,0,4,9,4,2,3,4,2,9,6,6,5,9,9,2,1,7,2,2,9,8,7,8,6,3,8,3,3,2,8,1,6,1,8,5,8,0,9,5,7,8,5,7,6,6,6,7,4,4,6,2,7,2,7,4,5,4,3,9,9,3,7,1,1,1,5,1,8,0,4,4,6,4,5,3,0,6,4,3,6,0,9,5,1,2,9,6,9,9,7,7,9,0,1,3,5,8,2,8,8,1,2,8,1,1,0,9,3,1,0,2,8,1,4,4,5,6,6,7,6,2,5,0,1,3,9,3,8,8,6,7,0,8,7,5,9,0,8,0,2,7,8,4,2,5,0,2,1,9,8,7,2,8,9,8,9,8,9,6,8,6,1,4,7,7,6,2,6,7,7,7,9,6,9,5,4,7,3,1,8,4,9,8,2,9,0,9,2,2,2,1,2,9,4,1,4,7,7,3,3,5,4,7,8,2,0,4,0,9,5,8,4,4,6,1,2,3,3,7,4,3,6,0,7,6,9,7,3,6,6,7,4,0,0,1,7,9,5,1,4,4,5,4,1,9,4,9,8,7,2,9,5,3,5,3,7,9,0,0,1,8,3,5,7,0,7,8,2,1,2,3,3,2,9,5,5,1,1,1,1,0,2,8,9,9,5,1,1,2,0,7,1,2,2,6,1,4,9,7,5,6,9,5,6,0,3,7,2,7,3,7,4,1,7,0];[2,1,4,1,1,10,5,8,2,1,9,9,13,3,2,12,12,7,3,9,14,2,2,6,13,8,9,8,3,5,10,13,10,13,5,8,4,10,1,4,8,7,2,2,9,11,1,7,5,12,1,3,9,11,7,5,8,6,8,7,2,11,5,5,10,4,8,2,11,1,4,6,4,0,0,12,4,1,14,4,6,12,1,0,5,13,12,6,4,12,0,12,7,5,1,10,10,11,13,0,4,13,10,8,6,1,0,7,4,13,2,14,0,7,0,14,5,0,13,7,7,11,13,12,7,2,9,11,11,7,9,2,8,10,4,10,9,14,4,5,3,4,11,14,7,0,13,13,14,2,0,11,3,9,7,11,10,14,7,14,14,3,7,14,2,2,2,14,0,2,3,9,14,14,1,12,8,14,13,0,11,6,6,4,5,11,13,7,11,14,8,7,0,4,3,12,1,9,5,4,3,7,6,4,13,12,11,4,5,0,5,1,2,8,9,8,3,10,3,3,3,7,0,0,8,4,12,2,2,7,5,10,14,4,7,7,11,3,5,13,11,10,10,0,1,9,12,14,14,9,7,3,5,12,13,10,7,10,6,4,14,14,9,13,10,8,10,11,13,4,0,0,12,3,12,6,9,6,8,10,14,2,10,5,9,2,5,14,1,5,4,11,9,12,12,12,13,5,5,2,1,6,8,4,10,3,4,12,9,1,2,4,14,8,9,7,0,4,6,11,4,9,12,3,14,5,4,6,7,0,11,11,3,5,5,5,14,13,5,8,1,10,10,9,13,1,6,14,6,1,12,5,2,0,9,8,1,14,13,10,9,3,12,7,13,7,11,3,5,0,12,11,11,12,1,6,3,12,4,1,6,8,8,1,11,5,10];[[0.8559393885152179,8.55939388515218,1.0],[0.8004839408308784,8.004839408308783,1.0],[0.5938433496209707,5.938433496209708,1.0],[0.8870093324131678,8.870093324131679,1.0],[0.741558169706834,7.4155816970683395,1.0],[0.8097670389513107,8.097670389513107,1.0],[0.2247324103169328,2.247324103169328,1.0],[0.9761818800633866,9.761818800633865,1.0],[0.6339038774096737,6.339038774096737,1.0],[0.5580285642552777,5.580285642552777,1.0],[0.4463526500656817,4.463526500656817,1.0],[0.28336462923826333,2.8336462923826335,1.0],[0.9019880415639555,9.019880415639555,1.0],[0.03268507148422006,0.32685071484220063,1.0],[0.4362825217209084,4.3628252172090844,1.0]]
3_DPpaulli_15_workers.fjs;6468.914150329436;1043070;[69,157,243,478,552,804,842,1076,1183,1239,2291,2511,2625,2964,3022,0,82,1108,1192,1231,1333,1377,1436,1478,1698,1789,1857,1968,2075,2133,2237,2324,2347,2430,2728,94,157,357,393,482,578,632,694,778,855,998,1076,1665,1739,1865,1979,2199,2244,2299,2722,2845,2935,2964,174,351,544,835,952,1114,1277,1327,1899,1986,2107,2277,2371,2478,2535,2625,2663,2995,193,284,370,515,758,1007,1227,1328,1391,1447,1551,1606,1763,2111,2190,2253,2311,2700,2753,2817,2910,59,730,895,985,1021,1201,1710,1803,1857,1986,2075,2152,2653,2813,2845,89,184,243,346,425,577,588,659,777,835,1021,1076,1184,1362,2504,2545,2964,390,641,726,759,826,911,981,998,1025,1073,1183,1236,1478,1543,1606,1702,1771,1834,2021,2064,2111,2542,2598,2679,2728,57,105,254,299,421,465,494,612,709,726,758,890,1015,1251,1490,1551,1608,1663,1910,1968,2160,2786,2938,346,425,455,494,571,636,696,783,1231,1391,1438,1490,1701,2064,2306,2449,2796,2845,2930,0,130,307,502,588,659,704,915,1238,1277,1351,1362,1417,1579,1665,2022,2726,2910,2994,82,243,480,571,711,1066,1139,1185,1218,1450,1595,1812,2090,2371,2449,2539,2577,2625,2751,2813,2994,0,94,184,414,804,890,1003,1092,1192,2074,2357,2445,2535,2606,2774,2812,10,348,421,525,941,1098,1283,1447,1565,1824,1899,1949,1968,2234,2347,2542,0,9,148,284,363,463,564,861,1090,1156,1238,1521,1595,1701,1737,1834,1865,1949,2031,2104,2373,2504,2536,2598,2930,223,275,414,578,759,842,1025,1328,1424,1663,1737,2190,2352,2407,2437,2577,2653,0,694,1316,1351,1374,1450,1633,1803,1905,1963,2048,2111,2159,2214,2263,2429,2526,2731,2753,2873,2953,0,292,328,392,478,826,895,1327,1461,1532,1577,1788,1968,2237,2306,2702,2864,55,210,292,374,797,951,967,1007,1163,1447,1521,1541,1608,1682,1702,1771,1789,1917,2205,2324,2369,2516,2677,0,45,59,152,328,632,881,1417,1532,1639,2114,2299,2400,2478,2747,2845];[9,5,3,1,6,2,4,0,9,5,6,7,8,2,5,2,2,3,8,0,3,3,9,2,1,1,2,1,0,2,3,2,0,2,6,5,4,4,4,0,1,4,9,4,6,3,2,6,7,8,6,8,8,1,1,5,2,9,8,5,1,0,0,2,4,7,0,7,6,2,4,4,8,4,5,4,8,4,6,7,9,4,9,0,4,0,1,4,6,7,5,4,0,7,7,1,6,3,1,2,2,5,2,4,2,5,0,9,0,0,5,4,8,5,7,7,9,7,9,5,5,6,2,4,0,6,5,1,8,3,6,3,7,9,5,3,8,6,9,5,6,9,6,9,2,5,3,9,6,1,2,6,4,4,8,2,3,9,0,0,3,3,3,2,8,3,3,3,7,9,0,3,1,2,4,1,0,3,3,3,8,8,0,4,3,8,9,6,6,3,4,5,6,4,9,4,8,6,5,9,5,7,0,7,4,6,6,8,0,8,2,2,8,1,6,6,5,4,2,5,3,0,7,1,5,3,7,8,5,5,0,3,7,5,0,5,5,0,9,5,3,8,7,7,3,8,7,7,4,2,7,7,9,6,7,5,0,8,8,7,5,0,6,4,9,0,2,7,3,1,7,8,2,6,7,5,6,4,1,4,7,0,8,5,1,6,8,2,3,2,5,7,3,9,6,2,3,3,2,8,9,2,0,0,7,9,6,9,0,1,0,8,4,5,5,3,9,4,3,5,7,3,9,9,5,8,9,7,2,0,7,9,2,0,1,5,7,7,1,8,7,2,8,4,2,3,0,7,1,2,1,1,0,5,5,9,9,4,1,2,3,2,5,1,9,7,6,9,6,9,7,4,7,7,8,2,1,6,8,8,5,8,8,4,0,8,3];[9,1,1,14,9,10,14,8,11,5,9,11,4,12,3,14,7,13,3,12,10,10,9,0,1,5,7,7,0,5,6,7,0,13,6,11,13,13,0,12,3,14,3,12,12,6,0,10,11,12,2,3,10,8,13,12,4,8,11,6,11,9,10,9,9,7,13,8,13,13,12,14,14,8,2,12,2,14,8,1,0,9,0,13,3,8,7,8,1,10,4,8,4,7,0,7,7,5,1,4,10,2,5,12,14,3,6,4,6,13,12,4,2,1,11,1,5,1,2,5,9,11,8,14,2,1,13,5,4,5,4,2,4,1,3,3,5,0,5,1,2,11,1,12,13,13,6,4,9,2,11,0,6,1,10,6,6,2,1,12,0,11,13,12,3,5,7,4,10,8,5,9,1,0,14,6,0,11,12,7,7,6,8,8,10,11,13,10,3,6,8,12,5,13,8,13,2,12,9,5,5,9,6,2,6,6,4,12,0,1,11,1,5,5,6,14,3,10,7,10,9,6,14,14,1,5,10,12,5,11,6,7,14,7,1,7,11,4,9,10,0,12,1,10,10,13,14,0,3,3,14,2,4,8,3,10,8,12,11,3,6,14,8,4,4,1,1,2,1,9,10,5,12,9,8,3,2,8,7,5,13,9,3,13,4,11,10,6,1,10,0,13,9,14,12,6,11,5,7,13,0,14,6,8,12,4,11,2,9,9,8,14,8,6,6,11,0,8,9,10,2,11,1,13,11,1,8,3,5,0,2,0,0,1,2,13,4,13,14,12,2,10,4,9,0,14,8,6,0,13,7,14,2,7,9,3,1,2,6,6,7,3,5,7,0,10,7,13,6,12,10,5,5,1,8,13,1,11,5,13,1,7,2,9,7,11,13];[[0.5198238265685563,5.198238265685563,1.0],[0.9583988744400509,9.583988744400509,1.0],[0.3402956357666065,3.402956357666065,1.0],[0.7081849781179302,7.081849781179303,1.0],[0.9252189405445452,9.252189405445453,1.0],[0.05032666735654623,0.5032666735654623,1.0],[0.6613275461751585,6.613275461751585,1.0],[0.82711411373077,8.271141137307701,1.0],[0.8734961127808921,8.734961127808921,1.0],[0.5913019030238962,5.913019030238962,1.0],[0.11264722490163037,1.1264722490163037,1.0],[0.34477784983246407,3.4477784983246407,1.0],[0.011377599382669468,0.11377599382669468,1.0],[0.7909742881977946,7.909742881977946,1.0],[0.3277964015146908,3.277964015146908,1.0]]
3_DPpaulli_15_workers.fjs;6938.555227073657;133050;[0,130,258,268,483,736,1251,1400,2248,2291,2380,2454,2661,2764,2960,18,108,930,1003,1166,1340,1404,1456,1601,1707,1777,1984,2068,2162,2447,2548,2843,2868,3102,3180,58,331,407,483,814,1094,1152,1223,1286,1340,1369,1387,1420,1534,1641,1707,1798,1839,1928,2255,2319,2548,3124,0,166,223,268,357,398,574,936,1094,1220,1369,1490,2013,2044,2280,2417,3006,3086,0,91,155,256,299,326,382,473,535,599,736,845,1096,1447,1680,1939,1955,1980,2011,2678,3003,67,326,407,488,576,723,818,945,970,1116,1707,1780,2073,2123,2160,0,761,1184,1290,1524,2008,2088,2196,2291,2395,2493,2556,2642,2686,2757,2877,3189,473,654,768,1020,1094,1167,1203,1267,1452,1492,1578,1641,1676,2011,2088,2179,2248,2347,2417,2637,2749,2832,3054,3134,3180,0,37,122,166,274,389,751,811,1003,1085,1164,1267,1403,1598,1691,1743,1798,1857,1889,2200,2255,2347,2460,91,341,718,984,1214,1340,1463,1578,1601,1857,1873,2033,2196,2280,2379,2447,2548,3091,3186,233,294,669,1251,1452,1524,1566,1747,1832,1870,1934,1955,2059,2340,2395,2682,2981,3112,3195,527,669,736,751,814,911,951,1042,1075,1085,1203,1294,1676,1743,1895,2148,2188,2248,2414,2548,3227,166,294,486,540,660,844,1223,1651,1951,2044,2068,2162,2222,2573,2764,2802,0,58,845,1085,1420,1730,1874,2111,2486,2788,2867,2942,2961,3012,3099,3124,56,122,388,407,509,540,640,668,723,768,909,1001,1075,1934,2106,2248,2493,2578,2874,2913,2942,3006,3031,3091,3102,0,155,232,294,640,668,780,848,1020,1074,1340,2471,2556,2684,2781,2961,3037,166,331,540,574,751,911,997,1062,1369,1530,1608,1742,1870,1928,1984,2027,2106,2196,2551,2802,2868,37,186,387,583,695,848,997,1166,1282,1566,1608,2013,2088,2602,2637,2914,3012,118,388,570,704,1116,1235,1404,1798,1966,1984,2120,2319,2380,2471,2602,2764,2843,2924,2971,3054,3124,3179,3189,0,71,161,250,274,472,599,774,951,992,1780,2379,2539,2620,2682,2757];[3,1,1,7,6,0,0,0,5,7,0,5,8,2,7,9,6,4,9,5,6,9,9,9,9,4,0,6,1,0,3,5,2,2,5,4,7,1,8,1,1,4,6,2,3,3,1,7,2,8,4,5,0,9,1,2,0,9,9,1,1,1,1,0,4,0,3,7,4,5,9,4,0,8,5,9,8,2,3,3,2,8,4,5,7,2,8,0,9,2,5,8,2,7,2,6,1,1,2,2,9,8,9,2,8,5,0,8,6,9,4,8,1,5,3,9,6,7,8,5,5,6,2,7,0,9,1,3,2,4,8,6,3,5,2,7,8,5,9,8,6,2,1,2,3,2,8,4,6,4,3,4,0,6,4,0,0,8,6,2,3,3,4,6,8,1,5,5,3,5,7,4,2,1,8,5,8,8,2,5,2,2,2,0,9,0,5,6,1,0,4,3,6,2,5,3,0,9,6,5,6,1,7,0,1,1,4,8,9,6,9,3,7,1,8,9,0,4,1,9,3,7,9,9,8,2,8,6,3,0,6,2,9,2,1,5,5,0,1,3,7,8,4,0,1,9,1,7,7,8,7,7,2,5,4,9,1,1,8,2,5,0,1,4,8,0,8,7,1,5,1,9,4,1,1,5,6,4,2,0,7,0,5,3,4,0,8,4,1,2,2,2,3,6,2,2,5,5,1,8,6,4,0,0,7,8,5,8,3,6,0,5,4,5,7,7,8,4,9,5,1,2,3,6,5,5,0,4,5,2,7,4,4,0,6,2,1,7,1,7,1,3,8,3,6,5,5,8,4,6,0,1,6,5,3,9,0,3,8,1,7,2,1,8,9,6,9,3,8,2,0,7,3,7,9,4,0,7,0,3,1,8,5,4,3,4,9];[1,1,12,1,14,10,12,8,5,12,10,2,14,2,9,3,14,8,10,0,6,6,12,10,0,7,7,8,9,6,10,3,14,1,4,10,7,11,0,1,8,13,3,6,0,3,13,10,0,0,8,0,0,12,13,6,0,10,12,13,9,0,0,10,9,0,12,9,0,13,6,5,11,1,7,8,2,0,7,2,2,2,9,8,6,2,1,5,0,1,4,10,7,10,4,10,6,12,9,7,10,13,14,4,14,5,2,11,2,1,9,0,0,7,14,3,5,8,6,10,1,11,2,1,0,7,11,5,8,5,5,14,8,5,1,8,5,13,8,9,5,10,10,14,12,9,9,12,12,5,5,2,3,13,4,13,10,3,10,7,3,6,8,2,11,8,2,14,3,10,5,13,4,7,7,0,3,7,8,4,13,6,2,14,8,7,5,10,0,11,14,7,10,12,5,12,8,3,14,4,2,7,3,6,12,3,9,6,13,1,12,6,4,14,1,13,1,3,9,10,2,9,1,2,3,7,5,8,4,13,2,2,10,13,6,0,4,5,3,7,9,3,1,1,4,12,7,3,6,3,14,4,7,8,14,0,3,3,11,14,9,11,3,8,14,1,3,11,11,13,8,3,7,10,0,3,12,5,13,3,1,3,3,3,14,14,1,6,13,3,5,4,7,10,14,6,8,10,4,2,1,2,6,10,13,7,1,7,8,14,12,6,8,8,11,6,9,14,1,6,6,14,12,1,11,2,10,1,5,14,0,6,0,4,1,6,11,12,5,13,11,11,14,4,6,9,3,11,5,0,3,7,9,12,1,10,11,9,6,8,2,14,4,0,9,5,2,9,0,2,5,5,0,1,10,14,4,12,4,12,14,9,14,8,11,3,3];[[0.18019241848515155,1.8019241848515155,1.0],[0.48736227300275514,4.873622730027551,1.0],[0.07759170039841756,0.7759170039841756,1.0],[0.5225667244081349,5.2256672440813485,1.0],[0.9196433340252647,9.196433340252646,1.0],[0.8762509611803474,8.762509611803473,1.0],[0.5029695910906639,5.029695910906638,1.0],[0.8160267976375112,8.160267976375112,1.0],[0.8059112000327816,8.059112000327817,1.0],[0.2140591090540045,2.140591090540045,1.0],[0.08805821114486456,0.8805821114486456,1.0],[0.20329737064426556,2.0329737064426556,1.0],[0.5837360924329463,5.837360924329463,1.0],[0.6737333796339059,6.737333796339059,1.0],[0.1608013027204077,1.6080130272040771,1.0]]
3_DPpaulli_18_workers.fjs;6617.800105410341;253710;[0,529,586,622,683,773,810,911,1046,1089,1591,1725,2372,2889,2945,151,252,285,357,399,481,754,811,854,907,974,1037,1111,1644,1972,2062,2130,2159,2831,2980,40,125,382,437,566,602,665,731,908,972,1085,1103,1166,1231,1523,1904,2261,2312,2506,2876,2943,3034,3064,0,622,679,727,823,937,1040,1273,1373,1463,1523,1745,1890,2130,2312,2392,2567,2766,0,151,364,491,532,637,823,998,1089,1157,1248,1287,1373,1441,1571,2209,2315,2732,2768,2895,2981,88,566,586,1040,1405,1809,2182,2372,2397,2431,2525,2698,2792,2843,3064,359,698,754,843,911,985,1347,1376,1485,1745,1939,1994,2272,2323,2438,2781,2831,77,183,541,656,972,1129,1329,1347,1446,1485,1687,1757,1796,1922,1949,1975,2076,2249,2472,2506,2646,2718,2768,2898,3029,0,35,114,156,270,455,481,1029,1272,1376,1438,1523,1761,1872,2159,2197,2312,2472,2504,2562,2613,2698,2792,0,77,175,215,294,359,420,1449,1610,1679,1746,2153,2230,2306,2435,2558,2641,2698,2877,80,160,252,296,376,439,531,773,854,1272,1434,1589,1662,1968,2130,2153,2230,2342,2698,52,136,202,481,585,683,1008,1054,1136,1287,1482,1666,1791,1820,1904,2041,2083,2323,2472,2607,3064,0,86,250,376,453,732,1290,1368,1615,2127,2160,2306,2435,2517,2809,2905,97,183,277,364,545,974,1198,1347,1562,2028,2423,2541,2706,2877,2946,3023,0,35,196,285,420,471,570,585,1463,1509,1591,1683,1890,2041,2083,2159,2213,2258,2392,2438,2472,2592,2743,2963,2980,0,296,376,718,1001,1166,1201,1390,1526,1729,1825,1890,1972,1990,2023,2929,3039,16,88,217,683,706,1329,1376,1786,1904,2144,2258,2312,2397,2468,2552,2613,2796,2877,2905,2980,3039,0,237,270,560,1079,1197,1272,1636,1757,2028,2076,2232,2613,2706,2743,2796,2964,61,125,215,318,491,512,666,843,911,970,1054,1376,1405,1523,1676,1770,1791,2078,2126,2388,2607,2652,2718,843,898,1106,1662,1687,1820,1975,2079,2197,2468,2525,2689,2766,2889,2964,3023];[7,9,1,0,2,0,1,6,4,8,0,9,0,2,4,2,9,0,8,4,5,3,5,2,1,7,0,3,9,2,2,5,3,1,6,6,7,6,2,2,1,4,6,4,3,9,9,6,2,8,1,0,5,0,5,2,2,1,5,9,9,4,3,8,9,4,6,0,6,4,7,6,1,4,1,8,2,4,9,6,6,8,4,5,4,5,8,6,8,2,9,9,8,7,2,1,1,2,1,5,6,1,1,2,2,5,5,7,6,5,5,2,1,8,9,8,9,5,4,9,5,6,3,4,2,7,7,1,6,4,7,3,7,6,6,4,5,5,9,5,9,8,6,6,0,8,8,0,3,5,3,7,4,6,4,5,5,8,2,9,3,3,5,4,8,4,1,5,8,5,0,6,6,8,0,7,2,8,3,0,1,1,0,0,3,4,9,5,2,4,6,3,2,3,1,9,1,9,3,5,5,1,0,2,7,0,5,1,0,8,2,4,6,8,0,9,1,3,1,7,3,8,7,9,8,3,8,6,3,0,0,3,2,2,4,5,0,0,4,3,7,7,7,7,6,3,7,4,4,4,8,7,9,5,9,6,1,1,7,2,2,1,6,1,9,3,6,4,3,4,6,8,7,4,7,8,6,1,8,0,9,6,0,5,1,3,1,2,1,3,0,7,3,9,3,2,5,3,1,3,2,2,2,7,2,7,1,9,9,8,1,8,4,0,1,1,5,4,3,0,1,3,9,8,3,8,3,7,2,7,0,1,2,8,6,6,0,7,2,7,8,7,9,9,2,5,0,8,7,3,0,2,0,0,5,6,8,4,8,3,3,0,6,3,2,6,9,6,5,1,5,9,0,0,5,1,6,6,4,8,7,9,8,4,6,4,9];[6,11,12,6,3,3,5,2,1,9,5,3,0,9,11,4,4,0,13,1,11,8,11,1,1,6,8,10,13,1,8,9,10,6,8,13,1,9,14,4,11,1,6,11,2,2,1,7,5,5,6,4,3,2,5,3,7,11,8,13,10,1,14,8,7,9,14,9,14,9,13,8,6,3,9,3,14,2,10,6,9,14,9,5,11,12,13,8,9,12,8,3,4,13,13,0,12,2,10,5,11,2,14,14,2,5,8,10,4,13,12,6,7,8,4,2,12,12,5,11,2,2,7,12,11,5,1,6,9,6,13,12,2,7,0,3,2,10,6,4,14,0,8,10,6,11,10,3,7,7,2,11,4,13,2,9,9,14,2,11,3,14,2,5,5,11,6,5,9,4,2,11,11,0,14,1,7,13,5,9,9,6,0,6,6,12,10,0,13,9,12,4,2,4,5,14,8,8,14,9,12,12,13,12,12,0,4,3,7,2,0,2,12,4,9,1,5,3,8,3,6,12,13,8,6,14,6,2,6,10,4,10,14,5,6,7,3,10,5,14,4,7,4,1,1,6,0,8,9,1,2,9,12,1,4,11,4,13,10,3,4,2,14,13,8,8,7,0,9,5,5,3,0,1,2,0,1,0,0,8,2,6,4,7,5,6,1,10,13,7,14,8,4,10,12,3,10,11,0,9,7,1,13,2,11,12,14,0,2,10,4,14,2,4,9,9,10,5,3,5,3,9,2,1,3,12,14,1,6,9,2,7,12,0,8,3,2,4,14,3,9,3,7,13,3,1,4,11,0,11,10,2,7,7,0,4,10,0,6,2,8,10,9,2,1,13,12,9,1,2,0,8,5,5,5,3,8,4,6,13,12,14,6,0,12,1,14];[[0.7773566427005639,7.7735664270056395,1.0],[0.6698255595592497,6.698255595592498,1.0],[0.09913960392481702,0.9913960392481702,1.0],[0.35297051119014544,3.529705111901454,1.0],[0.4679077429008419,4.679077429008419,1.0],[0.5346837414708775,5.346837414708775,1.0],[0.9783090609123973,9.783090609123974,1.0],[0.13031535015865903,1.3031535015865903,1.0],[0.6712434682302663,6.712434682302662,1.0],[0.36422941594737557,3.6422941594737557,1.0],[0.48883570716198577,4.888357071619858,1.0],[0.20301221073405373,2.0301221073405373,1.0],[0.6661983755713592,6.661983755713592,1.0],[0.2276630312069321,2.276630312069321,1.0],[0.4580640582967631,4.580640582967631,1.0]]
3_DPpaulli_18_workers.fjs;6328.449197612533;221290;[0,228,574,1061,1127,1222,1298,1475,1852,2099,2188,2479,2604,2694,2947,178,292,321,875,916,1019,1171,1222,1386,1469,1704,1777,1887,1980,2048,2145,2342,2606,2798,2871,114,172,460,501,599,666,866,984,1191,1252,1300,1385,1552,1631,1701,1763,1826,2130,2208,2273,2373,2501,2684,404,452,604,700,787,936,1013,1135,1264,1643,1706,1854,1903,1955,2262,2345,2384,2457,93,460,518,649,882,969,1039,1231,1291,1374,1469,1509,1601,1665,1749,1976,2395,2576,2686,2712,2818,251,553,604,822,1021,1279,1411,1506,1781,1887,1989,2475,2572,2619,2895,0,60,158,313,700,900,1252,1495,1739,1911,1937,2263,2344,2474,2568,2622,2724,75,178,257,292,363,437,599,635,666,732,848,916,1145,1384,1543,1571,1794,1998,2175,2285,2399,2479,2606,2686,2852,0,67,273,427,553,594,621,684,777,798,830,933,1029,1291,1619,1816,1989,2063,2099,2576,2800,2885,2918,656,782,822,861,1068,1135,1386,1495,1901,2028,2048,2211,2262,2376,2604,2674,2754,2808,2918,75,244,433,571,682,857,930,1019,1196,1285,1368,1436,2130,2149,2263,2619,2702,2724,2800,0,390,933,949,1071,1326,1419,1509,1723,1792,1871,1887,1979,2011,2094,2133,2214,2287,2344,2433,2546,109,272,362,406,474,771,913,1213,1293,1361,1384,2049,2384,2694,2798,2885,0,210,553,857,955,1230,1298,1606,1666,1781,1852,1956,2154,2622,2698,2778,60,75,136,158,335,369,536,553,685,732,933,1111,1352,1536,1631,1706,2072,2133,2220,2479,2516,2581,2604,2662,2723,0,212,273,501,817,844,1227,1360,1571,1606,1643,1868,1955,1980,2193,2353,2885,0,151,406,844,1019,1089,1137,1419,1503,1606,1666,1733,1856,2011,2150,2193,2263,2353,2457,2500,2818,75,272,427,949,1021,1089,1213,1293,1425,1489,1543,1684,2202,2331,2370,2520,2712,0,75,292,357,380,440,503,623,685,711,823,1019,1048,1099,1135,1206,1955,2028,2072,2183,2576,2665,2837,0,235,460,543,571,604,700,784,1099,1231,1530,1900,2071,2235,2418,2500];[8,9,1,3,0,0,1,0,4,8,8,3,8,2,5,4,3,2,6,9,5,6,5,1,1,4,6,1,1,0,4,7,9,2,2,8,7,1,4,1,1,7,9,4,4,3,8,1,9,9,2,2,3,0,1,7,2,9,8,5,8,0,3,8,3,4,0,3,8,5,3,2,8,6,9,2,4,9,6,7,1,6,9,8,4,2,2,3,7,7,7,4,8,7,1,3,3,2,1,2,9,1,9,6,8,3,0,3,4,3,4,4,3,8,3,5,9,5,9,4,5,8,3,6,2,7,8,6,7,5,6,3,1,0,3,4,1,4,6,5,6,2,6,2,4,5,4,0,3,1,6,1,5,9,4,0,5,8,0,9,9,3,2,2,0,3,6,5,8,7,7,8,1,6,8,1,7,5,9,8,8,5,9,3,5,4,9,5,6,7,4,5,4,4,0,1,3,6,0,5,2,9,7,4,1,7,4,4,5,2,2,3,7,0,9,6,5,0,2,8,3,0,2,1,8,1,7,8,6,5,0,2,2,1,0,7,5,8,9,6,3,7,5,2,8,6,5,7,6,8,1,8,1,5,7,6,6,1,6,2,5,4,3,4,9,0,6,7,3,7,3,9,7,7,1,8,6,1,4,7,7,0,6,3,2,7,4,1,1,5,2,4,6,9,0,7,1,4,1,3,0,2,3,4,2,8,5,1,0,0,0,0,9,4,7,7,8,9,9,5,1,3,6,8,1,5,0,4,5,8,7,4,4,3,1,8,1,7,2,8,7,6,6,9,3,3,9,1,5,6,0,6,6,9,8,6,8,5,5,2,2,0,5,3,9,2,9,3,0,5,1,2,2,7,5,2,0,7,5,2,7,8,5,4,3,8,0];[1,3,12,7,7,7,5,7,4,14,3,4,4,12,13,5,4,14,13,6,5,8,9,14,1,7,7,5,8,7,10,3,12,9,7,6,12,4,7,0,9,0,0,2,12,10,4,0,4,11,1,5,1,7,4,7,6,11,10,1,7,4,3,8,7,9,6,9,14,8,12,1,8,8,10,9,9,3,4,5,1,1,9,4,11,1,11,5,8,3,9,2,11,13,5,1,0,11,5,13,12,6,7,10,3,5,3,6,14,1,8,13,10,12,14,2,3,8,2,0,13,2,9,0,11,8,5,13,10,8,9,10,9,7,8,9,14,11,12,10,14,4,13,14,10,8,11,4,7,4,2,2,13,14,8,2,0,14,9,5,10,6,6,0,9,13,10,4,2,12,9,8,6,10,4,8,12,1,13,1,11,0,14,5,14,7,7,0,1,3,13,3,6,13,2,11,13,13,9,6,13,5,5,11,6,0,4,14,13,2,9,14,0,4,6,7,12,3,11,4,12,13,9,6,6,3,11,14,1,1,0,0,14,4,12,8,8,5,6,13,0,8,12,1,3,8,9,9,0,8,14,2,14,1,2,12,4,13,1,12,10,2,0,4,12,7,7,0,4,0,10,7,3,4,2,13,8,14,9,10,7,13,11,9,3,7,10,1,3,4,11,8,12,13,0,6,12,3,7,8,6,14,13,0,13,12,4,11,12,10,9,0,11,6,8,14,6,6,4,14,2,2,2,3,13,6,2,1,10,7,13,3,8,10,3,12,8,4,2,8,12,9,12,12,13,2,2,9,3,1,10,8,10,5,9,4,14,2,10,14,3,6,12,11,13,14,4,1,6,3,8,6,1,11,12,11,3,1,11,3,11,6,8,2,1,5,10];[[0.7966509679599704,7.966509679599704,1.0],[0.05862623274803458,0.5862623274803458,1.0],[0.7602397739740907,7.602397739740907,1.0],[0.8627037401845356,8.627037401845355,1.0],[0.09127403464611428,0.9127403464611428,1.0],[0.9024924365975527,9.024924365975528,1.0],[0.7858960565941281,7.858960565941281,1.0],[0.40667966546103385,4.0667966546103385,1.0],[0.37447264465852026,3.7447264465852026,1.0],[0.6490262282913547,6.490262282913547,1.0],[0.40092466608569977,4.009246660856998,1.0],[0.5721109226277574,5.721109226277575,1.0],[0.6077930620255084,6.077930620255084,1.0],[0.05072389565884072,0.5072389565884072,1.0],[0.7370880093375713,7.370880093375714,1.0]]
3_DPpaulli_18_workers.fjs;6785.7818910496535;155130;[66,207,547,878,960,1047,1114,1238,1610,1729,2122,2337,2714,2971,2989,234,412,474,724,828,888,1187,1370,1709,1770,1833,2088,2156,2421,2663,2882,2981,3016,3093,3164,0,329,382,420,524,556,611,679,1207,1374,1524,2011,2214,2288,2360,2431,2501,2554,2616,2671,2738,2991,3027,15,36,101,163,586,679,888,1111,1300,1552,1643,1781,1822,2288,2360,2453,2514,2843,85,742,808,939,1020,1050,1124,1301,1599,1822,1941,1980,2066,2130,2214,2545,2725,2916,2951,3027,3117,620,689,913,1165,1308,1399,1531,1756,1811,1850,1938,2006,2404,2457,3043,42,101,241,432,798,872,927,1165,1419,1574,1753,1808,1894,1936,2570,2603,2798,0,212,709,808,878,985,1020,1094,1124,1268,1396,1513,1581,1729,1753,1936,2006,2348,2412,2570,2725,2798,2843,2986,3101,0,35,108,158,234,282,305,367,474,495,621,718,878,1195,1268,1461,1521,1850,2062,2234,2288,2589,2648,504,972,1250,1409,1481,1552,1712,1980,2156,2210,2288,2321,2412,2545,2631,2688,2774,2827,2908,98,256,428,476,547,621,1020,1315,1437,1487,1599,1884,2192,2493,2620,2636,2790,2858,2952,282,556,791,1207,1354,1477,1569,1717,2001,2012,2177,2214,2306,2337,2417,2554,2620,2663,2713,2862,2951,108,281,367,669,791,931,1223,1302,1387,1550,1638,2446,2514,2774,2991,3043,413,597,965,1378,1413,1461,1654,1717,1757,2214,2360,2493,2531,2616,2688,3016,0,163,575,623,692,798,878,913,965,1020,1094,1170,1238,1396,1437,1487,1613,1941,1978,2019,2156,2491,2519,2840,3011,0,162,547,611,764,987,1394,1551,1709,1850,2106,2457,2569,2687,2769,2946,3101,15,367,545,808,878,962,1016,1175,1265,1301,1479,1536,1654,1721,1825,1938,2093,2585,2774,2882,3092,194,559,1124,1242,1455,1499,1615,1633,2055,2385,2453,2552,2648,2806,2843,2892,3002,0,242,432,551,623,679,718,763,1087,1114,1389,1455,1481,1614,1638,1869,2019,2133,2341,2415,2612,2971,3117,162,242,330,504,646,889,1049,1811,2009,2229,2321,2711,2862,2952,3031,3092];[6,9,4,7,2,9,9,6,0,8,6,7,0,0,5,4,1,2,4,8,3,5,1,1,9,9,0,5,0,2,2,7,5,2,2,7,4,0,3,0,1,5,6,7,7,2,8,0,9,0,6,0,6,0,5,5,6,1,9,9,3,6,2,0,8,0,3,7,8,2,3,6,9,3,1,9,1,5,6,3,7,7,8,7,3,2,8,1,7,7,2,3,8,7,1,6,3,2,2,5,1,8,7,9,1,8,5,7,0,1,5,4,3,5,9,8,9,9,1,2,9,6,3,4,0,9,5,9,1,3,0,2,7,0,1,4,1,2,9,3,6,8,3,2,0,6,2,2,3,1,2,7,0,4,4,0,2,8,2,8,8,2,7,9,8,1,1,9,8,3,3,3,6,5,8,1,8,1,0,0,2,7,2,0,8,1,6,5,2,7,4,4,3,4,5,5,9,6,6,4,8,9,0,2,4,5,6,8,4,8,8,1,7,8,2,2,0,4,1,9,9,4,6,7,9,2,7,7,4,5,0,2,7,6,0,7,0,0,1,9,3,8,4,4,0,6,2,1,2,3,4,8,9,6,6,8,1,0,6,7,6,1,1,5,9,3,6,7,1,5,6,3,4,1,2,6,7,1,4,6,2,6,5,6,4,4,4,2,0,3,7,2,3,6,3,7,1,4,5,8,0,4,8,4,4,7,4,6,9,8,1,8,2,5,4,1,8,0,7,0,1,8,0,9,1,5,9,7,9,9,0,0,4,1,5,8,4,7,9,2,8,9,8,9,9,4,4,2,5,3,1,6,0,5,8,8,9,5,2,1,2,2,1,1,4,2,6,3,6,5,6,9,7,9,8,1,9,6,0,5,6,5,7,3,8,0,9];[14,3,9,11,0,11,9,11,1,13,5,4,6,2,0,0,4,14,8,6,12,14,5,10,2,12,6,2,14,3,9,6,9,12,7,14,14,11,13,3,14,7,5,12,7,3,6,14,12,10,8,0,13,7,5,7,4,11,10,2,8,13,10,7,14,14,11,6,14,14,14,1,9,7,4,9,11,5,4,12,10,14,7,8,2,1,6,8,8,3,12,2,11,8,14,1,0,13,0,4,12,13,10,13,8,10,2,2,14,12,5,13,8,13,4,4,1,1,0,3,2,2,7,6,6,14,2,14,1,1,5,3,5,3,3,13,7,12,6,13,12,8,0,14,9,3,0,7,7,14,9,14,10,2,2,0,6,0,14,10,10,8,2,0,10,1,8,6,13,14,10,3,1,1,2,3,14,4,2,9,12,7,9,12,11,6,7,0,9,0,8,13,8,12,13,2,12,13,0,8,0,12,3,3,11,8,14,11,5,5,0,6,2,7,5,12,2,7,4,4,11,12,1,12,5,8,11,7,3,2,0,12,10,2,3,8,3,8,9,14,3,6,3,0,0,2,0,4,14,3,13,2,12,1,8,6,3,13,1,2,9,3,12,9,3,11,7,0,10,8,7,2,13,0,9,13,1,2,8,11,2,11,3,1,10,11,10,12,13,10,10,7,7,13,12,8,6,3,4,1,3,7,11,11,2,11,13,0,3,5,3,0,10,11,5,9,6,13,8,5,2,1,5,3,9,4,12,6,8,5,4,6,9,6,1,5,5,4,4,9,8,13,12,1,14,4,4,12,9,9,10,4,8,3,4,13,12,2,12,1,0,12,7,9,13,14,6,1,4,1,13,5,12,6,6,0,2,5,13,7,10,14,4,11,7,8,8];[[0.5209484070219088,5.209484070219088,1.0],[0.42125020101147315,4.212502010114731,1.0],[0.22094517308324657,2.2094517308324657,1.0],[0.13033708391670573,1.3033708391670573,1.0],[0.48395776843282956,4.839577684328296,1.0],[0.6260889663051598,6.260889663051597,1.0],[0.6211218319323739,6.21121831932374,1.0],[0.707277595965894,7.07277595965894,1.0],[0.43539590023548325,4.3539590023548325,1.0],[0.04809800715767443,0.4809800715767443,1.0],[0.2254847064342842,2.254847064342842,1.0],[0.788548045160999,7.88548045160999,1.0],[0.42108890435006496,4.21088904350065,1.0],[0.5652029481252892,5.6520294812528915,1.0],[0.6764042610645917,6.764042610645918,1.0]]
3_DPpaulli_18_workers.fjs;6438.154067880295;536850;[0,871,1009,1416,1804,1902,1939,2188,2263,2420,2498,2588,2715,2958,2975,23,141,169,299,685,885,975,1160,1247,1326,1389,1462,1537,1804,1848,2297,2359,2387,2548,2655,0,165,214,406,488,698,963,1050,1117,1202,1333,1511,1703,2056,2130,2243,2434,2523,2629,2707,2781,2865,2896,0,103,169,234,318,459,545,591,649,802,891,1451,1497,1668,1997,2486,2581,2738,15,236,302,399,467,581,642,731,837,1093,1240,1326,1511,1581,1714,2169,2529,2675,2758,2783,2869,103,1240,1257,1637,1781,1848,1939,2254,2563,2597,2686,2750,2832,2884,2957,319,380,497,601,1287,1397,1416,1462,1515,1853,1987,2046,2195,2298,2554,2687,2927,56,106,230,474,556,649,1030,1160,1257,1300,1388,1515,1547,1617,1646,1926,1997,2263,2363,2403,2450,2578,2652,2779,2832,190,601,706,802,1175,1231,1397,1486,1581,1676,1714,1804,1884,1939,2015,2079,2132,2183,2385,2529,2629,2781,2884,0,103,150,354,434,499,871,1091,1294,1627,1646,1679,1878,2015,2111,2195,2437,2588,2957,0,57,214,265,406,536,731,1128,1209,1301,1438,1537,1610,1943,2245,2303,2437,2460,2554,0,172,630,781,852,917,963,1009,1080,1204,1343,1450,1542,1663,1943,2033,2079,2531,2703,2832,2997,18,319,1021,1192,1676,1750,1853,1932,2041,2096,2336,2434,2618,2692,2810,2855,150,349,374,690,758,852,1240,1360,1595,1729,1804,1974,2115,2561,2673,2738,0,57,339,380,560,706,824,839,891,937,1010,1080,1160,1240,1273,1679,1932,2130,2165,2210,2243,2309,2490,2548,2777,349,406,497,798,1070,1093,1128,1461,1544,1581,1618,1729,2001,2078,2358,2450,2884,101,165,262,739,764,904,1027,1117,1204,1252,1368,1444,1618,1673,1824,2111,2213,2359,2498,2618,2896,0,262,318,399,839,896,1432,1450,1714,1893,2176,2328,2536,2734,2825,2874,2957,172,236,319,750,939,955,1027,1180,1300,1330,1397,1441,1581,1902,1926,2175,2210,2297,2343,2619,2652,2692,2818,62,204,423,601,664,698,970,1030,1070,1388,1637,1726,1824,2127,2297,2437];[3,5,3,3,2,8,5,5,5,9,5,3,7,7,7,8,3,2,4,9,3,1,9,1,9,0,6,5,7,0,4,0,0,2,1,7,1,9,6,6,1,7,6,6,0,2,8,1,7,0,1,5,3,9,8,2,2,9,8,9,3,0,9,8,3,6,4,0,6,5,4,2,1,0,1,2,2,8,3,8,0,8,7,8,4,0,6,3,1,2,5,4,0,7,1,1,6,2,9,2,1,1,7,8,8,5,5,9,0,5,4,2,1,5,7,1,6,9,9,0,9,6,2,6,0,2,8,2,8,3,7,4,3,5,6,6,5,9,5,1,0,8,1,9,2,6,6,2,6,1,6,6,4,8,8,9,5,8,6,0,8,3,7,9,0,3,5,9,7,5,3,3,3,1,0,3,3,5,3,8,9,5,0,8,4,1,5,5,1,6,9,4,2,2,8,1,9,6,1,5,2,8,7,2,1,7,5,6,5,0,0,1,8,8,7,6,0,3,1,9,7,3,2,4,5,1,7,7,6,7,5,2,6,1,0,7,0,6,3,3,3,8,1,4,3,8,5,7,2,3,7,7,6,5,4,6,1,1,7,2,6,2,6,1,8,0,8,4,2,9,4,1,0,6,7,6,2,0,8,9,7,4,3,5,1,7,7,1,3,5,2,4,6,2,0,5,5,0,2,3,1,2,3,0,4,0,1,8,6,5,1,4,4,4,4,5,1,4,9,8,7,9,3,4,5,9,9,4,9,7,0,0,2,8,3,7,4,7,2,9,7,6,6,9,6,4,1,4,7,6,0,5,2,1,7,8,0,8,4,1,9,2,3,8,4,7,9,6,4,5,3,7,6,9,7,1,2,6,0,5,5,8,7,4,6,0,3];[7,11,10,1,11,11,12,1,10,2,8,5,12,8,13,0,1,14,11,9,7,7,11,10,2,5,4,8,0,0,1,10,5,7,10,2,10,8,4,14,4,0,6,3,11,7,10,10,3,4,0,7,9,12,3,7,6,11,10,14,11,9,14,5,3,0,5,2,3,8,8,8,13,14,3,11,14,0,6,9,13,12,2,2,0,10,7,10,6,5,13,1,3,6,13,0,13,0,8,8,12,9,8,1,1,8,0,5,14,8,3,12,7,7,10,6,1,14,11,0,5,2,8,0,11,3,5,0,3,7,6,12,11,11,11,0,5,11,13,7,13,12,6,3,13,9,7,4,3,12,9,13,10,14,4,10,14,11,8,4,12,7,14,13,7,13,7,11,5,11,5,3,12,12,14,11,8,9,9,13,11,10,0,10,8,4,3,0,9,2,10,10,4,8,11,0,13,13,5,13,14,8,7,12,1,0,9,1,3,10,13,12,6,6,4,12,6,7,4,4,0,13,9,11,6,3,11,9,1,0,11,6,2,4,1,11,3,12,2,3,3,1,14,14,1,1,9,0,2,8,13,2,8,1,5,14,13,5,12,8,9,5,14,9,2,1,11,0,11,4,5,8,4,1,7,13,8,2,11,5,7,0,2,4,9,6,8,6,9,5,11,10,2,13,0,1,1,9,13,4,10,10,11,14,4,7,2,8,1,0,4,2,6,5,9,9,1,6,14,3,0,3,10,5,4,14,3,2,10,7,6,1,12,9,1,7,14,4,14,11,4,10,0,14,2,4,12,2,0,7,10,6,7,6,12,10,11,14,2,0,7,12,5,7,8,6,11,5,8,3,9,6,3,3,7,6,11,14,14,12,9,6,6,5,12,8,13];[[0.49734142093980327,4.973414209398033,1.0],[0.35999045686025677,3.5999045686025677,1.0],[0.7220617567237175,7.220617567237175,1.0],[0.44672126724761885,4.4672126724761885,1.0],[0.4533596515962979,4.533596515962978,1.0],[0.025925678678183073,0.25925678678183073,1.0],[0.33490089376309407,3.3490089376309404,1.0],[0.4755440242737675,4.755440242737675,1.0],[0.45132356511490823,4.513235651149082,1.0],[0.08788974506102976,0.8788974506102976,1.0],[0.29509671683068217,2.9509671683068217,1.0],[0.33863234208051063,3.3863234208051063,1.0],[0.9020959027552419,9.020959027552419,1.0],[0.7173473735926632,7.173473735926632,1.0],[0.8986159167700656,8.986159167700656,1.0]]
3_DPpaulli_18_workers.fjs;6091.025474522065;451260;[116,188,379,521,587,737,965,1184,1243,1537,1921,2000,2036,2310,2689,0,132,852,987,1090,1267,1312,1364,1428,1472,1703,1794,1887,1964,2191,2276,2617,2662,2769,2833,0,55,170,204,290,412,465,604,831,950,1067,1108,1146,1312,1458,1537,1809,1857,2024,2095,2311,2505,2552,67,204,277,324,439,493,631,669,735,933,1286,1399,1790,2248,2426,2564,2613,2833,164,613,717,822,863,893,1073,1238,1304,1367,1448,1525,1772,2065,2157,2261,2283,2310,2449,2613,2755,182,263,521,717,967,1032,1094,1205,1537,1623,1857,1922,2008,2207,2708,0,223,401,493,562,656,759,927,987,1067,1146,1617,1857,2327,2524,2664,2755,164,198,263,300,412,478,587,669,852,1304,1399,1458,1504,1573,1597,1626,1869,1922,1981,2032,2103,2330,2556,2710,2769,65,204,284,384,562,624,679,1397,1522,1597,1695,1794,1977,2024,2203,2253,2311,2362,2395,2449,2503,2586,2648,0,41,79,116,188,255,320,832,900,1070,1093,1230,1268,2104,2348,2404,2648,2696,2777,106,318,570,644,724,790,883,982,1132,1170,1253,1455,1759,1809,2000,2017,2103,2617,2756,328,465,599,737,825,887,987,1304,1346,1443,1522,1543,1758,1793,2175,2289,2330,2373,2449,2631,2731,735,927,1049,1090,1164,1253,1394,1489,1702,1765,2103,2191,2489,2556,2648,2777,65,132,260,345,529,901,1143,1803,2180,2393,2474,2539,2564,2617,2711,2735,320,503,621,831,900,1089,1243,1268,1350,1448,1543,1635,1703,1776,1809,1862,1922,1975,2257,2373,2409,2474,2505,2647,2756,255,310,379,439,480,533,570,1045,1103,1230,1478,2021,2191,2221,2248,2691,2769,0,67,284,328,551,621,676,737,1010,1103,1214,1350,1397,1700,1765,1887,1958,2081,2426,2458,2539,55,351,511,633,901,996,1071,1180,1268,1397,1537,1617,1688,1971,2032,2081,2586,0,67,363,480,671,693,782,824,950,977,1049,1083,1357,1402,1700,1879,1902,2242,2289,2520,2554,2597,2692,117,351,394,737,825,863,1139,1214,1253,1340,1458,1570,1695,1921,2003,2175];[3,8,7,3,0,9,6,2,4,8,8,3,9,0,4,9,4,4,9,5,2,1,1,1,1,7,6,3,1,0,4,2,8,1,2,4,7,9,6,6,1,5,9,2,2,2,8,4,2,8,1,8,0,6,1,5,0,1,0,5,8,1,2,0,8,5,3,7,4,5,9,2,9,6,9,4,4,1,6,6,7,9,9,5,3,3,3,4,7,7,2,3,0,7,3,7,3,3,7,2,1,1,9,2,8,5,8,8,7,5,7,7,1,8,8,9,6,9,1,4,5,6,3,4,7,0,3,2,4,5,7,3,3,9,2,1,8,1,5,9,6,2,3,1,0,2,6,4,3,5,6,4,4,7,8,9,1,4,9,2,0,2,5,2,0,1,6,8,4,5,3,8,3,8,8,3,5,3,3,3,8,0,2,8,0,3,4,6,8,6,4,4,4,3,9,9,9,9,5,2,2,1,8,2,6,6,6,0,4,4,8,1,8,1,5,6,1,2,0,5,0,4,0,9,5,6,7,8,5,9,6,2,9,5,4,5,5,0,1,3,5,8,7,3,8,6,0,1,4,5,6,8,5,6,4,5,1,1,8,2,5,0,1,0,9,0,1,1,2,6,7,3,7,7,2,9,6,4,0,7,9,4,3,3,2,0,1,2,1,0,6,2,6,0,7,2,6,3,5,8,0,1,3,7,0,7,2,8,0,0,0,4,9,0,7,3,9,7,0,0,1,8,0,4,2,9,9,4,2,2,2,2,4,3,6,5,7,7,9,7,8,6,6,3,2,4,3,8,5,1,5,6,1,7,2,8,9,8,4,4,9,1,1,1,4,7,9,1,7,0,6,5,0,7,8,4,6,1,7,0,7,9,5,6,0,7,3];[11,1,6,2,3,8,2,6,1,13,7,4,5,6,4,11,13,4,12,1,5,9,11,11,11,3,13,3,2,7,3,5,10,6,12,6,12,0,13,4,8,7,9,11,13,3,11,0,6,12,0,1,11,0,14,4,13,11,3,0,7,8,0,4,5,13,11,14,7,7,0,5,11,4,3,8,4,6,4,6,10,13,9,11,2,13,4,4,8,3,14,10,6,14,10,8,0,12,8,13,12,9,5,14,8,1,2,6,10,13,5,5,7,7,4,1,7,9,5,12,0,13,7,7,1,0,7,5,3,8,14,9,14,2,13,2,8,0,12,12,6,14,6,8,4,10,0,9,7,9,2,14,0,13,4,6,5,9,0,10,14,8,7,6,13,14,3,10,9,2,5,6,3,8,12,10,6,14,5,13,3,9,1,12,12,2,11,5,12,0,13,1,1,1,2,8,12,13,12,7,3,12,7,13,6,3,7,14,9,10,6,6,0,11,1,0,11,4,13,5,14,8,14,13,1,10,11,12,7,4,11,12,13,3,9,7,0,4,1,0,10,3,9,9,8,0,10,0,1,1,2,2,7,2,10,6,10,5,8,9,3,9,14,4,8,13,4,13,3,8,2,2,10,4,10,13,0,13,2,10,5,1,2,2,1,13,1,12,14,2,0,4,7,3,11,11,3,6,5,1,8,3,8,2,9,10,12,8,14,10,9,2,12,4,8,8,10,1,10,13,0,3,14,9,4,2,12,12,13,7,13,6,4,10,12,0,7,4,4,10,4,7,5,6,8,4,4,12,4,9,10,8,1,3,8,9,1,1,11,11,1,2,7,9,14,11,10,6,0,6,7,4,1,5,14,0,8,12,7,6,10,5,3,4,6,14,6];[[0.4211249061401,4.211249061401,1.0],[0.9761073344853062,9.761073344853061,1.0],[0.6132800246752349,6.132800246752349,1.0],[0.6930423279788359,6.930423279788359,1.0],[0.5088628354481554,5.088628354481553,1.0],[0.18781156668551158,1.8781156668551158,1.0],[0.830121874145001,8.301218741450011,1.0],[0.8449241651217704,8.449241651217704,1.0],[0.20962821201639004,2.0962821201639006,1.0],[0.6505169872996391,6.505169872996391,1.0],[0.7003316191510263,7.003316191510263,1.0],[0.7150339547653067,7.150339547653068,1.0],[0.8091072451390076,8.091072451390076,1.0],[0.8451978833841938,8.451978833841938,1.0],[0.3695849781386673,3.695849781386673,1.0]]
3_DPpaulli_18_workers.fjs;6675.526362993067;248260;[205,894,976,1074,1206,1290,1574,2015,2090,2410,2562,2728,2790,3073,3105,0,82,102,168,205,300,644,698,735,936,1318,1614,1831,1972,2064,2159,2232,2355,2560,3104,322,422,486,525,698,796,921,990,1147,1825,1882,2031,2066,2156,2241,2303,2375,2542,2639,2907,2972,3073,3104,0,19,105,404,533,827,1083,1153,1329,1441,1500,1745,1784,2134,2189,2465,2522,2670,82,176,232,347,698,1120,1173,1378,1466,1574,1716,1879,2025,2219,2343,2503,2526,2560,2630,2679,2805,176,234,735,860,902,1065,1198,1355,1378,1412,1947,2015,2159,2375,2742,0,69,260,492,563,857,873,1017,1172,1449,1667,1786,2526,2573,2639,2679,2747,176,223,300,351,471,785,827,912,1128,1211,1299,1383,1723,1793,1820,1856,1969,2066,2365,2442,2573,2656,2748,2828,2879,494,670,735,840,923,963,1020,1197,1304,1342,1423,1513,1672,1729,1811,1911,1979,2330,2490,2763,2817,2907,3027,0,105,223,301,371,433,494,563,587,923,978,1266,2022,2096,2501,2877,2973,3027,3105,347,441,587,636,720,1412,1506,1693,1793,1831,1909,1922,1979,2561,2630,2653,2769,2815,2917,254,572,634,735,796,899,1017,1466,1530,1545,1652,1698,1909,2031,2303,2407,2442,2695,2853,2951,3053,19,351,673,731,794,899,1112,1197,1862,1920,2195,2285,2343,2407,2624,2933,49,267,494,654,993,1048,1120,1220,1290,1498,1856,1922,2015,2488,2828,2917,0,213,300,533,636,873,976,993,1044,1221,1304,1426,1506,1586,1619,1672,1698,1745,1784,1825,1972,2190,2272,2511,2820,0,69,538,860,894,943,978,1041,1265,1305,1820,1976,2203,2223,2343,2742,2814,146,343,441,720,746,1044,1147,1299,1403,1451,1565,1860,1911,1969,2096,2272,2375,2465,2526,2756,2973,112,300,563,575,654,788,999,1065,1655,1814,1901,2086,2189,2272,2309,2666,2989,131,404,1069,1197,1283,1545,1604,1648,1718,1744,1861,2125,2190,2237,2265,2345,2427,2511,2564,2656,2700,2745,2788,168,300,746,1173,1283,1318,1403,1530,1570,2136,2355,2450,2601,2879,2967,3070];[9,5,9,0,0,0,2,5,9,5,5,3,9,7,0,2,1,8,9,5,2,1,1,2,0,3,0,6,4,0,5,5,7,2,2,4,7,6,2,6,1,4,8,2,4,2,2,1,2,9,9,0,3,0,3,7,2,9,0,1,1,6,3,0,9,5,0,3,6,4,7,4,8,9,1,8,2,4,6,8,0,8,4,8,1,3,2,1,6,7,5,9,2,7,7,9,6,2,2,5,1,1,7,8,8,5,2,5,7,0,4,7,3,5,3,1,6,6,8,0,9,8,2,0,0,0,1,3,6,3,8,1,3,7,2,4,8,9,1,8,9,6,8,1,4,6,2,2,6,4,6,1,5,2,5,5,0,9,3,2,9,7,5,4,0,8,6,3,3,9,2,3,3,5,4,7,4,4,0,3,9,5,0,8,4,1,9,6,2,3,7,5,5,5,0,5,1,9,4,9,8,5,7,0,6,5,5,2,9,6,2,2,9,8,6,2,0,2,1,7,0,7,6,1,5,2,8,8,8,0,6,8,6,1,9,1,0,2,4,6,8,7,7,3,0,0,1,8,6,3,8,0,9,9,0,5,1,8,6,2,2,3,3,5,9,4,1,1,7,7,4,9,4,6,1,5,6,5,1,9,9,4,6,8,4,7,4,9,1,7,2,0,3,9,3,7,5,4,5,3,3,4,4,7,0,0,6,8,2,0,1,7,2,9,4,5,1,9,7,5,1,8,6,3,4,4,9,4,9,3,1,9,8,3,5,6,6,7,2,3,8,7,6,4,6,7,1,2,5,1,5,6,7,1,8,9,9,5,2,2,3,0,3,2,0,6,9,4,0,5,8,8,7,9,8,3,7,6,0,0,1,1,1,3,0,6,3];[11,13,1,9,2,12,4,2,11,5,1,5,3,10,1,5,4,3,14,10,11,6,14,8,3,0,14,9,12,0,12,9,14,7,11,6,11,14,14,8,13,8,14,2,1,7,14,7,6,11,4,12,11,1,1,7,1,6,3,0,1,14,8,11,7,9,7,10,12,1,11,14,13,4,14,3,7,6,4,2,6,10,3,2,13,13,3,12,13,3,0,9,13,0,7,11,12,12,9,9,12,1,12,5,12,5,4,7,10,3,4,7,6,13,9,6,13,2,2,4,7,2,8,3,5,3,9,4,9,7,7,10,11,10,11,12,2,3,6,1,6,6,4,11,0,3,1,8,3,5,6,2,13,14,0,10,6,10,7,0,10,11,14,8,7,2,2,7,13,9,6,10,12,1,4,7,2,8,6,3,5,1,0,13,6,8,10,10,8,11,4,3,13,2,4,0,14,8,6,11,0,9,5,13,6,4,11,8,2,13,0,7,14,10,11,12,10,4,13,0,14,1,0,11,7,3,4,7,6,11,2,0,13,11,9,12,1,8,5,4,8,11,14,13,8,6,1,0,5,9,13,3,12,1,9,14,8,13,0,14,13,4,13,0,7,6,2,9,0,1,7,3,7,5,9,13,0,4,4,5,14,1,11,11,11,10,10,7,5,5,10,10,7,13,8,7,13,3,10,5,6,3,8,12,4,7,0,3,4,14,8,10,1,2,12,9,1,6,10,8,3,11,5,14,10,7,11,12,10,6,13,4,14,1,0,12,2,4,1,7,8,4,5,10,8,1,2,3,10,6,8,14,7,6,8,6,9,2,7,9,4,14,12,7,13,2,4,8,8,1,7,1,12,7,4,11,11,13,13,10,11,1,14,11,6,8,3];[[0.4831103964860096,4.831103964860096,1.0],[0.9021829992468611,9.02182999246861,1.0],[0.5374571935128641,5.374571935128642,1.0],[0.8761340971511191,8.761340971511192,1.0],[0.573156942708234,5.7315694270823405,1.0],[0.994523847851402,9.945238478514021,1.0],[0.3574465703190305,3.574465703190305,1.0],[0.6617299629663892,6.617299629663892,1.0],[0.4882872262788658,4.882872262788657,1.0],[0.5726412824777106,5.726412824777106,1.0],[0.32388398325139345,3.2388398325139347,1.0],[0.8072354510963532,8.072354510963532,1.0],[0.8087324055796944,8.087324055796945,1.0],[0.660852452150834,6.60852452150834,1.0],[0.5802577271631468,5.802577271631469,1.0]]
3_DPpaulli_18_workers.fjs;6851.712072567369;375000;[45,280,391,862,1079,1226,1925,2372,2482,2529,2652,2843,2875,2966,3144,189,411,436,641,719,918,984,1123,1317,1462,1985,2161,2238,2374,2559,2649,2811,2888,2972,3068,66,221,337,393,491,523,602,673,735,795,842,1136,1470,1535,1755,1823,2162,2214,2415,2472,2649,2734,2909,80,109,360,523,607,724,869,1024,1090,1469,1767,1988,2029,2061,2113,2316,2725,3006,95,607,735,935,1061,1212,1266,1389,1460,1516,1654,1693,2109,2238,2726,2793,2830,2863,2992,3043,3136,0,62,673,779,862,1135,1226,1443,2437,2471,2616,2723,2863,3013,3060,0,329,549,659,881,1042,1104,1823,1873,1925,1974,2029,2105,2235,2325,2362,2534,0,274,352,391,607,840,885,903,940,990,1079,1184,1806,1931,1956,2029,2294,2382,2441,2482,2632,2709,2750,2830,3136,59,383,456,577,662,807,830,893,1213,1266,1556,1675,1755,1801,1873,2048,2109,2161,2316,2539,2648,2845,2899,0,46,148,190,456,719,800,885,1844,2029,2048,2225,2248,2406,2571,2750,2915,2995,3071,0,61,269,322,793,997,1219,1345,1426,1525,1791,2113,2206,2316,2441,2652,2839,2863,3125,0,109,869,925,996,1243,1317,1373,1673,1688,1767,1985,2078,2269,2390,2717,2830,2872,2957,3083,3141,151,240,752,1066,1126,1267,1364,1638,1782,2351,2462,2594,2652,2734,2818,2903,274,337,469,1460,1731,1823,1929,2196,2235,2303,2406,2459,2529,2575,2753,3041,66,367,411,436,496,530,723,744,997,1043,1243,1407,1801,1896,1929,2081,2110,2170,2248,2594,2771,2884,2946,2994,3013,39,523,602,744,781,807,990,1092,1175,1213,1597,1660,2793,2922,2980,3068,3142,0,84,151,311,491,857,882,949,1176,1462,1556,1620,1673,1877,1931,2220,2526,2619,2818,2969,3069,109,188,409,640,940,1171,1620,1638,1748,1857,2078,2162,2287,2482,2526,2909,2992,240,391,582,663,703,840,1061,1164,1364,1389,1462,1480,1509,1556,1585,1654,1956,2594,2640,2811,2843,2882,2972,334,461,968,1146,1208,1247,1345,1535,2105,2162,2422,2511,2652,2855,2994,3071];[9,1,8,1,6,8,5,5,9,9,0,9,0,0,0,8,9,3,8,5,3,5,5,1,9,1,2,3,1,2,1,7,9,2,1,4,0,9,4,0,1,3,6,7,4,2,1,6,2,0,1,0,5,1,1,2,0,1,3,6,3,0,5,2,3,0,0,1,8,2,4,4,9,0,5,4,8,0,6,5,2,9,7,8,3,3,6,4,6,2,7,4,0,7,5,2,6,3,3,3,9,5,9,6,1,5,5,3,1,1,5,7,1,8,8,1,6,9,1,9,5,6,3,0,7,7,3,6,6,5,0,6,7,9,6,4,8,7,6,9,0,4,4,6,3,8,2,3,6,5,3,6,5,2,8,5,2,4,0,8,8,2,2,9,0,3,5,3,3,6,2,7,7,1,7,3,4,0,2,0,1,5,9,3,0,2,6,5,8,0,4,5,3,3,9,8,8,0,8,4,5,9,0,2,7,5,4,4,9,2,2,8,7,8,7,9,3,0,1,1,3,0,9,2,8,2,8,9,5,9,9,6,6,6,4,1,5,2,3,3,3,8,1,7,2,5,2,8,6,2,1,7,9,3,8,8,9,0,0,7,6,1,6,0,4,4,9,4,7,9,3,1,7,6,1,8,2,5,1,6,7,0,8,5,1,6,8,1,0,3,8,4,6,6,3,2,1,1,2,8,2,2,7,4,0,7,6,1,5,8,4,5,2,5,4,7,9,0,9,5,7,2,9,4,3,9,3,7,2,3,0,1,2,8,5,8,1,7,1,6,8,8,3,9,3,7,5,0,5,6,1,2,0,7,1,6,8,5,2,4,7,1,6,3,9,6,9,9,4,4,9,5,7,4,2,3,2,6,6,0,8,8,8,4,2,7,3];[9,1,6,2,3,2,5,13,13,12,0,5,12,10,4,0,4,1,5,1,10,0,9,11,2,4,4,13,14,1,3,10,11,12,13,0,12,2,7,3,0,12,3,8,0,7,0,7,11,13,14,12,2,11,0,12,4,0,12,6,12,2,5,7,14,11,7,0,8,14,10,11,9,6,10,10,8,7,4,11,1,12,4,7,9,13,12,2,13,0,9,4,0,6,3,14,3,12,2,12,12,9,11,5,8,5,2,7,1,3,3,5,7,9,11,13,1,4,2,13,0,2,7,3,0,10,12,8,10,13,6,6,5,2,11,3,0,3,12,5,0,6,13,10,1,1,1,13,5,4,7,0,11,1,4,2,6,10,9,10,12,7,6,13,8,13,7,10,9,2,6,7,0,5,2,13,4,2,3,2,3,14,0,3,6,2,7,0,12,11,8,3,12,6,7,0,4,7,13,8,2,7,9,0,4,4,5,2,5,3,12,6,3,10,0,1,1,3,4,1,10,10,4,10,6,10,12,13,14,6,8,2,7,2,11,11,5,9,3,10,12,3,14,14,12,13,1,0,5,3,6,2,12,11,10,3,4,1,14,11,9,7,10,7,13,14,7,10,11,4,6,9,8,8,14,5,8,13,11,13,7,7,4,7,7,0,6,9,8,14,1,0,2,13,3,3,2,10,13,2,1,3,8,13,8,13,13,4,4,12,11,3,0,2,13,8,8,13,14,1,0,10,4,13,0,8,11,12,9,9,6,12,12,0,0,12,10,4,11,4,8,12,14,5,3,3,3,8,11,10,1,8,7,4,0,2,5,2,6,10,8,5,9,9,13,5,11,13,4,0,6,13,12,10,1,11,8,6,12,10,3,6,9,10,8,1,7];[[0.34661995661142697,3.4661995661142697,1.0],[0.2286410960833074,2.286410960833074,1.0],[0.012392470279078194,0.12392470279078194,1.0],[0.9308270259025113,9.308270259025113,1.0],[0.3225145761620236,3.225145761620236,1.0],[0.0006954578022455582,0.006954578022455582,1.0],[0.2097170717940725,2.097170717940725,1.0],[0.5179602272351016,5.179602272351016,1.0],[0.7628222106217201,7.6282221062172,1.0],[0.3089717897377221,3.089717897377221,1.0],[0.15113122452813788,1.5113122452813788,1.0],[0.07045772229012492,0.7045772229012492,1.0],[0.8725064026541692,8.725064026541693,1.0],[0.3074981421409557,3.074981421409557,1.0],[0.272859759997538,2.7285975999753798,1.0]]
3_DPpaulli_18_workers.fjs;6750.993138050347;422690;[0,67,240,254,645,808,891,1058,1990,2096,2512,2634,2715,3135,3152,46,126,398,463,745,808,916,1035,1279,1324,1388,1465,1615,1969,2064,2715,2951,2981,3065,3135,67,214,481,558,645,689,878,978,1058,1241,1646,1740,1778,1846,1922,1990,2058,2326,2411,2471,2788,2922,3065,265,417,513,601,808,842,916,1076,1574,1666,1883,1969,2366,2402,2457,2542,2581,2660,0,126,212,517,558,645,808,946,1475,1535,1627,1671,1969,2056,2140,2256,2429,2593,2663,2837,2950,357,560,649,732,806,878,965,1131,1318,1351,1535,2015,2663,2880,3070,745,911,1078,1380,1544,1740,1982,2018,2213,2324,2593,2744,2837,2887,3065,3096,3143,113,281,357,466,586,776,815,983,1167,1390,1552,1749,2159,2234,2320,2349,2505,2560,2621,2657,2703,2774,2822,2901,2951,0,198,514,557,639,686,842,895,978,1100,1188,1279,1489,1763,1869,1915,2045,2096,2353,2411,2536,2917,2956,193,417,466,505,732,916,1018,1156,1364,1638,1778,2038,2064,2166,2265,2577,2695,2989,3096,283,340,427,482,1158,1470,1510,1627,1706,1743,1813,1826,1883,2132,2256,2512,2809,2837,2951,0,46,265,340,401,471,524,612,878,1139,1225,1397,1615,1671,2103,2196,2265,2314,2366,2816,3034,0,148,514,766,837,983,1465,1552,1700,1915,1938,2107,2358,2429,2538,2577,46,214,1274,1365,1380,1397,1470,1535,1854,2259,2703,2815,2954,3007,3078,3104,0,99,152,176,361,400,505,689,1097,1167,1240,1314,1390,1520,1610,1846,2103,2324,2453,2560,2617,2887,2989,3045,3104,557,706,975,1042,1131,1158,1189,1262,1478,1660,1813,2148,2237,2332,2666,2981,3052,35,148,283,895,965,1076,1097,1188,1314,1900,2111,2166,2259,2320,2407,2465,2542,2672,2695,2727,2837,152,176,288,528,723,837,1489,1554,1671,1761,1835,1922,2009,2228,2348,2402,2744,126,198,283,361,401,581,741,850,1158,1262,1758,1780,2185,2237,2261,2332,2366,2461,2621,2774,2821,3143,3160,0,382,427,806,916,1014,1119,1274,1811,1995,2070,2167,2752,2931,3022,3114];[7,9,3,7,6,9,8,0,0,8,8,7,9,2,7,8,2,5,8,9,3,1,1,8,1,1,6,6,4,2,5,7,5,2,0,7,0,6,6,2,1,3,1,6,6,9,8,4,7,0,6,9,4,3,1,5,0,1,8,9,9,1,0,2,6,5,7,8,8,1,9,4,0,7,9,9,2,8,4,6,7,8,8,2,9,5,1,3,8,7,0,4,7,7,8,3,1,2,4,5,6,1,4,6,2,5,5,8,1,5,5,8,1,5,1,8,6,5,3,5,9,8,3,7,0,9,5,9,5,4,2,3,7,5,2,6,8,4,9,1,9,2,3,0,2,2,6,2,3,1,0,4,4,6,4,5,0,9,3,2,0,7,3,2,8,4,3,3,4,3,8,6,3,5,4,1,0,8,2,5,5,0,9,8,3,3,4,5,2,0,4,5,5,4,8,6,1,0,4,4,2,0,0,5,4,0,5,8,5,6,8,3,1,8,4,6,0,0,1,7,9,8,0,1,5,6,7,9,1,9,6,2,6,6,9,1,5,2,1,5,5,7,1,4,6,4,2,4,7,8,1,8,6,3,6,8,7,0,8,7,2,3,3,0,9,3,3,4,3,9,4,9,5,6,8,7,7,1,1,9,2,2,8,4,3,7,4,2,4,0,2,2,3,0,2,9,5,4,7,3,5,2,7,0,3,0,1,7,7,0,4,0,9,0,5,7,8,7,7,5,1,9,0,9,2,5,0,4,2,2,1,7,4,8,3,5,6,7,2,2,7,3,7,4,2,5,9,4,5,1,5,6,1,1,3,9,9,3,1,1,8,7,7,3,0,2,6,1,6,9,1,1,6,0,7,2,2,0,7,2,7,5,5,6,8,6,8];[12,11,8,13,14,9,4,7,1,14,11,10,8,12,7,0,2,8,3,2,12,6,5,12,11,3,7,2,14,12,4,12,11,7,0,7,10,8,12,3,2,0,3,12,5,5,0,6,6,13,12,7,3,9,0,12,13,11,10,11,5,8,6,6,13,2,12,10,14,2,13,10,2,10,8,1,14,7,11,6,7,12,14,2,9,0,9,5,11,3,9,4,14,3,11,10,9,11,6,4,9,0,12,7,13,9,8,3,6,8,5,3,7,7,11,4,7,10,9,2,2,8,9,10,11,4,9,8,1,11,3,10,1,0,5,10,11,11,9,10,9,13,9,7,5,7,13,4,7,5,0,0,12,2,2,0,4,4,1,7,8,3,12,3,14,13,11,10,3,9,4,9,1,1,4,8,4,1,6,0,0,14,1,0,6,13,11,0,5,11,12,3,11,3,1,10,14,1,14,9,9,2,14,14,8,11,11,11,0,11,12,3,14,7,7,0,5,3,13,0,7,8,10,7,7,5,11,7,3,4,11,11,13,4,3,2,10,8,10,13,10,4,13,6,1,1,3,5,2,3,14,6,1,2,6,5,10,1,10,2,8,6,1,13,3,12,1,5,1,13,5,6,0,5,3,8,8,12,11,7,14,5,4,2,7,10,10,12,0,9,0,7,13,3,0,1,13,3,14,8,0,8,8,13,4,5,6,9,5,14,3,2,7,8,10,6,6,1,5,4,8,1,9,11,6,4,1,12,13,14,13,13,9,9,1,13,11,4,1,9,1,12,8,13,3,8,12,9,0,7,0,6,13,6,8,9,13,3,7,13,5,7,8,2,11,14,2,2,4,2,3,11,3,10,7,9,9,1,8,0,8,0,8,1,0,8,4];[[0.8559393885152179,8.55939388515218,1.0],[0.8004839408308784,8.004839408308783,1.0],[0.5938433496209707,5.938433496209708,1.0],[0.8870093324131678,8.870093324131679,1.0],[0.741558169706834,7.4155816970683395,1.0],[0.8097670389513107,8.097670389513107,1.0],[0.2247324103169328,2.247324103169328,1.0],[0.9761818800633866,9.761818800633865,1.0],[0.6339038774096737,6.339038774096737,1.0],[0.5580285642552777,5.580285642552777,1.0],[0.4463526500656817,4.463526500656817,1.0],[0.28336462923826333,2.8336462923826335,1.0],[0.9019880415639555,9.019880415639555,1.0],[0.03268507148422006,0.32685071484220063,1.0],[0.4362825217209084,4.3628252172090844,1.0]]
3_DPpaulli_18_workers.fjs;6940.911071932851;244360;[461,748,885,1402,1657,1795,1837,2139,2404,2452,2541,2608,2640,2737,2795,309,488,737,883,942,1089,1164,1363,1541,1594,1657,1720,1795,1922,2207,2293,2430,2754,2915,2983,166,227,278,309,391,425,614,686,883,1095,1123,1146,1180,2111,2281,2366,2541,2630,2691,2854,2973,3169,3209,53,403,463,499,584,614,689,737,801,1018,1095,1227,1272,1482,2458,3018,3055,3166,18,475,576,691,1007,1034,1516,1657,1749,1837,1922,1992,2206,2486,2676,2740,2778,2862,2928,2959,3153,0,183,808,1122,1225,1412,1460,1567,1592,1904,2043,2154,2308,3128,3215,65,131,217,463,535,1007,1146,1844,2125,2182,2355,2405,2546,2596,2910,3121,3165,185,218,291,333,399,458,691,822,901,1136,1227,1281,1320,1390,1410,1438,1990,2142,2596,2630,2718,2795,2835,2915,3095,0,36,115,425,536,735,754,895,990,1062,1096,1195,1286,1335,1407,1457,1516,1567,1601,1696,2504,2967,3153,70,422,612,689,762,824,886,1034,1151,1567,1795,1831,1913,1992,2182,2242,2372,2668,3064,73,309,559,612,691,779,895,1025,1111,1164,1227,1402,1592,1882,2293,2415,2831,2983,3165,65,325,920,941,1005,1316,1363,1482,1730,1811,2011,2027,2113,2326,2473,2504,2555,2810,2862,2922,3034,0,223,304,340,458,534,801,1009,1095,1286,1390,1481,2406,2473,2572,2973,121,183,507,762,813,827,1320,1811,1942,2078,2154,2486,2663,2712,2831,2898,0,115,166,399,461,732,1073,1156,1407,1517,1610,1683,1767,2089,2206,2263,2326,2380,2415,2630,2778,2881,2951,3006,3172,0,209,499,652,754,1085,1195,1257,1316,1363,1850,1922,2596,2822,2951,3034,3105,36,115,180,781,824,984,1223,1934,2011,2043,2113,2319,2366,2505,2611,2654,2778,2858,2938,3128,3206,0,442,475,958,1123,1204,1314,1601,1696,1767,2040,2235,2308,2430,2835,3063,3153,0,65,158,223,304,425,686,941,1007,1024,1460,1547,2167,2293,2319,2387,2691,2778,2854,2928,3006,3047,3063,0,150,171,340,391,652,852,1274,1467,1592,1648,1736,2006,2089,2308,3047];[6,1,4,0,0,0,8,0,5,9,5,7,7,2,5,2,1,3,9,5,5,9,9,2,0,7,6,3,0,1,3,0,8,1,9,9,4,9,6,4,1,3,1,6,2,3,2,7,9,8,9,8,4,6,0,2,0,1,5,9,3,0,3,2,3,7,0,5,8,2,4,2,1,4,9,4,6,2,6,6,9,2,9,9,4,0,1,7,8,2,1,9,7,7,6,3,3,1,8,2,1,5,4,8,8,4,2,5,7,0,4,2,8,5,2,9,9,7,3,2,4,8,3,6,0,8,4,2,1,5,6,1,5,7,5,4,1,5,5,1,6,2,1,1,3,2,6,4,3,5,0,1,5,6,8,2,0,4,6,0,8,8,4,9,0,8,1,3,8,9,6,3,2,1,7,5,5,1,6,5,2,5,9,3,9,4,6,6,6,7,4,4,2,2,8,2,5,9,5,4,5,1,7,7,4,1,4,9,8,4,9,8,6,1,2,9,0,9,0,8,0,4,4,9,5,8,8,6,4,0,0,6,7,2,0,8,7,0,7,3,7,8,7,4,6,8,2,1,4,4,1,0,8,3,4,2,6,8,6,7,5,7,3,6,9,3,2,7,2,9,6,3,0,6,8,6,6,4,8,4,2,0,0,4,2,7,7,9,4,4,6,4,6,0,3,5,5,4,1,0,0,9,0,7,3,0,5,8,7,0,4,4,2,4,5,7,9,8,9,9,1,9,0,6,5,5,3,4,7,9,0,6,2,8,3,7,6,7,1,2,7,2,7,5,3,9,5,7,9,3,0,1,0,2,7,9,0,1,4,1,2,1,1,8,4,6,6,3,6,5,6,5,3,7,7,6,0,1,7,0,5,3,8,3,3,7,3];[2,1,9,13,3,13,6,1,13,5,6,10,3,9,2,2,11,12,14,4,0,12,12,2,5,6,13,10,14,5,7,14,5,13,5,8,11,11,4,3,11,0,1,1,2,11,10,5,12,6,4,5,13,0,4,3,4,11,8,0,8,5,8,14,7,14,0,13,8,4,4,2,14,8,10,8,2,1,4,6,8,8,6,5,3,3,9,2,13,0,7,1,14,13,10,14,0,7,11,6,12,9,5,5,8,4,4,13,10,8,10,2,6,14,2,0,3,9,9,9,7,11,11,0,11,9,9,5,13,1,14,14,0,4,5,14,11,3,6,14,14,7,6,11,8,1,13,11,7,4,3,2,12,7,4,5,0,14,8,3,10,8,10,4,13,2,0,10,9,9,8,7,0,8,1,2,6,13,7,13,2,13,1,6,4,11,0,0,14,5,5,9,3,7,2,1,10,13,0,6,4,2,5,5,4,4,12,3,11,10,5,6,10,11,5,0,11,10,13,12,11,1,13,0,12,9,3,6,3,1,4,4,9,5,3,7,3,1,12,9,3,7,9,6,1,5,0,0,1,3,14,12,11,2,10,6,4,5,6,2,10,2,5,2,8,14,11,0,0,9,9,9,4,5,3,0,10,14,8,11,1,4,11,1,5,6,8,11,0,12,9,0,3,10,3,4,10,3,14,10,3,1,3,11,3,7,4,10,5,3,4,2,13,6,3,14,1,0,13,12,3,2,12,9,14,1,7,1,4,9,12,1,12,13,1,2,8,4,7,1,12,7,8,1,12,3,0,14,6,1,10,12,7,3,0,9,7,10,2,13,3,2,13,2,13,11,14,8,6,0,8,9,7,5,12,6,13,12,8,12,14,10,6,4,1,0,6];[[0.5198238265685563,5.198238265685563,1.0],[0.9583988744400509,9.583988744400509,1.0],[0.3402956357666065,3.402956357666065,1.0],[0.7081849781179302,7.081849781179303,1.0],[0.9252189405445452,9.252189405445453,1.0],[0.05032666735654623,0.5032666735654623,1.0],[0.6613275461751585,6.613275461751585,1.0],[0.82711411373077,8.271141137307701,1.0],[0.8734961127808921,8.734961127808921,1.0],[0.5913019030238962,5.913019030238962,1.0],[0.11264722490163037,1.1264722490163037,1.0],[0.34477784983246407,3.4477784983246407,1.0],[0.011377599382669468,0.11377599382669468,1.0],[0.7909742881977946,7.909742881977946,1.0],[0.3277964015146908,3.277964015146908,1.0]]
3_DPpaulli_18_workers.fjs;6854.322954476169;245820;[0,805,1115,1295,1354,1465,1507,1826,1993,2039,2129,2229,2578,2679,3076,356,450,543,626,670,1071,1131,1184,1221,1310,1610,1674,1742,1826,1869,2151,2377,2410,2606,2830,0,139,210,269,356,666,752,820,882,945,1006,1130,1173,1356,1737,1971,2366,2775,2871,2928,2990,3076,3149,15,36,375,576,778,1111,1221,1265,1547,1634,1724,1823,1881,2313,2414,2871,3080,3157,96,184,310,414,546,694,772,863,926,1525,1782,1826,1946,2220,2313,2695,2721,2794,2908,2942,3105,73,138,427,626,730,883,945,1441,1467,1912,2152,2266,2805,2855,3157,45,245,415,504,618,753,1042,1070,1212,1317,1396,1962,2834,2915,2986,3033,3080,0,107,504,546,618,682,922,947,978,1034,1131,1211,1286,1356,1698,1962,2031,2081,2449,2483,2545,2628,2707,2893,3006,60,138,226,356,438,670,811,976,1071,1091,1465,1629,1806,1971,2049,2093,2161,2607,2673,2778,2830,2942,3049,0,104,184,251,753,934,1034,1164,1265,1570,1592,1885,2078,2457,2670,2753,2855,3072,3149,193,519,820,1295,1381,1799,1869,2011,2308,2377,2449,2551,2754,2775,2872,2895,2986,3052,3146,0,245,339,355,450,518,694,1258,1295,1562,1674,1698,1791,1856,2093,2217,2366,2410,2492,2695,3146,255,339,505,981,1034,1115,1244,1467,1701,1930,2213,2300,2472,2559,2925,2999,15,870,895,991,1025,1042,1470,1525,1630,2018,2095,2355,2635,2729,2805,2878,0,45,142,438,586,692,827,882,1339,1387,1547,1629,1705,1871,2213,2266,2366,2437,2498,2635,2729,2902,2925,2983,2999,226,518,692,778,1189,1221,1324,1396,1634,2039,2254,2483,2635,2674,2794,2872,2986,72,251,660,805,1091,1184,1258,1439,1705,1806,1963,2103,2254,2308,2410,2559,2639,2729,2753,2925,2985,0,18,305,339,475,543,621,731,1221,1558,1702,1881,2220,2318,2355,2656,2990,184,401,682,863,883,1184,1211,1258,1441,1634,1782,1939,1963,2135,2164,2318,2348,2432,2533,2607,2743,2805,3071,320,395,895,1124,1157,1190,1273,1339,1516,1871,2049,2141,2364,2498,2832,3085];[7,1,3,7,7,9,1,2,5,5,5,0,9,0,5,4,4,0,0,8,7,5,1,1,1,0,0,1,7,9,2,2,8,1,1,4,0,1,9,5,1,5,6,2,6,9,9,4,2,9,6,5,0,1,1,5,2,1,9,6,8,1,3,0,3,5,4,7,6,1,3,4,1,6,9,4,4,3,3,5,1,7,9,0,4,0,2,0,8,2,9,8,7,7,6,9,6,1,7,2,4,1,9,2,2,3,5,0,0,3,5,7,3,8,1,5,9,9,9,2,5,8,3,7,7,8,4,9,7,3,6,1,3,5,2,1,1,1,5,6,9,2,5,6,0,6,6,0,6,4,2,1,0,2,4,1,9,9,6,0,3,7,4,9,8,2,6,9,7,3,8,6,2,1,8,3,4,5,3,9,1,7,0,8,9,3,6,6,2,0,9,4,2,2,1,2,5,6,5,0,8,9,7,8,6,6,5,1,0,4,9,4,8,8,5,2,3,0,0,7,7,4,7,1,8,5,8,5,6,7,6,8,9,1,0,8,0,2,9,5,3,8,4,2,3,0,1,1,4,5,7,7,1,5,7,9,9,0,0,7,6,1,1,2,8,3,6,7,1,5,3,9,2,6,7,6,6,0,2,9,2,5,5,5,1,4,7,4,9,2,5,7,3,2,2,9,6,3,7,3,4,4,0,4,0,7,6,9,3,6,0,7,4,4,4,5,8,7,9,8,1,2,6,5,3,8,3,4,7,2,0,0,8,8,1,6,9,7,8,2,3,7,8,8,2,7,5,1,4,3,5,9,1,2,8,9,9,3,4,1,2,7,3,8,0,2,6,3,5,8,0,8,6,5,7,3,0,6,9,3,1,9,1,4,8,0,3];[9,1,12,14,3,0,5,6,3,9,0,1,8,14,5,5,12,3,7,8,11,2,10,11,11,0,6,13,8,4,9,8,5,13,6,12,9,4,5,3,5,8,3,5,5,7,11,3,10,11,4,1,0,11,14,14,12,11,10,10,7,6,11,13,5,5,1,2,12,14,12,10,9,6,3,8,11,13,14,7,9,13,10,7,3,3,8,2,9,5,9,5,14,12,6,3,12,13,0,14,3,4,12,10,11,9,0,2,14,2,10,3,8,13,11,7,0,14,11,3,4,0,7,11,12,1,4,8,11,0,14,2,14,10,7,12,14,1,2,5,9,7,6,10,7,0,12,3,6,5,4,13,10,11,5,12,5,4,9,11,13,0,13,0,10,4,4,2,13,8,5,11,6,5,4,6,0,13,5,11,0,2,13,10,7,10,9,2,0,2,10,10,14,2,10,10,9,13,6,2,1,0,7,1,6,3,6,3,7,10,9,7,11,7,6,2,14,3,12,5,0,14,2,8,6,3,9,10,1,6,9,0,7,2,0,2,9,10,3,11,6,9,3,1,8,11,0,0,1,9,9,0,14,1,1,3,4,12,3,9,9,10,14,3,2,6,7,0,10,0,6,8,4,11,2,13,4,8,7,7,2,14,14,12,12,12,5,1,11,9,0,13,9,11,5,2,3,0,12,9,5,3,3,9,8,12,13,9,3,7,9,10,13,4,4,14,6,14,13,12,8,1,4,5,0,12,11,12,9,5,10,6,1,3,13,12,12,4,12,0,0,4,8,3,3,7,9,12,10,1,3,2,14,2,2,9,10,1,2,1,14,10,7,2,6,14,6,1,1,6,6,11,3,2,6,6,13,4,1,14,11,5,14,10,9,8,9];[[0.18019241848515155,1.8019241848515155,1.0],[0.48736227300275514,4.873622730027551,1.0],[0.07759170039841756,0.7759170039841756,1.0],[0.5225667244081349,5.2256672440813485,1.0],[0.9196433340252647,9.196433340252646,1.0],[0.8762509611803474,8.762509611803473,1.0],[0.5029695910906639,5.029695910906638,1.0],[0.8160267976375112,8.160267976375112,1.0],[0.8059112000327816,8.059112000327817,1.0],[0.2140591090540045,2.140591090540045,1.0],[0.08805821114486456,0.8805821114486456,1.0],[0.20329737064426556,2.0329737064426556,1.0],[0.5837360924329463,5.837360924329463,1.0],[0.6737333796339059,6.737333796339059,1.0],[0.1608013027204077,1.6080130272040771,1.0]]
3_DPpaulli_1_workers.fjs;6246.81112940712;1939480;[275,521,759,859,944,1050,1220,1277,1306,1382,1766,1833,1963,1989,2103,0,139,354,422,463,727,796,920,1038,1218,1397,1483,1588,1663,1900,2059,2225,2382,2613,2676,0,188,275,359,395,829,944,966,1052,1118,1158,1237,1286,1426,1526,1556,1696,1999,2193,2391,2503,2609,2810,71,154,224,313,463,601,663,753,1097,1526,1760,1777,1833,1876,2087,2301,2499,2613,0,284,663,874,1118,1179,1237,1388,1663,1863,1973,2060,2122,2213,2258,2284,2340,2442,2549,2662,2845,547,680,845,923,1020,1179,1237,1264,1388,1556,2417,2478,2521,2777,2863,223,796,923,1097,1129,1325,1426,1766,1966,2337,2442,2629,2686,2777,2845,2926,2935,263,358,412,430,547,638,686,989,1052,1129,1286,1510,1638,1696,1909,1974,2043,2059,2116,2250,2442,2514,2549,2613,2657,77,323,542,601,859,933,1158,1502,1583,1630,1701,1760,1864,1909,2225,2284,2478,2537,2641,2657,2688,2781,2876,0,93,134,188,375,488,633,759,899,1306,1480,1663,1833,1876,1964,2156,2267,2781,2890];[0,2,4,3,2,4,0,1,2,4,4,2,3,2,0,0,1,0,0,1,2,4,3,4,2,3,3,1,4,4,0,3,0,4,1,2,0,3,4,4,4,1,1,2,3,2,4,0,0,0,4,1,4,0,1,3,3,0,2,2,1,0,0,2,2,1,0,2,3,2,1,0,3,1,4,1,1,1,3,3,2,1,3,1,2,2,1,1,1,4,1,3,3,1,1,4,3,3,1,1,4,4,4,1,2,2,0,0,2,3,0,4,2,2,1,1,0,3,1,0,4,0,3,0,0,3,1,0,1,2,1,3,3,1,4,4,4,1,1,4,1,0,0,1,3,0,3,3,0,4,1,4,2,3,3,2,4,4,0,0,3,3,2,3,4,1,1,2,2,1,0,0,3,2,2,4,0,3,1,0,4,2,4,1,0,2,1,2,1,0,3,0,3,4,2,3];[1,4,5,3,0,5,2,2,0,0,5,6,4,5,5,0,5,0,3,6,6,4,5,4,5,1,1,1,6,0,0,6,1,1,1,1,4,3,2,2,5,1,1,2,4,1,6,5,3,5,4,0,2,3,5,4,5,1,6,2,2,2,4,5,6,0,1,3,0,3,2,5,2,5,1,0,3,4,5,4,6,6,1,3,1,0,1,4,6,4,1,4,2,0,4,4,2,6,0,1,4,4,2,3,4,6,6,5,6,3,1,6,0,6,0,0,0,2,5,1,3,6,3,2,0,5,4,3,0,6,6,6,0,0,4,3,4,1,2,4,1,4,5,1,4,6,6,3,3,2,6,0,6,5,5,5,5,3,0,6,3,2,0,3,4,4,3,2,0,2,5,2,3,6,6,3,1,4,4,1,6,5,5,1,3,6,6,4,5,4,6,6,0,0,0,5];[[0.7773566427005639,7.7735664270056395,1.0],[0.6698255595592497,6.698255595592498,1.0],[0.09913960392481702,0.9913960392481702,1.0],[0.35297051119014544,3.529705111901454,1.0],[0.4679077429008419,4.679077429008419,1.0],[0.5346837414708775,5.346837414708775,1.0],[0.9783090609123973,9.783090609123974,1.0]]
3_DPpaulli_1_workers.fjs;6685.368336182508;3723160;[452,500,1119,1426,1758,1854,1971,2263,2431,2700,2721,2784,2955,2984,3074,60,404,495,810,976,1149,1218,1251,1384,1452,1578,2129,2188,2354,2393,2519,2623,2750,2939,3079,268,341,419,577,654,922,1105,1127,1218,1478,1518,1578,1674,1707,2188,2219,2295,2467,2791,2913,2956,2974,3008,500,580,728,853,976,1065,1348,1559,1645,2011,2076,2092,2151,2645,2750,2830,2966,3019,0,92,166,258,341,670,728,885,922,1288,1672,1758,1927,2024,2076,2102,2188,2359,2431,2784,2913,322,568,787,987,1366,1396,1645,1672,1692,1807,1894,2402,2545,2850,2889,70,167,787,855,1114,1348,1441,1548,1955,2219,2293,2355,2420,2682,2750,2935,2984,0,166,250,268,322,404,494,641,810,1058,1287,1366,1441,1478,1816,1880,1955,1971,1999,2038,2123,2507,2627,2700,3008,0,110,512,617,654,696,815,857,1014,1065,1251,1291,1880,1927,2065,2111,2129,2263,2355,2371,2446,2545,2885,0,217,258,452,696,868,922,1028,1119,1213,1412,1525,1596,2371,2566,2779,3006,3085,3106];[0,2,4,3,4,4,0,1,2,4,4,2,4,2,0,0,1,0,0,1,2,4,3,4,2,3,1,1,4,4,0,3,0,1,1,2,0,2,4,4,4,1,1,2,3,2,4,0,0,0,4,1,4,0,1,3,3,0,3,2,1,0,0,2,2,1,0,2,3,2,1,0,3,1,4,1,1,1,3,1,2,1,2,1,2,2,1,1,1,4,1,3,3,1,1,4,3,3,1,4,4,4,4,1,2,2,0,0,2,3,0,4,2,2,1,1,0,3,1,0,4,0,3,0,0,3,1,0,1,2,1,3,3,1,4,1,1,1,1,4,1,0,0,1,3,0,3,3,0,4,1,4,2,3,4,2,4,4,0,0,3,3,2,3,4,1,1,2,4,1,0,0,3,2,3,4,0,3,1,0,4,2,4,1,0,2,1,2,1,0,3,0,3,4,2,3];[4,1,4,0,2,5,2,0,0,0,3,6,3,2,6,6,3,0,2,4,6,4,6,3,2,1,6,1,3,2,2,6,5,2,1,6,0,5,6,1,5,1,1,0,4,1,0,5,3,3,4,0,3,5,5,4,3,6,5,4,0,6,2,4,6,5,4,1,4,3,6,4,2,6,5,1,5,5,5,1,1,6,4,1,1,3,2,5,0,3,1,4,5,0,5,3,6,2,0,0,6,0,0,3,6,6,3,5,1,1,2,0,0,2,2,1,0,4,6,3,5,0,3,6,1,5,4,3,0,6,0,6,0,5,4,2,6,5,0,4,2,4,5,1,4,6,6,5,5,2,0,2,2,5,0,6,3,3,0,2,4,4,3,3,1,0,2,4,6,0,5,2,5,1,6,3,1,1,4,5,6,0,5,2,5,5,5,3,2,4,4,5,0,4,5,5];[[0.7966509679599704,7.966509679599704,1.0],[0.05862623274803458,0.5862623274803458,1.0],[0.7602397739740907,7.602397739740907,1.0],[0.8627037401845356,8.627037401845355,1.0],[0.09127403464611428,0.9127403464611428,1.0],[0.9024924365975527,9.024924365975528,1.0],[0.7858960565941281,7.858960565941281,1.0]]
3_DPpaulli_1_workers.fjs;6583.347713530289;1379330;[0,473,539,581,611,1064,1353,1622,1701,1777,1977,2174,2720,2730,2820,273,314,812,880,1043,1126,1216,1249,1633,1876,1907,2234,2253,2328,2440,2660,2841,2920,2956,3001,0,71,192,314,355,445,599,625,756,827,997,1263,1320,1416,1509,1579,1887,2040,2440,2494,2730,2893,2956,140,313,396,706,754,1195,1352,1985,2082,2108,2184,2234,2520,2706,2809,2841,2989,3072,0,186,326,424,539,599,657,811,853,1317,1359,1564,1651,1887,2102,2130,2475,2577,2729,2825,2956,218,526,715,946,1317,1416,1490,1570,1777,1876,1958,2204,2275,2407,3029,273,382,473,496,526,945,1126,1210,1284,1737,1846,2259,2316,2407,2649,2809,2921,71,131,496,657,719,811,853,919,946,991,1181,1284,1542,1667,1742,1806,2058,2202,2363,2494,2663,2791,2920,2997,3083,78,140,192,260,396,438,539,711,946,1016,1087,1210,1445,1490,1932,2082,2108,2167,2259,2290,2321,2581,3072,0,252,314,657,1064,1124,1517,1579,1667,1806,1898,1951,2019,2058,2581,2660,2720,2809,3029];[0,2,4,3,0,4,0,1,2,4,4,2,3,2,0,0,1,0,0,1,2,4,3,4,2,3,3,1,4,4,0,3,0,1,1,2,0,2,4,4,4,1,1,2,3,2,0,0,0,0,4,1,4,0,1,3,3,0,3,2,1,0,0,2,2,1,0,2,3,2,1,0,3,1,4,1,1,1,3,3,2,4,2,1,2,2,1,1,1,4,1,3,3,1,1,4,3,3,1,4,4,4,4,1,2,2,0,0,2,3,0,4,2,2,1,1,0,3,1,0,4,0,3,0,0,3,1,0,1,2,1,3,3,1,4,1,4,1,1,4,1,0,0,1,3,0,3,3,0,4,1,4,2,3,3,2,4,4,0,0,3,3,2,3,4,1,1,2,4,1,0,0,3,2,2,4,0,3,1,0,4,2,4,1,0,2,1,2,1,0,3,0,3,4,2,3];[4,4,5,4,6,5,0,2,0,0,3,6,3,5,4,5,0,0,5,0,4,4,6,5,5,1,1,1,5,4,5,5,6,2,1,1,0,5,5,5,5,2,4,1,4,5,0,5,5,6,4,0,6,0,5,0,5,6,3,2,1,3,4,2,6,4,5,4,1,3,5,6,5,0,5,4,3,0,6,4,2,0,1,6,1,3,2,5,6,4,1,1,2,0,4,1,0,3,0,0,0,4,0,3,1,2,6,5,6,4,4,3,0,2,2,1,1,1,6,1,3,3,3,2,0,5,4,2,0,6,4,2,0,6,2,3,3,2,6,5,2,4,5,1,6,1,3,5,3,2,1,4,0,5,5,5,2,2,0,6,4,5,3,1,5,3,4,2,3,4,5,2,5,6,6,3,1,5,4,1,2,6,2,1,0,1,4,5,2,1,0,5,1,1,6,5];[[0.5209484070219088,5.209484070219088,1.0],[0.42125020101147315,4.212502010114731,1.0],[0.22094517308324657,2.2094517308324657,1.0],[0.13033708391670573,1.3033708391670573,1.0],[0.48395776843282956,4.839577684328296,1.0],[0.6260889663051598,6.260889663051597,1.0],[0.6211218319323739,6.21121831932374,1.0]]
3_DPpaulli_1_workers.fjs;6600.133280961063;902310;[0,376,438,459,479,726,749,1007,1441,1574,1595,1864,2015,2170,2960,237,321,411,615,796,1255,1326,1451,1672,1758,2111,2319,2427,2502,2537,2608,2684,2866,2960,3005,0,75,237,459,554,654,744,881,967,1033,1158,1218,1266,1342,1489,1520,1672,1753,1908,2537,2937,2955,3059,224,307,411,574,662,720,1377,1528,1753,1782,1848,1894,2057,2094,2197,2229,2319,2727,0,115,321,473,590,829,881,969,1066,1218,1255,1614,1875,1971,2031,2057,2479,2581,2653,2727,2828,140,275,512,960,1073,1395,1426,1528,1661,1782,1962,2028,2347,2479,2602,75,467,590,766,1032,1217,1342,1520,1809,1864,1911,2028,2188,2279,2347,2656,2760,169,224,419,479,611,787,881,1091,1150,1195,1359,1453,1574,1683,1811,1875,1971,1986,2229,2517,2670,2727,2910,2974,2994,0,115,169,749,812,854,1091,1133,1326,1377,1453,1736,1986,2044,2128,2170,2322,2387,2668,2684,2715,2828,2910,62,275,316,376,438,500,697,933,1033,1066,1956,2188,2279,2581,2787,2869,2974,3046,3071];[0,2,4,3,0,4,0,1,2,4,4,2,4,2,0,0,1,0,0,1,2,4,3,4,2,3,1,1,4,4,0,3,0,1,1,2,0,3,4,4,4,1,1,2,3,2,0,0,0,0,4,1,4,0,1,3,3,0,2,2,1,0,0,2,2,1,0,2,3,2,1,0,3,1,4,0,1,1,3,1,2,4,3,1,2,2,1,1,1,4,1,3,3,1,1,4,3,3,4,1,4,4,4,1,2,2,0,0,2,3,0,4,2,2,1,1,0,3,1,0,4,0,3,0,0,3,1,0,1,2,1,3,3,1,4,4,4,1,1,4,1,0,0,1,3,1,3,3,0,4,1,4,2,3,3,2,4,4,0,0,3,3,2,3,4,1,1,2,2,1,0,0,3,2,2,4,0,3,1,0,4,2,4,1,0,2,1,2,1,0,3,0,3,4,2,3];[4,1,2,3,6,5,0,1,1,0,1,6,1,3,2,5,3,0,5,4,2,4,0,5,2,1,1,1,5,4,3,6,1,1,1,2,4,3,5,4,6,1,2,2,4,1,4,5,1,3,4,0,5,0,5,4,4,6,6,2,4,2,4,4,6,5,4,2,4,6,5,5,5,1,6,2,1,0,6,1,1,2,1,3,1,0,1,5,5,1,1,1,2,0,4,4,0,5,0,1,6,4,0,3,2,1,6,6,0,1,3,2,0,2,0,6,6,3,5,3,4,0,3,6,0,5,4,3,0,4,0,6,0,0,2,0,3,5,5,4,2,4,5,1,4,5,2,3,6,2,0,0,5,5,5,2,1,2,0,6,4,6,3,2,3,0,3,4,0,0,0,2,3,1,1,3,1,5,4,1,2,1,5,1,5,0,0,4,2,4,1,6,2,6,3,5];[[0.49734142093980327,4.973414209398033,1.0],[0.35999045686025677,3.5999045686025677,1.0],[0.7220617567237175,7.220617567237175,1.0],[0.44672126724761885,4.4672126724761885,1.0],[0.4533596515962979,4.533596515962978,1.0],[0.025925678678183073,0.25925678678183073,1.0],[0.33490089376309407,3.3490089376309404,1.0]]
3_DPpaulli_1_workers.fjs;6244.349152325946;1678860;[37,821,883,1509,1537,1792,1874,1931,2087,2178,2199,2316,2707,2718,2810,0,253,346,505,595,681,817,914,1144,1447,1684,1770,1853,2265,2300,2528,2579,2675,2710,2836,40,109,260,505,540,752,823,984,1070,1137,1177,1237,1287,1320,1422,1542,1722,1815,1992,2254,2430,2448,2718,341,752,880,939,1216,1268,2008,2087,2196,2224,2287,2347,2403,2537,2678,2756,2847,2907,0,95,221,335,424,453,505,679,883,984,1070,1156,1268,1372,1447,1524,1578,2304,2647,2742,2885,817,1000,1063,1156,1287,1342,1488,1518,1639,1792,1931,1992,2119,2355,2425,0,109,200,221,253,346,427,548,848,1019,1372,1488,1545,2051,2448,2528,2612,200,374,427,446,511,639,757,850,939,1216,1305,1372,1452,1636,1789,1907,1963,1979,2007,2051,2368,2579,2678,2779,2928,109,602,681,962,1070,1137,1216,1258,1361,1433,1509,1599,1677,1823,1907,2067,2136,2224,2316,2403,2434,2524,2625,595,716,757,904,1331,1433,1545,1706,1792,1979,2178,2221,2316,2355,2430,2509,2606,2678,2756];[0,2,4,3,2,4,0,1,2,4,4,2,3,2,0,0,1,0,0,1,2,4,3,4,2,3,3,1,4,4,1,3,0,1,1,2,0,2,4,4,4,1,1,2,3,2,4,0,0,0,4,1,4,0,1,3,3,0,2,2,1,0,0,2,2,1,0,2,3,2,1,0,3,1,4,1,1,1,3,1,2,4,2,1,2,2,1,1,1,4,1,3,3,1,1,4,3,3,4,4,4,4,4,1,2,2,0,0,2,3,0,4,2,2,1,1,0,3,1,0,1,0,3,0,0,3,1,0,1,2,1,3,3,1,4,1,4,1,1,4,1,0,0,1,3,1,3,3,0,4,1,4,2,3,3,2,4,4,0,0,3,3,2,3,4,1,1,2,4,1,0,0,3,2,2,4,0,3,1,0,4,2,4,1,0,2,1,2,1,0,3,0,3,4,2,3];[4,1,2,1,3,5,2,0,4,0,1,2,6,1,5,4,0,0,2,6,2,4,6,3,2,1,1,1,4,5,2,4,1,5,1,5,4,5,1,3,5,0,1,6,4,1,0,5,6,5,4,0,0,5,5,4,6,6,6,2,0,3,2,2,6,3,2,0,0,3,6,5,2,0,6,4,1,0,4,1,3,2,5,1,1,5,2,5,3,1,1,1,6,0,4,3,6,5,4,0,0,0,1,6,3,3,6,5,0,5,1,2,0,2,4,0,2,3,6,1,3,5,3,2,0,5,4,4,0,6,2,0,0,4,2,0,6,5,6,0,2,6,5,1,4,3,6,3,2,2,0,0,2,5,5,1,0,2,1,6,4,4,0,0,4,2,4,4,3,4,1,2,3,1,0,3,1,4,4,6,2,5,3,2,5,2,1,4,5,1,4,5,1,2,3,5];[[0.4211249061401,4.211249061401,1.0],[0.9761073344853062,9.761073344853061,1.0],[0.6132800246752349,6.132800246752349,1.0],[0.6930423279788359,6.930423279788359,1.0],[0.5088628354481554,5.088628354481553,1.0],[0.18781156668551158,1.8781156668551158,1.0],[0.830121874145001,8.301218741450011,1.0]]
3_DPpaulli_1_workers.fjs;6462.785216752894;2254050;[0,171,486,508,864,1071,1153,1616,1677,1758,1779,1987,2206,2443,2759,233,272,362,430,506,704,785,908,1059,1219,1237,1465,1790,1865,1900,2018,2086,2166,2292,2339,95,171,359,604,692,818,898,1021,1272,1425,1510,1580,1742,1775,1960,1991,2161,2225,2404,2724,2757,2775,2968,176,272,362,471,519,588,1128,1509,1716,1758,2039,2166,2251,2636,2724,2757,2840,2908,126,588,654,742,832,929,1008,1115,1338,1622,1704,1929,2065,2161,2225,2339,2395,2517,2879,2951,3043,85,272,725,1059,1214,1555,1677,1824,1842,2039,2201,2501,2625,2724,2759,55,485,704,802,929,1335,1425,1991,2045,2121,2179,2262,2458,2557,2625,2849,2935,0,218,271,305,421,644,832,898,929,974,1021,1153,1299,1335,1865,1929,1987,2056,2139,2319,2404,2461,2494,2563,2877,42,431,508,567,604,650,785,826,1008,1107,1177,1228,1380,1430,1510,1599,1616,1868,1965,2018,2339,2563,2858,0,85,249,341,401,431,654,729,1237,1299,1577,1645,1677,2262,2557,2808,2879,2951,2976];[0,2,4,3,2,4,0,1,2,4,4,2,4,2,0,2,1,0,0,1,2,4,3,4,2,3,3,1,4,4,1,3,0,4,1,2,0,3,4,4,4,1,1,2,3,2,4,0,0,0,4,1,4,0,1,3,3,0,3,2,1,0,0,2,2,1,0,2,3,2,1,0,3,1,4,0,1,1,3,3,2,4,3,1,2,2,1,1,1,4,1,3,3,1,1,4,3,3,4,1,2,4,4,1,2,2,0,0,2,3,0,4,2,2,1,1,0,3,1,0,4,0,3,0,0,3,1,0,1,2,1,3,3,1,4,1,4,1,1,4,1,0,0,1,3,1,3,3,0,4,1,4,2,3,4,2,4,4,0,0,3,3,2,3,4,1,1,2,4,1,0,0,3,2,2,4,0,3,1,0,4,2,4,1,0,2,1,2,1,0,3,0,3,4,2,3];[5,1,0,0,1,5,3,2,6,0,3,5,2,5,5,5,3,0,3,4,3,4,3,3,3,1,1,1,4,0,5,0,1,4,1,3,0,5,6,2,5,2,4,2,4,5,0,5,5,3,4,0,0,0,5,4,0,6,3,2,1,3,1,2,6,1,5,4,3,6,4,5,3,3,4,2,5,0,4,1,6,2,6,3,1,3,2,5,5,4,1,4,6,0,4,1,1,2,5,0,2,0,2,3,4,6,6,5,0,2,2,2,0,6,0,6,4,6,5,3,4,6,3,2,1,5,4,5,0,4,2,6,0,1,5,3,4,5,0,1,2,6,5,1,4,2,2,3,2,2,0,4,2,5,5,2,5,3,1,6,1,0,3,1,5,6,4,2,3,2,5,2,4,0,5,3,1,3,4,0,6,4,0,3,5,4,4,6,6,1,5,6,0,6,3,5];[[0.4831103964860096,4.831103964860096,1.0],[0.9021829992468611,9.02182999246861,1.0],[0.5374571935128641,5.374571935128642,1.0],[0.8761340971511191,8.761340971511192,1.0],[0.573156942708234,5.7315694270823405,1.0],[0.994523847851402,9.945238478514021,1.0],[0.3574465703190305,3.574465703190305,1.0]]
3_DPpaulli_1_workers.fjs;6486.558670758354;530580;[95,372,617,639,1361,1458,1543,1801,2037,2114,2265,2331,2362,2813,2886,133,354,519,587,630,712,791,1087,1187,1275,1297,1383,1543,1618,1658,2118,2201,2784,2854,2901,58,253,379,491,527,649,714,739,835,965,1182,1242,1320,1832,1924,1955,2023,2135,2206,2427,2546,2682,2820,182,438,526,630,1005,1081,1297,1452,1609,1635,1960,1978,2087,2118,2254,2453,2741,2827,0,95,281,487,617,714,766,917,954,1046,1093,1179,1361,1481,1618,1903,1978,2355,2536,2649,2775,0,281,354,824,896,1087,1245,1458,1519,1635,1720,1781,2468,2742,2984,241,281,436,457,678,895,962,1272,1320,1781,1840,2263,2399,2597,2682,2775,2792,0,161,262,462,835,917,1354,1644,1709,1754,1801,1903,2009,2046,2201,2286,2322,2337,2369,2504,2592,2649,2781,2899,2956,97,182,241,309,394,440,854,1005,1135,1402,1723,1832,1978,2114,2286,2337,2592,2650,2742,2758,2813,2902,2984,97,212,340,433,791,965,1046,1135,1242,1275,1476,1675,1955,2114,2320,2408,2468,2874,2902];[0,2,4,3,2,4,0,1,2,4,4,2,4,2,0,0,1,0,0,1,2,4,3,4,2,3,3,1,4,4,1,3,0,4,1,2,0,3,4,4,4,1,1,2,3,2,4,0,0,0,4,1,4,0,1,3,3,0,3,2,1,0,0,2,2,1,0,2,3,2,1,0,3,1,4,1,1,1,3,1,2,4,3,1,2,2,1,1,1,4,1,3,3,1,1,4,3,3,1,4,4,4,4,1,2,2,0,0,2,3,0,4,2,2,1,1,0,3,1,0,4,0,3,0,0,3,1,0,1,2,1,3,3,1,4,4,1,1,1,4,1,0,0,1,3,1,3,3,0,4,1,4,2,3,4,2,4,4,0,0,3,3,2,3,4,1,1,2,2,1,0,0,3,2,3,4,0,3,1,0,4,2,4,1,0,2,1,2,1,0,3,0,3,4,2,3];[1,4,0,3,0,5,3,1,1,0,1,2,4,1,6,6,0,0,4,4,3,4,3,5,5,1,1,1,2,4,6,0,6,5,1,4,4,5,2,5,5,0,0,2,4,1,1,5,1,3,4,0,2,3,5,4,0,6,5,4,3,6,4,4,6,3,5,0,1,2,2,5,5,3,5,0,1,0,6,1,5,2,1,1,1,3,2,2,6,1,1,6,6,0,5,1,1,5,0,3,6,4,0,3,4,0,5,5,6,1,1,0,0,2,0,1,1,3,6,3,0,2,3,2,2,5,4,4,0,0,0,2,0,5,4,2,3,2,0,3,2,4,5,1,4,0,3,5,0,2,0,2,0,5,5,3,1,3,1,6,1,0,0,1,6,6,3,4,5,0,3,2,3,0,3,3,1,3,4,1,2,5,5,1,4,0,4,2,2,5,1,6,1,6,2,5];[[0.34661995661142697,3.4661995661142697,1.0],[0.2286410960833074,2.286410960833074,1.0],[0.012392470279078194,0.12392470279078194,1.0],[0.9308270259025113,9.308270259025113,1.0],[0.3225145761620236,3.225145761620236,1.0],[0.0006954578022455582,0.006954578022455582,1.0],[0.2097170717940725,2.097170717940725,1.0]]
3_DPpaulli_1_workers.fjs;6612.539613756144;211400;[45,240,349,370,549,720,963,1041,1125,1201,1416,1696,1782,2816,2928,0,119,364,570,704,1016,1284,1317,1534,1643,1661,1747,2147,2222,2344,2409,2473,2826,2862,2907,306,433,666,851,892,1016,1230,1288,1393,1459,1792,1852,1901,1934,2026,2071,2222,2288,2373,2500,2549,2741,2862,157,570,645,704,745,797,952,1117,1203,1232,1499,1726,1991,2056,2274,2526,2713,3018,257,433,851,949,1201,1232,1289,1375,1459,1661,1696,1782,1843,2026,2090,2217,2367,2613,2685,2753,2969,119,223,370,779,995,1088,1203,1375,1551,1679,2572,2633,2647,2793,2845,117,419,565,586,617,702,834,1764,2144,2527,2572,2633,2690,2839,2978,3078,3087,0,204,257,293,349,447,499,616,918,1070,1125,1545,1643,1812,2026,2090,2130,2147,2177,2288,2409,2466,2527,2796,2816,0,63,117,185,239,285,377,419,522,586,743,1416,1487,1852,1932,1971,2144,2427,2533,2549,2685,2913,3087,0,78,185,489,639,666,787,834,922,963,1085,1252,1288,1516,2209,2307,2633,2775,2915];[0,2,4,3,4,4,0,1,2,4,4,2,4,2,0,0,1,0,0,1,2,4,3,4,2,3,3,1,4,4,1,3,0,1,1,2,0,2,4,4,4,1,1,2,3,2,4,0,0,0,4,1,4,0,1,3,3,0,2,2,1,0,0,2,2,1,0,2,3,2,1,0,3,1,4,0,1,1,3,3,2,4,2,1,2,2,1,1,1,4,1,3,3,1,1,4,3,3,4,4,4,4,4,1,2,2,0,0,2,3,0,4,2,2,1,1,0,3,1,0,4,0,3,0,0,3,1,0,1,2,1,3,3,1,4,1,1,1,1,4,1,0,0,1,3,1,3,3,0,4,1,4,2,3,4,2,4,4,0,0,2,3,2,3,4,1,1,2,2,1,0,0,3,2,2,4,0,3,1,0,4,2,4,1,0,2,1,2,1,0,3,0,3,4,2,3];[1,4,5,3,1,5,2,2,0,0,5,4,2,3,6,6,5,0,5,0,4,4,6,2,3,1,1,1,2,4,5,4,6,1,1,1,4,4,4,1,6,1,1,2,4,1,6,5,1,5,4,0,5,0,5,4,4,6,6,2,1,2,2,4,6,5,5,3,0,4,4,5,4,2,5,2,5,0,6,4,2,2,2,5,1,3,2,6,3,4,1,6,6,0,4,1,0,4,0,5,6,0,2,3,4,6,5,5,6,1,4,2,0,3,0,6,6,6,5,3,5,6,3,2,6,4,4,3,0,4,2,6,0,4,2,0,4,2,0,3,2,6,5,1,6,6,2,3,2,2,2,0,2,5,3,2,1,3,1,6,6,1,5,0,1,6,2,2,4,3,0,0,5,1,0,3,1,5,4,1,6,2,5,1,0,5,5,3,0,0,4,5,1,5,0,5];[[0.8559393885152179,8.55939388515218,1.0],[0.8004839408308784,8.004839408308783,1.0],[0.5938433496209707,5.938433496209708,1.0],[0.8870093324131678,8.870093324131679,1.0],[0.741558169706834,7.4155816970683395,1.0],[0.8097670389513107,8.097670389513107,1.0],[0.2247324103169328,2.247324103169328,1.0]]
3_DPpaulli_1_workers.fjs;6236.219700281505;4841320;[110,255,317,353,377,497,783,879,925,1082,1839,2004,2545,2556,2667,69,159,313,437,483,584,1167,1240,1337,1373,1407,1684,1872,1996,2068,2152,2486,2574,2610,2816,508,607,685,810,905,1005,1179,1287,1402,1579,1624,1684,1738,1771,1909,1942,2004,2237,2610,2741,2770,2829,2876,96,186,394,566,731,1011,1095,1201,1447,1754,1839,1900,1973,2010,2098,2297,2733,2816,0,93,251,354,479,520,578,677,766,1159,1433,1600,1658,1749,1947,1973,2345,2447,2519,2641,2788,0,110,179,858,1149,1241,1406,1469,1493,1590,1677,1738,1856,2329,2770,0,95,292,453,483,684,751,841,958,1065,1179,1337,1475,1771,2661,2757,2906,40,241,335,437,579,685,733,850,990,1035,1590,1794,1873,1940,2068,2245,2281,2297,2447,2486,2574,2767,2842,2906,2926,0,317,579,647,685,889,968,1065,1194,1337,1407,1525,1749,1820,1900,2132,2177,2237,2329,2345,2376,2469,2766,174,313,381,437,651,850,908,968,1065,1095,1241,1373,1406,1493,2098,2177,2300,2617,2641];[0,2,4,3,2,4,0,1,2,4,4,2,3,2,0,0,1,0,0,1,2,4,3,4,2,3,3,1,4,4,1,3,0,1,1,2,0,2,4,4,4,1,1,2,3,2,4,0,0,0,4,1,4,0,1,3,3,0,3,2,1,0,0,2,2,1,0,2,3,2,1,0,3,1,4,0,1,1,3,1,2,4,3,1,2,2,1,1,1,4,1,3,3,1,1,4,3,3,4,4,2,4,4,1,2,2,0,0,2,3,0,4,2,2,1,1,0,3,1,0,1,0,3,0,0,3,1,0,1,2,1,3,3,1,4,4,1,1,1,4,1,0,0,1,3,1,3,3,0,4,1,4,2,3,4,2,4,4,0,0,3,3,2,3,4,1,1,2,4,1,0,0,3,2,2,4,0,3,1,0,4,2,4,1,0,2,1,2,1,0,3,0,3,4,2,3];[1,1,2,3,3,5,2,2,5,0,5,2,2,1,6,5,0,0,2,1,5,4,6,4,2,1,1,1,3,0,3,2,6,6,1,3,0,5,6,4,6,1,2,6,4,1,0,5,6,3,4,0,1,3,5,0,4,6,3,2,1,2,2,4,6,5,2,2,3,2,2,5,2,5,0,2,3,0,5,4,3,0,6,6,1,5,5,5,6,3,1,6,2,0,5,1,0,6,5,1,1,4,0,3,3,1,3,5,0,4,3,5,0,2,0,1,4,3,3,3,0,1,3,6,6,5,4,3,0,4,0,5,0,4,0,4,6,2,0,1,1,6,5,1,4,3,6,5,4,2,6,0,2,5,5,1,1,3,1,6,3,4,0,1,2,0,4,2,0,3,1,2,4,1,1,3,1,4,4,0,6,2,0,3,1,5,3,3,5,0,3,6,5,0,1,5];[[0.5198238265685563,5.198238265685563,1.0],[0.9583988744400509,9.583988744400509,1.0],[0.3402956357666065,3.402956357666065,1.0],[0.7081849781179302,7.081849781179303,1.0],[0.9252189405445452,9.252189405445453,1.0],[0.05032666735654623,0.5032666735654623,1.0],[0.6613275461751585,6.613275461751585,1.0]]
3_DPpaulli_1_workers.fjs;6513.507876359187;2831440;[0,496,1027,1087,1103,1198,1221,1629,1719,1933,2067,2456,2575,2667,2928,151,258,703,771,858,994,1073,1289,1384,1451,1673,1834,2143,2218,2253,2378,2558,2817,2906,2963,0,73,312,393,558,865,941,1000,1103,1173,1213,1273,1326,1387,1489,1522,1719,1870,1941,2558,2753,2771,2853,77,243,564,655,816,868,922,1197,1359,1592,1657,1817,2067,2102,2439,2584,2867,3034,0,92,427,661,704,781,838,963,1273,1365,1468,1658,1783,2022,2117,2218,2272,2378,2502,2587,2833,277,718,781,937,1009,1048,1170,1469,1488,1592,1679,1800,2058,2302,2384,151,393,509,532,564,926,1086,1522,1576,2000,2378,2439,2496,2617,2693,2919,2928,73,207,258,373,427,509,626,838,1289,1334,1396,1554,1834,1871,1958,2022,2102,2150,2178,2217,2327,2468,2502,2587,3039,92,191,243,311,427,469,704,1005,1404,1759,1834,1887,2022,2067,2147,2450,2666,2725,2817,2833,2867,2960,3042,0,166,243,433,558,661,718,868,1173,1386,2000,2302,2335,2472,2587,2693,2753,2960,2985];[0,2,4,3,0,4,0,1,2,4,4,2,4,2,0,0,1,0,0,1,2,4,3,4,2,3,3,1,4,4,0,3,0,4,1,2,0,2,4,4,4,1,1,2,3,2,4,0,0,0,4,1,4,0,1,3,3,0,3,2,1,0,0,2,2,1,0,2,3,2,1,0,3,1,4,1,1,1,3,3,2,4,3,1,2,2,1,1,1,4,1,3,3,1,1,4,3,3,4,1,4,4,4,1,2,2,0,0,2,3,0,4,2,2,1,1,0,3,1,0,4,0,3,0,0,3,1,0,1,2,1,3,3,1,4,1,4,1,1,4,1,0,0,1,3,1,3,3,0,4,1,4,2,3,4,2,4,4,0,0,3,3,2,3,4,1,1,2,2,1,0,0,3,2,2,4,0,3,1,0,4,2,4,1,0,2,1,2,1,0,3,0,3,4,2,3];[2,1,4,0,6,5,3,2,6,0,3,5,4,3,6,6,0,0,6,0,3,4,0,3,3,1,1,1,4,2,6,6,6,5,1,6,0,5,6,1,6,1,1,0,4,1,5,5,4,1,4,0,1,5,5,0,6,6,3,2,4,6,2,4,2,0,2,1,4,6,4,4,3,3,4,4,5,4,4,1,5,4,1,1,1,1,2,6,3,1,1,1,6,0,4,1,0,6,4,0,6,4,2,3,3,0,3,5,1,5,4,5,0,3,2,3,0,5,5,3,5,0,3,2,0,4,4,3,0,6,0,3,0,5,5,3,3,2,6,5,2,4,5,1,4,0,6,5,5,2,1,2,0,5,5,5,1,3,0,6,1,0,0,4,0,6,3,2,0,0,5,2,4,4,1,3,1,4,4,5,2,6,2,3,3,1,6,5,5,3,3,5,1,1,2,5];[[0.18019241848515155,1.8019241848515155,1.0],[0.48736227300275514,4.873622730027551,1.0],[0.07759170039841756,0.7759170039841756,1.0],[0.5225667244081349,5.2256672440813485,1.0],[0.9196433340252647,9.196433340252646,1.0],[0.8762509611803474,8.762509611803473,1.0],[0.5029695910906639,5.029695910906638,1.0]]
3_DPpaulli_9_workers.fjs;5537.910891240624;3274020;[0,124,185,233,308,377,467,584,645,911,1059,1131,1258,1711,2495,26,93,141,330,404,424,688,708,815,993,1059,1108,1212,1354,1404,1510,1582,1783,2243,2284,144,284,377,467,537,584,645,768,925,1011,1200,1325,1404,1518,1571,1657,1675,1711,1790,1874,2024,2326,2370,26,356,599,793,820,893,1059,1118,1149,1318,1349,1500,1538,2117,2208,2270,2369,2510,93,144,251,309,424,507,835,1098,1200,1247,1273,1659,1789,1869,2023,2208,2278,2369,2430,2506,2572,0,62,216,404,516,660,819,835,1003,1158,1466,1671,1768,1789,2128,0,79,177,550,663,1192,1349,1404,1523,1593,1701,1931,2024,2207,2260,2279,2344,83,259,325,419,613,663,892,994,1147,1258,1318,1505,1619,1852,1894,1997,2089,2122,2185,2257,2284,2388,2449,2518,2572,0,144,221,499,584,660,694,769,820,1314,1404,1462,1565,1709,1894,1932,2024,2117,2164,2240,2354,2464,2543,0,329,385,472,502,643,706,793,835,921,993,1059,1136,1394,1597,1611,1648,1752,2330,0,70,243,537,708,764,893,1003,1053,1216,1279,1404,1619,1794,1830,2076,2089,2228,2270,124,144,241,309,499,705,1249,1314,1444,1503,1707,1752,1819,1859,1997,2117,2128,2323,2427,2510,2554,241,284,330,549,697,727,1432,1518,1602,1729,1830,1932,2111,2330,2449,2464,84,185,537,725,769,826,892,1011,1136,1147,1249,1672,1752,1945,2040,2279,0,20,189,308,385,507,821,911,930,1160,1318,1500,1515,1571,1619,1707,1864,1945,2040,2140,2240,2260,2383,2417,2464];[3,2,1,6,4,4,1,7,4,0,0,2,6,0,7,0,2,5,2,2,0,0,2,0,4,4,6,3,4,1,3,5,6,5,7,7,5,6,6,3,4,2,1,5,3,5,6,4,2,6,0,0,3,3,7,5,0,0,6,1,5,7,4,0,1,7,7,2,7,5,0,7,4,6,5,4,4,0,2,7,2,5,2,5,6,1,1,5,0,0,3,0,5,3,6,2,1,6,2,1,5,2,3,3,5,7,4,1,4,4,4,6,4,3,3,4,6,0,2,3,1,4,3,1,7,7,3,2,1,7,1,1,1,6,7,1,2,3,5,4,1,2,4,2,1,0,0,0,7,1,2,4,0,2,7,4,7,1,3,1,1,0,7,3,2,0,7,2,4,5,6,1,3,1,6,0,4,5,4,3,3,7,0,6,2,3,6,1,3,0,6,6,6,6,2,4,2,1,0,6,0,6,2,0,2,2,2,5,3,5,1,0,2,5,4,0,6,1,5,4,4,3,0,6,6,1,5,4,0,2,6,5,3,1,1,0,5,3,3,1,7,3,2,4,0,7,5,3,4,2,2,3,6,2,0,7,5,1,4,5,3,4,7,7,1,6,4,3,1,1,4,6,7,2,6,7,3,0,5,4,7,2,1,6,6,0,0,2,3,0,7,7,7];[10,1,0,8,6,10,6,4,2,8,9,5,6,6,1,10,5,5,10,2,4,7,10,2,11,0,11,11,4,8,0,10,4,9,6,10,1,6,8,5,7,9,8,7,0,6,1,2,9,2,8,0,2,2,3,3,4,0,7,9,6,10,0,4,2,0,3,2,5,3,4,8,0,3,5,3,10,4,7,5,11,11,4,4,0,10,10,3,10,9,7,3,9,3,9,6,5,7,5,2,5,0,5,8,6,8,9,6,7,10,7,1,6,2,3,10,1,1,6,11,7,7,6,11,9,2,7,10,11,0,4,1,8,0,10,10,1,8,2,3,6,3,1,8,5,5,0,9,1,5,7,5,5,0,0,8,3,1,1,11,4,0,9,0,3,2,6,0,11,9,8,10,5,10,8,2,9,3,6,7,2,7,3,8,6,7,11,9,3,7,1,11,0,2,11,10,4,9,2,9,3,3,1,2,5,7,7,10,1,1,0,0,2,1,4,5,6,5,2,6,2,5,4,4,8,11,8,3,3,11,1,6,1,8,0,2,1,10,0,2,6,11,5,5,9,5,7,10,11,7,1,4,11,7,8,0,1,11,5,6,10,10,11,4,9,3,1,8,9,1,11,8,4,5,10,4,0,6,8,10,10,1,11,1,5,1,6,2,7,2,4,2,10];[[0.7773566427005639,7.7735664270056395,1.0],[0.6698255595592497,6.698255595592498,1.0],[0.09913960392481702,0.9913960392481702,1.0],[0.35297051119014544,3.529705111901454,1.0],[0.4679077429008419,4.679077429008419,1.0],[0.5346837414708775,5.346837414708775,1.0],[0.9783090609123973,9.783090609123974,1.0],[0.13031535015865903,1.3031535015865903,1.0],[0.6712434682302663,6.712434682302662,1.0],[0.36422941594737557,3.6422941594737557,1.0],[0.48883570716198577,4.888357071619858,1.0],[0.20301221073405373,2.0301221073405373,1.0]]
3_DPpaulli_9_workers.fjs;6102.901593212024;414020;[249,274,468,526,611,632,772,887,1070,1146,1271,1347,1430,2278,2490,0,274,504,794,939,988,1084,1246,1330,1368,1677,1761,1846,1884,2053,2445,2527,2602,2686,2727,0,67,89,185,258,298,441,527,596,695,1044,1123,1194,1257,1325,1560,1684,2278,2350,2431,2519,2740,2785,67,185,343,499,1022,1163,1179,1438,1470,1623,1896,1977,2048,2445,2579,2648,2740,2783,193,384,468,507,655,702,831,897,995,1105,1521,1576,1749,2108,2174,2267,2309,2457,2519,2602,2686,97,632,682,715,942,1022,1131,1430,1594,1825,1896,1935,2081,2118,2581,126,428,533,611,681,799,860,922,1316,1855,1937,2160,2208,2373,2426,2538,2592,61,346,417,611,660,794,831,901,939,1004,1524,1576,1594,1643,1835,1977,2053,2091,2174,2194,2218,2445,2521,2785,2826,20,103,142,331,773,854,909,1084,1123,1195,1330,1368,1434,1524,1540,1572,1670,2033,2081,2413,2602,2683,2735,0,61,218,313,343,489,886,1312,1444,1572,1762,1996,2220,2350,2405,2452,2686,2705,2784,108,258,346,533,660,715,803,1044,1097,1654,1716,1762,1855,1937,1972,2064,2077,2194,2218,0,122,313,417,581,1100,1179,1239,1253,1325,1393,1470,1677,1749,1761,1937,1948,2154,2267,2418,2637,365,468,519,581,655,704,817,1123,1164,1239,1351,1489,1972,2129,2272,2286,331,447,514,730,794,959,1146,1253,1825,1835,1996,2108,2179,2343,2521,2602,0,73,165,730,755,794,897,942,1004,1134,1175,1312,1594,1948,2033,2112,2191,2278,2413,2445,2504,2592,2762,2792,2837];[1,4,1,6,7,4,1,0,0,1,2,2,3,1,6,6,1,5,0,2,7,3,0,0,7,5,6,0,0,1,5,3,6,4,2,5,5,6,5,0,0,3,1,5,3,1,7,7,1,6,4,1,4,7,7,4,3,1,2,6,3,1,4,0,0,7,7,2,1,5,7,0,4,3,4,7,0,1,4,2,3,5,4,0,6,3,6,5,2,2,5,2,6,2,1,5,5,0,7,5,7,4,2,3,0,7,1,4,2,5,1,7,3,6,3,2,0,1,3,1,4,6,3,6,6,3,3,0,2,7,5,7,3,6,4,2,2,3,0,4,0,2,1,2,1,3,3,2,4,1,3,7,3,2,1,7,1,1,3,5,7,7,6,3,2,0,4,2,1,3,6,5,6,2,1,7,5,7,4,2,3,6,3,5,3,6,1,0,6,0,4,6,6,6,1,6,4,5,7,0,7,6,6,6,2,2,0,5,3,4,7,0,0,6,4,1,2,2,5,4,1,5,5,6,1,4,5,3,6,3,6,3,3,5,6,0,0,0,4,1,0,4,7,4,4,4,6,3,4,0,7,3,2,7,7,3,5,2,3,5,2,0,0,5,3,5,5,3,4,3,4,0,2,6,4,6,3,0,2,6,0,6,2,7,7,0,5,4,3,0,5,4,7];[4,8,0,1,3,10,3,0,9,1,10,0,3,2,10,2,11,0,7,10,3,0,7,8,10,2,7,6,7,9,2,4,3,9,11,9,11,3,7,2,6,7,11,7,8,11,6,0,11,5,2,5,11,2,0,8,2,5,9,4,9,8,1,9,4,10,6,4,4,0,4,7,6,8,6,7,9,4,9,10,2,11,3,11,11,0,1,0,3,3,4,3,6,8,3,1,3,7,6,7,1,9,5,1,9,1,3,11,10,10,7,0,9,6,4,2,5,5,4,2,9,8,6,11,3,11,7,5,5,0,3,5,1,6,2,9,6,8,0,5,1,5,6,2,5,7,11,8,0,5,4,2,2,0,7,11,6,2,10,2,3,7,10,5,7,7,5,9,8,11,3,10,1,9,11,5,1,5,8,5,7,7,5,5,4,2,10,2,6,7,10,6,6,1,3,4,0,3,8,5,3,3,0,2,5,8,9,8,1,2,7,0,6,5,1,3,10,2,10,4,11,9,5,4,2,1,10,0,11,10,1,9,5,9,5,7,6,4,3,9,1,7,8,7,2,9,11,11,11,9,0,4,1,1,2,9,6,5,3,3,5,0,1,8,7,9,9,4,4,2,11,2,5,11,0,7,8,0,8,2,2,1,8,2,10,1,3,3,6,8,0,9,10];[[0.7966509679599704,7.966509679599704,1.0],[0.05862623274803458,0.5862623274803458,1.0],[0.7602397739740907,7.602397739740907,1.0],[0.8627037401845356,8.627037401845355,1.0],[0.09127403464611428,0.9127403464611428,1.0],[0.9024924365975527,9.024924365975528,1.0],[0.7858960565941281,7.858960565941281,1.0],[0.40667966546103385,4.0667966546103385,1.0],[0.37447264465852026,3.7447264465852026,1.0],[0.6490262282913547,6.490262282913547,1.0],[0.40092466608569977,4.009246660856998,1.0],[0.5721109226277574,5.721109226277575,1.0]]
3_DPpaulli_9_workers.fjs;5890.653535741229;1605570;[160,221,290,321,1038,1100,1167,1199,1211,1363,1606,1682,2021,2089,2130,64,185,347,479,555,587,674,732,805,840,932,1100,1152,1249,1296,1528,1756,1842,2191,2397,0,73,201,667,735,840,901,949,988,1075,1453,1537,1611,1669,1779,1826,2126,2162,2247,2378,2485,2566,2673,135,300,466,690,721,805,982,1167,1203,1300,1328,1416,1456,1518,1641,2149,2357,2442,0,73,273,369,461,500,593,668,781,904,932,1380,1967,2032,2088,2218,2257,2357,2502,2609,2726,0,422,461,521,643,974,2150,2205,2296,2333,2401,2442,2545,2566,2599,19,133,349,444,527,575,811,866,974,1249,1571,1580,1875,1939,2130,2477,2600,135,201,273,300,367,413,450,527,730,822,892,949,1328,1453,1518,1770,1826,1992,2063,2126,2333,2454,2544,2692,2724,0,83,122,521,622,698,866,943,987,1061,1100,1199,1472,1625,1848,1885,1993,2082,2126,2206,2247,2485,2658,198,735,789,933,1167,1300,1342,1416,1543,1645,1788,1848,1924,1980,2237,2296,2545,2589,2674,0,133,221,291,612,1178,1332,1494,1543,1620,1727,1848,1939,2089,2133,2296,2397,2502,2534,178,290,461,575,694,742,790,850,866,1452,1599,1711,1756,1863,1885,1967,1980,2537,2609,2692,2730,24,87,574,805,1038,1067,1296,1669,1711,2257,2334,2432,2515,2600,2658,2685,64,182,311,422,500,562,668,826,978,1117,1129,1342,1416,1646,1721,2357,0,51,101,248,311,411,479,570,593,674,721,1043,1056,1129,1361,1452,1766,1844,1939,1972,2028,2084,2308,2338,2454];[1,4,1,1,3,3,1,0,0,7,0,2,3,3,2,3,4,5,1,6,0,7,0,4,7,7,6,0,3,7,5,3,1,5,2,5,6,6,1,6,4,0,4,6,4,1,6,7,1,6,1,0,0,7,7,1,5,7,6,3,3,2,4,0,0,6,4,2,1,5,7,0,4,3,5,4,2,1,0,2,6,2,4,5,6,7,6,3,2,2,5,2,5,3,0,5,7,6,0,1,1,6,3,4,1,3,4,4,6,5,7,6,0,0,0,5,7,5,2,3,1,6,3,1,6,0,3,4,2,3,1,2,5,6,7,7,5,3,0,1,0,2,0,7,1,6,7,6,4,1,5,1,3,2,7,7,7,0,3,3,5,5,7,3,2,1,3,4,4,7,0,4,7,7,6,7,3,3,1,1,1,3,0,5,1,4,3,2,3,5,6,0,1,6,4,4,4,5,7,6,1,7,6,4,2,2,1,2,3,0,1,0,5,2,4,3,4,2,7,7,7,5,5,2,5,6,3,4,6,4,6,5,7,1,0,0,3,0,6,3,2,7,3,7,0,2,6,3,2,3,7,6,4,2,7,3,6,3,2,6,2,2,4,0,4,6,7,0,0,2,2,2,0,3,0,0,2,0,2,4,0,2,2,6,0,0,1,1,1,6,0,7,7];[4,10,0,0,9,10,6,3,1,10,0,2,1,7,5,2,4,8,2,1,6,4,5,11,7,7,3,8,5,8,4,6,3,9,3,1,5,6,7,8,1,4,9,7,8,11,9,1,11,2,8,10,7,2,4,10,0,0,2,5,3,8,4,7,2,10,9,5,5,0,10,5,9,2,3,6,4,1,7,10,4,4,0,2,10,11,1,8,5,11,11,10,1,11,3,1,1,11,7,10,10,5,0,0,11,3,0,5,0,11,2,2,8,8,2,8,0,5,6,6,5,4,11,7,7,4,7,8,5,9,2,5,8,3,4,5,11,11,3,10,3,10,2,1,5,7,10,10,0,2,9,4,8,5,9,11,11,8,1,11,5,2,1,3,4,8,7,3,11,9,9,6,1,6,9,5,11,3,0,4,8,4,9,9,2,6,0,11,10,2,2,1,10,10,7,3,2,10,11,9,4,11,3,2,10,8,5,0,1,1,4,11,10,2,6,0,10,1,3,10,1,9,2,8,6,2,8,11,6,5,2,0,7,8,2,2,11,10,8,5,0,2,0,1,0,8,8,11,9,10,10,7,4,7,7,0,9,7,11,0,7,5,0,7,5,5,4,1,10,6,5,7,1,7,10,2,2,0,3,5,5,11,6,0,0,1,6,3,8,4,4,10,10];[[0.5209484070219088,5.209484070219088,1.0],[0.42125020101147315,4.212502010114731,1.0],[0.22094517308324657,2.2094517308324657,1.0],[0.13033708391670573,1.3033708391670573,1.0],[0.48395776843282956,4.839577684328296,1.0],[0.6260889663051598,6.260889663051597,1.0],[0.6211218319323739,6.21121831932374,1.0],[0.707277595965894,7.07277595965894,1.0],[0.43539590023548325,4.3539590023548325,1.0],[0.04809800715767443,0.4809800715767443,1.0],[0.2254847064342842,2.254847064342842,1.0],[0.788548045160999,7.88548045160999,1.0]]
3_DPpaulli_9_workers.fjs;5705.41408457184;2667920;[71,134,244,275,398,419,490,850,907,973,1061,1363,1999,2084,2590,0,69,148,240,250,269,354,531,604,820,884,1015,1194,1445,1592,1778,2010,2245,2368,2451,0,75,291,416,491,552,638,755,919,1068,1299,1575,1678,1848,1930,2182,2211,2243,2313,2430,2503,2565,2609,18,269,375,567,614,692,757,1260,1292,1435,1593,1678,1775,1834,1963,2036,2281,2550,18,169,344,387,470,596,687,919,1017,1186,1397,1491,1966,2127,2182,2281,2320,2410,2475,2565,2641,576,652,732,860,961,1043,1155,1179,1260,1363,1592,1678,1846,1870,2211,0,71,354,463,532,586,665,737,832,1100,1316,1461,1516,1721,1848,1957,2368,75,145,370,500,762,816,874,962,1061,1131,1194,1232,1248,1277,1316,1407,1461,1495,1656,1905,2119,2181,2475,2563,2596,269,419,601,682,737,829,962,1069,1113,1186,1228,1244,1495,1631,1647,1721,2127,2211,2318,2391,2430,2503,2641,82,197,250,470,500,614,777,832,884,1213,1433,1567,1646,1890,1943,1961,2132,2475,2583,70,275,419,522,610,665,734,820,1111,1188,1321,1676,1867,1966,1999,2064,2075,2132,2306,353,464,665,687,869,1015,1101,1168,1250,1321,1668,1778,1930,1999,2036,2127,2262,2368,2403,2549,2614,240,362,506,682,734,812,1017,1113,1303,1516,1678,1775,1867,1952,2487,2503,82,152,401,492,532,682,807,961,1291,1825,1904,2075,2132,2172,2245,2362,0,96,148,221,253,343,371,474,580,727,874,1277,1309,1385,1435,1516,1592,1668,1754,1790,1868,2036,2146,2320,2583];[1,4,1,3,4,5,1,7,1,3,7,3,6,3,6,2,2,5,2,6,4,3,0,0,6,5,1,5,4,1,4,5,6,5,1,3,6,0,1,0,4,0,4,4,6,1,7,3,6,6,0,0,0,4,7,0,3,1,5,6,3,2,4,0,3,7,6,6,3,7,6,0,4,1,5,4,4,0,5,6,2,2,4,0,5,6,5,1,3,0,5,2,0,4,3,5,3,6,5,1,7,2,2,4,7,1,2,4,5,1,7,3,0,0,4,6,7,5,3,5,1,7,3,1,7,7,4,0,1,3,6,2,3,7,7,2,5,3,5,1,1,4,3,7,1,3,6,1,6,1,2,2,0,2,7,4,6,1,0,2,6,4,6,3,4,0,3,4,6,2,3,1,7,7,6,7,5,5,4,2,3,6,7,2,3,6,6,2,6,5,1,0,6,6,4,4,4,1,0,1,1,7,6,4,2,2,2,1,3,5,7,2,0,7,3,2,4,1,2,4,4,1,0,2,5,4,5,4,5,4,5,1,3,5,1,7,5,1,2,6,7,0,0,4,4,2,6,3,2,2,6,6,7,7,7,7,5,5,2,7,4,2,7,7,4,6,7,6,4,1,2,1,0,2,0,0,3,3,3,4,0,6,7,4,0,0,0,1,4,3,7,2,7];[4,11,0,10,11,10,6,2,3,7,11,4,5,8,0,1,0,0,10,5,2,0,5,10,4,5,8,7,4,10,10,3,3,9,11,5,5,7,6,2,9,6,9,8,1,0,1,8,10,8,5,6,8,5,0,9,6,6,6,4,7,2,7,9,10,10,7,7,7,0,1,5,10,11,7,10,8,2,5,5,7,11,10,11,10,6,5,11,6,4,10,2,10,4,1,1,4,4,3,9,10,0,2,0,2,0,0,4,9,6,3,1,4,8,2,0,0,3,4,0,1,3,2,0,5,4,7,11,11,9,4,8,1,6,10,0,9,7,11,0,10,7,5,10,11,5,10,10,3,11,9,4,7,5,5,1,8,1,8,11,6,8,6,5,5,9,6,3,9,0,6,5,6,7,2,3,1,3,8,6,4,11,9,11,0,9,11,2,9,2,1,1,9,1,5,3,2,8,2,7,4,0,4,8,10,8,4,10,4,5,4,1,6,10,1,6,3,2,5,11,1,9,4,4,6,5,5,3,8,2,8,9,0,3,4,2,11,10,4,7,6,7,9,5,8,8,7,2,9,7,10,0,6,7,8,10,8,8,3,4,3,7,2,1,5,2,4,1,6,4,3,3,1,11,4,2,0,11,2,1,3,3,8,2,5,11,6,3,1,10,7,0,10];[[0.49734142093980327,4.973414209398033,1.0],[0.35999045686025677,3.5999045686025677,1.0],[0.7220617567237175,7.220617567237175,1.0],[0.44672126724761885,4.4672126724761885,1.0],[0.4533596515962979,4.533596515962978,1.0],[0.025925678678183073,0.25925678678183073,1.0],[0.33490089376309407,3.3490089376309404,1.0],[0.4755440242737675,4.755440242737675,1.0],[0.45132356511490823,4.513235651149082,1.0],[0.08788974506102976,0.8788974506102976,1.0],[0.29509671683068217,2.9509671683068217,1.0],[0.33863234208051063,3.3863234208051063,1.0]]
3_DPpaulli_9_workers.fjs;5337.676427123559;1649740;[198,247,605,796,1030,1055,1212,1619,1701,1761,1863,1902,2293,2375,2419,0,209,374,602,643,720,857,905,989,1126,1253,1438,1505,1559,1942,2015,2090,2163,2244,2298,117,465,513,612,726,794,968,1032,1155,1241,1374,1574,1765,1865,2076,2102,2122,2156,2225,2298,2365,2427,2468,60,184,285,382,427,484,849,905,936,1408,1503,1619,1790,1850,1943,2015,2167,2429,0,271,448,488,566,762,910,1023,1241,1284,1319,1394,1484,1559,1701,1919,1963,2243,2321,2407,2472,57,334,374,662,762,1066,1192,1208,1301,1477,1650,1761,1853,2007,2305,0,68,166,211,242,313,602,697,1077,1155,1229,1348,1657,1713,1902,1980,2201,42,268,415,447,491,567,627,824,946,1129,1192,1301,1437,1465,1503,1594,1863,1897,1961,1980,2029,2091,2145,2210,2472,0,75,184,285,334,415,448,528,569,643,852,879,940,1030,1046,1077,1301,1385,1610,1753,2356,2427,2481,141,198,246,664,824,989,1066,1100,1137,1212,1278,1340,1497,1652,1897,1910,2057,2126,2282,0,60,211,392,484,548,611,696,743,822,940,1055,1575,1657,2041,2115,2305,2400,2415,268,285,364,382,465,513,567,662,726,822,898,968,1018,1188,1643,1728,1741,1839,1865,2187,2362,0,87,364,771,884,1032,1167,1253,1293,1348,1434,1527,1610,1693,1883,2299,71,374,474,682,743,898,1253,1340,1484,1494,1505,1693,1763,2163,2226,2419,141,159,224,636,679,715,876,917,936,1002,1310,1394,1429,1527,1574,1685,1800,1943,2033,2110,2167,2244,2293,2386,2472];[3,1,1,0,7,5,4,0,2,5,4,3,6,1,7,6,2,0,2,7,3,3,3,0,5,4,4,0,5,7,5,5,6,1,5,7,6,0,2,1,4,2,1,6,3,5,6,4,2,6,0,0,0,0,7,0,5,4,4,1,5,2,4,0,7,7,6,4,1,5,0,0,4,4,4,4,2,7,5,5,2,7,2,0,6,3,5,3,5,0,1,2,6,3,2,2,3,2,0,1,7,6,3,3,1,7,2,1,2,1,7,3,0,0,5,6,0,1,4,4,6,0,3,0,3,3,4,1,2,3,6,3,3,6,3,5,3,4,3,7,5,2,1,7,1,3,6,1,5,0,3,7,3,2,7,7,7,0,3,2,2,7,7,3,4,0,7,2,6,2,1,1,4,0,6,0,5,3,4,2,4,1,3,1,1,4,5,2,6,4,2,1,5,6,2,1,4,1,5,1,4,6,6,0,5,2,0,7,3,0,7,2,0,5,3,5,4,2,6,7,3,5,1,2,5,4,5,5,5,6,6,7,7,7,1,7,3,3,4,1,2,4,2,7,0,7,6,4,7,0,5,4,6,5,1,3,0,5,2,2,3,0,3,5,3,5,4,1,4,2,3,1,1,2,6,6,1,1,3,4,0,6,2,4,6,0,1,4,1,6,2,4,1];[10,9,0,10,10,10,11,2,4,5,3,0,5,2,1,10,8,5,10,2,5,3,0,10,0,5,9,6,11,4,7,7,4,11,9,9,4,3,5,6,8,9,8,10,9,8,8,8,8,3,5,0,5,9,3,0,6,10,1,9,6,2,10,11,0,2,7,1,2,9,9,7,7,2,6,10,3,11,1,5,11,2,4,11,7,7,1,10,11,9,10,1,9,0,11,7,11,7,7,10,9,4,8,8,0,5,8,2,1,0,0,1,8,8,7,5,10,5,11,7,1,1,9,9,3,9,11,8,8,6,1,0,2,0,0,6,9,8,4,3,0,3,1,3,5,5,9,6,5,6,4,11,0,5,5,2,11,8,8,2,9,1,1,8,5,10,3,9,9,7,2,3,7,2,10,2,6,0,2,4,1,7,5,3,2,11,4,4,6,9,10,5,3,1,10,2,9,11,1,6,6,7,3,11,0,1,6,6,1,5,0,1,0,1,8,5,10,11,3,3,10,9,4,8,6,9,4,4,7,11,6,6,8,2,3,5,2,6,7,9,5,0,5,1,9,5,5,10,0,5,4,7,4,9,8,10,11,1,3,0,7,0,0,0,4,1,6,9,6,6,3,9,4,6,3,6,2,0,7,1,8,5,6,7,4,11,3,2,8,4,10,4,8];[[0.4211249061401,4.211249061401,1.0],[0.9761073344853062,9.761073344853061,1.0],[0.6132800246752349,6.132800246752349,1.0],[0.6930423279788359,6.930423279788359,1.0],[0.5088628354481554,5.088628354481553,1.0],[0.18781156668551158,1.8781156668551158,1.0],[0.830121874145001,8.301218741450011,1.0],[0.8449241651217704,8.449241651217704,1.0],[0.20962821201639004,2.0962821201639006,1.0],[0.6505169872996391,6.505169872996391,1.0],[0.7003316191510263,7.003316191510263,1.0],[0.7150339547653067,7.150339547653068,1.0]]
3_DPpaulli_9_workers.fjs;5157.822093936045;538720;[121,437,495,533,697,796,920,1138,1327,1401,1568,1608,2095,2161,2228,59,457,595,690,703,722,806,828,911,950,1069,1170,1221,1257,1335,1804,1980,2080,2295,2343,0,124,218,388,595,635,763,957,1004,1093,1204,1426,1501,1567,1618,1696,1894,1931,2003,2078,2164,2280,2327,178,690,771,870,992,1053,1132,1204,1240,1332,1364,1439,1478,1579,1676,1824,1922,2308,0,58,142,178,258,297,396,457,554,677,806,962,1069,1188,1256,1364,1638,1927,1999,2075,2263,570,595,624,808,912,1113,1221,1294,1618,1651,1728,1772,1872,2196,2327,47,384,524,719,763,859,989,1098,1252,1349,1439,1534,1651,2003,2056,2295,2345,0,218,299,347,391,516,722,923,1043,1150,1257,1408,1501,1608,1713,1808,1896,1969,2059,2081,2105,2234,2295,2360,2395,103,279,352,436,485,563,620,752,797,1108,1330,1427,1489,1579,1723,1759,1866,2078,2122,2196,2234,2289,2395,58,178,225,313,487,884,962,1016,1093,1261,1667,1728,2034,2105,2158,2170,2207,2232,2339,0,124,464,598,705,873,931,1015,1064,1193,1310,1448,1539,1644,1748,1860,1876,2081,2207,0,16,103,128,267,391,495,555,571,630,828,1054,1138,1171,1448,1579,1618,1870,1999,2080,2289,178,224,279,343,436,706,910,1015,1197,1253,1332,1482,1579,1742,1860,1894,0,59,125,225,299,352,572,635,912,1181,1193,1427,1537,1802,1870,2164,0,147,297,366,495,624,646,688,705,771,800,896,910,1064,1121,1256,1537,1772,1866,1934,1990,2010,2151,2234,2379];[3,1,2,1,4,4,1,1,0,7,1,2,3,3,6,2,4,3,7,6,5,6,0,0,2,5,4,3,2,7,3,5,2,1,0,7,5,2,2,2,4,0,3,6,1,5,2,7,7,6,2,6,4,4,7,1,3,3,5,3,1,6,4,0,0,6,6,5,3,5,6,0,4,4,7,4,5,0,0,7,3,7,4,5,6,6,5,1,0,7,3,2,3,2,6,5,3,2,0,0,2,4,2,4,1,7,1,0,5,0,4,6,3,3,2,4,2,1,3,7,0,4,3,1,7,3,3,2,1,3,6,2,1,5,7,6,3,3,3,1,0,2,1,2,1,0,7,1,0,0,2,7,5,2,4,0,6,0,0,3,1,4,7,3,4,0,0,2,1,7,1,4,4,7,0,0,5,5,4,1,1,4,3,5,2,6,5,0,6,7,1,2,5,6,4,4,0,1,7,6,0,7,7,5,4,2,2,3,3,6,4,0,2,3,3,1,4,1,2,4,1,3,5,7,5,6,7,4,6,1,6,5,6,2,6,5,0,0,5,4,7,7,6,7,0,4,6,4,4,3,2,3,6,6,6,4,6,0,4,2,2,2,1,4,6,6,5,0,2,3,3,2,1,4,0,0,1,3,3,6,5,2,5,7,5,0,7,0,1,0,7,1,7];[8,8,11,7,10,8,10,7,4,10,8,8,2,11,10,1,3,11,1,8,1,11,11,4,11,6,8,2,3,1,2,1,9,7,8,9,0,11,9,5,9,4,3,9,11,5,0,5,10,2,0,8,11,6,0,7,0,10,2,5,5,9,4,6,6,10,11,0,9,2,1,5,7,9,5,11,7,2,2,10,10,2,3,6,6,7,1,2,0,9,7,0,4,7,9,8,9,0,0,7,10,9,2,8,5,0,9,10,0,4,4,1,6,2,11,10,9,5,3,3,10,7,11,2,6,11,7,6,11,10,4,4,4,6,1,3,5,8,4,8,0,10,7,6,5,4,2,4,1,7,7,5,5,0,11,3,0,10,4,2,4,8,6,1,10,7,6,2,0,11,0,6,10,5,3,2,6,3,8,8,6,3,7,1,7,9,6,2,8,4,1,6,8,6,8,3,3,3,5,2,9,3,6,10,7,1,3,3,4,10,7,8,2,4,1,0,5,5,5,1,11,8,1,10,6,0,1,11,11,11,6,1,1,10,5,3,0,3,0,5,0,6,8,0,0,9,6,9,11,5,3,1,1,7,4,5,11,10,5,0,11,5,3,5,7,1,10,2,11,6,7,8,0,0,10,2,2,2,7,6,2,10,10,2,1,3,7,4,8,3,4,5,10];[[0.4831103964860096,4.831103964860096,1.0],[0.9021829992468611,9.02182999246861,1.0],[0.5374571935128641,5.374571935128642,1.0],[0.8761340971511191,8.761340971511192,1.0],[0.573156942708234,5.7315694270823405,1.0],[0.994523847851402,9.945238478514021,1.0],[0.3574465703190305,3.574465703190305,1.0],[0.6617299629663892,6.617299629663892,1.0],[0.4882872262788658,4.882872262788657,1.0],[0.5726412824777106,5.726412824777106,1.0],[0.32388398325139345,3.2388398325139347,1.0],[0.8072354510963532,8.072354510963532,1.0]]
3_DPpaulli_9_workers.fjs;6043.0204222257335;241440;[260,505,583,850,1213,1234,1300,1646,1657,1718,1830,2097,2357,2419,2681,16,118,166,316,326,354,436,456,583,906,1168,1216,1763,1958,2007,2108,2471,2554,2713,2750,166,233,466,547,619,659,716,768,803,906,941,995,1174,1234,1327,1353,1372,1408,2219,2291,2399,2488,2636,270,456,525,659,716,1408,1431,1603,1830,1954,1982,2065,2108,2171,2260,2333,2428,2523,0,75,166,224,316,354,447,531,685,1070,1133,1332,1502,1583,1671,1766,2187,2344,2405,2487,2557,260,436,809,1066,1501,1619,1690,1766,1929,1967,2035,2340,2467,2488,2668,0,305,399,527,694,757,821,901,996,1690,1929,2186,2298,2433,2486,2513,2598,0,47,122,154,201,253,694,772,831,1070,1415,1451,1535,1577,1649,1766,1874,1982,2108,2361,2405,2467,2521,2598,2715,0,75,224,305,357,546,831,1174,1216,1392,1563,1866,1939,2061,2076,2108,2201,2284,2433,2532,2573,2636,2776,328,394,1082,1174,1205,1290,1502,1538,1581,1706,1806,1878,1958,2050,2328,2508,2543,2640,2715,0,89,270,456,614,774,1070,1274,1331,1433,1535,1578,1775,1874,1910,2050,2258,2419,2687,0,54,326,436,644,939,996,1053,1467,1538,1718,1763,2061,2097,2108,2287,2298,2486,2573,2681,2713,394,803,888,1234,1300,1327,1415,1501,1583,1737,1856,1954,2079,2284,2384,2664,505,626,882,979,1021,1075,1288,1310,1400,1519,1581,1814,1981,2523,2598,2767,0,58,122,202,233,435,445,490,566,644,673,774,787,840,995,1082,1310,1431,1531,1649,1807,1830,2187,2217,2589];[3,2,1,1,7,5,1,1,6,1,7,3,6,3,5,1,0,0,2,7,1,1,7,4,6,7,4,6,0,7,4,3,2,1,1,7,1,0,6,6,4,2,2,6,4,1,4,3,7,6,2,6,5,3,7,5,0,3,5,3,3,6,4,0,3,6,6,5,6,5,0,7,4,4,4,2,6,7,2,2,1,7,2,5,6,6,5,1,5,2,5,0,6,0,1,1,3,0,0,5,7,2,3,3,5,1,1,0,2,0,2,7,0,6,3,7,5,3,3,5,0,7,3,3,6,7,4,4,1,3,4,3,5,5,4,1,5,4,0,7,1,4,3,2,4,3,5,1,7,0,5,7,5,2,7,0,6,0,0,1,5,1,1,3,4,1,3,2,6,2,0,2,6,0,6,6,5,5,4,1,4,6,0,6,7,7,3,1,0,2,4,2,6,6,2,6,2,1,7,1,1,4,2,4,0,6,1,5,3,4,7,2,1,7,3,1,6,2,5,7,4,3,6,1,6,6,7,3,1,6,6,5,7,4,1,0,5,1,2,3,7,7,2,3,0,2,5,4,7,0,7,4,4,5,0,7,5,5,3,5,4,0,1,2,2,5,0,4,5,2,4,2,7,2,4,6,2,0,3,6,0,2,1,4,3,0,0,4,7,0,5,1,7];[7,1,0,5,3,2,6,1,4,7,7,5,3,11,11,11,6,7,10,2,9,9,8,2,7,8,1,10,1,9,0,6,4,7,8,9,2,6,11,1,6,9,5,4,11,4,1,4,11,2,2,9,1,3,4,9,4,5,4,9,9,9,2,7,9,10,0,10,10,4,3,9,10,2,6,9,3,7,10,10,9,4,4,3,0,6,7,11,11,3,0,9,1,1,8,1,6,0,7,7,1,0,9,2,6,8,4,1,10,5,11,2,8,0,2,8,11,1,2,0,8,9,2,11,3,7,7,2,11,1,1,5,8,1,3,3,0,11,3,6,0,10,11,11,0,5,3,9,0,5,9,10,3,0,5,10,8,11,11,2,8,1,9,3,10,2,6,8,0,10,4,9,3,7,5,8,5,3,6,4,5,7,5,7,1,6,5,11,1,9,7,1,5,8,10,4,0,0,5,5,5,8,0,4,1,11,5,8,4,10,7,11,11,3,1,6,9,1,3,10,11,0,0,10,2,4,1,11,6,7,1,6,2,7,4,3,7,5,9,5,2,4,5,8,0,8,9,11,1,5,9,6,4,3,2,9,2,7,3,8,0,9,1,5,0,11,2,9,9,6,3,8,4,11,0,11,10,0,7,2,3,3,4,11,7,3,3,3,10,3,0,10,10];[[0.34661995661142697,3.4661995661142697,1.0],[0.2286410960833074,2.286410960833074,1.0],[0.012392470279078194,0.12392470279078194,1.0],[0.9308270259025113,9.308270259025113,1.0],[0.3225145761620236,3.225145761620236,1.0],[0.0006954578022455582,0.006954578022455582,1.0],[0.2097170717940725,2.097170717940725,1.0],[0.5179602272351016,5.179602272351016,1.0],[0.7628222106217201,7.6282221062172,1.0],[0.3089717897377221,3.089717897377221,1.0],[0.15113122452813788,1.5113122452813788,1.0],[0.07045772229012492,0.7045772229012492,1.0]]
3_DPpaulli_9_workers.fjs;5521.760954128949;693240;[186,392,455,507,598,642,722,906,951,1605,1712,2068,2150,2484,2525,24,229,263,357,450,626,709,728,806,844,906,1121,1292,1691,1925,2070,2150,2225,2341,2465,42,186,236,346,415,455,584,784,908,1088,1119,1173,1235,1466,1559,1850,1870,1906,2010,2083,2151,2308,2461,54,139,443,625,654,844,1130,1208,1337,1502,1534,1648,1766,2094,2213,2289,2392,2432,0,145,442,708,844,884,1011,1083,1181,1239,1267,1324,1428,1502,1557,1852,1963,2225,2289,2379,2448,0,119,208,230,750,884,952,967,1048,1241,1648,1831,2410,2440,2517,129,211,292,472,507,552,852,911,1008,1083,1191,1619,2074,2146,2360,2392,2517,0,42,112,300,344,546,906,1011,1044,1181,1309,1346,1362,1390,1451,1551,1605,1651,1751,1771,1796,2213,2289,2360,2399,0,86,546,678,731,806,838,911,1008,1088,1163,1179,1239,1435,1527,1559,1686,1780,1852,2146,2385,2449,2554,145,207,254,357,627,1173,1248,1292,1330,1511,1648,1780,1988,2010,2060,2191,2237,2317,2501,0,86,186,361,511,569,627,799,1223,1408,1737,1780,1867,1949,2083,2398,2448,2504,2525,0,95,263,411,504,552,613,708,724,783,1429,1623,1713,1850,1893,1977,1988,2212,2237,2320,2512,504,916,1235,1337,1408,1436,1551,1670,1711,1782,1861,1986,2094,2179,2275,2398,58,129,211,346,392,569,1044,1066,1163,1330,1711,1870,1949,2150,2237,2504,344,361,443,552,654,783,1163,1215,1390,1478,1527,1651,1664,1722,1772,1862,1947,2023,2109,2183,2320,2353,2398,2470,2554];[1,6,2,6,4,3,4,0,4,0,2,3,6,3,7,6,2,0,7,6,5,3,3,0,5,4,6,3,7,4,5,3,7,1,5,7,6,5,2,0,0,3,1,6,1,5,6,3,4,6,0,0,0,2,7,4,5,7,2,3,1,0,4,0,3,4,2,5,1,7,0,1,4,3,5,7,5,2,4,7,3,7,4,0,5,1,1,5,5,7,7,2,5,3,6,1,5,6,2,0,7,4,2,2,3,7,4,3,7,0,2,6,4,6,2,6,2,1,6,1,0,4,3,1,6,7,4,4,2,7,3,3,1,6,3,5,2,6,0,4,1,4,1,2,0,3,5,2,5,5,5,4,5,2,1,4,5,1,0,3,1,3,1,3,2,1,2,2,6,2,3,1,1,0,6,4,5,7,4,3,0,7,7,0,0,7,3,2,6,2,4,6,1,6,2,4,2,1,5,1,0,7,2,6,5,3,1,3,3,6,4,0,1,6,3,0,6,2,5,7,4,1,5,6,2,1,4,5,6,2,2,1,6,1,0,0,5,0,6,3,7,0,5,4,0,4,5,3,2,2,4,3,5,0,1,4,4,0,2,2,1,0,4,4,3,5,2,1,1,3,3,2,0,6,4,7,4,3,4,6,6,6,2,6,7,0,0,0,1,0,7,2,1];[4,11,2,4,8,10,0,0,7,9,8,4,3,5,2,10,0,7,4,10,8,3,10,2,0,7,10,6,5,3,0,4,0,11,6,2,9,11,2,2,1,10,5,10,8,3,9,9,3,3,5,3,2,5,2,0,0,4,1,1,5,11,7,9,4,4,3,7,11,0,8,10,1,2,4,7,4,11,3,5,2,9,3,11,5,7,7,7,0,8,10,9,10,4,6,11,3,2,5,7,9,3,2,6,6,8,0,1,8,5,0,8,0,4,5,4,11,5,5,3,10,7,11,11,3,11,7,8,0,0,0,11,2,10,7,1,7,9,6,11,0,10,10,2,5,5,11,7,11,1,9,10,8,0,3,6,0,2,8,11,3,8,1,1,2,7,5,7,3,1,1,2,10,2,2,9,5,5,8,6,11,1,3,4,9,8,9,10,5,2,8,8,10,10,9,3,8,9,10,6,9,3,0,10,1,8,5,4,1,5,5,3,11,2,1,5,3,2,8,10,6,6,1,4,4,11,8,7,6,11,0,9,8,8,5,4,7,0,2,5,6,6,2,7,9,3,7,1,9,7,11,1,7,6,1,5,10,11,11,0,7,0,3,5,4,1,3,11,8,8,6,8,4,7,0,0,1,4,4,2,4,6,10,0,6,11,8,5,7,1,10,0,9];[[0.8559393885152179,8.55939388515218,1.0],[0.8004839408308784,8.004839408308783,1.0],[0.5938433496209707,5.938433496209708,1.0],[0.8870093324131678,8.870093324131679,1.0],[0.741558169706834,7.4155816970683395,1.0],[0.8097670389513107,8.097670389513107,1.0],[0.2247324103169328,2.247324103169328,1.0],[0.9761818800633866,9.761818800633865,1.0],[0.6339038774096737,6.339038774096737,1.0],[0.5580285642552777,5.580285642552777,1.0],[0.4463526500656817,4.463526500656817,1.0],[0.28336462923826333,2.8336462923826335,1.0]]
3_DPpaulli_9_workers.fjs;5927.963988059641;1627270;[168,318,411,635,889,939,1478,1560,1825,2056,2147,2190,2513,2605,2687,217,585,635,773,835,855,1073,1236,1309,1343,1417,1672,1724,1763,1813,2200,2269,2402,2578,2616,0,91,117,244,346,390,492,713,747,835,950,1012,1232,1382,1811,1963,2256,2330,2402,2515,2578,2644,2688,150,206,301,398,449,556,572,635,729,910,1098,1198,1665,1724,1825,2103,2473,2515,0,313,398,473,553,591,864,943,1038,1417,1443,1813,1982,2142,2201,2294,2335,2439,2583,2673,2749,0,62,197,803,1012,1094,1183,1234,1365,1403,1478,1562,1741,2269,2513,0,80,168,224,449,591,747,864,1082,1586,1672,1984,2029,2342,2480,2548,2644,199,244,318,349,510,562,789,880,914,980,1045,1082,1141,1170,1208,1316,1389,1498,1567,1656,1681,1755,2052,2500,2741,107,386,427,510,556,632,668,747,867,961,1094,1175,1372,1462,1624,1656,1891,1984,2236,2419,2499,2572,2722,0,256,327,442,477,731,784,932,1110,1183,1255,1343,1478,1565,1610,1926,2082,2103,2626,0,62,150,398,652,823,1038,1183,1232,1319,1522,1571,1707,1891,1926,2015,2147,2376,2691,28,50,133,206,301,443,490,553,567,626,691,980,1323,1372,1478,1562,1574,1682,2177,2342,2376,50,244,666,828,970,1423,1723,1815,2201,2256,2344,2442,2530,2615,2673,2687,0,151,224,490,530,585,713,736,922,932,1158,1505,1982,2206,2442,2535,89,393,1002,1082,1104,1170,1303,1346,1422,1516,1562,1652,1665,1763,1811,1894,1982,2056,2142,2177,2310,2335,2605,2646,2741];[1,2,1,3,4,4,4,7,0,5,3,2,6,4,5,0,4,0,0,5,0,3,0,0,6,5,4,6,5,1,6,5,4,7,7,7,0,0,2,0,4,2,2,5,1,1,7,4,1,6,1,0,4,7,7,1,0,0,5,3,5,7,4,0,0,4,4,4,0,7,6,0,4,6,7,4,0,6,0,5,1,5,2,5,5,6,6,5,4,0,3,0,3,0,3,2,0,2,4,0,7,4,3,7,7,7,2,1,0,1,1,5,3,3,2,4,2,1,7,3,1,3,3,2,6,7,4,4,1,7,6,7,3,7,7,2,5,6,0,1,0,2,1,2,1,3,6,3,1,1,2,4,0,2,4,5,7,0,3,7,7,1,1,3,4,0,4,4,1,2,2,6,4,1,1,6,6,1,4,1,1,6,0,0,2,4,6,1,0,7,1,1,1,6,2,6,4,5,7,6,1,6,6,4,3,3,1,4,3,6,0,2,5,6,4,2,6,2,5,0,3,1,5,6,6,6,6,4,1,2,5,7,3,7,6,1,0,7,4,4,2,0,7,7,0,7,5,3,2,2,5,3,5,6,1,3,4,2,3,6,2,5,3,4,1,5,5,0,4,3,3,2,2,2,2,7,3,0,2,6,5,6,2,4,5,0,7,4,4,0,5,4,7];[4,3,0,10,11,10,5,8,11,2,8,6,10,2,7,0,8,6,7,10,7,11,5,10,0,0,8,10,7,9,4,9,0,10,6,4,5,7,9,11,4,5,10,9,11,2,0,4,11,2,5,3,11,6,2,4,4,2,3,5,8,10,1,9,10,8,8,10,11,7,10,11,6,9,3,3,10,10,1,10,11,11,4,3,5,7,1,1,4,5,7,3,4,1,1,10,6,6,11,11,5,2,0,4,7,6,3,2,11,2,4,7,8,4,6,2,4,5,6,1,7,9,4,7,6,7,11,8,11,9,4,9,2,2,0,1,3,11,7,8,4,5,1,6,5,4,7,7,1,5,6,5,1,0,11,7,7,3,1,1,3,1,0,4,5,10,5,11,1,3,11,6,10,11,11,3,9,5,2,5,10,11,7,4,9,4,11,2,1,3,10,2,10,4,3,9,7,3,10,2,5,3,3,2,0,8,4,8,4,10,0,11,1,1,4,1,10,2,3,6,6,0,5,4,2,0,5,7,10,11,0,6,7,11,5,2,9,1,7,8,1,6,8,4,0,5,9,5,9,7,7,1,2,2,7,8,8,7,1,0,6,5,3,8,2,1,10,1,6,8,1,8,2,5,9,11,9,6,3,2,0,1,10,9,9,11,7,3,10,10,11,5,10];[[0.5198238265685563,5.198238265685563,1.0],[0.9583988744400509,9.583988744400509,1.0],[0.3402956357666065,3.402956357666065,1.0],[0.7081849781179302,7.081849781179303,1.0],[0.9252189405445452,9.252189405445453,1.0],[0.05032666735654623,0.5032666735654623,1.0],[0.6613275461751585,6.613275461751585,1.0],[0.82711411373077,8.271141137307701,1.0],[0.8734961127808921,8.734961127808921,1.0],[0.5913019030238962,5.913019030238962,1.0],[0.11264722490163037,1.1264722490163037,1.0],[0.34477784983246407,3.4477784983246407,1.0]]
3_DPpaulli_9_workers.fjs;5758.831584014574;666870;[0,129,279,369,446,689,898,1077,1089,1196,1515,1848,2123,2318,2385,0,71,178,269,307,330,425,553,861,1049,1220,1271,1323,1465,1916,2054,2123,2202,2339,2607,246,425,451,685,759,804,861,968,1105,1271,1489,1575,1657,1722,1936,2133,2150,2186,2285,2482,2554,2623,2663,16,80,146,369,418,476,512,570,702,928,1323,1543,1590,1780,1870,1940,2090,2133,0,50,141,178,288,326,485,553,736,782,808,869,1049,1196,1311,1455,1496,2218,2323,2520,2648,104,476,727,745,914,1153,1507,1563,1657,1780,1870,2011,2150,2282,2482,833,902,1032,1116,1151,1194,1254,1310,1409,1487,1563,1573,1649,1704,1758,2037,2416,0,80,146,176,258,315,353,445,508,614,713,808,1194,1271,1398,1602,1704,1758,1913,1984,2011,2164,2318,2381,2593,0,418,648,745,791,869,906,1002,1113,1223,1386,1402,1462,1575,1615,1750,1857,1936,1978,2119,2221,2323,2385,246,476,736,940,1018,1113,1164,1254,1301,1377,1462,1775,1916,2011,2061,2073,2202,2436,2520,0,330,557,606,826,961,1018,1139,1194,1271,1343,1722,1832,1940,1977,2090,2285,2399,2412,0,288,400,426,512,570,618,685,903,988,1057,1113,1187,1284,1385,1496,1643,1751,1857,2505,2648,289,338,638,914,1006,1051,1151,1343,1409,1489,1602,1750,1832,2061,2285,2472,0,65,146,246,288,353,461,618,928,973,1581,1657,2123,2252,2364,2436,269,484,534,614,689,755,833,883,974,1057,1526,1738,1933,2073,2123,2212,2288,2385,2473,2505,2554,2574,2618,2648,2689];[1,2,2,6,1,4,4,0,1,1,4,2,6,2,7,3,2,0,2,2,0,1,2,4,7,4,6,2,4,7,6,5,5,5,1,3,0,5,1,1,4,2,3,5,4,5,7,4,1,6,4,0,2,0,7,5,3,2,6,3,1,2,4,0,7,4,6,6,6,5,6,1,4,4,4,2,2,1,0,5,1,7,2,5,5,7,5,5,3,7,0,2,6,3,6,2,0,2,6,0,2,2,3,2,2,3,4,1,7,4,1,6,3,0,0,2,0,5,7,5,6,3,3,0,6,0,4,4,1,7,6,3,3,5,3,1,2,6,3,7,7,6,0,7,0,6,0,1,7,1,3,1,5,2,4,3,5,0,0,1,1,3,6,3,4,1,0,4,1,7,6,2,6,7,0,7,1,7,4,3,4,6,3,1,5,4,2,1,6,0,3,2,1,6,2,1,0,5,0,0,7,6,2,4,0,3,1,2,3,0,0,0,5,6,4,6,6,2,7,0,7,1,6,7,1,5,7,4,1,3,2,7,6,5,0,4,0,4,2,3,0,4,2,3,4,7,5,3,0,3,7,3,5,5,7,6,4,3,3,7,4,5,3,2,3,6,2,6,0,3,3,6,0,4,6,6,4,1,1,6,5,2,1,4,3,0,0,5,4,0,0,7,7];[4,6,4,4,8,7,6,3,3,7,7,11,10,4,6,6,4,4,2,2,0,9,8,4,8,9,3,4,4,3,4,8,6,10,8,7,5,4,6,6,6,5,6,7,8,3,11,8,11,8,11,3,3,11,9,0,9,7,5,7,5,8,2,5,5,9,0,6,3,3,10,0,2,7,6,9,1,2,3,8,9,6,10,3,9,4,7,2,6,6,0,9,10,4,9,11,2,0,2,2,1,1,1,6,8,4,11,8,8,6,4,7,3,8,2,10,10,2,6,2,1,8,4,7,5,4,7,2,11,11,1,0,2,6,7,7,9,7,0,8,0,10,5,3,0,9,6,0,1,11,4,2,11,5,10,11,10,3,11,9,0,8,8,10,5,7,11,5,4,9,1,4,5,1,8,3,8,5,0,10,4,11,9,6,2,7,4,0,5,7,1,1,11,8,8,6,9,11,6,7,0,3,4,11,11,11,5,8,4,1,6,2,6,1,1,2,8,2,6,6,1,9,0,7,0,7,6,3,4,10,1,1,0,9,3,4,11,3,11,5,1,5,5,8,2,5,7,1,3,5,8,1,8,9,7,9,10,10,1,4,9,5,3,10,7,3,0,5,3,11,2,10,1,8,10,7,10,0,6,2,2,10,5,2,5,3,3,0,5,9,4,11,10];[[0.18019241848515155,1.8019241848515155,1.0],[0.48736227300275514,4.873622730027551,1.0],[0.07759170039841756,0.7759170039841756,1.0],[0.5225667244081349,5.2256672440813485,1.0],[0.9196433340252647,9.196433340252646,1.0],[0.8762509611803474,8.762509611803473,1.0],[0.5029695910906639,5.029695910906638,1.0],[0.8160267976375112,8.160267976375112,1.0],[0.8059112000327816,8.059112000327817,1.0],[0.2140591090540045,2.140591090540045,1.0],[0.08805821114486456,0.8805821114486456,1.0],[0.20329737064426556,2.0329737064426556,1.0]]
4_ChambersBarnes_10_workers.fjs;2283.3806035510297;3369050;[0,9,79,152,256,319,501,636,840,924,72,426,497,541,720,802,855,912,939,1042,0,48,142,217,319,539,652,803,871,997,48,270,339,435,492,564,715,726,845,863,107,350,387,461,467,539,615,648,687,753,0,190,284,392,461,539,627,733,816,1006,0,118,215,278,378,467,505,709,785,941,54,186,270,382,415,501,536,802,859,929,11,152,190,554,579,634,687,784,838,870,79,278,332,497,610,713,746,833,886,936,9,139,225,371,392,615,687,753,965,1010,0,222,281,495,726,819,859,948,978,1060,0,118,281,349,597,636,720,786,886,978,0,23,117,221,278,319,628,697,929,1017,0,83,114,159,234,278,415,487,811,840];[7,9,0,6,4,8,2,5,1,3,6,8,3,0,1,4,5,9,2,7,1,3,5,4,0,2,6,8,9,7,1,7,4,6,5,0,8,3,11,2,7,2,8,5,1,6,3,0,12,4,8,0,4,5,10,1,7,6,3,2,6,2,8,1,12,4,7,0,5,3,8,7,5,3,2,4,9,1,0,6,4,0,10,5,7,3,2,8,6,1,10,0,3,8,1,6,2,5,4,7,7,3,4,5,2,6,0,12,1,8,0,3,2,7,8,5,10,1,6,4,11,1,3,6,2,8,7,0,5,4,4,2,5,6,8,7,3,1,0,9,2,5,9,8,0,6,3,7,1,4];[15,11,5,17,17,8,11,12,10,7,12,0,15,4,8,12,18,6,12,18,5,2,6,14,2,13,9,9,5,6,3,0,13,1,10,16,5,15,1,10,15,10,10,14,9,1,5,0,4,3,12,5,1,7,8,9,8,16,1,10,18,3,9,5,2,13,18,7,10,9,10,18,18,16,12,2,6,1,11,0,10,0,0,17,10,2,2,11,12,8,11,1,4,5,15,14,5,4,9,1,17,1,14,15,1,4,3,14,4,17,0,12,10,6,9,14,7,13,13,16,16,18,11,9,12,10,1,7,16,16,2,7,14,2,2,14,6,6,5,15,3,16,12,16,4,7,18,7,13,16];[[0.7773566427005639,7.7735664270056395,1.0],[0.6698255595592497,6.698255595592498,1.0],[0.09913960392481702,0.9913960392481702,1.0],[0.35297051119014544,3.529705111901454,1.0],[0.4679077429008419,4.679077429008419,1.0],[0.5346837414708775,5.346837414708775,1.0],[0.9783090609123973,9.783090609123974,1.0],[0.13031535015865903,1.3031535015865903,1.0],[0.6712434682302663,6.712434682302662,1.0],[0.36422941594737557,3.6422941594737557,1.0],[0.48883570716198577,4.888357071619858,1.0],[0.20301221073405373,2.0301221073405373,1.0],[0.6661983755713592,6.661983755713592,1.0],[0.2276630312069321,2.276630312069321,1.0],[0.4580640582967631,4.580640582967631,1.0],[0.040722397554957435,0.40722397554957435,1.0],[0.9742897953778286,9.742897953778286,1.0],[0.4874760742689066,4.874760742689066,1.0],[0.4616138636373597,4.616138636373597,1.0]]
4_ChambersBarnes_10_workers.fjs;2259.44231344227;4534300;[0,22,146,232,355,446,618,653,821,852,0,567,638,682,743,821,885,897,925,1041,63,158,262,347,381,478,533,817,895,939,0,63,166,299,474,576,711,743,885,989,102,274,316,467,474,619,731,892,938,1021,0,67,111,169,242,681,743,852,896,1055,18,116,203,266,348,439,447,500,743,833,54,181,354,478,533,618,838,933,942,1015,11,111,146,442,584,682,731,797,817,942,97,274,304,399,576,695,797,897,919,989,278,381,476,538,653,715,779,801,871,916,0,91,203,500,638,778,792,916,933,1049,0,115,249,354,439,488,632,704,792,969,0,22,116,181,356,509,613,658,801,903,0,139,169,266,316,447,531,703,846,871];[7,9,0,6,4,8,2,5,1,3,6,8,3,0,1,4,5,11,2,7,1,3,5,4,0,2,6,8,10,7,1,7,4,6,5,0,8,3,11,2,7,2,8,5,1,6,3,0,11,4,8,0,4,5,11,1,7,6,3,2,6,2,8,1,9,4,7,0,5,3,8,7,5,3,2,4,9,1,0,6,4,0,11,5,7,3,2,8,6,1,9,0,3,8,1,6,2,5,4,7,7,3,4,5,2,6,0,9,1,8,0,3,2,7,8,5,12,1,6,4,11,1,3,6,2,8,7,0,5,4,4,2,5,6,8,7,3,1,0,9,2,5,9,8,0,6,3,7,1,4];[15,13,5,7,17,8,1,17,14,7,6,0,15,16,17,10,6,1,5,18,16,18,13,10,2,12,9,2,8,6,2,9,13,9,1,3,12,15,0,10,15,6,7,1,16,18,3,10,2,3,12,5,1,6,1,11,8,17,18,12,8,3,9,11,0,15,13,7,9,9,10,8,9,0,2,9,5,1,15,0,14,14,4,9,12,9,18,9,1,8,18,16,14,4,7,14,11,11,9,5,2,11,9,15,14,7,3,3,4,7,11,8,16,3,10,14,13,13,16,16,1,9,3,3,0,8,12,13,0,3,18,7,13,15,5,18,18,11,16,15,13,0,2,17,1,15,4,12,4,3];[[0.7966509679599704,7.966509679599704,1.0],[0.05862623274803458,0.5862623274803458,1.0],[0.7602397739740907,7.602397739740907,1.0],[0.8627037401845356,8.627037401845355,1.0],[0.09127403464611428,0.9127403464611428,1.0],[0.9024924365975527,9.024924365975528,1.0],[0.7858960565941281,7.858960565941281,1.0],[0.40667966546103385,4.0667966546103385,1.0],[0.37447264465852026,3.7447264465852026,1.0],[0.6490262282913547,6.490262282913547,1.0],[0.40092466608569977,4.009246660856998,1.0],[0.5721109226277574,5.721109226277575,1.0],[0.6077930620255084,6.077930620255084,1.0],[0.05072389565884072,0.5072389565884072,1.0],[0.7370880093375713,7.370880093375714,1.0],[0.708486383757228,7.08486383757228,1.0],[0.9221724532030824,9.221724532030823,1.0],[0.7149390332589045,7.149390332589045,1.0],[0.6557724968554814,6.5577249685548145,1.0]]
4_ChambersBarnes_10_workers.fjs;2290.1259454849605;2061760;[92,101,206,311,450,582,622,660,791,1000,0,54,136,180,201,285,378,392,853,936,0,45,136,219,379,660,715,785,882,945,129,282,358,466,521,582,694,769,862,960,101,282,316,413,420,641,757,843,889,992,0,285,482,582,649,706,768,861,903,1038,19,94,191,285,438,622,686,767,940,981,130,191,282,378,408,540,672,818,889,1028,0,73,112,219,322,454,785,861,903,963,0,201,408,454,511,621,715,785,807,990,0,228,325,392,494,567,672,694,863,909,0,311,512,602,622,757,771,846,940,1028,0,71,177,228,316,360,621,694,846,940,73,181,420,521,705,861,936,942,963,1051,0,26,219,265,335,384,509,612,621,739];[7,9,0,6,4,8,2,5,1,3,6,8,3,0,1,4,5,10,2,7,1,3,5,4,0,2,6,8,12,7,1,7,4,6,5,0,8,3,11,2,7,2,8,5,1,6,3,0,9,4,8,0,4,5,11,1,7,6,3,2,6,2,8,1,10,4,7,0,5,3,8,7,5,3,2,4,12,1,0,6,4,0,11,5,7,3,2,8,6,1,10,0,3,8,1,6,2,5,4,7,7,3,4,5,2,6,0,10,1,8,0,3,2,7,8,5,11,1,6,4,11,1,3,6,2,8,7,0,5,4,4,2,5,6,8,7,3,1,0,11,2,5,11,8,0,6,3,7,1,4];[15,4,5,12,5,13,11,6,13,7,10,14,18,15,7,3,10,5,12,18,15,0,17,18,2,12,9,4,1,6,2,15,7,9,13,14,8,16,5,4,15,4,10,1,17,15,6,14,13,11,12,7,8,3,1,11,8,8,0,3,3,13,9,11,2,13,13,7,15,9,14,4,16,0,12,9,14,13,4,0,1,1,6,10,13,18,0,1,17,17,11,16,8,16,6,6,4,17,17,10,8,1,1,15,15,0,8,10,11,9,7,8,5,0,9,15,3,13,14,13,6,9,11,2,2,6,5,7,3,3,7,12,18,7,8,6,5,0,2,6,5,17,17,17,4,9,10,6,10,13];[[0.5209484070219088,5.209484070219088,1.0],[0.42125020101147315,4.212502010114731,1.0],[0.22094517308324657,2.2094517308324657,1.0],[0.13033708391670573,1.3033708391670573,1.0],[0.48395776843282956,4.839577684328296,1.0],[0.6260889663051598,6.260889663051597,1.0],[0.6211218319323739,6.21121831932374,1.0],[0.707277595965894,7.07277595965894,1.0],[0.43539590023548325,4.3539590023548325,1.0],[0.04809800715767443,0.4809800715767443,1.0],[0.2254847064342842,2.254847064342842,1.0],[0.788548045160999,7.88548045160999,1.0],[0.42108890435006496,4.21088904350065,1.0],[0.5652029481252892,5.6520294812528915,1.0],[0.6764042610645917,6.764042610645918,1.0],[0.7568325816320766,7.568325816320765,1.0],[0.16251102322256883,1.6251102322256883,1.0],[0.4662293326345085,4.662293326345085,1.0],[0.652658580109924,6.526585801099239,1.0]]
4_ChambersBarnes_10_workers.fjs;2270.3523129219766;148770;[0,9,83,298,371,443,501,575,898,1000,111,217,457,586,694,778,818,855,886,1046,0,48,179,279,319,378,693,754,959,1001,48,111,151,243,298,502,699,724,821,959,151,230,287,363,369,457,678,724,768,875,57,217,399,505,575,632,694,787,836,1031,0,98,329,440,529,629,637,778,854,888,0,230,414,505,542,637,672,889,928,1000,243,279,319,390,502,551,821,886,930,962,83,378,402,486,551,632,652,724,818,888,9,187,286,369,438,652,702,724,809,906,0,133,286,396,637,699,714,792,836,957,130,201,270,371,457,535,787,855,928,1013,0,9,98,130,179,321,396,529,609,886,186,259,289,392,456,531,605,855,863,905];[7,11,0,6,4,8,2,5,1,3,6,8,3,0,1,4,5,12,2,7,1,3,5,4,0,2,6,8,12,7,1,7,4,6,5,0,8,3,12,2,7,2,8,5,1,6,3,0,9,4,8,0,4,5,9,1,7,6,3,2,6,2,8,1,12,4,7,0,5,3,8,7,5,3,2,4,9,1,0,6,4,0,10,5,7,3,2,8,6,1,11,0,3,8,1,6,2,5,4,7,7,3,4,5,2,6,0,11,1,8,0,3,2,7,8,5,12,1,6,4,10,1,3,6,2,8,7,0,5,4,4,2,5,6,8,7,3,1,0,10,2,5,9,8,0,6,3,7,1,4];[15,7,1,12,17,18,6,3,1,7,2,11,8,9,7,3,1,11,16,18,5,8,3,8,2,1,9,9,16,6,2,16,7,18,6,16,5,14,10,13,15,16,7,14,8,12,18,16,6,4,12,12,13,9,14,11,8,16,4,10,3,0,9,17,2,15,4,7,10,9,6,4,15,11,15,16,1,1,7,0,10,10,16,10,13,10,14,3,0,5,10,2,3,18,17,14,14,17,5,10,13,1,3,15,12,7,3,0,17,0,1,14,8,16,15,16,13,13,18,18,2,0,9,0,11,8,11,7,14,3,11,9,15,3,12,18,7,5,12,14,10,5,14,5,13,7,10,12,1,13];[[0.49734142093980327,4.973414209398033,1.0],[0.35999045686025677,3.5999045686025677,1.0],[0.7220617567237175,7.220617567237175,1.0],[0.44672126724761885,4.4672126724761885,1.0],[0.4533596515962979,4.533596515962978,1.0],[0.025925678678183073,0.25925678678183073,1.0],[0.33490089376309407,3.3490089376309404,1.0],[0.4755440242737675,4.755440242737675,1.0],[0.45132356511490823,4.513235651149082,1.0],[0.08788974506102976,0.8788974506102976,1.0],[0.29509671683068217,2.9509671683068217,1.0],[0.33863234208051063,3.3863234208051063,1.0],[0.9020959027552419,9.020959027552419,1.0],[0.7173473735926632,7.173473735926632,1.0],[0.8986159167700656,8.986159167700656,1.0],[0.032997165944182005,0.32997165944182005,1.0],[0.2284682145918675,2.284682145918675,1.0],[0.5381470661357333,5.381470661357333,1.0],[0.06127510457974772,0.6127510457974772,1.0]]
4_ChambersBarnes_10_workers.fjs;2069.303764543621;3319140;[0,9,78,163,324,570,617,652,744,886,0,110,251,313,406,558,599,612,809,922,0,49,140,215,254,471,547,617,688,816,49,113,222,336,391,456,559,630,732,890,9,135,186,243,250,391,516,633,675,751,0,334,378,480,553,657,719,809,854,881,18,170,258,324,406,550,605,675,751,809,54,152,250,346,377,516,660,735,773,886,10,163,215,456,532,581,652,720,854,888,10,70,462,510,559,640,720,794,816,868,241,377,465,567,588,605,751,773,842,931,0,140,254,333,455,553,567,640,660,781,63,135,201,251,336,376,456,558,816,912,0,10,94,116,222,357,510,516,840,931,94,215,243,321,378,465,732,809,816,868];[7,10,0,6,4,8,2,5,1,3,6,8,3,0,1,4,5,10,2,7,1,3,5,4,0,2,6,8,12,7,1,7,4,6,5,0,8,3,10,2,7,2,8,5,1,6,3,0,9,4,8,0,4,5,11,1,7,6,3,2,6,2,8,1,11,4,7,0,5,3,8,7,5,3,2,4,11,1,0,6,4,0,10,5,7,3,2,8,6,1,12,0,3,8,1,6,2,5,4,7,7,3,4,5,2,6,0,11,1,8,0,3,2,7,8,5,9,1,6,4,12,1,3,6,2,8,7,0,5,4,4,2,5,6,8,7,3,1,0,11,2,5,9,8,0,6,3,7,1,4];[15,2,1,14,13,10,1,17,11,12,5,16,15,15,16,4,4,2,1,18,13,18,11,9,2,12,7,14,18,6,4,0,12,9,4,8,8,4,4,13,15,6,15,17,1,15,5,3,5,7,12,5,12,6,5,11,15,4,18,18,5,2,9,0,7,13,18,7,17,9,10,7,14,14,18,13,6,13,18,0,8,5,11,1,0,11,0,11,12,10,7,3,14,18,17,6,9,17,17,8,8,6,15,15,18,0,3,14,11,14,9,10,7,12,3,15,9,13,12,12,6,3,10,3,1,10,4,13,16,16,7,11,2,5,9,13,13,17,14,18,13,18,0,4,2,9,1,15,8,15];[[0.4211249061401,4.211249061401,1.0],[0.9761073344853062,9.761073344853061,1.0],[0.6132800246752349,6.132800246752349,1.0],[0.6930423279788359,6.930423279788359,1.0],[0.5088628354481554,5.088628354481553,1.0],[0.18781156668551158,1.8781156668551158,1.0],[0.830121874145001,8.301218741450011,1.0],[0.8449241651217704,8.449241651217704,1.0],[0.20962821201639004,2.0962821201639006,1.0],[0.6505169872996391,6.505169872996391,1.0],[0.7003316191510263,7.003316191510263,1.0],[0.7150339547653067,7.150339547653068,1.0],[0.8091072451390076,8.091072451390076,1.0],[0.8451978833841938,8.451978833841938,1.0],[0.3695849781386673,3.695849781386673,1.0],[0.5056149902637381,5.056149902637381,1.0],[0.7206140757071586,7.206140757071586,1.0],[0.14319015826691817,1.4319015826691817,1.0],[0.026697115061789622,0.2669711506178962,1.0]]
4_ChambersBarnes_10_workers.fjs;2297.7665584682177;595620;[131,284,364,449,608,637,773,811,966,990,92,379,487,543,614,695,736,782,953,1022,154,349,434,514,568,715,773,829,964,1031,0,92,206,308,363,443,608,672,760,811,315,394,456,514,520,587,658,670,770,1056,0,54,98,158,226,308,481,695,802,877,0,75,162,225,329,419,428,890,1003,1037,54,140,247,434,487,573,608,695,716,829,0,315,499,574,796,840,889,953,974,1006,0,207,225,275,379,516,573,646,749,840,0,92,175,226,247,658,793,861,893,974,247,529,646,715,724,782,796,864,881,964,26,100,175,363,449,529,608,815,911,1003,36,275,520,543,679,724,796,839,966,1054,0,26,53,110,161,207,278,419,587,637];[7,10,0,6,4,8,2,5,1,3,6,8,3,0,1,4,5,12,2,7,1,3,5,4,0,2,6,8,12,7,1,7,4,6,5,0,8,3,9,2,7,2,8,5,1,6,3,0,9,4,8,0,4,5,10,1,7,6,3,2,6,2,8,1,11,4,7,0,5,3,8,7,5,3,2,4,11,1,0,6,4,0,9,5,7,3,2,8,6,1,11,0,3,8,1,6,2,5,4,7,7,3,4,5,2,6,0,11,1,8,0,3,2,7,8,5,11,1,6,4,10,1,3,6,2,8,7,0,5,4,4,2,5,6,8,7,3,1,0,9,2,5,9,8,0,6,3,7,1,4];[15,5,1,7,4,8,11,16,7,12,8,9,8,17,0,4,5,0,2,18,17,8,3,15,2,13,7,1,9,6,2,12,12,18,7,10,5,9,15,10,15,5,9,18,3,16,3,12,12,8,12,5,7,0,14,9,5,8,4,8,7,13,9,16,6,13,13,7,8,9,4,8,0,14,12,11,6,11,2,4,10,13,9,6,18,11,4,1,15,1,17,2,2,6,0,6,1,9,5,0,8,1,13,15,11,4,8,3,14,0,15,7,10,14,0,15,9,13,9,18,15,3,10,11,8,8,18,14,16,16,10,2,13,14,7,1,13,12,5,3,15,14,6,5,7,7,11,6,14,11];[[0.4831103964860096,4.831103964860096,1.0],[0.9021829992468611,9.02182999246861,1.0],[0.5374571935128641,5.374571935128642,1.0],[0.8761340971511191,8.761340971511192,1.0],[0.573156942708234,5.7315694270823405,1.0],[0.994523847851402,9.945238478514021,1.0],[0.3574465703190305,3.574465703190305,1.0],[0.6617299629663892,6.617299629663892,1.0],[0.4882872262788658,4.882872262788657,1.0],[0.5726412824777106,5.726412824777106,1.0],[0.32388398325139345,3.2388398325139347,1.0],[0.8072354510963532,8.072354510963532,1.0],[0.8087324055796944,8.087324055796945,1.0],[0.660852452150834,6.60852452150834,1.0],[0.5802577271631468,5.802577271631469,1.0],[0.04408639890691246,0.4408639890691246,1.0],[0.7725635994624831,7.725635994624831,1.0],[0.340181488474281,3.4018148847428096,1.0],[0.09506024617702258,0.9506024617702258,1.0]]
4_ChambersBarnes_10_workers.fjs;2284.8784212896553;214820;[101,110,193,440,531,679,726,812,911,986,0,54,131,171,193,490,646,833,859,932,62,171,316,391,404,463,521,726,794,941,0,62,101,197,252,316,794,898,986,996,110,292,329,523,580,646,860,901,943,1048,0,71,256,529,596,654,722,812,872,932,18,139,242,305,392,482,490,577,658,692,131,286,414,528,558,644,679,746,755,968,10,119,171,391,435,480,764,823,936,968,0,66,392,439,488,616,644,755,777,869,189,307,399,502,523,577,695,719,776,943,0,66,223,375,384,596,611,722,854,936,0,111,256,307,391,571,650,826,911,996,0,54,139,391,528,571,637,755,943,1034,0,26,72,192,653,717,788,860,869,952];[7,11,0,6,4,8,2,5,1,3,6,8,3,0,1,4,5,12,2,7,1,3,5,4,0,2,6,8,12,7,1,7,4,6,5,0,8,3,10,2,7,2,8,5,1,6,3,0,11,4,8,0,4,5,12,1,7,6,3,2,6,2,8,1,9,4,7,0,5,3,8,7,5,3,2,4,10,1,0,6,4,0,10,5,7,3,2,8,6,1,11,0,3,8,1,6,2,5,4,7,7,3,4,5,2,6,0,9,1,8,0,3,2,7,8,5,9,1,6,4,12,1,3,6,2,8,7,0,5,4,4,2,5,6,8,7,3,1,0,10,2,5,12,8,0,6,3,7,1,4];[15,1,5,7,5,11,2,15,4,7,8,2,16,16,0,4,6,0,0,18,14,8,11,16,2,13,7,9,14,6,15,0,13,18,12,5,7,9,2,10,15,10,12,18,6,16,2,13,18,8,12,3,8,11,1,18,15,8,4,6,4,2,9,3,6,15,17,7,8,9,7,7,9,0,12,11,1,13,4,4,3,17,6,13,11,3,2,17,0,1,10,5,10,18,16,14,4,13,12,10,3,6,11,15,10,15,14,6,10,13,13,10,10,14,18,16,9,13,3,2,6,6,13,9,8,8,3,13,14,3,7,12,11,3,3,3,17,10,16,14,5,14,16,17,0,7,18,14,11,15];[[0.34661995661142697,3.4661995661142697,1.0],[0.2286410960833074,2.286410960833074,1.0],[0.012392470279078194,0.12392470279078194,1.0],[0.9308270259025113,9.308270259025113,1.0],[0.3225145761620236,3.225145761620236,1.0],[0.0006954578022455582,0.006954578022455582,1.0],[0.2097170717940725,2.097170717940725,1.0],[0.5179602272351016,5.179602272351016,1.0],[0.7628222106217201,7.6282221062172,1.0],[0.3089717897377221,3.089717897377221,1.0],[0.15113122452813788,1.5113122452813788,1.0],[0.07045772229012492,0.7045772229012492,1.0],[0.8725064026541692,8.725064026541693,1.0],[0.3074981421409557,3.074981421409557,1.0],[0.272859759997538,2.7285975999753798,1.0],[0.9838464878398866,9.838464878398867,1.0],[0.7385079487399623,7.385079487399623,1.0],[0.7690782380223464,7.690782380223464,1.0],[0.7347776517949599,7.347776517949599,1.0]]
4_ChambersBarnes_10_workers.fjs;2120.472085622717;983000;[0,56,192,320,390,496,626,686,899,964,0,110,237,302,541,631,674,686,826,959,0,49,297,373,381,568,658,744,820,862,49,140,230,390,445,562,650,781,871,906,179,258,322,396,402,473,576,650,711,777,56,110,154,230,297,473,691,781,871,897,19,94,186,249,331,422,441,486,911,945,0,56,140,442,483,568,603,814,880,947,0,154,192,373,396,522,666,725,744,824,72,297,474,538,631,721,741,803,826,907,267,359,442,530,803,823,858,880,923,975,9,133,187,258,267,402,417,721,862,978,0,112,187,237,320,409,496,690,826,926,94,357,507,545,589,625,691,738,765,862,0,26,104,358,440,587,697,781,789,876];[7,11,0,6,4,8,2,5,1,3,6,8,3,0,1,4,5,10,2,7,1,3,5,4,0,2,6,8,9,7,1,7,4,6,5,0,8,3,12,2,7,2,8,5,1,6,3,0,10,4,8,0,4,5,11,1,7,6,3,2,6,2,8,1,12,4,7,0,5,3,8,7,5,3,2,4,11,1,0,6,4,0,11,5,7,3,2,8,6,1,12,0,3,8,1,6,2,5,4,7,7,3,4,5,2,6,0,10,1,8,0,3,2,7,8,5,10,1,6,4,12,1,3,6,2,8,7,0,5,4,4,2,5,6,8,7,3,1,0,9,2,5,10,8,0,6,3,7,1,4];[15,4,5,15,12,8,18,12,7,12,2,7,4,17,1,10,13,5,5,18,8,1,4,18,2,13,7,1,1,6,2,12,0,18,10,5,8,15,7,10,15,18,5,14,8,0,18,4,4,11,12,5,13,3,6,18,15,8,4,4,16,3,9,11,17,15,4,7,8,9,4,18,0,1,2,2,16,11,18,0,10,5,17,13,11,10,2,11,7,10,13,3,1,12,0,6,13,5,9,2,8,1,16,15,14,8,3,0,7,2,15,14,18,1,12,7,7,13,1,1,6,6,10,2,13,9,17,14,14,3,16,0,6,6,10,3,11,3,2,17,5,3,16,5,2,7,10,7,10,12];[[0.8559393885152179,8.55939388515218,1.0],[0.8004839408308784,8.004839408308783,1.0],[0.5938433496209707,5.938433496209708,1.0],[0.8870093324131678,8.870093324131679,1.0],[0.741558169706834,7.4155816970683395,1.0],[0.8097670389513107,8.097670389513107,1.0],[0.2247324103169328,2.247324103169328,1.0],[0.9761818800633866,9.761818800633865,1.0],[0.6339038774096737,6.339038774096737,1.0],[0.5580285642552777,5.580285642552777,1.0],[0.4463526500656817,4.463526500656817,1.0],[0.28336462923826333,2.8336462923826335,1.0],[0.9019880415639555,9.019880415639555,1.0],[0.03268507148422006,0.32685071484220063,1.0],[0.4362825217209084,4.3628252172090844,1.0],[0.18851543397694082,1.8851543397694082,1.0],[0.9250090249429151,9.250090249429151,1.0],[0.9012349700248556,9.012349700248556,1.0],[0.12108560404704316,1.2108560404704316,1.0]]
4_ChambersBarnes_10_workers.fjs;2185.478772186206;348860;[0,9,79,281,361,390,582,650,740,882,67,256,434,596,650,758,809,826,856,929,64,116,205,282,290,379,464,646,717,856,0,88,128,224,309,374,635,646,875,929,9,174,214,397,469,603,748,761,806,925,0,195,390,445,512,580,650,786,847,1007,0,67,151,214,361,459,467,520,908,947,54,359,512,608,637,723,758,826,835,968,54,152,190,282,309,381,518,826,846,903,67,190,201,332,389,674,723,786,809,938,128,247,330,404,501,520,663,688,764,846,0,62,296,449,580,635,761,835,883,1005,0,115,330,381,464,501,580,688,823,953,86,209,374,555,717,760,876,882,903,991,151,174,205,432,620,694,776,847,856,881];[7,9,0,6,4,8,2,5,1,3,6,8,3,0,1,4,5,11,2,7,1,3,5,4,0,2,6,8,9,7,1,7,4,6,5,0,8,3,10,2,7,2,8,5,1,6,3,0,9,4,8,0,4,5,9,1,7,6,3,2,6,2,8,1,12,4,7,0,5,3,8,7,5,3,2,4,11,1,0,6,4,0,12,5,7,3,2,8,6,1,10,0,3,8,1,6,2,5,4,7,7,3,4,5,2,6,0,10,1,8,0,3,2,7,8,5,10,1,6,4,11,1,3,6,2,8,7,0,5,4,4,2,5,6,8,7,3,1,0,10,2,5,10,8,0,6,3,7,1,4];[15,11,5,14,8,8,11,1,11,7,16,7,8,3,8,8,1,3,0,18,0,8,16,16,2,4,7,14,13,6,4,13,13,1,6,18,5,4,12,4,15,6,2,1,9,16,6,6,12,3,12,3,17,11,13,10,10,17,1,18,17,2,9,11,9,15,18,7,7,9,10,0,14,17,12,2,16,1,18,0,12,0,10,8,4,6,4,16,11,17,17,2,8,16,14,6,17,5,5,11,18,15,9,15,5,8,18,3,11,6,8,14,13,0,8,7,7,13,8,3,3,12,11,2,13,10,1,7,14,3,7,0,1,2,14,2,5,3,2,14,7,16,5,3,9,9,0,0,7,15];[[0.5198238265685563,5.198238265685563,1.0],[0.9583988744400509,9.583988744400509,1.0],[0.3402956357666065,3.402956357666065,1.0],[0.7081849781179302,7.081849781179303,1.0],[0.9252189405445452,9.252189405445453,1.0],[0.05032666735654623,0.5032666735654623,1.0],[0.6613275461751585,6.613275461751585,1.0],[0.82711411373077,8.271141137307701,1.0],[0.8734961127808921,8.734961127808921,1.0],[0.5913019030238962,5.913019030238962,1.0],[0.11264722490163037,1.1264722490163037,1.0],[0.34477784983246407,3.4477784983246407,1.0],[0.011377599382669468,0.11377599382669468,1.0],[0.7909742881977946,7.909742881977946,1.0],[0.3277964015146908,3.277964015146908,1.0],[0.22222795698924247,2.2222795698924247,1.0],[0.14676573527209236,1.4676573527209236,1.0],[0.040648812187981,0.40648812187981,1.0],[0.14328037004549943,1.4328037004549943,1.0]]
4_ChambersBarnes_10_workers.fjs;2366.234270578108;274580;[194,203,271,344,411,441,484,572,693,717,76,110,433,473,553,645,762,776,928,1052,130,349,468,551,625,684,760,816,892,951,184,248,287,539,673,782,892,910,1003,1013,287,435,566,666,746,816,898,940,982,1085,0,54,103,161,229,334,468,594,660,742,0,76,186,249,387,572,634,684,798,1016,54,110,229,319,349,441,476,544,553,699,54,173,214,738,762,816,871,928,983,1017,0,103,181,392,441,679,751,839,892,996,0,227,476,551,572,638,760,930,965,1016,108,522,589,683,693,782,816,881,898,983,0,72,130,181,267,304,392,865,940,1033,86,163,319,411,484,566,748,903,982,1077,0,26,94,249,366,455,582,693,717,776];[7,10,0,6,4,8,2,5,1,3,6,8,3,0,1,4,5,9,2,7,1,3,5,4,0,2,6,8,9,7,1,7,4,6,5,0,8,3,10,2,7,2,8,5,1,6,3,0,9,4,8,0,4,5,11,1,7,6,3,2,6,2,8,1,10,4,7,0,5,3,8,7,5,3,2,4,11,1,0,6,4,0,12,5,7,3,2,8,6,1,11,0,3,8,1,6,2,5,4,7,7,3,4,5,2,6,0,9,1,8,0,3,2,7,8,5,10,1,6,4,9,1,3,6,2,8,7,0,5,4,4,2,5,6,8,7,3,1,0,11,2,5,10,8,0,6,3,7,1,4];[15,7,5,7,12,18,18,4,9,12,11,16,16,0,13,8,10,9,18,18,17,1,17,16,2,13,7,4,2,6,4,12,4,18,4,1,5,16,11,13,15,1,10,1,13,3,13,17,12,18,12,10,8,0,18,9,10,17,10,6,1,3,9,9,4,15,0,7,15,9,4,18,0,0,8,2,16,1,6,0,12,8,6,2,4,13,15,6,4,1,3,5,5,18,13,14,6,6,4,14,13,1,12,15,12,7,3,1,9,18,1,8,3,9,1,3,7,13,0,5,0,9,13,11,13,14,17,14,2,3,12,14,2,14,8,0,0,5,17,8,15,11,11,17,15,15,15,2,3,10];[[0.18019241848515155,1.8019241848515155,1.0],[0.48736227300275514,4.873622730027551,1.0],[0.07759170039841756,0.7759170039841756,1.0],[0.5225667244081349,5.2256672440813485,1.0],[0.9196433340252647,9.196433340252646,1.0],[0.8762509611803474,8.762509611803473,1.0],[0.5029695910906639,5.029695910906638,1.0],[0.8160267976375112,8.160267976375112,1.0],[0.8059112000327816,8.059112000327817,1.0],[0.2140591090540045,2.140591090540045,1.0],[0.08805821114486456,0.8805821114486456,1.0],[0.20329737064426556,2.0329737064426556,1.0],[0.5837360924329463,5.837360924329463,1.0],[0.6737333796339059,6.737333796339059,1.0],[0.1608013027204077,1.6080130272040771,1.0],[0.7465026683932527,7.465026683932527,1.0],[0.5706715087422025,5.706715087422025,1.0],[0.4637998194614905,4.637998194614905,1.0],[0.510707169665419,5.10707169665419,1.0]]
5_Kacem_3_workers.fjs;15.22857187741361;1133540;[0,2,3,0,3,4,0,1,5,0,2,6,1,3,5,1,4,6,0,3,5,0,2,5,0,3,5,0,2,3];[6,2,3,0,9,9,9,9,7,8,0,3,8,8,3,5,8,6,3,7,4,4,1,1,5,2,5,2,6,6];[14,1,11,10,4,2,3,13,9,7,0,0,7,9,10,11,3,6,8,10,1,6,6,14,9,13,13,12,4,12];[[0.7773566427005639,7.7735664270056395,1.0],[0.6698255595592497,6.698255595592498,1.0],[0.09913960392481702,0.9913960392481702,1.0],[0.35297051119014544,3.529705111901454,1.0],[0.4679077429008419,4.679077429008419,1.0],[0.5346837414708775,5.346837414708775,1.0],[0.9783090609123973,9.783090609123974,1.0],[0.13031535015865903,1.3031535015865903,1.0],[0.6712434682302663,6.712434682302662,1.0],[0.36422941594737557,3.6422941594737557,1.0],[0.48883570716198577,4.888357071619858,1.0],[0.20301221073405373,2.0301221073405373,1.0],[0.6661983755713592,6.661983755713592,1.0],[0.2276630312069321,2.276630312069321,1.0],[0.4580640582967631,4.580640582967631,1.0]]
5_Kacem_3_workers.fjs;16.75256737879491;2044510;[0,2,3,0,2,6,0,1,2,2,3,5,0,2,3,0,2,5,2,3,6,0,2,6,0,3,4,0,4,5];[6,2,3,0,3,9,9,7,4,6,1,3,8,8,2,5,5,8,0,0,3,4,9,1,2,6,7,1,3,6];[12,4,12,14,6,2,9,10,10,11,5,0,5,9,3,6,1,12,14,7,7,13,13,14,4,8,6,8,2,11];[[0.7966509679599704,7.966509679599704,1.0],[0.05862623274803458,0.5862623274803458,1.0],[0.7602397739740907,7.602397739740907,1.0],[0.8627037401845356,8.627037401845355,1.0],[0.09127403464611428,0.9127403464611428,1.0],[0.9024924365975527,9.024924365975528,1.0],[0.7858960565941281,7.858960565941281,1.0],[0.40667966546103385,4.0667966546103385,1.0],[0.37447264465852026,3.7447264465852026,1.0],[0.6490262282913547,6.490262282913547,1.0],[0.40092466608569977,4.009246660856998,1.0],[0.5721109226277574,5.721109226277575,1.0],[0.6077930620255084,6.077930620255084,1.0],[0.05072389565884072,0.5072389565884072,1.0],[0.7370880093375713,7.370880093375714,1.0]]
5_Kacem_3_workers.fjs;15.103853367521666;795900;[0,1,2,2,4,5,0,1,4,0,1,4,0,5,6,0,2,4,1,2,5,0,2,5,2,3,4,0,1,2];[0,1,3,0,9,9,9,7,7,6,2,3,8,8,3,5,8,6,0,7,5,4,1,1,5,6,5,2,3,4];[11,4,1,14,10,2,3,5,7,0,11,4,13,9,13,6,4,11,7,2,6,1,9,12,6,7,13,12,2,3];[[0.5209484070219088,5.209484070219088,1.0],[0.42125020101147315,4.212502010114731,1.0],[0.22094517308324657,2.2094517308324657,1.0],[0.13033708391670573,1.3033708391670573,1.0],[0.48395776843282956,4.839577684328296,1.0],[0.6260889663051598,6.260889663051597,1.0],[0.6211218319323739,6.21121831932374,1.0],[0.707277595965894,7.07277595965894,1.0],[0.43539590023548325,4.3539590023548325,1.0],[0.04809800715767443,0.4809800715767443,1.0],[0.2254847064342842,2.254847064342842,1.0],[0.788548045160999,7.88548045160999,1.0],[0.42108890435006496,4.21088904350065,1.0],[0.5652029481252892,5.6520294812528915,1.0],[0.6764042610645917,6.764042610645918,1.0]]
5_Kacem_3_workers.fjs;15.383016317762818;3063120;[0,1,4,2,4,5,0,1,3,0,1,5,0,5,6,0,3,6,1,2,5,0,2,5,1,2,3,0,1,2];[0,1,0,0,3,9,9,3,6,6,9,3,2,8,3,8,8,8,0,4,5,4,1,1,5,6,5,5,6,7];[14,4,14,7,4,2,3,10,6,0,12,13,5,9,13,13,9,12,7,10,6,11,3,11,6,11,13,1,9,8];[[0.49734142093980327,4.973414209398033,1.0],[0.35999045686025677,3.5999045686025677,1.0],[0.7220617567237175,7.220617567237175,1.0],[0.44672126724761885,4.4672126724761885,1.0],[0.4533596515962979,4.533596515962978,1.0],[0.025925678678183073,0.25925678678183073,1.0],[0.33490089376309407,3.3490089376309404,1.0],[0.4755440242737675,4.755440242737675,1.0],[0.45132356511490823,4.513235651149082,1.0],[0.08788974506102976,0.8788974506102976,1.0],[0.29509671683068217,2.9509671683068217,1.0],[0.33863234208051063,3.3863234208051063,1.0],[0.9020959027552419,9.020959027552419,1.0],[0.7173473735926632,7.173473735926632,1.0],[0.8986159167700656,8.986159167700656,1.0]]
5_Kacem_3_workers.fjs;16.88672674727277;2763630;[0,2,5,2,4,6,0,1,6,0,1,6,0,3,5,1,4,6,1,2,4,0,2,6,1,3,4,0,2,4];[0,2,3,0,3,9,9,7,6,8,1,3,5,5,1,8,8,8,0,3,4,4,9,1,2,6,7,2,6,6];[0,0,4,1,5,2,3,12,7,8,11,4,14,13,13,7,3,6,9,2,1,6,10,11,4,11,9,12,4,12];[[0.4211249061401,4.211249061401,1.0],[0.9761073344853062,9.761073344853061,1.0],[0.6132800246752349,6.132800246752349,1.0],[0.6930423279788359,6.930423279788359,1.0],[0.5088628354481554,5.088628354481553,1.0],[0.18781156668551158,1.8781156668551158,1.0],[0.830121874145001,8.301218741450011,1.0],[0.8449241651217704,8.449241651217704,1.0],[0.20962821201639004,2.0962821201639006,1.0],[0.6505169872996391,6.505169872996391,1.0],[0.7003316191510263,7.003316191510263,1.0],[0.7150339547653067,7.150339547653068,1.0],[0.8091072451390076,8.091072451390076,1.0],[0.8451978833841938,8.451978833841938,1.0],[0.3695849781386673,3.695849781386673,1.0]]
5_Kacem_3_workers.fjs;15.08126745446751;4636520;[0,1,4,0,4,5,0,3,5,0,1,5,3,5,6,0,3,6,1,3,6,0,2,5,1,2,3,0,1,2];[0,1,3,9,9,2,7,4,6,6,2,9,8,8,3,8,5,8,0,7,5,4,1,1,5,6,6,5,3,3];[11,10,14,3,4,12,14,10,7,2,12,3,7,9,0,5,5,2,7,6,6,13,1,11,6,13,0,8,2,8];[[0.4831103964860096,4.831103964860096,1.0],[0.9021829992468611,9.02182999246861,1.0],[0.5374571935128641,5.374571935128642,1.0],[0.8761340971511191,8.761340971511192,1.0],[0.573156942708234,5.7315694270823405,1.0],[0.994523847851402,9.945238478514021,1.0],[0.3574465703190305,3.574465703190305,1.0],[0.6617299629663892,6.617299629663892,1.0],[0.4882872262788658,4.882872262788657,1.0],[0.5726412824777106,5.726412824777106,1.0],[0.32388398325139345,3.2388398325139347,1.0],[0.8072354510963532,8.072354510963532,1.0],[0.8087324055796944,8.087324055796945,1.0],[0.660852452150834,6.60852452150834,1.0],[0.5802577271631468,5.802577271631469,1.0]]
5_Kacem_3_workers.fjs;17.01855908109849;2359790;[0,3,4,0,4,5,0,3,6,0,1,4,1,5,6,0,3,5,0,1,4,0,3,6,1,2,3,0,1,3];[4,2,0,9,9,2,7,3,6,6,1,3,5,8,3,8,8,6,0,0,4,3,1,1,2,6,6,2,6,7];[11,13,14,4,4,13,14,3,6,10,13,8,12,9,10,3,9,12,9,7,7,6,2,11,10,8,0,12,2,1];[[0.34661995661142697,3.4661995661142697,1.0],[0.2286410960833074,2.286410960833074,1.0],[0.012392470279078194,0.12392470279078194,1.0],[0.9308270259025113,9.308270259025113,1.0],[0.3225145761620236,3.225145761620236,1.0],[0.0006954578022455582,0.006954578022455582,1.0],[0.2097170717940725,2.097170717940725,1.0],[0.5179602272351016,5.179602272351016,1.0],[0.7628222106217201,7.6282221062172,1.0],[0.3089717897377221,3.089717897377221,1.0],[0.15113122452813788,1.5113122452813788,1.0],[0.07045772229012492,0.7045772229012492,1.0],[0.8725064026541692,8.725064026541693,1.0],[0.3074981421409557,3.074981421409557,1.0],[0.272859759997538,2.7285975999753798,1.0]]
5_Kacem_3_workers.fjs;17.170532474272513;4875410;[3,5,6,0,2,6,0,3,5,0,1,5,0,4,5,0,5,7,2,4,5,0,2,5,1,2,3,0,1,3];[0,2,3,0,3,2,9,4,1,6,9,3,2,8,6,8,8,8,0,2,4,4,1,5,5,6,7,5,1,3];[0,0,4,1,2,9,5,8,11,2,3,3,6,9,7,7,14,12,0,2,10,12,12,5,9,8,4,8,14,1];[[0.8559393885152179,8.55939388515218,1.0],[0.8004839408308784,8.004839408308783,1.0],[0.5938433496209707,5.938433496209708,1.0],[0.8870093324131678,8.870093324131679,1.0],[0.741558169706834,7.4155816970683395,1.0],[0.8097670389513107,8.097670389513107,1.0],[0.2247324103169328,2.247324103169328,1.0],[0.9761818800633866,9.761818800633865,1.0],[0.6339038774096737,6.339038774096737,1.0],[0.5580285642552777,5.580285642552777,1.0],[0.4463526500656817,4.463526500656817,1.0],[0.28336462923826333,2.8336462923826335,1.0],[0.9019880415639555,9.019880415639555,1.0],[0.03268507148422006,0.32685071484220063,1.0],[0.4362825217209084,4.3628252172090844,1.0]]
5_Kacem_3_workers.fjs;17.160824725772578;4469090;[2,3,4,0,2,3,0,1,3,0,3,6,1,4,7,0,3,6,0,3,6,0,2,6,0,1,2,0,3,4];[0,2,9,0,9,5,9,7,4,8,1,3,8,2,3,5,8,6,3,0,5,4,6,1,2,6,5,1,3,3];[14,14,14,8,11,0,9,7,9,13,4,8,9,1,10,4,5,2,0,7,6,6,3,3,2,3,13,1,2,8];[[0.5198238265685563,5.198238265685563,1.0],[0.9583988744400509,9.583988744400509,1.0],[0.3402956357666065,3.402956357666065,1.0],[0.7081849781179302,7.081849781179303,1.0],[0.9252189405445452,9.252189405445453,1.0],[0.05032666735654623,0.5032666735654623,1.0],[0.6613275461751585,6.613275461751585,1.0],[0.82711411373077,8.271141137307701,1.0],[0.8734961127808921,8.734961127808921,1.0],[0.5913019030238962,5.913019030238962,1.0],[0.11264722490163037,1.1264722490163037,1.0],[0.34477784983246407,3.4477784983246407,1.0],[0.011377599382669468,0.11377599382669468,1.0],[0.7909742881977946,7.909742881977946,1.0],[0.3277964015146908,3.277964015146908,1.0]]
5_Kacem_3_workers.fjs;15.272736190647944;4879250;[0,1,2,1,4,5,0,1,2,0,1,5,0,5,6,0,3,5,3,4,6,0,2,5,1,2,5,0,1,2];[0,1,3,0,6,9,9,3,7,6,9,3,2,8,3,8,8,6,0,2,5,4,1,1,5,5,5,5,6,6];[14,11,7,8,8,2,3,10,12,11,3,0,13,9,10,0,4,11,7,7,6,12,1,12,6,6,13,7,4,5];[[0.18019241848515155,1.8019241848515155,1.0],[0.48736227300275514,4.873622730027551,1.0],[0.07759170039841756,0.7759170039841756,1.0],[0.5225667244081349,5.2256672440813485,1.0],[0.9196433340252647,9.196433340252646,1.0],[0.8762509611803474,8.762509611803473,1.0],[0.5029695910906639,5.029695910906638,1.0],[0.8160267976375112,8.160267976375112,1.0],[0.8059112000327816,8.059112000327817,1.0],[0.2140591090540045,2.140591090540045,1.0],[0.08805821114486456,0.8805821114486456,1.0],[0.20329737064426556,2.0329737064426556,1.0],[0.5837360924329463,5.837360924329463,1.0],[0.6737333796339059,6.737333796339059,1.0],[0.1608013027204077,1.6080130272040771,1.0]]
5_Kacem_4_workers.fjs;34.282364264443764;4744900;[0,5,8,9,0,1,4,9,0,2,8,10,3,4,8,10,0,6,9,13,2,4,5,10,1,3,4,11,1,2,6,11,0,1,5,13,4,8,13,15,0,3,11,13,0,2,7,12,0,5,7,10,1,3,8,13];[0,2,2,9,3,5,7,7,6,6,1,5,4,5,5,7,8,5,2,4,9,4,9,1,6,7,3,1,9,1,3,3,9,7,1,9,9,4,8,1,4,0,8,6,1,8,8,0,2,8,7,4,0,6,0,1];[7,8,8,6,12,1,7,12,11,5,1,9,14,4,13,14,1,12,5,3,2,14,3,11,7,9,1,12,13,13,4,13,3,4,0,0,2,14,2,5,14,6,10,7,2,12,10,4,10,11,9,8,9,5,2,8];[[0.7773566427005639,7.7735664270056395,1.0],[0.6698255595592497,6.698255595592498,1.0],[0.09913960392481702,0.9913960392481702,1.0],[0.35297051119014544,3.529705111901454,1.0],[0.4679077429008419,4.679077429008419,1.0],[0.5346837414708775,5.346837414708775,1.0],[0.9783090609123973,9.783090609123974,1.0],[0.13031535015865903,1.3031535015865903,1.0],[0.6712434682302663,6.712434682302662,1.0],[0.36422941594737557,3.6422941594737557,1.0],[0.48883570716198577,4.888357071619858,1.0],[0.20301221073405373,2.0301221073405373,1.0],[0.6661983755713592,6.661983755713592,1.0],[0.2276630312069321,2.276630312069321,1.0],[0.4580640582967631,4.580640582967631,1.0]]
5_Kacem_4_workers.fjs;32.553461396335685;3295790;[0,7,8,11,2,6,10,12,4,9,11,14,0,3,4,11,0,1,3,8,5,11,2,5,7,8,10,13,0,3,5,12,3,4,9,11,0,3,10,12,1,4,8,13,2,4,6,10,0,2,4,13,0,2,5,11];[4,0,9,5,6,2,9,3,1,8,2,3,1,4,2,9,8,5,3,4,7,1,0,0,6,3,3,0,9,0,5,9,9,8,2,7,2,5,8,8,9,4,6,6,1,9,9,0,0,8,6,4,7,7,1,4];[8,0,1,12,4,6,1,0,4,13,4,14,5,7,7,6,3,7,1,3,10,11,5,14,3,14,9,0,12,3,11,10,9,5,0,2,10,14,5,1,12,8,7,5,11,13,4,14,4,6,2,6,0,0,12,3];[[0.7966509679599704,7.966509679599704,1.0],[0.05862623274803458,0.5862623274803458,1.0],[0.7602397739740907,7.602397739740907,1.0],[0.8627037401845356,8.627037401845355,1.0],[0.09127403464611428,0.9127403464611428,1.0],[0.9024924365975527,9.024924365975528,1.0],[0.7858960565941281,7.858960565941281,1.0],[0.40667966546103385,4.0667966546103385,1.0],[0.37447264465852026,3.7447264465852026,1.0],[0.6490262282913547,6.490262282913547,1.0],[0.40092466608569977,4.009246660856998,1.0],[0.5721109226277574,5.721109226277575,1.0],[0.6077930620255084,6.077930620255084,1.0],[0.05072389565884072,0.5072389565884072,1.0],[0.7370880093375713,7.370880093375714,1.0]]
5_Kacem_4_workers.fjs;31.99977659373218;3835660;[2,7,8,9,4,6,11,14,2,5,6,11,0,6,11,12,0,4,8,12,4,9,6,14,0,2,5,8,0,2,5,9,0,2,6,11,3,4,8,10,0,2,6,8,0,2,7,11,0,2,4,13,2,5,7,11];[0,0,2,2,3,4,9,7,7,8,1,7,1,5,5,9,8,5,1,5,1,6,0,1,3,3,3,0,2,2,6,9,6,9,9,0,0,0,8,1,7,4,8,3,9,8,9,1,0,1,7,4,6,2,7,4];[3,9,10,10,12,7,4,13,4,11,4,0,5,10,7,4,4,4,3,12,0,1,6,0,7,2,1,0,13,13,5,14,11,10,9,8,5,9,2,12,14,14,3,13,12,7,6,3,8,0,8,5,11,2,8,5];[[0.5209484070219088,5.209484070219088,1.0],[0.42125020101147315,4.212502010114731,1.0],[0.22094517308324657,2.2094517308324657,1.0],[0.13033708391670573,1.3033708391670573,1.0],[0.48395776843282956,4.839577684328296,1.0],[0.6260889663051598,6.260889663051597,1.0],[0.6211218319323739,6.21121831932374,1.0],[0.707277595965894,7.07277595965894,1.0],[0.43539590023548325,4.3539590023548325,1.0],[0.04809800715767443,0.4809800715767443,1.0],[0.2254847064342842,2.254847064342842,1.0],[0.788548045160999,7.88548045160999,1.0],[0.42108890435006496,4.21088904350065,1.0],[0.5652029481252892,5.6520294812528915,1.0],[0.6764042610645917,6.764042610645918,1.0]]
5_Kacem_4_workers.fjs;35.407497400289834;1860220;[0,2,3,5,0,1,6,14,5,6,9,12,3,5,9,12,0,1,9,14,0,10,0,3,0,2,6,9,4,6,9,14,1,5,7,12,0,5,13,15,2,6,11,13,0,3,7,11,4,9,12,14,1,3,5,7];[0,1,2,4,6,6,9,7,1,6,2,9,1,3,9,4,8,5,6,3,7,0,4,4,3,3,0,0,9,1,3,9,9,7,9,1,9,9,8,1,9,8,8,6,1,8,5,0,2,1,7,4,0,5,5,7];[5,7,10,7,13,9,11,10,6,6,6,12,6,13,11,13,12,4,8,0,14,12,8,0,7,1,8,14,5,14,4,14,6,0,11,7,2,12,1,4,13,5,1,6,0,8,10,2,2,13,10,13,12,3,4,0];[[0.49734142093980327,4.973414209398033,1.0],[0.35999045686025677,3.5999045686025677,1.0],[0.7220617567237175,7.220617567237175,1.0],[0.44672126724761885,4.4672126724761885,1.0],[0.4533596515962979,4.533596515962978,1.0],[0.025925678678183073,0.25925678678183073,1.0],[0.33490089376309407,3.3490089376309404,1.0],[0.4755440242737675,4.755440242737675,1.0],[0.45132356511490823,4.513235651149082,1.0],[0.08788974506102976,0.8788974506102976,1.0],[0.29509671683068217,2.9509671683068217,1.0],[0.33863234208051063,3.3863234208051063,1.0],[0.9020959027552419,9.020959027552419,1.0],[0.7173473735926632,7.173473735926632,1.0],[0.8986159167700656,8.986159167700656,1.0]]
5_Kacem_4_workers.fjs;30.02610676861278;2444820;[0,2,5,9,4,6,9,12,0,1,8,12,0,1,6,11,0,2,5,7,2,10,1,6,0,2,5,10,0,3,5,9,0,8,10,11,2,5,7,11,0,2,7,9,2,4,7,12,0,3,5,8,1,3,7,12];[0,0,2,8,9,2,5,7,6,6,2,9,4,4,5,9,8,3,1,3,2,0,0,7,3,8,3,4,2,0,6,3,5,0,9,0,6,5,8,6,9,4,5,6,9,8,9,1,1,1,0,4,7,7,1,4];[14,9,10,14,8,7,10,10,11,1,3,12,4,3,10,2,5,4,3,0,2,1,9,2,0,12,1,5,13,10,13,13,6,11,11,4,8,4,5,6,10,14,10,6,13,6,6,9,7,5,12,4,11,0,9,5];[[0.4211249061401,4.211249061401,1.0],[0.9761073344853062,9.761073344853061,1.0],[0.6132800246752349,6.132800246752349,1.0],[0.6930423279788359,6.930423279788359,1.0],[0.5088628354481554,5.088628354481553,1.0],[0.18781156668551158,1.8781156668551158,1.0],[0.830121874145001,8.301218741450011,1.0],[0.8449241651217704,8.449241651217704,1.0],[0.20962821201639004,2.0962821201639006,1.0],[0.6505169872996391,6.505169872996391,1.0],[0.7003316191510263,7.003316191510263,1.0],[0.7150339547653067,7.150339547653068,1.0],[0.8091072451390076,8.091072451390076,1.0],[0.8451978833841938,8.451978833841938,1.0],[0.3695849781386673,3.695849781386673,1.0]]
5_Kacem_4_workers.fjs;30.651326081503637;4816450;[0,3,4,6,1,2,4,8,0,1,5,12,3,4,6,10,0,1,3,7,4,12,5,9,0,2,5,13,0,2,6,12,4,5,8,9,2,5,10,12,0,2,8,12,0,7,10,12,0,2,6,12,0,2,7,10];[4,0,2,1,6,9,5,4,6,8,6,3,4,4,9,4,8,5,6,0,3,0,4,5,3,3,2,0,2,1,3,9,9,0,9,2,0,9,8,8,9,8,7,6,1,8,9,1,0,7,7,4,7,2,5,1];[2,14,11,8,14,13,0,9,11,4,1,14,8,7,14,0,1,1,12,13,8,12,5,2,0,6,10,0,13,4,7,5,6,11,11,6,5,14,11,13,10,9,14,4,5,12,5,7,3,3,2,8,9,7,4,10];[[0.4831103964860096,4.831103964860096,1.0],[0.9021829992468611,9.02182999246861,1.0],[0.5374571935128641,5.374571935128642,1.0],[0.8761340971511191,8.761340971511192,1.0],[0.573156942708234,5.7315694270823405,1.0],[0.994523847851402,9.945238478514021,1.0],[0.3574465703190305,3.574465703190305,1.0],[0.6617299629663892,6.617299629663892,1.0],[0.4882872262788658,4.882872262788657,1.0],[0.5726412824777106,5.726412824777106,1.0],[0.32388398325139345,3.2388398325139347,1.0],[0.8072354510963532,8.072354510963532,1.0],[0.8087324055796944,8.087324055796945,1.0],[0.660852452150834,6.60852452150834,1.0],[0.5802577271631468,5.802577271631469,1.0]]
5_Kacem_4_workers.fjs;34.5298258939789;4693010;[0,7,9,12,0,2,9,12,0,1,9,13,1,3,5,6,0,1,3,11,1,10,12,15,0,1,4,11,1,3,6,10,0,1,7,13,3,4,7,12,4,6,11,13,0,4,10,13,1,3,9,13,2,6,9,11];[0,1,8,9,3,9,9,7,1,6,2,3,1,5,5,4,8,5,3,3,3,0,0,1,6,8,9,0,9,1,6,4,9,2,2,0,0,4,0,6,7,3,5,6,7,0,9,1,0,8,7,5,6,7,5,1];[3,11,12,3,12,13,9,12,9,0,5,14,6,7,9,9,14,11,5,0,8,1,14,7,7,12,12,14,13,8,13,10,11,1,14,4,4,4,8,6,14,7,9,6,10,11,6,13,14,0,3,11,3,3,4,8];[[0.34661995661142697,3.4661995661142697,1.0],[0.2286410960833074,2.286410960833074,1.0],[0.012392470279078194,0.12392470279078194,1.0],[0.9308270259025113,9.308270259025113,1.0],[0.3225145761620236,3.225145761620236,1.0],[0.0006954578022455582,0.006954578022455582,1.0],[0.2097170717940725,2.097170717940725,1.0],[0.5179602272351016,5.179602272351016,1.0],[0.7628222106217201,7.6282221062172,1.0],[0.3089717897377221,3.089717897377221,1.0],[0.15113122452813788,1.5113122452813788,1.0],[0.07045772229012492,0.7045772229012492,1.0],[0.8725064026541692,8.725064026541693,1.0],[0.3074981421409557,3.074981421409557,1.0],[0.272859759997538,2.7285975999753798,1.0]]
5_Kacem_4_workers.fjs;38.82533335496634;4949270;[0,1,7,13,1,3,12,17,2,4,9,13,0,2,5,8,0,2,5,13,2,6,7,9,0,4,5,15,0,2,5,11,0,4,7,8,0,2,5,9,0,5,10,12,0,2,5,12,2,5,7,12,0,7,9,11];[0,0,1,5,9,9,1,3,7,6,5,9,5,5,9,9,8,3,7,7,2,0,0,7,3,7,6,9,2,0,3,2,6,0,9,0,9,9,2,9,7,8,8,4,1,8,5,8,1,1,4,3,4,2,2,0];[13,13,13,3,12,13,8,11,0,0,2,12,0,1,1,1,2,3,5,0,14,12,12,11,7,9,3,2,1,7,6,7,8,12,11,9,12,10,8,0,3,7,1,13,14,6,0,6,4,10,10,1,11,2,14,5];[[0.8559393885152179,8.55939388515218,1.0],[0.8004839408308784,8.004839408308783,1.0],[0.5938433496209707,5.938433496209708,1.0],[0.8870093324131678,8.870093324131679,1.0],[0.741558169706834,7.4155816970683395,1.0],[0.8097670389513107,8.097670389513107,1.0],[0.2247324103169328,2.247324103169328,1.0],[0.9761818800633866,9.761818800633865,1.0],[0.6339038774096737,6.339038774096737,1.0],[0.5580285642552777,5.580285642552777,1.0],[0.4463526500656817,4.463526500656817,1.0],[0.28336462923826333,2.8336462923826335,1.0],[0.9019880415639555,9.019880415639555,1.0],[0.03268507148422006,0.32685071484220063,1.0],[0.4362825217209084,4.3628252172090844,1.0]]
5_Kacem_4_workers.fjs;32.98303352357773;4704700;[0,1,9,11,0,2,4,11,1,2,8,12,3,9,11,14,0,4,7,10,2,4,7,9,3,4,6,11,0,3,6,11,0,5,7,12,0,3,4,14,0,2,7,9,0,5,7,11,0,5,8,12,1,4,6,10];[0,4,2,8,3,2,9,7,6,6,9,7,1,4,6,9,2,5,3,2,9,6,0,5,6,7,7,0,1,0,8,3,5,0,9,0,6,5,2,6,9,3,5,6,7,9,1,1,8,1,0,4,0,8,2,4];[11,2,10,8,12,12,12,6,11,0,9,9,6,7,7,7,1,11,6,12,8,0,1,2,3,3,11,14,10,1,8,10,7,4,9,4,9,4,8,6,3,9,10,4,13,13,5,5,14,1,1,11,5,5,14,3];[[0.5198238265685563,5.198238265685563,1.0],[0.9583988744400509,9.583988744400509,1.0],[0.3402956357666065,3.402956357666065,1.0],[0.7081849781179302,7.081849781179303,1.0],[0.9252189405445452,9.252189405445453,1.0],[0.05032666735654623,0.5032666735654623,1.0],[0.6613275461751585,6.613275461751585,1.0],[0.82711411373077,8.271141137307701,1.0],[0.8734961127808921,8.734961127808921,1.0],[0.5913019030238962,5.913019030238962,1.0],[0.11264722490163037,1.1264722490163037,1.0],[0.34477784983246407,3.4477784983246407,1.0],[0.011377599382669468,0.11377599382669468,1.0],[0.7909742881977946,7.909742881977946,1.0],[0.3277964015146908,3.277964015146908,1.0]]
5_Kacem_4_workers.fjs;34.07748095808416;3521990;[1,4,5,10,1,3,6,12,2,7,11,14,0,1,3,6,0,4,8,10,7,11,9,11,0,1,7,13,0,5,8,14,0,7,9,11,0,1,9,13,1,4,8,11,0,6,9,12,0,4,9,11,0,5,7,14];[4,0,0,1,6,5,7,3,6,6,2,3,4,5,6,9,8,3,1,3,9,7,2,8,6,8,3,4,9,1,5,9,7,0,8,9,0,0,0,8,9,4,4,6,2,8,9,0,3,8,7,4,1,2,2,1];[9,12,4,12,12,1,12,5,11,6,6,14,11,5,13,7,5,6,8,0,1,8,13,10,1,8,2,5,6,11,3,3,14,4,1,9,7,7,5,4,6,9,11,4,2,5,9,11,3,5,4,1,4,2,14,0];[[0.18019241848515155,1.8019241848515155,1.0],[0.48736227300275514,4.873622730027551,1.0],[0.07759170039841756,0.7759170039841756,1.0],[0.5225667244081349,5.2256672440813485,1.0],[0.9196433340252647,9.196433340252646,1.0],[0.8762509611803474,8.762509611803473,1.0],[0.5029695910906639,5.029695910906638,1.0],[0.8160267976375112,8.160267976375112,1.0],[0.8059112000327816,8.059112000327817,1.0],[0.2140591090540045,2.140591090540045,1.0],[0.08805821114486456,0.8805821114486456,1.0],[0.20329737064426556,2.0329737064426556,1.0],[0.5837360924329463,5.837360924329463,1.0],[0.6737333796339059,6.737333796339059,1.0],[0.1608013027204077,1.6080130272040771,1.0]]
6_Fattahi_14_workers.fjs;1224.3031915016913;3289290;[0,236,347,207,400,486,236,299,478,0,155,400,86,207,408,0,258,369,0,143,258];[1,6,6,0,1,5,1,3,4,0,4,3,0,3,5,3,2,4,2,2,5];[0,6,6,8,9,4,9,1,3,8,5,8,4,1,7,5,3,3,7,2,0];[[0.7773566427005639,7.7735664270056395,1.0],[0.6698255595592497,6.698255595592498,1.0],[0.09913960392481702,0.9913960392481702,1.0],[0.35297051119014544,3.529705111901454,1.0],[0.4679077429008419,4.679077429008419,1.0],[0.5346837414708775,5.346837414708775,1.0],[0.9783090609123973,9.783090609123974,1.0],[0.13031535015865903,1.3031535015865903,1.0],[0.6712434682302663,6.712434682302662,1.0],[0.36422941594737557,3.6422941594737557,1.0]]
6_Fattahi_14_workers.fjs;1199.066532230824;4541910;[0,236,405,163,378,467,82,163,333,0,155,333,0,133,217,0,263,432,133,279,394];[1,1,3,0,1,5,0,3,4,0,4,5,2,6,5,3,3,4,2,2,6];[0,3,1,7,7,6,7,1,5,9,5,9,3,3,8,5,4,3,6,2,8];[[0.7966509679599704,7.966509679599704,1.0],[0.05862623274803458,0.5862623274803458,1.0],[0.7602397739740907,7.602397739740907,1.0],[0.8627037401845356,8.627037401845355,1.0],[0.09127403464611428,0.9127403464611428,1.0],[0.9024924365975527,9.024924365975528,1.0],[0.7858960565941281,7.858960565941281,1.0],[0.40667966546103385,4.0667966546103385,1.0],[0.37447264465852026,3.7447264465852026,1.0],[0.6490262282913547,6.490262282913547,1.0]]
6_Fattahi_14_workers.fjs;1306.8140868882053;979410;[0,236,349,236,441,507,0,81,185,81,284,487,138,271,331,236,369,484,0,138,349];[1,6,3,0,1,5,0,3,5,0,4,3,2,3,5,1,2,4,2,4,6];[0,2,8,0,1,3,7,6,4,9,5,8,3,3,1,6,4,2,5,7,9];[[0.5209484070219088,5.209484070219088,1.0],[0.42125020101147315,4.212502010114731,1.0],[0.22094517308324657,2.2094517308324657,1.0],[0.13033708391670573,1.3033708391670573,1.0],[0.48395776843282956,4.839577684328296,1.0],[0.6260889663051598,6.260889663051597,1.0],[0.6211218319323739,6.21121831932374,1.0],[0.707277595965894,7.07277595965894,1.0],[0.43539590023548325,4.3539590023548325,1.0],[0.04809800715767443,0.4809800715767443,1.0]]
6_Fattahi_14_workers.fjs;1192.8250005362602;2068810;[0,230,413,0,158,222,0,63,333,63,155,333,230,351,467,0,155,304,158,304,425];[0,1,3,2,1,5,1,6,4,1,4,5,0,3,5,3,3,6,2,2,4];[4,0,1,1,8,3,9,9,3,8,5,9,4,6,2,5,7,7,6,2,0];[[0.49734142093980327,4.973414209398033,1.0],[0.35999045686025677,3.5999045686025677,1.0],[0.7220617567237175,7.220617567237175,1.0],[0.44672126724761885,4.4672126724761885,1.0],[0.4533596515962979,4.533596515962978,1.0],[0.025925678678183073,0.25925678678183073,1.0],[0.33490089376309407,3.3490089376309404,1.0],[0.4755440242737675,4.755440242737675,1.0],[0.45132356511490823,4.513235651149082,1.0],[0.08788974506102976,0.8788974506102976,1.0]]
6_Fattahi_14_workers.fjs;1210.4608392204348;3881260;[63,299,425,224,417,479,0,155,333,0,155,333,0,133,223,0,155,333,81,266,425];[1,3,3,0,1,5,0,3,4,1,4,5,2,6,5,3,2,6,0,2,4];[0,1,1,8,9,3,7,6,3,0,5,6,3,7,7,5,3,5,1,4,0];[[0.4211249061401,4.211249061401,1.0],[0.9761073344853062,9.761073344853061,1.0],[0.6132800246752349,6.132800246752349,1.0],[0.6930423279788359,6.930423279788359,1.0],[0.5088628354481554,5.088628354481553,1.0],[0.18781156668551158,1.8781156668551158,1.0],[0.830121874145001,8.301218741450011,1.0],[0.8449241651217704,8.449241651217704,1.0],[0.20962821201639004,2.0962821201639006,1.0],[0.6505169872996391,6.505169872996391,1.0]]
6_Fattahi_14_workers.fjs;1198.546403256536;2037930;[64,300,420,202,395,475,121,209,442,0,155,333,0,121,209,0,159,333,0,159,352];[1,1,3,0,2,5,0,6,4,1,4,5,0,6,5,3,2,4,2,3,6];[0,9,8,8,4,3,7,2,9,1,5,1,4,4,7,5,3,3,3,6,7];[[0.4831103964860096,4.831103964860096,1.0],[0.9021829992468611,9.02182999246861,1.0],[0.5374571935128641,5.374571935128642,1.0],[0.8761340971511191,8.761340971511192,1.0],[0.573156942708234,5.7315694270823405,1.0],[0.994523847851402,9.945238478514021,1.0],[0.3574465703190305,3.574465703190305,1.0],[0.6617299629663892,6.617299629663892,1.0],[0.4882872262788658,4.882872262788657,1.0],[0.5726412824777106,5.726412824777106,1.0]]
6_Fattahi_14_workers.fjs;1303.224834526902;4523640;[63,299,410,205,407,514,0,63,290,0,143,475,84,205,431,0,155,290,0,143,290];[1,6,6,0,1,5,1,6,3,0,2,3,0,6,4,3,3,5,2,4,4];[0,6,0,3,5,3,9,9,4,6,1,8,4,9,1,5,8,7,7,7,8];[[0.34661995661142697,3.4661995661142697,1.0],[0.2286410960833074,2.286410960833074,1.0],[0.012392470279078194,0.12392470279078194,1.0],[0.9308270259025113,9.308270259025113,1.0],[0.3225145761620236,3.225145761620236,1.0],[0.0006954578022455582,0.006954578022455582,1.0],[0.2097170717940725,2.097170717940725,1.0],[0.5179602272351016,5.179602272351016,1.0],[0.7628222106217201,7.6282221062172,1.0],[0.3089717897377221,3.089717897377221,1.0]]
6_Fattahi_14_workers.fjs;1208.9528110548713;748260;[63,299,423,84,290,382,0,63,197,0,155,343,143,276,477,0,155,333,0,289,442];[1,1,3,0,3,6,1,6,5,0,4,5,2,6,5,3,3,4,2,2,4];[0,0,1,2,6,4,9,9,4,1,5,9,3,7,7,5,8,3,7,2,0];[[0.8559393885152179,8.55939388515218,1.0],[0.8004839408308784,8.004839408308783,1.0],[0.5938433496209707,5.938433496209708,1.0],[0.8870093324131678,8.870093324131679,1.0],[0.741558169706834,7.4155816970683395,1.0],[0.8097670389513107,8.097670389513107,1.0],[0.2247324103169328,2.247324103169328,1.0],[0.9761818800633866,9.761818800633865,1.0],[0.6339038774096737,6.339038774096737,1.0],[0.5580285642552777,5.580285642552777,1.0]]
6_Fattahi_14_workers.fjs;1307.873449402971;469670;[0,260,465,0,260,371,63,126,333,0,155,333,126,260,465,0,230,371,230,373,488];[0,6,3,2,1,5,1,6,4,1,4,3,1,3,5,3,2,6,0,2,4];[4,6,1,2,7,6,9,0,3,6,5,8,9,8,8,5,4,5,1,2,0];[[0.5198238265685563,5.198238265685563,1.0],[0.9583988744400509,9.583988744400509,1.0],[0.3402956357666065,3.402956357666065,1.0],[0.7081849781179302,7.081849781179303,1.0],[0.9252189405445452,9.252189405445453,1.0],[0.05032666735654623,0.5032666735654623,1.0],[0.6613275461751585,6.613275461751585,1.0],[0.82711411373077,8.271141137307701,1.0],[0.8734961127808921,8.734961127808921,1.0],[0.5913019030238962,5.913019030238962,1.0]]
6_Fattahi_14_workers.fjs;1208.7109246666055;3786040;[0,236,356,258,416,486,0,143,348,84,170,376,170,305,408,0,170,440,0,143,258];[1,1,6,2,1,5,0,6,4,0,4,3,0,3,5,3,3,4,2,2,5];[0,9,8,1,9,6,4,7,3,8,5,2,4,7,7,5,8,3,7,2,0];[[0.18019241848515155,1.8019241848515155,1.0],[0.48736227300275514,4.873622730027551,1.0],[0.07759170039841756,0.7759170039841756,1.0],[0.5225667244081349,5.2256672440813485,1.0],[0.9196433340252647,9.196433340252646,1.0],[0.8762509611803474,8.762509611803473,1.0],[0.5029695910906639,5.029695910906638,1.0],[0.8160267976375112,8.160267976375112,1.0],[0.8059112000327816,8.059112000327817,1.0],[0.2140591090540045,2.140591090540045,1.0]]
6_Fattahi_20_workers.fjs;2857.2983608031323;2160250;[80,316,846,1140,438,637,697,981,0,80,459,662,155,451,981,1114,316,616,682,821,378,772,899,1140,0,155,312,451,0,455,760,955,697,891,1092,1140,0,224,455,622,217,641,861,934,233,565,772,1010];[0,3,3,6,0,1,4,7,0,6,3,7,1,4,3,5,0,4,5,7,1,2,4,3,1,4,4,7,2,5,5,6,1,2,6,7,3,5,6,6,1,3,4,5,2,2,6,4];[2,7,7,5,11,0,8,7,11,0,6,4,3,10,0,6,10,10,3,1,9,6,3,4,3,10,6,4,6,8,0,2,7,9,4,8,5,1,2,1,9,2,3,10,5,9,11,3];[[0.7773566427005639,7.7735664270056395,1.0],[0.6698255595592497,6.698255595592498,1.0],[0.09913960392481702,0.9913960392481702,1.0],[0.35297051119014544,3.529705111901454,1.0],[0.4679077429008419,4.679077429008419,1.0],[0.5346837414708775,5.346837414708775,1.0],[0.9783090609123973,9.783090609123974,1.0],[0.13031535015865903,1.3031535015865903,1.0],[0.6712434682302663,6.712434682302662,1.0],[0.36422941594737557,3.6422941594737557,1.0],[0.48883570716198577,4.888357071619858,1.0],[0.20301221073405373,2.0301221073405373,1.0]]
6_Fattahi_20_workers.fjs;2928.132869036201;992140;[0,97,227,480,568,743,950,1116,82,227,935,1208,0,371,686,1041,568,716,950,1208,137,272,461,1197,596,834,961,1240,461,723,984,1154,0,229,432,635,0,229,480,796,97,386,671,796,272,596,853,984];[2,6,4,7,2,2,5,4,0,6,3,5,0,4,3,5,0,6,1,7,1,2,5,3,1,2,6,4,3,5,4,6,1,3,6,7,3,5,6,6,2,2,6,7,1,4,4,7];[9,0,2,4,10,6,10,0,11,0,2,6,2,10,0,9,2,1,8,11,8,8,8,9,6,3,3,4,11,8,7,1,8,1,4,9,7,11,0,2,6,2,4,9,3,5,5,6];[[0.7966509679599704,7.966509679599704,1.0],[0.05862623274803458,0.5862623274803458,1.0],[0.7602397739740907,7.602397739740907,1.0],[0.8627037401845356,8.627037401845355,1.0],[0.09127403464611428,0.9127403464611428,1.0],[0.9024924365975527,9.024924365975528,1.0],[0.7858960565941281,7.858960565941281,1.0],[0.40667966546103385,4.0667966546103385,1.0],[0.37447264465852026,3.7447264465852026,1.0],[0.6490262282913547,6.490262282913547,1.0],[0.40092466608569977,4.009246660856998,1.0],[0.5721109226277574,5.721109226277575,1.0]]
6_Fattahi_20_workers.fjs;2925.992270494938;2993890;[0,328,454,696,231,450,541,837,328,589,721,870,450,541,918,1203,0,133,841,1024,393,766,956,1137,677,885,1009,1173,0,225,589,1173,133,272,448,535,225,467,698,865,528,692,918,973,0,328,698,1137];[0,6,3,7,0,2,6,7,1,3,4,5,0,2,3,5,2,4,1,5,1,2,4,3,1,2,6,4,3,5,4,6,2,2,6,7,3,5,6,6,1,3,4,7,1,4,5,7];[3,4,7,8,3,6,6,9,5,5,7,5,9,4,1,5,2,8,8,6,8,6,11,9,11,7,0,4,11,2,7,11,6,11,11,9,7,1,2,2,11,0,6,9,4,0,1,3];[[0.5209484070219088,5.209484070219088,1.0],[0.42125020101147315,4.212502010114731,1.0],[0.22094517308324657,2.2094517308324657,1.0],[0.13033708391670573,1.3033708391670573,1.0],[0.48395776843282956,4.839577684328296,1.0],[0.6260889663051598,6.260889663051597,1.0],[0.6211218319323739,6.21121831932374,1.0],[0.707277595965894,7.07277595965894,1.0],[0.43539590023548325,4.3539590023548325,1.0],[0.04809800715767443,0.4809800715767443,1.0],[0.2254847064342842,2.254847064342842,1.0],[0.788548045160999,7.88548045160999,1.0]]
6_Fattahi_20_workers.fjs;2712.208453955111;3007250;[200,428,543,763,428,644,710,917,0,61,246,345,0,81,632,799,81,245,493,958,200,493,687,1119,336,780,942,1119,0,240,543,908,61,245,450,598,0,467,715,1072,710,845,1081,1130,240,568,811,1053];[0,6,4,7,0,1,5,7,1,6,4,7,0,4,3,5,0,6,1,5,1,3,4,3,1,2,4,4,2,5,6,6,1,3,4,7,3,5,6,6,1,3,4,5,2,2,4,7];[6,9,2,3,7,10,5,9,1,0,10,2,11,10,11,8,9,3,8,11,9,4,2,6,5,9,6,4,4,8,9,1,8,4,4,8,3,1,10,1,6,2,6,7,11,0,5,3];[[0.49734142093980327,4.973414209398033,1.0],[0.35999045686025677,3.5999045686025677,1.0],[0.7220617567237175,7.220617567237175,1.0],[0.44672126724761885,4.4672126724761885,1.0],[0.4533596515962979,4.533596515962978,1.0],[0.025925678678183073,0.25925678678183073,1.0],[0.33490089376309407,3.3490089376309404,1.0],[0.4755440242737675,4.755440242737675,1.0],[0.45132356511490823,4.513235651149082,1.0],[0.08788974506102976,0.8788974506102976,1.0],[0.29509671683068217,2.9509671683068217,1.0],[0.33863234208051063,3.3863234208051063,1.0]]
6_Fattahi_20_workers.fjs;2694.134796979724;2205220;[471,725,847,1147,79,341,409,650,0,61,244,341,0,79,461,814,61,200,278,500,193,573,692,1057,570,725,906,1057,236,587,854,1071,332,840,1026,1112,0,356,723,1011,409,594,868,973,0,341,586,787];[2,1,3,7,0,1,6,7,1,6,4,7,0,4,3,5,1,6,5,7,1,2,6,3,1,2,4,4,3,5,6,6,2,2,6,5,3,5,4,7,1,3,4,5,2,4,4,7];[10,3,4,5,4,2,2,7,1,3,2,4,7,10,0,8,6,3,3,5,1,6,10,7,3,9,7,4,11,8,9,2,6,5,3,9,9,1,1,8,7,2,3,10,5,9,4,6];[[0.4211249061401,4.211249061401,1.0],[0.9761073344853062,9.761073344853061,1.0],[0.6132800246752349,6.132800246752349,1.0],[0.6930423279788359,6.930423279788359,1.0],[0.5088628354481554,5.088628354481553,1.0],[0.18781156668551158,1.8781156668551158,1.0],[0.830121874145001,8.301218741450011,1.0],[0.8449241651217704,8.449241651217704,1.0],[0.20962821201639004,2.0962821201639006,1.0],[0.6505169872996391,6.505169872996391,1.0],[0.7003316191510263,7.003316191510263,1.0],[0.7150339547653067,7.150339547653068,1.0]]
6_Fattahi_20_workers.fjs;2778.7173880793807;3713740;[0,90,382,539,310,834,974,1154,216,536,912,1151,0,79,609,785,79,216,294,382,0,157,294,1117,0,244,398,970,157,382,609,785,535,683,933,974,294,537,802,1121,683,834,1116,1154,147,535,802,933];[2,6,3,7,0,1,6,4,0,3,3,7,0,4,5,5,0,6,5,7,3,2,6,3,1,4,4,4,3,5,6,7,1,3,4,5,2,4,6,6,1,2,4,5,1,2,4,7];[5,5,10,3,7,0,5,8,6,2,1,4,7,10,7,8,7,3,4,11,8,8,2,11,6,1,6,4,11,8,8,6,5,10,5,7,3,9,7,9,2,9,6,7,9,1,5,3];[[0.4831103964860096,4.831103964860096,1.0],[0.9021829992468611,9.02182999246861,1.0],[0.5374571935128641,5.374571935128642,1.0],[0.8761340971511191,8.761340971511192,1.0],[0.573156942708234,5.7315694270823405,1.0],[0.994523847851402,9.945238478514021,1.0],[0.3574465703190305,3.574465703190305,1.0],[0.6617299629663892,6.617299629663892,1.0],[0.4882872262788658,4.882872262788657,1.0],[0.5726412824777106,5.726412824777106,1.0],[0.32388398325139345,3.2388398325139347,1.0],[0.8072354510963532,8.072354510963532,1.0]]
6_Fattahi_20_workers.fjs;2818.74994424771;3057970;[414,786,929,1087,79,704,784,1148,283,348,605,751,0,79,449,911,295,488,697,1146,147,414,568,1076,0,147,265,404,224,455,704,924,0,533,835,875,0,224,455,615,265,582,873,1010,348,709,916,1087];[0,3,3,6,0,1,5,4,1,6,4,7,0,4,3,4,0,6,5,5,1,2,6,3,1,2,4,7,3,5,4,7,2,2,4,5,3,5,4,7,2,3,4,5,1,2,6,7];[9,7,11,4,7,10,10,6,5,8,10,1,7,10,0,2,9,1,5,11,9,6,1,5,6,4,6,4,11,2,3,6,8,11,8,8,5,1,10,8,0,6,6,7,3,9,4,3];[[0.34661995661142697,3.4661995661142697,1.0],[0.2286410960833074,2.286410960833074,1.0],[0.012392470279078194,0.12392470279078194,1.0],[0.9308270259025113,9.308270259025113,1.0],[0.3225145761620236,3.225145761620236,1.0],[0.0006954578022455582,0.006954578022455582,1.0],[0.2097170717940725,2.097170717940725,1.0],[0.5179602272351016,5.179602272351016,1.0],[0.7628222106217201,7.6282221062172,1.0],[0.3089717897377221,3.089717897377221,1.0],[0.15113122452813788,1.5113122452813788,1.0],[0.07045772229012492,0.7045772229012492,1.0]]
6_Fattahi_20_workers.fjs;2768.0743855469955;3862840;[0,228,491,940,325,664,732,909,0,61,228,377,246,326,814,1144,237,377,732,837,526,664,814,1071,702,859,1018,1157,0,469,976,1148,61,246,636,1009,0,237,469,636,377,533,702,776,198,526,778,1071];[0,6,3,7,0,1,5,4,1,6,4,7,0,4,3,5,2,6,1,5,1,3,6,3,2,2,4,4,3,5,6,6,1,3,6,5,2,5,6,7,2,2,6,7,1,4,4,7];[6,0,10,5,7,2,11,6,1,9,6,1,7,10,4,8,1,3,8,11,5,7,10,5,3,7,6,4,7,8,9,2,8,9,3,8,3,11,2,4,6,9,9,9,4,0,5,3];[[0.8559393885152179,8.55939388515218,1.0],[0.8004839408308784,8.004839408308783,1.0],[0.5938433496209707,5.938433496209708,1.0],[0.8870093324131678,8.870093324131679,1.0],[0.741558169706834,7.4155816970683395,1.0],[0.8097670389513107,8.097670389513107,1.0],[0.2247324103169328,2.247324103169328,1.0],[0.9761818800633866,9.761818800633865,1.0],[0.6339038774096737,6.339038774096737,1.0],[0.5580285642552777,5.580285642552777,1.0],[0.4463526500656817,4.463526500656817,1.0],[0.28336462923826333,2.8336462923826335,1.0]]
6_Fattahi_20_workers.fjs;2846.1840689616783;4438140;[203,536,761,926,240,682,759,1107,290,363,641,997,124,203,611,838,0,124,368,472,0,224,363,666,136,472,902,1216,0,611,838,1141,750,908,1096,1162,0,224,456,622,378,527,714,762,351,696,970,1107];[0,6,3,7,2,1,6,4,1,3,4,5,0,4,3,5,0,4,4,7,1,3,6,6,1,4,6,4,2,5,4,6,1,2,6,5,3,5,5,7,2,2,6,7,1,2,4,7];[6,0,4,5,2,2,6,6,1,3,6,0,7,10,4,8,2,8,8,5,9,0,1,1,1,3,1,4,4,8,7,2,1,3,3,1,5,11,4,11,0,9,9,9,7,0,4,11];[[0.5198238265685563,5.198238265685563,1.0],[0.9583988744400509,9.583988744400509,1.0],[0.3402956357666065,3.402956357666065,1.0],[0.7081849781179302,7.081849781179303,1.0],[0.9252189405445452,9.252189405445453,1.0],[0.05032666735654623,0.5032666735654623,1.0],[0.6613275461751585,6.613275461751585,1.0],[0.82711411373077,8.271141137307701,1.0],[0.8734961127808921,8.734961127808921,1.0],[0.5913019030238962,5.913019030238962,1.0],[0.11264722490163037,1.1264722490163037,1.0],[0.34477784983246407,3.4477784983246407,1.0]]
6_Fattahi_20_workers.fjs;3085.3660550490035;4204040;[290,547,663,877,149,290,358,505,210,470,1020,1254,0,82,247,784,82,210,404,1031,155,290,857,1202,0,247,401,666,224,557,939,1248,509,806,1020,1113,0,401,669,1111,0,570,819,1211,404,732,943,1113];[0,6,6,7,2,1,6,7,0,3,3,5,0,4,5,5,0,6,1,7,1,2,4,3,1,4,5,7,3,5,6,6,1,3,4,5,3,4,4,6,2,3,4,7,2,2,5,4];[9,5,2,3,2,3,5,10,11,4,6,3,2,10,0,8,1,3,8,3,8,8,11,6,3,1,2,4,7,8,9,4,1,6,4,2,5,6,10,1,0,7,3,9,11,9,7,11];[[0.18019241848515155,1.8019241848515155,1.0],[0.48736227300275514,4.873622730027551,1.0],[0.07759170039841756,0.7759170039841756,1.0],[0.5225667244081349,5.2256672440813485,1.0],[0.9196433340252647,9.196433340252646,1.0],[0.8762509611803474,8.762509611803473,1.0],[0.5029695910906639,5.029695910906638,1.0],[0.8160267976375112,8.160267976375112,1.0],[0.8059112000327816,8.059112000327817,1.0],[0.2140591090540045,2.140591090540045,1.0],[0.08805821114486456,0.8805821114486456,1.0],[0.20329737064426556,2.0329737064426556,1.0]]
