{"deterministic_makespan": 826.0, "final_R": 2.1131815379152106, "final_robust_makespan": 1745.4879503179639, "final_robust_stdev": 19.479800887787906, "final_simulation_results": [1733.994722166855, 1700.657239035496, 1741.3911859149432, 1740.859573696797, 1735.9819576417171, 1708.3583315911446, 1726.9378612029495, 1762.0322609617003, 1743.6116442375746, 1719.3344420808671, 1726.454991767225, 1731.1860400900277, 1742.0237853895828, 1757.9061988038493, 1744.8207268523292, 1754.5099390465639, 1733.4229618961988, 1761.3273587998096, 1755.9676569149776, 1749.77943526072, 1747.4038642362782, 1720.9975561238361, 1769.1260190676417, 1715.8476936480329, 1770.2960354025502, 1766.2759195126941, 1741.908959144792, 1753.6683258717314, 1735.3015018435526, 1730.4671544085284, 1765.2147961049, 1737.445522313942, 1763.27056617878, 1803.699248312128, 1764.4200650789323, 1745.9043781537305, 1732.6482865997395, 1745.1338535966156, 1733.204687954704, 1754.0871179905926, 1734.6261005116899, 1735.1718051913606, 1764.0299880460725, 1750.5620849905633, 1747.6799261157648, 1790.9454442573885, 1751.2953859426573, 1749.0915819627232, 1717.9759150419525, 1766.139418942984], "fitness": 1745.4879503179639, "function_evaluations": 271280, "generations": 47699, "instance": "0_BehnkeGeiger_60_workers.fjs", "machine_assignments": [1, 54, 17, 48, 58, 3, 22, 4, 30, 58, 2, 30, 37, 4, 59, 3, 52, 46, 16, 56, 3, 17, 15, 38, 58, 2, 26, 45, 53, 59, 2, 31, 22, 34, 58, 3, 29, 20, 29, 58, 3, 5, 51, 18, 58, 1, 34, 42, 17, 57, 2, 6, 27, 43, 56, 0, 40, 18, 35, 58, 3, 15, 45, 36, 56, 1, 43, 6, 6, 57, 0, 48, 53, 42, 58, 3, 25, 25, 10, 57, 3, 40, 11, 12, 59, 0, 6, 18, 29, 58, 2, 54, 35, 33, 56, 0, 17, 23, 14, 59, 3, 38, 14, 53, 58, 0, 30, 4, 41, 58, 3, 34, 36, 55, 58, 2, 26, 39, 42, 59, 1, 15, 11, 47, 58, 0, 13, 49, 12, 59, 2, 19, 36, 25, 57, 3, 39, 11, 52, 56, 2, 35, 14, 42, 58, 3, 12, 47, 22, 59, 2, 28, 44, 18, 56, 3, 10, 47, 52, 56, 2, 27, 12, 18, 57, 2, 52, 39, 31, 56, 3, 50, 14, 31, 57, 0, 4, 19, 7, 56, 2, 41, 38, 29, 57, 2, 4, 14, 47, 57, 2, 48, 4, 6, 57, 1, 6, 12, 25, 59, 1, 17, 52, 20, 56, 0, 31, 16, 49, 58, 2, 22, 14, 52, 57, 0, 15, 21, 20, 57, 1, 44, 8, 29, 56, 2, 8, 40, 48, 57, 3, 27, 20, 24, 58, 2, 11, 39, 22, 59, 3, 22, 50, 33, 57, 1, 34, 36, 42, 58, 0, 53, 33, 30, 58, 3, 10, 11, 36, 56, 0, 35, 24, 16, 59, 0, 32, 43, 38, 57, 0, 12, 55, 25, 59, 2, 37, 26, 42, 57, 1, 42, 30, 16, 56, 2, 14, 44, 55, 59, 3, 51, 14, 40, 58, 2, 8, 19, 30, 56, 0, 24, 15, 19, 56, 3, 29, 44, 21, 57, 0, 34, 42, 10, 59, 0, 46, 31, 5, 57, 2, 30, 51, 37, 59, 1, 20, 43, 23, 59, 0, 5, 11, 18, 56, 3, 8, 21, 29, 56, 1, 44, 36, 19, 59, 0, 47, 17, 45, 57, 2, 6, 37, 15, 58, 0, 10, 51, 43, 57, 3, 44, 44, 53, 57, 3, 33, 29, 47, 57, 1, 34, 17, 51, 58, 1, 29, 51, 50, 59, 2, 8, 18, 23, 56, 0, 49, 41, 12, 56, 2, 22, 41, 54, 58, 3, 14, 41, 35, 59, 1, 32, 21, 55, 56, 3, 41, 19, 10, 57, 1, 17, 35, 12, 59, 0, 21, 42, 55, 59, 1, 48, 34, 18, 58, 1, 23, 28, 48, 56, 1, 7, 50, 51, 57, 2, 40, 47, 44, 57, 1, 38, 6, 36, 58, 0, 41, 13, 10, 56, 2, 38, 20, 29, 58, 0, 4, 43, 4, 57, 0, 8, 21, 25, 59, 2, 8, 12, 17, 59, 0, 36, 31, 37, 58, 1, 26, 22, 30, 59, 1, 49, 30, 20, 59, 3, 22, 45, 26, 57, 3, 23, 32, 41, 58, 0, 41, 27, 50, 58], "raw_function_evaluations": 295580, "run": 8, "runtime_s": 129601.58221721649, "seed": 1007, "start_times": [123, 140, 398, 416, 699, 114, 280, 344, 360, 380, 107, 124, 156, 530, 560, 267, 348, 377, 396, 408, 150, 173, 199, 229, 473, 182, 374, 411, 431, 657, 59, 77, 261, 313, 442, 518, 540, 565, 593, 750, 313, 337, 361, 470, 496, 149, 246, 276, 340, 494, 290, 361, 375, 392, 423, 211, 222, 349, 437, 536, 473, 493, 504, 531, 643, 285, 310, 334, 375, 683, 66, 304, 334, 345, 367, 131, 150, 180, 354, 423, 362, 377, 488, 540, 727, 263, 287, 310, 336, 526, 39, 48, 480, 525, 739, 90, 211, 396, 619, 670, 67, 95, 284, 372, 411, 458, 482, 514, 530, 686, 377, 416, 478, 503, 572, 334, 396, 420, 437, 455, 420, 448, 460, 488, 604, 114, 124, 211, 488, 543, 147, 159, 488, 517, 763, 214, 247, 406, 483, 632, 159, 182, 361, 473, 761, 287, 313, 357, 408, 528, 120, 140, 504, 530, 769, 191, 214, 322, 377, 489, 92, 105, 514, 561, 642, 138, 329, 437, 476, 722, 449, 473, 501, 518, 725, 232, 245, 261, 276, 347, 417, 450, 469, 565, 735, 259, 275, 388, 403, 521, 48, 66, 79, 89, 117, 249, 344, 382, 407, 508, 379, 447, 466, 500, 794, 403, 460, 495, 525, 731, 216, 235, 304, 319, 329, 14, 32, 107, 127, 434, 171, 312, 357, 467, 810, 77, 296, 309, 426, 781, 429, 449, 476, 485, 620, 17, 29, 51, 304, 389, 16, 81, 95, 114, 379, 208, 233, 313, 367, 638, 185, 211, 228, 436, 546, 337, 376, 437, 460, 478, 393, 403, 414, 525, 622, 444, 476, 516, 542, 627, 322, 354, 382, 479, 749, 367, 382, 420, 450, 469, 85, 97, 156, 408, 607, 309, 334, 474, 488, 588, 29, 270, 349, 395, 802, 192, 334, 377, 406, 521, 124, 145, 230, 290, 319, 173, 191, 295, 312, 444, 32, 47, 77, 95, 411, 134, 160, 191, 379, 810, 346, 425, 436, 448, 602, 310, 485, 504, 516, 796, 245, 354, 379, 486, 588, 0, 32, 127, 362, 511, 265, 285, 295, 406, 578, 287, 296, 322, 340, 554, 29, 39, 288, 298, 661, 296, 312, 335, 455, 614, 407, 429, 446, 474, 700, 394, 407, 424, 450, 713, 351, 368, 466, 484, 793, 183, 210, 243, 394, 493, 382, 414, 437, 456, 753, 160, 185, 318, 429, 548, 235, 367, 387, 412, 709, 252, 267, 284, 458, 772, 41, 89, 336, 394, 619, 83, 99, 276, 335, 354, 0, 26, 38, 329, 354, 47, 85, 120, 149, 159, 233, 249, 398, 587, 811, 62, 130, 156, 387, 698, 97, 131, 501, 529, 579, 275, 290, 335, 488, 594, 29, 41, 59, 249, 398, 357, 373, 384, 411, 670, 206, 216, 619, 647, 773, 311, 322, 439, 560, 671, 373, 393, 414, 541, 704, 0, 17, 32, 199, 377, 222, 232, 249, 276, 428, 319, 344, 387, 514, 636, 140, 149, 181, 593, 692, 48, 67, 81, 94, 398, 99, 156, 174, 469, 507, 0, 299, 318, 331, 562], "status": "ok",