Instance;Run;Seed;Fitness;FunctionEvaluations;StartTimes;MachineAssignments;WorkerAssignments;UncertaintyParameters;DeterministicMakespan;FinalRobustStdev;FinalR;RuntimeSeconds;Generations
2c_Hurink_rdata_28_workers.fjs;9;1008;2192.9488624807905;119480;[0,96,296,557,684,758,846,859,886,931,0,87,219,298,371,484,570,611,692,858,0,82,170,214,371,378,638,814,898,958,117,262,270,389,507,607,694,764,811,981,114,308,407,483,547,583,886,930,958,1019,259,267,379,415,491,571,657,694,740,795,0,156,219,336,356,610,698,795,859,987,0,87,172,301,491,582,657,692,811,858,35,116,169,181,308,407,583,830,886,945,181,226,270,358,483,557,568,834,870,935,96,148,217,361,371,389,426,512,676,945,0,407,491,638,743,814,870,898,931,981,0,30,178,226,262,308,470,512,545,676,0,30,117,148,226,313,570,739,931,1020,0,172,188,270,313,407,470,490,596,758];[8,4,2,5,0,7,7,1,3,6,9,3,2,4,0,9,8,1,7,8,7,9,0,5,4,7,2,5,9,2,2,9,0,5,4,3,4,8,3,0,0,2,3,8,0,7,1,1,4,0,8,5,2,7,5,4,4,6,6,1,0,2,6,5,8,8,8,6,7,1,3,7,9,6,2,1,7,1,8,6,9,1,4,8,1,9,0,0,5,7,4,8,9,6,3,2,2,9,4,1,8,6,7,4,5,4,4,1,9,5,1,5,7,8,5,0,9,4,0,9,2,6,7,1,4,8,2,3,8,5,6,2,6,1,3,9,9,9,3,2,4,7,7,1,3,2,6,0,5,0];[3,14,14,13,10,13,11,7,3,10,8,10,1,7,2,3,12,9,5,5,7,7,14,8,3,3,5,10,12,0,5,8,9,5,2,0,11,7,6,2,6,11,9,8,6,0,10,13,12,6,5,12,12,0,14,7,12,0,2,14,12,3,2,8,4,5,13,10,14,13,13,1,0,5,1,4,7,4,8,1,1,9,10,11,4,13,6,2,4,14,5,5,3,13,11,14,8,12,0,6,9,13,13,2,9,7,5,11,8,9,2,0,7,13,9,3,11,0,3,3,6,6,2,7,0,14,2,10,9,3,1,4,4,4,6,6,3,4,1,13,9,7,12,8,0,11,10,6,1,0];[[0.5198238265685563,5.198238265685563,1.0],[0.9583988744400509,9.583988744400509,1.0],[0.3402956357666065,3.402956357666065,1.0],[0.7081849781179302,7.081849781179303,1.0],[0.9252189405445452,9.252189405445453,1.0],[0.05032666735654623,0.5032666735654623,1.0],[0.6613275461751585,6.613275461751585,1.0],[0.82711411373077,8.271141137307701,1.0],[0.8734961127808921,8.734961127808921,1.0],[0.5913019030238962,5.913019030238962,1.0],[0.11264722490163037,1.1264722490163037,1.0],[0.34477784983246407,3.4477784983246407,1.0],[0.011377599382669468,0.11377599382669468,1.0],[0.7909742881977946,7.909742881977946,1.0],[0.3277964015146908,3.277964015146908,1.0]];1027.0;35.46826236964547;2.135295873885872;76512.88697266579;65381
