{"deterministic_makespan": 821.0, "final_R": 2.1064599925526055, "final_robust_makespan": 1729.403653885689, "final_robust_stdev": 14.144454980087989, "final_simulation_results": [1727.4566317925098, 1730.0399425509713, 1744.7486906184922, 1729.3742509365052, 1725.89673546754, 1713.8523424947546, 1725.6285046972744, 1764.1183767092014, 1720.1245227041309, 1708.9143491954528, 1727.7164223626496, 1720.515108159556, 1717.9351425292675, 1732.3313371363488, 1745.0476425352126, 1722.3601673406479, 1736.7581123363468, 1712.9582724622762, 1733.6435122732257, 1756.7954726439455, 1734.1992171999389, 1718.0036693606135, 1760.5456736626506, 1749.7406286614369, 1737.7405744226446, 1722.7204755416062, 1752.77948075931, 1720.5810862280227, 1725.2333805251058, 1731.5201783417058, 1718.5193505521463, 1731.3684792487743, 1726.4057935519184, 1712.5665891788265, 1708.5560098476055, 1710.345125742657, 1760.5550095395756, 1726.7769187087447, 1712.8815635134436, 1722.8555273359384, 1713.6409999280352, 1717.438327133216, 1738.0880169359157, 1731.9774958296873, 1731.18687671547, 1743.092840428179, 1722.7308210102008, 1745.8121799447863, 1730.5961737011273, 1715.508693788859], "fitness": 1729.403653885689, "function_evaluations": 295870, "generations": 44234, "instance": "0_BehnkeGeiger_60_workers.fjs", "machine_assignments": [0, 17, 28, 30, 57, 0, 43, 22, 13, 56, 3, 31, 5, 54, 58, 0, 25, 23, 18, 56, 0, 36, 50, 21, 56, 0, 11, 43, 51, 56, 0, 4, 11, 37, 57, 1, 43, 55, 54, 58, 3, 6, 34, 17, 57, 0, 32, 40, 25, 57, 1, 4, 26, 53, 59, 2, 38, 5, 16, 58, 1, 40, 8, 30, 57, 0, 4, 45, 36, 57, 2, 46, 51, 16, 57, 0, 27, 36, 8, 59, 3, 43, 14, 42, 58, 2, 31, 27, 30, 56, 2, 52, 33, 9, 59, 3, 52, 22, 48, 57, 0, 21, 15, 35, 59, 3, 28, 8, 34, 56, 2, 34, 31, 54, 58, 2, 37, 24, 43, 59, 3, 22, 10, 18, 59, 2, 34, 50, 53, 57, 2, 39, 8, 4, 56, 1, 54, 28, 24, 59, 3, 8, 4, 43, 56, 2, 5, 47, 21, 58, 0, 13, 46, 6, 57, 0, 45, 47, 52, 56, 1, 24, 26, 52, 59, 2, 44, 37, 33, 58, 3, 50, 38, 31, 58, 0, 49, 18, 12, 57, 2, 43, 42, 38, 58, 2, 4, 36, 38, 56, 2, 49, 6, 31, 58, 2, 14, 13, 16, 59, 2, 20, 54, 31, 58, 3, 43, 11, 20, 56, 1, 17, 12, 53, 59, 2, 4, 8, 36, 56, 1, 44, 29, 16, 56, 1, 27, 50, 44, 58, 1, 21, 20, 26, 59, 1, 12, 33, 39, 56, 2, 12, 50, 33, 58, 1, 26, 17, 41, 57, 3, 54, 26, 31, 59, 0, 18, 52, 17, 56, 1, 53, 27, 16, 59, 0, 33, 38, 25, 57, 3, 47, 35, 52, 56, 1, 23, 6, 55, 56, 1, 47, 36, 17, 56, 3, 21, 40, 36, 57, 3, 13, 33, 4, 58, 1, 9, 8, 21, 57, 1, 48, 14, 17, 57, 2, 36, 38, 20, 59, 1, 23, 21, 8, 57, 3, 30, 25, 25, 59, 3, 6, 25, 8, 58, 2, 27, 37, 22, 58, 0, 55, 5, 34, 56, 2, 22, 18, 15, 56, 1, 5, 34, 25, 56, 2, 35, 41, 28, 57, 2, 5, 36, 15, 58, 3, 11, 7, 15, 57, 1, 33, 39, 30, 59, 3, 6, 5, 34, 56, 0, 50, 21, 50, 58, 3, 28, 51, 48, 59, 3, 22, 44, 51, 56, 1, 30, 34, 33, 58, 0, 50, 11, 53, 57, 3, 24, 12, 8, 58, 2, 42, 22, 25, 57, 3, 16, 30, 13, 59, 0, 8, 7, 53, 59, 2, 20, 42, 40, 56, 1, 20, 5, 6, 59, 2, 22, 47, 48, 57, 0, 6, 26, 51, 58, 2, 49, 26, 34, 57, 0, 20, 22, 37, 58, 2, 21, 13, 15, 56, 2, 39, 29, 30, 57, 0, 4, 42, 7, 57, 1, 9, 31, 6, 59, 3, 6, 20, 13, 57, 0, 15, 46, 37, 59, 0, 36, 13, 40, 58, 1, 32, 6, 23, 59, 1, 37, 13, 25, 59, 3, 9, 18, 40, 56, 3, 40, 55, 20, 58], "raw_function_evaluations": 605190, "run": 6, "runtime_s": 129600.2233736515, "seed": 1005, "start_times": [140, 152, 264, 575, 625, 36, 180, 295, 516, 643, 285, 391, 451, 504, 769, 233, 259, 285, 309, 333, 152, 180, 200, 222, 268, 282, 298, 428, 442, 552, 111, 140, 502, 518, 729, 433, 457, 474, 490, 809, 225, 247, 442, 459, 671, 329, 352, 478, 503, 520, 43, 424, 451, 469, 517, 11, 24, 100, 118, 129, 0, 199, 230, 445, 461, 13, 36, 57, 419, 486, 457, 487, 498, 510, 796, 298, 329, 347, 446, 686, 423, 479, 502, 582, 745, 413, 519, 530, 587, 725, 370, 381, 398, 413, 628, 247, 391, 414, 438, 608, 454, 535, 568, 581, 790, 258, 428, 486, 499, 591, 319, 339, 353, 448, 496, 110, 122, 146, 399, 431, 346, 358, 368, 419, 586, 339, 356, 380, 402, 416, 0, 11, 62, 399, 475, 405, 433, 472, 538, 728, 14, 34, 62, 502, 713, 381, 421, 458, 481, 633, 372, 398, 407, 447, 659, 398, 424, 447, 458, 487, 296, 309, 336, 414, 495, 174, 183, 288, 438, 463, 103, 154, 359, 570, 730, 98, 111, 353, 435, 555, 122, 152, 254, 471, 567, 356, 370, 399, 451, 664, 24, 129, 294, 498, 607, 437, 448, 473, 537, 647, 152, 174, 297, 306, 365, 63, 199, 315, 329, 508, 277, 298, 326, 426, 531, 183, 203, 243, 382, 575, 123, 135, 152, 165, 442, 380, 405, 512, 541, 795, 309, 359, 413, 423, 465, 204, 377, 535, 556, 634, 229, 254, 492, 512, 646, 146, 173, 388, 412, 570, 274, 285, 297, 400, 484, 74, 333, 487, 510, 703, 232, 258, 428, 442, 714, 0, 223, 334, 359, 471, 203, 225, 304, 504, 783, 352, 410, 426, 490, 674, 135, 235, 360, 372, 532, 325, 410, 421, 479, 741, 295, 321, 424, 451, 487, 93, 145, 166, 235, 253, 84, 93, 124, 412, 770, 279, 305, 315, 442, 557, 23, 43, 390, 499, 585, 385, 562, 575, 604, 802, 186, 336, 376, 424, 528, 80, 347, 410, 438, 541, 46, 223, 408, 428, 455, 203, 235, 258, 527, 543, 332, 352, 382, 398, 741, 254, 279, 377, 445, 706, 60, 69, 253, 469, 696, 358, 393, 410, 439, 503, 173, 194, 223, 241, 378, 0, 14, 118, 398, 428, 180, 478, 501, 572, 597, 125, 149, 164, 187, 449, 149, 258, 503, 524, 768, 457, 487, 541, 557, 666, 424, 454, 478, 541, 685, 311, 328, 352, 389, 428, 35, 60, 282, 292, 391, 48, 183, 537, 562, 699, 352, 362, 439, 487, 755, 487, 537, 555, 582, 752, 69, 194, 382, 410, 775, 69, 80, 256, 266, 439, 259, 308, 324, 510, 657, 305, 319, 365, 525, 752, 362, 372, 575, 588, 720, 394, 457, 493, 516, 607, 448, 457, 479, 515, 544, 202, 217, 228, 520, 647, 217, 232, 380, 391, 410, 34, 277, 294, 310, 321, 62, 74, 84, 420, 665, 212, 233, 253, 271, 391, 194, 204, 324, 339, 365, 258, 277, 288, 520, 602, 87, 122, 145, 230, 251, 171, 186, 199, 398, 418], "status": "ok",