Instance;Fitness;FunctionEvaluations;StartTimes;MachineAssignments;WorkerAssignments;UncertaintyParameters
0_BehnkeGeiger_42_workers.fjs;182.32603118169484;3554140;[12,22,32,43,54,0,21,32,41,51,15,30,40,52,72,0,12,22,32,55,28,39,50,62,71,0,15,29,41,51,21,32,42,54,64,22,32,43,55,74,10,28,46,57,66,0,10,22,33,45];[2,17,31,30,58,0,39,42,48,57,3,46,40,46,57,2,40,28,38,56,1,43,8,6,59,3,4,11,41,59,0,15,4,47,56,2,25,42,15,56,1,10,35,44,58,1,19,22,45,56];[11,0,60,67,46,61,58,56,23,87,27,87,73,57,20,54,75,5,29,40,51,18,44,83,49,81,19,8,9,58,88,16,81,48,73,45,5,35,70,74,55,3,77,84,72,64,72,18,21,85];[[0.7773566427005639,7.7735664270056395,1.0],[0.6698255595592497,6.698255595592498,1.0],[0.09913960392481702,0.9913960392481702,1.0],[0.35297051119014544,3.529705111901454,1.0],[0.4679077429008419,4.679077429008419,1.0],[0.5346837414708775,5.346837414708775,1.0],[0.9783090609123973,9.783090609123974,1.0],[0.13031535015865903,1.3031535015865903,1.0],[0.6712434682302663,6.712434682302662,1.0],[0.36422941594737557,3.6422941594737557,1.0],[0.48883570716198577,4.888357071619858,1.0],[0.20301221073405373,2.0301221073405373,1.0],[0.6661983755713592,6.661983755713592,1.0],[0.2276630312069321,2.276630312069321,1.0],[0.4580640582967631,4.580640582967631,1.0],[0.040722397554957435,0.40722397554957435,1.0],[0.9742897953778286,9.742897953778286,1.0],[0.4874760742689066,4.874760742689066,1.0],[0.4616138636373597,4.616138636373597,1.0],[0.7141471558082002,7.141471558082002,1.0],[0.4157281494999725,4.157281494999725,1.0],[0.888011688001529,8.88011688001529,1.0],[0.023293448723771704,0.23293448723771704,1.0],[0.8335062677845465,8.335062677845466,1.0],[0.4684947409975081,4.684947409975081,1.0],[0.8114798126442795,8.114798126442794,1.0],[0.9455914886158723,9.455914886158723,1.0],[0.9830883781948988,9.830883781948987,1.0],[0.1761820755785306,1.761820755785306,1.0],[0.698655759576308,6.98655759576308,1.0],[0.10885571131238292,1.0885571131238292,1.0],[0.16026373420620188,1.6026373420620188,1.0],[0.09286027402458918,0.9286027402458918,1.0],[0.3140620798928404,3.140620798928404,1.0],[0.01653868433866723,0.1653868433866723,1.0],[0.8540491257363622,8.540491257363621,1.0],[0.2910160386456968,2.910160386456968,1.0],[0.7800475863350328,7.800475863350328,1.0],[0.5480965161255696,5.480965161255696,1.0],[0.19433067669976123,1.9433067669976123,1.0],[0.2920382721805297,2.920382721805297,1.0],[0.3194527773994337,3.194527773994337,1.0],[0.6585982235379076,6.585982235379077,1.0],[0.23152103541222924,2.3152103541222924,1.0],[0.6194303369953537,6.194303369953537,1.0],[0.8953386098022104,8.953386098022104,1.0],[0.8694342085696831,8.694342085696832,1.0],[0.2938069356684523,2.938069356684523,1.0],[0.45820480858054946,4.582048085805495,1.0],[0.4849797978711191,4.849797978711191,1.0],[0.2803882693587225,2.803882693587225,1.0],[0.32895694635060024,3.2895694635060027,1.0],[0.9842424240265042,9.842424240265043,1.0],[0.011944137920874343,0.11944137920874343,1.0],[0.14290076829328524,1.4290076829328524,1.0],[0.6519772165446712,6.519772165446712,1.0],[0.07499317994693244,0.7499317994693244,1.0],[0.29207870228110877,2.920787022811088,1.0],[0.7934429721917705,7.934429721917705,1.0],[0.9115931008709737,9.115931008709737,1.0],[0.3703917795895437,3.7039177958954372,1.0],[0.20528221118666345,2.0528221118666345,1.0],[0.880081326784678,8.80081326784678,1.0],[0.6325664501560831,6.325664501560832,1.0],[0.503514326058558,5.0351432605855795,1.0],[0.3308435596710889,3.308435596710889,1.0],[0.3474001835074456,3.474001835074456,1.0],[0.2924115863324481,2.9241158633244813,1.0],[0.7653974346433319,7.653974346433319,1.0],[0.4784432998768373,4.784432998768374,1.0],[0.2015373401465821,2.015373401465821,1.0],[0.8715627297687166,8.715627297687167,1.0],[0.7551785489449617,7.5517854894496175,1.0],[0.8675584511848858,8.675584511848859,1.0],[0.9323236929247266,9.323236929247265,1.0],[0.24171326534063708,2.417132653406371,1.0],[0.8924504838872919,8.924504838872918,1.0],[0.7659566844206285,7.659566844206285,1.0],[0.4146826922981828,4.146826922981828,1.0],[0.32368260626724077,3.2368260626724075,1.0],[0.5613052389019693,5.613052389019693,1.0],[0.5908359788832377,5.908359788832377,1.0],[0.16558277680810296,1.6558277680810296,1.0],[0.4861970648764189,4.8619706487641885,1.0],[0.9490216941921916,9.490216941921917,1.0],[0.46819109749463483,4.681910974946348,1.0],[0.39662970244337636,3.9662970244337634,1.0],[0.9188065977724452,9.188065977724452,1.0],[0.9857276253270151,9.85727625327015,1.0],[0.9392006613006973,9.392006613006973,1.0]]
0_BehnkeGeiger_42_workers.fjs;192.20967476796582;3916640;[0,9,19,37,53,0,22,33,42,51,22,35,50,60,72,9,21,31,44,57,30,41,52,61,76,0,12,26,36,49,0,11,24,34,47,11,21,33,48,66,12,30,49,62,71,21,41,51,64,76];[2,53,29,47,57,3,39,32,30,59,3,31,31,13,58,2,18,6,36,56,1,43,35,6,59,1,4,8,7,58,0,27,42,45,56,0,25,21,14,56,1,11,54,27,57,0,46,37,32,56];[82,82,27,71,14,4,25,63,76,27,12,7,57,22,5,42,19,19,59,2,10,46,9,57,70,6,6,23,36,89,69,88,66,25,15,51,11,4,47,37,58,77,83,61,7,30,17,42,33,2];[[0.7966509679599704,7.966509679599704,1.0],[0.05862623274803458,0.5862623274803458,1.0],[0.7602397739740907,7.602397739740907,1.0],[0.8627037401845356,8.627037401845355,1.0],[0.09127403464611428,0.9127403464611428,1.0],[0.9024924365975527,9.024924365975528,1.0],[0.7858960565941281,7.858960565941281,1.0],[0.40667966546103385,4.0667966546103385,1.0],[0.37447264465852026,3.7447264465852026,1.0],[0.6490262282913547,6.490262282913547,1.0],[0.40092466608569977,4.009246660856998,1.0],[0.5721109226277574,5.721109226277575,1.0],[0.6077930620255084,6.077930620255084,1.0],[0.05072389565884072,0.5072389565884072,1.0],[0.7370880093375713,7.370880093375714,1.0],[0.708486383757228,7.08486383757228,1.0],[0.9221724532030824,9.221724532030823,1.0],[0.7149390332589045,7.149390332589045,1.0],[0.6557724968554814,6.5577249685548145,1.0],[0.7371071646895253,7.371071646895253,1.0],[0.18754222176317448,1.8754222176317448,1.0],[0.5019778365908455,5.019778365908455,1.0],[0.8950298548604116,8.950298548604117,1.0],[0.926358313475896,9.26358313475896,1.0],[0.01899157139556429,0.18991571395564288,1.0],[0.8777314655556964,8.777314655556964,1.0],[0.6362924717585655,6.362924717585655,1.0],[0.4066346562427898,4.066346562427898,1.0],[0.12957858368499198,1.2957858368499198,1.0],[0.8626878625294206,8.626878625294207,1.0],[0.25379646148203605,2.5379646148203605,1.0],[0.5928589993203222,5.9285899932032216,1.0],[0.0752821307110767,0.752821307110767,1.0],[0.55648541295561,5.5648541295561005,1.0],[0.39201372928372336,3.9201372928372336,1.0],[0.30661199501593694,3.0661199501593694,1.0],[0.16614394932812038,1.6614394932812038,1.0],[0.03548206500031437,0.35482065000314367,1.0],[0.8734081096560021,8.734081096560022,1.0],[0.6077933997757088,6.077933997757087,1.0],[0.00566233272181782,0.0566233272181782,1.0],[0.57937513910209,5.7937513910209,1.0],[0.766498732100053,7.66498732100053,1.0],[0.20058362814831487,2.0058362814831487,1.0],[0.9293225912363087,9.293225912363086,1.0],[0.8422636176481996,8.422636176481996,1.0],[0.5387041601810612,5.387041601810612,1.0],[0.9883390358185146,9.883390358185146,1.0],[0.21802702973914923,2.180270297391492,1.0],[0.038493402742472815,0.38493402742472815,1.0],[0.37032113547489287,3.7032113547489285,1.0],[0.1822270440474585,1.8222704404745849,1.0],[0.9462360068540245,9.462360068540246,1.0],[0.1150920367841759,1.150920367841759,1.0],[0.3529247978916473,3.529247978916473,1.0],[0.8631951229076982,8.631951229076982,1.0],[0.041228887544789705,0.41228887544789705,1.0],[0.08920964027917122,0.8920964027917122,1.0],[0.5188892304220151,5.1888923042201505,1.0],[0.3593751525090847,3.593751525090847,1.0],[0.02137850022746135,0.2137850022746135,1.0],[0.6705629807207766,6.705629807207766,1.0],[0.8415018800797289,8.41501880079729,1.0],[0.0549654710344607,0.549654710344607,1.0],[0.12847413232468474,1.2847413232468474,1.0],[0.12133653253479593,1.2133653253479593,1.0],[0.47496175692231557,4.7496175692231555,1.0],[0.6501440243508211,6.501440243508211,1.0],[0.26467231108682165,2.6467231108682165,1.0],[0.8283954411360489,8.283954411360488,1.0],[0.09632504623843086,0.9632504623843086,1.0],[0.9001492562131493,9.001492562131494,1.0],[0.22420503779756518,2.2420503779756515,1.0],[0.11601154122656976,1.1601154122656976,1.0],[0.20138930403775013,2.0138930403775013,1.0],[0.5571704471099438,5.571704471099438,1.0],[0.8954308805741998,8.954308805741999,1.0],[0.10783585956749675,1.0783585956749675,1.0],[0.6110196883093226,6.110196883093226,1.0],[0.5285746404071686,5.285746404071686,1.0],[0.4751239272073001,4.7512392720730015,1.0],[0.7846662958446119,7.846662958446119,1.0],[0.25197118373537,2.5197118373536997,1.0],[0.9011562601111824,9.011562601111825,1.0],[0.33015443004324485,3.3015443004324485,1.0],[0.39070876167562685,3.9070876167562685,1.0],[0.5024299090089163,5.024299090089163,1.0],[0.5414008895519862,5.414008895519862,1.0],[0.7061732576618968,7.061732576618968,1.0],[0.8167560629471541,8.167560629471541,1.0]]
0_BehnkeGeiger_42_workers.fjs;204.96485423843953;1970750;[0,9,23,40,51,0,22,36,56,67,0,16,27,42,53,19,32,47,60,73,16,36,51,68,77,28,40,56,72,87,22,45,55,65,76,9,19,41,50,83,0,18,35,50,60,18,28,38,49,58];[2,54,9,18,58,3,50,29,29,58,0,45,32,6,59,2,16,12,17,56,0,42,36,6,59,1,4,28,7,57,3,15,42,47,57,2,7,14,16,56,1,10,24,44,56,1,12,13,35,57];[0,80,67,82,10,61,40,1,25,56,39,45,20,62,67,30,41,56,39,53,25,58,74,25,7,16,23,24,13,46,33,19,66,8,14,70,35,84,29,52,26,66,74,75,43,44,10,2,53,64];[[0.5209484070219088,5.209484070219088,1.0],[0.42125020101147315,4.212502010114731,1.0],[0.22094517308324657,2.2094517308324657,1.0],[0.13033708391670573,1.3033708391670573,1.0],[0.48395776843282956,4.839577684328296,1.0],[0.6260889663051598,6.260889663051597,1.0],[0.6211218319323739,6.21121831932374,1.0],[0.707277595965894,7.07277595965894,1.0],[0.43539590023548325,4.3539590023548325,1.0],[0.04809800715767443,0.4809800715767443,1.0],[0.2254847064342842,2.254847064342842,1.0],[0.788548045160999,7.88548045160999,1.0],[0.42108890435006496,4.21088904350065,1.0],[0.5652029481252892,5.6520294812528915,1.0],[0.6764042610645917,6.764042610645918,1.0],[0.7568325816320766,7.568325816320765,1.0],[0.16251102322256883,1.6251102322256883,1.0],[0.4662293326345085,4.662293326345085,1.0],[0.652658580109924,6.526585801099239,1.0],[0.9348323542569703,9.348323542569704,1.0],[0.28093837261172117,2.8093837261172117,1.0],[0.9004772145836625,9.004772145836625,1.0],[0.848839594589838,8.48839594589838,1.0],[0.5244847531468491,5.244847531468491,1.0],[0.5786464188581003,5.786464188581003,1.0],[0.9355850494740874,9.355850494740874,1.0],[0.4401579992643663,4.401579992643663,1.0],[0.2893634937717525,2.8936349377175254,1.0],[0.7973797699194577,7.973797699194577,1.0],[0.10126138052386269,1.0126138052386269,1.0],[0.7187270677771636,7.187270677771636,1.0],[0.6449563433897082,6.449563433897082,1.0],[0.39126761491023665,3.9126761491023663,1.0],[0.9392975330999302,9.392975330999302,1.0],[0.609238184698229,6.09238184698229,1.0],[0.15484533159211777,1.5484533159211777,1.0],[0.41680311462661035,4.168031146266103,1.0],[0.9542543925010913,9.542543925010914,1.0],[0.08511902784380565,0.8511902784380565,1.0],[0.8102082222849146,8.102082222849146,1.0],[0.549048343145825,5.49048343145825,1.0],[0.797431305367372,7.974313053673719,1.0],[0.9212545834178625,9.212545834178625,1.0],[0.0840140116542355,0.840140116542355,1.0],[0.4271098529259699,4.2710985292596995,1.0],[0.4827049527125804,4.827049527125804,1.0],[0.4926248212853439,4.926248212853439,1.0],[0.8381214590808308,8.381214590808309,1.0],[0.06168361162523717,0.6168361162523717,1.0],[0.1800356634856508,1.800356634856508,1.0],[0.7512006320826361,7.5120063208263606,1.0],[0.8202315016053369,8.202315016053369,1.0],[0.9482269285705965,9.482269285705966,1.0],[0.09190024497370541,0.9190024497370541,1.0],[0.8275229129042858,8.275229129042858,1.0],[0.010223681010074426,0.10223681010074426,1.0],[0.7915178392051999,7.915178392051999,1.0],[0.23087148740184416,2.3087148740184418,1.0],[0.9176421264305312,9.176421264305311,1.0],[0.6337400704415804,6.3374007044158045,1.0],[0.4722514806957412,4.722514806957411,1.0],[0.15692662657496914,1.5692662657496914,1.0],[0.890455619982956,8.90455619982956,1.0],[0.3934374640442826,3.934374640442826,1.0],[0.9437473032889695,9.437473032889695,1.0],[0.027056184431497043,0.27056184431497043,1.0],[0.4303544994441807,4.303544994441807,1.0],[0.03986032371878334,0.3986032371878334,1.0],[0.27475171221519046,2.747517122151905,1.0],[0.9564909094852423,9.564909094852423,1.0],[0.3359902829981165,3.359902829981165,1.0],[0.04595304692857216,0.4595304692857216,1.0],[0.37548864135994087,3.754886413599409,1.0],[0.7100525719018224,7.100525719018224,1.0],[0.7195452743357282,7.195452743357283,1.0],[0.8188902738341958,8.188902738341957,1.0],[0.11659700681519214,1.1659700681519214,1.0],[0.5117406310798319,5.117406310798319,1.0],[0.4226359284361241,4.226359284361241,1.0],[0.4231179217423974,4.231179217423974,1.0],[0.5975978869418672,5.975978869418672,1.0],[0.10039657835066573,1.0039657835066573,1.0],[0.8661288460342442,8.661288460342442,1.0],[0.8262463782392978,8.262463782392977,1.0],[0.588405995089693,5.884059950896931,1.0],[0.302515462738837,3.0251546273883703,1.0],[0.031295122158443434,0.31295122158443434,1.0],[0.5757925091701167,5.757925091701167,1.0],[0.9545321496576605,9.545321496576605,1.0],[0.9649769610853548,9.649769610853548,1.0]]
0_BehnkeGeiger_42_workers.fjs;196.07566020251252;4656070;[0,9,19,30,41,9,27,38,54,70,14,27,36,45,56,0,14,25,35,48,30,41,53,65,75,0,12,26,38,48,0,11,21,32,50,31,41,52,63,81,12,30,47,58,68,11,31,44,55,70];[2,28,31,17,58,2,39,12,54,57,3,29,27,6,57,3,14,28,48,59,1,43,8,6,59,1,4,11,28,56,0,15,47,45,58,0,25,48,15,56,1,10,36,49,56,0,35,22,35,58];[0,11,40,79,2,68,86,29,70,10,83,22,72,36,20,83,59,5,84,74,51,87,79,32,56,30,48,67,37,35,2,67,52,14,18,56,38,48,49,74,63,66,76,52,43,43,42,59,8,48];[[0.49734142093980327,4.973414209398033,1.0],[0.35999045686025677,3.5999045686025677,1.0],[0.7220617567237175,7.220617567237175,1.0],[0.44672126724761885,4.4672126724761885,1.0],[0.4533596515962979,4.533596515962978,1.0],[0.025925678678183073,0.25925678678183073,1.0],[0.33490089376309407,3.3490089376309404,1.0],[0.4755440242737675,4.755440242737675,1.0],[0.45132356511490823,4.513235651149082,1.0],[0.08788974506102976,0.8788974506102976,1.0],[0.29509671683068217,2.9509671683068217,1.0],[0.33863234208051063,3.3863234208051063,1.0],[0.9020959027552419,9.020959027552419,1.0],[0.7173473735926632,7.173473735926632,1.0],[0.8986159167700656,8.986159167700656,1.0],[0.032997165944182005,0.32997165944182005,1.0],[0.2284682145918675,2.284682145918675,1.0],[0.5381470661357333,5.381470661357333,1.0],[0.06127510457974772,0.6127510457974772,1.0],[0.22935566071129299,2.29355660711293,1.0],[0.5598162304796008,5.598162304796008,1.0],[0.0008471767611641923,0.008471767611641923,1.0],[0.3920352782519039,3.9203527825190387,1.0],[0.03133523867093202,0.3133523867093202,1.0],[0.24056870266164254,2.4056870266164254,1.0],[0.8953787890847891,8.953787890847892,1.0],[0.3866575811855242,3.866575811855242,1.0],[0.26785644445085033,2.6785644445085035,1.0],[0.9113672758007916,9.113672758007915,1.0],[0.8561689403543553,8.561689403543554,1.0],[0.2548634438031525,2.548634438031525,1.0],[0.42717855363332036,4.271785536333203,1.0],[0.19719480126070077,1.9719480126070077,1.0],[0.7644816954164836,7.644816954164836,1.0],[0.45421054829626994,4.5421054829626994,1.0],[0.7701442479976394,7.701442479976394,1.0],[0.7544956928280053,7.544956928280053,1.0],[0.1329370279333042,1.329370279333042,1.0],[0.13608412133420567,1.3608412133420567,1.0],[0.7421993063471702,7.421993063471702,1.0],[0.8710335288246386,8.710335288246386,1.0],[0.18118149060958277,1.8118149060958277,1.0],[0.8581563188196332,8.581563188196332,1.0],[0.2027449363975372,2.0274493639753723,1.0],[0.3410290736485122,3.410290736485122,1.0],[0.6372290727852594,6.372290727852594,1.0],[0.14905275813887664,1.4905275813887664,1.0],[0.5109099957893487,5.109099957893487,1.0],[0.4352931558109894,4.352931558109894,1.0],[0.09760732352088275,0.9760732352088275,1.0],[0.05941930181032895,0.5941930181032895,1.0],[0.4305054409800979,4.305054409800979,1.0],[0.5024944042408487,5.024944042408487,1.0],[0.5079732331603702,5.079732331603703,1.0],[0.0640695575730742,0.640695575730742,1.0],[0.43169459272424404,4.316945927242441,1.0],[0.9774036975897298,9.774036975897298,1.0],[0.7083743064187731,7.083743064187731,1.0],[0.3236585836720067,3.2365858367200673,1.0],[0.6948341495565338,6.948341495565337,1.0],[0.3959747672493763,3.959747672493763,1.0],[0.5702020071109615,5.702020071109615,1.0],[0.1273830425097976,1.273830425097976,1.0],[0.0022121200251274953,0.022121200251274953,1.0],[0.7082383894336587,7.082383894336587,1.0],[0.46105048814669625,4.610504881466962,1.0],[0.048724340958554824,0.48724340958554824,1.0],[0.9996141487513373,9.996141487513373,1.0],[0.6273821455013189,6.273821455013189,1.0],[0.2348624347451349,2.348624347451349,1.0],[0.5041148841596441,5.041148841596441,1.0],[0.8039409645464441,8.039409645464442,1.0],[0.47932085049134165,4.793208504913417,1.0],[0.70795730946113,7.0795730946113,1.0],[0.007554994577610108,0.07554994577610108,1.0],[0.8007158968273879,8.00715896827388,1.0],[0.5714645581344422,5.714645581344422,1.0],[0.3553516990323421,3.5535169903234207,1.0],[0.4109500828077237,4.109500828077238,1.0],[0.8741229133056294,8.741229133056294,1.0],[0.9420210435021625,9.420210435021625,1.0],[0.30280487290994307,3.0280487290994307,1.0],[0.8284132151265241,8.284132151265242,1.0],[0.3304643624332526,3.304643624332526,1.0],[0.5345490821912385,5.345490821912385,1.0],[0.05846257531970078,0.5846257531970078,1.0],[0.3640608639017009,3.640608639017009,1.0],[0.4918937375846536,4.918937375846536,1.0],[0.05273726661906186,0.5273726661906186,1.0],[0.9082050684613338,9.082050684613337,1.0]]
0_BehnkeGeiger_42_workers.fjs;189.42607700053188;4904730;[29,38,53,64,75,0,19,33,44,57,15,29,40,49,76,21,40,50,62,78,10,21,38,50,59,0,15,29,38,47,19,31,47,58,78,19,29,46,55,68,0,19,36,47,57,0,10,25,38,56];[2,16,31,17,59,2,48,42,48,57,3,29,33,5,58,1,45,28,19,56,1,43,8,6,59,3,4,8,41,57,0,25,4,47,57,2,26,14,21,56,0,10,36,49,58,1,24,37,47,56];[7,11,40,34,31,40,60,81,23,87,65,51,89,8,52,87,13,35,76,36,10,57,44,77,62,81,80,84,78,14,53,55,21,67,26,70,62,0,70,60,48,66,76,39,37,82,1,85,49,81];[[0.4211249061401,4.211249061401,1.0],[0.9761073344853062,9.761073344853061,1.0],[0.6132800246752349,6.132800246752349,1.0],[0.6930423279788359,6.930423279788359,1.0],[0.5088628354481554,5.088628354481553,1.0],[0.18781156668551158,1.8781156668551158,1.0],[0.830121874145001,8.301218741450011,1.0],[0.8449241651217704,8.449241651217704,1.0],[0.20962821201639004,2.0962821201639006,1.0],[0.6505169872996391,6.505169872996391,1.0],[0.7003316191510263,7.003316191510263,1.0],[0.7150339547653067,7.150339547653068,1.0],[0.8091072451390076,8.091072451390076,1.0],[0.8451978833841938,8.451978833841938,1.0],[0.3695849781386673,3.695849781386673,1.0],[0.5056149902637381,5.056149902637381,1.0],[0.7206140757071586,7.206140757071586,1.0],[0.14319015826691817,1.4319015826691817,1.0],[0.026697115061789622,0.2669711506178962,1.0],[0.15341588178909327,1.5341588178909327,1.0],[0.8363432326370349,8.363432326370349,1.0],[0.3246336983988545,3.2463369839885448,1.0],[0.3029175030516511,3.029175030516511,1.0],[0.11785699745257816,1.1785699745257816,1.0],[0.12094663440427922,1.2094663440427922,1.0],[0.9680758098639723,9.680758098639723,1.0],[0.05051541232897139,0.5051541232897139,1.0],[0.9837100378798541,9.83710037879854,1.0],[0.5522705914806934,5.5227059148069335,1.0],[0.2474360532702261,2.474360532702261,1.0],[0.015934056387660878,0.15934056387660878,1.0],[0.8816507734170083,8.816507734170083,1.0],[0.38970094386643916,3.8970094386643916,1.0],[0.948399003178236,9.48399003178236,1.0],[0.05851121780149349,0.5851121780149349,1.0],[0.7974936305528121,7.974936305528121,1.0],[0.6609068549274018,6.609068549274017,1.0],[0.8088394062462949,8.08839406246295,1.0],[0.4910678923283146,4.910678923283146,1.0],[0.7183875619927151,7.183875619927152,1.0],[0.44010133419268005,4.4010133419268005,1.0],[0.23511737188381732,2.351173718838173,1.0],[0.13179454335673724,1.3179454335673724,1.0],[0.47235541919868507,4.7235541919868504,1.0],[0.736485892218076,7.36485892218076,1.0],[0.020512092588616526,0.20512092588616526,1.0],[0.15372078110124265,1.5372078110124265,1.0],[0.9186126274153484,9.186126274153484,1.0],[0.5327250835103642,5.327250835103642,1.0],[0.5544157030510064,5.544157030510064,1.0],[0.6069379100604821,6.069379100604822,1.0],[0.14801757270189186,1.4801757270189186,1.0],[0.4404344830924649,4.404344830924649,1.0],[0.38949638513061857,3.8949638513061857,1.0],[0.720992959617223,7.20992959617223,1.0],[0.48989961614799515,4.8989961614799515,1.0],[0.6559321524303485,6.559321524303485,1.0],[0.9188878069642079,9.18887806964208,1.0],[0.48657298069770416,4.865729806977042,1.0],[0.7972300829849082,7.972300829849082,1.0],[0.5639219663957465,5.639219663957466,1.0],[0.961016524120257,9.61016524120257,1.0],[0.47644799508871905,4.764479950887191,1.0],[0.24879011707166054,2.487901170716605,1.0],[0.9490182751915078,9.490182751915079,1.0],[0.7422259987799357,7.4222599877993565,1.0],[0.14336464132504567,1.4336464132504567,1.0],[0.3587815743778219,3.5878157437782185,1.0],[0.4933829199950983,4.933829199950983,1.0],[0.05388988630637248,0.5388988630637248,1.0],[0.218161652046843,2.18161652046843,1.0],[0.11036855637231835,1.1036855637231835,1.0],[0.11019665525187328,1.1019665525187328,1.0],[0.08321860713308704,0.8321860713308704,1.0],[0.8548431956714836,8.548431956714836,1.0],[0.8379786013676603,8.379786013676604,1.0],[0.49692456318177003,4.9692456318177,1.0],[0.3383418526610099,3.3834185266100993,1.0],[0.8847267085145368,8.847267085145369,1.0],[0.7727073339099483,7.727073339099483,1.0],[0.4378611007868425,4.378611007868425,1.0],[0.36357237359531624,3.6357237359531624,1.0],[0.9993128545514127,9.993128545514127,1.0],[0.011407353725907177,0.11407353725907177,1.0],[0.683883535316853,6.8388353531685295,1.0],[0.5777677015169478,5.777677015169478,1.0],[0.279572135569809,2.79572135569809,1.0],[0.5251374991808218,5.251374991808218,1.0],[0.19595099082337364,1.9595099082337364,1.0],[0.6934430548580864,6.934430548580864,1.0]]
0_BehnkeGeiger_42_workers.fjs;187.6711446628449;2124660;[30,39,56,67,77,12,30,41,50,59,0,16,25,34,46,0,12,22,32,44,24,35,47,57,71,10,24,40,57,80,26,38,51,64,77,16,26,41,50,61,0,23,40,52,64,0,10,20,32,44];[2,31,31,41,58,2,39,32,30,57,0,13,27,46,56,2,21,28,17,59,1,43,35,6,59,1,4,28,34,57,0,27,4,47,56,0,26,14,15,58,3,10,36,49,56,1,46,40,45,58];[7,65,60,48,21,68,60,81,47,67,46,30,87,31,46,57,63,45,16,58,10,1,43,24,49,26,54,7,81,80,43,35,71,16,15,56,77,68,80,36,71,38,12,3,54,82,17,27,67,52];[[0.4831103964860096,4.831103964860096,1.0],[0.9021829992468611,9.02182999246861,1.0],[0.5374571935128641,5.374571935128642,1.0],[0.8761340971511191,8.761340971511192,1.0],[0.573156942708234,5.7315694270823405,1.0],[0.994523847851402,9.945238478514021,1.0],[0.3574465703190305,3.574465703190305,1.0],[0.6617299629663892,6.617299629663892,1.0],[0.4882872262788658,4.882872262788657,1.0],[0.5726412824777106,5.726412824777106,1.0],[0.32388398325139345,3.2388398325139347,1.0],[0.8072354510963532,8.072354510963532,1.0],[0.8087324055796944,8.087324055796945,1.0],[0.660852452150834,6.60852452150834,1.0],[0.5802577271631468,5.802577271631469,1.0],[0.04408639890691246,0.4408639890691246,1.0],[0.7725635994624831,7.725635994624831,1.0],[0.340181488474281,3.4018148847428096,1.0],[0.09506024617702258,0.9506024617702258,1.0],[0.23214768683087816,2.321476868308782,1.0],[0.29508457816293987,2.9508457816293987,1.0],[0.12277001052286385,1.2277001052286385,1.0],[0.47347375902937305,4.73473759029373,1.0],[0.8739362489567938,8.739362489567938,1.0],[0.5942988909169951,5.942988909169951,1.0],[0.3932636751035087,3.932636751035087,1.0],[0.356262027818981,3.5626202781898098,1.0],[0.8443312190299666,8.443312190299665,1.0],[0.7137768111623821,7.137768111623821,1.0],[0.541649960332778,5.416499603327781,1.0],[0.26577494883360064,2.657749488336006,1.0],[0.9303686520183944,9.303686520183943,1.0],[0.6647036321879223,6.647036321879223,1.0],[0.8481261874486201,8.4812618744862,1.0],[0.2743023069142022,2.743023069142022,1.0],[0.5987856125347181,5.9878561253471805,1.0],[0.4569423976865593,4.569423976865593,1.0],[0.33213605365278576,3.3213605365278576,1.0],[0.81263475330977,8.1263475330977,1.0],[0.5964941538505839,5.964941538505839,1.0],[0.9947889064585738,9.947889064585738,1.0],[0.8287071581836081,8.28707158183608,1.0],[0.018381501525532307,0.18381501525532307,1.0],[0.6100637867915101,6.1006378679151005,1.0],[0.28754239195595754,2.8754239195595757,1.0],[0.7986732822669409,7.986732822669409,1.0],[0.8174504530922707,8.174504530922707,1.0],[0.18940839630142858,1.8940839630142858,1.0],[0.9250951518484526,9.250951518484525,1.0],[0.5373164168533412,5.373164168533412,1.0],[0.8365277849121914,8.365277849121913,1.0],[0.6316914250178033,6.316914250178033,1.0],[0.15184034432706983,1.5184034432706983,1.0],[0.5281662867111906,5.281662867111906,1.0],[0.4583451302924175,4.583451302924175,1.0],[0.04230631300605814,0.4230631300605814,1.0],[0.1258096578607567,1.258096578607567,1.0],[0.06582033812283716,0.6582033812283716,1.0],[0.897419605140406,8.97419605140406,1.0],[0.47272098686609687,4.727209868660969,1.0],[0.19003538760239747,1.9003538760239747,1.0],[0.34250509114102723,3.4250509114102723,1.0],[0.22496847931809727,2.2496847931809727,1.0],[0.293396880055004,2.9339688005500397,1.0],[0.3753743367942156,3.753743367942156,1.0],[0.4599736060992935,4.599736060992935,1.0],[0.47948809501936374,4.794880950193638,1.0],[0.958573092010442,9.585730920104421,1.0],[0.03253904300604349,0.3253904300604349,1.0],[0.4348005170756857,4.348005170756856,1.0],[0.24880188012436077,2.4880188012436077,1.0],[0.93408987269609,9.3408987269609,1.0],[0.35770560301992216,3.5770560301992216,1.0],[0.22393216152842832,2.2393216152842834,1.0],[0.8671870642757824,8.671870642757824,1.0],[0.20511903908208484,2.0511903908208486,1.0],[0.5992675664028208,5.992675664028208,1.0],[0.6786791129322917,6.786791129322917,1.0],[0.9375637812513765,9.375637812513766,1.0],[0.3890912025981019,3.8909120259810193,1.0],[0.6288767973577327,6.288767973577327,1.0],[0.36699471368723124,3.669947136872312,1.0],[0.04690020251623861,0.4690020251623861,1.0],[0.8490856184138454,8.490856184138455,1.0],[0.8901673736704244,8.901673736704245,1.0],[0.9161787126503858,9.161787126503857,1.0],[0.1131043999360144,1.131043999360144,1.0],[0.7774537080224232,7.774537080224232,1.0],[0.03095965729693917,0.3095965729693917,1.0],[0.03970963579151632,0.3970963579151632,1.0]]
0_BehnkeGeiger_42_workers.fjs;182.73321683039796;1480330;[18,27,36,47,56,0,22,35,48,58,0,13,24,33,46,13,27,37,48,64,0,11,22,32,41,21,33,48,57,68,22,35,45,61,74,27,38,49,59,74,0,18,35,46,56,11,21,32,44,54];[2,53,31,6,59,0,39,10,48,58,3,13,12,13,58,3,21,4,36,56,1,43,35,6,59,1,5,8,28,59,0,15,20,47,57,2,25,18,21,56,2,10,36,14,57,1,19,40,50,56];[0,6,72,40,70,68,31,10,32,56,85,14,7,78,89,83,63,3,60,25,47,18,21,46,13,24,32,8,9,84,67,17,15,67,26,22,50,84,52,74,60,44,76,66,38,64,35,87,77,42];[[0.34661995661142697,3.4661995661142697,1.0],[0.2286410960833074,2.286410960833074,1.0],[0.012392470279078194,0.12392470279078194,1.0],[0.9308270259025113,9.308270259025113,1.0],[0.3225145761620236,3.225145761620236,1.0],[0.0006954578022455582,0.006954578022455582,1.0],[0.2097170717940725,2.097170717940725,1.0],[0.5179602272351016,5.179602272351016,1.0],[0.7628222106217201,7.6282221062172,1.0],[0.3089717897377221,3.089717897377221,1.0],[0.15113122452813788,1.5113122452813788,1.0],[0.07045772229012492,0.7045772229012492,1.0],[0.8725064026541692,8.725064026541693,1.0],[0.3074981421409557,3.074981421409557,1.0],[0.272859759997538,2.7285975999753798,1.0],[0.9838464878398866,9.838464878398867,1.0],[0.7385079487399623,7.385079487399623,1.0],[0.7690782380223464,7.690782380223464,1.0],[0.7347776517949599,7.347776517949599,1.0],[0.040110031230356946,0.40110031230356946,1.0],[0.7832762173461114,7.832762173461115,1.0],[0.9889075602289727,9.889075602289727,1.0],[0.9868030389001332,9.868030389001332,1.0],[0.09156288276254032,0.9156288276254032,1.0],[0.6169801532161481,6.169801532161481,1.0],[0.9026788995265191,9.026788995265191,1.0],[0.7985407520091817,7.985407520091817,1.0],[0.3776281884996082,3.776281884996082,1.0],[0.3548331359348883,3.548331359348883,1.0],[0.4034509368723006,4.034509368723006,1.0],[0.5249010978369003,5.249010978369003,1.0],[0.41070078970850576,4.107007897085058,1.0],[0.63967628453626,6.3967628453626,1.0],[0.644865700493546,6.44865700493546,1.0],[0.7187044523063962,7.187044523063962,1.0],[0.4606778023011676,4.606778023011676,1.0],[0.947243245359423,9.47243245359423,1.0],[0.5480976670697533,5.480976670697533,1.0],[0.5212437467785531,5.212437467785531,1.0],[0.9974770776792315,9.974770776792315,1.0],[0.8347236528324226,8.347236528324226,1.0],[0.5920335208252621,5.92033520825262,1.0],[0.5281200476143402,5.281200476143402,1.0],[0.9947145418085902,9.947145418085903,1.0],[0.3807311818221505,3.807311818221505,1.0],[0.16524593628445206,1.6524593628445206,1.0],[0.360275223783056,3.60275223783056,1.0],[0.08085968119624642,0.8085968119624642,1.0],[0.8395205202311514,8.395205202311514,1.0],[0.9614069909390023,9.614069909390023,1.0],[0.08576140927512577,0.8576140927512577,1.0],[0.06230204186426158,0.6230204186426158,1.0],[0.48309802210777264,4.830980221077726,1.0],[0.7527011136301647,7.527011136301647,1.0],[0.5653273490612396,5.653273490612396,1.0],[0.14308306009955207,1.4308306009955207,1.0],[0.9027442860174946,9.027442860174945,1.0],[0.39175874054121795,3.9175874054121795,1.0],[0.04470890378303016,0.4470890378303016,1.0],[0.4575329191628308,4.575329191628308,1.0],[0.44418114285306354,4.441811428530635,1.0],[0.0791756906829707,0.791756906829707,1.0],[0.37770490385691646,3.7770490385691646,1.0],[0.24872151644563356,2.4872151644563356,1.0],[0.31414454419740034,3.141445441974003,1.0],[0.40750067283296354,4.075006728329635,1.0],[0.17219359428721337,1.7219359428721337,1.0],[0.3882072229758389,3.8820722297583887,1.0],[0.7592365563423323,7.592365563423323,1.0],[0.222327149798478,2.22327149798478,1.0],[0.563344095817858,5.63344095817858,1.0],[0.06385831253616747,0.6385831253616747,1.0],[0.4915379293409209,4.915379293409209,1.0],[0.6493348169788958,6.493348169788958,1.0],[0.35923654185193077,3.5923654185193077,1.0],[0.011177057117131461,0.11177057117131461,1.0],[0.2733467293051436,2.7334672930514357,1.0],[0.5355549647286275,5.355549647286275,1.0],[0.6301964483914466,6.301964483914466,1.0],[0.13021308409642796,1.3021308409642796,1.0],[0.25996455672831287,2.5996455672831287,1.0],[0.08504584081016042,0.8504584081016042,1.0],[0.7433003345161341,7.433003345161341,1.0],[0.18226229691513296,1.8226229691513296,1.0],[0.9489642736607146,9.489642736607145,1.0],[0.8673076709060825,8.673076709060826,1.0],[0.2783750143398719,2.783750143398719,1.0],[0.779542699505796,7.79542699505796,1.0],[0.05243151622562159,0.5243151622562159,1.0],[0.5237802038743088,5.237802038743088,1.0]]
0_BehnkeGeiger_42_workers.fjs;189.98349558297272;3323650;[0,9,20,31,42,0,22,33,44,53,22,35,46,55,67,19,31,43,57,79,0,16,30,42,51,10,22,36,48,58,22,41,55,65,75,9,19,31,43,54,16,35,52,63,72,0,10,19,31,40];[2,7,31,18,58,3,39,43,30,56,3,13,33,6,59,2,31,50,49,56,0,37,8,6,59,1,4,11,40,57,1,5,42,47,57,2,25,48,15,58,0,10,36,27,58,1,50,13,35,56];[82,3,38,2,3,12,86,1,17,45,52,14,82,32,55,72,58,34,77,23,27,21,65,72,7,74,80,88,63,33,78,62,42,39,26,70,49,89,80,52,22,15,76,15,72,64,34,43,36,9];[[0.8559393885152179,8.55939388515218,1.0],[0.8004839408308784,8.004839408308783,1.0],[0.5938433496209707,5.938433496209708,1.0],[0.8870093324131678,8.870093324131679,1.0],[0.741558169706834,7.4155816970683395,1.0],[0.8097670389513107,8.097670389513107,1.0],[0.2247324103169328,2.247324103169328,1.0],[0.9761818800633866,9.761818800633865,1.0],[0.6339038774096737,6.339038774096737,1.0],[0.5580285642552777,5.580285642552777,1.0],[0.4463526500656817,4.463526500656817,1.0],[0.28336462923826333,2.8336462923826335,1.0],[0.9019880415639555,9.019880415639555,1.0],[0.03268507148422006,0.32685071484220063,1.0],[0.4362825217209084,4.3628252172090844,1.0],[0.18851543397694082,1.8851543397694082,1.0],[0.9250090249429151,9.250090249429151,1.0],[0.9012349700248556,9.012349700248556,1.0],[0.12108560404704316,1.2108560404704316,1.0],[0.9174015512221217,9.174015512221217,1.0],[0.6336036775858569,6.3360367758585685,1.0],[0.8916415369189501,8.916415369189501,1.0],[0.9427537000908234,9.427537000908234,1.0],[0.6474269734768437,6.474269734768438,1.0],[0.2944017446773023,2.9440174467730227,1.0],[0.22784863884628848,2.278486388462885,1.0],[0.026726933813205345,0.26726933813205345,1.0],[0.5708724060922277,5.708724060922277,1.0],[0.09143396648058832,0.9143396648058832,1.0],[0.9728808105837072,9.728808105837071,1.0],[0.04913857274611522,0.49138572746115217,1.0],[0.8163054842016593,8.163054842016592,1.0],[0.12136143786009423,1.2136143786009423,1.0],[0.39347747924753973,3.9347747924753973,1.0],[0.7612563626694716,7.612563626694716,1.0],[0.2669682491794272,2.669682491794272,1.0],[0.032329137447332346,0.32329137447332346,1.0],[0.27066047462765497,2.7066047462765495,1.0],[0.8705591702034446,8.705591702034447,1.0],[0.8809847340925547,8.809847340925547,1.0],[0.18409719287978143,1.8409719287978143,1.0],[0.20156279965759893,2.015627996575989,1.0],[0.5164915614426145,5.164915614426145,1.0],[0.4956047792365974,4.956047792365974,1.0],[0.6077297164851029,6.0772971648510286,1.0],[0.9001180841411072,9.001180841411072,1.0],[0.78410741646787,7.8410741646787,1.0],[0.4806185677402214,4.806185677402214,1.0],[0.1147765683905323,1.147765683905323,1.0],[0.07024459811816619,0.7024459811816619,1.0],[0.3187451092517546,3.187451092517546,1.0],[0.0073062864940089955,0.07306286494008996,1.0],[0.5205444033755386,5.205444033755386,1.0],[0.6250968201912236,6.250968201912236,1.0],[0.25055568445480136,2.5055568445480136,1.0],[0.615922435604406,6.15922435604406,1.0],[0.3870907125242423,3.8709071252424234,1.0],[0.21814785067570475,2.1814785067570472,1.0],[0.8734963280117019,8.734963280117018,1.0],[0.28722080489037183,2.872208048903718,1.0],[0.09639359128751424,0.9639359128751424,1.0],[0.7548858731919171,7.548858731919172,1.0],[0.6851727386050028,6.851727386050028,1.0],[0.051174076075845676,0.5117407607584568,1.0],[0.17887018113864828,1.7887018113864828,1.0],[0.609251556117635,6.09251556117635,1.0],[0.24984154075152953,2.4984154075152953,1.0],[0.368174715277632,3.68174715277632,1.0],[0.05876744192941186,0.5876744192941186,1.0],[0.12260955919754979,1.226095591975498,1.0],[0.45916262109070083,4.591626210907008,1.0],[0.4009271808935736,4.009271808935736,1.0],[0.46504811859381157,4.650481185938116,1.0],[0.21320952910254887,2.1320952910254887,1.0],[0.6247271975216867,6.247271975216867,1.0],[0.28525256320918047,2.8525256320918047,1.0],[0.6348406939976744,6.348406939976744,1.0],[0.8319882392437383,8.319882392437384,1.0],[0.8395421352998061,8.395421352998062,1.0],[0.019614941273996434,0.19614941273996434,1.0],[0.5413984842077535,5.413984842077535,1.0],[0.2718798292635384,2.718798292635384,1.0],[0.4481717263007644,4.481717263007644,1.0],[0.26376858333274344,2.6376858333274344,1.0],[0.3349547069458171,3.349547069458171,1.0],[0.5175169666891029,5.175169666891028,1.0],[0.6865980117314152,6.865980117314152,1.0],[0.12545365307174206,1.2545365307174206,1.0],[0.02272642984071671,0.2272642984071671,1.0],[0.7308912721040333,7.308912721040333,1.0]]
0_BehnkeGeiger_42_workers.fjs;180.9034876785695;2005700;[0,9,19,31,40,9,27,38,48,58,0,13,22,31,43,13,29,39,50,62,23,34,49,58,67,10,23,37,46,57,0,11,21,32,42,27,38,49,58,72,11,30,47,58,67,0,10,27,41,51];[2,28,31,6,58,2,39,43,48,58,3,46,33,13,57,3,18,28,17,56,1,42,35,6,59,1,4,8,41,57,0,11,47,47,59,2,25,14,22,56,0,10,36,27,57,1,44,21,19,56];[43,60,52,30,65,68,69,87,45,56,84,81,82,33,1,34,2,79,79,52,47,36,37,46,68,29,49,75,12,61,88,1,1,35,26,4,63,84,31,35,48,15,76,15,71,51,71,68,27,13];[[0.5198238265685563,5.198238265685563,1.0],[0.9583988744400509,9.583988744400509,1.0],[0.3402956357666065,3.402956357666065,1.0],[0.7081849781179302,7.081849781179303,1.0],[0.9252189405445452,9.252189405445453,1.0],[0.05032666735654623,0.5032666735654623,1.0],[0.6613275461751585,6.613275461751585,1.0],[0.82711411373077,8.271141137307701,1.0],[0.8734961127808921,8.734961127808921,1.0],[0.5913019030238962,5.913019030238962,1.0],[0.11264722490163037,1.1264722490163037,1.0],[0.34477784983246407,3.4477784983246407,1.0],[0.011377599382669468,0.11377599382669468,1.0],[0.7909742881977946,7.909742881977946,1.0],[0.3277964015146908,3.277964015146908,1.0],[0.22222795698924247,2.2222795698924247,1.0],[0.14676573527209236,1.4676573527209236,1.0],[0.040648812187981,0.40648812187981,1.0],[0.14328037004549943,1.4328037004549943,1.0],[0.10349201402412567,1.0349201402412567,1.0],[0.2300149081299988,2.3001490812999883,1.0],[0.34985110243749995,3.4985110243749995,1.0],[0.866750807284636,8.66750807284636,1.0],[0.14758827376144812,1.4758827376144812,1.0],[0.22391440251713068,2.239144025171307,1.0],[0.24865543755958186,2.4865543755958184,1.0],[0.2300130943157953,2.300130943157953,1.0],[0.8293061040602848,8.293061040602849,1.0],[0.43895527513494326,4.389552751349433,1.0],[0.44969387575897835,4.496938757589783,1.0],[0.3412024287409555,3.4120242874095554,1.0],[0.9004679331719968,9.004679331719968,1.0],[0.43962892413733223,4.3962892413733226,1.0],[0.45751138605113895,4.575113860511389,1.0],[0.5639201948280074,5.639201948280074,1.0],[0.6726986423945157,6.726986423945157,1.0],[0.6597005192680269,6.597005192680268,1.0],[0.9102187034878934,9.102187034878934,1.0],[0.5766896035151798,5.766896035151799,1.0],[0.4155337643506154,4.155337643506154,1.0],[0.35757675057500693,3.5757675057500693,1.0],[0.5416053049315015,5.416053049315015,1.0],[0.24141379817839304,2.4141379817839304,1.0],[0.14373377933442777,1.4373377933442777,1.0],[0.05947898491433379,0.5947898491433379,1.0],[0.49975509403239127,4.9975509403239124,1.0],[0.3186129737753496,3.186129737753496,1.0],[0.7700173830289908,7.700173830289908,1.0],[0.48539290197593976,4.853929019759398,1.0],[0.4627755002794737,4.6277550027947365,1.0],[0.5376316431809531,5.376316431809531,1.0],[0.9085166904492054,9.085166904492054,1.0],[0.8894638917603915,8.894638917603915,1.0],[0.7295709856829492,7.295709856829492,1.0],[0.10156484356406248,1.0156484356406248,1.0],[0.7756986430311787,7.7569864303117875,1.0],[0.2646734419538803,2.646734419538803,1.0],[0.08522369075097047,0.8522369075097047,1.0],[0.05298946435344931,0.5298946435344931,1.0],[0.15739225219713138,1.5739225219713138,1.0],[0.4318886991151929,4.318886991151929,1.0],[0.633165302477868,6.33165302477868,1.0],[0.24439281766986376,2.4439281766986376,1.0],[0.8989634350161788,8.989634350161788,1.0],[0.5191347024590356,5.191347024590356,1.0],[0.6810385741390934,6.8103857413909346,1.0],[0.16547355180616963,1.6547355180616963,1.0],[0.7628548802754104,7.6285488027541035,1.0],[0.3141854421416449,3.1418544214164488,1.0],[0.41192209034050886,4.119220903405089,1.0],[0.02240642416721894,0.2240642416721894,1.0],[0.6263477255847869,6.263477255847869,1.0],[0.6946401733451906,6.946401733451905,1.0],[0.5537872676983423,5.537872676983423,1.0],[0.14353633683289113,1.4353633683289113,1.0],[0.3828088769666892,3.828088769666892,1.0],[0.20550831512341627,2.0550831512341627,1.0],[0.8424160101430348,8.424160101430347,1.0],[0.33056458054195836,3.3056458054195836,1.0],[0.9503462496022802,9.503462496022802,1.0],[0.733658429518869,7.33658429518869,1.0],[0.7327837389781332,7.327837389781332,1.0],[0.5833156544997408,5.833156544997408,1.0],[0.2636719126307169,2.6367191263071685,1.0],[0.7038517121832796,7.038517121832796,1.0],[0.9859996488049411,9.859996488049411,1.0],[0.3427619282161496,3.427619282161496,1.0],[0.731149933057056,7.31149933057056,1.0],[0.24180730800578631,2.418073080057863,1.0],[0.8057399760917423,8.057399760917423,1.0]]
0_BehnkeGeiger_42_workers.fjs;193.85237874907332;3523340;[22,31,45,61,76,15,37,48,57,67,21,45,54,63,75,0,12,23,38,54,0,11,22,35,44,0,15,35,46,58,0,11,22,32,43,12,22,34,45,63,11,31,48,60,74,11,21,32,45,57];[2,40,30,18,59,3,39,42,48,58,1,29,31,46,57,2,14,50,49,56,1,43,8,6,59,3,5,8,4,59,0,15,47,47,57,2,25,20,15,56,0,10,35,45,56,1,53,31,19,57];[7,15,59,23,70,61,69,27,75,56,67,4,69,54,18,3,27,1,5,40,51,18,50,25,7,81,73,17,32,31,66,68,11,34,26,31,75,85,60,49,57,44,36,37,43,60,3,55,51,64];[[0.18019241848515155,1.8019241848515155,1.0],[0.48736227300275514,4.873622730027551,1.0],[0.07759170039841756,0.7759170039841756,1.0],[0.5225667244081349,5.2256672440813485,1.0],[0.9196433340252647,9.196433340252646,1.0],[0.8762509611803474,8.762509611803473,1.0],[0.5029695910906639,5.029695910906638,1.0],[0.8160267976375112,8.160267976375112,1.0],[0.8059112000327816,8.059112000327817,1.0],[0.2140591090540045,2.140591090540045,1.0],[0.08805821114486456,0.8805821114486456,1.0],[0.20329737064426556,2.0329737064426556,1.0],[0.5837360924329463,5.837360924329463,1.0],[0.6737333796339059,6.737333796339059,1.0],[0.1608013027204077,1.6080130272040771,1.0],[0.7465026683932527,7.465026683932527,1.0],[0.5706715087422025,5.706715087422025,1.0],[0.4637998194614905,4.637998194614905,1.0],[0.510707169665419,5.10707169665419,1.0],[0.13436739791107,1.3436739791107,1.0],[0.5955836724768061,5.955836724768061,1.0],[0.9705970110642231,9.705970110642232,1.0],[0.1380260373669585,1.380260373669585,1.0],[0.6915046322372392,6.915046322372392,1.0],[0.4571104412123077,4.571104412123077,1.0],[0.7770933375992647,7.770933375992647,1.0],[0.4288907275773849,4.288907275773849,1.0],[0.7873492179192781,7.873492179192781,1.0],[0.45358103110054593,4.535810311005459,1.0],[0.29994077462327984,2.9994077462327984,1.0],[0.26785911780148886,2.6785911780148886,1.0],[0.41380996534982095,4.13809965349821,1.0],[0.8955750490686861,8.955750490686862,1.0],[0.33899298335361505,3.3899298335361507,1.0],[0.4439220021216055,4.439220021216055,1.0],[0.2663146653444304,2.663146653444304,1.0],[0.1912128081922898,1.912128081922898,1.0],[0.8422148536074314,8.422148536074314,1.0],[0.12934381348500923,1.2934381348500923,1.0],[0.5457493539256076,5.457493539256077,1.0],[0.6889713324133125,6.889713324133125,1.0],[0.3133089603750071,3.1330896037500713,1.0],[0.781346930988076,7.81346930988076,1.0],[0.7476684671478541,7.476684671478541,1.0],[0.694338776663945,6.943387766639449,1.0],[0.010283626574111193,0.10283626574111193,1.0],[0.7581500624990217,7.581500624990217,1.0],[0.8365660626079888,8.365660626079888,1.0],[0.8965297598339126,8.965297598339125,1.0],[0.42501586527499824,4.250158652749983,1.0],[0.29726573226441977,2.9726573226441975,1.0],[0.1892293583037329,1.8922935830373289,1.0],[0.7243244498868214,7.243244498868214,1.0],[0.8519753238078789,8.519753238078788,1.0],[0.10178542532455293,1.0178542532455293,1.0],[0.5249813114594203,5.249813114594203,1.0],[0.36905004287313525,3.6905004287313528,1.0],[0.14252011028375144,1.4252011028375144,1.0],[0.9116619067804255,9.116619067804255,1.0],[0.54316015559511,5.4316015559511,1.0],[0.4203904144024305,4.203904144024305,1.0],[0.8163513162724128,8.163513162724128,1.0],[0.8589171046239985,8.589171046239985,1.0],[0.7596233819507995,7.596233819507995,1.0],[0.8852403456386315,8.852403456386316,1.0],[0.14006433750837965,1.4006433750837965,1.0],[0.7153091891141413,7.153091891141413,1.0],[0.4033601431159366,4.033601431159366,1.0],[0.3246442732123802,3.246442732123802,1.0],[0.610505749299754,6.10505749299754,1.0],[0.9436716318473461,9.436716318473461,1.0],[0.22542293193962482,2.254229319396248,1.0],[0.22792853612720076,2.2792853612720076,1.0],[0.3202161638777423,3.202161638777423,1.0],[0.9471716155913338,9.471716155913338,1.0],[0.06517330654168263,0.6517330654168263,1.0],[0.5318417096543258,5.318417096543257,1.0],[0.060458432800693074,0.6045843280069307,1.0],[0.0568250937122835,0.568250937122835,1.0],[0.05525076001007523,0.5525076001007523,1.0],[0.08040862393544657,0.8040862393544657,1.0],[0.45414991337399147,4.541499133739915,1.0],[0.5398206863735848,5.398206863735848,1.0],[0.9620202223629081,9.62020222362908,1.0],[0.4443670125830569,4.443670125830569,1.0],[0.4943162252029675,4.9431622520296745,1.0],[0.301158822820192,3.01158822820192,1.0],[0.03764467466094412,0.3764467466094412,1.0],[0.32502817216022195,3.2502817216022195,1.0],[0.6923405421469611,6.92340542146961,1.0]]
0_BehnkeGeiger_46_workers.fjs;260.81704769676065;4989790;[31,44,59,73,90,56,67,81,93,111,18,31,42,53,67,22,40,55,65,89,0,12,26,36,55,61,72,88,100,109,13,22,33,44,67,0,21,30,41,51,33,46,59,75,96,44,59,70,87,102,59,73,84,95,112,21,33,43,60,79,33,42,55,66,75,12,24,43,53,80,0,18,27,42,51,46,61,82,94,108,40,64,77,87,101,24,33,46,58,67,42,56,65,74,93,0,13,30,41,50];[1,53,43,28,59,3,50,45,38,59,1,10,17,42,59,0,7,32,6,56,3,48,20,32,57,2,15,9,13,58,0,33,52,49,57,2,37,6,47,56,2,19,53,19,57,1,54,23,52,56,1,18,14,29,56,2,44,5,21,59,3,13,4,35,58,3,38,12,28,57,1,45,49,30,58,2,26,22,15,57,0,48,40,55,59,3,35,15,46,56,3,38,41,54,58,0,30,42,34,59];[33,31,36,66,16,70,49,33,80,73,1,67,63,82,21,37,59,19,71,77,67,44,32,83,0,81,42,6,29,76,67,31,35,39,20,35,11,38,88,1,4,18,51,58,63,10,89,2,59,52,88,74,38,26,27,86,9,78,12,57,58,57,46,39,8,89,5,34,60,36,79,60,41,2,58,69,6,1,47,6,71,29,50,68,36,12,19,41,8,79,52,25,75,13,42,46,51,18,74,27];[[0.7773566427005639,7.7735664270056395,1.0],[0.6698255595592497,6.698255595592498,1.0],[0.09913960392481702,0.9913960392481702,1.0],[0.35297051119014544,3.529705111901454,1.0],[0.4679077429008419,4.679077429008419,1.0],[0.5346837414708775,5.346837414708775,1.0],[0.9783090609123973,9.783090609123974,1.0],[0.13031535015865903,1.3031535015865903,1.0],[0.6712434682302663,6.712434682302662,1.0],[0.36422941594737557,3.6422941594737557,1.0],[0.48883570716198577,4.888357071619858,1.0],[0.20301221073405373,2.0301221073405373,1.0],[0.6661983755713592,6.661983755713592,1.0],[0.2276630312069321,2.276630312069321,1.0],[0.4580640582967631,4.580640582967631,1.0],[0.040722397554957435,0.40722397554957435,1.0],[0.9742897953778286,9.742897953778286,1.0],[0.4874760742689066,4.874760742689066,1.0],[0.4616138636373597,4.616138636373597,1.0],[0.7141471558082002,7.141471558082002,1.0],[0.4157281494999725,4.157281494999725,1.0],[0.888011688001529,8.88011688001529,1.0],[0.023293448723771704,0.23293448723771704,1.0],[0.8335062677845465,8.335062677845466,1.0],[0.4684947409975081,4.684947409975081,1.0],[0.8114798126442795,8.114798126442794,1.0],[0.9455914886158723,9.455914886158723,1.0],[0.9830883781948988,9.830883781948987,1.0],[0.1761820755785306,1.761820755785306,1.0],[0.698655759576308,6.98655759576308,1.0],[0.10885571131238292,1.0885571131238292,1.0],[0.16026373420620188,1.6026373420620188,1.0],[0.09286027402458918,0.9286027402458918,1.0],[0.3140620798928404,3.140620798928404,1.0],[0.01653868433866723,0.1653868433866723,1.0],[0.8540491257363622,8.540491257363621,1.0],[0.2910160386456968,2.910160386456968,1.0],[0.7800475863350328,7.800475863350328,1.0],[0.5480965161255696,5.480965161255696,1.0],[0.19433067669976123,1.9433067669976123,1.0],[0.2920382721805297,2.920382721805297,1.0],[0.3194527773994337,3.194527773994337,1.0],[0.6585982235379076,6.585982235379077,1.0],[0.23152103541222924,2.3152103541222924,1.0],[0.6194303369953537,6.194303369953537,1.0],[0.8953386098022104,8.953386098022104,1.0],[0.8694342085696831,8.694342085696832,1.0],[0.2938069356684523,2.938069356684523,1.0],[0.45820480858054946,4.582048085805495,1.0],[0.4849797978711191,4.849797978711191,1.0],[0.2803882693587225,2.803882693587225,1.0],[0.32895694635060024,3.2895694635060027,1.0],[0.9842424240265042,9.842424240265043,1.0],[0.011944137920874343,0.11944137920874343,1.0],[0.14290076829328524,1.4290076829328524,1.0],[0.6519772165446712,6.519772165446712,1.0],[0.07499317994693244,0.7499317994693244,1.0],[0.29207870228110877,2.920787022811088,1.0],[0.7934429721917705,7.934429721917705,1.0],[0.9115931008709737,9.115931008709737,1.0],[0.3703917795895437,3.7039177958954372,1.0],[0.20528221118666345,2.0528221118666345,1.0],[0.880081326784678,8.80081326784678,1.0],[0.6325664501560831,6.325664501560832,1.0],[0.503514326058558,5.0351432605855795,1.0],[0.3308435596710889,3.308435596710889,1.0],[0.3474001835074456,3.474001835074456,1.0],[0.2924115863324481,2.9241158633244813,1.0],[0.7653974346433319,7.653974346433319,1.0],[0.4784432998768373,4.784432998768374,1.0],[0.2015373401465821,2.015373401465821,1.0],[0.8715627297687166,8.715627297687167,1.0],[0.7551785489449617,7.5517854894496175,1.0],[0.8675584511848858,8.675584511848859,1.0],[0.9323236929247266,9.323236929247265,1.0],[0.24171326534063708,2.417132653406371,1.0],[0.8924504838872919,8.924504838872918,1.0],[0.7659566844206285,7.659566844206285,1.0],[0.4146826922981828,4.146826922981828,1.0],[0.32368260626724077,3.2368260626724075,1.0],[0.5613052389019693,5.613052389019693,1.0],[0.5908359788832377,5.908359788832377,1.0],[0.16558277680810296,1.6558277680810296,1.0],[0.4861970648764189,4.8619706487641885,1.0],[0.9490216941921916,9.490216941921917,1.0],[0.46819109749463483,4.681910974946348,1.0],[0.39662970244337636,3.9662970244337634,1.0],[0.9188065977724452,9.188065977724452,1.0],[0.9857276253270151,9.85727625327015,1.0],[0.9392006613006973,9.392006613006973,1.0]]
0_BehnkeGeiger_46_workers.fjs;280.6325424526168;4978780;[0,14,25,38,48,54,65,83,94,110,22,41,53,65,79,34,54,66,77,94,46,68,89,99,119,27,39,54,82,93,0,9,20,31,48,41,56,68,79,92,39,52,67,87,106,12,25,37,51,67,52,64,75,86,107,14,33,47,61,82,34,61,72,83,105,0,12,23,35,50,56,70,79,93,117,64,79,91,102,115,14,34,44,60,78,25,34,51,61,82,0,14,24,33,52,9,22,37,49,59];[2,4,52,24,59,3,51,39,23,57,0,40,23,42,56,3,21,39,9,56,1,31,20,34,57,2,25,54,13,58,0,33,35,48,58,0,35,7,30,59,2,44,17,12,58,3,54,31,13,57,2,33,32,35,56,2,19,6,52,59,1,14,4,11,59,3,15,50,43,57,0,45,50,30,56,2,41,22,42,59,1,49,34,11,58,3,51,14,46,57,1,48,41,55,56,0,16,15,53,59];[27,56,24,73,16,17,27,54,69,6,4,22,12,4,79,53,83,41,37,55,28,84,32,42,9,67,20,61,29,29,65,77,31,47,36,3,57,44,46,72,77,51,56,77,71,9,69,49,10,64,39,35,51,41,0,49,78,7,29,66,76,46,32,65,39,21,87,45,5,23,6,5,20,18,36,18,43,87,64,52,58,8,38,62,2,12,41,13,80,25,52,14,78,31,19,6,28,29,30,71];[[0.7966509679599704,7.966509679599704,1.0],[0.05862623274803458,0.5862623274803458,1.0],[0.7602397739740907,7.602397739740907,1.0],[0.8627037401845356,8.627037401845355,1.0],[0.09127403464611428,0.9127403464611428,1.0],[0.9024924365975527,9.024924365975528,1.0],[0.7858960565941281,7.858960565941281,1.0],[0.40667966546103385,4.0667966546103385,1.0],[0.37447264465852026,3.7447264465852026,1.0],[0.6490262282913547,6.490262282913547,1.0],[0.40092466608569977,4.009246660856998,1.0],[0.5721109226277574,5.721109226277575,1.0],[0.6077930620255084,6.077930620255084,1.0],[0.05072389565884072,0.5072389565884072,1.0],[0.7370880093375713,7.370880093375714,1.0],[0.708486383757228,7.08486383757228,1.0],[0.9221724532030824,9.221724532030823,1.0],[0.7149390332589045,7.149390332589045,1.0],[0.6557724968554814,6.5577249685548145,1.0],[0.7371071646895253,7.371071646895253,1.0],[0.18754222176317448,1.8754222176317448,1.0],[0.5019778365908455,5.019778365908455,1.0],[0.8950298548604116,8.950298548604117,1.0],[0.926358313475896,9.26358313475896,1.0],[0.01899157139556429,0.18991571395564288,1.0],[0.8777314655556964,8.777314655556964,1.0],[0.6362924717585655,6.362924717585655,1.0],[0.4066346562427898,4.066346562427898,1.0],[0.12957858368499198,1.2957858368499198,1.0],[0.8626878625294206,8.626878625294207,1.0],[0.25379646148203605,2.5379646148203605,1.0],[0.5928589993203222,5.9285899932032216,1.0],[0.0752821307110767,0.752821307110767,1.0],[0.55648541295561,5.5648541295561005,1.0],[0.39201372928372336,3.9201372928372336,1.0],[0.30661199501593694,3.0661199501593694,1.0],[0.16614394932812038,1.6614394932812038,1.0],[0.03548206500031437,0.35482065000314367,1.0],[0.8734081096560021,8.734081096560022,1.0],[0.6077933997757088,6.077933997757087,1.0],[0.00566233272181782,0.0566233272181782,1.0],[0.57937513910209,5.7937513910209,1.0],[0.766498732100053,7.66498732100053,1.0],[0.20058362814831487,2.0058362814831487,1.0],[0.9293225912363087,9.293225912363086,1.0],[0.8422636176481996,8.422636176481996,1.0],[0.5387041601810612,5.387041601810612,1.0],[0.9883390358185146,9.883390358185146,1.0],[0.21802702973914923,2.180270297391492,1.0],[0.038493402742472815,0.38493402742472815,1.0],[0.37032113547489287,3.7032113547489285,1.0],[0.1822270440474585,1.8222704404745849,1.0],[0.9462360068540245,9.462360068540246,1.0],[0.1150920367841759,1.150920367841759,1.0],[0.3529247978916473,3.529247978916473,1.0],[0.8631951229076982,8.631951229076982,1.0],[0.041228887544789705,0.41228887544789705,1.0],[0.08920964027917122,0.8920964027917122,1.0],[0.5188892304220151,5.1888923042201505,1.0],[0.3593751525090847,3.593751525090847,1.0],[0.02137850022746135,0.2137850022746135,1.0],[0.6705629807207766,6.705629807207766,1.0],[0.8415018800797289,8.41501880079729,1.0],[0.0549654710344607,0.549654710344607,1.0],[0.12847413232468474,1.2847413232468474,1.0],[0.12133653253479593,1.2133653253479593,1.0],[0.47496175692231557,4.7496175692231555,1.0],[0.6501440243508211,6.501440243508211,1.0],[0.26467231108682165,2.6467231108682165,1.0],[0.8283954411360489,8.283954411360488,1.0],[0.09632504623843086,0.9632504623843086,1.0],[0.9001492562131493,9.001492562131494,1.0],[0.22420503779756518,2.2420503779756515,1.0],[0.11601154122656976,1.1601154122656976,1.0],[0.20138930403775013,2.0138930403775013,1.0],[0.5571704471099438,5.571704471099438,1.0],[0.8954308805741998,8.954308805741999,1.0],[0.10783585956749675,1.0783585956749675,1.0],[0.6110196883093226,6.110196883093226,1.0],[0.5285746404071686,5.285746404071686,1.0],[0.4751239272073001,4.7512392720730015,1.0],[0.7846662958446119,7.846662958446119,1.0],[0.25197118373537,2.5197118373536997,1.0],[0.9011562601111824,9.011562601111825,1.0],[0.33015443004324485,3.3015443004324485,1.0],[0.39070876167562685,3.9070876167562685,1.0],[0.5024299090089163,5.024299090089163,1.0],[0.5414008895519862,5.414008895519862,1.0],[0.7061732576618968,7.061732576618968,1.0],[0.8167560629471541,8.167560629471541,1.0]]
0_BehnkeGeiger_46_workers.fjs;307.0732532231711;3269620;[0,13,35,45,59,25,35,50,61,86,0,19,29,40,51,53,72,92,114,124,13,25,34,46,74,43,55,68,99,110,29,39,51,70,91,59,79,92,113,126,13,30,41,70,103,64,75,85,99,112,44,59,69,87,106,47,64,83,97,121,19,43,56,67,96,35,47,59,72,88,0,13,25,50,60,13,29,41,52,61,55,73,90,103,115,39,53,79,90,118,30,44,65,74,94,0,13,30,50,72];[1,44,47,9,58,3,38,46,22,59,2,31,23,42,57,0,26,17,9,58,3,47,39,34,59,2,54,12,13,58,0,33,37,48,57,1,36,28,46,57,1,19,6,37,57,3,52,13,52,56,1,33,11,9,59,3,20,4,55,56,2,14,4,17,59,3,51,10,42,56,3,47,49,55,59,0,41,21,45,56,2,44,40,9,57,0,32,14,47,59,1,31,41,54,58,0,35,50,38,57];[54,43,24,35,27,27,22,21,73,73,74,22,87,50,10,13,22,18,7,32,2,9,46,48,41,4,2,40,9,89,30,64,23,18,63,37,89,8,39,1,19,10,5,4,33,58,76,15,71,6,11,70,35,84,53,69,38,75,50,75,63,72,31,80,22,26,14,61,10,79,71,56,31,22,87,46,35,45,81,47,12,44,81,73,45,9,42,29,62,5,75,51,64,52,52,18,34,36,25,33];[[0.5209484070219088,5.209484070219088,1.0],[0.42125020101147315,4.212502010114731,1.0],[0.22094517308324657,2.2094517308324657,1.0],[0.13033708391670573,1.3033708391670573,1.0],[0.48395776843282956,4.839577684328296,1.0],[0.6260889663051598,6.260889663051597,1.0],[0.6211218319323739,6.21121831932374,1.0],[0.707277595965894,7.07277595965894,1.0],[0.43539590023548325,4.3539590023548325,1.0],[0.04809800715767443,0.4809800715767443,1.0],[0.2254847064342842,2.254847064342842,1.0],[0.788548045160999,7.88548045160999,1.0],[0.42108890435006496,4.21088904350065,1.0],[0.5652029481252892,5.6520294812528915,1.0],[0.6764042610645917,6.764042610645918,1.0],[0.7568325816320766,7.568325816320765,1.0],[0.16251102322256883,1.6251102322256883,1.0],[0.4662293326345085,4.662293326345085,1.0],[0.652658580109924,6.526585801099239,1.0],[0.9348323542569703,9.348323542569704,1.0],[0.28093837261172117,2.8093837261172117,1.0],[0.9004772145836625,9.004772145836625,1.0],[0.848839594589838,8.48839594589838,1.0],[0.5244847531468491,5.244847531468491,1.0],[0.5786464188581003,5.786464188581003,1.0],[0.9355850494740874,9.355850494740874,1.0],[0.4401579992643663,4.401579992643663,1.0],[0.2893634937717525,2.8936349377175254,1.0],[0.7973797699194577,7.973797699194577,1.0],[0.10126138052386269,1.0126138052386269,1.0],[0.7187270677771636,7.187270677771636,1.0],[0.6449563433897082,6.449563433897082,1.0],[0.39126761491023665,3.9126761491023663,1.0],[0.9392975330999302,9.392975330999302,1.0],[0.609238184698229,6.09238184698229,1.0],[0.15484533159211777,1.5484533159211777,1.0],[0.41680311462661035,4.168031146266103,1.0],[0.9542543925010913,9.542543925010914,1.0],[0.08511902784380565,0.8511902784380565,1.0],[0.8102082222849146,8.102082222849146,1.0],[0.549048343145825,5.49048343145825,1.0],[0.797431305367372,7.974313053673719,1.0],[0.9212545834178625,9.212545834178625,1.0],[0.0840140116542355,0.840140116542355,1.0],[0.4271098529259699,4.2710985292596995,1.0],[0.4827049527125804,4.827049527125804,1.0],[0.4926248212853439,4.926248212853439,1.0],[0.8381214590808308,8.381214590808309,1.0],[0.06168361162523717,0.6168361162523717,1.0],[0.1800356634856508,1.800356634856508,1.0],[0.7512006320826361,7.5120063208263606,1.0],[0.8202315016053369,8.202315016053369,1.0],[0.9482269285705965,9.482269285705966,1.0],[0.09190024497370541,0.9190024497370541,1.0],[0.8275229129042858,8.275229129042858,1.0],[0.010223681010074426,0.10223681010074426,1.0],[0.7915178392051999,7.915178392051999,1.0],[0.23087148740184416,2.3087148740184418,1.0],[0.9176421264305312,9.176421264305311,1.0],[0.6337400704415804,6.3374007044158045,1.0],[0.4722514806957412,4.722514806957411,1.0],[0.15692662657496914,1.5692662657496914,1.0],[0.890455619982956,8.90455619982956,1.0],[0.3934374640442826,3.934374640442826,1.0],[0.9437473032889695,9.437473032889695,1.0],[0.027056184431497043,0.27056184431497043,1.0],[0.4303544994441807,4.303544994441807,1.0],[0.03986032371878334,0.3986032371878334,1.0],[0.27475171221519046,2.747517122151905,1.0],[0.9564909094852423,9.564909094852423,1.0],[0.3359902829981165,3.359902829981165,1.0],[0.04595304692857216,0.4595304692857216,1.0],[0.37548864135994087,3.754886413599409,1.0],[0.7100525719018224,7.100525719018224,1.0],[0.7195452743357282,7.195452743357283,1.0],[0.8188902738341958,8.188902738341957,1.0],[0.11659700681519214,1.1659700681519214,1.0],[0.5117406310798319,5.117406310798319,1.0],[0.4226359284361241,4.226359284361241,1.0],[0.4231179217423974,4.231179217423974,1.0],[0.5975978869418672,5.975978869418672,1.0],[0.10039657835066573,1.0039657835066573,1.0],[0.8661288460342442,8.661288460342442,1.0],[0.8262463782392978,8.262463782392977,1.0],[0.588405995089693,5.884059950896931,1.0],[0.302515462738837,3.0251546273883703,1.0],[0.031295122158443434,0.31295122158443434,1.0],[0.5757925091701167,5.757925091701167,1.0],[0.9545321496576605,9.545321496576605,1.0],[0.9649769610853548,9.649769610853548,1.0]]
0_BehnkeGeiger_46_workers.fjs;311.1444650505168;4205320;[25,39,54,64,90,64,93,104,116,127,0,19,31,42,54,40,64,73,84,98,49,72,91,102,134,72,89,102,119,129,0,24,35,46,68,9,25,42,52,64,64,91,105,120,130,39,51,80,92,113,15,26,42,54,79,24,40,49,67,77,42,66,80,102,111,66,91,103,112,123,51,64,80,96,111,19,42,64,77,87,26,42,54,72,96,0,9,20,32,49,0,15,25,42,69,35,49,60,76,101];[3,46,38,25,56,1,55,45,23,56,0,36,24,42,59,1,23,39,5,57,0,20,39,35,59,0,24,11,39,58,1,33,35,4,56,3,25,6,6,58,3,18,27,26,57,3,48,9,14,57,2,20,9,37,57,1,44,5,21,58,2,13,4,39,58,2,51,12,54,59,3,41,49,31,56,0,24,6,45,59,2,47,55,42,58,3,49,14,45,57,2,39,18,53,59,0,41,50,37,59];[61,29,75,81,0,13,67,2,7,78,4,0,25,37,27,88,85,64,53,69,11,79,77,15,74,41,2,12,32,19,38,43,64,48,29,12,60,35,33,26,17,64,14,42,40,42,14,69,25,30,22,74,25,63,12,37,51,57,76,47,87,51,54,59,10,34,60,46,26,33,85,71,35,45,36,46,43,50,76,18,75,22,45,16,33,12,28,36,4,40,49,11,33,78,77,73,69,86,8,71];[[0.49734142093980327,4.973414209398033,1.0],[0.35999045686025677,3.5999045686025677,1.0],[0.7220617567237175,7.220617567237175,1.0],[0.44672126724761885,4.4672126724761885,1.0],[0.4533596515962979,4.533596515962978,1.0],[0.025925678678183073,0.25925678678183073,1.0],[0.33490089376309407,3.3490089376309404,1.0],[0.4755440242737675,4.755440242737675,1.0],[0.45132356511490823,4.513235651149082,1.0],[0.08788974506102976,0.8788974506102976,1.0],[0.29509671683068217,2.9509671683068217,1.0],[0.33863234208051063,3.3863234208051063,1.0],[0.9020959027552419,9.020959027552419,1.0],[0.7173473735926632,7.173473735926632,1.0],[0.8986159167700656,8.986159167700656,1.0],[0.032997165944182005,0.32997165944182005,1.0],[0.2284682145918675,2.284682145918675,1.0],[0.5381470661357333,5.381470661357333,1.0],[0.06127510457974772,0.6127510457974772,1.0],[0.22935566071129299,2.29355660711293,1.0],[0.5598162304796008,5.598162304796008,1.0],[0.0008471767611641923,0.008471767611641923,1.0],[0.3920352782519039,3.9203527825190387,1.0],[0.03133523867093202,0.3133523867093202,1.0],[0.24056870266164254,2.4056870266164254,1.0],[0.8953787890847891,8.953787890847892,1.0],[0.3866575811855242,3.866575811855242,1.0],[0.26785644445085033,2.6785644445085035,1.0],[0.9113672758007916,9.113672758007915,1.0],[0.8561689403543553,8.561689403543554,1.0],[0.2548634438031525,2.548634438031525,1.0],[0.42717855363332036,4.271785536333203,1.0],[0.19719480126070077,1.9719480126070077,1.0],[0.7644816954164836,7.644816954164836,1.0],[0.45421054829626994,4.5421054829626994,1.0],[0.7701442479976394,7.701442479976394,1.0],[0.7544956928280053,7.544956928280053,1.0],[0.1329370279333042,1.329370279333042,1.0],[0.13608412133420567,1.3608412133420567,1.0],[0.7421993063471702,7.421993063471702,1.0],[0.8710335288246386,8.710335288246386,1.0],[0.18118149060958277,1.8118149060958277,1.0],[0.8581563188196332,8.581563188196332,1.0],[0.2027449363975372,2.0274493639753723,1.0],[0.3410290736485122,3.410290736485122,1.0],[0.6372290727852594,6.372290727852594,1.0],[0.14905275813887664,1.4905275813887664,1.0],[0.5109099957893487,5.109099957893487,1.0],[0.4352931558109894,4.352931558109894,1.0],[0.09760732352088275,0.9760732352088275,1.0],[0.05941930181032895,0.5941930181032895,1.0],[0.4305054409800979,4.305054409800979,1.0],[0.5024944042408487,5.024944042408487,1.0],[0.5079732331603702,5.079732331603703,1.0],[0.0640695575730742,0.640695575730742,1.0],[0.43169459272424404,4.316945927242441,1.0],[0.9774036975897298,9.774036975897298,1.0],[0.7083743064187731,7.083743064187731,1.0],[0.3236585836720067,3.2365858367200673,1.0],[0.6948341495565338,6.948341495565337,1.0],[0.3959747672493763,3.959747672493763,1.0],[0.5702020071109615,5.702020071109615,1.0],[0.1273830425097976,1.273830425097976,1.0],[0.0022121200251274953,0.022121200251274953,1.0],[0.7082383894336587,7.082383894336587,1.0],[0.46105048814669625,4.610504881466962,1.0],[0.048724340958554824,0.48724340958554824,1.0],[0.9996141487513373,9.996141487513373,1.0],[0.6273821455013189,6.273821455013189,1.0],[0.2348624347451349,2.348624347451349,1.0],[0.5041148841596441,5.041148841596441,1.0],[0.8039409645464441,8.039409645464442,1.0],[0.47932085049134165,4.793208504913417,1.0],[0.70795730946113,7.0795730946113,1.0],[0.007554994577610108,0.07554994577610108,1.0],[0.8007158968273879,8.00715896827388,1.0],[0.5714645581344422,5.714645581344422,1.0],[0.3553516990323421,3.5535169903234207,1.0],[0.4109500828077237,4.109500828077238,1.0],[0.8741229133056294,8.741229133056294,1.0],[0.9420210435021625,9.420210435021625,1.0],[0.30280487290994307,3.0280487290994307,1.0],[0.8284132151265241,8.284132151265242,1.0],[0.3304643624332526,3.304643624332526,1.0],[0.5345490821912385,5.345490821912385,1.0],[0.05846257531970078,0.5846257531970078,1.0],[0.3640608639017009,3.640608639017009,1.0],[0.4918937375846536,4.918937375846536,1.0],[0.05273726661906186,0.5273726661906186,1.0],[0.9082050684613338,9.082050684613337,1.0]]
0_BehnkeGeiger_46_workers.fjs;288.5117629205803;4663510;[0,13,29,38,48,38,61,77,89,112,66,82,94,105,122,37,61,70,82,97,30,42,57,69,100,14,30,55,72,85,46,55,65,77,96,0,16,29,41,56,25,38,52,66,93,23,37,60,74,87,0,14,26,41,60,13,25,34,47,58,61,74,89,99,115,14,23,37,49,60,0,14,37,54,72,30,46,61,72,82,42,66,75,89,108,55,69,80,91,110,16,30,42,53,77,69,84,93,106,118];[2,10,30,27,59,2,48,45,25,59,3,31,52,42,59,1,7,19,9,56,3,50,38,35,59,0,10,8,39,59,0,33,4,48,57,3,30,17,17,57,2,46,16,24,58,1,53,37,14,56,1,33,4,26,59,2,44,6,21,58,1,13,5,28,58,1,25,20,37,56,0,11,51,30,59,0,43,6,43,57,3,49,36,40,57,0,40,15,46,56,3,21,41,55,58,0,41,16,34,57];[78,62,57,13,10,47,27,49,22,73,88,23,83,2,54,85,33,57,77,42,75,80,11,6,17,21,62,49,38,64,65,89,39,71,31,12,17,48,35,14,2,30,37,76,74,3,22,84,89,27,16,22,5,88,79,58,79,54,40,2,17,63,85,56,34,67,9,16,36,32,47,29,43,64,46,46,3,23,48,58,56,44,82,65,65,9,78,17,3,53,37,71,73,16,52,86,39,70,33,17];[[0.4211249061401,4.211249061401,1.0],[0.9761073344853062,9.761073344853061,1.0],[0.6132800246752349,6.132800246752349,1.0],[0.6930423279788359,6.930423279788359,1.0],[0.5088628354481554,5.088628354481553,1.0],[0.18781156668551158,1.8781156668551158,1.0],[0.830121874145001,8.301218741450011,1.0],[0.8449241651217704,8.449241651217704,1.0],[0.20962821201639004,2.0962821201639006,1.0],[0.6505169872996391,6.505169872996391,1.0],[0.7003316191510263,7.003316191510263,1.0],[0.7150339547653067,7.150339547653068,1.0],[0.8091072451390076,8.091072451390076,1.0],[0.8451978833841938,8.451978833841938,1.0],[0.3695849781386673,3.695849781386673,1.0],[0.5056149902637381,5.056149902637381,1.0],[0.7206140757071586,7.206140757071586,1.0],[0.14319015826691817,1.4319015826691817,1.0],[0.026697115061789622,0.2669711506178962,1.0],[0.15341588178909327,1.5341588178909327,1.0],[0.8363432326370349,8.363432326370349,1.0],[0.3246336983988545,3.2463369839885448,1.0],[0.3029175030516511,3.029175030516511,1.0],[0.11785699745257816,1.1785699745257816,1.0],[0.12094663440427922,1.2094663440427922,1.0],[0.9680758098639723,9.680758098639723,1.0],[0.05051541232897139,0.5051541232897139,1.0],[0.9837100378798541,9.83710037879854,1.0],[0.5522705914806934,5.5227059148069335,1.0],[0.2474360532702261,2.474360532702261,1.0],[0.015934056387660878,0.15934056387660878,1.0],[0.8816507734170083,8.816507734170083,1.0],[0.38970094386643916,3.8970094386643916,1.0],[0.948399003178236,9.48399003178236,1.0],[0.05851121780149349,0.5851121780149349,1.0],[0.7974936305528121,7.974936305528121,1.0],[0.6609068549274018,6.609068549274017,1.0],[0.8088394062462949,8.08839406246295,1.0],[0.4910678923283146,4.910678923283146,1.0],[0.7183875619927151,7.183875619927152,1.0],[0.44010133419268005,4.4010133419268005,1.0],[0.23511737188381732,2.351173718838173,1.0],[0.13179454335673724,1.3179454335673724,1.0],[0.47235541919868507,4.7235541919868504,1.0],[0.736485892218076,7.36485892218076,1.0],[0.020512092588616526,0.20512092588616526,1.0],[0.15372078110124265,1.5372078110124265,1.0],[0.9186126274153484,9.186126274153484,1.0],[0.5327250835103642,5.327250835103642,1.0],[0.5544157030510064,5.544157030510064,1.0],[0.6069379100604821,6.069379100604822,1.0],[0.14801757270189186,1.4801757270189186,1.0],[0.4404344830924649,4.404344830924649,1.0],[0.38949638513061857,3.8949638513061857,1.0],[0.720992959617223,7.20992959617223,1.0],[0.48989961614799515,4.8989961614799515,1.0],[0.6559321524303485,6.559321524303485,1.0],[0.9188878069642079,9.18887806964208,1.0],[0.48657298069770416,4.865729806977042,1.0],[0.7972300829849082,7.972300829849082,1.0],[0.5639219663957465,5.639219663957466,1.0],[0.961016524120257,9.61016524120257,1.0],[0.47644799508871905,4.764479950887191,1.0],[0.24879011707166054,2.487901170716605,1.0],[0.9490182751915078,9.490182751915079,1.0],[0.7422259987799357,7.4222599877993565,1.0],[0.14336464132504567,1.4336464132504567,1.0],[0.3587815743778219,3.5878157437782185,1.0],[0.4933829199950983,4.933829199950983,1.0],[0.05388988630637248,0.5388988630637248,1.0],[0.218161652046843,2.18161652046843,1.0],[0.11036855637231835,1.1036855637231835,1.0],[0.11019665525187328,1.1019665525187328,1.0],[0.08321860713308704,0.8321860713308704,1.0],[0.8548431956714836,8.548431956714836,1.0],[0.8379786013676603,8.379786013676604,1.0],[0.49692456318177003,4.9692456318177,1.0],[0.3383418526610099,3.3834185266100993,1.0],[0.8847267085145368,8.847267085145369,1.0],[0.7727073339099483,7.727073339099483,1.0],[0.4378611007868425,4.378611007868425,1.0],[0.36357237359531624,3.6357237359531624,1.0],[0.9993128545514127,9.993128545514127,1.0],[0.011407353725907177,0.11407353725907177,1.0],[0.683883535316853,6.8388353531685295,1.0],[0.5777677015169478,5.777677015169478,1.0],[0.279572135569809,2.79572135569809,1.0],[0.5251374991808218,5.251374991808218,1.0],[0.19595099082337364,1.9595099082337364,1.0],[0.6934430548580864,6.934430548580864,1.0]]
0_BehnkeGeiger_46_workers.fjs;282.46775787837066;3242300;[0,13,24,34,44,40,50,64,76,98,0,15,28,44,57,57,77,87,96,107,15,27,36,46,65,45,57,73,90,116,25,45,62,75,95,0,15,33,46,69,12,25,41,60,82,27,40,60,69,78,22,37,48,65,108,0,12,24,38,47,37,50,61,73,87,13,22,32,41,54,57,75,85,103,120,15,31,44,56,68,50,75,92,107,121,44,57,67,77,92,50,64,75,84,103,31,44,54,67,77];[1,4,43,24,58,3,50,45,20,59,3,54,8,42,59,0,7,32,9,57,3,47,39,32,57,2,27,54,45,58,2,34,34,48,57,0,26,7,6,59,2,46,35,39,59,3,47,44,13,56,1,18,16,51,59,2,44,4,21,59,1,14,4,28,56,1,15,12,26,56,2,10,50,55,59,0,41,37,37,58,3,44,37,40,57,0,33,14,42,58,1,48,41,55,56,0,41,15,35,57];[87,20,70,28,41,29,86,23,30,57,44,19,67,79,21,8,72,10,80,53,50,76,65,83,35,4,74,40,75,39,32,36,22,34,60,12,48,19,33,58,74,81,58,18,53,31,22,82,33,60,57,88,17,83,38,86,35,39,55,61,21,46,54,39,54,71,10,46,27,67,60,65,32,48,64,46,5,14,49,16,66,68,1,41,62,89,44,80,0,87,78,4,13,46,65,24,64,13,17,17];[[0.4831103964860096,4.831103964860096,1.0],[0.9021829992468611,9.02182999246861,1.0],[0.5374571935128641,5.374571935128642,1.0],[0.8761340971511191,8.761340971511192,1.0],[0.573156942708234,5.7315694270823405,1.0],[0.994523847851402,9.945238478514021,1.0],[0.3574465703190305,3.574465703190305,1.0],[0.6617299629663892,6.617299629663892,1.0],[0.4882872262788658,4.882872262788657,1.0],[0.5726412824777106,5.726412824777106,1.0],[0.32388398325139345,3.2388398325139347,1.0],[0.8072354510963532,8.072354510963532,1.0],[0.8087324055796944,8.087324055796945,1.0],[0.660852452150834,6.60852452150834,1.0],[0.5802577271631468,5.802577271631469,1.0],[0.04408639890691246,0.4408639890691246,1.0],[0.7725635994624831,7.725635994624831,1.0],[0.340181488474281,3.4018148847428096,1.0],[0.09506024617702258,0.9506024617702258,1.0],[0.23214768683087816,2.321476868308782,1.0],[0.29508457816293987,2.9508457816293987,1.0],[0.12277001052286385,1.2277001052286385,1.0],[0.47347375902937305,4.73473759029373,1.0],[0.8739362489567938,8.739362489567938,1.0],[0.5942988909169951,5.942988909169951,1.0],[0.3932636751035087,3.932636751035087,1.0],[0.356262027818981,3.5626202781898098,1.0],[0.8443312190299666,8.443312190299665,1.0],[0.7137768111623821,7.137768111623821,1.0],[0.541649960332778,5.416499603327781,1.0],[0.26577494883360064,2.657749488336006,1.0],[0.9303686520183944,9.303686520183943,1.0],[0.6647036321879223,6.647036321879223,1.0],[0.8481261874486201,8.4812618744862,1.0],[0.2743023069142022,2.743023069142022,1.0],[0.5987856125347181,5.9878561253471805,1.0],[0.4569423976865593,4.569423976865593,1.0],[0.33213605365278576,3.3213605365278576,1.0],[0.81263475330977,8.1263475330977,1.0],[0.5964941538505839,5.964941538505839,1.0],[0.9947889064585738,9.947889064585738,1.0],[0.8287071581836081,8.28707158183608,1.0],[0.018381501525532307,0.18381501525532307,1.0],[0.6100637867915101,6.1006378679151005,1.0],[0.28754239195595754,2.8754239195595757,1.0],[0.7986732822669409,7.986732822669409,1.0],[0.8174504530922707,8.174504530922707,1.0],[0.18940839630142858,1.8940839630142858,1.0],[0.9250951518484526,9.250951518484525,1.0],[0.5373164168533412,5.373164168533412,1.0],[0.8365277849121914,8.365277849121913,1.0],[0.6316914250178033,6.316914250178033,1.0],[0.15184034432706983,1.5184034432706983,1.0],[0.5281662867111906,5.281662867111906,1.0],[0.4583451302924175,4.583451302924175,1.0],[0.04230631300605814,0.4230631300605814,1.0],[0.1258096578607567,1.258096578607567,1.0],[0.06582033812283716,0.6582033812283716,1.0],[0.897419605140406,8.97419605140406,1.0],[0.47272098686609687,4.727209868660969,1.0],[0.19003538760239747,1.9003538760239747,1.0],[0.34250509114102723,3.4250509114102723,1.0],[0.22496847931809727,2.2496847931809727,1.0],[0.293396880055004,2.9339688005500397,1.0],[0.3753743367942156,3.753743367942156,1.0],[0.4599736060992935,4.599736060992935,1.0],[0.47948809501936374,4.794880950193638,1.0],[0.958573092010442,9.585730920104421,1.0],[0.03253904300604349,0.3253904300604349,1.0],[0.4348005170756857,4.348005170756856,1.0],[0.24880188012436077,2.4880188012436077,1.0],[0.93408987269609,9.3408987269609,1.0],[0.35770560301992216,3.5770560301992216,1.0],[0.22393216152842832,2.2393216152842834,1.0],[0.8671870642757824,8.671870642757824,1.0],[0.20511903908208484,2.0511903908208486,1.0],[0.5992675664028208,5.992675664028208,1.0],[0.6786791129322917,6.786791129322917,1.0],[0.9375637812513765,9.375637812513766,1.0],[0.3890912025981019,3.8909120259810193,1.0],[0.6288767973577327,6.288767973577327,1.0],[0.36699471368723124,3.669947136872312,1.0],[0.04690020251623861,0.4690020251623861,1.0],[0.8490856184138454,8.490856184138455,1.0],[0.8901673736704244,8.901673736704245,1.0],[0.9161787126503858,9.161787126503857,1.0],[0.1131043999360144,1.131043999360144,1.0],[0.7774537080224232,7.774537080224232,1.0],[0.03095965729693917,0.3095965729693917,1.0],[0.03970963579151632,0.3970963579151632,1.0]]
0_BehnkeGeiger_46_workers.fjs;297.88913684058264;4631970;[66,82,94,105,129,51,74,85,94,105,13,32,51,68,79,12,30,40,51,70,0,12,30,40,57,11,23,40,62,76,23,52,63,81,118,0,20,31,44,54,40,57,68,79,103,70,85,97,107,116,0,11,28,40,58,39,51,70,94,108,57,70,88,99,123,30,42,59,73,87,32,46,63,78,89,46,62,74,83,94,20,40,51,61,72,42,52,63,79,91,52,66,85,96,115,0,13,23,35,57];[3,27,43,43,59,2,37,52,12,56,0,53,55,42,59,3,7,55,6,57,3,22,20,34,57,2,43,11,47,56,2,33,32,48,59,1,37,17,30,58,1,19,8,26,57,1,28,27,27,58,2,35,6,12,56,2,17,5,21,59,1,14,5,39,56,3,23,21,25,57,0,22,49,30,56,0,41,43,36,59,1,47,24,53,58,3,49,15,42,58,3,31,41,55,57,0,41,42,52,59];[26,8,86,68,16,20,67,24,22,80,4,57,80,80,54,32,53,0,62,0,2,57,32,27,65,67,47,82,46,68,78,43,83,88,32,41,18,9,56,72,7,52,30,28,33,60,59,17,77,28,45,26,74,81,57,86,58,1,8,69,45,11,31,87,65,73,3,73,74,35,24,76,4,55,25,46,19,79,58,3,27,13,66,29,16,43,30,70,14,36,9,33,15,43,8,43,70,3,36,27];[[0.34661995661142697,3.4661995661142697,1.0],[0.2286410960833074,2.286410960833074,1.0],[0.012392470279078194,0.12392470279078194,1.0],[0.9308270259025113,9.308270259025113,1.0],[0.3225145761620236,3.225145761620236,1.0],[0.0006954578022455582,0.006954578022455582,1.0],[0.2097170717940725,2.097170717940725,1.0],[0.5179602272351016,5.179602272351016,1.0],[0.7628222106217201,7.6282221062172,1.0],[0.3089717897377221,3.089717897377221,1.0],[0.15113122452813788,1.5113122452813788,1.0],[0.07045772229012492,0.7045772229012492,1.0],[0.8725064026541692,8.725064026541693,1.0],[0.3074981421409557,3.074981421409557,1.0],[0.272859759997538,2.7285975999753798,1.0],[0.9838464878398866,9.838464878398867,1.0],[0.7385079487399623,7.385079487399623,1.0],[0.7690782380223464,7.690782380223464,1.0],[0.7347776517949599,7.347776517949599,1.0],[0.040110031230356946,0.40110031230356946,1.0],[0.7832762173461114,7.832762173461115,1.0],[0.9889075602289727,9.889075602289727,1.0],[0.9868030389001332,9.868030389001332,1.0],[0.09156288276254032,0.9156288276254032,1.0],[0.6169801532161481,6.169801532161481,1.0],[0.9026788995265191,9.026788995265191,1.0],[0.7985407520091817,7.985407520091817,1.0],[0.3776281884996082,3.776281884996082,1.0],[0.3548331359348883,3.548331359348883,1.0],[0.4034509368723006,4.034509368723006,1.0],[0.5249010978369003,5.249010978369003,1.0],[0.41070078970850576,4.107007897085058,1.0],[0.63967628453626,6.3967628453626,1.0],[0.644865700493546,6.44865700493546,1.0],[0.7187044523063962,7.187044523063962,1.0],[0.4606778023011676,4.606778023011676,1.0],[0.947243245359423,9.47243245359423,1.0],[0.5480976670697533,5.480976670697533,1.0],[0.5212437467785531,5.212437467785531,1.0],[0.9974770776792315,9.974770776792315,1.0],[0.8347236528324226,8.347236528324226,1.0],[0.5920335208252621,5.92033520825262,1.0],[0.5281200476143402,5.281200476143402,1.0],[0.9947145418085902,9.947145418085903,1.0],[0.3807311818221505,3.807311818221505,1.0],[0.16524593628445206,1.6524593628445206,1.0],[0.360275223783056,3.60275223783056,1.0],[0.08085968119624642,0.8085968119624642,1.0],[0.8395205202311514,8.395205202311514,1.0],[0.9614069909390023,9.614069909390023,1.0],[0.08576140927512577,0.8576140927512577,1.0],[0.06230204186426158,0.6230204186426158,1.0],[0.48309802210777264,4.830980221077726,1.0],[0.7527011136301647,7.527011136301647,1.0],[0.5653273490612396,5.653273490612396,1.0],[0.14308306009955207,1.4308306009955207,1.0],[0.9027442860174946,9.027442860174945,1.0],[0.39175874054121795,3.9175874054121795,1.0],[0.04470890378303016,0.4470890378303016,1.0],[0.4575329191628308,4.575329191628308,1.0],[0.44418114285306354,4.441811428530635,1.0],[0.0791756906829707,0.791756906829707,1.0],[0.37770490385691646,3.7770490385691646,1.0],[0.24872151644563356,2.4872151644563356,1.0],[0.31414454419740034,3.141445441974003,1.0],[0.40750067283296354,4.075006728329635,1.0],[0.17219359428721337,1.7219359428721337,1.0],[0.3882072229758389,3.8820722297583887,1.0],[0.7592365563423323,7.592365563423323,1.0],[0.222327149798478,2.22327149798478,1.0],[0.563344095817858,5.63344095817858,1.0],[0.06385831253616747,0.6385831253616747,1.0],[0.4915379293409209,4.915379293409209,1.0],[0.6493348169788958,6.493348169788958,1.0],[0.35923654185193077,3.5923654185193077,1.0],[0.011177057117131461,0.11177057117131461,1.0],[0.2733467293051436,2.7334672930514357,1.0],[0.5355549647286275,5.355549647286275,1.0],[0.6301964483914466,6.301964483914466,1.0],[0.13021308409642796,1.3021308409642796,1.0],[0.25996455672831287,2.5996455672831287,1.0],[0.08504584081016042,0.8504584081016042,1.0],[0.7433003345161341,7.433003345161341,1.0],[0.18226229691513296,1.8226229691513296,1.0],[0.9489642736607146,9.489642736607145,1.0],[0.8673076709060825,8.673076709060826,1.0],[0.2783750143398719,2.783750143398719,1.0],[0.779542699505796,7.79542699505796,1.0],[0.05243151622562159,0.5243151622562159,1.0],[0.5237802038743088,5.237802038743088,1.0]]
0_BehnkeGeiger_46_workers.fjs;285.8039762215631;4811780;[0,13,26,37,54,13,35,47,57,69,27,43,53,72,90,47,64,73,85,106,43,55,73,83,114,64,76,91,104,119,26,35,60,73,103,11,27,39,58,78,0,17,27,45,55,0,11,23,33,48,35,47,57,67,80,53,71,94,107,125,55,64,91,102,113,65,81,91,101,116,35,49,58,72,81,49,65,81,91,102,32,53,66,78,93,13,26,37,58,89,17,32,46,55,78,0,13,25,38,48];[2,10,52,28,58,2,37,37,12,57,3,8,11,42,56,2,7,35,37,56,3,49,20,34,59,2,27,9,47,56,0,35,52,7,59,3,4,31,46,58,1,45,51,32,59,3,42,27,15,57,2,33,37,47,56,1,23,6,21,59,3,14,5,39,58,0,8,12,29,57,0,45,50,30,59,0,43,6,26,57,1,18,38,9,59,0,40,14,45,58,1,36,41,55,57,0,19,34,34,56];[87,75,68,33,27,10,11,45,37,84,61,75,34,79,53,78,47,2,65,48,69,3,32,89,42,67,31,70,81,77,6,50,35,14,61,73,13,53,5,52,32,70,12,40,42,8,43,87,38,65,35,70,51,71,0,12,6,72,41,62,48,49,31,59,34,59,45,38,19,36,15,5,17,46,23,46,38,84,62,12,84,83,20,9,61,89,31,32,36,17,71,23,60,21,8,62,0,44,7,63];[[0.8559393885152179,8.55939388515218,1.0],[0.8004839408308784,8.004839408308783,1.0],[0.5938433496209707,5.938433496209708,1.0],[0.8870093324131678,8.870093324131679,1.0],[0.741558169706834,7.4155816970683395,1.0],[0.8097670389513107,8.097670389513107,1.0],[0.2247324103169328,2.247324103169328,1.0],[0.9761818800633866,9.761818800633865,1.0],[0.6339038774096737,6.339038774096737,1.0],[0.5580285642552777,5.580285642552777,1.0],[0.4463526500656817,4.463526500656817,1.0],[0.28336462923826333,2.8336462923826335,1.0],[0.9019880415639555,9.019880415639555,1.0],[0.03268507148422006,0.32685071484220063,1.0],[0.4362825217209084,4.3628252172090844,1.0],[0.18851543397694082,1.8851543397694082,1.0],[0.9250090249429151,9.250090249429151,1.0],[0.9012349700248556,9.012349700248556,1.0],[0.12108560404704316,1.2108560404704316,1.0],[0.9174015512221217,9.174015512221217,1.0],[0.6336036775858569,6.3360367758585685,1.0],[0.8916415369189501,8.916415369189501,1.0],[0.9427537000908234,9.427537000908234,1.0],[0.6474269734768437,6.474269734768438,1.0],[0.2944017446773023,2.9440174467730227,1.0],[0.22784863884628848,2.278486388462885,1.0],[0.026726933813205345,0.26726933813205345,1.0],[0.5708724060922277,5.708724060922277,1.0],[0.09143396648058832,0.9143396648058832,1.0],[0.9728808105837072,9.728808105837071,1.0],[0.04913857274611522,0.49138572746115217,1.0],[0.8163054842016593,8.163054842016592,1.0],[0.12136143786009423,1.2136143786009423,1.0],[0.39347747924753973,3.9347747924753973,1.0],[0.7612563626694716,7.612563626694716,1.0],[0.2669682491794272,2.669682491794272,1.0],[0.032329137447332346,0.32329137447332346,1.0],[0.27066047462765497,2.7066047462765495,1.0],[0.8705591702034446,8.705591702034447,1.0],[0.8809847340925547,8.809847340925547,1.0],[0.18409719287978143,1.8409719287978143,1.0],[0.20156279965759893,2.015627996575989,1.0],[0.5164915614426145,5.164915614426145,1.0],[0.4956047792365974,4.956047792365974,1.0],[0.6077297164851029,6.0772971648510286,1.0],[0.9001180841411072,9.001180841411072,1.0],[0.78410741646787,7.8410741646787,1.0],[0.4806185677402214,4.806185677402214,1.0],[0.1147765683905323,1.147765683905323,1.0],[0.07024459811816619,0.7024459811816619,1.0],[0.3187451092517546,3.187451092517546,1.0],[0.0073062864940089955,0.07306286494008996,1.0],[0.5205444033755386,5.205444033755386,1.0],[0.6250968201912236,6.250968201912236,1.0],[0.25055568445480136,2.5055568445480136,1.0],[0.615922435604406,6.15922435604406,1.0],[0.3870907125242423,3.8709071252424234,1.0],[0.21814785067570475,2.1814785067570472,1.0],[0.8734963280117019,8.734963280117018,1.0],[0.28722080489037183,2.872208048903718,1.0],[0.09639359128751424,0.9639359128751424,1.0],[0.7548858731919171,7.548858731919172,1.0],[0.6851727386050028,6.851727386050028,1.0],[0.051174076075845676,0.5117407607584568,1.0],[0.17887018113864828,1.7887018113864828,1.0],[0.609251556117635,6.09251556117635,1.0],[0.24984154075152953,2.4984154075152953,1.0],[0.368174715277632,3.68174715277632,1.0],[0.05876744192941186,0.5876744192941186,1.0],[0.12260955919754979,1.226095591975498,1.0],[0.45916262109070083,4.591626210907008,1.0],[0.4009271808935736,4.009271808935736,1.0],[0.46504811859381157,4.650481185938116,1.0],[0.21320952910254887,2.1320952910254887,1.0],[0.6247271975216867,6.247271975216867,1.0],[0.28525256320918047,2.8525256320918047,1.0],[0.6348406939976744,6.348406939976744,1.0],[0.8319882392437383,8.319882392437384,1.0],[0.8395421352998061,8.395421352998062,1.0],[0.019614941273996434,0.19614941273996434,1.0],[0.5413984842077535,5.413984842077535,1.0],[0.2718798292635384,2.718798292635384,1.0],[0.4481717263007644,4.481717263007644,1.0],[0.26376858333274344,2.6376858333274344,1.0],[0.3349547069458171,3.349547069458171,1.0],[0.5175169666891029,5.175169666891028,1.0],[0.6865980117314152,6.865980117314152,1.0],[0.12545365307174206,1.2545365307174206,1.0],[0.02272642984071671,0.2272642984071671,1.0],[0.7308912721040333,7.308912721040333,1.0]]
0_BehnkeGeiger_46_workers.fjs;299.1987537418759;3553710;[22,42,61,76,91,14,24,35,44,57,36,49,60,78,97,42,61,91,113,122,0,22,35,55,82,61,81,92,109,127,13,22,32,41,68,0,21,32,45,59,37,50,65,74,100,22,36,64,80,111,50,61,77,89,101,33,50,60,73,82,61,85,97,107,117,50,63,75,87,102,21,37,53,67,79,50,72,88,98,113,63,88,98,110,122,24,33,46,65,76,0,14,24,38,58,0,13,22,34,45];[0,30,36,25,59,3,55,39,14,59,1,40,16,42,57,0,22,17,9,56,1,54,22,32,57,0,53,11,46,59,0,33,47,5,59,2,29,51,12,56,2,44,8,51,58,1,11,55,24,56,2,20,38,47,56,3,46,6,21,58,2,14,5,19,57,3,10,8,54,59,2,26,49,30,59,1,43,8,43,59,3,49,38,53,58,3,38,37,46,56,3,9,16,54,57,0,41,15,53,58];[28,43,1,81,16,27,27,63,16,60,4,37,10,82,62,81,39,6,14,85,36,71,27,48,29,66,59,25,67,56,66,21,1,87,11,35,86,52,11,41,82,44,47,52,37,12,62,64,73,25,22,74,74,88,86,69,13,40,61,36,23,62,21,28,31,70,33,14,80,33,14,5,59,89,11,82,18,3,12,78,16,89,55,55,86,80,19,54,20,53,77,83,55,77,75,84,34,31,49,8];[[0.5198238265685563,5.198238265685563,1.0],[0.9583988744400509,9.583988744400509,1.0],[0.3402956357666065,3.402956357666065,1.0],[0.7081849781179302,7.081849781179303,1.0],[0.9252189405445452,9.252189405445453,1.0],[0.05032666735654623,0.5032666735654623,1.0],[0.6613275461751585,6.613275461751585,1.0],[0.82711411373077,8.271141137307701,1.0],[0.8734961127808921,8.734961127808921,1.0],[0.5913019030238962,5.913019030238962,1.0],[0.11264722490163037,1.1264722490163037,1.0],[0.34477784983246407,3.4477784983246407,1.0],[0.011377599382669468,0.11377599382669468,1.0],[0.7909742881977946,7.909742881977946,1.0],[0.3277964015146908,3.277964015146908,1.0],[0.22222795698924247,2.2222795698924247,1.0],[0.14676573527209236,1.4676573527209236,1.0],[0.040648812187981,0.40648812187981,1.0],[0.14328037004549943,1.4328037004549943,1.0],[0.10349201402412567,1.0349201402412567,1.0],[0.2300149081299988,2.3001490812999883,1.0],[0.34985110243749995,3.4985110243749995,1.0],[0.866750807284636,8.66750807284636,1.0],[0.14758827376144812,1.4758827376144812,1.0],[0.22391440251713068,2.239144025171307,1.0],[0.24865543755958186,2.4865543755958184,1.0],[0.2300130943157953,2.300130943157953,1.0],[0.8293061040602848,8.293061040602849,1.0],[0.43895527513494326,4.389552751349433,1.0],[0.44969387575897835,4.496938757589783,1.0],[0.3412024287409555,3.4120242874095554,1.0],[0.9004679331719968,9.004679331719968,1.0],[0.43962892413733223,4.3962892413733226,1.0],[0.45751138605113895,4.575113860511389,1.0],[0.5639201948280074,5.639201948280074,1.0],[0.6726986423945157,6.726986423945157,1.0],[0.6597005192680269,6.597005192680268,1.0],[0.9102187034878934,9.102187034878934,1.0],[0.5766896035151798,5.766896035151799,1.0],[0.4155337643506154,4.155337643506154,1.0],[0.35757675057500693,3.5757675057500693,1.0],[0.5416053049315015,5.416053049315015,1.0],[0.24141379817839304,2.4141379817839304,1.0],[0.14373377933442777,1.4373377933442777,1.0],[0.05947898491433379,0.5947898491433379,1.0],[0.49975509403239127,4.9975509403239124,1.0],[0.3186129737753496,3.186129737753496,1.0],[0.7700173830289908,7.700173830289908,1.0],[0.48539290197593976,4.853929019759398,1.0],[0.4627755002794737,4.6277550027947365,1.0],[0.5376316431809531,5.376316431809531,1.0],[0.9085166904492054,9.085166904492054,1.0],[0.8894638917603915,8.894638917603915,1.0],[0.7295709856829492,7.295709856829492,1.0],[0.10156484356406248,1.0156484356406248,1.0],[0.7756986430311787,7.7569864303117875,1.0],[0.2646734419538803,2.646734419538803,1.0],[0.08522369075097047,0.8522369075097047,1.0],[0.05298946435344931,0.5298946435344931,1.0],[0.15739225219713138,1.5739225219713138,1.0],[0.4318886991151929,4.318886991151929,1.0],[0.633165302477868,6.33165302477868,1.0],[0.24439281766986376,2.4439281766986376,1.0],[0.8989634350161788,8.989634350161788,1.0],[0.5191347024590356,5.191347024590356,1.0],[0.6810385741390934,6.8103857413909346,1.0],[0.16547355180616963,1.6547355180616963,1.0],[0.7628548802754104,7.6285488027541035,1.0],[0.3141854421416449,3.1418544214164488,1.0],[0.41192209034050886,4.119220903405089,1.0],[0.02240642416721894,0.2240642416721894,1.0],[0.6263477255847869,6.263477255847869,1.0],[0.6946401733451906,6.946401733451905,1.0],[0.5537872676983423,5.537872676983423,1.0],[0.14353633683289113,1.4353633683289113,1.0],[0.3828088769666892,3.828088769666892,1.0],[0.20550831512341627,2.0550831512341627,1.0],[0.8424160101430348,8.424160101430347,1.0],[0.33056458054195836,3.3056458054195836,1.0],[0.9503462496022802,9.503462496022802,1.0],[0.733658429518869,7.33658429518869,1.0],[0.7327837389781332,7.327837389781332,1.0],[0.5833156544997408,5.833156544997408,1.0],[0.2636719126307169,2.6367191263071685,1.0],[0.7038517121832796,7.038517121832796,1.0],[0.9859996488049411,9.859996488049411,1.0],[0.3427619282161496,3.427619282161496,1.0],[0.731149933057056,7.31149933057056,1.0],[0.24180730800578631,2.418073080057863,1.0],[0.8057399760917423,8.057399760917423,1.0]]
0_BehnkeGeiger_46_workers.fjs;272.2452274879661;4320950;[34,47,56,65,74,9,19,31,41,63,14,27,38,56,80,29,47,57,66,84,19,41,53,64,79,47,59,72,82,94,47,56,66,76,98,0,21,33,45,56,21,34,47,63,72,59,73,86,97,110,0,14,30,55,68,57,76,87,103,115,27,39,64,76,107,31,43,54,66,92,56,70,79,93,103,13,29,41,55,66,39,59,72,83,114,0,9,20,32,43,43,57,66,76,98,0,13,24,35,44];[2,38,39,25,58,3,55,6,37,57,1,31,22,43,59,0,23,32,5,57,3,41,20,34,56,2,24,21,13,56,0,33,35,49,57,2,16,51,47,58,2,44,21,31,57,1,28,48,27,57,1,19,9,47,56,3,46,4,22,59,1,12,4,33,56,3,10,8,52,59,0,10,50,30,59,0,41,45,36,59,1,48,40,10,58,3,25,15,7,56,3,27,41,55,58,0,43,30,53,57];[32,40,70,62,89,12,7,20,39,83,39,59,46,18,21,49,36,85,20,68,13,84,24,42,88,67,57,46,80,77,23,63,88,38,5,35,11,81,66,40,50,28,74,82,67,12,2,3,6,41,1,72,19,53,56,3,84,22,52,6,76,71,7,58,48,38,21,25,64,33,86,36,36,47,7,46,61,73,20,35,62,4,81,57,66,12,78,73,52,78,83,22,77,39,30,21,48,12,89,33];[[0.18019241848515155,1.8019241848515155,1.0],[0.48736227300275514,4.873622730027551,1.0],[0.07759170039841756,0.7759170039841756,1.0],[0.5225667244081349,5.2256672440813485,1.0],[0.9196433340252647,9.196433340252646,1.0],[0.8762509611803474,8.762509611803473,1.0],[0.5029695910906639,5.029695910906638,1.0],[0.8160267976375112,8.160267976375112,1.0],[0.8059112000327816,8.059112000327817,1.0],[0.2140591090540045,2.140591090540045,1.0],[0.08805821114486456,0.8805821114486456,1.0],[0.20329737064426556,2.0329737064426556,1.0],[0.5837360924329463,5.837360924329463,1.0],[0.6737333796339059,6.737333796339059,1.0],[0.1608013027204077,1.6080130272040771,1.0],[0.7465026683932527,7.465026683932527,1.0],[0.5706715087422025,5.706715087422025,1.0],[0.4637998194614905,4.637998194614905,1.0],[0.510707169665419,5.10707169665419,1.0],[0.13436739791107,1.3436739791107,1.0],[0.5955836724768061,5.955836724768061,1.0],[0.9705970110642231,9.705970110642232,1.0],[0.1380260373669585,1.380260373669585,1.0],[0.6915046322372392,6.915046322372392,1.0],[0.4571104412123077,4.571104412123077,1.0],[0.7770933375992647,7.770933375992647,1.0],[0.4288907275773849,4.288907275773849,1.0],[0.7873492179192781,7.873492179192781,1.0],[0.45358103110054593,4.535810311005459,1.0],[0.29994077462327984,2.9994077462327984,1.0],[0.26785911780148886,2.6785911780148886,1.0],[0.41380996534982095,4.13809965349821,1.0],[0.8955750490686861,8.955750490686862,1.0],[0.33899298335361505,3.3899298335361507,1.0],[0.4439220021216055,4.439220021216055,1.0],[0.2663146653444304,2.663146653444304,1.0],[0.1912128081922898,1.912128081922898,1.0],[0.8422148536074314,8.422148536074314,1.0],[0.12934381348500923,1.2934381348500923,1.0],[0.5457493539256076,5.457493539256077,1.0],[0.6889713324133125,6.889713324133125,1.0],[0.3133089603750071,3.1330896037500713,1.0],[0.781346930988076,7.81346930988076,1.0],[0.7476684671478541,7.476684671478541,1.0],[0.694338776663945,6.943387766639449,1.0],[0.010283626574111193,0.10283626574111193,1.0],[0.7581500624990217,7.581500624990217,1.0],[0.8365660626079888,8.365660626079888,1.0],[0.8965297598339126,8.965297598339125,1.0],[0.42501586527499824,4.250158652749983,1.0],[0.29726573226441977,2.9726573226441975,1.0],[0.1892293583037329,1.8922935830373289,1.0],[0.7243244498868214,7.243244498868214,1.0],[0.8519753238078789,8.519753238078788,1.0],[0.10178542532455293,1.0178542532455293,1.0],[0.5249813114594203,5.249813114594203,1.0],[0.36905004287313525,3.6905004287313528,1.0],[0.14252011028375144,1.4252011028375144,1.0],[0.9116619067804255,9.116619067804255,1.0],[0.54316015559511,5.4316015559511,1.0],[0.4203904144024305,4.203904144024305,1.0],[0.8163513162724128,8.163513162724128,1.0],[0.8589171046239985,8.589171046239985,1.0],[0.7596233819507995,7.596233819507995,1.0],[0.8852403456386315,8.852403456386316,1.0],[0.14006433750837965,1.4006433750837965,1.0],[0.7153091891141413,7.153091891141413,1.0],[0.4033601431159366,4.033601431159366,1.0],[0.3246442732123802,3.246442732123802,1.0],[0.610505749299754,6.10505749299754,1.0],[0.9436716318473461,9.436716318473461,1.0],[0.22542293193962482,2.254229319396248,1.0],[0.22792853612720076,2.2792853612720076,1.0],[0.3202161638777423,3.202161638777423,1.0],[0.9471716155913338,9.471716155913338,1.0],[0.06517330654168263,0.6517330654168263,1.0],[0.5318417096543258,5.318417096543257,1.0],[0.060458432800693074,0.6045843280069307,1.0],[0.0568250937122835,0.568250937122835,1.0],[0.05525076001007523,0.5525076001007523,1.0],[0.08040862393544657,0.8040862393544657,1.0],[0.45414991337399147,4.541499133739915,1.0],[0.5398206863735848,5.398206863735848,1.0],[0.9620202223629081,9.62020222362908,1.0],[0.4443670125830569,4.443670125830569,1.0],[0.4943162252029675,4.9431622520296745,1.0],[0.301158822820192,3.01158822820192,1.0],[0.03764467466094412,0.3764467466094412,1.0],[0.32502817216022195,3.2502817216022195,1.0],[0.6923405421469611,6.92340542146961,1.0]]
0_BehnkeGeiger_60_workers.fjs;1788.944679322035;238710;[103,113,326,352,422,263,282,351,489,512,167,298,496,546,664,375,403,414,444,536,0,136,356,375,562,213,225,248,271,294,420,454,501,531,574,207,224,237,533,785,275,391,419,461,612,230,247,271,363,488,309,332,410,433,444,69,82,417,512,601,341,422,441,462,582,19,42,74,129,155,101,129,153,511,777,212,351,410,424,625,303,317,347,581,678,282,305,321,340,622,353,410,438,463,758,369,433,546,569,736,0,23,37,74,608,293,309,545,574,796,338,366,429,517,530,134,294,318,342,451,19,115,134,311,408,23,51,75,302,613,151,175,190,348,419,199,227,356,389,678,273,293,311,445,468,64,79,112,253,471,314,337,348,447,737,48,75,134,447,490,51,64,89,115,547,129,139,549,564,645,188,268,396,415,721,245,267,291,339,637,227,246,332,445,828,380,443,483,573,670,201,213,224,385,434,190,201,231,594,773,391,414,457,468,817,337,385,410,424,496,356,381,396,407,781,0,18,251,375,399,18,48,65,463,653,79,104,291,340,370,85,363,432,444,558,317,329,370,417,619,192,207,222,247,484,295,396,532,575,632,43,69,85,258,361,167,186,356,498,745,265,275,319,352,448,177,385,405,678,786,186,199,224,300,319,381,403,477,592,759,403,413,433,449,555,164,190,399,419,714,42,58,282,437,524,403,434,532,545,658,290,305,455,481,741,438,486,496,522,718,121,151,180,231,248,225,311,376,395,751,366,397,486,569,759,104,114,217,280,586,175,192,338,356,473,150,167,181,222,463,305,329,427,452,771,75,84,417,440,688,82,91,420,573,628,136,151,271,433,662,224,254,268,282,715,260,273,407,434,728,246,385,410,511,816,114,137,152,557,726,419,489,512,567,796,137,167,241,451,516,397,420,463,490,517,354,369,470,488,692,332,371,385,511,549,58,188,237,254,385,304,459,483,533,833,91,101,224,347,432,447,464,475,508,638,329,376,516,540,615,267,326,444,486,766,0,14,332,363,546,254,265,281,332,810,75,85,427,486,586,280,290,302,432,804,113,370,530,554,654,84,133,158,303,338,103,121,338,396,477,433,462,488,501,705,139,369,390,498,728,247,260,288,300,326,449,488,513,532,688,329,370,407,486,821,434,535,557,581,704];[3,53,23,9,58,1,45,30,6,57,3,30,36,40,57,2,36,51,16,56,3,10,7,32,56,2,34,10,40,57,3,30,25,11,57,0,55,54,31,58,0,33,22,19,58,3,33,4,18,57,3,25,25,44,56,2,15,6,5,58,2,12,46,7,56,3,17,21,47,58,2,29,35,34,59,3,5,23,10,59,1,41,18,55,58,1,7,52,30,58,2,31,29,33,56,3,8,23,54,59,1,36,39,17,56,3,31,50,26,58,1,33,22,53,59,3,40,46,40,57,2,27,31,32,56,1,18,51,38,59,0,19,18,28,56,1,9,31,28,56,3,47,55,43,59,1,36,23,22,58,0,43,51,27,57,0,11,44,55,56,1,27,27,39,58,2,41,11,32,56,3,51,55,28,59,2,48,17,47,57,1,41,24,51,59,3,6,12,40,59,2,49,4,40,57,2,42,14,38,56,1,36,54,20,59,0,23,11,4,58,0,55,50,8,57,0,54,8,7,58,0,4,38,29,57,1,9,48,53,56,3,45,23,5,58,1,44,9,43,56,0,22,52,34,58,0,32,23,43,58,2,55,16,34,59,1,31,36,49,58,0,35,10,23,58,3,35,38,11,56,1,25,16,10,58,0,19,8,32,59,2,42,21,19,59,2,30,5,54,58,3,46,10,28,57,0,18,50,43,58,2,36,8,30,56,1,36,41,31,56,0,15,18,10,56,2,47,30,10,57,1,6,7,23,58,1,26,19,8,57,0,5,31,54,56,3,4,21,22,56,2,7,29,49,58,0,47,19,32,57,2,6,32,13,56,0,21,33,42,56,0,51,25,54,57,3,30,50,20,56,1,25,20,49,57,1,28,33,49,58,1,29,16,21,59,1,32,52,12,58,3,48,40,53,56,3,43,55,17,59,3,40,38,17,57,3,19,55,42,56,0,16,45,17,57,2,23,8,41,58,3,24,49,50,59,2,28,30,21,57,2,5,48,49,57,2,50,45,34,56,0,37,24,36,58,3,20,51,33,59,2,38,13,30,57,3,25,53,5,59,0,9,43,24,59,0,10,38,12,57,3,34,55,39,56,2,5,13,30,57,3,50,6,23,59,0,13,23,22,56,1,53,34,34,58,0,49,55,51,58];[0,2,88,44,51,7,49,49,34,54,29,87,52,26,82,69,26,36,43,53,36,29,69,2,12,10,69,40,67,58,11,27,28,10,8,12,49,50,59,18,20,45,59,53,68,27,14,40,8,13,66,8,21,15,18,86,43,9,13,55,24,78,74,21,45,68,2,83,24,30,24,55,50,22,3,88,4,14,3,51,15,82,73,5,72,88,25,27,80,46,77,62,65,46,71,35,11,24,21,77,56,8,22,46,41,16,30,29,30,46,36,53,70,0,82,32,55,41,23,12,36,9,6,3,54,78,56,16,5,23,61,11,22,79,45,68,15,25,56,4,33,3,56,33,58,54,10,75,24,48,81,79,26,84,66,87,45,9,72,62,57,48,67,12,8,2,33,64,20,25,56,43,35,2,70,76,37,85,60,15,19,64,53,23,59,77,13,61,55,15,86,70,80,34,42,89,42,4,26,22,20,17,39,67,48,52,62,84,61,11,84,60,0,79,79,86,54,2,57,86,60,26,28,34,22,64,30,59,27,7,13,67,51,39,2,79,40,59,77,56,3,51,79,70,70,41,71,26,87,80,9,0,19,44,6,78,39,28,76,55,8,0,57,13,48,21,13,41,26,86,63,83,47,20,84,53,12,84,27,37,66,18,6,62,57,82,38,57,54,54,83,39,53,84,9,42,56,37,63,26,25,80,80,56,84,30,74,82,30,17,25,14,81,42,82,74,29,74,87,19,45,77,71,42,63,68,22,66,24,79,77,75,46,70,76,74,16,49,59,85,17,38,36,83,43,32,87,63,83,49,18,53,4,26,75,14,35,89,52,10,25,81,53,61,58,13,68,19,58,52,36,82,8,24,42,48,36,68,41,64,19,69,42,29,85,75,19,39,42,17,72,43,65,53,27,80,50,29,47,81,55,20,63,87,77,62,21,62,10,23,84,52,60,55,19,48,83,12,38,14,36,88,38,71,69,17,49,88,88,7,15,13,85,67,50,17,46,66,1,59,89,35,28,69,43,73,59,26,80,63,83,42,36,0,45,41,27,25,30,30,50,7,0,0,11,80,44,30,60,43,72,74,28,5,45,76,4,59,86,39,20,48,18,13,64,6,43,37,19,22,11,3,0,24,22,31,11,5,25,37];[[0.7773566427005639,7.7735664270056395,1.0],[0.6698255595592497,6.698255595592498,1.0],[0.09913960392481702,0.9913960392481702,1.0],[0.35297051119014544,3.529705111901454,1.0],[0.4679077429008419,4.679077429008419,1.0],[0.5346837414708775,5.346837414708775,1.0],[0.9783090609123973,9.783090609123974,1.0],[0.13031535015865903,1.3031535015865903,1.0],[0.6712434682302663,6.712434682302662,1.0],[0.36422941594737557,3.6422941594737557,1.0],[0.48883570716198577,4.888357071619858,1.0],[0.20301221073405373,2.0301221073405373,1.0],[0.6661983755713592,6.661983755713592,1.0],[0.2276630312069321,2.276630312069321,1.0],[0.4580640582967631,4.580640582967631,1.0],[0.040722397554957435,0.40722397554957435,1.0],[0.9742897953778286,9.742897953778286,1.0],[0.4874760742689066,4.874760742689066,1.0],[0.4616138636373597,4.616138636373597,1.0],[0.7141471558082002,7.141471558082002,1.0],[0.4157281494999725,4.157281494999725,1.0],[0.888011688001529,8.88011688001529,1.0],[0.023293448723771704,0.23293448723771704,1.0],[0.8335062677845465,8.335062677845466,1.0],[0.4684947409975081,4.684947409975081,1.0],[0.8114798126442795,8.114798126442794,1.0],[0.9455914886158723,9.455914886158723,1.0],[0.9830883781948988,9.830883781948987,1.0],[0.1761820755785306,1.761820755785306,1.0],[0.698655759576308,6.98655759576308,1.0],[0.10885571131238292,1.0885571131238292,1.0],[0.16026373420620188,1.6026373420620188,1.0],[0.09286027402458918,0.9286027402458918,1.0],[0.3140620798928404,3.140620798928404,1.0],[0.01653868433866723,0.1653868433866723,1.0],[0.8540491257363622,8.540491257363621,1.0],[0.2910160386456968,2.910160386456968,1.0],[0.7800475863350328,7.800475863350328,1.0],[0.5480965161255696,5.480965161255696,1.0],[0.19433067669976123,1.9433067669976123,1.0],[0.2920382721805297,2.920382721805297,1.0],[0.3194527773994337,3.194527773994337,1.0],[0.6585982235379076,6.585982235379077,1.0],[0.23152103541222924,2.3152103541222924,1.0],[0.6194303369953537,6.194303369953537,1.0],[0.8953386098022104,8.953386098022104,1.0],[0.8694342085696831,8.694342085696832,1.0],[0.2938069356684523,2.938069356684523,1.0],[0.45820480858054946,4.582048085805495,1.0],[0.4849797978711191,4.849797978711191,1.0],[0.2803882693587225,2.803882693587225,1.0],[0.32895694635060024,3.2895694635060027,1.0],[0.9842424240265042,9.842424240265043,1.0],[0.011944137920874343,0.11944137920874343,1.0],[0.14290076829328524,1.4290076829328524,1.0],[0.6519772165446712,6.519772165446712,1.0],[0.07499317994693244,0.7499317994693244,1.0],[0.29207870228110877,2.920787022811088,1.0],[0.7934429721917705,7.934429721917705,1.0],[0.9115931008709737,9.115931008709737,1.0],[0.3703917795895437,3.7039177958954372,1.0],[0.20528221118666345,2.0528221118666345,1.0],[0.880081326784678,8.80081326784678,1.0],[0.6325664501560831,6.325664501560832,1.0],[0.503514326058558,5.0351432605855795,1.0],[0.3308435596710889,3.308435596710889,1.0],[0.3474001835074456,3.474001835074456,1.0],[0.2924115863324481,2.9241158633244813,1.0],[0.7653974346433319,7.653974346433319,1.0],[0.4784432998768373,4.784432998768374,1.0],[0.2015373401465821,2.015373401465821,1.0],[0.8715627297687166,8.715627297687167,1.0],[0.7551785489449617,7.5517854894496175,1.0],[0.8675584511848858,8.675584511848859,1.0],[0.9323236929247266,9.323236929247265,1.0],[0.24171326534063708,2.417132653406371,1.0],[0.8924504838872919,8.924504838872918,1.0],[0.7659566844206285,7.659566844206285,1.0],[0.4146826922981828,4.146826922981828,1.0],[0.32368260626724077,3.2368260626724075,1.0],[0.5613052389019693,5.613052389019693,1.0],[0.5908359788832377,5.908359788832377,1.0],[0.16558277680810296,1.6558277680810296,1.0],[0.4861970648764189,4.8619706487641885,1.0],[0.9490216941921916,9.490216941921917,1.0],[0.46819109749463483,4.681910974946348,1.0],[0.39662970244337636,3.9662970244337634,1.0],[0.9188065977724452,9.188065977724452,1.0],[0.9857276253270151,9.85727625327015,1.0],[0.9392006613006973,9.392006613006973,1.0]]
0_BehnkeGeiger_60_workers.fjs;1746.2581947190406;387950;[351,601,619,639,805,347,372,387,485,762,101,111,181,200,213,0,179,348,572,761,421,450,478,492,752,34,52,81,412,525,70,83,103,238,292,132,297,347,508,536,358,376,424,446,680,112,132,193,345,588,405,420,431,462,550,419,430,472,511,729,189,208,372,510,571,236,261,388,488,737,157,223,433,462,565,190,252,436,453,506,171,192,218,230,252,173,300,521,604,720,481,519,541,572,692,121,134,187,386,400,385,407,430,458,633,158,200,278,458,576,128,165,344,372,670,337,353,408,424,448,51,103,131,160,597,376,385,405,420,705,309,337,488,523,813,203,390,556,580,788,342,369,396,541,633,208,223,244,443,548,389,420,465,507,733,164,192,204,446,808,192,205,230,253,652,147,157,174,193,320,63,81,321,340,366,40,118,145,155,178,278,391,514,544,776,81,91,369,390,428,80,99,121,267,799,487,522,536,556,601,232,397,412,574,748,411,436,469,528,667,0,24,58,400,507,290,491,541,560,696,328,366,383,397,481,315,342,356,539,645,514,527,602,614,710,134,147,169,270,684,261,286,385,478,561,255,265,277,312,507,321,347,474,485,538,304,328,344,365,463,395,421,519,615,785,407,419,431,444,528,286,459,505,563,796,218,238,263,454,519,52,63,183,210,280,463,496,510,544,721,205,415,550,572,655,111,140,244,267,496,208,218,275,295,320,106,128,568,583,693,83,113,127,154,664,19,40,66,78,338,19,169,238,548,613,265,290,318,345,424,238,255,279,307,630,375,491,511,542,663,278,304,319,344,376,369,395,459,469,550,99,112,141,160,770,450,507,571,598,739,62,81,145,210,454,504,521,573,619,773,430,522,550,572,786,477,504,519,548,569,311,321,500,538,798,183,203,271,405,544,23,240,267,462,752,56,70,127,391,491,96,121,150,316,330,0,24,58,81,101,353,370,484,508,706,297,315,338,383,475,63,80,481,505,616,370,391,419,430,441,264,278,400,450,527,0,204,545,583,691,140,164,365,408,515,223,291,308,563,716,255,264,449,462,619,149,159,169,462,810,91,141,227,344,479,81,396,444,459,609,436,449,459,474,601,222,246,416,436,659,159,171,400,420,438,37,56,213,241,254,24,34,58,562,644,449,463,473,497,684];[2,31,16,20,57,0,49,21,30,57,3,28,38,54,58,3,34,36,31,59,1,34,53,20,57,1,37,37,6,56,3,14,10,34,58,0,43,23,54,58,0,42,55,18,58,0,34,17,19,57,2,9,25,18,56,0,8,4,31,59,0,40,44,30,58,1,43,44,34,56,2,38,54,16,57,1,5,21,27,58,0,42,5,5,58,1,5,55,28,56,0,21,30,28,59,2,27,20,25,56,0,45,47,21,58,1,38,5,25,59,1,34,49,55,57,3,51,55,42,59,0,14,24,12,56,0,6,49,4,56,3,30,14,38,56,2,15,8,16,56,1,9,46,42,56,1,46,46,20,58,3,43,49,12,58,3,41,45,55,58,3,27,27,50,58,2,53,17,29,58,1,48,15,45,58,2,5,36,52,56,3,42,51,26,57,1,5,15,19,59,0,50,4,4,59,3,41,13,18,59,2,53,50,43,59,3,15,13,22,59,2,52,9,52,57,0,41,21,7,57,2,52,53,18,58,1,8,55,8,59,0,46,23,26,59,2,13,20,50,56,1,21,55,34,58,0,25,16,43,56,0,52,30,21,59,2,47,24,46,57,1,54,28,21,59,0,32,51,4,57,1,11,6,21,58,0,22,38,35,59,1,54,53,18,58,3,30,36,17,58,3,46,36,30,59,3,39,4,8,59,0,13,42,55,59,1,29,42,23,56,3,48,31,11,56,2,27,53,32,58,3,5,40,43,57,0,23,19,16,56,0,52,4,39,57,2,31,55,28,58,2,6,44,53,57,1,35,8,33,59,0,43,12,28,56,1,47,5,21,57,2,25,5,53,56,1,48,18,31,58,0,35,31,51,58,1,28,43,49,56,0,37,35,39,56,2,50,46,15,57,0,18,39,54,58,3,41,48,24,56,2,16,35,21,57,1,10,17,40,58,3,25,54,19,57,1,24,36,52,56,0,8,6,37,58,3,48,29,20,57,2,7,25,51,58,0,41,46,7,58,3,38,24,38,58,1,17,12,46,57,2,36,6,31,59,0,42,16,6,59,1,10,41,44,57,2,9,8,14,56,3,11,30,36,58,3,37,21,13,57,0,33,6,22,58,3,13,50,20,56,1,9,20,43,56,3,48,45,22,57];[11,89,33,11,77,33,49,29,26,81,21,26,8,30,40,79,84,66,7,15,49,53,23,85,13,60,7,17,9,62,68,2,88,49,45,81,24,23,85,88,48,78,28,72,19,66,44,41,47,15,20,23,70,68,38,2,34,35,20,44,85,45,37,32,41,27,2,8,66,64,31,58,21,25,43,67,54,85,4,39,32,25,55,81,56,59,66,47,24,4,67,75,39,52,13,70,50,52,64,46,4,35,2,86,41,60,83,25,65,81,77,61,30,42,63,32,36,25,58,17,10,13,42,65,35,15,56,61,15,81,1,67,55,46,69,71,61,23,0,36,16,76,75,75,88,54,54,62,9,11,77,20,9,83,37,25,29,79,89,76,55,48,84,45,75,47,46,10,0,8,73,10,19,18,34,45,34,65,20,18,68,50,82,21,3,57,82,16,52,31,55,85,76,55,9,51,22,5,30,5,29,44,6,49,2,82,60,4,74,12,9,83,64,83,74,47,30,12,82,18,82,9,82,76,6,81,6,6,14,62,86,78,43,9,89,13,54,45,17,52,63,79,40,55,9,26,64,19,21,87,23,75,74,10,50,78,30,5,18,73,51,47,53,44,12,1,86,54,3,84,24,6,47,32,58,49,37,74,57,3,66,30,31,64,39,14,78,64,84,41,4,31,62,72,66,63,10,58,25,26,74,46,7,20,54,19,74,63,10,89,50,54,27,43,0,68,16,24,67,1,39,58,33,20,63,13,73,85,26,57,89,50,5,59,54,13,31,50,32,83,82,64,7,60,59,17,71,19,29,13,77,2,45,5,33,75,51,84,34,80,38,65,11,72,63,48,43,27,21,36,84,63,77,79,40,39,75,37,80,48,19,60,10,3,15,19,34,32,58,17,41,75,0,87,10,86,29,0,80,83,15,18,61,56,70,83,37,87,81,57,65,6,28,14,82,42,62,83,85,30,55,88,69,82,83,65,78,65,12,73,68,89,55,49,87,24,81,28,31,25,22,9,80,40,88,69,89,88,37,45,40,43,38,50,45,73,35,38,67,22,41,2,8,31,72,20,72,5,34,82,38,33,37,68,81,41,7,64,10,19,53,1,64,80,82,75,40,53,28,28,26,87,44,5,15,79,22,3,46,72];[[0.7966509679599704,7.966509679599704,1.0],[0.05862623274803458,0.5862623274803458,1.0],[0.7602397739740907,7.602397739740907,1.0],[0.8627037401845356,8.627037401845355,1.0],[0.09127403464611428,0.9127403464611428,1.0],[0.9024924365975527,9.024924365975528,1.0],[0.7858960565941281,7.858960565941281,1.0],[0.40667966546103385,4.0667966546103385,1.0],[0.37447264465852026,3.7447264465852026,1.0],[0.6490262282913547,6.490262282913547,1.0],[0.40092466608569977,4.009246660856998,1.0],[0.5721109226277574,5.721109226277575,1.0],[0.6077930620255084,6.077930620255084,1.0],[0.05072389565884072,0.5072389565884072,1.0],[0.7370880093375713,7.370880093375714,1.0],[0.708486383757228,7.08486383757228,1.0],[0.9221724532030824,9.221724532030823,1.0],[0.7149390332589045,7.149390332589045,1.0],[0.6557724968554814,6.5577249685548145,1.0],[0.7371071646895253,7.371071646895253,1.0],[0.18754222176317448,1.8754222176317448,1.0],[0.5019778365908455,5.019778365908455,1.0],[0.8950298548604116,8.950298548604117,1.0],[0.926358313475896,9.26358313475896,1.0],[0.01899157139556429,0.18991571395564288,1.0],[0.8777314655556964,8.777314655556964,1.0],[0.6362924717585655,6.362924717585655,1.0],[0.4066346562427898,4.066346562427898,1.0],[0.12957858368499198,1.2957858368499198,1.0],[0.8626878625294206,8.626878625294207,1.0],[0.25379646148203605,2.5379646148203605,1.0],[0.5928589993203222,5.9285899932032216,1.0],[0.0752821307110767,0.752821307110767,1.0],[0.55648541295561,5.5648541295561005,1.0],[0.39201372928372336,3.9201372928372336,1.0],[0.30661199501593694,3.0661199501593694,1.0],[0.16614394932812038,1.6614394932812038,1.0],[0.03548206500031437,0.35482065000314367,1.0],[0.8734081096560021,8.734081096560022,1.0],[0.6077933997757088,6.077933997757087,1.0],[0.00566233272181782,0.0566233272181782,1.0],[0.57937513910209,5.7937513910209,1.0],[0.766498732100053,7.66498732100053,1.0],[0.20058362814831487,2.0058362814831487,1.0],[0.9293225912363087,9.293225912363086,1.0],[0.8422636176481996,8.422636176481996,1.0],[0.5387041601810612,5.387041601810612,1.0],[0.9883390358185146,9.883390358185146,1.0],[0.21802702973914923,2.180270297391492,1.0],[0.038493402742472815,0.38493402742472815,1.0],[0.37032113547489287,3.7032113547489285,1.0],[0.1822270440474585,1.8222704404745849,1.0],[0.9462360068540245,9.462360068540246,1.0],[0.1150920367841759,1.150920367841759,1.0],[0.3529247978916473,3.529247978916473,1.0],[0.8631951229076982,8.631951229076982,1.0],[0.041228887544789705,0.41228887544789705,1.0],[0.08920964027917122,0.8920964027917122,1.0],[0.5188892304220151,5.1888923042201505,1.0],[0.3593751525090847,3.593751525090847,1.0],[0.02137850022746135,0.2137850022746135,1.0],[0.6705629807207766,6.705629807207766,1.0],[0.8415018800797289,8.41501880079729,1.0],[0.0549654710344607,0.549654710344607,1.0],[0.12847413232468474,1.2847413232468474,1.0],[0.12133653253479593,1.2133653253479593,1.0],[0.47496175692231557,4.7496175692231555,1.0],[0.6501440243508211,6.501440243508211,1.0],[0.26467231108682165,2.6467231108682165,1.0],[0.8283954411360489,8.283954411360488,1.0],[0.09632504623843086,0.9632504623843086,1.0],[0.9001492562131493,9.001492562131494,1.0],[0.22420503779756518,2.2420503779756515,1.0],[0.11601154122656976,1.1601154122656976,1.0],[0.20138930403775013,2.0138930403775013,1.0],[0.5571704471099438,5.571704471099438,1.0],[0.8954308805741998,8.954308805741999,1.0],[0.10783585956749675,1.0783585956749675,1.0],[0.6110196883093226,6.110196883093226,1.0],[0.5285746404071686,5.285746404071686,1.0],[0.4751239272073001,4.7512392720730015,1.0],[0.7846662958446119,7.846662958446119,1.0],[0.25197118373537,2.5197118373536997,1.0],[0.9011562601111824,9.011562601111825,1.0],[0.33015443004324485,3.3015443004324485,1.0],[0.39070876167562685,3.9070876167562685,1.0],[0.5024299090089163,5.024299090089163,1.0],[0.5414008895519862,5.414008895519862,1.0],[0.7061732576618968,7.061732576618968,1.0],[0.8167560629471541,8.167560629471541,1.0]]
0_BehnkeGeiger_60_workers.fjs;1954.604978157716;258780;[474,491,513,610,789,120,244,429,535,615,213,223,355,415,432,427,507,538,566,870,41,337,355,524,587,17,27,60,617,652,498,545,559,656,782,291,316,454,621,915,529,589,605,621,860,87,483,600,617,753,287,313,411,459,813,417,437,538,563,589,311,331,360,474,752,250,407,484,559,715,205,476,495,523,847,316,381,435,593,872,194,205,234,350,395,29,49,161,313,708,313,340,379,494,870,84,108,338,363,664,75,551,583,612,694,51,66,222,594,834,196,219,238,424,532,103,496,516,581,710,437,447,474,494,827,178,194,513,593,727,280,324,370,382,647,57,74,101,365,689,404,427,472,630,663,116,426,444,481,546,447,470,490,566,916,0,28,48,389,771,167,182,337,420,469,247,261,398,424,634,358,384,415,474,502,98,109,136,147,475,194,213,327,339,368,49,60,87,362,387,66,77,136,640,890,137,155,166,197,210,155,178,221,466,512,219,252,262,490,751,0,17,303,313,772,163,217,245,272,432,154,314,339,570,856,146,163,230,491,530,21,40,75,124,382,479,564,601,619,742,383,407,420,429,439,236,256,268,473,523,77,87,363,379,458,158,387,436,548,647,40,51,192,426,804,123,381,460,563,752,182,210,223,398,667,388,404,417,469,680,109,119,262,429,682,28,57,272,346,371,223,497,612,634,892,285,339,362,538,564,136,350,430,544,584,326,401,580,630,898,455,467,563,577,791,60,238,479,547,611,407,503,518,605,668,129,439,449,469,735,360,378,503,555,682,358,539,637,658,773,429,463,477,555,893,129,288,317,488,624,256,340,355,415,444,108,123,134,145,459,98,353,380,523,720,236,293,309,530,562,331,360,387,404,513,284,297,476,492,798,237,247,404,466,488,339,358,484,670,811,392,417,444,469,545,368,383,444,463,702,0,27,410,552,615,450,474,496,583,834,74,84,104,495,859,222,236,404,629,844,11,29,103,455,504,297,326,346,617,828,340,368,448,535,599,27,79,98,430,642,275,287,314,327,350,0,11,72,134,400,194,477,498,517,601,467,479,507,530,817,72,548,611,682,875,378,392,420,448,532,185,196,220,455,656,261,313,324,517,618,268,280,371,401,855,182,194,256,355,564,119,129,141,157,587,256,293,362,410,523];[1,30,49,40,57,3,42,50,4,58,1,30,29,48,59,2,7,47,17,58,2,29,15,18,59,2,52,8,49,58,0,32,15,49,56,2,29,22,12,58,0,7,12,18,58,3,35,24,27,56,1,17,25,38,59,3,55,7,41,58,3,43,8,22,58,1,42,22,31,59,2,53,54,32,58,2,7,35,8,56,2,41,42,52,57,1,44,13,31,57,1,52,19,4,57,0,20,23,35,58,1,6,39,54,58,3,49,4,49,58,0,35,54,55,58,3,9,41,40,58,3,23,25,38,59,3,34,50,6,57,2,14,29,23,56,0,9,9,37,59,2,31,16,40,57,2,30,46,20,59,3,17,34,4,57,0,47,45,54,58,1,26,24,22,57,0,52,17,33,58,0,48,28,47,57,1,5,48,31,56,1,42,22,39,58,1,7,9,16,59,3,50,5,40,58,3,21,15,38,56,3,47,18,20,59,0,30,11,17,57,2,34,48,8,59,0,34,36,33,58,1,20,37,24,59,0,4,18,45,56,3,54,20,43,57,2,37,20,5,56,1,13,38,34,56,3,39,47,43,59,3,55,23,46,58,2,25,22,4,57,3,52,26,19,56,0,35,49,7,59,1,38,53,55,59,2,40,27,34,57,1,36,30,38,58,0,40,36,45,59,1,18,39,54,57,3,16,17,37,59,0,36,49,44,56,0,30,37,37,59,2,44,44,10,58,1,35,55,31,57,1,30,45,7,56,2,34,34,18,59,3,54,37,40,56,2,18,18,47,57,1,26,4,18,56,1,41,51,36,57,3,22,10,12,57,0,35,51,51,56,2,24,55,54,56,2,33,40,24,58,3,25,51,50,57,0,31,46,50,59,0,23,19,36,59,2,33,43,49,57,3,43,37,52,56,1,20,43,35,56,3,23,22,24,59,1,9,52,6,57,0,18,38,53,57,3,21,51,27,59,1,29,55,43,56,0,45,30,24,56,1,7,16,50,58,2,40,43,42,59,1,20,22,36,57,1,50,23,13,58,3,26,28,31,56,2,7,24,6,58,2,9,43,42,59,3,22,16,17,57,0,27,29,36,56,0,14,23,28,56,2,34,30,21,56,2,6,41,22,56,1,49,16,32,57,2,48,19,20,58];[86,63,65,74,77,30,19,2,49,1,56,87,37,43,17,23,18,69,49,81,40,33,88,28,1,46,26,1,3,10,37,83,53,74,62,75,87,28,86,23,4,12,75,72,48,4,36,39,54,29,22,28,64,14,89,84,33,30,25,27,53,67,57,51,73,27,75,75,80,71,13,89,1,89,62,78,14,64,49,10,37,61,31,11,30,75,81,44,80,54,6,39,55,38,85,21,87,73,70,83,59,17,73,22,45,25,14,32,30,59,87,57,81,88,31,45,67,75,23,21,30,9,24,9,51,88,35,49,41,40,0,58,79,40,64,31,67,83,64,80,66,80,41,66,25,33,56,89,26,52,13,6,34,0,7,3,68,9,74,46,53,21,87,52,0,28,18,16,34,62,4,18,67,71,42,41,71,54,86,85,19,9,63,63,72,1,30,45,42,61,47,36,80,1,78,78,29,28,26,29,66,17,15,23,82,80,7,19,20,76,54,49,10,64,4,49,42,6,14,43,75,69,34,81,12,33,0,16,86,83,16,0,68,61,2,3,29,84,71,61,75,24,45,55,49,53,11,68,62,85,57,79,35,57,69,70,45,50,16,73,4,82,64,46,3,51,12,81,89,21,22,5,8,37,47,24,25,74,29,46,5,2,74,32,56,18,76,83,76,28,89,62,79,30,63,54,78,68,18,26,3,26,75,89,84,50,60,56,74,32,58,58,27,30,32,68,29,59,88,20,8,65,61,15,66,21,61,52,57,73,14,32,63,13,62,38,13,15,52,85,40,64,11,49,79,32,11,5,68,9,3,6,40,18,66,54,31,55,74,48,44,27,16,76,55,25,38,45,1,78,57,23,52,89,79,17,74,73,49,64,3,0,26,82,33,4,2,37,86,38,86,38,78,54,76,0,10,39,88,11,83,46,53,84,32,71,87,44,62,57,80,73,78,88,73,25,17,38,81,35,56,32,39,36,27,20,89,36,62,40,8,54,51,80,61,5,84,42,28,47,22,12,26,16,10,40,18,40,31,0,32,27,54,73,43,59,10,25,8,44,0,4,26,66,11,84,80,24,54,16,14,6,18,23,35,52,22,41,78,76,41,68,17,28,21,0,15,25,77,72,82,63,19,72,26,35,14,78,34,82];[[0.5209484070219088,5.209484070219088,1.0],[0.42125020101147315,4.212502010114731,1.0],[0.22094517308324657,2.2094517308324657,1.0],[0.13033708391670573,1.3033708391670573,1.0],[0.48395776843282956,4.839577684328296,1.0],[0.6260889663051598,6.260889663051597,1.0],[0.6211218319323739,6.21121831932374,1.0],[0.707277595965894,7.07277595965894,1.0],[0.43539590023548325,4.3539590023548325,1.0],[0.04809800715767443,0.4809800715767443,1.0],[0.2254847064342842,2.254847064342842,1.0],[0.788548045160999,7.88548045160999,1.0],[0.42108890435006496,4.21088904350065,1.0],[0.5652029481252892,5.6520294812528915,1.0],[0.6764042610645917,6.764042610645918,1.0],[0.7568325816320766,7.568325816320765,1.0],[0.16251102322256883,1.6251102322256883,1.0],[0.4662293326345085,4.662293326345085,1.0],[0.652658580109924,6.526585801099239,1.0],[0.9348323542569703,9.348323542569704,1.0],[0.28093837261172117,2.8093837261172117,1.0],[0.9004772145836625,9.004772145836625,1.0],[0.848839594589838,8.48839594589838,1.0],[0.5244847531468491,5.244847531468491,1.0],[0.5786464188581003,5.786464188581003,1.0],[0.9355850494740874,9.355850494740874,1.0],[0.4401579992643663,4.401579992643663,1.0],[0.2893634937717525,2.8936349377175254,1.0],[0.7973797699194577,7.973797699194577,1.0],[0.10126138052386269,1.0126138052386269,1.0],[0.7187270677771636,7.187270677771636,1.0],[0.6449563433897082,6.449563433897082,1.0],[0.39126761491023665,3.9126761491023663,1.0],[0.9392975330999302,9.392975330999302,1.0],[0.609238184698229,6.09238184698229,1.0],[0.15484533159211777,1.5484533159211777,1.0],[0.41680311462661035,4.168031146266103,1.0],[0.9542543925010913,9.542543925010914,1.0],[0.08511902784380565,0.8511902784380565,1.0],[0.8102082222849146,8.102082222849146,1.0],[0.549048343145825,5.49048343145825,1.0],[0.797431305367372,7.974313053673719,1.0],[0.9212545834178625,9.212545834178625,1.0],[0.0840140116542355,0.840140116542355,1.0],[0.4271098529259699,4.2710985292596995,1.0],[0.4827049527125804,4.827049527125804,1.0],[0.4926248212853439,4.926248212853439,1.0],[0.8381214590808308,8.381214590808309,1.0],[0.06168361162523717,0.6168361162523717,1.0],[0.1800356634856508,1.800356634856508,1.0],[0.7512006320826361,7.5120063208263606,1.0],[0.8202315016053369,8.202315016053369,1.0],[0.9482269285705965,9.482269285705966,1.0],[0.09190024497370541,0.9190024497370541,1.0],[0.8275229129042858,8.275229129042858,1.0],[0.010223681010074426,0.10223681010074426,1.0],[0.7915178392051999,7.915178392051999,1.0],[0.23087148740184416,2.3087148740184418,1.0],[0.9176421264305312,9.176421264305311,1.0],[0.6337400704415804,6.3374007044158045,1.0],[0.4722514806957412,4.722514806957411,1.0],[0.15692662657496914,1.5692662657496914,1.0],[0.890455619982956,8.90455619982956,1.0],[0.3934374640442826,3.934374640442826,1.0],[0.9437473032889695,9.437473032889695,1.0],[0.027056184431497043,0.27056184431497043,1.0],[0.4303544994441807,4.303544994441807,1.0],[0.03986032371878334,0.3986032371878334,1.0],[0.27475171221519046,2.747517122151905,1.0],[0.9564909094852423,9.564909094852423,1.0],[0.3359902829981165,3.359902829981165,1.0],[0.04595304692857216,0.4595304692857216,1.0],[0.37548864135994087,3.754886413599409,1.0],[0.7100525719018224,7.100525719018224,1.0],[0.7195452743357282,7.195452743357283,1.0],[0.8188902738341958,8.188902738341957,1.0],[0.11659700681519214,1.1659700681519214,1.0],[0.5117406310798319,5.117406310798319,1.0],[0.4226359284361241,4.226359284361241,1.0],[0.4231179217423974,4.231179217423974,1.0],[0.5975978869418672,5.975978869418672,1.0],[0.10039657835066573,1.0039657835066573,1.0],[0.8661288460342442,8.661288460342442,1.0],[0.8262463782392978,8.262463782392977,1.0],[0.588405995089693,5.884059950896931,1.0],[0.302515462738837,3.0251546273883703,1.0],[0.031295122158443434,0.31295122158443434,1.0],[0.5757925091701167,5.757925091701167,1.0],[0.9545321496576605,9.545321496576605,1.0],[0.9649769610853548,9.649769610853548,1.0]]
0_BehnkeGeiger_60_workers.fjs;1940.2286687536455;198040;[61,77,174,444,506,238,250,276,465,517,267,278,308,334,556,427,460,487,514,718,273,297,324,362,376,351,362,558,595,637,297,330,357,457,482,473,501,602,616,828,301,325,485,506,559,209,228,312,621,741,77,107,159,356,464,390,463,529,561,667,16,301,316,486,712,25,56,154,584,791,345,368,385,413,725,28,45,208,222,422,482,500,516,527,811,406,445,736,757,873,102,406,434,499,906,395,427,495,587,897,346,482,503,524,850,122,336,582,597,899,203,223,235,452,507,123,139,154,387,414,139,297,456,473,730,438,464,496,553,736,415,434,459,514,697,278,301,344,362,441,335,457,582,595,765,224,238,261,281,786,250,348,582,599,789,476,499,590,602,686,58,69,154,385,771,228,259,379,445,832,364,462,548,568,663,361,387,522,622,794,259,278,308,363,430,21,40,268,306,555,411,438,451,473,802,40,58,75,172,409,81,102,444,474,890,162,179,207,316,348,325,506,532,558,577,151,220,430,463,576,169,200,219,419,744,246,301,348,409,640,183,388,463,571,617,0,54,264,477,831,187,354,449,460,620,383,442,523,543,590,218,569,582,609,883,368,395,419,435,706,83,236,329,396,641,0,17,493,542,774,92,119,360,370,656,431,495,523,558,667,178,192,223,236,257,56,168,406,421,456,200,253,278,306,738,94,123,135,150,465,138,149,177,202,403,387,406,417,438,692,14,25,53,196,622,455,507,549,573,722,439,503,532,577,606,17,28,135,497,649,278,293,351,493,569,161,178,432,445,489,149,169,185,333,607,362,390,523,757,835,330,345,360,379,404,0,58,90,608,812,45,357,385,415,493,223,241,280,312,470,459,482,499,536,761,192,422,449,466,510,141,296,370,413,533,143,162,282,336,595,293,310,333,447,671,191,312,336,425,558,296,364,451,470,855,113,129,158,213,748,229,246,548,569,782,405,438,533,614,640,422,488,508,521,866,310,348,363,522,587,282,296,595,614,883,129,158,422,442,530,69,94,141,154,911,150,544,556,640,807,45,61,85,375,767,179,326,516,532,818,253,282,404,435,497,123,141,268,296,852,107,122,151,415,759,321,351,382,522,584,73,83,261,273,539,0,21,327,354,445,172,187,208,409,531,241,338,532,559,694];[1,54,24,46,57,0,5,31,55,56,3,30,5,16,57,2,30,11,18,56,0,28,55,18,59,2,42,49,29,59,0,44,54,21,58,3,28,55,13,56,3,18,45,16,58,1,35,41,27,56,1,15,24,52,57,2,46,16,43,59,0,43,8,28,59,2,7,22,55,57,0,51,17,5,58,1,25,40,11,56,0,49,42,25,59,3,47,8,31,56,2,22,53,26,56,0,17,23,35,57,3,29,6,5,58,1,38,43,27,58,2,34,17,55,59,3,13,53,40,57,3,41,10,45,56,1,40,50,55,57,2,22,5,11,58,3,12,18,35,57,1,28,54,40,59,0,6,45,23,56,0,15,33,17,59,2,27,46,53,59,3,26,13,51,58,1,22,39,33,58,1,48,7,46,56,3,48,50,29,58,1,41,53,31,59,3,6,38,16,59,1,48,4,20,56,3,10,13,16,58,2,41,19,23,56,2,19,7,43,58,3,45,33,54,59,0,7,20,22,56,1,6,55,25,59,3,33,43,51,57,1,42,20,11,59,2,33,34,53,57,0,12,30,32,57,1,25,39,42,56,3,54,36,12,58,0,25,27,47,57,0,38,8,23,56,1,34,55,11,57,0,39,22,11,58,3,46,52,33,58,3,43,38,44,58,2,29,44,46,59,0,42,9,24,58,3,48,8,7,56,1,24,48,52,59,3,28,21,35,57,2,5,12,9,56,2,8,52,15,57,0,29,49,44,56,1,33,48,13,59,1,6,29,48,58,3,9,52,10,59,1,6,10,53,59,2,33,48,8,59,0,22,39,14,56,0,44,51,27,58,0,44,36,52,57,2,34,38,35,59,0,26,43,48,58,3,30,8,50,58,0,16,22,17,58,2,51,33,15,57,1,15,9,53,57,2,38,40,51,56,2,53,48,33,57,2,40,18,43,58,3,16,22,13,58,2,21,43,54,58,0,32,34,21,58,1,55,30,22,58,2,4,54,49,57,2,16,37,55,59,3,38,22,49,58,3,50,51,54,57,1,37,4,29,56,2,43,49,6,56,2,10,14,40,56,0,23,16,17,56,1,54,29,36,57,2,26,23,43,57,0,48,6,7,56,3,24,12,20,56,0,40,24,33,57,2,41,19,21,56];[71,83,50,83,28,71,58,43,70,4,24,80,55,32,85,25,25,87,31,32,11,19,77,84,27,58,59,10,69,58,65,43,9,67,45,64,18,89,71,25,46,49,8,19,48,9,60,21,37,56,51,51,73,72,5,40,21,0,84,71,49,71,7,10,11,82,45,7,12,62,27,2,10,3,62,73,57,12,29,33,66,55,72,74,28,88,58,69,32,61,27,73,80,3,61,67,12,24,33,20,3,32,13,45,1,23,33,75,40,6,27,5,23,62,11,36,43,67,16,58,71,58,64,37,54,48,47,20,86,26,17,45,2,71,65,50,47,24,24,29,78,71,69,52,25,69,61,15,25,23,53,32,14,51,82,19,43,31,5,23,70,26,17,20,75,20,60,73,34,38,43,30,75,17,19,28,14,32,46,20,19,10,80,16,77,61,46,37,13,34,70,82,28,15,36,42,79,69,64,20,52,53,69,39,46,86,48,59,23,18,81,17,50,63,67,47,78,57,59,78,29,55,63,31,46,84,33,22,85,29,18,46,85,58,6,76,86,47,72,35,55,85,5,55,47,0,52,62,86,8,84,41,13,63,82,85,83,1,0,73,38,12,14,61,66,4,4,51,4,29,21,48,63,23,84,64,62,33,81,48,66,10,27,72,54,4,5,65,69,52,76,21,29,8,15,82,66,72,79,74,19,75,0,30,57,65,28,43,3,77,57,3,17,66,69,72,44,52,59,69,75,37,69,34,39,40,66,4,64,82,27,62,42,65,33,15,77,34,53,44,27,38,67,67,0,32,62,77,10,3,9,69,57,34,89,35,42,85,15,44,73,34,2,72,40,17,87,85,44,61,32,12,75,68,86,69,89,50,36,58,70,73,54,64,26,39,0,71,18,42,76,75,8,76,46,2,18,72,79,42,88,25,66,62,8,22,45,24,28,0,81,50,87,63,83,84,71,82,4,78,87,83,84,79,58,0,16,36,75,2,16,55,30,12,36,14,45,67,31,47,58,38,82,31,59,65,83,18,80,74,75,40,26,49,0,71,59,88,39,54,71,61,26,1,38,82,41,52,35,54,74,12,70,9,11,42,26,21,26,19,10,5,25,39,60,56,37,4,21,74,39,35,34,41,22,21,19,37,26,72];[[0.49734142093980327,4.973414209398033,1.0],[0.35999045686025677,3.5999045686025677,1.0],[0.7220617567237175,7.220617567237175,1.0],[0.44672126724761885,4.4672126724761885,1.0],[0.4533596515962979,4.533596515962978,1.0],[0.025925678678183073,0.25925678678183073,1.0],[0.33490089376309407,3.3490089376309404,1.0],[0.4755440242737675,4.755440242737675,1.0],[0.45132356511490823,4.513235651149082,1.0],[0.08788974506102976,0.8788974506102976,1.0],[0.29509671683068217,2.9509671683068217,1.0],[0.33863234208051063,3.3863234208051063,1.0],[0.9020959027552419,9.020959027552419,1.0],[0.7173473735926632,7.173473735926632,1.0],[0.8986159167700656,8.986159167700656,1.0],[0.032997165944182005,0.32997165944182005,1.0],[0.2284682145918675,2.284682145918675,1.0],[0.5381470661357333,5.381470661357333,1.0],[0.06127510457974772,0.6127510457974772,1.0],[0.22935566071129299,2.29355660711293,1.0],[0.5598162304796008,5.598162304796008,1.0],[0.0008471767611641923,0.008471767611641923,1.0],[0.3920352782519039,3.9203527825190387,1.0],[0.03133523867093202,0.3133523867093202,1.0],[0.24056870266164254,2.4056870266164254,1.0],[0.8953787890847891,8.953787890847892,1.0],[0.3866575811855242,3.866575811855242,1.0],[0.26785644445085033,2.6785644445085035,1.0],[0.9113672758007916,9.113672758007915,1.0],[0.8561689403543553,8.561689403543554,1.0],[0.2548634438031525,2.548634438031525,1.0],[0.42717855363332036,4.271785536333203,1.0],[0.19719480126070077,1.9719480126070077,1.0],[0.7644816954164836,7.644816954164836,1.0],[0.45421054829626994,4.5421054829626994,1.0],[0.7701442479976394,7.701442479976394,1.0],[0.7544956928280053,7.544956928280053,1.0],[0.1329370279333042,1.329370279333042,1.0],[0.13608412133420567,1.3608412133420567,1.0],[0.7421993063471702,7.421993063471702,1.0],[0.8710335288246386,8.710335288246386,1.0],[0.18118149060958277,1.8118149060958277,1.0],[0.8581563188196332,8.581563188196332,1.0],[0.2027449363975372,2.0274493639753723,1.0],[0.3410290736485122,3.410290736485122,1.0],[0.6372290727852594,6.372290727852594,1.0],[0.14905275813887664,1.4905275813887664,1.0],[0.5109099957893487,5.109099957893487,1.0],[0.4352931558109894,4.352931558109894,1.0],[0.09760732352088275,0.9760732352088275,1.0],[0.05941930181032895,0.5941930181032895,1.0],[0.4305054409800979,4.305054409800979,1.0],[0.5024944042408487,5.024944042408487,1.0],[0.5079732331603702,5.079732331603703,1.0],[0.0640695575730742,0.640695575730742,1.0],[0.43169459272424404,4.316945927242441,1.0],[0.9774036975897298,9.774036975897298,1.0],[0.7083743064187731,7.083743064187731,1.0],[0.3236585836720067,3.2365858367200673,1.0],[0.6948341495565338,6.948341495565337,1.0],[0.3959747672493763,3.959747672493763,1.0],[0.5702020071109615,5.702020071109615,1.0],[0.1273830425097976,1.273830425097976,1.0],[0.0022121200251274953,0.022121200251274953,1.0],[0.7082383894336587,7.082383894336587,1.0],[0.46105048814669625,4.610504881466962,1.0],[0.048724340958554824,0.48724340958554824,1.0],[0.9996141487513373,9.996141487513373,1.0],[0.6273821455013189,6.273821455013189,1.0],[0.2348624347451349,2.348624347451349,1.0],[0.5041148841596441,5.041148841596441,1.0],[0.8039409645464441,8.039409645464442,1.0],[0.47932085049134165,4.793208504913417,1.0],[0.70795730946113,7.0795730946113,1.0],[0.007554994577610108,0.07554994577610108,1.0],[0.8007158968273879,8.00715896827388,1.0],[0.5714645581344422,5.714645581344422,1.0],[0.3553516990323421,3.5535169903234207,1.0],[0.4109500828077237,4.109500828077238,1.0],[0.8741229133056294,8.741229133056294,1.0],[0.9420210435021625,9.420210435021625,1.0],[0.30280487290994307,3.0280487290994307,1.0],[0.8284132151265241,8.284132151265242,1.0],[0.3304643624332526,3.304643624332526,1.0],[0.5345490821912385,5.345490821912385,1.0],[0.05846257531970078,0.5846257531970078,1.0],[0.3640608639017009,3.640608639017009,1.0],[0.4918937375846536,4.918937375846536,1.0],[0.05273726661906186,0.5273726661906186,1.0],[0.9082050684613338,9.082050684613337,1.0]]
0_BehnkeGeiger_60_workers.fjs;1871.819220437706;314710;[141,192,322,443,573,243,262,370,398,487,147,375,404,431,767,358,454,476,540,814,40,100,377,398,787,19,37,179,302,329,99,204,347,483,613,310,335,613,638,830,0,322,488,560,651,371,389,405,419,523,140,156,314,331,460,169,213,398,506,703,317,340,353,381,685,297,317,347,422,460,150,169,197,340,369,0,19,50,415,489,203,384,413,477,667,282,304,318,341,413,130,191,204,467,814,104,313,341,470,730,326,438,591,619,791,24,45,132,432,517,237,302,373,390,538,409,470,496,521,766,374,407,431,460,753,398,459,549,570,862,449,477,488,506,734,386,438,510,780,868,192,210,442,465,725,266,330,340,399,438,262,521,540,554,737,168,251,294,305,356,363,375,392,418,431,439,465,476,498,835,434,474,487,554,724,253,415,441,458,632,533,562,583,613,682,78,142,431,456,656,115,156,452,462,481,159,174,237,476,568,292,310,362,392,517,126,448,540,636,765,241,272,305,447,804,96,118,331,453,541,59,74,89,476,559,511,533,560,570,853,402,439,453,483,801,197,375,570,593,700,127,184,212,237,657,416,434,493,521,586,477,508,525,562,585,389,409,422,525,848,213,241,318,502,559,101,314,418,503,807,316,355,525,551,714,385,426,438,540,654,180,189,220,392,613,0,23,431,442,620,115,207,237,506,758,81,96,506,529,625,348,363,531,551,710,332,350,375,418,431,156,166,179,199,493,355,374,384,501,704,23,119,144,390,415,74,104,118,508,751,15,112,355,423,586,140,431,459,470,497,56,74,266,418,439,254,284,302,315,342,279,466,594,609,837,375,398,422,508,637,25,50,63,167,545,294,364,412,426,689,37,294,314,330,368,422,449,477,493,714,59,81,340,594,642,0,144,277,293,601,258,282,332,398,600,210,370,397,460,661,350,371,390,471,498,74,99,260,495,603,304,470,483,583,836,284,297,320,363,454,220,247,390,482,780,50,78,89,422,729,45,59,73,458,864,491,511,540,566,787,243,253,266,362,512,342,358,374,481,534,220,243,260,445,500,166,180,348,462,507,174,192,492,529,822,225,243,257,372,452,210,220,284,313,355,465,567,593,612,679,340,355,465,593,752,189,203,225,249,466,158,168,191,210,233,118,237,260,405,690];[3,55,36,17,56,1,37,46,11,57,1,30,39,32,58,0,38,37,17,59,3,29,7,47,59,1,20,44,51,57,1,20,48,21,59,1,40,21,13,56,2,32,42,16,58,1,35,5,19,59,2,46,27,16,57,3,18,7,31,58,3,43,10,49,58,3,17,46,50,58,3,37,54,7,59,1,4,4,9,58,2,41,32,28,56,2,7,22,31,59,2,20,47,17,57,3,53,22,20,59,2,12,48,15,58,2,50,49,4,56,3,32,17,53,57,1,55,16,40,59,3,20,31,19,56,2,20,51,29,58,1,42,4,26,57,0,13,15,42,56,0,30,5,40,58,0,53,47,23,59,1,46,30,24,58,1,45,45,55,57,2,24,13,27,57,3,29,11,34,59,2,51,13,30,57,0,4,51,47,58,3,42,21,27,56,0,7,27,41,56,3,49,4,9,56,0,21,13,38,59,1,40,16,37,58,1,31,46,27,56,2,45,45,52,56,2,49,27,35,59,3,4,39,29,56,3,16,55,48,56,3,35,21,27,57,1,25,55,55,57,3,21,51,35,59,2,52,46,42,56,1,53,52,46,58,1,22,12,18,58,2,6,7,18,57,0,33,43,30,58,0,27,53,40,58,3,13,33,53,57,2,15,22,16,57,3,14,5,36,58,0,13,45,35,58,2,11,4,51,56,2,25,42,26,56,1,30,23,5,58,2,44,42,11,59,3,41,52,14,59,3,29,6,9,58,3,25,10,11,57,2,7,7,11,59,0,20,55,15,56,1,27,33,35,56,3,32,9,35,59,0,31,8,28,57,2,34,28,23,59,0,25,24,29,58,0,17,13,51,57,1,27,18,48,56,1,30,46,49,59,2,18,53,16,57,0,29,25,33,59,2,51,34,55,58,1,43,50,14,58,1,9,36,35,58,1,43,13,35,56,2,27,18,16,58,3,26,42,47,59,3,25,17,15,57,0,26,29,22,56,2,7,8,51,57,3,17,36,10,56,0,33,10,51,57,0,26,48,9,56,0,27,44,28,57,2,14,33,4,56,0,8,11,4,58,1,8,38,14,56,0,43,53,36,56,3,4,14,43,57,3,50,5,4,59,2,31,47,20,59,1,20,13,35,56,2,51,27,35,59];[5,34,62,14,33,7,3,5,74,67,26,43,10,72,70,87,81,73,36,1,78,78,63,44,22,60,39,33,7,78,46,64,72,29,77,13,15,80,16,18,77,1,44,78,68,12,8,40,59,4,13,36,36,58,80,89,28,7,51,61,2,11,83,64,85,2,39,68,31,78,7,44,15,24,21,34,14,5,3,55,28,54,86,51,13,76,33,71,4,54,72,27,69,66,38,39,59,80,47,71,56,29,51,33,19,79,30,67,60,5,77,70,25,0,35,31,74,82,53,87,77,26,64,27,76,78,10,39,72,89,76,50,41,66,10,45,41,76,20,41,45,55,32,42,1,31,21,84,24,81,46,84,82,18,33,77,80,56,14,29,2,48,77,24,11,65,84,61,73,66,61,22,63,57,28,82,20,58,19,46,3,8,26,56,35,0,87,12,64,39,12,1,28,71,59,56,57,60,37,28,45,75,30,26,7,50,23,65,69,24,54,75,17,89,86,73,18,45,15,33,50,60,33,39,80,31,40,84,76,29,59,75,43,72,79,43,39,44,15,26,32,47,11,30,27,77,47,58,11,88,6,34,50,15,78,69,1,8,87,55,47,62,5,40,56,49,32,0,39,8,9,52,61,67,79,6,62,40,59,15,68,26,64,36,26,66,68,89,30,54,89,23,12,59,83,2,40,13,71,64,56,88,12,6,4,65,60,81,40,27,78,84,16,68,83,32,47,85,47,30,55,84,51,20,9,29,69,53,60,20,71,40,85,14,81,39,4,57,49,69,54,25,30,65,3,15,7,37,28,48,9,23,43,53,26,2,49,87,57,27,64,48,37,6,20,34,80,34,67,60,28,9,41,66,42,73,51,0,35,7,6,31,10,83,23,35,35,1,8,16,40,18,13,2,68,0,68,89,11,43,53,24,1,2,77,5,20,55,33,87,52,10,46,43,71,54,26,16,28,83,72,8,61,4,64,62,88,86,46,88,33,81,39,56,37,37,54,14,67,12,88,45,50,58,62,3,37,35,21,56,32,3,20,35,45,21,24,62,88,7,34,48,57,70,87,17,38,73,52,52,72,8,15,6,45,69,20,56,50,71,18,17,33,13,51,72,77,82,48,31,26,76,39,43,41,80,16,67,0,72];[[0.4211249061401,4.211249061401,1.0],[0.9761073344853062,9.761073344853061,1.0],[0.6132800246752349,6.132800246752349,1.0],[0.6930423279788359,6.930423279788359,1.0],[0.5088628354481554,5.088628354481553,1.0],[0.18781156668551158,1.8781156668551158,1.0],[0.830121874145001,8.301218741450011,1.0],[0.8449241651217704,8.449241651217704,1.0],[0.20962821201639004,2.0962821201639006,1.0],[0.6505169872996391,6.505169872996391,1.0],[0.7003316191510263,7.003316191510263,1.0],[0.7150339547653067,7.150339547653068,1.0],[0.8091072451390076,8.091072451390076,1.0],[0.8451978833841938,8.451978833841938,1.0],[0.3695849781386673,3.695849781386673,1.0],[0.5056149902637381,5.056149902637381,1.0],[0.7206140757071586,7.206140757071586,1.0],[0.14319015826691817,1.4319015826691817,1.0],[0.026697115061789622,0.2669711506178962,1.0],[0.15341588178909327,1.5341588178909327,1.0],[0.8363432326370349,8.363432326370349,1.0],[0.3246336983988545,3.2463369839885448,1.0],[0.3029175030516511,3.029175030516511,1.0],[0.11785699745257816,1.1785699745257816,1.0],[0.12094663440427922,1.2094663440427922,1.0],[0.9680758098639723,9.680758098639723,1.0],[0.05051541232897139,0.5051541232897139,1.0],[0.9837100378798541,9.83710037879854,1.0],[0.5522705914806934,5.5227059148069335,1.0],[0.2474360532702261,2.474360532702261,1.0],[0.015934056387660878,0.15934056387660878,1.0],[0.8816507734170083,8.816507734170083,1.0],[0.38970094386643916,3.8970094386643916,1.0],[0.948399003178236,9.48399003178236,1.0],[0.05851121780149349,0.5851121780149349,1.0],[0.7974936305528121,7.974936305528121,1.0],[0.6609068549274018,6.609068549274017,1.0],[0.8088394062462949,8.08839406246295,1.0],[0.4910678923283146,4.910678923283146,1.0],[0.7183875619927151,7.183875619927152,1.0],[0.44010133419268005,4.4010133419268005,1.0],[0.23511737188381732,2.351173718838173,1.0],[0.13179454335673724,1.3179454335673724,1.0],[0.47235541919868507,4.7235541919868504,1.0],[0.736485892218076,7.36485892218076,1.0],[0.020512092588616526,0.20512092588616526,1.0],[0.15372078110124265,1.5372078110124265,1.0],[0.9186126274153484,9.186126274153484,1.0],[0.5327250835103642,5.327250835103642,1.0],[0.5544157030510064,5.544157030510064,1.0],[0.6069379100604821,6.069379100604822,1.0],[0.14801757270189186,1.4801757270189186,1.0],[0.4404344830924649,4.404344830924649,1.0],[0.38949638513061857,3.8949638513061857,1.0],[0.720992959617223,7.20992959617223,1.0],[0.48989961614799515,4.8989961614799515,1.0],[0.6559321524303485,6.559321524303485,1.0],[0.9188878069642079,9.18887806964208,1.0],[0.48657298069770416,4.865729806977042,1.0],[0.7972300829849082,7.972300829849082,1.0],[0.5639219663957465,5.639219663957466,1.0],[0.961016524120257,9.61016524120257,1.0],[0.47644799508871905,4.764479950887191,1.0],[0.24879011707166054,2.487901170716605,1.0],[0.9490182751915078,9.490182751915079,1.0],[0.7422259987799357,7.4222599877993565,1.0],[0.14336464132504567,1.4336464132504567,1.0],[0.3587815743778219,3.5878157437782185,1.0],[0.4933829199950983,4.933829199950983,1.0],[0.05388988630637248,0.5388988630637248,1.0],[0.218161652046843,2.18161652046843,1.0],[0.11036855637231835,1.1036855637231835,1.0],[0.11019665525187328,1.1019665525187328,1.0],[0.08321860713308704,0.8321860713308704,1.0],[0.8548431956714836,8.548431956714836,1.0],[0.8379786013676603,8.379786013676604,1.0],[0.49692456318177003,4.9692456318177,1.0],[0.3383418526610099,3.3834185266100993,1.0],[0.8847267085145368,8.847267085145369,1.0],[0.7727073339099483,7.727073339099483,1.0],[0.4378611007868425,4.378611007868425,1.0],[0.36357237359531624,3.6357237359531624,1.0],[0.9993128545514127,9.993128545514127,1.0],[0.011407353725907177,0.11407353725907177,1.0],[0.683883535316853,6.8388353531685295,1.0],[0.5777677015169478,5.777677015169478,1.0],[0.279572135569809,2.79572135569809,1.0],[0.5251374991808218,5.251374991808218,1.0],[0.19595099082337364,1.9595099082337364,1.0],[0.6934430548580864,6.934430548580864,1.0]]
0_BehnkeGeiger_60_workers.fjs;1886.421697060695;189270;[139,166,196,637,681,36,216,542,558,744,270,422,522,551,801,259,287,410,434,467,111,139,166,384,397,243,418,435,447,567,232,249,435,492,624,394,418,435,527,876,188,450,502,539,696,318,339,351,552,575,61,452,479,497,515,22,35,123,211,692,0,23,202,566,742,13,36,508,532,558,492,519,543,555,869,287,318,387,536,738,445,460,534,584,751,360,432,518,649,814,451,461,471,533,653,232,471,496,520,672,431,587,620,648,825,254,270,531,546,765,310,332,346,376,391,115,127,151,167,231,415,427,437,498,554,391,465,490,504,534,0,11,48,75,98,465,493,508,580,695,0,20,57,480,850,280,437,543,566,731,478,504,519,543,830,461,483,508,519,602,335,348,367,548,802,155,165,195,502,543,87,109,387,651,702,70,83,475,498,636,127,188,527,570,617,408,423,455,597,732,11,101,113,443,655,275,335,481,606,751,185,206,226,241,280,49,71,92,376,590,293,312,340,555,623,165,368,496,599,651,139,151,164,246,552,440,465,637,666,861,312,335,366,396,420,250,285,545,567,614,249,275,520,567,675,162,189,373,559,635,243,254,273,497,561,46,455,502,586,804,263,335,488,502,717,0,13,47,256,475,210,232,348,576,867,368,394,410,569,666,151,242,566,578,624,367,456,467,578,604,423,440,488,506,533,111,139,160,366,384,102,111,139,451,474,332,358,368,446,570,41,63,435,546,651,427,577,590,619,839,171,396,422,509,788,83,115,466,520,578,83,99,424,437,447,206,232,527,569,771,348,368,398,517,855,286,310,498,522,809,63,72,214,246,256,388,451,479,506,517,189,210,223,553,596,23,41,103,447,479,151,217,585,611,645,109,133,232,259,279,133,155,195,569,859,493,523,553,590,744,381,496,520,587,710,440,451,467,498,509,35,200,222,232,833,34,264,612,637,767,523,584,606,626,782,519,530,602,629,827,87,226,398,478,870,72,173,202,508,527,194,217,288,555,718,358,372,497,577,790,339,420,596,666,782,372,456,513,536,705,483,492,518,590,841,349,523,558,626,778,235,250,373,431,495,20,63,241,470,500,220,235,361,453,529,173,194,214,287,396,210,220,247,434,461,418,440,536,620,692,71,87,110,134,249,155,171,200,404,420];[0,17,28,30,58,0,43,22,13,56,3,31,5,54,58,0,49,23,18,56,0,17,50,21,56,0,11,43,51,56,2,4,11,37,57,1,43,55,54,58,3,6,34,17,57,0,32,40,25,57,1,4,26,53,59,2,38,5,16,58,1,41,8,30,57,0,4,45,36,57,2,29,51,16,57,0,27,36,25,59,3,43,14,42,57,0,31,27,30,56,2,52,33,19,59,3,52,22,48,59,0,21,9,22,59,3,28,8,34,56,2,34,31,53,58,2,37,24,40,59,3,22,19,18,59,2,53,49,14,57,2,34,8,39,56,1,54,28,24,56,3,8,4,43,59,3,5,47,21,57,0,13,47,6,56,2,45,47,52,57,1,24,26,52,59,2,44,37,33,58,3,50,38,31,58,0,49,18,12,57,2,43,33,38,58,2,4,36,38,56,2,49,6,31,58,2,14,13,16,59,2,20,54,31,58,3,43,11,20,56,1,17,46,55,59,2,36,52,36,56,1,44,29,16,56,1,27,50,44,58,1,21,20,26,59,1,12,33,22,56,2,12,50,33,57,1,16,17,41,56,3,53,26,31,58,0,18,27,17,56,1,35,27,16,58,0,33,38,15,59,3,47,35,52,56,1,23,6,55,56,1,47,36,39,56,3,21,40,36,58,2,13,33,4,58,1,9,8,21,57,1,48,14,55,57,2,36,38,20,59,1,13,21,8,57,3,30,27,25,59,3,31,25,8,58,2,33,37,22,58,0,55,5,34,56,2,35,18,15,58,1,5,34,25,56,2,35,41,32,57,2,5,36,15,58,3,11,4,25,57,1,25,39,30,59,1,6,5,34,56,0,50,29,50,58,3,28,18,48,59,3,22,44,51,57,1,30,40,33,58,0,50,11,55,57,2,24,42,8,58,2,42,22,25,57,3,16,30,13,59,1,16,7,53,59,2,20,42,40,58,1,20,5,51,59,2,8,45,54,56,0,6,26,51,59,2,49,26,34,57,0,20,22,50,56,2,50,13,46,56,2,38,17,30,58,0,4,42,7,57,1,9,31,6,59,3,6,20,13,57,1,15,46,37,59,0,36,13,28,57,1,32,6,23,59,1,37,13,21,59,3,9,18,40,59,3,42,55,20,58];[24,4,45,7,76,60,7,5,27,14,59,12,19,73,22,50,4,6,86,35,73,16,7,60,61,44,22,28,47,4,50,54,84,15,8,22,56,12,46,48,48,36,10,15,52,60,70,39,41,60,59,89,70,73,20,10,62,40,43,82,29,25,74,44,46,11,89,82,28,19,57,7,17,3,87,81,34,63,68,51,6,30,38,77,27,24,80,28,80,48,9,40,17,85,28,44,39,65,25,51,34,57,48,62,72,64,44,6,79,5,18,11,30,88,66,7,62,81,53,5,60,4,8,86,70,73,55,76,68,62,19,63,39,43,57,8,46,13,88,80,40,45,65,12,69,3,59,52,85,37,47,9,83,60,58,14,36,16,40,84,17,13,8,13,17,45,63,75,48,34,89,21,2,9,10,82,39,9,28,9,37,11,9,70,40,55,44,86,89,69,58,20,69,7,21,70,79,64,11,34,3,86,31,79,77,87,3,38,38,27,13,44,69,17,2,40,41,21,37,51,55,14,24,23,18,55,83,5,67,50,54,76,88,7,25,39,64,83,43,14,22,73,18,53,3,28,33,30,66,22,6,33,39,70,89,53,82,88,66,27,69,24,10,20,81,34,30,76,7,49,22,82,47,21,71,52,57,34,86,31,40,27,46,24,54,13,73,60,84,3,55,2,48,41,17,31,56,9,56,81,73,67,84,81,6,19,70,50,69,47,0,1,22,9,24,42,52,71,39,78,11,81,88,23,76,12,49,37,65,79,4,83,59,71,62,55,17,48,88,83,52,37,62,29,53,7,79,19,12,55,51,0,65,53,68,85,31,54,77,24,69,27,64,46,78,24,50,52,5,26,73,5,31,35,41,86,75,55,62,2,20,17,19,1,46,75,53,31,8,42,12,39,74,76,46,35,72,19,61,43,1,21,42,42,79,55,37,45,45,81,61,74,61,0,47,8,50,24,18,81,55,79,49,85,73,67,62,70,89,81,5,35,8,88,11,73,40,3,44,49,25,50,52,37,82,18,22,44,66,20,15,84,88,50,32,78,85,38,19,77,8,32,71,73,40,22,63,45,11,4,59,23,65,52,21,57,54,33,75,79,50,28,18,33,20,41,21,22,64,45,60,7,3,53,29,42,46,32,19,18];[[0.4831103964860096,4.831103964860096,1.0],[0.9021829992468611,9.02182999246861,1.0],[0.5374571935128641,5.374571935128642,1.0],[0.8761340971511191,8.761340971511192,1.0],[0.573156942708234,5.7315694270823405,1.0],[0.994523847851402,9.945238478514021,1.0],[0.3574465703190305,3.574465703190305,1.0],[0.6617299629663892,6.617299629663892,1.0],[0.4882872262788658,4.882872262788657,1.0],[0.5726412824777106,5.726412824777106,1.0],[0.32388398325139345,3.2388398325139347,1.0],[0.8072354510963532,8.072354510963532,1.0],[0.8087324055796944,8.087324055796945,1.0],[0.660852452150834,6.60852452150834,1.0],[0.5802577271631468,5.802577271631469,1.0],[0.04408639890691246,0.4408639890691246,1.0],[0.7725635994624831,7.725635994624831,1.0],[0.340181488474281,3.4018148847428096,1.0],[0.09506024617702258,0.9506024617702258,1.0],[0.23214768683087816,2.321476868308782,1.0],[0.29508457816293987,2.9508457816293987,1.0],[0.12277001052286385,1.2277001052286385,1.0],[0.47347375902937305,4.73473759029373,1.0],[0.8739362489567938,8.739362489567938,1.0],[0.5942988909169951,5.942988909169951,1.0],[0.3932636751035087,3.932636751035087,1.0],[0.356262027818981,3.5626202781898098,1.0],[0.8443312190299666,8.443312190299665,1.0],[0.7137768111623821,7.137768111623821,1.0],[0.541649960332778,5.416499603327781,1.0],[0.26577494883360064,2.657749488336006,1.0],[0.9303686520183944,9.303686520183943,1.0],[0.6647036321879223,6.647036321879223,1.0],[0.8481261874486201,8.4812618744862,1.0],[0.2743023069142022,2.743023069142022,1.0],[0.5987856125347181,5.9878561253471805,1.0],[0.4569423976865593,4.569423976865593,1.0],[0.33213605365278576,3.3213605365278576,1.0],[0.81263475330977,8.1263475330977,1.0],[0.5964941538505839,5.964941538505839,1.0],[0.9947889064585738,9.947889064585738,1.0],[0.8287071581836081,8.28707158183608,1.0],[0.018381501525532307,0.18381501525532307,1.0],[0.6100637867915101,6.1006378679151005,1.0],[0.28754239195595754,2.8754239195595757,1.0],[0.7986732822669409,7.986732822669409,1.0],[0.8174504530922707,8.174504530922707,1.0],[0.18940839630142858,1.8940839630142858,1.0],[0.9250951518484526,9.250951518484525,1.0],[0.5373164168533412,5.373164168533412,1.0],[0.8365277849121914,8.365277849121913,1.0],[0.6316914250178033,6.316914250178033,1.0],[0.15184034432706983,1.5184034432706983,1.0],[0.5281662867111906,5.281662867111906,1.0],[0.4583451302924175,4.583451302924175,1.0],[0.04230631300605814,0.4230631300605814,1.0],[0.1258096578607567,1.258096578607567,1.0],[0.06582033812283716,0.6582033812283716,1.0],[0.897419605140406,8.97419605140406,1.0],[0.47272098686609687,4.727209868660969,1.0],[0.19003538760239747,1.9003538760239747,1.0],[0.34250509114102723,3.4250509114102723,1.0],[0.22496847931809727,2.2496847931809727,1.0],[0.293396880055004,2.9339688005500397,1.0],[0.3753743367942156,3.753743367942156,1.0],[0.4599736060992935,4.599736060992935,1.0],[0.47948809501936374,4.794880950193638,1.0],[0.958573092010442,9.585730920104421,1.0],[0.03253904300604349,0.3253904300604349,1.0],[0.4348005170756857,4.348005170756856,1.0],[0.24880188012436077,2.4880188012436077,1.0],[0.93408987269609,9.3408987269609,1.0],[0.35770560301992216,3.5770560301992216,1.0],[0.22393216152842832,2.2393216152842834,1.0],[0.8671870642757824,8.671870642757824,1.0],[0.20511903908208484,2.0511903908208486,1.0],[0.5992675664028208,5.992675664028208,1.0],[0.6786791129322917,6.786791129322917,1.0],[0.9375637812513765,9.375637812513766,1.0],[0.3890912025981019,3.8909120259810193,1.0],[0.6288767973577327,6.288767973577327,1.0],[0.36699471368723124,3.669947136872312,1.0],[0.04690020251623861,0.4690020251623861,1.0],[0.8490856184138454,8.490856184138455,1.0],[0.8901673736704244,8.901673736704245,1.0],[0.9161787126503858,9.161787126503857,1.0],[0.1131043999360144,1.131043999360144,1.0],[0.7774537080224232,7.774537080224232,1.0],[0.03095965729693917,0.3095965729693917,1.0],[0.03970963579151632,0.3970963579151632,1.0]]
0_BehnkeGeiger_60_workers.fjs;1814.5030276781165;463620;[224,387,461,473,595,436,455,470,484,506,492,501,566,580,599,138,292,319,337,582,362,484,510,533,634,201,219,243,642,725,501,528,556,621,697,266,309,401,417,783,264,274,288,316,400,107,304,469,492,540,92,111,304,451,560,321,334,361,390,417,83,95,143,496,508,297,321,473,500,535,575,606,626,651,666,169,230,241,337,486,95,107,118,143,440,106,138,350,403,413,441,466,495,516,625,127,343,360,414,834,274,297,323,395,418,317,626,658,673,749,164,184,197,208,222,455,469,513,547,663,334,362,388,405,577,250,264,374,393,508,199,432,451,466,475,226,331,353,374,817,184,209,309,409,840,284,407,667,696,829,381,403,495,580,772,29,104,352,564,717,562,575,594,615,795,0,29,422,631,807,130,393,510,635,661,138,161,180,615,808,382,417,638,667,729,219,230,254,277,423,53,72,408,566,606,248,264,282,320,456,494,517,537,566,781,72,92,389,423,449,363,382,502,513,534,38,334,399,648,823,427,441,465,479,679,29,365,389,626,843,19,118,147,353,683,264,347,374,389,443,223,418,457,651,709,164,175,196,433,567,352,362,378,395,461,418,436,461,491,510,16,107,288,382,519,0,197,433,616,702,302,317,483,576,736,297,321,334,595,663,111,138,163,295,367,121,164,460,600,696,331,537,566,584,614,262,276,295,327,378,121,130,217,626,781,528,575,658,671,752,311,329,386,417,435,185,201,230,374,473,148,169,311,451,490,466,494,589,602,746,253,262,292,335,349,69,177,197,332,472,542,562,590,600,719,169,199,389,500,622,193,206,411,543,571,391,418,512,543,563,329,352,384,433,604,575,590,610,631,671,230,248,597,624,806,517,582,599,610,648,403,427,451,473,592,95,121,180,685,799,236,266,293,453,558,276,289,304,420,817,56,80,583,611,651,469,492,506,529,680,337,556,610,664,730,547,564,591,616,765,175,196,473,500,608,0,353,558,582,739,30,119,206,233,430,209,265,406,436,688,321,331,390,413,477,0,359,382,407,572,53,69,330,352,453,290,311,529,673,772,206,224,248,316,336,67,83,417,437,703,45,295,363,464,523,80,106,479,609,643,564,575,595,609,844,362,387,417,628,637,144,164,186,228,239,289,361,443,598,761];[0,43,45,32,58,1,49,49,16,57,1,31,37,18,59,0,7,27,21,56,1,49,50,6,56,1,14,29,31,56,1,18,54,33,59,0,47,53,12,57,1,16,6,18,58,2,35,4,27,59,0,41,24,39,58,1,43,17,54,56,2,32,44,19,58,1,19,45,39,56,1,36,31,50,58,1,7,9,9,56,2,45,44,25,56,3,6,10,30,58,3,22,28,20,59,3,19,21,41,57,1,5,14,23,59,2,36,4,51,56,2,34,12,53,57,1,10,55,40,59,1,20,16,51,57,3,40,51,30,56,3,40,4,5,56,3,52,51,47,58,2,45,38,43,58,0,15,46,23,56,3,8,22,14,58,0,24,46,55,58,3,24,13,47,58,1,39,8,30,59,1,51,28,28,57,3,49,18,13,57,2,40,46,49,59,1,6,25,28,58,0,51,5,50,57,1,22,14,24,56,3,37,50,22,56,0,54,27,15,59,2,22,55,10,58,3,41,26,22,57,3,14,20,24,58,1,41,42,54,56,3,45,21,9,57,3,38,27,53,58,2,23,53,33,57,0,54,44,43,56,3,55,23,46,57,1,45,13,47,59,0,5,16,19,57,2,34,54,26,58,2,9,19,54,58,0,41,35,33,56,0,47,53,47,58,2,26,40,16,57,0,37,39,41,59,2,47,38,9,58,1,15,42,48,59,1,29,36,38,59,3,10,12,10,57,1,7,15,43,58,1,31,22,40,59,3,25,55,20,58,2,7,12,24,58,1,26,23,38,59,3,5,16,17,59,3,42,41,47,58,0,41,48,31,58,1,11,31,39,57,3,36,5,53,58,3,48,30,22,57,1,24,22,50,58,3,31,47,48,58,3,39,19,55,56,1,49,4,33,56,0,27,35,54,59,2,24,46,51,59,3,24,50,27,56,1,11,15,8,59,2,18,41,53,57,1,26,11,45,56,0,31,19,20,56,3,52,31,38,57,2,5,50,50,59,2,29,27,35,56,0,32,33,36,57,0,19,15,52,59,1,27,46,29,58,3,52,15,4,57,0,8,35,6,57,2,5,53,12,56,2,40,52,39,56,3,15,20,28,59,1,33,28,6,59,3,48,54,26,57,2,8,37,41,59,2,43,53,25,57];[24,84,39,86,35,58,14,87,47,78,38,11,67,82,49,33,58,73,73,14,82,60,22,2,86,60,25,41,82,12,29,78,82,25,50,75,78,11,16,71,74,31,8,56,46,79,54,62,15,35,84,65,25,25,79,53,39,59,34,12,60,17,17,89,52,17,26,34,22,27,47,76,43,0,70,2,73,85,41,26,9,32,87,73,75,34,10,87,48,64,20,74,33,57,62,1,80,25,62,78,55,55,83,82,87,82,9,50,62,38,72,6,64,67,35,41,22,15,77,65,13,49,69,37,77,49,46,71,19,40,58,33,10,18,81,29,79,34,10,7,39,55,66,67,36,44,73,77,48,32,77,65,59,67,59,88,81,31,13,27,74,44,14,83,88,88,32,9,57,62,24,21,67,2,34,23,47,31,61,59,76,34,84,86,82,64,71,42,62,56,64,30,89,26,52,75,80,21,1,62,84,60,5,73,2,55,52,89,83,82,66,68,79,68,83,84,30,27,78,50,61,40,12,3,78,78,83,36,41,61,81,56,80,18,81,78,5,6,56,88,42,51,8,26,62,35,79,71,21,6,58,42,0,53,43,63,45,66,66,32,15,17,75,27,56,7,9,85,37,7,51,88,12,28,51,13,51,9,54,75,10,11,42,67,2,48,41,16,3,31,25,11,17,78,68,47,2,1,46,85,53,8,20,34,20,77,74,48,8,33,38,21,17,84,6,62,43,27,18,88,15,40,40,23,21,30,37,70,63,20,40,73,15,85,24,39,29,2,88,44,7,49,66,31,23,15,68,23,87,47,56,41,39,36,68,75,52,55,32,24,89,35,58,72,81,29,42,51,17,83,30,53,36,26,13,72,45,7,41,33,22,42,70,67,20,40,60,47,8,76,16,19,50,65,72,57,76,85,41,62,3,29,89,3,40,40,42,27,33,76,54,0,5,0,18,13,20,37,84,76,83,77,89,44,27,39,11,63,33,81,43,80,56,23,81,17,51,69,60,46,58,12,59,55,1,40,44,74,40,75,21,20,75,81,2,40,11,50,4,13,61,87,14,86,47,5,3,58,39,79,8,3,17,15,35,43,37,61,46,60,61,12,9,24,48,63,18,54,88,46,41,85,54,28,21,10,69,53,89,11];[[0.34661995661142697,3.4661995661142697,1.0],[0.2286410960833074,2.286410960833074,1.0],[0.012392470279078194,0.12392470279078194,1.0],[0.9308270259025113,9.308270259025113,1.0],[0.3225145761620236,3.225145761620236,1.0],[0.0006954578022455582,0.006954578022455582,1.0],[0.2097170717940725,2.097170717940725,1.0],[0.5179602272351016,5.179602272351016,1.0],[0.7628222106217201,7.6282221062172,1.0],[0.3089717897377221,3.089717897377221,1.0],[0.15113122452813788,1.5113122452813788,1.0],[0.07045772229012492,0.7045772229012492,1.0],[0.8725064026541692,8.725064026541693,1.0],[0.3074981421409557,3.074981421409557,1.0],[0.272859759997538,2.7285975999753798,1.0],[0.9838464878398866,9.838464878398867,1.0],[0.7385079487399623,7.385079487399623,1.0],[0.7690782380223464,7.690782380223464,1.0],[0.7347776517949599,7.347776517949599,1.0],[0.040110031230356946,0.40110031230356946,1.0],[0.7832762173461114,7.832762173461115,1.0],[0.9889075602289727,9.889075602289727,1.0],[0.9868030389001332,9.868030389001332,1.0],[0.09156288276254032,0.9156288276254032,1.0],[0.6169801532161481,6.169801532161481,1.0],[0.9026788995265191,9.026788995265191,1.0],[0.7985407520091817,7.985407520091817,1.0],[0.3776281884996082,3.776281884996082,1.0],[0.3548331359348883,3.548331359348883,1.0],[0.4034509368723006,4.034509368723006,1.0],[0.5249010978369003,5.249010978369003,1.0],[0.41070078970850576,4.107007897085058,1.0],[0.63967628453626,6.3967628453626,1.0],[0.644865700493546,6.44865700493546,1.0],[0.7187044523063962,7.187044523063962,1.0],[0.4606778023011676,4.606778023011676,1.0],[0.947243245359423,9.47243245359423,1.0],[0.5480976670697533,5.480976670697533,1.0],[0.5212437467785531,5.212437467785531,1.0],[0.9974770776792315,9.974770776792315,1.0],[0.8347236528324226,8.347236528324226,1.0],[0.5920335208252621,5.92033520825262,1.0],[0.5281200476143402,5.281200476143402,1.0],[0.9947145418085902,9.947145418085903,1.0],[0.3807311818221505,3.807311818221505,1.0],[0.16524593628445206,1.6524593628445206,1.0],[0.360275223783056,3.60275223783056,1.0],[0.08085968119624642,0.8085968119624642,1.0],[0.8395205202311514,8.395205202311514,1.0],[0.9614069909390023,9.614069909390023,1.0],[0.08576140927512577,0.8576140927512577,1.0],[0.06230204186426158,0.6230204186426158,1.0],[0.48309802210777264,4.830980221077726,1.0],[0.7527011136301647,7.527011136301647,1.0],[0.5653273490612396,5.653273490612396,1.0],[0.14308306009955207,1.4308306009955207,1.0],[0.9027442860174946,9.027442860174945,1.0],[0.39175874054121795,3.9175874054121795,1.0],[0.04470890378303016,0.4470890378303016,1.0],[0.4575329191628308,4.575329191628308,1.0],[0.44418114285306354,4.441811428530635,1.0],[0.0791756906829707,0.791756906829707,1.0],[0.37770490385691646,3.7770490385691646,1.0],[0.24872151644563356,2.4872151644563356,1.0],[0.31414454419740034,3.141445441974003,1.0],[0.40750067283296354,4.075006728329635,1.0],[0.17219359428721337,1.7219359428721337,1.0],[0.3882072229758389,3.8820722297583887,1.0],[0.7592365563423323,7.592365563423323,1.0],[0.222327149798478,2.22327149798478,1.0],[0.563344095817858,5.63344095817858,1.0],[0.06385831253616747,0.6385831253616747,1.0],[0.4915379293409209,4.915379293409209,1.0],[0.6493348169788958,6.493348169788958,1.0],[0.35923654185193077,3.5923654185193077,1.0],[0.011177057117131461,0.11177057117131461,1.0],[0.2733467293051436,2.7334672930514357,1.0],[0.5355549647286275,5.355549647286275,1.0],[0.6301964483914466,6.301964483914466,1.0],[0.13021308409642796,1.3021308409642796,1.0],[0.25996455672831287,2.5996455672831287,1.0],[0.08504584081016042,0.8504584081016042,1.0],[0.7433003345161341,7.433003345161341,1.0],[0.18226229691513296,1.8226229691513296,1.0],[0.9489642736607146,9.489642736607145,1.0],[0.8673076709060825,8.673076709060826,1.0],[0.2783750143398719,2.783750143398719,1.0],[0.779542699505796,7.79542699505796,1.0],[0.05243151622562159,0.5243151622562159,1.0],[0.5237802038743088,5.237802038743088,1.0]]
0_BehnkeGeiger_60_workers.fjs;1955.3009324750785;12910;[66,83,114,286,415,421,441,451,475,507,73,85,307,512,614,212,232,291,484,642,121,142,170,445,669,159,177,201,601,903,372,390,564,640,811,160,183,358,377,577,177,372,494,509,594,324,345,551,582,801,0,98,201,219,732,151,411,457,625,854,218,507,522,586,709,343,372,574,589,738,317,389,403,413,598,345,439,469,481,497,254,274,301,323,670,257,281,439,490,718,292,303,513,533,668,189,335,512,537,646,232,248,433,522,632,175,375,480,507,693,451,468,554,569,809,200,263,443,545,648,240,254,269,433,464,375,469,487,502,726,327,373,519,642,793,101,375,414,427,443,448,489,504,538,907,0,14,141,406,582,156,528,544,571,756,234,257,269,281,296,131,151,178,204,224,240,281,300,322,581,403,421,433,489,839,421,462,532,554,693,426,460,480,526,831,44,128,159,589,766,248,259,353,366,526,141,159,186,469,508,224,240,343,418,605,48,66,115,269,288,274,302,348,370,399,22,48,501,585,761,391,403,531,556,907,363,391,418,439,851,142,160,186,288,316,381,432,501,523,536,312,327,403,465,872,42,52,70,479,687,205,536,621,640,893,506,533,565,578,856,441,551,574,586,779,161,263,378,497,784,89,112,137,433,480,391,408,432,456,642,21,36,60,523,712,116,272,286,413,551,85,102,140,165,573,296,511,533,554,750,12,22,386,434,473,268,286,316,464,563,36,56,439,460,591,278,299,459,472,679,533,557,580,610,752,172,205,218,537,793,145,156,517,543,893,117,386,610,631,684,259,278,292,307,473,390,504,621,639,864,334,343,389,543,682,302,387,454,480,601,316,422,611,630,737,408,421,440,457,892,183,234,281,472,673,477,516,572,586,878,83,131,353,377,391,557,579,596,642,823,14,341,396,414,452,60,87,344,549,653,52,79,373,395,556,56,73,98,137,501,79,89,106,327,523,299,364,387,399,526,303,316,327,600,617,357,375,389,407,418,102,117,128,457,553,356,403,433,556,757,73,101,219,276,801,0,36,65,87,619,416,499,570,673,777,396,451,479,525,564,432,533,556,598,709,0,165,494,519,552,102,116,281,291,345,17,348,416,606,857,286,318,347,558,827,112,131,322,335,358,341,356,378,440,705,427,596,670,694,844];[1,54,30,48,59,3,4,21,29,58,2,30,36,25,57,3,52,46,23,56,3,17,15,50,57,1,26,24,53,57,2,12,19,36,58,3,14,23,53,57,1,18,43,19,58,1,34,34,26,57,3,16,26,37,56,0,34,18,31,58,1,13,44,4,57,2,43,45,39,59,0,50,53,39,56,1,25,49,27,58,0,44,26,52,56,2,6,53,29,57,2,28,28,20,59,1,18,23,34,59,3,38,51,41,58,0,30,44,41,56,3,34,27,55,59,0,52,39,42,58,0,30,28,23,58,3,14,49,36,58,3,13,42,45,59,3,50,43,52,59,1,35,34,41,58,0,12,23,22,56,2,28,44,24,59,2,41,46,54,59,0,25,44,51,57,1,52,18,32,59,1,51,30,28,58,1,4,38,7,57,2,42,38,30,59,2,4,37,17,56,3,48,6,29,58,1,42,12,25,56,0,17,19,20,58,1,31,16,41,56,0,51,51,52,57,1,37,23,7,57,1,6,54,29,59,1,25,42,35,56,3,40,23,41,56,0,21,18,53,59,3,22,50,35,57,0,19,36,42,59,2,53,16,44,58,2,17,11,36,57,3,37,46,23,59,0,33,34,27,58,0,12,35,54,56,3,21,48,54,57,3,5,37,18,59,1,48,40,53,57,2,51,9,27,56,1,8,48,4,57,1,48,19,50,59,1,31,41,23,58,3,29,42,10,59,3,33,53,26,57,2,5,21,9,56,2,25,43,23,56,2,55,36,33,59,2,44,21,15,56,3,53,36,19,57,2,35,17,11,58,2,6,14,12,58,0,22,44,8,57,2,50,39,55,57,3,33,18,28,57,3,33,42,51,58,2,29,4,49,59,1,19,18,23,59,2,48,40,15,56,0,22,43,54,57,2,14,13,35,56,0,28,21,13,59,3,16,11,12,57,0,25,35,21,56,3,22,49,36,57,2,21,13,39,56,3,44,29,20,58,2,4,50,51,58,0,17,40,8,58,3,38,26,38,58,1,16,14,10,59,2,25,12,28,56,0,4,43,6,57,1,8,45,31,56,2,9,42,12,56,1,20,46,39,56,2,21,22,43,59,1,50,30,20,57,0,23,18,23,57,0,8,31,33,58,0,48,45,22,57];[61,31,10,85,32,43,69,55,64,3,79,53,70,17,38,74,60,13,21,67,40,87,62,32,27,26,37,6,15,78,81,33,87,25,45,45,85,28,84,15,2,12,33,53,9,64,44,27,83,57,48,27,17,21,62,4,14,44,19,66,59,66,43,55,1,15,21,25,43,88,7,59,88,28,18,67,56,32,4,66,28,61,51,11,55,57,51,38,59,54,24,8,42,51,64,54,78,33,37,11,12,8,57,23,1,84,69,7,36,4,18,65,75,31,81,56,2,47,57,33,22,84,27,79,16,88,56,61,78,52,81,5,62,38,7,65,51,22,45,28,35,62,79,64,0,82,74,28,1,63,38,84,52,69,37,19,34,31,7,21,33,73,14,14,70,16,17,62,14,37,39,79,84,37,41,21,19,17,72,48,70,15,70,3,20,72,82,68,25,4,47,47,80,22,79,64,58,28,50,55,0,77,18,74,53,44,18,70,6,5,82,31,16,63,24,25,69,46,33,1,55,58,13,34,10,26,30,56,45,2,42,18,32,36,87,27,27,70,52,2,83,68,61,37,69,76,79,48,6,14,5,12,25,36,40,83,24,32,54,73,46,47,78,6,68,84,78,76,1,57,16,48,24,64,65,66,87,75,78,79,16,52,4,77,47,42,30,30,66,87,85,11,10,47,83,45,51,75,63,75,12,27,34,50,84,65,56,84,39,85,2,56,4,41,36,74,55,47,57,53,86,88,42,54,44,60,25,82,61,50,14,55,46,68,48,21,45,8,46,24,83,24,88,0,34,11,13,58,8,24,18,52,51,44,32,14,29,70,5,80,32,33,66,4,39,13,78,34,29,60,57,5,57,79,82,41,74,59,40,34,76,44,17,3,26,73,65,20,20,0,44,43,63,54,10,86,47,79,74,46,66,17,8,44,37,74,81,67,19,48,38,56,23,16,34,12,73,71,64,47,40,23,53,37,84,51,34,86,27,42,31,87,66,84,26,20,59,10,42,64,2,15,68,5,84,28,16,59,7,21,25,67,24,33,85,27,0,15,53,26,17,25,49,63,69,69,17,15,16,53,81,53,31,4,35,85,25,82,55,14,76,4,87,23,18,44,41,60,71,37,9,89,24,26,22,22,62,81,31,72];[[0.8559393885152179,8.55939388515218,1.0],[0.8004839408308784,8.004839408308783,1.0],[0.5938433496209707,5.938433496209708,1.0],[0.8870093324131678,8.870093324131679,1.0],[0.741558169706834,7.4155816970683395,1.0],[0.8097670389513107,8.097670389513107,1.0],[0.2247324103169328,2.247324103169328,1.0],[0.9761818800633866,9.761818800633865,1.0],[0.6339038774096737,6.339038774096737,1.0],[0.5580285642552777,5.580285642552777,1.0],[0.4463526500656817,4.463526500656817,1.0],[0.28336462923826333,2.8336462923826335,1.0],[0.9019880415639555,9.019880415639555,1.0],[0.03268507148422006,0.32685071484220063,1.0],[0.4362825217209084,4.3628252172090844,1.0],[0.18851543397694082,1.8851543397694082,1.0],[0.9250090249429151,9.250090249429151,1.0],[0.9012349700248556,9.012349700248556,1.0],[0.12108560404704316,1.2108560404704316,1.0],[0.9174015512221217,9.174015512221217,1.0],[0.6336036775858569,6.3360367758585685,1.0],[0.8916415369189501,8.916415369189501,1.0],[0.9427537000908234,9.427537000908234,1.0],[0.6474269734768437,6.474269734768438,1.0],[0.2944017446773023,2.9440174467730227,1.0],[0.22784863884628848,2.278486388462885,1.0],[0.026726933813205345,0.26726933813205345,1.0],[0.5708724060922277,5.708724060922277,1.0],[0.09143396648058832,0.9143396648058832,1.0],[0.9728808105837072,9.728808105837071,1.0],[0.04913857274611522,0.49138572746115217,1.0],[0.8163054842016593,8.163054842016592,1.0],[0.12136143786009423,1.2136143786009423,1.0],[0.39347747924753973,3.9347747924753973,1.0],[0.7612563626694716,7.612563626694716,1.0],[0.2669682491794272,2.669682491794272,1.0],[0.032329137447332346,0.32329137447332346,1.0],[0.27066047462765497,2.7066047462765495,1.0],[0.8705591702034446,8.705591702034447,1.0],[0.8809847340925547,8.809847340925547,1.0],[0.18409719287978143,1.8409719287978143,1.0],[0.20156279965759893,2.015627996575989,1.0],[0.5164915614426145,5.164915614426145,1.0],[0.4956047792365974,4.956047792365974,1.0],[0.6077297164851029,6.0772971648510286,1.0],[0.9001180841411072,9.001180841411072,1.0],[0.78410741646787,7.8410741646787,1.0],[0.4806185677402214,4.806185677402214,1.0],[0.1147765683905323,1.147765683905323,1.0],[0.07024459811816619,0.7024459811816619,1.0],[0.3187451092517546,3.187451092517546,1.0],[0.0073062864940089955,0.07306286494008996,1.0],[0.5205444033755386,5.205444033755386,1.0],[0.6250968201912236,6.250968201912236,1.0],[0.25055568445480136,2.5055568445480136,1.0],[0.615922435604406,6.15922435604406,1.0],[0.3870907125242423,3.8709071252424234,1.0],[0.21814785067570475,2.1814785067570472,1.0],[0.8734963280117019,8.734963280117018,1.0],[0.28722080489037183,2.872208048903718,1.0],[0.09639359128751424,0.9639359128751424,1.0],[0.7548858731919171,7.548858731919172,1.0],[0.6851727386050028,6.851727386050028,1.0],[0.051174076075845676,0.5117407607584568,1.0],[0.17887018113864828,1.7887018113864828,1.0],[0.609251556117635,6.09251556117635,1.0],[0.24984154075152953,2.4984154075152953,1.0],[0.368174715277632,3.68174715277632,1.0],[0.05876744192941186,0.5876744192941186,1.0],[0.12260955919754979,1.226095591975498,1.0],[0.45916262109070083,4.591626210907008,1.0],[0.4009271808935736,4.009271808935736,1.0],[0.46504811859381157,4.650481185938116,1.0],[0.21320952910254887,2.1320952910254887,1.0],[0.6247271975216867,6.247271975216867,1.0],[0.28525256320918047,2.8525256320918047,1.0],[0.6348406939976744,6.348406939976744,1.0],[0.8319882392437383,8.319882392437384,1.0],[0.8395421352998061,8.395421352998062,1.0],[0.019614941273996434,0.19614941273996434,1.0],[0.5413984842077535,5.413984842077535,1.0],[0.2718798292635384,2.718798292635384,1.0],[0.4481717263007644,4.481717263007644,1.0],[0.26376858333274344,2.6376858333274344,1.0],[0.3349547069458171,3.349547069458171,1.0],[0.5175169666891029,5.175169666891028,1.0],[0.6865980117314152,6.865980117314152,1.0],[0.12545365307174206,1.2545365307174206,1.0],[0.02272642984071671,0.2272642984071671,1.0],[0.7308912721040333,7.308912721040333,1.0]]
0_BehnkeGeiger_60_workers.fjs;1917.864006432271;179790;[283,294,431,568,771,429,451,479,515,650,390,435,464,493,554,83,112,294,476,899,303,356,368,399,547,111,275,289,305,445,46,64,464,560,588,230,247,308,433,681,536,560,588,606,702,167,183,479,500,744,366,382,436,452,571,241,283,312,488,511,231,245,258,268,429,122,154,178,194,726,191,345,508,564,879,435,500,580,610,792,131,368,544,570,770,122,332,402,469,716,183,240,258,279,476,368,380,411,489,604,334,356,452,467,481,428,442,499,537,711,411,436,504,533,649,105,178,588,605,819,178,191,273,289,531,171,187,330,552,864,401,429,473,487,665,38,411,500,528,686,191,249,369,387,415,145,304,388,493,846,15,134,158,411,731,235,263,374,479,661,110,273,298,541,690,441,454,477,519,619,123,289,323,555,713,100,111,300,476,638,368,390,418,443,536,0,11,31,201,400,77,305,317,328,579,332,342,361,375,386,290,331,362,443,811,382,428,443,466,581,307,327,363,464,555,316,431,501,525,771,354,368,395,503,854,11,151,178,396,426,0,455,473,483,585,254,267,283,498,867,342,368,398,443,489,194,239,315,331,429,62,422,479,508,755,247,275,319,331,448,94,128,295,378,704,245,275,303,314,342,73,194,507,536,598,403,424,436,459,631,145,156,267,295,638,197,220,246,275,301,18,38,57,301,498,299,326,484,497,765,267,317,465,525,828,470,489,507,523,844,24,183,283,361,378,380,400,428,443,623,89,218,249,574,678,326,403,436,552,860,276,290,523,726,878,275,303,386,487,735,263,361,533,565,867,326,354,396,489,507,354,380,402,428,626,0,164,395,494,794,212,288,453,497,848,451,485,503,537,753,294,417,582,606,805,401,428,443,466,794,356,366,440,458,484,380,458,469,489,794,0,158,178,212,889,61,83,100,343,603,218,246,288,562,734,54,77,97,107,261,273,289,312,323,443,35,331,554,606,833,424,476,501,563,683,483,509,570,593,844,166,194,211,230,246,39,61,187,547,645,168,178,466,485,663,187,398,414,493,523,400,411,436,507,697,112,122,134,197,328,39,131,151,484,826,210,230,289,500,654,220,235,254,279,288,64,194,469,523,544,158,314,332,623,746,154,167,183,240,563,156,511,534,562,812,284,418,433,631,721];[0,19,18,14,57,1,21,27,44,59,1,30,5,33,57,0,4,52,31,56,2,27,39,44,59,1,50,49,31,57,2,37,43,50,58,0,16,53,43,59,3,4,31,19,58,2,35,12,18,57,0,32,26,14,59,1,53,16,43,59,2,43,47,47,58,2,13,22,29,58,1,49,21,38,56,2,27,18,26,59,1,49,33,29,59,0,33,18,28,56,2,52,43,9,57,2,26,20,53,56,0,45,13,4,59,3,11,14,34,59,2,34,31,55,58,3,13,50,40,57,0,24,16,43,59,3,17,49,18,57,1,53,29,45,57,3,39,13,30,56,0,29,50,42,58,3,30,22,22,59,0,42,28,26,57,3,34,45,52,56,2,25,15,38,58,0,42,16,33,58,3,50,17,14,58,1,7,38,47,57,1,43,52,28,56,1,7,19,17,57,1,49,4,30,57,2,34,14,16,59,1,19,19,31,56,0,31,46,30,56,1,26,22,55,58,0,15,36,14,58,1,12,37,44,56,1,8,43,49,56,3,29,20,6,59,1,6,52,16,58,2,21,55,35,58,2,53,19,41,57,3,55,21,35,58,0,27,7,47,58,3,4,26,11,57,2,32,35,39,59,3,13,39,26,57,0,34,54,11,59,1,32,29,54,58,3,20,50,18,56,3,54,46,18,57,3,5,38,9,56,1,49,41,36,56,1,39,42,34,56,2,39,6,11,57,2,29,13,41,57,2,29,14,43,58,3,33,25,30,59,1,7,38,39,58,2,24,16,30,59,3,34,31,49,56,1,50,39,46,56,3,40,48,29,56,0,8,50,51,56,2,46,47,28,58,1,35,40,20,59,0,48,19,49,59,3,28,40,51,58,0,44,23,38,56,3,23,53,15,57,2,42,37,53,57,0,14,54,17,59,1,25,38,19,56,1,9,36,12,57,0,16,17,18,56,2,24,36,50,58,0,36,17,24,57,0,20,30,38,57,1,6,48,50,57,0,19,8,43,56,0,36,35,37,59,3,21,23,5,58,2,36,47,30,56,0,42,33,5,58,1,8,30,23,59,0,52,9,12,57,3,45,45,38,58,2,22,23,42,57,0,35,28,20,56,2,39,41,20,56,1,43,19,40,58,3,43,27,49,57];[69,39,27,26,76,35,29,58,89,49,82,50,79,41,29,34,11,0,40,8,71,25,68,76,80,43,80,13,44,54,75,72,64,35,44,81,58,61,17,40,35,34,0,43,9,72,16,29,74,60,36,35,36,37,14,4,5,80,43,32,10,18,15,46,15,18,10,53,11,38,4,69,0,16,27,20,20,67,76,80,53,28,31,21,67,34,71,89,51,11,46,3,40,32,89,64,40,78,63,7,25,83,36,10,57,73,49,23,65,18,50,40,78,28,2,67,5,2,53,88,27,82,79,8,48,8,23,20,15,38,39,86,73,16,1,3,29,58,15,77,24,83,78,22,75,3,8,74,57,18,1,0,1,81,74,62,36,84,37,23,63,68,11,11,84,57,46,66,34,48,87,55,46,0,77,46,4,10,20,50,50,23,54,31,44,82,36,31,52,26,65,26,76,39,33,15,49,49,71,18,3,55,60,11,89,31,21,34,84,28,13,18,53,17,74,23,89,67,40,7,28,19,41,86,37,35,87,42,68,82,40,18,68,49,81,64,66,51,31,0,75,62,4,85,23,7,80,56,41,87,43,28,36,61,61,29,77,66,27,76,43,47,34,30,50,77,44,22,64,53,42,6,35,77,35,84,74,6,30,25,73,54,34,72,26,10,39,8,83,65,65,89,31,85,66,50,51,71,45,28,28,31,77,2,38,61,0,70,7,38,32,17,41,69,14,64,48,85,13,55,76,1,84,1,5,42,31,7,21,7,89,12,70,77,17,22,81,8,75,83,54,61,26,9,53,89,9,57,61,42,12,89,66,1,37,4,34,19,14,39,75,33,8,25,51,3,86,6,38,10,63,44,75,23,61,21,47,52,78,83,19,38,4,1,4,6,55,23,80,29,44,71,20,7,46,70,47,56,6,30,64,45,77,12,67,62,23,12,59,48,5,47,18,53,47,73,24,78,75,23,51,11,59,65,18,77,82,73,83,25,4,46,28,45,86,30,51,38,48,19,42,64,22,13,88,73,75,18,22,0,20,7,26,87,8,23,19,57,73,76,25,43,32,44,40,55,33,24,26,4,76,24,30,33,38,24,83,2,86,71,0,37,33,35,33,63,35,26,63,52,68,10,45,18,80,49,20,83,33,0];[[0.5198238265685563,5.198238265685563,1.0],[0.9583988744400509,9.583988744400509,1.0],[0.3402956357666065,3.402956357666065,1.0],[0.7081849781179302,7.081849781179303,1.0],[0.9252189405445452,9.252189405445453,1.0],[0.05032666735654623,0.5032666735654623,1.0],[0.6613275461751585,6.613275461751585,1.0],[0.82711411373077,8.271141137307701,1.0],[0.8734961127808921,8.734961127808921,1.0],[0.5913019030238962,5.913019030238962,1.0],[0.11264722490163037,1.1264722490163037,1.0],[0.34477784983246407,3.4477784983246407,1.0],[0.011377599382669468,0.11377599382669468,1.0],[0.7909742881977946,7.909742881977946,1.0],[0.3277964015146908,3.277964015146908,1.0],[0.22222795698924247,2.2222795698924247,1.0],[0.14676573527209236,1.4676573527209236,1.0],[0.040648812187981,0.40648812187981,1.0],[0.14328037004549943,1.4328037004549943,1.0],[0.10349201402412567,1.0349201402412567,1.0],[0.2300149081299988,2.3001490812999883,1.0],[0.34985110243749995,3.4985110243749995,1.0],[0.866750807284636,8.66750807284636,1.0],[0.14758827376144812,1.4758827376144812,1.0],[0.22391440251713068,2.239144025171307,1.0],[0.24865543755958186,2.4865543755958184,1.0],[0.2300130943157953,2.300130943157953,1.0],[0.8293061040602848,8.293061040602849,1.0],[0.43895527513494326,4.389552751349433,1.0],[0.44969387575897835,4.496938757589783,1.0],[0.3412024287409555,3.4120242874095554,1.0],[0.9004679331719968,9.004679331719968,1.0],[0.43962892413733223,4.3962892413733226,1.0],[0.45751138605113895,4.575113860511389,1.0],[0.5639201948280074,5.639201948280074,1.0],[0.6726986423945157,6.726986423945157,1.0],[0.6597005192680269,6.597005192680268,1.0],[0.9102187034878934,9.102187034878934,1.0],[0.5766896035151798,5.766896035151799,1.0],[0.4155337643506154,4.155337643506154,1.0],[0.35757675057500693,3.5757675057500693,1.0],[0.5416053049315015,5.416053049315015,1.0],[0.24141379817839304,2.4141379817839304,1.0],[0.14373377933442777,1.4373377933442777,1.0],[0.05947898491433379,0.5947898491433379,1.0],[0.49975509403239127,4.9975509403239124,1.0],[0.3186129737753496,3.186129737753496,1.0],[0.7700173830289908,7.700173830289908,1.0],[0.48539290197593976,4.853929019759398,1.0],[0.4627755002794737,4.6277550027947365,1.0],[0.5376316431809531,5.376316431809531,1.0],[0.9085166904492054,9.085166904492054,1.0],[0.8894638917603915,8.894638917603915,1.0],[0.7295709856829492,7.295709856829492,1.0],[0.10156484356406248,1.0156484356406248,1.0],[0.7756986430311787,7.7569864303117875,1.0],[0.2646734419538803,2.646734419538803,1.0],[0.08522369075097047,0.8522369075097047,1.0],[0.05298946435344931,0.5298946435344931,1.0],[0.15739225219713138,1.5739225219713138,1.0],[0.4318886991151929,4.318886991151929,1.0],[0.633165302477868,6.33165302477868,1.0],[0.24439281766986376,2.4439281766986376,1.0],[0.8989634350161788,8.989634350161788,1.0],[0.5191347024590356,5.191347024590356,1.0],[0.6810385741390934,6.8103857413909346,1.0],[0.16547355180616963,1.6547355180616963,1.0],[0.7628548802754104,7.6285488027541035,1.0],[0.3141854421416449,3.1418544214164488,1.0],[0.41192209034050886,4.119220903405089,1.0],[0.02240642416721894,0.2240642416721894,1.0],[0.6263477255847869,6.263477255847869,1.0],[0.6946401733451906,6.946401733451905,1.0],[0.5537872676983423,5.537872676983423,1.0],[0.14353633683289113,1.4353633683289113,1.0],[0.3828088769666892,3.828088769666892,1.0],[0.20550831512341627,2.0550831512341627,1.0],[0.8424160101430348,8.424160101430347,1.0],[0.33056458054195836,3.3056458054195836,1.0],[0.9503462496022802,9.503462496022802,1.0],[0.733658429518869,7.33658429518869,1.0],[0.7327837389781332,7.327837389781332,1.0],[0.5833156544997408,5.833156544997408,1.0],[0.2636719126307169,2.6367191263071685,1.0],[0.7038517121832796,7.038517121832796,1.0],[0.9859996488049411,9.859996488049411,1.0],[0.3427619282161496,3.427619282161496,1.0],[0.731149933057056,7.31149933057056,1.0],[0.24180730800578631,2.418073080057863,1.0],[0.8057399760917423,8.057399760917423,1.0]]
0_BehnkeGeiger_60_workers.fjs;1837.7501432796562;315790;[337,404,414,435,785,40,50,488,500,561,104,131,163,222,387,309,505,534,584,758,347,458,471,500,806,246,264,288,363,410,233,252,295,419,443,206,233,250,348,375,479,493,515,528,597,327,397,418,559,782,139,157,333,510,609,362,377,418,526,763,74,87,202,337,576,166,195,216,568,817,288,309,336,363,381,15,37,54,207,598,498,513,529,547,812,413,436,462,540,696,115,250,496,512,818,87,100,143,171,475,227,244,367,470,654,184,277,304,323,586,369,386,404,438,834,305,317,375,402,562,263,286,300,407,802,67,98,109,167,189,465,490,559,585,768,0,22,165,337,371,385,431,447,470,665,220,235,554,566,757,394,414,514,650,715,470,498,541,553,631,338,418,459,494,652,181,440,514,530,718,348,375,550,559,809,27,40,544,559,577,261,279,349,515,551,279,302,335,393,406,266,433,447,484,549,75,119,147,406,586,146,166,307,325,409,244,278,289,330,500,444,464,500,566,632,9,35,81,373,524,0,202,356,565,797,114,129,447,586,728,289,319,586,596,656,193,217,348,367,380,35,60,81,524,550,375,385,398,419,796,277,288,307,397,467,50,114,147,329,535,398,425,462,584,683,317,414,434,592,614,93,119,263,442,632,377,394,553,567,739,168,181,202,323,477,195,222,244,267,398,347,362,461,473,622,198,325,436,513,849,0,315,404,529,677,425,443,452,566,586,22,42,370,393,826,129,322,354,370,727,490,515,558,572,662,93,115,284,300,513,149,158,344,404,423,369,398,408,422,463,119,139,167,196,525,493,520,538,571,735,65,74,243,263,283,42,67,116,214,451,222,246,268,380,462,406,470,540,586,761,352,369,442,459,699,315,350,414,473,612,81,104,211,383,677,129,149,203,280,311,143,168,187,422,442,172,184,479,505,535,414,440,521,554,786,264,428,454,575,743,403,413,459,469,774,252,263,284,393,474,181,198,264,336,355,104,408,433,458,715,158,172,430,458,624,50,244,268,295,423,419,493,521,538,798,286,305,408,492,683,235,315,337,447,492,100,114,143,397,508,386,406,478,496,836,0,15,418,438,786,60,350,475,571,860,302,327,367,383,451,37,189,516,669,822,443,528,626,650,845,458,479,491,515,703,207,220,307,336,535];[3,35,6,34,56,0,49,6,4,59,3,30,39,35,58,3,52,52,19,59,3,30,54,35,57,1,36,26,54,58,2,19,14,39,59,2,54,21,43,58,2,19,28,19,56,0,33,19,19,59,0,46,26,27,58,2,14,5,29,56,2,12,47,37,57,1,54,6,31,57,3,48,54,48,56,2,5,52,9,58,3,46,15,43,56,0,29,53,31,56,3,54,33,38,59,2,4,23,31,58,3,28,12,46,56,2,36,47,4,58,3,35,31,54,57,2,43,43,43,58,2,28,10,12,59,3,30,48,50,59,1,7,32,46,57,3,38,10,52,59,0,31,46,43,56,0,46,20,23,57,2,40,4,25,58,3,32,46,54,57,1,24,12,54,57,0,51,11,33,59,0,50,32,30,58,0,4,19,28,59,0,40,10,50,57,0,5,32,36,59,3,48,6,54,59,1,4,15,36,57,1,35,52,51,56,3,16,51,29,57,3,52,27,53,58,1,23,27,4,57,0,15,37,52,57,2,44,48,54,57,1,25,20,25,59,0,39,12,53,57,1,20,55,32,58,0,39,39,42,56,3,52,17,12,59,0,30,10,17,57,1,54,6,9,57,2,35,37,53,59,0,36,39,8,59,2,45,4,40,59,3,47,30,47,59,1,40,41,16,56,2,7,33,35,58,3,52,5,7,57,1,26,50,46,56,1,36,47,20,56,3,24,22,9,56,1,40,5,26,59,1,31,42,46,58,1,13,24,8,58,2,5,4,24,57,1,48,52,28,56,0,42,18,34,59,2,42,37,51,58,2,30,39,13,58,3,33,34,15,58,1,37,18,53,57,3,20,42,23,58,1,25,17,50,59,1,29,51,51,57,3,34,34,23,59,2,31,36,12,57,3,21,9,52,56,2,36,52,13,56,2,33,20,53,58,1,42,41,30,56,0,18,17,14,58,2,24,38,22,57,3,39,44,48,59,1,48,30,20,56,2,6,8,51,56,2,40,37,40,58,3,20,30,36,58,2,25,22,43,58,0,37,10,31,58,2,40,18,5,59,3,8,33,29,59,2,22,47,16,57,1,51,47,37,57,0,23,23,41,57,2,50,29,20,58,1,4,25,27,56,2,49,50,34,57,0,51,16,21,59];[23,61,70,48,41,76,7,88,61,52,58,14,25,59,20,35,49,68,42,53,11,75,16,66,28,60,36,18,53,85,14,69,87,75,33,12,63,33,7,2,67,10,62,89,86,8,17,10,35,72,76,68,53,26,82,40,14,22,4,10,40,50,80,9,32,63,41,1,34,70,76,81,6,38,8,69,78,20,71,25,73,28,28,38,67,84,32,5,83,86,67,37,52,65,84,57,61,67,30,4,30,50,17,46,41,45,15,77,66,75,5,0,30,88,28,7,39,55,19,70,7,1,24,37,73,49,1,13,48,1,35,2,53,87,50,85,80,74,60,71,66,68,4,87,71,28,54,55,22,15,57,73,17,84,86,62,38,31,47,31,51,48,3,21,0,71,57,61,2,87,14,44,89,89,64,83,38,77,44,79,56,87,67,72,75,75,17,88,3,36,38,23,34,68,12,9,25,57,43,33,52,47,33,24,7,13,80,45,63,18,14,27,54,39,24,43,24,49,35,9,75,27,49,56,58,6,82,40,32,88,16,22,27,78,50,81,9,39,52,85,44,10,55,10,66,26,23,46,58,0,18,85,82,29,61,3,20,82,14,73,38,81,6,35,56,7,31,66,31,65,9,19,43,21,20,7,34,40,78,73,71,27,22,40,59,59,76,11,58,31,31,31,66,54,5,37,23,60,43,20,53,36,32,46,3,65,28,69,11,72,2,25,3,63,44,29,80,3,4,32,51,74,87,74,39,4,58,47,63,50,66,46,35,0,85,83,77,12,79,34,12,15,2,29,40,47,67,82,81,78,18,54,6,48,68,26,89,64,21,80,80,76,8,89,48,16,38,74,11,22,42,6,3,24,51,25,84,61,84,75,81,32,50,39,11,61,75,70,37,11,41,70,86,53,17,54,75,64,86,79,24,50,14,1,83,22,13,39,47,59,84,45,73,1,64,39,70,33,54,33,36,87,60,70,0,15,66,52,62,69,58,87,3,44,46,21,28,11,44,1,89,23,53,15,77,79,26,78,26,0,58,16,67,65,40,20,79,48,71,22,43,62,65,29,67,10,65,71,16,43,75,24,34,16,19,50,71,39,50,79,43,54,55,78,27,41,32,23,78,22,52,55,36,57,67,42,44,68,79,72];[[0.18019241848515155,1.8019241848515155,1.0],[0.48736227300275514,4.873622730027551,1.0],[0.07759170039841756,0.7759170039841756,1.0],[0.5225667244081349,5.2256672440813485,1.0],[0.9196433340252647,9.196433340252646,1.0],[0.8762509611803474,8.762509611803473,1.0],[0.5029695910906639,5.029695910906638,1.0],[0.8160267976375112,8.160267976375112,1.0],[0.8059112000327816,8.059112000327817,1.0],[0.2140591090540045,2.140591090540045,1.0],[0.08805821114486456,0.8805821114486456,1.0],[0.20329737064426556,2.0329737064426556,1.0],[0.5837360924329463,5.837360924329463,1.0],[0.6737333796339059,6.737333796339059,1.0],[0.1608013027204077,1.6080130272040771,1.0],[0.7465026683932527,7.465026683932527,1.0],[0.5706715087422025,5.706715087422025,1.0],[0.4637998194614905,4.637998194614905,1.0],[0.510707169665419,5.10707169665419,1.0],[0.13436739791107,1.3436739791107,1.0],[0.5955836724768061,5.955836724768061,1.0],[0.9705970110642231,9.705970110642232,1.0],[0.1380260373669585,1.380260373669585,1.0],[0.6915046322372392,6.915046322372392,1.0],[0.4571104412123077,4.571104412123077,1.0],[0.7770933375992647,7.770933375992647,1.0],[0.4288907275773849,4.288907275773849,1.0],[0.7873492179192781,7.873492179192781,1.0],[0.45358103110054593,4.535810311005459,1.0],[0.29994077462327984,2.9994077462327984,1.0],[0.26785911780148886,2.6785911780148886,1.0],[0.41380996534982095,4.13809965349821,1.0],[0.8955750490686861,8.955750490686862,1.0],[0.33899298335361505,3.3899298335361507,1.0],[0.4439220021216055,4.439220021216055,1.0],[0.2663146653444304,2.663146653444304,1.0],[0.1912128081922898,1.912128081922898,1.0],[0.8422148536074314,8.422148536074314,1.0],[0.12934381348500923,1.2934381348500923,1.0],[0.5457493539256076,5.457493539256077,1.0],[0.6889713324133125,6.889713324133125,1.0],[0.3133089603750071,3.1330896037500713,1.0],[0.781346930988076,7.81346930988076,1.0],[0.7476684671478541,7.476684671478541,1.0],[0.694338776663945,6.943387766639449,1.0],[0.010283626574111193,0.10283626574111193,1.0],[0.7581500624990217,7.581500624990217,1.0],[0.8365660626079888,8.365660626079888,1.0],[0.8965297598339126,8.965297598339125,1.0],[0.42501586527499824,4.250158652749983,1.0],[0.29726573226441977,2.9726573226441975,1.0],[0.1892293583037329,1.8922935830373289,1.0],[0.7243244498868214,7.243244498868214,1.0],[0.8519753238078789,8.519753238078788,1.0],[0.10178542532455293,1.0178542532455293,1.0],[0.5249813114594203,5.249813114594203,1.0],[0.36905004287313525,3.6905004287313528,1.0],[0.14252011028375144,1.4252011028375144,1.0],[0.9116619067804255,9.116619067804255,1.0],[0.54316015559511,5.4316015559511,1.0],[0.4203904144024305,4.203904144024305,1.0],[0.8163513162724128,8.163513162724128,1.0],[0.8589171046239985,8.589171046239985,1.0],[0.7596233819507995,7.596233819507995,1.0],[0.8852403456386315,8.852403456386316,1.0],[0.14006433750837965,1.4006433750837965,1.0],[0.7153091891141413,7.153091891141413,1.0],[0.4033601431159366,4.033601431159366,1.0],[0.3246442732123802,3.246442732123802,1.0],[0.610505749299754,6.10505749299754,1.0],[0.9436716318473461,9.436716318473461,1.0],[0.22542293193962482,2.254229319396248,1.0],[0.22792853612720076,2.2792853612720076,1.0],[0.3202161638777423,3.202161638777423,1.0],[0.9471716155913338,9.471716155913338,1.0],[0.06517330654168263,0.6517330654168263,1.0],[0.5318417096543258,5.318417096543257,1.0],[0.060458432800693074,0.6045843280069307,1.0],[0.0568250937122835,0.568250937122835,1.0],[0.05525076001007523,0.5525076001007523,1.0],[0.08040862393544657,0.8040862393544657,1.0],[0.45414991337399147,4.541499133739915,1.0],[0.5398206863735848,5.398206863735848,1.0],[0.9620202223629081,9.62020222362908,1.0],[0.4443670125830569,4.443670125830569,1.0],[0.4943162252029675,4.9431622520296745,1.0],[0.301158822820192,3.01158822820192,1.0],[0.03764467466094412,0.3764467466094412,1.0],[0.32502817216022195,3.2502817216022195,1.0],[0.6923405421469611,6.92340542146961,1.0]]
1_Brandimarte_12_workers.fjs;1208.9983843196258;1249080;[0,27,114,167,189,447,11,42,55,361,417,432,67,125,151,232,288,365,81,169,246,307,381,403,428,450,0,224,251,272,285,367,445,532,187,210,332,351,432,465,499,206,224,324,351,427,0,156,205,383,482,551,63,88,117,149,501,547,88,189,200,359,383,0,85,107,463,491,20,98,160,181,325,405,452,27,52,304,335,363,20,43,80,349,513,70,80,136,147,270,442,52,101,147,156,249,345,460,540,11,87,283,319,371,381,413,106,130,142,198,267,220,267,295,304,345,450,478,514,556,58,69,205,224,247,307,496,540,0,117,168,221,251,478,500,26,200,274,295,385,526,70,89,167,200,314,324,345,395,29,129,185,201,296,307,392,65,149,236,304,327,364,414,491,526,0,69,158,348,359,382,29,52,182,351,404,129,208,270,316,393,405,43,125,266,428,478,65,114,381,393,413,423];[9,8,9,6,0,7,2,8,4,6,0,9,0,4,2,7,3,8,1,2,5,7,7,6,5,2,3,4,3,5,7,4,9,7,3,6,2,0,4,7,7,4,9,6,8,7,2,6,3,1,7,6,9,6,8,7,6,5,9,6,8,1,2,4,7,5,6,9,5,6,0,7,4,7,6,9,2,6,5,7,6,5,5,4,6,5,4,6,3,9,6,9,4,6,4,7,1,4,8,6,2,9,9,6,0,6,7,1,0,0,0,7,4,6,2,3,5,1,7,7,6,1,9,5,6,9,4,6,6,5,3,6,4,4,5,4,7,6,4,4,4,2,0,7,6,6,3,7,0,6,9,9,5,9,5,6,3,5,9,1,7,3,4,6,5,8,6,9,9,9,8,1,0,4,6,5,7,0,3,2,7,9,7,6,7,2,5,7,6,6,5,2,8];[5,9,3,10,1,5,14,8,0,11,8,2,13,2,8,9,1,0,2,8,10,13,5,12,10,1,6,1,8,10,0,4,12,8,2,14,1,2,8,8,3,11,7,2,12,5,1,1,8,12,2,1,9,7,8,10,5,10,0,14,12,6,1,7,1,8,11,0,12,6,11,7,14,0,2,13,7,5,13,14,3,4,3,1,11,7,4,9,6,8,14,9,11,14,2,7,8,13,11,12,12,7,4,12,13,4,4,8,4,13,2,3,6,8,9,3,4,1,4,5,14,1,2,13,3,4,10,13,8,14,4,2,2,12,8,7,1,11,3,7,5,14,10,5,14,5,8,10,8,5,13,8,7,6,11,11,12,11,4,8,12,3,2,13,14,14,10,14,5,5,3,3,3,6,0,11,11,10,1,7,9,13,12,6,12,11,6,6,6,2,5,12,13];[[0.7773566427005639,7.7735664270056395,1.0],[0.6698255595592497,6.698255595592498,1.0],[0.09913960392481702,0.9913960392481702,1.0],[0.35297051119014544,3.529705111901454,1.0],[0.4679077429008419,4.679077429008419,1.0],[0.5346837414708775,5.346837414708775,1.0],[0.9783090609123973,9.783090609123974,1.0],[0.13031535015865903,1.3031535015865903,1.0],[0.6712434682302663,6.712434682302662,1.0],[0.36422941594737557,3.6422941594737557,1.0],[0.48883570716198577,4.888357071619858,1.0],[0.20301221073405373,2.0301221073405373,1.0],[0.6661983755713592,6.661983755713592,1.0],[0.2276630312069321,2.276630312069321,1.0],[0.4580640582967631,4.580640582967631,1.0]]
1_Brandimarte_12_workers.fjs;1201.8936328177522;3468920;[51,79,408,458,480,549,0,45,96,286,321,372,16,71,96,193,348,383,19,58,98,144,180,221,231,252,0,19,98,325,385,414,431,505,0,36,298,357,386,487,540,0,39,94,337,423,41,227,257,277,315,537,0,46,71,226,410,496,67,153,164,198,261,155,209,226,382,420,0,23,148,264,506,529,556,107,132,255,304,367,143,403,413,471,501,12,132,181,277,395,528,28,58,121,269,298,316,489,506,27,37,156,265,296,307,344,57,156,193,334,397,45,130,201,226,238,277,304,349,406,132,143,231,255,307,383,439,546,16,27,48,68,114,251,456,201,244,276,336,357,436,114,132,167,211,265,299,331,373,174,201,220,437,461,471,490,79,125,169,198,281,316,431,480,519,83,164,291,321,334,461,120,244,295,372,382,78,209,373,420,443,456,0,47,125,270,471,22,204,334,348,358,398];[9,5,9,6,0,7,8,8,4,6,0,9,0,4,2,7,3,8,1,8,7,7,7,6,5,2,3,4,3,5,7,4,9,7,6,6,2,0,4,7,5,4,9,6,5,7,2,4,3,1,7,6,9,4,8,7,6,5,3,6,5,8,2,4,7,8,6,3,5,2,0,7,4,7,6,9,2,6,5,7,6,5,5,4,6,8,9,4,3,9,6,9,6,6,4,7,1,4,2,6,0,9,9,6,0,6,7,1,0,2,0,7,4,6,2,3,5,1,7,7,6,1,6,5,6,9,0,6,6,5,3,6,4,4,7,5,7,6,0,4,6,2,0,7,6,6,3,7,0,6,3,9,5,4,7,6,9,5,9,1,7,3,4,6,5,8,6,9,4,9,5,8,0,4,6,5,7,0,3,6,7,9,7,6,7,2,5,7,4,6,5,2,8];[6,4,6,10,6,5,10,13,0,10,8,13,8,10,8,13,11,13,1,3,3,5,4,12,14,6,1,5,11,12,5,12,14,8,8,14,2,6,8,5,8,2,7,2,11,8,9,13,14,14,11,10,0,5,14,10,1,13,12,0,11,1,2,7,9,2,11,1,14,2,10,8,7,4,6,13,7,3,13,14,0,0,4,8,11,3,6,3,0,6,7,9,11,2,12,10,9,12,0,14,0,12,3,8,4,13,8,14,4,7,2,4,9,7,9,9,9,1,4,14,13,12,7,13,7,12,1,12,6,11,2,2,9,12,7,8,5,4,1,2,10,6,10,0,7,0,0,4,4,8,12,0,9,12,0,11,7,3,1,6,2,5,0,13,14,14,13,3,10,5,3,11,10,6,0,3,11,13,6,11,4,11,12,12,8,11,3,13,14,6,10,12,13];[[0.7966509679599704,7.966509679599704,1.0],[0.05862623274803458,0.5862623274803458,1.0],[0.7602397739740907,7.602397739740907,1.0],[0.8627037401845356,8.627037401845355,1.0],[0.09127403464611428,0.9127403464611428,1.0],[0.9024924365975527,9.024924365975528,1.0],[0.7858960565941281,7.858960565941281,1.0],[0.40667966546103385,4.0667966546103385,1.0],[0.37447264465852026,3.7447264465852026,1.0],[0.6490262282913547,6.490262282913547,1.0],[0.40092466608569977,4.009246660856998,1.0],[0.5721109226277574,5.721109226277575,1.0],[0.6077930620255084,6.077930620255084,1.0],[0.05072389565884072,0.5072389565884072,1.0],[0.7370880093375713,7.370880093375714,1.0]]
1_Brandimarte_12_workers.fjs;1218.5435485740002;154280;[28,219,254,308,487,540,59,90,263,349,373,465,21,49,145,323,339,367,0,133,172,234,293,313,346,535,103,162,189,208,272,293,311,499,72,172,202,226,421,452,545,29,57,142,317,558,49,111,225,254,384,478,53,73,84,254,441,455,162,281,292,335,539,0,26,99,218,377,11,281,327,402,492,520,561,205,245,303,377,421,64,229,356,446,534,79,189,236,359,403,524,75,105,124,135,199,394,510,527,95,163,246,327,387,397,412,79,117,348,363,412,65,85,133,145,282,339,357,470,488,53,131,323,398,451,481,492,513,26,49,162,358,387,464,505,0,133,271,327,357,403,0,65,120,182,192,208,305,513,0,245,268,311,417,429,487,0,59,74,103,216,282,335,397,478,64,115,133,230,241,263,13,174,190,499,523,152,210,264,388,439,452,43,84,101,120,172,0,210,292,303,327,369];[9,5,9,4,2,7,2,5,4,6,0,9,0,4,2,7,3,5,1,8,7,7,7,6,5,0,3,4,3,5,7,4,9,5,3,6,6,0,4,7,5,6,9,6,8,7,2,4,3,1,7,6,3,6,2,7,6,5,9,6,5,1,2,4,7,5,6,3,5,2,0,7,4,7,6,9,2,6,5,7,6,5,7,4,6,8,4,4,3,9,6,4,6,6,4,7,1,4,2,6,2,6,9,6,0,6,7,1,0,0,0,7,4,6,8,9,7,1,7,7,6,1,6,5,6,4,0,6,4,5,3,6,4,4,7,5,7,6,4,4,4,2,0,7,6,6,3,7,0,6,3,9,5,9,5,6,9,8,9,1,7,3,5,6,5,1,6,9,9,9,5,1,0,9,6,5,7,0,3,2,7,9,7,6,7,2,5,7,4,6,8,2,1];[3,10,6,12,8,4,8,2,0,7,4,1,8,9,8,13,13,8,4,8,7,13,5,13,14,6,1,5,8,8,8,6,10,6,2,6,1,1,10,11,5,7,5,10,6,8,1,13,7,5,0,8,7,13,14,10,13,10,13,4,11,9,0,7,9,8,3,14,13,0,10,11,0,4,6,13,7,3,13,14,3,2,12,9,11,6,12,11,11,1,8,7,11,8,4,7,6,12,0,5,3,4,3,12,8,4,3,14,4,0,2,6,4,12,14,9,0,1,4,12,11,1,8,13,7,9,5,3,1,14,2,6,1,6,7,1,11,4,1,2,0,6,12,2,14,1,0,1,13,5,12,5,9,3,5,11,14,1,1,7,6,3,5,7,14,11,5,2,5,5,7,2,3,9,14,14,11,12,1,4,11,0,12,12,12,3,11,8,9,12,8,12,5];[[0.5209484070219088,5.209484070219088,1.0],[0.42125020101147315,4.212502010114731,1.0],[0.22094517308324657,2.2094517308324657,1.0],[0.13033708391670573,1.3033708391670573,1.0],[0.48395776843282956,4.839577684328296,1.0],[0.6260889663051598,6.260889663051597,1.0],[0.6211218319323739,6.21121831932374,1.0],[0.707277595965894,7.07277595965894,1.0],[0.43539590023548325,4.3539590023548325,1.0],[0.04809800715767443,0.4809800715767443,1.0],[0.2254847064342842,2.254847064342842,1.0],[0.788548045160999,7.88548045160999,1.0],[0.42108890435006496,4.21088904350065,1.0],[0.5652029481252892,5.6520294812528915,1.0],[0.6764042610645917,6.764042610645918,1.0]]
1_Brandimarte_12_workers.fjs;1164.0769537376348;515770;[86,274,399,491,510,530,0,112,321,347,387,481,55,76,102,207,301,328,0,30,77,103,262,385,395,538,0,26,64,102,123,185,347,482,31,49,130,246,368,393,417,168,185,297,340,492,64,126,280,301,357,492,109,200,226,293,432,506,86,226,315,342,376,0,243,289,357,444,55,147,164,274,393,411,472,0,109,193,296,512,20,44,161,445,512,121,276,296,339,373,539,53,118,164,250,329,347,510,527,0,76,273,304,337,361,444,20,160,200,447,463,40,141,183,193,214,243,269,311,448,60,173,271,318,395,445,464,501,9,20,44,234,411,427,464,149,186,214,224,339,527,13,40,55,70,137,207,373,402,80,130,331,351,415,431,481,18,103,115,147,169,224,269,327,374,20,224,243,362,386,447,0,185,289,422,527,0,86,151,238,479,512,147,203,224,313,457,68,173,260,302,492,502];[9,8,9,4,0,7,2,5,4,6,0,9,0,4,2,7,3,8,1,8,5,7,7,6,5,0,3,4,3,4,7,4,9,5,6,6,2,0,4,7,5,4,9,6,5,7,2,6,3,1,7,6,3,4,2,7,6,5,3,4,8,8,0,4,7,8,6,3,5,6,0,7,4,7,6,9,6,6,5,7,6,5,5,4,6,5,4,4,3,9,6,4,4,6,4,7,1,4,2,6,0,9,9,6,0,6,7,1,0,0,4,7,4,6,2,9,5,1,7,7,6,1,6,5,6,9,0,6,6,5,3,6,4,4,7,5,7,6,0,4,4,2,0,7,6,6,3,7,0,6,3,9,5,9,7,6,3,5,9,1,7,3,5,6,5,1,6,9,9,9,5,8,0,9,6,5,7,0,3,2,7,9,7,6,7,2,5,7,6,6,8,0,1];[3,5,9,12,2,4,1,2,0,11,8,6,8,2,8,2,11,12,2,8,10,13,5,13,3,8,6,3,11,4,7,11,8,14,10,13,5,6,1,11,0,9,13,6,3,5,1,4,3,8,11,8,5,1,14,9,6,0,12,3,9,13,6,7,14,4,3,6,10,2,10,13,0,4,6,13,14,3,0,14,9,4,4,8,11,0,0,1,0,8,14,6,1,8,7,14,1,12,8,14,3,8,14,11,0,13,12,6,4,0,1,2,1,7,10,9,13,6,4,5,3,1,14,13,7,12,5,10,14,6,1,2,5,12,7,5,0,6,0,2,5,8,12,0,7,8,0,4,13,5,13,8,7,1,10,11,1,9,12,8,2,13,3,7,14,14,11,4,5,5,3,4,4,5,14,3,11,9,3,11,13,10,12,9,8,8,12,6,8,12,13,11,7];[[0.49734142093980327,4.973414209398033,1.0],[0.35999045686025677,3.5999045686025677,1.0],[0.7220617567237175,7.220617567237175,1.0],[0.44672126724761885,4.4672126724761885,1.0],[0.4533596515962979,4.533596515962978,1.0],[0.025925678678183073,0.25925678678183073,1.0],[0.33490089376309407,3.3490089376309404,1.0],[0.4755440242737675,4.755440242737675,1.0],[0.45132356511490823,4.513235651149082,1.0],[0.08788974506102976,0.8788974506102976,1.0],[0.29509671683068217,2.9509671683068217,1.0],[0.33863234208051063,3.3863234208051063,1.0],[0.9020959027552419,9.020959027552419,1.0],[0.7173473735926632,7.173473735926632,1.0],[0.8986159167700656,8.986159167700656,1.0]]
1_Brandimarte_12_workers.fjs;1119.1444957936749;841710;[64,129,164,253,432,443,0,57,126,207,300,346,63,199,248,308,430,492,25,38,71,95,115,160,250,291,12,62,91,144,221,306,358,373,110,149,181,219,233,291,516,89,334,428,466,496,0,56,149,168,186,330,25,67,267,324,386,470,38,81,186,289,361,0,169,186,350,377,64,87,183,261,290,342,377,0,106,278,324,410,120,196,345,412,466,10,106,170,248,373,521,27,101,129,159,244,261,355,453,20,53,150,306,339,460,493,12,51,204,219,261,0,37,92,199,239,298,324,362,480,11,38,51,87,180,382,392,417,0,138,168,216,321,337,428,0,53,138,239,430,460,228,260,278,300,320,330,380,412,29,128,232,275,372,423,455,89,110,121,150,203,221,239,396,449,70,111,179,208,219,479,221,276,290,310,399,149,169,196,342,398,410,127,406,461,480,499,33,242,289,301,432,442];[9,8,9,6,0,7,8,8,4,6,0,9,0,4,2,7,3,8,1,2,7,7,7,6,5,0,3,4,9,4,7,4,9,5,3,6,2,0,4,7,7,4,9,6,8,7,0,6,3,1,7,6,9,6,2,7,6,5,3,6,8,8,2,4,7,5,6,3,5,2,0,7,4,7,6,9,2,6,5,7,6,5,5,4,6,5,4,6,9,9,6,4,6,6,4,7,1,4,8,6,0,9,9,6,0,6,7,1,0,2,4,7,4,6,8,3,5,1,7,7,6,1,9,5,6,4,0,6,6,5,3,6,4,4,7,5,7,6,0,4,4,2,0,7,6,6,3,7,0,6,3,9,5,4,5,6,3,5,9,1,7,3,5,6,5,8,6,9,9,9,8,8,0,9,6,5,7,0,3,2,7,9,7,6,7,2,5,7,6,6,8,2,8];[5,3,3,6,3,4,0,13,0,3,8,6,8,9,0,13,1,12,13,1,2,6,5,12,3,0,0,3,12,7,6,6,8,11,2,12,5,7,11,10,3,9,2,2,1,5,5,2,5,5,13,10,5,1,14,9,12,7,13,14,9,1,0,14,9,8,2,0,12,7,11,8,14,4,1,13,7,1,13,14,3,0,3,1,0,1,0,14,9,6,12,6,11,14,8,7,7,12,13,12,7,9,2,10,9,13,2,1,4,3,5,10,9,0,10,5,11,6,4,5,6,12,12,13,6,14,1,9,8,14,4,2,5,12,7,3,6,1,1,9,12,9,10,0,9,8,8,10,11,8,13,0,7,12,5,11,3,14,4,0,12,1,3,2,14,14,3,2,5,5,14,12,11,4,14,10,11,1,8,9,9,2,12,12,8,9,8,7,4,9,3,11,13];[[0.4211249061401,4.211249061401,1.0],[0.9761073344853062,9.761073344853061,1.0],[0.6132800246752349,6.132800246752349,1.0],[0.6930423279788359,6.930423279788359,1.0],[0.5088628354481554,5.088628354481553,1.0],[0.18781156668551158,1.8781156668551158,1.0],[0.830121874145001,8.301218741450011,1.0],[0.8449241651217704,8.449241651217704,1.0],[0.20962821201639004,2.0962821201639006,1.0],[0.6505169872996391,6.505169872996391,1.0],[0.7003316191510263,7.003316191510263,1.0],[0.7150339547653067,7.150339547653068,1.0],[0.8091072451390076,8.091072451390076,1.0],[0.8451978833841938,8.451978833841938,1.0],[0.3695849781386673,3.695849781386673,1.0]]
1_Brandimarte_12_workers.fjs;1087.246608072505;185510;[80,158,252,317,356,448,23,84,185,205,221,339,27,133,192,242,334,499,35,48,60,154,192,280,400,424,58,158,229,257,276,353,369,424,0,57,68,176,369,482,500,37,54,117,144,222,48,165,199,221,315,411,91,176,186,204,223,269,37,154,383,410,422,203,366,396,421,463,0,41,58,259,299,331,369,55,162,316,356,383,19,91,185,388,477,0,39,66,269,295,360,27,229,349,396,431,448,463,479,0,9,26,134,327,338,449,98,148,235,434,444,22,108,186,222,315,351,366,413,466,9,22,161,212,243,351,403,504,0,140,251,290,336,424,473,23,121,144,154,274,444,36,96,141,195,270,280,297,479,90,161,195,234,257,292,338,0,93,108,134,174,297,345,378,448,0,214,224,315,326,363,48,81,209,233,378,78,111,180,234,401,413,0,30,59,121,320,39,68,79,198,320,378];[9,8,4,4,2,7,2,5,4,6,0,9,0,4,2,7,3,5,1,8,5,7,7,6,5,0,3,4,3,5,7,4,9,5,3,6,2,0,4,7,7,4,4,6,8,7,0,6,3,1,7,6,3,6,8,7,6,5,3,6,8,8,2,4,7,8,6,9,5,6,0,7,4,7,6,9,2,6,5,7,6,4,5,6,6,8,9,4,9,9,6,4,4,6,4,7,1,4,8,6,2,9,9,6,0,6,7,1,0,0,0,7,4,6,2,3,7,1,7,7,6,1,9,5,6,9,0,6,4,5,3,6,4,4,5,5,7,6,0,4,4,2,0,7,6,6,3,7,4,6,3,9,5,9,5,6,9,8,9,1,7,3,5,6,5,1,6,9,9,9,8,1,0,9,6,5,7,0,3,2,7,9,7,6,7,2,5,7,6,6,8,2,1];[6,9,10,1,8,5,1,2,0,7,12,10,8,10,8,9,13,8,11,8,8,13,5,12,11,8,0,3,11,14,3,10,4,14,2,12,5,11,12,11,3,5,2,2,6,8,0,1,12,9,11,12,14,1,10,10,4,1,14,4,9,1,10,11,9,8,3,1,1,6,3,8,0,4,6,13,7,10,0,14,9,3,3,7,0,9,3,14,9,1,7,14,1,5,0,7,7,14,13,14,5,7,12,6,1,13,11,7,4,13,2,0,9,4,10,9,4,1,4,5,3,12,2,13,6,3,5,6,8,11,2,2,12,1,8,11,1,13,0,13,1,9,12,0,1,5,0,4,12,8,12,4,7,7,7,11,13,2,5,7,8,5,8,2,12,11,3,3,5,5,3,4,4,2,0,1,11,6,12,14,9,2,12,13,9,11,3,7,1,9,13,7,5];[[0.4831103964860096,4.831103964860096,1.0],[0.9021829992468611,9.02182999246861,1.0],[0.5374571935128641,5.374571935128642,1.0],[0.8761340971511191,8.761340971511192,1.0],[0.573156942708234,5.7315694270823405,1.0],[0.994523847851402,9.945238478514021,1.0],[0.3574465703190305,3.574465703190305,1.0],[0.6617299629663892,6.617299629663892,1.0],[0.4882872262788658,4.882872262788657,1.0],[0.5726412824777106,5.726412824777106,1.0],[0.32388398325139345,3.2388398325139347,1.0],[0.8072354510963532,8.072354510963532,1.0],[0.8087324055796944,8.087324055796945,1.0],[0.660852452150834,6.60852452150834,1.0],[0.5802577271631468,5.802577271631469,1.0]]
1_Brandimarte_12_workers.fjs;1198.610503525013;4031840;[25,100,189,431,478,547,35,166,238,290,388,437,0,94,120,222,293,312,0,20,31,86,145,173,445,467,0,16,54,121,158,463,498,541,0,32,43,110,138,204,395,121,256,404,431,448,258,274,336,375,494,557,120,153,193,342,373,383,139,393,472,511,532,43,272,293,336,395,197,219,293,410,428,472,520,0,60,163,173,252,83,110,179,445,472,132,173,212,339,424,463,154,209,281,298,324,361,411,499,144,161,204,217,363,373,529,21,183,278,489,518,42,69,135,194,239,322,349,377,513,92,208,228,252,299,380,414,453,43,75,100,183,364,478,530,0,106,219,256,339,391,0,86,239,252,271,356,428,477,54,101,165,219,324,417,499,43,64,126,195,360,383,406,510,520,180,262,271,366,377,485,22,35,82,383,467,125,145,161,178,312,324,64,185,293,453,494,0,20,326,349,404,443];[9,5,9,6,2,7,8,8,4,6,0,9,0,4,6,7,3,5,1,2,5,7,7,6,5,0,6,4,9,5,7,4,4,5,3,6,2,0,4,7,7,4,4,6,8,7,2,4,3,1,7,6,3,6,8,7,6,5,3,6,8,1,2,4,7,5,6,9,5,2,0,7,4,7,6,9,2,6,5,7,6,5,7,4,6,5,9,4,9,9,6,9,6,6,4,7,1,4,2,6,0,9,9,6,0,6,7,1,0,2,4,7,4,6,2,3,5,1,7,7,6,1,6,5,6,4,0,6,6,5,9,6,4,4,7,5,7,6,0,4,4,2,0,7,6,6,3,7,0,6,3,4,5,4,5,6,3,5,9,1,7,3,5,6,5,8,6,9,9,9,8,8,0,9,6,5,7,0,3,2,7,9,7,4,7,2,5,7,6,6,5,2,1];[3,6,3,10,6,12,4,6,0,3,11,4,9,2,9,9,1,8,0,7,10,13,7,12,7,3,10,1,3,4,5,6,2,1,8,12,2,6,12,13,3,8,12,2,3,0,9,13,7,12,14,8,7,1,6,9,13,1,13,0,12,5,9,13,1,8,2,4,10,0,10,0,7,0,6,13,7,3,8,8,3,8,9,9,11,0,3,14,12,8,12,6,11,11,11,14,7,12,5,14,8,7,6,11,0,13,8,12,4,12,2,11,9,4,14,9,8,1,4,3,3,12,3,13,6,10,11,12,6,1,1,2,8,2,12,3,10,8,0,13,10,6,12,2,1,2,0,6,9,5,12,14,7,7,5,11,12,2,6,0,14,13,5,13,14,11,3,14,5,5,3,9,0,11,14,13,11,4,2,4,9,13,12,5,12,10,0,7,12,6,14,11,5];[[0.34661995661142697,3.4661995661142697,1.0],[0.2286410960833074,2.286410960833074,1.0],[0.012392470279078194,0.12392470279078194,1.0],[0.9308270259025113,9.308270259025113,1.0],[0.3225145761620236,3.225145761620236,1.0],[0.0006954578022455582,0.006954578022455582,1.0],[0.2097170717940725,2.097170717940725,1.0],[0.5179602272351016,5.179602272351016,1.0],[0.7628222106217201,7.6282221062172,1.0],[0.3089717897377221,3.089717897377221,1.0],[0.15113122452813788,1.5113122452813788,1.0],[0.07045772229012492,0.7045772229012492,1.0],[0.8725064026541692,8.725064026541693,1.0],[0.3074981421409557,3.074981421409557,1.0],[0.272859759997538,2.7285975999753798,1.0]]
1_Brandimarte_12_workers.fjs;1117.7585464890092;658610;[51,81,194,215,312,510,30,93,150,195,246,280,71,231,256,367,471,510,0,51,103,129,152,167,203,431,39,123,170,191,251,300,321,336,79,204,215,232,273,332,386,67,112,351,426,490,0,9,198,223,290,320,123,245,275,384,425,463,0,50,153,162,282,0,199,216,265,361,129,187,329,402,418,435,462,26,112,157,167,233,186,225,308,382,435,174,250,316,341,393,509,0,26,93,168,216,235,341,473,0,62,266,366,405,460,481,20,50,108,440,481,40,73,102,131,152,266,295,349,418,58,88,223,236,293,399,411,471,47,64,85,131,256,329,457,0,94,122,261,357,447,12,30,115,225,255,265,472,490,20,198,236,295,406,484,518,18,95,153,184,273,295,382,415,438,101,177,336,435,447,460,64,93,184,215,364,0,46,62,168,187,308,72,111,165,293,417,52,100,235,411,450,509];[9,8,4,4,2,7,2,5,4,6,0,9,0,4,2,7,3,5,1,8,5,7,7,6,5,0,3,4,3,5,7,4,9,5,3,6,2,0,4,7,5,6,9,6,8,7,0,6,9,1,7,6,9,6,2,7,6,5,3,4,5,8,0,4,7,8,6,3,5,2,0,7,4,7,6,9,2,6,5,7,6,5,7,6,6,8,9,4,3,9,6,9,4,6,4,7,1,4,8,6,0,9,9,6,0,6,7,1,0,0,4,7,4,6,2,3,5,1,7,7,6,1,9,5,6,4,0,6,6,5,9,6,4,6,7,5,7,6,0,4,4,2,0,7,6,6,3,7,0,6,3,9,5,9,5,6,3,8,9,1,7,3,4,6,5,1,6,9,4,9,8,1,0,9,6,5,7,0,3,2,7,9,7,6,7,2,5,7,4,6,8,0,8];[10,3,6,4,11,4,4,6,0,7,8,13,9,10,0,2,1,8,5,13,10,5,4,14,3,6,6,1,10,13,9,10,12,9,2,2,1,5,2,8,9,6,12,1,3,8,9,4,11,11,0,10,12,1,6,10,4,0,14,2,11,13,1,13,9,6,11,0,3,14,10,6,7,0,1,13,7,14,8,14,3,3,7,1,11,11,3,14,5,8,7,0,11,11,6,7,3,7,2,12,12,4,12,12,10,13,12,11,4,9,14,12,1,8,0,5,3,6,4,14,6,13,12,13,8,3,0,14,14,11,7,2,12,1,7,6,0,0,1,13,2,6,10,2,9,5,8,4,1,8,12,4,9,5,5,11,3,5,12,2,14,3,6,13,12,14,3,3,14,5,3,0,4,12,0,14,11,9,8,0,9,0,12,13,9,11,8,7,1,6,3,4,13];[[0.8559393885152179,8.55939388515218,1.0],[0.8004839408308784,8.004839408308783,1.0],[0.5938433496209707,5.938433496209708,1.0],[0.8870093324131678,8.870093324131679,1.0],[0.741558169706834,7.4155816970683395,1.0],[0.8097670389513107,8.097670389513107,1.0],[0.2247324103169328,2.247324103169328,1.0],[0.9761818800633866,9.761818800633865,1.0],[0.6339038774096737,6.339038774096737,1.0],[0.5580285642552777,5.580285642552777,1.0],[0.4463526500656817,4.463526500656817,1.0],[0.28336462923826333,2.8336462923826335,1.0],[0.9019880415639555,9.019880415639555,1.0],[0.03268507148422006,0.32685071484220063,1.0],[0.4362825217209084,4.3628252172090844,1.0]]
1_Brandimarte_12_workers.fjs;1148.0312556718964;274260;[12,42,124,227,305,404,59,143,209,232,371,491,0,45,71,175,216,320,22,249,368,422,442,474,484,505,0,18,48,67,121,194,226,243,27,80,136,254,333,454,527,0,41,278,305,491,22,170,194,221,269,375,88,169,180,352,484,512,69,100,153,264,277,71,192,209,347,375,18,153,351,388,426,471,494,95,120,147,305,334,190,243,278,380,398,99,174,307,395,413,465,0,27,48,144,226,416,492,508,91,157,282,296,324,335,514,99,121,386,401,514,45,97,136,147,180,216,269,298,316,37,48,146,194,251,324,401,455,58,120,240,426,455,472,512,0,156,222,232,277,360,42,71,143,180,241,305,370,398,0,159,266,416,439,450,503,67,110,120,146,209,236,357,384,394,31,335,450,480,502,515,10,57,159,200,335,58,167,198,245,285,360,0,69,80,99,254,22,157,211,234,337,394];[9,8,4,4,0,7,2,5,4,6,0,9,0,4,2,7,3,8,1,8,5,7,7,6,5,0,3,4,3,5,7,4,9,7,3,6,2,0,4,7,7,4,9,6,8,7,0,4,9,1,7,6,3,6,8,7,6,5,9,6,5,8,0,4,7,8,6,3,5,2,0,7,4,7,6,9,6,6,5,7,6,5,5,4,6,5,9,4,3,9,6,9,6,6,4,7,1,4,2,6,0,9,9,6,0,6,7,1,0,2,4,7,4,6,8,3,5,1,7,7,6,1,9,5,6,9,0,6,6,5,9,6,4,4,7,5,7,6,0,4,4,2,0,7,6,6,6,7,4,6,3,9,5,9,5,6,3,5,9,1,7,3,5,6,5,8,6,9,9,9,8,8,0,9,6,5,7,0,3,2,7,9,7,6,7,2,5,7,6,6,8,2,1];[0,6,2,9,3,4,14,4,0,7,4,9,9,9,12,9,13,4,12,2,7,13,0,14,14,6,6,1,10,6,0,11,2,4,8,14,9,1,2,10,7,5,5,2,14,3,14,13,3,6,11,8,5,5,8,9,12,3,0,14,4,9,6,7,9,14,11,0,6,7,12,6,14,4,6,13,9,3,8,14,0,11,3,9,2,8,3,13,11,8,12,14,11,11,11,10,3,0,0,12,3,8,6,1,10,4,3,1,4,10,11,0,7,10,14,5,8,1,4,10,7,7,12,13,3,11,0,12,0,14,12,6,6,1,7,4,8,11,0,9,10,14,10,0,0,1,12,1,12,8,12,8,7,5,7,11,3,12,5,2,2,5,8,13,14,14,0,3,5,5,14,4,11,9,4,1,13,6,5,9,7,2,12,1,8,11,6,13,5,7,6,11,7];[[0.5198238265685563,5.198238265685563,1.0],[0.9583988744400509,9.583988744400509,1.0],[0.3402956357666065,3.402956357666065,1.0],[0.7081849781179302,7.081849781179303,1.0],[0.9252189405445452,9.252189405445453,1.0],[0.05032666735654623,0.5032666735654623,1.0],[0.6613275461751585,6.613275461751585,1.0],[0.82711411373077,8.271141137307701,1.0],[0.8734961127808921,8.734961127808921,1.0],[0.5913019030238962,5.913019030238962,1.0],[0.11264722490163037,1.1264722490163037,1.0],[0.34477784983246407,3.4477784983246407,1.0],[0.011377599382669468,0.11377599382669468,1.0],[0.7909742881977946,7.909742881977946,1.0],[0.3277964015146908,3.277964015146908,1.0]]
1_Brandimarte_12_workers.fjs;1133.7329559654333;300620;[136,233,374,455,474,518,28,168,272,293,302,461,0,26,173,224,240,301,29,42,128,192,212,313,323,353,21,94,121,140,152,173,188,458,39,254,265,282,390,429,466,51,202,217,345,481,0,144,191,278,296,424,140,247,308,365,414,435,0,121,382,393,406,0,54,191,350,435,107,150,168,330,417,446,492,29,132,180,277,312,29,38,71,290,323,0,188,265,279,305,466,54,118,137,211,240,308,337,390,49,121,168,318,445,483,503,257,296,317,332,497,22,68,146,156,214,243,320,347,413,59,70,156,201,377,435,448,481,38,49,100,191,374,435,501,95,108,128,210,308,505,11,51,95,108,244,277,395,413,0,65,93,150,266,356,434,0,223,240,266,279,319,345,404,414,11,70,109,236,448,469,83,332,353,455,482,73,95,173,191,383,417,0,89,173,210,505,34,79,302,359,374,458];[9,5,9,4,0,7,2,8,4,6,0,9,0,4,2,7,3,5,1,8,7,7,7,6,5,0,3,4,3,5,7,4,9,5,3,6,2,0,4,7,7,4,9,6,8,7,2,4,3,1,7,6,3,4,2,7,6,5,9,4,5,8,2,4,7,5,6,3,5,2,0,7,4,7,6,9,2,6,5,7,6,5,5,4,6,5,4,6,9,9,6,9,6,6,4,7,1,4,2,6,2,9,9,6,0,6,7,1,0,2,0,7,4,6,8,9,5,1,7,7,6,1,6,5,6,9,0,6,6,5,3,6,4,4,7,5,7,6,0,4,4,2,0,7,6,6,6,7,0,6,9,9,5,9,5,6,3,5,9,1,7,3,5,6,5,8,6,9,4,9,8,1,0,4,6,5,7,0,3,2,7,9,7,6,7,2,5,7,6,6,8,2,8];[11,6,14,12,1,4,4,10,0,5,4,2,1,10,8,13,11,8,11,12,2,6,1,12,12,0,6,3,10,10,8,6,11,14,2,12,2,12,2,10,3,1,7,2,12,8,14,13,3,6,11,12,1,10,1,9,12,13,11,4,6,7,4,13,14,8,2,0,13,14,5,8,0,4,0,13,7,1,8,14,3,5,4,1,11,0,10,8,9,6,6,9,11,8,8,7,13,0,8,5,3,14,9,12,2,9,3,12,4,3,2,12,11,5,10,10,0,6,4,5,7,12,3,13,3,14,11,3,8,3,1,2,8,6,12,9,5,0,0,7,7,8,10,0,10,2,10,1,1,5,5,8,7,13,10,11,3,12,5,6,14,1,5,13,14,14,2,14,4,5,0,2,10,14,7,7,13,6,7,0,9,2,12,1,9,11,11,0,14,2,6,0,13];[[0.18019241848515155,1.8019241848515155,1.0],[0.48736227300275514,4.873622730027551,1.0],[0.07759170039841756,0.7759170039841756,1.0],[0.5225667244081349,5.2256672440813485,1.0],[0.9196433340252647,9.196433340252646,1.0],[0.8762509611803474,8.762509611803473,1.0],[0.5029695910906639,5.029695910906638,1.0],[0.8160267976375112,8.160267976375112,1.0],[0.8059112000327816,8.059112000327817,1.0],[0.2140591090540045,2.140591090540045,1.0],[0.08805821114486456,0.8805821114486456,1.0],[0.20329737064426556,2.0329737064426556,1.0],[0.5837360924329463,5.837360924329463,1.0],[0.6737333796339059,6.737333796339059,1.0],[0.1608013027204077,1.6080130272040771,1.0]]
1_Brandimarte_14_workers.fjs;1416.1290876768676;2237800;[207,273,303,342,412,440,466,488,0,31,45,137,178,195,238,284,312,336,354,16,45,205,227,520,571,589,622,80,157,266,364,379,400,418,491,506,534,48,133,157,200,276,467,496,596,615,64,92,137,227,300,517,533,580,0,187,283,324,349,364,400,619,83,133,257,372,413,429,473,547,580,592,609,144,155,241,255,299,318,371,488,560,598,638,109,174,195,222,377,460,556,574,589,598,108,176,194,252,294,350,497,551,574,607,17,45,81,137,174,264,476,551,0,48,158,201,227,254,303,411,543,556,627,25,88,98,115,133,342,394,486,529,22,65,81,98,216,246,278,312,529,623,0,45,107,227,368,450,476,486,536,0,54,149,285,357,562,633,649,54,69,247,271,299,324,376,401,450,119,173,191,264,284,323,342,382,475,643,83,133,158,179,189,376,408,506,0,220,339,368,440,567,586,609,54,117,246,282,363,441,517,580,80,114,131,194,246,304,408,434,24,64,80,99,117,216,450,486,534,636,649,0,70,189,210,227,252,278,358,507,165,179,216,233,429,446,475,509,13,31,48,64,99,134,376,400,533,596,62,227,331,350,369,426,509,551,16,27,98,205,276,349,457,485,546,598,0,82,98,113,163,189,318,332,525,592,609];[8,9,11,11,12,8,8,1,4,13,12,4,13,14,9,13,8,6,7,12,9,11,0,0,12,10,13,9,6,8,3,11,1,9,13,4,3,14,0,8,7,4,11,10,9,6,13,10,9,10,5,11,7,12,7,1,11,4,3,4,11,10,13,13,4,12,11,4,10,0,0,11,4,10,11,13,5,13,6,0,8,4,1,12,5,9,13,11,13,12,13,3,3,0,9,8,2,7,3,13,5,11,13,13,9,5,11,8,12,1,4,3,9,11,12,12,13,13,12,10,13,8,11,10,12,0,13,1,1,13,3,9,8,11,10,13,4,1,12,14,8,0,8,13,4,8,1,4,0,14,10,14,7,13,1,12,10,6,12,10,12,8,13,4,11,4,4,11,8,11,9,11,14,1,10,8,5,11,4,12,7,0,11,10,8,13,13,9,14,8,12,11,8,12,4,12,11,8,13,13,5,9,3,11,6,8,4,1,13,9,7,3,8,1,10,0,12,0,4,13,13,10,5,0,13,7,12,3,11,10,13,7,5,14,11,10,13,0,13,11,3,6,8,14,9,10,11,5,9,3,13,5,6,13,8,9,3,4,11,0,7,8,13,9,12,3,3,6,12,3,4,4,13,12,13,13,11];[17,0,0,5,3,18,13,15,9,2,17,10,20,1,0,1,19,16,12,17,12,3,21,9,13,17,19,20,9,7,3,9,12,7,21,4,4,6,18,18,5,4,2,10,18,6,11,16,4,19,12,13,10,8,18,11,18,7,9,17,2,16,7,6,15,13,17,19,0,8,4,3,10,3,5,21,0,20,1,14,20,3,16,20,11,17,18,4,11,17,1,17,16,1,21,14,14,4,13,18,13,17,19,0,0,20,10,9,19,11,16,18,19,13,17,6,6,1,18,20,15,7,18,4,14,11,2,0,1,15,8,20,1,1,13,6,12,14,10,5,0,11,14,9,10,15,7,4,8,5,14,11,8,20,17,6,6,4,19,18,18,6,15,3,21,19,3,19,4,11,9,9,15,20,14,4,3,18,1,1,13,13,8,17,15,6,2,9,8,2,4,16,13,8,4,18,12,6,15,14,8,7,12,19,20,2,7,2,8,6,5,21,0,18,3,10,0,18,12,7,10,3,14,15,19,5,10,19,4,17,20,6,8,18,11,10,11,11,6,6,0,5,9,21,12,9,19,7,16,10,2,20,18,10,20,4,13,8,4,8,12,7,3,2,20,21,17,17,3,17,15,16,9,19,7,14,15];[[0.7773566427005639,7.7735664270056395,1.0],[0.6698255595592497,6.698255595592498,1.0],[0.09913960392481702,0.9913960392481702,1.0],[0.35297051119014544,3.529705111901454,1.0],[0.4679077429008419,4.679077429008419,1.0],[0.5346837414708775,5.346837414708775,1.0],[0.9783090609123973,9.783090609123974,1.0],[0.13031535015865903,1.3031535015865903,1.0],[0.6712434682302663,6.712434682302662,1.0],[0.36422941594737557,3.6422941594737557,1.0],[0.48883570716198577,4.888357071619858,1.0],[0.20301221073405373,2.0301221073405373,1.0],[0.6661983755713592,6.661983755713592,1.0],[0.2276630312069321,2.276630312069321,1.0],[0.4580640582967631,4.580640582967631,1.0],[0.040722397554957435,0.40722397554957435,1.0],[0.9742897953778286,9.742897953778286,1.0],[0.4874760742689066,4.874760742689066,1.0],[0.4616138636373597,4.616138636373597,1.0],[0.7141471558082002,7.141471558082002,1.0],[0.4157281494999725,4.157281494999725,1.0],[0.888011688001529,8.88011688001529,1.0]]
1_Brandimarte_14_workers.fjs;1467.4541509430112;133230;[36,220,254,272,291,317,395,514,0,306,407,436,502,537,583,605,620,647,665,0,85,119,188,220,431,521,633,0,31,55,139,156,177,295,407,616,665,28,69,165,187,372,418,543,558,665,100,156,167,228,347,585,601,624,0,22,101,119,154,343,638,661,151,182,330,351,374,431,473,498,523,549,601,124,211,262,286,332,351,437,466,556,567,647,0,124,198,228,245,347,437,455,508,533,268,301,351,374,471,489,502,521,568,660,31,87,135,227,252,277,436,537,0,52,69,87,118,133,356,566,620,647,677,254,283,299,455,473,495,538,596,656,19,36,52,83,272,302,321,461,487,600,118,166,196,248,317,464,567,577,608,0,43,67,246,321,580,608,648,28,39,140,319,365,398,489,519,568,0,171,239,333,350,495,514,543,590,656,71,128,154,210,306,322,556,675,37,59,77,107,333,350,416,440,43,176,193,226,275,473,544,566,31,69,85,103,128,376,586,605,22,156,207,227,264,286,376,577,628,647,660,63,87,154,289,306,372,401,616,636,53,98,211,228,288,306,552,636,19,85,101,110,187,254,491,558,636,659,106,124,226,245,264,392,574,632,46,71,177,199,212,346,520,538,555,580,55,128,146,166,176,192,213,228,374,422,601];[8,9,11,11,12,4,8,1,4,13,12,8,13,4,9,13,8,6,7,2,9,11,0,0,12,5,13,9,6,8,3,11,1,9,13,0,3,14,0,8,7,4,11,10,4,6,13,10,4,10,5,11,7,12,7,1,11,0,12,4,3,10,13,13,8,13,11,14,5,0,0,11,9,10,11,13,8,13,6,0,8,0,1,3,10,9,13,11,13,12,13,3,3,0,9,8,2,7,3,13,5,11,13,13,9,10,11,8,12,12,4,11,13,11,12,12,13,13,1,5,13,8,11,10,3,0,13,1,12,13,3,9,8,11,10,13,4,1,3,14,8,0,8,13,4,8,12,4,0,14,10,14,7,13,1,1,10,6,12,10,12,8,13,8,11,9,4,11,8,3,9,11,14,1,10,8,5,11,8,12,7,0,11,5,8,13,13,9,14,5,12,11,8,12,4,12,11,4,13,13,5,9,3,11,6,8,4,1,13,4,7,3,8,1,5,0,3,0,9,13,12,10,5,0,13,7,12,3,11,10,13,7,5,14,11,10,13,0,13,11,12,6,8,14,4,10,11,5,9,3,13,5,6,13,8,4,3,4,11,0,7,8,13,9,12,3,3,6,1,12,0,9,13,12,13,13,11];[14,13,19,3,0,1,21,21,5,15,17,1,19,21,17,1,9,19,17,21,1,0,21,21,10,6,19,17,15,4,2,21,18,14,18,12,19,19,13,5,1,5,20,10,15,12,17,2,14,19,5,12,10,20,1,12,21,7,14,1,9,6,8,6,11,4,17,17,2,5,8,5,19,12,7,7,18,21,2,14,3,1,8,13,15,20,18,17,16,12,6,18,14,3,16,9,21,4,15,12,6,4,19,16,3,19,16,18,11,21,16,18,7,13,2,4,8,19,1,3,15,9,14,4,9,4,2,5,16,15,7,2,7,1,7,14,19,20,3,20,20,13,14,20,10,21,18,9,2,21,14,2,0,20,1,5,20,8,0,2,18,3,15,0,4,14,3,10,16,19,9,18,15,8,12,14,2,18,6,5,13,13,21,12,14,10,10,9,12,10,15,9,16,8,12,15,19,5,15,14,16,12,17,1,20,18,10,3,5,16,0,11,20,14,18,17,1,18,8,7,3,5,9,5,11,11,14,15,11,15,19,6,19,10,12,2,18,11,6,15,3,5,9,6,9,21,2,0,12,9,6,20,10,17,6,5,21,17,4,8,12,7,17,1,20,1,17,18,20,4,17,15,11,7,7,14,12];[[0.7966509679599704,7.966509679599704,1.0],[0.05862623274803458,0.5862623274803458,1.0],[0.7602397739740907,7.602397739740907,1.0],[0.8627037401845356,8.627037401845355,1.0],[0.09127403464611428,0.9127403464611428,1.0],[0.9024924365975527,9.024924365975528,1.0],[0.7858960565941281,7.858960565941281,1.0],[0.40667966546103385,4.0667966546103385,1.0],[0.37447264465852026,3.7447264465852026,1.0],[0.6490262282913547,6.490262282913547,1.0],[0.40092466608569977,4.009246660856998,1.0],[0.5721109226277574,5.721109226277575,1.0],[0.6077930620255084,6.077930620255084,1.0],[0.05072389565884072,0.5072389565884072,1.0],[0.7370880093375713,7.370880093375714,1.0],[0.708486383757228,7.08486383757228,1.0],[0.9221724532030824,9.221724532030823,1.0],[0.7149390332589045,7.149390332589045,1.0],[0.6557724968554814,6.5577249685548145,1.0],[0.7371071646895253,7.371071646895253,1.0],[0.18754222176317448,1.8754222176317448,1.0],[0.5019778365908455,5.019778365908455,1.0]]
1_Brandimarte_14_workers.fjs;1434.4502018210371;293870;[159,178,205,221,245,404,574,596,201,254,268,291,321,337,376,528,596,619,635,101,154,172,275,452,514,594,667,45,140,156,243,272,325,514,557,572,644,29,118,380,400,474,514,539,557,586,70,191,394,489,514,550,566,589,64,87,208,264,279,310,342,619,26,54,105,152,360,414,443,476,501,566,584,0,11,41,101,170,189,215,341,434,464,667,71,98,122,344,418,435,464,531,619,628,0,26,47,87,226,291,326,389,495,572,46,115,142,198,464,517,543,660,26,46,82,101,137,304,321,348,482,515,589,22,51,60,152,170,229,543,603,619,0,64,159,220,275,304,325,411,453,474,56,106,135,178,226,245,358,386,429,0,110,351,367,389,404,603,628,11,120,289,451,501,530,586,616,642,118,159,172,255,351,389,550,575,594,619,22,119,147,205,306,324,554,649,13,74,92,121,178,406,534,615,74,101,237,258,337,435,538,636,9,82,122,140,204,245,367,616,0,26,137,207,226,253,270,285,563,621,640,47,159,179,237,254,289,404,425,452,0,169,220,233,476,514,587,642,88,189,205,216,234,258,386,478,495,634,117,135,189,304,323,385,432,528,0,217,290,311,322,361,400,461,489,546,258,274,344,364,374,478,515,531,603,634,658];[8,4,11,11,12,8,8,1,9,13,13,4,13,4,9,13,8,6,7,2,9,11,0,0,3,5,13,4,6,4,3,11,1,9,13,0,3,14,4,8,7,8,11,10,4,6,13,10,9,10,5,11,7,12,7,1,13,0,12,8,3,10,13,13,4,12,11,14,5,0,0,11,9,10,11,13,8,13,6,0,8,4,1,12,5,9,13,11,13,12,13,3,3,0,9,8,2,7,3,13,8,11,13,13,9,10,11,8,12,12,9,3,9,11,2,3,13,13,12,5,13,8,11,10,12,0,13,1,12,13,3,9,4,11,10,13,9,1,3,4,8,4,8,13,9,8,1,4,4,14,10,14,7,13,1,12,10,6,3,10,2,8,13,4,11,4,8,11,8,11,9,11,14,1,10,5,10,11,4,12,7,0,11,5,8,13,13,9,14,5,3,11,8,12,4,12,11,8,13,13,5,9,3,11,6,5,4,1,13,4,7,3,8,1,10,0,12,0,9,13,12,5,5,0,13,7,12,12,11,10,13,7,8,14,11,10,13,4,13,11,12,6,8,14,4,10,11,8,9,3,13,5,6,13,8,4,3,4,11,0,7,8,13,9,12,3,3,6,1,12,0,9,13,12,13,13,11];[19,7,12,5,7,6,16,1,20,14,13,21,6,21,17,1,13,11,8,13,1,3,15,4,12,3,19,21,20,0,3,8,14,14,21,12,9,14,0,12,10,3,18,10,9,14,17,10,4,12,0,8,15,5,10,15,18,16,12,2,5,7,16,6,15,13,17,8,9,5,10,18,4,10,14,7,2,21,1,4,3,3,13,20,11,1,18,14,11,2,1,8,16,6,21,11,10,8,1,20,1,5,17,0,3,19,21,5,11,5,1,14,2,8,2,19,13,0,10,13,2,17,15,4,5,4,2,10,20,15,18,12,11,2,12,19,16,5,19,17,14,16,14,20,16,4,7,4,18,2,4,18,4,12,5,6,9,7,16,6,10,3,11,21,4,8,15,5,15,4,9,8,15,1,17,19,6,18,6,6,3,13,1,0,4,10,2,9,12,8,19,0,16,21,19,17,19,3,15,14,5,3,15,1,20,5,21,0,8,5,5,15,12,1,15,15,12,15,7,13,4,11,20,18,13,20,10,18,21,19,7,6,18,12,4,20,18,15,6,13,15,16,9,6,7,8,14,1,16,9,2,20,16,10,13,3,16,11,4,8,8,7,3,2,15,11,17,18,4,4,19,10,9,13,10,14,0];[[0.5209484070219088,5.209484070219088,1.0],[0.42125020101147315,4.212502010114731,1.0],[0.22094517308324657,2.2094517308324657,1.0],[0.13033708391670573,1.3033708391670573,1.0],[0.48395776843282956,4.839577684328296,1.0],[0.6260889663051598,6.260889663051597,1.0],[0.6211218319323739,6.21121831932374,1.0],[0.707277595965894,7.07277595965894,1.0],[0.43539590023548325,4.3539590023548325,1.0],[0.04809800715767443,0.4809800715767443,1.0],[0.2254847064342842,2.254847064342842,1.0],[0.788548045160999,7.88548045160999,1.0],[0.42108890435006496,4.21088904350065,1.0],[0.5652029481252892,5.6520294812528915,1.0],[0.6764042610645917,6.764042610645918,1.0],[0.7568325816320766,7.568325816320765,1.0],[0.16251102322256883,1.6251102322256883,1.0],[0.4662293326345085,4.662293326345085,1.0],[0.652658580109924,6.526585801099239,1.0],[0.9348323542569703,9.348323542569704,1.0],[0.28093837261172117,2.8093837261172117,1.0],[0.9004772145836625,9.004772145836625,1.0]]
1_Brandimarte_14_workers.fjs;1516.0663762110094;236610;[19,105,206,224,362,387,439,483,0,109,184,340,378,395,424,442,502,520,549,0,153,275,362,396,522,552,651,28,58,281,297,369,491,511,540,588,648,29,70,234,328,473,521,632,643,663,90,492,556,602,628,651,669,692,46,91,139,229,287,331,389,528,20,35,52,64,88,105,134,158,431,460,527,35,156,185,198,256,275,292,319,351,520,577,46,134,214,256,275,297,341,359,490,499,0,51,257,349,499,527,577,592,632,701,170,222,312,418,442,469,551,680,114,139,156,174,229,324,434,468,499,520,610,70,153,198,395,413,540,617,632,663,94,105,121,152,267,305,374,491,558,577,72,169,185,297,467,483,521,620,651,0,99,198,214,272,287,424,538,20,31,213,243,297,349,442,609,669,0,19,85,121,157,208,224,419,504,558,64,232,262,319,477,493,645,683,292,305,323,458,473,539,612,632,58,85,292,370,469,573,643,682,121,173,190,247,419,562,665,683,52,77,94,116,136,331,351,373,461,589,661,0,38,51,122,175,322,387,502,577,77,152,292,395,428,442,483,580,0,54,136,158,175,195,344,395,457,632,198,216,359,439,477,512,592,612,46,131,190,211,238,262,305,324,549,666,30,74,136,222,238,267,413,498,555,602,628];[8,4,11,11,12,8,8,12,9,13,12,8,13,14,9,13,8,6,7,2,9,11,0,0,3,10,13,9,6,8,3,11,1,9,13,0,3,14,0,8,7,8,11,10,9,6,13,10,9,10,5,11,7,12,7,1,13,0,12,4,3,10,13,13,4,12,11,14,10,0,4,11,9,10,11,13,8,13,6,0,8,0,1,12,10,9,13,11,13,12,13,3,3,0,4,8,12,7,3,13,8,11,13,13,9,5,11,8,12,1,4,3,9,11,12,12,13,13,1,10,13,8,11,10,3,0,13,1,1,13,3,9,4,11,10,13,4,1,3,14,8,0,8,13,4,8,12,4,4,4,5,14,7,13,1,12,10,6,12,10,2,8,13,4,11,9,4,11,8,3,9,11,4,12,10,5,10,11,4,12,7,0,11,5,8,13,13,9,14,8,3,11,8,12,9,2,11,4,13,13,10,9,3,11,6,5,4,1,13,4,13,3,8,1,5,0,12,0,9,13,12,5,8,0,13,7,12,12,11,10,13,7,5,4,13,10,13,4,13,11,3,6,8,14,4,10,13,8,9,3,13,5,6,13,8,9,3,4,11,4,7,8,13,9,12,3,3,6,1,12,4,9,13,12,13,13,11];[19,10,19,2,7,8,15,0,20,15,17,8,20,9,11,1,14,11,3,6,12,3,21,7,3,19,19,13,20,7,3,9,21,8,1,12,7,7,7,11,3,13,2,10,10,2,11,10,4,19,1,6,15,20,18,5,15,18,10,2,4,0,18,3,14,6,17,14,8,18,0,3,12,18,3,21,9,3,2,14,20,14,14,20,15,21,18,15,0,18,1,0,16,3,9,11,9,12,0,20,1,15,4,17,0,20,3,10,11,17,15,20,2,14,9,6,6,0,21,10,15,5,21,4,5,21,2,19,9,10,18,11,14,1,8,19,19,8,17,17,16,19,14,20,3,13,1,4,13,15,4,15,4,12,15,6,1,9,3,6,5,3,15,11,3,18,5,19,16,17,9,3,1,20,19,20,9,18,5,9,12,2,8,11,15,10,8,9,16,19,7,16,13,2,21,10,12,5,15,14,17,12,1,19,13,16,17,17,8,9,9,13,12,0,18,7,6,16,6,2,1,11,9,16,11,5,14,14,13,6,11,15,0,20,14,9,15,11,18,7,4,8,9,6,17,5,17,8,16,9,2,20,3,10,17,7,6,7,4,10,5,7,15,6,10,3,17,1,17,4,0,18,13,19,7,14,0];[[0.49734142093980327,4.973414209398033,1.0],[0.35999045686025677,3.5999045686025677,1.0],[0.7220617567237175,7.220617567237175,1.0],[0.44672126724761885,4.4672126724761885,1.0],[0.4533596515962979,4.533596515962978,1.0],[0.025925678678183073,0.25925678678183073,1.0],[0.33490089376309407,3.3490089376309404,1.0],[0.4755440242737675,4.755440242737675,1.0],[0.45132356511490823,4.513235651149082,1.0],[0.08788974506102976,0.8788974506102976,1.0],[0.29509671683068217,2.9509671683068217,1.0],[0.33863234208051063,3.3863234208051063,1.0],[0.9020959027552419,9.020959027552419,1.0],[0.7173473735926632,7.173473735926632,1.0],[0.8986159167700656,8.986159167700656,1.0],[0.032997165944182005,0.32997165944182005,1.0],[0.2284682145918675,2.284682145918675,1.0],[0.5381470661357333,5.381470661357333,1.0],[0.06127510457974772,0.6127510457974772,1.0],[0.22935566071129299,2.29355660711293,1.0],[0.5598162304796008,5.598162304796008,1.0],[0.0008471767611641923,0.008471767611641923,1.0]]
1_Brandimarte_14_workers.fjs;1510.0214859746966;2313380;[37,93,330,367,429,471,657,676,17,78,101,125,221,252,506,576,639,657,674,0,198,239,531,597,624,645,703,44,158,188,206,222,239,298,319,619,669,0,141,291,312,352,435,563,595,696,60,129,141,199,226,348,394,635,57,115,255,305,316,543,585,671,27,112,172,265,305,321,344,406,433,488,589,0,123,174,226,439,458,475,499,519,531,550,258,281,304,402,422,455,507,535,550,563,0,76,140,335,360,379,408,583,634,652,170,198,385,457,505,531,546,652,0,17,35,90,255,287,404,429,494,560,619,11,87,198,269,303,323,525,567,614,27,89,107,204,317,367,418,429,579,624,0,129,172,239,291,494,586,597,626,39,117,334,386,418,506,539,594,118,129,330,366,420,451,488,532,664,57,76,112,186,202,249,368,394,669,693,117,147,239,286,417,457,520,685,14,75,93,389,406,506,540,560,63,125,202,265,392,406,453,631,16,107,176,423,520,550,667,685,261,286,312,348,367,389,423,443,470,591,660,0,24,90,187,286,471,519,600,619,0,92,249,266,286,305,350,635,42,60,104,141,206,226,346,531,563,651,92,221,237,438,475,604,619,648,76,97,170,344,370,438,557,576,595,652,0,16,34,255,272,386,458,481,539,619,635];[8,9,11,11,12,4,8,1,9,13,12,8,13,14,9,13,8,6,7,2,9,11,0,0,12,10,13,9,6,8,3,11,1,9,13,4,3,14,4,8,7,8,11,10,9,6,13,10,9,10,5,11,7,12,7,1,11,0,12,4,3,5,13,13,8,12,11,4,10,0,0,11,4,10,11,13,8,13,6,0,8,0,1,3,10,9,13,11,13,12,13,3,11,0,4,8,12,7,12,13,8,11,13,13,9,5,11,8,12,12,9,11,9,11,12,12,13,13,12,10,13,8,11,10,3,0,13,1,1,13,3,9,4,11,10,13,9,1,12,14,8,0,8,13,4,8,12,4,0,14,5,4,7,13,1,1,10,6,3,10,2,8,13,4,11,9,4,11,8,3,9,11,4,12,10,8,10,11,4,13,7,4,11,5,8,13,13,9,14,5,3,11,8,12,4,12,11,8,13,13,10,9,3,11,6,8,4,1,13,4,7,3,8,1,5,4,3,0,9,13,12,5,8,4,13,7,13,3,11,10,13,7,5,4,11,10,13,0,13,11,3,6,8,14,9,10,11,5,13,3,13,5,6,13,8,4,11,8,11,4,7,8,13,9,12,3,3,6,1,3,0,9,13,12,13,13,11];[1,13,20,13,0,4,15,21,12,14,17,15,6,15,0,1,14,14,12,7,1,0,12,9,8,9,19,4,15,10,3,14,20,15,21,3,2,21,20,6,13,4,18,10,15,12,17,19,4,17,12,3,10,18,1,14,21,7,6,5,9,19,18,13,20,13,17,4,16,8,8,9,2,4,3,7,10,21,10,13,16,13,6,6,16,17,18,17,16,17,1,7,10,3,6,4,1,10,1,20,1,5,12,16,0,20,6,18,6,18,4,19,19,2,15,19,6,0,13,10,2,17,18,4,5,0,2,9,9,15,19,20,3,2,0,6,8,0,10,3,0,19,14,2,17,16,19,4,13,13,7,2,12,12,13,13,9,15,16,2,5,2,11,17,4,3,9,10,10,8,9,4,14,12,9,12,9,18,7,7,10,3,19,3,4,10,8,9,8,8,7,11,13,2,19,4,12,12,15,14,16,17,0,1,19,20,17,14,8,16,20,9,16,20,18,16,1,5,9,7,4,11,13,12,13,11,21,16,12,1,8,14,8,7,7,20,15,13,6,15,3,9,9,17,14,19,8,0,16,2,7,20,19,17,5,5,2,11,4,6,5,7,9,4,10,21,17,1,17,0,9,0,11,7,8,14,21];[[0.4211249061401,4.211249061401,1.0],[0.9761073344853062,9.761073344853061,1.0],[0.6132800246752349,6.132800246752349,1.0],[0.6930423279788359,6.930423279788359,1.0],[0.5088628354481554,5.088628354481553,1.0],[0.18781156668551158,1.8781156668551158,1.0],[0.830121874145001,8.301218741450011,1.0],[0.8449241651217704,8.449241651217704,1.0],[0.20962821201639004,2.0962821201639006,1.0],[0.6505169872996391,6.505169872996391,1.0],[0.7003316191510263,7.003316191510263,1.0],[0.7150339547653067,7.150339547653068,1.0],[0.8091072451390076,8.091072451390076,1.0],[0.8451978833841938,8.451978833841938,1.0],[0.3695849781386673,3.695849781386673,1.0],[0.5056149902637381,5.056149902637381,1.0],[0.7206140757071586,7.206140757071586,1.0],[0.14319015826691817,1.4319015826691817,1.0],[0.026697115061789622,0.2669711506178962,1.0],[0.15341588178909327,1.5341588178909327,1.0],[0.8363432326370349,8.363432326370349,1.0],[0.3246336983988545,3.2463369839885448,1.0]]
1_Brandimarte_14_workers.fjs;1729.6049913077538;2470250;[191,211,331,400,422,524,591,642,42,100,190,232,262,278,306,519,534,624,642,103,148,206,338,429,452,462,702,40,71,111,170,188,202,260,590,611,714,71,94,303,322,361,384,400,549,586,216,234,277,306,349,540,558,762,12,36,188,213,306,343,558,584,133,296,349,436,461,477,506,586,645,657,686,187,278,367,382,499,519,622,683,703,734,764,41,89,247,262,314,367,479,499,514,559,121,150,171,190,214,234,273,608,791,809,0,80,103,322,399,422,468,660,18,36,54,187,422,461,491,559,716,729,748,12,51,224,278,299,470,605,642,722,29,120,221,382,399,624,671,686,748,768,68,114,133,211,232,322,418,533,559,0,36,332,492,511,533,657,752,0,12,90,202,410,570,590,623,686,171,321,437,495,559,604,624,670,686,768,0,53,213,497,524,663,703,742,25,71,150,259,273,477,552,723,232,260,349,575,620,686,735,761,28,54,89,108,361,450,571,778,0,34,129,149,262,315,373,395,468,729,787,103,288,303,350,434,462,505,722,761,40,343,367,506,590,710,760,776,170,315,331,342,397,602,623,651,703,722,0,18,80,127,537,634,650,734,0,42,71,384,410,572,650,668,686,748,0,108,247,289,327,443,534,547,668,776,791];[8,9,11,11,12,4,8,1,4,13,12,8,13,4,9,13,8,6,7,12,13,11,0,0,12,5,13,9,6,8,3,13,1,9,13,0,12,4,4,8,7,4,11,10,4,6,13,10,9,10,10,11,7,12,7,1,11,0,3,8,11,5,13,13,4,13,11,14,10,0,0,11,9,10,11,13,8,13,6,0,8,4,1,3,10,9,13,11,13,12,13,3,3,0,4,8,12,7,12,13,8,11,13,13,4,10,11,8,13,1,4,3,9,11,12,3,13,13,12,10,13,8,11,10,3,0,13,1,1,13,3,9,4,11,10,13,9,1,3,14,8,4,8,13,9,8,12,4,0,14,5,14,7,13,1,1,10,6,12,10,12,8,13,4,11,9,4,11,8,3,4,11,14,1,10,8,10,11,8,13,7,4,11,10,8,13,13,9,4,8,3,11,8,12,9,2,11,4,13,13,10,9,12,11,6,5,8,1,13,9,13,3,8,1,10,0,3,0,9,13,12,10,8,0,13,7,12,12,11,10,13,7,5,14,11,10,13,0,13,11,12,6,8,4,9,10,11,5,9,3,13,5,6,13,8,4,11,8,11,4,7,8,13,9,12,3,3,6,12,3,0,9,13,13,13,13,11];[3,5,19,1,3,12,16,13,1,2,17,6,6,21,16,20,11,6,9,7,2,13,21,15,15,6,19,17,19,10,2,5,0,10,18,12,20,17,17,9,3,16,13,10,1,6,17,14,4,5,21,5,10,21,18,12,6,12,17,20,12,20,13,10,14,16,17,3,1,2,4,18,8,2,14,20,18,7,7,8,16,17,17,13,13,16,18,14,2,11,2,0,14,6,3,4,8,12,14,18,1,13,19,16,21,7,4,12,3,2,4,14,6,8,11,18,6,5,15,0,2,7,3,4,16,12,2,21,9,10,19,21,0,2,13,14,15,14,8,1,18,5,14,11,6,10,19,9,20,6,4,9,6,15,12,5,2,4,19,18,15,3,21,7,19,15,9,10,0,17,8,10,15,6,21,20,15,18,20,7,7,17,21,19,9,10,17,9,16,17,19,1,13,8,10,16,19,21,15,14,12,12,9,19,9,5,15,3,16,6,0,15,1,1,18,20,21,11,8,2,9,0,6,13,11,5,14,2,5,2,11,4,19,6,5,12,15,0,6,13,16,7,9,19,19,12,21,0,7,14,15,20,16,18,17,14,5,0,4,12,5,7,3,5,3,7,17,18,0,18,8,2,9,8,10,14,18];[[0.4831103964860096,4.831103964860096,1.0],[0.9021829992468611,9.02182999246861,1.0],[0.5374571935128641,5.374571935128642,1.0],[0.8761340971511191,8.761340971511192,1.0],[0.573156942708234,5.7315694270823405,1.0],[0.994523847851402,9.945238478514021,1.0],[0.3574465703190305,3.574465703190305,1.0],[0.6617299629663892,6.617299629663892,1.0],[0.4882872262788658,4.882872262788657,1.0],[0.5726412824777106,5.726412824777106,1.0],[0.32388398325139345,3.2388398325139347,1.0],[0.8072354510963532,8.072354510963532,1.0],[0.8087324055796944,8.087324055796945,1.0],[0.660852452150834,6.60852452150834,1.0],[0.5802577271631468,5.802577271631469,1.0],[0.04408639890691246,0.4408639890691246,1.0],[0.7725635994624831,7.725635994624831,1.0],[0.340181488474281,3.4018148847428096,1.0],[0.09506024617702258,0.9506024617702258,1.0],[0.23214768683087816,2.321476868308782,1.0],[0.29508457816293987,2.9508457816293987,1.0],[0.12277001052286385,1.2277001052286385,1.0]]
1_Brandimarte_14_workers.fjs;1490.9282140637342;453520;[0,58,170,226,445,493,627,649,17,81,136,223,308,350,372,550,586,646,663,23,60,154,170,181,474,543,639,125,186,289,302,382,478,520,580,595,606,58,85,173,193,328,464,592,604,630,63,85,114,160,222,297,313,615,0,23,85,136,417,448,519,567,0,14,50,184,210,371,393,497,522,641,670,95,260,295,315,340,384,400,435,459,519,643,14,108,217,241,265,282,360,378,602,617,87,297,315,336,468,537,562,582,620,671,29,344,399,416,494,540,567,597,0,67,85,104,143,186,243,260,396,567,609,37,126,197,378,450,520,565,586,628,129,188,204,248,343,372,396,426,456,532,144,232,248,384,407,519,549,577,650,30,60,157,187,428,518,543,627,27,50,237,282,357,499,607,630,660,19,38,79,120,406,478,494,607,627,678,67,160,216,325,350,582,649,686,50,155,193,222,340,426,547,567,0,99,136,172,203,324,340,538,40,104,169,245,393,406,653,671,37,60,256,277,317,350,459,468,584,607,660,0,44,63,107,363,432,459,595,607,94,107,129,245,278,369,410,606,30,51,136,152,277,302,325,396,445,483,44,77,125,263,369,484,609,641,120,265,366,423,445,474,499,518,537,611,0,67,85,116,126,145,173,216,426,469,531];[8,4,11,11,13,8,8,1,9,13,12,4,13,4,9,13,8,6,7,12,9,11,0,0,3,10,13,9,6,4,3,11,1,9,13,0,12,14,0,8,7,8,11,10,4,6,13,10,4,10,5,11,7,12,7,1,11,0,3,4,11,10,13,13,8,12,11,4,5,0,0,11,4,10,11,13,8,13,6,0,8,4,1,3,5,9,13,11,13,12,13,3,3,0,4,8,2,7,12,13,5,11,13,13,4,10,11,8,12,1,9,11,9,11,2,3,13,13,12,10,13,8,11,10,12,4,13,1,12,13,3,9,8,11,10,13,9,1,12,4,8,0,8,13,9,8,12,8,4,4,5,14,7,13,1,1,10,6,3,10,12,8,13,8,11,9,4,11,8,11,9,11,4,12,10,5,5,11,8,12,7,4,11,5,8,13,13,9,14,8,3,11,8,12,4,12,11,4,13,13,5,9,12,11,6,5,4,1,13,9,7,3,8,1,10,0,12,0,9,13,12,10,5,0,13,7,12,3,13,10,13,7,5,14,11,10,13,0,13,11,3,6,8,4,9,10,11,5,9,3,13,5,6,13,8,4,3,4,11,0,7,8,13,13,12,3,3,6,12,12,0,4,13,12,13,13,11];[14,20,11,0,6,3,13,6,12,15,17,11,6,21,13,20,11,4,3,13,16,0,21,16,15,15,19,13,19,21,3,11,18,6,18,12,8,0,13,12,14,18,0,10,11,12,17,18,9,17,12,8,10,10,13,7,5,12,16,21,17,1,11,6,18,13,17,0,16,18,10,5,10,18,14,7,13,7,9,8,20,20,3,3,11,17,18,13,0,18,1,7,3,1,6,9,8,4,18,20,21,6,4,17,20,16,18,7,6,1,15,19,19,8,10,5,6,0,9,13,13,7,20,4,19,20,2,1,4,10,7,21,18,1,8,19,5,12,10,15,4,19,14,20,17,3,10,8,17,2,12,6,6,12,17,1,9,6,16,1,7,6,3,14,4,15,5,20,9,19,9,16,12,9,10,2,17,18,19,13,10,2,15,4,21,16,8,9,12,19,14,11,16,12,4,14,19,5,15,14,20,13,15,1,19,3,6,17,8,0,1,15,5,1,3,2,12,2,8,13,5,0,12,12,10,20,16,15,15,6,20,18,2,12,16,10,11,21,18,2,0,1,9,15,21,21,14,0,10,3,7,20,16,4,19,18,1,19,4,8,5,7,1,13,21,17,17,18,16,4,0,16,9,8,5,14,17];[[0.34661995661142697,3.4661995661142697,1.0],[0.2286410960833074,2.286410960833074,1.0],[0.012392470279078194,0.12392470279078194,1.0],[0.9308270259025113,9.308270259025113,1.0],[0.3225145761620236,3.225145761620236,1.0],[0.0006954578022455582,0.006954578022455582,1.0],[0.2097170717940725,2.097170717940725,1.0],[0.5179602272351016,5.179602272351016,1.0],[0.7628222106217201,7.6282221062172,1.0],[0.3089717897377221,3.089717897377221,1.0],[0.15113122452813788,1.5113122452813788,1.0],[0.07045772229012492,0.7045772229012492,1.0],[0.8725064026541692,8.725064026541693,1.0],[0.3074981421409557,3.074981421409557,1.0],[0.272859759997538,2.7285975999753798,1.0],[0.9838464878398866,9.838464878398867,1.0],[0.7385079487399623,7.385079487399623,1.0],[0.7690782380223464,7.690782380223464,1.0],[0.7347776517949599,7.347776517949599,1.0],[0.040110031230356946,0.40110031230356946,1.0],[0.7832762173461114,7.832762173461115,1.0],[0.9889075602289727,9.889075602289727,1.0]]
1_Brandimarte_14_workers.fjs;1569.1613963996588;167500;[104,230,351,397,518,594,622,642,181,251,264,288,436,461,486,552,584,604,661,0,107,135,152,189,218,690,731,0,30,384,454,574,592,612,685,700,711,30,169,336,356,463,607,624,635,654,47,118,142,304,396,642,685,708,0,52,146,205,389,568,661,674,14,158,188,202,288,304,450,592,642,691,710,52,152,189,263,301,344,419,446,508,620,728,29,124,174,205,234,317,350,405,420,619,50,86,129,225,288,520,533,592,666,700,78,130,187,218,264,287,699,726,0,114,145,187,320,386,435,486,636,654,710,0,29,155,202,307,326,453,508,680,70,368,405,467,507,537,555,572,604,715,48,79,250,369,388,437,466,487,518,0,47,98,188,420,544,671,690,63,154,238,287,305,332,397,426,624,0,42,56,118,135,228,244,356,369,433,22,48,200,225,269,308,408,581,0,20,119,377,396,459,548,606,107,135,169,189,220,403,461,533,16,26,48,223,292,408,599,654,24,71,149,169,242,263,274,290,332,507,656,331,357,377,419,436,484,507,518,635,65,79,102,218,478,661,715,731,29,102,118,129,169,189,434,451,555,574,38,56,126,260,274,335,388,408,55,123,223,239,285,317,368,534,553,607,0,326,405,469,486,537,568,581,618,649,674];[8,4,11,11,12,4,8,12,9,13,12,8,13,14,9,13,8,6,7,12,9,11,0,0,3,10,13,4,6,4,3,11,1,9,13,0,3,4,0,8,7,4,11,10,9,6,13,10,9,10,5,11,7,12,7,1,13,4,3,8,11,5,13,13,4,12,11,14,5,0,0,11,4,10,11,13,5,13,6,0,8,4,1,3,10,9,13,11,13,12,13,3,11,0,4,8,12,7,12,13,8,11,13,13,4,10,11,8,13,1,9,11,9,13,12,12,13,13,12,5,13,8,11,10,3,4,13,1,1,13,3,9,8,11,10,13,9,1,3,4,8,0,8,13,9,8,1,4,0,4,10,14,7,13,1,12,10,6,3,10,2,8,13,4,11,4,4,11,8,11,9,11,4,12,10,8,10,11,8,12,7,0,11,5,8,13,13,9,14,5,12,11,8,12,4,2,11,8,13,13,10,13,12,11,6,5,4,1,13,9,7,3,8,1,5,0,3,0,4,13,12,10,5,0,13,7,13,12,11,10,13,7,5,14,11,10,13,0,13,11,12,6,8,14,9,10,11,5,9,3,13,8,6,13,8,9,11,8,11,0,7,8,13,9,12,3,3,6,12,3,0,4,13,12,13,13,11];[2,1,9,1,0,11,19,19,20,15,17,15,20,11,14,15,13,9,3,7,12,3,13,9,17,19,14,11,8,1,18,8,17,1,1,12,2,12,1,3,5,17,20,10,6,10,17,19,4,17,5,3,10,4,20,16,18,7,13,2,4,8,5,6,14,13,17,20,1,8,10,5,10,3,3,13,19,21,2,14,8,14,11,13,16,11,18,5,0,15,6,0,10,3,11,14,20,18,13,2,1,6,13,17,12,7,7,9,5,3,6,19,2,10,17,19,9,0,1,11,7,6,9,4,10,20,2,1,5,15,8,2,21,1,13,20,21,14,19,20,12,19,14,4,14,16,7,4,8,8,16,0,21,20,8,6,0,12,16,8,5,2,9,11,8,16,9,16,21,1,9,5,12,16,13,21,6,18,19,13,14,10,14,14,19,10,12,9,8,14,6,0,13,2,14,10,19,17,15,14,13,5,14,1,6,5,10,17,5,14,2,1,1,14,3,16,21,2,18,13,1,14,20,13,11,0,21,16,19,2,4,19,8,12,12,21,3,11,6,19,15,0,9,18,16,11,14,9,7,0,13,10,10,4,17,8,5,9,4,14,14,7,17,3,10,6,17,1,3,19,4,17,11,19,7,7,9];[[0.8559393885152179,8.55939388515218,1.0],[0.8004839408308784,8.004839408308783,1.0],[0.5938433496209707,5.938433496209708,1.0],[0.8870093324131678,8.870093324131679,1.0],[0.741558169706834,7.4155816970683395,1.0],[0.8097670389513107,8.097670389513107,1.0],[0.2247324103169328,2.247324103169328,1.0],[0.9761818800633866,9.761818800633865,1.0],[0.6339038774096737,6.339038774096737,1.0],[0.5580285642552777,5.580285642552777,1.0],[0.4463526500656817,4.463526500656817,1.0],[0.28336462923826333,2.8336462923826335,1.0],[0.9019880415639555,9.019880415639555,1.0],[0.03268507148422006,0.32685071484220063,1.0],[0.4362825217209084,4.3628252172090844,1.0],[0.18851543397694082,1.8851543397694082,1.0],[0.9250090249429151,9.250090249429151,1.0],[0.9012349700248556,9.012349700248556,1.0],[0.12108560404704316,1.2108560404704316,1.0],[0.9174015512221217,9.174015512221217,1.0],[0.6336036775858569,6.3360367758585685,1.0],[0.8916415369189501,8.916415369189501,1.0]]
1_Brandimarte_14_workers.fjs;1493.7490008553964;609310;[155,194,284,456,553,579,604,646,58,148,188,214,280,360,467,541,561,579,595,17,90,110,125,361,385,493,527,43,73,137,172,338,431,451,556,583,605,0,185,321,356,390,502,518,529,668,15,52,91,162,438,472,502,578,65,90,417,469,494,525,623,637,0,48,120,147,172,381,440,511,573,605,623,41,52,224,237,310,329,480,541,561,584,661,69,156,175,249,346,391,431,509,573,654,0,31,50,84,147,162,175,233,614,692,17,44,69,94,221,313,403,488,73,125,143,269,296,329,375,419,449,476,537,12,41,155,190,254,374,462,476,591,375,399,426,476,493,522,542,553,626,644,72,128,174,252,454,558,594,604,657,41,132,208,354,522,580,607,623,0,174,356,400,495,554,573,624,679,50,162,233,266,291,333,540,571,591,680,0,95,172,254,320,338,436,662,35,120,138,199,212,437,456,497,31,249,302,333,571,585,621,654,69,156,172,214,273,291,363,636,107,132,212,232,265,292,322,385,459,601,614,0,24,158,237,254,417,443,586,660,267,302,342,356,381,399,511,527,110,215,249,279,416,436,485,529,637,678,0,189,381,400,419,632,647,668,143,174,199,239,279,302,413,431,469,525,27,43,79,137,147,215,254,279,493,647,662];[8,9,11,11,12,8,8,12,4,13,12,4,13,4,9,13,8,6,7,12,13,11,4,0,3,10,13,9,6,8,3,11,1,9,13,0,3,14,4,8,7,8,11,10,9,6,13,10,9,10,10,11,7,12,13,1,11,0,3,8,11,10,13,13,8,12,11,4,5,0,0,11,9,10,11,13,8,13,6,0,8,0,1,12,5,9,13,11,13,12,13,3,11,0,4,8,2,7,3,13,5,11,13,13,9,5,11,8,12,1,4,11,9,11,2,12,13,13,12,5,13,8,11,10,12,4,13,1,1,13,3,9,8,11,10,13,9,1,12,14,8,0,8,13,9,8,12,4,0,4,5,14,7,13,1,12,10,6,3,10,2,8,13,8,11,9,4,11,8,3,9,11,14,1,10,5,5,13,8,12,7,0,11,10,8,13,13,9,14,8,12,11,8,12,4,2,11,4,13,13,5,9,12,11,6,5,8,1,13,4,7,3,8,1,10,4,12,0,4,13,12,5,5,0,13,7,12,12,11,10,13,7,8,14,11,10,13,4,13,11,12,6,8,4,4,10,11,5,9,3,13,5,6,13,8,4,11,8,11,4,7,8,13,9,12,3,3,6,12,12,0,9,13,12,13,13,11];[14,13,19,1,7,9,13,5,2,20,17,17,6,21,13,1,9,0,12,2,0,13,14,19,12,20,19,1,8,17,2,10,17,8,18,12,5,0,16,6,7,0,13,10,13,13,15,16,4,5,6,8,15,7,18,7,18,17,6,2,11,20,8,9,4,6,17,15,20,4,10,18,4,3,12,13,6,20,9,14,16,3,4,20,11,8,18,15,16,1,1,18,5,3,5,5,8,16,5,18,20,4,19,4,21,20,16,10,8,21,15,15,6,8,11,4,6,0,6,20,4,7,6,4,16,4,2,21,9,15,19,21,18,16,8,20,5,7,10,19,10,11,14,13,10,2,17,4,3,9,8,4,1,12,0,6,19,7,16,18,8,6,3,0,8,6,12,19,21,19,9,17,15,13,17,18,17,21,17,19,1,13,1,19,14,10,15,9,16,10,6,2,16,21,19,4,12,21,15,14,5,19,12,1,15,16,15,17,8,1,5,10,18,19,3,3,5,5,12,2,3,11,9,13,13,5,10,18,5,0,20,13,7,12,17,6,3,15,6,21,18,5,9,15,17,5,8,9,2,9,2,20,16,21,13,18,8,14,4,3,14,7,17,3,2,20,17,14,20,4,2,4,11,4,4,14,6];[[0.5198238265685563,5.198238265685563,1.0],[0.9583988744400509,9.583988744400509,1.0],[0.3402956357666065,3.402956357666065,1.0],[0.7081849781179302,7.081849781179303,1.0],[0.9252189405445452,9.252189405445453,1.0],[0.05032666735654623,0.5032666735654623,1.0],[0.6613275461751585,6.613275461751585,1.0],[0.82711411373077,8.271141137307701,1.0],[0.8734961127808921,8.734961127808921,1.0],[0.5913019030238962,5.913019030238962,1.0],[0.11264722490163037,1.1264722490163037,1.0],[0.34477784983246407,3.4477784983246407,1.0],[0.011377599382669468,0.11377599382669468,1.0],[0.7909742881977946,7.909742881977946,1.0],[0.3277964015146908,3.277964015146908,1.0],[0.22222795698924247,2.2222795698924247,1.0],[0.14676573527209236,1.4676573527209236,1.0],[0.040648812187981,0.40648812187981,1.0],[0.14328037004549943,1.4328037004549943,1.0],[0.10349201402412567,1.0349201402412567,1.0],[0.2300149081299988,2.3001490812999883,1.0],[0.34985110243749995,3.4985110243749995,1.0]]
1_Brandimarte_14_workers.fjs;1458.6020307609622;478610;[42,67,94,144,162,450,487,611,62,175,327,397,489,506,553,581,630,648,664,204,220,255,272,300,363,507,597,239,270,335,346,469,487,515,538,565,595,55,84,142,162,183,222,238,304,664,80,98,234,455,480,526,544,651,0,24,43,277,317,425,499,596,98,223,265,363,387,403,432,455,509,576,595,55,110,131,144,204,327,345,373,392,507,526,0,26,160,183,239,291,345,378,470,544,94,122,175,195,231,287,506,560,658,676,0,29,78,162,250,526,612,641,0,238,317,391,417,433,468,521,553,608,647,0,29,39,62,357,427,506,543,592,86,126,288,387,404,430,450,498,521,655,20,144,270,392,449,559,588,630,656,17,62,188,248,276,383,430,510,110,234,250,300,348,432,533,553,611,0,92,208,272,289,335,357,383,638,665,297,363,401,519,544,560,588,624,13,26,44,103,304,403,539,571,126,188,204,222,256,270,297,322,0,62,78,282,302,403,451,469,24,49,66,162,300,372,441,482,571,611,625,24,269,289,328,345,401,461,506,583,0,220,243,261,487,609,642,658,44,162,220,231,430,450,470,533,627,648,44,76,113,164,288,313,328,627,66,122,289,346,372,411,469,499,539,627,101,249,269,288,323,340,404,482,520,566,592];[8,4,11,11,12,8,8,12,9,13,12,4,13,14,9,13,8,6,7,12,9,11,0,0,3,10,13,9,6,4,3,11,1,9,13,4,3,14,0,8,7,4,11,10,9,6,13,10,4,10,10,11,7,12,7,1,11,4,12,4,3,5,13,13,4,13,11,14,10,0,0,11,4,10,11,13,5,13,6,0,8,0,1,3,5,13,13,11,13,12,13,3,3,0,4,8,2,7,3,13,8,11,13,13,4,10,11,8,12,1,9,3,9,11,2,12,13,13,1,5,13,8,11,10,12,0,13,1,12,13,3,9,8,11,10,13,9,1,12,4,8,4,8,13,9,8,1,8,0,14,5,14,7,13,1,12,10,6,3,10,12,8,13,8,11,9,4,11,8,3,4,11,14,1,10,5,10,11,8,12,7,0,11,10,8,13,13,9,4,8,3,11,8,12,9,12,11,8,13,13,5,9,12,11,6,8,4,1,13,9,7,3,8,1,10,4,12,0,9,13,12,5,8,0,13,7,12,12,11,10,13,7,5,14,11,10,13,0,13,11,12,6,8,4,4,10,11,8,9,3,13,5,6,13,8,4,3,4,11,4,7,8,13,9,12,3,3,6,1,3,0,9,13,12,13,13,11];[17,16,12,17,0,11,15,19,12,15,17,4,20,10,21,15,11,12,12,5,2,3,10,21,15,21,19,4,8,15,2,8,21,14,18,17,10,21,1,1,21,2,18,10,13,6,17,15,9,12,13,6,15,14,18,16,14,7,7,6,19,21,16,6,14,17,17,3,0,6,8,13,3,7,4,13,10,21,7,13,7,20,11,3,11,0,18,21,11,1,6,8,13,6,11,18,18,15,15,18,1,4,19,16,12,21,14,4,18,5,15,20,19,14,15,6,11,14,15,17,12,6,10,4,7,4,2,0,20,15,8,0,7,16,0,14,1,21,10,17,1,15,14,20,21,13,7,20,20,6,1,19,6,12,8,6,19,1,16,3,16,6,3,16,3,12,2,16,1,4,16,5,15,4,9,18,5,18,12,6,6,2,14,19,4,10,15,9,5,19,2,9,13,21,4,0,12,8,15,11,20,3,0,1,19,20,5,17,8,19,3,15,18,1,18,4,18,2,6,2,1,11,13,21,13,20,10,16,9,1,7,1,0,19,14,17,18,11,6,2,15,7,9,13,1,10,2,8,16,10,7,20,10,10,5,7,15,6,4,12,12,7,0,7,1,3,17,17,0,13,4,8,11,6,7,14,7];[[0.18019241848515155,1.8019241848515155,1.0],[0.48736227300275514,4.873622730027551,1.0],[0.07759170039841756,0.7759170039841756,1.0],[0.5225667244081349,5.2256672440813485,1.0],[0.9196433340252647,9.196433340252646,1.0],[0.8762509611803474,8.762509611803473,1.0],[0.5029695910906639,5.029695910906638,1.0],[0.8160267976375112,8.160267976375112,1.0],[0.8059112000327816,8.059112000327817,1.0],[0.2140591090540045,2.140591090540045,1.0],[0.08805821114486456,0.8805821114486456,1.0],[0.20329737064426556,2.0329737064426556,1.0],[0.5837360924329463,5.837360924329463,1.0],[0.6737333796339059,6.737333796339059,1.0],[0.1608013027204077,1.6080130272040771,1.0],[0.7465026683932527,7.465026683932527,1.0],[0.5706715087422025,5.706715087422025,1.0],[0.4637998194614905,4.637998194614905,1.0],[0.510707169665419,5.10707169665419,1.0],[0.13436739791107,1.3436739791107,1.0],[0.5955836724768061,5.955836724768061,1.0],[0.9705970110642231,9.705970110642232,1.0]]
1_Brandimarte_7_workers.fjs;375.4228054883477;178180;[8,21,40,137,169,18,38,87,125,156,44,58,101,110,133,0,21,38,47,74,18,47,71,87,100,93,101,115,148,155,36,41,48,73,100,54,72,78,93,168,0,19,26,27,122,43,91,110,127,138,0,18,27,29,161,47,64,87,148,165,1,18,122,161,163,16,36,124,145,161,12,36,79,114,138,4,36,44,107,132,6,58,80,94,159,4,20,74,115,153,0,2,52,156,173,41,58,105,131,163];[1,0,1,3,2,0,4,1,1,2,2,3,2,1,2,1,2,0,3,0,2,2,1,4,3,2,0,4,1,1,3,4,1,4,4,1,0,3,1,1,4,4,4,1,4,0,3,2,3,1,3,4,4,4,4,4,2,0,2,0,4,3,3,0,1,4,0,2,0,2,1,4,2,1,4,0,2,1,4,3,0,4,0,0,4,1,1,2,0,4,2,2,1,3,0,3,0,3,0,0];[2,4,6,0,3,0,0,1,4,0,2,6,4,4,5,4,0,4,2,1,6,3,5,3,2,6,3,3,5,5,3,3,5,4,0,1,1,2,0,0,0,1,2,1,3,4,1,2,6,3,1,4,2,3,6,0,3,5,1,2,3,5,0,0,4,4,0,2,6,5,2,4,0,6,2,4,5,5,1,6,6,4,3,4,4,5,6,3,1,3,6,0,5,1,5,1,2,5,1,2];[[0.7773566427005639,7.7735664270056395,1.0],[0.6698255595592497,6.698255595592498,1.0],[0.09913960392481702,0.9913960392481702,1.0],[0.35297051119014544,3.529705111901454,1.0],[0.4679077429008419,4.679077429008419,1.0],[0.5346837414708775,5.346837414708775,1.0],[0.9783090609123973,9.783090609123974,1.0]]
1_Brandimarte_7_workers.fjs;392.8519268272734;4740530;[8,43,58,152,175,16,19,67,83,170,42,66,86,104,160,121,149,160,162,176,38,58,82,104,170,13,29,49,71,125,5,67,114,118,142,32,81,91,108,128,7,16,85,91,123,30,56,86,104,132,50,84,109,115,144,25,95,110,121,175,0,14,86,92,162,8,27,129,162,176,0,14,70,110,172,25,48,63,137,147,0,15,58,95,146,0,86,122,128,146,40,42,112,114,182,0,12,32,63,116];[1,0,1,3,1,0,0,1,4,2,2,3,2,1,4,1,2,1,2,0,2,2,4,4,3,2,0,4,1,1,3,0,1,0,3,1,0,1,1,0,0,1,4,3,4,4,4,0,3,3,3,4,3,4,4,2,4,0,0,3,4,3,3,0,1,2,0,1,0,2,2,4,4,2,4,0,2,1,4,3,0,4,0,2,2,1,4,4,2,0,2,4,1,3,0,3,1,3,4,0];[2,1,0,3,2,0,0,4,0,5,6,6,2,1,6,4,0,0,5,1,0,1,2,4,2,6,3,3,2,2,4,5,5,4,0,2,3,4,2,4,0,2,5,0,5,6,5,5,5,2,6,0,5,3,2,0,2,6,6,6,5,5,4,1,0,3,1,3,1,5,2,3,0,1,3,6,2,5,1,6,6,4,3,6,3,3,1,5,6,1,6,5,0,0,1,0,2,4,2,6];[[0.7966509679599704,7.966509679599704,1.0],[0.05862623274803458,0.5862623274803458,1.0],[0.7602397739740907,7.602397739740907,1.0],[0.8627037401845356,8.627037401845355,1.0],[0.09127403464611428,0.9127403464611428,1.0],[0.9024924365975527,9.024924365975528,1.0],[0.7858960565941281,7.858960565941281,1.0]]
1_Brandimarte_7_workers.fjs;387.3510724386065;3092820;[52,104,122,126,166,29,38,61,91,134,58,60,114,126,159,0,15,24,32,45,0,51,122,146,178,52,76,92,99,176,17,37,43,84,99,11,36,70,130,146,0,51,91,129,154,59,80,130,146,151,27,56,122,159,168,0,11,120,153,166,23,43,99,137,141,4,34,43,60,134,17,29,70,127,143,15,21,66,84,109,22,66,96,114,178,17,47,80,86,123,2,34,91,161,178,0,21,92,139,181];[1,2,1,3,4,0,0,1,1,0,4,3,3,1,2,0,4,0,0,0,2,2,4,2,3,0,0,4,0,1,3,4,1,2,1,3,0,1,1,1,1,4,4,4,0,4,3,2,3,3,3,1,2,4,4,4,2,0,1,1,4,3,4,0,1,2,0,4,0,1,0,2,2,0,4,0,2,1,4,3,3,4,0,0,2,1,1,4,2,4,2,2,0,3,0,3,1,3,0,0];[0,2,0,6,0,2,2,3,2,5,0,6,6,2,4,5,5,5,3,2,2,2,2,4,2,4,2,0,3,5,6,3,5,4,0,0,4,0,5,2,3,1,5,0,5,0,3,2,6,0,6,5,4,3,6,0,2,5,2,3,1,3,1,3,4,4,2,1,4,4,4,0,1,1,1,1,0,0,1,6,6,5,3,4,1,1,4,5,6,3,6,0,1,1,3,1,3,5,3,0];[[0.5209484070219088,5.209484070219088,1.0],[0.42125020101147315,4.212502010114731,1.0],[0.22094517308324657,2.2094517308324657,1.0],[0.13033708391670573,1.3033708391670573,1.0],[0.48395776843282956,4.839577684328296,1.0],[0.6260889663051598,6.260889663051597,1.0],[0.6211218319323739,6.21121831932374,1.0]]
1_Brandimarte_7_workers.fjs;368.2743015551689;188450;[0,4,19,73,92,19,32,50,159,167,1,92,112,122,151,27,95,133,136,164,0,60,123,135,162,0,46,60,67,92,34,52,79,107,146,10,76,100,113,152,0,14,38,54,106,16,144,151,157,164,57,74,79,81,122,0,23,84,126,157,2,16,57,122,171,31,82,88,103,141,22,32,37,124,151,80,95,117,136,152,31,38,78,80,172,23,106,119,131,165,30,32,48,122,170,5,10,39,67,147];[1,0,1,3,1,0,4,1,1,2,4,3,3,1,2,1,4,1,1,0,0,0,2,2,3,3,0,4,1,0,3,4,1,4,3,3,0,1,1,1,4,2,0,1,0,4,4,0,3,1,3,1,4,4,4,2,4,0,1,0,4,3,2,0,4,4,0,4,2,3,0,2,2,0,4,0,2,1,4,3,0,4,0,2,4,1,4,4,0,4,2,1,1,3,0,3,1,3,4,0];[0,4,6,1,3,2,1,0,4,2,1,6,6,4,5,2,0,2,6,1,2,2,3,2,2,6,3,3,5,1,4,5,5,0,0,0,2,4,4,4,4,3,0,1,2,0,5,1,2,0,6,4,2,4,6,5,0,6,1,1,1,5,4,0,6,4,3,2,3,1,4,2,2,0,3,3,5,4,4,6,0,5,3,0,6,1,1,5,3,3,6,6,0,5,1,2,2,4,3,4];[[0.49734142093980327,4.973414209398033,1.0],[0.35999045686025677,3.5999045686025677,1.0],[0.7220617567237175,7.220617567237175,1.0],[0.44672126724761885,4.4672126724761885,1.0],[0.4533596515962979,4.533596515962978,1.0],[0.025925678678183073,0.25925678678183073,1.0],[0.33490089376309407,3.3490089376309404,1.0]]
1_Brandimarte_7_workers.fjs;360.9552592585577;4307840;[0,22,76,112,155,0,8,18,131,165,58,76,101,111,127,14,50,75,119,165,3,6,32,64,157,22,80,105,119,127,23,33,46,112,142,32,71,80,115,146,29,120,127,128,144,25,112,122,152,157,5,24,38,57,94,0,40,96,130,136,5,40,96,112,119,4,36,46,55,94,48,60,82,114,128,13,28,93,97,162,22,29,45,65,162,4,20,55,144,162,47,76,82,135,160,0,50,58,148,163];[1,0,1,3,4,0,1,1,1,2,1,3,3,1,2,1,4,0,2,0,0,0,4,4,3,4,0,4,1,1,3,4,1,2,4,2,0,1,1,1,2,4,4,4,0,4,4,0,3,1,3,4,0,4,0,2,4,2,3,1,4,3,3,0,4,4,0,2,0,4,4,2,4,0,0,2,3,1,4,3,2,1,0,2,2,1,4,2,2,4,0,4,2,3,0,3,1,3,4,0];[0,3,0,3,0,2,5,4,3,5,2,6,6,1,2,4,0,5,5,1,2,2,2,4,2,2,0,5,6,5,1,5,6,0,2,6,3,4,0,5,0,1,6,4,4,2,5,4,2,0,0,4,3,4,3,6,0,4,1,3,3,2,0,6,1,0,3,5,3,4,0,0,2,2,6,6,1,5,5,6,6,4,3,1,2,5,1,6,6,3,1,2,1,1,5,3,1,5,0,4];[[0.4211249061401,4.211249061401,1.0],[0.9761073344853062,9.761073344853061,1.0],[0.6132800246752349,6.132800246752349,1.0],[0.6930423279788359,6.930423279788359,1.0],[0.5088628354481554,5.088628354481553,1.0],[0.18781156668551158,1.8781156668551158,1.0],[0.830121874145001,8.301218741450011,1.0]]
1_Brandimarte_7_workers.fjs;390.5126003748752;88920;[103,135,153,161,179,32,68,80,86,123,38,89,109,118,140,0,24,50,107,126,0,38,100,124,151,11,80,117,157,177,18,45,54,66,123,22,52,65,144,151,21,109,135,138,152,79,86,117,156,167,0,18,25,38,68,7,23,58,84,167,23,38,133,141,166,0,54,57,118,175,4,18,67,91,101,35,61,140,167,179,0,52,66,101,132,18,45,66,157,175,1,55,101,115,146,33,61,71,93,144];[1,2,1,3,0,0,2,1,0,0,0,3,2,1,4,1,2,1,0,0,0,2,4,4,3,1,2,4,1,1,3,4,1,2,1,1,0,1,1,0,2,3,4,3,4,4,4,0,3,1,3,0,0,4,0,2,3,0,1,0,4,3,3,0,4,4,0,2,2,2,1,4,4,1,4,0,3,1,4,3,2,4,0,0,0,1,1,4,2,4,4,3,1,3,0,3,1,3,4,0];[0,4,6,3,4,0,5,2,3,5,2,6,2,2,1,2,6,2,3,2,5,1,1,4,2,6,0,3,2,1,3,6,6,1,1,2,6,0,2,0,0,0,6,0,5,6,5,1,4,1,0,1,1,4,3,5,4,6,2,2,3,3,0,5,1,4,4,2,6,5,2,6,2,4,1,4,4,3,4,6,6,5,3,4,5,4,4,5,6,0,3,3,2,0,3,1,3,4,1,3];[[0.4831103964860096,4.831103964860096,1.0],[0.9021829992468611,9.02182999246861,1.0],[0.5374571935128641,5.374571935128642,1.0],[0.8761340971511191,8.761340971511192,1.0],[0.573156942708234,5.7315694270823405,1.0],[0.994523847851402,9.945238478514021,1.0],[0.3574465703190305,3.574465703190305,1.0]]
1_Brandimarte_7_workers.fjs;403.5235300588432;190280;[28,113,134,139,166,66,134,139,164,178,15,45,113,124,139,16,64,89,113,163,29,38,57,88,158,82,91,105,113,143,23,57,128,132,159,0,23,57,78,147,0,23,38,72,146,12,19,37,124,154,5,48,69,76,170,1,40,79,129,174,0,79,129,144,158,30,32,49,105,163,0,134,141,163,174,25,29,38,127,183,16,43,65,121,137,20,39,48,95,131,34,57,76,96,141,0,24,28,151,170];[1,2,1,3,4,0,3,1,1,2,2,3,3,1,4,1,4,1,4,2,0,2,0,4,3,1,0,4,1,1,3,4,1,2,4,2,0,2,1,1,4,4,4,4,0,4,2,0,3,1,3,0,0,0,0,4,4,2,4,3,0,3,3,0,4,4,0,4,0,0,1,2,2,3,4,0,2,1,0,3,0,1,3,0,4,1,4,4,2,4,0,1,1,3,0,3,1,3,4,1];[2,5,0,0,4,0,2,1,5,0,6,6,2,2,6,2,5,2,1,2,4,2,1,5,2,2,0,3,6,1,5,5,6,1,0,3,6,3,1,3,0,1,6,5,5,0,4,1,3,3,1,0,1,6,3,0,0,4,1,6,2,3,0,2,6,0,0,4,0,1,5,6,4,6,5,6,6,3,4,6,5,1,4,4,5,3,6,5,6,3,0,2,0,1,5,4,3,5,1,1];[[0.34661995661142697,3.4661995661142697,1.0],[0.2286410960833074,2.286410960833074,1.0],[0.012392470279078194,0.12392470279078194,1.0],[0.9308270259025113,9.308270259025113,1.0],[0.3225145761620236,3.225145761620236,1.0],[0.0006954578022455582,0.006954578022455582,1.0],[0.2097170717940725,2.097170717940725,1.0]]
1_Brandimarte_7_workers.fjs;373.9563656154328;4131920;[0,38,61,72,134,64,67,84,119,136,34,91,112,152,160,4,11,88,96,169,0,8,27,43,148,0,46,108,145,156,26,78,88,93,102,20,36,54,97,160,8,64,85,104,126,1,43,74,153,167,5,77,104,119,146,23,69,80,96,144,9,49,67,86,92,0,3,87,104,172,4,42,111,130,160,5,37,141,151,167,34,69,84,121,141,11,86,115,118,140,24,36,52,130,148,21,26,31,95,167];[1,0,1,3,0,0,0,1,1,2,2,3,2,1,2,1,2,0,2,0,0,0,0,4,3,3,2,4,1,1,3,4,1,0,4,2,0,4,1,1,4,2,4,1,4,4,1,0,3,1,3,4,2,4,4,4,4,2,0,2,4,3,3,0,1,4,0,4,0,3,2,4,3,1,4,0,2,1,0,3,4,1,0,2,2,1,4,4,0,4,0,4,0,3,0,3,1,3,4,0];[1,3,6,1,4,0,5,4,6,1,5,6,2,1,5,4,3,4,5,1,5,2,1,5,2,3,0,0,5,5,3,6,5,4,2,5,2,4,2,4,3,3,6,4,5,2,1,5,2,4,6,0,5,4,6,0,2,2,4,4,4,2,0,3,3,4,0,0,1,0,1,1,3,6,2,3,6,0,3,6,6,4,3,0,6,1,0,5,1,3,6,0,3,2,3,3,2,4,1,1];[[0.8559393885152179,8.55939388515218,1.0],[0.8004839408308784,8.004839408308783,1.0],[0.5938433496209707,5.938433496209708,1.0],[0.8870093324131678,8.870093324131679,1.0],[0.741558169706834,7.4155816970683395,1.0],[0.8097670389513107,8.097670389513107,1.0],[0.2247324103169328,2.247324103169328,1.0]]
1_Brandimarte_7_workers.fjs;355.38660922835857;4314900;[0,4,24,65,104,21,84,86,118,147,11,84,123,138,148,28,33,56,122,136,28,35,53,94,105,31,73,87,131,161,0,56,123,142,144,4,33,72,90,111,9,105,112,113,127,2,11,71,110,151,10,28,29,53,70,45,95,130,142,149,40,115,133,149,166,10,19,21,28,138,0,48,56,95,105,51,85,127,141,162,0,32,71,124,144,47,51,93,105,160,9,63,70,143,162,5,20,28,86,132];[1,0,1,3,1,0,4,1,1,2,2,3,2,1,4,1,4,1,0,0,0,0,2,4,3,4,0,0,1,1,3,4,1,2,1,1,0,1,1,1,4,4,4,4,4,4,4,2,3,0,3,4,4,0,4,3,2,0,0,2,4,3,3,0,4,4,0,4,2,3,2,2,2,1,0,0,2,1,4,3,4,1,0,0,2,1,1,4,2,4,2,4,1,3,0,3,1,3,4,2];[2,4,6,1,5,0,5,5,5,2,3,6,0,1,1,1,0,2,4,2,6,2,3,4,2,2,3,0,3,5,0,5,6,0,0,2,2,4,2,0,3,1,5,1,5,6,5,2,2,3,1,4,2,6,6,1,3,6,6,2,0,2,4,6,1,0,0,2,3,4,1,5,3,1,3,2,1,3,3,6,6,4,3,4,2,6,4,5,6,3,6,4,4,4,0,0,6,5,4,0];[[0.5198238265685563,5.198238265685563,1.0],[0.9583988744400509,9.583988744400509,1.0],[0.3402956357666065,3.402956357666065,1.0],[0.7081849781179302,7.081849781179303,1.0],[0.9252189405445452,9.252189405445453,1.0],[0.05032666735654623,0.5032666735654623,1.0],[0.6613275461751585,6.613275461751585,1.0]]
1_Brandimarte_7_workers.fjs;391.67077223096055;4540410;[44,72,112,124,158,3,35,148,165,182,22,54,107,116,146,105,122,146,164,170,0,143,162,163,180,1,3,39,139,163,22,32,40,63,96,0,33,40,88,105,0,5,25,132,147,3,48,82,119,134,6,23,32,46,74,59,88,120,160,167,18,37,65,90,164,17,61,63,162,182,15,62,120,152,166,41,91,101,105,114,33,118,132,141,163,1,28,61,66,112,22,46,120,143,167,27,33,74,91,105];[1,2,1,3,4,4,0,1,4,2,2,3,2,1,4,0,1,1,0,0,0,2,4,3,3,4,2,4,1,1,3,4,1,0,4,3,0,2,1,1,4,1,0,4,0,0,1,0,3,0,3,1,3,0,4,2,4,0,4,1,4,3,1,2,4,4,0,4,2,4,4,4,2,1,4,0,3,1,4,3,2,4,0,0,4,1,1,4,0,4,0,4,1,3,0,3,1,3,0,3];[0,4,0,1,3,1,0,4,0,6,2,6,4,4,3,1,0,2,4,1,3,1,2,2,2,2,2,5,5,1,0,5,6,4,0,0,1,1,6,2,4,4,6,6,5,3,2,1,2,3,6,4,3,5,6,0,0,6,2,5,5,3,2,3,6,0,1,5,3,5,1,4,4,6,6,4,4,2,0,6,6,5,3,4,6,4,1,5,3,3,6,4,0,0,1,3,2,5,1,5];[[0.18019241848515155,1.8019241848515155,1.0],[0.48736227300275514,4.873622730027551,1.0],[0.07759170039841756,0.7759170039841756,1.0],[0.5225667244081349,5.2256672440813485,1.0],[0.9196433340252647,9.196433340252646,1.0],[0.8762509611803474,8.762509611803473,1.0],[0.5029695910906639,5.029695910906638,1.0]]
2a_Hurink_sdata_18_workers.fjs;2729.867370918839;4333940;[181,187,248,321,653,535,732,1034,1093,1167,162,285,817,899,1102,0,219,309,401,1257,22,668,866,951,1224,92,187,623,866,899,0,185,710,787,929,505,682,787,961,1031,55,420,514,1109,1240,206,578,907,1102,1218,210,321,408,566,1125,145,369,425,1176,1215,0,309,436,562,670,27,92,381,907,1001,75,254,369,653,1065,347,436,535,709,765,242,347,572,843,977,355,757,999,1167,1215,187,532,623,800,1258,0,115,800,937,1178];[0,2,1,3,4,2,3,0,4,1,1,4,2,3,0,2,4,0,3,1,2,0,1,3,4,0,4,1,3,2,4,3,1,2,0,0,2,1,4,3,4,0,3,2,1,1,0,4,2,3,0,1,2,4,3,2,0,3,1,4,0,2,1,3,4,0,3,2,1,4,1,0,4,3,2,1,2,4,0,3,1,4,2,0,3,3,0,2,4,1,0,1,2,3,4,1,2,4,0,3];[0,5,4,4,3,2,6,2,1,3,1,6,4,3,4,1,1,5,3,0,3,4,1,3,2,6,0,1,5,4,4,2,0,0,0,4,2,5,2,5,1,2,3,6,1,3,4,1,6,4,6,0,6,5,0,2,1,3,1,2,2,3,6,3,3,2,4,2,6,1,0,3,5,5,4,0,0,1,4,6,0,1,2,0,5,4,2,6,2,0,6,6,0,1,3,5,2,6,0,5];[[0.7773566427005639,7.7735664270056395,1.0],[0.6698255595592497,6.698255595592498,1.0],[0.09913960392481702,0.9913960392481702,1.0],[0.35297051119014544,3.529705111901454,1.0],[0.4679077429008419,4.679077429008419,1.0],[0.5346837414708775,5.346837414708775,1.0],[0.9783090609123973,9.783090609123974,1.0]]
2a_Hurink_sdata_18_workers.fjs;2795.0972701007786;193280;[220,239,327,821,1163,48,451,722,875,986,0,106,596,716,959,219,239,864,947,1273,667,775,995,1040,1114,390,485,784,971,1076,51,563,707,817,1036,226,522,637,716,1140,0,68,155,844,1036,588,630,959,1017,1066,0,134,281,515,768,0,569,621,977,1154,308,355,492,856,1208,155,265,424,871,1017,240,335,390,484,1024,45,134,300,816,1004,630,637,1065,1164,1273,219,485,751,827,1289,48,160,289,355,1180,412,492,756,1065,1233];[0,2,1,3,4,2,3,0,4,1,1,4,2,3,0,2,4,0,3,1,2,0,1,3,4,0,4,1,3,2,4,3,1,2,0,0,2,1,4,3,4,0,3,2,1,1,0,4,2,3,0,1,2,4,3,2,0,3,1,4,0,2,1,3,4,0,3,2,1,4,1,0,4,3,2,1,2,4,0,3,1,4,2,0,3,3,0,2,4,1,0,1,2,3,4,1,2,4,0,3];[2,6,0,5,3,2,5,1,4,3,6,3,0,3,4,3,2,5,3,5,0,4,1,3,0,2,3,1,5,2,4,2,5,3,1,1,3,5,2,1,1,1,5,6,6,6,6,6,6,4,2,0,6,0,0,0,5,2,0,6,2,4,6,3,3,2,5,3,0,0,0,3,5,5,5,0,4,6,4,3,3,3,6,0,4,4,1,6,2,0,3,0,4,1,4,6,2,2,5,5];[[0.7966509679599704,7.966509679599704,1.0],[0.05862623274803458,0.5862623274803458,1.0],[0.7602397739740907,7.602397739740907,1.0],[0.8627037401845356,8.627037401845355,1.0],[0.09127403464611428,0.9127403464611428,1.0],[0.9024924365975527,9.024924365975528,1.0],[0.7858960565941281,7.858960565941281,1.0]]
2a_Hurink_sdata_18_workers.fjs;2687.4399015301774;4647670;[345,647,693,857,1232,0,37,840,893,1076,221,564,869,983,1147,195,365,780,892,1052,365,521,568,641,732,432,667,780,915,966,37,102,975,1053,1081,29,109,609,766,1133,132,647,812,1124,1199,0,145,229,443,476,102,357,787,966,1076,160,294,387,1067,1222,0,37,387,550,806,229,294,697,869,1122,132,351,432,733,1081,43,221,626,732,948,36,345,812,989,1226,143,561,723,1074,1122,412,488,568,667,1046,270,450,493,893,1035];[0,2,1,3,4,2,3,0,4,1,1,4,2,3,0,2,4,0,3,1,2,0,1,3,4,0,4,1,3,2,4,3,1,2,0,0,2,1,4,3,4,0,3,2,1,1,0,4,2,3,0,1,2,4,3,2,0,3,1,4,0,2,1,3,4,0,3,2,1,4,1,0,4,3,2,1,2,4,0,3,1,4,2,0,3,3,0,2,4,1,0,1,2,3,4,1,2,4,0,3];[0,5,6,5,3,2,1,1,2,3,5,6,4,3,0,0,0,6,6,1,1,5,1,3,2,6,3,4,5,2,2,2,5,5,1,4,3,0,2,1,0,2,0,3,2,3,2,1,0,3,1,3,3,4,6,3,1,3,3,4,6,3,2,3,3,2,5,3,0,4,6,6,5,5,2,0,6,6,4,6,5,1,5,0,5,4,5,0,4,0,5,0,4,1,4,3,4,2,1,6];[[0.5209484070219088,5.209484070219088,1.0],[0.42125020101147315,4.212502010114731,1.0],[0.22094517308324657,2.2094517308324657,1.0],[0.13033708391670573,1.3033708391670573,1.0],[0.48395776843282956,4.839577684328296,1.0],[0.6260889663051598,6.260889663051597,1.0],[0.6211218319323739,6.21121831932374,1.0]]
2a_Hurink_sdata_18_workers.fjs;2686.9369096428854;4433100;[271,360,800,984,1035,0,212,509,583,1075,192,271,508,729,951,277,657,891,1019,1101,37,233,518,1118,1144,414,509,690,951,1083,0,55,873,994,1021,116,309,440,541,635,96,329,435,580,1084,559,625,806,871,1043,189,236,402,410,579,115,277,329,510,1123,0,410,595,781,873,27,96,482,958,1178,0,566,745,872,1178,351,715,1004,1035,1198,89,192,297,805,1144,243,715,805,956,1050,96,116,192,509,718,262,958,1052,1123,1234];[0,2,1,3,4,2,3,0,4,1,1,4,2,3,0,2,4,0,3,1,2,0,1,3,4,0,4,1,3,2,4,3,1,2,0,0,2,1,4,3,4,0,3,2,1,1,0,4,2,3,0,1,2,4,3,2,0,3,1,4,0,2,1,3,4,0,3,2,1,4,1,0,4,3,2,1,2,4,0,3,1,4,2,0,3,3,0,2,4,1,0,1,2,3,4,1,2,4,0,3];[2,6,4,5,3,2,1,6,1,3,3,6,4,3,0,2,2,6,5,0,1,6,1,3,2,2,0,1,5,4,4,2,3,3,4,4,3,5,0,5,0,2,6,6,1,3,4,1,2,5,6,0,6,1,2,2,5,5,1,6,0,3,0,3,4,0,5,3,6,6,3,5,5,5,2,0,4,1,4,3,5,1,2,0,5,3,6,6,4,0,3,1,4,2,0,1,3,2,0,5];[[0.49734142093980327,4.973414209398033,1.0],[0.35999045686025677,3.5999045686025677,1.0],[0.7220617567237175,7.220617567237175,1.0],[0.44672126724761885,4.4672126724761885,1.0],[0.4533596515962979,4.533596515962978,1.0],[0.025925678678183073,0.25925678678183073,1.0],[0.33490089376309407,3.3490089376309404,1.0]]
2a_Hurink_sdata_18_workers.fjs;2896.161372487367;4781820;[527,612,682,839,1120,126,163,805,874,1239,125,438,500,600,1023,35,57,467,577,958,169,533,571,813,1264,29,118,169,253,1152,612,952,1137,1239,1267,636,718,974,1080,1196,150,718,1028,1076,1222,0,263,347,572,739,420,652,682,1000,1329,0,347,397,1044,1255,0,57,342,486,1298,571,652,839,866,1168,36,202,550,873,952,253,354,839,874,993,467,527,925,937,1142,0,118,286,952,1093,397,768,866,1076,1142,474,579,768,1118,1289];[0,2,1,3,4,2,3,0,4,1,1,4,2,3,0,2,4,0,3,1,2,0,1,3,4,0,4,1,3,2,4,3,1,2,0,0,2,1,4,3,4,0,3,2,1,1,0,4,2,3,0,1,2,4,3,2,0,3,1,4,0,2,1,3,4,0,3,2,1,4,1,0,4,3,2,1,2,4,0,3,1,4,2,0,3,3,0,2,4,1,0,1,2,3,4,1,2,4,0,3];[2,6,2,4,3,2,4,6,3,3,3,6,4,3,0,5,0,5,0,5,3,6,1,3,2,6,0,5,5,2,4,2,3,5,4,1,3,5,2,1,0,1,3,6,3,3,2,1,6,4,4,3,6,4,0,2,3,3,2,2,6,4,6,3,3,2,5,2,6,6,3,6,5,5,1,0,5,3,4,6,4,5,2,0,5,0,1,5,4,0,2,0,0,1,1,1,4,2,0,5];[[0.4211249061401,4.211249061401,1.0],[0.9761073344853062,9.761073344853061,1.0],[0.6132800246752349,6.132800246752349,1.0],[0.6930423279788359,6.930423279788359,1.0],[0.5088628354481554,5.088628354481553,1.0],[0.18781156668551158,1.8781156668551158,1.0],[0.830121874145001,8.301218741450011,1.0]]
2a_Hurink_sdata_18_workers.fjs;2797.3988639641466;4256730;[242,428,702,1170,1215,121,343,472,667,1196,350,394,471,592,1204,158,256,667,728,1272,43,350,394,702,1181,524,619,970,1083,1171,201,472,527,1141,1196,812,982,1057,1141,1244,100,727,817,1035,1254,100,388,472,784,865,0,670,696,751,939,0,108,201,518,1091,248,542,782,992,1232,43,108,201,878,991,0,275,330,513,939,248,343,530,619,667,435,824,844,963,1116,0,158,275,915,1171,330,442,611,751,963,142,751,844,1058,1204];[0,2,1,3,4,2,3,0,4,1,1,4,2,3,0,2,4,0,3,1,2,0,1,3,4,0,4,1,3,2,4,3,1,2,0,0,2,1,4,3,4,0,3,2,1,1,0,4,2,3,0,1,2,4,3,2,0,3,1,4,0,2,1,3,4,0,3,2,1,4,1,0,4,3,2,1,2,4,0,3,1,4,2,0,3,3,0,2,4,1,0,1,2,3,4,1,2,4,0,3];[0,5,6,4,3,2,2,4,4,3,3,3,0,5,4,0,1,5,0,0,1,6,1,3,2,2,3,1,5,6,4,2,1,0,0,0,6,0,2,1,5,2,3,2,6,6,2,6,4,3,1,0,1,5,0,2,3,5,3,3,2,6,6,3,3,2,4,2,6,4,5,3,5,5,3,0,4,3,4,6,4,1,1,5,4,4,1,2,5,0,3,1,0,1,4,6,4,2,1,5];[[0.4831103964860096,4.831103964860096,1.0],[0.9021829992468611,9.02182999246861,1.0],[0.5374571935128641,5.374571935128642,1.0],[0.8761340971511191,8.761340971511192,1.0],[0.573156942708234,5.7315694270823405,1.0],[0.994523847851402,9.945238478514021,1.0],[0.3574465703190305,3.574465703190305,1.0]]
2a_Hurink_sdata_18_workers.fjs;2747.9954740905314;137180;[89,430,769,1041,1245,20,187,883,956,1262,598,846,908,1075,1127,0,630,769,972,1072,57,303,363,404,553,341,430,853,1162,1195,0,59,480,1111,1235,95,304,410,591,686,59,598,996,1041,1162,0,168,259,472,479,259,646,685,693,1235,720,829,883,972,1060,485,580,672,783,1164,20,100,693,980,1072,201,430,485,553,979,112,491,1030,1075,1127,404,410,479,512,632,430,685,769,908,1180,0,36,168,234,1262,288,652,769,935,1195];[0,2,1,3,4,2,3,0,4,1,1,4,2,3,0,2,4,0,3,1,2,0,1,3,4,0,4,1,3,2,4,3,1,2,0,0,2,1,4,3,4,0,3,2,1,1,0,4,2,3,0,1,2,4,3,2,0,3,1,4,0,2,1,3,4,0,3,2,1,4,1,0,4,3,2,1,2,4,0,3,1,4,2,0,3,3,0,2,4,1,0,1,2,3,4,1,2,4,0,3];[0,6,1,4,3,2,5,2,1,3,0,6,0,3,4,2,2,5,3,5,3,6,1,3,4,6,0,5,5,6,0,2,6,2,5,4,2,5,6,3,6,1,0,0,6,3,3,1,4,4,6,0,6,6,0,5,0,3,5,1,0,3,0,3,3,4,5,2,6,1,0,3,5,5,4,0,3,5,4,6,0,1,1,0,5,1,1,2,4,0,5,1,4,2,1,5,4,6,2,5];[[0.34661995661142697,3.4661995661142697,1.0],[0.2286410960833074,2.286410960833074,1.0],[0.012392470279078194,0.12392470279078194,1.0],[0.9308270259025113,9.308270259025113,1.0],[0.3225145761620236,3.225145761620236,1.0],[0.0006954578022455582,0.006954578022455582,1.0],[0.2097170717940725,2.097170717940725,1.0]]
2a_Hurink_sdata_18_workers.fjs;2947.6513239037577;2868780;[0,65,605,720,860,6,353,822,877,1225,43,241,304,754,1080,43,424,874,975,1129,143,321,376,593,1216,411,506,743,876,984,43,98,292,591,1072,100,221,830,998,1282,108,506,619,914,1234,0,217,689,781,998,173,424,450,536,664,108,361,411,1216,1364,6,788,914,1072,1254,33,500,622,1037,1129,185,681,1037,1163,1242,96,458,743,1150,1375,88,221,281,736,822,304,591,715,781,1003,301,525,649,909,1337,450,543,609,934,1242];[0,2,1,3,4,2,3,0,4,1,1,4,2,3,0,2,4,0,3,1,2,0,1,3,4,0,4,1,3,2,4,3,1,2,0,0,2,1,4,3,4,0,3,2,1,1,0,4,2,3,0,1,2,4,3,2,0,3,1,4,0,2,1,3,4,0,3,2,1,4,1,0,4,3,2,1,2,4,0,3,1,4,2,0,3,3,0,2,4,1,0,1,2,3,4,1,2,4,0,3];[2,5,1,4,3,2,1,4,4,3,6,3,4,5,4,5,4,6,6,0,1,5,4,3,4,2,3,1,5,1,4,2,6,2,4,4,0,0,6,1,5,2,0,0,6,4,2,1,6,4,6,0,1,5,2,3,3,3,6,4,0,3,5,3,4,3,4,2,6,6,5,3,5,5,2,0,6,3,4,6,2,1,6,0,5,3,6,6,2,0,5,0,4,1,0,5,3,5,2,5];[[0.8559393885152179,8.55939388515218,1.0],[0.8004839408308784,8.004839408308783,1.0],[0.5938433496209707,5.938433496209708,1.0],[0.8870093324131678,8.870093324131679,1.0],[0.741558169706834,7.4155816970683395,1.0],[0.8097670389513107,8.097670389513107,1.0],[0.2247324103169328,2.247324103169328,1.0]]
2a_Hurink_sdata_18_workers.fjs;2735.8241484321643;1477900;[642,648,990,1119,1153,0,37,137,271,448,95,178,257,389,968,235,570,822,1042,1070,37,254,457,546,822,48,349,683,785,941,0,70,785,1150,1216,292,458,511,630,692,95,557,642,1024,1099,412,467,764,1099,1153,424,867,898,941,1066,115,373,457,1115,1124,20,347,581,897,1018,189,254,703,898,1181,241,648,703,818,1106,0,150,241,1038,1227,89,155,446,882,988,347,703,789,893,1216,0,330,511,572,867,144,416,458,1119,1262];[0,2,1,3,4,2,3,0,4,1,1,4,2,3,0,2,4,0,3,1,2,0,1,3,4,0,4,1,3,2,4,3,1,2,0,0,2,1,4,3,4,0,3,2,1,1,0,4,2,3,0,1,2,4,3,2,0,3,1,4,0,2,1,3,4,0,3,2,1,4,1,0,4,3,2,1,2,4,0,3,1,4,2,0,3,3,0,2,4,1,0,1,2,3,4,1,2,4,0,3];[2,5,6,4,3,2,5,4,5,3,5,3,0,5,0,1,0,6,5,5,1,6,4,3,2,6,0,0,5,4,4,2,1,2,5,2,6,5,0,1,0,2,6,3,2,3,1,6,4,4,1,2,1,1,0,3,1,3,3,3,3,4,4,3,1,2,4,3,6,2,3,3,5,5,6,0,6,5,4,6,0,3,2,0,5,6,2,4,4,0,5,3,0,1,1,5,2,2,0,5];[[0.5198238265685563,5.198238265685563,1.0],[0.9583988744400509,9.583988744400509,1.0],[0.3402956357666065,3.402956357666065,1.0],[0.7081849781179302,7.081849781179303,1.0],[0.9252189405445452,9.252189405445453,1.0],[0.05032666735654623,0.5032666735654623,1.0],[0.6613275461751585,6.613275461751585,1.0]]
2a_Hurink_sdata_18_workers.fjs;2822.868300500614;2507760;[441,447,621,741,798,0,296,535,617,1304,100,358,990,1178,1230,37,57,381,479,503,215,641,706,841,1284,0,587,948,1051,1214,299,503,544,1105,1163,217,574,836,906,958,0,132,217,1132,1207,269,679,1023,1207,1230,89,148,174,182,329,182,587,646,906,1174,506,629,747,867,1081,316,386,770,1032,1184,0,447,506,567,1062,392,489,691,942,1304,262,269,305,856,1084,0,770,856,948,1138,296,316,706,775,996,174,316,721,996,1138];[0,2,1,3,4,2,3,0,4,1,1,4,2,3,0,2,4,0,3,1,2,0,1,3,4,0,4,1,3,2,4,3,1,2,0,0,2,1,4,3,4,0,3,2,1,1,0,4,2,3,0,1,2,4,3,2,0,3,1,4,0,2,1,3,4,0,3,2,1,4,1,0,4,3,2,1,2,4,0,3,1,4,2,0,3,3,0,2,4,1,0,1,2,3,4,1,2,4,0,3];[2,6,0,4,3,2,6,3,1,3,0,3,4,3,5,2,4,5,3,1,0,6,1,3,2,6,3,5,5,6,0,2,0,3,0,6,2,5,5,1,1,2,2,2,1,3,3,6,0,3,1,0,1,4,6,5,6,2,6,4,6,4,5,3,1,2,4,3,0,4,5,5,5,5,3,0,4,6,4,4,4,1,3,0,5,3,2,4,2,0,5,1,0,1,0,3,4,6,2,5];[[0.18019241848515155,1.8019241848515155,1.0],[0.48736227300275514,4.873622730027551,1.0],[0.07759170039841756,0.7759170039841756,1.0],[0.5225667244081349,5.2256672440813485,1.0],[0.9196433340252647,9.196433340252646,1.0],[0.8762509611803474,8.762509611803473,1.0],[0.5029695910906639,5.029695910906638,1.0]]
2a_Hurink_sdata_1_workers.fjs;111.83163817589812;2135920;[5,6,23,29,41,47,0,7,12,27,37,47,0,5,9,18,29,36,7,12,20,25,28,44,12,20,23,37,47,51,12,15,18,28,43,51];[2,0,1,3,5,4,1,2,4,5,0,3,2,3,5,0,1,4,1,0,2,3,4,5,2,1,4,5,0,3,1,3,5,0,4,2];[4,4,3,2,0,7,0,8,8,5,1,1,7,5,3,2,1,8,1,6,0,4,4,6,5,5,6,3,0,3,1,4,1,6,4,1];[[0.7773566427005639,7.7735664270056395,1.0],[0.6698255595592497,6.698255595592498,1.0],[0.09913960392481702,0.9913960392481702,1.0],[0.35297051119014544,3.529705111901454,1.0],[0.4679077429008419,4.679077429008419,1.0],[0.5346837414708775,5.346837414708775,1.0],[0.9783090609123973,9.783090609123974,1.0],[0.13031535015865903,1.3031535015865903,1.0],[0.6712434682302663,6.712434682302662,1.0]]
2a_Hurink_sdata_1_workers.fjs;120.34250021007765;1057580;[5,14,26,32,43,51,8,15,23,33,43,53,0,6,16,26,34,41,3,8,20,25,33,46,6,15,18,25,34,38,0,3,6,17,47,51];[2,0,1,3,5,4,1,2,4,5,0,3,2,3,5,0,1,4,1,0,2,3,4,5,2,1,4,5,0,3,1,3,5,0,4,2];[0,2,6,7,1,6,0,7,4,5,7,5,7,4,3,8,8,0,6,6,8,1,4,1,2,5,2,3,1,3,6,3,3,6,3,4];[[0.7966509679599704,7.966509679599704,1.0],[0.05862623274803458,0.5862623274803458,1.0],[0.7602397739740907,7.602397739740907,1.0],[0.8627037401845356,8.627037401845355,1.0],[0.09127403464611428,0.9127403464611428,1.0],[0.9024924365975527,9.024924365975528,1.0],[0.7858960565941281,7.858960565941281,1.0],[0.40667966546103385,4.0667966546103385,1.0],[0.37447264465852026,3.7447264465852026,1.0]]
2a_Hurink_sdata_1_workers.fjs;118.41394839662564;1190730;[8,9,20,37,43,51,3,14,19,31,41,51,9,14,22,32,41,45,15,24,29,34,37,46,0,10,13,18,29,43,0,3,6,15,31,35];[2,0,1,3,5,4,1,2,4,5,0,3,2,3,5,0,1,4,1,0,2,3,4,5,2,1,4,5,0,3,1,3,5,0,4,2];[4,4,1,7,6,7,0,7,7,5,1,3,7,0,3,8,5,0,1,4,2,7,4,2,2,5,5,3,0,3,8,5,1,6,3,3];[[0.5209484070219088,5.209484070219088,1.0],[0.42125020101147315,4.212502010114731,1.0],[0.22094517308324657,2.2094517308324657,1.0],[0.13033708391670573,1.3033708391670573,1.0],[0.48395776843282956,4.839577684328296,1.0],[0.6260889663051598,6.260889663051597,1.0],[0.6211218319323739,6.21121831932374,1.0],[0.707277595965894,7.07277595965894,1.0],[0.43539590023548325,4.3539590023548325,1.0]]
2a_Hurink_sdata_1_workers.fjs;110.34870632042231;4549800;[5,6,23,28,37,47,0,7,12,27,37,47,0,5,9,18,28,36,7,12,20,25,28,44,12,20,23,40,47,51,12,15,18,27,42,46];[2,0,1,3,5,4,1,2,4,5,0,3,2,3,5,0,1,4,1,0,2,3,4,5,2,1,4,5,0,3,1,3,5,0,4,2];[4,8,7,7,3,7,0,0,0,5,7,3,7,6,3,8,1,0,1,6,1,1,4,1,2,5,2,3,5,3,4,4,6,6,0,6];[[0.49734142093980327,4.973414209398033,1.0],[0.35999045686025677,3.5999045686025677,1.0],[0.7220617567237175,7.220617567237175,1.0],[0.44672126724761885,4.4672126724761885,1.0],[0.4533596515962979,4.533596515962978,1.0],[0.025925678678183073,0.25925678678183073,1.0],[0.33490089376309407,3.3490089376309404,1.0],[0.4755440242737675,4.755440242737675,1.0],[0.45132356511490823,4.513235651149082,1.0]]
2a_Hurink_sdata_1_workers.fjs;113.49757271787396;4199480;[0,1,26,32,40,49,3,10,15,26,37,47,1,6,16,29,37,43,10,15,23,28,35,43,15,23,26,36,47,51,0,3,6,20,31,51];[2,0,1,3,5,4,1,2,4,5,0,3,2,3,5,0,1,4,1,0,2,3,4,5,2,1,4,5,0,3,1,3,5,0,4,2];[7,2,3,2,6,7,0,5,4,5,1,2,7,6,3,1,8,0,2,6,8,4,4,6,5,5,2,3,1,3,6,4,7,6,7,2];[[0.4211249061401,4.211249061401,1.0],[0.9761073344853062,9.761073344853061,1.0],[0.6132800246752349,6.132800246752349,1.0],[0.6930423279788359,6.930423279788359,1.0],[0.5088628354481554,5.088628354481553,1.0],[0.18781156668551158,1.8781156668551158,1.0],[0.830121874145001,8.301218741450011,1.0],[0.8449241651217704,8.449241651217704,1.0],[0.20962821201639004,2.0962821201639006,1.0]]
2a_Hurink_sdata_1_workers.fjs;110.7283964066194;4091070;[5,6,23,29,41,47,0,7,12,27,37,47,0,5,9,18,29,36,7,12,20,25,28,44,12,20,23,37,47,51,12,15,18,27,42,46];[2,0,1,3,5,4,1,2,4,5,0,3,2,3,5,0,1,4,1,0,2,3,4,5,2,1,4,5,0,3,1,3,5,0,4,2];[4,2,0,2,3,7,0,8,0,5,7,0,7,5,3,8,1,0,0,6,1,7,4,1,5,5,2,3,5,3,1,4,6,6,5,3];[[0.4831103964860096,4.831103964860096,1.0],[0.9021829992468611,9.02182999246861,1.0],[0.5374571935128641,5.374571935128642,1.0],[0.8761340971511191,8.761340971511192,1.0],[0.573156942708234,5.7315694270823405,1.0],[0.994523847851402,9.945238478514021,1.0],[0.3574465703190305,3.574465703190305,1.0],[0.6617299629663892,6.617299629663892,1.0],[0.4882872262788658,4.882872262788657,1.0]]
2a_Hurink_sdata_1_workers.fjs;111.27791308405743;3177360;[5,6,23,29,41,47,0,7,12,27,37,47,0,5,9,18,29,40,7,12,20,25,28,44,12,20,23,37,47,51,12,15,18,27,36,40];[2,0,1,3,5,4,1,2,4,5,0,3,2,3,5,0,1,4,1,0,2,3,4,5,2,1,4,5,0,3,1,3,5,0,4,2];[7,8,0,2,1,7,0,7,0,5,7,6,7,5,3,8,3,0,2,2,1,1,4,1,1,5,2,3,0,3,6,4,6,6,8,4];[[0.34661995661142697,3.4661995661142697,1.0],[0.2286410960833074,2.286410960833074,1.0],[0.012392470279078194,0.12392470279078194,1.0],[0.9308270259025113,9.308270259025113,1.0],[0.3225145761620236,3.225145761620236,1.0],[0.0006954578022455582,0.006954578022455582,1.0],[0.2097170717940725,2.097170717940725,1.0],[0.5179602272351016,5.179602272351016,1.0],[0.7628222106217201,7.6282221062172,1.0]]
2a_Hurink_sdata_1_workers.fjs;110.8570974151106;1936820;[5,17,23,29,37,47,0,7,12,27,37,47,0,5,9,20,29,36,7,12,20,25,28,44,12,20,23,40,47,51,12,15,18,28,42,46];[2,0,1,3,5,4,1,2,4,5,0,3,2,3,5,0,1,4,1,0,2,3,4,5,2,1,4,5,0,3,1,3,5,0,4,2];[5,8,3,7,1,7,0,8,0,5,7,3,7,1,3,8,1,0,5,7,2,7,4,1,2,5,6,3,5,3,5,4,1,6,5,2];[[0.8559393885152179,8.55939388515218,1.0],[0.8004839408308784,8.004839408308783,1.0],[0.5938433496209707,5.938433496209708,1.0],[0.8870093324131678,8.870093324131679,1.0],[0.741558169706834,7.4155816970683395,1.0],[0.8097670389513107,8.097670389513107,1.0],[0.2247324103169328,2.247324103169328,1.0],[0.9761818800633866,9.761818800633865,1.0],[0.6339038774096737,6.339038774096737,1.0]]
2a_Hurink_sdata_1_workers.fjs;112.75796148869654;3942820;[6,10,26,31,40,49,3,10,15,26,37,47,0,6,15,29,37,43,10,15,23,28,35,43,15,23,26,36,49,52,0,3,6,20,31,35];[2,0,1,3,5,4,1,2,4,5,0,3,2,3,5,0,1,4,1,0,2,3,4,5,2,1,4,5,0,3,1,3,5,0,4,2];[4,8,7,7,3,7,0,5,7,5,1,6,7,8,3,8,8,0,2,8,0,1,4,8,5,5,2,3,0,3,5,4,6,6,0,0];[[0.5198238265685563,5.198238265685563,1.0],[0.9583988744400509,9.583988744400509,1.0],[0.3402956357666065,3.402956357666065,1.0],[0.7081849781179302,7.081849781179303,1.0],[0.9252189405445452,9.252189405445453,1.0],[0.05032666735654623,0.5032666735654623,1.0],[0.6613275461751585,6.613275461751585,1.0],[0.82711411373077,8.271141137307701,1.0],[0.8734961127808921,8.734961127808921,1.0]]
2a_Hurink_sdata_1_workers.fjs;119.68669776310102;4695070;[15,26,29,35,43,51,8,16,23,33,43,53,0,5,9,18,38,45,0,5,21,26,33,46,5,15,18,28,38,41,5,9,18,29,41,45];[2,0,1,3,5,4,1,2,4,5,0,3,2,3,5,0,1,4,1,0,2,3,4,5,2,1,4,5,0,3,1,3,5,0,4,2];[0,8,8,7,3,7,0,6,0,5,1,1,7,6,3,1,6,0,0,7,8,1,4,8,5,5,5,3,1,3,8,1,7,6,8,2];[[0.18019241848515155,1.8019241848515155,1.0],[0.48736227300275514,4.873622730027551,1.0],[0.07759170039841756,0.7759170039841756,1.0],[0.5225667244081349,5.2256672440813485,1.0],[0.9196433340252647,9.196433340252646,1.0],[0.8762509611803474,8.762509611803473,1.0],[0.5029695910906639,5.029695910906638,1.0],[0.8160267976375112,8.160267976375112,1.0],[0.8059112000327816,8.059112000327817,1.0]]
2a_Hurink_sdata_38_workers.fjs;5538.883788162562;108170;[292,409,685,711,1038,1653,1776,1783,1875,2306,0,507,611,666,862,949,1198,1220,1657,2268,420,504,574,623,771,910,1113,1198,1732,1856,139,573,764,1258,1336,1382,1681,2212,2245,2554,240,471,1426,1486,1580,1840,1875,2075,2191,2261,573,857,929,1102,1198,1262,1735,1851,2331,2388,211,692,827,857,1252,1401,1496,1753,1758,2071,33,465,743,1467,1621,1875,2290,2314,2463,2479,317,490,756,949,1125,1315,1969,2059,2109,2333,405,666,832,857,898,1126,1212,1437,1628,1997,33,115,484,574,741,959,1386,2223,2300,2385,0,294,353,1191,1382,1423,1486,2209,2472,2528,0,340,470,1022,1637,1783,1875,1997,2379,2472,83,183,433,641,685,779,1030,2004,2094,2351,500,611,871,1118,1382,1467,1566,2212,2245,2472,261,528,834,910,1645,1845,1875,2417,2475,2554,302,665,711,771,996,1337,1620,1681,2487,2526,409,1082,1382,1437,1678,2059,2093,2199,2341,2420,0,96,192,405,692,1252,1566,1628,1678,1854,0,956,1022,1102,1315,1561,1751,1776,1947,2109,139,282,302,489,504,818,1204,1305,1362,1545,109,139,352,1126,1433,1542,1732,1942,2004,2497,73,192,1386,1433,1522,1736,1835,1868,2093,2149,0,33,387,489,780,949,1267,1758,2075,2240,183,756,1522,1545,1769,2059,2131,2205,2290,2475,94,352,489,537,838,928,1082,1169,1473,1968,0,96,115,775,898,1171,1258,1301,1776,1889,343,813,1169,1220,1340,1526,1950,2159,2239,2351,193,240,318,1107,1483,1673,1769,1913,1997,2166,260,302,511,1281,1518,1621,2159,2212,2268,2385];[0,2,3,7,9,6,8,5,1,4,3,0,6,2,8,9,1,4,7,5,4,3,8,9,1,6,5,2,7,0,1,5,0,6,2,9,3,4,8,7,0,4,3,5,1,9,6,8,7,2,7,0,1,6,5,3,4,2,8,9,7,5,1,8,2,4,3,0,9,6,2,4,7,8,6,3,9,5,1,0,7,9,2,8,6,3,5,4,0,1,9,6,5,1,2,8,0,4,3,7,8,0,9,3,6,5,4,2,7,1,4,3,0,8,2,1,7,6,5,9,9,1,6,7,0,8,4,2,5,3,0,6,1,3,8,5,4,9,7,2,2,0,5,6,3,7,1,9,4,8,1,5,6,0,8,4,9,2,7,3,4,7,1,8,0,6,9,5,3,2,1,0,7,8,4,5,9,2,3,6,0,6,1,5,9,8,3,4,2,7,1,0,6,5,4,7,8,2,9,3,7,9,6,3,8,2,4,1,0,5,2,5,4,0,6,9,8,7,3,1,4,3,6,2,9,0,7,8,5,1,8,1,3,5,9,4,6,0,2,7,5,3,2,0,1,9,6,8,7,4,7,2,0,9,5,6,1,4,3,8,5,0,9,2,1,6,7,8,3,4,6,5,8,1,3,0,7,2,9,4,0,9,3,5,1,7,4,2,6,8,3,9,2,0,6,8,4,5,1,7];[3,7,13,13,5,9,6,7,14,3,5,13,14,8,10,1,6,5,7,13,8,0,0,0,1,14,6,8,0,8,12,11,12,0,10,0,11,6,12,14,11,1,5,8,14,8,7,0,1,5,3,11,9,11,10,12,3,4,6,13,0,0,11,2,1,2,11,5,9,9,9,12,12,12,14,10,1,10,0,0,5,9,6,3,11,9,7,5,7,4,3,10,5,3,11,5,3,10,13,6,0,14,6,10,14,11,11,0,13,0,10,14,3,0,5,13,3,7,3,7,4,0,2,8,10,4,2,0,4,1,3,0,10,6,1,7,10,9,1,3,1,2,2,3,14,8,11,14,4,4,8,3,8,0,4,10,6,1,9,8,9,12,5,9,12,8,0,13,5,0,9,7,10,8,3,11,3,4,5,8,2,3,5,2,3,9,9,3,2,5,0,4,6,1,12,5,12,5,1,5,9,9,13,5,10,4,3,11,4,1,4,0,13,7,0,10,6,12,1,5,1,12,12,9,5,2,1,3,12,10,9,6,11,3,8,10,4,8,14,1,1,8,1,12,3,7,9,2,2,2,12,9,7,6,5,8,12,5,1,5,12,10,8,5,3,11,8,7,12,2,8,7,10,6,6,10,12,11,10,14,3,9,11,3,13,12,10,9,13,0,10,2,1,0,2,6,14,11,9,2];[[0.7773566427005639,7.7735664270056395,1.0],[0.6698255595592497,6.698255595592498,1.0],[0.09913960392481702,0.9913960392481702,1.0],[0.35297051119014544,3.529705111901454,1.0],[0.4679077429008419,4.679077429008419,1.0],[0.5346837414708775,5.346837414708775,1.0],[0.9783090609123973,9.783090609123974,1.0],[0.13031535015865903,1.3031535015865903,1.0],[0.6712434682302663,6.712434682302662,1.0],[0.36422941594737557,3.6422941594737557,1.0],[0.48883570716198577,4.888357071619858,1.0],[0.20301221073405373,2.0301221073405373,1.0],[0.6661983755713592,6.661983755713592,1.0],[0.2276630312069321,2.276630312069321,1.0],[0.4580640582967631,4.580640582967631,1.0]]
2a_Hurink_sdata_38_workers.fjs;4948.784779634479;269770;[215,278,420,474,506,629,1146,1722,1814,1898,0,345,875,927,1044,1160,1239,1345,1473,1814,226,555,744,860,1170,1736,1819,1911,2045,2154,138,418,626,725,1174,1369,1435,1683,1787,1976,293,576,810,877,1146,1270,1905,2044,2148,2192,96,182,296,614,803,930,1395,1852,1911,2157,0,96,597,790,810,1128,1133,1327,1702,1781,565,637,936,1315,1376,1473,1552,1595,1680,1859,332,385,637,655,744,857,955,1277,1332,2238,0,79,505,556,655,860,1239,1427,1655,1717,245,494,733,739,1008,1105,1262,1277,1500,1911,301,529,812,904,1017,1331,1386,1519,1662,2111,79,124,225,385,1082,1195,1331,1557,1959,2192,278,296,321,474,521,921,1223,1522,1585,2005,0,85,330,451,625,957,1059,1239,1795,2166,655,725,794,922,962,1098,1287,1798,1897,2207,0,284,387,401,962,1329,1781,1903,1959,1970,195,701,1086,1410,1507,1557,1635,1702,1726,2065,0,375,486,576,641,1181,1195,1714,1764,1807,0,453,494,950,1141,1223,1385,1456,1580,2065,182,432,578,669,795,1061,1674,1717,1805,2166,420,461,505,576,927,1008,1160,1465,2035,2065,45,93,321,468,599,1048,1065,1580,2053,2262,278,1257,1331,1435,1474,1557,1655,1999,2071,2192,0,32,672,840,957,1131,1256,1445,1490,1940,239,358,435,739,770,1412,1519,1764,1805,2200,245,1065,1086,1131,1470,1557,1674,1717,1969,2071,153,225,311,401,894,1176,1315,1411,1816,1859,129,182,226,521,739,875,1017,1315,1839,2005,171,226,455,744,1153,1360,1629,2111,2166,2242];[0,2,3,7,9,6,8,5,1,4,3,0,6,2,8,9,1,4,7,5,4,3,8,9,1,6,5,2,7,0,1,5,0,6,2,9,3,4,8,7,0,4,3,5,1,9,6,8,7,2,7,0,1,6,5,3,4,2,8,9,7,5,1,8,2,4,3,0,9,6,2,4,7,8,6,3,9,5,1,0,7,9,2,8,6,3,5,4,0,1,9,6,5,1,2,8,0,4,3,7,8,0,9,3,6,5,4,2,7,1,4,3,0,8,2,1,7,6,5,9,9,1,6,7,0,8,4,2,5,3,0,6,1,3,8,5,4,9,7,2,2,0,5,6,3,7,1,9,4,8,1,5,6,0,8,4,9,2,7,3,4,7,1,8,0,6,9,5,3,2,1,0,7,8,4,5,9,2,3,6,0,6,1,5,9,8,3,4,2,7,1,0,6,5,4,7,8,2,9,3,7,9,6,3,8,2,4,1,0,5,2,5,4,0,6,9,8,7,3,1,4,3,6,2,9,0,7,8,5,1,8,1,3,5,9,4,6,0,2,7,5,3,2,0,1,9,6,8,7,4,7,2,0,9,5,6,1,4,3,8,5,0,9,2,1,6,7,8,3,4,6,5,8,1,3,0,7,2,9,4,0,9,3,5,1,7,4,2,6,8,3,9,2,0,6,8,4,5,1,7];[9,7,13,13,8,0,2,7,14,8,5,1,13,8,14,8,5,5,13,1,8,0,13,0,7,5,3,14,0,8,3,11,12,5,3,3,6,2,5,14,11,12,5,12,14,1,1,7,14,5,11,14,12,8,7,12,12,6,13,10,2,10,11,2,1,2,6,5,4,0,5,9,9,12,9,12,3,7,3,10,5,4,10,7,7,2,3,5,10,13,3,6,4,3,9,6,8,7,10,9,4,14,12,1,11,0,3,0,13,6,12,0,3,7,13,0,11,10,14,10,5,7,12,0,13,6,2,0,10,10,13,14,14,0,1,11,4,5,6,3,12,8,2,8,14,5,4,10,4,4,10,3,14,4,7,12,4,11,9,4,0,0,6,8,2,7,3,7,5,0,11,9,10,13,0,7,0,1,2,2,7,12,12,2,6,4,9,3,14,12,4,1,9,1,10,12,13,4,11,1,13,5,6,5,0,9,12,11,2,1,2,3,2,13,6,10,5,12,2,9,10,14,8,7,8,2,3,3,10,14,9,2,6,3,11,9,13,6,8,11,1,11,14,4,9,5,6,9,5,2,6,13,7,11,5,1,14,1,8,6,3,13,7,4,6,10,11,8,5,3,12,4,4,6,1,13,9,2,10,14,8,8,14,0,12,14,8,8,1,0,7,1,2,8,2,11,4,4,0,2];[[0.7966509679599704,7.966509679599704,1.0],[0.05862623274803458,0.5862623274803458,1.0],[0.7602397739740907,7.602397739740907,1.0],[0.8627037401845356,8.627037401845355,1.0],[0.09127403464611428,0.9127403464611428,1.0],[0.9024924365975527,9.024924365975528,1.0],[0.7858960565941281,7.858960565941281,1.0],[0.40667966546103385,4.0667966546103385,1.0],[0.37447264465852026,3.7447264465852026,1.0],[0.6490262282913547,6.490262282913547,1.0],[0.40092466608569977,4.009246660856998,1.0],[0.5721109226277574,5.721109226277575,1.0],[0.6077930620255084,6.077930620255084,1.0],[0.05072389565884072,0.5072389565884072,1.0],[0.7370880093375713,7.370880093375714,1.0]]
2a_Hurink_sdata_38_workers.fjs;4913.076025232782;232790;[0,177,561,662,806,1184,1686,1848,1992,2071,588,638,731,806,896,980,1220,1239,1330,1596,316,362,427,478,731,1366,1415,1540,1620,2114,232,332,562,638,1266,1343,1361,1559,1600,1821,155,207,237,280,707,1420,1528,1752,1948,2118,965,1051,1215,1280,1296,1416,1590,1639,2101,2172,216,562,787,884,1013,1097,1231,1304,1436,1914,0,361,944,980,1153,1394,1625,2172,2237,2253,57,294,345,513,648,700,785,1623,1692,2034,0,79,159,283,942,1546,1782,1849,1925,1993,106,207,288,294,487,900,1013,1380,1723,1914,0,463,771,801,896,1155,1246,1488,1540,2010,345,908,1009,1153,1363,1693,1723,1926,2008,2125,142,318,343,638,712,866,895,1316,1347,1474,142,332,375,463,965,1051,1239,1983,2010,2244,0,165,237,372,612,699,732,1420,1492,1592,73,164,216,699,851,962,1592,1625,1743,2216,81,288,332,478,793,1184,1518,1786,2140,2229,62,343,435,685,1097,1511,1686,1743,2084,2224,421,731,785,895,931,1070,1522,1855,1926,1983,0,388,421,1215,1231,1312,1425,1669,1849,2237,81,114,367,801,1074,1188,1309,1485,1653,2061,126,487,577,700,1361,1601,1803,2008,2114,2172,853,989,1064,1220,1266,1316,1613,1925,2008,2084,0,114,154,478,817,1068,1296,1726,1938,2134,119,257,460,561,752,872,1071,1394,1753,2167,463,1309,1370,1600,1639,1752,1895,1938,2059,2173,146,210,230,624,723,1347,1571,1810,1855,1925,414,662,781,1064,1251,1432,1485,1701,1839,2205,427,568,662,1231,1385,1488,1673,1786,1841,2134];[0,2,3,7,9,6,8,5,1,4,3,0,6,2,8,9,1,4,7,5,4,3,8,9,1,6,5,2,7,0,1,5,0,6,2,9,3,4,8,7,0,4,3,5,1,9,6,8,7,2,7,0,1,6,5,3,4,2,8,9,7,5,1,8,2,4,3,0,9,6,2,4,7,8,6,3,9,5,1,0,7,9,2,8,6,3,5,4,0,1,9,6,5,1,2,8,0,4,3,7,8,0,9,3,6,5,4,2,7,1,4,3,0,8,2,1,7,6,5,9,9,1,6,7,0,8,4,2,5,3,0,6,1,3,8,5,4,9,7,2,2,0,5,6,3,7,1,9,4,8,1,5,6,0,8,4,9,2,7,3,4,7,1,8,0,6,9,5,3,2,1,0,7,8,4,5,9,2,3,6,0,6,1,5,9,8,3,4,2,7,1,0,6,5,4,7,8,2,9,3,7,9,6,3,8,2,4,1,0,5,2,5,4,0,6,9,8,7,3,1,4,3,6,2,9,0,7,8,5,1,8,1,3,5,9,4,6,0,2,7,5,3,2,0,1,9,6,8,7,4,7,2,0,9,5,6,1,4,3,8,5,0,9,2,1,6,7,8,3,4,6,5,8,1,3,0,7,2,9,4,0,9,3,5,1,7,4,2,6,8,3,9,2,0,6,8,4,5,1,7];[4,7,8,1,12,0,12,7,0,4,5,11,5,8,5,6,2,5,13,2,8,7,3,0,1,10,7,12,0,8,5,11,9,3,10,11,0,2,12,9,11,14,9,10,14,8,1,7,6,6,11,3,1,12,7,9,10,4,9,13,6,10,11,2,1,2,1,6,12,12,8,14,9,12,3,4,8,10,7,0,12,0,2,4,3,7,5,5,1,12,3,14,5,9,0,7,13,4,13,1,8,12,12,13,2,14,0,8,14,0,10,2,14,14,12,13,9,4,3,10,4,7,13,8,13,10,0,3,8,10,3,6,1,9,2,11,0,1,5,3,9,5,2,11,9,2,4,14,4,1,11,3,14,9,4,4,8,14,9,11,4,2,13,6,9,7,13,13,5,14,8,7,10,6,3,3,11,1,3,8,9,12,13,9,4,8,8,6,14,5,9,13,7,6,1,0,10,3,1,7,13,0,1,13,14,3,12,11,2,4,13,7,8,13,10,10,6,13,6,11,10,1,12,3,11,2,2,9,13,7,14,14,7,3,8,4,1,4,2,1,2,13,1,10,10,5,2,11,9,1,12,8,7,1,0,4,14,1,8,11,12,12,7,9,9,11,8,8,5,8,4,4,10,12,12,13,5,6,10,14,11,2,0,14,11,11,14,4,11,0,14,1,0,13,2,0,5,4,12,2];[[0.5209484070219088,5.209484070219088,1.0],[0.42125020101147315,4.212502010114731,1.0],[0.22094517308324657,2.2094517308324657,1.0],[0.13033708391670573,1.3033708391670573,1.0],[0.48395776843282956,4.839577684328296,1.0],[0.6260889663051598,6.260889663051597,1.0],[0.6211218319323739,6.21121831932374,1.0],[0.707277595965894,7.07277595965894,1.0],[0.43539590023548325,4.3539590023548325,1.0],[0.04809800715767443,0.4809800715767443,1.0],[0.2254847064342842,2.254847064342842,1.0],[0.788548045160999,7.88548045160999,1.0],[0.42108890435006496,4.21088904350065,1.0],[0.5652029481252892,5.6520294812528915,1.0],[0.6764042610645917,6.764042610645918,1.0]]
2a_Hurink_sdata_38_workers.fjs;5504.523886216302;1046790;[81,412,891,1386,1592,1735,2100,2239,2331,2379,0,161,477,684,926,1748,1911,2049,2223,2506,402,538,813,1317,1386,1841,1862,2000,2319,2516,774,831,874,999,1302,1680,1740,1802,1899,2059,249,511,679,722,1170,1213,1246,1501,1688,1903,688,994,1562,1717,1735,1898,1953,2321,2380,2499,157,256,494,535,885,1623,2035,2100,2147,2229,251,817,1341,1362,1862,1953,1976,2331,2453,2468,301,554,787,1170,1331,1627,1940,2229,2331,2468,209,402,477,831,870,1129,1467,1543,1976,2128,52,301,399,1468,1534,1627,1787,1863,2239,2379,446,511,835,865,1262,1504,1820,1899,2128,2453,405,538,618,778,1316,1815,1844,2206,2400,2506,746,1007,1265,1423,1729,2072,2283,2319,2422,2511,326,681,881,1239,1362,1417,1898,1918,1988,2107,81,163,876,952,1013,1100,1128,1205,1262,2185,0,105,524,540,1230,1377,1424,1457,1543,2171,370,431,480,554,1203,1799,1844,2147,2316,2424,0,326,425,494,1229,1650,1774,2103,2290,2507,249,391,532,876,881,954,1704,1793,2229,2424,0,288,1109,1408,1592,1650,1779,1841,1898,2188,363,568,1031,1100,1424,1503,1661,1681,2155,2216,52,608,952,1031,1205,1213,1230,1408,2020,2072,263,296,391,774,811,954,1031,1415,1712,1899,87,100,339,530,688,774,803,1681,1953,2448,256,492,724,1386,1511,1627,1929,2155,2400,2437,0,144,161,209,393,1150,1774,1988,2250,2421,32,208,296,605,778,817,1050,1129,1704,2319,480,605,817,969,977,1442,1698,2063,2147,2216,105,305,399,612,684,787,1150,1317,1442,1962];[0,2,3,7,9,6,8,5,1,4,3,0,6,2,8,9,1,4,7,5,4,3,8,9,1,6,5,2,7,0,1,5,0,6,2,9,3,4,8,7,0,4,3,5,1,9,6,8,7,2,7,0,1,6,5,3,4,2,8,9,7,5,1,8,2,4,3,0,9,6,2,4,7,8,6,3,9,5,1,0,7,9,2,8,6,3,5,4,0,1,9,6,5,1,2,8,0,4,3,7,8,0,9,3,6,5,4,2,7,1,4,3,0,8,2,1,7,6,5,9,9,1,6,7,0,8,4,2,5,3,0,6,1,3,8,5,4,9,7,2,2,0,5,6,3,7,1,9,4,8,1,5,6,0,8,4,9,2,7,3,4,7,1,8,0,6,9,5,3,2,1,0,7,8,4,5,9,2,3,6,0,6,1,5,9,8,3,4,2,7,1,0,6,5,4,7,8,2,9,3,7,9,6,3,8,2,4,1,0,5,2,5,4,0,6,9,8,7,3,1,4,3,6,2,9,0,7,8,5,1,8,1,3,5,9,4,6,0,2,7,5,3,2,0,1,9,6,8,7,4,7,2,0,9,5,6,1,4,3,8,5,0,9,2,1,6,7,8,3,4,6,5,8,1,3,0,7,2,9,4,0,9,3,5,1,7,4,2,6,8,3,9,2,0,6,8,4,5,1,7];[9,7,3,0,4,11,8,7,9,8,5,9,14,8,10,9,3,5,7,3,12,3,13,0,1,1,13,1,0,8,3,11,9,4,14,4,3,12,5,14,11,0,9,10,14,14,1,0,3,8,12,7,1,5,6,11,1,6,6,6,8,0,11,2,1,2,8,10,9,1,12,12,9,12,1,6,6,3,8,1,5,12,2,5,11,14,13,9,7,0,3,10,4,9,5,14,5,7,14,7,1,6,0,14,14,0,10,8,14,10,1,2,14,0,0,3,5,10,14,10,13,8,8,8,10,6,9,11,3,10,13,4,5,12,1,13,0,8,5,3,14,11,2,0,9,13,14,7,5,10,12,3,8,7,0,1,11,6,9,2,1,2,3,13,2,7,11,2,5,0,14,8,10,13,10,2,7,1,12,4,12,12,5,7,3,8,8,13,2,5,9,4,14,6,14,5,8,14,12,12,13,4,9,5,8,12,0,11,12,4,9,7,8,4,10,8,2,13,13,6,8,0,12,14,8,2,11,9,0,2,9,2,6,4,2,14,11,6,13,1,4,2,14,4,7,5,6,9,11,2,14,12,6,8,7,11,2,5,4,11,11,6,6,12,11,7,3,11,5,2,5,5,10,12,12,5,7,13,9,14,13,10,7,0,3,1,4,9,6,0,4,1,7,1,2,10,9,3,13,7];[[0.49734142093980327,4.973414209398033,1.0],[0.35999045686025677,3.5999045686025677,1.0],[0.7220617567237175,7.220617567237175,1.0],[0.44672126724761885,4.4672126724761885,1.0],[0.4533596515962979,4.533596515962978,1.0],[0.025925678678183073,0.25925678678183073,1.0],[0.33490089376309407,3.3490089376309404,1.0],[0.4755440242737675,4.755440242737675,1.0],[0.45132356511490823,4.513235651149082,1.0],[0.08788974506102976,0.8788974506102976,1.0],[0.29509671683068217,2.9509671683068217,1.0],[0.33863234208051063,3.3863234208051063,1.0],[0.9020959027552419,9.020959027552419,1.0],[0.7173473735926632,7.173473735926632,1.0],[0.8986159167700656,8.986159167700656,1.0]]
2a_Hurink_sdata_38_workers.fjs;5351.839804762964;162150;[150,287,445,614,692,1358,1505,1575,1863,1905,45,486,786,842,935,1426,1531,1617,2460,2478,50,151,322,386,847,965,983,1384,1451,2199,614,675,825,914,932,1005,1177,1261,1689,1925,98,160,398,445,590,675,1171,1277,1554,2448,0,670,842,983,1060,1124,1177,1322,1531,1596,217,575,903,1060,1117,1256,1281,1415,2057,2136,35,366,642,788,923,1257,1566,1990,2106,2309,92,274,367,1162,1569,1720,1910,2010,2099,2309,92,212,276,739,1100,1117,1294,1360,2176,2365,0,338,480,502,1267,1667,1831,1898,2147,2235,94,662,1120,1378,1517,1712,2227,2302,2400,2460,0,45,276,416,924,1065,1456,1564,1745,1905,9,23,146,321,371,547,688,1249,1673,2302,386,630,723,958,1211,1605,1905,1919,1949,2136,432,502,710,786,833,923,1351,1683,1758,2355,274,367,416,921,1018,1120,1171,1201,1644,1837,786,1150,1378,1458,1492,1541,1637,1874,2096,2194,212,404,675,825,888,1430,1512,1758,1803,1837,57,590,630,718,724,799,1076,1447,1517,2029,145,366,480,688,705,1256,1448,1614,2078,2368,0,81,1290,1360,1752,1946,2096,2313,2321,2355,0,77,350,1005,1100,1277,1433,1596,1858,2059,9,71,222,1124,1201,1540,1945,2023,2368,2478,811,825,980,1193,1277,1770,1831,1919,2302,2365,518,563,906,1420,1512,1655,1770,1874,2005,2170,0,81,322,1644,1683,2023,2321,2365,2434,2499,842,1294,1440,1458,1569,1608,1626,1745,2234,2460,292,1313,1655,1851,1919,2005,2064,2143,2342,2478,0,171,274,416,515,763,1211,1460,1549,2057];[0,2,3,7,9,6,8,5,1,4,3,0,6,2,8,9,1,4,7,5,4,3,8,9,1,6,5,2,7,0,1,5,0,6,2,9,3,4,8,7,0,4,3,5,1,9,6,8,7,2,7,0,1,6,5,3,4,2,8,9,7,5,1,8,2,4,3,0,9,6,2,4,7,8,6,3,9,5,1,0,7,9,2,8,6,3,5,4,0,1,9,6,5,1,2,8,0,4,3,7,8,0,9,3,6,5,4,2,7,1,4,3,0,8,2,1,7,6,5,9,9,1,6,7,0,8,4,2,5,3,0,6,1,3,8,5,4,9,7,2,2,0,5,6,3,7,1,9,4,8,1,5,6,0,8,4,9,2,7,3,4,7,1,8,0,6,9,5,3,2,1,0,7,8,4,5,9,2,3,6,0,6,1,5,9,8,3,4,2,7,1,0,6,5,4,7,8,2,9,3,7,9,6,3,8,2,4,1,0,5,2,5,4,0,6,9,8,7,3,1,4,3,6,2,9,0,7,8,5,1,8,1,3,5,9,4,6,0,2,7,5,3,2,0,1,9,6,8,7,4,7,2,0,9,5,6,1,4,3,8,5,0,9,2,1,6,7,8,3,4,6,5,8,1,3,0,7,2,9,4,0,9,3,5,1,7,4,2,6,8,3,9,2,0,6,8,4,5,1,7];[4,7,13,14,12,6,8,7,14,9,5,14,9,8,1,8,3,5,0,6,12,8,2,0,1,14,2,5,0,8,4,11,2,10,7,3,3,12,12,7,11,7,5,5,14,4,8,10,9,5,3,8,9,8,10,12,6,4,13,13,8,0,11,2,1,2,0,4,4,0,0,10,13,12,6,9,12,3,0,10,5,1,13,7,8,10,3,9,6,7,3,4,5,13,14,2,1,11,10,7,12,9,12,10,8,0,10,0,14,10,7,0,14,14,10,3,3,1,14,13,5,9,3,7,13,13,2,6,8,1,12,7,12,4,1,3,0,11,5,3,5,5,2,12,9,3,11,14,5,4,10,3,7,6,5,10,0,4,9,0,2,7,13,2,0,13,4,1,6,1,7,9,10,3,4,11,13,4,8,9,9,12,9,4,0,4,8,5,14,5,9,13,6,1,3,0,13,10,12,5,0,11,1,13,8,4,11,11,0,3,1,13,13,7,10,13,5,12,0,11,11,1,8,11,8,2,2,1,7,3,9,14,12,3,11,14,11,0,5,11,5,3,3,10,5,3,2,11,14,12,12,12,7,12,7,6,13,1,7,11,13,4,10,9,8,10,12,9,12,2,12,2,12,13,0,10,2,4,5,14,5,2,14,6,12,4,12,5,2,0,10,2,7,14,2,11,4,6,5,2];[[0.4211249061401,4.211249061401,1.0],[0.9761073344853062,9.761073344853061,1.0],[0.6132800246752349,6.132800246752349,1.0],[0.6930423279788359,6.930423279788359,1.0],[0.5088628354481554,5.088628354481553,1.0],[0.18781156668551158,1.8781156668551158,1.0],[0.830121874145001,8.301218741450011,1.0],[0.8449241651217704,8.449241651217704,1.0],[0.20962821201639004,2.0962821201639006,1.0],[0.6505169872996391,6.505169872996391,1.0],[0.7003316191510263,7.003316191510263,1.0],[0.7150339547653067,7.150339547653068,1.0],[0.8091072451390076,8.091072451390076,1.0],[0.8451978833841938,8.451978833841938,1.0],[0.3695849781386673,3.695849781386673,1.0]]
2a_Hurink_sdata_38_workers.fjs;5432.102089690997;367840;[581,642,1296,1542,1768,1900,2016,2077,2169,2211,0,80,168,524,1075,1165,1362,1542,1696,2072,0,259,802,909,1002,1126,1149,1300,1573,1676,26,113,307,379,454,994,1261,1338,1389,2502,185,259,640,749,888,978,994,1165,1384,2192,45,237,297,557,685,749,810,1159,1475,2212,375,793,926,1070,1075,1160,1323,2058,2253,2355,373,448,467,848,1090,1388,1414,1858,1925,2169,571,810,1282,1300,1683,1729,1753,1895,2077,2530,0,223,470,663,870,958,1002,1071,1202,2011,461,702,802,1024,1292,1589,1679,2272,2369,2452,288,354,658,688,893,1300,1768,1863,2016,2169,248,912,1145,1428,1546,1738,2101,2310,2388,2494,688,768,1059,1160,1652,1830,1858,1895,1926,2424,273,792,884,972,978,1045,1125,1284,1696,2095,94,173,468,1506,1830,1949,1979,2138,2192,2271,45,205,524,1266,1279,1453,1499,1528,1826,2388,0,461,505,560,675,1292,1528,1802,1961,2281,0,297,454,524,599,791,888,1600,1926,2281,173,267,388,587,592,675,768,1362,1595,1835,140,228,670,708,893,1222,1592,1823,2217,2494,341,373,855,1126,1602,1683,1768,1855,2044,2225,205,810,888,939,1439,1640,1676,1916,2169,2358,223,381,536,640,855,1261,1384,1453,1589,2452,80,94,99,379,573,679,1222,2072,2271,2331,0,284,559,1312,1327,1729,2053,2253,2334,2358,0,168,185,228,540,573,912,1002,1447,1513,0,94,254,302,381,642,768,815,1244,1802,505,560,1090,1437,1750,1870,1979,2058,2138,2396,502,708,856,1372,1499,1602,1757,1925,1981,2101];[0,2,3,7,9,6,8,5,1,4,3,0,6,2,8,9,1,4,7,5,4,3,8,9,1,6,5,2,7,0,1,5,0,6,2,9,3,4,8,7,0,4,3,5,1,9,6,8,7,2,7,0,1,6,5,3,4,2,8,9,7,5,1,8,2,4,3,0,9,6,2,4,7,8,6,3,9,5,1,0,7,9,2,8,6,3,5,4,0,1,9,6,5,1,2,8,0,4,3,7,8,0,9,3,6,5,4,2,7,1,4,3,0,8,2,1,7,6,5,9,9,1,6,7,0,8,4,2,5,3,0,6,1,3,8,5,4,9,7,2,2,0,5,6,3,7,1,9,4,8,1,5,6,0,8,4,9,2,7,3,4,7,1,8,0,6,9,5,3,2,1,0,7,8,4,5,9,2,3,6,0,6,1,5,9,8,3,4,2,7,1,0,6,5,4,7,8,2,9,3,7,9,6,3,8,2,4,1,0,5,2,5,4,0,6,9,8,7,3,1,4,3,6,2,9,0,7,8,5,1,8,1,3,5,9,4,6,0,2,7,5,3,2,0,1,9,6,8,7,4,7,2,0,9,5,6,1,4,3,8,5,0,9,2,1,6,7,8,3,4,6,5,8,1,3,0,7,2,9,4,0,9,3,5,1,7,4,2,6,8,3,9,2,0,6,8,4,5,1,7];[3,7,8,3,1,6,10,7,0,14,5,9,14,8,13,8,14,5,7,5,8,0,13,0,6,10,0,13,0,8,12,11,10,5,7,10,11,12,12,11,11,1,10,12,14,14,7,1,14,5,6,10,6,11,10,3,1,11,13,6,3,10,11,2,1,2,8,13,3,1,12,12,11,12,9,1,4,7,7,1,5,3,10,6,11,0,0,9,5,5,3,6,4,9,9,6,3,0,14,9,4,6,9,9,4,11,4,11,6,0,7,0,14,11,12,10,13,6,3,7,13,7,5,8,13,3,9,0,8,5,12,8,14,3,1,2,10,5,5,3,2,5,2,14,9,4,14,7,5,3,8,3,1,4,0,10,11,11,9,6,10,9,5,8,9,0,9,9,4,14,10,6,10,14,2,2,6,4,1,9,9,3,8,4,0,8,8,10,1,5,6,4,13,1,2,8,14,11,1,3,0,5,3,5,13,6,3,11,2,14,6,14,3,9,6,13,6,6,4,12,0,14,4,4,5,2,5,3,12,7,14,7,6,1,7,14,0,4,9,11,8,14,14,4,11,5,2,3,9,12,6,5,2,3,7,7,14,1,7,11,0,13,5,7,5,12,14,13,5,3,14,2,8,9,2,13,2,9,4,14,2,10,2,11,3,1,13,10,3,0,7,1,0,2,2,14,4,14,0,2];[[0.4831103964860096,4.831103964860096,1.0],[0.9021829992468611,9.02182999246861,1.0],[0.5374571935128641,5.374571935128642,1.0],[0.8761340971511191,8.761340971511192,1.0],[0.573156942708234,5.7315694270823405,1.0],[0.994523847851402,9.945238478514021,1.0],[0.3574465703190305,3.574465703190305,1.0],[0.6617299629663892,6.617299629663892,1.0],[0.4882872262788658,4.882872262788657,1.0],[0.5726412824777106,5.726412824777106,1.0],[0.32388398325139345,3.2388398325139347,1.0],[0.8072354510963532,8.072354510963532,1.0],[0.8087324055796944,8.087324055796945,1.0],[0.660852452150834,6.60852452150834,1.0],[0.5802577271631468,5.802577271631469,1.0]]
2a_Hurink_sdata_38_workers.fjs;5187.840883341741;202800;[276,337,417,651,720,1296,1528,1558,1722,2282,0,693,863,990,1080,1249,1529,1927,2137,2262,525,569,781,1040,1123,1180,1199,1515,1796,1899,79,340,414,576,682,1464,1655,1844,2141,2331,87,214,244,287,335,651,1080,1733,1907,2331,144,337,367,506,576,640,1670,1797,2076,2153,45,144,231,285,417,855,1034,1096,1529,2293,0,313,539,584,922,1224,1752,1847,1912,1957,806,1202,1309,1329,1425,1573,1702,1877,2068,2160,0,79,450,456,962,1167,1317,1425,1596,2047,443,860,1034,1096,1199,1289,1703,1902,1951,2227,87,287,652,829,1080,1436,1502,1711,2164,2227,400,494,717,1193,1472,1722,1977,1991,2071,2164,680,693,717,809,988,1372,1634,1677,1707,2071,199,488,640,1289,1296,1634,2054,2068,2174,2235,0,231,430,610,694,781,962,1126,1345,1902,244,337,1180,1211,1224,1661,1711,1788,1997,2137,261,367,559,880,922,1445,1611,1677,2007,2209,0,319,506,757,1109,1425,1690,1991,2174,2243,136,190,230,335,383,456,559,847,1797,2282,234,296,395,527,629,781,847,863,2047,2227,144,383,456,532,784,863,1289,1899,1964,2308,160,450,527,576,712,971,1176,1435,1650,1997,525,782,863,1406,1481,1767,1871,2160,2212,2400,81,144,175,1101,1345,1436,1942,2012,2037,2243,0,82,592,644,728,973,1224,1515,1550,1824,0,230,592,922,1194,1469,1584,1634,1752,2040,149,431,953,971,1172,1384,1655,1861,2096,2135,139,667,958,1032,1050,1286,1550,1701,1797,2037,149,313,977,1400,1558,1699,1722,1977,2068,2153];[0,2,3,7,9,6,8,5,1,4,3,0,6,2,8,9,1,4,7,5,4,3,8,9,1,6,5,2,7,0,1,5,0,6,2,9,3,4,8,7,0,4,3,5,1,9,6,8,7,2,7,0,1,6,5,3,4,2,8,9,7,5,1,8,2,4,3,0,9,6,2,4,7,8,6,3,9,5,1,0,7,9,2,8,6,3,5,4,0,1,9,6,5,1,2,8,0,4,3,7,8,0,9,3,6,5,4,2,7,1,4,3,0,8,2,1,7,6,5,9,9,1,6,7,0,8,4,2,5,3,0,6,1,3,8,5,4,9,7,2,2,0,5,6,3,7,1,9,4,8,1,5,6,0,8,4,9,2,7,3,4,7,1,8,0,6,9,5,3,2,1,0,7,8,4,5,9,2,3,6,0,6,1,5,9,8,3,4,2,7,1,0,6,5,4,7,8,2,9,3,7,9,6,3,8,2,4,1,0,5,2,5,4,0,6,9,8,7,3,1,4,3,6,2,9,0,7,8,5,1,8,1,3,5,9,4,6,0,2,7,5,3,2,0,1,9,6,8,7,4,7,2,0,9,5,6,1,4,3,8,5,0,9,2,1,6,7,8,3,4,6,5,8,1,3,0,7,2,9,4,0,9,3,5,1,7,4,2,6,8,3,9,2,0,6,8,4,5,1,7];[3,7,3,5,12,0,4,7,0,8,5,9,3,8,10,14,11,5,7,6,12,5,9,0,6,10,0,8,0,8,3,11,8,11,6,10,6,3,12,14,11,14,9,9,4,8,8,11,14,5,12,10,9,12,6,11,14,9,9,7,8,0,11,2,1,2,6,14,9,3,4,4,8,12,3,9,9,10,1,11,12,4,2,8,1,6,10,5,10,8,3,5,5,11,1,11,13,8,14,5,4,2,0,5,2,3,3,0,14,13,10,11,3,8,12,2,14,13,13,7,4,9,10,8,13,4,0,6,4,5,3,7,13,1,2,7,0,13,6,3,1,8,2,13,5,4,11,7,4,10,11,3,7,7,4,1,6,0,9,9,12,3,12,11,6,2,5,10,1,1,2,1,10,9,5,11,1,1,13,1,10,12,9,0,13,2,9,10,1,5,4,4,1,6,11,0,8,5,8,2,7,4,10,13,13,4,3,11,2,9,9,6,14,3,10,13,2,12,9,9,2,2,6,4,8,2,8,9,3,9,14,13,10,6,11,14,2,6,14,11,0,8,9,4,10,4,2,8,2,2,12,1,7,5,0,5,1,5,1,6,13,4,3,6,9,7,10,5,12,10,8,2,2,9,14,13,7,9,13,14,14,12,7,7,3,10,3,8,13,0,7,14,14,3,2,0,7,5,12,2];[[0.34661995661142697,3.4661995661142697,1.0],[0.2286410960833074,2.286410960833074,1.0],[0.012392470279078194,0.12392470279078194,1.0],[0.9308270259025113,9.308270259025113,1.0],[0.3225145761620236,3.225145761620236,1.0],[0.0006954578022455582,0.006954578022455582,1.0],[0.2097170717940725,2.097170717940725,1.0],[0.5179602272351016,5.179602272351016,1.0],[0.7628222106217201,7.6282221062172,1.0],[0.3089717897377221,3.089717897377221,1.0],[0.15113122452813788,1.5113122452813788,1.0],[0.07045772229012492,0.7045772229012492,1.0],[0.8725064026541692,8.725064026541693,1.0],[0.3074981421409557,3.074981421409557,1.0],[0.272859759997538,2.7285975999753798,1.0]]
2a_Hurink_sdata_38_workers.fjs;4919.311201933125;281630;[99,162,435,518,936,1127,1590,2030,2225,2267,0,409,497,577,667,812,908,928,1201,1279,119,364,435,506,586,707,818,1467,1617,1780,106,441,729,813,822,901,1060,1293,1380,1950,0,203,233,630,1440,1467,1715,1979,2104,2170,0,243,274,395,556,684,834,1225,1525,1780,101,200,411,481,728,1332,1523,1775,2026,2108,0,278,813,832,1023,1089,1115,1393,1797,1838,310,363,499,518,829,875,975,1243,1293,1416,42,1060,1127,1199,1290,1337,1540,1606,1932,2148,86,274,500,506,582,892,1129,1307,1440,1719,761,947,992,1185,1345,1467,1525,1943,2170,2226,0,157,321,395,635,877,1154,1385,1682,1991,581,679,749,902,1056,1290,1446,1600,2019,2104,242,595,678,822,973,1217,1600,1822,1926,2119,679,773,875,953,1239,1416,1523,1640,1764,2108,233,978,1027,1043,1136,1332,1483,1775,2168,2267,0,803,846,1151,1185,1243,1380,1523,1715,1866,162,243,1043,1146,1209,1325,1337,1548,1700,1860,279,369,411,497,586,659,764,1154,1302,1394,200,276,777,813,889,973,1146,1237,1625,1642,254,311,978,1076,1454,1625,1719,1843,1898,2122,0,293,728,870,1515,1523,1600,1832,1929,2006,0,33,106,502,630,684,951,1023,1076,1151,133,286,409,497,1113,1351,1381,1598,1850,2168,262,518,846,1029,1325,1535,1628,1719,2006,2078,52,352,411,456,554,1628,1720,1764,1832,1898,42,291,311,481,829,936,1238,1843,1987,2026,52,456,582,766,825,1027,1337,1547,1800,1932,52,121,667,868,1229,1469,1495,1850,1907,2238];[0,2,3,7,9,6,8,5,1,4,3,0,6,2,8,9,1,4,7,5,4,3,8,9,1,6,5,2,7,0,1,5,0,6,2,9,3,4,8,7,0,4,3,5,1,9,6,8,7,2,7,0,1,6,5,3,4,2,8,9,7,5,1,8,2,4,3,0,9,6,2,4,7,8,6,3,9,5,1,0,7,9,2,8,6,3,5,4,0,1,9,6,5,1,2,8,0,4,3,7,8,0,9,3,6,5,4,2,7,1,4,3,0,8,2,1,7,6,5,9,9,1,6,7,0,8,4,2,5,3,0,6,1,3,8,5,4,9,7,2,2,0,5,6,3,7,1,9,4,8,1,5,6,0,8,4,9,2,7,3,4,7,1,8,0,6,9,5,3,2,1,0,7,8,4,5,9,2,3,6,0,6,1,5,9,8,3,4,2,7,1,0,6,5,4,7,8,2,9,3,7,9,6,3,8,2,4,1,0,5,2,5,4,0,6,9,8,7,3,1,4,3,6,2,9,0,7,8,5,1,8,1,3,5,9,4,6,0,2,7,5,3,2,0,1,9,6,8,7,4,7,2,0,9,5,6,1,4,3,8,5,0,9,2,1,6,7,8,3,4,6,5,8,1,3,0,7,2,9,4,0,9,3,5,1,7,4,2,6,8,3,9,2,0,6,8,4,5,1,7];[9,7,6,6,8,6,4,7,0,3,5,9,7,8,4,1,1,5,7,7,8,6,13,0,1,1,4,11,0,8,10,11,8,0,3,4,1,3,5,14,11,14,9,11,1,14,3,2,14,8,10,4,1,11,7,7,13,10,13,4,6,10,11,2,1,2,8,4,12,2,0,4,7,12,1,1,8,7,5,11,5,1,6,3,0,14,10,5,7,13,3,14,5,11,9,3,1,4,10,9,11,14,12,5,10,3,4,11,13,7,10,11,3,5,4,3,3,3,3,10,8,3,3,0,13,2,9,3,4,1,12,3,5,12,2,10,4,9,3,3,5,5,2,0,2,12,11,7,5,5,10,3,7,6,0,12,11,13,9,12,0,5,2,3,2,6,12,10,1,14,3,9,10,3,9,3,14,4,11,6,12,3,12,4,13,9,8,7,14,12,0,4,3,9,14,0,9,0,12,11,8,9,7,13,0,11,0,11,9,1,6,12,14,4,6,8,2,13,0,7,4,0,6,9,8,2,8,4,13,1,9,7,14,1,7,14,7,4,3,1,0,6,4,10,7,5,6,13,2,12,13,8,2,12,0,12,2,5,7,5,4,13,7,1,14,11,12,6,5,14,8,4,11,13,14,1,12,9,13,14,6,4,2,2,11,6,13,6,1,0,11,1,8,8,2,10,14,13,2,2];[[0.8559393885152179,8.55939388515218,1.0],[0.8004839408308784,8.004839408308783,1.0],[0.5938433496209707,5.938433496209708,1.0],[0.8870093324131678,8.870093324131679,1.0],[0.741558169706834,7.4155816970683395,1.0],[0.8097670389513107,8.097670389513107,1.0],[0.2247324103169328,2.247324103169328,1.0],[0.9761818800633866,9.761818800633865,1.0],[0.6339038774096737,6.339038774096737,1.0],[0.5580285642552777,5.580285642552777,1.0],[0.4463526500656817,4.463526500656817,1.0],[0.28336462923826333,2.8336462923826335,1.0],[0.9019880415639555,9.019880415639555,1.0],[0.03268507148422006,0.32685071484220063,1.0],[0.4362825217209084,4.3628252172090844,1.0]]
2a_Hurink_sdata_38_workers.fjs;5156.7122798558;192900;[257,329,729,818,1004,1160,1298,1354,1472,1883,511,672,847,935,1124,1716,1895,2213,2282,2298,0,543,613,834,1124,1520,1778,1884,2049,2152,40,94,453,734,744,1325,1342,1377,2021,2377,598,650,679,870,918,1091,1255,1467,1568,1721,118,329,649,719,799,1031,1086,1277,1719,2074,282,1014,1181,1339,1383,1514,1644,1711,1812,1969,0,116,219,524,597,628,1188,1651,1719,2210,0,742,799,848,951,1004,1101,1519,1716,2312,40,173,409,438,875,1041,1132,1214,1711,1806,0,15,224,430,628,719,1573,1589,2152,2232,122,381,423,773,834,1064,1446,1929,1969,2029,0,360,486,613,930,1029,1118,1132,1248,1770,0,15,373,1086,1214,1446,1477,1689,1721,1818,85,96,180,390,850,1327,1916,1928,2152,2213,798,918,995,1270,1344,1635,1956,2219,2298,2377,373,478,654,693,762,906,1370,1718,1818,2056,93,377,423,659,930,978,1258,1679,2021,2101,136,242,583,649,1108,1329,1383,1589,1644,1906,116,216,397,486,491,1135,1430,1467,1598,2101,53,119,137,173,707,1064,1406,1415,1808,2259,96,137,289,1215,1439,1520,1598,1619,1785,1994,242,289,551,597,734,1312,1346,2107,2207,2337,430,511,906,1182,1403,1770,1848,1929,1981,2232,416,506,511,848,942,1342,1612,1785,1897,2312,237,409,650,903,1219,1340,1626,1848,1929,2384,0,360,506,892,1032,1071,1277,1619,1956,2125,318,390,409,668,762,1199,1228,1342,1649,1693,1029,1215,1568,1644,1812,1994,2049,2125,2276,2345,0,137,469,529,744,1080,1415,1477,1536,1626];[0,2,3,7,9,6,8,5,1,4,3,0,6,2,8,9,1,4,7,5,4,3,8,9,1,6,5,2,7,0,1,5,0,6,2,9,3,4,8,7,0,4,3,5,1,9,6,8,7,2,7,0,1,6,5,3,4,2,8,9,7,5,1,8,2,4,3,0,9,6,2,4,7,8,6,3,9,5,1,0,7,9,2,8,6,3,5,4,0,1,9,6,5,1,2,8,0,4,3,7,8,0,9,3,6,5,4,2,7,1,4,3,0,8,2,1,7,6,5,9,9,1,6,7,0,8,4,2,5,3,0,6,1,3,8,5,4,9,7,2,2,0,5,6,3,7,1,9,4,8,1,5,6,0,8,4,9,2,7,3,4,7,1,8,0,6,9,5,3,2,1,0,7,8,4,5,9,2,3,6,0,6,1,5,9,8,3,4,2,7,1,0,6,5,4,7,8,2,9,3,7,9,6,3,8,2,4,1,0,5,2,5,4,0,6,9,8,7,3,1,4,3,6,2,9,0,7,8,5,1,8,1,3,5,9,4,6,0,2,7,5,3,2,0,1,9,6,8,7,4,7,2,0,9,5,6,1,4,3,8,5,0,9,2,1,6,7,8,3,4,6,5,8,1,3,0,7,2,9,4,0,9,3,5,1,7,4,2,6,8,3,9,2,0,6,8,4,5,1,7];[10,7,0,13,2,1,13,7,11,8,5,1,2,8,13,9,4,5,7,1,12,0,1,0,6,14,7,10,0,8,10,11,6,3,7,7,6,12,12,14,11,12,3,11,14,1,3,1,14,8,10,0,14,8,8,8,12,10,13,13,6,0,11,2,1,2,0,10,12,9,7,14,4,12,3,6,14,7,2,1,5,4,13,12,1,14,2,9,10,14,3,5,4,3,7,9,9,13,4,1,9,14,12,11,8,13,5,7,14,2,7,6,14,0,5,13,7,11,14,13,10,0,13,0,10,10,9,5,8,5,13,9,13,8,2,0,10,12,3,3,13,5,2,8,13,1,12,7,4,10,1,3,7,7,0,12,10,6,9,7,0,12,3,2,12,9,8,0,5,14,14,10,10,9,4,4,6,1,8,1,9,12,14,4,0,2,9,11,1,5,13,1,1,1,14,8,14,5,2,7,0,0,3,11,14,11,12,11,2,3,9,4,14,7,6,10,0,13,6,5,5,9,10,7,8,2,11,3,0,12,9,1,2,4,8,4,13,6,3,11,2,1,4,4,11,4,14,5,0,2,6,7,2,6,0,5,13,5,13,11,6,4,11,5,11,7,5,9,12,6,12,5,11,6,1,10,10,9,4,14,6,6,1,10,9,7,10,2,6,0,1,14,5,2,2,6,3,0,8,8];[[0.5198238265685563,5.198238265685563,1.0],[0.9583988744400509,9.583988744400509,1.0],[0.3402956357666065,3.402956357666065,1.0],[0.7081849781179302,7.081849781179303,1.0],[0.9252189405445452,9.252189405445453,1.0],[0.05032666735654623,0.5032666735654623,1.0],[0.6613275461751585,6.613275461751585,1.0],[0.82711411373077,8.271141137307701,1.0],[0.8734961127808921,8.734961127808921,1.0],[0.5913019030238962,5.913019030238962,1.0],[0.11264722490163037,1.1264722490163037,1.0],[0.34477784983246407,3.4477784983246407,1.0],[0.011377599382669468,0.11377599382669468,1.0],[0.7909742881977946,7.909742881977946,1.0],[0.3277964015146908,3.277964015146908,1.0]]
2a_Hurink_sdata_38_workers.fjs;5141.228554175259;579320;[596,659,778,1308,1677,1844,1972,2068,2188,2304,0,54,370,876,1050,1155,1234,1258,1911,2282,73,118,883,1031,1261,1406,1425,1499,1574,1789,758,809,876,1059,1084,1136,1702,1789,1883,2201,223,275,303,581,627,771,1074,1308,1522,1685,316,453,1256,1448,1584,1648,2064,2104,2167,2346,123,860,947,977,982,1092,1474,1569,2098,2170,142,475,678,771,832,867,1278,1947,2025,2040,215,268,1066,1414,1516,2038,2160,2240,2294,2395,0,301,370,824,1361,1782,1859,2098,2276,2329,0,375,453,514,581,1499,1648,2066,2113,2229,0,73,484,719,832,977,1177,1464,1884,2282,79,136,150,402,659,1144,1308,1378,1738,2065,1269,1425,1501,1567,1609,1710,1822,1859,1929,2188,0,11,93,1067,1074,1156,1177,1359,1665,1978,44,627,981,1059,1219,1439,1556,1627,1687,1782,357,495,809,926,1176,1361,1406,1648,1737,2254,0,512,598,653,1117,1314,1438,1782,2160,2246,142,223,453,519,627,707,980,1037,1136,1414,121,556,678,852,1575,1770,1859,1890,1964,2080,541,787,946,1037,1156,1256,1548,1648,1928,2246,11,181,407,780,867,946,1031,2193,2246,2304,303,437,534,739,852,1448,1502,1689,2016,2141,816,860,1117,1278,1314,1467,1574,1737,1806,2272,0,66,218,293,519,707,758,982,1677,2025,268,407,758,876,947,1159,1317,1408,1448,2356,13,275,317,365,407,437,1097,1513,1972,2187,32,376,395,654,737,981,1256,1458,1516,1986,830,1234,1378,1704,1710,1859,1911,1986,2066,2317,32,519,966,1103,1258,1575,1726,1831,1884,2018];[0,2,3,7,9,6,8,5,1,4,3,0,6,2,8,9,1,4,7,5,4,3,8,9,1,6,5,2,7,0,1,5,0,6,2,9,3,4,8,7,0,4,3,5,1,9,6,8,7,2,7,0,1,6,5,3,4,2,8,9,7,5,1,8,2,4,3,0,9,6,2,4,7,8,6,3,9,5,1,0,7,9,2,8,6,3,5,4,0,1,9,6,5,1,2,8,0,4,3,7,8,0,9,3,6,5,4,2,7,1,4,3,0,8,2,1,7,6,5,9,9,1,6,7,0,8,4,2,5,3,0,6,1,3,8,5,4,9,7,2,2,0,5,6,3,7,1,9,4,8,1,5,6,0,8,4,9,2,7,3,4,7,1,8,0,6,9,5,3,2,1,0,7,8,4,5,9,2,3,6,0,6,1,5,9,8,3,4,2,7,1,0,6,5,4,7,8,2,9,3,7,9,6,3,8,2,4,1,0,5,2,5,4,0,6,9,8,7,3,1,4,3,6,2,9,0,7,8,5,1,8,1,3,5,9,4,6,0,2,7,5,3,2,0,1,9,6,8,7,4,7,2,0,9,5,6,1,4,3,8,5,0,9,2,1,6,7,8,3,4,6,5,8,1,3,0,7,2,9,4,0,9,3,5,1,7,4,2,6,8,3,9,2,0,6,8,4,5,1,7];[9,7,8,12,0,9,9,7,8,4,5,9,10,8,6,8,10,5,0,3,8,10,5,0,1,10,11,6,0,8,10,11,1,11,12,12,6,6,5,11,11,0,12,0,1,14,1,5,3,8,11,0,1,12,6,4,5,11,9,4,3,0,11,2,1,2,0,13,5,1,9,4,11,12,6,9,3,3,14,11,5,14,10,4,13,13,13,9,5,5,3,5,5,0,2,12,3,10,13,9,12,14,9,8,11,2,12,0,14,4,10,6,3,14,13,4,11,14,13,7,3,7,4,8,10,3,0,6,4,1,12,8,14,14,2,2,10,8,6,3,2,11,2,8,11,3,12,14,5,9,13,3,12,13,0,1,10,7,1,9,9,13,0,6,9,9,12,3,7,14,14,7,10,13,11,6,13,1,7,0,12,3,14,0,0,9,8,2,14,5,13,4,6,9,11,3,10,8,12,2,13,5,10,5,6,10,7,11,10,7,13,2,13,13,10,13,6,5,13,8,0,2,12,3,11,2,7,9,4,3,14,2,4,8,3,10,13,6,14,1,6,14,1,4,5,4,9,9,9,1,13,3,6,5,5,5,1,1,3,11,0,1,2,12,2,12,2,11,5,6,5,2,1,12,2,10,7,9,4,14,5,8,2,3,13,4,7,10,3,0,7,14,8,13,2,5,14,2,2,8];[[0.18019241848515155,1.8019241848515155,1.0],[0.48736227300275514,4.873622730027551,1.0],[0.07759170039841756,0.7759170039841756,1.0],[0.5225667244081349,5.2256672440813485,1.0],[0.9196433340252647,9.196433340252646,1.0],[0.8762509611803474,8.762509611803473,1.0],[0.5029695910906639,5.029695910906638,1.0],[0.8160267976375112,8.160267976375112,1.0],[0.8059112000327816,8.059112000327817,1.0],[0.2140591090540045,2.140591090540045,1.0],[0.08805821114486456,0.8805821114486456,1.0],[0.20329737064426556,2.0329737064426556,1.0],[0.5837360924329463,5.837360924329463,1.0],[0.6737333796339059,6.737333796339059,1.0],[0.1608013027204077,1.6080130272040771,1.0]]
2a_Hurink_sdata_40_workers.fjs;3732.7153728152803;142550;[81,138,324,436,452,791,885,1263,1306,1359,1432,1493,1551,1606,1631,0,225,328,400,555,715,730,799,890,964,1095,1149,1306,1371,1432,234,368,455,547,589,964,1066,1081,1179,1274,1344,1418,1436,1605,1648,0,22,297,328,577,652,718,763,954,1018,1142,1179,1263,1463,1565,0,102,154,225,234,466,474,574,643,715,801,978,1129,1648,1726,107,169,330,416,519,533,550,643,745,804,1149,1252,1280,1589,1661,88,157,212,251,417,505,538,555,633,799,1063,1119,1306,1493,1529,0,40,242,368,505,555,588,682,873,952,1263,1355,1493,1499,1606,87,169,448,547,577,633,718,873,954,978,1012,1063,1158,1202,1414,204,242,328,417,625,873,1023,1122,1129,1234,1305,1344,1426,1486,1551,0,88,328,389,499,707,715,880,890,1018,1095,1179,1262,1565,1676,297,389,410,419,499,573,804,1122,1305,1341,1364,1378,1456,1524,1713,0,16,99,251,574,659,711,718,801,873,964,1023,1364,1524,1602,0,87,138,204,283,558,612,730,887,1103,1202,1268,1456,1536,1631,16,448,474,589,625,644,745,890,1355,1431,1511,1529,1591,1676,1726];[5,6,11,9,2,14,3,10,12,13,1,7,8,4,0,1,3,7,2,14,0,9,8,6,5,13,4,10,12,11,6,8,0,9,10,12,2,11,13,3,5,1,4,14,7,10,12,3,4,2,0,8,7,13,9,11,6,1,14,5,9,8,3,6,0,7,1,4,13,5,11,10,2,14,12,11,7,5,6,0,3,13,4,2,10,12,8,14,1,9,4,2,9,5,14,13,10,12,0,3,7,8,6,1,11,6,5,11,9,14,10,7,13,1,4,2,3,12,0,8,11,5,9,2,0,6,12,13,10,1,7,4,3,14,8,11,1,3,13,9,14,0,10,7,4,5,6,12,8,2,4,12,1,7,5,0,11,3,2,13,6,10,9,14,8,12,1,10,5,8,6,2,13,4,11,0,14,3,9,7,2,7,5,9,1,14,3,10,13,12,0,6,8,4,11,11,6,1,12,9,5,3,13,10,0,2,8,14,7,4,13,3,4,9,11,10,0,8,2,6,5,1,7,12,14];[7,4,16,20,18,20,0,14,9,12,7,4,14,1,3,11,9,15,16,14,6,1,2,5,14,13,16,11,2,12,7,6,3,15,5,21,3,10,5,0,20,8,15,13,13,6,21,0,17,18,2,21,9,10,4,14,21,2,8,10,4,7,13,21,18,1,19,7,11,18,7,2,13,5,5,20,10,0,4,13,6,11,0,16,10,12,4,1,6,12,18,12,0,21,10,20,14,8,2,1,19,3,14,20,11,3,3,12,2,17,16,7,4,8,4,18,15,7,10,0,16,20,9,18,10,21,20,20,18,20,2,12,14,8,9,3,15,10,13,9,16,11,13,18,13,21,10,14,18,3,2,11,5,5,12,18,12,13,2,6,5,18,17,5,8,9,4,1,11,2,6,21,8,19,13,6,1,3,15,19,17,1,8,14,19,3,7,3,8,14,13,14,13,19,15,9,12,3,2,6,13,14,7,19,16,14,4,10,16,16,17,20,0,1,4,5,0,17,18,16,19,0,11,0,4];[[0.7773566427005639,7.7735664270056395,1.0],[0.6698255595592497,6.698255595592498,1.0],[0.09913960392481702,0.9913960392481702,1.0],[0.35297051119014544,3.529705111901454,1.0],[0.4679077429008419,4.679077429008419,1.0],[0.5346837414708775,5.346837414708775,1.0],[0.9783090609123973,9.783090609123974,1.0],[0.13031535015865903,1.3031535015865903,1.0],[0.6712434682302663,6.712434682302662,1.0],[0.36422941594737557,3.6422941594737557,1.0],[0.48883570716198577,4.888357071619858,1.0],[0.20301221073405373,2.0301221073405373,1.0],[0.6661983755713592,6.661983755713592,1.0],[0.2276630312069321,2.276630312069321,1.0],[0.4580640582967631,4.580640582967631,1.0],[0.040722397554957435,0.40722397554957435,1.0],[0.9742897953778286,9.742897953778286,1.0],[0.4874760742689066,4.874760742689066,1.0],[0.4616138636373597,4.616138636373597,1.0],[0.7141471558082002,7.141471558082002,1.0],[0.4157281494999725,4.157281494999725,1.0],[0.888011688001529,8.88011688001529,1.0]]
2a_Hurink_sdata_40_workers.fjs;3698.1665411041686;866940;[0,97,296,431,457,694,776,868,911,1082,1155,1323,1392,1597,1658,385,446,513,566,619,676,689,789,880,963,1053,1122,1262,1592,1619,0,97,352,443,482,535,637,653,712,868,877,946,958,1046,1570,0,185,384,456,653,693,752,789,988,1110,1162,1179,1349,1426,1523,0,186,238,338,525,603,647,754,949,1158,1198,1327,1364,1570,1655,91,154,215,296,338,365,384,521,1002,1110,1311,1448,1523,1570,1654,105,174,230,336,408,598,631,647,854,878,958,1380,1392,1459,1508,216,460,557,785,963,1080,1110,1224,1269,1349,1429,1512,1586,1592,1658,160,296,336,431,469,637,801,1269,1364,1426,1459,1508,1597,1644,1729,182,446,562,653,756,785,873,1007,1014,1055,1122,1270,1400,1464,1528,15,105,259,316,408,460,469,557,693,801,1082,1189,1262,1362,1528,0,85,106,142,238,385,535,566,619,719,956,1088,1172,1362,1665,0,15,72,142,174,259,958,1014,1155,1224,1311,1422,1608,1653,1665,0,160,316,385,589,674,694,878,949,1007,1057,1311,1399,1639,1665,0,338,431,554,712,719,757,880,924,1002,1082,1088,1262,1619,1726];[5,6,11,9,2,14,3,10,12,13,1,7,8,4,0,1,3,7,2,14,0,9,8,6,5,13,4,10,12,11,6,8,0,9,10,12,2,11,13,3,5,1,4,14,7,10,12,3,4,2,0,8,7,13,9,11,6,1,14,5,9,8,3,6,0,7,1,4,13,5,11,10,2,14,12,11,7,5,6,0,3,13,4,2,10,12,8,14,1,9,4,2,9,5,14,13,10,12,0,3,7,8,6,1,11,6,5,11,9,14,10,7,13,1,4,2,3,12,0,8,11,5,9,2,0,6,12,13,10,1,7,4,3,14,8,11,1,3,13,9,14,0,10,7,4,5,6,12,8,2,4,12,1,7,5,0,11,3,2,13,6,10,9,14,8,12,1,10,5,8,6,2,13,4,11,0,14,3,9,7,2,7,5,9,1,14,3,10,13,12,0,6,8,4,11,11,6,1,12,9,5,3,13,10,0,2,8,14,7,4,13,3,4,9,11,10,0,8,2,6,5,1,7,12,14];[7,6,17,19,19,20,0,10,8,12,6,7,5,14,18,10,1,3,2,14,18,7,19,17,18,16,1,11,12,20,18,11,15,21,18,21,10,11,8,15,16,19,15,5,7,21,1,11,16,0,4,19,1,4,8,15,5,3,7,21,12,12,8,20,13,6,17,10,11,4,14,6,13,16,3,1,10,17,4,3,13,5,4,10,21,16,4,7,13,2,18,15,0,2,8,20,17,5,2,13,1,10,14,16,11,19,3,5,2,17,8,7,3,3,4,9,3,15,0,11,6,21,18,12,0,21,8,20,20,18,11,18,9,8,14,3,6,0,10,12,3,21,13,14,3,16,10,21,13,20,15,9,6,16,3,11,9,16,12,13,18,13,19,21,8,9,14,7,8,12,14,18,12,8,0,3,17,8,15,16,15,19,8,14,7,2,10,7,9,18,9,2,5,9,0,20,5,14,0,19,20,1,7,9,8,14,18,6,10,1,10,4,18,3,19,16,9,20,20,20,11,11,13,1,18];[[0.7966509679599704,7.966509679599704,1.0],[0.05862623274803458,0.5862623274803458,1.0],[0.7602397739740907,7.602397739740907,1.0],[0.8627037401845356,8.627037401845355,1.0],[0.09127403464611428,0.9127403464611428,1.0],[0.9024924365975527,9.024924365975528,1.0],[0.7858960565941281,7.858960565941281,1.0],[0.40667966546103385,4.0667966546103385,1.0],[0.37447264465852026,3.7447264465852026,1.0],[0.6490262282913547,6.490262282913547,1.0],[0.40092466608569977,4.009246660856998,1.0],[0.5721109226277574,5.721109226277575,1.0],[0.6077930620255084,6.077930620255084,1.0],[0.05072389565884072,0.5072389565884072,1.0],[0.7370880093375713,7.370880093375714,1.0],[0.708486383757228,7.08486383757228,1.0],[0.9221724532030824,9.221724532030823,1.0],[0.7149390332589045,7.149390332589045,1.0],[0.6557724968554814,6.5577249685548145,1.0],[0.7371071646895253,7.371071646895253,1.0],[0.18754222176317448,1.8754222176317448,1.0],[0.5019778365908455,5.019778365908455,1.0]]
2a_Hurink_sdata_40_workers.fjs;3698.8743664415524;1931510;[80,236,301,492,597,723,805,1052,1096,1147,1227,1296,1338,1516,1614,0,72,139,216,465,577,716,822,913,1054,1314,1342,1418,1587,1614,145,236,330,390,537,822,1038,1073,1227,1314,1327,1406,1418,1538,1603,93,118,169,255,384,445,500,539,606,670,925,986,1070,1172,1406,0,330,382,448,500,677,684,791,831,897,942,1096,1281,1350,1614,148,481,609,687,830,951,982,1069,1222,1305,1384,1475,1490,1538,1617,93,162,216,255,327,415,722,1144,1222,1408,1494,1570,1582,1617,1657,0,39,211,427,522,630,684,787,873,953,1054,1325,1475,1481,1582,88,168,255,354,390,456,550,873,1006,1031,1160,1242,1494,1581,1714,110,409,503,745,787,818,913,998,1006,1167,1242,1391,1481,1653,1714,0,169,272,597,759,822,830,925,930,1069,1147,1231,1305,1426,1490,0,85,180,687,759,822,869,951,1011,1052,1073,1089,1165,1397,1554,0,15,98,168,324,415,465,472,537,624,845,1325,1406,1505,1516,0,88,207,415,504,589,609,670,745,902,977,1038,1165,1447,1543,0,200,227,354,388,597,630,913,1145,1231,1321,1327,1390,1554,1666];[5,6,11,9,2,14,3,10,12,13,1,7,8,4,0,1,3,7,2,14,0,9,8,6,5,13,4,10,12,11,6,8,0,9,10,12,2,11,13,3,5,1,4,14,7,10,12,3,4,2,0,8,7,13,9,11,6,1,14,5,9,8,3,6,0,7,1,4,13,5,11,10,2,14,12,11,7,5,6,0,3,13,4,2,10,12,8,14,1,9,4,2,9,5,14,13,10,12,0,3,7,8,6,1,11,6,5,11,9,14,10,7,13,1,4,2,3,12,0,8,11,5,9,2,0,6,12,13,10,1,7,4,3,14,8,11,1,3,13,9,14,0,10,7,4,5,6,12,8,2,4,12,1,7,5,0,11,3,2,13,6,10,9,14,8,12,1,10,5,8,6,2,13,4,11,0,14,3,9,7,2,7,5,9,1,14,3,10,13,12,0,6,8,4,11,11,6,1,12,9,5,3,13,10,0,2,8,14,7,4,13,3,4,9,11,10,0,8,2,6,5,1,7,12,14];[7,17,17,20,3,20,0,2,17,3,6,6,2,4,14,11,20,20,20,14,18,12,19,5,18,3,12,5,14,1,9,0,11,11,3,11,7,5,1,4,17,21,12,13,7,10,17,0,16,18,2,7,19,10,19,15,21,11,9,1,17,7,14,19,1,4,17,18,3,0,6,16,18,7,0,1,10,15,4,15,8,17,4,16,21,6,20,6,6,2,18,13,13,2,10,20,0,21,2,19,0,10,2,21,11,4,3,12,11,15,16,7,7,3,2,14,0,15,14,11,0,18,9,18,21,16,11,8,12,11,11,12,7,13,9,3,0,0,16,16,17,12,10,18,20,14,9,18,16,0,10,6,4,14,11,18,4,16,16,0,5,0,10,13,8,9,6,20,6,19,9,15,19,2,6,17,8,0,15,21,15,14,8,8,19,12,17,13,9,20,2,4,17,2,15,19,13,18,10,12,20,21,5,9,1,14,1,10,18,16,8,10,1,13,16,19,0,7,2,11,20,14,11,0,3];[[0.5209484070219088,5.209484070219088,1.0],[0.42125020101147315,4.212502010114731,1.0],[0.22094517308324657,2.2094517308324657,1.0],[0.13033708391670573,1.3033708391670573,1.0],[0.48395776843282956,4.839577684328296,1.0],[0.6260889663051598,6.260889663051597,1.0],[0.6211218319323739,6.21121831932374,1.0],[0.707277595965894,7.07277595965894,1.0],[0.43539590023548325,4.3539590023548325,1.0],[0.04809800715767443,0.4809800715767443,1.0],[0.2254847064342842,2.254847064342842,1.0],[0.788548045160999,7.88548045160999,1.0],[0.42108890435006496,4.21088904350065,1.0],[0.5652029481252892,5.6520294812528915,1.0],[0.6764042610645917,6.764042610645918,1.0],[0.7568325816320766,7.568325816320765,1.0],[0.16251102322256883,1.6251102322256883,1.0],[0.4662293326345085,4.662293326345085,1.0],[0.652658580109924,6.526585801099239,1.0],[0.9348323542569703,9.348323542569704,1.0],[0.28093837261172117,2.8093837261172117,1.0],[0.9004772145836625,9.004772145836625,1.0]]
2a_Hurink_sdata_40_workers.fjs;3538.986471459372;146280;[89,136,304,371,467,616,698,790,1067,1125,1208,1272,1318,1401,1552,0,104,186,295,353,433,467,601,690,770,979,1064,1247,1485,1509,0,91,257,319,360,550,649,700,816,919,1362,1453,1464,1554,1596,0,22,330,360,420,476,564,601,675,768,835,907,998,1088,1431,0,181,259,349,358,756,778,980,1208,1247,1285,1362,1401,1480,1633,77,136,186,421,463,476,540,884,1013,1138,1216,1371,1388,1464,1540,105,201,256,295,410,502,535,649,834,929,1020,1306,1355,1422,1567,91,499,618,700,828,904,932,1080,1125,1205,1267,1352,1438,1444,1512,0,20,89,174,201,257,349,421,638,663,700,756,871,919,1460,20,72,172,259,383,494,627,768,853,992,1064,1192,1321,1388,1527,0,105,185,248,367,448,535,616,665,739,816,932,1013,1444,1582,185,270,415,433,499,564,610,642,848,884,1126,1180,1259,1321,1422,256,328,540,652,695,778,828,835,910,979,1067,1126,1192,1267,1399,136,358,410,479,550,652,835,1009,1080,1142,1154,1237,1362,1369,1612,0,77,185,212,248,270,536,690,734,1275,1355,1362,1470,1527,1596];[5,6,11,9,2,14,3,10,12,13,1,7,8,4,0,1,3,7,2,14,0,9,8,6,5,13,4,10,12,11,6,8,0,9,10,12,2,11,13,3,5,1,4,14,7,10,12,3,4,2,0,8,7,13,9,11,6,1,14,5,9,8,3,6,0,7,1,4,13,5,11,10,2,14,12,11,7,5,6,0,3,13,4,2,10,12,8,14,1,9,4,2,9,5,14,13,10,12,0,3,7,8,6,1,11,6,5,11,9,14,10,7,13,1,4,2,3,12,0,8,11,5,9,2,0,6,12,13,10,1,7,4,3,14,8,11,1,3,13,9,14,0,10,7,4,5,6,12,8,2,4,12,1,7,5,0,11,3,2,13,6,10,9,14,8,12,1,10,5,8,6,2,13,4,11,0,14,3,9,7,2,7,5,9,1,14,3,10,13,12,0,6,8,4,11,11,6,1,12,9,5,3,13,10,0,2,8,14,7,4,13,3,4,9,11,10,0,8,2,6,5,1,7,12,14];[7,18,9,20,19,20,0,2,8,16,12,8,20,5,21,8,8,15,7,14,6,5,8,16,6,18,18,11,2,15,9,14,4,10,5,11,7,5,14,5,16,10,21,5,4,6,12,21,19,5,10,19,14,21,21,7,0,11,11,3,7,7,6,8,18,21,20,8,11,6,6,5,9,8,16,18,20,17,4,2,1,3,9,5,19,19,18,1,4,16,2,14,7,2,7,20,4,17,2,12,1,13,7,7,11,3,3,12,2,11,7,7,3,3,9,4,14,5,14,0,2,5,0,0,0,14,4,20,3,13,12,15,11,21,2,3,17,5,15,9,21,19,2,2,9,16,21,10,8,11,16,1,1,1,3,13,20,1,18,13,18,5,19,12,8,9,21,1,18,1,2,13,4,17,4,17,10,14,15,0,19,15,12,2,9,7,7,5,17,4,13,4,17,1,15,12,1,14,8,0,21,1,7,9,15,14,16,6,9,3,18,10,16,21,4,9,6,8,8,12,18,0,11,1,3];[[0.49734142093980327,4.973414209398033,1.0],[0.35999045686025677,3.5999045686025677,1.0],[0.7220617567237175,7.220617567237175,1.0],[0.44672126724761885,4.4672126724761885,1.0],[0.4533596515962979,4.533596515962978,1.0],[0.025925678678183073,0.25925678678183073,1.0],[0.33490089376309407,3.3490089376309404,1.0],[0.4755440242737675,4.755440242737675,1.0],[0.45132356511490823,4.513235651149082,1.0],[0.08788974506102976,0.8788974506102976,1.0],[0.29509671683068217,2.9509671683068217,1.0],[0.33863234208051063,3.3863234208051063,1.0],[0.9020959027552419,9.020959027552419,1.0],[0.7173473735926632,7.173473735926632,1.0],[0.8986159167700656,8.986159167700656,1.0],[0.032997165944182005,0.32997165944182005,1.0],[0.2284682145918675,2.284682145918675,1.0],[0.5381470661357333,5.381470661357333,1.0],[0.06127510457974772,0.6127510457974772,1.0],[0.22935566071129299,2.29355660711293,1.0],[0.5598162304796008,5.598162304796008,1.0],[0.0008471767611641923,0.008471767611641923,1.0]]
2a_Hurink_sdata_40_workers.fjs;3564.075865066753;3105110;[81,147,282,404,416,508,590,682,720,1049,1122,1186,1418,1537,1572,0,72,147,188,248,305,342,404,704,779,1203,1285,1368,1434,1462,40,243,337,416,452,516,646,718,832,916,1106,1186,1197,1285,1459,0,319,436,495,555,628,687,725,916,980,1030,1257,1341,1418,1508,0,188,243,401,419,784,977,1077,1231,1270,1309,1434,1474,1593,1666,38,97,236,359,404,469,507,682,784,874,958,1111,1128,1418,1494,0,70,126,164,386,474,571,846,1191,1210,1343,1398,1450,1530,1603,0,40,205,282,342,516,545,709,779,859,1038,1363,1460,1509,1572,97,117,164,261,492,616,773,1122,1210,1231,1292,1368,1452,1508,1642,0,72,319,410,575,605,861,958,965,1006,1069,1106,1189,1257,1318,70,164,243,342,557,620,628,710,715,755,832,965,1203,1362,1476,0,173,193,318,495,569,616,676,784,823,941,957,1301,1363,1530,126,188,392,537,575,682,736,809,980,1049,1138,1191,1318,1452,1509,117,220,297,370,452,537,557,601,753,848,977,1038,1111,1265,1485,140,410,436,605,710,720,753,848,899,977,1175,1265,1398,1465,1666];[5,6,11,9,2,14,3,10,12,13,1,7,8,4,0,1,3,7,2,14,0,9,8,6,5,13,4,10,12,11,6,8,0,9,10,12,2,11,13,3,5,1,4,14,7,10,12,3,4,2,0,8,7,13,9,11,6,1,14,5,9,8,3,6,0,7,1,4,13,5,11,10,2,14,12,11,7,5,6,0,3,13,4,2,10,12,8,14,1,9,4,2,9,5,14,13,10,12,0,3,7,8,6,1,11,6,5,11,9,14,10,7,13,1,4,2,3,12,0,8,11,5,9,2,0,6,12,13,10,1,7,4,3,14,8,11,1,3,13,9,14,0,10,7,4,5,6,12,8,2,4,12,1,7,5,0,11,3,2,13,6,10,9,14,8,12,1,10,5,8,6,2,13,4,11,0,14,3,9,7,2,7,5,9,1,14,3,10,13,12,0,6,8,4,11,11,6,1,12,9,5,3,13,10,0,2,8,14,7,4,13,3,4,9,11,10,0,8,2,6,5,1,7,12,14];[7,11,4,14,3,20,0,5,9,21,12,9,3,12,16,11,8,3,20,14,0,5,19,3,18,18,4,5,18,5,2,16,10,7,9,4,3,14,21,8,16,5,15,5,17,10,1,17,19,18,4,12,2,21,1,17,21,3,12,7,12,3,1,12,21,0,20,12,11,19,7,10,21,3,12,18,10,9,4,17,7,15,0,10,15,6,15,0,4,6,8,15,17,2,1,20,5,10,2,12,1,11,16,17,11,1,3,10,6,15,16,7,8,3,2,2,16,19,5,0,9,21,12,21,6,19,20,20,2,1,2,20,1,1,8,3,20,2,4,17,20,4,13,19,8,14,17,3,16,20,13,4,7,6,13,13,15,9,10,6,19,15,20,9,8,9,9,1,21,2,6,14,2,9,9,17,18,14,15,10,9,14,8,10,9,21,17,13,9,3,6,4,9,5,15,19,8,18,0,10,13,5,5,19,5,14,4,6,1,16,8,20,13,8,1,15,16,16,20,11,15,18,13,13,4];[[0.4211249061401,4.211249061401,1.0],[0.9761073344853062,9.761073344853061,1.0],[0.6132800246752349,6.132800246752349,1.0],[0.6930423279788359,6.930423279788359,1.0],[0.5088628354481554,5.088628354481553,1.0],[0.18781156668551158,1.8781156668551158,1.0],[0.830121874145001,8.301218741450011,1.0],[0.8449241651217704,8.449241651217704,1.0],[0.20962821201639004,2.0962821201639006,1.0],[0.6505169872996391,6.505169872996391,1.0],[0.7003316191510263,7.003316191510263,1.0],[0.7150339547653067,7.150339547653068,1.0],[0.8091072451390076,8.091072451390076,1.0],[0.8451978833841938,8.451978833841938,1.0],[0.3695849781386673,3.695849781386673,1.0],[0.5056149902637381,5.056149902637381,1.0],[0.7206140757071586,7.206140757071586,1.0],[0.14319015826691817,1.4319015826691817,1.0],[0.026697115061789622,0.2669711506178962,1.0],[0.15341588178909327,1.5341588178909327,1.0],[0.8363432326370349,8.363432326370349,1.0],[0.3246336983988545,3.2463369839885448,1.0]]
2a_Hurink_sdata_40_workers.fjs;3734.4564984459066;565610;[0,145,272,343,406,501,583,723,774,1085,1158,1218,1265,1325,1352,0,128,208,352,416,501,524,593,684,759,805,832,912,1238,1328,0,93,182,355,392,824,923,941,1001,1085,1095,1218,1352,1479,1521,0,85,208,239,311,352,416,453,610,702,1000,1413,1497,1574,1666,21,182,239,427,583,659,666,773,913,955,1017,1218,1255,1328,1612,21,93,170,252,543,680,712,912,1008,1058,1136,1238,1262,1402,1573,88,168,264,471,583,674,707,723,876,895,979,1039,1153,1307,1372,91,129,418,593,791,838,868,955,1001,1079,1141,1255,1465,1476,1673,0,21,129,228,255,347,427,499,577,773,1039,1213,1334,1401,1743,194,267,353,440,674,712,791,978,1090,1141,1213,1323,1405,1465,1527,0,136,215,267,418,516,524,675,707,1158,1236,1323,1397,1521,1593,0,85,136,267,340,437,498,577,610,653,895,1001,1444,1495,1700,0,145,340,418,454,666,712,763,832,923,1022,1081,1153,1444,1455,93,291,547,623,748,834,1095,1236,1397,1453,1465,1527,1666,1673,1700,0,80,168,228,264,272,411,501,546,759,1265,1338,1402,1573,1673];[5,6,11,9,2,14,3,10,12,13,1,7,8,4,0,1,3,7,2,14,0,9,8,6,5,13,4,10,12,11,6,8,0,9,10,12,2,11,13,3,5,1,4,14,7,10,12,3,4,2,0,8,7,13,9,11,6,1,14,5,9,8,3,6,0,7,1,4,13,5,11,10,2,14,12,11,7,5,6,0,3,13,4,2,10,12,8,14,1,9,4,2,9,5,14,13,10,12,0,3,7,8,6,1,11,6,5,11,9,14,10,7,13,1,4,2,3,12,0,8,11,5,9,2,0,6,12,13,10,1,7,4,3,14,8,11,1,3,13,9,14,0,10,7,4,5,6,12,8,2,4,12,1,7,5,0,11,3,2,13,6,10,9,14,8,12,1,10,5,8,6,2,13,4,11,0,14,3,9,7,2,7,5,9,1,14,3,10,13,12,0,6,8,4,11,11,6,1,12,9,5,3,13,10,0,2,8,14,7,4,13,3,4,9,11,10,0,8,2,6,5,1,7,12,14];[7,13,18,8,3,20,0,16,7,12,13,3,4,15,21,10,17,16,4,16,6,18,2,3,13,13,13,5,2,12,0,11,2,11,17,11,11,11,21,7,10,6,6,5,17,21,1,12,12,1,20,19,9,10,19,15,21,3,11,13,17,18,3,6,20,18,17,9,3,10,1,13,12,16,12,11,13,7,17,2,19,11,9,19,19,4,20,2,20,2,6,15,0,2,5,20,0,2,2,6,0,12,18,7,11,9,3,12,17,6,0,7,8,11,9,7,13,19,20,0,17,1,9,0,1,10,4,8,1,16,2,18,19,8,4,3,9,5,1,10,21,12,13,6,21,14,10,14,11,5,2,4,8,10,2,18,10,13,20,0,1,0,15,18,8,9,4,1,8,16,0,15,4,1,1,17,8,6,15,5,19,14,12,8,5,11,5,3,18,20,7,18,16,2,0,16,5,13,9,15,8,3,7,19,9,14,8,17,12,3,8,20,0,15,6,19,20,7,21,14,3,7,13,15,3];[[0.4831103964860096,4.831103964860096,1.0],[0.9021829992468611,9.02182999246861,1.0],[0.5374571935128641,5.374571935128642,1.0],[0.8761340971511191,8.761340971511192,1.0],[0.573156942708234,5.7315694270823405,1.0],[0.994523847851402,9.945238478514021,1.0],[0.3574465703190305,3.574465703190305,1.0],[0.6617299629663892,6.617299629663892,1.0],[0.4882872262788658,4.882872262788657,1.0],[0.5726412824777106,5.726412824777106,1.0],[0.32388398325139345,3.2388398325139347,1.0],[0.8072354510963532,8.072354510963532,1.0],[0.8087324055796944,8.087324055796945,1.0],[0.660852452150834,6.60852452150834,1.0],[0.5802577271631468,5.802577271631469,1.0],[0.04408639890691246,0.4408639890691246,1.0],[0.7725635994624831,7.725635994624831,1.0],[0.340181488474281,3.4018148847428096,1.0],[0.09506024617702258,0.9506024617702258,1.0],[0.23214768683087816,2.321476868308782,1.0],[0.29508457816293987,2.9508457816293987,1.0],[0.12277001052286385,1.2277001052286385,1.0]]
2a_Hurink_sdata_40_workers.fjs;3828.471280436058;478150;[191,209,274,340,462,543,625,717,754,811,884,944,1025,1268,1295,0,107,265,352,406,555,624,691,782,867,962,988,1095,1194,1662,0,156,406,515,557,811,910,934,1033,1117,1127,1202,1416,1503,1649,0,25,572,616,717,757,813,990,1227,1336,1388,1412,1496,1573,1663,0,104,286,360,472,551,558,682,772,811,850,983,1072,1336,1636,148,210,265,368,541,555,572,694,792,1017,1095,1194,1209,1573,1642,250,406,471,536,625,739,843,910,964,1127,1214,1278,1316,1346,1600,94,209,340,557,710,757,787,988,1033,1214,1299,1398,1472,1477,1549,128,150,216,313,351,454,548,884,962,983,1269,1325,1472,1699,1784,0,71,182,286,442,471,568,656,664,792,1260,1496,1576,1636,1700,0,342,422,568,660,724,732,814,1025,1149,1227,1316,1476,1663,1700,74,165,260,462,536,608,757,1117,1149,1187,1211,1260,1336,1398,1516,0,17,80,150,274,357,476,483,670,964,1225,1346,1412,1503,1513,38,150,206,274,352,442,462,476,787,850,964,1209,1416,1622,1649,0,80,148,182,216,224,260,351,555,867,1196,1378,1561,1653,1784];[5,6,11,9,2,14,3,10,12,13,1,7,8,4,0,1,3,7,2,14,0,9,8,6,5,13,4,10,12,11,6,8,0,9,10,12,2,11,13,3,5,1,4,14,7,10,12,3,4,2,0,8,7,13,9,11,6,1,14,5,9,8,3,6,0,7,1,4,13,5,11,10,2,14,12,11,7,5,6,0,3,13,4,2,10,12,8,14,1,9,4,2,9,5,14,13,10,12,0,3,7,8,6,1,11,6,5,11,9,14,10,7,13,1,4,2,3,12,0,8,11,5,9,2,0,6,12,13,10,1,7,4,3,14,8,11,1,3,13,9,14,0,10,7,4,5,6,12,8,2,4,12,1,7,5,0,11,3,2,13,6,10,9,14,8,12,1,10,5,8,6,2,13,4,11,0,14,3,9,7,2,7,5,9,1,14,3,10,13,12,0,6,8,4,11,11,6,1,12,9,5,3,13,10,0,2,8,14,7,4,13,3,4,9,11,10,0,8,2,6,5,1,7,12,14];[7,17,20,10,19,20,0,8,16,12,13,5,14,11,15,12,12,11,4,16,9,11,19,1,3,21,13,5,14,15,20,16,5,15,6,11,6,12,21,7,16,12,12,13,7,10,2,7,6,0,14,9,8,2,8,21,21,3,12,16,18,7,7,19,0,3,19,12,11,20,19,17,13,12,16,20,11,4,19,8,21,3,4,8,19,1,20,21,0,2,16,15,9,2,16,20,3,14,2,15,1,7,14,16,11,3,3,12,17,14,0,7,3,4,15,21,3,19,7,15,13,1,12,12,6,16,13,8,20,18,12,18,20,11,4,3,0,14,2,9,11,14,10,13,10,21,1,14,13,14,15,1,6,9,5,18,15,16,9,0,19,13,0,12,8,9,3,20,21,1,2,21,12,10,9,6,8,3,15,20,7,4,8,14,21,16,18,3,9,15,13,14,4,5,8,11,8,15,0,11,20,15,7,19,9,14,16,17,8,3,8,10,13,13,21,5,8,20,8,18,12,11,13,10,5];[[0.34661995661142697,3.4661995661142697,1.0],[0.2286410960833074,2.286410960833074,1.0],[0.012392470279078194,0.12392470279078194,1.0],[0.9308270259025113,9.308270259025113,1.0],[0.3225145761620236,3.225145761620236,1.0],[0.0006954578022455582,0.006954578022455582,1.0],[0.2097170717940725,2.097170717940725,1.0],[0.5179602272351016,5.179602272351016,1.0],[0.7628222106217201,7.6282221062172,1.0],[0.3089717897377221,3.089717897377221,1.0],[0.15113122452813788,1.5113122452813788,1.0],[0.07045772229012492,0.7045772229012492,1.0],[0.8725064026541692,8.725064026541693,1.0],[0.3074981421409557,3.074981421409557,1.0],[0.272859759997538,2.7285975999753798,1.0],[0.9838464878398866,9.838464878398867,1.0],[0.7385079487399623,7.385079487399623,1.0],[0.7690782380223464,7.690782380223464,1.0],[0.7347776517949599,7.347776517949599,1.0],[0.040110031230356946,0.40110031230356946,1.0],[0.7832762173461114,7.832762173461115,1.0],[0.9889075602289727,9.889075602289727,1.0]]
2a_Hurink_sdata_40_workers.fjs;3577.9578375293527;1946490;[297,333,472,580,592,749,831,966,1009,1128,1201,1273,1314,1368,1395,114,215,290,380,531,624,638,739,828,1093,1201,1231,1310,1378,1402,43,276,472,592,631,695,992,1008,1231,1362,1385,1491,1502,1591,1633,114,135,183,215,283,638,702,840,945,1009,1212,1318,1402,1501,1591,0,149,377,456,551,624,631,785,1009,1051,1093,1170,1204,1267,1402,38,141,315,398,538,583,600,687,785,1010,1136,1368,1454,1502,1576,0,94,149,569,661,831,864,922,1007,1030,1121,1385,1402,1576,1609,0,43,117,194,257,300,411,488,790,877,1094,1179,1259,1264,1562,97,187,257,342,369,518,612,864,945,966,998,1047,1259,1340,1540,0,183,290,377,551,580,840,1003,1047,1136,1199,1235,1318,1398,1460,73,183,269,331,411,463,687,780,950,1051,1128,1212,1295,1418,1460,0,85,105,114,201,465,518,550,939,975,1026,1047,1309,1383,1461,0,73,227,342,398,485,531,539,762,831,950,1030,1099,1310,1321,194,282,333,398,466,551,569,687,762,828,1008,1179,1252,1314,1590,0,83,369,396,432,439,702,828,873,950,1030,1099,1181,1264,1669];[5,6,11,9,2,14,3,10,12,13,1,7,8,4,0,1,3,7,2,14,0,9,8,6,5,13,4,10,12,11,6,8,0,9,10,12,2,11,13,3,5,1,4,14,7,10,12,3,4,2,0,8,7,13,9,11,6,1,14,5,9,8,3,6,0,7,1,4,13,5,11,10,2,14,12,11,7,5,6,0,3,13,4,2,10,12,8,14,1,9,4,2,9,5,14,13,10,12,0,3,7,8,6,1,11,6,5,11,9,14,10,7,13,1,4,2,3,12,0,8,11,5,9,2,0,6,12,13,10,1,7,4,3,14,8,11,1,3,13,9,14,0,10,7,4,5,6,12,8,2,4,12,1,7,5,0,11,3,2,13,6,10,9,14,8,12,1,10,5,8,6,2,13,4,11,0,14,3,9,7,2,7,5,9,1,14,3,10,13,12,0,6,8,4,11,11,6,1,12,9,5,3,13,10,0,2,8,14,7,4,13,3,4,9,11,10,0,8,2,6,5,1,7,12,14];[7,17,11,11,13,20,0,15,10,21,8,9,10,13,10,1,6,16,20,5,4,15,8,11,2,1,3,11,2,12,0,20,2,1,11,12,7,20,1,4,18,2,21,5,3,15,14,4,1,18,8,9,8,10,18,5,21,2,12,21,12,12,8,2,21,5,19,4,3,3,6,2,7,16,16,18,13,3,4,14,10,17,4,19,19,11,18,7,20,16,21,12,3,0,1,20,5,13,2,12,0,6,9,19,11,14,3,10,18,11,8,7,9,18,9,4,10,19,20,4,16,21,0,16,11,16,7,20,20,20,11,9,10,8,14,3,9,5,9,9,18,4,13,4,8,16,12,14,11,20,4,17,15,14,3,11,17,5,3,13,5,15,6,3,8,9,7,1,8,10,4,13,15,17,0,6,11,5,15,0,17,21,8,2,10,0,10,2,3,14,2,7,15,13,0,19,12,18,0,6,10,10,5,9,8,14,4,16,7,6,10,20,16,1,19,19,18,7,2,12,16,7,13,13,16];[[0.8559393885152179,8.55939388515218,1.0],[0.8004839408308784,8.004839408308783,1.0],[0.5938433496209707,5.938433496209708,1.0],[0.8870093324131678,8.870093324131679,1.0],[0.741558169706834,7.4155816970683395,1.0],[0.8097670389513107,8.097670389513107,1.0],[0.2247324103169328,2.247324103169328,1.0],[0.9761818800633866,9.761818800633865,1.0],[0.6339038774096737,6.339038774096737,1.0],[0.5580285642552777,5.580285642552777,1.0],[0.4463526500656817,4.463526500656817,1.0],[0.28336462923826333,2.8336462923826335,1.0],[0.9019880415639555,9.019880415639555,1.0],[0.03268507148422006,0.32685071484220063,1.0],[0.4362825217209084,4.3628252172090844,1.0],[0.18851543397694082,1.8851543397694082,1.0],[0.9250090249429151,9.250090249429151,1.0],[0.9012349700248556,9.012349700248556,1.0],[0.12108560404704316,1.2108560404704316,1.0],[0.9174015512221217,9.174015512221217,1.0],[0.6336036775858569,6.3360367758585685,1.0],[0.8916415369189501,8.916415369189501,1.0]]
2a_Hurink_sdata_40_workers.fjs;3471.271984260472;202680;[0,18,270,371,394,599,685,777,881,1073,1146,1207,1249,1400,1548,0,110,182,323,375,459,780,844,982,1052,1211,1237,1313,1378,1405,204,298,394,459,539,627,727,743,877,1039,1137,1207,1313,1400,1443,0,270,461,492,554,643,699,777,1146,1211,1258,1275,1366,1443,1537,16,172,224,411,570,709,716,823,835,880,988,1072,1258,1537,1611,0,76,253,331,373,492,545,671,773,887,966,1070,1086,1443,1512,0,83,297,336,424,512,643,727,780,886,1063,1141,1223,1253,1449,83,212,379,496,556,602,632,718,823,934,1100,1307,1472,1478,1548,152,172,212,297,323,419,546,638,718,901,1012,1118,1202,1251,1508,172,263,348,464,652,681,799,880,964,1012,1098,1141,1223,1310,1375,83,189,348,411,496,562,570,881,902,964,1052,1141,1258,1350,1385,0,508,530,548,622,698,745,1041,1075,1118,1141,1157,1251,1350,1542,0,16,76,146,178,263,315,322,387,780,1249,1366,1465,1508,1519,62,152,411,476,556,652,671,763,972,1028,1039,1154,1385,1514,1548,0,83,189,336,371,424,473,562,825,902,982,1289,1378,1435,1611];[5,6,11,9,2,14,3,10,12,13,1,7,8,4,0,1,3,7,2,14,0,9,8,6,5,13,4,10,12,11,6,8,0,9,10,12,2,11,13,3,5,1,4,14,7,10,12,3,4,2,0,8,7,13,9,11,6,1,14,5,9,8,3,6,0,7,1,4,13,5,11,10,2,14,12,11,7,5,6,0,3,13,4,2,10,12,8,14,1,9,4,2,9,5,14,13,10,12,0,3,7,8,6,1,11,6,5,11,9,14,10,7,13,1,4,2,3,12,0,8,11,5,9,2,0,6,12,13,10,1,7,4,3,14,8,11,1,3,13,9,14,0,10,7,4,5,6,12,8,2,4,12,1,7,5,0,11,3,2,13,6,10,9,14,8,12,1,10,5,8,6,2,13,4,11,0,14,3,9,7,2,7,5,9,1,14,3,10,13,12,0,6,8,4,11,11,6,1,12,9,5,3,13,10,0,2,8,14,7,4,13,3,4,9,11,10,0,8,2,6,5,1,7,12,14];[7,7,7,11,3,20,0,5,9,12,7,6,16,1,17,0,2,5,16,5,13,10,8,11,11,21,12,11,14,12,20,3,0,7,0,12,13,15,1,1,18,3,12,13,17,21,4,12,8,1,14,21,0,2,9,5,0,3,14,3,5,9,21,1,6,19,17,20,3,18,15,15,9,8,12,20,21,15,15,7,12,11,4,8,21,0,6,6,0,16,19,15,0,2,10,20,6,10,2,19,1,19,14,20,11,3,3,12,6,4,5,7,3,11,9,0,13,15,2,4,9,10,0,1,17,16,10,15,20,14,2,20,19,21,12,3,12,21,15,11,18,18,13,1,8,21,10,2,5,18,14,7,1,6,3,18,3,16,3,13,19,15,10,6,8,9,15,1,21,16,8,21,12,7,13,8,4,7,15,20,5,1,8,0,19,8,17,13,14,16,6,16,10,18,15,11,4,18,9,8,4,5,7,19,1,14,16,10,21,2,10,4,1,9,6,5,5,7,2,12,15,3,11,4,11];[[0.5198238265685563,5.198238265685563,1.0],[0.9583988744400509,9.583988744400509,1.0],[0.3402956357666065,3.402956357666065,1.0],[0.7081849781179302,7.081849781179303,1.0],[0.9252189405445452,9.252189405445453,1.0],[0.05032666735654623,0.5032666735654623,1.0],[0.6613275461751585,6.613275461751585,1.0],[0.82711411373077,8.271141137307701,1.0],[0.8734961127808921,8.734961127808921,1.0],[0.5913019030238962,5.913019030238962,1.0],[0.11264722490163037,1.1264722490163037,1.0],[0.34477784983246407,3.4477784983246407,1.0],[0.011377599382669468,0.11377599382669468,1.0],[0.7909742881977946,7.909742881977946,1.0],[0.3277964015146908,3.277964015146908,1.0],[0.22222795698924247,2.2222795698924247,1.0],[0.14676573527209236,1.4676573527209236,1.0],[0.040648812187981,0.40648812187981,1.0],[0.14328037004549943,1.4328037004549943,1.0],[0.10349201402412567,1.0349201402412567,1.0],[0.2300149081299988,2.3001490812999883,1.0],[0.34985110243749995,3.4985110243749995,1.0]]
2a_Hurink_sdata_40_workers.fjs;3800.737286030936;1698550;[243,308,373,451,463,929,1011,1247,1288,1337,1435,1495,1628,1681,1706,0,73,214,255,309,465,501,748,1012,1115,1177,1290,1380,1446,1675,0,91,178,236,274,327,427,451,510,613,800,879,1075,1163,1205,147,255,363,433,540,579,634,807,1076,1140,1337,1431,1526,1616,1711,0,178,232,298,308,495,522,629,642,760,800,1134,1169,1238,1405,101,164,261,373,451,518,714,801,897,979,1102,1435,1470,1615,1699,106,309,463,501,573,681,963,1050,1102,1163,1268,1370,1396,1495,1526,91,202,243,329,394,642,730,959,1005,1238,1313,1396,1479,1485,1558,202,433,570,655,683,771,879,1204,1288,1309,1345,1401,1485,1531,1681,164,341,432,597,741,771,841,955,963,1012,1075,1229,1337,1451,1523,0,130,209,298,378,433,510,601,714,801,910,1169,1247,1337,1707,0,85,385,573,673,863,955,1140,1177,1220,1244,1385,1531,1584,1675,0,19,77,274,432,522,606,672,879,959,1189,1313,1385,1485,1588,0,130,270,427,655,741,760,1005,1076,1177,1238,1299,1462,1645,1725,0,298,325,394,601,609,929,1017,1061,1137,1229,1345,1588,1645,1711];[5,6,11,9,2,14,3,10,12,13,1,7,8,4,0,1,3,7,2,14,0,9,8,6,5,13,4,10,12,11,6,8,0,9,10,12,2,11,13,3,5,1,4,14,7,10,12,3,4,2,0,8,7,13,9,11,6,1,14,5,9,8,3,6,0,7,1,4,13,5,11,10,2,14,12,11,7,5,6,0,3,13,4,2,10,12,8,14,1,9,4,2,9,5,14,13,10,12,0,3,7,8,6,1,11,6,5,11,9,14,10,7,13,1,4,2,3,12,0,8,11,5,9,2,0,6,12,13,10,1,7,4,3,14,8,11,1,3,13,9,14,0,10,7,4,5,6,12,8,2,4,12,1,7,5,0,11,3,2,13,6,10,9,14,8,12,1,10,5,8,6,2,13,4,11,0,14,3,9,7,2,7,5,9,1,14,3,10,13,12,0,6,8,4,11,11,6,1,12,9,5,3,13,10,0,2,8,14,7,4,13,3,4,9,11,10,0,8,2,6,5,1,7,12,14];[7,7,3,19,19,20,0,21,10,21,13,3,20,18,13,16,13,12,17,16,9,15,2,6,3,2,11,5,12,1,14,7,7,16,11,12,18,11,1,10,18,3,15,5,1,8,12,2,0,18,2,1,16,10,10,7,21,2,16,6,3,11,14,5,1,0,17,6,11,4,3,20,18,6,16,3,20,0,15,3,14,17,9,2,15,12,6,11,13,12,16,2,10,2,13,20,0,19,2,15,0,4,9,14,11,4,3,9,11,9,8,7,8,3,18,9,0,7,9,0,9,5,0,6,7,14,0,8,20,16,12,20,12,1,15,3,5,21,5,14,10,20,2,6,8,11,9,3,8,8,18,4,18,14,0,11,7,9,20,0,7,20,7,17,8,9,16,1,16,12,8,16,16,7,0,17,18,5,15,21,0,8,8,2,12,20,12,13,15,14,16,18,13,2,8,11,21,8,20,15,4,0,7,9,16,14,14,18,6,16,10,4,10,21,21,19,18,20,18,14,11,2,11,5,16];[[0.18019241848515155,1.8019241848515155,1.0],[0.48736227300275514,4.873622730027551,1.0],[0.07759170039841756,0.7759170039841756,1.0],[0.5225667244081349,5.2256672440813485,1.0],[0.9196433340252647,9.196433340252646,1.0],[0.8762509611803474,8.762509611803473,1.0],[0.5029695910906639,5.029695910906638,1.0],[0.8160267976375112,8.160267976375112,1.0],[0.8059112000327816,8.059112000327817,1.0],[0.2140591090540045,2.140591090540045,1.0],[0.08805821114486456,0.8805821114486456,1.0],[0.20329737064426556,2.0329737064426556,1.0],[0.5837360924329463,5.837360924329463,1.0],[0.6737333796339059,6.737333796339059,1.0],[0.1608013027204077,1.6080130272040771,1.0],[0.7465026683932527,7.465026683932527,1.0],[0.5706715087422025,5.706715087422025,1.0],[0.4637998194614905,4.637998194614905,1.0],[0.510707169665419,5.10707169665419,1.0],[0.13436739791107,1.3436739791107,1.0],[0.5955836724768061,5.955836724768061,1.0],[0.9705970110642231,9.705970110642232,1.0]]
2a_Hurink_sdata_54_workers.fjs;18820.500853864247;4496690;[3340,4291,4698,4918,5062,5245,5799,6223,6648,928,1840,2760,3368,3640,4125,5164,5359,7772,1794,2724,3648,4477,5245,5799,6223,6640,7359,2724,3648,4477,5062,5758,5913,6635,7359,7793,107,705,729,962,1343,1984,2518,3351,4291,4184,4698,5205,5748,5911,6851,7900,8394,8430,705,928,1840,2760,2786,3418,3820,4133,5359,0,107,962,1840,3418,3820,4024,5164,5799];[0,1,2,3,4,5,6,7,8,0,1,2,3,4,5,6,7,8,0,1,2,3,4,5,6,7,8,0,1,2,3,4,5,6,7,8,0,1,2,3,4,5,6,7,8,0,1,2,3,4,5,6,7,8,0,1,2,3,4,5,6,7,8,0,1,2,3,4,5,6,7,8];[10,6,6,4,12,12,7,7,6,2,10,1,7,8,11,1,8,1,5,9,9,3,10,4,2,3,8,10,0,8,6,10,11,8,10,11,11,10,12,1,4,7,6,2,0,12,10,5,6,5,0,6,6,12,6,11,3,8,3,6,5,1,9,9,12,8,11,8,4,5,9,12];[[0.7773566427005639,7.7735664270056395,1.0],[0.6698255595592497,6.698255595592498,1.0],[0.09913960392481702,0.9913960392481702,1.0],[0.35297051119014544,3.529705111901454,1.0],[0.4679077429008419,4.679077429008419,1.0],[0.5346837414708775,5.346837414708775,1.0],[0.9783090609123973,9.783090609123974,1.0],[0.13031535015865903,1.3031535015865903,1.0],[0.6712434682302663,6.712434682302662,1.0],[0.36422941594737557,3.6422941594737557,1.0],[0.48883570716198577,4.888357071619858,1.0],[0.20301221073405373,2.0301221073405373,1.0],[0.6661983755713592,6.661983755713592,1.0]]
2a_Hurink_sdata_54_workers.fjs;18262.473650369557;4362260;[223,1135,2055,2266,2712,3103,3611,4678,5170,2103,2969,3676,4236,4843,5830,6336,6448,7332,3585,4515,5439,6235,6670,7171,7285,7696,8287,2969,3676,4295,4508,5830,6239,6448,7213,7453,1491,2103,2266,2499,2969,3655,4362,5634,7954,1174,2129,2903,3725,3942,4781,5830,6409,6758,0,223,1135,2055,2081,2712,3103,3655,4678,1067,1542,2499,2903,3725,4224,4249,5439,5861];[0,1,2,3,4,5,6,7,8,0,1,2,3,4,5,6,7,8,0,1,2,3,4,5,6,7,8,0,1,2,3,4,5,6,7,8,0,1,2,3,4,5,6,7,8,0,1,2,3,4,5,6,7,8,0,1,2,3,4,5,6,7,8,0,1,2,3,4,5,6,7,8];[10,6,8,7,12,6,12,4,7,2,4,10,7,2,6,12,8,8,5,9,4,4,11,4,6,3,1,10,9,11,6,0,6,1,0,0,1,9,12,11,2,1,10,9,8,1,0,1,6,8,0,11,7,7,6,11,3,5,6,9,11,2,2,9,12,8,7,4,4,3,9,2];[[0.7966509679599704,7.966509679599704,1.0],[0.05862623274803458,0.5862623274803458,1.0],[0.7602397739740907,7.602397739740907,1.0],[0.8627037401845356,8.627037401845355,1.0],[0.09127403464611428,0.9127403464611428,1.0],[0.9024924365975527,9.024924365975528,1.0],[0.7858960565941281,7.858960565941281,1.0],[0.40667966546103385,4.0667966546103385,1.0],[0.37447264465852026,3.7447264465852026,1.0],[0.6490262282913547,6.490262282913547,1.0],[0.40092466608569977,4.009246660856998,1.0],[0.5721109226277574,5.721109226277575,1.0],[0.6077930620255084,6.077930620255084,1.0]]
2a_Hurink_sdata_54_workers.fjs;18769.271305764298;4290200;[3657,4581,5377,5812,6313,6496,7004,7430,7851,1245,2251,2958,3518,3790,4275,4684,4805,7331,2727,3657,4581,5377,5812,6313,6427,6839,7430,2111,2958,3790,3929,4687,4836,5638,6402,6680,647,1314,1829,2062,2520,3518,4805,5638,7181,0,317,824,1435,1598,2437,3486,5552,5596,424,1339,5610,6546,6572,7185,7573,7851,8760,317,824,1435,2520,3342,4058,4083,4581,4776];[0,1,2,3,4,5,6,7,8,0,1,2,3,4,5,6,7,8,0,1,2,3,4,5,6,7,8,0,1,2,3,4,5,6,7,8,0,1,2,3,4,5,6,7,8,0,1,2,3,4,5,6,7,8,0,1,2,3,4,5,6,7,8,0,1,2,3,4,5,6,7,8];[1,5,2,7,12,6,7,3,10,2,4,10,7,8,6,7,8,2,5,9,4,4,11,4,2,3,1,10,9,7,0,12,11,8,7,0,11,8,12,7,2,10,6,5,2,1,10,7,6,8,0,6,7,3,6,11,0,8,8,12,11,12,5,9,12,7,7,12,4,4,9,3];[[0.5209484070219088,5.209484070219088,1.0],[0.42125020101147315,4.212502010114731,1.0],[0.22094517308324657,2.2094517308324657,1.0],[0.13033708391670573,1.3033708391670573,1.0],[0.48395776843282956,4.839577684328296,1.0],[0.6260889663051598,6.260889663051597,1.0],[0.6211218319323739,6.21121831932374,1.0],[0.707277595965894,7.07277595965894,1.0],[0.43539590023548325,4.3539590023548325,1.0],[0.04809800715767443,0.4809800715767443,1.0],[0.2254847064342842,2.254847064342842,1.0],[0.788548045160999,7.88548045160999,1.0],[0.42108890435006496,4.21088904350065,1.0]]
2a_Hurink_sdata_54_workers.fjs;18997.18927714894;4439080;[2126,3147,3797,4169,4654,5062,5570,6512,7077,1260,2432,3228,3797,4169,4654,5062,5174,7896,330,1508,2432,3228,3668,4169,4283,5921,6512,3582,4216,4828,4977,5657,6104,6937,7702,7939,2970,3586,4054,4317,4842,5570,6104,6940,7762,4216,4828,5335,5852,6005,6844,7893,8390,8440,107,596,1508,2408,2433,3011,3577,3785,6926,0,107,596,1001,1823,3427,3451,3586,4842];[0,1,2,3,4,5,6,7,8,0,1,2,3,4,5,6,7,8,0,1,2,3,4,5,6,7,8,0,1,2,3,4,5,6,7,8,0,1,2,3,4,5,6,7,8,0,1,2,3,4,5,6,7,8,0,1,2,3,4,5,6,7,8,0,1,2,3,4,5,6,7,8];[10,9,3,11,3,5,4,2,9,2,12,4,7,8,9,12,8,10,5,9,4,3,11,4,7,3,1,1,2,11,6,12,11,1,2,0,1,12,12,11,4,7,6,8,11,5,10,1,2,8,0,9,7,12,6,11,12,11,11,10,8,0,11,9,4,12,7,8,6,0,9,3];[[0.49734142093980327,4.973414209398033,1.0],[0.35999045686025677,3.5999045686025677,1.0],[0.7220617567237175,7.220617567237175,1.0],[0.44672126724761885,4.4672126724761885,1.0],[0.4533596515962979,4.533596515962978,1.0],[0.025925678678183073,0.25925678678183073,1.0],[0.33490089376309407,3.3490089376309404,1.0],[0.4755440242737675,4.755440242737675,1.0],[0.45132356511490823,4.513235651149082,1.0],[0.08788974506102976,0.8788974506102976,1.0],[0.29509671683068217,2.9509671683068217,1.0],[0.33863234208051063,3.3863234208051063,1.0],[0.9020959027552419,9.020959027552419,1.0]]
2a_Hurink_sdata_54_workers.fjs;18848.102649867174;2734130;[223,1135,2035,2246,2746,2934,3636,4076,5902,2763,3636,4481,5089,5512,6561,7062,7174,7921,3629,4559,5543,6387,6890,7391,7502,7921,8512,1772,2410,3129,3830,4520,5011,5844,6766,7943,1174,2053,2763,3449,3830,4471,5011,6011,6766,2410,3129,3636,4520,4673,5512,6568,7062,7099,0,223,1135,2035,2058,3499,4559,5082,7658,1067,1564,2246,2640,3449,3882,4763,4887,5082];[0,1,2,3,4,5,6,7,8,0,1,2,3,4,5,6,7,8,0,1,2,3,4,5,6,7,8,0,1,2,3,4,5,6,7,8,0,1,2,3,4,5,6,7,8,0,1,2,3,4,5,6,7,8,0,1,2,3,4,5,6,7,8,0,1,2,3,4,5,6,7,8];[10,2,8,11,3,4,10,7,7,2,9,1,7,2,3,12,8,10,5,11,12,1,11,11,6,3,8,6,6,8,3,3,10,8,0,11,11,9,12,11,4,10,6,10,9,12,10,0,2,8,0,6,1,10,6,11,12,1,1,1,5,9,1,9,4,7,11,8,6,5,9,3];[[0.4211249061401,4.211249061401,1.0],[0.9761073344853062,9.761073344853061,1.0],[0.6132800246752349,6.132800246752349,1.0],[0.6930423279788359,6.930423279788359,1.0],[0.5088628354481554,5.088628354481553,1.0],[0.18781156668551158,1.8781156668551158,1.0],[0.830121874145001,8.301218741450011,1.0],[0.8449241651217704,8.449241651217704,1.0],[0.20962821201639004,2.0962821201639006,1.0],[0.6505169872996391,6.505169872996391,1.0],[0.7003316191510263,7.003316191510263,1.0],[0.7150339547653067,7.150339547653068,1.0],[0.8091072451390076,8.091072451390076,1.0]]
2a_Hurink_sdata_54_workers.fjs;18495.4674904721;4059990;[2741,3812,4232,4502,4653,4859,5367,5791,6551,223,1135,2731,3540,3812,4287,4836,6212,8250,3643,4573,5497,6293,6728,7229,7340,7751,8342,1808,2424,3346,3812,4516,5367,5791,6959,7242,1089,1842,2035,2268,2726,3367,4002,4835,5535,2424,3107,3643,4646,4836,5776,6825,7319,7743,0,223,1135,2035,2060,2681,3072,3276,4205,1701,1867,2356,2731,4287,4835,4948,5535,5730];[0,1,2,3,4,5,6,7,8,0,1,2,3,4,5,6,7,8,0,1,2,3,4,5,6,7,8,0,1,2,3,4,5,6,7,8,0,1,2,3,4,5,6,7,8,0,1,2,3,4,5,6,7,8,0,1,2,3,4,5,6,7,8,0,1,2,3,4,5,6,7,8];[1,7,7,4,12,6,7,3,7,2,4,7,7,2,0,12,8,11,5,9,4,4,11,11,6,3,8,10,10,8,3,3,10,2,1,0,1,11,12,7,4,6,6,8,3,1,10,1,2,5,0,6,7,12,6,11,12,11,0,9,5,9,1,9,4,11,11,12,6,3,9,9];[[0.4831103964860096,4.831103964860096,1.0],[0.9021829992468611,9.02182999246861,1.0],[0.5374571935128641,5.374571935128642,1.0],[0.8761340971511191,8.761340971511192,1.0],[0.573156942708234,5.7315694270823405,1.0],[0.994523847851402,9.945238478514021,1.0],[0.3574465703190305,3.574465703190305,1.0],[0.6617299629663892,6.617299629663892,1.0],[0.4882872262788658,4.882872262788657,1.0],[0.5726412824777106,5.726412824777106,1.0],[0.32388398325139345,3.2388398325139347,1.0],[0.8072354510963532,8.072354510963532,1.0],[0.8087324055796944,8.087324055796945,1.0]]
2a_Hurink_sdata_54_workers.fjs;18762.523502777898;2419820;[2738,3582,4209,4481,4647,4834,5696,6632,7050,1872,2738,3594,4209,4834,6035,6979,7327,8240,330,1508,2750,3594,4034,4568,5262,5992,6632,3582,4198,4810,4943,5767,5902,6136,7049,7733,1260,2492,2517,2750,3131,3791,4371,5262,6484,4198,4810,5317,5834,5987,6826,7875,8369,8403,107,596,1508,2428,2453,3084,3528,3732,5992,0,107,596,1025,1847,2074,2099,2225,3528];[0,1,2,3,4,5,6,7,8,0,1,2,3,4,5,6,7,8,0,1,2,3,4,5,6,7,8,0,1,2,3,4,5,6,7,8,0,1,2,3,4,5,6,7,8,0,1,2,3,4,5,6,7,8,0,1,2,3,4,5,6,7,8,0,1,2,3,4,5,6,7,8];[10,6,10,10,7,12,10,7,10,2,4,7,7,2,11,11,8,10,5,11,12,3,1,3,8,4,6,10,2,9,4,9,11,2,7,11,1,4,12,11,0,9,0,0,11,3,10,1,2,8,0,6,7,12,6,11,3,10,6,8,5,11,0,9,4,6,7,5,4,0,9,8];[[0.34661995661142697,3.4661995661142697,1.0],[0.2286410960833074,2.286410960833074,1.0],[0.012392470279078194,0.12392470279078194,1.0],[0.9308270259025113,9.308270259025113,1.0],[0.3225145761620236,3.225145761620236,1.0],[0.0006954578022455582,0.006954578022455582,1.0],[0.2097170717940725,2.097170717940725,1.0],[0.5179602272351016,5.179602272351016,1.0],[0.7628222106217201,7.6282221062172,1.0],[0.3089717897377221,3.089717897377221,1.0],[0.15113122452813788,1.5113122452813788,1.0],[0.07045772229012492,0.7045772229012492,1.0],[0.8725064026541692,8.725064026541693,1.0]]
2a_Hurink_sdata_54_workers.fjs;19055.494799022355;4927350;[946,1790,2653,4290,4434,4617,5347,5818,6250,2705,3571,4326,4934,7157,7682,8091,8273,9020,3571,4501,5425,6221,6656,7157,7271,7682,8370,330,2414,3033,3610,4290,4427,4561,6250,7157,1790,2388,2420,3229,3610,5180,5818,6646,7664,2388,3033,3540,4434,4617,5720,6769,7436,7816,0,223,1135,2015,2038,2713,3152,3364,4293,223,1135,2015,2420,3229,3456,3481,4293,4934];[0,1,2,3,4,5,6,7,8,0,1,2,3,4,5,6,7,8,0,1,2,3,4,5,6,7,8,0,1,2,3,4,5,6,7,8,0,1,2,3,4,5,6,7,8,0,1,2,3,4,5,6,7,8,0,1,2,3,4,5,6,7,8,0,1,2,3,4,5,6,7,8];[10,1,10,4,12,3,12,9,10,2,2,1,7,2,6,11,8,8,5,9,4,4,11,4,6,3,1,10,9,7,1,3,10,11,9,11,11,6,12,1,4,10,7,1,0,1,10,0,2,5,0,9,7,0,6,11,9,0,7,0,12,9,11,9,4,12,11,5,4,7,9,1];[[0.8559393885152179,8.55939388515218,1.0],[0.8004839408308784,8.004839408308783,1.0],[0.5938433496209707,5.938433496209708,1.0],[0.8870093324131678,8.870093324131679,1.0],[0.741558169706834,7.4155816970683395,1.0],[0.8097670389513107,8.097670389513107,1.0],[0.2247324103169328,2.247324103169328,1.0],[0.9761818800633866,9.761818800633865,1.0],[0.6339038774096737,6.339038774096737,1.0],[0.5580285642552777,5.580285642552777,1.0],[0.4463526500656817,4.463526500656817,1.0],[0.28336462923826333,2.8336462923826335,1.0],[0.9019880415639555,9.019880415639555,1.0]]
2a_Hurink_sdata_54_workers.fjs;17858.70055469984;4965830;[1245,2404,2811,3038,3461,3925,4433,6242,6659,3635,4559,5355,5970,6436,6911,7542,7776,8523,2705,3635,4559,5355,5795,6296,6407,6818,7458,2089,2811,3555,3754,6296,6436,6818,7542,7872,330,928,1002,1235,1642,2328,2926,3754,4544,928,1866,3038,3555,3718,4557,5606,6103,6142,107,954,1866,2746,2886,3486,3925,4754,5737,0,107,597,1866,2675,3461,3754,4559,4754];[0,1,2,3,4,5,6,7,8,0,1,2,3,4,5,6,7,8,0,1,2,3,4,5,6,7,8,0,1,2,3,4,5,6,7,8,0,1,2,3,4,5,6,7,8,0,1,2,3,4,5,6,7,8,0,1,2,3,4,5,6,7,8,0,1,2,3,4,5,6,7,8];[10,6,0,6,12,5,10,7,9,2,2,7,7,2,6,11,8,8,5,9,4,3,11,11,6,4,1,10,2,8,7,10,11,8,3,0,11,6,12,0,2,3,7,1,6,1,0,1,6,8,0,9,4,12,6,11,9,11,4,0,12,6,8,9,12,12,11,8,4,4,9,1];[[0.5198238265685563,5.198238265685563,1.0],[0.9583988744400509,9.583988744400509,1.0],[0.3402956357666065,3.402956357666065,1.0],[0.7081849781179302,7.081849781179303,1.0],[0.9252189405445452,9.252189405445453,1.0],[0.05032666735654623,0.5032666735654623,1.0],[0.6613275461751585,6.613275461751585,1.0],[0.82711411373077,8.271141137307701,1.0],[0.8734961127808921,8.734961127808921,1.0],[0.5913019030238962,5.913019030238962,1.0],[0.11264722490163037,1.1264722490163037,1.0],[0.34477784983246407,3.4477784983246407,1.0],[0.011377599382669468,0.11377599382669468,1.0]]
2a_Hurink_sdata_54_workers.fjs;17519.462602732234;4570940;[928,1840,2740,2968,3396,3779,4287,4910,5361,3029,3953,4749,5323,5685,6542,7266,7500,8247,2099,3029,3953,4749,5184,5685,6055,6466,7126,3895,4685,5404,5595,6275,6409,6542,7266,7563,107,705,731,964,1345,2773,4711,5557,6332,1772,2266,2968,3510,3673,4512,5561,6332,6473,705,928,1840,2740,2765,3396,3779,3981,6080,0,107,964,1369,2191,2432,2457,2570,2968];[0,1,2,3,4,5,6,7,8,0,1,2,3,4,5,6,7,8,0,1,2,3,4,5,6,7,8,0,1,2,3,4,5,6,7,8,0,1,2,3,4,5,6,7,8,0,1,2,3,4,5,6,7,8,0,1,2,3,4,5,6,7,8,0,1,2,3,4,5,6,7,8];[10,11,12,4,3,6,7,5,5,2,5,2,7,2,10,12,8,5,5,9,4,4,11,0,6,9,0,1,6,3,1,4,11,8,3,9,11,9,12,1,4,10,10,9,7,5,10,11,6,8,0,6,1,5,6,11,12,11,6,1,11,9,10,9,12,12,7,6,4,3,9,12];[[0.18019241848515155,1.8019241848515155,1.0],[0.48736227300275514,4.873622730027551,1.0],[0.07759170039841756,0.7759170039841756,1.0],[0.5225667244081349,5.2256672440813485,1.0],[0.9196433340252647,9.196433340252646,1.0],[0.8762509611803474,8.762509611803473,1.0],[0.5029695910906639,5.029695910906638,1.0],[0.8160267976375112,8.160267976375112,1.0],[0.8059112000327816,8.059112000327817,1.0],[0.2140591090540045,2.140591090540045,1.0],[0.08805821114486456,0.8805821114486456,1.0],[0.20329737064426556,2.0329737064426556,1.0],[0.5837360924329463,5.837360924329463,1.0]]
2a_Hurink_sdata_61_workers.fjs;1900.6553435783205;4992870;[0,21,112,157,227,239,303,387,626,643,227,316,387,473,676,729,738,768,826,862,285,362,449,473,636,729,797,826,843,869,157,175,239,303,349,382,508,567,595,677,0,71,116,142,157,283,509,580,677,712,85,174,227,239,303,368,382,486,510,691,0,150,239,298,430,452,471,546,561,792,228,285,375,449,546,577,712,740,782,843,11,112,174,277,368,471,533,626,658,714,71,116,134,154,187,452,626,716,745,833];[9,8,0,7,6,5,3,2,4,1,8,9,0,7,5,4,6,2,3,1,9,8,7,6,4,5,3,2,1,0,0,1,3,2,6,4,5,7,8,9,0,1,7,5,4,6,3,2,8,9,9,8,3,7,5,4,6,2,1,0,8,9,6,7,5,3,4,2,1,0,9,8,7,6,4,5,3,2,1,0,9,8,2,4,5,3,6,7,0,1,0,1,2,3,4,5,6,7,8,9];[12,11,12,5,5,14,0,5,12,0,10,5,1,2,8,13,2,2,8,8,11,13,12,1,14,6,6,12,5,5,8,6,12,14,7,0,13,10,4,2,3,10,3,13,3,10,0,6,1,4,9,14,0,1,4,1,12,11,10,12,5,1,5,9,14,14,3,5,8,5,2,8,9,6,9,13,1,13,0,12,1,4,9,13,14,9,12,2,10,11,12,7,10,2,4,7,9,14,10,7];[[0.7773566427005639,7.7735664270056395,1.0],[0.6698255595592497,6.698255595592498,1.0],[0.09913960392481702,0.9913960392481702,1.0],[0.35297051119014544,3.529705111901454,1.0],[0.4679077429008419,4.679077429008419,1.0],[0.5346837414708775,5.346837414708775,1.0],[0.9783090609123973,9.783090609123974,1.0],[0.13031535015865903,1.3031535015865903,1.0],[0.6712434682302663,6.712434682302662,1.0],[0.36422941594737557,3.6422941594737557,1.0],[0.48883570716198577,4.888357071619858,1.0],[0.20301221073405373,2.0301221073405373,1.0],[0.6661983755713592,6.661983755713592,1.0],[0.2276630312069321,2.276630312069321,1.0],[0.4580640582967631,4.580640582967631,1.0]]
2a_Hurink_sdata_61_workers.fjs;2240.0238340769683;4880890;[360,371,462,507,586,622,686,743,828,838,0,154,237,323,460,642,653,828,867,909,54,132,183,207,327,392,477,567,582,904,0,160,221,312,401,636,740,794,822,904,17,96,154,183,269,299,352,477,581,622,225,462,553,621,794,862,876,936,960,978,237,291,360,401,512,534,553,636,652,924,0,54,207,460,493,534,622,680,749,821,80,175,237,312,327,437,493,586,621,978,96,142,183,294,392,686,740,830,904,991];[9,8,0,7,6,5,3,2,4,1,8,9,0,7,5,4,6,2,3,1,9,8,7,6,4,5,3,2,1,0,0,1,3,2,6,4,5,7,8,9,0,1,7,5,4,6,3,2,8,9,9,8,3,7,5,4,6,2,1,0,8,9,6,7,5,3,4,2,1,0,9,8,7,6,4,5,3,2,1,0,9,8,2,4,5,3,6,7,0,1,0,1,2,3,4,5,6,7,8,9];[0,11,2,2,3,14,0,7,5,5,10,5,4,13,4,9,7,2,10,8,9,13,7,3,5,6,6,11,7,5,11,2,2,6,8,0,14,10,4,3,7,0,1,14,3,9,3,13,2,2,10,14,14,1,14,9,14,10,13,2,9,11,12,9,12,7,4,13,5,12,5,5,7,6,0,12,6,1,8,12,1,4,13,0,14,13,5,1,8,5,13,7,1,7,5,6,9,13,9,7];[[0.7966509679599704,7.966509679599704,1.0],[0.05862623274803458,0.5862623274803458,1.0],[0.7602397739740907,7.602397739740907,1.0],[0.8627037401845356,8.627037401845355,1.0],[0.09127403464611428,0.9127403464611428,1.0],[0.9024924365975527,9.024924365975528,1.0],[0.7858960565941281,7.858960565941281,1.0],[0.40667966546103385,4.0667966546103385,1.0],[0.37447264465852026,3.7447264465852026,1.0],[0.6490262282913547,6.490262282913547,1.0],[0.40092466608569977,4.009246660856998,1.0],[0.5721109226277574,5.721109226277575,1.0],[0.6077930620255084,6.077930620255084,1.0],[0.05072389565884072,0.5072389565884072,1.0],[0.7370880093375713,7.370880093375714,1.0]]
2a_Hurink_sdata_61_workers.fjs;2052.8210499859265;2845680;[222,238,329,385,464,556,621,678,763,907,0,151,222,313,446,498,507,531,721,857,0,50,159,183,358,740,808,839,902,950,78,129,189,252,382,507,621,678,740,833,5,78,129,242,257,329,488,570,660,763,241,350,476,533,675,740,755,815,839,857,329,350,423,464,533,559,578,660,675,829,99,161,238,313,329,358,446,476,556,660,25,99,161,241,257,323,531,624,686,759,0,5,23,43,99,188,624,721,822,910];[9,8,0,7,6,5,3,2,4,1,8,9,0,7,5,4,6,2,3,1,9,8,7,6,4,5,3,2,1,0,0,1,3,2,6,4,5,7,8,9,0,1,7,5,4,6,3,2,8,9,9,8,3,7,5,4,6,2,1,0,8,9,6,7,5,3,4,2,1,0,9,8,7,6,4,5,3,2,1,0,9,8,2,4,5,3,6,7,0,1,0,1,2,3,4,5,6,7,8,9];[12,11,2,5,10,10,0,7,14,4,5,3,1,13,4,1,2,2,8,8,2,13,12,2,1,6,6,12,7,12,8,13,7,12,7,8,14,0,4,2,12,2,6,13,8,9,0,13,2,7,10,14,8,12,4,3,3,11,13,13,5,3,14,14,7,14,9,5,9,0,14,8,4,6,8,12,6,13,7,13,1,4,10,14,9,0,5,10,14,0,3,7,10,7,1,6,8,14,10,7];[[0.5209484070219088,5.209484070219088,1.0],[0.42125020101147315,4.212502010114731,1.0],[0.22094517308324657,2.2094517308324657,1.0],[0.13033708391670573,1.3033708391670573,1.0],[0.48395776843282956,4.839577684328296,1.0],[0.6260889663051598,6.260889663051597,1.0],[0.6211218319323739,6.21121831932374,1.0],[0.707277595965894,7.07277595965894,1.0],[0.43539590023548325,4.3539590023548325,1.0],[0.04809800715767443,0.4809800715767443,1.0],[0.2254847064342842,2.254847064342842,1.0],[0.788548045160999,7.88548045160999,1.0],[0.42108890435006496,4.21088904350065,1.0],[0.5652029481252892,5.6520294812528915,1.0],[0.6764042610645917,6.764042610645918,1.0]]
2a_Hurink_sdata_61_workers.fjs;2044.4907739018413;1852480;[231,251,396,499,585,599,669,726,811,900,69,242,313,396,493,601,658,683,726,781,0,26,69,93,155,218,286,315,471,807,74,122,182,264,309,348,413,471,499,581,0,74,122,151,218,333,424,522,612,669,100,181,239,251,348,413,427,496,522,713,0,162,231,311,471,500,519,612,627,828,313,367,569,642,658,687,781,811,839,900,26,119,181,264,286,348,496,642,678,713,92,182,329,413,427,545,683,773,804,891];[9,8,0,7,6,5,3,2,4,1,8,9,0,7,5,4,6,2,3,1,9,8,7,6,4,5,3,2,1,0,0,1,3,2,6,4,5,7,8,9,0,1,7,5,4,6,3,2,8,9,9,8,3,7,5,4,6,2,1,0,8,9,6,7,5,3,4,2,1,0,9,8,7,6,4,5,3,2,1,0,9,8,2,4,5,3,6,7,0,1,0,1,2,3,4,5,6,7,8,9];[8,0,6,14,0,12,0,7,5,4,10,5,3,13,9,1,10,3,4,8,6,13,7,9,8,6,6,9,0,11,8,13,12,1,12,14,0,10,4,2,9,12,1,10,9,6,7,13,9,12,11,14,0,2,4,14,4,6,10,6,12,11,7,1,12,7,1,5,14,0,5,2,3,6,1,10,1,3,10,13,1,4,3,3,14,13,8,8,2,14,3,7,9,4,1,6,9,0,9,7];[[0.49734142093980327,4.973414209398033,1.0],[0.35999045686025677,3.5999045686025677,1.0],[0.7220617567237175,7.220617567237175,1.0],[0.44672126724761885,4.4672126724761885,1.0],[0.4533596515962979,4.533596515962978,1.0],[0.025925678678183073,0.25925678678183073,1.0],[0.33490089376309407,3.3490089376309404,1.0],[0.4755440242737675,4.755440242737675,1.0],[0.45132356511490823,4.513235651149082,1.0],[0.08788974506102976,0.8788974506102976,1.0],[0.29509671683068217,2.9509671683068217,1.0],[0.33863234208051063,3.3863234208051063,1.0],[0.9020959027552419,9.020959027552419,1.0],[0.7173473735926632,7.173473735926632,1.0],[0.8986159167700656,8.986159167700656,1.0]]
2a_Hurink_sdata_61_workers.fjs;1949.099403063879;4957520;[116,213,369,440,533,573,638,695,801,857,0,205,286,369,441,508,545,635,695,733,360,492,539,571,635,709,779,808,852,857,5,23,138,213,508,619,638,692,720,802,23,94,186,259,330,366,449,525,676,831,0,62,115,127,186,259,302,366,393,494,115,136,205,286,419,525,544,619,635,784,62,136,213,286,302,331,419,492,521,801,278,352,417,492,508,573,631,720,752,784,0,5,23,127,138,275,418,510,539,626];[9,8,0,7,6,5,3,2,4,1,8,9,0,7,5,4,6,2,3,1,9,8,7,6,4,5,3,2,1,0,0,1,3,2,6,4,5,7,8,9,0,1,7,5,4,6,3,2,8,9,9,8,3,7,5,4,6,2,1,0,8,9,6,7,5,3,4,2,1,0,9,8,7,6,4,5,3,2,1,0,9,8,2,4,5,3,6,7,0,1,0,1,2,3,4,5,6,7,8,9];[4,11,2,5,5,10,0,7,12,4,4,9,3,0,8,12,11,12,1,8,4,13,12,1,13,0,6,8,1,9,8,1,7,8,3,11,14,10,4,10,3,10,3,14,4,5,7,6,12,6,11,14,12,1,5,13,5,7,6,8,5,11,12,14,3,7,3,13,11,12,8,8,3,6,12,12,6,6,4,13,1,1,13,14,2,5,8,5,1,11,12,7,10,4,4,0,9,14,9,7];[[0.4211249061401,4.211249061401,1.0],[0.9761073344853062,9.761073344853061,1.0],[0.6132800246752349,6.132800246752349,1.0],[0.6930423279788359,6.930423279788359,1.0],[0.5088628354481554,5.088628354481553,1.0],[0.18781156668551158,1.8781156668551158,1.0],[0.830121874145001,8.301218741450011,1.0],[0.8449241651217704,8.449241651217704,1.0],[0.20962821201639004,2.0962821201639006,1.0],[0.6505169872996391,6.505169872996391,1.0],[0.7003316191510263,7.003316191510263,1.0],[0.7150339547653067,7.150339547653068,1.0],[0.8091072451390076,8.091072451390076,1.0],[0.8451978833841938,8.451978833841938,1.0],[0.3695849781386673,3.695849781386673,1.0]]
2a_Hurink_sdata_61_workers.fjs;1923.529749689821;4735490;[283,336,435,480,564,576,641,702,787,799,0,377,480,563,699,751,761,787,826,865,0,50,93,117,179,250,604,659,702,757,0,140,377,434,479,563,641,699,742,824,23,94,140,222,344,377,434,505,707,742,221,283,336,348,423,488,504,633,707,777,93,151,221,264,336,358,377,479,502,871,25,114,191,264,452,488,576,604,641,731,77,191,253,328,358,505,576,665,697,731,18,23,41,59,71,161,280,407,439,527];[9,8,0,7,6,5,3,2,4,1,8,9,0,7,5,4,6,2,3,1,9,8,7,6,4,5,3,2,1,0,0,1,3,2,6,4,5,7,8,9,0,1,7,5,4,6,3,2,8,9,9,8,3,7,5,4,6,2,1,0,8,9,6,7,5,3,4,2,1,0,9,8,7,6,4,5,3,2,1,0,9,8,2,4,5,3,6,7,0,1,0,1,2,3,4,5,6,7,8,9];[0,13,2,8,5,10,11,7,14,5,5,14,3,2,9,3,2,2,8,8,2,13,7,3,1,2,6,5,1,5,8,11,12,1,11,3,0,0,4,10,3,0,0,14,6,5,0,6,1,10,11,14,10,1,4,13,14,6,10,6,5,9,12,1,12,14,3,6,13,12,14,8,3,6,9,12,1,3,10,12,1,4,13,11,11,9,8,2,3,11,3,7,4,7,4,5,8,7,10,7];[[0.4831103964860096,4.831103964860096,1.0],[0.9021829992468611,9.02182999246861,1.0],[0.5374571935128641,5.374571935128642,1.0],[0.8761340971511191,8.761340971511192,1.0],[0.573156942708234,5.7315694270823405,1.0],[0.994523847851402,9.945238478514021,1.0],[0.3574465703190305,3.574465703190305,1.0],[0.6617299629663892,6.617299629663892,1.0],[0.4882872262788658,4.882872262788657,1.0],[0.5726412824777106,5.726412824777106,1.0],[0.32388398325139345,3.2388398325139347,1.0],[0.8072354510963532,8.072354510963532,1.0],[0.8087324055796944,8.087324055796945,1.0],[0.660852452150834,6.60852452150834,1.0],[0.5802577271631468,5.802577271631469,1.0]]
2a_Hurink_sdata_61_workers.fjs;1989.4837443276863;4108450;[354,365,456,501,571,649,713,770,855,865,0,52,123,211,438,490,697,721,770,814,123,156,282,312,415,578,649,678,725,826,5,23,148,359,672,697,713,779,812,894,22,215,306,351,376,415,478,549,650,715,222,284,351,368,490,555,583,647,707,725,131,284,374,427,555,578,597,691,730,871,0,52,131,206,222,250,364,499,528,845,148,222,284,359,376,438,478,571,607,639,0,5,23,43,55,156,222,337,555,650];[9,8,0,7,6,5,3,2,4,1,8,9,0,7,5,4,6,2,3,1,9,8,7,6,4,5,3,2,1,0,0,1,3,2,6,4,5,7,8,9,0,1,7,5,4,6,3,2,8,9,9,8,3,7,5,4,6,2,1,0,8,9,6,7,5,3,4,2,1,0,9,8,7,6,4,5,3,2,1,0,9,8,2,4,5,3,6,7,0,1,0,1,2,3,4,5,6,7,8,9];[12,11,12,14,5,14,0,7,14,5,5,3,0,0,4,13,2,2,4,2,2,13,12,3,3,2,6,8,7,12,11,13,2,8,3,3,1,0,4,2,0,2,11,1,0,9,0,6,7,5,11,14,5,1,4,5,5,10,13,12,3,2,3,1,7,3,3,6,9,3,14,11,4,6,12,5,4,1,12,12,1,4,13,9,14,13,8,8,1,11,12,7,10,7,14,14,9,0,4,4];[[0.34661995661142697,3.4661995661142697,1.0],[0.2286410960833074,2.286410960833074,1.0],[0.012392470279078194,0.12392470279078194,1.0],[0.9308270259025113,9.308270259025113,1.0],[0.3225145761620236,3.225145761620236,1.0],[0.0006954578022455582,0.006954578022455582,1.0],[0.2097170717940725,2.097170717940725,1.0],[0.5179602272351016,5.179602272351016,1.0],[0.7628222106217201,7.6282221062172,1.0],[0.3089717897377221,3.089717897377221,1.0],[0.15113122452813788,1.5113122452813788,1.0],[0.07045772229012492,0.7045772229012492,1.0],[0.8725064026541692,8.725064026541693,1.0],[0.3074981421409557,3.074981421409557,1.0],[0.272859759997538,2.7285975999753798,1.0]]
2a_Hurink_sdata_61_workers.fjs;2002.6709790630266;95340;[131,141,232,278,348,361,434,492,601,624,22,169,277,363,434,493,584,667,707,749,141,232,434,476,536,602,670,731,796,870,76,125,178,241,361,415,486,568,703,821,5,76,121,150,167,277,335,577,667,749,0,72,125,150,226,611,625,707,731,749,0,62,131,209,291,314,333,477,536,891,325,392,480,568,625,670,758,786,814,909,251,325,392,477,540,611,685,786,838,875,0,5,23,42,55,167,386,597,785,880];[9,8,0,7,6,5,3,2,4,1,8,9,0,7,5,4,6,2,3,1,9,8,7,6,4,5,3,2,1,0,0,1,3,2,6,4,5,7,8,9,0,1,7,5,4,6,3,2,8,9,9,8,3,7,5,4,6,2,1,0,8,9,6,7,5,3,4,2,1,0,9,8,7,6,4,5,3,2,1,0,9,8,2,4,5,3,6,7,0,1,0,1,2,3,4,5,6,7,8,9];[4,11,12,14,10,14,0,7,5,1,5,0,5,0,4,13,9,3,1,9,8,13,7,1,10,6,6,11,12,11,8,14,7,7,11,13,14,12,4,4,3,10,10,12,6,12,7,13,11,13,11,14,2,1,4,5,14,10,13,2,4,11,3,14,0,7,1,5,1,3,2,12,2,6,12,12,1,3,10,12,1,3,5,11,14,9,8,1,1,14,13,7,13,2,7,2,9,7,7,7];[[0.8559393885152179,8.55939388515218,1.0],[0.8004839408308784,8.004839408308783,1.0],[0.5938433496209707,5.938433496209708,1.0],[0.8870093324131678,8.870093324131679,1.0],[0.741558169706834,7.4155816970683395,1.0],[0.8097670389513107,8.097670389513107,1.0],[0.2247324103169328,2.247324103169328,1.0],[0.9761818800633866,9.761818800633865,1.0],[0.6339038774096737,6.339038774096737,1.0],[0.5580285642552777,5.580285642552777,1.0],[0.4463526500656817,4.463526500656817,1.0],[0.28336462923826333,2.8336462923826335,1.0],[0.9019880415639555,9.019880415639555,1.0],[0.03268507148422006,0.32685071484220063,1.0],[0.4362825217209084,4.3628252172090844,1.0]]
2a_Hurink_sdata_61_workers.fjs;2077.695482406244;4372760;[232,243,334,527,665,696,760,821,906,916,68,161,232,314,479,532,543,572,611,653,0,25,68,92,154,217,285,532,698,942,5,22,217,360,415,440,554,610,639,721,22,105,151,180,307,360,463,664,756,796,25,118,171,184,285,358,440,545,572,804,0,243,319,385,532,554,573,648,703,786,319,373,454,527,543,608,703,756,854,916,87,171,238,337,358,423,572,665,697,786,0,151,169,189,217,423,678,768,798,906];[9,8,0,7,6,5,3,2,4,1,8,9,0,7,5,4,6,2,3,1,9,8,7,6,4,5,3,2,1,0,0,1,3,2,6,4,5,7,8,9,0,1,7,5,4,6,3,2,8,9,9,8,3,7,5,4,6,2,1,0,8,9,6,7,5,3,4,2,1,0,9,8,7,6,4,5,3,2,1,0,9,8,2,4,5,3,6,7,0,1,0,1,2,3,4,5,6,7,8,9];[12,11,12,0,10,14,14,7,12,4,5,5,1,0,8,9,13,2,10,8,2,13,12,3,8,6,6,8,1,13,11,7,8,3,3,6,14,0,4,3,6,0,0,1,2,4,3,6,12,9,11,14,11,2,5,6,10,5,7,8,4,14,3,14,12,3,3,13,11,0,8,8,11,6,4,12,1,3,0,12,1,3,9,10,11,13,5,5,2,11,3,7,10,14,4,0,9,13,5,7];[[0.5198238265685563,5.198238265685563,1.0],[0.9583988744400509,9.583988744400509,1.0],[0.3402956357666065,3.402956357666065,1.0],[0.7081849781179302,7.081849781179303,1.0],[0.9252189405445452,9.252189405445453,1.0],[0.05032666735654623,0.5032666735654623,1.0],[0.6613275461751585,6.613275461751585,1.0],[0.82711411373077,8.271141137307701,1.0],[0.8734961127808921,8.734961127808921,1.0],[0.5913019030238962,5.913019030238962,1.0],[0.11264722490163037,1.1264722490163037,1.0],[0.34477784983246407,3.4477784983246407,1.0],[0.011377599382669468,0.11377599382669468,1.0],[0.7909742881977946,7.909742881977946,1.0],[0.3277964015146908,3.277964015146908,1.0]]
2a_Hurink_sdata_61_workers.fjs;2142.8686123393113;3226270;[81,114,264,383,459,576,641,702,856,907,0,296,441,564,789,847,856,885,924,970,0,71,114,138,198,264,440,573,726,949,0,137,197,441,550,576,641,719,748,847,17,91,138,167,264,316,369,483,573,874,160,222,275,316,383,457,490,586,613,856,50,91,198,239,334,471,490,613,635,751,27,367,459,576,641,695,789,817,846,970,222,296,358,441,457,522,592,685,719,751,90,197,215,287,299,522,685,775,830,944];[9,8,0,7,6,5,3,2,4,1,8,9,0,7,5,4,6,2,3,1,9,8,7,6,4,5,3,2,1,0,0,1,3,2,6,4,5,7,8,9,0,1,7,5,4,6,3,2,8,9,9,8,3,7,5,4,6,2,1,0,8,9,6,7,5,3,4,2,1,0,9,8,7,6,4,5,3,2,1,0,9,8,2,4,5,3,6,7,0,1,0,1,2,3,4,5,6,7,8,9];[4,0,2,8,14,10,11,7,12,4,10,5,3,0,2,13,6,2,8,8,1,13,12,1,2,0,6,5,5,11,11,3,8,12,7,14,14,12,4,2,12,4,8,8,6,9,0,13,2,12,11,14,10,8,14,4,14,12,9,13,5,11,3,9,14,14,11,6,0,12,8,5,9,6,10,10,1,1,10,12,1,4,3,4,2,0,5,13,1,11,12,7,13,7,13,6,9,0,5,7];[[0.18019241848515155,1.8019241848515155,1.0],[0.48736227300275514,4.873622730027551,1.0],[0.07759170039841756,0.7759170039841756,1.0],[0.5225667244081349,5.2256672440813485,1.0],[0.9196433340252647,9.196433340252646,1.0],[0.8762509611803474,8.762509611803473,1.0],[0.5029695910906639,5.029695910906638,1.0],[0.8160267976375112,8.160267976375112,1.0],[0.8059112000327816,8.059112000327817,1.0],[0.2140591090540045,2.140591090540045,1.0],[0.08805821114486456,0.8805821114486456,1.0],[0.20329737064426556,2.0329737064426556,1.0],[0.5837360924329463,5.837360924329463,1.0],[0.6737333796339059,6.737333796339059,1.0],[0.1608013027204077,1.6080130272040771,1.0]]
2a_Hurink_sdata_63_workers.fjs;912.8762109732633;4996790;[0,31,56,81,115,140,189,207,245,321,31,52,63,135,158,208,232,292,342,357,125,150,173,225,268,287,302,315,331,371,65,87,115,177,208,284,320,363,377,395,39,66,105,153,223,268,297,339,371,415,22,87,102,158,177,232,267,315,374,401,8,22,102,125,157,171,227,286,331,350,0,8,37,66,119,135,168,239,297,315,19,56,66,125,158,208,267,292,331,347,0,19,26,98,158,207,257,308,320];[0,1,2,3,4,5,6,7,8,9,0,3,4,8,9,6,7,5,2,1,0,7,3,2,6,4,1,5,8,9,0,1,3,8,5,2,4,7,6,9,0,6,1,3,5,2,9,7,8,4,4,0,6,8,2,3,9,7,5,1,4,3,0,9,2,1,8,7,6,5,4,6,9,3,8,2,7,5,0,1,2,6,8,7,4,9,3,1,5,0,2,9,5,8,6,3,7,4,0];[13,3,3,13,10,2,4,9,3,14,13,0,6,3,6,11,11,9,7,3,5,10,10,5,10,4,10,11,9,0,8,9,14,11,12,1,7,2,8,14,13,0,2,8,6,4,13,0,10,7,7,4,4,0,0,7,8,10,5,11,2,14,0,1,9,7,1,2,11,14,6,1,5,1,13,12,5,8,8,1,10,1,7,0,3,14,9,10,6,4,0,0,2,7,1,4,12,8,4];[[0.7773566427005639,7.7735664270056395,1.0],[0.6698255595592497,6.698255595592498,1.0],[0.09913960392481702,0.9913960392481702,1.0],[0.35297051119014544,3.529705111901454,1.0],[0.4679077429008419,4.679077429008419,1.0],[0.5346837414708775,5.346837414708775,1.0],[0.9783090609123973,9.783090609123974,1.0],[0.13031535015865903,1.3031535015865903,1.0],[0.6712434682302663,6.712434682302662,1.0],[0.36422941594737557,3.6422941594737557,1.0],[0.48883570716198577,4.888357071619858,1.0],[0.20301221073405373,2.0301221073405373,1.0],[0.6661983755713592,6.661983755713592,1.0],[0.2276630312069321,2.276630312069321,1.0],[0.4580640582967631,4.580640582967631,1.0]]
2a_Hurink_sdata_63_workers.fjs;905.5058716238792;571390;[32,86,99,145,180,198,244,308,338,385,25,32,43,88,113,162,181,260,292,313,61,88,120,156,200,220,270,282,298,341,138,160,180,218,246,274,292,332,346,364,0,25,51,86,113,214,228,252,364,409,14,86,100,168,228,274,311,346,378,405,0,51,113,162,200,214,270,288,308,319,32,51,80,106,120,136,218,343,364,375,20,80,136,168,198,252,311,344,362,378,0,105,145,189,263,335,371,398,409];[0,1,2,3,4,5,6,7,8,9,0,3,4,8,9,6,7,5,2,1,0,7,3,2,6,4,1,5,8,9,0,1,3,8,5,2,4,7,6,9,0,6,1,3,5,2,9,7,8,4,4,0,6,8,2,3,9,7,5,1,4,3,0,9,2,1,8,7,6,5,4,6,9,3,8,2,7,5,0,1,2,6,8,7,4,9,3,1,5,0,2,9,5,8,6,3,7,4,0];[0,9,3,0,11,6,9,6,11,14,11,2,10,2,8,5,0,3,13,3,7,10,6,9,10,1,11,11,9,9,2,13,14,5,6,2,3,2,8,14,1,3,9,8,2,3,13,0,10,5,9,7,4,1,4,5,8,4,5,7,9,3,3,8,9,7,1,7,0,14,14,1,5,7,13,14,14,1,11,9,8,1,7,2,1,14,5,0,6,11,8,0,6,12,6,5,0,1,12];[[0.7966509679599704,7.966509679599704,1.0],[0.05862623274803458,0.5862623274803458,1.0],[0.7602397739740907,7.602397739740907,1.0],[0.8627037401845356,8.627037401845355,1.0],[0.09127403464611428,0.9127403464611428,1.0],[0.9024924365975527,9.024924365975528,1.0],[0.7858960565941281,7.858960565941281,1.0],[0.40667966546103385,4.0667966546103385,1.0],[0.37447264465852026,3.7447264465852026,1.0],[0.6490262282913547,6.490262282913547,1.0],[0.40092466608569977,4.009246660856998,1.0],[0.5721109226277574,5.721109226277575,1.0],[0.6077930620255084,6.077930620255084,1.0],[0.05072389565884072,0.5072389565884072,1.0],[0.7370880093375713,7.370880093375714,1.0]]
2a_Hurink_sdata_63_workers.fjs;854.8607148983949;4965090;[8,37,57,76,127,176,219,236,267,315,0,8,22,67,90,180,198,234,293,308,63,88,111,136,198,225,260,274,293,344,88,110,136,198,252,267,285,310,324,362,37,67,127,174,219,246,260,286,333,386,67,110,124,180,198,271,285,324,348,375,7,22,124,148,179,193,249,267,296,308,0,7,36,61,90,108,128,157,176,339,20,95,129,160,165,185,244,274,291,348,0,19,26,108,266,296,348,375,386];[0,1,2,3,4,5,6,7,8,9,0,3,4,8,9,6,7,5,2,1,0,7,3,2,6,4,1,5,8,9,0,1,3,8,5,2,4,7,6,9,0,6,1,3,5,2,9,7,8,4,4,0,6,8,2,3,9,7,5,1,4,3,0,9,2,1,8,7,6,5,4,6,9,3,8,2,7,5,0,1,2,6,8,7,4,9,3,1,5,0,2,9,5,8,6,3,7,4,0];[0,7,3,0,10,10,5,6,5,12,14,8,10,12,6,6,3,11,5,3,7,13,0,5,2,9,3,4,9,12,2,10,14,9,14,1,12,2,2,14,6,10,2,13,12,3,11,0,1,7,5,7,4,1,0,13,8,10,5,6,7,13,7,6,0,7,1,6,14,14,12,1,5,14,8,14,11,9,3,13,8,1,8,3,8,14,12,2,6,10,3,12,9,5,14,7,0,12,1];[[0.5209484070219088,5.209484070219088,1.0],[0.42125020101147315,4.212502010114731,1.0],[0.22094517308324657,2.2094517308324657,1.0],[0.13033708391670573,1.3033708391670573,1.0],[0.48395776843282956,4.839577684328296,1.0],[0.6260889663051598,6.260889663051597,1.0],[0.6211218319323739,6.21121831932374,1.0],[0.707277595965894,7.07277595965894,1.0],[0.43539590023548325,4.3539590023548325,1.0],[0.04809800715767443,0.4809800715767443,1.0],[0.2254847064342842,2.254847064342842,1.0],[0.788548045160999,7.88548045160999,1.0],[0.42108890435006496,4.21088904350065,1.0],[0.5652029481252892,5.6520294812528915,1.0],[0.6764042610645917,6.764042610645918,1.0]]
2a_Hurink_sdata_63_workers.fjs;884.954819094337;3771060;[54,117,131,145,178,197,251,300,325,359,0,7,37,84,134,197,233,256,316,366,120,145,178,203,269,290,304,316,354,394,7,29,56,133,161,179,197,219,233,338,29,54,82,117,137,165,184,256,281,364,22,106,120,213,247,293,308,338,364,396,8,22,83,106,117,145,252,281,321,393,0,8,63,94,117,145,165,237,275,341,0,82,179,213,219,239,308,332,341,357,37,56,92,232,290,332,366,393,405];[0,1,2,3,4,5,6,7,8,9,0,3,4,8,9,6,7,5,2,1,0,7,3,2,6,4,1,5,8,9,0,1,3,8,5,2,4,7,6,9,0,6,1,3,5,2,9,7,8,4,4,0,6,8,2,3,9,7,5,1,4,3,0,9,2,1,8,7,6,5,4,6,9,3,8,2,7,5,0,1,2,6,8,7,4,9,3,1,5,0,2,9,5,8,6,3,7,4,0];[0,14,3,2,5,4,11,9,3,3,11,3,11,10,1,5,0,12,13,8,7,3,6,13,0,7,13,11,9,10,8,13,14,5,0,2,1,2,8,14,0,10,2,13,0,14,3,7,10,1,7,7,4,0,4,11,8,1,7,12,2,3,13,0,9,7,1,6,0,14,5,1,9,5,2,14,9,9,12,0,10,1,14,8,5,14,6,7,6,10,14,7,1,12,1,5,0,5,4];[[0.49734142093980327,4.973414209398033,1.0],[0.35999045686025677,3.5999045686025677,1.0],[0.7220617567237175,7.220617567237175,1.0],[0.44672126724761885,4.4672126724761885,1.0],[0.4533596515962979,4.533596515962978,1.0],[0.025925678678183073,0.25925678678183073,1.0],[0.33490089376309407,3.3490089376309404,1.0],[0.4755440242737675,4.755440242737675,1.0],[0.45132356511490823,4.513235651149082,1.0],[0.08788974506102976,0.8788974506102976,1.0],[0.29509671683068217,2.9509671683068217,1.0],[0.33863234208051063,3.3863234208051063,1.0],[0.9020959027552419,9.020959027552419,1.0],[0.7173473735926632,7.173473735926632,1.0],[0.8986159167700656,8.986159167700656,1.0]]
2a_Hurink_sdata_63_workers.fjs;865.3265344717249;4201640;[79,111,137,151,184,204,244,290,314,340,50,57,68,115,145,204,223,282,302,328,25,50,68,93,223,242,258,317,340,390,57,94,184,222,249,270,288,314,337,369,0,25,54,94,114,187,203,246,270,325,15,133,148,204,222,270,287,328,352,379,0,15,110,133,151,165,249,270,325,379,33,64,93,119,138,165,187,263,282,293,0,54,68,98,115,226,287,318,333,349,44,119,128,170,290,325,352,381,392];[0,1,2,3,4,5,6,7,8,9,0,3,4,8,9,6,7,5,2,1,0,7,3,2,6,4,1,5,8,9,0,1,3,8,5,2,4,7,6,9,0,6,1,3,5,2,9,7,8,4,4,0,6,8,2,3,9,7,5,1,4,3,0,9,2,1,8,7,6,5,4,6,9,3,8,2,7,5,0,1,2,6,8,7,4,9,3,1,5,0,2,9,5,8,6,3,7,4,0];[5,14,3,2,11,4,5,6,5,14,11,2,11,12,8,5,3,3,3,3,7,13,0,9,6,6,12,8,0,10,12,10,14,1,14,2,11,2,7,14,1,0,4,8,10,13,11,0,10,4,9,4,4,1,8,5,8,10,10,6,7,3,4,11,9,7,1,4,7,3,5,1,2,2,14,12,10,9,0,13,12,1,13,3,5,11,1,0,6,4,6,0,1,9,4,1,12,12,4];[[0.4211249061401,4.211249061401,1.0],[0.9761073344853062,9.761073344853061,1.0],[0.6132800246752349,6.132800246752349,1.0],[0.6930423279788359,6.930423279788359,1.0],[0.5088628354481554,5.088628354481553,1.0],[0.18781156668551158,1.8781156668551158,1.0],[0.830121874145001,8.301218741450011,1.0],[0.8449241651217704,8.449241651217704,1.0],[0.20962821201639004,2.0962821201639006,1.0],[0.6505169872996391,6.505169872996391,1.0],[0.7003316191510263,7.003316191510263,1.0],[0.7150339547653067,7.150339547653068,1.0],[0.8091072451390076,8.091072451390076,1.0],[0.8451978833841938,8.451978833841938,1.0],[0.3695849781386673,3.695849781386673,1.0]]
2a_Hurink_sdata_63_workers.fjs;870.2602559121628;4866070;[25,86,101,120,155,210,253,293,318,369,54,62,74,137,159,209,227,268,287,333,101,126,155,180,227,246,283,326,344,398,126,148,180,218,253,269,287,317,331,348,0,25,51,86,106,121,209,250,274,318,22,85,117,188,223,269,296,331,358,385,0,25,62,106,159,173,246,274,348,385,14,51,80,106,121,137,159,191,210,295,20,80,90,145,188,234,296,323,342,358,0,51,121,167,274,323,355,385,397];[0,1,2,3,4,5,6,7,8,9,0,3,4,8,9,6,7,5,2,1,0,7,3,2,6,4,1,5,8,9,0,1,3,8,5,2,4,7,6,9,0,6,1,3,5,2,9,7,8,4,4,0,6,8,2,3,9,7,5,1,4,3,0,9,2,1,8,7,6,5,4,6,9,3,8,2,7,5,0,1,2,6,8,7,4,9,3,1,5,0,2,9,5,8,6,3,7,4,0];[0,0,3,0,12,10,5,6,11,12,13,10,6,14,1,12,3,11,5,3,5,5,8,5,9,2,13,8,4,10,1,9,14,8,12,1,1,2,2,14,8,3,9,13,12,3,4,0,10,5,5,3,4,0,6,13,8,10,5,0,9,8,0,4,0,7,1,6,9,14,1,1,2,11,2,13,6,9,1,13,7,1,8,3,2,4,4,0,6,1,7,3,7,2,0,1,0,5,1];[[0.4831103964860096,4.831103964860096,1.0],[0.9021829992468611,9.02182999246861,1.0],[0.5374571935128641,5.374571935128642,1.0],[0.8761340971511191,8.761340971511192,1.0],[0.573156942708234,5.7315694270823405,1.0],[0.994523847851402,9.945238478514021,1.0],[0.3574465703190305,3.574465703190305,1.0],[0.6617299629663892,6.617299629663892,1.0],[0.4882872262788658,4.882872262788657,1.0],[0.5726412824777106,5.726412824777106,1.0],[0.32388398325139345,3.2388398325139347,1.0],[0.8072354510963532,8.072354510963532,1.0],[0.8087324055796944,8.087324055796945,1.0],[0.660852452150834,6.60852452150834,1.0],[0.5802577271631468,5.802577271631469,1.0]]
2a_Hurink_sdata_63_workers.fjs;920.6654684219654;3683280;[77,115,128,151,185,203,246,271,296,351,0,7,22,167,231,298,325,348,366,381,106,131,185,210,275,298,313,325,371,411,7,29,52,90,117,142,160,182,316,380,29,54,80,115,135,190,206,246,324,371,104,131,147,207,253,299,316,348,372,411,8,22,54,77,90,128,189,226,264,401,0,8,37,135,151,167,196,246,271,325,0,41,51,83,122,141,210,237,265,351,41,62,69,117,203,246,296,325,336];[0,1,2,3,4,5,6,7,8,9,0,3,4,8,9,6,7,5,2,1,0,7,3,2,6,4,1,5,8,9,0,1,3,8,5,2,4,7,6,9,0,6,1,3,5,2,9,7,8,4,4,0,6,8,2,3,9,7,5,1,4,3,0,9,2,1,8,7,6,5,4,6,9,3,8,2,7,5,0,1,2,6,8,7,4,9,3,1,5,0,2,9,5,8,6,3,7,4,0];[0,14,3,13,13,10,11,9,9,12,0,10,10,14,2,6,0,11,5,8,5,14,6,5,4,8,11,11,9,12,8,2,14,1,0,1,12,2,2,14,8,3,2,8,5,12,3,7,1,11,9,10,4,0,3,5,8,10,7,14,9,3,4,6,9,7,1,7,0,1,5,1,5,8,14,0,8,1,7,3,7,1,7,10,11,11,11,8,6,2,11,9,12,4,14,10,12,12,12];[[0.34661995661142697,3.4661995661142697,1.0],[0.2286410960833074,2.286410960833074,1.0],[0.012392470279078194,0.12392470279078194,1.0],[0.9308270259025113,9.308270259025113,1.0],[0.3225145761620236,3.225145761620236,1.0],[0.0006954578022455582,0.006954578022455582,1.0],[0.2097170717940725,2.097170717940725,1.0],[0.5179602272351016,5.179602272351016,1.0],[0.7628222106217201,7.6282221062172,1.0],[0.3089717897377221,3.089717897377221,1.0],[0.15113122452813788,1.5113122452813788,1.0],[0.07045772229012492,0.7045772229012492,1.0],[0.8725064026541692,8.725064026541693,1.0],[0.3074981421409557,3.074981421409557,1.0],[0.272859759997538,2.7285975999753798,1.0]]
2a_Hurink_sdata_63_workers.fjs;860.8985013919737;1114240;[57,86,99,114,160,182,225,242,317,345,0,19,36,81,104,156,178,225,242,325,32,57,75,113,176,195,210,242,258,316,138,160,178,225,279,293,311,337,351,376,7,36,99,148,168,257,271,294,345,389,7,86,100,156,176,220,234,266,293,355,22,36,113,154,220,234,299,318,337,376,0,7,36,100,135,156,203,258,279,290,19,67,104,135,140,166,234,316,337,353,0,19,81,174,242,276,351,378,389];[0,1,2,3,4,5,6,7,8,9,0,3,4,8,9,6,7,5,2,1,0,7,3,2,6,4,1,5,8,9,0,1,3,8,5,2,4,7,6,9,0,6,1,3,5,2,9,7,8,4,4,0,6,8,2,3,9,7,5,1,4,3,0,9,2,1,8,7,6,5,4,6,9,3,8,2,7,5,0,1,2,6,8,7,4,9,3,1,5,0,2,9,5,8,6,3,7,4,0];[0,14,3,13,11,2,5,6,10,3,9,2,10,12,6,12,11,1,5,8,7,7,6,5,9,0,11,11,4,9,3,2,14,2,14,2,5,2,2,14,0,12,14,13,10,3,1,0,10,7,7,13,4,1,1,13,8,10,3,6,4,3,3,8,0,7,1,6,7,3,12,1,2,7,12,9,9,0,9,9,8,1,8,2,7,4,14,11,6,1,2,13,10,3,9,5,0,12,12];[[0.8559393885152179,8.55939388515218,1.0],[0.8004839408308784,8.004839408308783,1.0],[0.5938433496209707,5.938433496209708,1.0],[0.8870093324131678,8.870093324131679,1.0],[0.741558169706834,7.4155816970683395,1.0],[0.8097670389513107,8.097670389513107,1.0],[0.2247324103169328,2.247324103169328,1.0],[0.9761818800633866,9.761818800633865,1.0],[0.6339038774096737,6.339038774096737,1.0],[0.5580285642552777,5.580285642552777,1.0],[0.4463526500656817,4.463526500656817,1.0],[0.28336462923826333,2.8336462923826335,1.0],[0.9019880415639555,9.019880415639555,1.0],[0.03268507148422006,0.32685071484220063,1.0],[0.4362825217209084,4.3628252172090844,1.0]]
2a_Hurink_sdata_63_workers.fjs;856.846874902099;3576200;[116,145,158,172,206,223,263,281,305,331,0,7,37,91,129,199,230,277,298,339,32,57,75,172,217,274,288,305,331,382,57,97,121,164,263,277,295,330,344,361,7,36,62,100,121,143,179,203,230,316,21,79,93,192,217,261,275,305,337,370,7,21,93,116,129,223,279,344,366,382,0,7,36,61,75,91,163,195,280,314,20,62,113,158,163,203,275,305,321,337,0,61,68,143,164,206,253,336,365];[0,1,2,3,4,5,6,7,8,9,0,3,4,8,9,6,7,5,2,1,0,7,3,2,6,4,1,5,8,9,0,1,3,8,5,2,4,7,6,9,0,6,1,3,5,2,9,7,8,4,4,0,6,8,2,3,9,7,5,1,4,3,0,9,2,1,8,7,6,5,4,6,9,3,8,2,7,5,0,1,2,6,8,7,4,9,3,1,5,0,2,9,5,8,6,3,7,4,0];[0,8,3,13,7,4,4,6,11,14,11,0,10,1,1,0,3,14,0,3,7,7,6,6,12,10,13,8,4,0,2,2,14,8,6,2,3,2,2,14,2,3,9,7,7,9,10,8,10,3,5,7,4,1,1,13,8,4,6,11,4,14,0,9,9,7,1,13,9,14,12,1,4,11,13,13,4,9,0,13,8,1,13,8,11,11,5,6,6,7,8,5,5,10,0,14,0,5,1];[[0.5198238265685563,5.198238265685563,1.0],[0.9583988744400509,9.583988744400509,1.0],[0.3402956357666065,3.402956357666065,1.0],[0.7081849781179302,7.081849781179303,1.0],[0.9252189405445452,9.252189405445453,1.0],[0.05032666735654623,0.5032666735654623,1.0],[0.6613275461751585,6.613275461751585,1.0],[0.82711411373077,8.271141137307701,1.0],[0.8734961127808921,8.734961127808921,1.0],[0.5913019030238962,5.913019030238962,1.0],[0.11264722490163037,1.1264722490163037,1.0],[0.34477784983246407,3.4477784983246407,1.0],[0.011377599382669468,0.11377599382669468,1.0],[0.7909742881977946,7.909742881977946,1.0],[0.3277964015146908,3.277964015146908,1.0]]
2a_Hurink_sdata_63_workers.fjs;901.0570773669917;4195660;[7,36,82,115,148,165,204,221,246,321,0,7,48,106,159,221,246,272,294,352,58,83,148,173,239,260,274,313,359,408,36,58,77,209,258,276,294,356,370,387,83,108,134,173,204,218,263,288,312,359,22,108,134,190,232,276,291,332,359,387,8,22,123,147,159,194,293,312,332,387,0,8,37,63,90,106,159,292,313,326,7,48,58,103,170,209,291,316,329,345,63,82,218,272,293,324,370,399,410];[0,1,2,3,4,5,6,7,8,9,0,3,4,8,9,6,7,5,2,1,0,7,3,2,6,4,1,5,8,9,0,1,3,8,5,2,4,7,6,9,0,6,1,3,5,2,9,7,8,4,4,0,6,8,2,3,9,7,5,1,4,3,0,9,2,1,8,7,6,5,4,6,9,3,8,2,7,5,0,1,2,6,8,7,4,9,3,1,5,0,2,9,5,8,6,3,7,4,0];[0,9,3,2,7,14,5,9,11,3,11,7,11,12,13,6,3,3,6,3,5,9,6,9,12,12,12,11,4,10,3,9,14,13,6,2,12,2,2,14,0,3,3,7,2,3,14,0,1,7,5,4,4,1,1,11,8,10,1,0,4,14,8,8,0,7,1,7,7,1,6,1,2,3,2,9,8,13,2,13,11,1,7,3,3,0,9,13,6,0,2,8,14,5,5,2,12,9,4];[[0.18019241848515155,1.8019241848515155,1.0],[0.48736227300275514,4.873622730027551,1.0],[0.07759170039841756,0.7759170039841756,1.0],[0.5225667244081349,5.2256672440813485,1.0],[0.9196433340252647,9.196433340252646,1.0],[0.8762509611803474,8.762509611803473,1.0],[0.5029695910906639,5.029695910906638,1.0],[0.8160267976375112,8.160267976375112,1.0],[0.8059112000327816,8.059112000327817,1.0],[0.2140591090540045,2.140591090540045,1.0],[0.08805821114486456,0.8805821114486456,1.0],[0.20329737064426556,2.0329737064426556,1.0],[0.5837360924329463,5.837360924329463,1.0],[0.6737333796339059,6.737333796339059,1.0],[0.1608013027204077,1.6080130272040771,1.0]]
2b_Hurink_edata_1_workers.fjs;113.8809488476775;1099270;[9,10,25,31,38,49,5,13,21,32,41,50,0,6,15,32,41,43,0,5,18,23,32,42,0,13,16,21,25,41,0,3,6,15,39,43];[2,0,1,3,3,4,1,2,4,5,0,3,5,3,5,0,5,4,1,0,2,3,4,5,2,1,4,1,0,3,3,3,5,0,4,2];[3,7,6,5,0,8,2,8,2,8,4,1,6,6,0,2,8,2,0,7,7,1,4,5,4,5,5,8,7,0,7,1,0,6,1,0];[[0.7773566427005639,7.7735664270056395,1.0],[0.6698255595592497,6.698255595592498,1.0],[0.09913960392481702,0.9913960392481702,1.0],[0.35297051119014544,3.529705111901454,1.0],[0.4679077429008419,4.679077429008419,1.0],[0.5346837414708775,5.346837414708775,1.0],[0.9783090609123973,9.783090609123974,1.0],[0.13031535015865903,1.3031535015865903,1.0],[0.6712434682302663,6.712434682302662,1.0]]
2b_Hurink_edata_1_workers.fjs;107.45749740454286;2879400;[0,1,13,29,37,46,0,8,13,24,35,44,0,5,9,18,26,29,8,13,21,26,35,42,13,21,24,33,44,48,1,9,16,26,42,46];[2,0,1,3,5,4,1,2,4,5,0,3,5,3,5,0,1,4,1,0,2,3,4,5,2,1,4,5,0,3,3,3,5,0,4,2];[7,5,6,5,6,8,6,1,2,8,0,3,8,3,4,3,6,2,5,3,7,5,4,5,0,6,2,7,7,7,7,0,5,1,1,0];[[0.7966509679599704,7.966509679599704,1.0],[0.05862623274803458,0.5862623274803458,1.0],[0.7602397739740907,7.602397739740907,1.0],[0.8627037401845356,8.627037401845355,1.0],[0.09127403464611428,0.9127403464611428,1.0],[0.9024924365975527,9.024924365975528,1.0],[0.7858960565941281,7.858960565941281,1.0],[0.40667966546103385,4.0667966546103385,1.0],[0.37447264465852026,3.7447264465852026,1.0]]
2b_Hurink_edata_1_workers.fjs;108.03074005192549;2977480;[0,1,24,30,37,46,0,8,13,24,36,45,0,5,9,18,35,40,8,13,21,26,29,40,13,21,24,36,45,49,9,12,16,26,36,46];[2,0,1,3,5,4,1,2,4,5,0,3,5,3,5,0,5,4,1,0,2,3,4,5,2,1,4,1,0,3,3,3,5,0,4,2];[7,5,6,7,0,8,2,8,2,8,4,3,6,0,4,3,1,2,5,6,7,4,4,5,0,6,2,1,7,4,7,1,5,1,3,2];[[0.5209484070219088,5.209484070219088,1.0],[0.42125020101147315,4.212502010114731,1.0],[0.22094517308324657,2.2094517308324657,1.0],[0.13033708391670573,1.3033708391670573,1.0],[0.48395776843282956,4.839577684328296,1.0],[0.6260889663051598,6.260889663051597,1.0],[0.6211218319323739,6.21121831932374,1.0],[0.707277595965894,7.07277595965894,1.0],[0.43539590023548325,4.3539590023548325,1.0]]
2b_Hurink_edata_1_workers.fjs;107.19248199281232;4945010;[0,1,13,29,36,46,0,8,13,24,36,45,1,6,15,27,35,40,8,13,21,26,29,39,13,21,24,36,45,49,0,3,6,18,36,40];[2,0,1,3,3,4,1,2,4,5,0,3,5,3,5,0,1,4,1,0,2,3,4,5,2,1,4,1,0,3,3,3,5,0,4,2];[8,3,8,7,0,8,6,8,2,8,4,3,8,3,0,2,6,2,7,1,4,3,4,0,3,6,6,7,7,3,7,2,0,1,5,3];[[0.49734142093980327,4.973414209398033,1.0],[0.35999045686025677,3.5999045686025677,1.0],[0.7220617567237175,7.220617567237175,1.0],[0.44672126724761885,4.4672126724761885,1.0],[0.4533596515962979,4.533596515962978,1.0],[0.025925678678183073,0.25925678678183073,1.0],[0.33490089376309407,3.3490089376309404,1.0],[0.4755440242737675,4.755440242737675,1.0],[0.45132356511490823,4.513235651149082,1.0]]
2b_Hurink_edata_1_workers.fjs;107.25303587634335;1288340;[0,1,13,19,29,40,0,8,13,25,35,44,0,6,16,27,35,45,8,13,21,26,33,40,13,21,24,35,44,48,0,3,6,18,29,33];[2,0,1,3,3,4,1,2,4,5,0,3,5,3,5,0,1,4,1,0,2,3,4,5,2,1,4,5,0,3,3,3,5,0,4,2];[0,4,8,7,0,8,8,8,2,5,0,0,6,1,3,2,3,2,7,1,8,3,4,3,0,6,4,7,7,7,7,1,3,1,8,0];[[0.4211249061401,4.211249061401,1.0],[0.9761073344853062,9.761073344853061,1.0],[0.6132800246752349,6.132800246752349,1.0],[0.6930423279788359,6.930423279788359,1.0],[0.5088628354481554,5.088628354481553,1.0],[0.18781156668551158,1.8781156668551158,1.0],[0.830121874145001,8.301218741450011,1.0],[0.8449241651217704,8.449241651217704,1.0],[0.20962821201639004,2.0962821201639006,1.0]]
2b_Hurink_edata_1_workers.fjs;107.61618541939013;4540390;[0,1,13,29,36,46,0,8,13,26,36,45,1,6,16,27,35,40,8,13,21,26,29,36,13,21,24,29,46,49,0,3,6,18,36,40];[2,0,1,3,3,4,1,2,4,5,0,3,2,3,5,0,1,4,1,0,2,3,4,5,2,1,4,1,0,3,3,3,5,0,4,2];[0,1,5,7,0,8,2,7,2,8,4,5,8,1,3,3,6,2,5,1,8,6,4,3,0,5,5,5,2,3,7,7,8,1,5,0];[[0.4831103964860096,4.831103964860096,1.0],[0.9021829992468611,9.02182999246861,1.0],[0.5374571935128641,5.374571935128642,1.0],[0.8761340971511191,8.761340971511192,1.0],[0.573156942708234,5.7315694270823405,1.0],[0.994523847851402,9.945238478514021,1.0],[0.3574465703190305,3.574465703190305,1.0],[0.6617299629663892,6.617299629663892,1.0],[0.4882872262788658,4.882872262788657,1.0]]
2b_Hurink_edata_1_workers.fjs;108.66315867723185;3653040;[0,8,13,19,34,46,0,8,13,25,35,44,0,6,10,18,26,29,8,13,21,27,35,42,13,21,24,29,44,48,0,3,17,26,42,46];[2,0,1,3,5,4,1,2,4,5,0,3,5,3,5,0,1,4,1,0,2,3,4,5,2,1,4,1,0,3,3,3,5,0,4,2];[1,2,8,7,5,8,2,8,2,8,0,3,8,4,4,3,1,2,7,1,4,1,4,5,0,5,5,5,7,6,7,0,6,6,8,2];[[0.34661995661142697,3.4661995661142697,1.0],[0.2286410960833074,2.286410960833074,1.0],[0.012392470279078194,0.12392470279078194,1.0],[0.9308270259025113,9.308270259025113,1.0],[0.3225145761620236,3.225145761620236,1.0],[0.0006954578022455582,0.006954578022455582,1.0],[0.2097170717940725,2.097170717940725,1.0],[0.5179602272351016,5.179602272351016,1.0],[0.7628222106217201,7.6282221062172,1.0]]
2b_Hurink_edata_1_workers.fjs;107.54849089619715;4685390;[5,6,24,30,37,46,0,8,13,27,36,45,0,5,9,18,30,36,8,13,21,26,29,36,13,21,24,36,45,49,0,9,16,27,42,46];[2,0,1,3,3,4,1,2,4,5,0,3,2,3,5,0,1,4,1,0,2,3,4,5,2,1,4,1,0,3,3,3,5,0,4,2];[1,4,2,7,0,8,6,8,2,8,4,3,0,3,4,8,2,2,0,5,3,6,4,5,3,6,4,8,2,7,7,2,1,1,8,5];[[0.8559393885152179,8.55939388515218,1.0],[0.8004839408308784,8.004839408308783,1.0],[0.5938433496209707,5.938433496209708,1.0],[0.8870093324131678,8.870093324131679,1.0],[0.741558169706834,7.4155816970683395,1.0],[0.8097670389513107,8.097670389513107,1.0],[0.2247324103169328,2.247324103169328,1.0],[0.9761818800633866,9.761818800633865,1.0],[0.6339038774096737,6.339038774096737,1.0]]
2b_Hurink_edata_1_workers.fjs;107.12000040152562;610590;[0,1,13,19,29,40,0,8,13,24,35,44,1,6,14,27,37,45,8,13,21,26,33,40,13,21,24,33,44,48,0,3,6,18,29,33];[2,0,1,3,3,4,1,2,4,5,0,3,2,3,5,0,1,4,1,0,2,3,4,5,2,1,4,1,0,3,3,3,5,0,4,2];[5,5,6,7,0,8,6,8,2,8,0,3,8,1,4,3,2,2,7,8,3,6,4,5,0,6,5,8,7,1,7,1,5,1,5,7];[[0.5198238265685563,5.198238265685563,1.0],[0.9583988744400509,9.583988744400509,1.0],[0.3402956357666065,3.402956357666065,1.0],[0.7081849781179302,7.081849781179303,1.0],[0.9252189405445452,9.252189405445453,1.0],[0.05032666735654623,0.5032666735654623,1.0],[0.6613275461751585,6.613275461751585,1.0],[0.82711411373077,8.271141137307701,1.0],[0.8734961127808921,8.734961127808921,1.0]]
2b_Hurink_edata_1_workers.fjs;113.1316029454148;4632500;[8,10,16,27,41,49,5,14,21,32,41,50,9,14,18,27,35,39,0,5,19,24,32,44,0,13,16,26,35,38,0,3,6,16,45,52];[2,0,1,3,5,4,1,2,4,5,0,3,2,3,5,0,1,4,1,0,2,3,4,5,2,1,4,5,0,3,3,3,5,0,4,2];[7,7,5,5,4,8,8,7,2,8,0,2,5,0,8,3,3,2,0,1,3,3,4,5,3,6,4,7,7,5,7,7,2,6,6,5];[[0.18019241848515155,1.8019241848515155,1.0],[0.48736227300275514,4.873622730027551,1.0],[0.07759170039841756,0.7759170039841756,1.0],[0.5225667244081349,5.2256672440813485,1.0],[0.9196433340252647,9.196433340252646,1.0],[0.8762509611803474,8.762509611803473,1.0],[0.5029695910906639,5.029695910906638,1.0],[0.8160267976375112,8.160267976375112,1.0],[0.8059112000327816,8.059112000327817,1.0]]
2b_Hurink_edata_6_workers.fjs;1221.2142328701332;3878440;[172,262,368,454,539,54,107,169,293,431,0,114,187,238,477,23,60,114,345,481,112,182,289,350,422,208,293,368,454,558,0,35,75,332,410,0,23,203,364,422,60,162,182,304,533,168,208,452,543,551];[1,2,0,4,2,2,1,0,4,3,2,3,0,0,1,4,3,2,1,3,4,2,1,3,2,4,0,4,2,3,3,2,0,4,1,4,1,0,2,3,4,0,3,2,4,4,1,0,3,3];[3,3,3,0,2,1,0,6,5,6,2,3,2,4,2,4,2,4,6,4,5,5,4,0,1,0,1,2,5,4,6,6,1,0,4,5,3,3,5,5,5,6,4,2,0,1,2,3,5,1];[[0.7773566427005639,7.7735664270056395,1.0],[0.6698255595592497,6.698255595592498,1.0],[0.09913960392481702,0.9913960392481702,1.0],[0.35297051119014544,3.529705111901454,1.0],[0.4679077429008419,4.679077429008419,1.0],[0.5346837414708775,5.346837414708775,1.0],[0.9783090609123973,9.783090609123974,1.0]]
2b_Hurink_edata_6_workers.fjs;1247.5462477137883;3990050;[160,287,341,427,506,0,22,49,266,327,22,73,235,418,465,0,69,131,199,265,125,199,287,397,565,181,266,341,427,565,49,79,123,506,525,308,347,465,512,575,73,125,181,329,525,36,79,216,389,542];[1,2,0,4,3,2,1,0,4,3,2,3,0,0,1,4,0,2,1,3,4,2,1,3,2,4,0,4,2,3,1,2,0,4,1,4,1,0,2,3,4,2,3,2,4,4,1,0,2,3];[5,3,5,0,4,4,0,1,2,4,4,3,4,4,2,6,0,3,5,4,1,3,0,1,1,0,1,6,5,0,2,6,6,6,2,5,3,3,0,5,5,4,1,2,6,3,2,2,1,5];[[0.7966509679599704,7.966509679599704,1.0],[0.05862623274803458,0.5862623274803458,1.0],[0.7602397739740907,7.602397739740907,1.0],[0.8627037401845356,8.627037401845355,1.0],[0.09127403464611428,0.9127403464611428,1.0],[0.9024924365975527,9.024924365975528,1.0],[0.7858960565941281,7.858960565941281,1.0]]
2b_Hurink_edata_6_workers.fjs;1233.9543282131488;4573080;[0,60,102,451,550,0,24,312,389,532,102,219,374,451,523,60,96,150,377,450,181,236,321,377,522,96,181,288,379,512,0,30,330,433,451,37,135,256,321,523,236,288,295,464,530,0,54,295,348,356];[1,2,0,4,2,2,1,0,4,3,2,3,4,0,1,4,3,2,1,3,4,2,1,3,2,4,0,4,2,3,3,2,0,4,1,4,1,0,2,3,4,0,3,2,4,4,1,0,3,3];[5,3,1,0,2,0,2,3,6,5,6,3,2,2,4,6,4,4,4,4,6,4,4,1,1,0,1,2,5,4,6,5,0,2,6,3,3,0,5,5,5,0,1,1,0,3,2,0,6,3];[[0.5209484070219088,5.209484070219088,1.0],[0.42125020101147315,4.212502010114731,1.0],[0.22094517308324657,2.2094517308324657,1.0],[0.13033708391670573,1.3033708391670573,1.0],[0.48395776843282956,4.839577684328296,1.0],[0.6260889663051598,6.260889663051597,1.0],[0.6211218319323739,6.21121831932374,1.0]]
2b_Hurink_edata_6_workers.fjs;1309.7528829147313;1630800;[0,240,360,488,579,0,21,180,233,270,21,382,440,466,541,160,200,282,413,537,105,160,276,440,551,23,105,189,350,599,57,93,200,322,478,0,105,329,435,513,270,322,329,488,567,196,332,447,522,530];[1,2,0,4,2,2,1,0,4,3,2,3,4,0,1,4,3,2,1,3,4,2,1,3,2,4,0,1,2,3,3,2,0,4,1,4,1,0,2,3,4,0,3,2,4,4,1,0,3,3];[3,3,4,0,5,1,0,1,4,1,1,3,2,4,2,6,1,3,6,4,6,5,4,1,1,3,1,2,5,0,1,0,6,5,2,5,3,0,0,5,5,6,1,3,6,3,2,5,6,5];[[0.49734142093980327,4.973414209398033,1.0],[0.35999045686025677,3.5999045686025677,1.0],[0.7220617567237175,7.220617567237175,1.0],[0.44672126724761885,4.4672126724761885,1.0],[0.4533596515962979,4.533596515962978,1.0],[0.025925678678183073,0.25925678678183073,1.0],[0.33490089376309407,3.3490089376309404,1.0]]
2b_Hurink_edata_6_workers.fjs;1197.9523662385966;2629660;[0,146,332,409,515,83,108,314,332,371,48,236,371,437,514,146,182,241,388,487,182,241,328,418,487,24,166,241,328,549,0,30,48,290,453,0,24,135,188,294,238,309,315,418,515,109,146,418,476,559];[1,2,0,4,2,2,1,0,4,3,2,3,4,0,1,4,3,2,1,3,4,0,1,3,2,4,0,1,2,3,3,2,0,4,1,4,1,0,2,3,4,2,3,2,4,4,1,0,2,3];[3,3,5,0,5,5,2,3,3,2,5,3,1,3,2,6,6,4,6,4,5,1,0,2,1,0,1,2,4,0,2,1,1,0,6,4,3,0,0,5,5,4,1,1,1,3,2,4,1,4];[[0.4211249061401,4.211249061401,1.0],[0.9761073344853062,9.761073344853061,1.0],[0.6132800246752349,6.132800246752349,1.0],[0.6930423279788359,6.930423279788359,1.0],[0.5088628354481554,5.088628354481553,1.0],[0.18781156668551158,1.8781156668551158,1.0],[0.830121874145001,8.301218741450011,1.0]]
2b_Hurink_edata_6_workers.fjs;1187.9278536167506;3947940;[165,206,334,430,509,38,107,144,288,336,0,107,411,426,497,23,59,306,374,436,59,114,206,268,374,166,259,344,462,547,0,58,163,325,436,0,23,113,248,411,114,200,206,402,509,251,288,481,547,557];[1,2,0,4,3,2,1,0,4,3,2,3,0,0,1,4,0,2,1,3,4,2,1,3,2,4,0,4,2,3,3,2,0,4,1,4,1,0,2,3,4,2,3,2,4,4,1,0,2,3];[3,3,5,0,4,2,2,2,4,4,4,3,4,3,2,6,0,3,1,4,6,6,6,0,3,0,1,6,5,0,2,5,4,6,6,5,3,0,5,5,5,6,1,2,6,3,2,1,3,5];[[0.4831103964860096,4.831103964860096,1.0],[0.9021829992468611,9.02182999246861,1.0],[0.5374571935128641,5.374571935128642,1.0],[0.8761340971511191,8.761340971511192,1.0],[0.573156942708234,5.7315694270823405,1.0],[0.994523847851402,9.945238478514021,1.0],[0.3574465703190305,3.574465703190305,1.0]]
2b_Hurink_edata_6_workers.fjs;1221.0227216434446;3998560;[135,299,341,436,517,0,107,142,378,470,49,156,438,452,517,23,59,109,177,242,184,266,339,401,534,59,191,292,378,560,0,30,49,417,436,0,23,160,191,304,240,292,313,468,526,144,242,420,526,553];[1,2,0,4,3,2,1,0,4,3,2,3,0,0,1,4,3,2,1,3,4,0,1,3,2,4,0,4,2,3,3,2,0,4,1,4,1,0,2,3,4,2,3,2,4,4,1,0,2,3];[3,3,1,0,4,0,3,6,3,2,2,3,1,5,2,6,1,4,6,4,5,1,5,2,3,0,1,6,4,0,2,0,5,6,6,3,3,0,0,5,5,0,4,1,1,1,2,3,6,0];[[0.34661995661142697,3.4661995661142697,1.0],[0.2286410960833074,2.286410960833074,1.0],[0.012392470279078194,0.12392470279078194,1.0],[0.9308270259025113,9.308270259025113,1.0],[0.3225145761620236,3.225145761620236,1.0],[0.0006954578022455582,0.006954578022455582,1.0],[0.2097170717940725,2.097170717940725,1.0]]
2b_Hurink_edata_6_workers.fjs;1234.501736162986;1538270;[0,21,63,334,515,101,290,430,450,538,63,182,450,466,527,0,36,123,228,307,237,292,404,460,556,152,237,317,430,528,95,256,334,427,460,36,63,147,191,249,100,249,258,372,538,60,147,317,427,435];[1,2,0,4,2,2,1,0,4,3,2,3,0,0,1,4,3,2,1,3,4,2,1,3,2,4,0,1,2,3,3,2,0,4,1,4,1,0,2,3,4,2,3,2,4,4,1,0,3,3];[3,3,6,0,1,4,0,1,6,5,4,3,2,3,2,6,5,4,1,4,6,5,4,0,1,0,2,2,5,0,0,0,6,2,4,4,3,3,5,5,5,0,4,1,0,1,2,0,6,3];[[0.8559393885152179,8.55939388515218,1.0],[0.8004839408308784,8.004839408308783,1.0],[0.5938433496209707,5.938433496209708,1.0],[0.8870093324131678,8.870093324131679,1.0],[0.741558169706834,7.4155816970683395,1.0],[0.8097670389513107,8.097670389513107,1.0],[0.2247324103169328,2.247324103169328,1.0]]
2b_Hurink_edata_6_workers.fjs;1230.7752328229678;1921380;[261,302,383,460,545,38,79,234,312,398,0,199,296,329,510,0,36,168,363,448,36,92,199,261,344,115,253,370,460,554,0,60,90,349,428,92,115,199,236,545,240,296,349,398,539,200,282,460,564,572];[1,2,0,4,2,2,1,0,4,3,2,3,4,0,1,4,3,2,1,3,4,2,1,3,2,4,0,4,2,3,1,2,0,4,1,4,1,0,2,3,4,2,3,2,4,4,1,0,3,3];[3,3,5,0,2,4,0,2,4,4,4,3,6,0,4,6,6,4,6,4,5,2,6,0,1,0,1,2,5,0,2,0,6,5,6,3,3,2,5,5,4,5,4,1,1,1,2,1,3,0];[[0.5198238265685563,5.198238265685563,1.0],[0.9583988744400509,9.583988744400509,1.0],[0.3402956357666065,3.402956357666065,1.0],[0.7081849781179302,7.081849781179303,1.0],[0.9252189405445452,9.252189405445453,1.0],[0.05032666735654623,0.5032666735654623,1.0],[0.6613275461751585,6.613275461751585,1.0]]
2b_Hurink_edata_6_workers.fjs;1269.920041785533;4037950;[137,165,256,393,567,0,107,238,349,401,22,107,333,364,468,215,270,328,406,486,23,78,161,328,539,78,163,238,396,573,0,58,412,505,526,0,23,333,486,564,163,215,221,270,556,253,325,539,556,585];[1,2,0,4,2,2,1,0,4,3,2,3,4,0,1,4,3,2,1,3,4,0,1,3,2,4,0,1,2,3,3,2,0,4,1,4,1,0,2,3,4,2,3,2,4,4,1,0,3,3];[5,3,6,0,2,4,2,6,6,6,1,3,6,5,2,0,4,3,1,4,6,1,2,1,3,0,1,2,4,5,2,5,5,5,6,5,3,0,0,5,5,5,4,1,0,3,2,0,5,3];[[0.18019241848515155,1.8019241848515155,1.0],[0.48736227300275514,4.873622730027551,1.0],[0.07759170039841756,0.7759170039841756,1.0],[0.5225667244081349,5.2256672440813485,1.0],[0.9196433340252647,9.196433340252646,1.0],[0.8762509611803474,8.762509611803473,1.0],[0.5029695910906639,5.029695910906638,1.0]]
2c_Hurink_rdata_28_workers.fjs;2285.447777504625;3044630;[0,14,83,170,225,531,669,781,812,855,0,164,240,389,564,689,773,812,887,958,48,53,130,174,657,682,689,739,803,1027,0,40,99,259,558,622,724,914,961,1033,0,52,130,206,339,440,462,510,664,1008,14,23,99,130,316,436,531,622,817,887,0,98,221,297,316,410,682,730,746,830,206,305,395,461,519,588,689,775,961,1008,0,82,240,251,407,519,812,896,951,1008,53,118,174,316,373,404,414,461,493,724,99,118,202,279,446,531,601,697,870,951,0,164,463,531,669,739,781,812,1008,1051,279,365,462,515,622,657,701,746,831,921,52,157,244,320,414,493,588,718,855,953,83,251,276,305,339,531,604,771,831,868];[8,4,2,5,0,5,7,6,3,6,9,4,1,5,3,9,0,1,7,0,7,3,0,6,4,7,3,5,9,9,2,9,1,2,4,1,2,8,3,6,6,9,3,8,0,7,1,1,4,5,8,8,7,7,5,3,4,5,4,1,0,2,6,5,8,8,0,6,7,2,3,7,9,0,9,1,7,1,8,1,7,1,4,9,1,0,0,0,5,7,7,8,0,6,0,4,2,9,6,1,8,6,7,4,5,3,0,8,9,9,1,5,5,8,5,0,3,2,8,9,2,6,7,1,4,8,4,3,8,6,6,2,5,1,4,7,9,4,3,2,4,4,7,0,3,2,6,8,5,8];[0,5,9,6,10,1,11,11,9,12,7,3,5,4,4,13,12,13,1,10,12,12,14,5,5,4,12,5,1,0,2,10,7,9,2,10,6,7,6,1,1,2,9,1,2,12,6,5,6,7,8,11,14,12,1,13,13,11,14,14,6,6,12,13,10,2,2,11,10,11,11,0,0,3,14,11,7,13,8,9,4,10,3,8,12,12,0,4,12,14,14,5,0,13,2,14,3,4,0,7,10,10,13,9,11,11,12,0,3,4,9,1,8,7,1,9,7,11,13,6,6,6,1,0,13,3,14,11,7,13,8,4,14,7,7,4,14,14,8,11,1,9,3,9,9,8,5,2,2,11];[[0.7773566427005639,7.7735664270056395,1.0],[0.6698255595592497,6.698255595592498,1.0],[0.09913960392481702,0.9913960392481702,1.0],[0.35297051119014544,3.529705111901454,1.0],[0.4679077429008419,4.679077429008419,1.0],[0.5346837414708775,5.346837414708775,1.0],[0.9783090609123973,9.783090609123974,1.0],[0.13031535015865903,1.3031535015865903,1.0],[0.6712434682302663,6.712434682302662,1.0],[0.36422941594737557,3.6422941594737557,1.0],[0.48883570716198577,4.888357071619858,1.0],[0.20301221073405373,2.0301221073405373,1.0],[0.6661983755713592,6.661983755713592,1.0],[0.2276630312069321,2.276630312069321,1.0],[0.4580640582967631,4.580640582967631,1.0]]
2c_Hurink_rdata_28_workers.fjs;2185.552555209693;627660;[205,219,520,605,645,730,823,836,866,948,0,110,197,292,353,445,589,684,856,920,81,86,163,212,529,552,559,670,752,866,37,279,328,494,536,600,695,864,911,983,0,52,205,287,384,421,635,679,684,886,0,8,190,247,328,394,493,520,836,893,0,99,287,394,414,503,536,869,920,1007,117,205,326,421,479,539,567,601,817,886,0,45,99,114,163,205,287,539,605,692,45,81,117,163,369,414,425,787,848,869,16,283,334,520,559,695,728,812,882,945,0,99,106,326,424,605,653,787,804,983,0,16,104,286,353,629,768,893,927,951,104,162,247,322,402,491,552,670,752,948,0,190,218,567,601,695,817,836,909,951];[8,4,3,2,0,5,9,9,3,6,9,4,1,4,6,9,8,1,7,4,7,1,0,6,4,7,3,5,8,9,2,1,2,5,4,7,9,8,3,0,0,9,3,8,0,7,1,1,4,5,8,8,4,2,5,4,4,6,4,2,5,2,3,5,8,8,8,6,7,2,3,7,9,0,0,1,5,1,8,6,7,3,4,8,1,0,0,0,5,7,7,8,9,6,3,5,2,9,6,1,2,6,7,4,7,3,4,2,9,1,1,5,5,8,5,0,9,2,7,3,2,6,7,1,4,8,2,0,8,5,6,2,5,1,3,7,9,8,3,2,4,1,8,1,3,2,6,0,5,8];[3,13,2,7,5,4,0,14,9,14,7,11,6,2,9,10,12,3,5,7,12,8,10,1,5,0,0,12,13,3,8,1,6,1,2,13,0,7,6,2,3,3,5,3,4,7,10,8,7,2,5,13,4,8,14,5,2,1,0,14,6,13,5,8,11,8,3,2,0,13,3,14,3,3,9,12,13,10,8,1,14,12,6,14,6,0,12,7,9,14,0,5,6,13,2,1,8,3,2,11,2,10,13,0,5,11,10,10,8,5,9,12,7,7,1,3,11,7,7,1,10,11,2,7,11,12,3,13,3,3,4,9,10,0,12,4,14,6,2,12,1,7,12,9,0,8,13,6,9,9];[[0.7966509679599704,7.966509679599704,1.0],[0.05862623274803458,0.5862623274803458,1.0],[0.7602397739740907,7.602397739740907,1.0],[0.8627037401845356,8.627037401845355,1.0],[0.09127403464611428,0.9127403464611428,1.0],[0.9024924365975527,9.024924365975528,1.0],[0.7858960565941281,7.858960565941281,1.0],[0.40667966546103385,4.0667966546103385,1.0],[0.37447264465852026,3.7447264465852026,1.0],[0.6490262282913547,6.490262282913547,1.0],[0.40092466608569977,4.009246660856998,1.0],[0.5721109226277574,5.721109226277575,1.0],[0.6077930620255084,6.077930620255084,1.0],[0.05072389565884072,0.5072389565884072,1.0],[0.7370880093375713,7.370880093375714,1.0]]
2c_Hurink_rdata_28_workers.fjs;2097.601781065826;411530;[0,88,373,411,504,578,690,703,750,793,131,187,282,362,422,504,587,739,814,881,50,55,159,203,301,404,549,705,902,967,0,42,203,383,453,554,758,834,881,948,0,88,295,364,419,669,690,734,750,877,13,99,273,301,504,625,726,750,800,877,0,152,213,308,331,419,499,731,884,968,0,82,397,457,583,654,764,814,881,928,99,159,176,187,254,320,404,499,638,705,0,82,171,606,655,688,729,792,826,847,115,176,246,320,354,516,557,651,729,826,82,169,176,342,422,626,835,862,893,948,213,254,342,447,522,583,638,731,785,852,0,32,121,176,296,411,587,690,785,968,0,80,142,364,422,516,583,625,795,928];[8,4,3,2,0,7,7,6,3,6,9,4,1,5,0,9,0,1,7,4,9,9,0,6,4,7,3,5,9,9,2,9,0,2,4,1,2,8,3,0,0,2,0,8,4,7,1,1,4,7,8,5,4,2,5,3,4,6,4,2,5,2,3,5,4,1,8,6,7,2,3,0,9,6,2,1,5,1,8,1,7,1,4,8,1,9,8,1,5,7,7,8,9,6,0,4,2,9,3,1,8,5,7,4,7,3,4,2,9,9,3,5,7,6,5,0,5,2,0,3,2,6,7,1,4,8,4,0,8,6,6,1,6,1,3,7,9,8,0,7,4,4,7,0,3,2,6,8,5,8];[3,7,1,7,10,10,11,11,9,1,0,2,2,0,5,7,5,10,6,7,12,3,14,11,5,7,11,4,11,5,10,8,8,2,6,6,3,7,5,10,13,1,10,7,11,9,10,3,6,11,0,11,3,6,8,1,9,5,2,14,6,5,9,5,14,13,11,13,3,3,5,10,12,13,8,4,7,8,8,4,6,10,8,13,4,13,2,2,14,14,14,5,12,13,13,4,0,0,0,10,5,10,13,11,11,14,14,0,8,4,9,9,7,3,14,9,11,14,2,5,14,7,1,10,13,1,12,11,2,13,8,0,4,4,8,4,2,12,12,6,7,1,12,9,0,1,4,3,13,1];[[0.5209484070219088,5.209484070219088,1.0],[0.42125020101147315,4.212502010114731,1.0],[0.22094517308324657,2.2094517308324657,1.0],[0.13033708391670573,1.3033708391670573,1.0],[0.48395776843282956,4.839577684328296,1.0],[0.6260889663051598,6.260889663051597,1.0],[0.6211218319323739,6.21121831932374,1.0],[0.707277595965894,7.07277595965894,1.0],[0.43539590023548325,4.3539590023548325,1.0],[0.04809800715767443,0.4809800715767443,1.0],[0.2254847064342842,2.254847064342842,1.0],[0.788548045160999,7.88548045160999,1.0],[0.42108890435006496,4.21088904350065,1.0],[0.5652029481252892,5.6520294812528915,1.0],[0.6764042610645917,6.764042610645918,1.0]]
2c_Hurink_rdata_28_workers.fjs;2270.8188596296;718080;[21,121,193,227,263,339,521,667,694,917,0,38,150,227,280,391,475,650,756,970,69,225,339,430,489,555,692,789,855,958,21,61,69,290,310,460,551,620,667,978,102,157,383,564,604,641,734,820,877,958,260,354,461,620,692,758,853,877,917,973,0,89,157,386,496,586,667,717,820,1028,0,157,333,454,531,641,758,789,923,1009,84,205,450,473,615,650,733,822,901,958,0,227,475,599,696,734,744,956,988,1009,0,21,71,193,316,578,610,717,790,877,81,165,173,260,316,515,551,739,878,925,0,247,331,368,409,522,771,965,998,1015,71,173,260,290,409,494,555,671,853,1049,0,114,243,316,363,460,648,790,958,1000];[8,4,3,2,0,7,9,6,7,6,9,4,2,4,3,9,8,1,7,8,9,9,0,6,4,7,2,5,8,1,2,9,1,5,4,3,2,8,3,6,6,9,0,8,4,7,1,1,4,0,1,8,4,2,5,3,4,6,4,2,5,2,6,5,4,1,8,6,7,2,3,0,9,0,0,4,5,1,8,4,9,3,4,6,1,9,0,0,5,7,7,8,9,6,0,2,2,9,4,1,8,6,7,4,7,3,0,8,9,1,8,5,7,8,5,0,3,7,0,3,2,6,2,1,4,8,2,0,9,6,6,1,5,1,1,7,9,4,9,0,0,4,7,8,3,2,6,8,5,0];[3,14,1,13,12,10,10,8,12,3,11,3,5,4,13,13,14,10,6,5,12,8,14,10,5,7,2,0,9,9,1,13,7,11,2,8,6,7,6,3,6,11,14,7,8,9,2,14,6,0,5,6,3,14,14,13,0,5,14,14,5,5,12,2,0,12,11,5,12,1,9,6,7,12,13,2,7,12,8,9,8,8,5,6,4,13,5,2,12,12,14,5,10,13,7,10,4,11,11,11,1,2,13,0,7,14,0,8,8,0,9,1,7,7,1,3,12,6,2,7,4,6,6,0,7,1,14,0,2,13,6,2,0,4,4,4,10,3,13,0,8,14,9,9,9,2,12,3,1,8];[[0.49734142093980327,4.973414209398033,1.0],[0.35999045686025677,3.5999045686025677,1.0],[0.7220617567237175,7.220617567237175,1.0],[0.44672126724761885,4.4672126724761885,1.0],[0.4533596515962979,4.533596515962978,1.0],[0.025925678678183073,0.25925678678183073,1.0],[0.33490089376309407,3.3490089376309404,1.0],[0.4755440242737675,4.755440242737675,1.0],[0.45132356511490823,4.513235651149082,1.0],[0.08788974506102976,0.8788974506102976,1.0],[0.29509671683068217,2.9509671683068217,1.0],[0.33863234208051063,3.3863234208051063,1.0],[0.9020959027552419,9.020959027552419,1.0],[0.7173473735926632,7.173473735926632,1.0],[0.8986159167700656,8.986159167700656,1.0]]
2c_Hurink_rdata_28_workers.fjs;2292.614350112232;604760;[79,113,287,302,462,549,674,768,794,988,0,35,111,193,385,588,808,849,924,987,0,208,288,462,581,682,727,779,943,1062,24,163,185,395,517,581,687,761,808,949,188,327,538,661,699,770,794,839,994,1047,16,146,217,299,479,634,733,760,806,943,0,273,384,460,479,570,619,672,689,1055,111,192,269,327,384,487,660,693,849,896,0,192,246,275,334,395,570,870,925,987,80,113,205,253,517,550,760,947,979,1028,95,407,472,588,642,672,733,814,884,947,0,79,86,217,356,443,550,779,896,1032,0,30,334,366,599,699,760,880,979,994,0,63,163,193,273,426,487,869,956,1047,0,80,95,171,288,687,760,814,870,1011];[8,4,2,5,0,5,9,1,7,6,9,3,1,5,3,9,8,1,7,4,3,3,0,6,4,7,1,5,8,2,2,0,2,5,4,7,9,8,3,6,6,9,0,8,0,7,1,5,9,0,1,8,4,2,5,4,4,6,4,2,0,1,6,5,8,1,0,6,7,2,3,7,9,6,0,4,5,1,8,6,7,3,4,8,1,9,8,0,5,7,4,8,0,6,3,2,2,9,3,1,0,1,7,4,5,3,0,2,9,1,8,5,5,8,4,0,3,4,8,9,2,6,7,1,4,8,4,3,9,5,6,2,5,1,4,4,9,4,0,2,4,1,7,0,3,2,3,0,5,8];[14,14,14,13,12,4,3,2,13,14,8,3,11,5,11,3,9,13,6,7,14,2,10,8,3,0,9,8,9,8,5,7,14,7,6,7,7,7,6,1,11,7,8,13,2,1,2,5,2,4,5,13,9,14,7,5,2,0,4,5,12,1,12,2,1,13,11,12,4,6,1,6,7,5,8,2,6,0,8,2,11,2,10,4,0,13,9,4,3,12,8,5,7,13,2,5,13,4,8,9,4,4,13,11,6,11,12,10,1,0,0,4,7,3,1,8,7,5,5,4,5,9,1,0,1,14,8,0,2,3,1,6,0,0,12,9,14,12,10,1,7,11,12,9,9,3,11,11,9,11];[[0.4211249061401,4.211249061401,1.0],[0.9761073344853062,9.761073344853061,1.0],[0.6132800246752349,6.132800246752349,1.0],[0.6930423279788359,6.930423279788359,1.0],[0.5088628354481554,5.088628354481553,1.0],[0.18781156668551158,1.8781156668551158,1.0],[0.830121874145001,8.301218741450011,1.0],[0.8449241651217704,8.449241651217704,1.0],[0.20962821201639004,2.0962821201639006,1.0],[0.6505169872996391,6.505169872996391,1.0],[0.7003316191510263,7.003316191510263,1.0],[0.7150339547653067,7.150339547653068,1.0],[0.8091072451390076,8.091072451390076,1.0],[0.8451978833841938,8.451978833841938,1.0],[0.3695849781386673,3.695849781386673,1.0]]
2c_Hurink_rdata_28_workers.fjs;2006.9865963068166;1261030;[18,92,183,334,372,448,682,731,828,871,72,107,183,260,339,422,541,663,793,856,0,70,158,372,450,536,683,783,871,931,107,250,264,367,386,543,644,714,761,842,34,308,422,498,541,644,819,864,888,937,209,260,336,367,448,588,714,751,827,888,0,107,195,422,457,560,639,695,712,864,0,87,183,361,450,531,643,740,777,871,32,87,167,260,308,443,524,608,723,856,0,122,200,277,517,553,586,699,731,770,0,18,172,331,341,553,595,681,759,869,0,92,99,204,264,577,612,665,682,921,18,70,154,172,209,264,314,586,761,796,154,217,326,361,441,541,598,740,828,927,0,84,92,169,245,386,498,582,683,777];[8,4,3,5,0,7,7,9,9,6,2,3,2,4,3,9,8,1,7,8,7,9,0,5,4,7,3,5,9,9,2,0,0,2,4,7,4,8,3,0,0,9,3,8,0,7,1,5,4,7,1,2,2,7,5,3,4,6,4,2,5,1,6,5,4,1,8,6,7,1,3,7,9,6,2,1,5,1,8,1,2,3,4,9,1,0,5,1,5,7,0,8,0,6,3,2,2,9,6,1,2,6,7,4,7,4,0,2,9,5,1,5,5,8,5,0,5,7,0,3,2,6,2,1,4,8,4,4,8,6,6,1,6,1,1,9,9,4,3,0,4,4,8,8,3,2,3,8,5,0];[3,0,2,8,5,13,6,5,0,11,11,3,4,5,13,10,8,9,6,5,12,8,10,12,5,13,10,10,12,12,4,12,11,14,2,7,11,7,5,10,1,9,9,6,10,5,2,11,0,10,5,6,14,1,3,13,14,1,7,8,5,11,2,14,5,13,12,2,4,13,13,1,3,4,1,2,10,11,8,4,11,3,5,4,2,4,9,2,2,14,6,5,10,13,11,5,1,3,1,14,3,8,13,10,0,1,0,0,3,1,9,9,7,11,1,5,1,6,1,13,11,6,13,1,0,3,14,11,9,13,6,8,5,0,12,6,14,12,3,4,4,9,12,11,0,6,11,8,13,9];[[0.4831103964860096,4.831103964860096,1.0],[0.9021829992468611,9.02182999246861,1.0],[0.5374571935128641,5.374571935128642,1.0],[0.8761340971511191,8.761340971511192,1.0],[0.573156942708234,5.7315694270823405,1.0],[0.994523847851402,9.945238478514021,1.0],[0.3574465703190305,3.574465703190305,1.0],[0.6617299629663892,6.617299629663892,1.0],[0.4882872262788658,4.882872262788657,1.0],[0.5726412824777106,5.726412824777106,1.0],[0.32388398325139345,3.2388398325139347,1.0],[0.8072354510963532,8.072354510963532,1.0],[0.8087324055796944,8.087324055796945,1.0],[0.660852452150834,6.60852452150834,1.0],[0.5802577271631468,5.802577271631469,1.0]]
2c_Hurink_rdata_28_workers.fjs;2255.330051382367;176750;[0,136,268,341,394,523,611,649,859,902,0,93,176,253,308,394,588,773,861,954,0,48,185,227,528,611,618,779,843,928,38,177,236,340,358,422,535,628,786,859,38,134,227,557,695,745,861,905,914,1024,0,109,175,358,483,691,790,817,857,943,5,175,236,318,341,450,483,632,664,983,5,93,487,547,611,671,704,738,779,910,0,48,90,357,422,465,675,767,861,943,0,142,306,404,528,557,569,628,971,992,14,90,232,422,569,622,691,772,908,971,65,142,150,221,380,569,596,772,790,902,253,273,357,369,486,547,588,916,971,986,0,78,453,486,611,691,748,843,925,1032,0,167,204,281,410,504,611,632,738,932];[8,4,2,5,0,7,9,6,3,6,2,3,2,4,0,9,8,1,7,4,7,9,0,6,4,7,1,5,9,2,2,0,1,2,4,7,4,8,3,6,0,9,0,3,0,7,1,1,4,7,1,2,7,2,5,3,4,6,4,2,7,1,3,5,8,8,8,6,7,1,3,0,9,6,2,1,5,1,8,1,9,8,4,6,1,0,8,0,5,7,0,8,9,6,3,5,2,9,3,1,8,5,7,4,5,3,4,2,9,5,8,5,5,8,5,0,3,4,7,3,2,6,7,1,4,8,0,3,9,6,6,1,6,1,4,9,9,8,0,0,4,1,7,8,3,2,6,0,5,8];[0,0,14,11,5,13,10,11,9,2,13,2,4,4,2,11,12,14,1,7,3,5,10,3,3,0,9,2,11,14,4,12,7,10,6,7,0,7,12,7,0,11,8,8,10,12,10,9,0,11,5,1,7,9,1,13,5,5,0,5,1,1,10,9,12,1,9,6,12,1,3,9,12,10,1,1,8,5,8,12,9,2,6,13,6,5,3,1,14,14,7,5,13,13,14,14,14,12,8,9,11,0,13,10,11,14,14,0,8,4,12,7,14,9,1,2,5,11,7,13,2,6,1,0,14,12,9,10,2,13,6,4,14,4,13,6,10,6,6,8,8,4,5,0,0,2,11,10,8,1];[[0.34661995661142697,3.4661995661142697,1.0],[0.2286410960833074,2.286410960833074,1.0],[0.012392470279078194,0.12392470279078194,1.0],[0.9308270259025113,9.308270259025113,1.0],[0.3225145761620236,3.225145761620236,1.0],[0.0006954578022455582,0.006954578022455582,1.0],[0.2097170717940725,2.097170717940725,1.0],[0.5179602272351016,5.179602272351016,1.0],[0.7628222106217201,7.6282221062172,1.0],[0.3089717897377221,3.089717897377221,1.0],[0.15113122452813788,1.5113122452813788,1.0],[0.07045772229012492,0.7045772229012492,1.0],[0.8725064026541692,8.725064026541693,1.0],[0.3074981421409557,3.074981421409557,1.0],[0.272859759997538,2.7285975999753798,1.0]]
2c_Hurink_rdata_28_workers.fjs;2173.7312539812474;733790;[85,98,172,246,331,406,652,704,801,884,5,79,300,382,480,560,646,778,859,923,0,14,202,300,352,497,663,704,778,924,117,160,185,281,449,513,617,687,765,903,245,329,408,497,560,663,704,768,873,1000,0,223,295,414,493,638,734,768,808,939,0,105,169,328,359,560,588,640,707,997,168,250,356,414,493,588,617,748,821,868,117,167,184,480,524,646,734,821,876,933,0,36,69,120,169,286,299,414,449,617,98,147,202,301,311,566,599,707,868,931,0,193,356,507,567,760,873,903,950,997,0,30,160,193,311,467,686,843,873,933,0,30,117,147,223,301,449,546,663,876,0,85,93,123,311,553,617,686,801,890];[8,4,2,5,0,7,7,6,7,0,9,3,1,5,0,9,8,1,7,4,9,1,0,6,4,7,1,5,9,2,2,9,2,2,4,7,2,8,3,6,6,2,3,3,0,7,1,5,4,5,8,8,7,2,5,4,4,6,6,2,0,1,6,5,4,1,8,6,7,2,3,0,9,0,2,1,7,1,8,1,9,1,4,6,1,9,8,0,5,7,7,8,9,6,0,5,2,9,6,1,0,5,7,4,5,3,0,2,9,9,3,5,8,8,5,0,3,2,0,3,2,6,7,1,4,8,2,4,8,5,6,2,5,8,4,9,9,4,3,0,4,4,7,0,3,2,3,0,5,8];[3,7,8,14,9,10,6,9,7,0,9,8,6,14,13,3,10,3,5,14,12,11,14,12,5,14,9,5,11,13,5,5,8,3,2,7,14,7,12,11,6,3,9,10,14,8,10,4,12,13,5,10,14,7,1,4,1,5,0,5,6,11,12,8,0,13,5,8,2,10,5,4,7,5,4,8,7,11,8,13,2,9,9,5,8,13,13,1,3,12,14,5,2,13,13,9,10,6,6,12,3,0,13,1,5,1,1,0,8,4,0,10,2,9,9,1,11,7,7,1,11,10,2,0,13,6,2,11,14,3,1,4,0,3,7,2,12,0,12,0,3,5,9,9,1,6,11,6,2,1];[[0.8559393885152179,8.55939388515218,1.0],[0.8004839408308784,8.004839408308783,1.0],[0.5938433496209707,5.938433496209708,1.0],[0.8870093324131678,8.870093324131679,1.0],[0.741558169706834,7.4155816970683395,1.0],[0.8097670389513107,8.097670389513107,1.0],[0.2247324103169328,2.247324103169328,1.0],[0.9761818800633866,9.761818800633865,1.0],[0.6339038774096737,6.339038774096737,1.0],[0.5580285642552777,5.580285642552777,1.0],[0.4463526500656817,4.463526500656817,1.0],[0.28336462923826333,2.8336462923826335,1.0],[0.9019880415639555,9.019880415639555,1.0],[0.03268507148422006,0.32685071484220063,1.0],[0.4362825217209084,4.3628252172090844,1.0]]
2c_Hurink_rdata_28_workers.fjs;2192.9488624807905;119480;[0,96,296,557,684,758,846,859,886,931,0,87,219,298,371,484,570,611,692,858,0,82,170,214,371,378,638,814,898,958,117,262,270,389,507,607,694,764,811,981,114,308,407,483,547,583,886,930,958,1019,259,267,379,415,491,571,657,694,740,795,0,156,219,336,356,610,698,795,859,987,0,87,172,301,491,582,657,692,811,858,35,116,169,181,308,407,583,830,886,945,181,226,270,358,483,557,568,834,870,935,96,148,217,361,371,389,426,512,676,945,0,407,491,638,743,814,870,898,931,981,0,30,178,226,262,308,470,512,545,676,0,30,117,148,226,313,570,739,931,1020,0,172,188,270,313,407,470,490,596,758];[8,4,2,5,0,7,7,1,3,6,9,3,2,4,0,9,8,1,7,8,7,9,0,5,4,7,2,5,9,2,2,9,0,5,4,3,4,8,3,0,0,2,3,8,0,7,1,1,4,0,8,5,2,7,5,4,4,6,6,1,0,2,6,5,8,8,8,6,7,1,3,7,9,6,2,1,7,1,8,6,9,1,4,8,1,9,0,0,5,7,4,8,9,6,3,2,2,9,4,1,8,6,7,4,5,4,4,1,9,5,1,5,7,8,5,0,9,4,0,9,2,6,7,1,4,8,2,3,8,5,6,2,6,1,3,9,9,9,3,2,4,7,7,1,3,2,6,0,5,0];[3,14,14,13,10,13,11,7,3,10,8,10,1,7,2,3,12,9,5,5,7,7,14,8,3,3,5,10,12,0,5,8,9,5,2,0,11,7,6,2,6,11,9,8,6,0,10,13,12,6,5,12,12,0,14,7,12,0,2,14,12,3,2,8,4,5,13,10,14,13,13,1,0,5,1,4,7,4,8,1,1,9,10,11,4,13,6,2,4,14,5,5,3,13,11,14,8,12,0,6,9,13,13,2,9,7,5,11,8,9,2,0,7,13,9,3,11,0,3,3,6,6,2,7,0,14,2,10,9,3,1,4,4,4,6,6,3,4,1,13,9,7,12,8,0,11,10,6,1,0];[[0.5198238265685563,5.198238265685563,1.0],[0.9583988744400509,9.583988744400509,1.0],[0.3402956357666065,3.402956357666065,1.0],[0.7081849781179302,7.081849781179303,1.0],[0.9252189405445452,9.252189405445453,1.0],[0.05032666735654623,0.5032666735654623,1.0],[0.6613275461751585,6.613275461751585,1.0],[0.82711411373077,8.271141137307701,1.0],[0.8734961127808921,8.734961127808921,1.0],[0.5913019030238962,5.913019030238962,1.0],[0.11264722490163037,1.1264722490163037,1.0],[0.34477784983246407,3.4477784983246407,1.0],[0.011377599382669468,0.11377599382669468,1.0],[0.7909742881977946,7.909742881977946,1.0],[0.3277964015146908,3.277964015146908,1.0]]
2c_Hurink_rdata_28_workers.fjs;2336.820736243349;3113390;[0,14,87,152,268,344,432,445,565,622,117,193,290,620,673,754,837,876,951,1014,100,116,361,405,464,471,532,575,735,797,37,157,193,351,400,610,698,854,901,1024,0,52,117,193,232,436,500,574,891,1065,0,8,77,106,190,275,376,582,744,968,263,367,426,511,532,622,682,754,781,951,0,85,235,293,450,545,574,621,901,963,106,326,343,389,473,500,582,682,737,862,0,116,166,210,405,434,642,837,968,1040,16,114,259,682,692,711,744,825,895,963,235,370,436,511,630,712,730,762,876,1024,0,30,187,199,235,271,344,582,948,964,0,30,117,311,389,471,532,803,963,1065,87,180,197,343,464,575,698,797,924,960];[8,4,3,5,0,7,9,1,3,0,9,3,2,4,6,9,0,1,7,0,3,1,0,5,4,7,2,5,8,1,2,9,2,5,4,3,2,8,3,6,0,9,3,8,0,7,1,1,4,7,1,5,7,2,5,3,4,6,4,1,5,2,6,5,4,9,8,6,7,1,3,0,9,6,9,1,7,1,8,4,7,1,4,8,1,0,8,1,5,7,7,8,0,6,0,2,2,9,3,1,2,6,7,4,7,4,0,2,9,5,1,5,8,6,5,0,3,7,0,3,2,6,7,1,4,8,0,0,8,6,6,1,5,8,3,4,9,4,9,2,4,7,7,1,3,2,3,8,5,0];[0,13,0,8,12,13,3,14,3,5,14,10,4,4,13,7,9,11,6,10,1,12,14,11,5,13,9,11,0,13,0,3,9,8,2,6,3,7,5,1,3,3,9,3,6,0,2,6,2,0,5,12,7,7,4,1,9,12,5,5,2,6,6,4,14,9,7,8,4,1,8,4,7,10,11,2,7,12,8,9,11,9,7,0,14,12,0,2,9,14,14,5,14,13,1,8,1,13,1,2,2,10,13,5,11,4,12,10,9,2,5,7,1,3,14,5,14,11,12,5,10,6,2,7,0,3,9,9,4,13,1,5,3,11,4,9,5,6,0,1,13,3,5,3,8,13,9,8,12,8];[[0.18019241848515155,1.8019241848515155,1.0],[0.48736227300275514,4.873622730027551,1.0],[0.07759170039841756,0.7759170039841756,1.0],[0.5225667244081349,5.2256672440813485,1.0],[0.9196433340252647,9.196433340252646,1.0],[0.8762509611803474,8.762509611803473,1.0],[0.5029695910906639,5.029695910906638,1.0],[0.8160267976375112,8.160267976375112,1.0],[0.8059112000327816,8.059112000327817,1.0],[0.2140591090540045,2.140591090540045,1.0],[0.08805821114486456,0.8805821114486456,1.0],[0.20329737064426556,2.0329737064426556,1.0],[0.5837360924329463,5.837360924329463,1.0],[0.6737333796339059,6.737333796339059,1.0],[0.1608013027204077,1.6080130272040771,1.0]]
2c_Hurink_rdata_38_workers.fjs;5014.408428164271;432620;[132,320,401,442,472,1381,1474,1632,1975,2208,50,192,954,1085,1259,1353,1645,1853,1905,2316,205,649,712,755,853,909,1037,1293,1621,1914,134,425,756,928,1011,1214,1259,1534,1604,1696,0,141,274,808,853,1003,1689,1986,2208,2256,173,726,1325,1330,1419,1493,1901,1997,2146,2209,139,463,555,855,1002,1348,1353,1479,1529,2062,32,962,1096,1300,1642,1678,1716,1824,2062,2078,808,952,1040,1066,1168,1353,1525,1666,1712,1798,534,772,983,1219,1265,1439,1707,2120,2214,2268,371,605,829,937,1117,1555,1673,1780,2000,2078,32,380,405,712,1178,1766,1831,1905,2195,2275,80,125,370,442,696,1282,1486,1517,2043,2316,192,844,877,954,1385,1493,1730,1948,2092,2248,264,378,634,900,906,1281,1712,1887,1934,2078,41,243,470,559,766,1486,1517,1588,2058,2146,95,141,711,1172,1294,1786,1887,2134,2205,2214,0,205,617,680,1627,1730,1766,1832,1853,1946,256,341,472,540,604,755,1085,1353,1673,2180,26,204,634,718,866,943,1112,1253,1832,2022,0,65,192,356,1112,1562,1823,1831,1986,2321,239,328,559,943,1002,1085,1609,2020,2028,2275,45,134,423,560,688,863,879,1744,1948,2000,132,328,772,947,1020,1135,1217,1590,1831,1932,0,13,108,239,1040,1168,1403,1829,1922,2256,0,291,356,737,916,1085,1330,1500,1823,2000,262,345,534,680,1011,1185,1330,1466,1946,2250,65,463,943,1253,1325,1385,1481,1588,1634,1786,41,405,484,909,1129,1200,1403,1914,1997,2113,0,32,251,737,1004,1141,1217,1367,1419,1493];[0,2,2,7,9,7,7,5,9,4,9,4,1,2,0,9,1,4,7,5,8,3,8,9,5,6,5,6,9,0,9,2,2,6,3,4,3,4,8,7,9,4,2,5,1,9,4,7,1,8,7,2,1,4,5,5,4,2,2,9,1,5,1,8,8,4,3,0,7,6,2,4,6,2,6,3,9,5,1,4,4,9,2,9,0,0,8,1,0,1,7,6,5,0,2,3,2,4,3,7,3,0,9,3,6,5,4,7,4,1,8,3,5,3,2,5,7,5,5,5,9,1,7,8,0,8,4,3,5,3,0,6,1,6,8,1,6,9,7,2,9,0,4,7,9,2,1,9,4,8,1,3,6,0,8,3,2,1,2,3,4,6,1,8,8,4,8,5,3,2,1,0,7,1,7,5,9,4,3,3,0,6,1,4,9,8,3,4,2,7,1,3,6,5,4,0,4,7,9,9,6,7,6,3,5,9,7,6,0,5,2,5,6,8,7,8,7,3,3,4,4,3,6,3,9,3,7,8,5,1,2,1,3,5,9,4,6,6,2,7,5,0,2,1,1,9,0,8,7,1,7,3,0,9,5,7,1,4,3,5,7,8,8,2,1,8,7,8,8,4,6,2,4,1,5,0,7,2,4,3,0,3,3,5,1,7,4,2,6,8,2,3,9,4,6,3,2,5,1,6];[10,5,9,14,2,6,7,5,7,1,6,10,5,14,7,13,1,9,1,2,1,8,1,8,2,9,12,11,2,4,3,4,14,6,5,8,12,12,13,8,10,2,8,6,5,13,6,2,7,0,2,0,1,5,4,14,0,13,14,0,8,4,4,14,14,9,3,0,2,6,8,4,7,10,11,7,3,14,10,12,13,7,11,3,6,10,3,3,14,2,8,9,1,12,8,13,11,7,13,6,11,9,2,6,5,11,0,8,9,10,5,6,14,9,10,13,12,13,3,12,0,6,13,8,3,1,7,0,1,12,1,12,11,3,8,1,5,13,4,14,6,2,12,8,4,10,7,3,10,9,1,14,6,1,0,12,9,7,14,12,9,11,10,9,12,11,8,6,13,12,13,9,0,2,6,12,1,2,6,1,9,0,14,11,10,12,1,5,9,2,2,3,6,8,13,12,12,2,8,7,11,10,12,11,10,12,4,13,12,1,8,13,12,13,1,11,0,10,10,13,7,7,11,3,3,10,12,3,0,3,0,7,1,14,8,12,4,8,4,12,1,12,10,13,6,2,9,10,14,11,7,6,1,12,0,8,4,13,0,5,3,8,0,0,11,0,1,3,6,12,14,13,10,14,0,12,8,10,9,6,2,12,13,12,7,14,12,11,4,0,5,3,1,6,0,9,11,14,14,6];[[0.7773566427005639,7.7735664270056395,1.0],[0.6698255595592497,6.698255595592498,1.0],[0.09913960392481702,0.9913960392481702,1.0],[0.35297051119014544,3.529705111901454,1.0],[0.4679077429008419,4.679077429008419,1.0],[0.5346837414708775,5.346837414708775,1.0],[0.9783090609123973,9.783090609123974,1.0],[0.13031535015865903,1.3031535015865903,1.0],[0.6712434682302663,6.712434682302662,1.0],[0.36422941594737557,3.6422941594737557,1.0],[0.48883570716198577,4.888357071619858,1.0],[0.20301221073405373,2.0301221073405373,1.0],[0.6661983755713592,6.661983755713592,1.0],[0.2276630312069321,2.276630312069321,1.0],[0.4580640582967631,4.580640582967631,1.0]]
2c_Hurink_rdata_38_workers.fjs;4429.437783039817;190920;[12,208,361,424,451,928,1017,1519,1659,1758,75,885,986,1046,1139,1497,1587,1629,1699,1984,163,377,1329,1372,1607,1687,1708,1783,1848,1987,113,167,230,577,736,876,988,1238,1276,1516,118,307,744,796,1017,1203,1597,1716,1933,1987,12,549,876,1072,1108,1172,1227,1259,1364,1739,209,339,445,756,843,1029,1108,1283,1593,1870,356,432,438,836,1076,1123,1175,1354,1700,1885,250,382,550,633,939,1256,1428,1708,1800,2033,0,81,163,250,819,1295,1447,1539,1896,2000,0,241,879,885,1070,1264,1677,1813,1910,1984,374,577,602,881,939,978,1288,1708,1989,2045,209,362,458,1023,1175,1264,1360,1496,1783,1872,149,458,484,613,720,954,1374,1587,1614,1758,0,507,549,660,751,793,831,843,975,1146,0,81,161,695,980,1070,1099,1314,1372,1714,161,374,939,1076,1329,1428,1664,1702,1887,1912,586,633,678,793,843,1040,1090,1472,1656,2000,402,487,736,805,988,1761,1773,1832,1878,1912,81,301,667,751,756,831,1099,1139,1446,1943,170,230,335,386,655,978,1107,1179,1239,1872,0,289,531,660,761,902,1070,1220,1264,1441,0,149,307,457,805,813,1179,1544,1630,1981,31,303,481,577,698,898,1156,1479,1621,1856,170,356,432,555,633,790,851,1046,1362,1848,113,214,487,829,871,1195,1301,1410,1447,1906,71,221,654,698,1163,1447,1544,1630,1689,2066,0,335,361,475,613,678,1466,1518,1614,1950,72,175,402,718,805,1227,1288,1364,1530,1813,9,71,161,1040,1239,1425,1447,1564,1715,1778];[0,2,3,5,9,7,7,5,1,0,2,0,6,2,0,9,1,4,7,5,4,7,9,9,1,6,5,1,9,0,9,2,0,6,3,2,3,4,8,0,0,4,2,8,1,9,6,7,1,2,7,0,1,6,5,5,9,2,8,9,1,5,1,6,8,0,3,0,7,6,2,4,6,0,5,4,9,5,1,1,7,8,2,4,6,0,5,4,0,1,9,4,5,9,2,3,0,4,3,7,3,6,0,3,1,5,4,7,4,4,1,3,0,1,2,5,7,6,5,3,5,1,7,7,3,8,4,3,5,3,4,6,8,6,8,1,4,9,3,4,7,0,9,6,0,0,4,9,0,4,1,3,6,0,4,4,8,2,7,3,1,6,1,8,6,6,7,2,3,2,6,0,3,7,4,5,9,3,9,6,0,6,1,5,9,8,3,4,2,7,1,0,6,6,4,7,4,2,9,9,0,9,6,3,5,2,7,4,0,5,2,5,4,8,6,9,9,9,3,4,4,8,1,2,9,0,7,8,5,1,2,7,3,5,9,4,6,6,2,7,5,3,2,1,1,2,6,6,7,1,7,3,0,0,9,1,1,4,3,5,5,8,9,2,1,8,7,8,8,4,6,2,8,1,5,0,7,2,9,2,0,3,3,5,1,7,4,3,6,8,3,6,3,0,6,8,2,2,1,6];[10,5,11,1,2,5,1,11,13,2,8,4,12,14,10,12,6,14,1,5,11,3,10,2,8,2,11,9,3,0,5,5,13,6,4,7,0,3,9,9,7,2,8,13,5,13,9,6,10,10,5,9,1,6,4,12,13,7,0,1,2,6,4,10,14,8,3,3,10,6,8,5,10,4,3,12,3,14,12,9,3,10,2,3,8,11,11,2,10,8,8,3,1,12,2,13,9,3,14,7,11,1,4,6,9,14,10,8,5,6,7,5,3,8,10,11,12,0,12,4,0,12,10,2,14,1,8,1,7,12,9,7,3,9,0,1,8,13,5,0,10,9,1,0,6,14,14,5,3,11,3,14,10,14,6,10,8,3,10,5,0,4,2,4,11,1,1,4,0,11,6,14,5,6,12,4,0,2,3,2,9,14,2,9,9,7,3,0,2,2,7,0,6,10,12,3,6,5,12,4,1,3,13,9,1,10,5,7,0,8,0,5,10,9,10,0,1,6,2,5,1,3,14,5,2,1,11,7,0,3,12,10,6,8,7,9,0,13,6,5,2,1,6,11,13,8,10,0,6,11,11,9,12,8,0,8,1,7,2,8,2,8,7,10,1,0,10,11,7,12,2,1,1,11,6,10,3,14,12,0,6,8,14,4,7,12,5,9,4,6,4,0,14,11,10,4,6,2,12,12];[[0.7966509679599704,7.966509679599704,1.0],[0.05862623274803458,0.5862623274803458,1.0],[0.7602397739740907,7.602397739740907,1.0],[0.8627037401845356,8.627037401845355,1.0],[0.09127403464611428,0.9127403464611428,1.0],[0.9024924365975527,9.024924365975528,1.0],[0.7858960565941281,7.858960565941281,1.0],[0.40667966546103385,4.0667966546103385,1.0],[0.37447264465852026,3.7447264465852026,1.0],[0.6490262282913547,6.490262282913547,1.0],[0.40092466608569977,4.009246660856998,1.0],[0.5721109226277574,5.721109226277575,1.0],[0.6077930620255084,6.077930620255084,1.0],[0.05072389565884072,0.5072389565884072,1.0],[0.7370880093375713,7.370880093375714,1.0]]
2c_Hurink_rdata_38_workers.fjs;4731.537518238283;628430;[79,164,731,776,1477,1879,1980,1987,2143,2186,102,205,426,772,1133,1564,1650,1700,1879,2123,0,466,538,989,1296,1394,1529,1824,2007,2110,48,159,299,686,695,745,1003,1394,1477,1803,159,597,724,1348,1409,1804,1830,1936,2080,2129,353,483,775,1065,1354,1424,1551,1642,1812,2173,321,479,597,775,809,881,1169,1471,1859,2080,0,98,740,760,1241,1444,1729,1769,1915,2021,40,98,146,589,975,1225,1394,1477,1582,1754,514,686,761,1027,1067,1336,1464,2005,2092,2143,94,206,625,1037,1106,1198,1671,1686,1726,2137,104,180,444,878,961,1038,1103,1198,1604,2131,254,294,326,397,1236,1624,1686,1700,1843,1944,780,879,1001,1106,1769,1856,1944,1980,2007,2092,146,326,369,511,711,814,886,961,989,1063,201,547,602,835,1046,1177,1208,1284,1371,1479,0,159,787,1248,1262,1348,1394,1712,1959,1980,100,275,446,511,547,867,1284,1422,1650,1741,185,270,803,1283,1358,1452,1538,1606,1780,1908,308,602,642,724,768,1349,1557,1582,1754,2131,94,334,354,761,807,903,1208,1349,1452,2087,0,30,75,369,517,628,1283,1328,1856,1932,299,369,547,642,1063,1153,1536,1635,2035,2087,596,835,907,1003,1071,1528,1606,1689,1879,2021,0,270,275,1067,1198,1342,1729,1805,1897,2089,0,51,424,512,681,711,1671,1915,1969,2128,0,133,538,695,745,780,1428,1558,1624,1980,0,865,898,929,1424,1464,1482,1597,1821,2162,139,294,446,780,787,907,1094,1177,1482,1731,298,377,479,906,975,1094,1225,1660,1805,1879];[0,2,3,5,9,6,8,6,3,0,3,4,1,2,8,9,1,4,7,5,4,9,8,9,1,6,5,6,9,0,1,1,2,6,1,4,3,4,8,7,9,0,2,8,1,9,4,5,7,8,4,0,1,6,5,3,6,2,2,9,1,6,1,6,8,4,3,0,9,6,0,4,6,8,6,4,9,5,1,1,4,9,2,9,0,8,8,4,0,1,0,0,5,0,2,3,5,4,3,7,8,3,0,3,6,5,4,7,7,1,4,3,0,1,2,7,7,6,5,9,9,1,8,8,3,8,4,2,5,3,0,0,1,3,8,1,4,9,3,2,9,0,9,7,9,7,4,9,8,4,1,3,6,0,8,4,9,2,2,3,1,7,1,8,0,4,7,5,3,2,1,0,7,1,4,5,9,4,9,6,0,6,1,5,9,1,3,4,2,7,1,3,2,4,9,0,7,7,9,4,7,9,5,3,5,9,4,1,0,5,2,5,6,0,7,8,8,3,8,1,4,3,1,3,9,3,7,8,5,1,4,7,3,5,5,4,6,6,2,7,5,0,2,0,1,2,0,4,7,4,8,2,0,8,9,7,1,4,3,5,7,8,9,6,1,6,7,8,3,4,6,2,4,1,5,6,7,2,9,2,0,9,3,1,4,7,4,2,6,8,3,6,2,0,6,9,4,5,0,0];[10,12,14,7,2,4,0,14,0,9,8,4,5,14,5,13,1,12,11,10,9,14,6,5,7,13,11,4,8,8,0,11,6,6,0,9,9,14,7,14,14,1,13,13,5,4,13,9,14,6,0,5,10,6,10,11,10,7,0,11,14,2,9,4,0,6,3,5,6,2,3,3,8,5,1,0,6,10,13,2,13,6,7,5,12,0,2,8,14,8,9,7,1,12,12,5,9,12,13,14,8,14,2,7,9,12,1,1,3,12,0,4,9,4,3,8,11,6,12,11,12,7,9,8,11,5,10,11,10,12,4,9,2,10,12,1,8,13,10,4,11,13,7,8,5,2,8,5,0,5,2,10,7,2,1,8,14,1,8,5,0,1,11,13,13,11,0,14,1,4,7,9,13,10,8,3,2,3,9,1,9,0,4,3,12,7,3,10,5,7,14,14,13,4,1,7,14,2,13,5,5,7,10,7,12,3,2,1,12,6,10,2,9,4,3,9,12,10,7,3,10,13,11,3,13,0,13,5,0,1,11,7,8,8,13,0,0,8,2,3,11,9,10,2,9,8,9,7,7,11,1,14,4,4,4,6,13,12,5,3,8,8,0,2,4,9,14,6,4,10,4,8,14,14,4,6,10,3,5,10,10,8,4,11,13,0,12,4,6,0,4,6,0,2,10,5,5,2,8,14];[[0.5209484070219088,5.209484070219088,1.0],[0.42125020101147315,4.212502010114731,1.0],[0.22094517308324657,2.2094517308324657,1.0],[0.13033708391670573,1.3033708391670573,1.0],[0.48395776843282956,4.839577684328296,1.0],[0.6260889663051598,6.260889663051597,1.0],[0.6211218319323739,6.21121831932374,1.0],[0.707277595965894,7.07277595965894,1.0],[0.43539590023548325,4.3539590023548325,1.0],[0.04809800715767443,0.4809800715767443,1.0],[0.2254847064342842,2.254847064342842,1.0],[0.788548045160999,7.88548045160999,1.0],[0.42108890435006496,4.21088904350065,1.0],[0.5652029481252892,5.6520294812528915,1.0],[0.6764042610645917,6.764042610645918,1.0]]
2c_Hurink_rdata_38_workers.fjs;3982.795939376353;503370;[0,102,194,454,595,942,1247,1597,1732,1780,107,246,565,622,764,849,1001,1159,1320,1561,268,394,465,525,1117,1236,1460,1535,1598,1684,277,341,382,1166,1175,1371,1388,1640,1691,1784,60,114,142,194,239,779,796,1337,1511,1717,181,268,761,766,981,1063,1257,1434,1575,1780,131,246,351,520,671,755,849,946,1097,1175,0,712,861,897,1043,1087,1189,1569,1684,1741,0,154,299,409,622,750,1216,1495,1571,1826,47,132,239,833,946,1183,1244,1310,1507,1668,0,142,229,359,423,551,1060,1204,1392,1470,0,221,454,612,884,970,1077,1169,1205,1780,0,766,805,882,976,1205,1283,1297,1371,1460,46,60,131,239,313,441,673,729,916,1800,142,227,505,618,673,756,783,939,1103,1660,47,716,766,851,897,1075,1129,1515,1649,1793,0,142,336,507,525,718,775,849,1563,1679,0,272,323,395,673,799,1474,1572,1596,1705,8,285,519,636,750,870,1001,1293,1543,1575,263,536,802,976,1087,1157,1325,1494,1598,1723,73,375,417,454,702,1214,1283,1434,1495,1535,72,113,337,484,715,981,1060,1275,1475,1551,200,394,464,584,1157,1237,1299,1566,1725,1776,83,189,268,400,507,595,673,963,1016,1428,59,142,317,595,881,1060,1110,1299,1485,1562,0,342,814,1022,1262,1325,1422,1669,1700,1723,268,400,461,520,586,870,976,1060,1495,1700,0,73,113,384,761,799,814,1388,1434,1642,64,204,505,618,1037,1151,1211,1283,1369,1434,96,851,969,984,1076,1166,1189,1237,1699,1765];[0,2,3,7,9,6,7,6,9,4,9,4,6,2,3,9,8,4,7,8,8,9,9,9,5,6,5,6,1,0,1,2,2,6,1,2,3,4,8,0,9,0,3,5,1,1,4,7,1,2,2,2,1,4,5,5,6,2,2,5,1,5,1,8,8,0,3,0,2,6,2,4,7,0,6,3,9,5,1,0,9,9,2,4,6,8,8,2,0,1,7,4,5,1,2,3,0,4,3,7,3,6,1,3,6,5,4,7,4,4,8,3,0,8,2,1,7,5,5,9,5,1,8,7,0,8,4,2,5,3,4,4,8,6,8,5,4,1,3,2,9,0,4,7,3,7,4,9,4,8,1,3,6,0,4,4,8,0,9,3,4,7,1,8,8,4,8,5,3,2,1,0,0,7,7,5,9,3,3,6,3,6,1,5,9,1,3,5,2,7,1,0,2,5,9,0,8,7,9,3,6,7,0,3,5,9,7,6,0,5,2,5,4,0,2,9,7,9,3,4,4,8,1,3,9,3,7,8,4,1,4,7,3,5,5,4,6,2,2,7,5,0,2,0,1,9,3,8,7,1,7,5,0,8,5,1,1,4,3,5,7,0,8,6,1,8,7,8,8,4,6,5,4,1,5,0,7,2,9,2,0,9,3,1,1,7,4,3,6,8,3,6,9,4,6,9,2,2,1,7];[2,0,7,10,2,4,4,6,3,7,12,4,1,14,4,12,10,1,12,2,0,8,3,0,0,13,11,11,8,8,5,5,3,6,2,2,8,9,9,10,14,14,10,6,5,13,14,3,14,11,0,10,9,3,9,5,13,13,0,3,2,3,14,0,10,3,3,12,4,4,0,5,2,2,1,8,0,10,4,8,5,5,7,7,4,8,12,10,2,2,3,3,1,11,2,13,1,13,0,12,6,14,8,12,13,12,4,8,9,9,13,7,5,5,5,0,12,10,3,0,3,1,0,9,5,7,11,2,7,12,9,5,11,6,8,4,6,3,10,11,6,14,11,6,1,0,14,3,6,14,1,14,9,1,1,3,3,7,13,6,9,12,7,4,14,12,11,4,0,11,12,9,0,9,3,5,1,14,1,4,6,6,8,12,10,5,3,4,5,7,13,13,13,9,11,11,0,2,12,6,9,6,10,12,9,0,5,6,7,8,7,13,13,12,2,14,12,6,8,13,11,2,1,3,2,9,12,4,5,1,13,9,11,1,2,8,0,13,6,3,9,5,10,11,6,8,9,10,10,12,1,4,11,11,4,10,5,2,0,2,1,4,2,6,6,11,12,7,6,10,4,10,10,11,7,1,6,14,4,0,2,12,7,13,13,14,5,7,4,2,11,8,8,7,10,7,9,10,1,12];[[0.49734142093980327,4.973414209398033,1.0],[0.35999045686025677,3.5999045686025677,1.0],[0.7220617567237175,7.220617567237175,1.0],[0.44672126724761885,4.4672126724761885,1.0],[0.4533596515962979,4.533596515962978,1.0],[0.025925678678183073,0.25925678678183073,1.0],[0.33490089376309407,3.3490089376309404,1.0],[0.4755440242737675,4.755440242737675,1.0],[0.45132356511490823,4.513235651149082,1.0],[0.08788974506102976,0.8788974506102976,1.0],[0.29509671683068217,2.9509671683068217,1.0],[0.33863234208051063,3.3863234208051063,1.0],[0.9020959027552419,9.020959027552419,1.0],[0.7173473735926632,7.173473735926632,1.0],[0.8986159167700656,8.986159167700656,1.0]]
2c_Hurink_rdata_38_workers.fjs;4636.553901923269;325230;[136,394,563,589,639,732,1279,1340,1597,1642,0,33,135,187,303,393,642,1113,1267,1933,404,503,676,773,859,1061,1237,1734,1930,2102,162,365,805,1034,1043,1096,1293,1856,1982,2072,0,196,393,977,1267,1295,1312,1432,1767,2056,112,676,854,1043,1061,1158,1439,1543,1669,1734,136,430,518,731,868,1219,1332,1495,1500,1770,0,356,618,758,1130,1163,1354,1435,1509,1965,214,726,1050,1069,1172,1481,1543,1621,1830,2013,87,370,518,1175,1218,1235,1303,1884,1990,2041,127,545,636,642,922,1711,1840,1920,1966,2041,0,102,475,663,940,1294,1538,1615,1655,1720,47,264,608,891,975,1267,1279,1513,1938,2158,743,758,809,1096,1186,1312,1600,1635,1755,1967,204,224,269,356,707,822,1163,1267,1653,1710,0,271,323,589,726,809,904,1015,1851,2041,216,264,455,885,942,1079,1130,1175,1322,1432,407,1062,1113,1496,1543,1621,1654,1735,1759,1855,0,85,301,731,1042,1383,1419,1792,1840,1874,82,269,304,503,508,639,898,982,1216,1926,167,840,861,898,912,980,1187,1382,1691,2026,216,323,442,551,663,942,1395,1505,1618,1664,204,450,809,1069,1224,1276,1354,1532,1840,2115,271,370,455,551,589,837,1163,1237,1961,2132,84,97,520,1224,1303,1392,1419,1665,1820,2065,226,636,786,1030,1132,1288,1416,1509,1642,1892,0,162,861,1172,1237,1286,1383,1432,1665,2040,777,847,921,1151,1506,1543,1770,1874,2040,2107,84,589,711,1073,1080,1654,1746,1881,2013,2081,82,214,551,567,639,1164,1237,1469,1813,1892];[0,2,3,7,9,7,8,5,3,0,2,4,1,5,3,9,1,4,7,5,8,9,8,9,1,6,5,2,9,3,9,5,0,6,3,4,3,4,8,0,9,0,3,5,1,9,4,7,1,5,2,0,1,6,5,3,6,2,2,7,7,5,1,6,2,4,3,0,9,6,0,4,7,2,6,4,9,5,1,1,9,9,2,8,0,3,5,2,0,1,9,6,5,9,2,3,0,4,3,7,3,6,1,3,1,5,4,2,4,1,8,3,9,1,2,7,7,6,5,9,9,1,8,7,0,8,4,3,5,3,2,0,8,3,8,5,4,1,3,7,2,0,4,6,0,7,5,9,8,4,1,5,8,0,8,4,9,1,9,3,1,6,1,8,6,6,9,5,3,2,5,0,0,8,4,5,9,3,9,3,3,6,1,5,9,8,3,5,2,7,1,0,2,4,4,7,8,2,9,3,6,9,6,3,5,9,4,6,0,5,2,5,6,8,2,8,8,3,8,1,4,8,1,2,4,3,7,8,5,1,8,1,3,5,5,4,6,6,2,7,5,3,2,0,1,9,0,6,7,4,7,5,0,8,5,6,1,4,3,5,5,8,9,2,1,8,7,8,3,4,6,2,8,1,5,6,7,2,9,4,0,3,3,1,1,7,4,1,6,8,2,3,3,9,6,8,2,2,1,6];[10,11,12,7,2,14,4,7,12,8,4,10,2,9,8,4,1,11,12,5,1,7,11,7,11,11,11,3,6,14,12,5,2,6,4,12,4,12,0,12,13,3,13,2,3,5,13,2,6,7,4,5,9,12,2,11,5,13,7,9,1,12,0,2,5,10,3,4,5,9,3,14,2,3,1,3,1,14,12,9,8,12,14,10,10,7,9,13,11,10,8,9,5,12,2,5,10,13,13,6,11,6,7,7,9,13,7,1,5,13,9,11,4,8,12,1,3,14,12,6,5,6,5,2,5,8,14,0,11,12,8,10,10,6,14,9,2,7,5,14,0,14,0,0,3,12,12,1,9,8,7,4,12,12,5,3,14,0,3,2,0,5,10,9,7,1,9,9,3,10,12,9,0,1,2,11,1,4,8,10,14,14,9,0,8,14,8,7,9,7,0,3,2,4,3,10,7,14,12,10,7,14,12,10,8,11,5,11,0,7,5,13,6,8,1,4,12,10,3,10,4,0,5,5,4,6,11,7,0,9,9,7,8,2,4,3,8,13,12,5,2,4,6,10,6,8,9,0,11,11,7,14,11,1,4,12,12,13,0,8,1,8,13,0,0,0,10,13,5,12,6,1,7,7,11,6,0,14,5,4,1,13,6,13,7,11,12,9,9,9,7,12,5,11,0,4,7,3,4,0];[[0.4211249061401,4.211249061401,1.0],[0.9761073344853062,9.761073344853061,1.0],[0.6132800246752349,6.132800246752349,1.0],[0.6930423279788359,6.930423279788359,1.0],[0.5088628354481554,5.088628354481553,1.0],[0.18781156668551158,1.8781156668551158,1.0],[0.830121874145001,8.301218741450011,1.0],[0.8449241651217704,8.449241651217704,1.0],[0.20962821201639004,2.0962821201639006,1.0],[0.6505169872996391,6.505169872996391,1.0],[0.7003316191510263,7.003316191510263,1.0],[0.7150339547653067,7.150339547653068,1.0],[0.8091072451390076,8.091072451390076,1.0],[0.8451978833841938,8.451978833841938,1.0],[0.3695849781386673,3.695849781386673,1.0]]
2c_Hurink_rdata_38_workers.fjs;4349.962105980815;314510;[147,250,338,362,488,604,1278,1285,1437,1483,75,274,661,852,951,1040,1123,1410,1853,1914,97,221,374,421,583,662,747,1714,1803,1904,167,221,634,814,823,876,1123,1173,1201,1852,90,246,495,662,905,1307,1481,1568,1668,1964,246,479,510,697,1388,1483,1538,1570,1853,1985,171,276,395,914,996,1160,1370,1437,1805,1959,410,573,641,860,1046,1078,1170,1258,1503,1519,186,305,362,410,570,641,826,1178,1284,1370,0,90,159,210,790,818,1132,1273,1538,1644,412,432,949,1005,1085,1178,1258,1323,1767,1903,0,589,650,719,957,996,1160,1287,1332,1609,113,157,171,395,523,1144,1395,1452,1698,1889,113,305,329,523,573,654,684,1478,1503,1739,0,385,604,711,1123,1248,1452,1507,1851,2010,0,457,818,905,1173,1256,1287,1360,1425,1714,0,44,276,291,421,512,617,735,876,1959,422,664,717,901,1270,1573,1620,1692,1901,1980,157,329,428,515,858,951,1069,1123,1535,1762,77,431,717,821,975,1064,1455,1625,1753,1980,245,305,374,415,684,747,1455,1503,1569,1803,380,415,506,711,823,1285,1373,1622,1775,1806,137,664,852,996,1417,1452,1735,1753,1914,1987,544,576,905,1483,1570,1620,1695,1799,1878,1959,360,611,711,735,961,1204,1287,1644,1753,1948,12,57,364,634,944,1055,1224,1362,1597,1919,510,615,814,1085,1324,1354,1452,1503,1667,1985,159,230,717,780,904,1330,1650,1698,1839,1907,44,544,741,1064,1396,1591,1695,1806,1889,2016,291,326,945,1040,1152,1256,1452,1521,1622,1696];[0,2,2,7,9,7,8,9,3,0,9,0,1,2,0,9,8,4,7,8,4,9,8,9,5,6,5,1,9,3,9,5,2,6,3,4,3,4,0,0,0,0,2,8,1,1,4,8,1,8,4,7,1,4,5,3,9,2,8,5,1,5,1,6,8,0,3,0,2,6,2,4,6,8,5,4,9,5,1,1,4,8,2,4,6,0,5,1,0,1,9,6,5,0,2,8,2,4,3,7,6,0,9,3,1,5,4,7,4,1,8,3,9,1,2,7,7,6,5,5,9,1,7,7,0,8,4,2,5,3,2,6,1,6,8,5,6,1,7,2,7,0,4,7,9,7,5,9,4,4,1,5,0,0,8,3,2,2,9,3,4,6,1,8,8,8,9,2,3,2,6,0,7,8,7,5,9,3,9,3,3,6,1,5,9,1,3,4,2,7,1,3,6,5,5,7,8,2,9,9,6,9,5,3,5,9,4,6,0,5,2,5,4,8,6,8,8,3,3,1,4,3,1,2,9,0,7,8,5,1,2,1,3,5,9,4,6,0,2,7,5,3,2,0,1,2,3,6,7,4,7,2,0,0,5,6,1,4,3,8,7,0,9,2,1,6,7,8,8,4,6,2,4,1,5,6,5,2,5,4,4,3,3,1,1,7,4,3,6,7,3,9,2,0,6,8,6,5,0,0];[4,8,14,3,10,10,2,9,2,3,7,11,6,14,14,5,10,11,9,2,9,4,8,10,1,14,10,11,7,14,5,5,3,6,4,5,1,12,7,8,4,1,11,13,3,13,11,5,3,4,0,8,1,4,4,13,13,7,0,5,14,7,14,5,10,13,3,3,13,6,1,6,13,13,3,7,1,10,7,0,1,1,7,7,9,5,9,3,3,2,8,5,5,0,7,8,0,1,8,6,0,9,2,6,9,6,11,8,14,1,1,3,2,13,10,11,14,12,12,12,6,3,7,2,4,8,14,4,8,12,2,2,2,9,14,1,14,12,14,9,10,6,8,8,12,14,12,5,2,14,9,4,12,7,5,12,11,10,5,2,13,4,14,13,12,2,9,11,0,11,8,9,0,0,6,6,1,0,10,10,6,13,3,1,2,7,0,5,5,0,0,5,2,1,8,13,11,0,6,3,6,10,10,9,1,9,7,1,0,6,7,13,14,3,11,4,8,10,2,5,13,5,7,9,10,0,6,3,0,9,13,7,12,2,10,13,4,1,6,8,8,2,10,8,13,8,5,3,1,5,10,6,14,13,4,11,13,6,2,2,8,3,2,14,0,0,1,12,7,12,2,3,14,14,4,13,8,1,3,9,11,11,4,7,13,3,5,4,13,0,4,12,0,12,2,4,10,2,2,12];[[0.4831103964860096,4.831103964860096,1.0],[0.9021829992468611,9.02182999246861,1.0],[0.5374571935128641,5.374571935128642,1.0],[0.8761340971511191,8.761340971511192,1.0],[0.573156942708234,5.7315694270823405,1.0],[0.994523847851402,9.945238478514021,1.0],[0.3574465703190305,3.574465703190305,1.0],[0.6617299629663892,6.617299629663892,1.0],[0.4882872262788658,4.882872262788657,1.0],[0.5726412824777106,5.726412824777106,1.0],[0.32388398325139345,3.2388398325139347,1.0],[0.8072354510963532,8.072354510963532,1.0],[0.8087324055796944,8.087324055796945,1.0],[0.660852452150834,6.60852452150834,1.0],[0.5802577271631468,5.802577271631469,1.0]]
2c_Hurink_rdata_38_workers.fjs;4650.690334938669;917850;[52,199,290,322,529,650,832,847,1220,1261,650,680,841,1301,1397,1601,1691,1933,2002,2090,233,279,416,459,529,1163,1397,1645,1932,2020,84,338,586,1324,1333,1795,1821,1979,2007,2090,0,244,677,778,1049,1333,1560,1917,2020,2071,315,410,932,1022,1076,1164,1604,1727,1788,1854,0,178,275,338,343,441,1077,1180,1265,1347,169,244,250,446,674,1345,1432,1507,1601,2095,105,680,730,748,1301,1412,1593,1679,1727,1817,84,167,315,636,823,926,976,1082,1203,1594,492,525,670,677,741,841,1188,1338,1378,1692,340,502,618,835,895,1261,1347,1645,1797,1885,275,315,416,571,1088,1180,1203,1261,1682,2142,64,91,340,582,741,1449,1482,1691,1765,1860,290,302,345,444,785,1005,1548,1854,1885,2090,412,586,799,1042,1093,1517,1600,1821,1941,2078,250,522,744,822,875,976,1192,1435,1497,2070,0,124,178,639,839,1220,1461,1676,1854,2018,0,492,676,923,994,1082,1144,1218,1272,1501,327,489,625,893,1005,1076,1165,1188,1258,1718,27,182,367,406,434,757,823,1384,1604,1896,302,389,716,923,996,1258,1482,1691,1790,2071,52,105,994,1049,1245,1348,1461,1508,1593,1882,30,450,527,636,725,1662,1733,1803,1854,2018,0,234,425,561,789,976,1184,1481,1787,2032,279,618,778,949,1082,1412,1508,1733,1765,1932,0,84,182,379,760,1074,1218,1338,1845,2007,290,367,459,487,970,1472,1817,2029,2070,2110,0,741,847,926,1077,1165,1272,1368,1536,1967,0,90,315,831,905,1223,1497,1541,1618,1867];[0,2,3,5,9,7,7,9,1,0,9,0,6,5,8,9,8,4,7,0,8,9,8,9,5,6,5,6,1,3,9,2,2,6,1,9,3,4,0,7,9,0,2,5,1,9,4,8,1,8,7,0,1,4,5,5,6,2,2,5,1,5,1,8,8,0,3,0,7,6,0,4,7,0,5,3,9,5,1,0,4,9,2,9,0,0,8,2,0,1,7,6,5,0,2,3,0,4,3,7,8,0,1,3,6,5,4,2,4,1,4,3,9,8,2,1,7,5,5,9,5,1,6,8,0,8,4,3,5,3,2,6,1,6,8,1,4,9,4,4,2,0,9,7,3,2,4,9,0,4,1,5,0,0,8,4,2,0,2,3,4,7,1,8,0,4,8,2,3,2,6,0,3,1,7,5,9,3,3,6,3,6,1,5,9,8,3,4,2,7,1,0,6,6,5,7,4,2,9,9,6,7,6,3,5,2,7,1,0,5,2,5,4,8,6,8,7,7,3,1,4,8,1,2,9,0,7,8,5,1,2,7,3,5,5,4,6,6,2,7,5,3,2,1,1,2,6,8,7,4,8,3,0,9,9,6,1,4,3,5,7,8,8,2,1,6,7,8,8,4,6,5,8,1,3,0,7,2,5,2,0,3,3,1,1,7,4,3,6,7,2,3,3,4,6,9,2,2,1,7];[7,10,11,7,10,10,7,9,13,1,6,2,5,1,12,12,8,8,13,11,1,2,1,0,5,2,11,0,6,4,9,0,5,6,9,7,0,3,7,5,12,12,13,2,3,6,8,10,8,8,11,5,10,12,10,13,13,13,8,3,14,5,4,14,3,11,3,9,5,5,13,2,2,4,3,14,4,10,14,6,3,5,0,14,10,5,2,10,5,7,8,8,1,12,12,13,1,13,4,4,3,9,1,8,5,2,1,12,0,12,1,14,10,6,0,6,4,11,3,6,9,0,3,7,4,11,6,0,3,14,8,11,6,8,8,1,13,13,10,9,8,13,9,8,11,5,8,0,14,7,6,12,0,1,1,14,1,2,14,4,6,7,3,3,8,12,3,5,1,10,6,14,7,0,3,7,9,2,11,13,10,6,14,3,13,6,7,2,9,7,1,4,9,10,8,0,12,12,8,4,1,10,13,7,14,10,1,6,9,8,14,2,9,2,0,12,4,6,2,3,3,10,3,5,3,0,4,3,0,2,0,7,1,2,13,7,1,14,12,12,4,6,10,11,13,8,10,10,3,5,3,13,7,6,7,3,12,8,2,2,9,12,14,0,3,2,11,11,7,10,10,10,8,2,4,11,5,1,0,0,3,1,14,10,9,14,7,13,9,0,13,5,5,11,7,3,2,6,14,1];[[0.34661995661142697,3.4661995661142697,1.0],[0.2286410960833074,2.286410960833074,1.0],[0.012392470279078194,0.12392470279078194,1.0],[0.9308270259025113,9.308270259025113,1.0],[0.3225145761620236,3.225145761620236,1.0],[0.0006954578022455582,0.006954578022455582,1.0],[0.2097170717940725,2.097170717940725,1.0],[0.5179602272351016,5.179602272351016,1.0],[0.7628222106217201,7.6282221062172,1.0],[0.3089717897377221,3.089717897377221,1.0],[0.15113122452813788,1.5113122452813788,1.0],[0.07045772229012492,0.7045772229012492,1.0],[0.8725064026541692,8.725064026541693,1.0],[0.3074981421409557,3.074981421409557,1.0],[0.272859759997538,2.7285975999753798,1.0]]
2c_Hurink_rdata_38_workers.fjs;4436.109183568387;918140;[377,443,581,651,683,786,898,1437,1530,1638,104,605,731,788,1034,1288,1678,1903,1948,2054,13,149,639,772,1024,1081,1195,1270,1334,1699,149,479,620,906,915,965,999,1034,1546,1861,57,464,698,743,801,1185,1316,1406,1576,1875,276,415,450,712,1047,1316,1406,1466,1593,1669,0,276,387,418,813,926,1372,1541,1726,1802,99,1002,1139,1202,1530,1677,1700,1725,1851,1867,0,365,521,651,999,1495,1533,1720,1771,2064,0,74,419,473,605,781,965,1299,1439,1495,0,454,544,550,619,1118,1430,1597,1846,1930,197,334,443,473,539,593,727,1270,1901,2009,142,184,222,553,697,789,1008,1167,1796,2035,0,13,346,1118,1215,1561,1678,1730,1802,1948,209,334,377,949,955,1677,1716,1730,1760,2059,104,427,553,789,1064,1270,1450,1533,1593,1792,189,948,1081,1122,1173,1265,1669,1969,2026,2035,85,207,278,736,955,1011,1374,1444,1466,1700,197,450,829,924,1012,1439,1533,1595,1841,1966,91,513,553,1159,1202,1280,1695,1726,1966,2014,74,131,367,931,1064,1122,1185,1334,1444,1638,0,882,924,1002,1054,1138,1444,1588,1649,1759,142,189,334,697,826,946,1211,1288,1957,2013,31,252,359,552,683,742,1099,1479,1652,1792,407,544,788,833,926,1173,1247,1719,1930,2014,0,47,186,412,521,1047,1627,1768,1933,2050,184,282,300,368,712,801,898,1374,1595,1670,9,91,261,455,743,931,1159,1250,1387,1799,47,221,619,727,833,1421,1479,1853,1933,2054,112,261,550,562,639,989,1375,1503,1935,1998];[0,2,2,5,9,6,8,6,1,0,9,4,6,5,3,9,8,4,7,8,4,7,9,9,1,6,5,1,7,0,9,5,2,6,2,9,3,4,0,0,9,4,3,5,1,9,6,5,1,2,2,7,1,4,5,5,6,2,2,5,1,5,1,6,2,0,3,0,2,6,0,4,7,2,6,3,9,5,1,1,9,9,2,8,6,3,8,4,0,1,7,4,5,0,2,3,2,4,3,7,6,3,9,3,1,5,4,7,7,1,1,3,0,8,2,5,7,5,5,5,5,1,7,8,0,8,4,3,5,3,4,0,8,3,8,5,6,1,4,4,9,0,4,7,0,0,1,9,8,8,1,5,0,0,4,4,8,2,9,3,4,6,1,8,6,6,7,2,3,2,6,0,3,8,7,5,9,2,9,3,3,6,1,5,9,8,3,4,2,7,1,0,6,4,9,0,4,7,9,9,7,7,5,3,8,9,4,1,0,5,2,5,4,0,2,8,9,7,8,1,4,8,1,2,4,3,7,8,5,1,2,0,3,5,5,4,6,0,2,7,5,3,2,0,1,2,3,6,7,4,8,3,0,8,5,7,1,4,3,5,5,8,8,2,1,8,7,8,3,4,6,2,8,1,3,0,7,2,4,2,0,9,3,5,4,7,4,3,6,7,2,9,9,9,6,9,2,5,0,0];[8,6,14,1,10,1,2,14,3,12,2,14,2,12,5,13,8,11,11,2,11,5,5,9,9,11,12,5,0,11,9,5,3,6,4,14,11,1,1,8,14,13,7,6,3,13,9,6,14,10,2,14,9,9,2,1,10,13,6,10,13,0,9,1,5,12,3,14,13,11,10,10,14,4,11,12,6,14,7,0,8,12,12,13,2,1,4,0,5,2,3,3,5,12,3,13,13,10,0,7,1,10,1,0,9,11,9,10,6,3,11,4,1,2,12,13,5,11,12,12,3,8,13,8,3,3,8,1,4,14,9,2,11,5,13,5,7,7,14,4,6,13,0,8,10,0,4,3,9,12,8,5,11,14,6,12,8,6,0,2,0,11,8,12,7,1,1,9,14,4,12,14,7,12,3,4,12,10,9,5,8,14,6,0,14,7,8,7,9,2,0,8,6,14,10,3,13,2,11,5,1,9,6,12,1,9,5,6,12,1,0,13,6,12,0,0,2,3,7,1,0,3,7,8,11,7,11,7,0,13,1,9,3,1,5,4,8,5,2,12,7,6,6,11,9,8,8,1,0,11,4,9,7,6,4,4,4,11,13,3,2,12,3,14,4,0,1,4,9,13,12,13,10,11,7,11,3,14,8,8,4,4,7,12,10,5,12,1,14,0,5,1,5,5,0,0,1,10,7,1];[[0.8559393885152179,8.55939388515218,1.0],[0.8004839408308784,8.004839408308783,1.0],[0.5938433496209707,5.938433496209708,1.0],[0.8870093324131678,8.870093324131679,1.0],[0.741558169706834,7.4155816970683395,1.0],[0.8097670389513107,8.097670389513107,1.0],[0.2247324103169328,2.247324103169328,1.0],[0.9761818800633866,9.761818800633865,1.0],[0.6339038774096737,6.339038774096737,1.0],[0.5580285642552777,5.580285642552777,1.0],[0.4463526500656817,4.463526500656817,1.0],[0.28336462923826333,2.8336462923826335,1.0],[0.9019880415639555,9.019880415639555,1.0],[0.03268507148422006,0.32685071484220063,1.0],[0.4362825217209084,4.3628252172090844,1.0]]
2c_Hurink_rdata_38_workers.fjs;4552.846398820607;749430;[0,250,482,716,1021,1112,1553,1596,1738,2089,406,436,571,624,748,857,1560,1581,1899,1985,326,506,874,943,1015,1069,1169,1243,1642,1826,63,118,602,860,918,1354,1444,1478,1635,1828,425,538,624,793,973,1337,1354,1677,1774,1844,0,306,847,1016,1295,1478,1560,1677,1981,2042,0,235,327,356,386,1324,1475,1716,2017,2087,0,79,488,673,753,838,1112,1407,1478,1828,46,106,716,765,1121,1166,1472,1594,1900,2085,118,238,327,681,734,749,793,934,1166,1486,538,852,958,1021,1287,1590,1709,1839,1945,2048,0,810,1087,1280,1340,1532,1590,1677,1714,1784,0,105,135,417,509,1092,1372,1713,1892,2123,469,721,781,869,1016,1092,1121,1160,1396,1486,135,196,381,712,719,1024,1185,1441,1581,2080,703,785,1188,1280,1324,1413,1761,1844,1900,1982,211,337,390,404,566,719,770,880,1340,1381,353,380,425,681,804,1007,1468,1581,1627,2037,0,78,160,257,405,506,676,1359,1807,1917,356,370,624,712,936,1216,1312,1732,1826,1876,482,602,717,860,874,1043,1389,1532,1617,1770,105,530,607,683,861,1160,1372,1434,1892,1996,160,211,306,509,619,793,861,1103,1243,1774,356,572,921,1043,1078,1407,1687,1761,1941,2026,46,676,749,964,1198,1542,1642,1761,2016,2112,0,78,238,263,375,405,619,1337,1617,1928,59,337,487,530,589,918,1034,1413,1542,2023,155,229,361,509,839,943,1122,1188,1396,1899,85,263,436,966,1024,1312,1732,1823,1907,2042,135,168,263,302,770,1237,1444,1803,1928,1996];[0,2,2,7,9,7,8,6,9,0,3,4,6,5,0,9,8,4,7,5,4,7,3,9,1,6,5,2,9,3,0,1,2,6,1,9,3,4,0,7,0,0,3,8,1,9,6,7,7,8,7,7,1,6,5,5,6,2,8,9,1,5,1,8,2,0,3,0,2,6,2,4,7,2,5,4,9,5,1,4,9,9,2,9,0,0,8,1,0,1,0,6,5,0,2,3,2,4,3,7,8,0,0,3,1,5,4,2,4,4,4,3,0,3,2,5,7,5,5,9,5,1,8,8,3,8,4,3,5,3,2,0,1,6,8,1,6,1,7,2,7,0,5,6,9,2,1,9,8,8,1,5,8,0,8,3,8,0,9,3,4,7,1,8,8,6,7,5,3,2,6,0,7,7,7,5,9,2,4,3,3,6,1,4,9,8,3,5,2,7,1,3,6,5,5,7,4,2,9,4,0,7,5,3,8,2,7,1,0,5,2,5,4,8,2,9,7,9,3,1,4,8,6,2,9,3,7,8,5,1,2,0,3,5,5,4,6,0,2,7,5,0,2,0,1,9,3,6,7,1,8,3,0,0,9,1,1,4,3,8,5,0,9,6,1,6,7,8,3,4,6,2,8,1,5,0,5,2,9,2,4,9,3,1,4,7,4,1,6,8,3,9,3,9,6,9,6,5,1,0];[4,6,12,0,13,0,4,0,10,3,6,14,10,1,4,14,10,8,6,1,11,6,4,9,2,5,10,11,6,10,11,2,14,6,7,1,10,1,10,3,4,12,10,13,2,13,9,9,12,4,8,8,9,12,4,5,4,7,0,5,7,4,7,3,10,10,3,13,1,13,9,12,3,0,3,4,1,14,6,12,5,5,4,5,5,11,4,6,7,10,8,8,1,12,12,13,11,3,5,12,8,9,4,11,14,13,4,1,9,7,6,8,11,9,11,13,7,11,12,10,5,8,1,7,2,0,8,0,10,14,2,9,9,7,0,5,8,1,8,11,7,8,3,1,11,3,12,1,14,14,8,14,9,12,0,12,8,7,5,11,9,1,0,4,12,1,0,1,10,10,6,14,0,10,3,6,2,10,3,11,2,3,4,0,9,9,14,7,5,8,13,5,6,2,8,13,13,4,13,13,8,5,2,10,3,10,5,5,9,5,7,13,2,3,2,8,2,6,11,3,2,13,9,5,4,7,11,3,0,9,7,13,13,8,2,7,8,11,12,8,0,10,6,10,6,3,5,2,8,10,14,1,7,12,2,1,9,3,2,2,14,8,13,10,4,0,12,3,9,13,14,14,3,11,13,1,4,3,5,3,0,1,11,6,4,8,7,9,0,0,13,12,5,14,10,5,0,2,4,6];[[0.5198238265685563,5.198238265685563,1.0],[0.9583988744400509,9.583988744400509,1.0],[0.3402956357666065,3.402956357666065,1.0],[0.7081849781179302,7.081849781179303,1.0],[0.9252189405445452,9.252189405445453,1.0],[0.05032666735654623,0.5032666735654623,1.0],[0.6613275461751585,6.613275461751585,1.0],[0.82711411373077,8.271141137307701,1.0],[0.8734961127808921,8.734961127808921,1.0],[0.5913019030238962,5.913019030238962,1.0],[0.11264722490163037,1.1264722490163037,1.0],[0.34477784983246407,3.4477784983246407,1.0],[0.011377599382669468,0.11377599382669468,1.0],[0.7909742881977946,7.909742881977946,1.0],[0.3277964015146908,3.277964015146908,1.0]]
2c_Hurink_rdata_38_workers.fjs;4438.004667751098;616520;[238,319,780,1064,1357,1467,1556,1563,1656,2022,289,372,595,1091,1179,1267,1357,1463,2063,2080,0,140,206,476,752,977,1179,1267,1562,1758,130,186,379,452,578,624,876,1068,1795,1907,75,204,421,509,1072,1110,1308,1509,1603,1877,0,86,119,232,741,973,1213,1298,1382,1603,45,140,241,318,323,902,1490,1557,1807,1925,543,683,690,731,903,974,1241,1267,1817,1896,128,186,239,801,1008,1223,1563,1694,1980,2064,0,548,623,690,1353,1464,1505,1603,1799,1972,406,811,902,910,996,1380,1509,1573,1820,1938,163,639,662,907,966,1008,1088,1338,1603,1849,224,669,741,815,907,1032,1265,1611,1795,1890,86,180,241,461,742,816,846,1661,1702,1909,99,198,279,372,452,1008,1097,1446,1694,1918,0,78,298,1060,1105,1223,1254,1330,1382,1557,232,355,406,496,641,1133,1180,1241,1298,1449,331,497,548,760,791,1029,1099,1308,1612,1758,0,272,489,566,654,742,815,1022,1068,1662,421,434,641,811,883,1105,1197,1223,1473,1741,119,429,458,624,683,742,1213,1525,1963,1982,257,289,815,1382,1434,1522,1641,1693,1883,1925,45,96,434,489,578,623,1289,1378,1817,1871,137,241,318,413,630,952,1137,1562,1685,1766,0,14,112,163,289,449,509,708,1652,1702,0,85,179,422,586,791,1127,1434,1463,1685,140,429,447,496,566,595,709,966,1067,1871,0,499,689,815,935,1434,1659,1766,1807,1972,0,45,249,451,465,611,1182,1331,1688,1758,139,318,641,730,885,1045,1091,1179,1473,1814];[0,2,2,5,9,7,8,6,1,4,2,4,1,5,3,9,8,4,7,0,8,7,3,9,1,6,5,6,7,0,9,2,0,6,3,9,3,4,8,0,9,4,2,8,1,1,4,5,1,2,2,0,1,6,5,5,6,2,2,9,7,6,1,8,8,0,3,0,2,6,2,4,7,2,5,3,9,5,1,4,4,9,2,9,0,0,8,4,0,1,9,0,5,0,2,8,2,4,3,7,8,0,1,3,6,5,4,2,7,4,8,3,0,8,2,1,7,5,5,9,5,1,6,8,0,8,4,2,5,3,2,4,8,6,8,5,4,9,3,7,2,0,4,7,0,2,1,9,0,8,1,5,0,0,4,8,8,0,7,3,4,6,1,8,6,8,7,2,3,2,5,0,7,7,4,5,9,3,3,6,0,6,1,4,9,1,3,4,2,7,1,3,2,5,4,0,8,7,9,4,0,9,5,3,5,9,7,4,2,5,2,5,6,0,6,9,9,3,8,1,4,8,1,3,9,0,7,8,4,1,2,7,3,5,5,4,6,0,2,7,5,3,2,1,1,9,6,8,7,1,7,3,0,9,9,7,1,4,3,8,5,8,8,2,1,8,7,8,8,4,6,5,4,1,5,0,5,2,9,3,4,3,3,5,4,7,4,3,6,8,3,9,9,0,6,8,6,2,1,0];[10,2,14,10,10,5,2,14,3,9,12,12,10,1,7,12,9,8,8,14,10,6,13,11,11,12,13,0,9,0,4,7,9,6,3,6,14,0,9,10,11,8,7,13,2,13,8,8,3,4,5,9,9,12,9,13,10,7,0,11,3,14,5,0,0,10,3,9,1,5,8,3,4,8,3,9,1,14,11,12,1,0,7,3,12,11,1,5,12,2,8,2,1,12,7,2,11,8,3,6,11,9,6,12,9,9,2,5,8,0,5,7,4,5,2,11,9,14,12,2,3,5,0,8,10,13,5,2,13,14,7,11,1,2,13,1,10,13,3,1,5,4,8,8,9,2,12,1,8,11,4,1,10,5,8,9,3,0,14,10,11,11,7,12,6,5,14,4,8,11,12,9,0,2,7,8,0,13,7,12,9,5,1,14,13,7,13,14,3,12,0,5,2,10,4,3,11,2,10,11,7,3,10,7,0,5,5,7,2,2,6,13,11,12,6,12,10,10,3,3,2,2,1,3,13,2,5,7,14,5,11,2,3,2,3,1,4,13,6,5,12,2,6,2,6,11,10,10,6,10,7,12,8,8,4,12,2,12,3,2,3,8,0,14,11,11,4,6,6,10,14,8,10,2,7,13,4,1,10,1,0,6,4,4,7,5,12,5,13,13,13,1,1,1,0,4,10,1,1,6];[[0.18019241848515155,1.8019241848515155,1.0],[0.48736227300275514,4.873622730027551,1.0],[0.07759170039841756,0.7759170039841756,1.0],[0.5225667244081349,5.2256672440813485,1.0],[0.9196433340252647,9.196433340252646,1.0],[0.8762509611803474,8.762509611803473,1.0],[0.5029695910906639,5.029695910906638,1.0],[0.8160267976375112,8.160267976375112,1.0],[0.8059112000327816,8.059112000327817,1.0],[0.2140591090540045,2.140591090540045,1.0],[0.08805821114486456,0.8805821114486456,1.0],[0.20329737064426556,2.0329737064426556,1.0],[0.5837360924329463,5.837360924329463,1.0],[0.6737333796339059,6.737333796339059,1.0],[0.1608013027204077,1.6080130272040771,1.0]]
2c_Hurink_rdata_50_workers.fjs;12599.331889483923;4534730;[1970,3506,5117,5450,0,1858,4404,5129,0,1315,2871,3651,0,335,4206,4815,657,1337,2607,2947,11,1192,1615,3183,1291,3160,3721,3851,335,1450,3427,3851,323,1605,2466,3292,1896,3894,5450,5770,435,968,2667,4422,951,2335,3313,4446,11,1139,3506,4929];[0,1,2,3,0,1,2,1,2,0,0,1,3,1,2,0,0,1,0,3,2,1,2,1,0,1,0,3,3,0,1,0,0,3,3,3,2,1,2,0,0,1,2,1,2,1,2,3,1,3,0,3];[5,2,2,5,4,4,2,4,1,4,2,2,5,1,2,3,4,0,5,5,2,3,5,0,2,4,1,1,3,2,1,5,0,3,0,5,1,3,1,3,0,2,1,0,5,4,4,1,1,1,3,1];[[0.7773566427005639,7.7735664270056395,1.0],[0.6698255595592497,6.698255595592498,1.0],[0.09913960392481702,0.9913960392481702,1.0],[0.35297051119014544,3.529705111901454,1.0],[0.4679077429008419,4.679077429008419,1.0],[0.5346837414708775,5.346837414708775,1.0]]
2c_Hurink_rdata_50_workers.fjs;12906.783378304606;2669140;[435,3582,3735,4983,0,435,4266,5101,1255,1468,5085,5761,0,3367,4068,4268,1768,2582,3103,3367,335,2426,3453,4780,1741,2560,3035,3681,1268,3103,4242,5085,323,797,2566,4230,0,2402,3913,5399,1682,2082,3735,4394,1039,1741,2560,5624,0,999,1882,2082];[0,1,2,3,0,1,2,1,3,1,2,1,3,0,2,0,0,1,0,3,3,3,2,3,0,1,3,3,3,1,0,0,0,2,3,3,2,0,0,3,2,2,1,1,0,1,2,3,1,1,2,3];[3,0,2,5,4,0,2,4,3,4,0,5,5,3,2,0,4,0,5,1,4,3,5,3,1,2,2,4,3,0,0,2,0,1,1,5,2,5,3,3,0,5,1,4,2,2,4,1,1,0,0,1];[[0.7966509679599704,7.966509679599704,1.0],[0.05862623274803458,0.5862623274803458,1.0],[0.7602397739740907,7.602397739740907,1.0],[0.8627037401845356,8.627037401845355,1.0],[0.09127403464611428,0.9127403464611428,1.0],[0.9024924365975527,9.024924365975528,1.0]]
2c_Hurink_rdata_50_workers.fjs;13300.292361788051;2006550;[722,2992,3185,3503,1326,1667,2986,5573,0,993,2338,5339,2825,3649,4632,5339,104,1146,3649,4852,1462,2693,3699,4232,2143,2969,3030,5166,13,1667,3145,4302,0,104,993,4302,691,2167,2701,3393,1649,3393,3986,4632,0,2144,4828,5761,1843,2227,3185,3926];[0,1,3,3,0,1,2,1,3,1,2,1,3,1,2,0,0,1,0,3,2,3,2,1,0,1,0,3,3,3,1,0,0,1,3,3,2,0,0,0,0,1,2,1,2,1,2,3,0,3,0,3];[3,0,4,0,4,4,2,5,3,4,0,5,5,5,1,0,3,0,4,1,3,5,3,4,2,4,4,1,5,0,0,2,2,0,5,5,1,2,3,5,2,1,1,0,4,4,4,1,5,1,1,2];[[0.5209484070219088,5.209484070219088,1.0],[0.42125020101147315,4.212502010114731,1.0],[0.22094517308324657,2.2094517308324657,1.0],[0.13033708391670573,1.3033708391670573,1.0],[0.48395776843282956,4.839577684328296,1.0],[0.6260889663051598,6.260889663051597,1.0]]
2c_Hurink_rdata_50_workers.fjs;13217.18931496226;3077360;[1099,1774,2274,2690,776,1297,4866,5579,117,2471,2638,4330,1270,1925,2821,3260,130,776,4161,5245,1590,2558,3017,5203,2611,3093,4713,5559,0,3851,4425,4449,0,771,3106,3575,0,3115,4607,4968,1703,3626,4207,5429,1610,2274,3314,4207,0,804,2596,4866];[0,1,2,3,0,1,2,0,0,0,0,1,3,0,2,0,0,1,0,3,3,3,2,1,0,1,3,3,3,1,0,0,0,2,3,3,2,1,1,1,0,1,2,1,2,1,2,3,1,3,2,3];[3,3,4,5,4,4,2,2,5,3,0,4,1,3,1,5,0,0,5,1,1,5,4,4,1,2,2,1,3,0,5,5,5,2,1,1,1,2,0,1,0,0,3,4,5,2,4,2,4,1,4,3];[[0.49734142093980327,4.973414209398033,1.0],[0.35999045686025677,3.5999045686025677,1.0],[0.7220617567237175,7.220617567237175,1.0],[0.44672126724761885,4.4672126724761885,1.0],[0.4533596515962979,4.533596515962978,1.0],[0.025925678678183073,0.25925678678183073,1.0]]
2c_Hurink_rdata_50_workers.fjs;12880.112147426964;4710250;[1787,3906,4982,5514,1464,2723,3360,4688,0,11,968,2467,3007,4055,4784,5265,830,2723,3366,4126,0,968,1938,2467,104,298,1594,1904,1100,2487,3630,4055,0,790,3648,4964,154,3214,3717,5054,1748,3717,4073,5398,128,1679,2467,4444,0,321,2215,3269];[0,1,2,3,0,3,2,1,2,2,2,1,0,1,2,0,0,1,0,3,3,3,2,3,0,1,2,3,3,0,0,0,0,1,3,3,2,1,0,0,2,1,2,1,0,1,2,3,1,1,2,3];[1,3,2,5,4,0,2,1,3,0,1,0,5,1,2,0,4,3,5,2,1,5,0,5,3,4,2,4,3,2,0,3,2,0,5,5,5,1,0,3,2,1,4,4,2,5,4,5,4,0,2,3];[[0.4211249061401,4.211249061401,1.0],[0.9761073344853062,9.761073344853061,1.0],[0.6132800246752349,6.132800246752349,1.0],[0.6930423279788359,6.930423279788359,1.0],[0.5088628354481554,5.088628354481553,1.0],[0.18781156668551158,1.8781156668551158,1.0]]
2c_Hurink_rdata_50_workers.fjs;12993.973618142365;4355000;[112,1169,1474,4121,773,1124,2008,4455,0,2129,3636,4537,804,2882,4284,4855,2264,3518,4156,4537,1124,3150,4480,4771,749,1314,1999,2632,0,3636,4156,5157,0,280,2163,3227,13,2293,2804,4997,1796,3294,4757,5437,810,1474,2743,5666,0,1634,3428,3777];[0,1,2,3,0,3,2,0,2,0,2,1,3,0,2,3,0,1,0,3,0,1,2,1,0,1,0,3,3,0,1,0,0,1,3,3,2,1,1,1,2,1,2,1,2,1,2,3,1,3,0,3];[5,2,4,5,4,3,5,3,4,4,0,5,1,3,1,5,3,3,4,2,1,2,0,4,4,4,1,1,3,2,3,2,0,0,1,5,2,2,5,1,4,2,0,0,5,2,4,1,1,3,1,1];[[0.4831103964860096,4.831103964860096,1.0],[0.9021829992468611,9.02182999246861,1.0],[0.5374571935128641,5.374571935128642,1.0],[0.8761340971511191,8.761340971511192,1.0],[0.573156942708234,5.7315694270823405,1.0],[0.994523847851402,9.945238478514021,1.0]]
2c_Hurink_rdata_50_workers.fjs;13283.965231858272;3368380;[0,903,1288,2597,3108,3990,4481,5214,0,1109,1288,3475,0,320,3088,3431,2490,4693,5247,5796,320,1606,1914,4467,2466,3709,4291,5247,1566,3020,3732,5194,1454,1742,3286,4697,604,1867,2378,3755,702,910,3801,4481,11,1048,2195,4177,2724,3004,3580,3801];[0,1,3,3,0,1,2,1,2,2,2,1,3,1,2,0,0,1,2,3,3,3,2,1,0,1,0,3,0,3,1,0,0,3,2,3,0,1,1,1,2,2,2,0,2,1,2,3,1,1,3,3];[3,2,4,0,4,4,2,3,0,5,1,5,1,5,2,3,3,0,5,1,1,4,5,4,2,4,1,4,3,0,1,2,0,0,2,5,0,2,5,1,3,5,0,1,4,2,4,5,1,5,0,2];[[0.34661995661142697,3.4661995661142697,1.0],[0.2286410960833074,2.286410960833074,1.0],[0.012392470279078194,0.12392470279078194,1.0],[0.9308270259025113,9.308270259025113,1.0],[0.3225145761620236,3.225145761620236,1.0],[0.0006954578022455582,0.006954578022455582,1.0]]
2c_Hurink_rdata_50_workers.fjs;13658.342119993706;3741470;[1045,1649,2954,4134,0,4394,4881,5594,1673,3276,5594,6254,968,3883,4487,4881,427,1045,1794,3612,0,1303,1503,1962,1649,1794,1816,2205,1673,2539,3075,4580,323,664,2050,3058,3058,3883,4487,5782,2565,2755,3100,4881,0,2287,3419,5881,0,1816,3926,5502];[0,1,2,3,0,1,2,1,3,2,2,1,3,0,2,0,0,1,2,3,3,3,2,3,0,1,3,3,0,0,1,3,0,2,2,3,0,1,0,0,2,2,1,1,2,1,2,3,1,1,3,3];[3,2,4,3,4,5,2,4,3,0,1,2,5,0,2,5,3,1,2,1,1,0,0,0,3,3,3,4,1,1,3,0,2,2,2,1,2,2,4,2,2,2,5,4,5,5,4,5,3,5,3,3];[[0.8559393885152179,8.55939388515218,1.0],[0.8004839408308784,8.004839408308783,1.0],[0.5938433496209707,5.938433496209708,1.0],[0.8870093324131678,8.870093324131679,1.0],[0.741558169706834,7.4155816970683395,1.0],[0.8097670389513107,8.097670389513107,1.0]]
2c_Hurink_rdata_50_workers.fjs;13388.413438187743;733900;[2703,3628,3777,4095,691,1502,1979,4629,1014,1829,5013,5639,0,320,1631,3307,1877,3777,4757,5546,691,2490,4452,5383,104,332,355,3083,909,2179,4208,4268,0,2739,4518,4996,1027,1979,4268,5873,128,3607,3806,5267,0,691,2714,5864,0,1713,2495,2739];[0,1,3,3,0,1,2,1,0,2,2,1,3,3,2,0,0,1,2,3,2,1,2,1,0,1,0,3,3,3,0,0,0,1,3,3,0,1,1,1,0,2,2,0,2,1,2,3,1,3,0,3];[3,3,4,0,4,4,5,0,5,5,1,5,1,5,2,5,3,3,2,2,2,4,1,4,2,1,1,1,3,0,2,3,2,0,5,5,0,2,4,1,2,2,1,3,4,1,4,2,0,1,1,1];[[0.5198238265685563,5.198238265685563,1.0],[0.9583988744400509,9.583988744400509,1.0],[0.3402956357666065,3.402956357666065,1.0],[0.7081849781179302,7.081849781179303,1.0],[0.9252189405445452,9.252189405445453,1.0],[0.05032666735654623,0.5032666735654623,1.0]]
2c_Hurink_rdata_50_workers.fjs;12703.251352375508;3191330;[1707,2342,2858,3758,24,378,3478,5262,0,1069,2477,4958,1209,3176,4191,4402,451,2491,4389,5100,923,2198,2676,4482,0,24,1577,2309,0,1719,3162,3188,347,784,2963,4174,13,855,1358,4723,1623,2477,3823,5192,1813,3012,4645,5538,46,1843,4187,4724];[0,1,3,3,0,1,2,0,2,0,0,1,0,3,2,0,0,1,2,3,3,1,2,1,0,1,0,3,3,1,0,0,0,2,2,3,2,1,1,1,2,2,1,1,2,1,2,3,1,3,0,3];[3,3,4,5,4,4,2,2,4,3,5,5,3,4,2,3,3,0,2,1,4,2,3,1,2,3,1,4,5,0,0,3,2,2,2,5,1,1,0,1,2,2,1,0,5,1,4,1,0,1,0,2];[[0.18019241848515155,1.8019241848515155,1.0],[0.48736227300275514,4.873622730027551,1.0],[0.07759170039841756,0.7759170039841756,1.0],[0.5225667244081349,5.2256672440813485,1.0],[0.9196433340252647,9.196433340252646,1.0],[0.8762509611803474,8.762509611803473,1.0]]
2d_Hurink_vdata_18_workers.fjs;2414.573316338396;158160;[0,7,136,596,833,0,80,114,293,880,173,479,540,950,1002,114,398,762,839,862,504,631,840,1071,1095,249,373,700,912,975,336,407,912,1054,1130,48,201,259,662,1019,0,54,211,587,1002,40,283,630,833,889,78,540,850,980,1073,209,365,669,946,969,253,425,616,717,877,7,259,347,373,825,152,347,540,862,1095,20,124,449,709,955,0,404,501,989,1073,570,616,709,785,833,0,125,446,775,862,214,416,457,524,775];[0,2,3,3,4,3,3,1,1,2,1,1,0,1,0,3,4,3,0,4,2,3,2,3,2,4,2,2,0,2,4,3,3,2,0,2,0,2,2,1,4,4,3,2,1,3,0,4,2,2,0,1,4,4,0,2,0,3,0,4,0,2,1,1,4,0,3,2,1,3,4,3,3,1,3,1,2,0,0,0,2,2,3,3,4,1,0,4,2,1,1,0,3,0,0,1,0,4,4,4];[5,6,2,3,5,4,1,1,5,2,4,2,5,6,3,5,2,2,0,5,3,4,6,0,1,0,5,5,4,5,6,5,2,5,5,2,1,2,3,6,3,4,2,6,6,5,4,1,1,1,3,0,1,0,4,6,3,4,3,0,6,4,2,1,5,1,1,1,1,4,3,0,2,0,0,0,0,0,3,3,1,4,0,2,3,1,0,6,5,3,2,6,3,6,3,5,0,6,4,0];[[0.7773566427005639,7.7735664270056395,1.0],[0.6698255595592497,6.698255595592498,1.0],[0.09913960392481702,0.9913960392481702,1.0],[0.35297051119014544,3.529705111901454,1.0],[0.4679077429008419,4.679077429008419,1.0],[0.5346837414708775,5.346837414708775,1.0],[0.9783090609123973,9.783090609123974,1.0]]
2d_Hurink_vdata_18_workers.fjs;2511.1698596378938;316680;[30,471,560,717,808,138,261,354,640,990,178,405,474,679,731,0,731,913,983,1112,142,474,549,695,1017,88,896,927,1052,1083,122,222,261,511,621,0,84,342,422,549,178,261,459,825,1076,295,538,835,896,904,181,652,718,726,808,512,642,896,983,1043,0,739,881,992,1092,0,464,808,982,1081,231,400,586,791,999,261,354,439,507,835,22,138,629,754,1057,0,43,343,541,592,66,181,640,1081,1155,43,228,336,642,872];[0,2,3,3,2,3,3,0,4,2,3,0,4,1,0,3,1,3,0,4,2,0,2,3,4,4,4,4,2,2,1,3,4,0,0,2,2,1,1,1,4,0,3,2,1,3,0,4,2,2,0,1,4,4,0,2,0,0,3,2,0,2,1,3,1,4,1,4,1,0,2,3,4,1,2,1,2,4,3,3,3,0,0,3,4,1,0,4,4,2,4,1,3,3,3,1,0,3,2,3];[5,6,0,2,5,4,1,1,0,2,0,5,5,6,1,5,3,5,0,2,2,4,1,3,3,0,4,3,0,5,3,5,2,1,2,0,1,3,1,6,4,0,2,5,1,6,4,0,6,1,3,4,4,0,1,6,2,0,4,0,6,6,2,4,0,2,0,0,6,4,4,2,3,2,5,3,0,6,3,6,1,5,5,4,3,4,4,6,2,2,6,6,3,6,3,5,0,5,5,3];[[0.7966509679599704,7.966509679599704,1.0],[0.05862623274803458,0.5862623274803458,1.0],[0.7602397739740907,7.602397739740907,1.0],[0.8627037401845356,8.627037401845355,1.0],[0.09127403464611428,0.9127403464611428,1.0],[0.9024924365975527,9.024924365975528,1.0],[0.7858960565941281,7.858960565941281,1.0]]
2d_Hurink_vdata_18_workers.fjs;2474.8544687875574;4781290;[115,439,509,730,769,42,81,420,804,1075,135,195,370,769,942,207,273,420,686,1133,208,383,618,827,1123,0,494,658,920,1049,144,470,645,951,1013,0,81,273,523,877,87,223,343,554,629,261,482,584,786,834,121,168,228,657,1100,76,168,480,645,1120,0,291,657,882,984,317,391,629,730,1020,735,822,877,930,1084,0,572,657,972,1021,168,577,793,1019,1100,0,184,563,834,1020,42,474,739,878,1129,81,175,332,399,969];[0,2,3,3,2,3,0,1,4,2,3,1,2,3,0,4,4,0,0,1,2,0,1,3,2,4,4,1,2,1,4,3,3,2,0,2,3,3,4,3,4,0,3,1,0,1,0,3,2,2,0,1,4,4,0,2,0,2,0,4,0,2,2,4,2,0,3,4,0,4,1,1,1,1,2,1,2,0,3,0,2,0,2,3,3,3,3,4,0,1,0,1,4,0,4,1,2,4,4,4];[3,6,2,4,5,1,1,4,0,0,2,4,1,2,3,1,2,3,4,2,3,4,4,4,6,0,6,3,0,1,0,5,1,6,0,2,2,1,6,5,5,6,2,5,6,5,1,3,4,1,3,4,5,0,4,6,5,4,6,3,6,4,2,4,5,3,0,5,1,2,3,5,2,2,6,3,0,5,4,0,3,1,4,4,0,4,2,6,3,3,4,0,6,6,3,4,3,6,2,1];[[0.5209484070219088,5.209484070219088,1.0],[0.42125020101147315,4.212502010114731,1.0],[0.22094517308324657,2.2094517308324657,1.0],[0.13033708391670573,1.3033708391670573,1.0],[0.48395776843282956,4.839577684328296,1.0],[0.6260889663051598,6.260889663051597,1.0],[0.6211218319323739,6.21121831932374,1.0]]
2d_Hurink_vdata_18_workers.fjs;2376.562079780335;330270;[191,453,505,662,757,375,418,612,680,1040,142,577,638,762,859,122,246,346,483,881,0,208,465,589,1069,145,327,353,452,961,22,197,589,854,992,0,88,306,445,488,573,671,820,942,1084,428,507,706,871,878,371,418,445,491,1048,85,122,253,362,1008,178,411,587,767,859,0,232,384,770,950,0,188,323,491,638,81,242,327,1000,1048,246,415,578,868,1041,145,770,896,962,1040,0,66,701,930,1017,162,246,683,774,1055];[3,4,2,3,2,4,0,3,2,1,3,1,4,3,0,2,1,3,0,4,2,0,2,3,2,4,2,2,0,2,1,3,0,4,0,0,3,1,1,1,4,0,3,1,1,2,0,4,2,2,0,1,4,4,0,2,0,3,0,4,0,3,2,4,1,4,4,1,0,3,3,2,4,3,1,1,2,0,0,1,3,4,3,3,4,2,1,4,4,2,1,4,3,0,4,1,0,1,2,3];[2,1,3,4,5,4,1,0,3,5,2,2,6,2,3,6,3,1,4,6,1,4,6,1,6,0,0,2,2,5,3,5,5,4,1,0,2,5,5,5,6,1,2,0,5,3,4,0,1,5,3,4,4,0,4,6,4,4,3,3,6,0,3,4,0,2,2,0,6,2,4,3,6,1,2,3,0,3,4,0,1,6,0,2,3,5,1,6,3,1,5,5,4,1,3,1,5,2,5,2];[[0.49734142093980327,4.973414209398033,1.0],[0.35999045686025677,3.5999045686025677,1.0],[0.7220617567237175,7.220617567237175,1.0],[0.44672126724761885,4.4672126724761885,1.0],[0.4533596515962979,4.533596515962978,1.0],[0.025925678678183073,0.25925678678183073,1.0],[0.33490089376309407,3.3490089376309404,1.0]]
2d_Hurink_vdata_18_workers.fjs;2524.7143106741105;764530;[160,275,363,442,495,22,235,594,889,1023,0,564,736,813,918,269,504,856,966,1108,114,235,320,481,856,123,236,267,797,989,62,121,193,594,1108,160,434,512,1025,1071,419,578,841,1020,1116,76,344,736,813,937,0,76,121,943,1132,198,289,507,627,1031,627,657,752,856,1087,348,644,795,929,1087,267,569,644,728,892,0,316,401,676,1071,0,213,830,992,1124,275,414,512,892,1042,0,47,355,507,723,106,235,434,657,752];[3,2,3,3,4,4,0,3,3,1,3,1,2,1,0,0,1,0,3,4,2,3,3,3,2,0,4,1,3,0,4,3,1,2,0,4,2,3,4,1,4,4,3,2,0,3,1,3,2,2,0,1,4,4,0,2,0,2,1,1,0,2,0,4,2,0,1,4,1,3,4,0,3,1,1,1,2,2,4,0,2,0,3,3,4,3,0,4,2,1,4,0,4,0,4,1,2,1,0,4];[3,6,4,6,5,4,1,0,1,5,0,2,2,1,3,0,3,3,1,2,2,6,5,2,5,1,4,3,3,2,3,5,0,5,3,5,5,5,6,5,3,4,2,1,6,2,6,3,0,5,3,5,4,0,4,6,1,0,3,3,6,3,5,4,0,3,0,6,6,1,4,3,2,1,5,2,0,2,4,2,1,1,0,4,3,2,0,6,2,3,6,6,1,1,4,0,2,1,5,4];[[0.4211249061401,4.211249061401,1.0],[0.9761073344853062,9.761073344853061,1.0],[0.6132800246752349,6.132800246752349,1.0],[0.6930423279788359,6.930423279788359,1.0],[0.5088628354481554,5.088628354481553,1.0],[0.18781156668551158,1.8781156668551158,1.0],[0.830121874145001,8.301218741450011,1.0]]
2d_Hurink_vdata_18_workers.fjs;2430.854577535035;4758420;[359,365,442,517,895,88,162,272,554,1139,0,79,534,675,897,7,327,742,903,955,0,175,863,929,1094,88,264,462,1030,1068,394,631,727,804,889,491,594,727,809,897,175,296,394,670,1094,215,264,984,1059,1068,48,140,483,648,832,175,215,631,1110,1128,145,290,366,470,803,470,557,730,803,971,0,88,539,730,1000,387,912,997,1064,1112,0,95,470,594,809,27,196,290,757,847,167,187,647,1000,1128,0,128,229,895,1048];[0,2,3,3,2,2,3,1,3,1,0,1,0,1,0,3,1,3,3,3,2,0,3,3,4,4,2,1,2,2,4,3,1,0,0,2,2,0,2,1,4,4,3,3,1,2,0,4,2,3,0,1,2,4,0,2,0,0,1,1,0,3,0,4,4,0,4,4,1,3,4,3,1,2,1,1,2,2,0,0,3,0,2,1,3,3,3,2,4,2,1,1,2,0,4,1,2,4,4,4];[1,6,2,2,5,4,1,3,1,2,0,2,5,4,4,1,3,1,2,3,6,5,2,2,2,0,0,3,2,5,3,5,2,2,0,0,3,4,3,6,3,4,2,5,1,5,1,1,0,0,3,4,1,0,4,6,0,1,3,2,6,0,5,4,5,6,2,3,6,5,4,6,3,0,3,0,0,2,4,1,1,1,5,4,0,1,2,2,3,3,2,4,6,6,3,5,1,6,1,1];[[0.4831103964860096,4.831103964860096,1.0],[0.9021829992468611,9.02182999246861,1.0],[0.5374571935128641,5.374571935128642,1.0],[0.8761340971511191,8.761340971511192,1.0],[0.573156942708234,5.7315694270823405,1.0],[0.994523847851402,9.945238478514021,1.0],[0.3574465703190305,3.574465703190305,1.0]]
2d_Hurink_vdata_18_workers.fjs;2566.820540734808;857180;[43,186,264,727,1149,0,252,373,802,967,0,252,318,884,942,49,318,606,702,776,48,159,468,676,718,223,493,659,773,888,310,567,606,745,1112,20,417,517,676,976,373,430,762,810,1163,223,378,522,591,810,229,514,717,977,1059,622,810,888,980,1163,276,341,470,754,884,0,71,942,1017,1113,97,287,745,1065,1172,147,591,702,841,1120,218,225,306,541,659,0,43,159,725,980,0,71,430,493,1116,135,218,586,1008,1149];[2,4,2,3,1,1,3,3,1,1,3,1,0,3,0,3,1,3,3,2,2,3,1,3,4,4,4,1,0,4,4,3,0,0,0,4,2,0,2,1,4,0,3,2,0,2,1,4,0,3,0,1,2,4,3,1,0,2,3,2,0,2,2,4,1,0,3,3,0,3,4,3,1,1,2,0,2,0,4,0,1,1,0,1,4,2,1,2,2,2,4,0,4,3,4,1,3,4,2,4];[6,2,1,3,0,4,2,2,6,0,2,4,4,2,1,4,3,5,3,6,5,4,5,2,4,0,1,6,3,6,2,5,1,6,0,0,3,0,5,5,5,2,2,5,3,5,6,1,3,0,3,4,0,0,4,4,2,4,2,6,6,0,3,4,0,1,1,3,2,5,0,5,0,1,2,6,0,2,4,6,3,2,6,4,4,5,3,1,1,4,3,6,4,6,3,3,4,6,3,1];[[0.34661995661142697,3.4661995661142697,1.0],[0.2286410960833074,2.286410960833074,1.0],[0.012392470279078194,0.12392470279078194,1.0],[0.9308270259025113,9.308270259025113,1.0],[0.3225145761620236,3.225145761620236,1.0],[0.0006954578022455582,0.006954578022455582,1.0],[0.2097170717940725,2.097170717940725,1.0]]
2d_Hurink_vdata_18_workers.fjs;2504.4184827813274;114690;[0,285,598,716,1060,6,118,442,571,1031,330,384,983,1060,1115,443,462,653,861,1039,442,526,749,979,1115,47,285,549,1053,1086,152,396,749,833,943,571,655,711,887,936,134,187,348,526,927,0,118,211,272,906,786,887,917,951,1052,526,731,793,897,925,0,272,348,462,639,41,492,675,793,951,47,272,330,897,1003,30,136,221,394,1086,85,373,448,566,731,0,92,221,459,701,285,304,655,826,927,0,316,390,786,1053];[2,4,1,3,2,2,3,3,3,1,0,4,2,3,0,4,1,3,0,1,2,0,1,3,4,4,2,4,1,2,3,3,3,0,0,2,0,2,4,1,4,4,3,1,0,4,0,3,1,3,0,1,1,4,0,2,0,2,3,1,0,3,2,4,4,3,3,1,1,0,2,0,4,2,3,0,2,0,0,1,1,0,0,0,4,3,1,2,0,1,1,1,2,3,4,1,2,1,4,4];[0,2,4,0,5,0,1,0,6,6,6,6,2,0,2,4,3,2,2,4,2,5,0,4,1,0,5,3,3,5,6,5,2,2,2,0,1,6,6,1,4,4,2,2,6,3,5,3,5,4,3,0,0,0,1,6,5,0,2,0,6,0,0,4,5,2,0,4,6,3,6,3,4,5,5,5,0,2,3,3,3,5,6,1,3,1,3,1,5,3,4,1,6,5,3,4,5,1,1,4];[[0.8559393885152179,8.55939388515218,1.0],[0.8004839408308784,8.004839408308783,1.0],[0.5938433496209707,5.938433496209708,1.0],[0.8870093324131678,8.870093324131679,1.0],[0.741558169706834,7.4155816970683395,1.0],[0.8097670389513107,8.097670389513107,1.0],[0.2247324103169328,2.247324103169328,1.0]]
2d_Hurink_vdata_18_workers.fjs;2593.796409420078;2186040;[536,647,765,938,1053,92,292,462,891,987,0,553,985,1053,1114,57,144,253,313,972,228,336,542,971,1073,504,597,688,765,794,164,253,326,647,1072,57,427,1000,1072,1114,0,77,411,459,763,49,171,253,417,968,30,223,455,695,993,311,376,553,1080,1192,0,348,459,898,1113,78,336,424,878,1111,77,253,844,997,1113,0,143,455,619,780,175,482,597,674,878,134,614,777,843,1085,427,485,688,938,1185,376,585,626,794,1156];[3,2,3,3,4,3,3,1,2,1,3,1,4,3,0,4,4,0,0,1,2,0,3,3,4,0,4,2,2,1,1,3,3,0,0,2,0,0,2,1,4,0,3,3,0,3,0,4,2,2,0,1,1,4,3,2,0,2,0,2,0,2,2,4,2,4,4,2,1,4,1,1,4,1,3,1,2,4,3,0,3,0,0,0,3,3,1,4,0,1,4,4,3,0,0,1,3,4,2,3];[3,6,4,0,6,3,1,3,3,2,2,2,6,2,3,1,2,0,0,2,3,5,6,3,4,0,6,4,2,1,3,5,1,1,1,5,4,3,5,6,5,6,2,6,3,0,4,4,1,5,3,5,1,0,4,6,3,1,6,0,6,6,2,4,4,2,0,6,6,2,4,2,4,0,5,4,0,5,0,0,1,1,5,2,1,1,3,6,0,3,3,5,6,1,3,5,4,5,5,1];[[0.5198238265685563,5.198238265685563,1.0],[0.9583988744400509,9.583988744400509,1.0],[0.3402956357666065,3.402956357666065,1.0],[0.7081849781179302,7.081849781179303,1.0],[0.9252189405445452,9.252189405445453,1.0],[0.05032666735654623,0.5032666735654623,1.0],[0.6613275461751585,6.613275461751585,1.0]]
2d_Hurink_vdata_18_workers.fjs;2464.3755282163997;284890;[175,859,1030,1107,1144,0,42,76,712,1006,0,92,152,346,703,587,783,843,1067,1144,92,252,355,417,1057,292,515,859,936,967,194,314,546,678,810,0,377,586,822,935,0,168,266,513,993,59,548,712,818,919,45,426,505,740,860,0,537,606,694,1106,222,279,403,533,1015,102,169,398,453,1057,253,355,426,625,822,116,194,480,631,774,162,266,429,443,896,740,843,936,1009,1115,289,660,789,993,1091,37,126,353,442,1115];[2,4,1,3,1,3,3,3,2,2,0,0,0,1,0,2,1,0,3,3,2,0,2,3,4,0,4,2,0,4,1,3,4,4,0,2,0,0,4,1,4,4,3,2,0,4,1,3,0,3,0,1,2,4,3,1,0,2,0,2,0,2,2,3,2,4,3,1,1,0,1,4,4,3,3,1,2,4,4,0,3,4,0,3,4,1,1,2,0,2,4,1,2,3,4,1,3,3,0,4];[0,2,4,2,4,3,4,0,1,2,1,4,5,6,2,4,3,5,1,0,3,5,2,2,2,4,3,4,5,5,3,5,3,4,2,2,1,0,4,1,6,4,2,4,0,1,6,3,1,0,3,4,0,0,6,4,0,2,6,0,6,0,6,1,0,2,2,3,2,5,1,0,3,1,0,6,0,3,4,5,1,4,5,1,2,4,3,4,3,3,3,0,6,6,3,5,1,5,5,1];[[0.18019241848515155,1.8019241848515155,1.0],[0.48736227300275514,4.873622730027551,1.0],[0.07759170039841756,0.7759170039841756,1.0],[0.5225667244081349,5.2256672440813485,1.0],[0.9196433340252647,9.196433340252646,1.0],[0.8762509611803474,8.762509611803473,1.0],[0.5029695910906639,5.029695910906638,1.0]]
2d_Hurink_vdata_30_workers.fjs;2839.1016440619514;1237520;[81,218,267,369,489,676,721,781,844,1137,12,94,130,223,291,489,774,970,1056,1125,0,200,310,360,692,721,753,798,1120,1200,369,709,787,921,997,1055,1120,1175,1203,1286,279,468,559,621,692,796,926,1120,1200,1243,19,97,121,457,587,637,706,753,839,1033,0,450,527,542,583,896,985,1056,1200,1243,199,361,428,515,561,844,1046,1075,1178,1216,193,250,335,428,509,683,775,922,975,1061,0,97,315,706,792,823,917,1125,1182,1268,97,220,368,554,583,809,955,1027,1175,1289,0,12,42,162,400,484,637,823,955,1046,138,262,425,516,558,650,683,722,792,844,0,39,157,281,361,465,558,575,932,1207,218,425,461,542,651,709,722,1075,1143,1255,0,94,200,279,391,519,590,651,881,1061,0,150,194,311,420,601,775,924,1074,1125,554,638,683,709,792,839,926,1008,1056,1082,0,223,361,516,705,881,1027,1171,1266,1289,79,150,157,254,331,438,751,879,1118,1202];[6,8,9,1,1,9,7,2,8,1,9,7,0,5,0,3,3,9,4,8,1,9,1,7,7,5,5,9,8,2,0,2,9,1,7,2,6,7,9,9,4,8,1,6,1,0,0,2,0,1,8,9,9,6,1,3,8,7,6,7,6,5,3,0,4,8,4,3,1,8,1,3,3,8,3,4,1,9,9,0,3,6,2,4,3,4,1,4,0,7,3,3,7,1,4,2,7,5,3,5,8,2,9,9,0,7,8,5,5,3,9,8,4,8,8,2,5,5,1,2,6,8,2,7,2,4,8,2,8,1,0,0,7,5,6,4,4,8,4,6,6,0,0,3,2,3,0,1,3,0,7,2,4,2,7,6,6,0,9,0,2,5,2,0,9,9,4,9,4,9,7,7,9,6,6,0,3,3,6,6,5,0,5,5,9,7,8,6,3,7,5,7,1,7,8,2,8,2,4,7];[12,11,11,0,3,5,6,7,3,2,8,8,4,5,14,0,6,6,4,1,10,14,9,12,13,8,6,8,8,14,2,4,3,2,13,11,6,9,9,13,7,5,2,13,3,12,13,3,7,1,5,0,0,2,8,0,2,9,12,7,3,1,10,8,10,3,3,14,5,3,12,7,3,11,7,1,1,9,1,12,6,9,5,7,7,14,0,14,9,7,13,5,8,0,11,14,5,9,13,5,14,10,1,1,11,4,1,12,4,14,5,5,10,8,13,14,7,7,2,14,13,4,10,1,9,1,2,13,1,10,6,1,7,2,8,9,14,14,8,10,6,5,4,5,11,1,4,2,5,12,7,9,0,12,12,6,4,10,4,0,14,12,5,0,6,8,7,7,6,10,12,9,1,11,2,13,0,4,13,8,2,13,14,13,5,8,10,0,7,11,11,2,3,3,6,10,2,7,12,8];[[0.7773566427005639,7.7735664270056395,1.0],[0.6698255595592497,6.698255595592498,1.0],[0.09913960392481702,0.9913960392481702,1.0],[0.35297051119014544,3.529705111901454,1.0],[0.4679077429008419,4.679077429008419,1.0],[0.5346837414708775,5.346837414708775,1.0],[0.9783090609123973,9.783090609123974,1.0],[0.13031535015865903,1.3031535015865903,1.0],[0.6712434682302663,6.712434682302662,1.0],[0.36422941594737557,3.6422941594737557,1.0],[0.48883570716198577,4.888357071619858,1.0],[0.20301221073405373,2.0301221073405373,1.0],[0.6661983755713592,6.661983755713592,1.0],[0.2276630312069321,2.276630312069321,1.0],[0.4580640582967631,4.580640582967631,1.0]]
2d_Hurink_vdata_30_workers.fjs;2884.7063572931856;340640;[99,185,329,444,523,790,1018,1056,1098,1269,42,444,596,724,962,1105,1123,1176,1268,1286,0,174,256,494,524,862,1123,1179,1267,1272,80,133,461,490,524,609,780,883,1200,1281,166,279,333,360,436,754,897,1021,1166,1213,0,318,364,528,597,609,678,780,1114,1183,133,235,423,608,711,786,840,897,1134,1286,174,689,776,838,896,981,1089,1176,1227,1251,63,175,233,754,846,862,952,1037,1114,1213,0,157,708,778,846,977,1037,1135,1183,1291,0,86,414,490,528,662,708,851,954,1148,0,13,79,431,541,608,696,995,1039,1332,0,79,153,166,250,672,943,962,1037,1116,250,300,561,757,873,962,1040,1057,1119,1170,153,224,256,338,360,412,666,954,1227,1267,79,220,330,413,470,588,666,869,927,1119,145,261,300,342,483,711,927,1122,1213,1286,0,55,99,233,318,364,444,528,708,834,185,333,414,494,588,677,711,798,851,1260,79,300,445,523,781,851,954,995,1059,1183];[7,3,1,4,1,4,7,8,3,4,1,1,0,2,1,2,9,3,8,7,1,7,9,0,2,9,2,7,9,9,5,9,5,2,8,8,3,7,2,2,4,9,2,8,1,0,0,2,2,0,5,6,7,3,8,1,2,7,0,2,5,3,1,9,8,9,0,3,7,8,1,0,0,3,2,4,5,9,3,3,3,6,2,4,9,4,6,9,6,5,2,0,7,2,5,9,6,1,8,3,3,2,5,8,0,7,3,8,5,3,4,8,1,8,9,3,5,8,1,6,6,8,4,2,1,4,0,4,5,5,4,3,7,5,1,0,3,7,8,4,8,9,0,0,2,6,6,7,9,1,6,5,4,2,9,6,5,6,9,7,9,8,4,6,7,9,7,4,6,0,0,7,9,6,7,9,3,5,4,6,8,5,0,6,4,8,1,6,1,7,0,8,7,4,8,2,8,2,4,1];[14,7,7,11,3,3,3,10,10,6,9,5,14,9,1,4,8,9,10,1,10,12,4,3,14,2,4,6,9,8,3,13,12,13,11,12,6,8,3,7,10,13,14,6,6,12,9,8,10,14,5,9,9,4,8,0,9,2,13,3,11,7,1,7,0,7,1,10,7,9,13,11,4,8,7,1,2,1,0,0,3,3,3,11,10,5,6,7,14,13,14,2,7,9,11,7,13,2,4,3,11,11,8,14,2,2,2,14,9,10,0,7,12,13,0,3,4,10,9,1,6,1,8,1,11,7,13,11,2,11,10,6,1,10,4,12,0,12,12,12,7,4,1,0,4,12,1,14,1,14,9,8,5,0,8,9,13,6,3,5,0,6,2,10,6,8,6,0,8,13,2,4,4,14,12,11,2,12,3,3,5,3,3,5,5,8,14,0,13,11,6,5,4,10,13,12,2,5,3,2];[[0.7966509679599704,7.966509679599704,1.0],[0.05862623274803458,0.5862623274803458,1.0],[0.7602397739740907,7.602397739740907,1.0],[0.8627037401845356,8.627037401845355,1.0],[0.09127403464611428,0.9127403464611428,1.0],[0.9024924365975527,9.024924365975528,1.0],[0.7858960565941281,7.858960565941281,1.0],[0.40667966546103385,4.0667966546103385,1.0],[0.37447264465852026,3.7447264465852026,1.0],[0.6490262282913547,6.490262282913547,1.0],[0.40092466608569977,4.009246660856998,1.0],[0.5721109226277574,5.721109226277575,1.0],[0.6077930620255084,6.077930620255084,1.0],[0.05072389565884072,0.5072389565884072,1.0],[0.7370880093375713,7.370880093375714,1.0]]
2d_Hurink_vdata_30_workers.fjs;2903.586194706495;265210;[107,228,280,383,793,868,911,983,1063,1118,101,192,280,400,453,578,655,746,839,1121,0,41,312,475,620,804,873,983,1071,1285,86,136,566,699,760,835,926,983,1094,1246,334,427,591,790,902,1026,1071,1117,1274,1290,35,196,223,319,387,493,580,738,1170,1236,41,136,276,572,693,1039,1121,1178,1255,1300,0,129,273,372,420,828,909,935,1174,1285,0,10,134,235,289,656,933,999,1012,1208,192,306,648,723,811,841,902,979,1026,1110,71,383,502,548,982,1046,1107,1181,1274,1355,81,94,176,314,420,564,633,742,995,1167,0,81,395,474,619,777,911,1021,1176,1282,54,124,176,334,413,502,729,926,1084,1237,0,94,147,264,512,792,850,999,1117,1178,223,473,566,739,811,931,1118,1170,1314,1353,0,150,284,413,548,648,723,729,1021,1063,0,274,337,387,473,723,804,931,1255,1282,205,289,472,554,655,794,841,933,1149,1199,0,228,235,521,580,656,702,748,775,839];[2,4,1,0,2,2,7,6,6,8,7,6,5,1,1,5,3,3,5,5,1,2,9,0,9,7,2,0,9,2,5,0,5,2,6,8,6,7,7,0,7,2,1,6,9,5,0,1,8,1,8,9,9,6,1,8,7,8,9,5,1,3,4,4,6,2,0,3,4,7,5,9,0,8,3,7,0,4,7,0,9,3,4,0,3,0,1,3,8,1,5,3,5,9,4,0,5,5,3,9,3,2,9,4,9,7,2,8,5,4,9,7,1,8,8,2,2,0,4,5,4,6,3,2,1,4,8,2,5,3,0,1,8,9,9,1,3,3,4,6,8,9,0,2,2,9,6,1,3,0,6,5,8,2,9,8,6,6,9,0,7,6,2,5,9,9,4,4,6,5,0,8,0,6,7,7,3,9,3,9,3,4,6,6,8,8,4,2,6,7,6,7,7,7,0,7,5,5,5,1];[1,3,14,0,9,9,13,7,12,7,8,13,2,7,1,3,10,11,3,2,4,12,1,11,5,7,8,3,11,13,2,6,13,0,0,13,3,5,11,13,1,12,2,14,4,12,9,3,14,7,6,9,5,4,4,13,9,13,13,5,4,2,3,1,5,14,5,9,10,14,5,9,11,8,4,12,4,11,6,11,6,11,11,2,3,6,0,4,0,6,14,12,5,1,0,4,2,10,10,0,11,14,12,11,13,4,10,7,0,7,9,3,12,3,3,4,2,4,6,14,9,7,3,1,13,5,12,7,2,6,10,12,10,9,6,8,7,6,13,1,0,0,0,10,14,7,6,2,9,12,4,2,7,9,5,8,4,0,2,8,2,14,8,9,6,8,7,14,8,5,14,13,8,5,9,8,2,12,4,8,7,6,7,10,11,4,0,9,4,1,7,11,13,0,0,3,3,2,6,7];[[0.5209484070219088,5.209484070219088,1.0],[0.42125020101147315,4.212502010114731,1.0],[0.22094517308324657,2.2094517308324657,1.0],[0.13033708391670573,1.3033708391670573,1.0],[0.48395776843282956,4.839577684328296,1.0],[0.6260889663051598,6.260889663051597,1.0],[0.6211218319323739,6.21121831932374,1.0],[0.707277595965894,7.07277595965894,1.0],[0.43539590023548325,4.3539590023548325,1.0],[0.04809800715767443,0.4809800715767443,1.0],[0.2254847064342842,2.254847064342842,1.0],[0.788548045160999,7.88548045160999,1.0],[0.42108890435006496,4.21088904350065,1.0],[0.5652029481252892,5.6520294812528915,1.0],[0.6764042610645917,6.764042610645918,1.0]]
2d_Hurink_vdata_30_workers.fjs;3058.1303071159077;704960;[39,544,765,858,946,1014,1019,1052,1088,1251,0,90,286,544,751,1130,1149,1205,1248,1336,233,364,668,1001,1102,1130,1209,1267,1355,1360,256,305,407,502,578,655,729,781,808,1086,235,382,490,591,744,781,810,1058,1134,1312,107,363,390,490,692,812,946,992,1135,1192,90,248,313,326,364,655,715,1014,1137,1184,204,294,364,530,614,695,781,925,1156,1183,108,192,313,532,668,835,992,1192,1225,1355,0,90,192,431,500,530,596,698,1275,1357,92,204,715,838,861,926,977,1047,1186,1336,0,196,390,490,544,808,926,1137,1174,1269,121,418,489,633,868,948,1052,1070,1137,1186,0,50,108,201,327,761,982,1184,1261,1308,0,305,426,808,899,951,976,1046,1266,1334,95,196,286,500,744,812,920,1019,1094,1135,14,147,203,442,512,594,861,877,1312,1364,0,121,192,433,553,614,698,780,951,1088,32,203,407,530,614,964,1174,1278,1314,1334,0,84,590,706,773,1046,1094,1135,1269,1336];[7,8,1,0,3,0,8,6,8,9,1,4,2,1,9,2,6,3,3,1,4,9,1,2,2,7,2,8,6,6,3,0,5,3,4,8,0,7,2,0,8,2,1,8,9,6,0,1,0,0,5,1,7,6,1,8,0,7,3,2,6,6,3,9,0,5,2,3,9,7,7,5,4,4,3,7,0,9,7,0,3,3,6,9,2,5,1,3,0,0,6,0,8,2,5,0,6,9,5,3,8,6,5,4,9,7,6,9,5,6,9,7,1,8,3,7,5,8,1,6,4,8,3,7,1,4,8,4,5,4,7,3,9,5,8,4,4,9,4,4,8,4,4,3,2,8,9,2,3,2,7,2,1,2,8,6,6,0,3,4,9,8,4,0,7,2,4,7,9,9,3,2,0,9,6,9,3,5,6,6,5,1,6,5,4,8,8,6,6,3,0,8,7,1,9,5,5,1,1,7];[0,0,13,14,6,5,14,1,10,4,9,13,5,5,6,9,1,13,7,12,3,9,14,7,5,6,7,14,2,2,4,6,12,4,7,11,3,5,4,2,14,5,2,2,7,3,6,0,0,7,5,1,8,6,13,3,0,9,3,5,10,9,9,3,2,2,4,11,13,2,5,8,14,9,0,12,1,1,2,14,6,12,12,11,3,12,0,3,9,8,13,12,9,1,9,14,10,8,8,3,9,6,2,8,10,8,2,12,8,11,0,6,6,5,4,0,7,5,6,1,0,11,3,12,13,5,14,9,12,11,2,1,11,11,10,2,11,0,3,5,7,4,0,5,3,2,8,5,7,9,14,1,2,7,8,9,12,13,11,2,8,2,8,13,12,14,13,7,1,7,5,13,7,10,8,4,0,10,9,9,7,0,7,13,6,4,10,0,9,4,12,5,3,10,7,8,1,14,11,0];[[0.49734142093980327,4.973414209398033,1.0],[0.35999045686025677,3.5999045686025677,1.0],[0.7220617567237175,7.220617567237175,1.0],[0.44672126724761885,4.4672126724761885,1.0],[0.4533596515962979,4.533596515962978,1.0],[0.025925678678183073,0.25925678678183073,1.0],[0.33490089376309407,3.3490089376309404,1.0],[0.4755440242737675,4.755440242737675,1.0],[0.45132356511490823,4.513235651149082,1.0],[0.08788974506102976,0.8788974506102976,1.0],[0.29509671683068217,2.9509671683068217,1.0],[0.33863234208051063,3.3863234208051063,1.0],[0.9020959027552419,9.020959027552419,1.0],[0.7173473735926632,7.173473735926632,1.0],[0.8986159167700656,8.986159167700656,1.0]]
2d_Hurink_vdata_30_workers.fjs;2819.571489703667;1848360;[299,379,476,564,742,807,1007,1079,1121,1203,0,37,85,192,250,281,574,703,905,923,214,436,597,619,715,742,809,923,1260,1265,55,267,360,517,876,908,1010,1171,1199,1282,14,111,204,229,290,706,860,967,1186,1237,85,240,281,557,718,789,976,1022,1093,1307,0,81,191,229,625,860,1022,1093,1168,1237,172,307,370,431,551,663,742,797,876,976,229,319,430,823,860,920,1079,1151,1160,1268,138,431,649,727,791,832,887,1008,1150,1230,0,95,138,191,311,500,754,920,1054,1160,0,105,112,222,564,662,730,812,1068,1170,0,85,301,629,706,820,858,887,1010,1139,0,256,307,396,476,564,647,663,745,916,43,81,145,408,667,742,923,994,1051,1168,0,192,307,381,436,500,574,605,663,1001,105,290,370,423,625,706,898,1067,1112,1212,0,160,288,503,789,837,924,1018,1160,1282,37,118,227,319,408,517,730,860,900,1112,204,291,396,564,643,767,809,898,1008,1216];[2,0,5,5,4,0,0,2,5,2,9,3,2,5,5,8,3,9,4,8,1,9,9,7,0,2,2,0,8,8,0,9,5,2,8,2,9,5,9,0,8,7,9,7,6,5,0,8,2,0,5,9,5,6,2,1,2,3,3,7,1,3,9,4,6,5,2,0,7,7,6,4,2,3,2,4,0,9,3,3,9,3,6,5,9,7,4,4,8,2,8,2,5,8,5,2,6,1,3,3,4,8,9,4,0,8,6,9,1,4,5,7,1,8,0,3,5,0,9,6,2,6,8,2,1,4,8,2,5,1,6,1,9,5,1,4,4,8,9,5,6,1,3,8,2,6,4,6,0,0,7,2,1,3,8,3,8,8,9,7,0,7,4,0,1,7,4,7,8,5,0,7,0,9,7,7,1,7,2,9,9,4,3,8,4,7,3,1,3,7,0,2,9,1,0,2,8,1,4,1];[14,13,3,9,5,5,14,7,0,0,3,6,0,5,8,11,8,13,4,3,2,14,1,0,5,7,10,4,12,7,2,0,5,13,6,2,7,6,9,6,11,2,10,14,0,6,1,3,7,6,1,4,13,4,9,1,10,9,3,5,7,10,12,10,2,5,4,4,13,14,1,3,12,1,13,14,1,9,0,2,0,7,9,3,4,6,6,5,12,0,7,4,7,12,6,7,9,1,2,11,9,7,14,14,2,6,2,12,5,9,11,2,9,13,11,3,4,14,11,1,1,6,8,1,8,0,0,8,12,10,4,3,10,2,11,5,5,0,13,7,0,3,3,0,10,14,8,13,3,14,12,6,9,9,7,1,10,3,5,9,4,5,1,13,6,11,13,1,1,13,2,11,12,0,8,12,0,6,5,3,14,13,7,11,6,4,0,13,3,14,12,2,7,6,4,7,13,14,0,10];[[0.4211249061401,4.211249061401,1.0],[0.9761073344853062,9.761073344853061,1.0],[0.6132800246752349,6.132800246752349,1.0],[0.6930423279788359,6.930423279788359,1.0],[0.5088628354481554,5.088628354481553,1.0],[0.18781156668551158,1.8781156668551158,1.0],[0.830121874145001,8.301218741450011,1.0],[0.8449241651217704,8.449241651217704,1.0],[0.20962821201639004,2.0962821201639006,1.0],[0.6505169872996391,6.505169872996391,1.0],[0.7003316191510263,7.003316191510263,1.0],[0.7150339547653067,7.150339547653068,1.0],[0.8091072451390076,8.091072451390076,1.0],[0.8451978833841938,8.451978833841938,1.0],[0.3695849781386673,3.695849781386673,1.0]]
2d_Hurink_vdata_30_workers.fjs;2815.774176967616;208660;[42,97,343,555,640,714,724,1087,1122,1177,42,82,318,601,667,785,888,1040,1192,1210,0,246,374,567,618,644,1011,1033,1156,1232,48,235,543,628,689,817,888,947,975,1069,0,84,131,157,325,383,437,1027,1110,1181,131,211,382,460,529,629,752,805,873,1232,119,206,271,332,542,665,724,930,1005,1129,0,235,483,597,651,750,842,886,1001,1219,211,674,774,873,940,956,1048,1114,1123,1255,58,219,318,359,429,555,666,842,1048,1140,0,58,95,144,167,331,436,750,1111,1272,144,233,248,343,507,801,869,1040,1176,1300,0,157,235,294,550,640,842,868,956,1222,84,157,205,294,374,470,551,714,975,1080,159,205,239,327,462,583,750,943,1111,1161,271,367,478,550,601,824,908,980,1080,1247,0,651,727,752,862,950,1123,1129,1221,1266,0,248,399,470,567,662,1025,1196,1247,1289,359,461,543,628,727,817,856,944,980,1087,81,374,436,478,546,618,785,1126,1156,1222];[3,3,1,5,4,0,7,6,6,2,1,1,3,2,0,8,4,6,7,1,1,9,9,9,0,0,8,8,1,4,0,9,7,3,1,3,3,5,7,4,4,2,2,3,9,7,0,2,2,0,1,4,4,3,7,1,2,8,0,5,5,6,4,9,4,7,4,0,1,4,8,5,0,8,2,0,5,9,3,0,1,5,4,8,9,4,1,4,8,1,6,3,5,5,5,7,9,9,9,9,6,5,9,4,0,7,8,9,7,6,9,0,1,8,8,2,5,5,6,3,7,9,2,7,1,5,0,2,8,3,4,2,7,4,6,6,6,8,5,0,8,8,0,2,2,8,6,1,3,5,6,2,1,2,9,6,6,6,5,9,9,8,2,3,7,2,4,2,8,0,0,2,9,9,6,3,3,9,2,6,0,5,3,6,1,7,1,6,3,7,8,4,1,4,0,7,5,1,3,7];[0,4,2,9,1,8,7,11,14,4,3,11,12,7,11,11,10,2,9,3,0,2,0,14,3,11,3,9,8,8,8,0,9,8,9,10,12,9,13,6,5,12,13,2,4,3,9,1,4,14,12,11,5,4,3,13,2,8,13,10,11,9,6,3,10,0,5,4,5,1,14,8,5,14,6,12,2,2,0,13,6,10,13,9,6,12,0,3,0,0,6,10,7,13,6,0,12,1,5,3,1,1,9,14,4,14,2,9,9,14,8,12,1,4,7,7,4,7,12,12,2,8,1,11,11,9,6,12,6,5,13,3,13,0,8,14,6,1,11,7,7,3,14,5,11,2,3,2,10,8,9,11,0,3,12,11,3,7,13,7,4,7,4,0,6,10,6,13,1,13,10,3,10,8,5,3,14,6,11,6,7,1,1,5,6,0,14,0,1,2,10,6,3,6,4,2,1,4,10,2];[[0.4831103964860096,4.831103964860096,1.0],[0.9021829992468611,9.02182999246861,1.0],[0.5374571935128641,5.374571935128642,1.0],[0.8761340971511191,8.761340971511192,1.0],[0.573156942708234,5.7315694270823405,1.0],[0.994523847851402,9.945238478514021,1.0],[0.3574465703190305,3.574465703190305,1.0],[0.6617299629663892,6.617299629663892,1.0],[0.4882872262788658,4.882872262788657,1.0],[0.5726412824777106,5.726412824777106,1.0],[0.32388398325139345,3.2388398325139347,1.0],[0.8072354510963532,8.072354510963532,1.0],[0.8087324055796944,8.087324055796945,1.0],[0.660852452150834,6.60852452150834,1.0],[0.5802577271631468,5.802577271631469,1.0]]
2d_Hurink_vdata_30_workers.fjs;3148.468903223242;4899720;[0,218,416,530,704,1164,1178,1285,1327,1377,226,361,422,519,621,666,966,1101,1193,1237,286,336,416,522,618,918,943,968,1053,1058,0,249,349,494,585,681,968,1024,1136,1370,0,148,197,704,836,852,994,1219,1308,1326,416,502,686,772,879,907,1179,1222,1279,1383,0,82,149,175,379,619,753,841,1078,1383,137,213,271,333,919,1064,1150,1246,1298,1377,58,164,280,470,567,585,1043,1120,1131,1219,158,470,577,681,1035,1064,1121,1200,1246,1327,0,58,101,197,224,286,336,804,1089,1433,362,375,400,509,567,636,704,768,817,1308,0,82,262,634,753,929,1138,1157,1315,1367,101,226,379,703,874,1002,1120,1246,1315,1367,0,30,137,412,430,619,943,1043,1121,1364,62,158,509,583,636,703,970,1018,1200,1239,58,137,332,361,740,817,1029,1053,1193,1239,0,275,336,427,522,804,897,1230,1340,1377,148,227,333,519,795,893,929,1018,1215,1327,271,392,530,569,675,810,852,1055,1121,1286];[7,4,1,0,8,9,6,7,6,8,8,4,5,5,5,7,4,7,8,1,4,7,9,9,0,9,4,8,9,8,3,2,9,7,8,2,5,5,3,4,0,8,1,3,1,6,0,2,4,0,7,4,7,3,2,8,4,8,8,5,1,3,3,9,8,2,2,3,1,7,7,9,6,8,3,4,4,9,3,6,8,3,3,8,8,7,3,2,0,7,6,3,5,1,4,9,5,9,0,7,8,5,8,8,0,7,2,8,6,3,9,0,4,8,9,3,5,0,9,2,4,9,2,9,1,5,8,2,5,1,5,3,3,4,6,6,3,6,9,0,6,9,4,2,2,8,9,0,9,3,6,2,1,3,4,6,6,1,5,4,7,1,4,6,9,7,4,7,1,5,5,2,0,6,6,0,0,3,4,9,5,1,5,2,4,5,1,9,6,3,9,4,7,4,9,2,5,5,1,1];[5,13,0,14,3,9,6,4,10,14,5,13,12,5,8,7,12,1,2,11,0,0,8,3,4,9,12,11,11,10,6,4,6,14,5,8,2,1,5,3,8,12,0,10,13,7,13,14,7,7,5,10,6,4,5,2,1,1,3,5,11,5,7,3,6,14,7,3,5,0,11,7,14,4,3,8,13,10,0,4,3,5,5,4,10,6,13,13,14,7,1,11,9,14,9,12,0,12,2,5,12,2,2,14,0,8,12,14,3,12,2,9,7,1,3,3,9,14,12,9,0,14,10,9,8,6,10,6,12,8,12,3,4,2,13,6,6,12,13,1,7,4,9,11,13,12,8,4,4,12,4,8,8,2,5,11,6,0,9,9,9,3,11,3,13,0,2,14,10,5,10,9,8,3,0,2,1,6,3,10,2,11,14,12,5,5,5,14,13,4,13,9,13,1,0,7,1,3,2,8];[[0.34661995661142697,3.4661995661142697,1.0],[0.2286410960833074,2.286410960833074,1.0],[0.012392470279078194,0.12392470279078194,1.0],[0.9308270259025113,9.308270259025113,1.0],[0.3225145761620236,3.225145761620236,1.0],[0.0006954578022455582,0.006954578022455582,1.0],[0.2097170717940725,2.097170717940725,1.0],[0.5179602272351016,5.179602272351016,1.0],[0.7628222106217201,7.6282221062172,1.0],[0.3089717897377221,3.089717897377221,1.0],[0.15113122452813788,1.5113122452813788,1.0],[0.07045772229012492,0.7045772229012492,1.0],[0.8725064026541692,8.725064026541693,1.0],[0.3074981421409557,3.074981421409557,1.0],[0.272859759997538,2.7285975999753798,1.0]]
2d_Hurink_vdata_30_workers.fjs;3013.7527015465926;590290;[0,235,405,562,674,1027,1072,1107,1172,1251,64,99,230,323,383,588,639,1122,1301,1319,41,267,336,409,439,500,769,1090,1225,1322,0,80,225,466,709,911,1039,1090,1167,1364,83,181,237,329,397,590,749,877,957,1158,0,439,601,722,791,803,911,960,1019,1364,155,739,807,843,945,1019,1074,1230,1305,1351,0,108,166,267,389,470,872,1112,1319,1348,111,166,237,358,416,497,604,697,976,1252,136,232,329,431,739,803,860,1032,1077,1237,0,79,122,175,198,404,470,1119,1250,1331,97,323,614,733,795,877,957,1027,1075,1393,0,523,601,708,796,884,921,1172,1230,1331,0,54,123,326,405,506,588,671,790,1230,235,450,542,622,639,791,877,947,1004,1224,405,499,590,671,722,1004,1190,1280,1348,1393,144,267,666,807,881,1032,1106,1144,1190,1335,0,55,122,266,352,506,654,1075,1200,1331,80,286,515,696,796,877,1112,1213,1252,1313,336,409,416,455,601,947,996,1074,1107,1170];[2,4,5,0,4,9,7,8,6,9,8,6,0,0,5,7,6,6,7,5,1,9,8,9,0,9,4,0,8,6,3,9,7,9,5,8,5,5,9,4,4,8,1,3,8,5,0,9,9,3,5,9,1,3,7,1,4,7,3,5,5,6,3,4,3,7,4,0,4,8,7,0,6,8,3,0,1,9,7,2,1,0,7,8,2,2,4,9,8,2,2,3,5,2,4,8,7,9,3,7,8,7,9,9,9,8,3,5,1,3,1,2,5,8,0,3,2,0,1,2,9,9,2,9,2,0,6,4,8,9,1,0,3,7,4,4,4,8,4,6,6,8,3,6,2,8,5,6,1,5,7,5,8,3,7,6,8,8,3,0,7,1,9,5,2,2,2,8,7,0,0,2,7,6,1,7,0,6,3,1,5,4,1,2,9,8,2,2,3,0,9,2,6,1,9,5,5,8,7,1];[11,11,3,0,5,4,1,1,4,2,5,3,4,11,10,2,13,9,9,3,2,9,9,14,14,10,10,7,14,2,4,6,8,1,8,1,7,12,3,3,2,12,8,3,4,7,9,4,11,0,9,9,11,4,0,0,8,9,9,12,0,5,14,12,3,12,0,4,12,7,10,1,11,6,11,12,13,5,7,6,4,7,3,9,0,13,9,8,0,0,3,7,5,8,0,1,7,11,10,12,5,13,14,9,6,1,2,11,11,6,0,4,4,1,2,3,4,1,6,14,6,11,1,9,10,12,13,9,5,11,2,12,4,14,4,6,4,10,8,1,14,6,10,7,1,13,0,13,2,8,7,14,3,14,3,6,2,5,4,6,10,2,0,5,2,4,5,12,13,13,14,0,6,1,13,4,7,3,0,14,7,8,8,12,3,8,14,6,13,0,12,13,2,0,6,10,14,2,8,10];[[0.8559393885152179,8.55939388515218,1.0],[0.8004839408308784,8.004839408308783,1.0],[0.5938433496209707,5.938433496209708,1.0],[0.8870093324131678,8.870093324131679,1.0],[0.741558169706834,7.4155816970683395,1.0],[0.8097670389513107,8.097670389513107,1.0],[0.2247324103169328,2.247324103169328,1.0],[0.9761818800633866,9.761818800633865,1.0],[0.6339038774096737,6.339038774096737,1.0],[0.5580285642552777,5.580285642552777,1.0],[0.4463526500656817,4.463526500656817,1.0],[0.28336462923826333,2.8336462923826335,1.0],[0.9019880415639555,9.019880415639555,1.0],[0.03268507148422006,0.32685071484220063,1.0],[0.4362825217209084,4.3628252172090844,1.0]]
2d_Hurink_vdata_30_workers.fjs;2974.2058331922876;997220;[96,154,198,291,379,446,492,526,720,1154,182,291,328,445,499,765,948,1041,1204,1293,340,495,636,659,835,1010,1091,1123,1204,1209,0,80,230,293,486,636,706,787,958,1099,0,96,445,575,649,706,806,1137,1218,1234,57,464,495,596,787,945,1042,1106,1167,1334,0,89,181,279,505,768,863,951,1042,1154,0,218,379,451,706,856,1007,1038,1218,1311,140,243,395,554,590,608,772,838,873,1139,0,89,186,230,311,340,564,978,1026,1286,186,249,564,608,653,716,772,843,946,1120,0,12,87,451,721,838,1026,1087,1218,1314,94,196,293,308,381,520,727,800,823,873,18,347,395,492,665,754,846,976,1234,1286,18,145,340,446,584,636,649,817,873,1087,0,131,230,368,419,906,1038,1093,1167,1203,52,596,635,663,754,873,945,1049,1099,1279,49,186,243,269,785,1028,1120,1223,1323,1350,416,518,716,951,1090,1180,1218,1311,1349,1370,298,418,526,584,656,856,916,978,1222,1293];[7,0,1,0,8,6,7,6,8,1,9,1,5,0,1,3,1,9,8,8,1,5,1,7,1,3,4,8,2,2,0,9,5,7,4,2,3,5,9,2,8,8,2,8,9,5,0,6,9,1,1,9,2,3,2,3,7,3,5,5,6,5,8,9,8,7,4,0,1,4,9,9,0,6,2,0,8,4,7,3,1,5,3,4,9,5,6,9,7,2,3,3,5,2,4,9,6,5,0,9,3,3,5,9,0,7,8,8,6,6,1,2,6,8,9,3,5,8,6,6,9,8,3,3,1,4,6,2,7,6,1,3,7,9,1,4,4,7,9,0,2,8,4,9,2,9,8,2,9,5,7,2,4,2,4,5,3,1,3,0,2,1,4,6,1,2,2,2,7,5,0,7,7,6,3,6,0,5,6,9,5,1,0,2,9,7,3,2,6,3,2,2,7,0,9,5,9,8,8,7];[5,13,2,14,4,5,11,7,3,11,8,4,10,3,1,0,12,11,10,3,3,8,3,5,7,7,11,12,13,7,3,9,1,6,10,0,12,7,9,7,0,12,14,1,1,0,1,14,8,1,10,4,2,4,1,7,9,2,9,10,4,1,5,7,0,10,6,4,13,1,11,5,14,1,7,12,3,5,5,11,10,10,0,11,12,13,3,12,0,8,1,7,9,13,3,12,10,10,2,9,11,6,9,5,10,14,13,11,8,14,7,13,2,5,2,3,4,6,14,1,0,12,1,1,13,5,5,14,4,9,13,9,7,12,4,9,0,13,13,7,10,4,8,4,3,5,8,5,4,3,12,6,8,11,11,3,3,1,3,2,6,7,14,9,6,7,4,12,13,6,14,7,1,0,8,14,10,12,13,0,2,4,11,6,4,5,4,0,13,3,2,1,13,2,6,1,5,3,10,8];[[0.5198238265685563,5.198238265685563,1.0],[0.9583988744400509,9.583988744400509,1.0],[0.3402956357666065,3.402956357666065,1.0],[0.7081849781179302,7.081849781179303,1.0],[0.9252189405445452,9.252189405445453,1.0],[0.05032666735654623,0.5032666735654623,1.0],[0.6613275461751585,6.613275461751585,1.0],[0.82711411373077,8.271141137307701,1.0],[0.8734961127808921,8.734961127808921,1.0],[0.5913019030238962,5.913019030238962,1.0],[0.11264722490163037,1.1264722490163037,1.0],[0.34477784983246407,3.4477784983246407,1.0],[0.011377599382669468,0.11377599382669468,1.0],[0.7909742881977946,7.909742881977946,1.0],[0.3277964015146908,3.277964015146908,1.0]]
2d_Hurink_vdata_30_workers.fjs;2944.6104647205834;965900;[143,291,578,671,816,952,957,1024,1064,1269,0,78,115,517,657,854,873,1116,1159,1334,156,202,291,314,375,516,665,759,905,1295,0,139,281,293,329,363,800,870,1024,1281,0,93,199,229,450,545,851,900,976,1093,0,130,328,465,574,743,997,1112,1188,1295,0,152,343,401,718,793,900,1132,1251,1296,0,317,524,593,651,882,997,1066,1116,1140,115,250,522,634,679,850,952,1159,1212,1312,0,92,207,358,420,465,522,609,695,1298,78,427,472,793,910,1065,1118,1188,1281,1362,125,329,404,596,650,718,787,903,974,1130,0,115,193,358,395,508,651,772,942,1017,93,143,193,622,800,965,1048,1065,1130,1183,88,181,217,298,343,578,590,722,810,1039,120,216,671,743,800,870,957,994,1212,1322,0,78,298,363,431,507,788,851,903,1216,134,432,472,636,897,957,1132,1216,1267,1295,55,263,343,432,517,596,669,976,1112,1216,191,263,271,315,475,545,609,988,1183,1251];[1,3,1,0,4,2,2,8,6,1,7,1,5,2,9,3,6,9,7,7,4,7,1,8,9,5,5,0,9,6,3,3,9,7,6,3,3,7,3,0,4,2,1,3,8,0,0,1,6,1,8,4,4,6,2,1,7,8,6,2,5,3,8,9,8,8,0,3,4,4,1,9,6,6,3,4,8,9,7,2,1,0,7,4,9,2,3,9,3,2,2,0,8,8,8,7,9,3,9,3,7,6,5,4,9,8,6,8,5,8,1,7,4,8,8,2,2,8,9,2,9,9,8,7,1,4,0,4,8,1,4,2,9,7,9,4,4,2,4,5,8,0,4,9,2,3,5,6,1,7,6,5,1,3,7,5,5,6,9,0,6,6,4,6,3,3,4,8,3,1,7,5,8,6,7,0,1,2,6,9,3,2,5,2,8,4,4,1,3,0,2,8,6,0,0,5,9,5,4,7];[14,12,0,14,3,3,7,4,14,2,8,11,6,2,6,9,5,9,9,8,0,3,2,4,6,8,3,4,7,14,13,7,7,10,1,8,9,4,13,7,6,14,8,2,0,13,13,0,14,5,10,0,2,5,7,3,6,13,9,3,3,4,11,12,6,13,1,11,10,10,9,7,11,1,1,10,13,9,4,7,2,11,4,10,10,6,4,12,12,4,4,3,11,4,5,7,10,14,2,12,7,7,9,14,11,6,2,7,0,13,10,3,3,5,13,8,8,9,9,14,0,11,11,11,13,3,14,9,6,3,13,10,12,4,11,5,6,10,8,4,0,5,9,7,10,1,2,5,5,8,9,14,0,11,10,2,3,10,11,9,7,12,9,9,1,0,0,14,3,2,1,2,12,12,12,2,0,14,3,13,5,13,14,10,14,9,7,12,12,0,7,1,6,5,13,6,3,1,1,8];[[0.18019241848515155,1.8019241848515155,1.0],[0.48736227300275514,4.873622730027551,1.0],[0.07759170039841756,0.7759170039841756,1.0],[0.5225667244081349,5.2256672440813485,1.0],[0.9196433340252647,9.196433340252646,1.0],[0.8762509611803474,8.762509611803473,1.0],[0.5029695910906639,5.029695910906638,1.0],[0.8160267976375112,8.160267976375112,1.0],[0.8059112000327816,8.059112000327817,1.0],[0.2140591090540045,2.140591090540045,1.0],[0.08805821114486456,0.8805821114486456,1.0],[0.20329737064426556,2.0329737064426556,1.0],[0.5837360924329463,5.837360924329463,1.0],[0.6737333796339059,6.737333796339059,1.0],[0.1608013027204077,1.6080130272040771,1.0]]
2d_Hurink_vdata_5_workers.fjs;1172.6477680605456;3847700;[13,34,284,329,478,0,24,83,267,324,188,255,279,359,454,0,131,233,324,405,57,83,125,277,313,125,214,310,370,413,0,255,309,391,495,0,57,144,405,464,0,53,174,238,497,144,220,357,405,478];[3,3,1,4,2,4,4,2,1,3,1,4,4,0,4,2,4,3,2,3,1,1,2,2,1,1,0,0,2,0,0,1,4,1,2,1,0,3,4,1,3,4,2,2,3,0,2,1,2,0];[3,3,3,4,4,2,0,0,3,0,6,2,0,5,6,6,4,4,6,2,0,4,3,5,3,6,1,1,6,1,1,6,5,3,4,4,5,0,6,5,5,1,3,5,1,2,2,2,4,3];[[0.7773566427005639,7.7735664270056395,1.0],[0.6698255595592497,6.698255595592498,1.0],[0.09913960392481702,0.9913960392481702,1.0],[0.35297051119014544,3.529705111901454,1.0],[0.4679077429008419,4.679077429008419,1.0],[0.5346837414708775,5.346837414708775,1.0],[0.9783090609123973,9.783090609123974,1.0]]
2d_Hurink_vdata_5_workers.fjs;1140.976921854118;4586570;[26,108,266,354,447,0,95,126,219,323,0,237,297,348,424,67,150,219,307,355,135,161,307,463,478,67,152,248,447,472,0,46,206,241,395,0,61,152,307,451,27,40,259,406,472,0,77,226,323,402];[0,3,1,4,2,3,2,2,4,0,1,4,0,1,4,4,4,3,1,3,1,1,4,2,2,1,0,0,3,0,0,0,1,2,2,4,0,2,3,1,3,3,4,1,3,2,2,1,2,0];[1,2,6,1,5,2,0,4,4,6,6,4,1,0,6,6,5,2,4,2,0,3,2,0,0,3,1,1,1,5,1,3,3,0,5,0,1,6,3,2,5,5,3,4,1,4,4,5,5,3];[[0.7966509679599704,7.966509679599704,1.0],[0.05862623274803458,0.5862623274803458,1.0],[0.7602397739740907,7.602397739740907,1.0],[0.8627037401845356,8.627037401845355,1.0],[0.09127403464611428,0.9127403464611428,1.0],[0.9024924365975527,9.024924365975528,1.0],[0.7858960565941281,7.858960565941281,1.0]]
2d_Hurink_vdata_5_workers.fjs;1272.0526273511573;3726590;[40,61,160,365,524,58,137,248,306,324,0,82,106,253,445,67,169,274,403,499,13,192,340,386,401,237,307,403,447,499,90,118,151,177,253,0,90,177,399,448,0,13,274,322,443,169,322,365,447,536];[3,3,1,3,2,4,4,3,4,4,1,4,4,0,1,1,3,3,0,3,3,1,2,2,1,1,0,2,0,0,2,2,3,0,4,4,0,2,4,4,3,0,2,1,3,4,2,1,2,1];[3,1,2,6,6,2,6,0,3,3,6,2,2,5,4,0,1,4,0,2,5,3,5,0,3,6,1,5,5,1,4,3,1,5,1,2,5,4,2,3,5,4,2,6,1,0,2,2,0,3];[[0.5209484070219088,5.209484070219088,1.0],[0.42125020101147315,4.212502010114731,1.0],[0.22094517308324657,2.2094517308324657,1.0],[0.13033708391670573,1.3033708391670573,1.0],[0.48395776843282956,4.839577684328296,1.0],[0.6260889663051598,6.260889663051597,1.0],[0.6211218319323739,6.21121831932374,1.0]]
2d_Hurink_vdata_5_workers.fjs;1161.2281933736133;4194410;[0,21,179,358,426,83,144,234,298,462,0,110,218,325,426,0,148,218,325,383,102,129,231,308,415,83,258,371,459,485,0,30,42,61,326,0,61,169,258,374,131,157,278,381,481,143,215,258,306,444];[3,3,4,0,0,4,4,0,1,4,1,4,1,1,1,4,1,2,2,3,3,3,4,2,2,1,0,2,2,2,2,2,2,2,4,0,0,3,3,4,4,0,4,1,3,2,4,1,3,0];[3,2,6,4,6,1,3,5,6,6,1,1,6,1,4,4,1,1,6,1,5,5,2,1,5,4,4,5,0,3,6,5,3,0,2,0,6,0,3,3,1,4,2,6,1,2,2,5,0,2];[[0.49734142093980327,4.973414209398033,1.0],[0.35999045686025677,3.5999045686025677,1.0],[0.7220617567237175,7.220617567237175,1.0],[0.44672126724761885,4.4672126724761885,1.0],[0.4533596515962979,4.533596515962978,1.0],[0.025925678678183073,0.25925678678183073,1.0],[0.33490089376309407,3.3490089376309404,1.0]]
2d_Hurink_vdata_5_workers.fjs;1165.1836278549235;1858620;[94,115,256,312,478,0,59,93,323,387,0,172,196,364,456,71,151,222,323,364,24,225,265,463,497,0,212,340,389,414,119,289,321,421,497,0,65,164,340,462,0,13,125,172,265,51,196,222,385,470];[3,3,1,0,2,4,2,2,4,4,1,4,3,1,3,1,1,4,1,3,4,3,2,2,1,0,0,2,0,0,2,1,3,1,2,2,0,2,4,4,3,3,4,0,3,4,4,1,2,0];[3,2,6,0,6,2,2,1,6,3,1,3,0,4,5,5,5,3,4,2,2,5,2,0,0,4,4,6,5,1,6,6,1,4,2,6,4,6,5,3,5,3,1,1,1,0,3,2,6,1];[[0.4211249061401,4.211249061401,1.0],[0.9761073344853062,9.761073344853061,1.0],[0.6132800246752349,6.132800246752349,1.0],[0.6930423279788359,6.930423279788359,1.0],[0.5088628354481554,5.088628354481553,1.0],[0.18781156668551158,1.8781156668551158,1.0],[0.830121874145001,8.301218741450011,1.0]]
2d_Hurink_vdata_5_workers.fjs;1154.9659641868593;4127180;[0,87,270,334,408,107,190,221,316,460,0,85,119,154,221,0,134,219,309,350,71,97,177,309,350,19,312,413,458,484,88,142,208,236,442,83,145,324,413,460,0,15,142,424,488,0,68,236,270,394];[0,3,1,4,0,4,2,3,4,4,1,4,0,1,4,2,4,2,1,3,1,1,3,2,1,0,0,2,2,2,0,1,1,0,3,2,0,2,4,1,3,3,2,0,3,4,4,1,3,1];[4,3,4,5,0,1,1,4,3,6,1,4,2,5,6,6,4,1,4,2,1,0,6,0,3,2,1,6,0,3,5,6,5,5,4,6,2,6,5,5,0,0,1,1,1,5,4,2,2,3];[[0.4831103964860096,4.831103964860096,1.0],[0.9021829992468611,9.02182999246861,1.0],[0.5374571935128641,5.374571935128642,1.0],[0.8761340971511191,8.761340971511192,1.0],[0.573156942708234,5.7315694270823405,1.0],[0.994523847851402,9.945238478514021,1.0],[0.3574465703190305,3.574465703190305,1.0]]
2d_Hurink_vdata_5_workers.fjs;1218.8358616295163;4051620;[0,63,152,332,482,0,82,128,151,240,57,302,378,403,460,0,82,152,290,409,182,321,408,455,498,0,194,290,335,361,37,111,168,194,361,0,107,211,361,419,24,37,219,335,504,124,201,290,407,499];[0,3,4,4,2,4,2,1,1,3,1,4,1,1,1,2,4,3,0,3,4,3,4,4,2,3,0,2,2,0,4,2,1,1,2,1,0,4,3,0,4,0,2,1,3,2,2,1,2,0];[6,2,0,4,6,2,3,3,3,0,1,2,1,6,4,5,0,2,4,0,6,5,2,5,6,3,1,6,0,5,0,3,3,5,2,4,5,3,3,3,1,6,4,6,1,4,4,1,1,3];[[0.34661995661142697,3.4661995661142697,1.0],[0.2286410960833074,2.286410960833074,1.0],[0.012392470279078194,0.12392470279078194,1.0],[0.9308270259025113,9.308270259025113,1.0],[0.3225145761620236,3.225145761620236,1.0],[0.0006954578022455582,0.006954578022455582,1.0],[0.2097170717940725,2.097170717940725,1.0]]
2d_Hurink_vdata_5_workers.fjs;1218.3581891043737;4390220;[0,257,389,433,506,13,37,164,278,506,0,106,264,333,478,0,88,174,384,473,167,199,298,345,430,0,64,292,362,419,148,199,214,257,522,83,187,278,384,478,0,88,167,214,389,21,88,159,338,419];[3,3,1,4,2,4,4,0,4,4,1,4,2,1,1,2,1,2,0,3,3,3,4,4,0,0,0,2,3,2,2,1,4,1,2,2,0,0,4,0,4,3,4,1,3,3,4,1,2,1];[3,6,0,6,5,2,3,2,2,6,1,3,3,1,4,6,5,1,5,2,4,5,2,0,2,0,4,3,0,0,0,6,0,4,5,0,2,5,6,3,5,1,3,6,1,5,6,5,4,3];[[0.8559393885152179,8.55939388515218,1.0],[0.8004839408308784,8.004839408308783,1.0],[0.5938433496209707,5.938433496209708,1.0],[0.8870093324131678,8.870093324131679,1.0],[0.741558169706834,7.4155816970683395,1.0],[0.8097670389513107,8.097670389513107,1.0],[0.2247324103169328,2.247324103169328,1.0]]
2d_Hurink_vdata_5_workers.fjs;1228.001043333404;4744690;[0,81,162,458,546,25,65,240,440,458,0,71,96,164,218,71,162,240,377,473,0,25,190,287,360,162,314,410,473,526,238,348,360,391,500,0,65,192,305,352,0,13,124,305,410,92,172,265,314,458];[0,3,4,0,2,4,2,1,4,4,1,4,2,0,0,1,1,3,1,3,4,0,2,4,3,3,0,0,2,0,2,1,1,2,2,2,0,4,4,4,3,3,2,1,3,4,2,1,2,1];[6,2,0,4,5,2,0,5,3,6,1,1,3,5,0,6,3,2,4,0,4,3,2,3,6,6,1,2,2,1,4,6,5,0,2,0,4,1,5,3,5,5,1,6,1,5,2,5,0,3];[[0.5198238265685563,5.198238265685563,1.0],[0.9583988744400509,9.583988744400509,1.0],[0.3402956357666065,3.402956357666065,1.0],[0.7081849781179302,7.081849781179303,1.0],[0.9252189405445452,9.252189405445453,1.0],[0.05032666735654623,0.5032666735654623,1.0],[0.6613275461751585,6.613275461751585,1.0]]
2d_Hurink_vdata_5_workers.fjs;1149.7929148429384;4553310;[0,124,241,290,362,38,121,252,437,458,137,232,272,300,430,0,80,150,389,445,13,84,205,378,422,21,101,332,395,466,0,90,103,150,362,80,204,300,409,458,0,31,244,297,389,0,72,204,256,378];[3,3,1,4,0,4,2,3,1,4,1,2,1,0,0,1,4,4,0,3,4,3,3,2,2,3,0,2,2,2,0,2,2,2,4,1,0,3,4,1,4,0,4,1,3,2,2,1,2,1];[3,2,1,5,2,2,3,2,3,3,6,3,1,6,0,5,0,5,0,2,4,5,2,4,5,3,1,3,2,5,6,3,2,0,5,4,6,0,6,6,2,1,4,4,1,0,2,1,3,3];[[0.18019241848515155,1.8019241848515155,1.0],[0.48736227300275514,4.873622730027551,1.0],[0.07759170039841756,0.7759170039841756,1.0],[0.5225667244081349,5.2256672440813485,1.0],[0.9196433340252647,9.196433340252646,1.0],[0.8762509611803474,8.762509611803473,1.0],[0.5029695910906639,5.029695910906638,1.0]]
3_DPpaulli_15_workers.fjs;6252.611363699783;587870;[0,97,185,207,315,1103,1376,1760,1955,2003,2117,2257,2518,2634,2763,178,293,347,420,464,607,651,828,908,1011,1135,1313,1652,1952,2071,2160,2492,2544,2793,2898,71,453,531,696,899,1303,1357,1450,1508,1567,1635,1781,1826,2095,2199,2264,2347,2391,2444,2518,2650,2846,2874,12,241,793,828,930,969,1209,1247,1357,1508,1582,1737,1798,1831,1919,2007,2129,2884,0,124,196,375,422,455,703,808,1124,1332,1712,1772,1863,2166,2269,2365,2383,2498,2525,2544,2743,132,274,630,864,1584,1785,1841,1932,2196,2257,2462,2566,2662,2726,2768,0,132,206,375,446,518,528,811,1253,1303,1419,1545,1717,2303,2423,2472,2874,34,138,305,339,518,881,918,1066,1116,1156,1244,1305,1341,1497,1573,1724,1932,2033,2095,2133,2181,2595,2681,2768,2814,0,101,195,276,422,464,536,693,958,991,1023,1208,1357,1404,1481,1520,1634,1686,1717,1899,2000,2300,2678,230,382,422,536,630,785,850,1309,1582,1634,1672,1821,1841,1912,2092,2154,2248,2408,2670,29,108,215,420,808,906,983,1252,1338,1376,1450,1508,1785,2413,2472,2662,2786,2816,2898,0,70,214,230,293,412,785,951,1060,1209,1288,1419,1545,2154,2231,2269,2386,2451,2621,2843,2899,101,347,605,673,727,811,973,1060,1154,1209,1223,1686,1757,1831,1954,2785,0,63,128,300,577,906,1048,1508,1595,1990,2154,2231,2250,2518,2595,2753,0,241,285,311,377,406,508,521,570,615,693,779,1126,1222,1253,1572,2043,2427,2595,2650,2705,2768,2793,2846,2856,12,460,614,934,1075,1462,1573,1635,1686,1724,1758,1822,1994,2059,2327,2406,2506,70,142,564,597,617,698,850,961,1079,1135,1199,1450,1826,1896,2087,2232,2303,2392,2423,2637,2856,0,230,289,528,607,711,1103,1406,1508,1994,2033,2309,2581,2670,2705,2753,2847,29,124,266,364,482,615,881,926,991,1043,1116,1154,1222,1598,1667,1934,1990,2264,2457,2538,2609,2650,2662,63,108,285,521,559,975,1072,1262,1313,1667,1730,1821,2298,2365,2423,2705];[5,8,3,7,7,2,4,0,5,7,8,7,5,8,4,9,1,4,4,4,6,9,1,9,9,1,2,1,1,9,9,0,9,2,1,6,9,4,8,6,1,3,6,6,2,3,1,1,7,2,9,2,5,1,4,5,6,9,0,6,1,4,5,0,3,0,7,8,4,1,9,4,8,3,1,8,8,3,3,3,9,7,6,2,7,5,6,3,9,7,0,4,8,7,2,3,3,1,9,2,1,1,4,2,2,8,5,9,6,0,4,1,1,5,2,5,6,6,1,5,4,8,3,7,0,8,7,4,6,4,6,6,1,0,2,1,6,4,6,2,9,9,5,0,4,6,6,0,3,3,0,1,0,8,4,9,5,4,0,2,9,1,5,2,8,1,1,1,3,3,8,3,3,1,4,1,2,4,9,3,5,7,9,3,5,8,6,6,2,6,7,5,4,1,8,4,0,0,0,8,6,7,7,7,4,6,5,4,9,4,2,3,9,1,4,9,1,4,1,9,7,8,7,1,8,8,8,5,5,0,6,6,7,1,7,7,7,2,9,5,5,7,1,3,8,0,5,7,6,8,2,7,2,3,8,8,0,0,0,7,5,1,6,5,4,0,1,7,7,5,7,8,0,1,7,8,7,1,0,0,9,4,6,5,3,6,7,2,6,2,6,0,3,6,5,5,1,7,5,3,9,4,8,7,7,0,1,9,3,1,4,4,4,2,4,7,9,4,9,5,7,2,0,5,1,8,3,4,2,9,0,6,8,8,6,8,4,7,9,1,2,8,6,4,6,7,5,5,7,2,0,9,2,7,8,8,9,4,5,3,9,0,2,4,9,2,6,6,5,0,7,2,2,5,7,1,6,1,9,0,5,2,5,4,7,0,9];[2,1,1,3,3,9,14,9,6,1,6,7,13,3,13,7,3,8,7,13,6,6,9,4,6,14,7,7,9,12,7,13,7,4,14,8,11,1,0,7,3,12,9,7,4,3,7,9,5,3,14,11,0,0,6,0,14,9,9,9,9,11,8,2,9,7,3,2,10,1,2,6,7,11,8,13,4,2,1,13,11,0,6,5,6,9,0,8,8,11,13,8,6,11,7,3,10,0,0,7,7,2,5,4,11,10,11,14,12,14,9,5,7,3,4,14,5,7,14,12,3,9,10,6,2,7,3,12,12,3,8,12,9,5,10,2,3,10,3,11,11,11,13,5,14,4,3,1,13,13,14,1,3,3,10,9,9,5,13,7,3,14,8,13,11,13,13,4,3,5,11,2,6,9,14,6,2,8,12,3,13,5,0,0,4,11,1,10,4,5,14,3,2,0,5,12,5,11,12,8,10,9,9,14,5,6,11,12,14,1,11,7,11,5,3,6,3,6,11,10,1,7,0,4,8,5,12,9,0,5,5,9,6,9,1,1,5,5,11,12,12,14,5,0,9,1,12,11,11,3,12,6,11,1,12,6,9,14,1,9,13,2,3,1,4,1,10,12,0,13,12,4,2,10,12,0,0,14,10,3,11,10,10,13,11,11,1,13,6,9,13,6,7,13,3,13,12,9,14,0,8,14,3,10,7,4,2,2,10,9,6,14,1,4,0,5,8,4,5,4,4,6,12,0,2,8,3,7,14,10,6,9,6,1,8,3,7,12,7,1,3,7,0,5,6,3,8,10,9,13,14,6,2,7,5,13,1,10,3,12,2,5,13,8,9,2,3,4,13,7,4,11,2,13,4,14,8,8,0,12,3,12,13,1,14,13,11];[[0.7773566427005639,7.7735664270056395,1.0],[0.6698255595592497,6.698255595592498,1.0],[0.09913960392481702,0.9913960392481702,1.0],[0.35297051119014544,3.529705111901454,1.0],[0.4679077429008419,4.679077429008419,1.0],[0.5346837414708775,5.346837414708775,1.0],[0.9783090609123973,9.783090609123974,1.0],[0.13031535015865903,1.3031535015865903,1.0],[0.6712434682302663,6.712434682302662,1.0],[0.36422941594737557,3.6422941594737557,1.0],[0.48883570716198577,4.888357071619858,1.0],[0.20301221073405373,2.0301221073405373,1.0],[0.6661983755713592,6.661983755713592,1.0],[0.2276630312069321,2.276630312069321,1.0],[0.4580640582967631,4.580640582967631,1.0]]
3_DPpaulli_15_workers.fjs;6202.934666896343;300930;[225,481,508,921,1255,1352,1790,1872,1932,2099,2302,2594,2626,2769,2866,173,445,621,893,1120,1195,1295,1351,1529,1573,1878,1952,2074,2160,2201,2392,2523,2615,2711,2785,11,111,159,497,587,632,702,893,1136,1225,1255,1478,1541,1641,1725,1790,1858,2321,2373,2453,2523,2830,2860,0,65,223,399,694,724,811,1129,1195,1373,1443,1573,1724,1893,1975,2058,2159,2484,127,223,309,408,597,636,695,788,1060,1191,1295,1609,1713,1785,1870,1949,2091,2258,2463,2642,2829,0,70,453,979,1195,1273,1313,1573,1939,2169,2280,2369,2453,2505,2780,0,355,451,551,652,739,850,1001,1060,1116,1313,1798,2115,2597,2675,2750,2832,0,36,140,379,587,652,689,707,765,811,926,989,1043,1108,1428,1465,1716,1826,1949,1995,2484,2619,2670,2769,2818,0,33,116,170,249,290,414,496,619,1000,1147,1443,1562,1632,1872,1910,1972,2146,2201,2549,2636,2724,2754,36,112,358,687,841,1272,1351,1428,1655,1704,1779,1929,2099,2169,2260,2321,2413,2463,2549,142,203,308,372,497,1195,1352,1443,1529,1568,1632,1644,1710,1753,1910,2058,2260,2366,2724,0,47,314,567,765,850,952,1240,1451,1478,1814,1932,2037,2061,2180,2355,2393,2541,2754,2830,2884,225,372,457,545,608,694,795,893,979,1043,1136,1696,1819,2193,2302,2722,74,724,747,1015,1060,1120,1251,1352,1632,1951,2029,2074,2091,2237,2807,2832,0,69,258,275,457,489,587,921,979,1387,1478,1642,1725,2058,2091,2373,2413,2459,2501,2547,2574,2636,2660,2781,2834,86,140,286,408,569,1072,1120,1186,1426,1853,1890,2140,2355,2520,2660,2750,2834,241,310,379,599,850,926,947,1001,1081,1120,1455,1516,1596,1655,1757,1967,2050,2138,2280,2314,2413,18,36,159,170,261,413,621,825,1081,1186,1335,1568,1890,2267,2300,2517,2832,74,358,492,749,767,811,1312,1393,1533,1644,1710,1729,2139,2180,2201,2347,2432,2517,2563,2642,2711,2818,2880,18,210,261,358,926,1027,1392,1529,1616,1708,1764,1995,2179,2314,2438,2722];[3,8,7,7,7,9,8,7,9,8,0,7,3,0,7,2,6,5,9,7,2,0,1,2,9,1,0,1,7,0,5,0,5,2,9,9,9,9,9,4,1,5,8,6,7,9,1,6,9,8,1,9,6,9,0,5,0,9,8,1,1,0,3,2,3,5,4,3,6,0,4,2,9,6,1,2,1,5,6,5,0,6,4,5,7,0,2,3,7,7,5,8,2,7,2,6,3,2,2,3,2,5,3,6,2,5,5,9,0,1,7,7,1,8,5,5,9,9,1,1,4,6,3,4,2,2,7,1,5,4,7,2,7,9,2,7,7,6,6,5,0,6,5,0,4,6,2,4,3,3,9,4,4,2,5,0,0,4,6,8,8,2,4,4,8,8,3,5,8,6,6,3,7,8,0,5,8,5,3,0,1,7,9,0,4,2,6,6,8,6,6,6,3,2,8,0,8,9,3,4,1,6,8,5,7,5,4,1,4,2,8,9,9,8,0,6,3,7,1,9,3,4,6,4,9,2,7,7,3,9,5,6,7,5,4,7,7,9,9,3,3,8,8,3,6,4,1,1,6,8,8,7,5,3,7,2,1,0,8,7,6,1,1,2,4,4,5,7,3,9,1,1,4,6,8,2,9,1,0,7,9,4,5,6,3,4,1,1,4,8,8,0,6,2,7,5,6,0,1,3,3,2,3,0,4,9,4,1,6,1,4,4,2,2,5,1,1,8,3,2,7,3,2,8,4,8,0,7,5,1,7,7,4,0,6,2,2,7,2,8,7,2,7,3,2,7,9,8,4,3,0,9,0,2,8,9,8,4,2,2,9,0,2,8,9,6,6,4,8,4,0,8,7,0,2,4,0,7,5,0,0,3,5,3,2,6,3];[1,2,9,1,3,13,13,5,8,12,13,7,6,5,2,7,2,7,11,11,10,9,4,0,6,14,14,9,4,6,1,0,12,13,1,4,3,4,3,8,11,1,7,10,0,12,10,7,11,5,4,11,4,4,6,3,13,7,10,0,4,1,4,9,12,3,2,1,13,0,2,9,4,12,11,11,0,6,2,8,11,13,6,8,9,7,12,9,9,0,2,5,10,9,13,10,8,13,13,0,10,13,4,8,1,3,14,2,9,10,7,8,2,14,10,10,14,12,8,9,13,8,10,14,13,2,0,2,5,5,1,11,4,3,10,5,5,12,3,5,3,8,6,3,5,0,7,12,5,13,8,3,9,12,7,10,1,5,10,2,6,6,13,13,14,7,2,2,3,11,11,3,0,2,11,5,3,5,12,11,11,5,0,12,6,1,1,10,12,14,1,7,0,12,2,6,12,8,14,0,11,5,14,0,12,12,1,5,5,6,6,7,1,11,9,6,14,13,2,10,2,11,8,3,11,3,10,3,2,9,2,2,10,0,4,6,0,5,11,13,0,3,11,6,7,13,8,10,6,12,6,6,7,0,14,12,1,1,5,2,12,1,9,11,0,11,14,2,4,12,9,12,5,14,1,3,8,11,6,8,7,4,3,13,7,14,9,5,11,3,13,12,11,8,6,6,13,5,12,9,11,8,10,4,7,3,11,8,10,9,5,5,12,6,14,10,12,4,11,12,14,14,13,13,11,0,6,6,1,14,0,10,8,5,2,14,9,10,1,7,4,6,3,13,13,3,1,0,5,7,5,12,1,2,1,5,4,6,3,12,8,13,2,11,8,12,14,9,1,13,5,0,1,7,4,14,10,2,10,14,13,8,13,3,1,3,7];[[0.7966509679599704,7.966509679599704,1.0],[0.05862623274803458,0.5862623274803458,1.0],[0.7602397739740907,7.602397739740907,1.0],[0.8627037401845356,8.627037401845355,1.0],[0.09127403464611428,0.9127403464611428,1.0],[0.9024924365975527,9.024924365975528,1.0],[0.7858960565941281,7.858960565941281,1.0],[0.40667966546103385,4.0667966546103385,1.0],[0.37447264465852026,3.7447264465852026,1.0],[0.6490262282913547,6.490262282913547,1.0],[0.40092466608569977,4.009246660856998,1.0],[0.5721109226277574,5.721109226277575,1.0],[0.6077930620255084,6.077930620255084,1.0],[0.05072389565884072,0.5072389565884072,1.0],[0.7370880093375713,7.370880093375714,1.0]]
3_DPpaulli_15_workers.fjs;6521.166460486822;687370;[397,462,585,650,865,1188,1522,2000,2216,2265,2389,2499,2529,2616,2704,73,343,365,625,774,899,948,1001,1037,1146,1214,1291,1376,1606,1950,2049,2119,2142,2620,2825,226,287,397,435,536,716,836,1124,1193,1579,1772,1932,2000,2139,2315,2389,2459,2503,2588,2645,2708,2869,2897,0,650,784,960,1147,1259,1342,1380,1484,1595,1657,2096,2176,2315,2503,2621,2756,2953,389,485,552,665,710,784,934,1024,1313,1372,1580,1649,1753,1822,2048,2198,2218,2465,2540,2558,2844,148,462,489,657,771,971,1014,1124,1146,1484,1697,1818,1924,2465,2735,0,58,440,706,854,1239,1250,1313,1559,1773,2015,2092,2176,2288,2362,2413,2708,36,73,303,485,553,617,658,675,709,751,854,911,1124,1193,1339,1580,1649,1822,2139,2250,2298,2418,2457,2652,2708,0,36,113,352,615,1366,1385,1486,1862,1896,2092,2223,2345,2389,2464,2502,2560,2621,2773,2833,2881,2964,2997,542,609,646,843,944,1013,1071,1216,1398,1607,1642,1900,1920,2041,2142,2198,2288,2692,2892,87,273,572,624,1037,1102,1147,1385,1561,1623,1793,1898,2077,2136,2210,2265,2389,2792,2927,276,326,435,552,701,774,934,1071,1238,1250,1577,1623,1715,1741,1818,1932,2464,2540,2616,2833,2893,112,213,357,397,536,710,820,1467,1680,1881,1896,1984,2172,2663,2780,2964,0,186,287,379,839,1269,1343,1726,2049,2142,2227,2503,2756,2804,2966,2993,0,131,177,391,463,553,693,707,797,842,1071,1291,1398,1486,1522,1619,2046,2142,2225,2271,2571,2650,2675,2917,2927,0,113,213,379,899,927,1177,1291,1509,1745,1872,1932,2194,2678,2704,2783,2973,9,424,534,623,665,842,1193,1259,1447,1484,1671,1726,1772,1832,1881,1969,2046,2364,2385,2727,2805,177,240,340,463,751,843,950,971,1071,1147,1595,1671,1772,2069,2207,2814,2966,59,131,226,326,343,553,568,1063,1248,1372,1438,1657,1889,1932,1984,2119,2227,2368,2457,2540,2571,2609,2792,59,226,240,585,675,1146,1250,1467,1832,1930,1983,2077,2345,2678,2880,2997];[9,5,3,7,7,9,5,5,4,7,5,5,5,7,5,4,2,2,8,5,3,1,1,9,0,4,6,6,0,2,1,7,1,1,6,6,4,0,8,6,1,5,9,2,0,2,9,6,9,8,4,2,3,9,4,7,6,9,3,1,3,6,3,8,3,5,6,1,0,4,3,2,0,8,3,4,1,0,4,8,0,6,9,5,1,2,8,3,9,2,7,4,0,7,7,3,3,1,9,5,2,1,7,8,1,4,0,6,1,4,5,2,8,8,2,6,9,5,3,5,4,6,3,3,0,0,4,2,4,4,2,1,1,9,3,4,6,7,9,1,0,8,5,9,3,2,8,0,3,3,9,1,6,6,4,5,3,4,2,9,0,2,3,9,8,2,5,8,3,6,8,6,1,7,8,3,1,3,7,0,2,0,0,4,5,8,5,5,1,6,9,4,5,5,1,2,1,9,5,5,1,7,7,4,7,6,6,2,8,2,8,4,1,8,0,2,3,0,0,5,0,4,2,1,9,2,8,4,1,7,8,8,9,5,1,5,0,8,9,5,8,8,0,3,1,9,7,4,6,8,6,8,9,5,6,5,8,0,7,7,2,7,8,2,4,4,9,4,1,9,7,3,7,1,2,2,7,4,0,4,7,5,8,5,4,6,1,1,4,7,0,0,6,0,5,9,6,5,8,3,3,9,4,0,3,8,5,9,5,0,1,4,2,0,9,7,8,7,0,4,7,2,0,9,5,9,0,7,7,0,2,9,2,1,3,7,6,7,2,3,2,7,9,3,6,3,0,5,9,6,1,2,7,7,2,6,0,1,1,1,8,0,7,2,9,2,9,4,6,1,0,7,2,0,7,4,1,1,9,0,1,8,5,6,2,4,3];[12,1,9,12,4,13,5,6,6,8,10,10,6,9,3,14,11,4,6,8,6,8,9,5,5,7,4,0,11,12,4,11,8,1,8,14,2,6,3,7,11,6,3,3,14,5,7,1,7,7,8,8,9,13,12,12,14,10,9,11,7,2,4,5,9,1,2,0,13,9,4,6,8,6,11,7,0,14,14,5,8,13,11,0,2,3,6,11,1,4,5,6,12,10,2,4,4,12,5,1,10,2,12,3,11,14,13,6,2,11,0,8,13,5,7,7,0,4,9,8,1,8,10,12,3,11,9,3,11,10,13,6,6,2,9,3,14,0,3,7,12,7,1,12,12,10,1,3,14,13,2,4,8,1,3,9,2,13,1,5,12,11,12,13,1,7,3,14,14,0,5,5,14,6,2,2,1,3,5,7,13,13,1,12,4,6,4,9,5,6,8,0,11,4,10,3,1,9,6,4,8,9,6,5,0,6,13,9,12,6,0,2,3,0,6,8,14,10,13,4,11,0,7,8,1,8,5,8,12,6,0,12,7,7,5,11,5,4,6,1,0,12,11,0,12,12,14,7,5,6,6,3,4,6,1,0,2,13,6,10,14,14,1,6,4,7,13,8,14,9,10,2,13,12,13,1,0,10,13,0,11,5,12,13,3,11,9,13,2,4,4,6,11,12,7,5,11,9,2,0,7,10,13,10,10,12,3,2,2,5,2,8,10,3,6,12,14,3,2,9,7,9,7,7,11,4,7,8,7,0,12,8,0,13,9,9,14,12,14,1,8,7,14,9,6,2,13,10,12,0,3,4,12,6,4,2,6,14,14,8,7,1,13,4,0,5,2,13,12,3,9,4,0,7,3,8,12,8,3,14,13,9,13,2,7,7,2];[[0.5209484070219088,5.209484070219088,1.0],[0.42125020101147315,4.212502010114731,1.0],[0.22094517308324657,2.2094517308324657,1.0],[0.13033708391670573,1.3033708391670573,1.0],[0.48395776843282956,4.839577684328296,1.0],[0.6260889663051598,6.260889663051597,1.0],[0.6211218319323739,6.21121831932374,1.0],[0.707277595965894,7.07277595965894,1.0],[0.43539590023548325,4.3539590023548325,1.0],[0.04809800715767443,0.4809800715767443,1.0],[0.2254847064342842,2.254847064342842,1.0],[0.788548045160999,7.88548045160999,1.0],[0.42108890435006496,4.21088904350065,1.0],[0.5652029481252892,5.6520294812528915,1.0],[0.6764042610645917,6.764042610645918,1.0]]
3_DPpaulli_15_workers.fjs;7112.429218393266;236530;[444,589,661,695,821,1203,1428,1515,1695,1739,1858,2500,2615,3062,3132,150,246,598,769,984,1054,1243,1310,1602,1824,1892,1973,2305,2427,2527,2628,2695,2858,2952,3226,55,137,368,425,521,602,695,842,983,1085,1328,1798,1918,1986,2227,2293,2429,2472,2558,2615,2678,3096,3158,352,412,475,589,677,911,1126,1170,1232,1333,1744,2029,2271,2363,2468,2876,2989,3077,0,89,239,340,381,846,1098,1203,1268,1542,1768,1845,1952,2026,2269,2544,2788,2814,2858,2929,3036,194,258,344,537,930,1590,1633,1881,2029,2199,2439,2645,2989,3274,3310,0,218,493,907,1386,1845,2062,2136,2305,2362,2427,2628,2741,2788,2898,3092,3238,129,163,448,852,989,1049,1234,1370,1400,1439,1531,1594,1630,1695,1833,1858,1966,2029,2100,2136,2415,2678,3092,3172,3226,412,448,532,769,984,1025,1045,1107,1218,1295,1327,1417,1644,1694,1806,2060,2199,2491,2841,2995,3043,3129,3266,158,276,575,632,710,777,842,919,940,1042,1098,1350,1498,1651,1744,2324,2524,2612,3072,163,218,303,348,425,616,661,759,1295,1333,1458,1966,2180,2224,2420,2615,2698,2841,2931,0,53,258,352,900,1049,1143,1402,1439,1450,1590,1881,2024,2096,2190,2227,2285,2610,2776,2947,3129,0,90,232,923,1008,1188,1428,1603,1738,1958,2136,2931,2995,3066,3181,3226,0,201,752,1107,1256,1477,1892,1986,2124,2199,2379,2509,2561,2876,3036,3096,226,554,678,695,790,821,1054,1203,1310,1636,1723,1805,1952,2293,2379,2615,2698,2747,2814,2860,2931,3066,3129,3226,3266,0,55,274,551,677,820,1126,1330,1386,1439,1477,1579,1744,1855,2177,2915,3005,90,280,344,574,710,790,842,900,1113,1515,1590,1693,2047,2260,2328,2472,2722,2860,2952,3172,3238,53,89,126,475,672,1052,1122,1143,1240,1498,2100,2227,2301,2391,2721,3139,3233,126,194,276,425,585,632,710,752,911,969,1035,1052,1078,1529,1761,1836,1885,2180,2524,2615,2688,2732,3072,194,521,537,1197,1268,1295,1540,1602,1644,1723,2047,2343,2427,2558,2720,2785];[9,8,8,7,5,5,4,9,9,9,0,3,5,0,5,8,3,4,4,8,6,5,1,1,9,6,2,3,1,0,9,9,5,1,6,6,1,0,2,4,1,4,9,6,3,2,2,4,9,0,4,8,6,1,3,2,0,9,0,1,8,6,1,2,4,4,0,5,4,1,9,4,1,3,3,9,4,3,4,6,7,7,6,2,9,0,3,3,8,7,1,8,7,7,6,7,6,1,1,5,2,5,4,4,1,5,5,0,7,2,7,8,3,5,6,6,6,5,9,3,9,8,2,0,7,6,7,3,4,5,9,4,3,7,3,8,1,2,1,5,9,9,1,0,4,5,8,0,6,4,3,4,4,1,4,0,0,8,9,0,9,2,8,4,8,3,6,3,3,5,8,4,7,8,8,1,3,3,2,0,5,1,9,0,4,4,6,5,1,3,7,5,0,5,8,5,5,6,8,9,6,8,0,0,2,0,6,6,9,2,0,1,6,8,6,2,1,7,1,1,7,7,0,2,8,2,7,6,9,7,9,2,2,2,9,8,0,2,9,3,5,7,5,2,2,9,0,8,4,2,6,7,8,3,7,9,6,0,9,7,5,1,8,0,8,0,2,7,3,4,4,3,5,6,8,6,7,0,1,7,3,0,6,6,1,4,1,1,2,4,6,4,6,6,5,7,1,9,2,0,9,4,0,7,3,7,2,6,3,5,0,5,2,2,5,3,1,8,3,4,7,2,6,8,2,8,3,4,5,2,2,2,4,1,1,8,4,7,1,1,2,8,7,5,2,5,3,5,4,2,0,9,1,9,2,6,5,1,4,1,0,8,6,2,2,2,6,7,8,9,0,4,2,5,8,2,6,6,6,5,0,3,1,3,2,0,0];[7,9,2,3,9,6,11,14,11,11,5,0,11,0,13,2,6,3,14,7,6,14,6,6,6,13,4,4,3,6,2,9,2,1,1,10,12,10,6,4,8,6,8,10,4,0,0,2,9,7,8,8,4,10,13,13,8,14,0,1,11,10,11,9,1,7,9,4,10,13,4,8,3,3,11,11,9,2,14,13,14,3,6,12,7,12,12,0,1,0,5,7,9,11,12,14,10,11,9,4,8,13,8,13,9,3,12,7,12,10,3,14,0,10,9,14,5,3,6,9,2,9,10,3,2,2,6,5,0,7,9,4,5,3,14,3,9,8,3,0,11,11,1,5,7,13,10,3,12,0,7,3,4,4,3,2,1,6,1,14,12,11,3,11,13,12,8,8,3,5,5,9,0,2,13,8,1,3,0,11,13,10,0,12,6,3,1,5,0,4,10,14,14,4,9,1,4,12,7,6,10,11,12,4,5,11,4,14,0,6,1,10,1,11,0,1,12,11,3,8,3,12,14,9,8,1,10,8,13,9,14,10,4,0,7,6,8,13,1,7,9,8,2,14,7,4,10,3,3,14,6,10,14,14,3,0,1,10,8,10,5,8,2,5,0,7,0,2,4,5,3,14,12,13,1,11,10,9,1,9,11,6,9,12,0,11,9,8,11,5,10,13,7,11,11,11,14,10,5,9,7,2,6,6,4,5,14,2,10,7,3,5,14,12,7,11,0,1,3,1,5,14,11,13,1,1,7,9,2,3,5,5,5,10,14,1,7,10,14,10,12,14,3,0,6,10,9,8,5,13,3,7,1,6,13,5,13,6,6,0,1,8,5,12,3,13,11,7,5,6,2,5,3,6,9,11,8,6,2,1,3,8,10,6,3,9,3];[[0.49734142093980327,4.973414209398033,1.0],[0.35999045686025677,3.5999045686025677,1.0],[0.7220617567237175,7.220617567237175,1.0],[0.44672126724761885,4.4672126724761885,1.0],[0.4533596515962979,4.533596515962978,1.0],[0.025925678678183073,0.25925678678183073,1.0],[0.33490089376309407,3.3490089376309404,1.0],[0.4755440242737675,4.755440242737675,1.0],[0.45132356511490823,4.513235651149082,1.0],[0.08788974506102976,0.8788974506102976,1.0],[0.29509671683068217,2.9509671683068217,1.0],[0.33863234208051063,3.3863234208051063,1.0],[0.9020959027552419,9.020959027552419,1.0],[0.7173473735926632,7.173473735926632,1.0],[0.8986159167700656,8.986159167700656,1.0]]
3_DPpaulli_15_workers.fjs;6373.29600270243;477380;[506,573,795,891,1053,1148,1193,1586,1663,2009,2172,2359,2446,2881,2980,48,734,812,887,923,1142,1260,1410,1651,1705,1774,1843,1925,2001,2037,2191,2538,2728,2841,2970,0,96,219,363,618,649,737,1253,1321,1375,1434,1450,1541,1671,1774,1844,2075,2120,2427,2489,2563,2679,2841,254,605,733,897,1071,1277,1699,1788,1983,2105,2264,2347,2394,2440,2508,2680,2718,2814,0,197,270,431,473,579,654,750,1312,1440,1683,1725,1876,1939,2024,2091,2263,2287,2658,2676,2892,347,442,495,949,1142,1220,1386,1476,1603,1741,2101,2364,2459,2852,2888,115,906,1055,1156,1476,1549,1833,1966,2120,2244,2305,2498,2583,2633,2816,2845,2892,117,151,479,515,635,699,923,1089,1174,1343,1530,1584,1811,1876,1939,2037,2227,2378,2440,2634,2680,2760,2803,2888,2942,0,40,151,308,400,444,556,619,750,891,991,1296,1386,1435,1541,1683,1797,2070,2170,2316,2662,2768,2803,0,58,241,278,490,999,1101,1222,1243,1433,1512,1619,1848,1925,2012,2285,2612,2667,2758,10,74,168,223,308,379,452,649,981,1190,1254,1511,1728,1742,2120,2753,2835,2856,2947,0,431,500,516,584,684,1026,1254,1402,1584,1671,1683,1788,1848,1927,1966,2012,2053,2177,2426,2651,0,308,400,676,805,883,1312,1572,1890,2176,2191,2359,2427,2519,2634,2679,168,232,357,516,982,1020,1089,1214,1446,1656,2106,2154,2173,2365,2612,2680,0,94,144,161,344,400,573,587,684,737,812,891,961,1148,1450,1505,1526,1572,1641,1859,2478,2583,2686,2746,2757,213,265,330,398,556,584,619,684,768,1139,1251,1572,2024,2230,2494,2803,2935,68,178,398,434,527,605,711,808,1020,1065,1190,1286,1343,1741,1795,1844,2260,2359,2387,2746,2914,58,70,105,278,461,605,774,811,914,1095,1251,1372,1440,2140,2263,2563,2887,0,131,213,330,459,625,765,805,887,949,1413,1486,1526,1586,1683,1868,1895,1983,2177,2583,2612,2657,2818,295,444,459,750,774,966,1222,1290,1608,2018,2287,2372,2446,2633,2846,2920];[6,1,7,3,0,2,0,7,0,8,6,9,8,0,0,2,3,5,6,0,5,9,5,8,0,6,6,3,0,1,3,2,3,1,3,9,1,4,8,0,1,4,1,7,4,3,2,1,9,0,1,4,6,1,1,7,6,9,3,9,6,4,3,0,8,7,4,8,6,2,4,6,9,3,9,4,1,5,3,3,9,4,8,5,9,7,1,1,9,7,9,3,2,7,7,7,3,2,1,5,6,8,9,8,8,3,5,5,7,0,4,7,3,5,9,1,6,5,3,5,4,6,3,4,2,9,2,3,2,5,0,1,3,7,5,6,1,4,1,9,6,9,4,9,0,8,6,2,3,5,0,7,4,4,8,5,5,4,0,2,0,2,8,2,8,8,3,1,7,6,2,5,1,7,4,7,5,5,9,8,8,7,4,3,1,8,4,5,1,7,6,3,0,4,8,4,3,6,4,0,5,9,8,0,1,5,4,2,4,8,9,8,8,8,2,2,5,9,2,8,3,3,2,4,9,6,7,9,8,5,8,6,6,5,9,1,7,0,1,6,8,8,5,4,2,3,0,1,4,3,6,0,6,3,6,9,6,1,6,2,5,4,3,2,8,3,3,1,3,9,4,9,1,7,7,7,9,0,2,9,7,0,3,8,4,3,1,2,2,8,2,0,6,2,2,7,5,4,2,3,4,1,4,7,0,7,5,6,0,8,4,8,4,9,9,5,1,4,9,4,7,3,6,4,3,5,9,4,9,2,1,0,8,3,6,6,6,7,1,1,8,6,9,9,9,3,1,5,4,2,1,2,1,5,8,9,5,3,4,2,8,8,3,3,4,2,9,4,8,8,9,1,0,0,7,6,2,3,2,8,5,8,8,3,2,6,9];[3,1,9,5,2,5,9,6,11,6,12,1,7,9,3,11,6,10,14,12,14,6,9,0,11,5,9,1,11,13,10,14,4,4,14,4,12,4,0,8,12,13,10,10,9,11,10,8,12,13,14,14,4,0,11,4,13,11,0,4,4,11,4,8,1,12,2,0,0,13,1,4,13,10,6,14,0,11,6,6,6,14,7,8,5,8,7,6,2,0,4,4,10,4,2,11,10,4,5,9,5,13,6,5,1,7,7,2,6,13,13,1,8,2,1,4,5,12,10,5,9,11,10,8,2,7,0,2,14,7,2,12,6,1,3,9,6,10,14,7,5,11,5,2,12,5,9,11,12,1,1,3,13,1,11,9,9,14,1,8,12,11,0,12,14,7,4,3,0,13,2,11,9,6,9,3,1,10,3,2,0,11,0,0,7,7,12,10,4,8,4,8,14,9,3,12,2,6,14,14,5,5,13,6,1,12,1,11,7,2,14,8,5,8,4,6,3,5,4,0,14,11,12,13,13,8,10,11,12,3,10,9,5,0,10,14,8,10,8,13,12,7,6,10,11,13,7,8,3,3,6,4,6,3,7,10,9,8,11,10,14,2,1,7,6,5,6,12,3,4,3,1,11,10,3,6,9,5,5,10,4,8,9,7,14,9,5,7,6,8,5,13,10,9,8,12,6,7,7,9,0,4,12,2,14,1,3,2,7,0,14,8,12,2,2,5,10,11,1,3,14,11,11,8,14,13,8,9,10,5,9,4,5,10,2,8,2,10,4,13,14,14,8,4,13,3,1,3,5,13,7,4,4,10,1,2,1,6,10,0,9,0,5,1,7,7,2,12,3,5,4,3,1,7,7,14,2,4,12,12,3,7,2,1,0,0,7];[[0.4211249061401,4.211249061401,1.0],[0.9761073344853062,9.761073344853061,1.0],[0.6132800246752349,6.132800246752349,1.0],[0.6930423279788359,6.930423279788359,1.0],[0.5088628354481554,5.088628354481553,1.0],[0.18781156668551158,1.8781156668551158,1.0],[0.830121874145001,8.301218741450011,1.0],[0.8449241651217704,8.449241651217704,1.0],[0.20962821201639004,2.0962821201639006,1.0],[0.6505169872996391,6.505169872996391,1.0],[0.7003316191510263,7.003316191510263,1.0],[0.7150339547653067,7.150339547653068,1.0],[0.8091072451390076,8.091072451390076,1.0],[0.8451978833841938,8.451978833841938,1.0],[0.3695849781386673,3.695849781386673,1.0]]
3_DPpaulli_15_workers.fjs;6067.017077888047;309030;[327,482,509,668,889,1174,1277,1363,1814,1860,1953,2327,2359,2448,2462,0,87,142,395,668,782,825,941,977,1068,1202,1344,1819,1921,1963,2179,2327,2352,2458,2651,203,266,327,509,597,629,721,825,966,1039,1297,1314,1480,1645,1721,1787,1910,2054,2312,2373,2446,2535,2740,290,307,519,771,1533,1721,1873,1910,1968,2105,2196,2390,2473,2508,2559,2649,2689,2820,142,544,700,793,838,870,934,1032,1103,1202,1415,1511,1666,1848,1969,2035,2148,2300,2481,2527,2646,202,427,534,726,825,902,1086,1621,2055,2116,2232,2300,2382,2534,2649,679,1117,1182,1545,1701,1890,2145,2179,2235,2286,2312,2429,2621,2669,2740,2769,2819,168,217,293,327,597,668,705,902,1182,1254,1439,1494,1651,1833,1910,1999,2059,2116,2177,2246,2288,2443,2509,2635,2689,373,467,603,647,736,983,1115,1177,1277,1294,1325,1431,1517,1616,1795,1832,1890,2089,2167,2603,2651,2737,2766,0,106,266,625,705,780,841,925,1177,1425,1469,1617,1638,1736,1823,2225,2508,2735,2810,87,298,482,698,793,1211,1454,1545,1627,1711,1783,1937,2021,2172,2246,2288,2448,2737,2820,51,104,222,442,504,792,1040,1294,1344,1383,1469,1480,1585,1617,1701,1774,2104,2172,2435,2561,2698,66,293,385,427,482,568,881,964,1061,1425,1517,1645,1711,2215,2570,2769,130,202,373,467,859,886,1355,1421,1753,1963,2097,2371,2390,2458,2535,2689,51,160,203,222,290,483,685,700,841,889,964,1039,1115,1202,1235,1341,1364,1408,1440,1479,1787,1944,1969,2302,2559,104,183,325,444,483,570,780,1058,1140,1736,1775,1833,2023,2290,2367,2561,2797,0,69,130,160,395,657,834,1061,1150,1186,1273,1350,1563,1638,1709,2023,2097,2407,2429,2550,2697,162,183,306,568,657,700,771,1224,1549,2059,2232,2308,2380,2486,2590,2635,2784,130,203,306,389,427,444,925,966,1040,1271,1363,1408,1440,1567,1935,2035,2225,2359,2407,2496,2560,2603,2769,0,51,323,977,1000,1170,1285,1344,1612,1701,1781,1873,1953,2032,2104,2465];[8,9,8,7,2,5,1,6,0,7,8,7,8,0,7,8,2,1,6,9,5,4,5,9,9,3,0,5,4,1,3,5,5,2,5,9,9,4,9,2,1,4,1,7,9,2,2,6,2,2,1,5,0,0,0,5,0,9,3,5,8,0,0,8,9,6,0,0,6,4,3,6,1,9,3,4,8,0,6,8,9,6,6,6,7,2,8,3,1,2,7,9,2,7,7,2,6,7,2,5,1,5,3,8,2,4,8,7,1,1,7,1,3,5,6,8,9,6,3,1,4,8,2,4,7,7,7,5,6,5,2,4,3,9,2,1,5,8,9,9,0,8,8,9,2,8,6,2,3,4,9,4,4,2,5,0,0,4,9,2,0,1,4,6,8,2,9,9,8,6,0,4,7,5,8,5,2,3,2,0,5,2,2,7,9,0,9,5,6,3,6,3,5,3,6,9,8,6,5,5,6,5,8,4,1,7,4,9,9,4,8,3,8,8,5,6,5,4,2,7,7,8,4,9,5,6,7,7,5,0,0,2,0,1,9,5,0,2,2,9,3,8,4,4,3,0,2,7,4,2,7,7,4,5,0,6,6,1,9,7,5,4,3,4,9,0,5,4,2,9,3,3,7,1,1,8,2,0,0,0,2,4,0,3,1,3,4,4,2,7,6,0,6,6,0,7,1,4,7,3,5,6,0,7,4,8,6,2,3,0,4,7,9,2,7,3,8,4,9,9,7,2,9,6,3,5,9,7,7,8,1,6,2,0,3,6,0,7,8,6,2,9,9,3,9,4,0,1,7,6,1,8,1,8,7,8,5,3,4,1,3,0,2,4,0,7,6,1,5,0,3,2,0,9,5,2,7,0,5,8,5,9,8,3,6,7,8];[2,2,1,7,8,5,4,5,5,4,13,7,13,9,8,7,9,6,12,4,6,8,9,6,13,8,12,9,9,7,2,6,4,9,11,5,11,14,8,5,8,3,6,10,13,3,10,1,10,2,6,5,3,14,8,6,7,7,9,7,11,5,0,10,12,6,8,9,8,14,5,0,3,10,5,0,2,1,8,2,13,12,1,8,1,3,2,13,5,1,5,2,11,11,2,12,0,3,9,3,7,1,9,6,0,14,6,14,2,3,6,8,2,14,12,11,9,0,13,1,6,9,10,14,9,7,9,12,13,7,13,2,6,7,10,9,3,13,5,9,11,2,3,12,10,4,12,11,11,5,0,5,12,1,14,10,10,1,1,11,12,14,13,2,2,8,8,12,0,0,11,10,3,2,13,13,5,8,1,5,11,10,4,14,6,2,12,13,3,6,4,11,4,4,8,14,6,4,6,11,3,9,5,5,1,13,7,14,12,9,2,1,3,0,9,12,3,14,13,4,13,7,9,7,3,2,10,12,9,4,5,11,4,10,7,8,4,10,10,6,0,12,11,0,9,10,4,0,11,10,14,4,13,4,7,8,11,0,7,11,14,2,13,1,5,1,14,12,11,0,14,1,6,7,14,0,9,5,13,4,8,4,6,11,14,14,10,6,1,4,12,14,11,10,8,12,9,9,2,10,10,13,6,3,2,4,13,7,4,7,5,13,14,8,4,5,7,11,4,10,8,9,8,8,14,13,8,2,2,9,14,12,10,12,6,9,14,12,7,9,0,3,9,11,13,13,6,11,9,0,5,11,10,10,7,2,6,11,4,8,7,7,10,6,7,6,12,7,8,10,9,12,2,1,5,14,1,0,13,2,3,12,13,3,5,0,3];[[0.4831103964860096,4.831103964860096,1.0],[0.9021829992468611,9.02182999246861,1.0],[0.5374571935128641,5.374571935128642,1.0],[0.8761340971511191,8.761340971511192,1.0],[0.573156942708234,5.7315694270823405,1.0],[0.994523847851402,9.945238478514021,1.0],[0.3574465703190305,3.574465703190305,1.0],[0.6617299629663892,6.617299629663892,1.0],[0.4882872262788658,4.882872262788657,1.0],[0.5726412824777106,5.726412824777106,1.0],[0.32388398325139345,3.2388398325139347,1.0],[0.8072354510963532,8.072354510963532,1.0],[0.8087324055796944,8.087324055796945,1.0],[0.660852452150834,6.60852452150834,1.0],[0.5802577271631468,5.802577271631469,1.0]]
3_DPpaulli_15_workers.fjs;6814.585051407517;330080;[76,1062,1093,1847,1911,2006,2073,2280,2348,2483,2871,2964,3004,3105,3115,256,352,508,578,680,798,846,1158,1559,1603,1672,1739,1906,2180,2409,2502,2593,2696,2794,2879,74,129,186,383,483,600,992,1093,1234,1304,1335,1392,1719,1822,2026,2109,2180,2287,2461,2525,2722,2845,2871,11,547,811,1012,1380,1596,1683,1740,2144,2231,2295,2416,2461,2496,2579,2818,2934,3015,0,89,152,245,405,951,1035,1131,1207,1297,1392,1507,1669,1730,1874,2068,2250,2496,2554,2871,2964,383,454,678,759,798,951,1131,1785,1908,1941,2118,2187,2361,2620,2919,65,179,373,470,798,1271,1418,1453,1507,1988,2142,2509,2676,2749,2845,3068,3114,41,276,368,663,741,912,948,964,995,1035,1121,1178,1217,1282,1354,1498,1861,2058,2396,2706,2756,2837,2879,2954,3012,116,508,639,678,988,1297,1337,1456,1559,1576,1683,1794,1874,1948,2024,2063,2237,2298,2460,2525,2871,2962,3106,0,41,129,179,257,324,388,459,842,888,1217,1535,1555,1824,1927,2035,2298,2348,2902,245,593,680,734,995,1062,1103,1211,1810,1847,2002,2013,2222,2331,2427,2604,2918,2948,3051,257,634,701,759,820,885,933,978,1291,1301,1434,1447,1552,1916,2035,2388,2446,2575,2629,2814,3068,186,276,471,578,1015,1123,1576,1941,2068,2128,2196,2388,2524,2593,2964,3059,10,305,885,1199,1211,1660,1739,1822,1861,1926,2008,2163,2461,2617,3004,3114,0,305,351,431,814,888,1271,1286,1335,1447,1607,1785,2227,2446,2565,2684,2731,2782,2876,2918,2954,3012,3039,3096,3107,245,459,578,639,888,978,1121,1282,1380,1418,1672,1792,2374,2389,2613,2706,2780,41,129,352,466,516,819,1061,1304,1382,1603,1948,2096,2227,2280,2337,2389,2461,2560,2579,2613,2676,0,218,373,741,1211,1255,1385,1405,1535,1611,2124,2287,2361,2782,2818,3012,3107,11,148,744,842,933,1193,1223,1492,1576,1721,1805,2086,2142,2231,2295,2487,2593,2680,2731,2814,2864,3039,3135,130,532,547,676,701,901,988,1178,1456,1847,2024,2119,2196,2818,3006,3068];[3,1,2,3,0,9,5,9,4,5,8,0,2,2,6,4,9,2,8,0,3,4,1,2,0,7,6,3,4,2,2,0,3,2,3,7,0,4,2,4,1,3,1,4,3,9,2,4,7,8,4,9,0,1,3,7,0,9,5,6,6,6,5,8,4,0,0,3,6,1,7,6,1,6,9,9,2,9,6,2,1,2,4,9,7,2,1,4,9,2,1,4,0,7,6,2,1,8,7,2,9,8,3,4,8,8,2,6,1,2,5,7,1,5,9,7,9,7,9,4,5,6,2,4,7,8,1,4,5,3,0,1,1,6,3,1,1,4,9,6,0,9,6,9,0,2,6,4,6,1,3,6,4,6,4,0,2,8,9,8,3,2,3,6,8,1,9,5,3,3,8,8,3,1,0,3,1,3,7,5,1,1,2,4,4,3,9,5,1,7,6,6,2,4,5,5,3,0,5,4,1,3,7,2,8,0,4,4,4,8,8,4,1,8,0,9,3,7,2,0,2,7,6,4,5,1,7,6,9,5,8,8,6,6,9,1,0,8,2,3,7,8,1,8,0,0,7,7,0,3,2,8,1,9,0,6,1,1,7,2,5,4,6,5,4,0,3,7,1,5,1,1,4,6,1,7,7,1,6,9,2,6,5,4,2,4,1,4,6,0,7,0,3,6,6,2,6,3,7,3,9,9,0,0,4,9,1,8,0,0,4,7,4,0,1,7,8,6,0,2,1,8,9,5,9,9,9,7,9,7,1,6,4,8,1,6,0,7,8,9,3,3,7,3,6,5,5,0,6,2,0,2,2,7,1,8,3,1,2,4,8,0,1,8,2,2,9,4,5,0,6,1,6,5,7,6,9,8,5,0,8,1,7,6,7,4,9];[9,1,11,13,2,13,14,5,0,6,2,1,11,2,10,7,1,3,6,12,10,1,2,0,11,4,4,6,9,10,5,12,6,3,14,10,0,6,3,2,1,13,10,7,10,11,3,5,2,10,2,11,12,12,4,14,5,8,11,9,1,6,6,6,10,9,13,2,13,13,5,3,13,6,7,10,6,12,14,2,10,8,3,0,6,3,7,3,12,12,5,13,4,14,11,1,3,11,14,7,10,13,3,9,14,12,11,8,5,3,5,14,2,3,9,4,7,13,12,12,8,8,7,10,14,7,11,12,13,8,4,4,3,14,14,2,12,10,8,13,11,11,10,13,7,10,8,12,7,8,4,11,2,13,13,13,0,6,14,0,5,6,8,2,1,3,1,5,3,9,9,6,1,13,10,4,8,4,12,10,9,5,6,12,2,4,13,12,5,5,14,7,0,9,11,0,14,4,0,0,12,13,1,0,13,8,7,4,9,7,6,2,3,5,9,9,14,13,12,8,12,13,6,6,6,11,10,12,0,11,5,9,11,6,13,6,8,3,13,3,11,7,8,14,4,11,12,7,14,9,12,3,2,0,5,0,1,3,6,12,9,1,8,5,4,1,12,12,13,9,9,1,5,4,1,11,10,1,13,1,11,6,3,11,0,13,5,6,8,2,0,13,7,12,12,0,11,8,9,8,8,0,6,2,7,6,6,7,10,11,4,1,12,9,2,12,4,12,12,12,4,7,8,1,10,4,8,8,7,14,8,11,4,8,11,4,5,13,8,1,14,3,3,14,0,1,8,11,5,13,3,12,3,6,2,2,6,8,2,11,4,4,2,0,4,3,2,9,7,7,6,3,11,12,11,8,1,0,13,7,0,5,12,6,2,6,1];[[0.34661995661142697,3.4661995661142697,1.0],[0.2286410960833074,2.286410960833074,1.0],[0.012392470279078194,0.12392470279078194,1.0],[0.9308270259025113,9.308270259025113,1.0],[0.3225145761620236,3.225145761620236,1.0],[0.0006954578022455582,0.006954578022455582,1.0],[0.2097170717940725,2.097170717940725,1.0],[0.5179602272351016,5.179602272351016,1.0],[0.7628222106217201,7.6282221062172,1.0],[0.3089717897377221,3.089717897377221,1.0],[0.15113122452813788,1.5113122452813788,1.0],[0.07045772229012492,0.7045772229012492,1.0],[0.8725064026541692,8.725064026541693,1.0],[0.3074981421409557,3.074981421409557,1.0],[0.272859759997538,2.7285975999753798,1.0]]
3_DPpaulli_15_workers.fjs;6385.255268010076;368800;[218,290,354,803,864,1055,1097,1182,1440,1854,1990,2068,2281,2794,2962,391,474,497,578,854,1145,1277,1385,1445,1493,1669,2098,2186,2265,2301,2465,2537,2563,2712,2792,0,120,290,328,429,717,779,854,936,1015,1043,1108,1167,1336,1550,1615,1943,1990,2041,2100,2163,2496,2920,96,157,356,600,687,717,947,1020,1194,1305,1421,1980,2131,2235,2373,2637,2708,2798,0,96,288,429,497,572,630,770,936,1112,1469,1790,2341,2414,2621,2706,2722,2773,2814,2848,2941,60,528,590,789,917,995,1034,1144,1369,1459,1613,1739,1822,2111,2590,0,58,146,320,438,898,1413,1469,1618,1770,2301,2375,2465,2516,2777,2804,2941,0,34,318,369,497,984,1104,1385,1414,1587,1880,1939,1972,2078,2148,2175,2241,2297,2412,2461,2504,2586,2626,2748,2805,128,463,559,835,1239,1352,1550,1615,1715,1739,1770,1860,1943,1984,2068,2105,2160,2212,2241,2299,2461,2586,2833,63,803,864,900,1208,1277,1335,1520,1543,1591,1604,1647,1669,1739,2347,2524,2676,2833,2950,0,62,160,252,509,578,621,711,832,908,1086,1157,1310,1543,1715,2619,2758,2853,2941,168,218,387,779,1373,1550,1860,1906,1939,2066,2165,2176,2385,2501,2590,2625,2664,2708,2758,2920,2980,34,128,218,259,363,613,920,1448,1541,1604,1783,1869,2176,2412,2546,2804,404,474,719,822,973,984,1055,1117,1239,1310,1597,1765,2210,2385,2684,2726,0,10,128,286,509,590,776,807,867,991,1086,1167,1242,1336,1367,1445,1731,2265,2299,2373,2402,2586,2710,2763,2777,0,540,711,864,912,1010,1044,1108,1230,1412,1984,2297,2402,2590,2799,2880,2950,103,217,288,420,467,629,771,827,1043,1093,1242,1413,1493,1550,1645,1688,1776,1939,2097,2186,2892,241,252,328,338,420,468,559,613,703,900,1230,1308,1760,2041,2165,2537,2880,96,160,240,318,335,354,369,445,996,1020,1086,1208,1308,1352,1404,1567,1682,1783,1972,2078,2419,2880,2892,540,613,675,840,988,1015,1159,1369,1940,2052,2212,2301,2375,2465,2516,2625];[0,5,2,3,0,0,5,6,0,5,8,9,7,8,5,9,7,2,8,7,2,0,1,9,1,7,0,6,0,0,3,0,6,2,3,4,9,0,3,1,1,7,8,4,3,2,2,4,9,2,2,8,3,0,4,5,2,9,9,6,9,1,1,8,3,5,2,3,8,2,9,4,8,4,5,9,1,3,4,3,9,2,6,5,9,9,3,6,1,2,5,9,0,7,1,2,3,7,9,5,2,8,2,6,1,3,2,9,0,9,7,4,8,8,7,6,6,6,9,4,4,6,3,7,0,7,4,2,2,5,2,9,7,7,1,1,5,5,1,3,0,9,3,1,4,8,2,9,6,5,0,7,0,8,5,1,1,9,6,2,9,3,3,6,8,2,5,5,8,6,8,8,1,5,8,5,4,4,9,3,1,0,4,7,8,4,4,5,6,6,4,5,2,4,9,6,3,6,8,2,8,0,7,9,2,6,5,0,5,8,8,1,6,0,0,9,5,4,0,0,7,8,7,9,5,2,7,9,1,9,8,8,6,1,4,5,5,0,3,3,8,8,7,7,6,4,7,4,2,5,8,0,4,9,6,2,1,0,7,7,5,1,6,2,9,4,5,4,2,7,7,8,5,4,2,6,2,4,4,7,9,4,8,4,3,6,1,2,3,8,7,7,6,6,6,7,6,4,7,8,3,1,7,7,4,0,1,7,6,8,4,4,9,0,4,3,1,4,3,0,7,2,9,5,5,5,3,7,9,0,7,7,8,0,1,5,0,7,9,2,3,8,6,5,3,9,3,5,1,1,1,1,2,7,5,8,9,1,1,1,2,0,3,1,2,2,6,1,0,7,3,5,6,5,5,3,9,3,2,2,7,3,8,6,7,4,9];[9,1,4,1,1,10,5,8,7,0,9,9,3,3,7,6,7,6,14,10,2,3,4,3,13,8,5,9,11,6,10,13,7,14,12,1,3,6,13,1,3,6,12,2,10,7,2,7,6,6,1,0,4,11,12,13,0,11,0,8,1,11,4,5,7,3,6,2,2,8,4,5,7,0,8,11,0,8,10,8,7,8,10,0,5,13,11,5,9,11,4,10,7,5,2,1,10,7,13,4,4,13,7,8,6,2,6,7,14,12,14,2,6,3,0,7,5,0,1,9,12,11,10,10,8,14,9,6,12,7,13,12,5,10,3,9,0,9,4,13,12,11,12,14,7,2,13,12,7,5,12,3,3,3,7,11,10,3,7,3,2,6,10,2,13,9,5,14,0,1,8,1,1,4,1,3,11,1,14,2,11,13,11,9,14,8,11,11,8,14,0,12,0,9,13,4,12,12,6,11,3,1,1,1,8,6,7,10,14,5,6,14,9,14,6,3,4,0,12,3,0,7,14,1,3,4,10,2,2,10,5,13,0,0,5,3,11,4,5,7,9,3,10,10,9,3,6,11,11,2,4,9,0,4,2,2,3,1,1,4,8,7,8,6,4,13,12,11,8,4,11,0,12,5,14,9,8,11,14,14,12,11,11,1,1,6,5,14,0,5,4,2,10,9,12,12,14,5,4,2,7,4,8,5,2,4,4,7,9,8,5,3,4,3,1,6,11,7,5,11,2,6,0,7,11,5,4,10,7,0,2,11,14,1,3,10,14,13,12,8,4,10,0,9,2,1,9,7,6,1,12,5,2,5,14,12,6,14,9,10,10,1,5,12,13,7,12,2,5,0,10,5,6,0,5,12,6,12,13,6,6,8,14,3,4,6,11];[[0.8559393885152179,8.55939388515218,1.0],[0.8004839408308784,8.004839408308783,1.0],[0.5938433496209707,5.938433496209708,1.0],[0.8870093324131678,8.870093324131679,1.0],[0.741558169706834,7.4155816970683395,1.0],[0.8097670389513107,8.097670389513107,1.0],[0.2247324103169328,2.247324103169328,1.0],[0.9761818800633866,9.761818800633865,1.0],[0.6339038774096737,6.339038774096737,1.0],[0.5580285642552777,5.580285642552777,1.0],[0.4463526500656817,4.463526500656817,1.0],[0.28336462923826333,2.8336462923826335,1.0],[0.9019880415639555,9.019880415639555,1.0],[0.03268507148422006,0.32685071484220063,1.0],[0.4362825217209084,4.3628252172090844,1.0]]
3_DPpaulli_15_workers.fjs;6475.223438055276;307480;[61,402,586,736,792,896,934,1017,1506,1553,1664,2183,2524,2623,2757,0,187,218,291,482,578,1352,1596,1723,1915,2215,2424,2531,2623,2661,2751,2823,2847,2928,3006,36,113,274,381,546,619,789,855,1205,1277,1404,1422,1656,1776,2055,2129,2189,2236,2300,2357,2430,2532,2708,97,213,490,712,823,1011,1412,1787,1853,1940,2007,2098,2524,2557,2613,2708,2928,3013,207,303,397,490,711,750,916,1049,1112,1170,1311,1352,1456,1520,1657,1901,2031,2315,2341,2539,2751,218,385,676,818,897,1263,1331,1562,1664,1695,1787,2215,2315,2721,2840,0,295,429,1332,1434,1512,1548,1918,2023,2296,2316,2453,2748,2792,2882,2911,2972,0,329,397,430,921,987,1035,1098,1166,1205,1371,1498,1592,1724,1744,1972,2044,2253,2315,2377,2444,2520,2634,2730,2853,0,535,673,712,989,1035,1304,1434,1536,1553,1724,1820,1901,1949,2023,2064,2359,2421,2453,2531,2622,2853,2940,266,374,444,482,555,1112,1206,1361,1512,1585,1736,1776,2023,2140,2315,2430,2622,2782,2887,0,55,141,187,266,329,374,736,978,1027,1264,1596,1651,1748,1820,1889,2414,2494,2914,141,533,598,676,792,857,945,1051,1155,1225,1304,1315,1632,1851,1941,2497,2640,2683,2777,2972,3025,0,258,344,521,598,823,1094,1668,1814,1976,2138,2315,2538,2757,2869,2914,530,625,649,1144,1183,1195,1304,1458,1522,1627,2225,2357,2376,2869,2940,2963,131,374,622,640,750,888,978,992,1049,1094,1183,1277,1536,1662,1693,1868,1889,1949,2104,2143,2368,2565,2823,2924,2963,0,218,476,580,687,806,1035,1105,1166,1662,1820,2098,2236,2283,2359,2453,2815,34,113,178,213,310,420,442,502,586,857,965,1172,1456,1598,1696,1972,2129,2232,2380,2430,2579,55,178,331,344,433,814,896,1173,1263,1851,1981,2064,2143,2231,2267,2315,2928,104,176,367,611,649,673,707,750,927,1019,1156,1183,1264,1311,1331,1651,1837,2122,2441,2662,2777,2962,3006,52,104,118,596,857,1052,1195,1420,1458,1536,1752,2060,2377,2565,2721,2949];[3,9,8,0,2,5,4,6,9,5,6,0,9,4,7,2,1,4,4,0,6,3,9,9,0,1,0,5,9,2,2,9,5,1,9,8,4,9,4,4,1,4,9,6,6,3,2,0,9,2,2,9,6,9,1,5,2,1,0,9,6,1,9,8,4,5,2,7,0,4,4,4,1,0,5,2,1,0,6,3,2,7,7,0,1,5,3,6,1,2,9,4,2,7,7,3,3,7,9,3,6,1,2,2,1,5,5,6,0,0,7,1,3,8,9,1,9,6,9,4,9,6,3,3,0,0,7,6,8,4,6,2,7,0,5,4,8,6,9,8,0,8,8,1,2,8,4,2,3,4,6,4,5,4,8,2,1,4,3,2,9,8,4,4,0,4,6,3,7,6,7,7,8,7,8,3,0,5,7,0,1,5,0,4,9,3,4,6,1,3,4,5,2,5,8,3,1,6,5,5,6,7,8,8,6,5,6,6,5,8,0,8,8,1,8,6,3,0,0,0,3,3,4,9,8,5,7,9,9,5,0,3,6,1,7,8,0,2,3,6,3,8,7,2,8,5,5,4,0,4,8,7,9,5,8,2,7,0,8,7,6,7,3,9,9,0,9,4,3,1,6,9,5,6,8,9,7,4,1,4,7,4,3,8,1,6,8,1,0,8,7,4,6,9,8,2,1,2,1,3,9,9,8,7,0,9,1,6,7,6,4,8,9,0,9,3,5,8,7,0,1,3,6,4,1,8,3,4,5,1,7,1,8,1,5,2,7,7,2,1,3,6,7,8,2,7,8,2,9,2,0,2,7,7,5,6,8,1,2,4,3,2,5,2,0,6,9,7,6,8,5,9,7,7,8,6,2,7,7,0,8,2,5,4,6,8,3];[14,2,1,11,14,0,10,2,9,8,14,5,1,14,8,9,2,8,8,12,6,14,3,8,5,5,13,9,12,2,11,6,10,3,3,2,13,10,11,12,3,3,10,7,2,3,2,1,10,9,8,11,1,13,8,7,4,12,4,6,10,6,4,6,9,8,0,3,4,2,2,3,13,5,0,8,0,4,8,2,2,7,9,13,13,9,13,11,3,0,2,8,9,9,2,7,2,2,13,13,5,2,10,4,10,8,13,1,13,3,9,4,12,2,6,9,1,7,2,7,8,11,10,14,1,0,11,4,7,8,14,4,7,3,3,5,5,10,4,1,13,11,1,11,12,5,12,14,7,0,0,3,10,8,6,7,1,14,5,4,8,6,8,14,2,13,1,8,10,0,11,14,11,6,9,9,2,7,5,14,11,2,8,14,2,10,5,10,0,6,0,12,8,4,7,12,11,10,2,12,9,9,12,4,6,1,13,9,14,9,5,12,3,12,5,14,14,10,11,8,2,12,9,10,8,2,10,13,9,2,10,1,10,3,6,12,4,1,11,13,11,12,1,5,14,0,3,7,11,9,6,6,4,6,12,7,12,5,3,4,3,12,4,0,5,7,7,12,11,9,13,7,12,4,13,13,0,3,6,1,13,11,9,7,4,13,1,11,4,0,11,1,11,14,3,3,12,3,13,8,14,0,3,2,7,10,5,2,3,1,0,5,3,5,6,9,1,0,9,11,7,8,10,1,3,1,9,7,10,10,5,3,7,8,1,3,0,13,13,12,10,13,3,6,8,3,6,10,12,13,0,4,6,3,7,5,12,11,2,14,7,4,5,9,6,4,2,7,12,5,4,5,6,8,5,8,10,11,8,14,4,12,13,1,10,4,1];[[0.5198238265685563,5.198238265685563,1.0],[0.9583988744400509,9.583988744400509,1.0],[0.3402956357666065,3.402956357666065,1.0],[0.7081849781179302,7.081849781179303,1.0],[0.9252189405445452,9.252189405445453,1.0],[0.05032666735654623,0.5032666735654623,1.0],[0.6613275461751585,6.613275461751585,1.0],[0.82711411373077,8.271141137307701,1.0],[0.8734961127808921,8.734961127808921,1.0],[0.5913019030238962,5.913019030238962,1.0],[0.11264722490163037,1.1264722490163037,1.0],[0.34477784983246407,3.4477784983246407,1.0],[0.011377599382669468,0.11377599382669468,1.0],[0.7909742881977946,7.909742881977946,1.0],[0.3277964015146908,3.277964015146908,1.0]]
3_DPpaulli_15_workers.fjs;6616.653505107142;204270;[466,652,922,1142,1405,1646,1751,2236,2569,2612,2755,2873,2923,3067,3077,272,365,385,596,676,747,797,882,1000,1700,1765,1840,2090,2366,2409,2502,2653,2731,2819,3002,10,70,119,157,534,1281,1335,1489,1555,1619,1798,1875,1913,1985,2078,2148,2221,2261,2324,2386,2631,3002,3029,0,255,385,901,1017,1083,1168,1250,1349,1517,1700,1841,1881,1947,2420,2793,2905,3067,80,174,238,472,652,685,744,833,899,1614,1706,1767,1999,2304,2389,2460,2478,2560,2702,2767,2889,211,349,419,685,1070,1199,1472,1570,1738,1853,2052,2370,2775,2821,3029,211,361,679,949,1067,1181,1399,1429,1851,1901,2310,2389,2588,2631,2793,3013,3059,0,365,509,548,622,797,866,882,948,1388,1648,1751,1789,1853,1920,2013,2261,2370,2430,2511,2569,2653,2692,2850,2923,45,208,287,332,439,480,744,1168,1258,1275,1308,1399,1570,1619,1700,1845,2195,2424,2503,2560,2631,2759,2821,0,255,318,406,500,635,697,794,837,945,1306,1999,2019,2090,2261,2453,2608,2661,2746,0,57,157,410,874,945,1159,1405,1499,1595,1786,2090,2152,2165,2503,2692,2816,2833,2923,0,56,635,1095,1399,1468,1646,1718,1985,1996,2079,2090,2195,2221,2310,2458,2497,2539,2588,2677,2746,70,548,633,676,913,1044,1142,1258,1592,1751,1913,2004,2148,2224,2324,2366,57,114,314,399,514,797,1947,2064,2104,2310,2502,2588,2677,2802,2880,3062,298,424,710,729,866,910,1070,1083,1191,1441,1517,1645,1718,1807,2539,2653,2676,2727,2775,2821,2866,2923,2948,3002,3013,0,273,399,652,686,837,874,1013,1140,1219,1290,1517,1688,1765,1841,2723,2993,0,227,345,415,526,606,737,833,910,993,1226,1281,1584,1798,1851,1915,2186,2285,2721,2829,2985,0,45,113,124,211,514,747,899,1003,1250,1508,2125,2221,2467,2553,2905,2996,162,227,322,479,496,593,607,1144,1595,1685,1765,1796,1951,1991,2019,2218,2343,2459,2738,2850,2948,2990,3002,114,298,498,596,622,770,949,1013,1052,1335,1388,1491,1614,1786,1991,2889];[0,8,1,7,2,9,0,2,0,5,5,7,6,4,4,2,6,0,9,7,2,4,1,2,1,7,0,3,1,1,3,9,8,1,5,9,1,9,3,0,1,7,8,2,9,9,1,7,2,0,2,5,0,3,8,7,2,9,8,5,6,4,1,8,4,0,4,0,8,2,4,4,0,3,9,8,2,9,4,5,9,6,6,2,9,2,6,4,7,7,5,8,2,7,2,6,1,2,3,3,2,5,7,9,1,3,8,8,6,1,4,2,1,5,8,1,9,6,3,5,5,6,2,3,7,2,4,6,5,4,2,2,3,6,5,1,7,8,1,5,6,8,1,9,0,6,2,9,6,3,6,6,5,8,5,0,9,9,2,9,9,8,3,6,0,8,9,8,3,6,7,4,7,1,0,3,2,5,9,5,1,8,0,0,3,3,5,6,1,3,4,5,4,1,1,2,3,6,0,8,5,0,0,7,2,6,5,9,9,6,9,4,8,8,2,6,0,9,0,0,3,7,0,7,5,9,7,5,1,9,5,8,2,6,9,1,7,2,7,5,7,7,1,2,3,4,1,4,0,3,1,0,4,5,7,8,1,1,9,2,5,4,1,2,8,0,9,1,1,5,3,3,4,6,8,6,6,4,6,0,2,2,8,3,3,3,7,9,6,7,5,0,3,0,3,7,3,3,5,8,9,6,2,4,4,9,1,9,0,8,1,7,4,4,1,1,5,6,3,8,1,3,0,5,3,5,9,7,7,3,1,9,2,0,1,5,7,7,2,6,4,3,8,8,9,4,3,7,7,6,1,1,7,7,8,9,5,4,5,1,8,0,1,2,9,6,9,9,7,2,9,4,7,9,5,3,0,3,5,0,1,9,5,4,6,8,0];[10,14,0,3,1,5,12,11,2,4,10,7,2,7,13,5,14,14,10,12,8,14,6,0,1,0,7,4,4,11,2,6,4,5,3,2,13,6,8,12,3,1,3,3,9,6,1,10,7,13,14,6,5,3,6,10,6,1,9,14,1,11,6,2,1,1,2,9,13,8,13,2,3,11,8,11,0,4,3,3,13,13,10,7,10,11,9,11,8,0,2,5,7,10,13,1,6,5,3,1,1,10,13,4,4,8,4,11,13,13,8,14,12,7,14,3,1,0,12,10,14,11,13,0,1,5,12,2,8,13,3,1,8,1,12,11,5,12,3,4,6,2,10,2,12,6,5,1,14,6,9,11,4,3,14,10,4,6,7,4,13,11,2,2,12,7,5,1,14,6,9,9,13,3,1,12,2,4,1,13,4,0,10,3,9,12,7,10,5,6,8,12,9,12,8,6,7,1,12,11,4,9,9,14,5,6,6,2,3,1,10,9,3,3,9,11,9,2,7,5,2,9,0,11,10,4,10,13,2,8,10,12,4,11,3,8,10,7,0,8,8,0,8,4,4,14,8,0,11,14,6,12,7,8,10,10,9,8,1,7,6,2,11,7,6,7,0,12,6,0,0,0,8,13,8,9,2,9,13,10,7,9,12,3,12,13,8,4,10,4,11,13,9,5,12,5,11,5,2,1,4,6,10,6,2,12,3,9,14,7,10,6,0,6,3,12,1,3,3,10,6,11,14,4,12,13,8,8,10,13,4,0,4,5,5,1,14,12,2,11,9,7,7,13,13,5,0,10,2,0,8,5,9,6,6,10,13,6,1,8,4,14,1,3,9,14,2,11,10,5,1,12,8,13,1,14,6,4,13,12,13,8,14,3,1,4,5];[[0.18019241848515155,1.8019241848515155,1.0],[0.48736227300275514,4.873622730027551,1.0],[0.07759170039841756,0.7759170039841756,1.0],[0.5225667244081349,5.2256672440813485,1.0],[0.9196433340252647,9.196433340252646,1.0],[0.8762509611803474,8.762509611803473,1.0],[0.5029695910906639,5.029695910906638,1.0],[0.8160267976375112,8.160267976375112,1.0],[0.8059112000327816,8.059112000327817,1.0],[0.2140591090540045,2.140591090540045,1.0],[0.08805821114486456,0.8805821114486456,1.0],[0.20329737064426556,2.0329737064426556,1.0],[0.5837360924329463,5.837360924329463,1.0],[0.6737333796339059,6.737333796339059,1.0],[0.1608013027204077,1.6080130272040771,1.0]]
3_DPpaulli_18_workers.fjs;6407.5124544980945;456030;[0,408,440,482,644,734,771,849,910,955,1034,1549,2371,2923,2966,187,273,317,389,476,544,794,843,879,957,1020,1106,1287,1861,1956,2052,2118,2172,2767,2923,0,202,429,505,674,708,776,843,900,978,1095,1136,1197,1264,1439,1504,2153,2401,2521,2777,2847,2931,2959,206,505,717,849,945,978,1096,1141,1197,1425,1509,1596,1918,1964,2186,2320,2436,2699,0,88,317,592,641,675,956,1042,1134,1196,1287,1341,1425,1504,1591,1894,2219,2613,2667,2743,2844,63,573,648,1328,1697,1831,2047,2160,2193,2315,2430,2603,2692,2743,2959,448,736,794,886,1020,1095,1228,1399,1453,1507,1831,1879,2026,2172,2303,2576,2692,114,252,610,652,956,1157,1264,1297,1417,1463,1637,1762,1839,1909,1933,1959,2027,2085,2204,2238,2403,2676,2740,2815,2863,0,113,180,221,297,483,505,1141,1371,1385,1418,1509,1770,1988,2118,2251,2315,2436,2470,2521,2575,2660,2692,62,108,202,244,323,390,1549,1620,1703,1839,1959,2193,2284,2355,2475,2536,2619,2680,2863,36,110,241,297,377,439,583,734,1050,1085,1282,1342,1487,1637,1697,2035,2149,2430,2548,62,110,225,509,573,728,961,1175,1218,1239,1585,1602,1694,1723,1807,1902,1959,2207,2521,2576,2928,18,117,258,377,470,728,1338,1425,1532,2023,2118,2229,2363,2470,2688,2784,180,232,353,437,562,863,1173,1282,1591,1956,2255,2333,2386,2605,2750,2903,0,67,328,353,439,476,593,610,1283,1507,1595,1719,1879,1956,2027,2088,2115,2160,2246,2292,2326,2502,2650,2767,2844,0,286,422,684,1110,1173,1232,1341,1399,1665,1755,1817,1902,2035,2149,2775,2932,36,157,225,771,794,1208,1385,1769,1846,2088,2266,2355,2401,2459,2512,2574,2660,2740,2767,2831,2933,0,154,390,573,1124,1218,1320,1670,1769,1846,1951,2357,2471,2574,2613,2742,2827,0,170,252,345,543,564,641,886,1017,1034,1136,1330,1359,1508,1657,1728,1745,2254,2303,2515,2560,2892,2903,259,849,870,1106,1371,1594,1696,1842,1919,2074,2156,2292,2445,2619,2827,2922];[7,9,3,0,2,0,4,7,5,7,0,9,0,8,4,2,7,0,0,5,5,0,9,2,9,1,0,5,9,2,2,9,6,1,4,6,7,0,2,0,1,3,6,6,3,2,1,4,2,2,1,0,3,0,5,2,2,9,0,9,9,4,3,2,1,4,6,0,8,4,7,4,1,4,1,8,2,2,9,5,6,8,8,5,7,5,1,0,1,2,1,8,8,7,5,3,6,7,1,3,6,5,1,4,1,4,5,7,6,5,5,2,1,8,8,9,9,9,9,9,5,6,2,4,7,7,7,1,6,4,6,1,7,6,5,4,6,4,9,5,6,6,3,6,0,8,3,0,3,5,3,4,4,7,4,5,3,8,2,2,3,3,5,4,8,4,5,5,8,5,0,4,2,8,0,7,2,1,3,9,1,8,4,0,3,4,9,6,8,3,6,5,2,3,1,4,3,9,3,5,5,6,0,2,2,6,4,1,0,4,0,9,6,8,6,6,1,0,1,7,3,0,0,9,8,9,7,9,3,9,0,3,2,1,9,5,0,0,4,3,7,7,8,7,6,4,2,4,4,4,4,7,5,5,6,8,9,1,8,7,2,1,6,7,9,4,6,1,3,5,6,1,5,4,1,8,9,5,8,0,2,5,0,6,1,4,8,2,1,7,8,7,3,9,3,2,5,4,1,3,9,2,2,4,0,7,1,9,6,6,4,4,4,0,1,1,5,8,3,0,1,3,2,3,3,8,9,7,9,1,0,0,2,8,3,2,0,7,8,7,8,7,7,9,3,5,8,0,5,6,0,2,0,0,5,8,0,4,5,4,3,0,1,2,2,7,9,6,4,1,5,9,3,0,7,6,6,6,5,8,7,5,8,6,2,8,3];[0,11,1,6,3,3,7,8,8,0,12,7,0,10,11,4,4,0,13,10,11,14,13,7,2,11,8,11,13,0,9,12,13,6,1,13,8,4,14,7,11,1,14,11,11,5,6,4,13,5,12,4,5,8,8,7,0,5,3,13,10,1,14,8,11,9,1,13,14,9,13,8,6,3,9,3,14,2,10,11,4,12,9,1,5,12,10,1,8,5,12,8,4,13,11,13,12,12,10,5,9,9,1,11,8,5,2,10,9,13,8,2,7,9,4,12,5,14,3,12,3,2,10,12,1,12,1,11,9,14,13,12,2,7,4,3,5,9,6,9,14,6,0,10,14,7,10,3,7,7,10,14,5,8,5,11,9,14,2,13,3,10,2,10,14,11,10,3,9,4,4,11,12,13,14,12,12,13,13,11,9,7,7,6,6,13,5,9,2,9,1,3,2,4,5,10,5,8,3,14,8,6,13,13,6,13,5,13,7,10,0,2,12,8,9,8,5,3,8,3,6,10,13,8,6,10,11,3,6,6,5,10,14,4,0,5,10,10,5,14,4,5,4,1,1,6,14,8,9,1,11,9,13,1,2,2,4,2,6,3,4,2,14,14,12,5,7,9,9,0,5,3,0,1,2,0,1,8,0,8,2,6,4,7,5,2,11,10,13,6,2,5,13,2,12,3,10,10,0,9,7,11,13,2,7,11,13,11,7,4,3,0,2,4,9,9,6,0,3,13,3,10,13,14,7,12,14,6,11,4,8,1,12,0,8,3,2,4,12,4,9,4,8,0,13,6,0,14,6,5,10,6,7,7,1,6,6,0,11,10,8,10,5,11,1,5,12,5,1,2,0,8,7,5,12,3,8,4,4,1,8,9,6,4,8,11,13];[[0.7773566427005639,7.7735664270056395,1.0],[0.6698255595592497,6.698255595592498,1.0],[0.09913960392481702,0.9913960392481702,1.0],[0.35297051119014544,3.529705111901454,1.0],[0.4679077429008419,4.679077429008419,1.0],[0.5346837414708775,5.346837414708775,1.0],[0.9783090609123973,9.783090609123974,1.0],[0.13031535015865903,1.3031535015865903,1.0],[0.6712434682302663,6.712434682302662,1.0],[0.36422941594737557,3.6422941594737557,1.0],[0.48883570716198577,4.888357071619858,1.0],[0.20301221073405373,2.0301221073405373,1.0],[0.6661983755713592,6.661983755713592,1.0],[0.2276630312069321,2.276630312069321,1.0],[0.4580640582967631,4.580640582967631,1.0]]
3_DPpaulli_18_workers.fjs;6518.034271709214;510330;[428,1226,1347,1388,1473,1557,1596,1809,1973,2028,2141,2331,2591,2689,2946,0,134,160,310,352,545,589,660,789,1044,1117,1260,1336,1627,1671,1757,2286,2801,2878,2991,248,846,1168,1246,1417,1449,1502,1571,1627,1684,1717,1897,1930,2000,2381,2464,2548,2596,2658,2727,2819,2912,2983,79,103,210,861,1141,1394,1763,1857,1983,2081,2141,2231,2291,2423,2526,2637,2764,2837,0,180,349,552,593,659,1226,1565,1826,1890,2018,2208,2308,2381,2495,2562,2584,2654,2797,2819,2948,75,209,227,310,349,433,773,1418,1728,1944,2135,2229,2419,2464,2560,209,270,324,574,640,783,995,1031,1330,1388,1679,1830,1983,2207,2324,2500,2896,0,352,439,481,765,861,919,1004,1193,1257,1596,1671,1757,1832,1857,1913,1983,2035,2094,2135,2272,2599,2865,2945,2991,108,143,227,716,861,920,942,1002,1092,1107,1141,1226,1299,1342,1417,1465,1725,1866,2031,2323,2456,2606,2969,61,108,184,270,481,942,1044,1257,1347,1412,1524,1728,1785,1855,2031,2246,2708,2788,2951,61,270,360,411,660,724,1193,1567,1684,1944,2065,2183,2398,2477,2541,2646,2734,2878,2969,137,226,305,411,481,700,742,868,903,1107,1449,1652,1772,1890,1970,2092,2184,2562,2618,2759,3019,167,268,657,700,783,861,961,1360,1621,1717,2094,2270,2535,2617,2875,2983,494,556,636,773,963,1192,1628,1727,2342,2415,2727,2773,2837,2890,2957,2983,17,417,528,556,724,765,846,864,961,1029,1102,1181,1248,1328,1513,1635,1852,2080,2229,2345,2514,2756,2904,2967,2983,0,742,895,963,1181,1412,1513,1582,1635,1686,2035,2115,2401,2421,2683,2764,2845,0,143,268,636,745,829,864,923,994,1029,1526,1578,1628,1913,2135,2177,2308,2398,2421,2707,2773,0,134,209,454,528,581,727,773,923,1031,1077,1441,2183,2286,2606,2677,2801,0,59,137,417,549,812,894,942,1102,1181,1397,1502,1526,1569,1739,1809,2317,2466,2514,2618,2646,2927,3018,352,399,549,636,659,687,1117,1246,1291,1336,1757,2113,2213,2308,2357,2658];[7,8,3,7,0,0,2,7,4,7,0,7,9,4,7,9,3,0,4,9,5,0,1,2,1,7,6,5,6,1,4,9,8,2,4,6,1,6,9,2,1,3,6,7,3,9,1,1,9,8,1,5,0,6,8,5,6,9,9,5,6,0,9,0,3,4,0,0,8,4,3,6,1,5,9,4,2,8,6,6,9,8,4,9,8,2,6,0,8,2,7,3,2,7,5,3,6,3,4,2,6,5,2,4,8,3,5,3,6,0,5,8,1,5,7,1,9,6,8,5,9,6,2,3,7,7,3,5,7,3,2,9,1,5,3,1,6,5,8,8,6,8,4,9,0,2,2,3,6,1,6,1,4,0,4,2,9,8,9,2,3,3,5,9,8,2,1,1,4,9,0,5,1,2,8,5,8,4,9,9,1,5,2,7,5,8,9,6,2,0,6,5,5,4,0,2,0,0,1,8,5,9,7,5,7,6,6,2,0,6,8,3,7,8,5,6,3,2,1,9,3,3,4,1,5,2,8,7,8,9,5,6,7,1,1,5,5,8,3,6,3,7,1,3,3,5,2,4,6,2,4,7,8,3,7,2,0,1,0,7,5,3,3,5,9,0,3,1,7,4,6,8,5,1,8,2,7,0,2,0,3,2,8,4,1,6,1,4,4,0,5,7,3,0,0,5,5,2,5,7,4,1,0,4,7,9,4,9,6,6,1,4,9,5,7,5,8,9,0,4,1,3,9,4,5,5,0,4,7,2,2,7,8,3,6,2,2,7,9,8,8,6,8,9,2,7,1,7,6,6,1,9,1,0,3,6,3,3,8,1,9,8,5,3,9,2,9,3,8,4,1,4,3,7,8,4,2,1,0,5,0,1,1,3,6,6,0];[9,2,12,3,2,6,0,3,4,9,13,10,12,9,10,6,3,14,13,11,1,3,5,1,5,6,13,7,9,5,10,9,7,9,4,13,10,3,8,14,8,5,7,2,10,11,3,11,5,0,14,7,11,13,3,6,4,11,11,8,9,4,10,13,3,9,8,7,8,1,11,6,1,6,0,8,2,1,4,6,7,2,5,12,6,12,7,12,8,12,9,10,6,9,5,14,0,1,0,6,11,9,8,5,4,8,10,6,6,14,7,3,7,14,10,8,12,9,13,13,3,2,8,8,9,14,0,2,11,8,13,10,5,7,9,0,9,0,12,6,14,5,13,11,9,12,1,2,12,7,4,2,2,9,2,9,0,2,3,14,3,11,9,4,5,4,2,14,2,14,2,3,10,6,4,14,5,13,14,12,3,12,14,0,2,5,7,14,13,9,10,3,13,8,2,7,12,7,5,1,7,5,7,14,13,13,14,7,7,12,4,3,10,8,3,12,12,0,12,4,10,9,13,7,7,1,4,14,4,3,6,0,14,2,8,7,8,4,10,8,11,11,0,9,8,10,5,10,5,0,13,1,11,2,4,0,10,13,12,9,3,9,7,9,5,1,1,6,4,11,9,0,7,14,0,14,1,2,1,8,0,10,7,11,5,11,0,7,0,10,5,11,8,13,10,10,4,9,10,11,10,3,3,12,1,10,7,11,13,4,1,13,11,5,13,9,6,5,10,7,1,5,1,1,3,10,2,1,11,4,11,5,1,10,3,7,10,4,4,13,8,14,11,5,3,5,14,3,9,10,10,6,14,0,8,2,2,1,6,1,3,0,0,2,5,0,11,1,1,0,12,2,8,5,11,11,1,12,3,1,0,1,11,11,12,4,10];[[0.7966509679599704,7.966509679599704,1.0],[0.05862623274803458,0.5862623274803458,1.0],[0.7602397739740907,7.602397739740907,1.0],[0.8627037401845356,8.627037401845355,1.0],[0.09127403464611428,0.9127403464611428,1.0],[0.9024924365975527,9.024924365975528,1.0],[0.7858960565941281,7.858960565941281,1.0],[0.40667966546103385,4.0667966546103385,1.0],[0.37447264465852026,3.7447264465852026,1.0],[0.6490262282913547,6.490262282913547,1.0],[0.40092466608569977,4.009246660856998,1.0],[0.5721109226277574,5.721109226277575,1.0],[0.6077930620255084,6.077930620255084,1.0],[0.05072389565884072,0.5072389565884072,1.0],[0.7370880093375713,7.370880093375714,1.0]]
3_DPpaulli_18_workers.fjs;6131.456308472663;1079120;[109,329,364,575,684,770,809,1060,1120,1166,1357,1990,2272,2418,2739,76,170,190,268,496,577,680,833,1106,1203,1333,1483,1579,1749,1881,2012,2131,2595,2678,2743,420,552,703,744,833,868,1151,1219,1281,1331,1357,1768,1801,2012,2096,2166,2226,2385,2447,2517,2591,2688,2820,0,170,273,311,406,496,598,797,904,996,1069,1166,1406,1465,1664,1921,2435,2637,165,267,329,420,467,497,552,636,699,1012,1097,1266,1436,1664,1768,1838,1980,2096,2131,2566,2659,0,58,412,806,845,1361,1546,1639,1687,1727,1870,1942,2363,2412,2453,109,228,488,1016,1084,1242,1438,1524,1579,1631,1660,1710,1838,1992,2391,2446,2794,488,530,610,714,902,967,1006,1060,1112,1418,1504,1595,1639,1814,1846,1875,1940,1990,2135,2236,2304,2536,2575,2686,2764,0,58,182,231,439,658,735,917,1159,1606,1669,1768,1944,1992,2064,2110,2166,2223,2294,2392,2478,2566,2655,0,41,80,131,205,347,412,488,757,821,1020,1159,1357,1436,1698,1976,2305,2358,2739,165,247,638,747,912,1266,1402,1504,1756,2164,2378,2468,2521,2536,2611,2637,2723,2743,2831,80,247,310,347,638,703,747,788,1188,1436,1654,1852,2062,2135,2217,2267,2506,2659,2735,2803,2857,63,257,484,967,1219,1317,1402,1520,1710,2110,2214,2304,2575,2644,2735,2831,0,120,154,699,840,852,1611,1710,1749,1823,1896,1960,2221,2267,2533,2794,205,220,411,497,624,835,1006,1097,1148,1192,1266,1342,1426,1514,1550,1660,1766,1870,2135,2180,2212,2363,2688,2739,2787,65,420,624,845,881,1514,1544,1631,1687,1942,2164,2272,2365,2392,2423,2536,2624,0,120,220,308,335,436,564,763,881,917,990,1054,1342,1757,1803,1846,2019,2267,2438,2680,2779,127,530,763,931,1069,1120,1195,1213,1468,1610,1852,2022,2093,2217,2304,2558,2742,0,65,182,311,575,699,715,990,1312,1401,1846,1896,1934,1980,2064,2195,2226,2305,2352,2435,2468,2513,2533,65,334,658,917,950,1159,1256,1317,1384,1557,1609,2001,2093,2360,2468,2536];[7,8,8,1,5,5,6,7,0,8,6,3,3,8,0,4,1,4,4,5,2,0,9,2,1,3,0,1,7,0,5,7,2,1,3,9,7,1,9,1,1,5,6,6,7,2,1,7,7,9,2,9,0,3,8,5,2,1,3,9,6,6,0,2,6,0,0,5,4,0,4,4,9,4,9,9,8,8,9,7,1,7,8,7,8,8,3,4,7,2,0,3,7,7,8,7,3,2,8,5,2,5,4,2,2,5,5,3,6,2,4,4,8,5,6,1,9,7,4,1,5,6,3,4,0,9,3,5,5,4,0,9,7,6,2,3,6,5,9,8,9,4,5,9,2,2,4,0,6,5,6,4,0,0,8,2,5,9,0,0,0,8,4,4,0,8,9,1,4,2,3,7,7,5,7,1,4,0,6,5,2,7,2,4,8,2,4,6,2,7,6,6,0,2,6,4,3,0,6,4,5,3,8,9,6,6,5,0,9,2,9,8,8,8,4,6,3,3,1,1,3,3,7,2,5,1,8,9,1,5,9,3,7,6,9,5,0,2,9,6,5,8,0,4,3,4,1,8,6,6,2,0,5,9,6,2,8,8,0,7,2,4,1,1,4,4,5,4,2,1,3,1,4,4,2,8,6,4,0,9,2,2,0,6,3,7,4,9,0,3,5,7,3,9,2,5,3,0,7,7,5,1,3,7,0,0,1,1,9,0,1,5,2,4,5,3,5,8,7,9,7,2,0,9,9,5,3,7,7,9,2,6,4,1,1,5,7,7,2,3,7,6,6,5,3,1,3,1,9,3,0,5,6,7,2,9,3,3,1,4,7,8,1,4,2,6,9,6,8,2,1,7,0,4,7,4,9,8,5,2,8,8,8,6,8,6,0];[2,1,14,2,13,10,14,7,8,11,12,1,4,10,1,5,4,12,11,10,5,9,4,2,5,0,2,5,8,8,14,8,6,6,4,10,13,4,3,6,11,7,3,12,12,3,5,5,8,11,10,9,11,8,3,8,10,0,12,5,9,0,5,1,1,11,9,2,10,12,10,0,2,4,2,14,13,4,11,3,4,13,6,14,6,5,5,8,8,12,14,2,14,8,3,11,0,3,0,12,8,12,10,12,2,7,10,5,5,4,7,4,6,14,2,11,1,2,2,5,0,1,11,0,1,13,14,6,13,8,9,12,5,14,5,12,14,12,6,10,9,13,6,9,9,1,7,14,14,1,1,1,5,9,4,4,1,1,9,11,11,8,5,14,5,3,10,9,3,5,13,7,0,1,11,9,2,13,7,13,9,9,6,2,6,12,2,7,13,5,3,6,6,8,3,13,6,7,0,7,12,0,9,9,6,3,13,3,7,12,5,12,11,10,4,12,10,10,8,1,7,9,13,5,5,3,10,11,1,13,13,10,11,3,6,7,11,8,3,1,10,14,4,6,14,14,1,7,0,7,2,3,11,8,8,14,9,2,8,11,4,13,12,4,6,9,4,12,11,4,8,12,11,1,9,13,0,0,9,7,14,7,4,7,1,14,0,6,4,10,13,8,8,8,11,4,8,9,14,1,0,10,11,12,5,7,13,0,2,10,5,10,0,2,10,13,11,0,8,13,0,3,2,11,11,6,10,6,10,4,11,7,4,6,11,4,14,4,14,1,10,3,12,2,11,11,4,14,6,3,10,9,7,3,0,10,5,1,11,11,3,3,7,2,10,3,12,3,1,4,8,6,12,2,6,0,2,6,13,8,7,6,4,12,0,9,13];[[0.5209484070219088,5.209484070219088,1.0],[0.42125020101147315,4.212502010114731,1.0],[0.22094517308324657,2.2094517308324657,1.0],[0.13033708391670573,1.3033708391670573,1.0],[0.48395776843282956,4.839577684328296,1.0],[0.6260889663051598,6.260889663051597,1.0],[0.6211218319323739,6.21121831932374,1.0],[0.707277595965894,7.07277595965894,1.0],[0.43539590023548325,4.3539590023548325,1.0],[0.04809800715767443,0.4809800715767443,1.0],[0.2254847064342842,2.254847064342842,1.0],[0.788548045160999,7.88548045160999,1.0],[0.42108890435006496,4.21088904350065,1.0],[0.5652029481252892,5.6520294812528915,1.0],[0.6764042610645917,6.764042610645918,1.0]]
3_DPpaulli_18_workers.fjs;6434.594096860161;271970;[0,848,952,1274,1724,1814,1854,2128,2193,2357,2435,2521,2630,2779,2881,124,204,229,302,516,898,964,1017,1066,1169,1232,1297,1403,1527,1689,2193,2258,2286,2443,2648,64,122,302,362,515,775,832,1044,1109,1160,1317,1472,1562,1832,1910,2128,2383,2570,2624,2714,2780,2907,2939,0,23,78,112,196,530,609,653,708,798,916,1359,1487,1673,2047,2502,2648,2771,103,204,314,404,475,575,630,719,896,1044,1131,1177,1333,1467,1593,2009,2138,2487,2630,2781,2867,103,1088,1160,1573,1632,1770,1854,2169,2568,2621,2709,2780,2862,2914,2948,343,404,516,608,1191,1344,1402,1433,1518,1870,1910,1999,2088,2193,2587,2621,2697,56,122,236,404,598,657,995,1120,1232,1333,1414,1517,1671,1795,1954,1986,2047,2103,2229,2325,2371,2508,2703,2781,2826,305,438,657,701,777,1131,1316,1397,1485,1552,1582,1672,1752,1795,1870,1945,2001,2054,2320,2431,2624,2745,2781,62,155,191,236,458,609,777,946,1017,1486,1655,1752,1775,1849,1948,2009,2268,2814,2948,0,62,171,250,456,515,677,1024,1110,1243,1414,1429,1544,1954,2170,2226,2304,2443,2537,0,47,653,705,785,855,898,981,1018,1176,1255,1377,1486,1595,1815,1948,1994,2502,2549,2781,2903,196,351,1040,1109,1169,1625,1775,1854,1930,2023,2258,2356,2421,2487,2669,2725,23,229,362,558,720,856,1258,1487,1527,1595,1710,1986,2011,2545,2678,2703,62,77,341,404,505,539,699,720,772,817,890,964,1040,1270,1344,1565,1854,2054,2089,2190,2265,2356,2713,2931,2947,191,469,530,768,956,985,1024,1305,1355,1503,1607,1678,1978,2039,2281,2427,2957,0,124,268,798,823,896,921,979,1077,1109,1176,1275,1317,1433,1503,1556,2371,2466,2521,2568,2862,77,268,339,475,802,1017,1240,1374,1625,1899,2190,2356,2549,2781,2826,2875,2957,0,250,404,705,890,924,946,985,1151,1255,1316,1377,1505,1550,1697,1814,2047,2134,2236,2321,2602,2721,2736,188,333,351,505,671,739,856,916,1120,1309,1467,1593,2089,2172,2508,2657];[3,5,3,3,2,9,5,5,9,9,0,7,7,8,7,8,3,1,0,9,3,1,5,1,9,4,2,5,7,9,5,0,0,1,1,7,1,1,2,6,1,7,8,6,4,9,8,1,2,0,1,5,3,6,0,7,2,9,8,9,9,0,9,0,3,6,4,3,6,5,4,2,1,0,9,2,2,8,3,8,1,8,7,9,4,0,3,3,9,2,5,4,0,7,8,1,6,3,3,2,4,1,7,9,8,4,5,8,0,5,5,4,1,5,2,1,6,7,4,0,4,8,2,0,0,8,8,2,1,3,7,4,3,5,2,6,7,9,6,1,9,4,5,9,2,8,8,2,3,1,6,6,4,2,4,9,5,8,6,0,8,3,3,2,0,3,5,8,4,7,3,4,8,5,0,1,3,5,6,5,9,5,0,8,8,1,6,5,1,0,6,4,5,2,8,2,5,6,1,5,2,8,0,2,1,5,6,6,5,8,0,1,1,8,8,6,0,3,1,9,3,7,0,7,8,1,8,9,6,7,5,6,9,6,9,7,0,6,9,9,5,8,1,3,3,8,5,7,7,3,2,7,8,3,4,8,7,8,7,7,6,2,8,9,9,0,6,4,2,4,4,1,1,7,2,6,2,0,1,9,7,6,3,5,1,3,7,1,3,5,2,7,3,6,0,5,5,0,2,3,1,1,3,4,7,0,6,6,6,0,1,4,4,4,4,5,5,4,9,8,7,9,0,4,5,9,3,4,5,7,0,2,2,0,3,5,6,7,2,9,7,6,6,9,6,4,1,8,7,6,0,5,0,8,7,8,0,8,4,4,8,8,6,2,2,7,9,9,4,9,9,7,6,9,7,1,7,6,0,5,5,1,7,3,2,4,3];[7,11,11,1,3,11,12,13,12,2,8,0,12,10,13,0,7,1,11,9,7,14,0,11,2,14,4,8,3,4,1,10,8,7,1,8,10,4,14,14,6,0,3,8,1,13,14,11,13,3,14,7,9,0,4,7,3,2,10,14,11,9,14,13,5,4,5,10,3,7,8,8,13,14,10,11,7,0,10,9,7,10,2,10,0,10,9,12,8,12,13,4,3,10,13,3,12,12,2,8,3,9,8,1,11,8,5,5,14,8,8,4,7,7,2,6,1,1,11,3,5,2,8,3,11,13,5,11,1,7,6,12,11,11,11,0,5,11,13,7,14,6,6,0,13,9,10,4,7,6,11,6,0,2,6,2,14,14,9,4,11,4,4,8,7,13,10,9,10,6,11,11,13,1,9,1,8,9,8,12,10,13,13,14,6,11,10,0,13,2,6,12,10,13,11,10,11,13,5,13,14,11,7,12,1,8,13,2,4,1,6,2,3,6,7,12,6,7,12,4,3,11,4,9,6,3,6,2,1,0,11,0,8,11,1,11,3,0,2,12,10,14,14,14,2,1,9,11,0,9,2,2,1,8,5,14,9,12,7,13,9,4,14,2,7,3,7,0,11,0,14,12,12,4,9,13,1,2,13,7,7,10,2,6,5,6,8,4,4,5,11,11,6,13,0,3,7,2,12,4,10,10,11,2,1,5,0,11,13,14,4,2,6,5,9,9,1,6,13,14,0,3,3,13,4,14,4,2,10,13,10,10,12,9,1,12,14,4,14,5,5,14,12,1,2,4,14,11,0,7,10,6,4,6,12,10,11,13,2,11,7,7,9,13,1,2,6,6,8,3,9,6,3,3,7,6,11,14,14,7,9,1,6,4,8,13,13];[[0.49734142093980327,4.973414209398033,1.0],[0.35999045686025677,3.5999045686025677,1.0],[0.7220617567237175,7.220617567237175,1.0],[0.44672126724761885,4.4672126724761885,1.0],[0.4533596515962979,4.533596515962978,1.0],[0.025925678678183073,0.25925678678183073,1.0],[0.33490089376309407,3.3490089376309404,1.0],[0.4755440242737675,4.755440242737675,1.0],[0.45132356511490823,4.513235651149082,1.0],[0.08788974506102976,0.8788974506102976,1.0],[0.29509671683068217,2.9509671683068217,1.0],[0.33863234208051063,3.3863234208051063,1.0],[0.9020959027552419,9.020959027552419,1.0],[0.7173473735926632,7.173473735926632,1.0],[0.8986159167700656,8.986159167700656,1.0]]
3_DPpaulli_18_workers.fjs;6462.7828763320485;685890;[0,63,124,655,987,1186,1226,1316,1375,1622,1954,2039,2234,2415,2893,0,82,124,220,257,1552,1606,1657,1838,1945,2012,2083,2253,2334,2522,2688,2751,2782,2919,3008,0,139,549,639,742,891,977,1130,1275,1370,1402,1421,1458,1534,1731,1821,1909,2171,2225,2279,2346,2463,2956,70,238,299,351,443,477,721,759,944,1033,1101,1183,1241,2019,2476,2775,2819,2982,39,149,218,306,351,381,479,565,633,719,807,1068,1208,1283,1375,1782,2237,2326,2554,2829,2938,372,442,477,1203,1632,1972,2334,2441,2467,2516,2622,2688,2767,2821,2940,94,218,460,549,997,1316,1419,1501,1552,1611,1683,2098,2500,2746,2896,2931,2982,0,299,593,630,809,944,977,1100,1186,1307,1764,1816,1874,1942,2151,2180,2237,2330,2460,2578,2746,2821,2860,2938,2982,0,70,143,401,611,787,807,1077,1181,1370,1594,1702,1854,1906,1995,2083,2360,2441,2470,2541,2588,2671,2701,436,561,595,655,807,874,932,1151,1316,1446,1463,1534,1561,1984,2171,2270,2360,2587,2688,184,307,401,549,830,891,1003,1101,1241,1434,1501,1764,1893,1909,2053,2073,2516,2724,2817,257,307,372,656,719,1040,1089,1458,1670,1690,1835,2033,2125,2180,2270,2545,2658,2782,2859,2928,2979,377,860,941,987,1040,1121,1226,1419,1685,1739,1855,2188,2255,2386,2614,2671,139,443,471,595,700,759,1275,1377,1513,1606,1972,2136,2326,2386,2467,2751,64,143,188,338,452,483,700,716,777,830,1419,1505,1683,1806,1946,2146,2225,2470,2545,2590,2688,2792,2829,2881,2893,165,299,377,484,517,639,679,750,815,954,1121,1501,2033,2083,2597,2701,2819,0,70,131,437,483,560,944,1032,1119,1283,1395,1702,1747,2082,2293,2395,2475,2554,2707,2881,2979,807,824,932,954,1033,1119,1416,1534,1802,2012,2161,2302,2373,2476,2597,2645,2877,0,199,372,483,616,727,770,874,1338,1358,1419,1611,1640,1739,1764,1835,1855,1946,2021,2136,2171,2217,2659,96,218,564,655,860,1180,1275,1338,1377,1611,1714,1854,1954,2279,2475,2624];[5,5,2,0,2,5,4,5,0,9,8,7,8,2,0,2,7,4,9,4,7,6,5,2,1,3,2,1,1,2,4,7,6,2,2,9,0,1,3,6,1,3,1,7,2,9,9,1,2,2,4,4,3,0,3,5,0,9,9,5,8,6,2,0,1,4,4,1,0,0,9,2,9,3,5,1,4,8,3,2,2,2,4,6,4,2,3,6,8,2,5,3,2,7,3,7,6,3,8,2,2,8,2,6,1,5,5,9,6,2,4,8,8,8,9,7,6,6,8,7,4,8,2,7,0,0,5,5,4,4,7,3,1,7,3,6,1,6,1,1,9,6,5,1,2,5,4,4,3,1,9,6,4,0,8,1,5,4,2,0,0,2,2,4,0,3,9,9,7,3,2,7,2,6,8,5,3,3,2,5,5,8,4,0,9,4,5,6,1,3,9,6,2,3,6,9,5,9,1,9,1,3,0,5,2,7,5,4,8,2,0,1,6,8,0,9,0,4,2,0,9,3,9,1,5,5,8,5,1,9,8,2,7,2,7,5,5,9,2,5,7,8,5,2,1,4,1,7,7,8,2,8,2,6,8,2,1,1,9,7,5,7,6,9,8,0,1,4,7,1,7,8,1,6,7,9,6,5,0,6,7,2,0,3,3,7,7,9,1,4,8,4,3,9,5,7,3,7,7,8,5,9,8,7,0,0,4,1,5,1,1,0,9,0,5,3,9,4,9,8,1,8,6,9,5,4,3,4,2,8,7,2,4,3,1,8,4,7,9,6,1,9,9,9,6,5,0,1,7,2,0,1,7,5,7,8,3,8,4,4,2,1,5,1,0,7,6,6,0,8,6,5,6,0,8,2,7,3,7,3,1,9,7,4,0,8,3];[2,11,9,10,3,1,2,5,1,9,7,9,9,8,1,5,2,2,14,14,14,8,6,7,1,3,13,13,1,3,0,6,5,13,4,10,9,4,6,13,11,5,3,3,4,12,12,4,1,11,14,7,9,8,0,6,10,11,3,12,7,1,10,2,9,9,2,13,10,6,10,5,9,3,0,14,9,10,1,1,9,8,10,10,11,11,0,8,13,12,5,10,6,5,14,4,8,11,8,14,10,13,8,13,8,7,0,11,11,9,8,5,3,9,4,1,7,2,10,7,12,0,10,4,11,14,14,1,3,6,12,9,12,10,9,9,11,14,6,8,9,10,6,8,14,3,10,11,7,7,12,6,14,1,4,13,6,13,4,4,14,7,9,2,5,13,5,12,13,2,7,13,3,10,12,8,8,12,14,7,5,11,14,6,12,4,7,10,8,11,11,13,4,14,5,7,7,13,5,11,6,3,9,2,11,0,14,0,7,14,8,6,2,4,11,0,11,5,4,4,14,12,3,8,4,3,10,10,12,6,4,10,13,5,4,4,2,4,1,14,4,0,6,1,2,14,1,1,2,12,2,6,1,1,9,14,8,2,0,11,10,14,14,5,2,3,2,0,10,12,12,7,3,5,12,12,3,1,14,0,12,7,4,11,0,6,8,6,14,12,13,1,9,4,4,14,11,7,3,2,8,9,11,5,5,7,3,0,5,3,3,14,7,4,3,12,8,6,13,11,9,1,2,9,10,0,12,12,3,12,0,13,4,8,12,12,14,4,4,6,6,2,8,5,0,1,1,11,0,11,10,6,6,3,12,2,3,13,2,10,0,3,12,8,11,5,4,9,6,6,4,4,10,5,1,9,4,8,7,8,12,9,9,10,12,8,9];[[0.4211249061401,4.211249061401,1.0],[0.9761073344853062,9.761073344853061,1.0],[0.6132800246752349,6.132800246752349,1.0],[0.6930423279788359,6.930423279788359,1.0],[0.5088628354481554,5.088628354481553,1.0],[0.18781156668551158,1.8781156668551158,1.0],[0.830121874145001,8.301218741450011,1.0],[0.8449241651217704,8.449241651217704,1.0],[0.20962821201639004,2.0962821201639006,1.0],[0.6505169872996391,6.505169872996391,1.0],[0.7003316191510263,7.003316191510263,1.0],[0.7150339547653067,7.150339547653068,1.0],[0.8091072451390076,8.091072451390076,1.0],[0.8451978833841938,8.451978833841938,1.0],[0.3695849781386673,3.695849781386673,1.0]]
3_DPpaulli_18_workers.fjs;6090.129513544605;1121330;[141,763,989,1003,1140,1478,1515,1942,2003,2253,2411,2580,2613,2790,2826,0,81,106,177,214,277,399,475,537,910,1314,1378,1536,1670,1704,1942,2089,2117,2370,2793,106,239,318,352,437,475,630,729,843,973,1471,1498,1664,1817,1898,2004,2076,2127,2297,2495,2658,2743,2773,58,559,688,790,877,963,1089,1376,1522,1629,1971,2074,2120,2292,2361,2661,2747,2820,63,177,235,355,394,876,1005,1248,1318,1383,1713,1807,1894,2005,2089,2234,2338,2432,2469,2492,2613,0,63,508,582,618,684,725,1047,1072,1105,1395,1485,1734,1894,2746,0,135,234,336,399,474,594,644,725,1168,1429,1558,2202,2305,2386,2440,2531,53,157,239,288,461,591,630,794,823,866,1112,1170,1223,1448,1512,1605,1702,1758,1907,2210,2256,2360,2531,2613,2722,234,294,425,475,553,697,827,1077,1163,1191,1224,1314,1394,1439,1512,1566,1661,2372,2467,2580,2634,2715,2746,55,141,180,215,285,400,474,594,641,890,919,1221,1515,1686,2156,2531,2611,2658,2739,0,76,187,391,475,688,763,900,1259,1349,1415,1429,1761,1817,2047,2065,2360,2495,2715,157,306,559,575,725,835,1029,1189,1248,1314,1414,1621,1831,1860,2203,2432,2489,2592,2693,2762,2826,96,204,553,591,689,764,866,1478,1705,1761,2217,2305,2361,2432,2531,2762,0,400,474,903,963,1068,1259,1318,1758,1831,1897,2054,2344,2571,2700,2818,201,215,305,325,394,528,608,717,790,835,909,995,1096,1170,1203,1299,1329,1394,1698,1776,1831,2089,2467,2576,2642,0,68,527,650,694,721,764,1361,1610,1661,1726,1799,1887,1937,1973,2117,2430,0,68,271,355,378,448,617,688,790,837,903,957,1005,1059,1544,1587,1670,1784,1966,2065,2253,59,269,306,325,400,630,825,995,1498,1568,1780,1862,2156,2252,2297,2633,2790,0,75,910,975,1005,1329,1478,1550,1609,1629,1704,1862,1897,1942,2005,2074,2127,2210,2262,2344,2372,2413,2634,0,258,437,1072,1133,1163,1312,1383,1610,2143,2202,2413,2488,2579,2725,2799];[7,5,7,0,0,0,4,7,5,5,5,5,6,8,5,9,4,1,9,0,6,1,5,2,9,0,6,5,4,0,3,7,9,2,6,4,7,6,4,5,1,3,1,7,9,3,1,1,2,2,9,0,6,1,5,2,2,9,0,6,1,1,3,2,1,4,6,3,6,3,3,6,8,8,1,2,2,1,3,8,2,2,9,7,8,7,2,4,9,7,5,9,2,7,7,9,1,2,4,5,9,1,7,9,2,3,2,3,7,1,4,8,8,5,8,1,6,7,3,5,4,8,2,2,2,0,1,2,8,3,8,4,7,0,2,6,5,6,6,8,9,6,6,9,4,5,2,0,3,4,6,1,5,0,5,2,3,9,3,2,9,7,5,2,0,3,1,9,8,7,2,3,8,8,4,7,5,8,3,3,9,0,0,8,4,4,9,5,2,0,6,5,4,2,9,3,3,9,4,9,2,6,0,7,4,5,5,0,9,8,8,1,1,0,4,2,5,0,0,7,2,7,6,9,9,2,8,5,1,9,6,2,9,1,4,8,0,2,4,5,8,8,8,2,8,3,0,8,7,4,7,7,6,3,6,5,6,0,8,2,5,7,3,5,9,3,6,7,7,6,4,9,5,1,8,2,2,4,4,4,9,4,8,5,4,0,7,1,9,2,6,7,3,0,5,7,6,4,5,3,2,1,0,4,0,0,6,1,7,0,1,7,4,0,7,7,9,0,7,5,1,8,3,8,9,9,9,4,9,8,2,6,5,1,3,8,2,7,1,3,1,3,6,4,6,7,0,0,5,6,0,1,7,5,5,8,3,5,4,3,7,1,3,4,0,7,9,3,5,0,8,7,6,4,2,4,7,7,8,0,1,1,1,3,0,6,3];[3,13,1,9,2,3,3,4,12,11,1,3,11,10,3,1,2,12,14,1,1,3,9,1,2,0,2,14,12,0,3,13,13,7,12,6,11,13,10,1,8,0,6,2,0,14,14,7,14,11,4,4,8,12,14,12,11,6,3,13,1,5,1,11,7,4,8,10,0,10,14,0,13,0,14,9,7,6,10,2,7,14,10,3,6,0,4,9,13,3,0,8,11,0,7,11,3,9,9,4,12,6,7,2,7,2,4,7,10,12,3,3,3,13,9,6,13,10,9,5,7,0,8,12,11,6,9,8,3,11,7,12,11,2,5,4,3,13,11,1,6,10,4,0,11,3,1,14,7,5,12,2,10,0,7,5,9,5,6,5,10,11,14,8,7,13,9,6,9,4,6,10,2,8,4,3,2,6,10,9,5,2,0,13,6,8,10,0,8,2,10,3,10,2,2,1,14,8,11,11,6,4,9,7,4,12,11,3,5,1,12,1,0,8,4,0,12,3,8,0,7,1,0,11,7,3,4,8,12,14,2,12,13,6,5,2,11,8,5,14,8,11,4,1,5,4,3,7,2,3,13,4,12,4,3,5,6,9,11,3,3,10,8,0,4,12,7,0,5,3,4,3,2,0,0,14,6,0,8,13,13,1,4,4,11,13,9,11,3,3,5,13,8,7,0,7,12,3,9,8,8,9,9,14,4,7,0,11,6,14,4,10,13,4,8,12,1,13,14,8,3,5,2,0,11,7,11,2,10,11,13,8,14,6,0,5,3,4,4,5,6,7,0,0,0,1,1,13,10,4,10,13,5,10,8,9,3,2,2,7,6,7,9,2,7,2,4,1,1,9,7,6,3,7,8,7,11,1,6,6,11,1,11,4,6,9,11];[[0.4831103964860096,4.831103964860096,1.0],[0.9021829992468611,9.02182999246861,1.0],[0.5374571935128641,5.374571935128642,1.0],[0.8761340971511191,8.761340971511192,1.0],[0.573156942708234,5.7315694270823405,1.0],[0.994523847851402,9.945238478514021,1.0],[0.3574465703190305,3.574465703190305,1.0],[0.6617299629663892,6.617299629663892,1.0],[0.4882872262788658,4.882872262788657,1.0],[0.5726412824777106,5.726412824777106,1.0],[0.32388398325139345,3.2388398325139347,1.0],[0.8072354510963532,8.072354510963532,1.0],[0.8087324055796944,8.087324055796945,1.0],[0.660852452150834,6.60852452150834,1.0],[0.5802577271631468,5.802577271631469,1.0]]
3_DPpaulli_18_workers.fjs;6980.391579987303;177070;[577,763,1174,1251,1397,1525,1676,2067,2202,2248,2877,2944,2978,3112,3128,20,213,436,516,555,619,668,794,1050,1161,1224,1309,1876,1953,2034,2129,2282,2535,2673,3061,0,236,367,655,747,996,1432,1501,1713,1784,1815,2013,2134,2205,2282,2557,2624,2780,2833,2944,3022,3105,3135,0,20,506,612,875,1147,1300,1343,1401,1493,1558,1649,1815,2348,2520,2697,2788,2861,0,259,319,555,668,849,993,1115,1186,1251,1358,1708,1953,2089,2173,2243,2445,2542,2645,2944,3089,108,369,395,881,923,1100,1147,1536,1566,2106,2202,2274,2369,2433,2892,0,56,401,747,996,1075,1421,1562,1620,1676,1877,1927,2243,2672,2741,2901,3150,0,148,280,392,546,1075,1153,1174,1201,1261,1358,1427,1562,1655,1784,1813,2010,2282,2348,2398,2475,2650,2764,2974,3171,116,212,319,384,667,822,929,982,1086,1109,1273,1413,2013,2067,2282,2327,2396,2557,2593,2816,3044,3128,3160,0,167,206,285,364,437,506,582,875,1418,1492,1620,1708,1797,2666,2833,2924,2978,3160,109,436,529,689,993,1065,1109,1339,1675,1708,1847,2125,2267,2289,2423,2445,2624,2740,3200,83,171,285,516,982,1163,1213,1273,1332,1350,1672,1997,2089,2173,2357,2450,2491,2613,2714,2938,3105,64,196,345,416,476,806,1213,1713,1815,1876,1937,2050,2697,2892,3069,3112,131,196,220,1065,1401,1418,1558,1739,2066,2134,2205,2369,2433,2747,2832,3204,259,301,345,367,631,698,789,806,858,910,1181,1493,1566,1672,1775,2139,2349,2398,2624,2666,2697,2752,2780,2998,3011,141,246,312,655,904,1245,1420,2210,2478,2576,2655,2815,2974,3011,3044,3124,3200,85,163,227,369,462,586,817,910,996,1079,1339,1488,1649,1780,1836,2055,2420,2514,2752,2830,3019,43,286,384,789,1115,1251,1332,1562,1675,1896,1937,2348,2514,2610,2858,2911,2998,0,64,141,213,235,259,619,726,796,1088,1399,1525,1620,1775,1874,2202,2264,2404,2491,2610,2770,2815,3135,64,196,546,631,667,1054,1205,1630,1899,1997,2129,2338,2668,2764,2816,3069];[6,5,4,7,7,5,2,9,5,5,0,9,3,7,4,9,1,1,8,7,7,9,5,1,9,9,0,6,7,2,5,7,3,1,9,5,1,6,6,2,1,4,1,8,4,9,8,6,7,9,4,8,3,3,0,5,2,1,9,6,9,0,3,0,1,4,6,8,0,0,4,6,1,5,9,1,4,0,3,8,7,9,4,6,4,2,6,1,6,7,0,8,2,7,1,2,6,7,7,2,1,8,1,2,2,4,8,9,1,0,4,7,8,8,8,1,6,5,1,2,5,6,3,4,0,8,8,1,4,3,0,6,7,9,6,4,5,5,6,3,9,6,1,9,3,6,8,4,3,4,6,1,5,6,8,2,0,4,3,9,0,2,2,9,8,2,3,3,3,3,7,8,7,8,4,7,2,0,7,8,1,1,9,0,0,0,4,5,2,4,8,4,6,3,9,7,5,6,6,5,8,9,8,2,1,6,4,9,8,6,2,1,9,0,0,6,5,3,1,0,7,3,0,4,9,5,7,5,4,9,6,3,0,2,7,5,0,6,4,3,5,7,1,3,6,5,2,8,6,8,7,8,6,3,7,8,4,8,8,7,6,1,1,7,9,4,5,4,3,4,6,9,4,7,7,6,6,4,6,7,9,4,0,3,2,4,4,2,9,3,7,4,6,2,5,7,5,3,5,3,2,2,0,7,4,8,4,1,0,1,4,4,4,2,4,3,1,6,7,4,1,2,3,5,2,4,0,7,9,7,0,0,2,0,3,7,4,7,1,7,8,8,8,9,6,5,4,8,7,2,1,9,0,8,3,8,9,5,1,3,8,8,2,8,2,6,6,1,8,5,5,7,2,4,5,2,0,8,6,5,0,2,5,3,6,0,3];[6,13,9,3,0,2,2,4,6,9,8,6,9,4,9,11,11,14,6,9,8,3,7,14,2,1,6,6,0,12,4,8,7,8,5,10,10,12,1,14,9,8,10,4,1,3,6,9,13,5,14,1,14,11,0,7,7,11,1,3,9,7,2,4,1,0,11,7,4,13,10,10,5,6,7,9,9,14,6,4,10,0,13,14,3,11,13,11,6,3,14,14,1,10,14,8,3,5,3,2,12,13,1,6,3,11,11,7,11,8,8,7,6,14,4,1,1,8,6,3,0,1,11,9,2,10,9,4,8,12,14,6,5,5,5,10,1,8,2,12,7,10,6,9,7,10,10,14,7,8,13,2,1,13,1,3,12,1,11,5,8,7,9,4,5,10,4,10,13,0,9,8,3,6,12,12,1,14,6,13,9,13,6,7,10,4,13,0,13,9,14,9,14,9,4,7,11,13,0,9,5,0,11,3,9,3,6,1,4,2,1,4,14,6,12,8,2,10,12,6,13,14,7,14,4,3,11,8,3,6,11,10,4,5,10,14,7,0,4,10,10,11,13,7,1,8,1,7,2,1,9,6,4,12,1,6,13,2,8,8,9,13,12,11,12,8,3,6,8,1,7,7,2,4,10,13,13,0,0,11,7,0,4,8,7,12,9,6,14,10,10,13,2,8,13,8,13,6,6,5,1,14,9,5,12,14,6,11,5,3,3,9,8,8,5,12,1,9,12,13,9,1,4,8,4,0,6,1,3,1,14,13,12,4,4,5,9,4,9,6,2,4,1,6,0,13,5,3,0,0,10,4,4,7,5,3,9,2,7,0,12,10,5,4,12,5,9,6,1,13,7,6,4,2,1,5,10,7,2,12,0,5,3,4,12,8,13];[[0.34661995661142697,3.4661995661142697,1.0],[0.2286410960833074,2.286410960833074,1.0],[0.012392470279078194,0.12392470279078194,1.0],[0.9308270259025113,9.308270259025113,1.0],[0.3225145761620236,3.225145761620236,1.0],[0.0006954578022455582,0.006954578022455582,1.0],[0.2097170717940725,2.097170717940725,1.0],[0.5179602272351016,5.179602272351016,1.0],[0.7628222106217201,7.6282221062172,1.0],[0.3089717897377221,3.089717897377221,1.0],[0.15113122452813788,1.5113122452813788,1.0],[0.07045772229012492,0.7045772229012492,1.0],[0.8725064026541692,8.725064026541693,1.0],[0.3074981421409557,3.074981421409557,1.0],[0.272859759997538,2.7285975999753798,1.0]]
3_DPpaulli_18_workers.fjs;7003.552774484808;746050;[40,298,344,878,1079,1165,1563,1671,1961,2008,2147,2220,3073,3188,3280,60,147,798,972,1010,1120,1173,1331,1562,1606,1737,1828,1925,2158,2415,2507,2626,2920,3097,3193,282,582,664,716,803,947,1056,1120,1326,1434,1785,1854,1917,2077,2263,2331,2401,2523,2615,2677,2745,2862,3010,147,473,583,624,716,747,824,866,922,1008,1756,1844,1884,1936,2073,2343,2446,3060,360,714,803,949,1375,1477,1644,2011,2083,2145,2230,2534,2661,2800,2900,2964,2984,3026,3080,3101,3190,0,329,577,668,907,1210,1326,1547,1590,1850,1936,2011,2249,2461,2696,156,222,624,755,832,954,1210,1626,1780,2250,2626,2721,2919,2971,3038,3091,3219,194,234,298,334,458,631,687,866,907,1042,1237,1293,1342,1410,1435,1475,1633,1854,2199,2577,2655,2932,3091,3171,3238,0,309,395,507,667,823,1235,1295,1547,1598,1673,2102,2241,2446,2676,2721,2846,2900,2972,3061,3112,3190,3224,66,110,148,190,316,392,473,548,804,934,1008,1571,1710,1907,2077,2158,2481,2562,2863,453,524,662,850,945,1044,1137,1293,1409,1447,1522,1907,2384,2401,2507,2677,3038,3119,3218,0,75,194,400,515,714,755,893,1044,1054,1249,1342,1467,1770,1854,2182,2516,2745,2800,2863,3275,52,530,850,1107,1173,1249,1392,1679,1770,1897,1986,2677,2809,2876,3173,3224,0,52,579,720,803,1475,1541,1671,1711,2073,2158,2230,2636,2738,2944,3155,0,14,170,454,548,582,824,1051,1537,1861,1935,2008,2098,2233,2302,2355,2393,2544,2745,2791,2885,2970,3037,3173,3224,190,238,392,707,840,907,993,1056,1120,1812,2182,2250,2384,2436,2631,2709,2800,0,400,473,507,548,631,661,720,1010,1135,1240,1295,1367,1499,1737,2334,2402,2709,2919,2964,3026,66,110,222,234,749,1235,1434,1673,1785,2006,2047,2269,2516,2724,2813,2876,2984,0,77,232,667,772,803,893,977,1086,1177,1304,1541,1568,1686,2011,2125,2334,2415,2464,2627,2776,3081,3091,147,334,716,1137,1447,1477,1600,1772,1817,1917,2255,2544,2944,3022,3096,3155];[8,1,8,1,5,9,9,5,0,5,8,7,5,2,0,9,4,1,9,0,7,5,9,1,0,1,0,3,0,2,1,5,1,2,4,8,7,4,9,2,1,7,1,8,4,2,1,7,2,0,1,5,5,9,0,7,0,1,8,6,8,0,3,8,8,0,6,5,4,7,7,2,0,7,5,4,8,1,3,7,0,6,9,6,7,3,8,3,6,2,7,4,2,7,3,3,1,1,4,5,6,8,2,4,8,4,2,6,1,2,4,8,3,8,9,5,6,9,9,4,5,6,3,3,0,9,5,1,7,5,7,2,7,9,1,1,8,7,8,9,9,2,3,9,3,2,3,0,6,4,6,6,5,9,8,0,0,4,3,9,0,1,3,2,0,1,1,8,3,5,7,6,8,7,7,3,2,4,6,9,2,5,9,7,8,0,9,6,2,7,8,6,2,3,8,5,5,9,5,9,5,1,0,0,6,5,5,0,5,4,2,9,9,8,6,2,1,0,1,5,5,4,2,9,9,2,7,4,3,5,9,8,0,5,1,1,5,0,2,6,7,7,1,4,0,5,7,1,4,8,6,0,5,3,4,8,4,1,7,7,2,4,6,9,8,4,2,4,7,6,1,8,7,6,7,2,6,4,4,4,9,0,6,5,1,6,1,9,2,0,8,2,3,9,0,5,6,7,5,7,3,2,2,4,7,0,1,7,2,0,4,7,4,0,1,3,8,7,9,4,1,3,9,4,5,8,3,7,5,7,2,2,4,3,6,6,6,7,8,9,8,8,8,9,6,3,9,4,9,3,5,1,1,9,3,8,0,1,4,1,3,2,2,8,2,7,6,6,6,1,8,5,2,0,8,6,2,7,8,8,1,9,7,3,3,4,9];[1,1,10,12,13,10,9,1,8,9,0,11,1,8,1,14,4,14,9,4,3,1,13,11,12,1,14,3,7,3,10,5,9,13,4,14,6,10,5,3,12,0,8,2,11,3,6,5,14,3,14,1,7,4,7,7,7,0,10,10,7,3,0,12,4,4,1,5,0,1,1,0,11,5,0,5,2,7,8,5,6,1,9,14,7,5,9,5,0,12,6,8,12,9,11,7,2,3,1,13,11,13,10,7,0,3,4,2,8,11,4,3,1,14,12,2,13,2,5,3,10,1,11,2,0,2,14,6,10,2,1,4,4,2,4,1,2,3,2,5,1,4,9,10,0,10,9,12,9,5,12,0,10,5,1,8,0,11,4,5,14,14,1,2,6,1,10,1,13,8,13,13,14,10,2,12,7,12,3,8,9,7,7,14,7,0,7,14,0,2,14,6,10,11,3,0,9,8,7,11,8,12,2,9,6,13,12,12,3,10,9,14,3,3,11,2,2,5,4,5,2,8,6,9,7,7,11,7,6,8,9,8,12,4,2,3,10,12,5,14,11,4,0,7,13,10,10,4,1,5,13,12,7,4,5,3,13,5,10,2,4,0,14,5,2,9,2,6,5,13,10,5,3,11,12,14,3,2,9,11,9,0,11,7,2,0,1,0,11,1,13,1,9,0,8,12,13,6,2,10,6,0,5,1,4,7,14,9,6,10,11,10,4,4,14,8,6,1,12,7,8,5,5,7,14,6,12,9,10,13,7,11,9,1,12,3,2,4,12,4,6,5,8,1,11,2,1,10,12,13,2,14,13,5,14,13,12,4,2,5,6,10,2,2,8,5,2,10,6,0,4,5,5,11,9,2,9,1,8,2,1,5,2,11,12,8,14];[[0.8559393885152179,8.55939388515218,1.0],[0.8004839408308784,8.004839408308783,1.0],[0.5938433496209707,5.938433496209708,1.0],[0.8870093324131678,8.870093324131679,1.0],[0.741558169706834,7.4155816970683395,1.0],[0.8097670389513107,8.097670389513107,1.0],[0.2247324103169328,2.247324103169328,1.0],[0.9761818800633866,9.761818800633865,1.0],[0.6339038774096737,6.339038774096737,1.0],[0.5580285642552777,5.580285642552777,1.0],[0.4463526500656817,4.463526500656817,1.0],[0.28336462923826333,2.8336462923826335,1.0],[0.9019880415639555,9.019880415639555,1.0],[0.03268507148422006,0.32685071484220063,1.0],[0.4362825217209084,4.3628252172090844,1.0]]
3_DPpaulli_18_workers.fjs;6872.14161931933;787840;[205,381,412,1179,1242,1326,1368,1639,2076,2290,2498,2567,2600,2761,2865,62,197,480,757,898,1129,1205,1257,1321,1581,1648,1724,1803,1956,2162,2451,2535,2895,2993,3116,455,513,709,754,841,913,1031,1096,1423,1556,1588,1690,1723,2005,2158,2313,2395,2445,2498,2609,2684,2919,3012,376,400,527,860,1096,1303,1384,1433,1544,1652,1873,1981,2043,2125,2225,2362,2480,3035,0,110,205,408,455,513,576,796,860,954,1118,1162,1499,1568,1652,1924,2384,2610,2922,3011,3122,311,665,1042,1300,1523,1627,1898,1990,2070,2445,2625,2705,2810,2935,2973,136,663,717,1134,1232,1306,1321,1588,1639,2001,2559,2684,2760,2810,2882,2949,3078,0,97,163,205,276,337,374,473,576,1292,1463,1587,1801,2071,2134,2178,2239,2297,2362,2480,2625,2723,2775,2990,3129,0,36,110,290,364,617,870,936,1031,1052,1488,1615,1719,1803,1881,2033,2257,2364,2531,2898,2991,3087,3124,62,169,276,399,1254,1370,1430,1499,1527,1956,2000,2101,2126,2451,2569,2625,2718,2843,3038,59,163,256,335,463,534,578,663,977,1112,1473,1523,1670,1945,2686,2821,2899,2922,3157,0,305,495,576,640,1134,1326,1385,1889,1904,1990,2025,2129,2177,2397,2445,2718,2761,2952,3015,3129,221,717,796,925,1135,1209,1350,1430,1827,1983,2134,2339,2406,2619,2960,3071,0,104,255,510,584,860,1306,1463,1956,2024,2205,2339,2569,2707,2775,2898,0,36,197,466,555,797,1342,1527,1587,1671,1747,1818,1904,2033,2101,2232,2403,2512,2563,2863,2960,3015,3038,3087,3116,754,841,1162,1257,1292,1456,1493,1747,2024,2100,2239,2373,2801,2821,2882,2960,3159,104,188,255,300,393,473,495,571,651,688,1052,1153,1433,1898,2005,2060,2429,2546,2582,2618,3157,116,335,381,837,928,1039,1116,1153,1385,1723,1786,1990,2102,2806,3019,3065,3157,0,59,156,410,458,981,1000,1042,1104,1209,1282,1515,1630,1803,1827,2060,2313,2397,2530,2777,2812,2973,3159,142,337,367,458,486,684,805,875,972,1084,2082,2262,2479,2803,3087,3157];[5,1,7,3,0,5,1,6,4,8,8,5,0,2,0,8,1,0,4,4,3,1,1,8,1,0,2,3,7,2,1,7,0,2,6,2,9,0,6,2,1,3,9,6,3,2,8,6,2,0,1,6,8,3,3,7,2,9,3,6,8,0,3,2,3,0,4,7,6,0,4,4,0,4,9,4,2,2,9,2,1,2,6,8,9,0,2,4,7,7,1,4,8,7,6,6,1,1,7,2,1,5,4,9,1,5,2,5,1,0,4,1,1,8,3,1,9,5,4,3,5,8,3,0,0,7,1,2,4,5,6,5,3,7,6,4,8,2,6,5,9,4,6,2,4,8,4,9,6,4,6,4,4,9,4,0,0,4,2,2,3,3,7,4,0,2,1,8,4,3,2,5,2,5,0,1,4,3,2,3,8,8,9,7,9,1,5,5,6,6,7,4,2,5,9,5,9,6,1,5,6,3,8,4,1,0,6,2,9,4,9,8,6,8,5,6,0,7,0,0,7,0,6,2,8,2,8,9,9,0,6,2,9,5,7,7,0,8,1,9,5,7,4,4,2,8,7,7,4,6,7,7,8,3,8,8,7,8,9,2,6,7,6,5,8,4,8,4,7,4,4,3,7,4,1,9,6,4,0,9,2,5,0,5,1,0,7,4,9,5,8,0,3,0,6,2,3,4,1,3,4,6,7,4,3,8,2,7,3,6,4,8,4,9,4,7,5,9,9,2,7,9,3,5,4,9,0,4,2,9,2,9,8,8,1,8,0,7,8,2,8,6,9,3,9,1,2,8,9,1,0,5,0,9,2,6,8,5,2,4,9,2,7,1,0,2,6,6,5,4,7,8,7,0,9,1,9,3,2,8,5,1,5,4,1,8,0];[2,1,1,8,4,12,5,14,4,4,6,3,7,9,4,0,4,8,8,12,0,9,5,10,1,6,7,13,0,12,2,10,2,3,12,1,14,5,5,4,13,1,12,12,7,7,10,12,12,2,6,3,7,5,12,7,7,11,13,3,7,14,11,2,14,2,0,2,0,1,4,5,6,10,1,8,9,5,0,5,7,10,0,14,1,3,8,11,2,3,7,10,14,14,0,14,0,13,0,8,0,12,4,13,8,13,4,1,10,1,10,8,7,7,9,4,1,10,8,11,13,11,11,3,11,8,11,5,6,13,9,0,11,2,0,11,0,12,9,9,6,3,11,8,5,5,10,13,8,8,4,5,0,9,8,5,3,3,5,1,6,7,2,6,11,10,2,7,10,0,7,3,12,1,6,2,10,11,6,12,14,11,0,6,4,6,7,0,2,13,10,1,0,13,7,12,13,13,1,10,6,13,7,6,12,5,13,9,3,10,9,6,10,14,3,0,6,13,10,14,13,4,2,7,6,13,9,7,1,11,1,12,6,4,7,8,9,4,1,2,10,14,3,0,12,2,4,1,9,4,13,9,11,6,10,2,9,5,6,7,9,2,9,0,2,8,13,13,2,3,7,9,11,12,14,4,13,5,11,5,1,11,11,4,10,13,5,1,9,13,2,4,14,3,3,1,9,3,14,5,5,7,8,14,6,2,12,9,12,4,11,14,7,8,9,14,11,4,4,0,0,14,3,5,4,6,14,2,4,11,11,7,1,7,13,5,14,4,12,9,4,10,5,10,7,1,3,7,14,8,10,8,8,11,8,4,9,2,7,10,12,12,8,5,5,0,0,9,10,0,5,2,12,6,12,3,10,9,9,10,6,1,1,3,4,13,2];[[0.5198238265685563,5.198238265685563,1.0],[0.9583988744400509,9.583988744400509,1.0],[0.3402956357666065,3.402956357666065,1.0],[0.7081849781179302,7.081849781179303,1.0],[0.9252189405445452,9.252189405445453,1.0],[0.05032666735654623,0.5032666735654623,1.0],[0.6613275461751585,6.613275461751585,1.0],[0.82711411373077,8.271141137307701,1.0],[0.8734961127808921,8.734961127808921,1.0],[0.5913019030238962,5.913019030238962,1.0],[0.11264722490163037,1.1264722490163037,1.0],[0.34477784983246407,3.4477784983246407,1.0],[0.011377599382669468,0.11377599382669468,1.0],[0.7909742881977946,7.909742881977946,1.0],[0.3277964015146908,3.277964015146908,1.0]]
3_DPpaulli_18_workers.fjs;6622.242903111055;512920;[389,445,483,586,656,838,1231,1370,1996,2048,2266,2330,2380,2703,2948,0,154,258,329,467,528,604,661,703,1393,1456,1562,1641,1722,1756,2160,2569,2621,2795,2866,89,347,427,457,551,583,640,754,868,1430,1723,1811,1943,2005,2142,2209,2281,2340,2403,2463,2599,2720,2973,226,658,1193,1285,1407,1507,1657,1701,1754,1841,1912,2042,2161,2195,2325,2483,2592,2826,0,152,432,686,838,1014,1088,1178,1242,1305,1396,2067,2161,2228,2364,2715,2772,2795,2829,2869,2962,65,325,815,889,1170,1787,1849,1943,2015,2123,2446,2621,2731,3028,3063,73,624,719,862,979,1184,1203,1605,1657,1822,2111,2276,2401,2452,2522,2551,3049,40,153,258,290,360,506,665,727,789,936,1017,1069,1108,1314,1338,1552,1608,1690,2005,2040,2361,2477,2593,2862,3048,14,73,152,194,385,457,519,734,838,940,1108,1463,1657,1705,1841,1943,2058,2111,2423,2569,2689,2775,2813,0,89,543,583,936,1014,1214,1374,1498,1552,1648,1787,1841,1909,2005,2340,2744,2874,2970,0,360,455,506,1069,1232,1277,1374,1462,1498,1608,1841,2066,2079,2380,2401,2525,2551,3038,0,129,200,226,290,423,707,1177,1285,1312,1536,1554,1648,1722,1832,1912,2112,2158,2208,2270,2938,14,196,285,327,445,992,1370,1646,2004,2463,2522,2633,2689,2810,2892,2970,125,761,789,889,905,1088,1435,1516,1754,1822,1902,2083,2160,2279,2472,2710,0,112,244,327,505,543,708,754,808,905,992,1108,1435,1516,1552,1605,1787,1958,1996,2306,2340,2444,2755,2849,2967,185,444,583,686,734,901,936,1076,1128,1701,2090,2195,2360,2710,2829,2907,2984,50,196,290,467,590,683,742,1574,1677,1958,2015,2067,2208,2306,2429,2648,2736,2826,2907,2948,3031,0,100,200,583,661,741,1296,1641,1723,1801,1884,2208,2276,2758,2826,2948,3035,129,266,360,432,583,604,640,683,762,786,883,901,1231,1562,1841,1906,2040,2525,2569,2648,2685,2795,2852,55,100,182,455,1203,1242,1343,1462,1507,1574,2230,2370,2473,2544,2909,2973];[3,1,1,3,7,2,9,2,0,5,6,0,8,0,7,9,7,2,8,8,5,0,9,9,9,1,2,1,4,0,1,2,1,2,2,9,4,9,2,2,1,4,1,8,2,2,8,6,9,0,9,9,6,3,1,2,0,9,9,6,8,0,3,8,3,6,7,5,0,7,3,4,1,3,5,9,6,5,4,5,1,2,7,6,3,5,6,1,7,2,5,9,8,7,6,9,1,8,4,5,4,1,9,6,1,5,2,0,0,3,7,1,3,5,3,7,9,9,9,3,4,6,3,4,0,7,8,5,8,5,9,4,7,5,6,3,6,6,6,5,9,6,3,2,4,8,8,2,6,4,2,6,4,0,4,5,3,8,9,9,3,2,7,9,8,2,5,5,7,2,3,7,2,1,8,3,3,5,6,0,8,2,4,7,3,4,9,6,8,0,9,4,2,1,1,2,1,0,6,9,5,8,8,8,4,0,4,1,4,0,0,9,1,8,9,2,1,2,1,0,5,4,7,7,9,6,7,9,1,9,5,8,6,5,7,8,7,0,3,9,3,7,0,7,3,3,7,8,2,8,8,7,6,6,0,5,9,0,6,7,6,3,3,7,9,3,8,1,7,7,6,3,0,7,1,9,9,5,8,9,7,5,3,6,2,7,7,2,9,4,0,4,6,6,0,2,3,5,2,0,1,1,3,4,3,0,4,7,0,0,4,4,4,5,9,1,8,9,9,5,1,8,6,5,5,9,9,4,7,3,2,0,2,1,6,2,7,7,2,9,1,7,8,8,2,1,5,4,4,6,1,6,0,5,1,8,5,4,2,1,0,0,2,1,2,2,9,4,7,8,6,2,0,7,7,3,6,7,8,3,1,1,7,6,6,4,8];[7,1,12,1,1,8,9,5,1,5,13,1,7,5,13,11,12,14,12,8,1,5,3,3,2,1,7,13,12,7,10,5,3,3,1,0,13,2,14,14,6,6,3,7,6,3,10,2,9,5,4,7,10,9,14,12,7,0,9,0,7,5,11,9,5,7,2,5,5,10,13,9,9,7,0,14,12,5,10,7,7,7,2,0,2,12,12,12,11,0,8,4,11,10,1,3,7,13,1,4,3,1,4,3,8,3,4,2,14,6,5,8,1,13,14,0,1,4,11,12,9,3,11,12,4,5,9,11,3,1,2,12,5,0,0,8,13,1,13,10,5,6,4,3,0,6,10,7,6,5,6,4,4,0,5,9,11,6,3,11,13,7,14,0,5,4,12,11,8,3,11,10,6,14,12,1,5,4,10,8,8,11,0,5,6,2,5,10,11,1,4,12,2,4,12,13,13,6,9,11,3,12,6,9,3,7,4,13,14,9,4,11,0,1,9,2,4,0,8,10,8,8,3,12,7,4,11,11,14,6,0,8,7,3,5,2,3,10,11,8,3,9,3,8,2,0,8,7,2,0,8,1,13,1,2,14,4,9,0,3,9,9,13,14,12,8,4,9,5,3,7,9,4,4,10,12,5,9,2,7,12,14,2,1,5,11,13,10,11,12,14,2,2,13,0,9,12,10,13,8,0,11,0,6,6,7,3,9,11,3,4,14,7,4,2,2,6,10,14,0,0,1,5,0,10,8,13,12,9,6,12,0,12,4,14,5,4,4,1,5,0,7,12,14,3,13,9,10,10,4,10,12,7,3,4,9,13,0,6,1,11,12,2,9,7,14,10,2,6,9,10,6,7,1,12,4,14,1,8,5,5,1,14,12,12,0,4];[[0.18019241848515155,1.8019241848515155,1.0],[0.48736227300275514,4.873622730027551,1.0],[0.07759170039841756,0.7759170039841756,1.0],[0.5225667244081349,5.2256672440813485,1.0],[0.9196433340252647,9.196433340252646,1.0],[0.8762509611803474,8.762509611803473,1.0],[0.5029695910906639,5.029695910906638,1.0],[0.8160267976375112,8.160267976375112,1.0],[0.8059112000327816,8.059112000327817,1.0],[0.2140591090540045,2.140591090540045,1.0],[0.08805821114486456,0.8805821114486456,1.0],[0.20329737064426556,2.0329737064426556,1.0],[0.5837360924329463,5.837360924329463,1.0],[0.6737333796339059,6.737333796339059,1.0],[0.1608013027204077,1.6080130272040771,1.0]]
3_DPpaulli_1_workers.fjs;6201.538801186602;230420;[275,534,831,852,867,1129,1202,1259,1307,1487,1508,1795,1825,2046,2191,0,140,313,429,538,621,999,1032,1212,1271,1452,1538,1567,1681,1834,2061,2119,2401,2598,2650,0,188,275,358,399,506,932,954,1040,1171,1211,1289,1344,1377,1535,1715,1896,1960,2281,2379,2576,2610,2768,73,156,225,381,476,688,742,807,1086,1535,1631,1736,1801,1834,2086,2269,2484,2534,0,379,747,867,1110,1164,1289,1447,1644,1825,1960,2046,2111,2202,2243,2269,2325,2427,2594,2650,2803,451,734,852,928,1032,1152,1222,1289,1383,1567,2335,2401,2427,2735,2833,225,806,909,1085,1117,1222,1363,1738,1801,2018,2515,2587,2644,2735,2803,2884,2893,265,325,379,397,453,571,621,965,1040,1117,1177,1288,1479,1668,1832,1923,2002,2018,2046,2106,2427,2499,2534,2598,2642,78,397,688,928,965,1007,1129,1377,1487,1557,1631,1681,1756,1862,2114,2359,2436,2495,2594,2620,2651,2751,2834,0,93,134,225,476,613,687,734,999,1485,1601,1649,1791,1836,1923,2178,2281,2744,2844];[0,2,4,3,0,4,0,1,2,4,4,2,3,2,0,0,1,0,0,1,2,4,3,4,2,3,3,1,4,4,0,3,0,4,1,2,0,3,4,4,4,1,1,2,3,2,0,0,0,0,4,1,4,0,1,3,3,0,2,2,1,0,0,2,2,1,0,2,3,2,1,0,3,1,4,1,1,1,3,3,2,1,3,1,2,2,1,1,1,4,1,3,3,1,1,4,3,3,1,4,2,4,4,1,2,2,0,0,2,3,0,4,2,2,1,1,0,3,1,0,4,0,3,0,0,3,1,0,1,2,1,3,3,1,4,1,4,1,1,4,1,0,0,1,3,0,3,3,0,4,1,4,2,3,3,2,4,4,0,0,3,3,2,3,4,1,1,2,2,1,0,0,3,2,2,4,0,3,1,0,4,2,4,1,0,2,1,2,1,0,3,0,3,4,2,3];[1,4,5,3,0,5,2,2,0,0,3,6,6,2,5,1,5,0,5,0,5,4,5,4,4,1,1,1,6,4,1,2,1,1,1,4,4,5,5,2,5,1,1,0,4,1,6,5,4,5,4,0,1,0,5,4,5,6,6,2,3,3,4,4,6,2,1,4,0,2,2,5,4,1,1,1,3,4,5,4,2,6,1,3,1,0,2,0,6,3,1,4,2,0,4,4,0,3,0,1,4,4,2,3,4,0,6,6,6,3,1,2,0,6,2,3,1,6,6,1,3,4,3,2,0,5,4,4,0,6,6,6,0,1,2,3,5,1,0,5,2,4,5,1,4,6,6,3,5,2,6,0,0,5,5,6,5,3,0,6,4,2,5,2,5,0,3,2,0,4,5,2,5,6,6,3,1,5,4,1,2,5,2,1,3,2,6,4,6,4,6,5,0,5,2,5];[[0.7773566427005639,7.7735664270056395,1.0],[0.6698255595592497,6.698255595592498,1.0],[0.09913960392481702,0.9913960392481702,1.0],[0.35297051119014544,3.529705111901454,1.0],[0.4679077429008419,4.679077429008419,1.0],[0.5346837414708775,5.346837414708775,1.0],[0.9783090609123973,9.783090609123974,1.0]]
3_DPpaulli_1_workers.fjs;6848.376390568565;3146220;[436,479,1238,1375,1844,2125,2291,2456,2488,2704,2725,2900,2983,2994,3053,60,298,546,770,994,1118,1187,1278,1549,1969,2085,2171,2230,2371,2490,2697,2823,2877,3006,3160,285,358,436,531,649,954,1078,1173,1259,1391,1549,1616,1768,1912,2217,2266,2320,2558,2823,2980,3028,3053,3143,519,599,834,893,935,987,1616,1709,1883,1912,2059,2075,2193,2596,2776,2900,3060,3100,0,93,167,259,388,635,706,797,834,1329,1498,1801,1923,2014,2059,2210,2266,2384,2558,2878,2983,331,473,748,882,1220,1391,1662,1689,1709,1801,2005,2596,2622,2918,2994,60,194,612,767,1118,1211,1382,1466,1514,2247,2371,2433,2497,2700,2776,3028,3060,0,208,259,277,388,483,546,693,722,943,1259,1584,1662,1698,1859,1923,2014,2029,2171,2348,2433,2619,2805,2878,2935,78,140,418,612,649,691,770,825,935,982,1058,1100,1337,1406,1801,2029,2066,2125,2432,2448,2523,2622,2951,0,167,251,358,676,825,893,987,1087,1259,1366,1466,1514,2448,2744,2875,3100,3172,3193];[0,2,4,3,4,4,0,1,2,4,4,2,4,2,0,0,1,0,0,1,2,4,3,4,2,3,1,1,4,4,0,3,0,1,1,2,0,3,4,4,4,1,1,2,3,2,4,0,0,0,4,1,4,0,1,3,3,0,3,2,1,0,0,2,2,1,0,2,3,2,1,0,3,1,4,1,1,1,3,1,2,1,2,1,2,2,1,1,1,4,1,3,3,1,1,4,3,3,1,4,4,4,4,1,2,2,0,0,2,3,0,4,2,2,1,1,0,3,1,0,4,0,3,0,0,3,1,0,1,2,1,3,3,1,4,1,1,1,1,4,1,0,0,1,3,1,3,3,0,4,1,4,2,3,3,2,4,4,0,0,3,3,2,3,4,1,1,2,2,1,0,0,3,2,3,4,0,3,1,0,4,2,4,1,0,2,1,2,1,0,3,0,3,4,2,3];[4,1,4,0,2,5,2,0,0,0,3,6,3,3,6,6,3,0,2,6,6,4,6,3,2,1,6,1,5,5,2,5,5,1,1,6,0,5,6,3,5,1,1,0,4,5,0,5,5,5,4,0,3,0,5,4,3,6,5,4,0,0,2,4,2,0,4,3,4,3,6,4,2,0,5,1,3,4,5,1,3,6,4,1,1,0,2,5,6,4,1,4,5,0,5,3,2,2,0,5,6,4,0,3,0,6,6,5,1,1,4,0,0,2,2,1,2,3,5,3,5,0,3,3,1,4,4,2,0,6,0,6,0,1,4,3,6,1,1,4,1,6,5,1,4,0,2,5,2,2,0,2,0,5,5,2,3,3,0,2,3,5,0,0,0,4,4,2,2,0,5,2,4,1,6,3,1,5,4,5,6,5,2,3,3,2,5,3,6,4,4,5,1,2,5,5];[[0.7966509679599704,7.966509679599704,1.0],[0.05862623274803458,0.5862623274803458,1.0],[0.7602397739740907,7.602397739740907,1.0],[0.8627037401845356,8.627037401845355,1.0],[0.09127403464611428,0.9127403464611428,1.0],[0.9024924365975527,9.024924365975528,1.0],[0.7858960565941281,7.858960565941281,1.0]]
3_DPpaulli_1_workers.fjs;6655.51946612972;202460;[383,507,607,628,644,1106,1423,2095,2139,2220,2241,2540,2792,2805,2906,343,560,839,939,1078,1190,1304,1337,1678,1956,2002,2124,2280,2444,2595,2693,2740,2834,2936,3088,0,71,149,390,431,535,645,670,828,899,991,1337,1390,1489,1591,1624,1982,2078,2439,2595,2693,2834,3056,93,287,364,426,467,644,1259,1525,1869,2023,2208,2348,2407,2697,2802,2846,2988,3025,0,180,327,426,584,685,743,848,899,1323,1394,1658,1716,1855,2167,2226,2515,2621,2740,2805,2906,230,423,983,1423,1496,1514,1807,1837,1855,1956,2136,2220,2280,2662,3094,364,404,507,530,739,991,1160,1244,1390,1818,1941,2038,2348,2439,2515,2800,2811,71,126,565,685,764,848,890,956,983,1028,1269,1319,1624,1748,1837,1901,2078,2094,2361,2575,2748,2981,3025,3094,3114,78,230,284,352,523,565,644,739,1058,1106,1176,1244,1480,1624,2002,2147,2197,2256,2400,2416,2447,2906,3006,0,246,287,743,1160,1212,1611,1660,1748,1901,1982,2046,2095,2136,2496,2617,2677,2873,2947];[0,2,4,3,0,4,0,1,2,4,4,2,3,2,0,0,1,0,0,1,2,4,3,4,2,3,1,1,4,4,1,3,0,1,1,2,0,2,4,4,4,1,1,2,3,2,4,0,0,0,4,1,4,0,1,3,3,0,3,2,1,0,0,2,2,1,0,2,3,2,1,0,3,1,4,1,1,1,3,3,2,4,2,1,2,2,1,1,1,4,1,3,3,1,1,4,3,3,1,4,4,4,4,1,2,2,0,0,2,3,0,4,2,2,1,1,0,3,1,0,4,0,3,0,0,3,1,0,1,2,1,3,3,1,4,1,4,1,1,4,1,0,0,1,3,1,3,3,0,4,1,4,2,3,4,2,4,4,0,0,3,3,2,3,4,1,1,2,4,1,0,0,3,2,2,4,0,3,1,0,4,2,4,1,0,2,1,2,1,0,3,0,3,4,2,3];[4,4,4,3,6,5,3,2,6,0,3,6,3,2,4,3,5,0,4,4,4,4,6,6,5,1,1,1,5,4,5,5,5,1,1,1,0,5,5,6,6,0,4,1,4,5,5,5,6,2,4,0,6,3,5,0,6,6,3,4,1,2,1,2,6,5,2,4,1,2,5,6,5,1,0,0,3,0,6,4,0,1,6,6,1,3,2,5,6,4,1,1,2,0,4,4,0,5,0,0,0,0,2,6,4,5,6,5,6,4,2,0,0,3,2,1,3,1,6,1,3,3,3,2,0,4,4,1,0,4,6,0,0,4,2,3,3,2,2,5,2,6,5,1,6,3,3,5,3,2,2,4,2,5,5,2,2,2,0,2,1,5,5,1,3,0,4,2,3,4,5,2,4,6,6,3,1,5,4,0,2,4,3,1,0,2,4,5,6,0,0,5,1,1,2,5];[[0.5209484070219088,5.209484070219088,1.0],[0.42125020101147315,4.212502010114731,1.0],[0.22094517308324657,2.2094517308324657,1.0],[0.13033708391670573,1.3033708391670573,1.0],[0.48395776843282956,4.839577684328296,1.0],[0.6260889663051598,6.260889663051597,1.0],[0.6211218319323739,6.21121831932374,1.0]]
3_DPpaulli_1_workers.fjs;6353.628276319298;258230;[0,180,494,551,570,737,766,977,1392,1508,1650,1850,1881,2349,2840,232,287,393,661,894,1238,1309,1462,1639,1766,2142,2296,2382,2457,2491,2556,2604,2708,2747,2840,0,71,149,453,518,665,756,808,894,1031,1086,1228,1276,1309,1446,1529,1639,1716,1775,2457,2574,2806,2939,286,369,451,529,708,766,820,1006,1121,1703,1766,1788,1920,1957,2113,2219,2302,2649,0,377,453,620,663,840,990,1092,1146,1309,1384,1581,1703,1805,1869,2315,2369,2483,2555,2616,2763,232,323,513,965,1342,1360,1554,1583,1601,1693,1878,1944,1996,2311,2931,246,438,591,778,1036,1150,1470,1581,1772,1834,1905,2045,2113,2228,2302,2449,2712,71,126,377,566,620,798,892,1031,1130,1175,1238,1306,1409,1477,1805,1869,1905,1966,2074,2471,2556,2616,2790,2859,2881,0,126,180,760,829,957,1071,1228,1344,1392,1470,1957,2030,2075,2159,2201,2253,2349,2558,2574,2605,2708,2790,62,246,287,393,529,608,706,871,960,1222,1996,2075,2210,2471,2616,2695,2859,2931,2952];[0,2,4,3,0,4,0,1,2,4,4,2,4,2,0,0,1,0,0,1,2,4,3,4,2,3,3,1,4,4,0,3,0,1,1,2,0,3,4,4,4,1,1,2,3,2,0,0,0,0,4,1,4,0,1,3,3,0,2,2,1,0,0,2,2,1,0,2,3,2,1,0,3,1,4,1,1,1,3,3,2,4,2,1,2,2,1,1,1,4,1,3,3,1,1,4,3,3,4,1,4,4,4,1,2,2,0,0,2,3,0,4,2,2,1,1,0,3,1,0,4,0,3,0,0,3,1,0,1,2,1,3,3,1,4,4,4,1,1,4,1,0,0,1,3,1,3,3,0,4,1,4,2,3,3,2,4,4,0,0,3,3,2,3,4,1,1,2,2,1,0,0,3,2,2,4,0,3,1,0,4,2,4,1,0,2,1,2,1,0,3,0,3,4,2,3];[4,4,3,3,4,5,0,2,0,0,1,2,2,3,2,5,3,0,5,0,2,4,1,5,1,1,1,1,6,4,6,6,1,0,1,1,0,5,5,5,6,1,1,2,4,1,4,5,3,3,4,0,5,5,5,0,0,6,6,2,4,2,4,4,6,5,4,0,4,6,5,5,2,6,6,0,3,4,6,1,1,2,3,3,1,5,2,5,2,4,1,1,2,0,5,1,6,2,0,1,4,4,0,3,4,6,6,6,0,1,3,3,0,2,2,6,6,4,6,3,3,0,3,6,5,5,4,4,0,4,3,3,0,0,2,3,0,5,0,1,1,4,5,1,4,5,2,5,2,2,0,4,0,5,5,2,1,2,0,6,4,6,5,1,2,4,3,4,0,0,3,0,4,1,4,3,1,5,4,1,6,0,3,3,5,5,3,2,0,4,1,5,2,6,0,5];[[0.49734142093980327,4.973414209398033,1.0],[0.35999045686025677,3.5999045686025677,1.0],[0.7220617567237175,7.220617567237175,1.0],[0.44672126724761885,4.4672126724761885,1.0],[0.4533596515962979,4.533596515962978,1.0],[0.025925678678183073,0.25925678678183073,1.0],[0.33490089376309407,3.3490089376309404,1.0]]
3_DPpaulli_1_workers.fjs;6372.808722989159;2916630;[243,785,891,1504,1607,1822,1965,2022,2130,2247,2303,2532,2782,2813,2883,0,307,397,465,631,714,858,916,1163,1474,1690,1776,1928,2268,2477,2630,2723,2782,2901,2961,96,165,256,347,525,738,949,971,1057,1124,1164,1266,1316,1349,1442,1513,1864,1928,2038,2315,2386,2551,2817,347,644,858,949,1184,1544,2066,2159,2250,2278,2335,2352,2408,2448,2690,2726,2864,2901,0,165,239,397,437,468,547,714,847,939,1057,1194,1308,1433,1504,1530,1584,2439,2630,2763,2864,624,1012,1082,1175,1248,1350,1474,1525,1709,1822,1904,1965,2159,2370,2405,56,165,256,277,307,392,463,547,917,1012,1433,1511,1575,2247,2544,2677,2691,0,95,463,482,547,631,751,817,1149,1257,1316,1399,1474,1666,1800,1892,2022,2038,2066,2105,2190,2511,2627,2793,2963,383,468,679,974,1059,1105,1184,1226,1316,1363,1477,1675,1753,1808,1995,2139,2190,2278,2370,2408,2439,2545,2690,536,817,858,916,1495,1567,1621,1736,1892,2051,2206,2341,2405,2448,2551,2630,2691,2763,2909];[0,2,4,3,2,4,0,1,2,4,4,2,3,2,0,0,1,0,0,1,2,4,3,4,2,3,3,1,4,4,0,3,0,4,1,2,0,2,4,4,4,1,1,2,3,2,4,0,0,0,4,1,4,0,1,3,3,0,2,2,1,0,0,2,2,1,0,2,3,2,1,0,3,1,4,1,1,1,3,1,2,4,2,1,2,2,1,1,1,4,1,3,3,1,1,4,3,3,4,4,4,4,4,1,2,2,0,0,2,3,0,4,2,2,1,1,0,3,1,0,1,0,3,0,0,3,1,0,1,2,1,3,3,1,4,1,4,1,1,4,1,0,0,1,3,0,3,3,0,4,1,4,2,3,4,2,4,4,0,0,3,3,2,3,4,1,1,2,4,1,0,0,3,2,2,4,0,3,1,0,4,2,4,1,0,2,1,2,1,0,3,0,3,4,2,3];[6,1,5,6,3,5,2,2,0,0,1,2,2,3,4,6,3,0,2,0,2,4,6,3,2,1,1,1,4,5,2,2,1,6,1,5,0,4,2,3,5,1,1,6,4,5,0,5,5,0,4,0,0,0,5,4,6,6,6,2,0,3,2,2,6,3,1,3,3,3,2,6,3,5,0,1,1,5,5,4,4,4,5,1,1,5,5,3,6,1,1,1,6,0,5,4,2,3,0,0,0,0,2,6,2,3,6,5,6,4,2,5,0,2,0,1,1,1,5,1,3,2,3,3,0,5,4,4,0,5,3,3,0,4,4,0,2,1,3,1,2,4,5,1,4,6,6,5,2,2,0,0,2,5,5,1,5,2,1,2,4,4,0,1,0,2,2,4,5,4,1,2,5,6,1,3,1,0,4,6,2,5,5,2,5,1,1,5,6,4,4,5,1,6,6,5];[[0.4211249061401,4.211249061401,1.0],[0.9761073344853062,9.761073344853061,1.0],[0.6132800246752349,6.132800246752349,1.0],[0.6930423279788359,6.930423279788359,1.0],[0.5088628354481554,5.088628354481553,1.0],[0.18781156668551158,1.8781156668551158,1.0],[0.830121874145001,8.301218741450011,1.0]]
3_DPpaulli_1_workers.fjs;6452.111604968358;2749130;[0,203,429,451,850,1062,1085,1588,1694,1770,1791,2215,2489,2648,2804,164,203,307,375,515,597,875,935,1134,1169,1204,1382,1928,2003,2037,2119,2167,2258,2322,2873,95,164,467,580,717,810,876,994,1204,1401,1481,1714,1854,1887,1980,2103,2166,2258,2435,2489,2855,2873,2994,186,266,371,430,515,676,1097,1481,1688,1770,2119,2137,2369,2580,2683,2732,2816,2944,0,618,692,776,819,935,1035,1166,1290,1591,1676,1762,1820,1928,2067,2326,2383,2580,2812,2927,3028,85,203,293,1028,1145,1522,1649,1676,1836,2011,2149,2245,2500,2683,2716,55,451,597,692,724,1290,1397,2096,2157,2215,2265,2378,2489,2580,2652,2795,3007,0,133,343,375,430,675,779,845,898,947,1028,1204,1279,1315,2003,2067,2103,2137,2226,2293,2470,2527,2561,2795,3002,95,397,478,543,580,626,819,860,947,1134,1204,1279,1352,1397,1477,1571,1588,1762,2103,2261,2295,2388,2944,0,92,251,307,367,620,724,875,994,1088,1548,1617,1649,1688,2716,2795,2855,2927,2948];[0,2,4,3,2,4,0,1,2,4,4,2,3,2,0,2,1,0,0,1,2,4,3,4,2,3,3,1,4,4,1,3,0,4,1,2,0,3,4,4,4,1,1,2,3,2,0,0,0,0,4,1,4,0,1,3,3,0,3,2,1,0,0,2,2,1,0,2,3,2,1,0,3,1,4,1,1,1,3,3,2,4,3,1,2,2,1,1,1,4,1,3,3,1,1,4,3,3,4,1,2,4,4,1,2,2,0,0,2,3,0,4,2,2,1,1,0,3,1,0,4,0,3,0,0,3,1,0,1,2,1,3,3,1,4,1,1,1,1,4,1,0,0,1,3,1,3,3,0,4,1,4,2,3,4,2,4,4,0,0,3,3,2,3,4,1,1,2,4,1,0,0,3,2,2,4,0,3,1,0,4,2,4,1,0,2,1,2,1,0,3,0,3,4,2,3];[0,1,0,0,0,5,3,2,0,0,3,6,6,5,2,5,3,0,4,4,3,4,3,6,4,1,1,1,6,0,5,2,1,4,1,5,4,5,6,2,5,1,4,3,4,5,4,5,5,0,4,0,4,0,5,0,5,1,2,4,1,3,1,4,2,1,5,4,6,3,4,6,3,0,6,0,5,5,5,1,4,2,6,3,1,3,2,5,1,4,1,6,6,0,5,4,3,6,5,1,2,0,2,3,4,0,5,6,0,1,1,2,0,2,0,3,3,2,5,1,4,4,3,2,0,5,4,4,0,4,2,4,0,1,2,0,3,1,0,1,2,6,5,1,4,2,2,5,2,2,2,4,6,5,0,2,3,3,1,6,1,2,6,1,6,4,4,2,3,2,1,2,3,0,1,3,1,3,4,0,6,5,0,6,5,1,5,0,6,1,6,6,1,6,5,5];[[0.4831103964860096,4.831103964860096,1.0],[0.9021829992468611,9.02182999246861,1.0],[0.5374571935128641,5.374571935128642,1.0],[0.8761340971511191,8.761340971511192,1.0],[0.573156942708234,5.7315694270823405,1.0],[0.994523847851402,9.945238478514021,1.0],[0.3574465703190305,3.574465703190305,1.0]]
3_DPpaulli_1_workers.fjs;6323.896403676174;257630;[160,450,516,537,1308,1413,1507,1842,1871,2148,2169,2290,2321,2742,2803,0,326,408,555,600,682,761,943,1156,1172,1193,1279,1507,1582,1770,2086,2596,2768,2803,2848,0,73,362,469,537,627,692,714,810,899,1112,1173,1272,1684,1825,1856,1991,2086,2177,2433,2545,2563,2702,176,257,509,600,682,1058,1244,1416,1573,1599,1843,1991,2055,2089,2177,2260,2702,2919,0,95,274,440,516,692,744,894,931,1023,1070,1156,1325,1436,1582,1786,2035,2361,2459,2541,2649,0,253,390,810,883,1073,1214,1308,1456,1599,1856,2141,2330,2496,2911,212,326,417,479,740,832,931,1224,1272,1416,1639,1917,2231,2469,2545,2693,2723,73,161,256,476,810,901,1000,1608,1639,1684,1734,1871,1982,2019,2136,2209,2245,2260,2290,2409,2633,2690,2742,2821,2895,0,129,189,257,330,476,876,1070,1328,1461,1622,1767,1946,2047,2209,2343,2529,2587,2693,2709,2740,2829,2919,91,212,274,330,761,943,1015,1073,1193,1244,1413,1734,1786,1948,2330,2409,2469,2800,2841];[0,2,4,3,4,4,0,1,2,4,4,2,4,2,0,0,1,0,0,1,2,4,3,4,2,3,3,1,4,4,1,3,0,1,1,2,0,3,4,4,4,1,1,2,3,2,4,0,0,0,4,1,4,0,1,3,3,0,3,2,1,0,0,2,2,1,0,2,3,2,1,0,3,1,4,1,1,1,3,1,2,4,3,1,2,2,1,1,1,4,1,3,3,1,1,4,3,3,1,4,4,4,4,1,2,2,0,0,2,3,0,4,2,2,1,1,0,3,1,0,4,0,3,0,0,3,1,0,1,2,1,3,3,1,4,4,1,1,1,4,1,0,0,1,3,1,3,3,0,4,1,4,2,3,4,2,4,4,0,0,2,3,2,3,4,1,1,2,2,1,0,0,3,2,3,4,0,3,1,0,4,2,4,1,0,2,1,2,1,0,3,0,3,4,2,3];[4,4,4,3,0,5,3,2,1,0,3,2,4,5,6,6,0,0,1,4,3,4,2,2,2,1,1,1,2,4,3,0,1,1,1,4,4,4,5,0,5,1,0,2,4,1,3,5,6,3,4,0,2,0,5,0,0,1,5,2,2,2,4,4,6,3,5,0,1,3,2,5,5,3,5,4,1,0,4,1,5,2,1,1,1,5,2,5,6,4,1,6,6,0,5,1,3,2,0,3,0,0,0,6,1,5,5,5,6,1,1,0,0,2,2,1,6,3,6,3,2,6,3,6,1,4,4,5,0,5,0,5,0,4,2,3,3,2,2,4,2,4,5,1,4,0,2,5,3,2,0,2,5,5,3,1,2,3,1,6,6,6,3,6,6,0,3,4,5,0,3,5,4,6,3,3,1,3,4,5,6,2,3,6,3,0,4,0,5,3,1,6,1,6,5,5];[[0.34661995661142697,3.4661995661142697,1.0],[0.2286410960833074,2.286410960833074,1.0],[0.012392470279078194,0.12392470279078194,1.0],[0.9308270259025113,9.308270259025113,1.0],[0.3225145761620236,3.225145761620236,1.0],[0.0006954578022455582,0.006954578022455582,1.0],[0.2097170717940725,2.097170717940725,1.0]]
3_DPpaulli_1_workers.fjs;6530.664002434722;154080;[195,279,345,366,607,750,858,1008,1076,1323,1378,1816,2181,2789,2900,0,37,127,501,721,976,1237,1270,1367,1903,1990,2154,2173,2255,2295,2360,2412,2798,2834,2885,206,549,689,881,963,1074,1280,1302,1479,1545,1756,1816,1865,1898,1990,2026,2102,2193,2266,2412,2472,2753,2834,123,585,662,758,806,858,912,1116,1202,1422,1660,1847,2001,2080,2336,2472,2605,2990,221,345,976,1074,1153,1185,1388,1508,1545,1637,1672,1758,1884,1981,2076,2173,2230,2562,2634,2753,2990,114,228,366,809,920,938,1037,1185,1323,1549,2544,2605,2673,2765,2859,352,392,501,628,658,773,1388,1773,2080,2499,2544,2605,2662,2785,2956,3050,3059,0,168,279,298,419,501,549,931,963,1064,1146,1592,1667,1703,1820,1884,2038,2076,2115,2181,2365,2438,2472,2540,2853,0,69,123,191,287,333,419,461,538,585,773,857,1545,1672,1756,1981,2021,2320,2490,2506,2634,2927,3059,37,127,233,549,662,696,804,920,1043,1202,1280,1472,1508,1585,2420,2605,2673,2765,2876];[0,2,4,3,4,4,0,1,2,4,4,2,4,2,0,0,1,0,0,1,2,4,3,4,2,3,3,1,4,4,1,3,0,1,1,2,0,2,4,4,4,1,1,2,3,2,4,0,0,0,4,1,4,0,1,3,3,0,2,2,1,0,0,2,2,1,0,2,3,2,1,0,3,1,4,0,1,1,3,3,2,4,3,1,2,2,1,1,1,4,1,3,3,1,1,4,3,3,4,4,4,4,4,1,2,2,0,0,2,3,0,4,2,2,1,1,0,3,1,0,4,0,3,0,0,3,1,0,1,2,1,3,3,1,4,1,1,1,1,4,1,0,0,1,3,1,3,3,0,4,1,4,2,3,4,2,4,4,0,0,3,3,2,3,4,1,1,2,4,1,0,0,3,2,2,4,0,3,1,0,4,2,4,1,0,2,1,2,1,0,3,0,3,4,2,3];[1,4,5,3,1,5,2,2,1,0,6,5,4,2,6,4,3,0,5,0,5,4,6,2,3,1,1,1,2,4,4,4,6,4,1,6,0,4,0,4,6,1,1,2,4,1,6,5,1,0,4,0,2,0,5,4,5,6,6,4,0,3,2,4,6,5,4,3,0,3,6,4,2,2,5,2,5,4,6,4,2,2,1,1,1,3,2,4,0,4,1,6,6,0,4,0,6,5,0,1,6,4,2,3,3,3,5,5,6,1,4,2,0,3,2,6,3,5,5,3,5,6,3,2,6,5,4,3,0,0,2,6,0,5,0,5,5,2,5,3,2,6,5,1,6,6,6,5,5,2,2,0,0,5,5,2,1,3,1,2,4,1,6,3,1,3,2,4,0,3,3,0,4,4,0,3,1,4,4,1,2,2,5,4,0,0,5,0,0,0,4,6,3,5,6,5];[[0.8559393885152179,8.55939388515218,1.0],[0.8004839408308784,8.004839408308783,1.0],[0.5938433496209707,5.938433496209708,1.0],[0.8870093324131678,8.870093324131679,1.0],[0.741558169706834,7.4155816970683395,1.0],[0.8097670389513107,8.097670389513107,1.0],[0.2247324103169328,2.247324103169328,1.0]]
3_DPpaulli_1_workers.fjs;6253.090546081012;2855850;[110,351,413,456,473,612,702,765,944,1547,2054,2120,2156,2167,2691,69,159,255,481,542,692,1289,1349,1446,1474,1523,1724,1929,2019,2249,2407,2456,2509,2545,2831,617,765,853,944,1124,1224,1304,1329,1495,1609,1654,1714,1848,1881,2130,2161,2215,2317,2637,2759,2785,2844,2900,40,179,425,524,565,764,1020,1131,1340,1388,1506,1859,2030,2161,2549,2596,2788,2840,0,93,189,413,575,624,682,796,1218,1310,1475,1763,1821,1929,2004,2030,2167,2279,2351,2489,2803,0,159,255,1020,1322,1380,1415,1454,1562,1664,1746,1843,1859,2417,2720,0,248,487,508,617,781,899,983,1093,1167,1288,1442,1567,1743,2679,2831,2908,123,333,384,552,682,764,833,984,1036,1081,1345,1641,1812,2060,2130,2273,2401,2417,2509,2549,2663,2788,2844,2908,2928,0,413,481,635,852,898,977,1036,1167,1214,1458,1567,1716,1763,1977,2061,2249,2309,2401,2417,2451,2581,2781,104,384,425,552,826,853,983,1036,1133,1222,1345,1442,1506,1649,1981,2087,2417,2581,2605];[0,2,4,3,2,4,0,1,2,4,4,2,3,2,0,0,1,0,0,1,2,4,3,4,2,3,3,1,4,4,1,3,0,1,1,2,0,2,4,4,4,1,1,2,3,2,4,0,0,0,4,1,4,0,1,3,3,0,2,2,1,0,0,2,2,1,0,2,3,2,1,0,3,1,4,0,1,1,3,3,2,1,3,1,2,2,1,1,1,4,1,3,3,1,1,4,3,3,4,1,4,4,4,1,2,2,0,0,2,3,0,4,2,2,1,1,0,3,1,0,4,0,3,0,0,3,1,0,1,2,1,3,3,1,4,1,4,1,1,4,1,0,0,1,3,0,3,3,0,4,1,4,2,3,4,2,4,4,0,0,3,3,2,3,4,1,1,2,4,1,0,0,3,2,2,4,0,3,1,0,4,2,4,1,0,2,1,2,1,0,3,0,3,4,2,3];[4,1,2,6,3,5,0,1,0,0,1,2,2,3,6,5,1,0,2,4,4,4,6,4,2,1,1,1,4,5,1,0,6,6,1,2,4,4,6,4,5,0,1,6,4,1,0,5,3,3,4,0,6,0,5,0,4,6,6,2,4,2,2,5,6,3,4,2,3,4,2,5,2,6,6,2,3,0,4,1,3,6,6,1,1,5,5,5,1,5,1,6,6,0,4,1,0,4,0,1,0,4,0,3,6,6,6,6,0,2,4,2,0,3,4,4,1,3,5,3,6,1,3,3,5,4,4,3,0,5,0,5,0,5,2,0,6,5,2,5,2,6,5,1,4,6,3,3,4,2,2,0,2,5,5,5,0,3,1,2,1,4,0,2,1,3,2,2,0,3,1,2,5,0,5,3,1,3,4,0,6,2,3,4,1,1,6,2,5,0,4,5,0,6,1,5];[[0.5198238265685563,5.198238265685563,1.0],[0.9583988744400509,9.583988744400509,1.0],[0.3402956357666065,3.402956357666065,1.0],[0.7081849781179302,7.081849781179303,1.0],[0.9252189405445452,9.252189405445453,1.0],[0.05032666735654623,0.5032666735654623,1.0],[0.6613275461751585,6.613275461751585,1.0]]
3_DPpaulli_1_workers.fjs;6475.82508757632;1914540;[0,553,885,906,927,1284,1574,1637,1937,2145,2411,2472,2724,2735,2912,149,219,662,730,813,976,1251,1293,1406,1418,1436,1522,2097,2172,2207,2375,2505,2801,2837,2940,0,71,241,347,523,820,933,1050,1145,1211,1293,1353,1406,1439,1541,1616,1706,1770,1936,2596,2706,2751,2837,85,454,523,614,775,827,881,958,1050,1353,1418,1600,2243,2274,2564,2622,2795,2883,0,92,388,476,673,736,793,896,1045,1211,1445,1805,2001,2097,2172,2198,2252,2358,2448,2538,2861,238,673,736,906,1132,1211,1236,1436,1455,1723,1805,1866,1883,2040,2272,149,322,470,491,523,922,1145,1229,1480,1637,2358,2423,2539,2630,2751,2903,3011,71,166,219,334,388,470,594,793,1348,1393,1445,1531,1687,1866,1937,2001,2073,2090,2145,2184,2354,2504,2722,2927,2949,92,189,241,309,396,438,1001,1050,1246,1541,1670,1866,2198,2274,2354,2430,2480,2630,2735,2801,2837,2932,3014,0,301,342,396,523,616,673,827,945,1266,1559,1770,2001,2419,2722,2801,2861,2949,2972];[0,2,4,3,0,4,0,1,2,4,4,2,3,2,0,0,1,0,0,1,2,4,3,4,2,3,3,1,4,4,0,3,0,1,1,2,0,2,4,4,4,1,1,2,3,2,4,0,0,0,4,1,4,0,1,3,3,0,3,2,1,0,0,2,2,1,0,2,3,2,1,0,3,1,4,1,1,1,3,3,2,4,3,1,2,2,1,1,1,4,1,3,3,1,1,4,3,3,4,1,4,4,4,1,2,2,0,0,2,3,0,4,2,2,1,1,0,3,1,0,4,0,3,0,0,3,1,0,1,2,1,3,3,1,4,1,4,1,1,4,1,0,0,1,3,0,3,3,0,4,1,4,2,3,4,2,4,4,0,0,3,3,2,3,4,1,1,2,2,1,0,0,3,2,2,4,0,3,1,0,4,2,4,1,0,2,1,2,1,0,3,0,3,4,2,3];[2,4,4,0,3,5,0,0,6,0,5,6,4,3,6,6,0,0,6,0,4,4,0,3,3,1,1,1,4,4,6,6,6,5,1,1,0,5,4,2,5,0,5,2,4,1,5,5,4,1,4,0,1,5,5,4,6,6,3,2,3,6,2,4,6,0,2,1,4,6,2,4,5,3,0,4,5,4,4,1,5,4,1,1,1,5,2,6,5,5,1,1,6,0,4,1,2,6,4,0,4,0,2,2,3,0,6,5,1,4,1,5,0,3,0,3,0,5,6,3,5,5,3,2,0,4,4,5,0,6,2,3,0,5,5,5,3,2,6,5,2,6,5,1,4,1,6,5,5,2,1,2,0,5,5,5,1,2,0,6,1,0,0,4,0,6,3,2,1,0,5,2,4,5,0,3,1,3,4,1,2,4,2,3,3,2,6,5,5,1,3,5,1,1,4,5];[[0.18019241848515155,1.8019241848515155,1.0],[0.48736227300275514,4.873622730027551,1.0],[0.07759170039841756,0.7759170039841756,1.0],[0.5225667244081349,5.2256672440813485,1.0],[0.9196433340252647,9.196433340252646,1.0],[0.8762509611803474,8.762509611803473,1.0],[0.5029695910906639,5.029695910906638,1.0]]
3_DPpaulli_9_workers.fjs;6145.651926502202;1629620;[0,66,136,213,291,793,865,910,1069,1286,1371,1411,1701,2112,2693,0,103,159,388,398,418,671,870,1031,1149,1309,1358,1411,1578,1627,1725,2168,2339,2432,2599,278,344,502,601,671,817,917,1031,1103,1252,1411,1542,1627,1795,1917,2061,2078,2118,2243,2317,2487,2637,2736,0,66,867,956,995,1069,1221,1411,1444,1542,1601,1732,1773,2387,2488,2609,2698,2815,0,71,344,388,506,658,756,1163,1411,1458,1502,1903,1997,2162,2389,2483,2553,2644,2705,2789,2852,0,26,206,551,711,799,941,1013,1127,1444,1559,1873,1970,2031,2488,0,71,250,296,836,1451,1573,1628,1725,1795,2158,2198,2333,2432,2554,2705,2756,166,397,466,540,692,742,953,1189,1371,1436,1542,1614,1773,1970,2015,2103,2427,2463,2534,2573,2599,2661,2720,2789,2852,53,313,599,673,723,799,836,910,1072,1586,1685,1701,1797,2015,2118,2156,2248,2339,2394,2483,2553,2609,2693,136,329,388,475,506,673,836,879,956,1042,1114,1175,1512,1573,1943,1957,2078,2103,2284,66,313,400,512,953,1151,1216,1307,1512,1627,1690,1917,2076,2245,2394,2553,2573,2624,2822,71,189,278,456,551,941,1521,1586,1631,1849,1917,2036,2081,2155,2232,2318,2329,2679,2718,2795,2848,19,197,344,400,506,592,861,1114,1221,1893,1991,2162,2333,2497,2554,2795,130,278,711,817,956,1013,1126,1222,1309,1321,1821,1979,2036,2089,2253,2573,0,53,134,250,466,503,512,954,1058,1261,1436,1701,1773,1821,1869,1998,2081,2165,2253,2339,2477,2661,2706,2745,2784];[3,6,1,3,7,4,4,1,4,3,4,2,6,0,6,1,2,0,2,2,0,6,3,0,4,5,6,0,4,5,3,3,6,2,7,5,5,0,6,0,0,2,1,5,3,1,7,4,1,6,4,0,6,3,7,5,3,0,6,1,5,6,4,0,1,4,7,2,0,7,0,7,4,6,7,4,4,5,2,7,3,5,2,0,6,6,1,3,0,7,1,2,5,2,3,2,7,2,2,5,5,4,3,3,5,3,4,1,4,5,4,7,0,3,4,4,6,0,2,3,1,4,3,6,3,5,3,2,1,3,6,6,3,6,7,1,5,3,5,4,7,2,4,2,1,6,0,0,7,0,5,4,3,2,7,7,7,1,3,5,1,0,7,3,4,0,3,4,4,5,6,1,3,1,6,4,4,7,4,3,3,1,7,5,2,3,6,1,3,4,6,6,6,6,2,4,4,1,5,6,7,7,7,0,5,6,2,1,3,4,0,0,2,3,3,0,6,1,5,7,4,3,0,7,1,0,7,4,0,1,5,5,3,5,0,4,5,7,6,1,7,3,7,6,4,7,5,4,2,3,2,6,6,6,0,7,5,7,4,5,1,2,7,7,3,5,2,3,5,2,2,0,7,6,4,0,3,0,3,4,7,2,2,6,7,0,0,0,3,0,0,7,7];[10,1,0,10,0,10,0,4,8,8,9,10,5,6,0,8,5,4,10,2,1,8,10,8,5,3,11,4,10,0,0,4,6,2,6,6,1,11,8,2,7,9,9,7,0,9,1,2,5,2,2,0,7,1,4,3,1,3,2,9,6,0,0,3,5,11,3,2,11,3,10,11,8,3,5,10,6,4,7,5,8,4,4,11,0,7,10,0,0,9,10,4,9,11,4,0,1,11,0,7,9,2,9,5,6,11,11,8,7,11,7,2,4,10,4,10,1,1,6,1,7,7,4,11,3,8,7,10,11,10,4,9,8,0,10,8,1,8,6,3,8,3,2,11,5,5,6,11,10,5,7,1,5,0,0,11,6,1,1,1,4,2,9,7,5,2,11,3,0,0,7,0,7,10,11,10,3,5,10,7,6,7,5,6,1,7,11,2,3,8,2,11,3,2,11,10,2,0,8,10,3,0,4,0,11,7,3,10,1,5,0,0,2,7,8,5,6,5,2,3,10,5,4,3,2,1,3,7,3,11,1,2,1,9,2,10,1,9,2,9,6,11,8,6,2,5,9,10,8,7,4,3,1,7,8,0,1,1,5,6,7,10,4,4,5,8,3,4,9,6,7,8,4,9,0,4,0,3,2,10,2,1,6,1,10,3,6,7,7,8,8,8,10];[[0.7773566427005639,7.7735664270056395,1.0],[0.6698255595592497,6.698255595592498,1.0],[0.09913960392481702,0.9913960392481702,1.0],[0.35297051119014544,3.529705111901454,1.0],[0.4679077429008419,4.679077429008419,1.0],[0.5346837414708775,5.346837414708775,1.0],[0.9783090609123973,9.783090609123974,1.0],[0.13031535015865903,1.3031535015865903,1.0],[0.6712434682302663,6.712434682302662,1.0],[0.36422941594737557,3.6422941594737557,1.0],[0.48883570716198577,4.888357071619858,1.0],[0.20301221073405373,2.0301221073405373,1.0]]
3_DPpaulli_9_workers.fjs;5689.001529470076;715650;[229,255,398,448,535,598,787,1013,1023,1223,1313,1352,1434,2254,2437,0,95,288,456,485,639,734,755,855,889,961,1108,1167,1311,1397,1462,1531,1951,2156,2491,0,73,95,176,255,302,363,413,475,561,675,734,927,1079,1130,1223,1239,1689,2005,2203,2330,2390,2593,0,244,318,404,865,952,971,1232,1467,1597,1667,1750,1786,2169,2268,2507,2593,2636,63,113,320,466,558,601,799,865,1036,1079,1267,1322,1496,1752,1897,2002,2200,2328,2394,2525,2644,101,586,738,832,953,1062,1129,1167,1273,1527,1629,1768,2002,2254,2417,111,229,315,363,413,583,665,864,1255,1363,1830,1867,2010,2262,2319,2338,2399,68,127,199,466,649,697,752,832,884,1155,1440,1579,1597,1635,1673,1805,1864,2044,2111,2131,2171,2386,2482,2550,2593,188,363,592,1023,1208,1283,1322,1457,1497,1606,1673,1689,1761,1867,1883,1916,2017,2108,2171,2287,2483,2547,2609,0,61,108,199,510,697,738,770,807,884,952,1129,1208,1321,1883,1916,1996,2320,2507,111,200,402,456,532,592,649,805,984,1352,1434,1477,1647,1786,1867,1938,1951,2131,2506,0,18,226,380,760,961,1014,1074,1090,1155,1223,1267,1423,1497,1601,1687,1699,1805,2111,2346,2449,320,532,583,734,934,1108,1208,1370,1411,1558,1903,2083,2171,2268,2332,2346,127,200,312,403,686,770,1130,1153,1434,1444,1462,1527,1729,1824,2390,2461,0,176,244,380,452,591,601,733,752,832,1029,1115,1322,1574,1850,1931,2014,2083,2169,2203,2298,2338,2386,2461,2566];[3,0,2,3,3,3,1,1,4,1,2,3,6,1,2,1,1,5,1,7,7,7,7,0,2,5,4,2,7,1,3,3,4,6,5,3,1,0,0,3,4,0,3,5,4,1,4,4,2,6,3,3,4,0,7,4,6,3,2,6,1,1,4,0,0,7,4,5,6,5,7,0,4,3,4,0,2,5,2,2,3,5,4,5,6,7,6,5,2,0,5,2,5,2,0,2,3,6,7,0,7,6,3,3,4,7,1,6,2,5,2,7,4,1,3,2,0,0,3,1,4,7,3,3,7,3,3,0,1,3,1,1,1,0,4,6,2,3,3,7,5,6,4,2,1,6,5,2,4,1,3,1,0,2,4,4,1,1,0,3,1,5,6,3,4,0,4,2,1,3,6,6,3,2,0,7,1,7,4,7,3,6,0,5,3,3,6,1,0,7,4,2,1,6,1,6,3,5,7,0,1,6,6,0,2,2,2,7,3,5,4,0,0,2,4,5,6,2,5,0,7,5,5,1,1,6,5,5,0,1,5,1,3,5,6,5,0,0,2,1,7,7,2,4,4,4,6,3,4,0,6,5,6,7,7,6,5,5,2,5,3,0,1,0,3,5,4,3,4,2,2,6,7,4,4,6,2,1,0,6,6,2,7,7,3,0,7,2,1,3,7,4,1];[8,4,2,0,8,10,3,2,6,0,8,4,3,2,5,11,11,0,10,2,9,3,5,10,0,9,9,8,6,9,2,4,0,0,6,9,7,6,4,5,1,10,1,7,8,11,0,5,7,8,2,6,11,9,0,8,5,5,0,2,3,8,8,3,0,4,5,5,10,0,4,7,1,9,6,7,1,3,10,10,2,5,0,11,7,9,1,0,3,10,9,3,6,0,7,5,6,7,11,7,1,4,5,1,9,6,10,2,11,10,3,0,9,11,7,2,10,7,10,2,11,5,6,11,2,7,7,7,11,9,11,5,11,2,7,11,6,4,0,8,0,0,6,6,0,10,3,8,0,5,4,11,2,0,9,1,6,8,8,2,1,11,0,7,5,2,1,9,4,11,7,1,10,4,8,3,3,5,8,5,7,11,5,4,4,9,3,2,5,1,10,1,7,4,3,4,0,10,6,4,6,3,0,2,5,11,4,6,1,2,0,0,1,3,1,3,10,2,5,6,11,9,1,0,2,10,10,2,11,11,0,9,5,6,5,3,6,4,9,9,10,4,5,7,10,9,5,5,11,10,11,10,1,3,4,4,6,7,10,3,7,0,1,7,7,3,1,4,4,6,6,0,2,5,0,8,10,11,2,3,3,6,8,2,5,11,8,2,11,6,2,9,1];[[0.7966509679599704,7.966509679599704,1.0],[0.05862623274803458,0.5862623274803458,1.0],[0.7602397739740907,7.602397739740907,1.0],[0.8627037401845356,8.627037401845355,1.0],[0.09127403464611428,0.9127403464611428,1.0],[0.9024924365975527,9.024924365975528,1.0],[0.7858960565941281,7.858960565941281,1.0],[0.40667966546103385,4.0667966546103385,1.0],[0.37447264465852026,3.7447264465852026,1.0],[0.6490262282913547,6.490262282913547,1.0],[0.40092466608569977,4.009246660856998,1.0],[0.5721109226277574,5.721109226277575,1.0]]
3_DPpaulli_9_workers.fjs;5686.110573518248;2485560;[155,181,282,313,537,918,1102,1224,1248,1385,1475,1644,1747,1908,1954,64,210,408,505,556,590,674,694,797,835,927,1060,1134,1206,1272,1652,1721,1806,2115,2192,0,73,282,594,724,835,899,947,991,1164,1303,1390,1563,1622,1721,1838,1854,2040,2115,2187,2365,2433,2583,135,328,441,710,736,797,1019,1112,1151,1240,1272,1348,1389,1479,1639,2019,2257,2334,67,118,216,329,421,505,590,733,824,899,987,1341,1641,1935,1993,2089,2133,2275,2403,2488,2630,57,375,405,424,694,984,2063,2080,2187,2224,2296,2344,2488,2512,2563,0,201,282,375,515,674,823,876,1002,1206,1433,1475,1778,1854,1976,2344,2511,83,235,301,328,375,421,455,528,575,813,877,973,1199,1402,1443,1687,1743,1946,2019,2107,2227,2289,2445,2598,2630,0,83,128,369,561,691,876,947,991,1065,1107,1164,1348,1622,1743,1828,1937,2019,2063,2136,2289,2342,2447,649,771,918,1071,1124,1206,1272,1348,1517,1624,1730,1789,1864,1886,2065,2128,2166,2505,2581,0,73,207,460,539,1199,1289,1443,1506,1581,1644,1705,1864,1946,1982,2054,2171,2342,2390,135,250,505,558,674,736,824,884,960,1442,1506,1581,1806,1886,1896,1982,2089,2365,2390,2512,2550,17,161,656,771,973,1065,1257,1603,1704,2166,2243,2344,2426,2511,2569,2583,68,161,235,397,561,616,825,873,982,1049,1080,1339,1439,1581,1652,2229,0,17,118,191,244,282,327,539,616,691,724,1046,1086,1134,1303,1479,1563,1759,1854,1896,1955,2054,2103,2304,2467];[3,4,1,1,3,5,1,1,0,1,7,2,6,2,2,3,1,5,7,6,5,6,3,4,7,7,6,0,3,7,6,5,5,6,5,5,0,6,1,0,4,0,2,4,7,5,6,4,5,6,4,6,0,3,7,1,5,7,6,3,3,7,4,0,0,6,4,5,1,7,7,6,4,3,7,4,2,1,2,2,6,5,4,5,6,7,5,3,0,7,5,2,0,0,0,5,3,6,5,1,1,6,3,4,1,3,4,4,6,0,1,5,0,6,0,7,7,5,2,3,1,6,3,1,7,0,4,0,2,7,5,2,5,6,4,0,2,6,0,1,7,2,0,2,1,3,3,0,0,1,2,4,3,2,7,6,7,0,0,2,2,4,7,3,2,1,4,4,1,7,0,4,7,7,1,5,6,7,1,1,1,3,0,5,1,7,3,2,3,2,6,2,2,6,4,4,4,5,0,6,1,7,6,5,3,2,1,4,3,6,1,2,1,2,4,3,4,2,7,0,7,5,0,6,3,0,3,4,2,1,5,5,4,7,0,1,3,0,4,3,0,7,3,7,0,2,6,3,2,3,7,6,4,5,7,3,2,3,3,6,2,2,4,0,4,6,7,0,2,2,2,2,1,3,0,6,2,1,2,6,0,2,2,4,0,0,1,4,4,6,4,7,7];[6,6,0,0,0,10,11,6,1,0,10,11,6,4,5,2,0,8,11,1,1,3,3,0,7,7,10,8,2,7,4,3,8,2,0,1,5,6,9,11,2,4,5,2,10,11,9,9,10,2,6,7,3,3,4,11,3,5,2,5,3,0,4,6,4,5,0,7,6,3,10,5,9,2,5,11,4,5,7,10,4,5,0,2,11,11,3,8,0,8,8,10,1,8,5,5,2,11,7,9,7,6,6,0,11,3,7,11,0,0,7,4,8,4,2,8,9,10,1,6,5,4,11,11,9,4,7,8,8,9,9,5,8,3,1,6,8,11,10,10,0,10,2,8,5,4,0,10,5,11,4,6,8,0,9,11,11,11,8,11,5,8,1,0,4,7,6,5,9,9,2,6,9,6,9,5,1,5,3,9,9,4,9,9,2,11,8,7,5,10,2,6,10,2,11,10,2,10,1,2,4,11,4,2,3,7,5,8,1,10,4,11,11,2,6,0,10,8,3,1,1,9,11,4,1,9,2,11,3,11,3,0,7,2,2,2,11,10,8,5,7,7,0,1,0,8,1,1,9,10,0,7,8,9,8,0,10,7,5,0,5,6,3,7,5,3,1,2,11,6,3,7,0,7,11,11,2,7,9,3,8,11,9,0,0,1,6,3,9,4,4,7,10];[[0.5209484070219088,5.209484070219088,1.0],[0.42125020101147315,4.212502010114731,1.0],[0.22094517308324657,2.2094517308324657,1.0],[0.13033708391670573,1.3033708391670573,1.0],[0.48395776843282956,4.839577684328296,1.0],[0.6260889663051598,6.260889663051597,1.0],[0.6211218319323739,6.21121831932374,1.0],[0.707277595965894,7.07277595965894,1.0],[0.43539590023548325,4.3539590023548325,1.0],[0.04809800715767443,0.4809800715767443,1.0],[0.2254847064342842,2.254847064342842,1.0],[0.788548045160999,7.88548045160999,1.0]]
3_DPpaulli_9_workers.fjs;6015.436728587933;293360;[202,249,318,766,851,957,1117,1244,2065,2128,2221,2259,2348,2446,2551,58,127,159,252,262,349,627,933,1006,1147,1210,1335,1741,1831,2128,2199,2537,2615,2693,2728,0,71,174,447,578,666,728,779,927,1094,1389,1510,1767,2026,2259,2285,2339,2371,2489,2572,2646,2708,2752,66,249,362,511,540,842,901,1338,1411,1534,1648,1732,1780,1852,2001,2084,2386,2623,18,118,333,399,475,670,762,1051,1231,1377,1455,1557,1732,2192,2287,2386,2425,2515,2579,2664,2769,284,421,728,759,860,957,1054,1166,1278,1317,1509,1630,1730,2084,2563,0,71,157,217,252,540,644,860,962,1255,1456,1648,1682,1796,2171,2255,2720,0,97,230,318,362,527,600,779,1024,1147,1210,1317,1601,1630,1696,1796,1852,1940,2004,2026,2221,2426,2579,2643,2676,66,323,475,624,858,973,1040,1115,1159,1235,1283,1302,1366,1456,1472,1509,1607,1950,2068,2217,2285,2339,2509,0,70,127,291,323,719,762,1045,1088,1166,1235,1296,1510,1852,1897,1911,2519,2538,2680,0,247,369,435,523,608,666,830,1209,1283,1411,1455,1969,2159,2287,2425,2449,2666,2752,139,556,707,762,877,927,973,1033,1051,1335,1512,1556,1730,1874,1891,2051,2116,2348,2371,2454,2489,201,247,343,475,691,749,962,1115,1366,1421,1557,1882,2072,2159,2650,2728,0,157,433,529,572,627,792,1071,1355,1796,2004,2072,2302,2371,2446,2519,0,18,69,269,300,333,362,415,572,872,1021,1355,1421,1469,1519,1597,1676,1752,1838,1897,2222,2242,2519,2635,2693];[1,4,1,6,3,3,4,7,4,5,6,2,3,6,6,2,4,3,2,6,1,0,0,0,4,5,1,6,4,7,4,5,1,6,1,3,0,0,5,1,4,3,1,4,3,1,7,4,1,6,4,6,4,1,7,3,3,0,5,3,3,2,4,0,3,7,6,5,3,7,6,0,4,6,5,4,4,1,0,6,2,5,4,5,6,6,5,1,3,0,5,2,0,2,0,0,5,6,5,0,7,2,2,7,7,1,2,4,4,5,1,3,0,6,5,2,7,5,2,7,6,7,3,1,6,7,4,0,2,7,0,6,3,7,7,5,3,3,5,1,1,4,0,2,1,3,0,1,6,5,3,2,5,2,7,4,6,1,0,1,6,1,6,3,4,0,3,4,4,3,2,1,3,2,6,7,5,5,1,2,0,6,7,2,0,7,3,0,6,5,1,6,2,6,4,4,2,5,5,1,1,4,6,4,4,3,5,1,3,0,1,2,5,6,3,3,6,2,5,4,1,5,5,1,5,6,4,4,5,3,6,1,2,1,1,4,5,1,2,3,7,0,7,6,0,7,6,4,0,2,6,6,6,6,7,3,0,7,2,2,3,2,0,5,4,6,7,3,4,1,3,0,7,2,4,7,3,3,4,4,0,2,2,7,0,0,5,1,1,3,7,7,1];[4,6,0,1,11,10,6,4,3,0,6,6,1,9,10,1,9,6,10,10,6,11,5,0,3,3,8,10,0,10,10,3,1,2,0,7,5,1,1,9,9,6,5,3,9,0,1,6,11,3,2,7,0,11,2,7,6,5,6,9,3,2,7,9,2,5,6,0,8,0,1,5,5,11,4,4,8,11,2,5,11,11,10,11,0,7,1,8,9,3,10,10,10,4,5,0,3,4,0,9,4,1,2,0,8,0,0,9,0,11,7,7,4,10,4,7,0,2,3,7,1,11,2,4,3,2,11,8,9,9,5,8,1,10,10,6,9,7,11,11,6,7,5,2,5,8,10,11,3,4,4,8,11,5,3,5,8,1,8,11,6,1,10,5,10,3,2,3,11,11,9,5,6,1,3,3,2,3,8,7,5,11,10,11,2,8,2,2,4,2,10,11,6,1,0,3,0,3,2,7,4,4,5,6,7,1,4,10,4,5,4,6,0,3,1,8,3,2,2,11,11,9,9,1,6,3,9,7,4,8,6,9,8,8,3,7,0,2,9,5,6,7,8,7,9,5,10,1,4,7,10,7,11,2,9,11,8,2,11,0,10,10,1,10,5,5,1,8,6,10,0,11,2,8,0,1,5,3,4,1,8,7,6,2,5,11,4,7,2,11,10,2,1];[[0.49734142093980327,4.973414209398033,1.0],[0.35999045686025677,3.5999045686025677,1.0],[0.7220617567237175,7.220617567237175,1.0],[0.44672126724761885,4.4672126724761885,1.0],[0.4533596515962979,4.533596515962978,1.0],[0.025925678678183073,0.25925678678183073,1.0],[0.33490089376309407,3.3490089376309404,1.0],[0.4755440242737675,4.755440242737675,1.0],[0.45132356511490823,4.513235651149082,1.0],[0.08788974506102976,0.8788974506102976,1.0],[0.29509671683068217,2.9509671683068217,1.0],[0.33863234208051063,3.3863234208051063,1.0]]
3_DPpaulli_9_workers.fjs;5562.739167239689;1685170;[280,349,523,901,1102,1124,1444,1762,1773,1834,1927,2078,2278,2449,2529,0,114,166,414,688,830,935,966,1062,1102,1218,1517,1576,1933,2120,2187,2264,2337,2418,2485,166,425,544,662,731,842,1041,1149,1193,1279,1388,1748,1941,2008,2174,2200,2218,2257,2335,2408,2471,2530,2574,73,211,305,491,606,765,784,914,945,1576,1607,1687,1833,1895,2008,2096,2327,2508,0,51,305,344,555,591,704,774,873,919,969,1304,1454,1517,1773,1877,1927,2081,2229,2393,2537,147,258,314,425,523,687,815,1252,1350,1687,1846,1978,2078,2280,2498,0,68,166,211,243,452,731,785,1045,1123,1295,1584,1715,1771,1853,2096,2315,61,371,505,533,580,668,704,954,1124,1252,1322,1436,1510,1538,1581,1877,1979,2013,2076,2096,2150,2209,2264,2327,2583,0,77,334,420,469,544,591,709,756,893,935,979,1119,1216,1232,1275,1463,1559,1674,1979,2418,2475,2580,106,166,234,785,1037,1119,1185,1251,1295,1373,1451,1510,1616,1743,2029,2043,2091,2198,2408,0,77,211,267,453,517,630,815,875,987,1232,1339,1616,1814,2021,2187,2337,2449,2498,267,290,371,421,533,581,628,723,830,893,1024,1070,1216,1339,1665,1834,1933,2067,2097,2254,2471,0,61,396,777,1091,1159,1279,1377,1419,1474,1559,1659,1748,1829,1895,2363,0,234,349,453,668,954,1195,1372,1457,1618,1771,1885,1941,2337,2410,2485,146,178,223,582,606,715,830,947,1037,1114,1377,1468,1538,1618,1665,1754,1927,2008,2103,2136,2209,2229,2374,2530,2571];[3,0,2,0,4,5,1,1,6,5,2,2,6,2,6,6,4,0,2,7,7,3,7,4,2,4,4,0,7,5,4,5,6,4,5,7,5,0,2,1,0,0,1,5,4,1,4,4,5,6,1,0,4,0,7,1,0,4,6,3,3,3,4,0,0,7,6,4,1,5,7,0,4,3,7,7,2,2,4,7,2,7,4,5,6,1,5,3,4,0,1,2,6,4,3,1,7,2,0,5,2,4,3,4,1,1,1,3,2,1,2,2,0,0,5,6,6,1,2,3,6,6,3,6,3,5,4,0,2,3,6,7,3,6,4,5,3,4,0,4,7,2,1,7,1,3,3,3,5,0,5,7,3,2,1,7,5,0,0,5,2,7,7,3,2,0,0,2,6,2,5,3,7,7,6,6,5,3,4,2,4,7,3,1,3,6,2,2,6,0,2,1,6,6,2,0,4,1,5,1,4,1,6,6,4,3,2,7,3,4,7,2,1,3,3,5,6,2,7,7,3,3,0,1,5,5,3,0,1,6,6,1,5,7,1,7,3,4,4,1,0,3,5,4,0,3,5,4,0,0,6,3,7,7,1,3,0,1,4,6,6,2,3,4,3,5,5,4,4,1,4,1,1,6,4,7,1,1,5,6,2,6,2,7,5,0,1,1,3,6,7,1,1];[9,6,2,2,7,10,11,1,4,0,8,10,10,1,0,2,10,5,6,9,5,3,8,10,0,4,9,4,5,11,10,7,4,9,11,4,6,1,5,9,8,7,2,7,4,11,11,2,9,2,11,3,0,9,2,10,4,2,4,9,10,11,8,3,2,0,0,6,8,9,10,11,1,9,5,7,4,3,9,2,11,3,3,7,4,7,1,10,0,11,1,8,0,6,1,11,3,6,3,7,3,4,2,8,6,8,8,2,4,0,11,6,8,8,9,1,10,5,11,6,1,1,11,11,3,7,11,5,8,6,1,0,10,0,0,6,9,8,1,3,0,3,7,1,5,5,11,11,1,7,5,6,11,5,7,2,3,8,8,5,5,0,1,1,4,7,4,9,5,9,10,0,1,8,7,8,4,0,2,4,11,11,6,3,10,2,4,7,8,7,10,2,6,8,9,3,6,11,8,6,6,9,11,11,11,10,8,6,4,5,7,11,10,8,1,1,8,11,4,3,6,10,4,1,6,9,2,6,4,5,6,6,8,2,3,2,11,1,10,9,3,11,5,5,9,4,3,7,6,9,10,1,9,7,7,10,8,3,5,3,2,11,8,9,4,0,6,9,4,10,11,10,4,7,0,7,8,9,1,6,2,5,6,2,1,3,0,3,7,4,6,10,8];[[0.4211249061401,4.211249061401,1.0],[0.9761073344853062,9.761073344853061,1.0],[0.6132800246752349,6.132800246752349,1.0],[0.6930423279788359,6.930423279788359,1.0],[0.5088628354481554,5.088628354481553,1.0],[0.18781156668551158,1.8781156668551158,1.0],[0.830121874145001,8.301218741450011,1.0],[0.8449241651217704,8.449241651217704,1.0],[0.20962821201639004,2.0962821201639006,1.0],[0.6505169872996391,6.505169872996391,1.0],[0.7003316191510263,7.003316191510263,1.0],[0.7150339547653067,7.150339547653068,1.0]]
3_DPpaulli_9_workers.fjs;5681.466987847579;2482480;[481,507,565,620,708,793,853,1183,1461,1638,1797,1839,1956,2439,2514,233,594,688,793,825,843,925,947,1061,1099,1225,1371,1422,1457,1509,1596,2002,2299,2530,2586,0,69,167,355,711,751,915,1023,1216,1319,1391,1521,1727,1790,1841,1924,2134,2174,2252,2327,2400,2489,2587,306,626,780,983,1157,1353,1369,1427,1459,1560,1589,1690,1727,1867,1956,2059,2170,2466,0,50,133,172,288,322,424,493,584,626,652,981,1096,1159,1219,1312,1676,2046,2122,2311,2470,606,634,663,941,1077,1157,1382,1575,1841,1876,1946,1990,2146,2442,2586,62,405,495,798,873,969,1091,1388,1485,1560,1673,1824,1946,2213,2276,2413,2598,68,167,308,361,445,503,860,1192,1302,1398,1653,1795,1824,1853,1943,2046,2174,2213,2276,2359,2401,2485,2539,2598,2633,0,322,361,445,494,572,708,780,939,1071,1638,1670,1734,1824,1944,2086,2193,2281,2327,2401,2439,2493,2555,0,148,195,288,537,1110,1149,1183,1230,1312,1734,1841,1967,1988,2383,2395,2493,2514,2587,94,218,523,771,860,947,1013,1159,1214,1350,1427,1473,1574,1852,1893,2111,2122,2295,2433,50,69,148,167,257,307,507,603,707,793,941,1143,1277,1378,1548,1786,1988,2149,2217,2359,2401,172,249,303,355,495,860,1099,1191,1230,1305,1448,1682,1990,2090,2217,2266,0,61,133,257,366,626,688,711,1061,1071,1311,1596,2019,2059,2233,2327,0,355,401,481,565,622,807,855,873,952,981,1077,1091,1220,1269,1422,1778,1858,2090,2122,2193,2217,2383,2485,2555];[3,1,2,1,7,4,4,1,2,1,6,2,6,2,6,6,2,3,7,2,5,7,2,0,2,5,4,2,7,7,5,3,2,1,7,7,2,1,2,2,0,0,2,6,6,5,2,7,7,6,2,6,4,4,7,1,3,4,5,3,1,6,4,0,0,6,6,0,0,7,6,6,4,4,5,0,0,0,5,7,3,7,4,5,5,6,6,3,0,6,3,0,5,2,3,5,1,0,0,0,5,4,3,3,7,7,1,0,5,0,4,3,3,1,2,5,2,0,6,1,0,4,3,1,3,0,3,0,1,7,6,6,1,7,4,6,5,4,3,7,0,4,4,2,1,0,3,2,0,5,5,2,5,2,1,1,6,0,0,3,1,2,1,3,4,0,4,2,1,7,1,1,4,7,6,7,3,3,4,3,1,4,3,1,2,7,3,0,3,7,1,2,2,6,4,0,2,5,7,6,0,7,7,0,4,6,0,3,3,5,7,2,2,3,3,2,4,1,2,0,4,3,1,6,3,6,5,5,1,1,6,7,4,7,6,4,5,7,2,4,7,3,7,7,0,7,5,3,0,0,2,6,5,6,0,4,5,5,4,5,2,2,1,2,4,6,5,3,2,3,3,6,1,4,0,7,1,3,4,6,5,2,2,4,5,0,5,1,7,6,0,1,7];[6,8,11,4,10,3,0,4,4,7,8,5,5,5,0,4,10,3,11,6,8,1,7,1,10,6,8,10,6,1,0,4,9,7,6,4,2,11,9,5,1,6,1,4,1,5,0,0,10,2,9,8,0,6,0,9,8,10,2,5,5,0,11,6,0,8,11,10,2,11,1,2,2,10,4,2,10,8,9,2,8,1,5,2,5,7,1,11,0,7,7,3,4,2,1,3,9,9,0,7,3,9,2,9,8,8,4,10,9,4,4,2,6,3,11,8,9,5,5,7,10,7,11,3,3,7,7,2,11,11,1,5,4,0,1,3,1,10,4,8,6,7,0,8,0,7,11,11,1,10,9,11,5,0,5,8,0,10,4,9,8,0,10,3,10,3,3,2,11,11,5,8,10,5,3,3,9,3,8,8,11,3,7,3,3,3,7,2,10,7,1,1,1,6,4,8,5,3,10,10,4,1,10,5,11,1,1,5,4,6,0,1,2,4,1,10,10,1,5,1,7,9,4,0,2,0,1,2,10,11,1,6,7,2,5,7,0,9,6,5,0,11,8,0,0,5,3,6,11,9,3,1,7,7,4,5,11,3,5,6,5,8,2,6,5,5,3,8,11,6,2,1,0,0,4,9,2,2,4,6,2,10,8,2,9,3,3,3,3,1,8,5,10];[[0.4831103964860096,4.831103964860096,1.0],[0.9021829992468611,9.02182999246861,1.0],[0.5374571935128641,5.374571935128642,1.0],[0.8761340971511191,8.761340971511192,1.0],[0.573156942708234,5.7315694270823405,1.0],[0.994523847851402,9.945238478514021,1.0],[0.3574465703190305,3.574465703190305,1.0],[0.6617299629663892,6.617299629663892,1.0],[0.4882872262788658,4.882872262788657,1.0],[0.5726412824777106,5.726412824777106,1.0],[0.32388398325139345,3.2388398325139347,1.0],[0.8072354510963532,8.072354510963532,1.0]]
3_DPpaulli_9_workers.fjs;6303.236691199653;2089610;[243,510,609,901,1168,1336,1402,1758,1769,1828,1928,2177,2407,2556,2844,172,245,273,414,426,445,527,571,683,978,1177,1249,1478,1828,1972,2157,2409,2664,2807,2844,273,340,426,522,589,734,799,852,884,978,1014,1074,1187,1310,1371,1469,1549,2293,2484,2589,2659,2784,2844,501,559,761,852,1392,1524,1693,1759,1907,2140,2170,2253,2293,2356,2445,2518,2613,2807,54,108,208,271,363,397,487,557,717,1148,1216,1492,1598,1673,1739,1877,2041,2449,2573,2676,2752,363,718,790,1124,1571,1673,1785,1969,2059,2097,2165,2489,2589,2610,2805,73,161,456,666,802,884,948,1031,1124,1607,1801,1873,2338,2445,2602,2676,2727,0,43,141,172,363,414,640,761,888,972,1431,1485,1503,1746,1785,1885,2110,2186,2255,2297,2556,2619,2683,2768,2809,0,141,219,365,414,490,664,764,806,1145,1199,1486,1628,1950,2007,2220,2325,2445,2489,2656,2695,2751,2842,269,618,1068,1218,1402,1482,1528,1564,1786,1861,1930,1995,2068,2247,2589,2610,2645,2784,2867,0,54,208,527,609,962,1249,1341,1392,1492,1650,1834,1930,2071,2110,2186,2510,2573,2695,54,73,490,670,852,1020,1074,1199,1582,1650,1715,1924,2144,2209,2253,2396,2407,2659,2683,2774,2907,414,717,1187,1249,1371,1397,1485,1571,1718,1873,2059,2157,2255,2389,2558,2752,548,734,1009,1106,1231,1281,1336,1402,1517,1673,1693,2016,2071,2751,2837,2907,0,108,172,245,340,548,618,666,683,761,792,888,901,1051,1101,1231,1358,1540,1751,1828,1995,2092,2356,2518,2753];[3,2,1,6,1,5,1,1,4,1,7,3,6,3,5,1,0,0,0,7,1,7,2,0,6,7,4,6,0,7,5,3,6,1,7,7,5,0,0,6,4,2,3,5,1,1,4,3,7,6,1,1,5,3,7,0,7,1,5,3,3,6,4,0,7,6,6,0,6,5,0,7,4,4,4,0,2,7,2,2,6,2,4,5,6,7,1,5,5,2,5,0,6,0,1,5,3,2,0,0,5,2,3,3,5,1,1,1,2,0,2,3,0,6,5,4,5,3,3,5,0,7,3,6,6,7,3,2,2,3,4,1,5,5,4,1,2,4,5,1,7,4,3,2,4,3,7,0,4,5,5,7,3,2,7,0,5,0,3,7,5,1,1,3,4,1,0,2,6,2,3,2,1,1,1,0,6,3,4,1,4,6,0,6,7,7,3,1,0,0,4,2,6,6,4,2,2,1,7,1,7,4,2,4,0,3,1,5,3,4,7,2,0,7,3,3,6,2,7,7,4,3,0,1,6,6,5,3,1,6,6,5,7,4,1,0,5,1,2,3,7,7,2,3,0,2,5,4,7,0,7,6,4,5,0,7,5,5,3,5,6,5,1,4,2,5,0,4,5,2,3,2,7,3,0,0,2,0,4,6,0,6,2,6,3,0,7,4,1,0,0,7,7];[1,1,0,4,0,2,0,1,1,4,7,5,3,11,7,11,9,5,2,2,9,9,7,1,7,8,1,10,1,9,0,4,6,7,6,9,2,5,2,1,8,5,5,9,4,4,1,4,11,8,2,10,7,8,4,9,4,5,10,5,10,0,6,6,5,10,0,6,10,7,3,9,10,2,6,3,7,3,10,10,11,3,3,10,0,9,7,4,11,3,0,3,1,1,9,3,6,0,7,7,11,0,11,2,6,8,4,2,4,5,11,11,8,0,11,7,11,1,2,5,10,9,2,11,4,7,7,10,9,9,1,1,8,2,0,0,6,11,9,0,11,1,6,11,6,5,9,9,0,8,10,4,3,0,3,10,8,10,1,6,8,1,9,1,10,2,6,8,10,6,6,9,3,1,11,8,1,3,6,3,5,11,9,7,1,3,5,3,7,7,8,1,5,8,10,0,8,0,5,6,2,0,0,4,5,8,5,9,1,5,7,11,0,3,1,8,5,1,6,10,11,0,7,10,2,8,2,1,6,11,1,11,5,7,0,4,7,5,1,5,3,4,5,8,9,8,9,3,1,5,9,5,4,3,2,9,3,8,3,8,0,1,1,5,0,1,2,9,7,6,1,11,4,3,4,4,10,11,4,2,8,6,4,11,10,3,3,2,5,3,0,10,10];[[0.34661995661142697,3.4661995661142697,1.0],[0.2286410960833074,2.286410960833074,1.0],[0.012392470279078194,0.12392470279078194,1.0],[0.9308270259025113,9.308270259025113,1.0],[0.3225145761620236,3.225145761620236,1.0],[0.0006954578022455582,0.006954578022455582,1.0],[0.2097170717940725,2.097170717940725,1.0],[0.5179602272351016,5.179602272351016,1.0],[0.7628222106217201,7.6282221062172,1.0],[0.3089717897377221,3.089717897377221,1.0],[0.15113122452813788,1.5113122452813788,1.0],[0.07045772229012492,0.7045772229012492,1.0]]
3_DPpaulli_9_workers.fjs;5758.56357071256;3180980;[189,400,836,1156,1289,1383,1471,1499,1509,1579,2116,2155,2240,2303,2615,0,187,419,523,535,695,777,806,887,934,1045,1088,1202,1555,2064,2139,2208,2375,2460,2520,206,279,304,400,474,514,580,840,875,1014,1076,1140,1202,1348,1509,1754,1804,1885,2056,2189,2262,2324,2493,54,154,523,614,644,706,1089,1156,1252,1350,1398,1499,1774,2129,2221,2292,2379,2460,234,364,888,996,1216,1350,1450,1509,1667,1713,1742,1804,1895,1969,2036,2324,2368,2486,2547,2637,2699,0,154,441,463,760,887,949,964,1045,1311,1563,1934,2548,2569,2624,119,218,304,452,535,580,706,790,926,1000,1080,1475,2086,2139,2379,2499,2615,75,121,214,335,567,619,695,942,977,1093,1311,1383,1398,1450,1607,1695,1834,1873,1937,2042,2069,2178,2232,2398,2437,0,75,487,644,692,773,806,889,934,1014,1056,1083,1182,1272,1308,1389,1517,1603,1973,2436,2493,2597,2653,0,187,279,364,613,1142,1216,1247,1289,1450,1518,1657,1854,2036,2139,2240,2327,2422,2599,0,54,149,359,514,679,744,836,1137,1241,1568,1645,1746,1960,2368,2473,2498,2554,2568,0,66,341,359,514,571,617,679,695,864,1475,1518,1608,1727,1775,1859,1973,2303,2375,2458,2569,573,744,790,1072,1136,1176,1289,1430,1499,1602,1713,1885,1973,2058,2129,2287,66,127,206,295,452,619,928,996,1156,1308,1596,1746,1845,2346,2478,2552,234,295,341,419,554,931,1093,1159,1193,1269,1299,1383,1542,1607,1695,1775,1854,1937,2032,2129,2291,2437,2486,2554,2596];[3,6,2,1,4,3,4,1,2,0,2,2,6,4,5,0,2,3,2,6,5,0,3,0,5,7,6,6,4,5,6,3,7,1,5,7,2,6,2,0,4,2,4,6,1,5,6,3,1,6,0,6,6,3,7,0,0,7,2,6,3,0,4,0,3,4,2,0,0,7,0,1,4,1,4,7,5,7,4,5,2,2,2,5,5,7,1,1,5,6,0,2,5,0,6,0,7,6,0,1,1,4,3,7,7,1,4,3,7,0,2,3,2,6,2,5,2,6,4,1,0,0,3,6,6,7,3,4,1,3,3,3,3,7,3,7,2,6,0,1,0,4,1,2,0,0,0,2,7,1,5,1,3,2,4,0,5,0,3,3,5,5,1,3,4,1,7,4,6,5,1,1,3,0,6,4,4,5,4,7,0,7,7,5,5,7,3,0,6,5,6,0,2,6,4,2,2,1,5,1,0,1,2,0,5,6,2,4,3,4,0,0,1,7,3,3,6,1,5,7,4,1,5,6,2,0,3,4,6,2,2,1,6,1,6,0,5,1,6,4,2,0,5,4,4,3,5,3,2,2,4,3,5,7,1,3,4,5,4,2,3,0,7,4,3,6,2,4,4,1,4,0,1,2,2,0,4,1,3,6,7,6,2,7,7,0,5,5,7,3,5,1,7];[9,4,4,3,8,10,0,6,5,9,8,5,5,2,7,10,0,10,1,1,8,7,11,0,0,3,10,10,7,9,4,6,11,11,11,2,2,3,9,2,6,9,6,9,8,4,9,0,5,3,5,6,5,4,8,0,4,5,1,4,10,5,5,5,3,10,3,11,11,0,9,7,3,11,6,8,8,11,5,10,11,8,4,11,9,9,6,8,0,10,11,0,10,1,6,0,9,7,3,2,7,3,2,4,2,8,0,8,8,5,0,8,8,10,0,0,11,3,6,5,8,11,11,11,6,11,7,2,11,11,11,11,1,1,0,1,3,7,0,8,7,1,10,11,3,7,10,7,10,5,9,2,7,0,11,9,3,2,10,6,10,1,1,1,5,8,7,5,5,2,1,0,7,2,8,3,9,3,8,4,9,11,8,6,2,6,9,2,5,2,1,10,10,8,9,5,8,2,10,6,9,9,0,2,11,9,6,8,4,5,5,3,10,10,1,6,3,5,8,2,6,10,0,4,7,1,8,7,6,11,0,6,1,8,5,8,0,2,8,5,1,4,2,7,10,4,7,6,9,7,9,6,4,5,1,8,8,8,5,0,7,9,10,8,5,3,0,9,6,11,10,5,4,6,2,2,1,0,7,6,3,6,10,2,9,1,0,0,3,1,4,4,10];[[0.8559393885152179,8.55939388515218,1.0],[0.8004839408308784,8.004839408308783,1.0],[0.5938433496209707,5.938433496209708,1.0],[0.8870093324131678,8.870093324131679,1.0],[0.741558169706834,7.4155816970683395,1.0],[0.8097670389513107,8.097670389513107,1.0],[0.2247324103169328,2.247324103169328,1.0],[0.9761818800633866,9.761818800633865,1.0],[0.6339038774096737,6.339038774096737,1.0],[0.5580285642552777,5.580285642552777,1.0],[0.4463526500656817,4.463526500656817,1.0],[0.28336462923826333,2.8336462923826335,1.0]]
3_DPpaulli_9_workers.fjs;5692.8071281982575;335350;[165,312,378,703,848,947,1436,1463,1755,1957,2364,2409,2491,2550,2596,245,583,617,753,767,787,883,1187,1301,1336,1398,1590,1644,1715,1822,2011,2202,2303,2437,2491,0,93,119,217,294,334,405,617,680,775,806,990,1097,1396,1774,1941,2164,2202,2285,2364,2437,2498,2542,25,227,290,378,421,483,545,610,694,972,1004,1097,1596,1654,1755,2108,2280,2335,0,207,391,454,543,583,796,1016,1178,1502,1528,1590,1810,2041,2143,2246,2285,2387,2491,2581,2656,0,299,330,787,895,1104,1172,1220,1346,1396,1464,1502,1929,2123,2258,0,80,165,217,341,566,627,829,1076,1528,1679,1980,2156,2208,2511,2530,2585,0,215,292,362,406,642,721,796,883,951,1016,1060,1076,1106,1145,1236,1292,1398,1460,1644,1669,1853,1910,2387,2479,79,350,424,499,566,642,688,865,907,1016,1162,1270,1336,1463,1607,1661,1887,2011,2280,2392,2430,2585,2637,17,177,256,390,421,711,765,907,1035,1115,1187,1248,1323,1346,1441,1963,2205,2262,2590,0,67,157,379,545,785,951,1035,1084,1173,1395,1479,1774,1856,1895,1969,2089,2151,2202,0,61,157,207,334,421,504,566,583,642,707,1113,1178,1301,1312,1542,1590,1690,1973,2226,2260,50,191,483,641,694,879,1447,1696,1755,1856,1941,2059,2164,2335,2497,2581,0,83,156,385,457,505,680,775,869,975,1154,1332,2056,2098,2354,2448,61,312,879,1004,1060,1097,1248,1294,1464,1542,1571,1661,1674,1726,1774,1853,1929,2003,2089,2123,2182,2285,2427,2542,2590];[3,2,1,3,4,3,4,1,1,3,3,3,6,6,6,3,2,0,0,7,3,3,0,4,5,5,1,3,5,1,5,5,1,2,7,5,0,0,2,0,4,2,2,5,1,1,7,4,1,6,3,3,4,6,7,4,0,0,6,1,1,2,4,0,0,4,4,0,0,7,0,0,4,6,7,7,0,6,5,6,2,5,2,5,5,6,1,5,0,6,0,0,5,0,3,5,0,6,4,5,7,4,2,2,5,7,2,6,0,4,7,3,3,3,2,4,7,1,7,5,1,6,3,2,7,7,4,2,2,7,0,6,3,6,3,2,5,6,5,1,1,2,3,7,1,3,3,0,1,1,5,2,5,2,4,5,7,0,3,1,7,1,1,3,4,0,4,4,6,2,1,2,4,1,1,4,4,1,1,7,4,1,0,0,3,6,6,2,6,7,3,0,4,6,2,1,4,5,5,0,7,4,6,4,0,3,0,4,3,6,7,2,0,3,3,1,2,1,5,0,3,1,5,6,6,6,5,4,5,2,2,7,3,1,6,1,0,3,4,4,2,0,5,7,0,3,6,3,2,2,4,3,2,6,7,7,2,3,3,6,2,4,1,0,1,5,4,0,4,3,2,2,7,3,2,7,2,3,2,4,4,6,5,4,5,0,7,4,4,0,7,4,7];[1,1,0,10,6,10,1,7,11,10,3,6,10,2,0,1,0,7,2,11,7,11,11,9,0,0,8,2,7,9,7,10,6,10,6,9,5,5,6,2,11,9,10,0,8,8,0,4,11,2,2,2,0,9,2,5,4,7,7,9,5,5,5,9,6,8,5,11,9,7,10,11,6,9,0,3,10,10,1,6,4,11,2,6,5,7,6,4,0,5,11,9,4,1,1,5,9,4,0,7,5,9,0,6,9,6,6,2,11,11,2,11,8,6,6,4,3,5,9,4,8,0,7,7,6,7,11,11,3,11,11,10,2,2,0,1,9,7,4,8,0,3,3,10,5,5,10,9,1,5,7,5,8,0,9,7,0,3,1,6,3,1,0,4,5,7,8,11,9,3,1,6,10,11,11,9,7,5,3,4,10,7,7,4,1,11,11,2,10,3,5,2,3,4,3,6,3,3,10,4,3,10,2,2,9,1,9,8,1,5,3,11,1,8,1,2,10,0,0,6,10,0,2,4,2,8,6,7,6,11,7,6,7,8,5,2,1,2,10,5,4,6,5,4,9,6,4,4,8,7,8,1,6,2,7,8,1,1,1,0,6,5,3,7,2,0,10,9,6,8,3,11,4,5,4,1,10,2,3,9,9,1,5,2,9,11,8,3,10,1,7,4,10];[[0.5198238265685563,5.198238265685563,1.0],[0.9583988744400509,9.583988744400509,1.0],[0.3402956357666065,3.402956357666065,1.0],[0.7081849781179302,7.081849781179303,1.0],[0.9252189405445452,9.252189405445453,1.0],[0.05032666735654623,0.5032666735654623,1.0],[0.6613275461751585,6.613275461751585,1.0],[0.82711411373077,8.271141137307701,1.0],[0.8734961127808921,8.734961127808921,1.0],[0.5913019030238962,5.913019030238962,1.0],[0.11264722490163037,1.1264722490163037,1.0],[0.34477784983246407,3.4477784983246407,1.0]]
3_DPpaulli_9_workers.fjs;5557.348622737905;395670;[50,149,240,376,466,494,921,981,1103,1874,1983,2024,2110,2189,2263,0,116,149,319,348,368,618,882,1031,1073,1143,1194,1248,1460,1844,1916,2050,2172,2295,2453,252,353,453,578,644,765,831,1029,1064,1248,1372,1589,1659,1786,1888,2110,2128,2164,2242,2349,2433,2496,2540,50,116,193,408,437,569,645,831,900,994,1066,1454,1600,1695,1786,1911,1994,2037,0,50,137,268,466,504,590,658,753,803,921,982,1073,1285,1360,1460,1499,1777,2163,2262,2326,268,453,645,668,884,1179,1510,1525,1656,1776,1844,2064,2172,2433,2467,808,882,981,1031,1130,1173,1232,1289,1388,1466,1548,1558,1641,1694,1743,1914,2495,0,65,178,208,268,321,394,474,510,578,690,808,989,1279,1372,1525,1657,1693,1888,1959,1994,2110,2196,2262,2315,191,319,498,586,645,728,765,838,1050,1138,1444,1460,1531,1625,1659,1694,1795,1874,1916,2061,2108,2188,2256,137,504,664,803,838,993,1113,1236,1279,1388,1592,1693,1795,1843,1983,2069,2169,2326,2402,0,180,268,363,585,645,708,982,1035,1247,1319,1362,1558,2024,2196,2350,2362,2416,2540,279,295,376,494,580,761,831,1020,1050,1170,1239,1281,1328,1362,1372,1466,1479,1656,1743,2416,2496,97,138,293,668,837,884,1152,1319,1388,1454,1592,1695,1777,1992,2050,2499,0,65,134,225,295,345,451,708,972,982,1619,1819,2113,2285,2356,2436,77,378,428,544,586,658,723,808,972,1073,1680,1874,1911,1985,2034,2113,2189,2262,2350,2384,2433,2453,2499,2530,2569];[3,2,2,6,7,4,1,0,1,0,0,2,6,4,7,0,2,0,5,7,3,1,3,4,4,4,4,2,4,5,6,3,5,5,0,3,2,0,6,1,0,2,3,5,4,1,4,4,1,6,1,3,2,2,7,5,3,4,2,3,1,5,4,0,7,7,6,5,7,5,6,1,4,1,4,4,2,1,5,7,1,2,2,5,5,7,5,1,3,2,0,0,6,3,0,4,3,2,6,3,2,2,3,4,0,1,2,1,7,1,7,2,3,0,3,7,6,5,7,5,6,3,3,1,7,5,4,4,1,7,5,3,3,5,3,1,3,6,3,1,2,6,0,7,4,3,0,1,0,1,2,1,5,2,4,0,7,0,0,1,1,4,6,3,4,1,2,2,6,7,6,2,3,0,0,6,1,1,1,3,4,1,0,2,0,4,5,1,6,7,3,2,4,6,4,1,4,5,0,0,7,6,6,4,0,3,1,2,3,0,7,0,0,6,3,1,6,1,5,4,3,5,6,2,1,6,6,0,1,3,6,7,2,5,0,5,0,4,2,4,0,4,0,3,4,2,5,3,0,3,7,6,5,7,7,7,1,5,3,7,4,5,0,7,5,6,2,3,0,2,2,0,1,2,0,6,2,1,2,6,5,6,5,4,3,0,5,5,4,6,4,7,7];[11,9,4,4,7,5,3,3,11,1,9,11,10,7,2,6,4,4,9,10,0,9,9,11,8,4,5,9,4,11,4,4,8,9,9,7,2,4,7,2,10,5,0,9,8,3,11,10,11,2,11,4,4,5,9,1,0,4,4,5,3,2,11,5,4,9,11,11,2,3,10,3,3,11,6,9,1,1,6,10,9,9,10,3,9,11,7,8,3,6,0,9,3,4,3,10,7,0,2,9,1,0,1,6,6,1,5,2,8,6,0,6,1,4,10,2,1,10,10,2,1,2,4,7,9,0,11,2,11,11,8,0,2,2,6,7,1,7,0,0,6,9,1,10,0,4,6,10,1,7,6,2,11,0,11,3,10,4,11,2,3,8,5,7,5,7,8,9,6,7,1,4,5,2,3,9,1,3,0,10,4,7,7,6,2,7,4,0,5,6,5,1,3,1,8,2,9,10,1,5,11,7,5,2,1,11,5,8,4,1,6,4,1,10,1,6,8,10,11,1,6,11,6,10,0,0,4,4,10,6,6,1,0,2,11,3,11,1,11,8,4,5,9,8,2,8,7,1,8,10,8,5,8,2,8,9,5,1,1,4,0,1,3,9,1,1,3,4,3,6,10,8,5,8,11,7,5,0,8,3,0,0,5,2,10,3,7,0,5,10,4,8,10];[[0.18019241848515155,1.8019241848515155,1.0],[0.48736227300275514,4.873622730027551,1.0],[0.07759170039841756,0.7759170039841756,1.0],[0.5225667244081349,5.2256672440813485,1.0],[0.9196433340252647,9.196433340252646,1.0],[0.8762509611803474,8.762509611803473,1.0],[0.5029695910906639,5.029695910906638,1.0],[0.8160267976375112,8.160267976375112,1.0],[0.8059112000327816,8.059112000327817,1.0],[0.2140591090540045,2.140591090540045,1.0],[0.08805821114486456,0.8805821114486456,1.0],[0.20329737064426556,2.0329737064426556,1.0]]
4_ChambersBarnes_10_workers.fjs;2337.535723331386;892140;[0,9,79,158,227,291,480,585,918,982,0,449,525,644,738,830,946,966,1007,1084,0,49,165,255,295,659,780,871,939,982,49,265,350,442,499,560,644,656,744,941,9,228,333,434,440,525,601,665,721,802,18,247,295,366,434,533,679,836,880,1074,18,141,228,315,407,512,628,704,780,999,72,181,265,420,521,620,655,820,966,1039,0,158,196,560,585,744,793,852,880,941,79,196,374,520,604,696,852,924,946,1027,88,181,264,440,461,601,780,820,1015,1067,0,315,374,533,744,814,836,901,918,1003,0,112,264,354,620,659,793,890,966,1051,36,47,141,227,407,449,570,696,802,890,0,23,79,128,201,275,453,525,829,870];[7,9,0,6,4,8,2,5,1,3,6,8,3,0,1,4,5,11,2,7,1,3,5,4,0,2,6,8,12,7,1,7,4,6,5,0,8,3,11,2,7,2,8,5,1,6,3,0,10,4,8,0,4,5,10,1,7,6,3,2,6,2,8,1,9,4,7,0,5,3,8,7,5,3,2,4,9,1,0,6,4,0,10,5,7,3,2,8,6,1,10,0,3,8,1,6,2,5,4,7,7,3,4,5,2,6,0,12,1,8,0,3,2,7,8,5,10,1,6,4,11,1,3,6,2,8,7,0,5,4,4,2,5,6,8,7,3,1,0,9,2,5,9,8,0,6,3,7,1,4];[15,11,1,17,17,8,6,12,10,7,12,0,6,5,8,3,18,5,12,18,13,5,6,14,2,13,7,9,7,6,8,16,7,1,13,7,7,9,1,10,15,10,10,14,9,18,5,0,4,3,12,4,1,0,8,9,17,17,1,12,18,3,9,13,11,15,3,7,10,9,13,18,18,16,11,2,6,1,8,0,10,0,0,17,6,16,2,11,17,1,11,14,8,5,18,14,14,17,12,11,14,1,14,15,17,15,3,8,7,17,0,12,5,12,9,14,7,13,13,16,17,18,13,2,1,8,16,5,14,3,2,7,12,2,13,14,6,4,5,15,3,3,12,16,7,7,18,9,13,16];[[0.7773566427005639,7.7735664270056395,1.0],[0.6698255595592497,6.698255595592498,1.0],[0.09913960392481702,0.9913960392481702,1.0],[0.35297051119014544,3.529705111901454,1.0],[0.4679077429008419,4.679077429008419,1.0],[0.5346837414708775,5.346837414708775,1.0],[0.9783090609123973,9.783090609123974,1.0],[0.13031535015865903,1.3031535015865903,1.0],[0.6712434682302663,6.712434682302662,1.0],[0.36422941594737557,3.6422941594737557,1.0],[0.48883570716198577,4.888357071619858,1.0],[0.20301221073405373,2.0301221073405373,1.0],[0.6661983755713592,6.661983755713592,1.0],[0.2276630312069321,2.276630312069321,1.0],[0.4580640582967631,4.580640582967631,1.0],[0.040722397554957435,0.40722397554957435,1.0],[0.9742897953778286,9.742897953778286,1.0],[0.4874760742689066,4.874760742689066,1.0],[0.4616138636373597,4.616138636373597,1.0]]
4_ChambersBarnes_10_workers.fjs;2237.8615616824763;286540;[0,63,148,221,350,434,618,653,886,910,0,553,624,664,686,815,903,917,945,1022,83,135,263,342,400,476,550,793,871,915,0,109,164,288,440,504,686,725,828,840,148,266,309,345,402,611,713,878,922,1005,0,64,109,195,263,340,684,840,972,1012,23,107,195,258,340,433,476,587,757,953,125,227,352,440,531,676,717,860,922,999,11,108,143,525,550,664,713,772,793,910,11,143,281,387,503,687,772,881,903,960,9,345,441,504,653,707,761,783,815,871,0,64,195,466,624,743,757,869,886,1032,0,135,226,343,432,474,598,686,796,953,0,23,107,130,345,387,575,585,783,878,0,23,181,258,352,432,503,676,764,855];[7,10,0,6,4,8,2,5,1,3,6,8,3,0,1,4,5,11,2,7,1,3,5,4,0,2,6,8,10,7,1,7,4,6,5,0,8,3,12,2,7,2,8,5,1,6,3,0,12,4,8,0,4,5,11,1,7,6,3,2,6,2,8,1,11,4,7,0,5,3,8,7,5,3,2,4,9,1,0,6,4,0,11,5,7,3,2,8,6,1,9,0,3,8,1,6,2,5,4,7,7,3,4,5,2,6,0,11,1,8,0,3,2,7,8,5,12,1,6,4,11,1,3,6,2,8,7,0,5,4,4,2,5,6,8,7,3,1,0,9,2,5,9,8,0,6,3,7,1,4];[15,2,5,7,17,13,1,1,7,7,5,0,16,16,17,3,1,0,12,18,16,18,18,10,2,12,9,2,8,6,2,9,13,9,1,1,12,5,17,10,15,6,15,1,16,18,3,5,4,8,6,5,1,0,1,11,0,17,18,12,12,0,9,11,0,15,13,7,7,9,10,8,9,0,15,6,16,1,2,4,3,14,12,9,12,9,2,2,1,15,18,16,17,4,7,14,8,11,9,0,1,15,9,15,14,4,3,3,4,7,0,10,16,12,15,14,6,13,16,16,16,3,3,18,6,8,6,13,14,3,18,11,13,11,13,5,18,10,11,15,12,4,10,5,1,7,18,12,18,0];[[0.7966509679599704,7.966509679599704,1.0],[0.05862623274803458,0.5862623274803458,1.0],[0.7602397739740907,7.602397739740907,1.0],[0.8627037401845356,8.627037401845355,1.0],[0.09127403464611428,0.9127403464611428,1.0],[0.9024924365975527,9.024924365975528,1.0],[0.7858960565941281,7.858960565941281,1.0],[0.40667966546103385,4.0667966546103385,1.0],[0.37447264465852026,3.7447264465852026,1.0],[0.6490262282913547,6.490262282913547,1.0],[0.40092466608569977,4.009246660856998,1.0],[0.5721109226277574,5.721109226277575,1.0],[0.6077930620255084,6.077930620255084,1.0],[0.05072389565884072,0.5072389565884072,1.0],[0.7370880093375713,7.370880093375714,1.0],[0.708486383757228,7.08486383757228,1.0],[0.9221724532030824,9.221724532030823,1.0],[0.7149390332589045,7.149390332589045,1.0],[0.6557724968554814,6.5577249685548145,1.0]]
4_ChambersBarnes_10_workers.fjs;2301.720315145663;4443720;[103,112,246,319,471,552,596,673,827,1046,0,64,184,224,246,340,435,605,850,1039,0,45,129,212,457,634,735,796,872,994,133,315,379,473,528,589,673,747,914,1004,112,191,345,470,476,656,735,846,892,967,0,389,503,589,656,714,776,866,910,994,19,86,201,365,516,605,645,770,904,1027,140,224,315,411,459,561,659,851,892,1027,0,73,113,411,435,571,762,872,910,967,0,113,443,498,552,633,689,763,785,936,0,224,307,449,545,574,673,733,860,906,0,307,379,484,596,659,735,810,944,1040,0,75,133,184,321,384,580,697,810,914,61,228,478,528,684,866,936,942,963,1051,0,212,239,285,345,391,498,571,633,698];[7,10,0,6,4,8,2,5,1,3,6,8,3,0,1,4,5,12,2,7,1,3,5,4,0,2,6,8,12,7,1,7,4,6,5,0,8,3,11,2,7,2,8,5,1,6,3,0,9,4,8,0,4,5,11,1,7,6,3,2,6,2,8,1,12,4,7,0,5,3,8,7,5,3,2,4,12,1,0,6,4,0,12,5,7,3,2,8,6,1,9,0,3,8,1,6,2,5,4,7,7,3,4,5,2,6,0,12,1,8,0,3,2,7,8,5,11,1,6,4,10,1,3,6,2,8,7,0,5,4,4,2,5,6,8,7,3,1,0,9,2,5,11,8,0,6,3,7,1,4];[15,7,5,9,5,4,11,17,8,12,10,14,4,7,7,5,10,0,5,18,15,1,17,3,2,12,9,4,16,6,3,15,7,9,13,7,8,5,5,10,15,10,10,14,18,3,6,14,13,17,14,3,8,3,10,11,15,17,0,10,17,13,9,2,2,13,13,7,8,9,14,4,16,11,12,9,14,13,4,4,1,10,10,10,13,18,0,1,14,16,18,16,3,11,17,6,1,17,17,10,12,15,1,15,14,15,16,10,11,9,7,8,5,0,14,15,3,13,9,16,4,9,11,2,2,6,5,7,3,16,18,13,6,7,8,10,12,3,2,3,5,14,17,18,4,9,10,14,18,13];[[0.5209484070219088,5.209484070219088,1.0],[0.42125020101147315,4.212502010114731,1.0],[0.22094517308324657,2.2094517308324657,1.0],[0.13033708391670573,1.3033708391670573,1.0],[0.48395776843282956,4.839577684328296,1.0],[0.6260889663051598,6.260889663051597,1.0],[0.6211218319323739,6.21121831932374,1.0],[0.707277595965894,7.07277595965894,1.0],[0.43539590023548325,4.3539590023548325,1.0],[0.04809800715767443,0.4809800715767443,1.0],[0.2254847064342842,2.254847064342842,1.0],[0.788548045160999,7.88548045160999,1.0],[0.42108890435006496,4.21088904350065,1.0],[0.5652029481252892,5.6520294812528915,1.0],[0.6764042610645917,6.764042610645918,1.0],[0.7568325816320766,7.568325816320765,1.0],[0.16251102322256883,1.6251102322256883,1.0],[0.4662293326345085,4.662293326345085,1.0],[0.652658580109924,6.526585801099239,1.0]]
4_ChambersBarnes_10_workers.fjs;2195.7306066139763;3887290;[0,9,83,161,365,394,441,559,735,953,0,111,275,327,657,736,777,839,886,965,0,49,133,209,263,365,552,728,796,974,49,188,227,330,409,531,615,634,736,953,109,188,250,310,332,613,736,758,800,912,57,211,394,471,538,595,657,747,795,877,18,96,187,250,332,456,464,657,791,825,0,227,318,455,487,615,800,868,890,967,63,172,211,286,403,747,816,877,899,937,85,322,400,455,504,722,742,825,863,912,9,192,330,538,573,687,733,758,816,899,0,133,246,394,514,657,728,794,811,939,0,113,318,385,590,634,747,815,890,982,0,9,209,240,290,328,394,403,443,531,220,246,276,328,396,470,552,634,761,811];[7,11,0,6,4,8,2,5,1,3,6,8,3,0,1,4,5,12,2,7,1,3,5,4,0,2,6,8,12,7,1,7,4,6,5,0,8,3,10,2,7,2,8,5,1,6,3,0,9,4,8,0,4,5,9,1,7,6,3,2,6,2,8,1,12,4,7,0,5,3,8,7,5,3,2,4,10,1,0,6,4,0,11,5,7,3,2,8,6,1,11,0,3,8,1,6,2,5,4,7,7,3,4,5,2,6,0,10,1,8,0,3,2,7,8,5,12,1,6,4,10,1,3,6,2,8,7,0,5,4,4,2,5,6,8,7,3,1,0,11,2,5,10,8,0,6,3,7,1,4];[15,7,9,10,8,11,7,7,1,12,16,14,8,10,17,4,1,0,12,18,8,1,4,8,2,0,9,9,7,6,4,0,0,18,10,16,5,4,10,10,15,5,7,14,17,12,8,3,6,8,12,12,6,3,14,11,15,8,4,6,17,2,9,6,2,15,1,7,10,9,6,4,15,11,8,16,3,1,2,4,3,18,13,10,18,7,12,15,13,1,17,2,3,17,13,14,2,11,4,6,13,1,0,15,12,0,18,13,2,0,3,12,16,1,1,16,6,13,8,0,2,18,4,13,2,6,11,14,16,3,12,0,2,3,12,3,7,1,2,5,15,5,11,12,17,9,4,17,5,13];[[0.49734142093980327,4.973414209398033,1.0],[0.35999045686025677,3.5999045686025677,1.0],[0.7220617567237175,7.220617567237175,1.0],[0.44672126724761885,4.4672126724761885,1.0],[0.4533596515962979,4.533596515962978,1.0],[0.025925678678183073,0.25925678678183073,1.0],[0.33490089376309407,3.3490089376309404,1.0],[0.4755440242737675,4.755440242737675,1.0],[0.45132356511490823,4.513235651149082,1.0],[0.08788974506102976,0.8788974506102976,1.0],[0.29509671683068217,2.9509671683068217,1.0],[0.33863234208051063,3.3863234208051063,1.0],[0.9020959027552419,9.020959027552419,1.0],[0.7173473735926632,7.173473735926632,1.0],[0.8986159167700656,8.986159167700656,1.0],[0.032997165944182005,0.32997165944182005,1.0],[0.2284682145918675,2.284682145918675,1.0],[0.5381470661357333,5.381470661357333,1.0],[0.06127510457974772,0.6127510457974772,1.0]]
4_ChambersBarnes_10_workers.fjs;2042.8155554510897;4210860;[0,9,78,181,265,573,620,707,843,882,72,110,246,324,441,644,693,707,809,881,0,49,133,257,265,471,541,693,764,817,49,113,155,333,388,449,562,630,732,891,9,120,189,241,291,388,509,608,650,720,0,200,379,458,560,643,705,804,853,882,0,155,264,359,463,560,574,674,799,834,54,155,247,341,372,498,617,722,750,883,9,162,200,341,531,574,659,764,848,883,90,157,463,513,562,692,727,834,857,906,245,372,463,535,562,597,650,707,739,789,9,133,242,338,458,556,571,705,722,804,0,113,187,248,333,379,458,533,608,748,0,9,97,133,228,348,522,528,817,912,97,213,245,327,379,459,732,809,817,906];[7,10,0,6,4,8,2,5,1,3,6,8,3,0,1,4,5,10,2,7,1,3,5,4,0,2,6,8,9,7,1,7,4,6,5,0,8,3,10,2,7,2,8,5,1,6,3,0,9,4,8,0,4,5,11,1,7,6,3,2,6,2,8,1,11,4,7,0,5,3,8,7,5,3,2,4,11,1,0,6,4,0,12,5,7,3,2,8,6,1,12,0,3,8,1,6,2,5,4,7,7,3,4,5,2,6,0,11,1,8,0,3,2,7,8,5,9,1,6,4,9,1,3,6,2,8,7,0,5,4,4,2,5,6,8,7,3,1,0,12,2,5,9,8,0,6,3,7,1,4];[15,2,1,7,4,10,15,12,11,12,5,15,15,11,17,9,10,2,1,18,13,9,8,16,2,12,7,14,4,6,4,10,12,18,13,7,5,4,4,10,15,6,1,14,0,16,5,3,5,18,12,4,12,10,1,11,8,17,10,6,5,13,9,0,4,15,0,7,9,9,10,0,13,14,11,11,6,13,18,0,8,5,11,1,6,8,0,11,2,16,5,1,5,18,17,6,17,16,4,8,5,4,15,15,18,7,10,10,5,2,0,14,17,6,3,16,9,13,3,12,6,18,16,3,9,10,2,13,14,10,0,14,12,9,10,5,0,1,15,2,14,2,0,12,14,9,1,7,0,6];[[0.4211249061401,4.211249061401,1.0],[0.9761073344853062,9.761073344853061,1.0],[0.6132800246752349,6.132800246752349,1.0],[0.6930423279788359,6.930423279788359,1.0],[0.5088628354481554,5.088628354481553,1.0],[0.18781156668551158,1.8781156668551158,1.0],[0.830121874145001,8.301218741450011,1.0],[0.8449241651217704,8.449241651217704,1.0],[0.20962821201639004,2.0962821201639006,1.0],[0.6505169872996391,6.505169872996391,1.0],[0.7003316191510263,7.003316191510263,1.0],[0.7150339547653067,7.150339547653068,1.0],[0.8091072451390076,8.091072451390076,1.0],[0.8451978833841938,8.451978833841938,1.0],[0.3695849781386673,3.695849781386673,1.0],[0.5056149902637381,5.056149902637381,1.0],[0.7206140757071586,7.206140757071586,1.0],[0.14319015826691817,1.4319015826691817,1.0],[0.026697115061789622,0.2669711506178962,1.0]]
4_ChambersBarnes_10_workers.fjs;2301.059853015124;653700;[92,164,349,428,600,629,770,814,964,1003,75,329,480,624,649,760,801,814,950,1019,172,353,456,532,565,712,788,872,948,1028,24,101,153,282,394,456,559,685,796,808,140,318,419,532,538,602,673,685,801,1051,0,54,98,153,280,348,444,746,895,1019,0,75,164,227,348,449,534,819,998,1038,54,219,303,448,480,565,722,796,895,1003,0,310,462,696,794,838,886,950,971,1003,0,98,225,275,419,509,565,673,801,858,0,92,249,280,301,673,724,867,913,971,221,556,634,712,722,780,794,872,889,971,0,113,175,342,436,474,583,746,906,998,61,351,538,559,671,722,886,892,962,1050,0,24,51,113,164,211,282,436,509,712];[7,10,0,6,4,8,2,5,1,3,6,8,3,0,1,4,5,12,2,7,1,3,5,4,0,2,6,8,12,7,1,7,4,6,5,0,8,3,9,2,7,2,8,5,1,6,3,0,10,4,8,0,4,5,10,1,7,6,3,2,6,2,8,1,10,4,7,0,5,3,8,7,5,3,2,4,9,1,0,6,4,0,9,5,7,3,2,8,6,1,10,0,3,8,1,6,2,5,4,7,7,3,4,5,2,6,0,10,1,8,0,3,2,7,8,5,11,1,6,4,11,1,3,6,2,8,7,0,5,4,4,2,5,6,8,7,3,1,0,9,2,5,12,8,0,6,3,7,1,4];[15,5,1,7,4,8,2,12,7,12,11,14,5,17,14,4,11,0,2,18,3,4,4,11,2,13,9,1,3,6,2,0,13,4,10,10,5,5,15,10,15,18,9,18,17,16,3,9,4,8,12,5,17,6,13,9,15,8,7,8,13,3,9,16,6,13,0,7,17,9,18,18,15,2,2,11,3,13,18,4,10,16,9,3,18,17,4,1,12,1,17,5,12,6,0,6,7,16,5,0,8,1,13,15,12,4,8,3,14,17,3,10,11,12,0,15,1,13,13,6,9,18,10,11,8,8,18,7,16,16,17,12,5,6,7,1,14,9,5,3,2,14,16,5,14,7,0,12,14,11];[[0.4831103964860096,4.831103964860096,1.0],[0.9021829992468611,9.02182999246861,1.0],[0.5374571935128641,5.374571935128642,1.0],[0.8761340971511191,8.761340971511192,1.0],[0.573156942708234,5.7315694270823405,1.0],[0.994523847851402,9.945238478514021,1.0],[0.3574465703190305,3.574465703190305,1.0],[0.6617299629663892,6.617299629663892,1.0],[0.4882872262788658,4.882872262788657,1.0],[0.5726412824777106,5.726412824777106,1.0],[0.32388398325139345,3.2388398325139347,1.0],[0.8072354510963532,8.072354510963532,1.0],[0.8087324055796944,8.087324055796945,1.0],[0.660852452150834,6.60852452150834,1.0],[0.5802577271631468,5.802577271631469,1.0],[0.04408639890691246,0.4408639890691246,1.0],[0.7725635994624831,7.725635994624831,1.0],[0.340181488474281,3.4018148847428096,1.0],[0.09506024617702258,0.9506024617702258,1.0]]
4_ChambersBarnes_10_workers.fjs;2332.3797927563196;231050;[101,120,232,459,526,776,823,885,977,1022,0,54,130,171,193,274,536,617,864,961,62,225,318,393,401,460,526,823,903,970,0,62,101,201,256,460,915,934,1022,1032,110,318,355,419,425,768,873,886,928,1069,0,67,401,587,657,714,776,866,908,942,18,125,243,306,391,495,515,641,717,782,130,309,425,515,577,663,714,781,793,1022,56,193,232,393,419,547,756,894,990,1022,0,115,450,499,554,666,686,756,793,903,212,367,459,515,561,582,617,641,790,928,0,171,225,393,402,549,643,837,908,1000,0,111,316,367,523,561,640,717,793,1016,0,26,563,617,666,708,776,932,953,1048,0,26,72,191,553,686,801,894,903,953];[7,12,0,6,4,8,2,5,1,3,6,8,3,0,1,4,5,12,2,7,1,3,5,4,0,2,6,8,12,7,1,7,4,6,5,0,8,3,10,2,7,2,8,5,1,6,3,0,11,4,8,0,4,5,11,1,7,6,3,2,6,2,8,1,9,4,7,0,5,3,8,7,5,3,2,4,10,1,0,6,4,0,10,5,7,3,2,8,6,1,11,0,3,8,1,6,2,5,4,7,7,3,4,5,2,6,0,9,1,8,0,3,2,7,8,5,12,1,6,4,12,1,3,6,2,8,7,0,5,4,4,2,5,6,8,7,3,1,0,10,2,5,12,8,0,6,3,7,1,4];[15,1,5,7,12,11,6,12,4,7,8,13,18,16,0,4,14,0,0,18,14,2,11,16,2,4,7,14,14,6,15,0,4,18,10,13,7,9,2,10,15,10,12,18,1,2,1,13,15,13,12,3,8,9,1,11,15,8,4,14,1,3,9,9,6,15,0,7,8,9,7,18,0,11,12,2,1,13,4,4,10,1,1,14,10,3,7,17,0,18,10,5,18,8,16,14,4,13,5,10,3,15,11,15,10,0,14,6,10,13,11,14,17,7,17,15,13,13,16,2,6,6,13,4,9,8,10,5,16,16,7,17,18,3,8,0,17,3,17,6,5,14,16,12,6,9,18,14,11,3];[[0.34661995661142697,3.4661995661142697,1.0],[0.2286410960833074,2.286410960833074,1.0],[0.012392470279078194,0.12392470279078194,1.0],[0.9308270259025113,9.308270259025113,1.0],[0.3225145761620236,3.225145761620236,1.0],[0.0006954578022455582,0.006954578022455582,1.0],[0.2097170717940725,2.097170717940725,1.0],[0.5179602272351016,5.179602272351016,1.0],[0.7628222106217201,7.6282221062172,1.0],[0.3089717897377221,3.089717897377221,1.0],[0.15113122452813788,1.5113122452813788,1.0],[0.07045772229012492,0.7045772229012492,1.0],[0.8725064026541692,8.725064026541693,1.0],[0.3074981421409557,3.074981421409557,1.0],[0.272859759997538,2.7285975999753798,1.0],[0.9838464878398866,9.838464878398867,1.0],[0.7385079487399623,7.385079487399623,1.0],[0.7690782380223464,7.690782380223464,1.0],[0.7347776517949599,7.347776517949599,1.0]]
4_ChambersBarnes_10_workers.fjs;2267.7331443155153;1913990;[79,172,251,354,425,498,722,763,970,1037,0,113,291,521,543,656,699,850,897,1017,63,129,291,455,462,596,702,758,834,877,0,178,268,425,480,619,719,885,985,996,0,177,367,436,442,507,615,719,784,850,59,113,157,367,436,633,725,815,857,888,18,93,189,289,387,478,486,543,984,1018,0,88,178,478,510,699,734,863,950,1017,0,68,103,268,387,560,654,834,857,892,59,408,510,560,695,787,807,869,892,942,289,387,486,579,869,892,928,950,994,1046,0,68,209,280,304,565,619,787,928,1040,0,112,221,271,372,411,531,761,892,987,93,280,542,578,620,656,784,815,836,924,18,44,88,252,324,620,702,815,836,942];[7,11,0,6,4,8,2,5,1,3,6,8,3,0,1,4,5,10,2,7,1,3,5,4,0,2,6,8,9,7,1,7,4,6,5,0,8,3,12,2,7,2,8,5,1,6,3,0,10,4,8,0,4,5,11,1,7,6,3,2,6,2,8,1,12,4,7,0,5,3,8,7,5,3,2,4,11,1,0,6,4,0,11,5,7,3,2,8,6,1,12,0,3,8,1,6,2,5,4,7,7,3,4,5,2,6,0,10,1,8,0,3,2,7,8,5,10,1,6,4,10,1,3,6,2,8,7,0,5,4,4,2,5,6,8,7,3,1,0,9,2,5,9,8,0,6,3,7,1,4];[15,6,5,14,12,8,6,9,9,7,5,7,13,7,1,10,14,5,14,18,8,10,4,11,2,13,7,1,6,6,2,12,0,18,10,17,8,11,7,10,15,5,16,14,3,16,8,13,4,12,12,5,13,7,6,11,15,8,8,14,16,2,9,11,17,15,4,7,8,9,18,0,0,11,12,2,16,11,18,0,12,14,17,13,0,18,0,11,1,8,18,16,13,3,18,6,13,15,9,4,17,4,15,15,17,18,3,15,15,18,14,10,16,11,7,15,7,13,1,11,0,6,10,2,1,9,17,14,16,16,16,3,6,6,10,12,11,15,2,17,5,3,15,12,5,9,4,0,14,5];[[0.8559393885152179,8.55939388515218,1.0],[0.8004839408308784,8.004839408308783,1.0],[0.5938433496209707,5.938433496209708,1.0],[0.8870093324131678,8.870093324131679,1.0],[0.741558169706834,7.4155816970683395,1.0],[0.8097670389513107,8.097670389513107,1.0],[0.2247324103169328,2.247324103169328,1.0],[0.9761818800633866,9.761818800633865,1.0],[0.6339038774096737,6.339038774096737,1.0],[0.5580285642552777,5.580285642552777,1.0],[0.4463526500656817,4.463526500656817,1.0],[0.28336462923826333,2.8336462923826335,1.0],[0.9019880415639555,9.019880415639555,1.0],[0.03268507148422006,0.32685071484220063,1.0],[0.4362825217209084,4.3628252172090844,1.0],[0.18851543397694082,1.8851543397694082,1.0],[0.9250090249429151,9.250090249429151,1.0],[0.9012349700248556,9.012349700248556,1.0],[0.12108560404704316,1.2108560404704316,1.0]]
4_ChambersBarnes_10_workers.fjs;2386.9751673083747;4864570;[93,102,223,372,439,510,579,761,866,1022,75,265,436,574,598,808,866,878,903,968,0,176,261,366,373,449,665,765,881,977,49,181,221,317,372,436,697,709,948,1032,102,188,226,459,504,594,680,691,919,1062,0,296,510,648,721,778,840,954,996,1022,0,75,163,226,318,566,706,835,1002,1041,389,451,541,648,687,773,808,965,1002,1078,75,181,223,347,372,479,840,902,922,1032,0,161,261,341,389,574,617,735,844,1022,0,93,373,465,562,726,811,861,902,948,93,306,366,541,641,721,735,948,996,1090,64,136,366,439,525,562,641,735,878,963,111,222,436,525,721,765,831,840,911,1072,163,188,219,451,598,761,845,933,974,1015];[7,12,0,6,4,8,2,5,1,3,6,8,3,0,1,4,5,11,2,7,1,3,5,4,0,2,6,8,12,7,1,7,4,6,5,0,8,3,10,2,7,2,8,5,1,6,3,0,12,4,8,0,4,5,9,1,7,6,3,2,6,2,8,1,12,4,7,0,5,3,8,7,5,3,2,4,12,1,0,6,4,0,12,5,7,3,2,8,6,1,11,0,3,8,1,6,2,5,4,7,7,3,4,5,2,6,0,10,1,8,0,3,2,7,8,5,10,1,6,4,9,1,3,6,2,8,7,0,5,4,4,2,5,6,8,7,3,1,0,11,2,5,10,8,0,6,3,7,1,4];[15,11,5,7,8,8,2,0,5,12,16,7,1,3,18,12,6,10,6,18,8,8,15,8,2,12,9,9,13,6,17,13,13,18,1,18,7,4,11,13,15,4,1,14,12,16,8,16,7,3,6,17,9,6,13,11,8,8,4,10,3,0,9,2,9,15,0,7,9,9,15,0,7,1,12,16,16,1,11,0,3,15,14,12,4,6,11,16,15,10,18,2,9,10,16,14,3,9,12,5,14,1,11,15,16,8,14,3,11,0,14,8,13,0,2,15,7,13,16,16,6,3,17,11,13,10,5,5,14,3,7,11,3,3,6,3,1,3,9,11,6,16,16,9,0,15,4,0,15,3];[[0.5198238265685563,5.198238265685563,1.0],[0.9583988744400509,9.583988744400509,1.0],[0.3402956357666065,3.402956357666065,1.0],[0.7081849781179302,7.081849781179303,1.0],[0.9252189405445452,9.252189405445453,1.0],[0.05032666735654623,0.5032666735654623,1.0],[0.6613275461751585,6.613275461751585,1.0],[0.82711411373077,8.271141137307701,1.0],[0.8734961127808921,8.734961127808921,1.0],[0.5913019030238962,5.913019030238962,1.0],[0.11264722490163037,1.1264722490163037,1.0],[0.34477784983246407,3.4477784983246407,1.0],[0.011377599382669468,0.11377599382669468,1.0],[0.7909742881977946,7.909742881977946,1.0],[0.3277964015146908,3.277964015146908,1.0],[0.22222795698924247,2.2222795698924247,1.0],[0.14676573527209236,1.4676573527209236,1.0],[0.040648812187981,0.40648812187981,1.0],[0.14328037004549943,1.4328037004549943,1.0]]
4_ChambersBarnes_10_workers.fjs;2296.300773404453;3255760;[0,9,205,300,370,477,520,558,651,675,75,113,292,332,558,675,827,841,895,1019,129,361,450,528,536,656,741,797,873,918,0,102,157,414,658,741,873,895,985,995,225,454,528,651,726,797,871,922,961,1041,0,54,99,157,226,288,358,548,628,788,0,75,287,370,454,549,557,665,761,985,54,141,226,332,361,447,481,549,595,671,0,104,592,722,747,790,838,895,961,1003,35,99,104,239,454,651,714,802,827,963,9,209,481,528,558,592,900,922,957,1003,140,450,575,656,675,747,797,862,879,961,0,72,150,209,300,350,675,825,900,989,32,162,322,370,437,477,546,675,961,1049,9,35,93,189,278,477,551,667,697,726];[7,10,0,6,4,8,2,5,1,3,6,8,3,0,1,4,5,11,2,7,1,3,5,4,0,2,6,8,9,7,1,7,4,6,5,0,8,3,10,2,7,2,8,5,1,6,3,0,9,4,8,0,4,5,11,1,7,6,3,2,6,2,8,1,9,4,7,0,5,3,8,7,5,3,2,4,11,1,0,6,4,0,12,5,7,3,2,8,6,1,11,0,3,8,1,6,2,5,4,7,7,3,4,5,2,6,0,9,1,8,0,3,2,7,8,5,10,1,6,4,9,1,3,6,2,8,7,0,5,4,4,2,5,6,8,7,3,1,0,10,2,5,10,8,0,6,3,7,1,4];[15,7,5,1,12,18,11,14,9,12,11,16,16,15,16,9,0,18,0,18,17,6,0,10,2,13,7,1,11,6,4,12,4,2,1,16,5,15,11,10,15,1,0,1,13,12,2,9,12,0,12,17,8,7,18,10,10,17,8,6,16,3,9,1,4,15,6,7,15,9,18,18,14,17,8,13,16,13,11,0,8,6,17,0,2,3,15,6,7,1,15,5,5,10,14,14,6,8,4,14,14,1,12,15,12,4,3,1,1,6,1,8,3,16,2,15,7,13,13,16,0,13,0,12,8,9,15,14,4,3,10,13,6,14,18,3,4,5,5,14,15,11,11,17,17,7,1,2,3,10];[[0.18019241848515155,1.8019241848515155,1.0],[0.48736227300275514,4.873622730027551,1.0],[0.07759170039841756,0.7759170039841756,1.0],[0.5225667244081349,5.2256672440813485,1.0],[0.9196433340252647,9.196433340252646,1.0],[0.8762509611803474,8.762509611803473,1.0],[0.5029695910906639,5.029695910906638,1.0],[0.8160267976375112,8.160267976375112,1.0],[0.8059112000327816,8.059112000327817,1.0],[0.2140591090540045,2.140591090540045,1.0],[0.08805821114486456,0.8805821114486456,1.0],[0.20329737064426556,2.0329737064426556,1.0],[0.5837360924329463,5.837360924329463,1.0],[0.6737333796339059,6.737333796339059,1.0],[0.1608013027204077,1.6080130272040771,1.0],[0.7465026683932527,7.465026683932527,1.0],[0.5706715087422025,5.706715087422025,1.0],[0.4637998194614905,4.637998194614905,1.0],[0.510707169665419,5.10707169665419,1.0]]
5_Kacem_3_workers.fjs;18.99599928603982;661070;[0,5,6,2,4,6,0,6,7,0,2,7,1,5,6,0,3,5,0,4,6,0,2,5,0,3,6,2,5,6];[0,1,3,0,3,9,7,7,1,8,5,3,8,8,1,5,8,6,6,7,2,4,1,4,3,2,5,2,3,6];[11,5,8,8,6,2,14,0,1,13,3,0,10,9,1,8,9,6,5,10,6,12,7,4,4,13,13,12,2,10];[[0.7773566427005639,7.7735664270056395,1.0],[0.6698255595592497,6.698255595592498,1.0],[0.09913960392481702,0.9913960392481702,1.0],[0.35297051119014544,3.529705111901454,1.0],[0.4679077429008419,4.679077429008419,1.0],[0.5346837414708775,5.346837414708775,1.0],[0.9783090609123973,9.783090609123974,1.0],[0.13031535015865903,1.3031535015865903,1.0],[0.6712434682302663,6.712434682302662,1.0],[0.36422941594737557,3.6422941594737557,1.0],[0.48883570716198577,4.888357071619858,1.0],[0.20301221073405373,2.0301221073405373,1.0],[0.6661983755713592,6.661983755713592,1.0],[0.2276630312069321,2.276630312069321,1.0],[0.4580640582967631,4.580640582967631,1.0]]
5_Kacem_3_workers.fjs;16.527182891164884;4555010;[0,2,6,0,3,4,0,2,5,2,3,5,0,2,3,1,3,6,2,3,5,0,2,6,3,4,6,0,1,5];[6,2,3,0,6,2,9,4,7,6,1,3,8,8,3,5,8,8,0,7,5,4,9,1,2,6,5,5,3,6];[14,2,12,6,9,9,3,12,0,11,0,2,5,9,10,7,5,2,0,14,6,13,13,7,6,11,13,8,2,5];[[0.7966509679599704,7.966509679599704,1.0],[0.05862623274803458,0.5862623274803458,1.0],[0.7602397739740907,7.602397739740907,1.0],[0.8627037401845356,8.627037401845355,1.0],[0.09127403464611428,0.9127403464611428,1.0],[0.9024924365975527,9.024924365975528,1.0],[0.7858960565941281,7.858960565941281,1.0],[0.40667966546103385,4.0667966546103385,1.0],[0.37447264465852026,3.7447264465852026,1.0],[0.6490262282913547,6.490262282913547,1.0],[0.40092466608569977,4.009246660856998,1.0],[0.5721109226277574,5.721109226277575,1.0],[0.6077930620255084,6.077930620255084,1.0],[0.05072389565884072,0.5072389565884072,1.0],[0.7370880093375713,7.370880093375714,1.0]]
5_Kacem_3_workers.fjs;16.55493916013881;4315340;[2,3,4,0,2,4,0,1,3,0,1,5,1,5,6,0,3,6,3,4,6,0,2,5,0,1,4,0,2,3];[0,2,3,0,3,2,9,7,6,6,9,9,5,8,1,8,8,8,0,7,3,4,1,5,5,6,6,2,6,4];[0,13,14,6,5,13,5,0,7,0,11,10,14,9,1,13,8,6,0,7,7,10,9,5,1,7,2,12,4,3];[[0.5209484070219088,5.209484070219088,1.0],[0.42125020101147315,4.212502010114731,1.0],[0.22094517308324657,2.2094517308324657,1.0],[0.13033708391670573,1.3033708391670573,1.0],[0.48395776843282956,4.839577684328296,1.0],[0.6260889663051598,6.260889663051597,1.0],[0.6211218319323739,6.21121831932374,1.0],[0.707277595965894,7.07277595965894,1.0],[0.43539590023548325,4.3539590023548325,1.0],[0.04809800715767443,0.4809800715767443,1.0],[0.2254847064342842,2.254847064342842,1.0],[0.788548045160999,7.88548045160999,1.0],[0.42108890435006496,4.21088904350065,1.0],[0.5652029481252892,5.6520294812528915,1.0],[0.6764042610645917,6.764042610645918,1.0]]
5_Kacem_3_workers.fjs;16.698481276681985;2360200;[0,3,4,1,3,4,0,4,6,0,3,6,1,3,4,1,4,6,0,2,5,0,2,6,0,1,3,0,3,4];[6,1,0,0,6,5,7,3,6,8,2,3,8,8,1,5,8,8,0,4,4,4,9,1,5,2,5,1,3,6];[10,7,14,1,4,10,14,4,2,8,11,8,12,9,2,7,9,12,7,8,1,6,0,0,2,13,13,11,2,5];[[0.49734142093980327,4.973414209398033,1.0],[0.35999045686025677,3.5999045686025677,1.0],[0.7220617567237175,7.220617567237175,1.0],[0.44672126724761885,4.4672126724761885,1.0],[0.4533596515962979,4.533596515962978,1.0],[0.025925678678183073,0.25925678678183073,1.0],[0.33490089376309407,3.3490089376309404,1.0],[0.4755440242737675,4.755440242737675,1.0],[0.45132356511490823,4.513235651149082,1.0],[0.08788974506102976,0.8788974506102976,1.0],[0.29509671683068217,2.9509671683068217,1.0],[0.33863234208051063,3.3863234208051063,1.0],[0.9020959027552419,9.020959027552419,1.0],[0.7173473735926632,7.173473735926632,1.0],[0.8986159167700656,8.986159167700656,1.0]]
5_Kacem_3_workers.fjs;16.833654307522295;2910870;[1,2,4,0,4,5,0,3,4,0,1,3,0,3,5,1,4,6,0,2,5,0,2,6,1,5,6,0,1,3];[0,2,3,6,6,2,9,7,7,8,1,3,5,5,3,8,8,8,0,4,4,4,9,1,2,6,5,2,3,1];[0,4,4,14,3,9,3,8,7,13,7,11,8,9,0,3,8,6,9,1,2,6,5,12,10,1,13,12,2,6];[[0.4211249061401,4.211249061401,1.0],[0.9761073344853062,9.761073344853061,1.0],[0.6132800246752349,6.132800246752349,1.0],[0.6930423279788359,6.930423279788359,1.0],[0.5088628354481554,5.088628354481553,1.0],[0.18781156668551158,1.8781156668551158,1.0],[0.830121874145001,8.301218741450011,1.0],[0.8449241651217704,8.449241651217704,1.0],[0.20962821201639004,2.0962821201639006,1.0],[0.6505169872996391,6.505169872996391,1.0],[0.7003316191510263,7.003316191510263,1.0],[0.7150339547653067,7.150339547653068,1.0],[0.8091072451390076,8.091072451390076,1.0],[0.8451978833841938,8.451978833841938,1.0],[0.3695849781386673,3.695849781386673,1.0]]
5_Kacem_3_workers.fjs;16.838073589473066;2363360;[1,2,6,2,4,5,2,5,7,0,2,5,1,3,5,0,2,6,0,1,6,0,2,6,2,3,5,0,1,2];[0,4,3,0,9,2,7,7,6,8,1,9,8,8,3,5,5,6,0,2,5,4,6,1,2,2,5,2,1,3];[3,0,14,10,4,12,14,1,2,8,4,10,9,9,14,4,7,4,7,12,6,14,6,11,12,5,13,9,1,8];[[0.4831103964860096,4.831103964860096,1.0],[0.9021829992468611,9.02182999246861,1.0],[0.5374571935128641,5.374571935128642,1.0],[0.8761340971511191,8.761340971511192,1.0],[0.573156942708234,5.7315694270823405,1.0],[0.994523847851402,9.945238478514021,1.0],[0.3574465703190305,3.574465703190305,1.0],[0.6617299629663892,6.617299629663892,1.0],[0.4882872262788658,4.882872262788657,1.0],[0.5726412824777106,5.726412824777106,1.0],[0.32388398325139345,3.2388398325139347,1.0],[0.8072354510963532,8.072354510963532,1.0],[0.8087324055796944,8.087324055796945,1.0],[0.660852452150834,6.60852452150834,1.0],[0.5802577271631468,5.802577271631469,1.0]]
5_Kacem_3_workers.fjs;17.061073863432043;3793410;[0,1,2,1,4,6,1,5,6,0,2,4,1,5,6,0,3,5,3,5,6,0,2,6,0,1,2,0,1,2];[0,1,3,0,6,9,5,3,6,6,1,3,2,8,3,8,8,6,0,2,5,4,9,1,2,6,6,5,3,7];[14,8,6,14,4,2,3,3,7,0,13,2,12,9,13,7,5,1,9,7,6,11,11,11,3,13,0,8,2,8];[[0.34661995661142697,3.4661995661142697,1.0],[0.2286410960833074,2.286410960833074,1.0],[0.012392470279078194,0.12392470279078194,1.0],[0.9308270259025113,9.308270259025113,1.0],[0.3225145761620236,3.225145761620236,1.0],[0.0006954578022455582,0.006954578022455582,1.0],[0.2097170717940725,2.097170717940725,1.0],[0.5179602272351016,5.179602272351016,1.0],[0.7628222106217201,7.6282221062172,1.0],[0.3089717897377221,3.089717897377221,1.0],[0.15113122452813788,1.5113122452813788,1.0],[0.07045772229012492,0.7045772229012492,1.0],[0.8725064026541692,8.725064026541693,1.0],[0.3074981421409557,3.074981421409557,1.0],[0.272859759997538,2.7285975999753798,1.0]]
5_Kacem_3_workers.fjs;17.064740763691333;921110;[2,5,6,0,3,5,0,3,6,0,2,7,0,2,4,2,5,7,0,3,5,0,2,5,0,1,3,0,1,2];[6,1,3,0,3,9,7,9,1,6,0,3,8,5,6,8,8,8,3,2,4,4,1,5,2,2,7,5,6,4];[1,13,4,1,6,2,14,3,3,10,8,0,9,9,11,5,9,12,2,2,7,6,7,14,12,13,10,8,3,4];[[0.8559393885152179,8.55939388515218,1.0],[0.8004839408308784,8.004839408308783,1.0],[0.5938433496209707,5.938433496209708,1.0],[0.8870093324131678,8.870093324131679,1.0],[0.741558169706834,7.4155816970683395,1.0],[0.8097670389513107,8.097670389513107,1.0],[0.2247324103169328,2.247324103169328,1.0],[0.9761818800633866,9.761818800633865,1.0],[0.6339038774096737,6.339038774096737,1.0],[0.5580285642552777,5.580285642552777,1.0],[0.4463526500656817,4.463526500656817,1.0],[0.28336462923826333,2.8336462923826335,1.0],[0.9019880415639555,9.019880415639555,1.0],[0.03268507148422006,0.32685071484220063,1.0],[0.4362825217209084,4.3628252172090844,1.0]]
5_Kacem_3_workers.fjs;15.293996160379747;3593390;[1,4,5,0,4,5,0,2,5,0,1,4,1,3,4,1,4,6,0,1,4,0,2,5,3,4,5,0,1,2];[0,2,3,6,9,2,9,4,6,8,2,7,8,8,3,5,8,8,0,7,5,4,1,1,5,6,5,5,3,3];[3,14,4,6,4,9,3,8,2,12,13,1,9,9,13,1,3,6,2,7,6,11,5,0,4,11,13,0,2,11];[[0.5198238265685563,5.198238265685563,1.0],[0.9583988744400509,9.583988744400509,1.0],[0.3402956357666065,3.402956357666065,1.0],[0.7081849781179302,7.081849781179303,1.0],[0.9252189405445452,9.252189405445453,1.0],[0.05032666735654623,0.5032666735654623,1.0],[0.6613275461751585,6.613275461751585,1.0],[0.82711411373077,8.271141137307701,1.0],[0.8734961127808921,8.734961127808921,1.0],[0.5913019030238962,5.913019030238962,1.0],[0.11264722490163037,1.1264722490163037,1.0],[0.34477784983246407,3.4477784983246407,1.0],[0.011377599382669468,0.11377599382669468,1.0],[0.7909742881977946,7.909742881977946,1.0],[0.3277964015146908,3.277964015146908,1.0]]
5_Kacem_3_workers.fjs;16.84879875814871;4982620;[0,2,6,2,4,5,0,1,2,2,3,6,0,3,4,0,4,6,1,2,5,0,2,6,1,3,5,0,1,2];[0,7,3,0,6,2,9,7,1,6,1,9,5,8,3,8,8,8,0,2,4,4,9,1,2,6,5,2,6,4];[3,14,12,6,5,9,5,10,1,11,13,3,8,9,11,0,8,6,7,12,1,14,2,10,12,5,13,9,13,7];[[0.18019241848515155,1.8019241848515155,1.0],[0.48736227300275514,4.873622730027551,1.0],[0.07759170039841756,0.7759170039841756,1.0],[0.5225667244081349,5.2256672440813485,1.0],[0.9196433340252647,9.196433340252646,1.0],[0.8762509611803474,8.762509611803473,1.0],[0.5029695910906639,5.029695910906638,1.0],[0.8160267976375112,8.160267976375112,1.0],[0.8059112000327816,8.059112000327817,1.0],[0.2140591090540045,2.140591090540045,1.0],[0.08805821114486456,0.8805821114486456,1.0],[0.20329737064426556,2.0329737064426556,1.0],[0.5837360924329463,5.837360924329463,1.0],[0.6737333796339059,6.737333796339059,1.0],[0.1608013027204077,1.6080130272040771,1.0]]
5_Kacem_4_workers.fjs;32.682927280332166;3675750;[0,4,6,8,0,1,4,7,1,4,5,12,0,5,7,11,0,5,8,13,0,6,6,9,0,2,3,9,3,4,8,13,0,3,6,12,2,3,5,7,1,6,11,13,1,4,7,11,0,2,4,7,0,7,9,11];[4,1,2,1,3,5,5,7,8,8,1,7,1,4,2,9,8,3,7,3,2,6,4,4,6,7,3,5,9,2,3,9,9,0,9,1,0,4,8,1,6,0,8,6,9,9,8,0,0,1,7,9,7,5,2,4];[8,7,14,10,12,1,6,12,13,3,9,12,10,3,5,0,0,11,12,0,3,0,8,5,4,2,9,4,12,12,2,14,7,2,3,8,4,14,1,9,5,13,1,7,0,13,6,6,11,10,0,3,9,7,14,3];[[0.7773566427005639,7.7735664270056395,1.0],[0.6698255595592497,6.698255595592498,1.0],[0.09913960392481702,0.9913960392481702,1.0],[0.35297051119014544,3.529705111901454,1.0],[0.4679077429008419,4.679077429008419,1.0],[0.5346837414708775,5.346837414708775,1.0],[0.9783090609123973,9.783090609123974,1.0],[0.13031535015865903,1.3031535015865903,1.0],[0.6712434682302663,6.712434682302662,1.0],[0.36422941594737557,3.6422941594737557,1.0],[0.48883570716198577,4.888357071619858,1.0],[0.20301221073405373,2.0301221073405373,1.0],[0.6661983755713592,6.661983755713592,1.0],[0.2276630312069321,2.276630312069321,1.0],[0.4580640582967631,4.580640582967631,1.0]]
5_Kacem_4_workers.fjs;28.222549504088672;4494400;[2,3,6,7,0,7,10,11,4,7,9,12,0,2,4,11,0,2,5,10,4,6,3,5,0,6,7,12,0,2,5,11,0,1,7,8,0,4,8,11,2,4,8,11,1,3,5,8,0,2,4,7,0,2,4,6];[0,1,2,5,6,2,9,7,8,6,2,3,1,4,5,4,8,3,6,3,1,0,0,1,3,7,0,0,2,2,3,9,9,6,9,9,5,0,7,1,7,4,4,6,9,9,9,1,0,8,7,8,7,5,2,1];[6,7,3,13,4,7,11,12,4,14,5,14,10,7,3,4,8,14,12,0,6,1,4,11,7,9,9,0,1,2,2,10,6,9,0,11,5,5,14,3,0,8,12,7,12,13,0,1,3,5,10,6,11,11,1,10];[[0.7966509679599704,7.966509679599704,1.0],[0.05862623274803458,0.5862623274803458,1.0],[0.7602397739740907,7.602397739740907,1.0],[0.8627037401845356,8.627037401845355,1.0],[0.09127403464611428,0.9127403464611428,1.0],[0.9024924365975527,9.024924365975528,1.0],[0.7858960565941281,7.858960565941281,1.0],[0.40667966546103385,4.0667966546103385,1.0],[0.37447264465852026,3.7447264465852026,1.0],[0.6490262282913547,6.490262282913547,1.0],[0.40092466608569977,4.009246660856998,1.0],[0.5721109226277574,5.721109226277575,1.0],[0.6077930620255084,6.077930620255084,1.0],[0.05072389565884072,0.5072389565884072,1.0],[0.7370880093375713,7.370880093375714,1.0]]
5_Kacem_4_workers.fjs;30.758696910434935;4762270;[0,1,5,8,0,1,10,11,0,4,5,13,0,4,7,13,0,5,9,11,2,9,3,11,0,1,5,12,0,2,5,11,0,3,6,8,0,3,5,11,1,6,10,12,0,3,6,11,1,3,7,10,1,6,8,12];[0,3,2,2,3,4,9,3,7,6,6,3,4,5,9,9,8,1,1,5,7,7,2,1,6,8,3,4,9,1,8,9,5,0,9,0,2,5,0,6,9,4,8,6,1,9,5,0,0,8,7,4,6,2,3,1];[9,14,5,11,12,3,14,9,0,6,8,14,7,12,2,8,3,7,7,5,2,12,13,7,1,5,1,4,5,0,6,14,6,4,3,3,10,12,10,6,12,14,10,6,11,9,0,2,4,11,9,1,7,13,4,13];[[0.5209484070219088,5.209484070219088,1.0],[0.42125020101147315,4.212502010114731,1.0],[0.22094517308324657,2.2094517308324657,1.0],[0.13033708391670573,1.3033708391670573,1.0],[0.48395776843282956,4.839577684328296,1.0],[0.6260889663051598,6.260889663051597,1.0],[0.6211218319323739,6.21121831932374,1.0],[0.707277595965894,7.07277595965894,1.0],[0.43539590023548325,4.3539590023548325,1.0],[0.04809800715767443,0.4809800715767443,1.0],[0.2254847064342842,2.254847064342842,1.0],[0.788548045160999,7.88548045160999,1.0],[0.42108890435006496,4.21088904350065,1.0],[0.5652029481252892,5.6520294812528915,1.0],[0.6764042610645917,6.764042610645918,1.0]]
5_Kacem_4_workers.fjs;30.585182076605413;4736220;[0,3,6,10,1,2,5,9,2,8,9,12,3,4,5,9,0,2,4,10,0,5,4,7,2,7,9,12,0,4,6,12,0,2,4,5,0,4,7,9,0,5,10,12,0,2,6,11,2,7,9,11,0,2,4,9];[6,1,2,8,9,9,9,3,1,6,2,3,4,4,6,4,8,5,3,3,3,0,0,4,3,3,0,0,2,2,9,9,9,7,9,7,5,1,2,6,7,8,5,6,1,8,5,1,0,1,7,4,0,2,5,1];[10,6,8,1,9,13,8,11,14,14,13,14,14,7,2,0,4,4,6,12,8,12,2,0,7,6,8,0,12,13,4,5,14,0,12,7,7,0,8,6,13,1,9,7,11,5,10,3,11,13,7,10,3,3,4,5];[[0.49734142093980327,4.973414209398033,1.0],[0.35999045686025677,3.5999045686025677,1.0],[0.7220617567237175,7.220617567237175,1.0],[0.44672126724761885,4.4672126724761885,1.0],[0.4533596515962979,4.533596515962978,1.0],[0.025925678678183073,0.25925678678183073,1.0],[0.33490089376309407,3.3490089376309404,1.0],[0.4755440242737675,4.755440242737675,1.0],[0.45132356511490823,4.513235651149082,1.0],[0.08788974506102976,0.8788974506102976,1.0],[0.29509671683068217,2.9509671683068217,1.0],[0.33863234208051063,3.3863234208051063,1.0],[0.9020959027552419,9.020959027552419,1.0],[0.7173473735926632,7.173473735926632,1.0],[0.8986159167700656,8.986159167700656,1.0]]
5_Kacem_4_workers.fjs;30.827119421037082;2031140;[0,4,7,8,0,6,8,13,1,2,10,12,2,7,10,12,0,6,8,10,5,6,2,3,0,1,3,7,1,3,5,10,0,3,10,12,0,5,7,12,0,3,8,11,0,4,7,11,0,6,8,12,0,4,8,12];[1,1,2,9,3,9,4,3,6,6,1,3,9,4,5,8,8,5,1,3,1,0,0,2,6,8,3,0,9,0,3,7,9,6,2,9,2,5,6,6,4,4,5,5,7,8,8,0,5,1,0,4,0,7,2,1];[10,11,10,4,12,13,10,4,11,0,9,14,12,3,8,10,13,4,12,0,8,1,1,9,1,8,13,14,13,14,2,1,7,5,11,3,5,14,5,6,14,6,9,12,2,7,6,13,3,12,7,7,6,0,14,0];[[0.4211249061401,4.211249061401,1.0],[0.9761073344853062,9.761073344853061,1.0],[0.6132800246752349,6.132800246752349,1.0],[0.6930423279788359,6.930423279788359,1.0],[0.5088628354481554,5.088628354481553,1.0],[0.18781156668551158,1.8781156668551158,1.0],[0.830121874145001,8.301218741450011,1.0],[0.8449241651217704,8.449241651217704,1.0],[0.20962821201639004,2.0962821201639006,1.0],[0.6505169872996391,6.505169872996391,1.0],[0.7003316191510263,7.003316191510263,1.0],[0.7150339547653067,7.150339547653068,1.0],[0.8091072451390076,8.091072451390076,1.0],[0.8451978833841938,8.451978833841938,1.0],[0.3695849781386673,3.695849781386673,1.0]]
5_Kacem_4_workers.fjs;30.25482780129297;2323410;[1,4,5,9,2,6,10,13,1,3,4,9,0,3,5,9,0,1,4,10,2,8,5,8,0,2,7,10,0,3,6,10,4,6,8,11,0,2,9,13,0,2,7,11,0,4,7,11,0,6,8,11,0,2,4,9];[4,0,9,9,6,5,7,7,6,6,2,3,4,5,5,4,8,5,7,2,9,1,0,0,3,8,3,0,2,1,6,3,9,0,2,0,6,0,5,1,9,3,8,6,7,8,9,1,1,1,7,4,0,2,4,8];[8,14,14,6,14,1,2,14,11,1,3,14,11,2,10,9,9,13,5,12,12,7,0,5,7,6,10,0,6,4,8,13,11,4,0,8,14,7,4,0,12,9,3,7,5,12,6,5,3,11,11,11,0,0,13,3];[[0.4831103964860096,4.831103964860096,1.0],[0.9021829992468611,9.02182999246861,1.0],[0.5374571935128641,5.374571935128642,1.0],[0.8761340971511191,8.761340971511192,1.0],[0.573156942708234,5.7315694270823405,1.0],[0.994523847851402,9.945238478514021,1.0],[0.3574465703190305,3.574465703190305,1.0],[0.6617299629663892,6.617299629663892,1.0],[0.4882872262788658,4.882872262788657,1.0],[0.5726412824777106,5.726412824777106,1.0],[0.32388398325139345,3.2388398325139347,1.0],[0.8072354510963532,8.072354510963532,1.0],[0.8087324055796944,8.087324055796945,1.0],[0.660852452150834,6.60852452150834,1.0],[0.5802577271631468,5.802577271631469,1.0]]
5_Kacem_4_workers.fjs;34.47218944833628;4886030;[0,4,5,11,3,4,10,13,0,6,10,12,0,1,3,4,0,1,3,10,0,6,4,10,0,2,5,12,0,1,4,9,3,4,7,10,1,7,10,12,0,5,10,12,1,3,6,13,1,5,7,14,0,3,11,14];[0,1,2,9,6,4,9,3,1,3,1,3,4,4,5,9,8,5,3,3,2,0,5,7,3,7,9,1,9,1,6,4,9,7,1,0,8,0,8,6,7,8,5,5,9,0,2,0,0,1,7,4,6,8,2,1];[6,0,11,3,0,10,11,11,10,0,4,14,3,3,2,12,2,1,13,13,8,12,14,0,0,3,1,4,12,12,6,10,9,4,4,8,2,2,5,6,7,7,9,13,14,8,3,7,9,2,12,1,13,5,12,8];[[0.34661995661142697,3.4661995661142697,1.0],[0.2286410960833074,2.286410960833074,1.0],[0.012392470279078194,0.12392470279078194,1.0],[0.9308270259025113,9.308270259025113,1.0],[0.3225145761620236,3.225145761620236,1.0],[0.0006954578022455582,0.006954578022455582,1.0],[0.2097170717940725,2.097170717940725,1.0],[0.5179602272351016,5.179602272351016,1.0],[0.7628222106217201,7.6282221062172,1.0],[0.3089717897377221,3.089717897377221,1.0],[0.15113122452813788,1.5113122452813788,1.0],[0.07045772229012492,0.7045772229012492,1.0],[0.8725064026541692,8.725064026541693,1.0],[0.3074981421409557,3.074981421409557,1.0],[0.272859759997538,2.7285975999753798,1.0]]
5_Kacem_4_workers.fjs;30.222424552982993;4860180;[0,3,8,9,4,5,11,12,2,3,5,10,0,1,7,9,0,3,6,12,5,6,2,8,0,4,9,13,0,4,7,12,0,1,6,9,1,2,5,11,0,2,9,11,0,2,5,10,0,2,4,9,2,4,6,11];[6,0,2,1,6,9,9,3,6,6,5,7,4,5,9,8,8,5,1,5,1,0,0,1,3,7,2,0,2,0,3,9,9,8,8,9,9,4,6,8,7,3,5,6,1,9,7,0,0,1,4,4,7,2,2,4];[6,10,10,8,12,13,5,6,11,1,9,14,11,8,2,7,13,11,4,5,8,10,9,4,7,8,1,0,12,10,12,10,14,0,3,0,5,14,11,2,3,7,10,4,4,13,5,9,9,3,1,4,2,2,14,3];[[0.8559393885152179,8.55939388515218,1.0],[0.8004839408308784,8.004839408308783,1.0],[0.5938433496209707,5.938433496209708,1.0],[0.8870093324131678,8.870093324131679,1.0],[0.741558169706834,7.4155816970683395,1.0],[0.8097670389513107,8.097670389513107,1.0],[0.2247324103169328,2.247324103169328,1.0],[0.9761818800633866,9.761818800633865,1.0],[0.6339038774096737,6.339038774096737,1.0],[0.5580285642552777,5.580285642552777,1.0],[0.4463526500656817,4.463526500656817,1.0],[0.28336462923826333,2.8336462923826335,1.0],[0.9019880415639555,9.019880415639555,1.0],[0.03268507148422006,0.32685071484220063,1.0],[0.4362825217209084,4.3628252172090844,1.0]]
5_Kacem_4_workers.fjs;31.83784256229276;1438400;[0,6,8,9,0,3,6,10,0,3,9,11,3,6,8,14,0,1,7,9,5,6,5,12,4,7,8,12,2,3,5,10,5,6,8,11,1,2,6,10,0,2,10,12,3,5,10,12,0,3,8,11,0,3,7,12];[0,1,2,2,3,9,9,7,7,6,1,7,5,5,5,9,8,5,1,5,1,6,0,8,6,7,0,9,9,0,8,3,9,0,9,1,0,4,2,4,9,3,8,6,1,4,9,0,1,7,7,5,6,8,3,4];[2,3,5,4,12,13,5,9,14,0,6,0,6,13,2,1,3,2,1,5,8,12,1,5,11,3,8,2,12,2,10,10,13,9,3,7,5,4,8,3,13,14,1,9,8,0,2,13,1,7,7,11,6,9,14,3];[[0.5198238265685563,5.198238265685563,1.0],[0.9583988744400509,9.583988744400509,1.0],[0.3402956357666065,3.402956357666065,1.0],[0.7081849781179302,7.081849781179303,1.0],[0.9252189405445452,9.252189405445453,1.0],[0.05032666735654623,0.5032666735654623,1.0],[0.6613275461751585,6.613275461751585,1.0],[0.82711411373077,8.271141137307701,1.0],[0.8734961127808921,8.734961127808921,1.0],[0.5913019030238962,5.913019030238962,1.0],[0.11264722490163037,1.1264722490163037,1.0],[0.34477784983246407,3.4477784983246407,1.0],[0.011377599382669468,0.11377599382669468,1.0],[0.7909742881977946,7.909742881977946,1.0],[0.3277964015146908,3.277964015146908,1.0]]
5_Kacem_4_workers.fjs;32.88789739433571;2769740;[5,6,8,11,3,5,7,8,0,2,7,13,0,1,4,10,0,6,9,12,3,7,2,13,0,2,11,14,0,3,5,11,2,8,11,13,0,3,8,11,0,2,6,12,3,5,8,10,1,4,6,10,0,4,6,12];[0,0,8,1,6,9,9,4,7,8,6,3,4,5,6,9,2,3,3,5,1,0,2,8,3,7,0,0,1,0,5,9,9,7,2,9,0,5,0,8,9,4,2,6,9,8,9,7,0,1,7,4,6,2,1,4];[6,12,8,13,6,13,12,10,14,10,11,14,1,5,4,0,13,3,2,12,8,10,13,7,0,2,8,14,6,5,7,3,3,4,14,0,5,7,5,1,7,9,9,10,12,5,6,9,8,3,0,12,4,11,14,5];[[0.18019241848515155,1.8019241848515155,1.0],[0.48736227300275514,4.873622730027551,1.0],[0.07759170039841756,0.7759170039841756,1.0],[0.5225667244081349,5.2256672440813485,1.0],[0.9196433340252647,9.196433340252646,1.0],[0.8762509611803474,8.762509611803473,1.0],[0.5029695910906639,5.029695910906638,1.0],[0.8160267976375112,8.160267976375112,1.0],[0.8059112000327816,8.059112000327817,1.0],[0.2140591090540045,2.140591090540045,1.0],[0.08805821114486456,0.8805821114486456,1.0],[0.20329737064426556,2.0329737064426556,1.0],[0.5837360924329463,5.837360924329463,1.0],[0.6737333796339059,6.737333796339059,1.0],[0.1608013027204077,1.6080130272040771,1.0]]
6_Fattahi_14_workers.fjs;1222.3043302293215;4545930;[0,236,347,203,396,486,236,299,478,0,155,399,82,203,408,0,258,369,0,143,258];[1,6,6,0,1,5,1,3,4,0,4,3,0,3,5,3,2,4,2,2,5];[0,6,6,8,9,4,9,1,3,9,5,8,4,4,7,5,3,3,7,2,0];[[0.7773566427005639,7.7735664270056395,1.0],[0.6698255595592497,6.698255595592498,1.0],[0.09913960392481702,0.9913960392481702,1.0],[0.35297051119014544,3.529705111901454,1.0],[0.4679077429008419,4.679077429008419,1.0],[0.5346837414708775,5.346837414708775,1.0],[0.9783090609123973,9.783090609123974,1.0],[0.13031535015865903,1.3031535015865903,1.0],[0.6712434682302663,6.712434682302662,1.0],[0.36422941594737557,3.6422941594737557,1.0]]
6_Fattahi_14_workers.fjs;1190.087229497309;2345890;[0,236,390,163,378,467,82,290,442,0,155,333,0,133,213,0,155,333,133,279,394];[1,1,3,0,1,5,0,3,4,0,4,5,2,6,5,3,3,4,2,2,6];[0,0,0,7,7,6,7,1,5,9,5,9,3,9,9,5,8,3,6,2,8];[[0.7966509679599704,7.966509679599704,1.0],[0.05862623274803458,0.5862623274803458,1.0],[0.7602397739740907,7.602397739740907,1.0],[0.8627037401845356,8.627037401845355,1.0],[0.09127403464611428,0.9127403464611428,1.0],[0.9024924365975527,9.024924365975528,1.0],[0.7858960565941281,7.858960565941281,1.0],[0.40667966546103385,4.0667966546103385,1.0],[0.37447264465852026,3.7447264465852026,1.0],[0.6490262282913547,6.490262282913547,1.0]]
6_Fattahi_14_workers.fjs;1284.6019284756985;4589960;[0,265,448,165,369,491,84,165,265,0,138,316,138,316,411,236,386,497,0,271,386];[1,6,3,0,1,5,0,3,5,0,4,3,2,4,5,1,2,4,2,2,6];[0,1,8,9,9,6,7,1,4,1,5,8,3,7,5,6,3,3,5,2,7];[[0.5209484070219088,5.209484070219088,1.0],[0.42125020101147315,4.212502010114731,1.0],[0.22094517308324657,2.2094517308324657,1.0],[0.13033708391670573,1.3033708391670573,1.0],[0.48395776843282956,4.839577684328296,1.0],[0.6260889663051598,6.260889663051597,1.0],[0.6211218319323739,6.21121831932374,1.0],[0.707277595965894,7.07277595965894,1.0],[0.43539590023548325,4.3539590023548325,1.0],[0.04809800715767443,0.4809800715767443,1.0]]
6_Fattahi_14_workers.fjs;1198.3651145554186;4842210;[0,230,411,0,158,227,0,158,333,63,155,333,230,351,467,0,155,333,158,301,425];[0,1,3,2,1,5,1,6,4,1,4,5,0,3,5,3,3,6,2,2,4];[4,0,1,1,2,6,9,1,3,0,5,9,4,8,7,5,8,5,7,2,0];[[0.49734142093980327,4.973414209398033,1.0],[0.35999045686025677,3.5999045686025677,1.0],[0.7220617567237175,7.220617567237175,1.0],[0.44672126724761885,4.4672126724761885,1.0],[0.4533596515962979,4.533596515962978,1.0],[0.025925678678183073,0.25925678678183073,1.0],[0.33490089376309407,3.3490089376309404,1.0],[0.4755440242737675,4.755440242737675,1.0],[0.45132356511490823,4.513235651149082,1.0],[0.08788974506102976,0.8788974506102976,1.0]]
6_Fattahi_14_workers.fjs;1266.0281120417396;2936410;[63,299,410,266,424,486,0,155,303,0,155,426,0,133,221,0,155,333,94,259,442];[1,6,6,2,1,5,1,3,5,0,4,3,2,6,5,3,2,4,0,3,4];[0,6,8,1,9,3,9,6,4,2,5,2,3,4,3,5,9,3,1,7,0];[[0.4211249061401,4.211249061401,1.0],[0.9761073344853062,9.761073344853061,1.0],[0.6132800246752349,6.132800246752349,1.0],[0.6930423279788359,6.930423279788359,1.0],[0.5088628354481554,5.088628354481553,1.0],[0.18781156668551158,1.8781156668551158,1.0],[0.830121874145001,8.301218741450011,1.0],[0.8449241651217704,8.449241651217704,1.0],[0.20962821201639004,2.0962821201639006,1.0],[0.6505169872996391,6.505169872996391,1.0]]
6_Fattahi_14_workers.fjs;1208.266061582171;1457000;[63,299,419,224,419,483,143,224,442,0,155,333,0,133,213,0,155,333,0,155,367];[1,1,3,0,1,5,0,6,4,1,4,5,2,6,5,3,2,4,0,3,6];[0,9,8,8,7,3,7,2,9,0,5,1,3,2,4,5,3,3,1,6,5];[[0.4831103964860096,4.831103964860096,1.0],[0.9021829992468611,9.02182999246861,1.0],[0.5374571935128641,5.374571935128642,1.0],[0.8761340971511191,8.761340971511192,1.0],[0.573156942708234,5.7315694270823405,1.0],[0.994523847851402,9.945238478514021,1.0],[0.3574465703190305,3.574465703190305,1.0],[0.6617299629663892,6.617299629663892,1.0],[0.4882872262788658,4.882872262788657,1.0],[0.5726412824777106,5.726412824777106,1.0]]
6_Fattahi_14_workers.fjs;1313.0034733525708;4921680;[63,299,417,221,423,514,0,63,290,0,143,475,84,221,431,0,155,290,0,143,290];[1,1,6,0,1,5,1,6,3,0,2,3,0,6,4,3,3,5,2,4,4];[0,5,0,3,9,3,9,3,4,6,1,8,4,9,1,5,8,7,7,7,8];[[0.34661995661142697,3.4661995661142697,1.0],[0.2286410960833074,2.286410960833074,1.0],[0.012392470279078194,0.12392470279078194,1.0],[0.9308270259025113,9.308270259025113,1.0],[0.3225145761620236,3.225145761620236,1.0],[0.0006954578022455582,0.006954578022455582,1.0],[0.2097170717940725,2.097170717940725,1.0],[0.5179602272351016,5.179602272351016,1.0],[0.7628222106217201,7.6282221062172,1.0],[0.3089717897377221,3.089717897377221,1.0]]
6_Fattahi_14_workers.fjs;1228.405810764075;4609820;[63,299,423,81,297,389,0,81,215,0,155,434,0,215,356,0,155,333,133,279,452];[1,1,3,0,3,6,0,6,5,1,4,5,2,6,5,3,3,4,2,2,4];[0,0,1,8,6,4,7,9,3,0,5,9,3,1,7,5,4,2,6,8,0];[[0.8559393885152179,8.55939388515218,1.0],[0.8004839408308784,8.004839408308783,1.0],[0.5938433496209707,5.938433496209708,1.0],[0.8870093324131678,8.870093324131679,1.0],[0.741558169706834,7.4155816970683395,1.0],[0.8097670389513107,8.097670389513107,1.0],[0.2247324103169328,2.247324103169328,1.0],[0.9761818800633866,9.761818800633865,1.0],[0.6339038774096737,6.339038774096737,1.0],[0.5580285642552777,5.580285642552777,1.0]]
6_Fattahi_14_workers.fjs;1216.3118729363728;4772310;[63,299,419,0,290,470,121,202,336,0,155,336,0,121,202,0,155,336,158,304,428];[1,1,3,2,3,5,0,6,4,1,4,5,0,6,5,3,3,6,2,2,4];[0,7,1,1,4,3,7,9,3,6,5,9,4,2,7,5,8,5,6,2,0];[[0.5198238265685563,5.198238265685563,1.0],[0.9583988744400509,9.583988744400509,1.0],[0.3402956357666065,3.402956357666065,1.0],[0.7081849781179302,7.081849781179303,1.0],[0.9252189405445452,9.252189405445453,1.0],[0.05032666735654623,0.5032666735654623,1.0],[0.6613275461751585,6.613275461751585,1.0],[0.82711411373077,8.271141137307701,1.0],[0.8734961127808921,8.734961127808921,1.0],[0.5913019030238962,5.913019030238962,1.0]]
6_Fattahi_14_workers.fjs;1259.985012117914;1206750;[63,299,410,261,419,481,0,63,381,121,203,381,0,121,172,0,155,473,0,146,261];[1,6,6,2,1,5,1,6,4,0,4,3,0,4,5,3,3,4,2,2,5];[0,6,8,1,9,6,9,3,3,9,5,2,4,7,1,5,8,3,6,2,4];[[0.18019241848515155,1.8019241848515155,1.0],[0.48736227300275514,4.873622730027551,1.0],[0.07759170039841756,0.7759170039841756,1.0],[0.5225667244081349,5.2256672440813485,1.0],[0.9196433340252647,9.196433340252646,1.0],[0.8762509611803474,8.762509611803473,1.0],[0.5029695910906639,5.029695910906638,1.0],[0.8160267976375112,8.160267976375112,1.0],[0.8059112000327816,8.059112000327817,1.0],[0.2140591090540045,2.140591090540045,1.0]]
6_Fattahi_20_workers.fjs;2827.444009921338;4926350;[0,231,830,1139,561,760,847,1004,233,365,472,685,154,307,677,1140,327,570,646,847,601,773,887,998,0,154,307,474,0,455,682,954,455,887,1093,1140,0,224,474,646,224,470,833,944,233,561,783,998];[0,3,3,6,0,1,5,7,0,3,4,7,1,4,3,5,0,4,4,7,1,2,4,3,1,4,6,7,2,5,5,6,1,2,6,7,3,5,6,6,1,3,4,5,2,2,6,4];[3,0,0,4,11,2,6,9,6,0,6,6,7,10,10,9,3,2,7,1,9,8,3,7,1,9,9,4,6,8,3,4,1,5,1,8,5,1,7,1,8,5,3,6,11,0,4,3];[[0.7773566427005639,7.7735664270056395,1.0],[0.6698255595592497,6.698255595592498,1.0],[0.09913960392481702,0.9913960392481702,1.0],[0.35297051119014544,3.529705111901454,1.0],[0.4679077429008419,4.679077429008419,1.0],[0.5346837414708775,5.346837414708775,1.0],[0.9783090609123973,9.783090609123974,1.0],[0.13031535015865903,1.3031535015865903,1.0],[0.6712434682302663,6.712434682302662,1.0],[0.36422941594737557,3.6422941594737557,1.0],[0.48883570716198577,4.888357071619858,1.0],[0.20301221073405373,2.0301221073405373,1.0]]
6_Fattahi_20_workers.fjs;2882.216248877939;4168120;[0,93,212,403,585,731,850,1042,81,658,822,1163,0,81,1015,1214,397,753,822,1042,0,267,682,1168,459,731,991,1158,224,455,850,1214,242,455,682,778,0,224,455,630,93,403,630,905,135,459,711,945];[2,6,6,7,2,1,6,4,0,3,3,7,0,4,3,5,0,3,1,5,1,4,5,3,1,2,6,4,3,5,4,6,2,3,6,7,3,5,6,7,2,2,6,5,1,4,4,7];[0,4,2,5,10,10,11,6,10,1,2,2,11,9,10,9,10,8,8,11,8,6,9,7,6,3,9,4,11,8,1,11,10,1,4,7,5,1,11,2,0,2,11,6,3,0,11,3];[[0.7966509679599704,7.966509679599704,1.0],[0.05862623274803458,0.5862623274803458,1.0],[0.7602397739740907,7.602397739740907,1.0],[0.8627037401845356,8.627037401845355,1.0],[0.09127403464611428,0.9127403464611428,1.0],[0.9024924365975527,9.024924365975528,1.0],[0.7858960565941281,7.858960565941281,1.0],[0.40667966546103385,4.0667966546103385,1.0],[0.37447264465852026,3.7447264465852026,1.0],[0.6490262282913547,6.490262282913547,1.0],[0.40092466608569977,4.009246660856998,1.0],[0.5721109226277574,5.721109226277575,1.0]]
6_Fattahi_20_workers.fjs;2917.511969874489;3798740;[0,228,343,534,228,444,535,677,328,580,685,839,531,827,1035,1189,157,685,754,1000,393,535,719,1189,0,835,1035,1174,224,455,849,1213,290,654,992,1035,0,224,677,1074,601,754,1021,1196,0,328,580,814];[0,6,6,7,0,2,6,7,1,3,5,5,1,4,3,5,2,3,1,5,1,2,4,3,2,2,4,4,3,5,6,6,2,2,4,7,3,5,6,6,1,3,6,7,1,4,4,7];[6,9,2,5,7,6,4,7,5,0,6,4,7,10,1,8,2,8,8,11,5,6,11,5,3,7,6,4,11,8,9,2,6,9,1,9,5,1,5,2,3,2,10,9,4,0,11,3];[[0.5209484070219088,5.209484070219088,1.0],[0.42125020101147315,4.212502010114731,1.0],[0.22094517308324657,2.2094517308324657,1.0],[0.13033708391670573,1.3033708391670573,1.0],[0.48395776843282956,4.839577684328296,1.0],[0.6260889663051598,6.260889663051597,1.0],[0.6211218319323739,6.21121831932374,1.0],[0.707277595965894,7.07277595965894,1.0],[0.43539590023548325,4.3539590023548325,1.0],[0.04809800715767443,0.4809800715767443,1.0],[0.2254847064342842,2.254847064342842,1.0],[0.788548045160999,7.88548045160999,1.0]]
6_Fattahi_20_workers.fjs;2764.9151041450764;3761450;[198,426,541,759,426,642,708,890,0,61,293,392,0,79,611,807,79,244,489,966,198,461,713,902,334,784,983,1130,0,240,541,902,61,245,461,594,0,467,699,1142,708,902,1097,1145,240,572,844,1026];[0,6,4,7,0,1,5,7,1,6,4,7,0,4,3,5,0,4,1,5,1,3,6,3,1,2,4,4,2,5,6,6,1,3,4,7,3,5,4,6,1,2,6,5,2,2,4,7];[6,9,3,5,7,10,3,9,1,0,10,4,7,10,6,8,9,7,8,6,9,2,2,11,3,4,8,4,4,8,9,2,8,0,10,8,3,11,1,1,10,10,9,6,5,0,3,3];[[0.49734142093980327,4.973414209398033,1.0],[0.35999045686025677,3.5999045686025677,1.0],[0.7220617567237175,7.220617567237175,1.0],[0.44672126724761885,4.4672126724761885,1.0],[0.4533596515962979,4.533596515962978,1.0],[0.025925678678183073,0.25925678678183073,1.0],[0.33490089376309407,3.3490089376309404,1.0],[0.4755440242737675,4.755440242737675,1.0],[0.45132356511490823,4.513235651149082,1.0],[0.08788974506102976,0.8788974506102976,1.0],[0.29509671683068217,2.9509671683068217,1.0],[0.33863234208051063,3.3863234208051063,1.0]]
6_Fattahi_20_workers.fjs;2687.6239851116466;2268310;[429,754,873,1103,205,429,500,866,0,61,246,533,0,81,454,832,81,205,285,374,197,471,653,1128,590,754,875,1111,229,605,975,1111,332,869,1050,1128,0,374,721,951,61,587,823,991,0,345,590,721];[0,1,3,7,0,1,6,4,1,6,4,7,0,4,3,5,0,6,5,7,1,2,6,3,1,2,6,4,3,5,4,6,2,2,6,5,3,5,4,7,1,3,6,5,2,4,4,7];[2,4,4,0,4,5,3,6,1,9,7,11,11,10,0,8,6,1,0,10,2,4,10,6,9,9,0,4,11,8,1,7,6,9,3,8,7,1,1,7,3,7,3,6,5,9,5,11];[[0.4211249061401,4.211249061401,1.0],[0.9761073344853062,9.761073344853061,1.0],[0.6132800246752349,6.132800246752349,1.0],[0.6930423279788359,6.930423279788359,1.0],[0.5088628354481554,5.088628354481553,1.0],[0.18781156668551158,1.8781156668551158,1.0],[0.830121874145001,8.301218741450011,1.0],[0.8449241651217704,8.449241651217704,1.0],[0.20962821201639004,2.0962821201639006,1.0],[0.6505169872996391,6.505169872996391,1.0],[0.7003316191510263,7.003316191510263,1.0],[0.7150339547653067,7.150339547653068,1.0]]
6_Fattahi_20_workers.fjs;2711.7201690742877;4998110;[0,93,466,601,371,752,994,1156,217,815,910,1092,0,85,530,661,85,250,452,817,0,250,371,1092,93,295,864,1010,0,225,548,732,466,612,904,989,225,457,732,1135,612,752,949,1131,135,466,725,869];[2,6,3,7,0,1,6,4,0,3,3,7,0,4,5,5,0,4,5,5,1,2,6,3,2,4,4,4,3,5,6,7,1,3,6,5,3,4,6,6,1,2,6,5,1,2,4,7];[0,9,7,5,4,10,11,6,6,1,6,1,9,10,9,9,5,10,3,11,8,4,11,9,3,9,10,4,11,8,8,6,1,1,8,7,1,6,5,2,10,2,4,7,7,0,3,3];[[0.4831103964860096,4.831103964860096,1.0],[0.9021829992468611,9.02182999246861,1.0],[0.5374571935128641,5.374571935128642,1.0],[0.8761340971511191,8.761340971511192,1.0],[0.573156942708234,5.7315694270823405,1.0],[0.994523847851402,9.945238478514021,1.0],[0.3574465703190305,3.574465703190305,1.0],[0.6617299629663892,6.617299629663892,1.0],[0.4882872262788658,4.882872262788657,1.0],[0.5726412824777106,5.726412824777106,1.0],[0.32388398325139345,3.2388398325139347,1.0],[0.8072354510963532,8.072354510963532,1.0]]
6_Fattahi_20_workers.fjs;2891.9232831473314;4455690;[428,728,965,1135,93,668,965,1245,272,506,786,964,0,93,449,1008,309,428,682,786,137,431,818,1104,0,157,275,421,224,455,682,818,0,552,926,1054,0,224,455,634,275,582,970,1189,337,735,964,1137];[0,1,3,6,0,1,5,4,1,6,3,7,0,4,3,4,0,6,5,5,1,2,4,3,2,2,4,7,3,5,4,6,1,2,4,5,3,5,4,7,2,3,4,5,1,2,6,7];[9,0,6,10,7,0,5,9,5,11,4,1,4,10,0,2,9,3,8,6,8,4,11,5,3,4,10,2,11,8,1,7,8,5,10,8,5,1,1,3,6,6,3,11,7,9,4,3];[[0.34661995661142697,3.4661995661142697,1.0],[0.2286410960833074,2.286410960833074,1.0],[0.012392470279078194,0.12392470279078194,1.0],[0.9308270259025113,9.308270259025113,1.0],[0.3225145761620236,3.225145761620236,1.0],[0.0006954578022455582,0.006954578022455582,1.0],[0.2097170717940725,2.097170717940725,1.0],[0.5179602272351016,5.179602272351016,1.0],[0.7628222106217201,7.6282221062172,1.0],[0.3089717897377221,3.089717897377221,1.0],[0.15113122452813788,1.5113122452813788,1.0],[0.07045772229012492,0.7045772229012492,1.0]]
6_Fattahi_20_workers.fjs;2780.3883274353757;3784810;[0,228,343,534,237,672,740,923,0,61,165,274,228,310,811,971,310,475,740,1130,529,672,811,973,740,897,1032,1171,165,468,973,1145,61,390,757,829,0,237,534,921,390,539,708,757,198,529,786,1067];[0,6,6,7,2,1,5,4,1,3,4,7,0,4,3,5,0,4,1,5,1,3,6,3,2,2,4,4,3,5,6,6,1,3,6,5,2,5,6,7,2,2,6,7,1,4,4,7];[6,9,2,5,3,3,5,6,1,9,4,4,2,10,0,8,5,10,8,11,1,0,10,7,3,3,6,4,11,8,9,7,8,11,10,7,3,1,2,5,0,9,6,9,7,4,4,3];[[0.8559393885152179,8.55939388515218,1.0],[0.8004839408308784,8.004839408308783,1.0],[0.5938433496209707,5.938433496209708,1.0],[0.8870093324131678,8.870093324131679,1.0],[0.741558169706834,7.4155816970683395,1.0],[0.8097670389513107,8.097670389513107,1.0],[0.2247324103169328,2.247324103169328,1.0],[0.9761818800633866,9.761818800633865,1.0],[0.6339038774096737,6.339038774096737,1.0],[0.5580285642552777,5.580285642552777,1.0],[0.4463526500656817,4.463526500656817,1.0],[0.28336462923826333,2.8336462923826335,1.0]]
6_Fattahi_20_workers.fjs;3051.917101924744;4725500;[283,547,901,1072,269,759,850,1132,283,443,540,1164,136,221,751,1005,0,374,443,751,0,224,374,663,136,547,1005,1255,0,611,838,1222,705,853,1177,1319,0,224,456,611,415,564,759,908,374,716,993,1203];[0,6,3,7,2,2,6,4,1,3,3,5,0,4,3,5,0,3,4,7,1,3,6,6,1,4,6,4,2,5,5,6,1,2,6,5,3,5,5,7,2,2,6,7,1,4,4,7];[6,5,4,5,10,6,6,7,5,10,6,6,9,3,4,8,11,8,8,2,9,7,1,1,6,3,1,4,8,8,1,10,5,3,3,8,5,11,4,4,0,10,11,9,7,7,11,11];[[0.5198238265685563,5.198238265685563,1.0],[0.9583988744400509,9.583988744400509,1.0],[0.3402956357666065,3.402956357666065,1.0],[0.7081849781179302,7.081849781179303,1.0],[0.9252189405445452,9.252189405445453,1.0],[0.05032666735654623,0.5032666735654623,1.0],[0.6613275461751585,6.613275461751585,1.0],[0.82711411373077,8.271141137307701,1.0],[0.8734961127808921,8.734961127808921,1.0],[0.5913019030238962,5.913019030238962,1.0],[0.11264722490163037,1.1264722490163037,1.0],[0.34477784983246407,3.4477784983246407,1.0]]
6_Fattahi_20_workers.fjs;2851.5086463306916;2321980;[0,280,566,793,99,282,378,650,200,470,896,1088,0,81,246,697,81,200,352,470,147,777,933,1095,0,246,399,855,224,470,757,933,593,896,1095,1170,0,399,667,1140,457,593,817,1023,237,565,853,1023];[2,6,6,7,2,1,5,7,0,3,3,7,0,4,5,5,0,6,1,7,1,2,6,3,1,4,6,4,3,5,6,7,1,2,6,5,3,4,4,6,1,3,4,5,2,2,5,4];[1,4,2,0,2,8,5,3,6,2,6,6,11,10,2,9,9,1,8,7,8,6,10,7,6,9,9,4,7,8,8,2,1,11,8,8,5,6,10,1,3,5,3,4,11,0,7,3];[[0.18019241848515155,1.8019241848515155,1.0],[0.48736227300275514,4.873622730027551,1.0],[0.07759170039841756,0.7759170039841756,1.0],[0.5225667244081349,5.2256672440813485,1.0],[0.9196433340252647,9.196433340252646,1.0],[0.8762509611803474,8.762509611803473,1.0],[0.5029695910906639,5.029695910906638,1.0],[0.8160267976375112,8.160267976375112,1.0],[0.8059112000327816,8.059112000327817,1.0],[0.2140591090540045,2.140591090540045,1.0],[0.08805821114486456,0.8805821114486456,1.0],[0.20329737064426556,2.0329737064426556,1.0]]
