Instance;Run;Seed;Fitness;DeterministicMakespan;FinalRobustStdev;FinalR;FunctionEvaluations;RawFunctionEvaluations;RuntimeSeconds;Generations
2d_Hurink_vdata_18_workers.fjs;2;1001;2511.1698596378938;1179.0;32.73003761755917;2.1299150633061017;316680;5000000;56976.50795197487;66178
2d_Hurink_vdata_18_workers.fjs;4;1003;2376.562079780335;1105.0;62.63157369451289;2.1507349138283574;330270;5000000;50028.193846940994;55083
2d_Hurink_vdata_18_workers.fjs;5;1004;2524.7143106741105;1191.0;38.37206875037256;2.1198272969555925;764530;5000000;51292.551344394684;57172
2d_Hurink_vdata_18_workers.fjs;6;1005;2430.854577535035;1152.0;22.19353309657322;2.11011682077694;4758420;5000000;56507.42334651947;65482
2d_Hurink_vdata_18_workers.fjs;8;1007;2504.4184827813274;1186.0;31.98607253119941;2.111651334554239;114690;5000000;48364.68463921547;51737
2d_Hurink_vdata_18_workers.fjs;10;1009;2464.3755282163997;1164.0;26.809635906179217;2.11716110671512;284890;5000000;50179.1642870903;55460
