Instance;Run;Seed;Fitness;DeterministicMakespan;FinalRobustStdev;FinalR;FunctionEvaluations;RawFunctionEvaluations;RuntimeSeconds;Generations
2a_Hurink_sdata_18_workers.fjs;1;1000;2729.867370918839;1292.0;37.256638562762994;2.1129004418876463;4333940;5000000;61983.680351018906;75426
2a_Hurink_sdata_18_workers.fjs;2;1001;2795.0972701007786;1327.0;44.27869599715712;2.106328010626058;193280;5000000;51875.97794651985;58612
2a_Hurink_sdata_18_workers.fjs;3;1002;2687.4399015301774;1280.0;33.418032659747325;2.0995624230704513;4647670;5000000;62856.243612766266;77002
2a_Hurink_sdata_18_workers.fjs;6;1005;2797.3988639641466;1337.0;27.133505655015057;2.092295335799661;4256730;5000000;61435.01079273224;74040
2a_Hurink_sdata_18_workers.fjs;7;1006;2747.9954740905314;1288.0;43.39966534410603;2.1335368587659405;137180;5000000;47792.913029670715;51880
2a_Hurink_sdata_18_workers.fjs;10;1009;2822.868300500614;1340.0;44.83308345214143;2.106618134701951;2507760;5000000;60645.49712538719;72370
