Instance;Run;Seed;Fitness;DeterministicMakespan;FinalRobustStdev;FinalR;FunctionEvaluations;RawFunctionEvaluations;RuntimeSeconds;Generations
2d_Hurink_vdata_5_workers.fjs;6;1005;1154.9659641868593;544.0;19.280284074408453;2.1230991988729033;4127180;5000000;32773.50700759888;23131
2d_Hurink_vdata_5_workers.fjs;8;1007;1218.3581891043737;580.0;20.953229649107907;2.100617567421334;4390220;5000000;32855.58579969406;21429
