Instance;Fitness;FunctionEvaluations;StartTimes;MachineAssignments;WorkerAssignments;UncertaintyParameters
2d_Hurink_vdata_5_workers.fjs;1154.9659641868593;4127180;[0,87,270,334,408,107,190,221,316,460,0,85,119,154,221,0,134,219,309,350,71,97,177,309,350,19,312,413,458,484,88,142,208,236,442,83,145,324,413,460,0,15,142,424,488,0,68,236,270,394];[0,3,1,4,0,4,2,3,4,4,1,4,0,1,4,2,4,2,1,3,1,1,3,2,1,0,0,2,2,2,0,1,1,0,3,2,0,2,4,1,3,3,2,0,3,4,4,1,3,1];[4,3,4,5,0,1,1,4,3,6,1,4,2,5,6,6,4,1,4,2,1,0,6,0,3,2,1,6,0,3,5,6,5,5,4,6,2,6,5,5,0,0,1,1,1,5,4,2,2,3];[[0.4831103964860096,4.831103964860096,1.0],[0.9021829992468611,9.02182999246861,1.0],[0.5374571935128641,5.374571935128642,1.0],[0.8761340971511191,8.761340971511192,1.0],[0.573156942708234,5.7315694270823405,1.0],[0.994523847851402,9.945238478514021,1.0],[0.3574465703190305,3.574465703190305,1.0]]
2d_Hurink_vdata_5_workers.fjs;1218.3581891043737;4390220;[0,257,389,433,506,13,37,164,278,506,0,106,264,333,478,0,88,174,384,473,167,199,298,345,430,0,64,292,362,419,148,199,214,257,522,83,187,278,384,478,0,88,167,214,389,21,88,159,338,419];[3,3,1,4,2,4,4,0,4,4,1,4,2,1,1,2,1,2,0,3,3,3,4,4,0,0,0,2,3,2,2,1,4,1,2,2,0,0,4,0,4,3,4,1,3,3,4,1,2,1];[3,6,0,6,5,2,3,2,2,6,1,3,3,1,4,6,5,1,5,2,4,5,2,0,2,0,4,3,0,0,0,6,0,4,5,0,2,5,6,3,5,1,3,6,1,5,6,5,4,3];[[0.8559393885152179,8.55939388515218,1.0],[0.8004839408308784,8.004839408308783,1.0],[0.5938433496209707,5.938433496209708,1.0],[0.8870093324131678,8.870093324131679,1.0],[0.741558169706834,7.4155816970683395,1.0],[0.8097670389513107,8.097670389513107,1.0],[0.2247324103169328,2.247324103169328,1.0]]
