comparison,baseline,candidate,instance,run,seed,baseline_fitness,candidate_fitness,fitness_ratio,improvement_percent,baseline_runtime_s,candidate_runtime_s,baseline_function_evaluations,candidate_function_evaluations,baseline_final_R,candidate_final_R
non_rl_hpo_effect,competition_no_rl,hpo_no_rl,0_BehnkeGeiger_42_workers.fjs,1,1000,182.32603118169484,178.5286383805334,0.9791725143329798,2.0827485667020196,20357.449500083923,129600.54601573944,3554140,4359096,2.1200701300197076,2.1003369221239225
non_rl_hpo_effect,competition_no_rl,hpo_no_rl,0_BehnkeGeiger_42_workers.fjs,2,1001,192.20967476796582,186.96311792030193,0.9727039918568224,2.7296008143177564,19966.233690023422,129600.49124312401,3916640,3815028,2.135663052977398,2.100709190115752
non_rl_hpo_effect,competition_no_rl,hpo_no_rl,0_BehnkeGeiger_42_workers.fjs,3,1002,204.96485423843953,171.37400081818723,0.8361140813869707,16.388591861302928,20203.64484834671,129600.17172980309,1970750,2437056,2.1130397344169025,2.1421750102273402
non_rl_hpo_effect,competition_no_rl,hpo_no_rl,0_BehnkeGeiger_42_workers.fjs,4,1003,196.07566020251252,192.19723651420426,0.9802197596361398,1.9780240363860169,20257.677788496017,129601.40086627007,4656070,3983376,2.154677584642995,2.112057544112135
non_rl_hpo_effect,competition_no_rl,hpo_no_rl,0_BehnkeGeiger_42_workers.fjs,5,1004,189.42607700053188,176.1119511060214,0.9297133419783956,7.028665802160439,20328.427050113678,129601.29624414444,4904730,4407372,2.1283828876464255,2.121830736217125
non_rl_hpo_effect,competition_no_rl,hpo_no_rl,0_BehnkeGeiger_42_workers.fjs,6,1005,187.6711446628449,180.43882947157744,0.9614628279469363,3.853717205306373,19999.575818538666,129601.59934949875,2124660,4910196,2.085234940698277,2.148081303233065
non_rl_hpo_effect,competition_no_rl,hpo_no_rl,0_BehnkeGeiger_42_workers.fjs,7,1006,182.73321683039796,183.5034947716236,1.0042153142958161,-0.42153142958161194,20576.705412387848,129600.24977445602,1480330,3174468,2.1248048468650924,2.133761567111902
non_rl_hpo_effect,competition_no_rl,hpo_no_rl,0_BehnkeGeiger_42_workers.fjs,8,1007,189.98349558297272,190.98879564072303,1.0052915125846353,-0.5291512584635338,20310.08421587944,129600.5017542839,3323650,1143600,2.110927728699697,2.0987779740738794
non_rl_hpo_effect,competition_no_rl,hpo_no_rl,0_BehnkeGeiger_42_workers.fjs,9,1008,180.9034876785695,197.61266022526374,1.0923651210991754,-9.236512109917538,20053.41110086441,129600.66140294075,2005700,3153984,2.1282763256302295,2.1022623428219545
non_rl_hpo_effect,competition_no_rl,hpo_no_rl,0_BehnkeGeiger_42_workers.fjs,10,1009,193.85237874907332,184.69150541266538,0.9527430439826278,4.725695601737224,20186.627692222595,129600.93010139465,3523340,4804476,2.1070910733594927,2.122890866812246
non_rl_hpo_effect,competition_no_rl,hpo_no_rl,0_BehnkeGeiger_46_workers.fjs,1,1000,260.81704769676065,277.4343629964597,1.0637125350756182,-6.371253507561825,36694.85664892197,129601.07300591469,4989790,4983576,2.1378446532521367,2.117819564858471
non_rl_hpo_effect,competition_no_rl,hpo_no_rl,0_BehnkeGeiger_46_workers.fjs,2,1001,280.6325424526168,285.55112825802127,1.017526783467156,-1.752678346715597,35078.63677120209,129600.03589296341,4978780,4542540,2.1100191161850885,2.1309785690897107
non_rl_hpo_effect,competition_no_rl,hpo_no_rl,0_BehnkeGeiger_46_workers.fjs,3,1002,307.0732532231711,261.18398616522,0.8505592181139912,14.944078188600884,36585.94376420975,129600.16239500046,3269620,4829304,2.1324531473831327,2.1234470419936584
non_rl_hpo_effect,competition_no_rl,hpo_no_rl,0_BehnkeGeiger_46_workers.fjs,4,1003,311.1444650505168,292.8316528750469,0.941143699366477,5.885630063352298,36208.09214782715,129601.09591031075,4205320,1881696,2.145823896900116,2.137457320255817
non_rl_hpo_effect,competition_no_rl,hpo_no_rl,0_BehnkeGeiger_46_workers.fjs,5,1004,288.5117629205803,281.6038647414634,0.9760567884332034,2.3943211566796574,36563.002455472946,129602.44387483597,4663510,4629852,2.121410021474855,2.133362611677753
non_rl_hpo_effect,competition_no_rl,hpo_no_rl,0_BehnkeGeiger_46_workers.fjs,6,1005,282.46775787837066,295.3134864924032,1.0454767960439713,-4.547679604397126,36059.3068215847,129601.21262979507,3242300,981792,2.139907256654323,2.139952800669588
non_rl_hpo_effect,competition_no_rl,hpo_no_rl,0_BehnkeGeiger_46_workers.fjs,7,1006,297.88913684058264,278.71260291204663,0.9356252660572901,6.437473394270987,36441.76172208786,129602.2822098732,4631970,4968948,2.1277795488613047,2.11145911297005
non_rl_hpo_effect,competition_no_rl,hpo_no_rl,0_BehnkeGeiger_46_workers.fjs,8,1007,285.8039762215631,297.50954666256024,1.040956639567263,-4.095663956726292,36419.11933636665,129601.53249764442,4811780,4995444,2.1170664905300973,2.15586628016348
non_rl_hpo_effect,competition_no_rl,hpo_no_rl,0_BehnkeGeiger_46_workers.fjs,9,1008,299.1987537418759,304.3300556037774,1.0171501445033704,-1.715014450337038,36014.08448982239,129600.7081143856,3553710,2806464,2.121976976892737,2.1431694056604043
non_rl_hpo_effect,competition_no_rl,hpo_no_rl,0_BehnkeGeiger_46_workers.fjs,10,1009,272.2452274879661,281.8270597621244,1.0351955931884311,-3.519559318843113,36547.818692445755,129601.26151704788,4320950,1632948,2.1104281200617527,2.135053483046397
non_rl_hpo_effect,competition_no_rl,hpo_no_rl,0_BehnkeGeiger_60_workers.fjs,1,1000,1788.944679322035,1916.9178154989365,1.071535546993773,-7.153554699377307,129600.08340167999,129602.35560202599,238710,202068,2.104640799202394,2.1065030939548754
non_rl_hpo_effect,competition_no_rl,hpo_no_rl,0_BehnkeGeiger_60_workers.fjs,2,1001,1746.2581947190406,1812.1964108518841,1.037759717510418,-3.7759717510418067,129600.61742901802,129603.4349064827,387950,124296,2.1115576719698192,2.10475773618105
non_rl_hpo_effect,competition_no_rl,hpo_no_rl,0_BehnkeGeiger_60_workers.fjs,3,1002,1954.604978157716,1904.6975040069624,0.9744667210467287,2.553327895327129,129600.8949046135,129605.4435582161,258780,299112,2.1062553643940904,2.097684475778593
non_rl_hpo_effect,competition_no_rl,hpo_no_rl,0_BehnkeGeiger_60_workers.fjs,4,1003,1940.2286687536455,1900.3626451621572,0.9794529251971639,2.054707480283613,129601.1964995861,129600.18894767761,198040,317484,2.1066543634675847,2.0952179108733815
non_rl_hpo_effect,competition_no_rl,hpo_no_rl,0_BehnkeGeiger_60_workers.fjs,5,1004,1871.819220437706,1821.7448590268339,0.9732482918947896,2.6751708105210437,129600.05177545547,129602.06965637207,314710,361896,2.1055334313135052,2.1109442167170727
non_rl_hpo_effect,competition_no_rl,hpo_no_rl,0_BehnkeGeiger_60_workers.fjs,6,1005,1886.421697060695,1842.2948713126573,0.9766081858490107,2.3391814150989343,129601.68784618378,129600.89335250854,189270,556440,2.114822530337102,2.1200171131330925
non_rl_hpo_effect,competition_no_rl,hpo_no_rl,0_BehnkeGeiger_60_workers.fjs,7,1006,1814.5030276781165,1904.3668231261267,1.049525293745584,-4.95252937455839,129600.81484079361,129603.53124403954,463620,338040,2.114805393564238,2.108933358943662
non_rl_hpo_effect,competition_no_rl,hpo_no_rl,0_BehnkeGeiger_60_workers.fjs,8,1007,1955.3009324750785,2107.495485116738,1.0778368946252213,-7.783689462522125,129600.79630637169,129600.19412469864,12910,75468,2.1024741209409448,2.107495485116738
non_rl_hpo_effect,competition_no_rl,hpo_no_rl,0_BehnkeGeiger_60_workers.fjs,9,1008,1917.864006432271,1835.3716800967898,0.9569873953216638,4.3012604678336235,129601.32161641121,129600.1174390316,179790,357132,2.107542864211287,2.1047840368082453
non_rl_hpo_effect,competition_no_rl,hpo_no_rl,0_BehnkeGeiger_60_workers.fjs,10,1009,1837.7501432796562,1796.3535784183728,0.977474323692661,2.2525676307339038,129601.99488544464,129600.21756744385,315790,264216,2.102688951120888,2.108396218800907
non_rl_hpo_effect,competition_no_rl,hpo_no_rl,1_Brandimarte_12_workers.fjs,1,1000,1208.9983843196258,1084.93199332406,0.8973808463231444,10.261915367685559,109539.37889194489,129600.41942477226,1249080,1059936,2.113633539020325,2.1231545857613696
non_rl_hpo_effect,competition_no_rl,hpo_no_rl,1_Brandimarte_12_workers.fjs,2,1001,1201.8936328177522,1221.3992383639188,1.016229061385771,-1.622906138577096,110253.46946334839,129600.09247660637,3468920,1490184,2.1160099169326623,2.1241725884589893
non_rl_hpo_effect,competition_no_rl,hpo_no_rl,1_Brandimarte_12_workers.fjs,3,1002,1218.5435485740002,1082.2570776351224,0.8881562574449088,11.184374255509121,109526.9440305233,129601.8672785759,154280,778488,2.108206831442907,2.117919917094173
non_rl_hpo_effect,competition_no_rl,hpo_no_rl,1_Brandimarte_12_workers.fjs,4,1003,1164.0769537376348,1133.358815941389,0.9736115918302346,2.63884081697654,108974.69512104988,129601.414093256,515770,883992,2.120358749977477,2.1184276933483903
non_rl_hpo_effect,competition_no_rl,hpo_no_rl,1_Brandimarte_12_workers.fjs,5,1004,1119.1444957936749,1084.2159790500314,0.9687899847830883,3.121001521691169,107636.62585520744,129601.20217347145,841710,545892,2.107616752907109,2.1052737457282165
non_rl_hpo_effect,competition_no_rl,hpo_no_rl,1_Brandimarte_12_workers.fjs,6,1005,1087.246608072505,1068.2858212090568,0.9825607302679359,1.743926973206411,109755.54575800896,129601.90400123596,185510,3703692,2.111158462276709,2.1029248448997184
non_rl_hpo_effect,competition_no_rl,hpo_no_rl,1_Brandimarte_12_workers.fjs,7,1006,1198.610503525013,1156.0400917474178,0.9644835318459173,3.5516468154082714,106398.14004182816,129601.3193924427,4031840,3087252,2.1176864019876556,2.128987277619554
non_rl_hpo_effect,competition_no_rl,hpo_no_rl,1_Brandimarte_12_workers.fjs,8,1007,1117.7585464890092,1117.2469204336376,0.9995422749779201,0.04577250220798579,107844.76237535477,129601.13785767555,658610,679680,2.112965116236312,2.1080130574219575
non_rl_hpo_effect,competition_no_rl,hpo_no_rl,1_Brandimarte_12_workers.fjs,9,1008,1148.0312556718964,1147.576668400157,0.9996040288367642,0.03959711632357532,108876.32895159721,129602.03837132454,274260,2557932,2.1142380399114113,2.121213804806205
non_rl_hpo_effect,competition_no_rl,hpo_no_rl,1_Brandimarte_12_workers.fjs,10,1009,1133.7329559654333,1088.8582231646662,0.9604186042536322,3.9581395746367765,108493.9706530571,129601.60484910011,300620,4525356,2.1151734253086443,2.1266762171184888
non_rl_hpo_effect,competition_no_rl,hpo_no_rl,1_Brandimarte_14_workers.fjs,1,1000,1416.1290876768676,1479.351628981415,1.0446446173973185,-4.464461739731851,129601.09608864784,129601.12845182419,2237800,924840,2.107334951900101,2.11335946997345
non_rl_hpo_effect,competition_no_rl,hpo_no_rl,1_Brandimarte_14_workers.fjs,2,1001,1467.4541509430112,1553.0394675937744,1.0583223105101884,-5.8322310510188435,129601.37736773491,129600.05322241783,133230,652524,2.1175384573492226,2.1187441576995556
non_rl_hpo_effect,competition_no_rl,hpo_no_rl,1_Brandimarte_14_workers.fjs,3,1002,1434.4502018210371,1418.6525784662585,0.9889869837693052,1.1013016230694839,129600.7268652916,129602.57657623291,293870,564084,2.1063879615580574,2.101707523653716
non_rl_hpo_effect,competition_no_rl,hpo_no_rl,1_Brandimarte_14_workers.fjs,4,1003,1516.0663762110094,1468.2288632794143,0.9684462938547904,3.155370614520958,129601.17758107185,129600.17467570305,236610,2877012,2.1174111399595104,2.1095242288497333
non_rl_hpo_effect,competition_no_rl,hpo_no_rl,1_Brandimarte_14_workers.fjs,5,1004,1510.0214859746966,1477.480723846549,0.9784501330408931,2.154986695910688,129600.07766103745,129600.2547929287,2313380,2663604,2.1060271770916272,2.110686748352213
non_rl_hpo_effect,competition_no_rl,hpo_no_rl,1_Brandimarte_14_workers.fjs,6,1005,1729.6049913077538,1509.1837185107593,0.8725597613878681,12.744023861213194,129602.57582378387,129602.11064076424,2470250,190080,2.0990351836259147,2.1077984895401665
non_rl_hpo_effect,competition_no_rl,hpo_no_rl,1_Brandimarte_14_workers.fjs,7,1006,1490.9282140637342,1548.1706099474518,1.0383937974637258,-3.8393797463725843,129600.61751508713,129601.40449857712,453520,209496,2.1147917929982047,2.1121017871043
non_rl_hpo_effect,competition_no_rl,hpo_no_rl,1_Brandimarte_14_workers.fjs,8,1007,1569.1613963996588,1469.0194052920078,0.936181203961925,6.381879603807505,129600.75369644165,129602.63371348381,167500,744264,2.1034335072381487,2.101601438185991
non_rl_hpo_effect,competition_no_rl,hpo_no_rl,1_Brandimarte_14_workers.fjs,9,1008,1493.7490008553964,1551.9482109871221,1.038961840375055,-3.89618403750549,129601.54570269585,129601.5435295105,609310,260280,2.1098149729595996,2.1172554038023494
non_rl_hpo_effect,competition_no_rl,hpo_no_rl,1_Brandimarte_14_workers.fjs,10,1009,1458.6020307609622,1459.6845767762597,1.0007421805211205,-0.07421805211205168,129600.04201340675,129600.54760432243,478610,281436,2.110856773894301,2.1154848938786373
non_rl_hpo_effect,competition_no_rl,hpo_no_rl,1_Brandimarte_7_workers.fjs,1,1000,375.4228054883477,366.16112837659966,0.9753300093218884,2.4669990678111597,62632.71482586861,129600.03329396248,178180,917964,2.133084122092885,2.116538314315605
non_rl_hpo_effect,competition_no_rl,hpo_no_rl,1_Brandimarte_7_workers.fjs,2,1001,392.8519268272734,384.8137282251506,0.9795388591649775,2.0461140835022484,63679.25330734253,129600.40532016754,4740530,185868,2.112107133479965,2.1260426973765227
non_rl_hpo_effect,competition_no_rl,hpo_no_rl,1_Brandimarte_7_workers.fjs,3,1002,387.3510724386065,377.4185941725409,0.9743579430320544,2.5642056967945637,66870.95180606842,129600.6863758564,3092820,4029876,2.1166725269869207,2.1203291807446116
non_rl_hpo_effect,competition_no_rl,hpo_no_rl,1_Brandimarte_7_workers.fjs,4,1003,368.2743015551689,373.5059207833899,1.0142057678369862,-1.4205767836986238,66198.73432254791,129600.66698718071,188450,3500508,2.128753188180167,2.1343195473336567
non_rl_hpo_effect,competition_no_rl,hpo_no_rl,1_Brandimarte_7_workers.fjs,5,1004,360.9552592585577,362.1805298383675,1.003394522031142,-0.3394522031141989,64565.86541366577,129600.96531748772,4307840,4720560,2.110849469348291,2.1304737049315734
non_rl_hpo_effect,competition_no_rl,hpo_no_rl,1_Brandimarte_7_workers.fjs,6,1005,390.5126003748752,356.412371199866,0.9126782870968199,8.732171290318014,67503.42838740349,129600.79201960564,88920,2973432,2.0995301095423398,2.1089489420110414
non_rl_hpo_effect,competition_no_rl,hpo_no_rl,1_Brandimarte_7_workers.fjs,7,1006,403.5235300588432,371.7492995184785,0.9212580477383034,7.874195226169656,66673.8547873497,129600.17354655266,190280,2740092,2.12380805294128,2.1364902271176924
non_rl_hpo_effect,competition_no_rl,hpo_no_rl,1_Brandimarte_7_workers.fjs,8,1007,373.9563656154328,356.4789151153858,0.9532633961952118,4.673660380478816,66145.38582134247,129600.03563642502,4131920,2832804,2.1127478283357783,2.1093426929904484
non_rl_hpo_effect,competition_no_rl,hpo_no_rl,1_Brandimarte_7_workers.fjs,9,1008,355.38660922835857,362.92935592296675,1.0212240599357008,-2.1224059935700756,61013.641537189484,129600.07960438728,4314900,4078872,2.1280635283135245,2.1475109817927027
non_rl_hpo_effect,competition_no_rl,hpo_no_rl,1_Brandimarte_7_workers.fjs,10,1009,391.67077223096055,391.4965563255743,0.9995551980955998,0.044480190440021605,59254.117978811264,129600.42867588997,4540410,2323248,2.1171393093565434,2.1393254444020453
non_rl_hpo_effect,competition_no_rl,hpo_no_rl,2a_Hurink_sdata_18_workers.fjs,1,1000,2729.867370918839,2831.9376976373755,1.0373902145598308,-3.7390214559830826,60172.8321185112,129600.95225024223,4333940,3070812,2.1129004418876463,2.0977316278795373
non_rl_hpo_effect,competition_no_rl,hpo_no_rl,2a_Hurink_sdata_18_workers.fjs,2,1001,2795.0972701007786,2895.907545065749,1.036066821732231,-3.606682173223108,50528.27542376518,129601.20767331123,193280,2209416,2.106328010626058,2.100005471403734
non_rl_hpo_effect,competition_no_rl,hpo_no_rl,2a_Hurink_sdata_18_workers.fjs,3,1002,2687.4399015301774,2653.893481505599,0.987517332013461,1.2482667986538964,61101.958560466766,129600.65199899673,4647670,350628,2.0995624230704513,2.1163424892389147
non_rl_hpo_effect,competition_no_rl,hpo_no_rl,2a_Hurink_sdata_18_workers.fjs,4,1003,2686.9369096428854,2832.7259162720584,1.054258440570735,-5.425844057073492,63683.00208735466,129600.9895658493,4433100,155544,2.1090556590603495,2.117134466571045
non_rl_hpo_effect,competition_no_rl,hpo_no_rl,2a_Hurink_sdata_18_workers.fjs,5,1004,2896.161372487367,2899.397251540459,1.001117299292723,-0.1117299292723084,64133.66842389107,129600.30741930008,4781820,282804,2.0956305155480224,2.107120095596264
non_rl_hpo_effect,competition_no_rl,hpo_no_rl,2a_Hurink_sdata_18_workers.fjs,6,1005,2797.3988639641466,2683.834629880289,0.9594036318714566,4.05963681285434,59727.10630226135,129600.30216765404,4256730,365868,2.092295335799661,2.095109000687189
non_rl_hpo_effect,competition_no_rl,hpo_no_rl,2a_Hurink_sdata_18_workers.fjs,7,1006,2747.9954740905314,2851.121738734768,1.0375278145894207,-3.752781458942067,46420.479408979416,129600.23750066757,137180,202752,2.1335368587659405,2.1261161362675374
non_rl_hpo_effect,competition_no_rl,hpo_no_rl,2a_Hurink_sdata_18_workers.fjs,8,1007,2947.6513239037577,2633.1098422303176,0.8932908111883215,10.670918881167847,63527.871322155,129600.2179043293,2868780,2304936,2.0905328538324524,2.103122877180765
non_rl_hpo_effect,competition_no_rl,hpo_no_rl,2a_Hurink_sdata_18_workers.fjs,9,1008,2735.8241484321643,2865.201284873986,1.047290004555287,-4.729000455528709,63611.23305630684,129600.98097586632,1477900,2979060,2.1012474258311555,2.0975119215768565
non_rl_hpo_effect,competition_no_rl,hpo_no_rl,2a_Hurink_sdata_18_workers.fjs,10,1009,2822.868300500614,2738.727654882897,0.9701932089418427,2.980679105815731,58790.86918306351,129600.04794406891,2507760,1058376,2.106618134701951,2.1197582468133875
non_rl_hpo_effect,competition_no_rl,hpo_no_rl,2a_Hurink_sdata_1_workers.fjs,1,1000,111.83163817589812,110.90598850207537,0.9917228282718455,0.8277171728154453,12565.047216415405,129600.05150032043,2135920,4281132,2.1100309089792098,2.132807471193757
non_rl_hpo_effect,competition_no_rl,hpo_no_rl,2a_Hurink_sdata_1_workers.fjs,2,1001,120.34250021007765,113.66012574534052,0.9444720322988808,5.552796770111923,12640.391414880753,129600.02778720856,1057580,2519928,2.111271933510134,2.104817143432232
non_rl_hpo_effect,competition_no_rl,hpo_no_rl,2a_Hurink_sdata_1_workers.fjs,3,1002,118.41394839662564,120.10997200067368,1.0143228363466712,-1.4322836346671197,12834.98279619217,129600.36880421638,1190730,758184,2.1145347927968863,2.107192491239889
non_rl_hpo_effect,competition_no_rl,hpo_no_rl,2a_Hurink_sdata_1_workers.fjs,4,1003,110.34870632042231,112.15694471818063,1.0163865844743816,-1.6386584474381571,12634.102185964584,129600.6906068325,4549800,4034412,2.1220905061619675,2.116168768267559
non_rl_hpo_effect,competition_no_rl,hpo_no_rl,2a_Hurink_sdata_1_workers.fjs,5,1004,113.49757271787396,113.12770537711093,0.9967411872174357,0.32588127825643465,12560.022422790527,129600.71892738342,4199480,2578344,2.1018069021828514,2.0949575069835356
non_rl_hpo_effect,competition_no_rl,hpo_no_rl,2a_Hurink_sdata_1_workers.fjs,6,1005,110.7283964066194,112.035431440313,1.0118039732905901,-1.180397329059013,12528.332788705826,129600.89291024208,4091070,4781244,2.1293922385888346,2.113876064911566
non_rl_hpo_effect,competition_no_rl,hpo_no_rl,2a_Hurink_sdata_1_workers.fjs,7,1006,111.27791308405743,111.9202511725688,1.0057723772014502,-0.5772377201450185,12523.116670131683,129600.0098657608,3177360,3274488,2.1399598670011044,2.1523125225494
non_rl_hpo_effect,competition_no_rl,hpo_no_rl,2a_Hurink_sdata_1_workers.fjs,8,1007,110.8570974151106,113.24010124241296,1.021496177356864,-2.1496177356864044,12574.511325120926,129600.97104096413,1936820,4303668,2.131867257982896,2.0970389118965365
non_rl_hpo_effect,competition_no_rl,hpo_no_rl,2a_Hurink_sdata_1_workers.fjs,9,1008,112.75796148869654,113.02051336268107,1.0023284553083274,-0.23284553083273707,12601.279799461365,129600.25557565689,3942820,2371848,2.088110397938825,2.092972469679279
non_rl_hpo_effect,competition_no_rl,hpo_no_rl,2a_Hurink_sdata_1_workers.fjs,10,1009,119.68669776310102,119.65377476979923,0.9997249235385627,0.0275076461437318,12653.76982498169,129600.15007543564,4695070,1749936,2.099766627422825,2.099189031049109
non_rl_hpo_effect,competition_no_rl,hpo_no_rl,2a_Hurink_sdata_38_workers.fjs,1,1000,5538.883788162562,5243.341681754286,0.9466422987534249,5.335770124657513,129600.44813990593,129600.07626128197,108170,377472,2.1116598506147777,2.122810397471371
non_rl_hpo_effect,competition_no_rl,hpo_no_rl,2a_Hurink_sdata_38_workers.fjs,2,1001,4948.784779634479,5155.370537097071,1.0417447447528423,-4.174474475284229,129600.52902817726,129601.3551018238,269770,831048,2.122120402930737,2.1119912073318603
non_rl_hpo_effect,competition_no_rl,hpo_no_rl,2a_Hurink_sdata_38_workers.fjs,3,1002,4913.076025232782,4983.633257822706,1.0143611114966578,-1.4361111496657752,129601.3157696724,129602.54620432854,232790,301512,2.1250328828861513,2.11889169125115
non_rl_hpo_effect,competition_no_rl,hpo_no_rl,2a_Hurink_sdata_38_workers.fjs,4,1003,5504.523886216302,5180.659489563512,0.941163958346376,5.883604165362399,129601.0037047863,129601.65048575401,1046790,288060,2.1212038097172647,2.118012873901681
non_rl_hpo_effect,competition_no_rl,hpo_no_rl,2a_Hurink_sdata_38_workers.fjs,5,1004,5351.839804762964,5178.836645274094,0.9676740773640303,3.2325922635969673,129600.09694766998,129601.29696679115,162150,670020,2.117025239225856,2.1146740078701893
non_rl_hpo_effect,competition_no_rl,hpo_no_rl,2a_Hurink_sdata_38_workers.fjs,6,1005,5432.102089690997,4959.240806211314,0.9129505897215968,8.704941027840318,129601.16891503334,129601.37071299553,367840,710820,2.111193971897006,2.1094176121698482
non_rl_hpo_effect,competition_no_rl,hpo_no_rl,2a_Hurink_sdata_38_workers.fjs,7,1006,5187.840883341741,4812.132580380412,0.9275790620009693,7.242093799903071,129600.51657056808,129601.84407258034,202800,1598148,2.1174860748333635,2.126439496412025
non_rl_hpo_effect,competition_no_rl,hpo_no_rl,2a_Hurink_sdata_38_workers.fjs,8,1007,4919.311201933125,5344.947563978381,1.0865235689659145,-8.652356896591451,129600.2400238514,129601.6016459465,281630,506220,2.1131061863973906,2.116810916427082
non_rl_hpo_effect,competition_no_rl,hpo_no_rl,2a_Hurink_sdata_38_workers.fjs,9,1008,5156.7122798558,5036.758672593294,0.9767383556125299,2.3261644387470137,129600.24855685234,129600.59590864182,192900,667728,2.10822251833843,2.127009574574871
non_rl_hpo_effect,competition_no_rl,hpo_no_rl,2a_Hurink_sdata_38_workers.fjs,10,1009,5141.228554175259,5018.843916122425,0.9761954488575607,2.380455114243929,129600.35772132874,129601.81746649742,579320,970692,2.1253528541443814,2.1257280457951824
non_rl_hpo_effect,competition_no_rl,hpo_no_rl,2a_Hurink_sdata_40_workers.fjs,1,1000,3732.7153728152803,3483.6168467697826,0.9332661343911622,6.673386560883776,123126.27042603493,129601.41254734993,142550,2473524,2.1256921257490204,2.11384517401079
non_rl_hpo_effect,competition_no_rl,hpo_no_rl,2a_Hurink_sdata_40_workers.fjs,2,1001,3698.1665411041686,3380.070169638722,0.9139853849387561,8.601461506124386,125803.9382750988,129601.1925201416,866940,241416,2.11203114854607,2.119166250557192
non_rl_hpo_effect,competition_no_rl,hpo_no_rl,2a_Hurink_sdata_40_workers.fjs,3,1002,3698.8743664415524,3608.0948870985603,0.9754575391458009,2.454246085419909,125873.19680523872,129600.10370612144,1931510,2146332,2.1148509813845355,2.1174265769357747
non_rl_hpo_effect,competition_no_rl,hpo_no_rl,2a_Hurink_sdata_40_workers.fjs,4,1003,3538.986471459372,3471.014926325035,0.9807934995845555,1.9206500415444472,124502.08568286896,129601.21055078506,146280,2087304,2.1293540742836172,2.149235248498474
non_rl_hpo_effect,competition_no_rl,hpo_no_rl,2a_Hurink_sdata_40_workers.fjs,5,1004,3564.075865066753,3604.5116160677717,1.0113453676442046,-1.1345367644204574,121834.71082115173,129601.16972398758,3105110,378324,2.1189511682917677,2.132847110099273
non_rl_hpo_effect,competition_no_rl,hpo_no_rl,2a_Hurink_sdata_40_workers.fjs,6,1005,3734.4564984459066,3320.2961858366834,0.8890975667325149,11.090243326748507,125044.32365846634,129600.59208750725,565610,880620,2.1158393758900322,2.1215950069243985
non_rl_hpo_effect,competition_no_rl,hpo_no_rl,2a_Hurink_sdata_40_workers.fjs,7,1006,3828.471280436058,3646.8430336234487,0.9525585453022068,4.7441454697793155,124738.77695918083,129602.15698862076,478150,1198836,2.1198622815260566,2.1389108701603803
non_rl_hpo_effect,competition_no_rl,hpo_no_rl,2a_Hurink_sdata_40_workers.fjs,8,1007,3577.9578375293527,3396.0669483581373,0.9491634900603484,5.083650993965161,125278.52866053581,129601.09539794922,1946490,308856,2.1121356774081184,2.1212160826721655
non_rl_hpo_effect,competition_no_rl,hpo_no_rl,2a_Hurink_sdata_40_workers.fjs,9,1008,3471.271984260472,3383.429222483871,0.9746943592507589,2.530564074924113,128790.1543533802,129600.31558966637,202680,2613240,2.133541477726166,2.1346556608731047
non_rl_hpo_effect,competition_no_rl,hpo_no_rl,2a_Hurink_sdata_40_workers.fjs,10,1009,3800.737286030936,3601.857987341191,0.9476734949766991,5.2326505023300935,123929.59617614746,129600.2562520504,1698550,2600244,2.12450379319784,2.1275002878565807
non_rl_hpo_effect,competition_no_rl,hpo_no_rl,2a_Hurink_sdata_54_workers.fjs,1,1000,18820.500853864247,17842.517411734516,0.9480362690810681,5.196373091893191,23052.906194210052,129601.25301289558,4496690,1922040,2.1059081183690553,2.093946416117183
non_rl_hpo_effect,competition_no_rl,hpo_no_rl,2a_Hurink_sdata_54_workers.fjs,2,1001,18262.473650369557,17930.619994258326,0.9818286579099587,1.8171342090041342,23094.520582437515,129600.28154683113,4362260,4490472,2.0988936501976276,2.116206773782406
non_rl_hpo_effect,competition_no_rl,hpo_no_rl,2a_Hurink_sdata_54_workers.fjs,3,1002,18769.271305764298,18401.584294537857,0.9804101605631584,1.958983943684156,23114.093683242798,129600.34978461266,4290200,4030788,2.1084330831009095,2.1288274287989193
non_rl_hpo_effect,competition_no_rl,hpo_no_rl,2a_Hurink_sdata_54_workers.fjs,4,1003,18997.18927714894,19150.90245514131,1.0080913642407756,-0.8091364240775611,23199.30340719223,129601.17784047127,4439080,2811684,2.12330270226321,2.104726063868701
non_rl_hpo_effect,competition_no_rl,hpo_no_rl,2a_Hurink_sdata_54_workers.fjs,5,1004,18848.102649867174,19069.431174418347,1.01174274825762,-1.1742748257620006,22618.3732483387,129600.74291968346,2734130,4560636,2.1118322296769945,2.0953116332730852
non_rl_hpo_effect,competition_no_rl,hpo_no_rl,2a_Hurink_sdata_54_workers.fjs,6,1005,18495.4674904721,19346.41123777585,1.0460082313540933,-4.6008231354093265,22569.32054591179,129601.18333601952,4059990,4658880,2.1125605357478126,2.109750407609144
non_rl_hpo_effect,competition_no_rl,hpo_no_rl,2a_Hurink_sdata_54_workers.fjs,7,1006,18762.523502777898,19203.184865833206,1.0234862524217525,-2.3486252421752507,23110.31477165222,129600.2162489891,2419820,4410408,2.105782660244433,2.104919967755476
non_rl_hpo_effect,competition_no_rl,hpo_no_rl,2a_Hurink_sdata_54_workers.fjs,8,1007,19055.494799022355,19230.93486024412,1.0092067964160536,-0.9206796416053598,25463.393589258194,129600.51749277115,4927350,2384100,2.107908716706013,2.101052645061086
non_rl_hpo_effect,competition_no_rl,hpo_no_rl,2a_Hurink_sdata_54_workers.fjs,9,1008,17858.70055469984,19265.669763076745,1.0787834033090742,-7.8783403309074185,23448.502824783325,129600.0012588501,4965830,2005416,2.090448385192537,2.087740546497263
non_rl_hpo_effect,competition_no_rl,hpo_no_rl,2a_Hurink_sdata_54_workers.fjs,10,1009,17519.462602732234,19694.23711387975,1.124134772878727,-12.413477287872698,22963.341080904007,129601.24599981308,4570940,4401756,2.1192043791861903,2.098033143057393
non_rl_hpo_effect,competition_no_rl,hpo_no_rl,2a_Hurink_sdata_61_workers.fjs,1,1000,1900.6553435783205,1989.2588610191824,1.0466173510837846,-4.661735108378462,33194.543993234634,129601.11089277267,4992870,2555712,2.0955406213652927,2.1028106353268314
non_rl_hpo_effect,competition_no_rl,hpo_no_rl,2a_Hurink_sdata_61_workers.fjs,2,1001,2240.0238340769683,1987.1790073642176,0.8871240462417049,11.287595375829508,34967.393434762955,129600.52851438522,4880890,1920000,2.0993662924807577,2.1207886951592503
non_rl_hpo_effect,competition_no_rl,hpo_no_rl,2a_Hurink_sdata_61_workers.fjs,3,1002,2052.8210499859265,1998.2850028936034,0.9734336087927893,2.6566391207210716,33715.641780376434,129600.05636787415,2845680,2443956,2.1163103608102336,2.1101214391695917
non_rl_hpo_effect,competition_no_rl,hpo_no_rl,2a_Hurink_sdata_61_workers.fjs,4,1003,2044.4907739018413,2097.191234902956,1.0257768152705025,-2.5776815270502462,33455.101996421814,129600.66137051582,1852480,3837636,2.1230433789219534,2.1248138144913433
non_rl_hpo_effect,competition_no_rl,hpo_no_rl,2a_Hurink_sdata_61_workers.fjs,5,1004,1949.099403063879,2091.2274529215074,1.0729198570551153,-7.291985705511528,33952.70045542717,129600.51082444191,4957520,3637080,2.1185863076781293,2.0975200129603886
non_rl_hpo_effect,competition_no_rl,hpo_no_rl,2a_Hurink_sdata_61_workers.fjs,6,1005,1923.529749689821,1949.5924310508174,1.0135494038317832,-1.3549403831783158,32055.823803424835,129600.83961248398,4735490,2022948,2.1137689557031,2.1122344865122615
non_rl_hpo_effect,competition_no_rl,hpo_no_rl,2a_Hurink_sdata_61_workers.fjs,7,1006,1989.4837443276863,1956.6941850990115,0.9835185588612309,1.6481441138769148,34778.94891357422,129601.49851036072,4108450,501936,2.136932056205893,2.113060675052928
non_rl_hpo_effect,competition_no_rl,hpo_no_rl,2a_Hurink_sdata_61_workers.fjs,8,1007,2002.6709790630266,2160.3956316521035,1.0787571469492558,-7.875714694925584,33880.63437581062,129601.01984477043,95340,675636,2.12372320155146,2.1180349329922583
non_rl_hpo_effect,competition_no_rl,hpo_no_rl,2a_Hurink_sdata_61_workers.fjs,9,1008,2077.695482406244,1999.4396993180746,0.9623352970871656,3.7664702912834414,33474.73347735405,129600.49586486816,4372760,513804,2.1222630055222105,2.1225474515053873
non_rl_hpo_effect,competition_no_rl,hpo_no_rl,2a_Hurink_sdata_61_workers.fjs,10,1009,2142.8686123393113,2021.5051492094503,0.943364020345899,5.663597965410105,34711.88103866577,129600.17095351219,3226270,968916,2.1112006032899617,2.11897814382542
non_rl_hpo_effect,competition_no_rl,hpo_no_rl,2a_Hurink_sdata_63_workers.fjs,1,1000,912.8762109732633,889.7136408079318,0.974626822468474,2.5373177531526014,35253.87183427811,129600.52537798882,4996790,2559384,2.108259147744257,2.1133340636767977
non_rl_hpo_effect,competition_no_rl,hpo_no_rl,2a_Hurink_sdata_63_workers.fjs,2,1001,905.5058716238792,916.520537961095,1.0121641026109116,-1.216410261091161,33642.919947862625,129601.03819131851,571390,2466012,2.115667924354858,2.1215753193543865
non_rl_hpo_effect,competition_no_rl,hpo_no_rl,2a_Hurink_sdata_63_workers.fjs,3,1002,854.8607148983949,898.3138889051183,1.050830706393951,-5.083070639395104,34207.299658060074,129600.99887490273,4965090,4707312,2.1159918685603833,2.1287058978794273
non_rl_hpo_effect,competition_no_rl,hpo_no_rl,2a_Hurink_sdata_63_workers.fjs,4,1003,884.954819094337,849.7241331488033,0.9601892829041953,3.981071709580475,33575.31496548653,129600.3465847969,3771060,4879332,2.1120640073850527,2.1190128008698337
non_rl_hpo_effect,competition_no_rl,hpo_no_rl,2a_Hurink_sdata_63_workers.fjs,5,1004,865.3265344717249,898.5015781668335,1.0383381791422375,-3.833817914223747,33795.780308008194,129600.66714787483,4201640,4846416,2.1261094213064493,2.119107495676494
non_rl_hpo_effect,competition_no_rl,hpo_no_rl,2a_Hurink_sdata_63_workers.fjs,6,1005,870.2602559121628,870.9479193450766,1.0007901813603943,-0.07901813603943264,33679.01256132126,129601.04555511475,4866070,4653504,2.0970126648485854,2.1139512605463024
non_rl_hpo_effect,competition_no_rl,hpo_no_rl,2a_Hurink_sdata_63_workers.fjs,7,1006,920.6654684219654,871.762357399605,0.946882866035824,5.3117133964176055,33547.27046084404,129600.6258893013,3683280,4389288,2.1213490055805657,2.131448306600501
non_rl_hpo_effect,competition_no_rl,hpo_no_rl,2a_Hurink_sdata_63_workers.fjs,8,1007,860.8985013919737,868.649475400591,1.0090033540493855,-0.9003354049385459,34525.84337091446,129600.45488762856,1114240,4592208,2.1152297331498127,2.1135023732374476
non_rl_hpo_effect,competition_no_rl,hpo_no_rl,2a_Hurink_sdata_63_workers.fjs,9,1008,856.846874902099,937.798338803891,1.0944759983060466,-9.44759983060466,33952.134630441666,129600.72133851051,3576200,4294452,2.110460283010096,2.1121584207294846
non_rl_hpo_effect,competition_no_rl,hpo_no_rl,2a_Hurink_sdata_63_workers.fjs,10,1009,901.0570773669917,931.1253716762477,1.0333700217938686,-3.337002179386861,41002.868472099304,129601.4253358841,4195660,2351196,2.1201342996870394,2.111395400626412
non_rl_hpo_effect,competition_no_rl,hpo_no_rl,2b_Hurink_edata_1_workers.fjs,1,1000,113.8809488476775,107.39025887957345,0.9430046023168833,5.699539768311668,12785.387611150742,129600.16663599014,1099270,1325988,2.108906460142176,2.1056913505798716
non_rl_hpo_effect,competition_no_rl,hpo_no_rl,2b_Hurink_edata_1_workers.fjs,2,1001,107.45749740454286,108.14123590707307,1.006362873871482,-0.6362873871482044,12721.101152896881,129600.05009961128,2879400,757632,2.107009753030252,2.120416390334766
non_rl_hpo_effect,competition_no_rl,hpo_no_rl,2b_Hurink_edata_1_workers.fjs,3,1002,108.03074005192549,107.69018650440653,0.9968476236730834,0.31523763269165617,12726.471103668213,129600.69013285637,2977480,3213480,2.1182498049397154,2.111572284400128
non_rl_hpo_effect,competition_no_rl,hpo_no_rl,2b_Hurink_edata_1_workers.fjs,4,1003,107.19248199281232,107.35755598793,1.0015399773570757,-0.15399773570756725,12788.26170039177,129600.08437538147,4945010,4971132,2.1018133724080847,2.105050117410392
non_rl_hpo_effect,competition_no_rl,hpo_no_rl,2b_Hurink_edata_1_workers.fjs,5,1004,107.25303587634335,107.40464215459771,1.0014135383396434,-0.14135383396434165,12772.051815271378,129600.34408712387,1288340,4647492,2.1030007034577127,2.1059733755803474
non_rl_hpo_effect,competition_no_rl,hpo_no_rl,2b_Hurink_edata_1_workers.fjs,6,1005,107.61618541939013,107.54836967475347,0.999369836940676,0.06301630593239516,12801.756734609604,129600.4890062809,4540390,1459620,2.11012128273314,2.108791562250068
non_rl_hpo_effect,competition_no_rl,hpo_no_rl,2b_Hurink_edata_1_workers.fjs,7,1006,108.66315867723185,108.61223735221965,0.9995313837216582,0.046861627834182684,12682.135912656784,129600.16199088097,3653040,2463084,2.130650170141801,2.1296517127886205
non_rl_hpo_effect,competition_no_rl,hpo_no_rl,2b_Hurink_edata_1_workers.fjs,8,1007,107.54849089619715,107.45393444465016,0.9991208016889958,0.08791983110042478,12762.481214284897,129600.84916043282,4685390,2590548,2.108793939141121,2.1069398910715718
non_rl_hpo_effect,competition_no_rl,hpo_no_rl,2b_Hurink_edata_1_workers.fjs,9,1008,107.12000040152562,107.67951428731084,1.005223243873114,-0.5223243873113903,12750.612533569336,129600.7037973404,610590,2967624,2.1003921647357964,2.111363025241389
non_rl_hpo_effect,competition_no_rl,hpo_no_rl,2b_Hurink_edata_1_workers.fjs,10,1009,113.1316029454148,108.0249609621993,0.9548610481044858,4.51389518955142,12690.518775939941,129600.34444856644,4632500,128064,2.095029684174348,2.1181364894548884
non_rl_hpo_effect,competition_no_rl,hpo_no_rl,2b_Hurink_edata_6_workers.fjs,1,1000,1221.2142328701332,1269.2924360643256,1.0393691801979719,-3.9369180197971865,17597.801370859146,129600.08322143555,3878440,3271908,2.12016359873287,2.108459196120142
non_rl_hpo_effect,competition_no_rl,hpo_no_rl,2b_Hurink_edata_6_workers.fjs,2,1001,1247.5462477137883,1219.9792784460624,0.9779030482290784,2.2096951770921636,17593.617461681366,129600.61342668533,3990050,3087720,2.1037879388090865,2.118019580635525
non_rl_hpo_effect,competition_no_rl,hpo_no_rl,2b_Hurink_edata_6_workers.fjs,3,1002,1233.9543282131488,1264.7920447465235,1.024990970758237,-2.4990970758236974,16664.34566450119,129600.1403734684,4573080,536340,2.102136845337562,2.104479275784565
non_rl_hpo_effect,competition_no_rl,hpo_no_rl,2b_Hurink_edata_6_workers.fjs,4,1003,1309.7528829147313,1254.4859327562751,0.9578035285286299,4.219647147137007,17953.297210931778,129600.93363785744,1630800,3240156,2.11250464986247,2.111929179724369
non_rl_hpo_effect,competition_no_rl,hpo_no_rl,2b_Hurink_edata_6_workers.fjs,5,1004,1197.9523662385966,1248.0525169387174,1.0418214881593566,-4.18214881593566,17352.477403879166,129600.70221567154,2629660,4874136,2.116523615262538,2.122538294113465
non_rl_hpo_effect,competition_no_rl,hpo_no_rl,2b_Hurink_edata_6_workers.fjs,6,1005,1187.9278536167506,1183.684475161575,0.9964279156833841,0.3572084316615931,17493.144193410873,129600.4908516407,3947940,4182348,2.106255059604168,2.0913153271405918
non_rl_hpo_effect,competition_no_rl,hpo_no_rl,2b_Hurink_edata_6_workers.fjs,7,1006,1221.0227216434446,1294.1233988243707,1.0598684003869607,-5.986840038696073,17727.16098189354,129600.71967315674,3998560,1354584,2.1421451256902535,2.118041569270656
non_rl_hpo_effect,competition_no_rl,hpo_no_rl,2b_Hurink_edata_6_workers.fjs,8,1007,1234.501736162986,1264.3779318702482,1.0242010155450423,-2.420101554504228,17499.8425617218,129600.66623950005,1538270,2986164,2.1138728358955237,2.1108145774127682
non_rl_hpo_effect,competition_no_rl,hpo_no_rl,2b_Hurink_edata_6_workers.fjs,9,1008,1230.7752328229678,1243.8826203745311,1.0106497004505848,-1.0649700450584776,18112.763720989227,129600.62283086777,1921380,3220152,2.1147340770154086,2.104708325506821
non_rl_hpo_effect,competition_no_rl,hpo_no_rl,2b_Hurink_edata_6_workers.fjs,10,1009,1269.920041785533,1265.1830866548682,0.9962698792248333,0.37301207751666565,17350.536009073257,129600.12804293633,4037950,4907136,2.1025166254727368,2.1192346510131794
non_rl_hpo_effect,competition_no_rl,hpo_no_rl,2c_Hurink_rdata_28_workers.fjs,1,1000,2285.447777504625,2104.05394372552,0.9206309435006386,7.9369056499361434,89628.52113676071,129600.72164726257,3044630,4800432,2.0986664623550273,2.1360953743406297
non_rl_hpo_effect,competition_no_rl,hpo_no_rl,2c_Hurink_rdata_28_workers.fjs,2,1001,2185.552555209693,2101.2215289616006,0.9614143224114777,3.858567758852227,86286.6164112091,129600.78595852852,627660,4382484,2.1405999561309432,2.1397367912032594
non_rl_hpo_effect,competition_no_rl,hpo_no_rl,2c_Hurink_rdata_28_workers.fjs,3,1002,2097.601781065826,2083.694740033392,0.9933700280205867,0.6629971979413285,84046.34502625465,129600.38157653809,411530,711660,2.1187896778442687,2.134933135280115
non_rl_hpo_effect,competition_no_rl,hpo_no_rl,2c_Hurink_rdata_28_workers.fjs,4,1003,2270.8188596296,2062.8889951530186,0.9084339714747228,9.156602852527717,88303.5070412159,129600.46997857094,718080,1292328,2.1123896368647443,2.137708803267377
non_rl_hpo_effect,competition_no_rl,hpo_no_rl,2c_Hurink_rdata_28_workers.fjs,5,1004,2292.614350112232,1994.7975518184671,0.8700972981874664,12.990270181253361,82879.60649776459,129600.91412186623,604760,2497776,2.1227910649187334,2.138046679333834
non_rl_hpo_effect,competition_no_rl,hpo_no_rl,2c_Hurink_rdata_28_workers.fjs,6,1005,2006.9865963068166,1985.0699839956133,0.9890798412149172,1.092015878508279,87453.93427920341,129600.16078472137,1261030,4471908,2.1237953400072134,2.1276205616244517
non_rl_hpo_effect,competition_no_rl,hpo_no_rl,2c_Hurink_rdata_28_workers.fjs,7,1006,2255.330051382367,2282.367981278477,1.0119884581325638,-1.1988458132563773,84982.38793253899,129600.012819767,176750,3881712,2.1520324917770677,2.1290746094015645
non_rl_hpo_effect,competition_no_rl,hpo_no_rl,2c_Hurink_rdata_28_workers.fjs,8,1007,2173.7312539812474,2102.8831924986757,0.9674071662019803,3.2592833798019694,87294.87802147865,129600.167263031,733790,4563240,2.1186464463754846,2.1092108249735966
non_rl_hpo_effect,competition_no_rl,hpo_no_rl,2c_Hurink_rdata_28_workers.fjs,9,1008,2192.9488624807905,2049.1691042511584,0.9344354258826719,6.556457411732808,76303.0579688549,129600.46296858788,119480,3266316,2.135295873885872,2.147976000263269
non_rl_hpo_effect,competition_no_rl,hpo_no_rl,2c_Hurink_rdata_28_workers.fjs,10,1009,2336.820736243349,2024.2955407295171,0.866260517691124,13.3739482308876,83154.60767769814,129600.53910589218,3113390,2648820,2.128252036651502,2.1353328488707985
non_rl_hpo_effect,competition_no_rl,hpo_no_rl,2c_Hurink_rdata_38_workers.fjs,1,1000,5014.408428164271,4158.880588850913,0.8293860877968893,17.061391220311073,129600.07564520836,129600.1119453907,432620,427536,2.1211541574298947,2.1316661142239433
non_rl_hpo_effect,competition_no_rl,hpo_no_rl,2c_Hurink_rdata_38_workers.fjs,2,1001,4429.437783039817,4590.984308721387,1.036471112948042,-3.647111294804195,129600.30782461166,129600.12345576286,190920,737940,2.1163104553463055,2.1195680095666605
non_rl_hpo_effect,competition_no_rl,hpo_no_rl,2c_Hurink_rdata_38_workers.fjs,3,1002,4731.537518238283,4327.7255939683455,0.9146552420405849,8.53447579594151,129600.75241732597,129602.54167413712,628430,861288,2.1151262933564072,2.1392612921247385
non_rl_hpo_effect,competition_no_rl,hpo_no_rl,2c_Hurink_rdata_38_workers.fjs,4,1003,3982.795939376353,4391.719144542186,1.102672396826302,-10.26723968263019,129600.8435227871,129600.13065171242,503370,490860,2.141288139449652,2.121603451469655
non_rl_hpo_effect,competition_no_rl,hpo_no_rl,2c_Hurink_rdata_38_workers.fjs,5,1004,4636.553901923269,4037.0628403193928,0.8707033123554966,12.92966876445034,129600.34700894356,129601.15657162666,325230,404664,2.121021913048156,2.1337541439320256
non_rl_hpo_effect,competition_no_rl,hpo_no_rl,2c_Hurink_rdata_38_workers.fjs,6,1005,4349.962105980815,4674.440166772289,1.0745933074555627,-7.45933074555627,129601.1010055542,129600.55668711662,314510,872184,2.1208981501612945,2.109404407388217
non_rl_hpo_effect,competition_no_rl,hpo_no_rl,2c_Hurink_rdata_38_workers.fjs,7,1006,4650.690334938669,4812.853514855348,1.034868625566922,-3.486862556692194,129600.35507154465,129601.60257577896,917850,267792,2.1501111118532914,2.1258186903071326
non_rl_hpo_effect,competition_no_rl,hpo_no_rl,2c_Hurink_rdata_38_workers.fjs,8,1007,4436.109183568387,4332.418543927158,0.9766257692607508,2.3374230739249158,129601.05960893631,129601.64567518234,918140,881664,2.122540279219324,2.1133748994766623
non_rl_hpo_effect,competition_no_rl,hpo_no_rl,2c_Hurink_rdata_38_workers.fjs,9,1008,4552.846398820607,4246.210036984365,0.932649526257755,6.735047374224501,129600.04375052452,129601.20413827896,749430,692652,2.1195746735663903,2.1273597379681184
non_rl_hpo_effect,competition_no_rl,hpo_no_rl,2c_Hurink_rdata_38_workers.fjs,10,1009,4438.004667751098,4063.3477976058157,0.9155798837104119,8.442011628958813,129600.44589471817,129601.76312232018,616520,744132,2.123447209450286,2.129637210485228
non_rl_hpo_effect,competition_no_rl,hpo_no_rl,2c_Hurink_rdata_50_workers.fjs,1,1000,12599.331889483923,13286.3648695106,1.0545293183839464,-5.452931838394637,19502.64585375786,129600.7172665596,4534730,1135104,2.106559419743174,2.1285429140516823
non_rl_hpo_effect,competition_no_rl,hpo_no_rl,2c_Hurink_rdata_50_workers.fjs,2,1001,12906.783378304606,12692.267007210841,0.983379563690954,1.6620436309045972,20744.14341044426,129600.64633750916,2669140,564144,2.113440867578943,2.143239953936312
non_rl_hpo_effect,competition_no_rl,hpo_no_rl,2c_Hurink_rdata_50_workers.fjs,3,1002,13300.292361788051,13338.55454377481,1.0028767925505673,-0.28767925505672753,18387.874901771545,129600.9459900856,2006550,3974436,2.1260058123062744,2.1219463162225276
non_rl_hpo_effect,competition_no_rl,hpo_no_rl,2c_Hurink_rdata_50_workers.fjs,4,1003,13217.18931496226,12918.926160278002,0.9774336927786444,2.2566307221355553,19239.13342809677,129600.78850579262,3077360,4074624,2.124608473711985,2.1209860712983093
non_rl_hpo_effect,competition_no_rl,hpo_no_rl,2c_Hurink_rdata_50_workers.fjs,5,1004,12880.112147426964,12738.38545290231,0.9889964704575211,1.1003529542478852,19105.370562314987,129600.0433344841,4710250,3243804,2.109764479513016,2.1079572154397335
non_rl_hpo_effect,competition_no_rl,hpo_no_rl,2c_Hurink_rdata_50_workers.fjs,6,1005,12993.973618142365,12511.261815190534,0.9628511018155476,3.714889818445244,18901.528138637543,129600.82386255264,4355000,2381760,2.1131848460143705,2.106627683985609
non_rl_hpo_effect,competition_no_rl,hpo_no_rl,2c_Hurink_rdata_50_workers.fjs,7,1006,13283.965231858272,12900.09167312437,0.9711024869431849,2.8897513056815094,18189.004784584045,129600.72384166718,3368380,2851512,2.1592921378183147,2.150373674466473
non_rl_hpo_effect,competition_no_rl,hpo_no_rl,2c_Hurink_rdata_50_workers.fjs,8,1007,13658.342119993706,13050.590209722925,0.9555032444690981,4.449675553090193,17929.00356221199,129600.47368526459,3741470,1798212,2.1022536740024176,2.1069729108367654
non_rl_hpo_effect,competition_no_rl,hpo_no_rl,2c_Hurink_rdata_50_workers.fjs,9,1008,13388.413438187743,13657.116098787761,1.0200697910802186,-2.0069791080218558,18931.46050429344,129600.28846979141,733900,4078608,2.101791748538107,2.120670201675118
non_rl_hpo_effect,competition_no_rl,hpo_no_rl,2c_Hurink_rdata_50_workers.fjs,10,1009,12703.251352375508,13208.357606230711,1.039761966432377,-3.976196643237695,20770.293228387833,129600.05403137207,3191330,4031748,2.109824174119832,2.1143521060077974
non_rl_hpo_effect,competition_no_rl,hpo_no_rl,2d_Hurink_vdata_18_workers.fjs,1,1000,2414.573316338396,2338.1416932836446,0.9683457021008345,3.1654297899165518,64971.179871320724,129600.84610915184,158160,341400,2.1236352826195217,2.125583357530586
non_rl_hpo_effect,competition_no_rl,hpo_no_rl,2d_Hurink_vdata_18_workers.fjs,2,1001,2511.1698596378938,2398.1245101448685,0.9549829936596459,4.50170063403541,55697.631687402725,129601.02863502502,316680,793956,2.1299150633061017,2.1184845495979405
non_rl_hpo_effect,competition_no_rl,hpo_no_rl,2d_Hurink_vdata_18_workers.fjs,3,1002,2474.8544687875574,2426.982809905376,0.9806567782122422,1.9343221787757825,61706.27452635765,129601.00853419304,4781290,4890900,2.139027198606359,2.123344540599629
non_rl_hpo_effect,competition_no_rl,hpo_no_rl,2d_Hurink_vdata_18_workers.fjs,4,1003,2376.562079780335,2413.8427913924934,1.0156868242278798,-1.5686824227879814,48761.195684194565,129601.07142472267,330270,1318584,2.1507349138283574,2.128609163485444
non_rl_hpo_effect,competition_no_rl,hpo_no_rl,2d_Hurink_vdata_18_workers.fjs,5,1004,2524.7143106741105,2388.3747675481204,0.9459980313219729,5.400196867802709,50117.65680837631,129601.08990812302,764530,3262788,2.1198272969555925,2.124888583227865
non_rl_hpo_effect,competition_no_rl,hpo_no_rl,2d_Hurink_vdata_18_workers.fjs,6,1005,2430.854577535035,2321.320121340583,0.9549399387331826,4.506006126681738,55193.5052857399,129601.06641149521,4758420,2380068,2.11011682077694,2.1179928114421376
non_rl_hpo_effect,competition_no_rl,hpo_no_rl,2d_Hurink_vdata_18_workers.fjs,7,1006,2566.820540734808,2422.2198753660887,0.943665455736409,5.633454426359097,63817.60633850098,129600.45471763611,857180,4651008,2.121339289863478,2.1530843336587453
non_rl_hpo_effect,competition_no_rl,hpo_no_rl,2d_Hurink_vdata_18_workers.fjs,8,1007,2504.4184827813274,2506.820528760854,1.0009591232439952,-0.09591232439951636,47227.67109179497,129600.72908854485,114690,3022128,2.111651334554239,2.1190367952331814
non_rl_hpo_effect,competition_no_rl,hpo_no_rl,2d_Hurink_vdata_18_workers.fjs,9,1008,2593.796409420078,2364.580259039567,0.9116290894890401,8.83709105109599,64452.0824174881,129600.99162721634,2186040,3040308,2.131303541018963,2.122603464128875
non_rl_hpo_effect,competition_no_rl,hpo_no_rl,2d_Hurink_vdata_18_workers.fjs,10,1009,2464.3755282163997,2508.9728986322853,1.0180968240859636,-1.809682408596358,48970.19855380058,129600.54223537445,284890,3040908,2.11716110671512,2.1244478396547715
non_rl_hpo_effect,competition_no_rl,hpo_no_rl,2d_Hurink_vdata_30_workers.fjs,1,1000,2839.1016440619514,2732.557182844331,0.9624724738402864,3.7527526159713553,108810.8312637806,129600.51445746422,1237520,2729184,2.144336589170658,2.129818536901271
non_rl_hpo_effect,competition_no_rl,hpo_no_rl,2d_Hurink_vdata_30_workers.fjs,2,1001,2884.7063572931856,2742.137451896344,0.9505776714373734,4.942232856262663,109949.93730521202,129601.34713935852,340640,2929680,2.1273645702752106,2.143969860747728
non_rl_hpo_effect,competition_no_rl,hpo_no_rl,2d_Hurink_vdata_30_workers.fjs,3,1002,2903.586194706495,2684.529845169289,0.9245566224496569,7.544337755034314,109903.12401843071,129600.45693564415,265210,2380824,2.1194059815375876,2.139067605712581
non_rl_hpo_effect,competition_no_rl,hpo_no_rl,2d_Hurink_vdata_30_workers.fjs,4,1003,3058.1303071159077,2771.070312339143,0.9061321899499148,9.386781005008515,115363.35440921783,129601.01465272903,704960,1783488,2.1340755806810243,2.125053920505478
non_rl_hpo_effect,competition_no_rl,hpo_no_rl,2d_Hurink_vdata_30_workers.fjs,5,1004,2819.571489703667,2793.972021574068,0.9909207948005286,0.9079205199471363,110351.03686189651,129601.0744907856,1848360,502740,2.1104577018740023,2.13117621782919
non_rl_hpo_effect,competition_no_rl,hpo_no_rl,2d_Hurink_vdata_30_workers.fjs,6,1005,2815.774176967616,2818.078300317955,1.0008182912426664,-0.08182912426664135,111963.4905576706,129600.31451869011,208660,724632,2.1299350809134765,2.115674399638104
non_rl_hpo_effect,competition_no_rl,hpo_no_rl,2d_Hurink_vdata_30_workers.fjs,7,1006,3148.468903223242,2988.110388294515,0.9490677787020352,5.093222129796482,112417.87674760818,129601.05265641212,4899720,1084188,2.1638961534180354,2.159039297900661
non_rl_hpo_effect,competition_no_rl,hpo_no_rl,2d_Hurink_vdata_30_workers.fjs,8,1007,3013.7527015465926,2767.8961799327503,0.918421799675974,8.157820032402597,115223.48006439209,129600.85506439209,590290,3143448,2.123856731181531,2.1373715675156375
non_rl_hpo_effect,competition_no_rl,hpo_no_rl,2d_Hurink_vdata_30_workers.fjs,9,1008,2974.2058331922876,2850.052229278548,0.9582565528827296,4.1743447117270405,111087.80207467079,129601.25429177284,997220,771900,2.1381781690814434,2.146123666625413
non_rl_hpo_effect,competition_no_rl,hpo_no_rl,2d_Hurink_vdata_30_workers.fjs,10,1009,2944.6104647205834,2785.4872152956955,0.9459611886423194,5.403881135768063,111527.5155377388,129601.23010730743,965900,210444,2.136872615907535,2.145983987130736
non_rl_hpo_effect,competition_no_rl,hpo_no_rl,2d_Hurink_vdata_5_workers.fjs,1,1000,1172.6477680605456,1116.9565051890293,0.9525081065360107,4.74918934639893,17778.139241218567,129600.74390077591,3847700,3941856,2.1205203762396847,2.1114489701115864
non_rl_hpo_effect,competition_no_rl,hpo_no_rl,2d_Hurink_vdata_5_workers.fjs,2,1001,1140.976921854118,1147.630071744342,1.0058310994401294,-0.5831099440129384,18941.776232481003,129600.57132339478,4586570,3307260,2.132667143652557,2.1331413972943163
non_rl_hpo_effect,competition_no_rl,hpo_no_rl,2d_Hurink_vdata_5_workers.fjs,3,1002,1272.0526273511573,1158.0363732113174,0.9103682884746206,8.96317115253794,17558.92682147026,129600.0476667881,3726590,4246740,2.137903575380096,2.1326636707390745
non_rl_hpo_effect,competition_no_rl,hpo_no_rl,2d_Hurink_vdata_5_workers.fjs,4,1003,1161.2281933736133,1220.9152247718273,1.0513999158294725,-5.139991582947245,19167.8156542778,129600.38531804085,4194410,887292,2.142487441648733,2.1123100774599086
non_rl_hpo_effect,competition_no_rl,hpo_no_rl,2d_Hurink_vdata_5_workers.fjs,5,1004,1165.1836278549235,1156.1231625250343,0.9922240021973452,0.777599780265481,19491.7384121418,129600.81000971794,1858620,1203408,2.118515687008952,2.1135706810329697
non_rl_hpo_effect,competition_no_rl,hpo_no_rl,2d_Hurink_vdata_5_workers.fjs,6,1005,1154.9659641868593,1151.7444610538391,0.997210737603607,0.27892623963929886,17529.427649974823,129600.61278438568,4127180,1368048,2.1230991988729033,2.1017234690763487
non_rl_hpo_effect,competition_no_rl,hpo_no_rl,2d_Hurink_vdata_5_workers.fjs,7,1006,1218.8358616295163,1188.6187154552015,0.9752081907617026,2.479180923829738,18875.945766448975,129600.03239631653,4051620,4103388,2.168747084750029,2.1455211470310496
non_rl_hpo_effect,competition_no_rl,hpo_no_rl,2d_Hurink_vdata_5_workers.fjs,8,1007,1218.3581891043737,1188.5710301952554,0.9755513943473265,2.4448605652673483,17488.411953926086,129600.98840808868,4390220,2352660,2.100617567421334,2.118664937959457
non_rl_hpo_effect,competition_no_rl,hpo_no_rl,2d_Hurink_vdata_5_workers.fjs,9,1008,1228.001043333404,1216.0186996365592,0.9902423994166009,0.975760058339914,18018.984717607498,129600.05128312111,4744690,982860,2.1099674284079106,2.1333661397132615
non_rl_hpo_effect,competition_no_rl,hpo_no_rl,2d_Hurink_vdata_5_workers.fjs,10,1009,1149.7929148429384,1143.5296569027626,0.9945527078317129,0.5447292168287099,17847.985612630844,129600.81614923477,4553310,2622648,2.141141368422604,2.137438611033201
non_rl_hpo_effect,competition_no_rl,hpo_no_rl,3_DPpaulli_15_workers.fjs,1,1000,6252.611363699783,6315.666684812021,1.010084637832812,-1.0084637832812104,129601.59031939507,129600.23793315887,587870,1014348,2.1245706298674087,2.12219982688576
non_rl_hpo_effect,competition_no_rl,hpo_no_rl,3_DPpaulli_15_workers.fjs,2,1001,6202.934666896343,5883.734606612168,0.9485404768185496,5.145952318145042,129601.51140737534,129602.37042045593,300930,834756,2.123565445702274,2.123325372288765
non_rl_hpo_effect,competition_no_rl,hpo_no_rl,3_DPpaulli_15_workers.fjs,3,1002,6521.166460486822,6099.518831073542,0.935341685882712,6.465831411728795,129600.83326458931,129601.03500938416,687370,860220,2.11863757650644,2.128976904388671
non_rl_hpo_effect,competition_no_rl,hpo_no_rl,3_DPpaulli_15_workers.fjs,4,1003,7112.429218393266,6182.08546702515,0.8691946558902578,13.08053441097422,129600.92567563057,129601.27291154861,236530,646476,2.1205811623116473,2.1222401191298146
non_rl_hpo_effect,competition_no_rl,hpo_no_rl,3_DPpaulli_15_workers.fjs,5,1004,6373.29600270243,6092.4564798826295,0.955934963212015,4.406503678798501,129600.09739279747,129600.58405065536,477380,617028,2.1173740872765547,2.1198526373982705
non_rl_hpo_effect,competition_no_rl,hpo_no_rl,3_DPpaulli_15_workers.fjs,6,1005,6067.017077888047,6092.350403988561,1.0041755818016145,-0.4175581801614481,129601.26023578644,129601.9504828453,309030,678780,2.116155241677031,2.1190784013873256
non_rl_hpo_effect,competition_no_rl,hpo_no_rl,3_DPpaulli_15_workers.fjs,7,1006,6814.585051407517,6400.6032540693695,0.9392506228603542,6.074937713964578,129601.38983798027,129601.21746850014,330080,510612,2.1355641026034213,2.141386167303235
non_rl_hpo_effect,competition_no_rl,hpo_no_rl,3_DPpaulli_15_workers.fjs,8,1007,6385.255268010076,6284.071010815473,0.9841534515148465,1.5846548485153544,129600.01457071304,129600.26473021507,368800,375744,2.1150232752600453,2.121563474279363
non_rl_hpo_effect,competition_no_rl,hpo_no_rl,3_DPpaulli_15_workers.fjs,9,1008,6475.223438055276,6073.745922625932,0.937997890069733,6.2002109930267,129600.98661780357,129603.25242447853,307480,522168,2.12302407805091,2.1281520401632554
non_rl_hpo_effect,competition_no_rl,hpo_no_rl,3_DPpaulli_15_workers.fjs,10,1009,6616.653505107142,6407.139148933583,0.9683352988014495,3.166470119855047,129601.1290614605,129602.73492741585,204270,381012,2.130281231521939,2.125087611586595
non_rl_hpo_effect,competition_no_rl,hpo_no_rl,3_DPpaulli_18_workers.fjs,1,1000,6407.5124544980945,5674.23442695636,0.8855596406953574,11.444035930464258,129600.77716088295,129600.15075421333,456030,528984,2.120990550975867,2.130767715717747
non_rl_hpo_effect,competition_no_rl,hpo_no_rl,3_DPpaulli_18_workers.fjs,2,1001,6518.034271709214,6321.531196603717,0.9698524022866224,3.0147597713377605,129600.69263863564,129600.08222723007,510330,1333032,2.131469676817925,2.124170428966303
non_rl_hpo_effect,competition_no_rl,hpo_no_rl,3_DPpaulli_18_workers.fjs,3,1002,6131.456308472663,5767.290441404716,0.9406069539197841,5.939304608021589,129600.63174057007,129602.22994565964,1079120,856644,2.1208773118203608,2.1360334968165615
non_rl_hpo_effect,competition_no_rl,hpo_no_rl,3_DPpaulli_18_workers.fjs,4,1003,6434.594096860161,6151.828075738808,0.9560553444607591,4.394465553924087,129600.95664572716,129601.90612125397,271970,242784,2.12222760450533,2.127188131306642
non_rl_hpo_effect,competition_no_rl,hpo_no_rl,3_DPpaulli_18_workers.fjs,5,1004,6462.7828763320485,5715.420790688579,0.88435909113078,11.564090886921996,129600.51596021652,129600.96314120293,685890,751212,2.1168630449826558,2.121537041829465
non_rl_hpo_effect,competition_no_rl,hpo_no_rl,3_DPpaulli_18_workers.fjs,6,1005,6090.129513544605,6382.243955664187,1.0479652265965627,-4.796522659656266,129601.13091778755,129601.53480195999,1121330,223848,2.1212572321646133,2.1203468291243146
non_rl_hpo_effect,competition_no_rl,hpo_no_rl,3_DPpaulli_18_workers.fjs,7,1006,6980.391579987303,6447.849520045399,0.9237088558944607,7.629114410553928,129600.18048763275,129602.27617907524,177070,412992,2.142538852052579,2.1350495099488076
non_rl_hpo_effect,competition_no_rl,hpo_no_rl,3_DPpaulli_18_workers.fjs,8,1007,7003.552774484808,6047.251056481883,0.8634547709147131,13.654522908528687,129600.96263742447,129601.67050743103,746050,1249584,2.1158769711434466,2.1173848236981385
non_rl_hpo_effect,competition_no_rl,hpo_no_rl,3_DPpaulli_18_workers.fjs,9,1008,6872.14161931933,6131.510691265716,0.8922270568505875,10.777294314941255,129600.0640411377,129603.96430253983,787840,1074720,2.1249664871117284,2.134184020628512
non_rl_hpo_effect,competition_no_rl,hpo_no_rl,3_DPpaulli_18_workers.fjs,10,1009,6622.242903111055,6203.578110276858,0.9367790038874121,6.322099611258791,129600.41980409622,129603.18802261353,512920,849900,2.1252384156325594,2.127427335485891
non_rl_hpo_effect,competition_no_rl,hpo_no_rl,3_DPpaulli_1_workers.fjs,1,1000,6201.538801186602,6226.4107627079375,1.004010611288375,-0.4010611288375099,129600.71041417122,129601.27248978615,230420,327888,2.118011885651162,2.1085034753497927
non_rl_hpo_effect,competition_no_rl,hpo_no_rl,3_DPpaulli_1_workers.fjs,2,1001,6848.376390568565,5842.189637240436,0.8530765986060832,14.69234013939168,129600.29332852364,129601.3736937046,3146220,2579868,2.109139633682958,2.11750258689396
non_rl_hpo_effect,competition_no_rl,hpo_no_rl,3_DPpaulli_1_workers.fjs,3,1002,6655.51946612972,6041.96310266121,0.9078124004308108,9.21875995691892,129600.80044984818,129600.45227694511,202460,3651432,2.1061770462435825,2.1103608461967203
non_rl_hpo_effect,competition_no_rl,hpo_no_rl,3_DPpaulli_1_workers.fjs,4,1003,6353.628276319298,6198.92877201739,0.9756517854721701,2.434821452782987,129600.70004940033,129600.5401031971,258230,1467000,2.1136487945173976,2.1135113440222946
non_rl_hpo_effect,competition_no_rl,hpo_no_rl,3_DPpaulli_1_workers.fjs,5,1004,6372.808722989159,6009.535886794876,0.9429964318740937,5.700356812590634,129601.8789293766,129601.92880654335,2916630,2204592,2.101849842674525,2.1019712790468263
non_rl_hpo_effect,competition_no_rl,hpo_no_rl,3_DPpaulli_1_workers.fjs,6,1005,6452.111604968358,6564.407026966815,1.0174044450675628,-1.740444506756278,129601.89869737625,129601.99689221382,2749130,1498416,2.1023498224074153,2.1066774797711214
non_rl_hpo_effect,competition_no_rl,hpo_no_rl,3_DPpaulli_1_workers.fjs,7,1006,6323.896403676174,6318.288705718855,0.9991132527164648,0.08867472835352164,129600.14214086533,129601.65049290657,257630,2025312,2.1242513952556847,2.1295209658641236
non_rl_hpo_effect,competition_no_rl,hpo_no_rl,3_DPpaulli_1_workers.fjs,8,1007,6530.664002434722,6342.5193125405185,0.9711905726854022,2.880942731459779,129601.11798357964,129600.18881869316,154080,262296,2.100567385794378,2.102260295837096
non_rl_hpo_effect,competition_no_rl,hpo_no_rl,3_DPpaulli_1_workers.fjs,9,1008,6253.090546081012,5963.943542361118,0.9537593448249185,4.624065517508146,129600.00602078438,129600.46105623245,2855850,374736,2.1082570957791678,2.1163745714553293
non_rl_hpo_effect,competition_no_rl,hpo_no_rl,3_DPpaulli_1_workers.fjs,10,1009,6475.82508757632,6214.35298266549,0.9596233527967801,4.037664720321987,129600.23231267929,129600.7174642086,1914540,994044,2.1135199371985376,2.1058464868402202
non_rl_hpo_effect,competition_no_rl,hpo_no_rl,3_DPpaulli_9_workers.fjs,1,1000,6145.651926502202,5452.167505413335,0.8871585261608587,11.284147383914133,129600.46100640297,129601.748452425,1629620,905424,2.1243179835818187,2.1231181874662517
non_rl_hpo_effect,competition_no_rl,hpo_no_rl,3_DPpaulli_9_workers.fjs,2,1001,5689.001529470076,5209.81415478112,0.9157695120652232,8.423048793477683,129601.39567184448,129601.5965476036,715650,2577204,2.1331089349344117,2.131675186080655
non_rl_hpo_effect,competition_no_rl,hpo_no_rl,3_DPpaulli_9_workers.fjs,3,1002,5686.110573518248,5707.530111476794,1.0037669928647366,-0.37669928647365847,129601.57392334938,129600.62103939056,2485560,288312,2.1288321128859033,2.126501531846794
non_rl_hpo_effect,competition_no_rl,hpo_no_rl,3_DPpaulli_9_workers.fjs,4,1003,6015.436728587933,5888.539312596222,0.978904704393508,2.1095295606492037,129601.37047767639,129602.50903010368,293360,312144,2.135405299463235,2.1265941901755947
non_rl_hpo_effect,competition_no_rl,hpo_no_rl,3_DPpaulli_9_workers.fjs,5,1004,5562.739167239689,5409.048128544977,0.9723713382788401,2.7628661721159853,129600.20166778564,129600.12894296646,1685170,2823756,2.117525377708294,2.1129094252128815
non_rl_hpo_effect,competition_no_rl,hpo_no_rl,3_DPpaulli_9_workers.fjs,6,1005,5681.466987847579,5518.147215209319,0.9712539432179059,2.8746056782094076,129600.07017707825,129602.58228588104,2482480,1772892,2.1160026025503087,2.116665598469244
non_rl_hpo_effect,competition_no_rl,hpo_no_rl,3_DPpaulli_9_workers.fjs,7,1006,6303.236691199653,5564.990003285024,0.8828781586220072,11.712184137799275,129602.04652643204,129602.29380655289,2089610,1297776,2.1323534138023184,2.150305256292513
non_rl_hpo_effect,competition_no_rl,hpo_no_rl,3_DPpaulli_9_workers.fjs,8,1007,5758.56357071256,5342.630598294458,0.9277714021368987,7.222859786310131,129600.3863825798,129600.0681488514,3180980,460008,2.121799399673014,2.121775456034336
non_rl_hpo_effect,competition_no_rl,hpo_no_rl,3_DPpaulli_9_workers.fjs,9,1008,5692.8071281982575,5803.007544919678,1.0193578342353395,-1.9357834235339544,129601.17623353004,129600.38820290565,335350,2621988,2.125768158401142,2.124087681156544
non_rl_hpo_effect,competition_no_rl,hpo_no_rl,3_DPpaulli_9_workers.fjs,10,1009,5557.348622737905,5234.5457375258375,0.9419142279663149,5.808577203368515,129600.32958698273,129601.9117205143,395670,725808,2.1374417779761172,2.1356775754899378
non_rl_hpo_effect,competition_no_rl,hpo_no_rl,4_ChambersBarnes_10_workers.fjs,1,1000,2337.535723331386,2264.193594792244,0.9686241678332012,3.1375832166798845,63894.57647776604,129601.00970482826,892140,4299132,2.1192526956766873,2.1320090346442973
non_rl_hpo_effect,competition_no_rl,hpo_no_rl,4_ChambersBarnes_10_workers.fjs,2,1001,2237.8615616824763,2395.2262910285613,1.0703192422804628,-7.031924228046282,65008.7291200161,129600.88217043877,286540,103356,2.135364085574882,2.1177951291145547
non_rl_hpo_effect,competition_no_rl,hpo_no_rl,4_ChambersBarnes_10_workers.fjs,3,1002,2301.720315145663,2223.9476987038074,0.9662110917950804,3.3788908204919643,68486.53136324883,129601.70232820511,4443720,472920,2.127283100873995,2.1363570592735903
non_rl_hpo_effect,competition_no_rl,hpo_no_rl,4_ChambersBarnes_10_workers.fjs,4,1003,2195.7306066139763,2366.9383972365154,1.077973040092818,-7.7973040092818025,63991.94753432274,129601.53652691841,3887290,3059688,2.1235305673249285,2.1247202847724553
non_rl_hpo_effect,competition_no_rl,hpo_no_rl,4_ChambersBarnes_10_workers.fjs,5,1004,2042.8155554510897,2216.476881299184,1.0850107712292931,-8.501077122929313,63259.71593999863,129601.37880587578,4210860,695976,2.1279328702615516,2.11900275458813
non_rl_hpo_effect,competition_no_rl,hpo_no_rl,4_ChambersBarnes_10_workers.fjs,6,1005,2301.059853015124,2289.038449122597,0.9947757100378004,0.5224289962199591,65189.41157960892,129600.82997870445,653700,2064852,2.128640012039893,2.1058311399471914
non_rl_hpo_effect,competition_no_rl,hpo_no_rl,4_ChambersBarnes_10_workers.fjs,7,1006,2332.3797927563196,2218.5192570684558,0.9511826778634076,4.88173221365924,61409.78604364395,129601.2759757042,231050,2057520,2.124207461526703,2.1331915933350536
non_rl_hpo_effect,competition_no_rl,hpo_no_rl,4_ChambersBarnes_10_workers.fjs,8,1007,2267.7331443155153,2238.3899604355584,0.9870605657665185,1.293943423348154,65961.6166985035,129601.06395792961,1913990,1177104,2.1273294036730914,2.123709639881934
non_rl_hpo_effect,competition_no_rl,hpo_no_rl,4_ChambersBarnes_10_workers.fjs,9,1008,2386.9751673083747,2463.0061901716927,1.0318524565754292,-3.1852456575429233,72009.65190553665,129601.38228368759,4864570,2802660,2.1179903880287263,2.1398837447191075
non_rl_hpo_effect,competition_no_rl,hpo_no_rl,4_ChambersBarnes_10_workers.fjs,10,1009,2296.300773404453,2161.903694157994,0.9414723537948364,5.85276462051636,63503.184524059296,129600.33429193497,3255760,1411680,2.1262044198189383,2.1341596191095693
non_rl_hpo_effect,competition_no_rl,hpo_no_rl,5_Kacem_3_workers.fjs,1,1000,18.99599928603982,14.893994090917536,0.784059520462456,21.5940479537544,12239.67696261406,129600.42467594147,661070,4657944,2.1106665873377577,2.127713441559648
non_rl_hpo_effect,competition_no_rl,hpo_no_rl,5_Kacem_3_workers.fjs,2,1001,16.527182891164884,18.88933823122548,1.1429254674324054,-14.292546743240543,12063.726463317871,129600.41030406952,4555010,4641180,2.0658978613956105,2.0988153590250533
non_rl_hpo_effect,competition_no_rl,hpo_no_rl,5_Kacem_3_workers.fjs,3,1002,16.55493916013881,16.862099479125106,1.0185539986595589,-1.8553998659558868,12139.024596452713,129600.52081346512,4315340,3014292,2.0693673950173515,2.1077624348906383
non_rl_hpo_effect,competition_no_rl,hpo_no_rl,5_Kacem_3_workers.fjs,4,1003,16.698481276681985,19.265141975559516,1.1537062356959165,-15.370623569591647,12060.045197248459,129600.67458343506,2360200,742320,2.087310159585248,2.140571330617724
non_rl_hpo_effect,competition_no_rl,hpo_no_rl,5_Kacem_3_workers.fjs,5,1004,16.833654307522295,14.833185970288799,0.8811625627633588,11.88374372366412,11982.426431417465,129600.10574603081,2910870,1010568,2.104206788440287,2.119026567184114
non_rl_hpo_effect,competition_no_rl,hpo_no_rl,5_Kacem_3_workers.fjs,6,1005,16.838073589473066,16.858784408129377,1.0012299992957188,-0.12299992957187644,12070.809917926788,129600.4271683693,2363360,4225956,2.104759198684133,2.107348051016172
non_rl_hpo_effect,competition_no_rl,hpo_no_rl,5_Kacem_3_workers.fjs,7,1006,17.061073863432043,15.667413653214808,0.9183134531054141,8.168654689458588,12020.689793348312,129600.7281756401,3793410,4948776,2.1326342329290053,2.2382019504592585
non_rl_hpo_effect,competition_no_rl,hpo_no_rl,5_Kacem_3_workers.fjs,8,1007,17.064740763691333,16.891333052317638,0.9898382451995605,1.016175480043946,12097.57264661789,129600.6243057251,921110,3343032,2.1330925954614166,2.1114166315397047
non_rl_hpo_effect,competition_no_rl,hpo_no_rl,5_Kacem_3_workers.fjs,9,1008,15.293996160379747,17.10370464004705,1.118328032823461,-11.832803282346106,12077.375705480576,129600.069596529,3593390,4055004,2.184856594339964,2.137963080005881
non_rl_hpo_effect,competition_no_rl,hpo_no_rl,5_Kacem_3_workers.fjs,10,1009,16.84879875814871,15.272979404730174,0.9064728960183935,9.352710398160646,12077.729210138321,129600.56055760384,4982620,4892496,2.106099844768589,2.181854200675739
non_rl_hpo_effect,competition_no_rl,hpo_no_rl,5_Kacem_4_workers.fjs,1,1000,32.682927280332166,32.62000314117165,0.9980747092015108,0.1925290798489243,18940.953230142593,129600.85494828224,3675750,2364660,2.178861818688811,2.1746668760781103
non_rl_hpo_effect,competition_no_rl,hpo_no_rl,5_Kacem_4_workers.fjs,2,1001,28.222549504088672,34.54800435228695,1.2241276907772594,-22.412769077725937,19160.56962108612,129600.03968501091,4494400,2883888,2.1709653464683596,2.1592502720179345
non_rl_hpo_effect,competition_no_rl,hpo_no_rl,5_Kacem_4_workers.fjs,3,1002,30.758696910434935,30.584111679300836,0.994324036819815,0.567596318018504,19341.96282362938,129600.41370368004,4762270,4884036,2.197049779316781,2.1845794056643455
non_rl_hpo_effect,competition_no_rl,hpo_no_rl,5_Kacem_4_workers.fjs,4,1003,30.585182076605413,32.31666674160163,1.0566118802451279,-5.661188024512787,21010.562972784042,129600.53338336945,4736220,4283724,2.1846558626146724,2.1544444494401085
non_rl_hpo_effect,competition_no_rl,hpo_no_rl,5_Kacem_4_workers.fjs,5,1004,30.827119421037082,27.64752298825861,0.8968571669200903,10.314283307990967,19177.245486736298,129600.12203359604,2031140,4486632,2.2019371015026485,2.126732537558355
non_rl_hpo_effect,competition_no_rl,hpo_no_rl,5_Kacem_4_workers.fjs,6,1005,30.25482780129297,37.32043926843459,1.233536661108997,-23.353666110899706,18804.106725215912,129600.06973552704,2323410,4747044,2.1610591286637835,2.1953199569667405
non_rl_hpo_effect,competition_no_rl,hpo_no_rl,5_Kacem_4_workers.fjs,7,1006,34.47218944833628,32.40552390767589,0.94004832377248,5.995167622751996,20076.975618124008,129600.2659676075,4886030,2171172,2.1545118405210175,2.160368260511726
non_rl_hpo_effect,competition_no_rl,hpo_no_rl,5_Kacem_4_workers.fjs,8,1007,30.222424552982993,29.979169939299528,0.9919511879909895,0.8048812009010531,18908.97502017021,129600.2959291935,4860180,4904268,2.1587446109273567,2.141369281378538
non_rl_hpo_effect,competition_no_rl,hpo_no_rl,5_Kacem_4_workers.fjs,9,1008,31.83784256229276,32.412958948287205,1.0180639245535936,-1.8063924553593624,20828.142822265625,129600.23063850403,1438400,4687128,2.122522837486184,2.1608639298858137
non_rl_hpo_effect,competition_no_rl,hpo_no_rl,5_Kacem_4_workers.fjs,10,1009,32.88789739433571,29.631765645105688,0.9009930093679134,9.900699063208663,19322.86292028427,129600.80053424835,2769740,3387864,2.192526492955714,2.1165546889361204
non_rl_hpo_effect,competition_no_rl,hpo_no_rl,6_Fattahi_14_workers.fjs,1,1000,1222.3043302293215,1276.7222502972893,1.0445207619102177,-4.45207619102177,10082.605886220932,129600.2794110775,4545930,963012,2.1074212590160717,2.1172839971762674
non_rl_hpo_effect,competition_no_rl,hpo_no_rl,6_Fattahi_14_workers.fjs,2,1001,1190.087229497309,1201.2763932415203,1.0094019694244913,-0.9401969424491341,10034.453359603882,129600.80251383781,2345890,1694244,2.106349078756299,2.137502479077438
non_rl_hpo_effect,competition_no_rl,hpo_no_rl,6_Fattahi_14_workers.fjs,3,1002,1284.6019284756985,1230.143385561748,0.9576066782193213,4.239332178067867,10034.036124229431,129600.58794140816,4589960,2350164,2.1198051625011525,2.106409906783815
non_rl_hpo_effect,competition_no_rl,hpo_no_rl,6_Fattahi_14_workers.fjs,4,1003,1198.3651145554186,1213.7789759664672,1.012862408312651,-1.2862408312650953,10050.868281841278,129600.69088983536,4842210,838836,2.1476077321781695,2.136934816842372
non_rl_hpo_effect,competition_no_rl,hpo_no_rl,6_Fattahi_14_workers.fjs,5,1004,1266.0281120417396,1182.4070965476344,0.9339501116138341,6.604988838616588,10172.538403272629,129600.42942166328,2936410,3987300,2.127778339565949,2.119009133597911
non_rl_hpo_effect,competition_no_rl,hpo_no_rl,6_Fattahi_14_workers.fjs,6,1005,1208.266061582171,1215.123106615531,1.0056751118411626,-0.567511184116265,10097.247552871704,129600.22383642197,1457000,911052,2.1086667741399143,2.0878403893737647
non_rl_hpo_effect,competition_no_rl,hpo_no_rl,6_Fattahi_14_workers.fjs,7,1006,1313.0034733525708,1218.0202348264754,0.9276595679647602,7.234043203523976,10035.77022075653,129600.64266371727,4921680,371616,2.1384421390107016,2.133135262393127
non_rl_hpo_effect,competition_no_rl,hpo_no_rl,6_Fattahi_14_workers.fjs,8,1007,1228.405810764075,1214.2193831324464,0.9884513509238412,1.1548649076158823,10062.954860687256,129600.651730299,4609820,280920,2.0998389927591026,2.0862875998839288
non_rl_hpo_effect,competition_no_rl,hpo_no_rl,6_Fattahi_14_workers.fjs,9,1008,1216.3118729363728,1177.0187264136503,0.967694842583537,3.2305157416463004,10081.703619003296,129600.23373317719,4772310,3214752,2.1681138555015558,2.1093525562968645
non_rl_hpo_effect,competition_no_rl,hpo_no_rl,6_Fattahi_14_workers.fjs,10,1009,1259.985012117914,1233.0644444454656,0.9786342159521425,2.1365784047857495,10061.942926168442,129600.34478831291,1206750,3300672,2.117621869105738,2.1594823895717434
non_rl_hpo_effect,competition_no_rl,hpo_no_rl,6_Fattahi_20_workers.fjs,1,1000,2827.444009921338,2900.689812109382,1.0259053059692884,-2.5905305969288417,16959.010805606842,129600.79532527924,4926350,4233900,2.121113285762444,2.1250474813988145
non_rl_hpo_effect,competition_no_rl,hpo_no_rl,6_Fattahi_20_workers.fjs,2,1001,2882.216248877939,2938.706883843348,1.019599721217102,-1.9599721217101962,17009.35125041008,129600.52270960808,4168120,4729404,2.1038074809328022,2.131041975230854
non_rl_hpo_effect,competition_no_rl,hpo_no_rl,6_Fattahi_20_workers.fjs,3,1002,2917.511969874489,2903.870044266489,0.9953241235172767,0.46758764827232735,17184.067345380783,129600.47948360443,3798740,1894008,2.1452293896135948,2.1196131709974373
non_rl_hpo_effect,competition_no_rl,hpo_no_rl,6_Fattahi_20_workers.fjs,4,1003,2764.9151041450764,2787.290596740038,1.0080926508598462,-0.8092650859846229,18275.62546491623,129600.7859389782,3761450,4133424,2.156720050035161,2.1277027456030826
non_rl_hpo_effect,competition_no_rl,hpo_no_rl,6_Fattahi_20_workers.fjs,5,1004,2687.6239851116466,2850.264440703819,1.0605145870453363,-6.05145870453363,17666.203986406326,129600.3659696579,2268310,2426448,2.1279683175864186,2.123893025859776
non_rl_hpo_effect,competition_no_rl,hpo_no_rl,6_Fattahi_20_workers.fjs,6,1005,2711.7201690742877,2851.3536635979076,1.0514925898756313,-5.149258987563132,17460.154178619385,129600.28710103035,4998110,4960764,2.1285087669342917,2.118390537591313
non_rl_hpo_effect,competition_no_rl,hpo_no_rl,6_Fattahi_20_workers.fjs,7,1006,2891.9232831473314,3018.625785855888,1.0438125393736808,-4.381253937368079,17031.786366701126,129600.22869801521,4455690,1133136,2.1248517877643875,2.1469600183896786
non_rl_hpo_effect,competition_no_rl,hpo_no_rl,6_Fattahi_20_workers.fjs,8,1007,2780.3883274353757,2759.405998069268,0.9924534536564317,0.7546546343568328,16229.655694961548,129600.41414237022,3784810,2953356,2.1111528682121303,2.1032057912113324
non_rl_hpo_effect,competition_no_rl,hpo_no_rl,6_Fattahi_20_workers.fjs,9,1008,3051.917101924744,2736.101217611612,0.896518852325983,10.348114767401695,17250.09663081169,129600.1745557785,4725500,4500636,2.098980125120182,2.1063134854592853
non_rl_hpo_effect,competition_no_rl,hpo_no_rl,6_Fattahi_20_workers.fjs,10,1009,2851.5086463306916,2837.5625261712007,0.9951092134413,0.4890786558700011,17393.408655405045,129600.07099413872,2321980,4367868,2.118505680780603,2.1383289571749815
rl_effect_on_competition,competition_no_rl,competition_with_rl,0_BehnkeGeiger_42_workers.fjs,1,1000,182.32603118169484,184.18815312898977,1.010213143648365,-1.0213143648365008,20357.449500083923,19989.770651102066,3554140,4007770,2.1200701300197076,2.1417227108022066
rl_effect_on_competition,competition_no_rl,competition_with_rl,0_BehnkeGeiger_42_workers.fjs,2,1001,192.20967476796582,183.96026385687435,0.957081187921211,4.2918812078789,19966.233690023422,19687.05961894989,3916640,4908600,2.135663052977398,2.0904575438281174
rl_effect_on_competition,competition_no_rl,competition_with_rl,0_BehnkeGeiger_42_workers.fjs,3,1002,204.96485423843953,186.2747214790573,0.9088129873346986,9.118701266530138,20203.64484834671,19853.186487674713,1970750,4475130,2.1130397344169025,2.116758198625651
rl_effect_on_competition,competition_no_rl,competition_with_rl,0_BehnkeGeiger_42_workers.fjs,4,1003,196.07566020251252,190.518675076943,0.9716589753168235,2.8341024683176452,20257.677788496017,19797.130836725235,4656070,4592790,2.154677584642995,2.1168741675215887
rl_effect_on_competition,competition_no_rl,competition_with_rl,0_BehnkeGeiger_42_workers.fjs,5,1004,189.42607700053188,194.62240018999796,1.0274319316101947,-2.743193161019475,20328.427050113678,20038.249888658524,4904730,3623810,2.1283828876464255,2.1154608716304124
rl_effect_on_competition,competition_no_rl,competition_with_rl,0_BehnkeGeiger_42_workers.fjs,6,1005,187.6711446628449,192.41427932130335,1.0252736491109466,-2.527364911094665,19999.575818538666,19716.06168961525,2124660,4425480,2.085234940698277,2.1144426299044325
rl_effect_on_competition,competition_no_rl,competition_with_rl,0_BehnkeGeiger_42_workers.fjs,7,1006,182.73321683039796,183.7406554290343,1.0055131662218335,-0.551316622183351,20576.705412387848,19945.060429811478,1480330,4239060,2.1248048468650924,2.1119615566555665
rl_effect_on_competition,competition_no_rl,competition_with_rl,0_BehnkeGeiger_42_workers.fjs,8,1007,189.98349558297272,202.59307882227742,1.0663719930018745,-6.637199300187446,20310.08421587944,19963.57267642021,3323650,3970550,2.110927728699697,2.1325587244450253
rl_effect_on_competition,competition_no_rl,competition_with_rl,0_BehnkeGeiger_42_workers.fjs,9,1008,180.9034876785695,183.33341351754177,1.0134321668982402,-1.3432166898240228,20053.41110086441,19767.6579310894,2005700,2570040,2.1282763256302295,2.131783878110951
rl_effect_on_competition,competition_no_rl,competition_with_rl,0_BehnkeGeiger_42_workers.fjs,10,1009,193.85237874907332,191.39187335358304,0.987307324205316,1.2692675794684027,20186.627692222595,19633.414397239685,3523340,3506620,2.1070910733594927,2.1032073994899236
rl_effect_on_competition,competition_no_rl,competition_with_rl,0_BehnkeGeiger_46_workers.fjs,1,1000,260.81704769676065,271.66525298805,1.0415931603669635,-4.159316036696348,36694.85664892197,37016.16334748268,4989790,4912020,2.1378446532521367,2.1223847889691405
rl_effect_on_competition,competition_no_rl,competition_with_rl,0_BehnkeGeiger_46_workers.fjs,2,1001,280.6325424526168,292.68695124843515,1.0429544225002119,-4.295442250021186,35078.63677120209,35837.49815869331,4978780,3197600,2.1100191161850885,2.136401104003176
rl_effect_on_competition,competition_no_rl,competition_with_rl,0_BehnkeGeiger_46_workers.fjs,3,1002,307.0732532231711,284.765672464032,0.9273542044935882,7.264579550641182,36585.94376420975,36586.03337717056,3269620,3198520,2.1324531473831327,2.141095281684451
rl_effect_on_competition,competition_no_rl,competition_with_rl,0_BehnkeGeiger_46_workers.fjs,4,1003,311.1444650505168,288.792224065562,0.9281612128908487,7.183878710915126,36208.09214782715,37197.76943445206,4205320,3695550,2.145823896900116,2.123472235776191
rl_effect_on_competition,competition_no_rl,competition_with_rl,0_BehnkeGeiger_46_workers.fjs,5,1004,288.5117629205803,318.0135622239057,1.1022551004668968,-10.225510046689678,36563.002455472946,36902.0718729496,4663510,4969770,2.121410021474855,2.134319209556414
rl_effect_on_competition,competition_no_rl,competition_with_rl,0_BehnkeGeiger_46_workers.fjs,6,1005,282.46775787837066,290.16622994809956,1.0272543391414033,-2.7254339141403294,36059.3068215847,35966.21493434906,3242300,3384160,2.139907256654323,2.149379481097034
rl_effect_on_competition,competition_no_rl,competition_with_rl,0_BehnkeGeiger_46_workers.fjs,7,1006,297.88913684058264,290.06290740458525,0.973727711191477,2.627228880852295,36441.76172208786,37307.46789908409,4631970,4198490,2.1277795488613047,2.1328154956219505
rl_effect_on_competition,competition_no_rl,competition_with_rl,0_BehnkeGeiger_46_workers.fjs,8,1007,285.8039762215631,298.5432862993408,1.044573592873676,-4.4573592873675905,36419.11933636665,35964.09438371658,4811780,4694520,2.1170664905300973,2.147793426613963
rl_effect_on_competition,competition_no_rl,competition_with_rl,0_BehnkeGeiger_46_workers.fjs,9,1008,299.1987537418759,283.81777561861384,0.9485927734293589,5.140722657064112,36014.08448982239,36629.811317920685,3553710,4891000,2.121976976892737,2.1180431016314465
rl_effect_on_competition,competition_no_rl,competition_with_rl,0_BehnkeGeiger_46_workers.fjs,10,1009,272.2452274879661,292.362893857644,1.0738953867265393,-7.389538672653928,36547.818692445755,36073.12488722801,4320950,4960320,2.1104281200617527,2.1497271607179704
rl_effect_on_competition,competition_no_rl,competition_with_rl,0_BehnkeGeiger_60_workers.fjs,1,1000,1788.944679322035,1656.4409943344542,0.9259319270633923,7.4068072936607665,129600.08340167999,129601.55102705956,238710,119580,2.104640799202394,2.1101159163496233
rl_effect_on_competition,competition_no_rl,competition_with_rl,0_BehnkeGeiger_60_workers.fjs,2,1001,1746.2581947190406,1878.7642692356926,1.0758800015469483,-7.5880001546948295,129600.61742901802,129601.64305996895,387950,79930,2.1115576719698192,2.1038793608462405
rl_effect_on_competition,competition_no_rl,competition_with_rl,0_BehnkeGeiger_60_workers.fjs,3,1002,1954.604978157716,1880.234435079232,0.9619511134425838,3.804888655741623,129600.8949046135,129600.058095932,258780,108300,2.1062553643940904,2.0984759320080717
rl_effect_on_competition,competition_no_rl,competition_with_rl,0_BehnkeGeiger_60_workers.fjs,4,1003,1940.2286687536455,1956.818900726818,1.0085506580952799,-0.8550658095279884,129601.1964995861,129601.09973788261,198040,176630,2.1066543634675847,2.1109157505143665
rl_effect_on_competition,competition_no_rl,competition_with_rl,0_BehnkeGeiger_60_workers.fjs,5,1004,1871.819220437706,1822.1685829249586,0.9734746619915907,2.6525338008409283,129600.05177545547,129600.30901122093,314710,215780,2.1055334313135052,2.108991415422406
rl_effect_on_competition,competition_no_rl,competition_with_rl,0_BehnkeGeiger_60_workers.fjs,6,1005,1886.421697060695,1920.8290582690413,1.0182394855095007,-1.823948550950072,129601.68784618378,129600.21035385132,189270,245140,2.114822530337102,2.1177828646847203
rl_effect_on_competition,competition_no_rl,competition_with_rl,0_BehnkeGeiger_60_workers.fjs,7,1006,1814.5030276781165,1778.1043546417534,0.9799401420217304,2.005985797826959,129600.81484079361,129601.36587405205,463620,331030,2.114805393564238,2.1142739056382323
rl_effect_on_competition,competition_no_rl,competition_with_rl,0_BehnkeGeiger_60_workers.fjs,8,1007,1955.3009324750785,2040.5205081975491,1.0435838669675246,-4.358386696752459,129600.79630637169,129601.18726849556,12910,252640,2.1024741209409448,2.1167225188771255
rl_effect_on_competition,competition_no_rl,competition_with_rl,0_BehnkeGeiger_60_workers.fjs,9,1008,1917.864006432271,1937.7955719958866,1.0103925854475435,-1.0392585447543512,129601.32161641121,129600.0771715641,179790,76610,2.107542864211287,2.1224486002145526
rl_effect_on_competition,competition_no_rl,competition_with_rl,0_BehnkeGeiger_60_workers.fjs,10,1009,1837.7501432796562,1933.3473609262019,1.0520186152596036,-5.201861525960361,129601.99488544464,129601.35470414162,315790,133100,2.102688951120888,2.096906031373321
rl_effect_on_competition,competition_no_rl,competition_with_rl,1_Brandimarte_12_workers.fjs,1,1000,1208.9983843196258,1259.5998166006611,1.0418540115001989,-4.185401150019885,109539.37889194489,108856.3841779232,1249080,612340,2.113633539020325,2.1063542083623097
rl_effect_on_competition,competition_no_rl,competition_with_rl,1_Brandimarte_12_workers.fjs,2,1001,1201.8936328177522,1252.7239837002364,1.042291887979568,-4.2291887979567955,110253.46946334839,110093.19370436668,3468920,238660,2.1160099169326623,2.1125193654304155
rl_effect_on_competition,competition_no_rl,competition_with_rl,1_Brandimarte_12_workers.fjs,3,1002,1218.5435485740002,1168.255957819549,0.9587313963351575,4.126860366484253,109526.9440305233,109582.91447067261,154280,3166790,2.108206831442907,2.1164057206875886
rl_effect_on_competition,competition_no_rl,competition_with_rl,1_Brandimarte_12_workers.fjs,4,1003,1164.0769537376348,1084.8689418623378,0.9319563782952882,6.804362170471179,108974.69512104988,108096.37285351753,515770,516790,2.120358749977477,2.1188846520748785
rl_effect_on_competition,competition_no_rl,competition_with_rl,1_Brandimarte_12_workers.fjs,5,1004,1119.1444957936749,1180.3062625842545,1.0546504647259198,-5.465046472591983,107636.62585520744,109318.24812102318,841710,4883860,2.107616752907109,2.1114602192920473
rl_effect_on_competition,competition_no_rl,competition_with_rl,1_Brandimarte_12_workers.fjs,6,1005,1087.246608072505,1098.8793169182306,1.0106992367319023,-1.0699236731902317,109755.54575800896,107592.13013505936,185510,847590,2.111158462276709,2.113229455611982
rl_effect_on_competition,competition_no_rl,competition_with_rl,1_Brandimarte_12_workers.fjs,7,1006,1198.610503525013,1136.9030154084537,0.948517480920547,5.1482519079453,106398.14004182816,108507.81640052795,4031840,1465610,2.1176864019876556,2.133026295325429
rl_effect_on_competition,competition_no_rl,competition_with_rl,1_Brandimarte_12_workers.fjs,8,1007,1117.7585464890092,1167.7199591416795,1.0446978578778074,-4.4697857877807445,107844.76237535477,109528.8194797039,658610,214040,2.112965116236312,2.111609329370126
rl_effect_on_competition,competition_no_rl,competition_with_rl,1_Brandimarte_12_workers.fjs,9,1008,1148.0312556718964,1179.282030545293,1.0272211882028481,-2.7221188202848134,108876.32895159721,114630.13650774956,274260,4428150,2.1142380399114113,2.1172029273703648
rl_effect_on_competition,competition_no_rl,competition_with_rl,1_Brandimarte_12_workers.fjs,10,1009,1133.7329559654333,1199.0327962085175,1.0575971968526556,-5.759719685265563,108493.9706530571,108694.34968948364,300620,196200,2.1151734253086443,2.1221819401920663
rl_effect_on_competition,competition_no_rl,competition_with_rl,1_Brandimarte_14_workers.fjs,1,1000,1416.1290876768676,1407.4639516129807,0.9938811114471903,0.6118888552809731,129601.09608864784,129601.1990647316,2237800,2279140,2.107334951900101,2.100692465094001
rl_effect_on_competition,competition_no_rl,competition_with_rl,1_Brandimarte_14_workers.fjs,2,1001,1467.4541509430112,1452.9911985432188,0.9901441878845085,0.9855812115491469,129601.37736773491,129600.10873389244,133230,667230,2.1175384573492226,2.111905811836074
rl_effect_on_competition,competition_no_rl,competition_with_rl,1_Brandimarte_14_workers.fjs,3,1002,1434.4502018210371,1439.093851060067,1.003237232797022,-0.3237232797022038,129600.7268652916,129600.76334738731,293870,1245280,2.1063879615580574,2.103938378742788
rl_effect_on_competition,competition_no_rl,competition_with_rl,1_Brandimarte_14_workers.fjs,4,1003,1516.0663762110094,1509.6077741442489,0.9957398949227395,0.426010507726049,129601.17758107185,129601.09552168846,236610,302340,2.1174111399595104,2.108390746011521
rl_effect_on_competition,competition_no_rl,competition_with_rl,1_Brandimarte_14_workers.fjs,5,1004,1510.0214859746966,1501.7580648142057,0.9945276135225606,0.5472386477439417,129600.07766103745,129600.54690384865,2313380,248090,2.1060271770916272,2.100360929810078
rl_effect_on_competition,competition_no_rl,competition_with_rl,1_Brandimarte_14_workers.fjs,6,1005,1729.6049913077538,1411.5567712009845,0.8161151120023693,18.38848879976307,129602.57582378387,129600.4770488739,2470250,971090,2.0990351836259147,2.1036613579746417
rl_effect_on_competition,competition_no_rl,competition_with_rl,1_Brandimarte_14_workers.fjs,7,1006,1490.9282140637342,1453.3329806161378,0.9747840083157825,2.521599168421751,129600.61751508713,129601.4307038784,453520,489690,2.1147917929982047,2.103231520428564
rl_effect_on_competition,competition_no_rl,competition_with_rl,1_Brandimarte_14_workers.fjs,8,1007,1569.1613963996588,1482.2615868419346,0.944620222140877,5.537977785912296,129600.75369644165,129600.86097884178,167500,592020,2.1034335072381487,2.1054852085822935
rl_effect_on_competition,competition_no_rl,competition_with_rl,1_Brandimarte_14_workers.fjs,9,1008,1493.7490008553964,1585.5173516407935,1.0614349202796762,-6.143492027967623,129601.54570269585,129600.36005139351,609310,373980,2.1098149729595996,2.114023135521058
rl_effect_on_competition,competition_no_rl,competition_with_rl,1_Brandimarte_14_workers.fjs,10,1009,1458.6020307609622,1503.8655679414037,1.031032136405862,-3.103213640586211,129600.04201340675,129600.78606629372,478610,3759950,2.110856773894301,2.1241039095217564
rl_effect_on_competition,competition_no_rl,competition_with_rl,1_Brandimarte_7_workers.fjs,1,1000,375.4228054883477,379.7669315048679,1.0115712896313516,-1.1571289631351567,62632.71482586861,63933.22039318085,178180,3805040,2.133084122092885,2.121602969300938
rl_effect_on_competition,competition_no_rl,competition_with_rl,1_Brandimarte_7_workers.fjs,2,1001,392.8519268272734,383.30149475241456,0.9756894864892494,2.431051351075064,63679.25330734253,63495.76078081131,4740530,4709440,2.112107133479965,2.1060521689693106
rl_effect_on_competition,competition_no_rl,competition_with_rl,1_Brandimarte_7_workers.fjs,3,1002,387.3510724386065,379.5631547987216,0.9798944208651462,2.010557913485378,66870.95180606842,63899.35172080994,3092820,290700,2.1166725269869207,2.1204645519481655
rl_effect_on_competition,competition_no_rl,competition_with_rl,1_Brandimarte_7_workers.fjs,4,1003,368.2743015551689,377.68412299116403,1.0255511215315833,-2.5551121531583343,66198.73432254791,64858.818205833435,188450,681660,2.128753188180167,2.1338086044698534
rl_effect_on_competition,competition_no_rl,competition_with_rl,1_Brandimarte_7_workers.fjs,5,1004,360.9552592585577,402.2519364728459,1.1144094071357102,-11.440940713571024,64565.86541366577,63808.47233128548,4307840,140700,2.110849469348291,2.1171154551202416
rl_effect_on_competition,competition_no_rl,competition_with_rl,1_Brandimarte_7_workers.fjs,6,1005,390.5126003748752,372.2597060941057,0.9532591412844361,4.674085871556388,67503.42838740349,64434.542108774185,88920,2662160,2.0995301095423398,2.103162181322631
rl_effect_on_competition,competition_no_rl,competition_with_rl,1_Brandimarte_7_workers.fjs,7,1006,403.5235300588432,413.5385376265207,1.0248188936249072,-2.481889362490719,66673.8547873497,64302.71389961243,190280,1904860,2.12380805294128,2.142686723453475
rl_effect_on_competition,competition_no_rl,competition_with_rl,1_Brandimarte_7_workers.fjs,8,1007,373.9563656154328,365.97321332991413,0.9786521823946478,2.1347817605352204,66145.38582134247,57871.89762878418,4131920,547900,2.1127478283357783,2.115452100172914
rl_effect_on_competition,competition_no_rl,competition_with_rl,1_Brandimarte_7_workers.fjs,9,1008,355.38660922835857,382.53586973417873,1.0763935944710146,-7.639359447101457,61013.641537189484,47516.61226248741,4314900,3333780,2.1280635283135245,2.1134578438352416
rl_effect_on_competition,competition_no_rl,competition_with_rl,1_Brandimarte_7_workers.fjs,10,1009,391.67077223096055,364.9840443511113,0.9318643877156282,6.813561228437182,59254.117978811264,63574.65242481232,4540410,4050520,2.1171393093565434,2.1220002578552983
rl_effect_on_competition,competition_no_rl,competition_with_rl,2a_Hurink_sdata_18_workers.fjs,1,1000,2729.867370918839,2713.4509860142475,0.9939863800419484,0.6013619958051608,60172.8321185112,51420.10982990265,4333940,4837360,2.1129004418876463,2.1132795841232457
rl_effect_on_competition,competition_no_rl,competition_with_rl,2a_Hurink_sdata_18_workers.fjs,2,1001,2795.0972701007786,2663.40555097808,0.9528847455394817,4.711525446051834,50528.27542376518,52144.98797416687,193280,1963560,2.106328010626058,2.1121376296416177
rl_effect_on_competition,competition_no_rl,competition_with_rl,2a_Hurink_sdata_18_workers.fjs,3,1002,2687.4399015301774,2936.7245693825025,1.0927591600133597,-9.275916001335972,61101.958560466766,62493.52106547356,4647670,195410,2.0995624230704513,2.1173212468511196
rl_effect_on_competition,competition_no_rl,competition_with_rl,2a_Hurink_sdata_18_workers.fjs,4,1003,2686.9369096428854,2872.6629463393288,1.069121845038456,-6.912184503845609,63683.00208735466,64469.46552038193,4433100,290290,2.1090556590603495,2.1216122203392382
rl_effect_on_competition,competition_no_rl,competition_with_rl,2a_Hurink_sdata_18_workers.fjs,5,1004,2896.161372487367,2881.5759124614306,0.9949638648714489,0.5036135128551056,64133.66842389107,61418.17205429077,4781820,1656230,2.0956305155480224,2.115694502541432
rl_effect_on_competition,competition_no_rl,competition_with_rl,2a_Hurink_sdata_18_workers.fjs,6,1005,2797.3988639641466,2860.038140910433,1.0223919719683883,-2.239197196838827,59727.10630226135,46326.77101302147,4256730,833770,2.092295335799661,2.096802156092693
rl_effect_on_competition,competition_no_rl,competition_with_rl,2a_Hurink_sdata_18_workers.fjs,7,1006,2747.9954740905314,2844.8427575157148,1.0352428831627665,-3.524288316276647,46420.479408979416,63388.0432305336,137180,2127190,2.1335368587659405,2.0979666353360726
rl_effect_on_competition,competition_no_rl,competition_with_rl,2a_Hurink_sdata_18_workers.fjs,8,1007,2947.6513239037577,2869.542247362341,0.9735012496532419,2.649875034675808,63527.871322155,64052.11330628395,2868780,3596340,2.0905328538324524,2.1037699760720976
rl_effect_on_competition,competition_no_rl,competition_with_rl,2a_Hurink_sdata_18_workers.fjs,9,1008,2735.8241484321643,2729.3164931555793,0.9976213181390645,0.23786818609354832,63611.23305630684,54465.474829912186,1477900,728610,2.1012474258311555,2.1092090364417153
rl_effect_on_competition,competition_no_rl,competition_with_rl,2a_Hurink_sdata_18_workers.fjs,10,1009,2822.868300500614,2965.176447382381,1.0504126058082588,-5.041260580825879,58790.86918306351,61283.62658929825,2507760,2349270,2.106618134701951,2.0970130462393075
rl_effect_on_competition,competition_no_rl,competition_with_rl,2a_Hurink_sdata_1_workers.fjs,1,1000,111.83163817589812,111.15731154723252,0.9939701622933846,0.602983770661536,12565.047216415405,12970.945545434952,2135920,4806220,2.1100309089792098,2.1376406066775484
rl_effect_on_competition,competition_no_rl,competition_with_rl,2a_Hurink_sdata_1_workers.fjs,2,1001,120.34250021007765,119.779958830987,0.9953254969930936,0.46745030069064164,12640.391414880753,12985.997953414917,1057580,941470,2.111271933510134,2.101402786508544
rl_effect_on_competition,competition_no_rl,competition_with_rl,2a_Hurink_sdata_1_workers.fjs,3,1002,118.41394839662564,117.87935970339984,0.9954854246441035,0.45145753558964996,12834.98279619217,13801.134355068207,1190730,1572550,2.1145347927968863,2.10498856613214
rl_effect_on_competition,competition_no_rl,competition_with_rl,2a_Hurink_sdata_1_workers.fjs,4,1003,110.34870632042231,110.1086907053765,0.9978249349444218,0.21750650555781847,12634.102185964584,12895.977372169495,4549800,3742610,2.1220905061619675,2.1174748212572405
rl_effect_on_competition,competition_no_rl,competition_with_rl,2a_Hurink_sdata_1_workers.fjs,5,1004,113.49757271787396,113.57463505612722,1.0006789778530754,-0.06789778530753576,12560.022422790527,13088.021970272064,4199480,84110,2.1018069021828514,2.1032339825208743
rl_effect_on_competition,competition_no_rl,competition_with_rl,2a_Hurink_sdata_1_workers.fjs,6,1005,110.7283964066194,110.33287448672735,0.9964279992059164,0.3572000794083596,12528.332788705826,12823.680119514465,4091070,1144570,2.1293922385888346,2.1217860478216797
rl_effect_on_competition,competition_no_rl,competition_with_rl,2a_Hurink_sdata_1_workers.fjs,7,1006,111.27791308405743,110.45650598255861,0.9926184174493069,0.73815825506931,12523.116670131683,12994.79566001892,3177360,4949400,2.1399598670011044,2.1241635765876654
rl_effect_on_competition,competition_no_rl,competition_with_rl,2a_Hurink_sdata_1_workers.fjs,8,1007,110.8570974151106,109.66761106689431,0.9892700929759851,1.0729907024014884,12574.511325120926,12994.925710201263,1936820,1472540,2.131867257982896,2.1089925205171984
rl_effect_on_competition,competition_no_rl,competition_with_rl,2a_Hurink_sdata_1_workers.fjs,9,1008,112.75796148869654,112.77041747623666,1.0001104665903469,-0.011046659034685824,12601.279799461365,12930.441865444183,3942820,3013230,2.088110397938825,2.088341064374753
rl_effect_on_competition,competition_no_rl,competition_with_rl,2a_Hurink_sdata_1_workers.fjs,10,1009,119.68669776310102,119.58745820111865,0.9991708388330773,0.0829161166922665,12653.76982498169,13001.169691324234,4695070,2943540,2.099766627422825,2.0980255824757656
rl_effect_on_competition,competition_no_rl,competition_with_rl,2a_Hurink_sdata_38_workers.fjs,1,1000,5538.883788162562,5126.762716669731,0.9255949235884681,7.440507641153193,129600.44813990593,129600.8949804306,108170,251870,2.1116598506147777,2.1106474749566617
rl_effect_on_competition,competition_no_rl,competition_with_rl,2a_Hurink_sdata_38_workers.fjs,2,1001,4948.784779634479,5052.580278429482,1.0209739367171813,-2.0973936717181285,129600.52902817726,129600.54691576958,269770,275680,2.122120402930737,2.1158208871145234
rl_effect_on_competition,competition_no_rl,competition_with_rl,2a_Hurink_sdata_38_workers.fjs,3,1002,4913.076025232782,5200.555476293762,1.0585131289612721,-5.851312896127214,129601.3157696724,129600.66565322876,232790,133960,2.1250328828861513,2.1174900147775904
rl_effect_on_competition,competition_no_rl,competition_with_rl,2a_Hurink_sdata_38_workers.fjs,4,1003,5504.523886216302,5178.376109278451,0.9407491394933271,5.925086050667295,129601.0037047863,129601.09905958176,1046790,433090,2.1212038097172647,2.1205471372966627
rl_effect_on_competition,competition_no_rl,competition_with_rl,2a_Hurink_sdata_38_workers.fjs,5,1004,5351.839804762964,5303.351440196419,0.9909398699633364,0.9060130036663616,129600.09694766998,129601.26181006432,162150,403360,2.117025239225856,2.1145739394722565
rl_effect_on_competition,competition_no_rl,competition_with_rl,2a_Hurink_sdata_38_workers.fjs,6,1005,5432.102089690997,4938.62935861928,0.9091562119187292,9.08437880812708,129601.16891503334,129600.09958839417,367840,366420,2.111193971897006,2.113234642113513
rl_effect_on_competition,competition_no_rl,competition_with_rl,2a_Hurink_sdata_38_workers.fjs,7,1006,5187.840883341741,5116.420506552565,0.9862331211779243,1.3766878822075723,129600.51657056808,129600.37261486053,202800,393380,2.1174860748333635,2.1256420883060096
rl_effect_on_competition,competition_no_rl,competition_with_rl,2a_Hurink_sdata_38_workers.fjs,8,1007,4919.311201933125,5269.853858169797,1.0712584835248724,-7.125848352487241,129600.2400238514,129600.34616827965,281630,1086500,2.1131061863973906,2.1113196547154636
rl_effect_on_competition,competition_no_rl,competition_with_rl,2a_Hurink_sdata_38_workers.fjs,9,1008,5156.7122798558,5258.2715234314155,1.0196945724453828,-1.9694572445382752,129600.24855685234,129600.5775847435,192900,273920,2.10822251833843,2.1168564909144183
rl_effect_on_competition,competition_no_rl,competition_with_rl,2a_Hurink_sdata_38_workers.fjs,10,1009,5141.228554175259,5326.750334170526,1.0360851065149792,-3.6085106514979204,129600.35772132874,129601.39413118362,579320,167610,2.1253528541443814,2.1205216298449545
rl_effect_on_competition,competition_no_rl,competition_with_rl,2a_Hurink_sdata_40_workers.fjs,1,1000,3732.7153728152803,3597.5443758538167,0.963787488875822,3.6212511124178004,123126.27042603493,126541.20799350739,142550,427040,2.1256921257490204,2.1211936178383355
rl_effect_on_competition,competition_no_rl,competition_with_rl,2a_Hurink_sdata_40_workers.fjs,2,1001,3698.1665411041686,3798.764492927852,1.0272021150766368,-2.7202115076636835,125803.9382750988,127780.34538459778,866940,527410,2.11203114854607,2.11394796490142
rl_effect_on_competition,competition_no_rl,competition_with_rl,2a_Hurink_sdata_40_workers.fjs,3,1002,3698.8743664415524,3769.517184399113,1.0190984637376375,-1.909846373763746,125873.19680523872,126370.40551042557,1931510,3304090,2.1148509813845355,2.1082310874715398
rl_effect_on_competition,competition_no_rl,competition_with_rl,2a_Hurink_sdata_40_workers.fjs,4,1003,3538.986471459372,3480.457455052999,0.9834616444910463,1.6538355508953662,124502.08568286896,126578.85689282417,146280,3579370,2.1293540742836172,2.137873129639434
rl_effect_on_competition,competition_no_rl,competition_with_rl,2a_Hurink_sdata_40_workers.fjs,5,1004,3564.075865066753,3608.9746664709564,1.0125975997997905,-1.259759979979047,121834.71082115173,126729.82745742798,3105110,2973020,2.1189511682917677,2.1229262743946804
rl_effect_on_competition,competition_no_rl,competition_with_rl,2a_Hurink_sdata_40_workers.fjs,6,1005,3734.4564984459066,3552.061676430874,0.9511589378291229,4.884106217087714,125044.32365846634,125864.3247525692,565610,3463650,2.1158393758900322,2.1168424770148233
rl_effect_on_competition,competition_no_rl,competition_with_rl,2a_Hurink_sdata_40_workers.fjs,7,1006,3828.471280436058,3783.2707926964877,0.9881935936229821,1.1806406377017908,124738.77695918083,125225.37919211388,478150,401450,2.1198622815260566,2.12185686634688
rl_effect_on_competition,competition_no_rl,competition_with_rl,2a_Hurink_sdata_40_workers.fjs,8,1007,3577.9578375293527,3621.303855129697,1.01211473683275,-1.2114736832750106,125278.52866053581,126560.0905225277,1946490,4488050,2.1121356774081184,2.1103169318937627
rl_effect_on_competition,competition_no_rl,competition_with_rl,2a_Hurink_sdata_40_workers.fjs,9,1008,3471.271984260472,3497.393203637797,1.007524970528315,-0.7524970528314912,128790.1543533802,129601.12755775452,202680,2605220,2.133541477726166,2.1338579643915785
rl_effect_on_competition,competition_no_rl,competition_with_rl,2a_Hurink_sdata_40_workers.fjs,10,1009,3800.737286030936,3745.0148817395016,0.9853390539524438,1.466094604755619,123929.59617614746,129600.25225949287,1698550,1151390,2.12450379319784,2.1206199783349384
rl_effect_on_competition,competition_no_rl,competition_with_rl,2a_Hurink_sdata_54_workers.fjs,1,1000,18820.500853864247,18792.797289504266,0.9985280113119682,0.14719886880317778,23052.906194210052,22832.6938560009,4496690,4759670,2.1059081183690553,2.1079974525523575
rl_effect_on_competition,competition_no_rl,competition_with_rl,2a_Hurink_sdata_54_workers.fjs,2,1001,18262.473650369557,18233.448239761954,0.9984106528412696,0.1589347158730381,23094.520582437515,22332.605382442474,4362260,4563710,2.0988936501976276,2.113043022338852
rl_effect_on_competition,competition_no_rl,competition_with_rl,2a_Hurink_sdata_54_workers.fjs,3,1002,18769.271305764298,19465.578237843583,1.0370982400294593,-3.7098240029459273,23114.093683242798,22876.75382590294,4290200,2447850,2.1084330831009095,2.105524958122616
rl_effect_on_competition,competition_no_rl,competition_with_rl,2a_Hurink_sdata_54_workers.fjs,4,1003,18997.18927714894,19146.875425607363,1.0078793839591036,-0.7879383959103592,23199.30340719223,22619.17506313324,4439080,200710,2.12330270226321,2.13027096413077
rl_effect_on_competition,competition_no_rl,competition_with_rl,2a_Hurink_sdata_54_workers.fjs,5,1004,18848.102649867174,18738.85759153061,0.9942039227838493,0.5796077216150719,22618.3732483387,22247.255947589874,2734130,3367490,2.1118322296769945,2.114040793268345
rl_effect_on_competition,competition_no_rl,competition_with_rl,2a_Hurink_sdata_54_workers.fjs,6,1005,18495.4674904721,18571.74228065589,1.0041239720068218,-0.41239720068217967,22569.32054591179,23320.232899665833,4059990,3275600,2.1125605357478126,2.0956603792209307
rl_effect_on_competition,competition_no_rl,competition_with_rl,2a_Hurink_sdata_54_workers.fjs,7,1006,18762.523502777898,19069.727978015,1.0163733026205999,-1.6373302620599883,23110.31477165222,22512.31716799736,2419820,4797720,2.105782660244433,2.1280803457220174
rl_effect_on_competition,competition_no_rl,competition_with_rl,2a_Hurink_sdata_54_workers.fjs,8,1007,19055.494799022355,17552.973834084616,0.9211502518940192,7.884974810598077,25463.393589258194,22564.875952482224,4927350,2803910,2.107908716706013,2.096127756637762
rl_effect_on_competition,competition_no_rl,competition_with_rl,2a_Hurink_sdata_54_workers.fjs,9,1008,17858.70055469984,17195.756386158413,0.9628783647213928,3.7121635278607235,23448.502824783325,22478.419904470444,4965830,4727440,2.090448385192537,2.114578994854699
rl_effect_on_competition,competition_no_rl,competition_with_rl,2a_Hurink_sdata_54_workers.fjs,10,1009,17519.462602732234,17821.370876363013,1.0172327359849322,-1.7232735984932246,22963.341080904007,22797.909324645996,4570940,1603630,2.1192043791861903,2.1168037624852136
rl_effect_on_competition,competition_no_rl,competition_with_rl,2a_Hurink_sdata_61_workers.fjs,1,1000,1900.6553435783205,1981.0936744143594,1.042321366210772,-4.232136621077198,33194.543993234634,31014.08429121971,4992870,4181480,2.0955406213652927,2.1120401646208524
rl_effect_on_competition,competition_no_rl,competition_with_rl,2a_Hurink_sdata_61_workers.fjs,2,1001,2240.0238340769683,2246.2947265808834,1.0027994757950864,-0.2799475795086437,34967.393434762955,34251.6490252018,4880890,4052850,2.0993662924807577,2.101304702133661
rl_effect_on_competition,competition_no_rl,competition_with_rl,2a_Hurink_sdata_61_workers.fjs,3,1002,2052.8210499859265,2105.7186114994524,1.0257682283187268,-2.5768228318726827,33715.641780376434,33689.10063672066,2845680,4765410,2.1163103608102336,2.1078264379373897
rl_effect_on_competition,competition_no_rl,competition_with_rl,2a_Hurink_sdata_61_workers.fjs,4,1003,2044.4907739018413,2113.846697185596,1.0339233241690748,-3.392332416907484,33455.101996421814,35540.658430576324,1852480,4918150,2.1230433789219534,2.1159626598454415
rl_effect_on_competition,competition_no_rl,competition_with_rl,2a_Hurink_sdata_61_workers.fjs,5,1004,1949.099403063879,1941.3087376360108,0.9960029409399943,0.3997059060005692,33952.70045542717,31355.80376148224,4957520,4852200,2.1185863076781293,2.10325973741713
rl_effect_on_competition,competition_no_rl,competition_with_rl,2a_Hurink_sdata_61_workers.fjs,6,1005,1923.529749689821,1909.8787828923817,0.9929031683551343,0.7096831644865742,32055.823803424835,34426.43253135681,4735490,4016200,2.1137689557031,2.108033976702408
rl_effect_on_competition,competition_no_rl,competition_with_rl,2a_Hurink_sdata_61_workers.fjs,7,1006,1989.4837443276863,2050.396697108887,1.0306174669458208,-3.0617466945820793,34778.94891357422,33247.140947818756,4108450,4016150,2.136932056205893,2.1116340855910267
rl_effect_on_competition,competition_no_rl,competition_with_rl,2a_Hurink_sdata_61_workers.fjs,8,1007,2002.6709790630266,2009.4506846470829,1.0033853317169594,-0.33853317169594277,33880.63437581062,30771.241565704346,95340,1795160,2.12372320155146,2.112987050102085
rl_effect_on_competition,competition_no_rl,competition_with_rl,2a_Hurink_sdata_61_workers.fjs,9,1008,2077.695482406244,2085.9954542292016,1.0039947970687915,-0.3994797068791467,33474.73347735405,32984.294100522995,4372760,4889210,2.1222630055222105,2.113470571660792
rl_effect_on_competition,competition_no_rl,competition_with_rl,2a_Hurink_sdata_61_workers.fjs,10,1009,2142.8686123393113,2025.7484604404337,0.9453442216548122,5.4655778345187755,34711.88103866577,34062.92921924591,3226270,4764120,2.1112006032899617,2.1167695511394293
rl_effect_on_competition,competition_no_rl,competition_with_rl,2a_Hurink_sdata_63_workers.fjs,1,1000,912.8762109732633,898.0291180452072,0.9837359186825266,1.6264081317473367,35253.87183427811,33666.974989414215,4996790,214340,2.108259147744257,2.103112688630462
rl_effect_on_competition,competition_no_rl,competition_with_rl,2a_Hurink_sdata_63_workers.fjs,2,1001,905.5058716238792,873.9166993210638,0.9651143374187455,3.4885662581254473,33642.919947862625,34812.889216184616,571390,2984420,2.115667924354858,2.105823371857985
rl_effect_on_competition,competition_no_rl,competition_with_rl,2a_Hurink_sdata_63_workers.fjs,3,1002,854.8607148983949,857.0179710984756,1.002523517764338,-0.25235177643379014,34207.299658060074,34857.929737091064,4965090,3772050,2.1159918685603833,2.1213316116298904
rl_effect_on_competition,competition_no_rl,competition_with_rl,2a_Hurink_sdata_63_workers.fjs,4,1003,884.954819094337,871.7594157795254,0.9850891785319438,1.4910821468056223,33575.31496548653,34174.991726875305,3771060,3752070,2.1120640073850527,2.105699071931221
rl_effect_on_competition,competition_no_rl,competition_with_rl,2a_Hurink_sdata_63_workers.fjs,5,1004,865.3265344717249,901.6007172220408,1.041919646867712,-4.19196468677121,33795.780308008194,33251.45570445061,4201640,202520,2.1261094213064493,2.111477089512976
rl_effect_on_competition,competition_no_rl,competition_with_rl,2a_Hurink_sdata_63_workers.fjs,6,1005,870.2602559121628,860.7112438533998,0.989027406463881,1.0972593536119013,33679.01256132126,35488.79540157318,4866070,4294470,2.0970126648485854,2.1095863819936267
rl_effect_on_competition,competition_no_rl,competition_with_rl,2a_Hurink_sdata_63_workers.fjs,7,1006,920.6654684219654,886.7327770930972,0.9631432996101945,3.6856700389805486,33547.27046084404,32663.26394534111,3683280,4218130,2.1213490055805657,2.1264574990242138
rl_effect_on_competition,competition_no_rl,competition_with_rl,2a_Hurink_sdata_63_workers.fjs,8,1007,860.8985013919737,898.6707368455541,1.0438753643925585,-4.387536439255846,34525.84337091446,33649.72993969917,1114240,1113850,2.1152297331498127,2.1095557202947277
rl_effect_on_competition,competition_no_rl,competition_with_rl,2a_Hurink_sdata_63_workers.fjs,9,1008,856.846874902099,885.0691612556315,1.0329373744366601,-3.2937374436660116,33952.134630441666,33476.88907814026,3576200,3213400,2.110460283010096,2.102302045737842
rl_effect_on_competition,competition_no_rl,competition_with_rl,2a_Hurink_sdata_63_workers.fjs,10,1009,901.0570773669917,891.1620699357776,0.9890184454683729,1.098155453162708,41002.868472099304,33604.81531739235,4195660,4045350,2.1201342996870394,2.131966674487506
rl_effect_on_competition,competition_no_rl,competition_with_rl,2b_Hurink_edata_1_workers.fjs,1,1000,113.8809488476775,109.77428326102103,0.9639389588143547,3.606104118564535,12785.387611150742,13994.071347951889,1099270,4508040,2.108906460142176,2.111043908865789
rl_effect_on_competition,competition_no_rl,competition_with_rl,2b_Hurink_edata_1_workers.fjs,2,1001,107.45749740454286,107.91455041428793,1.0042533375593552,-0.4253337559355197,12721.101152896881,13772.2067091465,2879400,3224010,2.107009753030252,2.1159715767507437
rl_effect_on_competition,competition_no_rl,competition_with_rl,2b_Hurink_edata_1_workers.fjs,3,1002,108.03074005192549,113.65410711331012,1.0520533975670419,-5.205339756704186,12726.471103668213,13995.89487028122,2977480,171210,2.1182498049397154,2.104705687283521
rl_effect_on_competition,competition_no_rl,competition_with_rl,2b_Hurink_edata_1_workers.fjs,4,1003,107.19248199281232,107.40622334937879,1.0019939957783681,-0.19939957783681184,12788.26170039177,14022.26423239708,4945010,1892640,2.1018133724080847,2.106004379399584
rl_effect_on_competition,competition_no_rl,competition_with_rl,2b_Hurink_edata_1_workers.fjs,5,1004,107.25303587634335,107.40707201812984,1.0014361937685763,-0.14361937685762882,12772.051815271378,13862.915794849396,1288340,3550040,2.1030007034577127,2.1060210199633302
rl_effect_on_competition,competition_no_rl,competition_with_rl,2b_Hurink_edata_1_workers.fjs,6,1005,107.61618541939013,107.47872220766784,0.9987226529988349,0.12773470011651078,12801.756734609604,14133.715674877167,4540390,4971480,2.11012128273314,2.107425925640546
rl_effect_on_competition,competition_no_rl,competition_with_rl,2b_Hurink_edata_1_workers.fjs,7,1006,108.66315867723185,108.6446150261785,0.9998293473953906,0.017065260460935594,12682.135912656784,13829.813736438751,3653040,3979460,2.130650170141801,2.130286569140755
rl_effect_on_competition,competition_no_rl,competition_with_rl,2b_Hurink_edata_1_workers.fjs,8,1007,107.54849089619715,107.85020551581842,1.0028053821779097,-0.280538217790971,12762.481214284897,13947.62178516388,4685390,3911070,2.108793939141121,2.1147099120748707
rl_effect_on_competition,competition_no_rl,competition_with_rl,2b_Hurink_edata_1_workers.fjs,9,1008,107.12000040152562,107.27044458322234,1.0014044453055715,-0.1404445305571489,12750.612533569336,13710.641144514084,610590,4425950,2.1003921647357964,2.1033420506514187
rl_effect_on_competition,competition_no_rl,competition_with_rl,2b_Hurink_edata_1_workers.fjs,10,1009,113.1316029454148,113.73027482655641,1.005291818250206,-0.5291818250205971,12690.518775939941,13843.273300409317,4632500,1078360,2.095029684174348,2.1061162004917855
rl_effect_on_competition,competition_no_rl,competition_with_rl,2b_Hurink_edata_6_workers.fjs,1,1000,1221.2142328701332,1234.630033294042,1.0109856240312387,-1.0985624031238705,17597.801370859146,18938.19241786003,3878440,3463590,2.12016359873287,2.099710940976262
rl_effect_on_competition,competition_no_rl,competition_with_rl,2b_Hurink_edata_6_workers.fjs,2,1001,1247.5462477137883,1247.2883059567398,0.9997932407255273,0.020675927447266762,17593.617461681366,18003.01133942604,3990050,2851260,2.1037879388090865,2.099811962890134
rl_effect_on_competition,competition_no_rl,competition_with_rl,2b_Hurink_edata_6_workers.fjs,3,1002,1233.9543282131488,1241.6275192167525,1.006218375209004,-0.6218375209003923,16664.34566450119,18190.68550300598,4573080,3882360,2.102136845337562,2.108026348415539
rl_effect_on_competition,competition_no_rl,competition_with_rl,2b_Hurink_edata_6_workers.fjs,4,1003,1309.7528829147313,1301.1375783003848,0.9934221907607685,0.6577809239231458,17953.297210931778,19964.45976471901,1630800,1694910,2.11250464986247,2.105400612136545
rl_effect_on_competition,competition_no_rl,competition_with_rl,2b_Hurink_edata_6_workers.fjs,5,1004,1197.9523662385966,1243.0838054025387,1.0376738177876375,-3.7673817787637454,17352.477403879166,18149.963481903076,2629660,4328240,2.116523615262538,2.1069217040720996
rl_effect_on_competition,competition_no_rl,competition_with_rl,2b_Hurink_edata_6_workers.fjs,6,1005,1187.9278536167506,1224.1586303746417,1.0304991390239595,-3.049913902395951,17493.144193410873,18469.16420197487,3947940,2800190,2.106255059604168,2.103365344286326
rl_effect_on_competition,competition_no_rl,competition_with_rl,2b_Hurink_edata_6_workers.fjs,7,1006,1221.0227216434446,1246.9264473008197,1.021214777741818,-2.1214777741817903,17727.16098189354,18307.664595127106,3998560,4741930,2.1421451256902535,2.1170228307314427
rl_effect_on_competition,competition_no_rl,competition_with_rl,2b_Hurink_edata_6_workers.fjs,8,1007,1234.501736162986,1246.1889274372065,1.009467132310843,-0.9467132310843063,17499.8425617218,18350.605147123337,1538270,3853280,2.1138728358955237,2.1157706747660554
rl_effect_on_competition,competition_no_rl,competition_with_rl,2b_Hurink_edata_6_workers.fjs,9,1008,1230.7752328229678,1194.176439924295,0.9702636257842725,2.97363742157275,18112.763720989227,18656.339842796326,1921380,573480,2.1147340770154086,2.1248691101855783
rl_effect_on_competition,competition_no_rl,competition_with_rl,2b_Hurink_edata_6_workers.fjs,10,1009,1269.920041785533,1280.877745726996,1.0086286565932578,-0.8628656593257844,17350.536009073257,18147.69067454338,4037950,602810,2.1025166254727368,2.1347962428783265
rl_effect_on_competition,competition_no_rl,competition_with_rl,2c_Hurink_rdata_28_workers.fjs,1,1000,2285.447777504625,2209.961748124226,0.9669710110537644,3.3028988946235627,89628.52113676071,82474.79836201668,3044630,4629940,2.0986664623550273,2.1393627764997345
rl_effect_on_competition,competition_no_rl,competition_with_rl,2c_Hurink_rdata_28_workers.fjs,2,1001,2185.552555209693,2390.428451338128,1.0937410064288198,-9.374100642881977,86286.6164112091,88552.97586941719,627660,3777890,2.1405999561309432,2.140043376309873
rl_effect_on_competition,competition_no_rl,competition_with_rl,2c_Hurink_rdata_28_workers.fjs,3,1002,2097.601781065826,2120.0821767877674,1.0107171894707865,-1.0717189470786481,84046.34502625465,88016.98589158058,411530,1327650,2.1187896778442687,2.1200821767877676
rl_effect_on_competition,competition_no_rl,competition_with_rl,2c_Hurink_rdata_28_workers.fjs,4,1003,2270.8188596296,2185.9040465453963,0.9626060825045049,3.7393917495495144,88303.5070412159,83681.64696669579,718080,2882350,2.1123896368647443,2.1493648441940967
rl_effect_on_competition,competition_no_rl,competition_with_rl,2c_Hurink_rdata_28_workers.fjs,5,1004,2292.614350112232,2344.980750208867,1.0228413470822388,-2.284134708223884,82879.60649776459,88014.3957657814,604760,210020,2.1227910649187334,2.1087956386770386
rl_effect_on_competition,competition_no_rl,competition_with_rl,2c_Hurink_rdata_28_workers.fjs,6,1005,2006.9865963068166,2084.133763347997,1.0384393035724024,-3.843930357240244,87453.93427920341,87092.09355640411,1261030,2289300,2.1237953400072134,2.1266671054571398
rl_effect_on_competition,competition_no_rl,competition_with_rl,2c_Hurink_rdata_28_workers.fjs,7,1006,2255.330051382367,2186.750100518053,0.9695920555741813,3.0407944425818734,84982.38793253899,85287.60441446304,176750,331780,2.1520324917770677,2.1544335965695103
rl_effect_on_competition,competition_no_rl,competition_with_rl,2c_Hurink_rdata_28_workers.fjs,8,1007,2173.7312539812474,2350.3695722627576,1.081260421663438,-8.126042166343804,87294.87802147865,83656.31144475937,733790,509840,2.1186464463754846,2.125108112353307
rl_effect_on_competition,competition_no_rl,competition_with_rl,2c_Hurink_rdata_28_workers.fjs,9,1008,2192.9488624807905,2332.7111274362474,1.0637325691203532,-6.373256912035319,76303.0579688549,60868.84076714516,119480,2348580,2.135295873885872,2.1303297967454315
rl_effect_on_competition,competition_no_rl,competition_with_rl,2c_Hurink_rdata_28_workers.fjs,10,1009,2336.820736243349,2381.8172890337964,1.0192554576791302,-1.9255457679130172,83154.60767769814,86618.03774237633,3113390,973870,2.128252036651502,2.126622579494461
rl_effect_on_competition,competition_no_rl,competition_with_rl,2c_Hurink_rdata_38_workers.fjs,1,1000,5014.408428164271,4451.499701256308,0.8877417476114847,11.225825238851527,129600.07564520836,129600.00215744972,432620,156550,2.1211541574298947,2.126851266725422
rl_effect_on_competition,competition_no_rl,competition_with_rl,2c_Hurink_rdata_38_workers.fjs,2,1001,4429.437783039817,4306.225807585931,0.9721833827476568,2.781661725234319,129600.30782461166,129600.07943725586,190920,803200,2.1163104553463055,2.1244330575164927
rl_effect_on_competition,competition_no_rl,competition_with_rl,2c_Hurink_rdata_38_workers.fjs,3,1002,4731.537518238283,4456.888178037291,0.9419534687948002,5.804653120519976,129600.75241732597,129600.76420116425,628430,1074020,2.1151262933564072,2.127392925077466
rl_effect_on_competition,competition_no_rl,competition_with_rl,2c_Hurink_rdata_38_workers.fjs,4,1003,3982.795939376353,4537.478808576783,1.1392697184700067,-13.926971847000669,129600.8435227871,129600.16657567024,503370,221650,2.141288139449652,2.1223006588291784
rl_effect_on_competition,competition_no_rl,competition_with_rl,2c_Hurink_rdata_38_workers.fjs,5,1004,4636.553901923269,4652.260848467068,1.0033876337633612,-0.3387633763361153,129600.34700894356,129601.07824993134,325230,281450,2.121021913048156,2.1165881931151356
rl_effect_on_competition,competition_no_rl,competition_with_rl,2c_Hurink_rdata_38_workers.fjs,6,1005,4349.962105980815,4488.9389977814435,1.0319489890749962,-3.1948989074996215,129601.1010055542,129600.36661505699,314510,719810,2.1208981501612945,2.1204246564862745
rl_effect_on_competition,competition_no_rl,competition_with_rl,2c_Hurink_rdata_38_workers.fjs,7,1006,4650.690334938669,4777.227078440162,1.0272081636033419,-2.7208163603341884,129600.35507154465,129600.29990887642,917850,221290,2.1501111118532914,2.1326906600179294
rl_effect_on_competition,competition_no_rl,competition_with_rl,2c_Hurink_rdata_38_workers.fjs,8,1007,4436.109183568387,4564.6332485991625,1.0289722501661671,-2.8972250166167113,129601.05960893631,129600.11130523682,918140,1449530,2.122540279219324,2.1211121043676404
rl_effect_on_competition,competition_no_rl,competition_with_rl,2c_Hurink_rdata_38_workers.fjs,9,1008,4552.846398820607,4630.810724729334,1.0171243040241646,-1.712430402416465,129600.04375052452,129601.28895545006,749430,227100,2.1195746735663903,2.121305874818751
rl_effect_on_competition,competition_no_rl,competition_with_rl,2c_Hurink_rdata_38_workers.fjs,10,1009,4438.004667751098,4805.46062639025,1.0827975601984563,-8.27975601984563,129600.44589471817,129601.16455459595,616520,1014170,2.123447209450286,2.1160108438530383
rl_effect_on_competition,competition_no_rl,competition_with_rl,2c_Hurink_rdata_50_workers.fjs,1,1000,12599.331889483923,12961.07190230921,1.0287110472204652,-2.8711047220465247,19502.64585375786,19846.762125968933,4534730,3595460,2.106559419743174,2.122678005618934
rl_effect_on_competition,competition_no_rl,competition_with_rl,2c_Hurink_rdata_50_workers.fjs,2,1001,12906.783378304606,12929.262958912886,1.0017416872933707,-0.1741687293370653,20744.14341044426,20796.041125774384,2669140,3002170,2.113440867578943,2.115736043022891
rl_effect_on_competition,competition_no_rl,competition_with_rl,2c_Hurink_rdata_50_workers.fjs,3,1002,13300.292361788051,12925.785109715056,0.9718421789622489,2.8157821037751107,18387.874901771545,19673.45938014984,2006550,3320670,2.1260058123062744,2.1252524021234884
rl_effect_on_competition,competition_no_rl,competition_with_rl,2c_Hurink_rdata_50_workers.fjs,4,1003,13217.18931496226,12795.010322762759,0.9680583381126591,3.1941661887340933,19239.13342809677,19897.715156793594,3077360,4269780,2.124608473711985,2.110343117724354
rl_effect_on_competition,competition_no_rl,competition_with_rl,2c_Hurink_rdata_50_workers.fjs,5,1004,12880.112147426964,12880.754702323507,1.0000498873681525,-0.004988736815247918,19105.370562314987,19343.706677913666,4710250,3383160,2.109764479513016,2.118893683553793
rl_effect_on_competition,competition_no_rl,competition_with_rl,2c_Hurink_rdata_50_workers.fjs,6,1005,12993.973618142365,13059.684667247242,1.0050570403662455,-0.5057040366245547,18901.528138637543,20073.334055423737,4355000,3327700,2.1131848460143705,2.1070804561547662
rl_effect_on_competition,competition_no_rl,competition_with_rl,2c_Hurink_rdata_50_workers.fjs,7,1006,13283.965231858272,13480.220455704319,1.0147738435339606,-1.4773843533960607,18189.004784584045,18815.065483808517,3368380,3812650,2.1592921378183147,2.1095806659944163
rl_effect_on_competition,competition_no_rl,competition_with_rl,2c_Hurink_rdata_50_workers.fjs,8,1007,13658.342119993706,12958.81639090099,0.9487839942104893,5.121600578951069,17929.00356221199,18386.985159158707,3741470,357720,2.1022536740024176,2.0975746828910635
rl_effect_on_competition,competition_no_rl,competition_with_rl,2c_Hurink_rdata_50_workers.fjs,9,1008,13388.413438187743,13530.77257706066,1.010633010366028,-1.0633010366027928,18931.46050429344,18730.705493450165,733900,4615760,2.101791748538107,2.1382383971334797
rl_effect_on_competition,competition_no_rl,competition_with_rl,2c_Hurink_rdata_50_workers.fjs,10,1009,12703.251352375508,12956.36162972109,1.0199248420994402,-1.9924842099440232,20770.293228387833,18889.43104147911,3191330,4044290,2.109824174119832,2.1341396194566116
rl_effect_on_competition,competition_no_rl,competition_with_rl,2d_Hurink_vdata_18_workers.fjs,1,1000,2414.573316338396,2418.1756430014902,1.0014919102429893,-0.1491910242989336,64971.179871320724,65813.97136998177,158160,3293600,2.1236352826195217,2.1305512273140885
rl_effect_on_competition,competition_no_rl,competition_with_rl,2d_Hurink_vdata_18_workers.fjs,2,1001,2511.1698596378938,2420.492511160825,0.9638903962911755,3.6109603708824545,55697.631687402725,45320.29407167435,316680,394280,2.1299150633061017,2.1307152386979094
rl_effect_on_competition,competition_no_rl,competition_with_rl,2d_Hurink_vdata_18_workers.fjs,3,1002,2474.8544687875574,2394.686253535108,0.9676068971878883,3.239310281211172,61706.27452635765,65122.825941085815,4781290,3060090,2.139027198606359,2.124832523101249
rl_effect_on_competition,competition_no_rl,competition_with_rl,2d_Hurink_vdata_18_workers.fjs,4,1003,2376.562079780335,2410.1793799623224,1.0141453490603094,-1.4145349060309398,48761.195684194565,62356.52373409271,330270,3554260,2.1507349138283574,2.1179080667507226
rl_effect_on_competition,competition_no_rl,competition_with_rl,2d_Hurink_vdata_18_workers.fjs,5,1004,2524.7143106741105,2578.974314719558,1.0214915421582729,-2.149154215827287,50117.65680837631,61471.64827442169,764530,105580,2.1198272969555925,2.1173844948436438
rl_effect_on_competition,competition_no_rl,competition_with_rl,2d_Hurink_vdata_18_workers.fjs,6,1005,2430.854577535035,2433.9952731495264,1.0012920129585359,-0.12920129585358708,55193.5052857399,64949.32467699051,4758420,243630,2.11011682077694,2.1128431190534083
rl_effect_on_competition,competition_no_rl,competition_with_rl,2d_Hurink_vdata_18_workers.fjs,7,1006,2566.820540734808,2599.92355459116,1.012896504968312,-1.2896504968312072,63817.60633850098,64252.27007699013,857180,1555310,2.121339289863478,2.139854777441284
rl_effect_on_competition,competition_no_rl,competition_with_rl,2d_Hurink_vdata_18_workers.fjs,8,1007,2504.4184827813274,2506.1951039570954,1.0007093946910162,-0.0709394691016163,47227.67109179497,48570.28662824631,114690,4725140,2.111651334554239,2.1203004263596408
rl_effect_on_competition,competition_no_rl,competition_with_rl,2d_Hurink_vdata_18_workers.fjs,9,1008,2593.796409420078,2475.5350566381057,0.9544060773804475,4.559392261955253,64452.0824174881,47953.25223827362,2186040,1389370,2.131303541018963,2.1249227953975156
rl_effect_on_competition,competition_no_rl,competition_with_rl,2d_Hurink_vdata_18_workers.fjs,10,1009,2464.3755282163997,2399.8013865180674,0.9737969554725013,2.6203044527498665,48970.19855380058,64389.33714842796,284890,205800,2.11716110671512,2.1426798093911317
rl_effect_on_competition,competition_no_rl,competition_with_rl,2d_Hurink_vdata_30_workers.fjs,1,1000,2839.1016440619514,3082.1864437034797,1.0856203229461494,-8.56203229461494,108810.8312637806,110047.60712838173,1237520,204820,2.144336589170658,2.125645823243779
rl_effect_on_competition,competition_no_rl,competition_with_rl,2d_Hurink_vdata_30_workers.fjs,2,1001,2884.7063572931856,2958.3008173943253,1.025511941593319,-2.551194159331893,109949.93730521202,110549.48430156708,340640,4636580,2.1273645702752106,2.135957268876769
rl_effect_on_competition,competition_no_rl,competition_with_rl,2d_Hurink_vdata_30_workers.fjs,3,1002,2903.586194706495,2955.1615012029674,1.0177626228525605,-1.7762622852560472,109903.12401843071,110838.19657969475,265210,4104430,2.1194059815375876,2.1352322985570575
rl_effect_on_competition,competition_no_rl,competition_with_rl,2d_Hurink_vdata_30_workers.fjs,4,1003,3058.1303071159077,3010.72089472065,0.9844972556319979,1.5502744368002142,115363.35440921783,107985.09614992142,704960,393440,2.1340755806810243,2.1262153211304025
rl_effect_on_competition,competition_no_rl,competition_with_rl,2d_Hurink_vdata_30_workers.fjs,5,1004,2819.571489703667,2792.9117974584046,0.9905447716638445,0.945522833615553,110351.03686189651,110014.62541460991,1848360,4671300,2.1104577018740023,2.119052957100459
rl_effect_on_competition,competition_no_rl,competition_with_rl,2d_Hurink_vdata_30_workers.fjs,6,1005,2815.774176967616,2765.892654106083,0.9822849704107834,1.7715029589216558,111963.4905576706,108916.2638399601,208660,380690,2.1299350809134765,2.1243415162105093
rl_effect_on_competition,competition_no_rl,competition_with_rl,2d_Hurink_vdata_30_workers.fjs,7,1006,3148.468903223242,3282.2015158172367,1.0424754433677546,-4.247544336775455,112417.87674760818,111441.64670085907,4899720,519470,2.1638961534180354,2.138242029848363
rl_effect_on_competition,competition_no_rl,competition_with_rl,2d_Hurink_vdata_30_workers.fjs,8,1007,3013.7527015465926,2902.7431876906594,0.9631656858245318,3.683431417546823,115223.48006439209,111268.0716085434,590290,594660,2.123856731181531,2.1422458949746566
rl_effect_on_competition,competition_no_rl,competition_with_rl,2d_Hurink_vdata_30_workers.fjs,9,1008,2974.2058331922876,2914.3678128532083,0.9798810090171689,2.0118990982831098,111087.80207467079,112125.8936727047,997220,724270,2.1381781690814434,2.1382008898409453
rl_effect_on_competition,competition_no_rl,competition_with_rl,2d_Hurink_vdata_30_workers.fjs,10,1009,2944.6104647205834,3145.2328051679215,1.0681320476344824,-6.813204763448244,111527.5155377388,109238.39102983475,965900,260020,2.136872615907535,2.151322028158633
rl_effect_on_competition,competition_no_rl,competition_with_rl,2d_Hurink_vdata_5_workers.fjs,1,1000,1172.6477680605456,1134.6032560993576,0.9675567438088335,3.2443256191166503,17778.139241218567,19570.29923939705,3847700,559740,2.1205203762396847,2.144807667484608
rl_effect_on_competition,competition_no_rl,competition_with_rl,2d_Hurink_vdata_5_workers.fjs,2,1001,1140.976921854118,1189.4436253963747,1.0424782505359504,-4.247825053595045,18941.776232481003,18246.155436515808,4586570,1005970,2.132667143652557,2.1278061277216005
rl_effect_on_competition,competition_no_rl,competition_with_rl,2d_Hurink_vdata_5_workers.fjs,3,1002,1272.0526273511573,1203.7314019358428,0.9462905669574517,5.370943304254827,17558.92682147026,17675.192691087723,3726590,2435190,2.137903575380096,2.1192454259433853
rl_effect_on_competition,competition_no_rl,competition_with_rl,2d_Hurink_vdata_5_workers.fjs,4,1003,1161.2281933736133,1173.6977887635348,1.0107382816410053,-1.073828164100532,19167.8156542778,19547.607940673828,4194410,1626090,2.142487441648733,2.118588066360171
rl_effect_on_competition,competition_no_rl,competition_with_rl,2d_Hurink_vdata_5_workers.fjs,5,1004,1165.1836278549235,1188.5020984971102,1.0200127002171455,-2.001270021714552,19491.7384121418,17774.97993850708,1858620,3269500,2.118515687008952,2.1072732242856564
rl_effect_on_competition,competition_no_rl,competition_with_rl,2d_Hurink_vdata_5_workers.fjs,6,1005,1154.9659641868593,1152.900372733306,0.9982115564288446,0.17884435711553737,17529.427649974823,17771.442432641983,4127180,3296690,2.1230991988729033,2.1115391442001945
rl_effect_on_competition,competition_no_rl,competition_with_rl,2d_Hurink_vdata_5_workers.fjs,7,1006,1218.8358616295163,1191.0282553989528,0.9771851099020122,2.281489009798776,18875.945766448975,17187.802347660065,4051620,636010,2.168747084750029,2.1382913023320516
rl_effect_on_competition,competition_no_rl,competition_with_rl,2d_Hurink_vdata_5_workers.fjs,8,1007,1218.3581891043737,1174.4286769949665,0.9639436805183703,3.6056319481629684,17488.411953926086,17740.74277305603,4390220,4707630,2.100617567421334,2.1275881829618957
rl_effect_on_competition,competition_no_rl,competition_with_rl,2d_Hurink_vdata_5_workers.fjs,9,1008,1228.001043333404,1280.692512006833,1.0429083256561398,-4.290832565613978,18018.984717607498,18262.5035905838,4744690,4673980,2.1099674284079106,2.1133539802092955
rl_effect_on_competition,competition_no_rl,competition_with_rl,2d_Hurink_vdata_5_workers.fjs,10,1009,1149.7929148429384,1165.4262047977913,1.0135966135754007,-1.3596613575400651,17847.985612630844,17962.123210430145,4553310,3222530,2.141141368422604,2.111279356517738
rl_effect_on_competition,competition_no_rl,competition_with_rl,3_DPpaulli_15_workers.fjs,1,1000,6252.611363699783,7071.149679548306,1.1309114333573707,-13.091143335737065,129601.59031939507,129600.20545482635,587870,180510,2.1245706298674087,2.120920719720548
rl_effect_on_competition,competition_no_rl,competition_with_rl,3_DPpaulli_15_workers.fjs,2,1001,6202.934666896343,6605.398525233005,1.0648828143369815,-6.488281433698151,129601.51140737534,129601.42987823486,300930,265670,2.123565445702274,2.133526655437017
rl_effect_on_competition,competition_no_rl,competition_with_rl,3_DPpaulli_15_workers.fjs,3,1002,6521.166460486822,6740.533090143659,1.033639170382481,-3.3639170382480987,129600.83326458931,129601.01142525673,687370,212950,2.11863757650644,2.1310569364981533
rl_effect_on_competition,competition_no_rl,competition_with_rl,3_DPpaulli_15_workers.fjs,4,1003,7112.429218393266,6131.088127054871,0.8620244840116545,13.797551598834545,129600.92567563057,129600.31173419952,236530,671810,2.1205811623116473,2.128111116645217
rl_effect_on_competition,competition_no_rl,competition_with_rl,3_DPpaulli_15_workers.fjs,5,1004,6373.29600270243,6177.637102781536,0.9693002019931398,3.069979800686018,129600.09739279747,129600.00354218483,477380,429780,2.1173740872765547,2.115629144788197
rl_effect_on_competition,competition_no_rl,competition_with_rl,3_DPpaulli_15_workers.fjs,6,1005,6067.017077888047,6470.120654609739,1.066441806829727,-6.6441806829727,129601.26023578644,129600.44346618652,309030,452100,2.116155241677031,2.1102807092660596
rl_effect_on_competition,competition_no_rl,competition_with_rl,3_DPpaulli_15_workers.fjs,7,1006,6814.585051407517,6358.730765297139,0.9331060831038827,6.6893916896117345,129601.38983798027,129600.48115706444,330080,318810,2.1355641026034213,2.143151589247435
rl_effect_on_competition,competition_no_rl,competition_with_rl,3_DPpaulli_15_workers.fjs,8,1007,6385.255268010076,6327.687135259812,0.9909842080960054,0.9015791903994597,129600.01457071304,129600.66571831703,368800,968170,2.1150232752600453,2.1212494586858237
rl_effect_on_competition,competition_no_rl,competition_with_rl,3_DPpaulli_15_workers.fjs,9,1008,6475.223438055276,6468.914150329436,0.9990256262527157,0.09743737472842628,129600.98661780357,129600.40135002136,307480,1043070,2.12302407805091,2.1251360546417333
rl_effect_on_competition,competition_no_rl,competition_with_rl,3_DPpaulli_15_workers.fjs,10,1009,6616.653505107142,6938.555227073657,1.0486502310749763,-4.865023107497635,129601.1290614605,129600.09615659714,204270,133050,2.130281231521939,2.1316605920349176
rl_effect_on_competition,competition_no_rl,competition_with_rl,3_DPpaulli_18_workers.fjs,1,1000,6407.5124544980945,6617.800105410341,1.0328189219147945,-3.281892191479452,129600.77716088295,129600.73057842255,456030,253710,2.120990550975867,2.1149888480058614
rl_effect_on_competition,competition_no_rl,competition_with_rl,3_DPpaulli_18_workers.fjs,2,1001,6518.034271709214,6328.449197612533,0.9709137653786888,2.9086234621311213,129600.69263863564,129600.33628702164,510330,221290,2.131469676817925,2.1193734754228175
rl_effect_on_competition,competition_no_rl,competition_with_rl,3_DPpaulli_18_workers.fjs,3,1002,6131.456308472663,6785.7818910496535,1.106716177961314,-10.671617796131393,129600.63174057007,129600.08229374886,1079120,155130,2.1208773118203608,2.118570680939636
rl_effect_on_competition,competition_no_rl,competition_with_rl,3_DPpaulli_18_workers.fjs,4,1003,6434.594096860161,6438.154067880295,1.0005532549476386,-0.055325494763858174,129600.95664572716,129600.3261051178,271970,536850,2.12222760450533,2.123401737427538
rl_effect_on_competition,competition_no_rl,competition_with_rl,3_DPpaulli_18_workers.fjs,5,1004,6462.7828763320485,6091.025474522065,0.9424771945888156,5.752280541118438,129600.51596021652,129600.05267739296,685890,451260,2.1168630449826558,2.1215693049536974
rl_effect_on_competition,competition_no_rl,competition_with_rl,3_DPpaulli_18_workers.fjs,6,1005,6090.129513544605,6675.526362993067,1.096122233221235,-9.612223322123503,129601.13091778755,129600.03479099274,1121330,248260,2.1212572321646133,2.1118400389095435
rl_effect_on_competition,competition_no_rl,competition_with_rl,3_DPpaulli_18_workers.fjs,7,1006,6980.391579987303,6851.712072567369,0.9815655746607603,1.8434425339239668,129600.18048763275,129600.12191390991,177070,375000,2.142538852052579,2.1291833662421906
rl_effect_on_competition,competition_no_rl,competition_with_rl,3_DPpaulli_18_workers.fjs,8,1007,7003.552774484808,6750.993138050347,0.9639383546370093,3.6061645362990724,129600.96263742447,129601.51103138924,746050,422690,2.1158769711434466,2.1162987893574754
rl_effect_on_competition,competition_no_rl,competition_with_rl,3_DPpaulli_18_workers.fjs,9,1008,6872.14161931933,6940.911071932851,1.0100069900218867,-1.0006990021886653,129600.0640411377,129600.26148295403,787840,244360,2.1249664871117284,2.116776783145121
rl_effect_on_competition,competition_no_rl,competition_with_rl,3_DPpaulli_18_workers.fjs,10,1009,6622.242903111055,6854.322954476169,1.0350455358948076,-3.5045535894807633,129600.41980409622,129600.88051176071,512920,245820,2.1252384156325594,2.132645598779144
rl_effect_on_competition,competition_no_rl,competition_with_rl,3_DPpaulli_1_workers.fjs,1,1000,6201.538801186602,6246.81112940712,1.0073001765645415,-0.7300176564541516,129600.71041417122,120617.12249779701,230420,1939480,2.118011885651162,2.103303410574788
rl_effect_on_competition,competition_no_rl,competition_with_rl,3_DPpaulli_1_workers.fjs,2,1001,6848.376390568565,6685.368336182508,0.9761975620074639,2.380243799253612,129600.29332852364,119798.81445598602,3146220,3723160,2.109139633682958,2.112948273129743
rl_effect_on_competition,competition_no_rl,competition_with_rl,3_DPpaulli_1_workers.fjs,3,1002,6655.51946612972,6583.347713530289,0.9891561052496779,1.0843894750322103,129600.80044984818,119441.39702320099,202460,1379330,2.1061770462435825,2.1039781762640746
rl_effect_on_competition,competition_no_rl,competition_with_rl,3_DPpaulli_1_workers.fjs,4,1003,6353.628276319298,6600.133280961063,1.0387975175633926,-3.879751756339256,129600.70004940033,121076.7025873661,258230,902310,2.1136487945173976,2.11204264990754
rl_effect_on_competition,competition_no_rl,competition_with_rl,3_DPpaulli_1_workers.fjs,5,1004,6372.808722989159,6244.349152325946,0.979842550397,2.0157449603000033,129601.8789293766,120530.7637784481,2916630,1678860,2.101849842674525,2.1067304832408724
rl_effect_on_competition,competition_no_rl,competition_with_rl,3_DPpaulli_1_workers.fjs,6,1005,6452.111604968358,6462.785216752894,1.0016542819526426,-0.1654281952642611,129601.89869737625,118944.99225735664,2749130,2254050,2.1023498224074153,2.097625841205094
rl_effect_on_competition,competition_no_rl,competition_with_rl,3_DPpaulli_1_workers.fjs,7,1006,6323.896403676174,6486.558670758354,1.025721842468454,-2.5721842468453993,129600.14214086533,120310.57962822914,257630,530580,2.1242513952556847,2.126740547789624
rl_effect_on_competition,competition_no_rl,competition_with_rl,3_DPpaulli_1_workers.fjs,8,1007,6530.664002434722,6612.539613756144,1.0125371036223725,-1.253710362237248,129601.11798357964,122234.93666505814,154080,211400,2.100567385794378,2.107918270244228
rl_effect_on_competition,competition_no_rl,competition_with_rl,3_DPpaulli_1_workers.fjs,9,1008,6253.090546081012,6236.219700281505,0.9973019987996047,0.2698001200395317,129600.00602078438,123895.33699607849,2855850,4841320,2.1082570957791678,2.1146896236966786
rl_effect_on_competition,competition_no_rl,competition_with_rl,3_DPpaulli_1_workers.fjs,10,1009,6475.82508757632,6513.507876359187,1.0058189942244056,-0.5818994224405571,129600.23231267929,118789.55590033531,1914540,2831440,2.1135199371985376,2.106567877218366
rl_effect_on_competition,competition_no_rl,competition_with_rl,3_DPpaulli_9_workers.fjs,1,1000,6145.651926502202,5537.910891240624,0.901110404147559,9.888959585244095,129600.46100640297,129600.52279472351,1629620,3274020,2.1243179835818187,2.1193688829853135
rl_effect_on_competition,competition_no_rl,competition_with_rl,3_DPpaulli_9_workers.fjs,2,1001,5689.001529470076,6102.901593212024,1.0727544300344918,-7.275443003449178,129601.39567184448,129600.37521409988,715650,414020,2.1331089349344117,2.1257058840863894
rl_effect_on_competition,competition_no_rl,competition_with_rl,3_DPpaulli_9_workers.fjs,3,1002,5686.110573518248,5890.653535741229,1.035972385619019,-3.5972385619019054,129601.57392334938,129601.00747418404,2485560,1605570,2.1288321128859033,2.125055388074036
rl_effect_on_competition,competition_no_rl,competition_with_rl,3_DPpaulli_9_workers.fjs,4,1003,6015.436728587933,5705.41408457184,0.9484621552841321,5.153784471586786,129601.37047767639,129601.43786859512,293360,2667920,2.135405299463235,2.13525976219006
rl_effect_on_competition,competition_no_rl,competition_with_rl,3_DPpaulli_9_workers.fjs,5,1004,5562.739167239689,5337.676427123559,0.9595410222644307,4.045897773556928,129600.20166778564,129601.391020298,1685170,1649740,2.117525377708294,2.1181255663188727
rl_effect_on_competition,competition_no_rl,competition_with_rl,3_DPpaulli_9_workers.fjs,6,1005,5681.466987847579,5157.822093936045,0.9078328018042544,9.216719819574559,129600.07017707825,129600.8839931488,2482480,538720,2.1160026025503087,2.117332550876866
rl_effect_on_competition,competition_no_rl,competition_with_rl,3_DPpaulli_9_workers.fjs,7,1006,6303.236691199653,6043.0204222257335,0.9587170398761601,4.128296012383991,129602.04652643204,129600.24413967133,2089610,241440,2.1323534138023184,2.1278240923330047
rl_effect_on_competition,competition_no_rl,competition_with_rl,3_DPpaulli_9_workers.fjs,8,1007,5758.56357071256,5521.760954128949,0.958878179657864,4.112182034213596,129600.3863825798,129601.33903980255,3180980,693240,2.121799399673014,2.114806952940999
rl_effect_on_competition,competition_no_rl,competition_with_rl,3_DPpaulli_9_workers.fjs,9,1008,5692.8071281982575,5927.963988059641,1.0413077159590702,-4.1307715959070235,129601.17623353004,129600.36412119865,335350,1627270,2.125768158401142,2.1300625181673163
rl_effect_on_competition,competition_no_rl,competition_with_rl,3_DPpaulli_9_workers.fjs,10,1009,5557.348622737905,5758.831584014574,1.0362552315779328,-3.6255231577932756,129600.32958698273,129601.49382686615,395670,666870,2.1374417779761172,2.1172174941230053
rl_effect_on_competition,competition_no_rl,competition_with_rl,4_ChambersBarnes_10_workers.fjs,1,1000,2337.535723331386,2283.3806035510297,0.9768323883824217,2.31676116175783,63894.57647776604,66497.10650587082,892140,3369050,2.1192526956766873,2.122100932668243
rl_effect_on_competition,competition_no_rl,competition_with_rl,4_ChambersBarnes_10_workers.fjs,2,1001,2237.8615616824763,2259.44231344227,1.0096434704135893,-0.9643470413589261,65008.7291200161,64592.07625246048,286540,4534300,2.135364085574882,2.1215420783495493
rl_effect_on_competition,competition_no_rl,competition_with_rl,4_ChambersBarnes_10_workers.fjs,3,1002,2301.720315145663,2290.1259454849605,0.9949627373993227,0.5037262600677272,68486.53136324883,68253.23959302902,4443720,2061760,2.127283100873995,2.11656741726891
rl_effect_on_competition,competition_no_rl,competition_with_rl,4_ChambersBarnes_10_workers.fjs,4,1003,2195.7306066139763,2270.3523129219766,1.033984909662062,-3.3984909662061913,63991.94753432274,85339.3491036892,3887290,148770,2.1235305673249285,2.13178620931641
rl_effect_on_competition,competition_no_rl,competition_with_rl,4_ChambersBarnes_10_workers.fjs,5,1004,2042.8155554510897,2069.303764543621,1.0129665201647058,-1.2966520164705786,63259.71593999863,63808.82527804375,4210860,3319140,2.1279328702615516,2.14435623268769
rl_effect_on_competition,competition_no_rl,competition_with_rl,4_ChambersBarnes_10_workers.fjs,6,1005,2301.059853015124,2297.7665584682177,0.9985687923142933,0.14312076857067035,65189.41157960892,66000.55599164963,653700,595620,2.128640012039893,2.117757196744901
rl_effect_on_competition,competition_no_rl,competition_with_rl,4_ChambersBarnes_10_workers.fjs,7,1006,2332.3797927563196,2284.8784212896553,0.9796339465750006,2.036605342499942,61409.78604364395,59565.195004463196,231050,214820,2.124207461526703,2.125468298874098
rl_effect_on_competition,competition_no_rl,competition_with_rl,4_ChambersBarnes_10_workers.fjs,8,1007,2267.7331443155153,2120.472085622717,0.9350624393077576,6.4937560692242435,65961.6166985035,83831.21601462364,1913990,983000,2.1273294036730914,2.128988037773812
rl_effect_on_competition,competition_no_rl,competition_with_rl,4_ChambersBarnes_10_workers.fjs,9,1008,2386.9751673083747,2185.478772186206,0.9155850476025763,8.44149523974237,72009.65190553665,60634.71210837364,4864570,348860,2.1179903880287263,2.1384332408866986
rl_effect_on_competition,competition_no_rl,competition_with_rl,4_ChambersBarnes_10_workers.fjs,10,1009,2296.300773404453,2366.234270578108,1.0304548506814168,-3.0454850681416845,63503.184524059296,63817.45041322708,3255760,274580,2.1262044198189383,2.1259966492166287
rl_effect_on_competition,competition_no_rl,competition_with_rl,5_Kacem_3_workers.fjs,1,1000,18.99599928603982,15.22857187741361,0.8016725863221686,19.832741367783136,12239.67696261406,11935.142491340637,661070,1133540,2.1106665873377577,2.1755102682019443
rl_effect_on_competition,competition_no_rl,competition_with_rl,5_Kacem_3_workers.fjs,2,1001,16.527182891164884,16.75256737879491,1.013637199340882,-1.3637199340881923,12063.726463317871,11953.253955125809,4555010,2044510,2.0658978613956105,2.094070922349364
rl_effect_on_competition,competition_no_rl,competition_with_rl,5_Kacem_3_workers.fjs,3,1002,16.55493916013881,15.103853367521666,0.9123472591121876,8.765274088781238,12139.024596452713,11970.273126125336,4315340,795900,2.0693673950173515,2.157693338217381
rl_effect_on_competition,competition_no_rl,competition_with_rl,5_Kacem_3_workers.fjs,4,1003,16.698481276681985,15.383016317762818,0.9212224790313056,7.87775209686944,12060.045197248459,11957.6923995018,2360200,3063120,2.087310159585248,2.197573759680403
rl_effect_on_competition,competition_no_rl,competition_with_rl,5_Kacem_3_workers.fjs,5,1004,16.833654307522295,16.88672674727277,1.003152758086921,-0.3152758086921059,11982.426431417465,11935.365436077118,2910870,2763630,2.104206788440287,2.1108408434090964
rl_effect_on_competition,competition_no_rl,competition_with_rl,5_Kacem_3_workers.fjs,6,1005,16.838073589473066,15.08126745446751,0.8956646598751126,10.433534012488742,12070.809917926788,11920.57630777359,2363360,4636520,2.104759198684133,2.154466779209644
rl_effect_on_competition,competition_no_rl,competition_with_rl,5_Kacem_3_workers.fjs,7,1006,17.061073863432043,17.01855908109849,0.9975080828631382,0.24919171368618098,12020.689793348312,11931.301088809967,3793410,2359790,2.1326342329290053,2.1273198851373114
rl_effect_on_competition,competition_no_rl,competition_with_rl,5_Kacem_3_workers.fjs,8,1007,17.064740763691333,17.170532474272513,1.00619943262228,-0.6199432622280066,12097.57264661789,11996.884518146515,921110,4875410,2.1330925954614166,2.146316559284064
rl_effect_on_competition,competition_no_rl,competition_with_rl,5_Kacem_3_workers.fjs,9,1008,15.293996160379747,17.160824725772578,1.122062837326257,-12.206283732625689,12077.375705480576,12058.14944601059,3593390,4469090,2.184856594339964,2.1451030907215722
rl_effect_on_competition,competition_no_rl,competition_with_rl,5_Kacem_3_workers.fjs,10,1009,16.84879875814871,15.272736190647944,0.9064584609191487,9.354153908085127,12077.729210138321,11934.35744214058,4982620,4879250,2.106099844768589,2.181819455806849
rl_effect_on_competition,competition_no_rl,competition_with_rl,5_Kacem_4_workers.fjs,1,1000,32.682927280332166,34.282364264443764,1.0489379965996528,-4.893799659965281,18940.953230142593,19746.24082183838,3675750,4744900,2.178861818688811,2.1426477665277353
rl_effect_on_competition,competition_no_rl,competition_with_rl,5_Kacem_4_workers.fjs,2,1001,28.222549504088672,32.553461396335685,1.1534557284280635,-15.345572842806355,19160.56962108612,20965.064465761185,4494400,3295790,2.1709653464683596,2.1702307597557122
rl_effect_on_competition,competition_no_rl,competition_with_rl,5_Kacem_4_workers.fjs,3,1002,30.758696910434935,31.99977659373218,1.040348903170739,-4.0348903170738915,19341.96282362938,20926.70357656479,4762270,3835660,2.197049779316781,2.1333184395821454
rl_effect_on_competition,competition_no_rl,competition_with_rl,5_Kacem_4_workers.fjs,4,1003,30.585182076605413,35.407497400289834,1.1576683542901975,-15.766835429019753,21010.562972784042,20115.46984386444,4736220,1860220,2.1846558626146724,2.2129685875181146
rl_effect_on_competition,competition_no_rl,competition_with_rl,5_Kacem_4_workers.fjs,5,1004,30.827119421037082,30.02610676861278,0.9740159746525757,2.5984025347424278,19177.245486736298,19868.29162955284,2031140,2444820,2.2019371015026485,2.14472191204377
rl_effect_on_competition,competition_no_rl,competition_with_rl,5_Kacem_4_workers.fjs,6,1005,30.25482780129297,30.651326081503637,1.0131052896025317,-1.3105289602531656,18804.106725215912,21892.148577928543,2323410,4816450,2.1610591286637835,2.189380434393117
rl_effect_on_competition,competition_no_rl,competition_with_rl,5_Kacem_4_workers.fjs,7,1006,34.47218944833628,34.5298258939789,1.0016719693922838,-0.16719693922837564,20076.975618124008,21015.98135495186,4886030,4693010,2.1545118405210175,2.1581141183736814
rl_effect_on_competition,competition_no_rl,competition_with_rl,5_Kacem_4_workers.fjs,8,1007,30.222424552982993,38.82533335496634,1.284653164967012,-28.46531649670121,18908.97502017021,19743.46707034111,4860180,4949270,2.1587446109273567,2.1569629641647965
rl_effect_on_competition,competition_no_rl,competition_with_rl,5_Kacem_4_workers.fjs,9,1008,31.83784256229276,32.98303352357773,1.0359694900508516,-3.5969490050851594,20828.142822265625,20135.776374578476,1438400,4704700,2.122522837486184,2.1988689015718488
rl_effect_on_competition,competition_no_rl,competition_with_rl,5_Kacem_4_workers.fjs,10,1009,32.88789739433571,34.07748095808416,1.036170860954867,-3.617086095486699,19322.86292028427,21660.188407421112,2769740,3521990,2.192526492955714,2.12984255988026
rl_effect_on_competition,competition_no_rl,competition_with_rl,6_Fattahi_14_workers.fjs,1,1000,1222.3043302293215,1224.3031915016913,1.0016353220903627,-0.16353220903626564,10082.605886220932,10137.288804769516,4545930,3289290,2.1074212590160717,2.1108675715546403
rl_effect_on_competition,competition_no_rl,competition_with_rl,6_Fattahi_14_workers.fjs,2,1001,1190.087229497309,1199.066532230824,1.0075450794790124,-0.7545079479012395,10034.453359603882,10124.047385692596,2345890,4541910,2.106349078756299,2.12224164996606
rl_effect_on_competition,competition_no_rl,competition_with_rl,6_Fattahi_14_workers.fjs,3,1002,1284.6019284756985,1306.8140868882053,1.017291082879553,-1.7291082879552944,10034.036124229431,10084.963770151138,4589960,979410,2.1198051625011525,2.111169768801624
rl_effect_on_competition,competition_no_rl,competition_with_rl,6_Fattahi_14_workers.fjs,4,1003,1198.3651145554186,1192.8250005362602,0.9953769398392295,0.462306016077052,10050.868281841278,10172.113853931427,4842210,2068810,2.1476077321781695,2.137679212430574
rl_effect_on_competition,competition_no_rl,competition_with_rl,6_Fattahi_14_workers.fjs,5,1004,1266.0281120417396,1210.4608392204348,0.9561089739692346,4.3891026030765445,10172.538403272629,10105.438241481781,2936410,3881260,2.127778339565949,2.127347696345228
rl_effect_on_competition,competition_no_rl,competition_with_rl,6_Fattahi_14_workers.fjs,6,1005,1208.266061582171,1198.546403256536,0.9919556969820806,0.8044303017919363,10097.247552871704,10150.102371454239,1457000,2037930,2.1086667741399143,2.1213210677106833
rl_effect_on_competition,competition_no_rl,competition_with_rl,6_Fattahi_14_workers.fjs,7,1006,1313.0034733525708,1303.224834526902,0.9925524653787088,0.7447534621291219,10035.77022075653,10069.351226091385,4921680,4523640,2.1384421390107016,2.1469931376060987
rl_effect_on_competition,competition_no_rl,competition_with_rl,6_Fattahi_14_workers.fjs,8,1007,1228.405810764075,1208.9528110548713,0.9841640282561803,1.5835971743819677,10062.954860687256,10098.544055700302,4609820,748260,2.0998389927591026,2.1025266279215153
rl_effect_on_competition,competition_no_rl,competition_with_rl,6_Fattahi_14_workers.fjs,9,1008,1216.3118729363728,1307.873449402971,1.0752780421731425,-7.527804217314249,10081.703619003296,10191.56956911087,4772310,469670,2.1681138555015558,2.106076408056314
rl_effect_on_competition,competition_no_rl,competition_with_rl,6_Fattahi_14_workers.fjs,10,1009,1259.985012117914,1208.7109246666055,0.9593057957371083,4.069420426289172,10061.942926168442,10134.306303739548,1206750,3786040,2.117621869105738,2.094819626805209
rl_effect_on_competition,competition_no_rl,competition_with_rl,6_Fattahi_20_workers.fjs,1,1000,2827.444009921338,2857.2983608031323,1.0105587770357387,-1.055877703573871,16959.010805606842,17453.163020133972,4926350,2160250,2.121113285762444,2.1435096480143527
rl_effect_on_competition,competition_no_rl,competition_with_rl,6_Fattahi_20_workers.fjs,2,1001,2882.216248877939,2928.132869036201,1.0159310114833118,-1.5931011483311774,17009.35125041008,16778.458275794983,4168120,992140,2.1038074809328022,2.1126499776595966
rl_effect_on_competition,competition_no_rl,competition_with_rl,6_Fattahi_20_workers.fjs,3,1002,2917.511969874489,2925.992270494938,1.0029066892297323,-0.2906689229732251,17184.067345380783,16635.866152524948,3798740,2993890,2.1452293896135948,2.1388832386658905
rl_effect_on_competition,competition_no_rl,competition_with_rl,6_Fattahi_20_workers.fjs,4,1003,2764.9151041450764,2712.208453955111,0.9809373350700898,1.9062664929910156,18275.62546491623,17411.894567728043,3761450,3007250,2.156720050035161,2.133916958265233
rl_effect_on_competition,competition_no_rl,competition_with_rl,6_Fattahi_20_workers.fjs,5,1004,2687.6239851116466,2694.134796979724,1.0024225159115057,-0.24225159115056627,17666.203986406326,17174.31985282898,2268310,2205220,2.1279683175864186,2.108086695602288
rl_effect_on_competition,competition_no_rl,competition_with_rl,6_Fattahi_20_workers.fjs,6,1005,2711.7201690742877,2778.7173880793807,1.0247065385909506,-2.470653859095062,17460.154178619385,17123.157236099243,4998110,3713740,2.1285087669342917,2.121158311510978
rl_effect_on_competition,competition_no_rl,competition_with_rl,6_Fattahi_20_workers.fjs,7,1006,2891.9232831473314,2818.74994424771,0.9746973443846043,2.5302655615395686,17031.786366701126,17494.991758584976,4455690,3057970,2.1248517877643875,2.138657013845
rl_effect_on_competition,competition_no_rl,competition_with_rl,6_Fattahi_20_workers.fjs,8,1007,2780.3883274353757,2768.0743855469955,0.9955711431504467,0.44288568495532976,16229.655694961548,16494.275156736374,3784810,3862840,2.1111528682121303,2.124385560665384
rl_effect_on_competition,competition_no_rl,competition_with_rl,6_Fattahi_20_workers.fjs,9,1008,3051.917101924744,2846.1840689616783,0.9325889183446966,6.74110816553034,17250.09663081169,16646.88159584999,4725500,4438140,2.098980125120182,2.0897093017339783
rl_effect_on_competition,competition_no_rl,competition_with_rl,6_Fattahi_20_workers.fjs,10,1009,2851.5086463306916,3085.3660550490035,1.0820118182069125,-8.20118182069125,17393.408655405045,17354.63528227806,2321980,4204040,2.118505680780603,2.1176156863754314
rl_effect_on_hpo,hpo_no_rl,hpo_with_rl,0_BehnkeGeiger_42_workers.fjs,1,1000,178.5286383805334,177.74705781480503,0.9956220997772781,0.43779002227218866,129600.54601573944,129600.57690143585,4359096,4964652,2.1003369221239225,2.0911418566447653
rl_effect_on_hpo,hpo_no_rl,hpo_with_rl,0_BehnkeGeiger_42_workers.fjs,2,1001,186.96311792030193,187.66865768554413,1.003773684206224,-0.3773684206223926,129600.49124312401,129600.03947210312,3815028,3346644,2.100709190115752,2.108636603208361
rl_effect_on_hpo,hpo_no_rl,hpo_with_rl,0_BehnkeGeiger_42_workers.fjs,3,1002,171.37400081818723,175.30724012588723,1.0229512019846747,-2.2951201984674707,129600.17172980309,129600.1644461155,2437056,3238176,2.1421750102273402,2.1121354232034606
rl_effect_on_hpo,hpo_no_rl,hpo_with_rl,0_BehnkeGeiger_42_workers.fjs,4,1003,192.19723651420426,193.56659464956442,1.0071247545500424,-0.7124754550042356,129601.40086627007,129601.6318807602,3983376,4791756,2.112057544112135,2.127105435709499
rl_effect_on_hpo,hpo_no_rl,hpo_with_rl,0_BehnkeGeiger_42_workers.fjs,5,1004,176.1119511060214,183.1749795107103,1.0401053327745877,-4.010533277458772,129601.29624414444,129600.02747988701,4407372,4445964,2.121830736217125,2.1299416222175616
rl_effect_on_hpo,hpo_no_rl,hpo_with_rl,0_BehnkeGeiger_42_workers.fjs,6,1005,180.43882947157744,187.44112508000245,1.0388070329924637,-3.8807032992463686,129601.59934949875,129601.45213913918,4910196,4032528,2.148081303233065,2.106080057078679
rl_effect_on_hpo,hpo_no_rl,hpo_with_rl,0_BehnkeGeiger_42_workers.fjs,7,1006,183.5034947716236,185.7623247269171,1.0123094655941276,-1.23094655941276,129600.24977445602,129601.25855255127,3174468,4479168,2.133761567111902,2.1351991347921504
rl_effect_on_hpo,hpo_no_rl,hpo_with_rl,0_BehnkeGeiger_42_workers.fjs,8,1007,190.98879564072303,181.74979461666408,0.9516254291616204,4.837457083837959,129600.5017542839,129601.02251935005,1143600,4552644,2.0987779740738794,2.113369704844931
rl_effect_on_hpo,hpo_no_rl,hpo_with_rl,0_BehnkeGeiger_42_workers.fjs,9,1008,197.61266022526374,188.58392668151467,0.9543109559202483,4.568904407975172,129600.66140294075,129600.54851126671,3153984,4785504,2.1022623428219545,2.095376963127941
rl_effect_on_hpo,hpo_no_rl,hpo_with_rl,0_BehnkeGeiger_42_workers.fjs,10,1009,184.69150541266538,181.9719133872012,0.9852749479766941,1.4725052023305873,129600.93010139465,129600.71212530136,4804476,4960044,2.122890866812246,2.1159524812465254
rl_effect_on_hpo,hpo_no_rl,hpo_with_rl,0_BehnkeGeiger_46_workers.fjs,1,1000,277.4343629964597,288.7142320784272,1.040657793649417,-4.065779364941702,129601.07300591469,129601.19924688339,4983576,4927968,2.117819564858471,2.122898765282553
rl_effect_on_hpo,hpo_no_rl,hpo_with_rl,0_BehnkeGeiger_46_workers.fjs,2,1001,285.55112825802127,274.27806450245396,0.9605217327476953,3.9478267252304744,129600.03589296341,129602.41965842247,4542540,4440600,2.1309785690897107,2.1427973789254215
rl_effect_on_hpo,hpo_no_rl,hpo_with_rl,0_BehnkeGeiger_46_workers.fjs,3,1002,261.18398616522,294.01741979975526,1.1257099798368397,-12.570997983683974,129600.16239500046,129600.36747813225,4829304,2006940,2.1234470419936584,2.1305610130417048
rl_effect_on_hpo,hpo_no_rl,hpo_with_rl,0_BehnkeGeiger_46_workers.fjs,4,1003,292.8316528750469,292.62131521619773,0.9992817113287308,0.07182886712692182,129601.09591031075,129600.97018313408,1881696,3978120,2.137457320255817,2.1359220088773556
rl_effect_on_hpo,hpo_no_rl,hpo_with_rl,0_BehnkeGeiger_46_workers.fjs,5,1004,281.6038647414634,284.0674602992181,1.0087484437048353,-0.8748443704835296,129602.44387483597,129601.69946837425,4629852,4891224,2.133362611677753,2.104203409623838
rl_effect_on_hpo,hpo_no_rl,hpo_with_rl,0_BehnkeGeiger_46_workers.fjs,6,1005,295.3134864924032,281.98718210805,0.9548740406588373,4.51259593411627,129601.21262979507,129601.80412983894,981792,4581204,2.139952800669588,2.1362665311215907
rl_effect_on_hpo,hpo_no_rl,hpo_with_rl,0_BehnkeGeiger_46_workers.fjs,7,1006,278.71260291204663,281.2312608105685,1.00903675640142,-0.9036756401419987,129602.2822098732,129600.42423725128,4968948,4796760,2.11145911297005,2.1468035176379274
rl_effect_on_hpo,hpo_no_rl,hpo_with_rl,0_BehnkeGeiger_46_workers.fjs,8,1007,297.50954666256024,317.2910633780262,1.0664903595107234,-6.649035951072335,129601.53249764442,129602.3153424263,4995444,2989608,2.15586628016348,2.1294702240135988
rl_effect_on_hpo,hpo_no_rl,hpo_with_rl,0_BehnkeGeiger_46_workers.fjs,9,1008,304.3300556037774,294.42731438714475,0.9674605217779557,3.2539478222044282,129600.7081143856,129601.08583974838,2806464,4629312,2.1431694056604043,2.133531263674962
rl_effect_on_hpo,hpo_no_rl,hpo_with_rl,0_BehnkeGeiger_46_workers.fjs,10,1009,281.8270597621244,288.62236925329944,1.0241116289433336,-2.411162894333363,129601.26151704788,129600.72345495224,1632948,4744584,2.135053483046397,2.137943475950366
rl_effect_on_hpo,hpo_no_rl,hpo_with_rl,0_BehnkeGeiger_60_workers.fjs,1,1000,1916.9178154989365,1751.10062902295,0.9134980200323155,8.65019799676845,129602.35560202599,129603.86613988876,202068,426348,2.1065030939548754,2.1123047394727985
rl_effect_on_hpo,hpo_no_rl,hpo_with_rl,0_BehnkeGeiger_60_workers.fjs,2,1001,1812.1964108518841,1682.0880992758525,0.9282040783234584,7.1795921676541585,129603.4349064827,129602.7304315567,124296,132792,2.10475773618105,2.1238486101967835
rl_effect_on_hpo,hpo_no_rl,hpo_with_rl,0_BehnkeGeiger_60_workers.fjs,3,1002,1904.6975040069624,1688.6651053697874,0.8865791559117907,11.342084408820929,129605.4435582161,129603.66641712189,299112,522504,2.097684475778593,2.1187767946923306
rl_effect_on_hpo,hpo_no_rl,hpo_with_rl,0_BehnkeGeiger_60_workers.fjs,4,1003,1900.3626451621572,1734.905822312837,0.9129340795713221,8.70659204286779,129600.18894767761,129600.02969479561,317484,354744,2.0952179108733815,2.1131617811362204
rl_effect_on_hpo,hpo_no_rl,hpo_with_rl,0_BehnkeGeiger_60_workers.fjs,5,1004,1821.7448590268339,1820.3784054066655,0.9992499204192082,0.07500795807917626,129602.06965637207,129600.05560445786,361896,379284,2.1109442167170727,2.1044837056724455
rl_effect_on_hpo,hpo_no_rl,hpo_with_rl,0_BehnkeGeiger_60_workers.fjs,6,1005,1842.2948713126573,2015.3339198018025,1.093925815668071,-9.39258156680709,129600.89335250854,129604.11983704567,556440,252024,2.1200171131330925,2.099306166460211
rl_effect_on_hpo,hpo_no_rl,hpo_with_rl,0_BehnkeGeiger_60_workers.fjs,7,1006,1904.3668231261267,1730.9870076813745,0.9089567128878356,9.104328711216436,129603.53124403954,129604.93507671356,338040,100332,2.108933358943662,2.116121036285299
rl_effect_on_hpo,hpo_no_rl,hpo_with_rl,0_BehnkeGeiger_60_workers.fjs,8,1007,2107.495485116738,1860.5455369177655,0.8828230238484741,11.71769761515259,129600.19412469864,129603.43508386612,75468,376044,2.107495485116738,2.121488639586962
rl_effect_on_hpo,hpo_no_rl,hpo_with_rl,0_BehnkeGeiger_60_workers.fjs,9,1008,1835.3716800967898,1844.0349718665175,1.004720183853589,-0.4720183853589077,129600.1174390316,129603.68931293488,357132,677244,2.1047840368082453,2.122019530341217
rl_effect_on_hpo,hpo_no_rl,hpo_with_rl,0_BehnkeGeiger_60_workers.fjs,10,1009,1796.3535784183728,1628.6624675351902,0.9066491625602857,9.335083743971428,129600.21756744385,129603.88136553764,264216,153588,2.108396218800907,2.112402681628003
rl_effect_on_hpo,hpo_no_rl,hpo_with_rl,1_Brandimarte_12_workers.fjs,1,1000,1084.93199332406,1154.7427368811034,1.0643457322547512,-6.434573225475115,129600.41942477226,129601.50995159149,1059936,1044408,2.1231545857613696,2.126598042138312
rl_effect_on_hpo,hpo_no_rl,hpo_with_rl,1_Brandimarte_12_workers.fjs,2,1001,1221.3992383639188,1141.3433845144828,0.9344556216060262,6.554437839397376,129600.09247660637,129601.8390762806,1490184,1968336,2.1241725884589893,2.121456105045507
rl_effect_on_hpo,hpo_no_rl,hpo_with_rl,1_Brandimarte_12_workers.fjs,3,1002,1082.2570776351224,1102.693281344181,1.0188829476206471,-1.8882947620647128,129601.8672785759,129600.21963405609,778488,3680532,2.117919917094173,2.116493822157737
rl_effect_on_hpo,hpo_no_rl,hpo_with_rl,1_Brandimarte_12_workers.fjs,4,1003,1133.358815941389,1144.7791249732027,1.0100765166963719,-1.0076516696371884,129601.414093256,129600.05377197266,883992,428496,2.1184276933483903,2.1160427448672876
rl_effect_on_hpo,hpo_no_rl,hpo_with_rl,1_Brandimarte_12_workers.fjs,5,1004,1084.2159790500314,1088.1358793435145,1.003615423835496,-0.36154238354959567,129601.20217347145,129600.08831810951,545892,3597252,2.1052737457282165,2.112885202608766
rl_effect_on_hpo,hpo_no_rl,hpo_with_rl,1_Brandimarte_12_workers.fjs,6,1005,1068.2858212090568,1114.3736455629512,1.0431418478453018,-4.314184784530184,129601.90400123596,129600.89966750145,3703692,1564860,2.1029248448997184,2.110556146899529
rl_effect_on_hpo,hpo_no_rl,hpo_with_rl,1_Brandimarte_12_workers.fjs,7,1006,1156.0400917474178,1165.313133595766,1.0080213843053933,-0.8021384305393342,129601.3193924427,129600.43690991402,3087252,434100,2.128987277619554,2.12648382043023
rl_effect_on_hpo,hpo_no_rl,hpo_with_rl,1_Brandimarte_12_workers.fjs,8,1007,1117.2469204336376,1154.1502359493993,1.0330305815490084,-3.3030581549008398,129601.13785767555,129601.16007137299,679680,1864860,2.1080130574219575,2.113828270969596
rl_effect_on_hpo,hpo_no_rl,hpo_with_rl,1_Brandimarte_12_workers.fjs,9,1008,1147.576668400157,1197.7162550596604,1.0436917097045928,-4.36917097045928,129602.03837132454,129601.14544558525,2557932,695076,2.121213804806205,2.1086553786261626
rl_effect_on_hpo,hpo_no_rl,hpo_with_rl,1_Brandimarte_12_workers.fjs,10,1009,1088.8582231646662,1191.671625943406,1.0944231311216277,-9.44231311216277,129601.60484910011,129601.27963447571,4525356,2807016,2.1266762171184888,2.1166458720131547
rl_effect_on_hpo,hpo_no_rl,hpo_with_rl,1_Brandimarte_14_workers.fjs,1,1000,1479.351628981415,1398.4839253329762,0.9453357118995983,5.466428810040169,129601.12845182419,129600.90535879135,924840,1650132,2.11335946997345,2.1029833463653778
rl_effect_on_hpo,hpo_no_rl,hpo_with_rl,1_Brandimarte_14_workers.fjs,2,1001,1553.0394675937744,1453.8713037105424,0.936145754211334,6.385424578866605,129600.05322241783,129602.4773042202,652524,1909212,2.1187441576995556,2.1009700920672576
rl_effect_on_hpo,hpo_no_rl,hpo_with_rl,1_Brandimarte_14_workers.fjs,3,1002,1418.6525784662585,1408.3558551028154,0.9927418992361222,0.7258100763877784,129602.57657623291,129601.60584044456,564084,488244,2.101707523653716,2.1146484310853086
rl_effect_on_hpo,hpo_no_rl,hpo_with_rl,1_Brandimarte_14_workers.fjs,4,1003,1468.2288632794143,1420.5593300899905,0.9675326276565971,3.246737234340291,129600.17467570305,129601.18349027634,2877012,338100,2.1095242288497333,2.110786523164919
rl_effect_on_hpo,hpo_no_rl,hpo_with_rl,1_Brandimarte_14_workers.fjs,5,1004,1477.480723846549,1449.6887029102263,0.9811895881362381,1.8810411863761867,129600.2547929287,129601.06740808487,2663604,440952,2.110686748352213,2.1040474643109235
rl_effect_on_hpo,hpo_no_rl,hpo_with_rl,1_Brandimarte_14_workers.fjs,6,1005,1509.1837185107593,1493.7383576645184,0.989765751739303,1.0234248260696965,129602.11064076424,129600.85108017921,190080,341316,2.1077984895401665,2.1127840985353865
rl_effect_on_hpo,hpo_no_rl,hpo_with_rl,1_Brandimarte_14_workers.fjs,7,1006,1548.1706099474518,1450.5327165259898,0.9369333762092436,6.306662379075645,129601.40449857712,129601.91005730629,209496,2123580,2.1121017871043,2.111401334098966
rl_effect_on_hpo,hpo_no_rl,hpo_with_rl,1_Brandimarte_14_workers.fjs,8,1007,1469.0194052920078,1402.187431326183,0.9545057242095859,4.54942757904141,129602.63371348381,129602.35554432869,744264,1300320,2.101601438185991,2.09908298102722
rl_effect_on_hpo,hpo_no_rl,hpo_with_rl,1_Brandimarte_14_workers.fjs,9,1008,1551.9482109871221,1438.4842321933593,0.9268893265957672,7.311067340423283,129601.5435295105,129602.37225222588,260280,1295664,2.1172554038023494,2.1123116478610267
rl_effect_on_hpo,hpo_no_rl,hpo_with_rl,1_Brandimarte_14_workers.fjs,10,1009,1459.6845767762597,1537.8899620521927,1.0535769073128463,-5.357690731284626,129600.54760432243,129601.93874692917,281436,406032,2.1154848938786373,2.10958842531165
rl_effect_on_hpo,hpo_no_rl,hpo_with_rl,1_Brandimarte_7_workers.fjs,1,1000,366.16112837659966,392.3073625007997,1.0714063621120056,-7.140636211200557,129600.03329396248,129600.9913122654,917964,4686960,2.116538314315605,2.1091793682838693
rl_effect_on_hpo,hpo_no_rl,hpo_with_rl,1_Brandimarte_7_workers.fjs,2,1001,384.8137282251506,370.4713988105543,0.9627291638457224,3.727083615427762,129600.40532016754,129600.41848611832,185868,134448,2.1260426973765227,2.1414531723153427
rl_effect_on_hpo,hpo_no_rl,hpo_with_rl,1_Brandimarte_7_workers.fjs,3,1002,377.4185941725409,364.4803387792582,0.965719083285632,3.428091671436795,129600.6863758564,129600.83772802353,4029876,556548,2.1203291807446116,2.1314639694693462
rl_effect_on_hpo,hpo_no_rl,hpo_with_rl,1_Brandimarte_7_workers.fjs,4,1003,373.5059207833899,365.5325938062238,0.9786527427451676,2.134725725483244,129600.66698718071,129600.05010485649,3500508,598728,2.1343195473336567,2.1376175076387356
rl_effect_on_hpo,hpo_no_rl,hpo_with_rl,1_Brandimarte_7_workers.fjs,5,1004,362.1805298383675,350.0342442861516,0.9664634497121187,3.3536550287881273,129600.96531748772,129600.52750515938,4720560,2773164,2.1304737049315734,2.1214196623403128
rl_effect_on_hpo,hpo_no_rl,hpo_with_rl,1_Brandimarte_7_workers.fjs,6,1005,356.412371199866,369.46778261415506,1.03663007367095,-3.6630073670949947,129600.79201960564,129600.03007411957,2973432,339948,2.1089489420110414,2.111244472080886
rl_effect_on_hpo,hpo_no_rl,hpo_with_rl,1_Brandimarte_7_workers.fjs,7,1006,371.7492995184785,380.44837465377833,1.0234003807043286,-2.3400380704328594,129600.17354655266,129601.1182141304,2740092,150588,2.1364902271176924,2.125409914266918
rl_effect_on_hpo,hpo_no_rl,hpo_with_rl,1_Brandimarte_7_workers.fjs,8,1007,356.4789151153858,363.43291851378467,1.019507474645865,-1.9507474645864997,129600.03563642502,129600.04516768456,2832804,1588440,2.1093426929904484,2.112982084382469
rl_effect_on_hpo,hpo_no_rl,hpo_with_rl,1_Brandimarte_7_workers.fjs,9,1008,362.92935592296675,357.4311005038419,0.9848503425545663,1.5149657445433728,129600.07960438728,129600.71592998505,4078872,4552404,2.1475109817927027,2.12756607442763
rl_effect_on_hpo,hpo_no_rl,hpo_with_rl,1_Brandimarte_7_workers.fjs,10,1009,391.4965563255743,392.7588757179376,1.003224343540109,-0.32243435401089204,129600.42867588997,129600.53839349747,2323248,3985584,2.1393254444020453,2.1230209498266897
rl_effect_on_hpo,hpo_no_rl,hpo_with_rl,2a_Hurink_sdata_18_workers.fjs,1,1000,2831.9376976373755,2844.3080983602367,1.004368175448627,-0.43681754486271096,129600.95225024223,129600.51924180984,3070812,3149196,2.0977316278795373,2.113156090906565
rl_effect_on_hpo,hpo_no_rl,hpo_with_rl,2a_Hurink_sdata_18_workers.fjs,2,1001,2895.907545065749,2814.7820477385094,0.9719861576846722,2.8013842315327775,129601.20767331123,129600.06433558464,2209416,407568,2.100005471403734,2.0974530907142395
rl_effect_on_hpo,hpo_no_rl,hpo_with_rl,2a_Hurink_sdata_18_workers.fjs,3,1002,2653.893481505599,2709.137845774911,1.0208163457404367,-2.081634574043667,129600.65199899673,129600.89258146286,350628,418416,2.1163424892389147,2.1248139966862047
rl_effect_on_hpo,hpo_no_rl,hpo_with_rl,2a_Hurink_sdata_18_workers.fjs,4,1003,2832.7259162720584,2775.117851261631,0.9796633819461641,2.033661805383591,129600.9895658493,129600.07150149345,155544,3709488,2.117134466571045,2.1265270890893726
rl_effect_on_hpo,hpo_no_rl,hpo_with_rl,2a_Hurink_sdata_18_workers.fjs,5,1004,2899.397251540459,2750.955441214875,0.9488025277506501,5.11974722493499,129600.30741930008,129600.57857728004,282804,2231916,2.107120095596264,2.103176942824828
rl_effect_on_hpo,hpo_no_rl,hpo_with_rl,2a_Hurink_sdata_18_workers.fjs,6,1005,2683.834629880289,2710.8901149885396,1.010080906180668,-1.0080906180667926,129600.30216765404,129600.37401127815,365868,406920,2.095109000687189,2.104728350146382
rl_effect_on_hpo,hpo_no_rl,hpo_with_rl,2a_Hurink_sdata_18_workers.fjs,7,1006,2851.121738734768,2790.9074554509884,0.9788804937840008,2.111950621599923,129600.23750066757,129600.76549696922,202752,4566564,2.1261161362675374,2.132091257029021
rl_effect_on_hpo,hpo_no_rl,hpo_with_rl,2a_Hurink_sdata_18_workers.fjs,8,1007,2633.1098422303176,2724.7425593420676,1.0348001878395374,-3.480018783953742,129600.2179043293,129600.05715107918,2304936,2738688,2.103122877180765,2.0943447804320274
rl_effect_on_hpo,hpo_no_rl,hpo_with_rl,2a_Hurink_sdata_18_workers.fjs,9,1008,2865.201284873986,2830.5233274576412,0.9878968512266775,1.2103148773322525,129600.98097586632,129600.07287168503,2979060,194628,2.0975119215768565,2.1091828073454852
rl_effect_on_hpo,hpo_no_rl,hpo_with_rl,2a_Hurink_sdata_18_workers.fjs,10,1009,2738.727654882897,2766.73963402337,1.0102280995667936,-1.0228099566793603,129600.04794406891,129601.10021853447,1058376,3259452,2.1197582468133875,2.1201069992516244
rl_effect_on_hpo,hpo_no_rl,hpo_with_rl,2a_Hurink_sdata_1_workers.fjs,1,1000,110.90598850207537,118.47392694117576,1.0682374192892097,-6.823741928920968,129600.05150032043,129600.27405524254,4281132,2272524,2.132807471193757,2.1156058382352816
rl_effect_on_hpo,hpo_no_rl,hpo_with_rl,2a_Hurink_sdata_1_workers.fjs,2,1001,113.66012574534052,114.51946535676753,1.0075606076079169,-0.756060760791688,129600.02778720856,129600.07588028908,2519928,254832,2.104817143432232,2.1207308399401392
rl_effect_on_hpo,hpo_no_rl,hpo_with_rl,2a_Hurink_sdata_1_workers.fjs,3,1002,120.10997200067368,120.0556780705132,0.9995479648420851,0.045203515791492066,129600.36880421638,129600.08135056496,758184,661536,2.107192491239889,2.1062399661493543
rl_effect_on_hpo,hpo_no_rl,hpo_with_rl,2a_Hurink_sdata_1_workers.fjs,4,1003,112.15694471818063,110.79716249442767,0.9878760764465392,1.2123923553460814,129600.6906068325,129600.6398589611,4034412,1429380,2.116168768267559,2.1307146633543783
rl_effect_on_hpo,hpo_no_rl,hpo_with_rl,2a_Hurink_sdata_1_workers.fjs,5,1004,113.12770537711093,113.85338172086726,1.0064146651020394,-0.6414665102039363,129600.71892738342,129600.93946456909,2578344,4513800,2.0949575069835356,2.1083959577938383
rl_effect_on_hpo,hpo_no_rl,hpo_with_rl,2a_Hurink_sdata_1_workers.fjs,6,1005,112.035431440313,110.40709123111384,0.9854658460429399,1.4534153957060147,129600.89291024208,129600.59756660461,4781244,2568516,2.113876064911566,2.123213292906035
rl_effect_on_hpo,hpo_no_rl,hpo_with_rl,2a_Hurink_sdata_1_workers.fjs,7,1006,111.9202511725688,111.39161689695008,0.9952766879087537,0.47233120912463233,129600.0098657608,129600.58053469658,3274488,4244808,2.1523125225494,2.1017286206971715
rl_effect_on_hpo,hpo_no_rl,hpo_with_rl,2a_Hurink_sdata_1_workers.fjs,8,1007,113.24010124241296,112.68073958301792,0.9950603924470395,0.4939607552960523,129600.97104096413,129600.96754956245,4303668,4897536,2.0970389118965365,2.08668036264848
rl_effect_on_hpo,hpo_no_rl,hpo_with_rl,2a_Hurink_sdata_1_workers.fjs,9,1008,113.02051336268107,112.81189987600919,0.9981541980259597,0.1845801974040273,129600.25557565689,129600.58837890625,2371848,4467228,2.092972469679279,2.089109256963133
rl_effect_on_hpo,hpo_no_rl,hpo_with_rl,2a_Hurink_sdata_1_workers.fjs,10,1009,119.65377476979923,119.35475614981365,0.9975009679338503,0.24990320661496535,129600.15007543564,129600.26675534248,1749936,998916,2.099189031049109,2.093943090347608
rl_effect_on_hpo,hpo_no_rl,hpo_with_rl,2a_Hurink_sdata_38_workers.fjs,1,1000,5243.341681754286,4866.9258833431095,0.92821070583269,7.178929416730995,129600.07626128197,129602.06462597847,377472,837816,2.122810397471371,2.126223627498082
rl_effect_on_hpo,hpo_no_rl,hpo_with_rl,2a_Hurink_sdata_38_workers.fjs,2,1001,5155.370537097071,5189.939796903478,1.0067054850000894,-0.6705485000089384,129601.3551018238,129601.25330615044,831048,731808,2.1119912073318603,2.112307609647325
rl_effect_on_hpo,hpo_no_rl,hpo_with_rl,2a_Hurink_sdata_38_workers.fjs,3,1002,4983.633257822706,4674.760846211243,0.938022644197056,6.1977355802943945,129602.54620432854,129600.05146098137,301512,722268,2.11889169125115,2.119111897647889
rl_effect_on_hpo,hpo_no_rl,hpo_with_rl,2a_Hurink_sdata_38_workers.fjs,4,1003,5180.659489563512,4932.148345993597,0.9520309829143292,4.796901708567081,129601.65048575401,129600.57521033287,288060,474648,2.118012873901681,2.1250100585926743
rl_effect_on_hpo,hpo_no_rl,hpo_with_rl,2a_Hurink_sdata_38_workers.fjs,5,1004,5178.836645274094,5233.801923072355,1.0106134411187537,-1.061344111875373,129601.29696679115,129601.63109326363,670020,909096,2.1146740078701893,2.107005605101592
rl_effect_on_hpo,hpo_no_rl,hpo_with_rl,2a_Hurink_sdata_38_workers.fjs,6,1005,4959.240806211314,4833.161068330813,0.9745768066510121,2.5423193348987905,129601.37071299553,129602.33060479164,710820,428436,2.1094176121698482,2.1087090175963406
rl_effect_on_hpo,hpo_no_rl,hpo_with_rl,2a_Hurink_sdata_38_workers.fjs,7,1006,4812.132580380412,4681.603416752626,0.9728749859968597,2.712501400314027,129601.84407258034,129603.03227186203,1598148,526680,2.126439496412025,2.123176152722279
rl_effect_on_hpo,hpo_no_rl,hpo_with_rl,2a_Hurink_sdata_38_workers.fjs,8,1007,5344.947563978381,4746.897775495219,0.8881093254284391,11.189067457156089,129601.6016459465,129600.61784005165,506220,2187156,2.116810916427082,2.110670420406945
rl_effect_on_hpo,hpo_no_rl,hpo_with_rl,2a_Hurink_sdata_38_workers.fjs,9,1008,5036.758672593294,5097.338574619634,1.012027556999301,-1.2027556999300915,129600.59590864182,129601.25132775307,667728,319920,2.127009574574871,2.125662458139964
rl_effect_on_hpo,hpo_no_rl,hpo_with_rl,2a_Hurink_sdata_38_workers.fjs,10,1009,5018.843916122425,4981.2678364662115,0.9925130009451968,0.7486999054803212,129601.81746649742,129602.0017273426,970692,501432,2.1257280457951824,2.1160865915319507
rl_effect_on_hpo,hpo_no_rl,hpo_with_rl,2a_Hurink_sdata_40_workers.fjs,1,1000,3483.6168467697826,3653.9388365735235,1.0488922856030145,-4.889228560301451,129601.41254734993,129601.45834183693,2473524,2212272,2.11384517401079,2.102381378926078
rl_effect_on_hpo,hpo_no_rl,hpo_with_rl,2a_Hurink_sdata_40_workers.fjs,2,1001,3380.070169638722,3450.325866580381,1.0207852776468154,-2.078527764681537,129601.1925201416,129602.1625649929,241416,3166476,2.119166250557192,2.1232774563571577
rl_effect_on_hpo,hpo_no_rl,hpo_with_rl,2a_Hurink_sdata_40_workers.fjs,3,1002,3608.0948870985603,3716.948367852494,1.0301692400449778,-3.0169240044977785,129600.10370612144,129602.27283072472,2146332,482124,2.1174265769357747,2.1203356348274354
rl_effect_on_hpo,hpo_no_rl,hpo_with_rl,2a_Hurink_sdata_40_workers.fjs,4,1003,3471.014926325035,3600.694038380912,1.037360574589397,-3.736057458939701,129601.21055078506,129601.04341316223,2087304,1467816,2.149235248498474,2.12932823085802
rl_effect_on_hpo,hpo_no_rl,hpo_with_rl,2a_Hurink_sdata_40_workers.fjs,5,1004,3604.5116160677717,3648.453640572323,1.0121908400318844,-1.219084003188442,129601.16972398758,129602.297072649,378324,2981604,2.132847110099273,2.121193977076932
rl_effect_on_hpo,hpo_no_rl,hpo_with_rl,2a_Hurink_sdata_40_workers.fjs,6,1005,3320.2961858366834,3472.5729762817996,1.0458624116410697,-4.5862411641069745,129600.59208750725,129600.46717524529,880620,322296,2.1215950069243985,2.1317206729783913
rl_effect_on_hpo,hpo_no_rl,hpo_with_rl,2a_Hurink_sdata_40_workers.fjs,7,1006,3646.8430336234487,3608.8051716881164,0.9895696465176516,1.0430353482348442,129602.15698862076,129600.86646318436,1198836,514224,2.1389108701603803,2.1290885968661453
rl_effect_on_hpo,hpo_no_rl,hpo_with_rl,2a_Hurink_sdata_40_workers.fjs,8,1007,3396.0669483581373,3507.2613697188563,1.0327421169993356,-3.27421169993356,129601.09539794922,129601.94403243065,308856,414204,2.1212160826721655,2.1166332949419773
rl_effect_on_hpo,hpo_no_rl,hpo_with_rl,2a_Hurink_sdata_40_workers.fjs,9,1008,3383.429222483871,3483.343504488236,1.0295304779365282,-2.9530477936528188,129600.31558966637,129600.89771652222,2613240,343656,2.1346556608731047,2.1317891704334366
rl_effect_on_hpo,hpo_no_rl,hpo_with_rl,2a_Hurink_sdata_40_workers.fjs,10,1009,3601.857987341191,3533.2658412820037,0.9809564546130759,1.90435453869241,129600.2562520504,129600.81301140785,2600244,3113880,2.1275002878565807,2.1284733983626527
rl_effect_on_hpo,hpo_no_rl,hpo_with_rl,2a_Hurink_sdata_54_workers.fjs,1,1000,17842.517411734516,17409.57773625286,0.9757355049463523,2.4264495053647694,129601.25301289558,129600.34230089188,1922040,4846692,2.093946416117183,2.0955197082634642
rl_effect_on_hpo,hpo_no_rl,hpo_with_rl,2a_Hurink_sdata_54_workers.fjs,2,1001,17930.619994258326,17527.25170605976,0.9775039408382012,2.2496059161798754,129600.28154683113,129600.67177772522,4490472,4873236,2.116206773782406,2.111208348116088
rl_effect_on_hpo,hpo_no_rl,hpo_with_rl,2a_Hurink_sdata_54_workers.fjs,3,1002,18401.584294537857,17678.925121355354,0.9607284263346276,3.9271573665372372,129600.34978461266,129600.80095505714,4030788,1772256,2.1288274287989193,2.117743785500162
rl_effect_on_hpo,hpo_no_rl,hpo_with_rl,2a_Hurink_sdata_54_workers.fjs,4,1003,19150.90245514131,18715.78357816523,0.9772794583443106,2.2720541655689375,129601.17784047127,129600.0616197586,2811684,2674644,2.104726063868701,2.106921488029408
rl_effect_on_hpo,hpo_no_rl,hpo_with_rl,2a_Hurink_sdata_54_workers.fjs,5,1004,19069.431174418347,19012.01589289716,0.9969891455599259,0.30108544400740955,129600.74291968346,129600.71987915039,4560636,4976688,2.0953116332730852,2.093373254007615
rl_effect_on_hpo,hpo_no_rl,hpo_with_rl,2a_Hurink_sdata_54_workers.fjs,6,1005,19346.41123777585,18554.49988408416,0.9590667569318799,4.093324306812008,129601.18333601952,129600.49653482437,4658880,4054224,2.109750407609144,2.1106244891461907
rl_effect_on_hpo,hpo_no_rl,hpo_with_rl,2a_Hurink_sdata_54_workers.fjs,7,1006,19203.184865833206,19187.298202410508,0.9991727068434901,0.08272931565098673,129600.2162489891,129600.14090275764,4410408,2899644,2.104919967755476,2.1041011297741536
rl_effect_on_hpo,hpo_no_rl,hpo_with_rl,2a_Hurink_sdata_54_workers.fjs,8,1007,19230.93486024412,19372.075858297212,1.0073392686876015,-0.7339268687601486,129600.51749277115,129600.43700957298,2384100,3787800,2.101052645061086,2.101320735252979
rl_effect_on_hpo,hpo_no_rl,hpo_with_rl,2a_Hurink_sdata_54_workers.fjs,9,1008,19265.669763076745,19333.082924859897,1.0034991340873263,-0.3499134087326272,129600.0012588501,129600.30797147751,2005416,3242724,2.087740546497263,2.093684527275276
rl_effect_on_hpo,hpo_no_rl,hpo_with_rl,2a_Hurink_sdata_54_workers.fjs,10,1009,19694.23711387975,19628.935975724493,0.9966842514499211,0.33157485500788786,129601.24599981308,129600.80525016785,4401756,4812612,2.098033143057393,2.091745095452312
rl_effect_on_hpo,hpo_no_rl,hpo_with_rl,2a_Hurink_sdata_61_workers.fjs,1,1000,1989.2588610191824,1979.5030311637663,0.9950957464377372,0.49042535622627614,129601.11089277267,129600.15351986885,2555712,3754968,2.1028106353268314,2.0947122022897
rl_effect_on_hpo,hpo_no_rl,hpo_with_rl,2a_Hurink_sdata_61_workers.fjs,2,1001,1987.1790073642176,1966.015512887041,0.9893499808528837,1.0650019147116274,129600.52851438522,129600.62007880211,1920000,931572,2.1207886951592503,2.1071977630086183
rl_effect_on_hpo,hpo_no_rl,hpo_with_rl,2a_Hurink_sdata_61_workers.fjs,3,1002,1998.2850028936034,2018.4347554266208,1.0100835228727831,-1.0083522872783135,129600.05636787415,129601.44200396538,2443956,2053320,2.1101214391695917,2.122434022530621
rl_effect_on_hpo,hpo_no_rl,hpo_with_rl,2a_Hurink_sdata_61_workers.fjs,4,1003,2097.191234902956,2105.3302405452714,1.0038809077144994,-0.38809077144994486,129600.66137051582,129601.25420689583,3837636,3248616,2.1248138144913433,2.124450293183927
rl_effect_on_hpo,hpo_no_rl,hpo_with_rl,2a_Hurink_sdata_61_workers.fjs,5,1004,2091.2274529215074,2056.4354960663377,0.9833629016267148,1.6637098373285197,129600.51082444191,129601.33859300613,3637080,378396,2.0975200129603886,2.09199948735131
rl_effect_on_hpo,hpo_no_rl,hpo_with_rl,2a_Hurink_sdata_61_workers.fjs,6,1005,1949.5924310508174,1938.5477567484377,0.9943348803952697,0.5665119604730262,129600.83961248398,129601.11295342445,2022948,4480344,2.1122344865122615,2.1002684255129336
rl_effect_on_hpo,hpo_no_rl,hpo_with_rl,2a_Hurink_sdata_61_workers.fjs,7,1006,1956.6941850990115,1956.223237278468,0.9997593145499538,0.024068545004618525,129601.49851036072,129600.79431796074,501936,3040524,2.113060675052928,2.1125520920933782
rl_effect_on_hpo,hpo_no_rl,hpo_with_rl,2a_Hurink_sdata_61_workers.fjs,8,1007,2160.3956316521035,2011.677788303478,0.9311617552036534,6.88382447963466,129601.01984477043,129601.3517999649,675636,3990564,2.1180349329922583,2.0954976961494562
rl_effect_on_hpo,hpo_no_rl,hpo_with_rl,2a_Hurink_sdata_61_workers.fjs,9,1008,1999.4396993180746,2013.9728312770417,1.0072686022808908,-0.7268602280890768,129600.49586486816,129600.44187879562,513804,3230196,2.1225474515053873,2.115517679912859
rl_effect_on_hpo,hpo_no_rl,hpo_with_rl,2a_Hurink_sdata_61_workers.fjs,10,1009,2021.5051492094503,2088.5173390593227,1.0331496508312525,-3.314965083125254,129600.17095351219,129600.61260461807,968916,4806072,2.11897814382542,2.1138839464163186
rl_effect_on_hpo,hpo_no_rl,hpo_with_rl,2a_Hurink_sdata_63_workers.fjs,1,1000,889.7136408079318,885.7221337352948,0.9955137171224976,0.4486282877502412,129600.52537798882,129600.7767894268,2559384,4933668,2.1133340636767977,2.1038530492524816
rl_effect_on_hpo,hpo_no_rl,hpo_with_rl,2a_Hurink_sdata_63_workers.fjs,2,1001,916.520537961095,883.1309962123191,0.9635692378230228,3.643076217697716,129601.03819131851,129600.03608107567,2466012,4004172,2.1215753193543865,2.1026928481245695
rl_effect_on_hpo,hpo_no_rl,hpo_with_rl,2a_Hurink_sdata_63_workers.fjs,3,1002,898.3138889051183,907.1913444615748,1.0098823536695802,-0.9882353669580235,129600.99887490273,129601.43965268135,4707312,199512,2.1287058978794273,2.1245698933526342
rl_effect_on_hpo,hpo_no_rl,hpo_with_rl,2a_Hurink_sdata_63_workers.fjs,4,1003,849.7241331488033,879.0468483314135,1.0345085116906703,-3.4508511690670263,129600.3465847969,129600.77520680428,4879332,202212,2.1190128008698337,2.1336088551733337
rl_effect_on_hpo,hpo_no_rl,hpo_with_rl,2a_Hurink_sdata_63_workers.fjs,5,1004,898.5015781668335,888.0132617393516,0.988326880350193,1.1673119649806996,129600.66714787483,129600.04890680313,4846416,3443112,2.119107495676494,2.1042968287662362
rl_effect_on_hpo,hpo_no_rl,hpo_with_rl,2a_Hurink_sdata_63_workers.fjs,6,1005,870.9479193450766,877.2221615038965,1.007203923471725,-0.7203923471724938,129601.04555511475,129600.03353762627,4653504,619104,2.1139512605463024,2.1240246041256574
rl_effect_on_hpo,hpo_no_rl,hpo_with_rl,2a_Hurink_sdata_63_workers.fjs,7,1006,871.762357399605,892.2939623572579,1.023551837015419,-2.3551837015419075,129600.6258893013,129600.64477586746,4389288,4187712,2.131448306600501,2.124509434183947
rl_effect_on_hpo,hpo_no_rl,hpo_with_rl,2a_Hurink_sdata_63_workers.fjs,8,1007,868.649475400591,863.4600911943685,0.9940259168362137,0.5974083163786337,129600.45488762856,129600.57404947281,4592208,1819344,2.1135023732374476,2.106000222425289
rl_effect_on_hpo,hpo_no_rl,hpo_with_rl,2a_Hurink_sdata_63_workers.fjs,9,1008,937.798338803891,931.6097434906543,0.9934009316745752,0.6599068325424784,129600.72133851051,129600.54097104073,4294452,4586184,2.1121584207294846,2.1029565315816123
rl_effect_on_hpo,hpo_no_rl,hpo_with_rl,2a_Hurink_sdata_63_workers.fjs,10,1009,931.1253716762477,916.4951552669505,0.9842875977238604,1.571240227613957,129601.4253358841,129600.71760988235,2351196,390348,2.111395400626412,2.116616986759701
rl_effect_on_hpo,hpo_no_rl,hpo_with_rl,2b_Hurink_edata_1_workers.fjs,1,1000,107.39025887957345,108.24659590462647,1.0079740661209626,-0.7974066120962631,129600.16663599014,129600.95282459259,1325988,1013172,2.1056913505798716,2.122482272639735
rl_effect_on_hpo,hpo_no_rl,hpo_with_rl,2b_Hurink_edata_1_workers.fjs,2,1001,108.14123590707307,107.30960534908614,0.992309773871074,0.7690226128926003,129600.05009961128,129600.5091817379,757632,4001184,2.120416390334766,2.1041099088056106
rl_effect_on_hpo,hpo_no_rl,hpo_with_rl,2b_Hurink_edata_1_workers.fjs,3,1002,107.69018650440653,107.58927297064747,0.9990629273006698,0.09370726993301881,129600.69013285637,129600.93526315689,3213480,664644,2.111572284400128,2.1095935876597545
rl_effect_on_hpo,hpo_no_rl,hpo_with_rl,2b_Hurink_edata_1_workers.fjs,4,1003,107.35755598793,107.68550700299438,1.003054754852106,-0.3054754852106045,129600.08437538147,129600.3104133606,4971132,3596916,2.105050117410392,2.111480529470478
rl_effect_on_hpo,hpo_no_rl,hpo_with_rl,2b_Hurink_edata_1_workers.fjs,5,1004,107.40464215459771,108.3712747041573,1.0089999140648709,-0.8999914064870884,129600.34408712387,129600.71291017532,4647492,3029652,2.1059733755803474,2.1249269549834766
rl_effect_on_hpo,hpo_no_rl,hpo_with_rl,2b_Hurink_edata_1_workers.fjs,6,1005,107.54836967475347,106.99555202455787,0.9948598230557336,0.5140176944266384,129600.4890062809,129600.34336328506,1459620,4531500,2.108791562250068,2.0979520004815266
rl_effect_on_hpo,hpo_no_rl,hpo_with_rl,2b_Hurink_edata_1_workers.fjs,7,1006,108.61223735221965,108.01479935603675,0.9944993491456633,0.5500650854336708,129600.16199088097,129600.1158850193,2463084,1849860,2.1296517127886205,2.1179372422752305
rl_effect_on_hpo,hpo_no_rl,hpo_with_rl,2b_Hurink_edata_1_workers.fjs,8,1007,107.45393444465016,107.15420721837889,0.9972106444699271,0.2789355530072868,129600.84916043282,129600.62739443779,2590548,4483800,2.1069398910715718,2.10106288663488
rl_effect_on_hpo,hpo_no_rl,hpo_with_rl,2b_Hurink_edata_1_workers.fjs,9,1008,107.67951428731084,107.7496843788097,1.0006516568352235,-0.06516568352235019,129600.7037973404,129600.52337908745,2967624,4864272,2.111363025241389,2.1127389093884257
rl_effect_on_hpo,hpo_no_rl,hpo_with_rl,2b_Hurink_edata_1_workers.fjs,10,1009,108.0249609621993,107.2534215085931,0.9928577668833763,0.7142233116623653,129600.34444856644,129600.55561733246,128064,3073200,2.1181364894548884,2.1030082648743744
rl_effect_on_hpo,hpo_no_rl,hpo_with_rl,2b_Hurink_edata_6_workers.fjs,1,1000,1269.2924360643256,1294.0389646342123,1.0194963176859526,-1.9496317685952613,129600.08322143555,129600.98584198952,3271908,4675584,2.108459196120142,2.1283535602536388
rl_effect_on_hpo,hpo_no_rl,hpo_with_rl,2b_Hurink_edata_6_workers.fjs,2,1001,1219.9792784460624,1215.848258852404,0.9966138608526857,0.33861391473143376,129600.61342668533,129600.87351751328,3087720,4396140,2.118019580635525,2.1108476716187567
rl_effect_on_hpo,hpo_no_rl,hpo_with_rl,2b_Hurink_edata_6_workers.fjs,3,1002,1264.7920447465235,1272.7891900319134,1.0063228934105073,-0.6322893410507291,129600.1403734684,129600.05652189255,536340,3296316,2.104479275784565,2.1037837851767165
rl_effect_on_hpo,hpo_no_rl,hpo_with_rl,2b_Hurink_edata_6_workers.fjs,4,1003,1254.4859327562751,1254.234018914381,0.9997991895841027,0.02008104158972568,129600.93363785744,129600.82481360435,3240156,127272,2.111929179724369,2.107956334309884
rl_effect_on_hpo,hpo_no_rl,hpo_with_rl,2b_Hurink_edata_6_workers.fjs,5,1004,1248.0525169387174,1226.0527478773456,0.9823727216901627,1.7627278309837346,129600.70221567154,129600.55214118958,4874136,2301060,2.122538294113465,2.124874779683441
rl_effect_on_hpo,hpo_no_rl,hpo_with_rl,2b_Hurink_edata_6_workers.fjs,6,1005,1183.684475161575,1202.8975196647532,1.0162315590905724,-1.623155909057239,129600.4908516407,129600.0684530735,4182348,4836624,2.0913153271405918,2.099297591037964
rl_effect_on_hpo,hpo_no_rl,hpo_with_rl,2b_Hurink_edata_6_workers.fjs,7,1006,1294.1233988243707,1263.355434017273,0.9762248601369479,2.377513986305213,129600.71967315674,129600.84797477722,1354584,3582756,2.118041569270656,2.1449158472279675
rl_effect_on_hpo,hpo_no_rl,hpo_with_rl,2b_Hurink_edata_6_workers.fjs,8,1007,1264.3779318702482,1279.633042355543,1.0120653090351948,-1.206530903519476,129600.66623950005,129600.80212378502,2986164,4319652,2.1108145774127682,2.0909036639796454
rl_effect_on_hpo,hpo_no_rl,hpo_with_rl,2b_Hurink_edata_6_workers.fjs,9,1008,1243.8826203745311,1238.8083390585298,0.9959206108093435,0.4079389190656535,129600.62283086777,129600.19727063179,3220152,4883916,2.104708325506821,2.12124715592214
rl_effect_on_hpo,hpo_no_rl,hpo_with_rl,2b_Hurink_edata_6_workers.fjs,10,1009,1265.1830866548682,1238.9390019590041,0.9792566902192368,2.074330978076322,129600.12804293633,129600.52099871635,4907136,4763712,2.1192346510131794,2.107039118977898
rl_effect_on_hpo,hpo_no_rl,hpo_with_rl,2c_Hurink_rdata_28_workers.fjs,1,1000,2104.05394372552,2201.8460751755833,1.046477958296501,-4.647795829650092,129600.72164726257,129600.42625427246,4800432,517092,2.1360953743406297,2.1273875122469406
rl_effect_on_hpo,hpo_no_rl,hpo_with_rl,2c_Hurink_rdata_28_workers.fjs,2,1001,2101.2215289616006,2057.4504945179224,0.9791687673858409,2.083123261415909,129600.78595852852,129600.91038274765,4382484,432996,2.1397367912032594,2.1476518731919856
rl_effect_on_hpo,hpo_no_rl,hpo_with_rl,2c_Hurink_rdata_28_workers.fjs,3,1002,2083.694740033392,2167.4888675959746,1.040214205062129,-4.021420506212903,129600.38157653809,129600.15401268005,711660,580140,2.134933135280115,2.1460285817781926
rl_effect_on_hpo,hpo_no_rl,hpo_with_rl,2c_Hurink_rdata_28_workers.fjs,4,1003,2062.8889951530186,2169.2673065926824,1.0515676372745266,-5.156763727452662,129600.46997857094,129601.28985452652,1292328,2313216,2.137708803267377,2.135105616725081
rl_effect_on_hpo,hpo_no_rl,hpo_with_rl,2c_Hurink_rdata_28_workers.fjs,5,1004,1994.7975518184671,2165.039303241396,1.085342871645163,-8.534287164516297,129600.91412186623,129600.87235546112,2497776,409296,2.138046679333834,2.1101747594945377
rl_effect_on_hpo,hpo_no_rl,hpo_with_rl,2c_Hurink_rdata_28_workers.fjs,6,1005,1985.0699839956133,2063.1380378985373,1.0393276078588354,-3.932760785883538,129600.16078472137,129600.09967255592,4471908,346824,2.1276205616244517,2.1203885281588257
rl_effect_on_hpo,hpo_no_rl,hpo_with_rl,2c_Hurink_rdata_28_workers.fjs,7,1006,2282.367981278477,2329.2099597526076,1.0205234120257383,-2.0523412025738264,129600.012819767,129600.48825311661,3881712,345072,2.1290746094015645,2.1447605522583864
rl_effect_on_hpo,hpo_no_rl,hpo_with_rl,2c_Hurink_rdata_28_workers.fjs,8,1007,2102.8831924986757,2230.003571462334,1.060450518325087,-6.045051832508697,129600.167263031,129600.64804244041,4563240,3998628,2.1092108249735966,2.1117458063090284
rl_effect_on_hpo,hpo_no_rl,hpo_with_rl,2c_Hurink_rdata_28_workers.fjs,9,1008,2049.1691042511584,2131.35355611791,1.0401062321778392,-4.010623217783915,129600.46296858788,129601.26016616821,3266316,3571968,2.147976000263269,2.129224331786124
rl_effect_on_hpo,hpo_no_rl,hpo_with_rl,2c_Hurink_rdata_28_workers.fjs,10,1009,2024.2955407295171,2113.7806722893333,1.044205566706711,-4.420556670671094,129600.53910589218,129600.84718871117,2648820,3242580,2.1353328488707985,2.1394541217503376
rl_effect_on_hpo,hpo_no_rl,hpo_with_rl,2c_Hurink_rdata_38_workers.fjs,1,1000,4158.880588850913,4729.079178845975,1.1371038619198743,-13.710386191987434,129600.1119453907,129600.06630325317,427536,301740,2.1316661142239433,2.1340610012842847
rl_effect_on_hpo,hpo_no_rl,hpo_with_rl,2c_Hurink_rdata_38_workers.fjs,2,1001,4590.984308721387,4470.310249784781,0.9737149920753674,2.628500792463262,129600.12345576286,129600.19759225845,737940,347268,2.1195680095666605,2.121647009864633
rl_effect_on_hpo,hpo_no_rl,hpo_with_rl,2c_Hurink_rdata_38_workers.fjs,3,1002,4327.7255939683455,4130.5786431814995,0.9544455981540017,4.555440184599835,129602.54167413712,129601.43322324753,861288,1143876,2.1392612921247385,2.130262322424703
rl_effect_on_hpo,hpo_no_rl,hpo_with_rl,2c_Hurink_rdata_38_workers.fjs,4,1003,4391.719144542186,4517.8102618774665,1.0287111067865031,-2.8711106786503127,129600.13065171242,129600.0645365715,490860,1781448,2.121603451469655,2.1280312114354527
rl_effect_on_hpo,hpo_no_rl,hpo_with_rl,2c_Hurink_rdata_38_workers.fjs,5,1004,4037.0628403193928,4500.668582578238,1.1148373856430154,-11.483738564301538,129601.15657162666,129601.38711762428,404664,818388,2.1337541439320256,2.119956939509297
rl_effect_on_hpo,hpo_no_rl,hpo_with_rl,2c_Hurink_rdata_38_workers.fjs,6,1005,4674.440166772289,4230.986040906831,0.9051321420225464,9.486785797745355,129600.55668711662,129600.22278857231,872184,794640,2.109404407388217,2.119732485424264
rl_effect_on_hpo,hpo_no_rl,hpo_with_rl,2c_Hurink_rdata_38_workers.fjs,7,1006,4812.853514855348,4376.642683677551,0.9093654461264218,9.063455387357822,129601.60257577896,129600.4947066307,267792,315876,2.1258186903071326,2.144361922428981
rl_effect_on_hpo,hpo_no_rl,hpo_with_rl,2c_Hurink_rdata_38_workers.fjs,8,1007,4332.418543927158,4327.672458377902,0.9989045182266824,0.10954817733176414,129601.64567518234,129600.34310030937,881664,950472,2.1133748994766623,2.1255758636433706
rl_effect_on_hpo,hpo_no_rl,hpo_with_rl,2c_Hurink_rdata_38_workers.fjs,9,1008,4246.210036984365,4519.256085145264,1.064303471986236,-6.430347198623609,129601.20413827896,129601.8215405941,692652,437904,2.1273597379681184,2.133737528397197
rl_effect_on_hpo,hpo_no_rl,hpo_with_rl,2c_Hurink_rdata_38_workers.fjs,10,1009,4063.3477976058157,4002.3182664440073,0.9849804805786578,1.5019519421342165,129601.76312232018,129600.06670689583,744132,1182540,2.129637210485228,2.1437162648334267
rl_effect_on_hpo,hpo_no_rl,hpo_with_rl,2c_Hurink_rdata_50_workers.fjs,1,1000,13286.3648695106,12926.035742887812,0.9728797808759816,2.7120219124018408,129600.7172665596,129600.56624221802,1135104,3424080,2.1285429140516823,2.0939633473007957
rl_effect_on_hpo,hpo_no_rl,hpo_with_rl,2c_Hurink_rdata_50_workers.fjs,2,1001,12692.267007210841,12978.316744494456,1.0225373242716294,-2.2537324271629355,129600.64633750916,129600.06319141388,564144,3713904,2.143239953936312,2.1223739565812685
rl_effect_on_hpo,hpo_no_rl,hpo_with_rl,2c_Hurink_rdata_50_workers.fjs,3,1002,13338.55454377481,12946.23312021643,0.970587410931908,2.9412589068091965,129600.9459900856,129600.25011920929,3974436,937200,2.1219463162225276,2.1282645274069423
rl_effect_on_hpo,hpo_no_rl,hpo_with_rl,2c_Hurink_rdata_50_workers.fjs,4,1003,12918.926160278002,12731.940081589599,0.9855261903064875,1.447380969351253,129600.78850579262,129600.42680358887,4074624,2089344,2.1209860712983093,2.133725503869549
rl_effect_on_hpo,hpo_no_rl,hpo_with_rl,2c_Hurink_rdata_50_workers.fjs,5,1004,12738.38545290231,12779.466332411886,1.0032249675330884,-0.322496753308843,129600.0433344841,129600.34546995163,3243804,4021056,2.1079572154397335,2.1320430985004815
rl_effect_on_hpo,hpo_no_rl,hpo_with_rl,2c_Hurink_rdata_50_workers.fjs,6,1005,12511.261815190534,12983.550053679935,1.037749049253847,-3.7749049253847033,129600.82386255264,129600.85043001175,2381760,4926096,2.106627683985609,2.0917593126598897
rl_effect_on_hpo,hpo_no_rl,hpo_with_rl,2c_Hurink_rdata_50_workers.fjs,7,1006,12900.09167312437,12793.028154087679,0.9917005613797502,0.8299438620249844,129600.72384166718,129600.6326417923,2851512,806700,2.150373674466473,2.101696756051861
rl_effect_on_hpo,hpo_no_rl,hpo_with_rl,2c_Hurink_rdata_50_workers.fjs,8,1007,13050.590209722925,13280.70263900852,1.0176323388894823,-1.7632338889482346,129600.47368526459,129600.6342344284,1798212,1498248,2.1069729108367654,2.106042283382258
rl_effect_on_hpo,hpo_no_rl,hpo_with_rl,2c_Hurink_rdata_50_workers.fjs,9,1008,13657.116098787761,13568.244898366096,0.9934926817800462,0.6507318219953762,129600.28846979141,129600.88780331612,4078608,1737756,2.120670201675118,2.1062162214166555
rl_effect_on_hpo,hpo_no_rl,hpo_with_rl,2c_Hurink_rdata_50_workers.fjs,10,1009,13208.357606230711,12906.946899955845,0.9771803039211565,2.2819696078843488,129600.05403137207,129600.26202368736,4031748,323244,2.1143521060077974,2.1281033635541378
rl_effect_on_hpo,hpo_no_rl,hpo_with_rl,2d_Hurink_vdata_18_workers.fjs,1,1000,2338.1416932836446,2418.842377453429,1.0345148817976253,-3.4514881797625296,129600.84610915184,129600.64202833176,341400,2505912,2.125583357530586,2.1311386585492764
rl_effect_on_hpo,hpo_no_rl,hpo_with_rl,2d_Hurink_vdata_18_workers.fjs,2,1001,2398.1245101448685,2440.965426955456,1.0178643421679552,-1.7864342167955183,129601.02863502502,129600.23330640793,793956,2864484,2.1184845495979405,2.1024680680064223
rl_effect_on_hpo,hpo_no_rl,hpo_with_rl,2d_Hurink_vdata_18_workers.fjs,3,1002,2426.982809905376,2476.6389872333393,1.0204600449271,-2.0460044927099963,129601.00853419304,129600.28815507889,4890900,773220,2.123344540599629,2.1331946487797926
rl_effect_on_hpo,hpo_no_rl,hpo_with_rl,2d_Hurink_vdata_18_workers.fjs,4,1003,2413.8427913924934,2450.360046204575,1.0151282655781473,-1.5128265578147282,129601.07142472267,129600.67204284668,1318584,2567712,2.128609163485444,2.1419231173116917
rl_effect_on_hpo,hpo_no_rl,hpo_with_rl,2d_Hurink_vdata_18_workers.fjs,5,1004,2388.3747675481204,2386.778078239719,0.9993314745532835,0.06685254467164725,129601.08990812302,129600.30304932594,3262788,329400,2.124888583227865,2.1159380126238645
rl_effect_on_hpo,hpo_no_rl,hpo_with_rl,2d_Hurink_vdata_18_workers.fjs,6,1005,2321.320121340583,2351.0295820736974,1.0127985194545064,-1.2798519454506385,129601.06641149521,129600.69427418709,2380068,1139652,2.1179928114421376,2.116138237690097
rl_effect_on_hpo,hpo_no_rl,hpo_with_rl,2d_Hurink_vdata_18_workers.fjs,7,1006,2422.2198753660887,2452.8718255754393,1.0126544871178211,-1.2654487117821134,129600.45471763611,129600.45543956757,4651008,1066500,2.1530843336587453,2.1535310145526245
rl_effect_on_hpo,hpo_no_rl,hpo_with_rl,2d_Hurink_vdata_18_workers.fjs,8,1007,2506.820528760854,2396.4080572979665,0.955955175013081,4.404482498691897,129600.72908854485,129600.90157866478,3022128,4991688,2.1190367952331814,2.1058067287328353
rl_effect_on_hpo,hpo_no_rl,hpo_with_rl,2d_Hurink_vdata_18_workers.fjs,9,1008,2364.580259039567,2337.8507962332437,0.9886958953056725,1.1304104694327521,129600.99162721634,129601.68297123909,3040308,2649840,2.122603464128875,2.129190160503865
rl_effect_on_hpo,hpo_no_rl,hpo_with_rl,2d_Hurink_vdata_18_workers.fjs,10,1009,2508.9728986322853,2486.4714039056703,0.9910315911587243,0.8968408841275699,129600.54223537445,129600.51356172562,3040908,2990940,2.1244478396547715,2.1215626313188314
rl_effect_on_hpo,hpo_no_rl,hpo_with_rl,2d_Hurink_vdata_30_workers.fjs,1,1000,2732.557182844331,2878.4213041883895,1.0533800801168334,-5.338008011683337,129600.51445746422,129601.05111074448,2729184,804216,2.129818536901271,2.1369126237478766
rl_effect_on_hpo,hpo_no_rl,hpo_with_rl,2d_Hurink_vdata_30_workers.fjs,2,1001,2742.137451896344,2782.9214180365016,1.0148730568235933,-1.48730568235933,129601.34713935852,129601.82532548904,2929680,554724,2.143969860747728,2.1227470770682695
rl_effect_on_hpo,hpo_no_rl,hpo_with_rl,2d_Hurink_vdata_30_workers.fjs,3,1002,2684.529845169289,2964.057137667257,1.1041252318356478,-10.412523183564781,129600.45693564415,129601.39866113663,2380824,3572616,2.139067605712581,2.1262963684844025
rl_effect_on_hpo,hpo_no_rl,hpo_with_rl,2d_Hurink_vdata_30_workers.fjs,4,1003,2771.070312339143,3075.863394228826,1.1099911036297012,-10.999110362970121,129601.01465272903,129600.47997665405,1783488,3104544,2.125053920505478,2.1183632191658583
rl_effect_on_hpo,hpo_no_rl,hpo_with_rl,2d_Hurink_vdata_30_workers.fjs,5,1004,2793.972021574068,2748.790798247636,0.9838290351594222,1.6170964840577784,129601.0744907856,129601.77567481995,502740,1408920,2.13117621782919,2.130845580036927
rl_effect_on_hpo,hpo_no_rl,hpo_with_rl,2d_Hurink_vdata_30_workers.fjs,6,1005,2818.078300317955,2609.476292650928,0.9259772137475771,7.402278625242287,129600.31451869011,129601.17221856117,724632,1425276,2.115674399638104,2.121525441179616
rl_effect_on_hpo,hpo_no_rl,hpo_with_rl,2d_Hurink_vdata_30_workers.fjs,7,1006,2988.110388294515,2918.082397750733,0.9765644566485541,2.343554335144593,129601.05265641212,129601.8084449768,1084188,464748,2.159039297900661,2.140926190572805
rl_effect_on_hpo,hpo_no_rl,hpo_with_rl,2d_Hurink_vdata_30_workers.fjs,8,1007,2767.8961799327503,2522.673192979907,0.9114045574647235,8.859544253527652,129600.85506439209,129600.23119521141,3143448,1256124,2.1373715675156375,2.134241280016842
rl_effect_on_hpo,hpo_no_rl,hpo_with_rl,2d_Hurink_vdata_30_workers.fjs,9,1008,2850.052229278548,2755.794150757551,0.9669275960795788,3.307240392042121,129601.25429177284,129601.81640791893,771900,351756,2.146123666625413,2.1247449119179267
rl_effect_on_hpo,hpo_no_rl,hpo_with_rl,2d_Hurink_vdata_30_workers.fjs,10,1009,2785.4872152956955,2856.975811003764,1.0256646648081922,-2.5664664808192184,129601.23010730743,129600.874178648,210444,271176,2.145983987130736,2.136855505612389
rl_effect_on_hpo,hpo_no_rl,hpo_with_rl,2d_Hurink_vdata_5_workers.fjs,1,1000,1116.9565051890293,1169.8285936583138,1.0473358525812397,-4.7335852581239735,129600.74390077591,129600.36170268059,3941856,2416740,2.1114489701115864,2.1308353254249797
rl_effect_on_hpo,hpo_no_rl,hpo_with_rl,2d_Hurink_vdata_5_workers.fjs,2,1001,1147.630071744342,1198.0285976541654,1.0439153061170836,-4.391530611708361,129600.57132339478,129600.69594025612,3307260,1307052,2.1331413972943163,2.1204045976179917
rl_effect_on_hpo,hpo_no_rl,hpo_with_rl,2d_Hurink_vdata_5_workers.fjs,3,1002,1158.0363732113174,1182.5062794025907,1.0211305160678301,-2.113051606783012,129600.0476667881,129600.75224637985,4246740,2516004,2.1326636707390745,2.134487868957745
rl_effect_on_hpo,hpo_no_rl,hpo_with_rl,2d_Hurink_vdata_5_workers.fjs,4,1003,1220.9152247718273,1199.7941657615652,0.9827006342604915,1.729936573950852,129600.38531804085,129600.38226151466,887292,4502832,2.1123100774599086,2.1086013458023993
rl_effect_on_hpo,hpo_no_rl,hpo_with_rl,2d_Hurink_vdata_5_workers.fjs,5,1004,1156.1231625250343,1143.2852187640585,0.9888956953920575,1.110430460794254,129600.81000971794,129600.13512992859,1203408,4213056,2.1135706810329697,2.1369817173159973
rl_effect_on_hpo,hpo_no_rl,hpo_with_rl,2d_Hurink_vdata_5_workers.fjs,6,1005,1151.7444610538391,1145.2505723204877,0.9943616931073325,0.5638306892667533,129600.61278438568,129600.51202368736,1368048,4757136,2.1017234690763487,2.109117076096662
rl_effect_on_hpo,hpo_no_rl,hpo_with_rl,2d_Hurink_vdata_5_workers.fjs,7,1006,1188.6187154552015,1186.473698026902,0.9981953696333327,0.1804630366667337,129600.03239631653,129600.36074900627,4103388,2139720,2.1455211470310496,2.1611542769160326
rl_effect_on_hpo,hpo_no_rl,hpo_with_rl,2d_Hurink_vdata_5_workers.fjs,8,1007,1188.5710301952554,1204.5339289495469,1.013430327972632,-1.3430327972631995,129600.98840808868,129600.52915525436,2352660,4928052,2.118664937959457,2.1021534536641306
rl_effect_on_hpo,hpo_no_rl,hpo_with_rl,2d_Hurink_vdata_5_workers.fjs,9,1008,1216.0186996365592,1187.6457485478,0.9766673398219622,2.333266017803781,129600.05128312111,129601.15223431587,982860,2700300,2.1333661397132615,2.120795979549643
rl_effect_on_hpo,hpo_no_rl,hpo_with_rl,2d_Hurink_vdata_5_workers.fjs,10,1009,1143.5296569027626,1142.9283385777187,0.9994741558984377,0.052584410156231165,129600.81614923477,129600.82445859909,2622648,1154604,2.137438611033201,2.144330841609228
rl_effect_on_hpo,hpo_no_rl,hpo_with_rl,3_DPpaulli_15_workers.fjs,1,1000,6315.666684812021,6168.54604165931,0.9767054452847379,2.3294554715262095,129600.23793315887,129600.32150173187,1014348,525528,2.12219982688576,2.1263516172558807
rl_effect_on_hpo,hpo_no_rl,hpo_with_rl,3_DPpaulli_15_workers.fjs,2,1001,5883.734606612168,5982.665995726675,1.0168143867337809,-1.6814386733780884,129602.37042045593,129600.06606841087,834756,1182708,2.123325372288765,2.1260362458161604
rl_effect_on_hpo,hpo_no_rl,hpo_with_rl,3_DPpaulli_15_workers.fjs,3,1002,6099.518831073542,5896.213121877367,0.9666685660251675,3.3331433974832514,129601.03500938416,129601.07074213028,860220,779244,2.128976904388671,2.1394096958916426
rl_effect_on_hpo,hpo_no_rl,hpo_with_rl,3_DPpaulli_15_workers.fjs,4,1003,6182.08546702515,6456.492205452014,1.0443874061415896,-4.438740614158965,129601.27291154861,129600.06821322441,646476,288432,2.1222401191298146,2.1372036429831227
rl_effect_on_hpo,hpo_no_rl,hpo_with_rl,3_DPpaulli_15_workers.fjs,5,1004,6092.4564798826295,5580.062100311878,0.915896915921733,8.410308407826705,129600.58405065536,129602.70951867104,617028,764568,2.1198526373982705,2.124119566163638
rl_effect_on_hpo,hpo_no_rl,hpo_with_rl,3_DPpaulli_15_workers.fjs,6,1005,6092.350403988561,6079.646804895806,0.9979148278988618,0.2085172101138233,129601.9504828453,129601.66024851799,678780,991248,2.1190784013873256,2.119821061679151
rl_effect_on_hpo,hpo_no_rl,hpo_with_rl,3_DPpaulli_15_workers.fjs,7,1006,6400.6032540693695,6377.674404384256,0.9964177048982789,0.35822951017211446,129601.21746850014,129602.73049378395,510612,753660,2.141386167303235,2.140877611407941
rl_effect_on_hpo,hpo_no_rl,hpo_with_rl,3_DPpaulli_15_workers.fjs,8,1007,6284.071010815473,5944.861084487461,0.9460206726269962,5.397932737300382,129600.26473021507,129601.30952954292,375744,1231872,2.121563474279363,2.124682303247842
rl_effect_on_hpo,hpo_no_rl,hpo_with_rl,3_DPpaulli_15_workers.fjs,9,1008,6073.745922625932,6137.160526578142,1.010440773249335,-1.0440773249335011,129603.25242447853,129601.0610692501,522168,697380,2.1281520401632554,2.1272653471674667
rl_effect_on_hpo,hpo_no_rl,hpo_with_rl,3_DPpaulli_15_workers.fjs,10,1009,6407.139148933583,6353.04820113861,0.9915577067178296,0.8442293282170388,129602.73492741585,129602.67705798149,381012,371532,2.125087611586595,2.1283243554903217
rl_effect_on_hpo,hpo_no_rl,hpo_with_rl,3_DPpaulli_18_workers.fjs,1,1000,5674.23442695636,6122.2560601046125,1.078957194827879,-7.895719482787911,129600.15075421333,129603.05218172073,528984,622344,2.130767715717747,2.119160976152514
rl_effect_on_hpo,hpo_no_rl,hpo_with_rl,3_DPpaulli_18_workers.fjs,2,1001,6321.531196603717,6374.617079219482,1.0083976304102218,-0.839763041022179,129600.08222723007,129601.67435884476,1333032,733716,2.124170428966303,2.1298419910522823
rl_effect_on_hpo,hpo_no_rl,hpo_with_rl,3_DPpaulli_18_workers.fjs,3,1002,5767.290441404716,6663.859464523752,1.155457581376925,-15.5457581376925,129602.22994565964,129600.68075370789,856644,415464,2.1360334968165615,2.1161827451647355
rl_effect_on_hpo,hpo_no_rl,hpo_with_rl,3_DPpaulli_18_workers.fjs,4,1003,6151.828075738808,6477.310075663645,1.0529081755727947,-5.29081755727947,129601.90612125397,129602.0459599495,242784,632052,2.127188131306642,2.123708221529064
rl_effect_on_hpo,hpo_no_rl,hpo_with_rl,3_DPpaulli_18_workers.fjs,5,1004,5715.420790688579,5556.622663315557,0.9722158467086567,2.7784153291343316,129600.96314120293,129600.79198813438,751212,1231128,2.121537041829465,2.1265299132474382
rl_effect_on_hpo,hpo_no_rl,hpo_with_rl,3_DPpaulli_18_workers.fjs,6,1005,6382.243955664187,6311.629685862407,0.9889358240937954,1.1064175906204565,129601.53480195999,129600.16288614273,223848,442824,2.1203468291243146,2.1116191655611933
rl_effect_on_hpo,hpo_no_rl,hpo_with_rl,3_DPpaulli_18_workers.fjs,7,1006,6447.849520045399,5902.93224068161,0.915488524093231,8.4511475906769,129602.27617907524,129600.82497692108,412992,527292,2.1350495099488076,2.137968939037164
rl_effect_on_hpo,hpo_no_rl,hpo_with_rl,3_DPpaulli_18_workers.fjs,8,1007,6047.251056481883,5861.272305999288,0.9692457368239656,3.0754263176034358,129601.67050743103,129603.33762407303,1249584,1460964,2.1173848236981385,2.1228802267291877
rl_effect_on_hpo,hpo_no_rl,hpo_with_rl,3_DPpaulli_18_workers.fjs,9,1008,6131.510691265716,5902.535454081486,0.9626559833761029,3.734401662389708,129603.96430253983,129601.6616859436,1074720,1012452,2.134184020628512,2.13011023243648
rl_effect_on_hpo,hpo_no_rl,hpo_with_rl,3_DPpaulli_18_workers.fjs,10,1009,6203.578110276858,6307.629843063427,1.0167728576858244,-1.6772857685824372,129603.18802261353,129600.32993173599,849900,317676,2.127427335485891,2.1309560280619686
rl_effect_on_hpo,hpo_no_rl,hpo_with_rl,3_DPpaulli_1_workers.fjs,1,1000,6226.4107627079375,6122.291631163411,0.9832778248155212,1.6722175184478827,129601.27248978615,129601.08025693893,327888,1914456,2.1085034753497927,2.1111350452287625
rl_effect_on_hpo,hpo_no_rl,hpo_with_rl,3_DPpaulli_1_workers.fjs,2,1001,5842.189637240436,5849.649836633838,1.001276952625065,-0.12769526250651086,129601.3736937046,129601.48895478249,2579868,1957968,2.11750258689396,2.1163711420527633
rl_effect_on_hpo,hpo_no_rl,hpo_with_rl,3_DPpaulli_1_workers.fjs,3,1002,6041.96310266121,6213.528893439074,1.0283957031618245,-2.8395703161824493,129600.45227694511,129600.20322608948,3651432,351288,2.1103608461967203,2.1091408328034875
rl_effect_on_hpo,hpo_no_rl,hpo_with_rl,3_DPpaulli_1_workers.fjs,4,1003,6198.92877201739,6352.275519595534,1.024737620517656,-2.4737620517655934,129600.5401031971,129601.16348147392,1467000,875616,2.1135113440222946,2.1082892531017374
rl_effect_on_hpo,hpo_no_rl,hpo_with_rl,3_DPpaulli_1_workers.fjs,5,1004,6009.535886794876,6206.913863924246,1.0328441298708408,-3.2844129870840844,129601.92880654335,129600.90080809593,2204592,3099576,2.1019712790468263,2.1061804763909895
rl_effect_on_hpo,hpo_no_rl,hpo_with_rl,3_DPpaulli_1_workers.fjs,6,1005,6564.407026966815,6234.552603093043,0.9497510708097902,5.024892919020985,129601.99689221382,129600.21571564674,1498416,1143684,2.1066774797711214,2.1034253046872617
rl_effect_on_hpo,hpo_no_rl,hpo_with_rl,3_DPpaulli_1_workers.fjs,7,1006,6318.288705718855,6334.0748148772645,1.002498478606101,-0.24984786061010844,129601.65049290657,129600.04947829247,2025312,310932,2.1295209658641236,2.1298166828773586
rl_effect_on_hpo,hpo_no_rl,hpo_with_rl,3_DPpaulli_1_workers.fjs,8,1007,6342.5193125405185,6270.10739649456,0.9885830988479949,1.141690115200511,129600.18881869316,129600.41040921211,262296,323592,2.102260295837096,2.101242425098713
rl_effect_on_hpo,hpo_no_rl,hpo_with_rl,3_DPpaulli_1_workers.fjs,9,1008,5963.943542361118,6242.703028659034,1.046740798989448,-4.674079898944794,129600.46105623245,129602.09354138374,374736,867744,2.1163745714553293,2.116888107378445
rl_effect_on_hpo,hpo_no_rl,hpo_with_rl,3_DPpaulli_1_workers.fjs,10,1009,6214.35298266549,6273.5092264105715,1.009519292500779,-0.9519292500778986,129600.7174642086,129600.30877375603,994044,3653484,2.1058464868402202,2.1151413440359312
rl_effect_on_hpo,hpo_no_rl,hpo_with_rl,3_DPpaulli_9_workers.fjs,1,1000,5452.167505413335,5394.688028613864,0.9894574998397608,1.0542500160239165,129601.748452425,129601.72605895996,905424,677220,2.1231181874662517,2.1172245010258495
rl_effect_on_hpo,hpo_no_rl,hpo_with_rl,3_DPpaulli_9_workers.fjs,2,1001,5209.81415478112,5453.971969580922,1.0468649758985615,-4.686497589856153,129601.5965476036,129601.92360019684,2577204,1353888,2.131675186080655,2.1304578006175476
rl_effect_on_hpo,hpo_no_rl,hpo_with_rl,3_DPpaulli_9_workers.fjs,3,1002,5707.530111476794,5198.420323400686,0.9108003325199491,8.919966748005093,129600.62103939056,129601.54879927635,288312,838188,2.126501531846794,2.136629808220586
rl_effect_on_hpo,hpo_no_rl,hpo_with_rl,3_DPpaulli_9_workers.fjs,4,1003,5888.539312596222,5430.288716103479,0.9221792413761261,7.782075862387394,129602.50903010368,129603.00056362152,312144,474252,2.1265941901755947,2.1270226071694003
rl_effect_on_hpo,hpo_no_rl,hpo_with_rl,3_DPpaulli_9_workers.fjs,5,1004,5409.048128544977,5179.817595225162,0.957620910764298,4.237908923570199,129600.12894296646,129600.76935577393,2823756,1942212,2.1129094252128815,2.125489370219599
rl_effect_on_hpo,hpo_no_rl,hpo_with_rl,3_DPpaulli_9_workers.fjs,6,1005,5518.147215209319,5073.856966100396,0.9194856114232772,8.051438857672277,129602.58228588104,129601.10546946526,1772892,1344120,2.116665598469244,2.118520653904132
rl_effect_on_hpo,hpo_no_rl,hpo_with_rl,3_DPpaulli_9_workers.fjs,7,1006,5564.990003285024,5522.032898517786,0.9922808298412251,0.771917015877488,129602.29380655289,129601.14362597466,1297776,723984,2.150305256292513,2.1436463115364077
rl_effect_on_hpo,hpo_no_rl,hpo_with_rl,3_DPpaulli_9_workers.fjs,8,1007,5342.630598294458,5761.640313516761,1.0784276036894755,-7.8427603689475545,129600.0681488514,129601.59064507484,460008,2216124,2.121775456034336,2.1198087982033704
rl_effect_on_hpo,hpo_no_rl,hpo_with_rl,3_DPpaulli_9_workers.fjs,9,1008,5803.007544919678,5370.040190168921,0.9253891449564279,7.461085504357213,129600.38820290565,129600.05315542221,2621988,1224636,2.124087681156544,2.1309683294321116
rl_effect_on_hpo,hpo_no_rl,hpo_with_rl,3_DPpaulli_9_workers.fjs,10,1009,5234.5457375258375,5858.23655982788,1.1191489870517086,-11.914898705170863,129601.9117205143,129600.11515641212,725808,435156,2.1356775754899378,2.1318182532124745
rl_effect_on_hpo,hpo_no_rl,hpo_with_rl,4_ChambersBarnes_10_workers.fjs,1,1000,2264.193594792244,2186.7331280809985,0.9657889383269133,3.421106167308674,129601.00970482826,129600.49553513527,4299132,3896640,2.1320090346442973,2.1313188382855737
rl_effect_on_hpo,hpo_no_rl,hpo_with_rl,4_ChambersBarnes_10_workers.fjs,2,1001,2395.2262910285613,2406.8368368083825,1.0048473690453839,-0.48473690453838536,129600.88217043877,129601.2599709034,103356,503784,2.1177951291145547,2.1261809512441543
rl_effect_on_hpo,hpo_no_rl,hpo_with_rl,4_ChambersBarnes_10_workers.fjs,3,1002,2223.9476987038074,2158.7800980492357,0.9706973321843164,2.930266781568358,129601.70232820511,129601.58170294762,472920,4944420,2.1363570592735903,2.133181915068415
rl_effect_on_hpo,hpo_no_rl,hpo_with_rl,4_ChambersBarnes_10_workers.fjs,4,1003,2366.9383972365154,2288.49478501919,0.9668586168913771,3.3141383108622913,129601.53652691841,129600.35441279411,3059688,287664,2.1247202847724553,2.1367831792896266
rl_effect_on_hpo,hpo_no_rl,hpo_with_rl,4_ChambersBarnes_10_workers.fjs,5,1004,2216.476881299184,2174.397014563411,0.9810149760230715,1.8985023976928472,129601.37880587578,129600.47130250931,695976,3987108,2.11900275458813,2.115172193155069
rl_effect_on_hpo,hpo_no_rl,hpo_with_rl,4_ChambersBarnes_10_workers.fjs,6,1005,2289.038449122597,2192.905787125211,0.9580030374613262,4.19969625386738,129600.82997870445,129600.62719345093,2064852,3519924,2.1058311399471914,2.1085632568511645
rl_effect_on_hpo,hpo_no_rl,hpo_with_rl,4_ChambersBarnes_10_workers.fjs,7,1006,2218.5192570684558,2219.55475163941,1.0004667503190043,-0.04667503190043387,129601.2759757042,129600.16783070564,2057520,148044,2.1331915933350536,2.1403613805587365
rl_effect_on_hpo,hpo_no_rl,hpo_with_rl,4_ChambersBarnes_10_workers.fjs,8,1007,2238.3899604355584,2210.318782338263,0.9874592101494983,1.2540789850501666,129601.06395792961,129600.04494976997,1177104,184944,2.123709639881934,2.1070722424578294
rl_effect_on_hpo,hpo_no_rl,hpo_with_rl,4_ChambersBarnes_10_workers.fjs,9,1008,2463.0061901716927,2345.860707667246,0.9524380072726165,4.756199272738348,129601.38228368759,129600.58891010284,2802660,2656920,2.1398837447191075,2.10014387436638
rl_effect_on_hpo,hpo_no_rl,hpo_with_rl,4_ChambersBarnes_10_workers.fjs,10,1009,2161.903694157994,2128.0333371779006,0.9843330870511857,1.5666912948814282,129600.33429193497,129601.43721747398,1411680,656592,2.1341596191095693,2.1344366471192586
rl_effect_on_hpo,hpo_no_rl,hpo_with_rl,5_Kacem_3_workers.fjs,1,1000,14.893994090917536,15.269658700918702,1.0252225566700237,-2.522255667002371,129600.42467594147,129600.65015172958,4657944,827400,2.127713441559648,2.1813798144169576
rl_effect_on_hpo,hpo_no_rl,hpo_with_rl,5_Kacem_3_workers.fjs,2,1001,18.88933823122548,18.74242545267141,0.9922224496826886,0.7777550317311421,129600.41030406952,129600.28701615334,4641180,4966488,2.0988153590250533,2.08249171696349
rl_effect_on_hpo,hpo_no_rl,hpo_with_rl,5_Kacem_3_workers.fjs,3,1002,16.862099479125106,19.085037846051854,1.1318304621366215,-13.183046213662152,129600.52081346512,129600.33481907845,3014292,682848,2.1077624348906383,2.1205597606724282
rl_effect_on_hpo,hpo_no_rl,hpo_with_rl,5_Kacem_3_workers.fjs,4,1003,19.265141975559516,16.78581020275641,0.8713047754359412,12.86952245640588,129600.67458343506,129600.81490015984,742320,3881280,2.140571330617724,2.098226275344551
rl_effect_on_hpo,hpo_no_rl,hpo_with_rl,5_Kacem_3_workers.fjs,5,1004,14.833185970288799,16.666807339511365,1.1236161518432621,-12.361615184326213,129600.10574603081,129600.8400053978,1010568,1153176,2.119026567184114,2.0833509174389206
rl_effect_on_hpo,hpo_no_rl,hpo_with_rl,5_Kacem_3_workers.fjs,6,1005,16.858784408129377,14.976200364855139,0.8883321597987546,11.166784020124542,129600.4271683693,129600.27533054352,4225956,3719184,2.107348051016172,2.1394571949793053
rl_effect_on_hpo,hpo_no_rl,hpo_with_rl,5_Kacem_3_workers.fjs,7,1006,15.667413653214808,15.407883508847089,0.98343503592155,1.6564964078449984,129600.7281756401,129600.8506166935,4948776,3400188,2.2382019504592585,2.2011262155495843
rl_effect_on_hpo,hpo_no_rl,hpo_with_rl,5_Kacem_3_workers.fjs,8,1007,16.891333052317638,18.65624744290216,1.1044863886774383,-10.448638867743831,129600.6243057251,129600.06172680855,3343032,4773240,2.1114166315397047,2.0729163825446846
rl_effect_on_hpo,hpo_no_rl,hpo_with_rl,5_Kacem_3_workers.fjs,9,1008,17.10370464004705,16.731520421566465,0.9782395553294845,2.176044467051552,129600.069596529,129600.39816784859,4055004,4379664,2.137963080005881,2.091440052695808
rl_effect_on_hpo,hpo_no_rl,hpo_with_rl,5_Kacem_3_workers.fjs,10,1009,15.272979404730174,15.141900303111864,0.9914175814590758,0.858241854092423,129600.56055760384,129600.10703730583,4892496,3286464,2.181854200675739,2.163128614730266
rl_effect_on_hpo,hpo_no_rl,hpo_with_rl,5_Kacem_4_workers.fjs,1,1000,32.62000314117165,31.88273922429508,0.9773984106106346,2.2601589389365406,129600.85494828224,129600.40026760101,2364660,4934964,2.1746668760781103,2.125515948286339
rl_effect_on_hpo,hpo_no_rl,hpo_with_rl,5_Kacem_4_workers.fjs,2,1001,34.54800435228695,32.786629957336835,0.9490166095561025,5.098339044389755,129600.03968501091,129600.01687145233,2883888,2927928,2.1592502720179345,2.1857753304891223
rl_effect_on_hpo,hpo_no_rl,hpo_with_rl,5_Kacem_4_workers.fjs,3,1002,30.584111679300836,30.45375843454326,0.9957378770348332,0.42621229651668147,129600.41370368004,129600.17480325699,4884036,4169088,2.1845794056643455,2.175268459610233
rl_effect_on_hpo,hpo_no_rl,hpo_with_rl,5_Kacem_4_workers.fjs,4,1003,32.31666674160163,28.089724866372052,0.8692024177794244,13.079758222057558,129600.53338336945,129600.77935647964,4283724,4964796,2.1544444494401085,2.160748066644004
rl_effect_on_hpo,hpo_no_rl,hpo_with_rl,5_Kacem_4_workers.fjs,5,1004,27.64752298825861,32.0342467904701,1.1586660694368334,-15.866606943683337,129600.12203359604,129600.71714878082,4486632,2807196,2.126732537558355,2.135616452698007
rl_effect_on_hpo,hpo_no_rl,hpo_with_rl,5_Kacem_4_workers.fjs,6,1005,37.32043926843459,30.544944659046244,0.8184508343898562,18.154916561014378,129600.06973552704,129600.18161010742,4747044,3989220,2.1953199569667405,2.181781761360446
rl_effect_on_hpo,hpo_no_rl,hpo_with_rl,5_Kacem_4_workers.fjs,7,1006,32.40552390767589,34.54682596229813,1.0660783038324841,-6.607830383248414,129600.2659676075,129600.71140694618,2171172,3702432,2.160368260511726,2.159176622643633
rl_effect_on_hpo,hpo_no_rl,hpo_with_rl,5_Kacem_4_workers.fjs,8,1007,29.979169939299528,32.793423276207626,1.0938736243400424,-9.387362434004242,129600.2959291935,129600.29044246674,4904268,3933444,2.141369281378538,2.186228218413842
rl_effect_on_hpo,hpo_no_rl,hpo_with_rl,5_Kacem_4_workers.fjs,9,1008,32.412958948287205,31.226993847839733,0.9634107733780306,3.6589226621969395,129600.23063850403,129600.09148907661,4687128,3879288,2.1608639298858137,2.230499560559981
rl_effect_on_hpo,hpo_no_rl,hpo_with_rl,5_Kacem_4_workers.fjs,10,1009,29.631765645105688,28.689620276745085,0.9682048859442091,3.179511405579094,129600.80053424835,129600.04551625252,3387864,4061472,2.1165546889361204,2.20689386744193
rl_effect_on_hpo,hpo_no_rl,hpo_with_rl,6_Fattahi_14_workers.fjs,1,1000,1276.7222502972893,1254.3721224020246,0.9824941345777749,1.7505865422225098,129600.2794110775,129600.59916758537,963012,2371272,2.1172839971762674,2.0836746219302733
rl_effect_on_hpo,hpo_no_rl,hpo_with_rl,6_Fattahi_14_workers.fjs,2,1001,1201.2763932415203,1203.0556430693275,1.0014811327666284,-0.14811327666284235,129600.80251383781,129600.03128004074,1694244,4159452,2.137502479077438,2.140668404037949
rl_effect_on_hpo,hpo_no_rl,hpo_with_rl,6_Fattahi_14_workers.fjs,3,1002,1230.143385561748,1202.7987190796616,0.9777711551327821,2.222884486721788,129600.58794140816,129600.06642699242,2350164,3187896,2.106409906783815,2.0954681517067275
rl_effect_on_hpo,hpo_no_rl,hpo_with_rl,6_Fattahi_14_workers.fjs,4,1003,1213.7789759664672,1205.649902789249,0.9933026742609827,0.6697325739017268,129600.69088983536,129600.33220410347,838836,1526880,2.136934816842372,2.14528452453603
rl_effect_on_hpo,hpo_no_rl,hpo_with_rl,6_Fattahi_14_workers.fjs,5,1004,1182.4070965476344,1185.3734511323148,1.002508742203376,-0.25087422033760465,129600.42942166328,129600.65481567383,3987300,3224616,2.119009133597911,2.1243251812407076
rl_effect_on_hpo,hpo_no_rl,hpo_with_rl,6_Fattahi_14_workers.fjs,6,1005,1215.123106615531,1220.6866121212036,1.0045785529675002,-0.45785529675002046,129600.22383642197,129600.78834795952,911052,3944928,2.0878403893737647,2.0973996771841987
rl_effect_on_hpo,hpo_no_rl,hpo_with_rl,6_Fattahi_14_workers.fjs,7,1006,1218.0202348264754,1239.0071467509235,1.0172303475134286,-1.7230347513428557,129600.64266371727,129600.01630020142,371616,1147620,2.133135262393127,2.151054074220353
rl_effect_on_hpo,hpo_no_rl,hpo_with_rl,6_Fattahi_14_workers.fjs,8,1007,1214.2193831324464,1223.5860506979375,1.0077141476207758,-0.7714147620775824,129600.651730299,129600.49932098389,280920,1566816,2.0862875998839288,2.1023815304088274
rl_effect_on_hpo,hpo_no_rl,hpo_with_rl,6_Fattahi_14_workers.fjs,9,1008,1177.0187264136503,1163.8780962073588,0.9888356659827064,1.1164334017293553,129600.23373317719,129600.00906705856,3214752,1936680,2.1093525562968645,2.1008629895439688
rl_effect_on_hpo,hpo_no_rl,hpo_with_rl,6_Fattahi_14_workers.fjs,10,1009,1233.0644444454656,1173.974460624357,0.9520787546123086,4.792124538769138,129600.34478831291,129600.26378035545,3300672,3471648,2.1594823895717434,2.1076740765248783
rl_effect_on_hpo,hpo_no_rl,hpo_with_rl,6_Fattahi_20_workers.fjs,1,1000,2900.689812109382,2828.7093811557147,0.9751850643756621,2.4814935624337897,129600.79532527924,129600.52614569664,4233900,4113588,2.1250474813988145,2.109402968796208
rl_effect_on_hpo,hpo_no_rl,hpo_with_rl,6_Fattahi_20_workers.fjs,2,1001,2938.706883843348,2929.717742514588,0.9969411235335578,0.30588764664422063,129600.52270960808,129600.54550170898,4729404,4982220,2.131041975230854,2.10166265603629
rl_effect_on_hpo,hpo_no_rl,hpo_with_rl,6_Fattahi_20_workers.fjs,3,1002,2903.870044266489,2957.2781091456973,1.018392029968648,-1.8392029968647972,129600.47948360443,129600.43639302254,1894008,3670764,2.1196131709974373,2.098848906419941
rl_effect_on_hpo,hpo_no_rl,hpo_with_rl,6_Fattahi_20_workers.fjs,4,1003,2787.290596740038,2748.1270356130817,0.9859492364474801,1.4050763552519885,129600.7859389782,129600.84783434868,4133424,3296868,2.1277027456030826,2.131983735929466
rl_effect_on_hpo,hpo_no_rl,hpo_with_rl,6_Fattahi_20_workers.fjs,5,1004,2850.264440703819,2854.7894972029662,1.0015875918158772,-0.15875918158771984,129600.3659696579,129600.83761310577,2426448,4127280,2.123893025859776,2.1352202671675142
rl_effect_on_hpo,hpo_no_rl,hpo_with_rl,6_Fattahi_20_workers.fjs,6,1005,2851.3536635979076,2803.80895343061,0.9833255654062554,1.6674434593744625,129600.28710103035,129600.05474257469,4960764,2540544,2.118390537591313,2.1240976919928864
rl_effect_on_hpo,hpo_no_rl,hpo_with_rl,6_Fattahi_20_workers.fjs,7,1006,3018.625785855888,2952.821971025367,0.9782007378526838,2.17992621473162,129600.22869801521,129600.00082707405,1133136,1190736,2.1469600183896786,2.115201984975191
rl_effect_on_hpo,hpo_no_rl,hpo_with_rl,6_Fattahi_20_workers.fjs,8,1007,2759.405998069268,2786.4260677317993,1.0097919877254151,-0.9791987725415119,129600.41414237022,129600.27021718025,2953356,4615716,2.1032057912113324,2.1189551845869197
rl_effect_on_hpo,hpo_no_rl,hpo_with_rl,6_Fattahi_20_workers.fjs,9,1008,2736.101217611612,2837.411103846377,1.0370270973831883,-3.7027097383188323,129600.1745557785,129600.54273915291,4500636,3573036,2.1063134854592853,2.126994830469548
rl_effect_on_hpo,hpo_no_rl,hpo_with_rl,6_Fattahi_20_workers.fjs,10,1009,2837.5625261712007,2804.290975654743,0.9882746018071531,1.1725398192846903,129600.07099413872,129600.31294751167,4367868,4220460,2.1383289571749815,2.1212488469400475
combined_effect,competition_no_rl,hpo_with_rl,0_BehnkeGeiger_42_workers.fjs,1,1000,182.32603118169484,177.74705781480503,0.9748857947643982,2.5114205235601816,20357.449500083923,129600.57690143585,3554140,4964652,2.1200701300197076,2.0911418566447653
combined_effect,competition_no_rl,hpo_with_rl,0_BehnkeGeiger_42_workers.fjs,2,1001,192.20967476796582,187.66865768554413,0.9763746695482235,2.3625330451776505,19966.233690023422,129600.03947210312,3916640,3346644,2.135663052977398,2.108636603208361
combined_effect,competition_no_rl,hpo_with_rl,0_BehnkeGeiger_42_workers.fjs,3,1002,204.96485423843953,175.30724012588723,0.8553039045511138,14.469609544888618,20203.64484834671,129600.1644461155,1970750,3238176,2.1130397344169025,2.1121354232034606
combined_effect,competition_no_rl,hpo_with_rl,0_BehnkeGeiger_42_workers.fjs,4,1003,196.07566020251252,193.56659464956442,0.987203584828649,1.2796415171350994,20257.677788496017,129601.6318807602,4656070,4791756,2.154677584642995,2.127105435709499
combined_effect,competition_no_rl,hpo_with_rl,0_BehnkeGeiger_42_workers.fjs,5,1004,189.42607700053188,183.1749795107103,0.9669998049434132,3.30001950565868,20328.427050113678,129600.02747988701,4904730,4445964,2.1283828876464255,2.1299416222175616
combined_effect,competition_no_rl,hpo_with_rl,0_BehnkeGeiger_42_workers.fjs,6,1005,187.6711446628449,187.44112508000245,0.9987743476321003,0.12256523678997322,19999.575818538666,129601.45213913918,2124660,4032528,2.085234940698277,2.106080057078679
combined_effect,competition_no_rl,hpo_with_rl,0_BehnkeGeiger_42_workers.fjs,7,1006,182.73321683039796,185.7623247269171,1.0165766681562365,-1.6576668156236485,20576.705412387848,129601.25855255127,1480330,4479168,2.1248048468650924,2.1351991347921504
combined_effect,competition_no_rl,hpo_with_rl,0_BehnkeGeiger_42_workers.fjs,8,1007,189.98349558297272,181.74979461666408,0.9566609670958881,4.33390329041119,20310.08421587944,129601.02251935005,3323650,4552644,2.110927728699697,2.113369704844931
combined_effect,competition_no_rl,hpo_with_rl,0_BehnkeGeiger_42_workers.fjs,9,1008,180.9034876785695,188.58392668151467,1.0424560029300918,-4.245600293009177,20053.41110086441,129600.54851126671,2005700,4785504,2.1282763256302295,2.095376963127941
combined_effect,competition_no_rl,hpo_with_rl,0_BehnkeGeiger_42_workers.fjs,10,1009,193.85237874907332,181.9719133872012,0.9387138530951408,6.128614690485923,20186.627692222595,129600.71212530136,3523340,4960044,2.1070910733594927,2.1159524812465254
combined_effect,competition_no_rl,hpo_with_rl,0_BehnkeGeiger_46_workers.fjs,1,1000,260.81704769676065,288.7142320784272,1.1069607398290209,-10.696073982902089,36694.85664892197,129601.19924688339,4989790,4927968,2.1378446532521367,2.122898765282553
combined_effect,competition_no_rl,hpo_with_rl,0_BehnkeGeiger_46_workers.fjs,2,1001,280.6325424526168,274.27806450245396,0.9773565891730616,2.2643410826938437,35078.63677120209,129602.41965842247,4978780,4440600,2.1100191161850885,2.1427973789254215
combined_effect,competition_no_rl,hpo_with_rl,0_BehnkeGeiger_46_workers.fjs,3,1002,307.0732532231711,294.01741979975526,0.9574830002731392,4.251699972686085,36585.94376420975,129600.36747813225,3269620,2006940,2.1324531473831327,2.1305610130417048
combined_effect,competition_no_rl,hpo_with_rl,0_BehnkeGeiger_46_workers.fjs,4,1003,311.1444650505168,292.62131521619773,0.9404676865091857,5.953231349081434,36208.09214782715,129600.97018313408,4205320,3978120,2.145823896900116,2.1359220088773556
combined_effect,competition_no_rl,hpo_with_rl,0_BehnkeGeiger_46_workers.fjs,5,1004,288.5117629205803,284.0674602992181,0.9845957662995336,1.5404233700466397,36563.002455472946,129601.69946837425,4663510,4891224,2.121410021474855,2.104203409623838
combined_effect,competition_no_rl,hpo_with_rl,0_BehnkeGeiger_46_workers.fjs,6,1005,282.46775787837066,281.98718210805,0.9982986526535619,0.170134734643812,36059.3068215847,129601.80412983894,3242300,4581204,2.139907256654323,2.1362665311215907
combined_effect,competition_no_rl,hpo_with_rl,0_BehnkeGeiger_46_workers.fjs,7,1006,297.88913684058264,281.2312608105685,0.9440802836696636,5.591971633033643,36441.76172208786,129600.42423725128,4631970,4796760,2.1277795488613047,2.1468035176379274
combined_effect,competition_no_rl,hpo_with_rl,0_BehnkeGeiger_46_workers.fjs,8,1007,285.8039762215631,317.2910633780262,1.1101702207671647,-11.017022076716465,36419.11933636665,129602.3153424263,4811780,2989608,2.1170664905300973,2.1294702240135988
combined_effect,competition_no_rl,hpo_with_rl,0_BehnkeGeiger_46_workers.fjs,9,1008,299.1987537418759,294.42731438714475,0.9840526095277536,1.5947390472246359,36014.08448982239,129601.08583974838,3553710,4629312,2.121976976892737,2.133531263674962
combined_effect,competition_no_rl,hpo_with_rl,0_BehnkeGeiger_46_workers.fjs,10,1009,272.2452274879661,288.62236925329944,1.0601558452151647,-6.0155845215164705,36547.818692445755,129600.72345495224,4320950,4744584,2.1104281200617527,2.137943475950366
combined_effect,competition_no_rl,hpo_with_rl,0_BehnkeGeiger_60_workers.fjs,1,1000,1788.944679322035,1751.10062902295,0.9788456005730558,2.1154399426944193,129600.08340167999,129603.86613988876,238710,426348,2.104640799202394,2.1123047394727985
combined_effect,competition_no_rl,hpo_with_rl,0_BehnkeGeiger_60_workers.fjs,2,1001,1746.2581947190406,1682.0880992758525,0.9632528021129702,3.6747197887029848,129600.61742901802,129602.7304315567,387950,132792,2.1115576719698192,2.1238486101967835
combined_effect,competition_no_rl,hpo_with_rl,0_BehnkeGeiger_60_workers.fjs,3,1002,1954.604978157716,1688.6651053697874,0.8639418830097393,13.605811699026072,129600.8949046135,129603.66641712189,258780,522504,2.1062553643940904,2.1187767946923306
combined_effect,competition_no_rl,hpo_with_rl,0_BehnkeGeiger_60_workers.fjs,4,1003,1940.2286687536455,1734.905822312837,0.8941759547483118,10.58240452516882,129601.1964995861,129600.02969479561,198040,354744,2.1066543634675847,2.1131617811362204
combined_effect,competition_no_rl,hpo_with_rl,0_BehnkeGeiger_60_workers.fjs,5,1004,1871.819220437706,1820.3784054066655,0.9725182782239988,2.7481721776001167,129600.05177545547,129600.05560445786,314710,379284,2.1055334313135052,2.1044837056724455
combined_effect,competition_no_rl,hpo_with_rl,0_BehnkeGeiger_60_workers.fjs,6,1005,1886.421697060695,2015.3339198018025,1.0683369062929942,-6.833690629299416,129601.68784618378,129604.11983704567,189270,252024,2.114822530337102,2.099306166460211
combined_effect,competition_no_rl,hpo_with_rl,0_BehnkeGeiger_60_workers.fjs,7,1006,1814.5030276781165,1730.9870076813745,0.9539730610956262,4.602693890437381,129600.81484079361,129604.93507671356,463620,100332,2.114805393564238,2.116121036285299
combined_effect,competition_no_rl,hpo_with_rl,0_BehnkeGeiger_60_workers.fjs,8,1007,1955.3009324750785,1860.5455369177655,0.951539226528487,4.846077347151301,129600.79630637169,129603.43508386612,12910,376044,2.1024741209409448,2.121488639586962
combined_effect,competition_no_rl,hpo_with_rl,0_BehnkeGeiger_60_workers.fjs,9,1008,1917.864006432271,1844.0349718665175,0.9615045517731495,3.849544822685047,129601.32161641121,129603.68931293488,179790,677244,2.107542864211287,2.122019530341217
combined_effect,competition_no_rl,hpo_with_rl,0_BehnkeGeiger_60_workers.fjs,10,1009,1837.7501432796562,1628.6624675351902,0.8862262770001328,11.377372299986721,129601.99488544464,129603.88136553764,315790,153588,2.102688951120888,2.112402681628003
combined_effect,competition_no_rl,hpo_with_rl,1_Brandimarte_12_workers.fjs,1,1000,1208.9983843196258,1154.7427368811034,0.9551234739911955,4.487652600880454,109539.37889194489,129601.50995159149,1249080,1044408,2.113633539020325,2.126598042138312
combined_effect,competition_no_rl,hpo_with_rl,1_Brandimarte_12_workers.fjs,2,1001,1201.8936328177522,1141.3433845144828,0.9496209592513493,5.037904074865073,110253.46946334839,129601.8390762806,3468920,1968336,2.1160099169326623,2.121456105045507
combined_effect,competition_no_rl,hpo_with_rl,1_Brandimarte_12_workers.fjs,3,1002,1218.5435485740002,1102.693281344181,0.904927265533191,9.507273446680898,109526.9440305233,129600.21963405609,154280,3680532,2.108206831442907,2.116493822157737
combined_effect,competition_no_rl,hpo_with_rl,1_Brandimarte_12_workers.fjs,4,1003,1164.0769537376348,1144.7791249732027,0.9834222052910933,1.6577794708906746,108974.69512104988,129600.05377197266,515770,428496,2.120358749977477,2.1160427448672876
combined_effect,competition_no_rl,hpo_with_rl,1_Brandimarte_12_workers.fjs,5,1004,1119.1444957936749,1088.1358793435145,0.9722925711856629,2.7707428814337076,107636.62585520744,129600.08831810951,841710,3597252,2.107616752907109,2.112885202608766
combined_effect,competition_no_rl,hpo_with_rl,1_Brandimarte_12_workers.fjs,6,1005,1087.246608072505,1114.3736455629512,1.0249502157919237,-2.495021579192369,109755.54575800896,129600.89966750145,185510,1564860,2.111158462276709,2.110556146899529
combined_effect,competition_no_rl,hpo_with_rl,1_Brandimarte_12_workers.fjs,7,1006,1198.610503525013,1165.313133595766,0.9722200249110764,2.7779975088923603,106398.14004182816,129600.43690991402,4031840,434100,2.1176864019876556,2.12648382043023
combined_effect,competition_no_rl,hpo_with_rl,1_Brandimarte_12_workers.fjs,8,1007,1117.7585464890092,1154.1502359493993,1.0325577376032598,-3.255773760325975,107844.76237535477,129601.16007137299,658610,1864860,2.112965116236312,2.113828270969596
combined_effect,competition_no_rl,hpo_with_rl,1_Brandimarte_12_workers.fjs,9,1008,1148.0312556718964,1197.7162550596604,1.0432784378842417,-4.327843788424168,108876.32895159721,129601.14544558525,274260,695076,2.1142380399114113,2.1086553786261626
combined_effect,competition_no_rl,hpo_with_rl,1_Brandimarte_12_workers.fjs,10,1009,1133.7329559654333,1191.671625943406,1.0511043360547236,-5.110433605472364,108493.9706530571,129601.27963447571,300620,2807016,2.1151734253086443,2.1166458720131547
combined_effect,competition_no_rl,hpo_with_rl,1_Brandimarte_14_workers.fjs,1,1000,1416.1290876768676,1398.4839253329762,0.9875398630693775,1.2460136930622534,129601.09608864784,129600.90535879135,2237800,1650132,2.107334951900101,2.1029833463653778
combined_effect,competition_no_rl,hpo_with_rl,1_Brandimarte_14_workers.fjs,2,1001,1467.4541509430112,1453.8713037105424,0.9907439375712419,0.9256062428758094,129601.37736773491,129602.4773042202,133230,1909212,2.1175384573492226,2.1009700920672576
combined_effect,competition_no_rl,hpo_with_rl,1_Brandimarte_14_workers.fjs,3,1002,1434.4502018210371,1408.3558551028154,0.981808816586944,1.8191183413056033,129600.7268652916,129601.60584044456,293870,488244,2.1063879615580574,2.1146484310853086
combined_effect,competition_no_rl,hpo_with_rl,1_Brandimarte_14_workers.fjs,4,1003,1516.0663762110094,1420.5593300899905,0.9370033874376184,6.299661256238165,129601.17758107185,129601.18349027634,236610,338100,2.1174111399595104,2.110786523164919
combined_effect,competition_no_rl,hpo_with_rl,1_Brandimarte_14_workers.fjs,5,1004,1510.0214859746966,1449.6887029102263,0.9600450830502413,3.9954916949758723,129600.07766103745,129601.06740808487,2313380,440952,2.1060271770916272,2.1040474643109235
combined_effect,competition_no_rl,hpo_with_rl,1_Brandimarte_14_workers.fjs,6,1005,1729.6049913077538,1493.7383576645184,0.8636297681675301,13.637023183246988,129602.57582378387,129600.85108017921,2470250,341316,2.0990351836259147,2.1127840985353865
combined_effect,competition_no_rl,hpo_with_rl,1_Brandimarte_14_workers.fjs,7,1006,1490.9282140637342,1450.5327165259898,0.9729058064924261,2.7094193507573916,129600.61751508713,129601.91005730629,453520,2123580,2.1147917929982047,2.111401334098966
combined_effect,competition_no_rl,hpo_with_rl,1_Brandimarte_14_workers.fjs,8,1007,1569.1613963996588,1402.187431326183,0.8935903180790792,10.640968192092082,129600.75369644165,129602.35554432869,167500,1300320,2.1034335072381487,2.09908298102722
combined_effect,competition_no_rl,hpo_with_rl,1_Brandimarte_14_workers.fjs,9,1008,1493.7490008553964,1438.4842321933593,0.9630026405839336,3.699735941606641,129601.54570269585,129602.37225222588,609310,1295664,2.1098149729595996,2.1123116478610267
combined_effect,competition_no_rl,hpo_with_rl,1_Brandimarte_14_workers.fjs,10,1009,1458.6020307609622,1537.8899620521927,1.0543588515709563,-5.435885157095632,129600.04201340675,129601.93874692917,478610,406032,2.110856773894301,2.10958842531165
combined_effect,competition_no_rl,hpo_with_rl,1_Brandimarte_7_workers.fjs,1,1000,375.4228054883477,392.3073625007997,1.044974777146233,-4.497477714623299,62632.71482586861,129600.9913122654,178180,4686960,2.133084122092885,2.1091793682838693
combined_effect,competition_no_rl,hpo_with_rl,1_Brandimarte_7_workers.fjs,2,1001,392.8519268272734,370.4713988105543,0.9430306268382916,5.696937316170835,63679.25330734253,129600.41848611832,4740530,134448,2.112107133479965,2.1414531723153427
combined_effect,competition_no_rl,hpo_with_rl,1_Brandimarte_7_workers.fjs,3,1002,387.3510724386065,364.4803387792582,0.9409560595369897,5.904394046301031,66870.95180606842,129600.83772802353,3092820,556548,2.1166725269869207,2.1314639694693462
combined_effect,competition_no_rl,hpo_with_rl,1_Brandimarte_7_workers.fjs,4,1003,368.2743015551689,365.5325938062238,0.9925552564016352,0.7444743598364778,66198.73432254791,129600.05010485649,188450,598728,2.128753188180167,2.1376175076387356
combined_effect,competition_no_rl,hpo_with_rl,1_Brandimarte_7_workers.fjs,5,1004,360.9552592585577,350.0342442861516,0.9697441311844601,3.0255868815539877,64565.86541366577,129600.52750515938,4307840,2773164,2.110849469348291,2.1214196623403128
combined_effect,competition_no_rl,hpo_with_rl,1_Brandimarte_7_workers.fjs,6,1005,390.5126003748752,369.46778261415506,0.9461097599910527,5.389024000894727,67503.42838740349,129600.03007411957,88920,339948,2.0995301095423398,2.111244472080886
combined_effect,competition_no_rl,hpo_with_rl,1_Brandimarte_7_workers.fjs,7,1006,403.5235300588432,380.44837465377833,0.9428158367823061,5.718416321769393,66673.8547873497,129601.1182141304,190280,150588,2.12380805294128,2.125409914266918
combined_effect,competition_no_rl,hpo_with_rl,1_Brandimarte_7_workers.fjs,8,1007,373.9563656154328,363.43291851378467,0.9718591577273211,2.814084227267888,66145.38582134247,129600.04516768456,4131920,1588440,2.1127478283357783,2.112982084382469
combined_effect,competition_no_rl,hpo_with_rl,1_Brandimarte_7_workers.fjs,9,1008,355.38660922835857,357.4311005038419,1.00575286525264,-0.575286525263996,61013.641537189484,129600.71592998505,4314900,4552404,2.1280635283135245,2.12756607442763
combined_effect,competition_no_rl,hpo_with_rl,1_Brandimarte_7_workers.fjs,10,1009,391.67077223096055,392.7588757179376,1.0027781074415616,-0.2778107441561595,59254.117978811264,129600.53839349747,4540410,3985584,2.1171393093565434,2.1230209498266897
combined_effect,competition_no_rl,hpo_with_rl,2a_Hurink_sdata_18_workers.fjs,1,1000,2729.867370918839,2844.3080983602367,1.0419217170257171,-4.192171702571712,60172.8321185112,129600.51924180984,4333940,3149196,2.1129004418876463,2.113156090906565
combined_effect,competition_no_rl,hpo_with_rl,2a_Hurink_sdata_18_workers.fjs,2,1001,2795.0972701007786,2814.7820477385094,1.0070426091600817,-0.7042609160081703,50528.27542376518,129600.06433558464,193280,407568,2.106328010626058,2.0974530907142395
combined_effect,competition_no_rl,hpo_with_rl,2a_Hurink_sdata_18_workers.fjs,3,1002,2687.4399015301774,2709.137845774911,1.008073834221327,-0.8073834221326903,61101.958560466766,129600.89258146286,4647670,418416,2.0995624230704513,2.1248139966862047
combined_effect,competition_no_rl,hpo_with_rl,2a_Hurink_sdata_18_workers.fjs,4,1003,2686.9369096428854,2775.117851261631,1.0328183893348153,-3.281838933481529,63683.00208735466,129600.07150149345,4433100,3709488,2.1090556590603495,2.1265270890893726
combined_effect,competition_no_rl,hpo_with_rl,2a_Hurink_sdata_18_workers.fjs,5,1004,2896.161372487367,2750.955441214875,0.9498626241438398,5.013737585616019,64133.66842389107,129600.57857728004,4781820,2231916,2.0956305155480224,2.103176942824828
combined_effect,competition_no_rl,hpo_with_rl,2a_Hurink_sdata_18_workers.fjs,6,1005,2797.3988639641466,2710.8901149885396,0.9690752898737448,3.0924710126255195,59727.10630226135,129600.37401127815,4256730,406920,2.092295335799661,2.104728350146382
combined_effect,competition_no_rl,hpo_with_rl,2a_Hurink_sdata_18_workers.fjs,7,1006,2747.9954740905314,2790.9074554509884,1.0156157394599272,-1.5615739459927225,46420.479408979416,129600.76549696922,137180,4566564,2.1335368587659405,2.132091257029021
combined_effect,competition_no_rl,hpo_with_rl,2a_Hurink_sdata_18_workers.fjs,8,1007,2947.6513239037577,2724.7425593420676,0.9243774992130079,7.562250078699206,63527.871322155,129600.05715107918,2868780,2738688,2.0905328538324524,2.0943447804320274
combined_effect,competition_no_rl,hpo_with_rl,2a_Hurink_sdata_18_workers.fjs,9,1008,2735.8241484321643,2830.5233274576412,1.034614497821341,-3.461449782134096,63611.23305630684,129600.07287168503,1477900,194628,2.1012474258311555,2.1091828073454852
combined_effect,competition_no_rl,hpo_with_rl,2a_Hurink_sdata_18_workers.fjs,10,1009,2822.868300500614,2766.73963402337,0.9801164416819268,1.9883558318073202,58790.86918306351,129601.10021853447,2507760,3259452,2.106618134701951,2.1201069992516244
combined_effect,competition_no_rl,hpo_with_rl,2a_Hurink_sdata_1_workers.fjs,1,1000,111.83163817589812,118.47392694117576,1.0593954347233123,-5.939543472331232,12565.047216415405,129600.27405524254,2135920,2272524,2.1100309089792098,2.1156058382352816
combined_effect,competition_no_rl,hpo_with_rl,2a_Hurink_sdata_1_workers.fjs,2,1001,120.34250021007765,114.51946535676753,0.9516128147317444,4.838718526825558,12640.391414880753,129600.07588028908,1057580,254832,2.111271933510134,2.1207308399401392
combined_effect,competition_no_rl,hpo_with_rl,2a_Hurink_sdata_1_workers.fjs,3,1002,118.41394839662564,120.0556780705132,1.0138643267631664,-1.3864326763166401,12834.98279619217,129600.08135056496,1190730,661536,2.1145347927968863,2.1062399661493543
combined_effect,competition_no_rl,hpo_with_rl,2a_Hurink_sdata_1_workers.fjs,4,1003,110.34870632042231,110.79716249442767,1.0040639912234508,-0.40639912234508024,12634.102185964584,129600.6398589611,4549800,1429380,2.1220905061619675,2.1307146633543783
combined_effect,competition_no_rl,hpo_with_rl,2a_Hurink_sdata_1_workers.fjs,5,1004,113.49757271787396,113.85338172086726,1.0031349481268446,-0.3134948126844561,12560.022422790527,129600.93946456909,4199480,4513800,2.1018069021828514,2.1083959577938383
combined_effect,competition_no_rl,hpo_with_rl,2a_Hurink_sdata_1_workers.fjs,6,1005,110.7283964066194,110.40709123111384,0.9970982585684195,0.2901741431580507,12528.332788705826,129600.59756660461,4091070,2568516,2.1293922385888346,2.123213292906035
combined_effect,competition_no_rl,hpo_with_rl,2a_Hurink_sdata_1_workers.fjs,7,1006,111.27791308405743,111.39161689695008,1.001021800371173,-0.10218003711730539,12523.116670131683,129600.58053469658,3177360,4244808,2.1399598670011044,2.1017286206971715
combined_effect,competition_no_rl,hpo_with_rl,2a_Hurink_sdata_1_workers.fjs,8,1007,110.8570974151106,112.68073958301792,1.0164503871238717,-1.6450387123871701,12574.511325120926,129600.96754956245,1936820,4897536,2.131867257982896,2.08668036264848
combined_effect,competition_no_rl,hpo_with_rl,2a_Hurink_sdata_1_workers.fjs,9,1008,112.75796148869654,112.81189987600919,1.0004783554668826,-0.0478355466882574,12601.279799461365,129600.58837890625,3942820,4467228,2.088110397938825,2.089109256963133
combined_effect,competition_no_rl,hpo_with_rl,2a_Hurink_sdata_1_workers.fjs,10,1009,119.68669776310102,119.35475614981365,0.9972265788973108,0.27734211026891886,12653.76982498169,129600.26675534248,4695070,998916,2.099766627422825,2.093943090347608
combined_effect,competition_no_rl,hpo_with_rl,2a_Hurink_sdata_38_workers.fjs,1,1000,5538.883788162562,4866.9258833431095,0.8786835162969967,12.13164837030033,129600.44813990593,129602.06462597847,108170,837816,2.1116598506147777,2.126223627498082
combined_effect,competition_no_rl,hpo_with_rl,2a_Hurink_sdata_38_workers.fjs,2,1001,4948.784779634479,5189.939796903478,1.0487301485127045,-4.873014851270452,129600.52902817726,129601.25330615044,269770,731808,2.122120402930737,2.112307609647325
combined_effect,competition_no_rl,hpo_with_rl,2a_Hurink_sdata_38_workers.fjs,3,1002,4913.076025232782,4674.760846211243,0.9514936919767596,4.850630802324041,129601.3157696724,129600.05146098137,232790,722268,2.1250328828861513,2.119111897647889
combined_effect,competition_no_rl,hpo_with_rl,2a_Hurink_sdata_38_workers.fjs,4,1003,5504.523886216302,4932.148345993597,0.8960172483480411,10.39827516519589,129601.0037047863,129600.57521033287,1046790,474648,2.1212038097172647,2.1250100585926743
combined_effect,competition_no_rl,hpo_with_rl,2a_Hurink_sdata_38_workers.fjs,5,1004,5351.839804762964,5233.801923072355,0.9779444292062779,2.2055570793722112,129600.09694766998,129601.63109326363,162150,909096,2.117025239225856,2.107005605101592
combined_effect,competition_no_rl,hpo_with_rl,2a_Hurink_sdata_38_workers.fjs,6,1005,5432.102089690997,4833.161068330813,0.8897404703610321,11.02595296389679,129601.16891503334,129602.33060479164,367840,428436,2.111193971897006,2.1087090175963406
combined_effect,competition_no_rl,hpo_with_rl,2a_Hurink_sdata_38_workers.fjs,7,1006,5187.840883341741,4681.603416752626,0.9024184669551734,9.758153304482665,129600.51657056808,129603.03227186203,202800,526680,2.1174860748333635,2.123176152722279
combined_effect,competition_no_rl,hpo_with_rl,2a_Hurink_sdata_38_workers.fjs,8,1007,4919.311201933125,4746.897775495219,0.9649517138964185,3.504828610358146,129600.2400238514,129600.61784005165,281630,2187156,2.1131061863973906,2.110670420406945
combined_effect,competition_no_rl,hpo_with_rl,2a_Hurink_sdata_38_workers.fjs,9,1008,5156.7122798558,5097.338574619634,0.9884861318580631,1.151386814193689,129600.24855685234,129601.25132775307,192900,319920,2.10822251833843,2.125662458139964
combined_effect,competition_no_rl,hpo_with_rl,2a_Hurink_sdata_38_workers.fjs,10,1009,5141.228554175259,4981.2678364662115,0.968886674454661,3.1113325545338966,129600.35772132874,129602.0017273426,579320,501432,2.1253528541443814,2.1160865915319507
combined_effect,competition_no_rl,hpo_with_rl,2a_Hurink_sdata_40_workers.fjs,1,1000,3732.7153728152803,3653.9388365735235,0.9788956487774362,2.110435122256382,123126.27042603493,129601.45834183693,142550,2212272,2.1256921257490204,2.102381378926078
combined_effect,competition_no_rl,hpo_with_rl,2a_Hurink_sdata_40_workers.fjs,2,1001,3698.1665411041686,3450.325866580381,0.9329828249298396,6.701717507016037,125803.9382750988,129602.1625649929,866940,3166476,2.11203114854607,2.1232774563571577
combined_effect,competition_no_rl,hpo_with_rl,2a_Hurink_sdata_40_workers.fjs,3,1002,3698.8743664415524,3716.948367852494,1.004886351797974,-0.4886351797974031,125873.19680523872,129602.27283072472,1931510,482124,2.1148509813845355,2.1203356348274354
combined_effect,competition_no_rl,hpo_with_rl,2a_Hurink_sdata_40_workers.fjs,4,1003,3538.986471459372,3600.694038380912,1.01743650828258,-1.7436508282580032,124502.08568286896,129601.04341316223,146280,1467816,2.1293540742836172,2.12932823085802
combined_effect,competition_no_rl,hpo_with_rl,2a_Hurink_sdata_40_workers.fjs,5,1004,3564.075865066753,3648.453640572323,1.0236745172381423,-2.367451723814229,121834.71082115173,129602.297072649,3105110,2981604,2.1189511682917677,2.121193977076932
combined_effect,competition_no_rl,hpo_with_rl,2a_Hurink_sdata_40_workers.fjs,6,1005,3734.4564984459066,3472.5729762817996,0.9298737253270751,7.0126274672924875,125044.32365846634,129600.46717524529,565610,322296,2.1158393758900322,2.1317206729783913
combined_effect,competition_no_rl,hpo_with_rl,2a_Hurink_sdata_40_workers.fjs,7,1006,3828.471280436058,3608.8051716881164,0.9426230229620733,5.737697703792666,124738.77695918083,129600.86646318436,478150,514224,2.1198622815260566,2.1290885968661453
combined_effect,competition_no_rl,hpo_with_rl,2a_Hurink_sdata_40_workers.fjs,8,1007,3577.9578375293527,3507.2613697188563,0.980241112103402,1.9758887896597965,125278.52866053581,129601.94403243065,1946490,414204,2.1121356774081184,2.1166332949419773
combined_effect,competition_no_rl,hpo_with_rl,2a_Hurink_sdata_40_workers.fjs,9,1008,3471.271984260472,3483.343504488236,1.0034775495214718,-0.34775495214718344,128790.1543533802,129600.89771652222,202680,343656,2.133541477726166,2.1317891704334366
combined_effect,competition_no_rl,hpo_with_rl,2a_Hurink_sdata_40_workers.fjs,10,1009,3800.737286030936,3533.2658412820037,0.9296264317631252,7.03735682368748,123929.59617614746,129600.81301140785,1698550,3113880,2.12450379319784,2.1284733983626527
combined_effect,competition_no_rl,hpo_with_rl,2a_Hurink_sdata_54_workers.fjs,1,1000,18820.500853864247,17409.57773625286,0.9250326477192718,7.496735228072815,23052.906194210052,129600.34230089188,4496690,4846692,2.1059081183690553,2.0955197082634642
combined_effect,competition_no_rl,hpo_with_rl,2a_Hurink_sdata_54_workers.fjs,2,1001,18262.473650369557,17527.25170605976,0.9597413823348668,4.025861766513317,23094.520582437515,129600.67177772522,4362260,4873236,2.0988936501976276,2.111208348116088
combined_effect,competition_no_rl,hpo_with_rl,2a_Hurink_sdata_54_workers.fjs,3,1002,18769.271305764298,17678.925121355354,0.9419079107203228,5.809208927967724,23114.093683242798,129600.80095505714,4290200,1772256,2.1084330831009095,2.117743785500162
combined_effect,competition_no_rl,hpo_with_rl,2a_Hurink_sdata_54_workers.fjs,4,1003,18997.18927714894,18715.78357816523,0.9851869824068025,1.481301759319753,23199.30340719223,129600.0616197586,4439080,2674644,2.12330270226321,2.106921488029408
combined_effect,competition_no_rl,hpo_with_rl,2a_Hurink_sdata_54_workers.fjs,5,1004,18848.102649867174,19012.01589289716,1.0086965381118158,-0.869653811181581,22618.3732483387,129600.71987915039,2734130,4976688,2.1118322296769945,2.093373254007615
combined_effect,competition_no_rl,hpo_with_rl,2a_Hurink_sdata_54_workers.fjs,6,1005,18495.4674904721,18554.49988408416,1.0031917221688218,-0.3191722168821798,22569.32054591179,129600.49653482437,4059990,4054224,2.1125605357478126,2.1106244891461907
combined_effect,competition_no_rl,hpo_with_rl,2a_Hurink_sdata_54_workers.fjs,7,1006,18762.523502777898,19187.298202410508,1.0226395292493422,-2.2639529249342205,23110.31477165222,129600.14090275764,2419820,2899644,2.105782660244433,2.1041011297741536
combined_effect,competition_no_rl,hpo_with_rl,2a_Hurink_sdata_54_workers.fjs,8,1007,19055.494799022355,19372.075858297212,1.0166136362563043,-1.6613636256304298,25463.393589258194,129600.43700957298,4927350,3787800,2.107908716706013,2.101320735252979
combined_effect,competition_no_rl,hpo_with_rl,2a_Hurink_sdata_54_workers.fjs,9,1008,17858.70055469984,19333.082924859897,1.0825582110884346,-8.255821108843463,23448.502824783325,129600.30797147751,4965830,3242724,2.090448385192537,2.093684527275276
combined_effect,competition_no_rl,hpo_with_rl,2a_Hurink_sdata_54_workers.fjs,10,1009,17519.462602732234,19628.935975724493,1.120407424635461,-12.040742463546096,22963.341080904007,129600.80525016785,4570940,4812612,2.1192043791861903,2.091745095452312
combined_effect,competition_no_rl,hpo_with_rl,2a_Hurink_sdata_61_workers.fjs,1,1000,1900.6553435783205,1979.5030311637663,1.041484474211406,-4.1484474211406,33194.543993234634,129600.15351986885,4992870,3754968,2.0955406213652927,2.0947122022897
combined_effect,competition_no_rl,hpo_with_rl,2a_Hurink_sdata_61_workers.fjs,2,1001,2240.0238340769683,1966.015512887041,0.8776761581633634,12.232384183663658,34967.393434762955,129600.62007880211,4880890,931572,2.0993662924807577,2.1071977630086183
combined_effect,competition_no_rl,hpo_with_rl,2a_Hurink_sdata_61_workers.fjs,3,1002,2052.8210499859265,2018.4347554266208,0.9832492488521873,1.675075114781266,33715.641780376434,129601.44200396538,2845680,2053320,2.1163103608102336,2.122434022530621
combined_effect,competition_no_rl,hpo_with_rl,2a_Hurink_sdata_61_workers.fjs,4,1003,2044.4907739018413,2105.3302405452714,1.0297577604262405,-2.9757760426240454,33455.101996421814,129601.25420689583,1852480,3248616,2.1230433789219534,2.124450293183927
combined_effect,competition_no_rl,hpo_with_rl,2a_Hurink_sdata_61_workers.fjs,5,1004,1949.099403063879,2056.4354960663377,1.0550695838466382,-5.506958384663818,33952.70045542717,129601.33859300613,4957520,378396,2.1185863076781293,2.09199948735131
combined_effect,competition_no_rl,hpo_with_rl,2a_Hurink_sdata_61_workers.fjs,6,1005,1923.529749689821,1938.5477567484377,1.007807525233773,-0.7807525233773038,32055.823803424835,129601.11295342445,4735490,4480344,2.1137689557031,2.1002684255129336
combined_effect,competition_no_rl,hpo_with_rl,2a_Hurink_sdata_61_workers.fjs,7,1006,1989.4837443276863,1956.223237278468,0.9832818402542626,1.6718159745737426,34778.94891357422,129600.79431796074,4108450,3040524,2.136932056205893,2.1125520920933782
combined_effect,competition_no_rl,hpo_with_rl,2a_Hurink_sdata_61_workers.fjs,8,1007,2002.6709790630266,2011.677788303478,1.0044973983917544,-0.4497398391754448,33880.63437581062,129601.3517999649,95340,3990564,2.12372320155146,2.0954976961494562
combined_effect,competition_no_rl,hpo_with_rl,2a_Hurink_sdata_61_workers.fjs,9,1008,2077.695482406244,2013.9728312770417,0.969330129622555,3.066987037744495,33474.73347735405,129600.44187879562,4372760,3230196,2.1222630055222105,2.115517679912859
combined_effect,competition_no_rl,hpo_with_rl,2a_Hurink_sdata_61_workers.fjs,10,1009,2142.8686123393113,2088.5173390593227,0.9746362082271322,2.536379177286785,34711.88103866577,129600.61260461807,3226270,4806072,2.1112006032899617,2.1138839464163186
combined_effect,competition_no_rl,hpo_with_rl,2a_Hurink_sdata_63_workers.fjs,1,1000,912.8762109732633,885.7221337352948,0.970254370842879,2.974562915712098,35253.87183427811,129600.7767894268,4996790,4933668,2.108259147744257,2.1038530492524816
combined_effect,competition_no_rl,hpo_with_rl,2a_Hurink_sdata_63_workers.fjs,2,1001,905.5058716238792,883.1309962123191,0.9752901929046199,2.4709807095380065,33642.919947862625,129600.03608107567,571390,4004172,2.115667924354858,2.1026928481245695
combined_effect,competition_no_rl,hpo_with_rl,2a_Hurink_sdata_63_workers.fjs,3,1002,854.8607148983949,907.1913444615748,1.061215387081391,-6.121538708139096,34207.299658060074,129601.43965268135,4965090,199512,2.1159918685603833,2.1245698933526342
combined_effect,competition_no_rl,hpo_with_rl,2a_Hurink_sdata_63_workers.fjs,4,1003,884.954819094337,879.0468483314135,0.993323985998551,0.6676014001449015,33575.31496548653,129600.77520680428,3771060,202212,2.1120640073850527,2.1336088551733337
combined_effect,competition_no_rl,hpo_with_rl,2a_Hurink_sdata_63_workers.fjs,5,1004,865.3265344717249,888.0132617393516,1.0262175333401475,-2.6217533340147536,33795.780308008194,129600.04890680313,4201640,3443112,2.1261094213064493,2.1042968287662362
combined_effect,competition_no_rl,hpo_with_rl,2a_Hurink_sdata_63_workers.fjs,6,1005,870.2602559121628,877.2221615038965,1.0079997972381682,-0.7999797238168238,33679.01256132126,129600.03353762627,4866070,619104,2.0970126648485854,2.1240246041256574
combined_effect,competition_no_rl,hpo_with_rl,2a_Hurink_sdata_63_workers.fjs,7,1006,920.6654684219654,892.2939623572579,0.9691836969693924,3.081630303060756,33547.27046084404,129600.64477586746,3683280,4187712,2.1213490055805657,2.124509434183947
combined_effect,competition_no_rl,hpo_with_rl,2a_Hurink_sdata_63_workers.fjs,8,1007,860.8985013919737,863.4600911943685,1.0029754840997551,-0.29754840997551213,34525.84337091446,129600.57404947281,1114240,1819344,2.1152297331498127,2.106000222425289
combined_effect,competition_no_rl,hpo_with_rl,2a_Hurink_sdata_63_workers.fjs,9,1008,856.846874902099,931.6097434906543,1.0872534764126875,-8.725347641268755,33952.134630441666,129600.54097104073,3576200,4586184,2.110460283010096,2.1029565315816123
combined_effect,competition_no_rl,hpo_with_rl,2a_Hurink_sdata_63_workers.fjs,10,1009,901.0570773669917,916.4951552669505,1.0171332963113402,-1.7133296311340196,41002.868472099304,129600.71760988235,4195660,390348,2.1201342996870394,2.116616986759701
combined_effect,competition_no_rl,hpo_with_rl,2b_Hurink_edata_1_workers.fjs,1,1000,113.8809488476775,108.24659590462647,0.9505241833681303,4.947581663186973,12785.387611150742,129600.95282459259,1099270,1013172,2.108906460142176,2.122482272639735
combined_effect,competition_no_rl,hpo_with_rl,2b_Hurink_edata_1_workers.fjs,2,1001,107.45749740454286,107.30960534908614,0.9986237158036544,0.13762841963456118,12721.101152896881,129600.5091817379,2879400,4001184,2.107009753030252,2.1041099088056106
combined_effect,competition_no_rl,hpo_with_rl,2b_Hurink_edata_1_workers.fjs,3,1002,108.03074005192549,107.58927297064747,0.9959135049795472,0.4086495020452774,12726.471103668213,129600.93526315689,2977480,664644,2.1182498049397154,2.1095935876597545
combined_effect,competition_no_rl,hpo_with_rl,2b_Hurink_edata_1_workers.fjs,4,1003,107.19248199281232,107.68550700299438,1.0045994364624855,-0.45994364624855066,12788.26170039177,129600.3104133606,4945010,3596916,2.1018133724080847,2.111480529470478
combined_effect,competition_no_rl,hpo_with_rl,2b_Hurink_edata_1_workers.fjs,5,1004,107.25303587634335,108.3712747041573,1.0104261741280984,-1.042617412809843,12772.051815271378,129600.71291017532,1288340,3029652,2.1030007034577127,2.1249269549834766
combined_effect,competition_no_rl,hpo_with_rl,2b_Hurink_edata_1_workers.fjs,6,1005,107.61618541939013,106.99555202455787,0.9942328991460383,0.5767100853961704,12801.756734609604,129600.34336328506,4540390,4531500,2.11012128273314,2.0979520004815266
combined_effect,competition_no_rl,hpo_with_rl,2b_Hurink_edata_1_workers.fjs,7,1006,108.66315867723185,108.01479935603675,0.9940333105618533,0.5966689438146711,12682.135912656784,129600.1158850193,3653040,1849860,2.130650170141801,2.1179372422752305
combined_effect,competition_no_rl,hpo_with_rl,2b_Hurink_edata_1_workers.fjs,8,1007,107.54849089619715,107.15420721837889,0.9963338985555937,0.3666101444406267,12762.481214284897,129600.62739443779,4685390,4483800,2.108793939141121,2.10106288663488
combined_effect,competition_no_rl,hpo_with_rl,2b_Hurink_edata_1_workers.fjs,9,1008,107.12000040152562,107.7496843788097,1.0058783044709092,-0.5878304470909201,12750.612533569336,129600.52337908745,610590,4864272,2.1003921647357964,2.1127389093884257
combined_effect,competition_no_rl,hpo_with_rl,2b_Hurink_edata_1_workers.fjs,10,1009,113.1316029454148,107.2534215085931,0.94804120790494,5.195879209506005,12690.518775939941,129600.55561733246,4632500,3073200,2.095029684174348,2.1030082648743744
combined_effect,competition_no_rl,hpo_with_rl,2b_Hurink_edata_6_workers.fjs,1,1000,1221.2142328701332,1294.0389646342123,1.0596330519280999,-5.963305192809987,17597.801370859146,129600.98584198952,3878440,4675584,2.12016359873287,2.1283535602536388
combined_effect,competition_no_rl,hpo_with_rl,2b_Hurink_edata_6_workers.fjs,2,1001,1247.5462477137883,1215.848258852404,0.9745917324351918,2.5408267564808185,17593.617461681366,129600.87351751328,3990050,4396140,2.1037879388090865,2.1108476716187567
combined_effect,competition_no_rl,hpo_with_rl,2b_Hurink_edata_6_workers.fjs,3,1002,1233.9543282131488,1272.7891900319134,1.0314718794130737,-3.1471879413073722,16664.34566450119,129600.05652189255,4573080,3296316,2.102136845337562,2.1037837851767165
combined_effect,competition_no_rl,hpo_with_rl,2b_Hurink_edata_6_workers.fjs,4,1003,1309.7528829147313,1254.234018914381,0.9576111916037182,4.2388808396281785,17953.297210931778,129600.82481360435,1630800,127272,2.11250464986247,2.107956334309884
combined_effect,competition_no_rl,hpo_with_rl,2b_Hurink_edata_6_workers.fjs,5,1004,1197.9523662385966,1226.0527478773456,1.0234570108384027,-2.345701083840268,17352.477403879166,129600.55214118958,2629660,2301060,2.116523615262538,2.124874779683441
combined_effect,competition_no_rl,hpo_with_rl,2b_Hurink_edata_6_workers.fjs,6,1005,1187.9278536167506,1202.8975196647532,1.0126014942762949,-1.2601494276294867,17493.144193410873,129600.0684530735,3947940,4836624,2.106255059604168,2.099297591037964
combined_effect,competition_no_rl,hpo_with_rl,2b_Hurink_edata_6_workers.fjs,7,1006,1221.0227216434446,1263.355434017273,1.0346698809313313,-3.4669880931331276,17727.16098189354,129600.84797477722,3998560,3582756,2.1421451256902535,2.1449158472279675
combined_effect,competition_no_rl,hpo_with_rl,2b_Hurink_edata_6_workers.fjs,8,1007,1234.501736162986,1279.633042355543,1.0365583173117536,-3.655831731175363,17499.8425617218,129600.80212378502,1538270,4319652,2.1138728358955237,2.0909036639796454
combined_effect,competition_no_rl,hpo_with_rl,2b_Hurink_edata_6_workers.fjs,9,1008,1230.7752328229678,1238.8083390585298,1.0065268669870264,-0.6526866987026425,18112.763720989227,129600.19727063179,1921380,4883916,2.1147340770154086,2.12124715592214
combined_effect,competition_no_rl,hpo_with_rl,2b_Hurink_edata_6_workers.fjs,10,1009,1269.920041785533,1238.9390019590041,0.9756039444948291,2.4396055505170877,17350.536009073257,129600.52099871635,4037950,4763712,2.1025166254727368,2.107039118977898
combined_effect,competition_no_rl,hpo_with_rl,2c_Hurink_rdata_28_workers.fjs,1,1000,2285.447777504625,2201.8460751755833,0.9634199900991296,3.6580009900870403,89628.52113676071,129600.42625427246,3044630,517092,2.0986664623550273,2.1273875122469406
combined_effect,competition_no_rl,hpo_with_rl,2c_Hurink_rdata_28_workers.fjs,2,1001,2185.552555209693,2057.4504945179224,0.94138687702274,5.861312297725996,86286.6164112091,129600.91038274765,627660,432996,2.1405999561309432,2.1476518731919856
combined_effect,competition_no_rl,hpo_with_rl,2c_Hurink_rdata_28_workers.fjs,3,1002,2097.601781065826,2167.4888675959746,1.0333176140299796,-3.331761402997957,84046.34502625465,129600.15401268005,411530,580140,2.1187896778442687,2.1460285817781926
combined_effect,competition_no_rl,hpo_with_rl,2c_Hurink_rdata_28_workers.fjs,4,1003,2270.8188596296,2169.2673065926824,0.9552797650035891,4.472023499641087,88303.5070412159,129601.28985452652,718080,2313216,2.1123896368647443,2.135105616725081
combined_effect,competition_no_rl,hpo_with_rl,2c_Hurink_rdata_28_workers.fjs,5,1004,2292.614350112232,2165.039303241396,0.9443539002254824,5.564609977451762,82879.60649776459,129600.87235546112,604760,409296,2.1227910649187334,2.1101747594945377
combined_effect,competition_no_rl,hpo_with_rl,2c_Hurink_rdata_28_workers.fjs,6,1005,2006.9865963068166,2063.1380378985373,1.0279779853512965,-2.7977985351296475,87453.93427920341,129600.09967255592,1261030,346824,2.1237953400072134,2.1203885281588257
combined_effect,competition_no_rl,hpo_with_rl,2c_Hurink_rdata_28_workers.fjs,7,1006,2255.330051382367,2329.2099597526076,1.0327579142241097,-3.2757914224109674,84982.38793253899,129600.48825311661,176750,345072,2.1520324917770677,2.1447605522583864
combined_effect,competition_no_rl,hpo_with_rl,2c_Hurink_rdata_28_workers.fjs,8,1007,2173.7312539812474,2230.003571462334,1.0258874308302934,-2.5887430830293434,87294.87802147865,129600.64804244041,733790,3998628,2.1186464463754846,2.1117458063090284
combined_effect,competition_no_rl,hpo_with_rl,2c_Hurink_rdata_28_workers.fjs,9,1008,2192.9488624807905,2131.35355611791,0.9719121100283205,2.8087889971679547,76303.0579688549,129601.26016616821,119480,3571968,2.135295873885872,2.129224331786124
combined_effect,competition_no_rl,hpo_with_rl,2c_Hurink_rdata_28_workers.fjs,10,1009,2336.820736243349,2113.7806722893333,0.904554054791309,9.544594520869099,83154.60767769814,129600.84718871117,3113390,3242580,2.128252036651502,2.1394541217503376
combined_effect,competition_no_rl,hpo_with_rl,2c_Hurink_rdata_38_workers.fjs,1,1000,5014.408428164271,4729.079178845975,0.9430981234564587,5.690187654354128,129600.07564520836,129600.06630325317,432620,301740,2.1211541574298947,2.1340610012842847
combined_effect,competition_no_rl,hpo_with_rl,2c_Hurink_rdata_38_workers.fjs,2,1001,4429.437783039817,4470.310249784781,1.0092274615305499,-0.9227461530549874,129600.30782461166,129600.19759225845,190920,347268,2.1163104553463055,2.121647009864633
combined_effect,competition_no_rl,hpo_with_rl,2c_Hurink_rdata_38_workers.fjs,3,1002,4731.537518238283,4130.5786431814995,0.8729886695941192,12.701133040588076,129600.75241732597,129601.43322324753,628430,1143876,2.1151262933564072,2.130262322424703
combined_effect,competition_no_rl,hpo_with_rl,2c_Hurink_rdata_38_workers.fjs,4,1003,3982.795939376353,4517.8102618774665,1.134331341762111,-13.433134176211103,129600.8435227871,129600.0645365715,503370,1781448,2.141288139449652,2.1280312114354527
combined_effect,competition_no_rl,hpo_with_rl,2c_Hurink_rdata_38_workers.fjs,5,1004,4636.553901923269,4500.668582578238,0.9706926044171156,2.930739558288442,129600.34700894356,129601.38711762428,325230,818388,2.121021913048156,2.119956939509297
combined_effect,competition_no_rl,hpo_with_rl,2c_Hurink_rdata_38_workers.fjs,6,1005,4349.962105980815,4230.986040906831,0.9726489421803461,2.7351057819653857,129601.1010055542,129600.22278857231,314510,794640,2.1208981501612945,2.119732485424264
combined_effect,competition_no_rl,hpo_with_rl,2c_Hurink_rdata_38_workers.fjs,7,1006,4650.690334938669,4376.642683677551,0.9410737693709008,5.8926230629099186,129600.35507154465,129600.4947066307,917850,315876,2.1501111118532914,2.144361922428981
combined_effect,competition_no_rl,hpo_with_rl,2c_Hurink_rdata_38_workers.fjs,8,1007,4436.109183568387,4327.672458377902,0.9755558935311734,2.4444106468826554,129601.05960893631,129600.34310030937,918140,950472,2.122540279219324,2.1255758636433706
combined_effect,competition_no_rl,hpo_with_rl,2c_Hurink_rdata_38_workers.fjs,9,1008,4552.846398820607,4519.256085145264,0.992622128942447,0.7377871057553054,129600.04375052452,129601.8215405941,749430,437904,2.1195746735663903,2.133737528397197
combined_effect,competition_no_rl,hpo_with_rl,2c_Hurink_rdata_38_workers.fjs,10,1009,4438.004667751098,4002.3182664440073,0.9018283138652332,9.817168613476678,129600.44589471817,129600.06670689583,616520,1182540,2.123447209450286,2.1437162648334267
combined_effect,competition_no_rl,hpo_with_rl,2c_Hurink_rdata_50_workers.fjs,1,1000,12599.331889483923,12926.035742887812,1.025930252196672,-2.5930252196672,19502.64585375786,129600.56624221802,4534730,3424080,2.106559419743174,2.0939633473007957
combined_effect,competition_no_rl,hpo_with_rl,2c_Hurink_rdata_50_workers.fjs,2,1001,12906.783378304606,12978.316744494456,1.0055423077999506,-0.5542307799950574,20744.14341044426,129600.06319141388,2669140,3713904,2.113440867578943,2.1223739565812685
combined_effect,competition_no_rl,hpo_with_rl,2c_Hurink_rdata_50_workers.fjs,3,1002,13300.292361788051,12946.23312021643,0.9733795895653512,2.66204104346488,18387.874901771545,129600.25011920929,2006550,937200,2.1260058123062744,2.1282645274069423
combined_effect,competition_no_rl,hpo_with_rl,2c_Hurink_rdata_50_workers.fjs,4,1003,13217.18931496226,12731.940081589599,0.9632865035213392,3.6713496478660845,19239.13342809677,129600.42680358887,3077360,2089344,2.124608473711985,2.133725503869549
combined_effect,competition_no_rl,hpo_with_rl,2c_Hurink_rdata_50_workers.fjs,5,1004,12880.112147426964,12779.466332411886,0.9921859519650857,0.7814048034914256,19105.370562314987,129600.34546995163,4710250,4021056,2.109764479513016,2.1320430985004815
combined_effect,competition_no_rl,hpo_with_rl,2c_Hurink_rdata_50_workers.fjs,6,1005,12993.973618142365,12983.550053679935,0.9991978154821035,0.0802184517896487,18901.528138637543,129600.85043001175,4355000,4926096,2.1131848460143705,2.0917593126598897
combined_effect,competition_no_rl,hpo_with_rl,2c_Hurink_rdata_50_workers.fjs,7,1006,13283.965231858272,12793.028154087679,0.963042881458828,3.6957118541172007,18189.004784584045,129600.6326417923,3368380,806700,2.1592921378183147,2.101696756051861
combined_effect,competition_no_rl,hpo_with_rl,2c_Hurink_rdata_50_workers.fjs,8,1007,13658.342119993706,13280.70263900852,0.9723510014855771,2.764899851442293,17929.00356221199,129600.6342344284,3741470,1498248,2.1022536740024176,2.106042283382258
combined_effect,competition_no_rl,hpo_with_rl,2c_Hurink_rdata_50_workers.fjs,9,1008,13388.413438187743,13568.244898366096,1.0134318723430977,-1.3431872343097728,18931.46050429344,129600.88780331612,733900,1737756,2.101791748538107,2.1062162214166555
combined_effect,competition_no_rl,hpo_with_rl,2c_Hurink_rdata_50_workers.fjs,10,1009,12703.251352375508,12906.946899955845,1.0160349143640495,-1.6034914364049468,20770.293228387833,129600.26202368736,3191330,323244,2.109824174119832,2.1281033635541378
combined_effect,competition_no_rl,hpo_with_rl,2d_Hurink_vdata_18_workers.fjs,1,1000,2414.573316338396,2418.842377453429,1.0017680395480832,-0.17680395480832445,64971.179871320724,129600.64202833176,158160,2505912,2.1236352826195217,2.1311386585492764
combined_effect,competition_no_rl,hpo_with_rl,2d_Hurink_vdata_18_workers.fjs,2,1001,2511.1698596378938,2440.965426955456,0.9720431366229599,2.7956863377040064,55697.631687402725,129600.23330640793,316680,2864484,2.1299150633061017,2.1024680680064223
combined_effect,competition_no_rl,hpo_with_rl,2d_Hurink_vdata_18_workers.fjs,3,1002,2474.8544687875574,2476.6389872333393,1.0007210599525298,-0.07210599525298012,61706.27452635765,129600.28815507889,4781290,773220,2.139027198606359,2.1331946487797926
combined_effect,competition_no_rl,hpo_with_rl,2d_Hurink_vdata_18_workers.fjs,4,1003,2376.562079780335,2450.360046204575,1.0310524042490241,-3.1052404249024113,48761.195684194565,129600.67204284668,330270,2567712,2.1507349138283574,2.1419231173116917
combined_effect,competition_no_rl,hpo_with_rl,2d_Hurink_vdata_18_workers.fjs,5,1004,2524.7143106741105,2386.778078239719,0.9453656075654905,5.463439243450951,50117.65680837631,129600.30304932594,764530,329400,2.1198272969555925,2.1159380126238645
combined_effect,competition_no_rl,hpo_with_rl,2d_Hurink_vdata_18_workers.fjs,6,1005,2430.854577535035,2351.0295820736974,0.9671617561169444,3.2838243883055562,55193.5052857399,129600.69427418709,4758420,1139652,2.11011682077694,2.116138237690097
combined_effect,competition_no_rl,hpo_with_rl,2d_Hurink_vdata_18_workers.fjs,7,1006,2566.820540734808,2452.8718255754393,0.9556070580895583,4.4392941910441746,63817.60633850098,129600.45543956757,857180,1066500,2.121339289863478,2.1535310145526245
combined_effect,competition_no_rl,hpo_with_rl,2d_Hurink_vdata_18_workers.fjs,8,1007,2504.4184827813274,2396.4080572979665,0.9568720538416535,4.3127946158346475,47227.67109179497,129600.90157866478,114690,4991688,2.111651334554239,2.1058067287328353
combined_effect,competition_no_rl,hpo_with_rl,2d_Hurink_vdata_18_workers.fjs,9,1008,2593.796409420078,2337.8507962332437,0.9013239388190615,9.867606118093853,64452.0824174881,129601.68297123909,2186040,2649840,2.131303541018963,2.129190160503865
combined_effect,competition_no_rl,hpo_with_rl,2d_Hurink_vdata_18_workers.fjs,10,1009,2464.3755282163997,2486.4714039056703,1.0089661155275562,-0.8966115527556218,48970.19855380058,129600.51356172562,284890,2990940,2.11716110671512,2.1215626313188314
combined_effect,competition_no_rl,hpo_with_rl,2d_Hurink_vdata_30_workers.fjs,1,1000,2839.1016440619514,2878.4213041883895,1.0138493316041277,-1.3849331604127713,108810.8312637806,129601.05111074448,1237520,804216,2.144336589170658,2.1369126237478766
combined_effect,competition_no_rl,hpo_with_rl,2d_Hurink_vdata_30_workers.fjs,2,1001,2884.7063572931856,2782.9214180365016,0.9647156671599004,3.5284332840099575,109949.93730521202,129601.82532548904,340640,554724,2.1273645702752106,2.1227470770682695
combined_effect,competition_no_rl,hpo_with_rl,2d_Hurink_vdata_30_workers.fjs,3,1002,2903.586194706495,2964.057137667257,1.020826295107411,-2.0826295107410964,109903.12401843071,129601.39866113663,265210,3572616,2.1194059815375876,2.1262963684844025
combined_effect,competition_no_rl,hpo_with_rl,2d_Hurink_vdata_30_workers.fjs,4,1003,3058.1303071159077,3075.863394228826,1.005798669556904,-0.579866955690389,115363.35440921783,129600.47997665405,704960,3104544,2.1340755806810243,2.1183632191658583
combined_effect,competition_no_rl,hpo_with_rl,2d_Hurink_vdata_30_workers.fjs,5,1004,2819.571489703667,2748.790798247636,0.9748966494680119,2.510335053198809,110351.03686189651,129601.77567481995,1848360,1408920,2.1104577018740023,2.130845580036927
combined_effect,competition_no_rl,hpo_with_rl,2d_Hurink_vdata_30_workers.fjs,6,1005,2815.774176967616,2609.476292650928,0.9267349327924955,7.326506720750448,111963.4905576706,129601.17221856117,208660,1425276,2.1299350809134765,2.121525441179616
combined_effect,competition_no_rl,hpo_with_rl,2d_Hurink_vdata_30_workers.fjs,7,1006,3148.468903223242,2918.082397750733,0.9268258596308031,7.31741403691969,112417.87674760818,129601.8084449768,4899720,464748,2.1638961534180354,2.140926190572805
combined_effect,competition_no_rl,hpo_with_rl,2d_Hurink_vdata_30_workers.fjs,8,1007,3013.7527015465926,2522.673192979907,0.8370538138996361,16.294618610036395,115223.48006439209,129600.23119521141,590290,1256124,2.123856731181531,2.134241280016842
combined_effect,competition_no_rl,hpo_with_rl,2d_Hurink_vdata_30_workers.fjs,9,1008,2974.2058331922876,2755.794150757551,0.9265647051064014,7.343529489359857,111087.80207467079,129601.81640791893,997220,351756,2.1381781690814434,2.1247449119179267
combined_effect,competition_no_rl,hpo_with_rl,2d_Hurink_vdata_30_workers.fjs,10,1009,2944.6104647205834,2856.975811003764,0.9702389654703836,2.9761034529616426,111527.5155377388,129600.874178648,965900,271176,2.136872615907535,2.136855505612389
combined_effect,competition_no_rl,hpo_with_rl,2d_Hurink_vdata_5_workers.fjs,1,1000,1172.6477680605456,1169.8285936583138,0.997595889849435,0.24041101505649642,17778.139241218567,129600.36170268059,3847700,2416740,2.1205203762396847,2.1308353254249797
combined_effect,competition_no_rl,hpo_with_rl,2d_Hurink_vdata_5_workers.fjs,2,1001,1140.976921854118,1198.0285976541654,1.0500024800741254,-5.000248007412544,18941.776232481003,129600.69594025612,4586570,1307052,2.132667143652557,2.1204045976179917
combined_effect,competition_no_rl,hpo_with_rl,2d_Hurink_vdata_5_workers.fjs,3,1002,1272.0526273511573,1182.5062794025907,0.9296048402218765,7.03951597781235,17558.92682147026,129600.75224637985,3726590,2516004,2.137903575380096,2.134487868957745
combined_effect,competition_no_rl,hpo_with_rl,2d_Hurink_vdata_5_workers.fjs,4,1003,1161.2281933736133,1199.7941657615652,1.03321136414705,-3.321136414704995,19167.8156542778,129600.38226151466,4194410,4502832,2.142487441648733,2.1086013458023993
combined_effect,competition_no_rl,hpo_with_rl,2d_Hurink_vdata_5_workers.fjs,5,1004,1165.1836278549235,1143.2852187640585,0.9812060446376341,1.8793955362365944,19491.7384121418,129600.13512992859,1858620,4213056,2.118515687008952,2.1369817173159973
combined_effect,competition_no_rl,hpo_with_rl,2d_Hurink_vdata_5_workers.fjs,6,1005,1154.9659641868593,1145.2505723204877,0.9915881574283345,0.8411842571665495,17529.427649974823,129600.51202368736,4127180,4757136,2.1230991988729033,2.109117076096662
combined_effect,competition_no_rl,hpo_with_rl,2d_Hurink_vdata_5_workers.fjs,7,1006,1218.8358616295163,1186.473698026902,0.9734483004468313,2.6551699553168717,18875.945766448975,129600.36074900627,4051620,2139720,2.168747084750029,2.1611542769160326
combined_effect,competition_no_rl,hpo_with_rl,2d_Hurink_vdata_5_workers.fjs,8,1007,1218.3581891043737,1204.5339289495469,0.9886533695275697,1.1346630472430341,17488.411953926086,129600.52915525436,4390220,4928052,2.100617567421334,2.1021534536641306
combined_effect,competition_no_rl,hpo_with_rl,2d_Hurink_vdata_5_workers.fjs,9,1008,1228.001043333404,1187.6457485478,0.9671374100171286,3.2862589982871393,18018.984717607498,129601.15223431587,4744690,2700300,2.1099674284079106,2.120795979549643
combined_effect,competition_no_rl,hpo_with_rl,2d_Hurink_vdata_5_workers.fjs,10,1009,1149.7929148429384,1142.9283385777187,0.9940297281566068,0.597027184339316,17847.985612630844,129600.82445859909,4553310,1154604,2.141141368422604,2.144330841609228
combined_effect,competition_no_rl,hpo_with_rl,3_DPpaulli_15_workers.fjs,1,1000,6252.611363699783,6168.54604165931,0.98655516596977,1.3444834030230002,129601.59031939507,129600.32150173187,587870,525528,2.1245706298674087,2.1263516172558807
combined_effect,competition_no_rl,hpo_with_rl,3_DPpaulli_15_workers.fjs,2,1001,6202.934666896343,5982.665995726675,0.9644896032284216,3.551039677157841,129601.51140737534,129600.06606841087,300930,1182708,2.123565445702274,2.1260362458161604
combined_effect,competition_no_rl,hpo_with_rl,3_DPpaulli_15_workers.fjs,3,1002,6521.166460486822,5896.213121877367,0.9041654062358039,9.583459376419611,129600.83326458931,129601.07074213028,687370,779244,2.11863757650644,2.1394096958916426
combined_effect,competition_no_rl,hpo_with_rl,3_DPpaulli_15_workers.fjs,4,1003,7112.429218393266,6456.492205452014,0.907775952097358,9.222404790264205,129600.92567563057,129600.06821322441,236530,288432,2.1205811623116473,2.1372036429831227
combined_effect,competition_no_rl,hpo_with_rl,3_DPpaulli_15_workers.fjs,5,1004,6373.29600270243,5580.062100311878,0.8755378846276397,12.44621153723603,129600.09739279747,129602.70951867104,477380,764568,2.1173740872765547,2.124119566163638
combined_effect,competition_no_rl,hpo_with_rl,3_DPpaulli_15_workers.fjs,6,1005,6067.017077888047,6079.646804895806,1.0020817028937976,-0.208170289379761,129601.26023578644,129601.66024851799,309030,991248,2.116155241677031,2.119821061679151
combined_effect,competition_no_rl,hpo_with_rl,3_DPpaulli_15_workers.fjs,7,1006,6814.585051407517,6377.674404384256,0.935885949954793,6.411405004520699,129601.38983798027,129602.73049378395,330080,753660,2.1355641026034213,2.140877611407941
combined_effect,competition_no_rl,hpo_with_rl,3_DPpaulli_15_workers.fjs,8,1007,6385.255268010076,5944.861084487461,0.9310295101702549,6.897048982974507,129600.01457071304,129601.30952954292,368800,1231872,2.1150232752600453,2.124682303247842
combined_effect,competition_no_rl,hpo_with_rl,3_DPpaulli_15_workers.fjs,9,1008,6475.223438055276,6137.160526578142,0.9477913133483057,5.220868665169432,129600.98661780357,129601.0610692501,307480,697380,2.12302407805091,2.1272653471674667
combined_effect,competition_no_rl,hpo_with_rl,3_DPpaulli_15_workers.fjs,10,1009,6616.653505107142,6353.04820113861,0.9601603282134896,3.9839671786510378,129601.1290614605,129602.67705798149,204270,371532,2.130281231521939,2.1283243554903217
combined_effect,competition_no_rl,hpo_with_rl,3_DPpaulli_18_workers.fjs,1,1000,6407.5124544980945,6122.2560601046125,0.9554809457774474,4.4519054222552645,129600.77716088295,129603.05218172073,456030,622344,2.120990550975867,2.119160976152514
combined_effect,competition_no_rl,hpo_with_rl,3_DPpaulli_18_workers.fjs,2,1001,6518.034271709214,6374.617079219482,0.9779968643134912,2.20031356865088,129600.69263863564,129601.67435884476,510330,733716,2.131469676817925,2.1298419910522823
combined_effect,competition_no_rl,hpo_with_rl,3_DPpaulli_18_workers.fjs,3,1002,6131.456308472663,6663.859464523752,1.0868314360024705,-8.683143600247046,129600.63174057007,129600.68075370789,1079120,415464,2.1208773118203608,2.1161827451647355
combined_effect,competition_no_rl,hpo_with_rl,3_DPpaulli_18_workers.fjs,4,1003,6434.594096860161,6477.310075663645,1.0066384884827977,-0.6638488482797689,129600.95664572716,129602.0459599495,271970,632052,2.12222760450533,2.123708221529064
combined_effect,competition_no_rl,hpo_with_rl,3_DPpaulli_18_workers.fjs,5,1004,6462.7828763320485,5556.622663315557,0.8597879225782094,14.021207742179065,129600.51596021652,129600.79198813438,685890,1231128,2.1168630449826558,2.1265299132474382
combined_effect,competition_no_rl,hpo_with_rl,3_DPpaulli_18_workers.fjs,6,1005,6090.129513544605,6311.629685862407,1.036370354985913,-3.63703549859129,129601.13091778755,129600.16288614273,1121330,442824,2.1212572321646133,2.1116191655611933
combined_effect,competition_no_rl,hpo_with_rl,3_DPpaulli_18_workers.fjs,7,1006,6980.391579987303,5902.93224068161,0.8456448571746669,15.435514282533314,129600.18048763275,129600.82497692108,177070,527292,2.142538852052579,2.137968939037164
combined_effect,competition_no_rl,hpo_with_rl,3_DPpaulli_18_workers.fjs,8,1007,7003.552774484808,5861.272305999288,0.8368998556493996,16.31001443506004,129600.96263742447,129603.33762407303,746050,1460964,2.1158769711434466,2.1228802267291877
combined_effect,competition_no_rl,hpo_with_rl,3_DPpaulli_18_workers.fjs,9,1008,6872.14161931933,5902.535454081486,0.8589077148072684,14.109228519273165,129600.0640411377,129601.6616859436,787840,1012452,2.1249664871117284,2.13011023243648
combined_effect,competition_no_rl,hpo_with_rl,3_DPpaulli_18_workers.fjs,10,1009,6622.242903111055,6307.629843063427,0.952491464802684,4.750853519731601,129600.41980409622,129600.32993173599,512920,317676,2.1252384156325594,2.1309560280619686
combined_effect,competition_no_rl,hpo_with_rl,3_DPpaulli_1_workers.fjs,1,1000,6201.538801186602,6122.291631163411,0.9872213699593353,1.2778630040664707,129600.71041417122,129601.08025693893,230420,1914456,2.118011885651162,2.1111350452287625
combined_effect,competition_no_rl,hpo_with_rl,3_DPpaulli_1_workers.fjs,2,1001,6848.376390568565,5849.649836633838,0.8541659370080548,14.583406299194523,129600.29332852364,129601.48895478249,3146220,1957968,2.109139633682958,2.1163711420527633
combined_effect,competition_no_rl,hpo_with_rl,3_DPpaulli_1_workers.fjs,3,1002,6655.51946612972,6213.528893439074,0.9335903718800675,6.640962811993245,129600.80044984818,129600.20322608948,202460,351288,2.1061770462435825,2.1091408328034875
combined_effect,competition_no_rl,hpo_with_rl,3_DPpaulli_1_workers.fjs,4,1003,6353.628276319298,6352.275519595534,0.9997870890985541,0.02129109014459285,129600.70004940033,129601.16348147392,258230,875616,2.1136487945173976,2.1082892531017374
combined_effect,competition_no_rl,hpo_with_rl,3_DPpaulli_1_workers.fjs,5,1004,6372.808722989159,6206.913863924246,0.9739683291503058,2.6031670849694155,129601.8789293766,129600.90080809593,2916630,3099576,2.101849842674525,2.1061804763909895
combined_effect,competition_no_rl,hpo_with_rl,3_DPpaulli_1_workers.fjs,6,1005,6452.111604968358,6234.552603093043,0.9662809611495582,3.3719038850441807,129601.89869737625,129600.21571564674,2749130,1143684,2.1023498224074153,2.1034253046872617
combined_effect,competition_no_rl,hpo_with_rl,3_DPpaulli_1_workers.fjs,7,1006,6323.896403676174,6334.0748148772645,1.001609515803449,-0.16095158034490353,129600.14214086533,129600.04947829247,257630,310932,2.1242513952556847,2.1298166828773586
combined_effect,competition_no_rl,hpo_with_rl,3_DPpaulli_1_workers.fjs,8,1007,6530.664002434722,6270.10739649456,0.9601025859172938,3.9897414082706195,129601.11798357964,129600.41040921211,154080,323592,2.100567385794378,2.101242425098713
combined_effect,competition_no_rl,hpo_with_rl,3_DPpaulli_1_workers.fjs,9,1008,6253.090546081012,6242.703028659034,0.9983388186456875,0.16611813543124798,129600.00602078438,129602.09354138374,2855850,867744,2.1082570957791678,2.116888107378445
combined_effect,competition_no_rl,hpo_with_rl,3_DPpaulli_1_workers.fjs,10,1009,6475.82508757632,6273.5092264105715,0.968758288182631,3.124171181736901,129600.23231267929,129600.30877375603,1914540,3653484,2.1135199371985376,2.1151413440359312
combined_effect,competition_no_rl,hpo_with_rl,3_DPpaulli_9_workers.fjs,1,1000,6145.651926502202,5394.688028613864,0.8778056572566503,12.219434274334972,129600.46100640297,129601.72605895996,1629620,677220,2.1243179835818187,2.1172245010258495
combined_effect,competition_no_rl,hpo_with_rl,3_DPpaulli_9_workers.fjs,2,1001,5689.001529470076,5453.971969580922,0.9586870281767973,4.131297182320271,129601.39567184448,129601.92360019684,715650,1353888,2.1331089349344117,2.1304578006175476
combined_effect,competition_no_rl,hpo_with_rl,3_DPpaulli_9_workers.fjs,3,1002,5686.110573518248,5198.420323400686,0.9142313108737514,8.576868912624857,129601.57392334938,129601.54879927635,2485560,838188,2.1288321128859033,2.136629808220586
combined_effect,competition_no_rl,hpo_with_rl,3_DPpaulli_9_workers.fjs,4,1003,6015.436728587933,5430.288716103479,0.9027255976771261,9.727440232287387,129601.37047767639,129603.00056362152,293360,474252,2.135405299463235,2.1270226071694003
combined_effect,competition_no_rl,hpo_with_rl,3_DPpaulli_9_workers.fjs,5,1004,5562.739167239689,5179.817595225162,0.9311631265636822,6.883687343631784,129600.20166778564,129600.76935577393,1685170,1942212,2.117525377708294,2.125489370219599
combined_effect,competition_no_rl,hpo_with_rl,3_DPpaulli_9_workers.fjs,6,1005,5681.466987847579,5073.856966100396,0.8930540258269852,10.694597417301477,129600.07017707825,129601.10546946526,2482480,1344120,2.1160026025503087,2.118520653904132
combined_effect,competition_no_rl,hpo_with_rl,3_DPpaulli_9_workers.fjs,7,1006,6303.236691199653,5522.032898517786,0.8760630718861382,12.393692811386181,129602.04652643204,129601.14362597466,2089610,723984,2.1323534138023184,2.1436463115364077
combined_effect,competition_no_rl,hpo_with_rl,3_DPpaulli_9_workers.fjs,8,1007,5758.56357071256,5761.640313516761,1.0005342899781204,-0.05342899781204391,129600.3863825798,129601.59064507484,3180980,2216124,2.121799399673014,2.1198087982033704
combined_effect,competition_no_rl,hpo_with_rl,3_DPpaulli_9_workers.fjs,9,1008,5692.8071281982575,5370.040190168921,0.943302674627677,5.6697325372322975,129601.17623353004,129600.05315542221,335350,1224636,2.125768158401142,2.1309683294321116
combined_effect,competition_no_rl,hpo_with_rl,3_DPpaulli_9_workers.fjs,10,1009,5557.348622737905,5858.23655982788,1.0541423541180934,-5.414235411809343,129600.32958698273,129600.11515641212,395670,435156,2.1374417779761172,2.1318182532124745
combined_effect,competition_no_rl,hpo_with_rl,4_ChambersBarnes_10_workers.fjs,1,1000,2337.535723331386,2186.7331280809985,0.9354865066894172,6.451349331058276,63894.57647776604,129600.49553513527,892140,3896640,2.1192526956766873,2.1313188382855737
combined_effect,competition_no_rl,hpo_with_rl,4_ChambersBarnes_10_workers.fjs,2,1001,2237.8615616824763,2406.8368368083825,1.0755074746441717,-7.5507474644171735,65008.7291200161,129601.2599709034,286540,503784,2.135364085574882,2.1261809512441543
combined_effect,competition_no_rl,hpo_with_rl,4_ChambersBarnes_10_workers.fjs,3,1002,2301.720315145663,2158.7800980492357,0.9378985291323801,6.210147086761985,68486.53136324883,129601.58170294762,4443720,4944420,2.127283100873995,2.133181915068415
combined_effect,competition_no_rl,hpo_with_rl,4_ChambersBarnes_10_workers.fjs,4,1003,2195.7306066139763,2288.49478501919,1.042247522590335,-4.224752259033493,63991.94753432274,129600.35441279411,3887290,287664,2.1235305673249285,2.1367831792896266
combined_effect,competition_no_rl,hpo_with_rl,4_ChambersBarnes_10_workers.fjs,5,1004,2042.8155554510897,2174.397014563411,1.0644118157222795,-6.44118157222795,63259.71593999863,129600.47130250931,4210860,3987108,2.1279328702615516,2.115172193155069
combined_effect,competition_no_rl,hpo_with_rl,4_ChambersBarnes_10_workers.fjs,6,1005,2301.059853015124,2192.905787125211,0.9529981518089603,4.70018481910397,65189.41157960892,129600.62719345093,653700,3519924,2.128640012039893,2.1085632568511645
combined_effect,competition_no_rl,hpo_with_rl,4_ChambersBarnes_10_workers.fjs,7,1006,2332.3797927563196,2219.55475163941,0.9516266426817318,4.837335731826819,61409.78604364395,129600.16783070564,231050,148044,2.124207461526703,2.1403613805587365
combined_effect,competition_no_rl,hpo_with_rl,4_ChambersBarnes_10_workers.fjs,8,1007,2267.7331443155153,2210.318782338263,0.9746820466415232,2.5317953358476752,65961.6166985035,129600.04494976997,1913990,184944,2.1273294036730914,2.1070722424578294
combined_effect,competition_no_rl,hpo_with_rl,4_ChambersBarnes_10_workers.fjs,9,1008,2386.9751673083747,2345.860707667246,0.9827754975400559,1.7224502459944113,72009.65190553665,129600.58891010284,4864570,2656920,2.1179903880287263,2.10014387436638
combined_effect,competition_no_rl,hpo_with_rl,4_ChambersBarnes_10_workers.fjs,10,1009,2296.300773404453,2128.0333371779006,0.9267223883842175,7.32776116157825,63503.184524059296,129601.43721747398,3255760,656592,2.1262044198189383,2.1344366471192586
combined_effect,competition_no_rl,hpo_with_rl,5_Kacem_3_workers.fjs,1,1000,18.99599928603982,15.269658700918702,0.8038355061499919,19.616449385000813,12239.67696261406,129600.65015172958,661070,827400,2.1106665873377577,2.1813798144169576
combined_effect,competition_no_rl,hpo_with_rl,5_Kacem_3_workers.fjs,2,1001,16.527182891164884,18.74242545267141,1.1340363071005133,-13.403630710051328,12063.726463317871,129600.28701615334,4555010,4966488,2.0658978613956105,2.08249171696349
combined_effect,competition_no_rl,hpo_with_rl,5_Kacem_3_workers.fjs,3,1002,16.55493916013881,19.085037846051854,1.1528304430139524,-15.283044301395243,12139.024596452713,129600.33481907845,4315340,682848,2.0693673950173515,2.1205597606724282
combined_effect,competition_no_rl,hpo_with_rl,5_Kacem_3_workers.fjs,4,1003,16.698481276681985,16.78581020275641,1.0052297526120757,-0.52297526120757,12060.045197248459,129600.81490015984,2360200,3881280,2.087310159585248,2.098226275344551
combined_effect,competition_no_rl,hpo_with_rl,5_Kacem_3_workers.fjs,5,1004,16.833654307522295,16.666807339511365,0.9900884879205122,0.9911512079487816,11982.426431417465,129600.8400053978,2910870,1153176,2.104206788440287,2.0833509174389206
combined_effect,competition_no_rl,hpo_with_rl,5_Kacem_3_workers.fjs,6,1005,16.838073589473066,14.976200364855139,0.8894248077296714,11.057519227032863,12070.809917926788,129600.27533054352,2363360,3719184,2.104759198684133,2.1394571949793053
combined_effect,competition_no_rl,hpo_with_rl,5_Kacem_3_workers.fjs,7,1006,17.061073863432043,15.407883508847089,0.9031016237419657,9.689837625803433,12020.689793348312,129600.8506166935,3793410,3400188,2.1326342329290053,2.2011262155495843
combined_effect,competition_no_rl,hpo_with_rl,5_Kacem_3_workers.fjs,8,1007,17.064740763691333,18.65624744290216,1.0932628688152755,-9.326286881527546,12097.57264661789,129600.06172680855,921110,4773240,2.1330925954614166,2.0729163825446846
combined_effect,competition_no_rl,hpo_with_rl,5_Kacem_3_workers.fjs,9,1008,15.293996160379747,16.731520421566465,1.0939927175417197,-9.399271754171966,12077.375705480576,129600.39816784859,3593390,4379664,2.184856594339964,2.091440052695808
combined_effect,competition_no_rl,hpo_with_rl,5_Kacem_3_workers.fjs,10,1009,16.84879875814871,15.141900303111864,0.89869316622876,10.130683377123994,12077.729210138321,129600.10703730583,4982620,3286464,2.106099844768589,2.163128614730266
combined_effect,competition_no_rl,hpo_with_rl,5_Kacem_4_workers.fjs,1,1000,32.682927280332166,31.88273922429508,0.975516634444228,2.448336555577202,18940.953230142593,129600.40026760101,3675750,4934964,2.178861818688811,2.125515948286339
combined_effect,competition_no_rl,hpo_with_rl,5_Kacem_4_workers.fjs,2,1001,28.222549504088672,32.786629957336835,1.1617175107651756,-16.17175107651756,19160.56962108612,129600.01687145233,4494400,2927928,2.1709653464683596,2.1857753304891223
combined_effect,competition_no_rl,hpo_with_rl,5_Kacem_4_workers.fjs,3,1002,30.758696910434935,30.45375843454326,0.9900861055076678,0.9913894492332154,19341.96282362938,129600.17480325699,4762270,4169088,2.197049779316781,2.175268459610233
combined_effect,competition_no_rl,hpo_with_rl,5_Kacem_4_workers.fjs,4,1003,30.585182076605413,28.089724866372052,0.9184096009635289,8.159039903647114,21010.562972784042,129600.77935647964,4736220,4964796,2.1846558626146724,2.160748066644004
combined_effect,competition_no_rl,hpo_with_rl,5_Kacem_4_workers.fjs,5,1004,30.827119421037082,32.0342467904701,1.039157968441555,-3.9157968441555058,19177.245486736298,129600.71714878082,2031140,2807196,2.2019371015026485,2.135616452698007
combined_effect,competition_no_rl,hpo_with_rl,5_Kacem_4_workers.fjs,6,1005,30.25482780129297,30.544944659046244,1.009589109535136,-0.958910953513592,18804.106725215912,129600.18161010742,2323410,3989220,2.1610591286637835,2.181781761360446
combined_effect,competition_no_rl,hpo_with_rl,5_Kacem_4_workers.fjs,7,1006,34.47218944833628,34.54682596229813,1.0021651225279353,-0.2165122527935326,20076.975618124008,129600.71140694618,4886030,3702432,2.1545118405210175,2.159176622643633
combined_effect,competition_no_rl,hpo_with_rl,5_Kacem_4_workers.fjs,8,1007,30.222424552982993,32.793423276207626,1.0850692411761145,-8.506924117611447,18908.97502017021,129600.29044246674,4860180,3933444,2.1587446109273567,2.186228218413842
combined_effect,competition_no_rl,hpo_with_rl,5_Kacem_4_workers.fjs,9,1008,31.83784256229276,31.226993847839733,0.9808137529024505,1.9186247097549458,20828.142822265625,129600.09148907661,1438400,3879288,2.122522837486184,2.230499560559981
combined_effect,competition_no_rl,hpo_with_rl,5_Kacem_4_workers.fjs,10,1009,32.88789739433571,28.689620276745085,0.8723458338715903,12.765416612840975,19322.86292028427,129600.04551625252,2769740,4061472,2.192526492955714,2.20689386744193
combined_effect,competition_no_rl,hpo_with_rl,6_Fattahi_14_workers.fjs,1,1000,1222.3043302293215,1254.3721224020246,1.0262355220214974,-2.623552202149737,10082.605886220932,129600.59916758537,4545930,2371272,2.1074212590160717,2.0836746219302733
combined_effect,competition_no_rl,hpo_with_rl,6_Fattahi_14_workers.fjs,2,1001,1190.087229497309,1203.0556430693275,1.0108970277561053,-1.0897027756105349,10034.453359603882,129600.03128004074,2345890,4159452,2.106349078756299,2.140668404037949
combined_effect,competition_no_rl,hpo_with_rl,6_Fattahi_14_workers.fjs,3,1002,1284.6019284756985,1202.7987190796616,0.9363201879253722,6.367981207462781,10034.036124229431,129600.06642699242,4589960,3187896,2.1198051625011525,2.0954681517067275
combined_effect,competition_no_rl,hpo_with_rl,6_Fattahi_14_workers.fjs,4,1003,1198.3651145554186,1205.649902789249,1.0060789388353757,-0.6078938835375691,10050.868281841278,129600.33220410347,4842210,1526880,2.1476077321781695,2.14528452453603
combined_effect,competition_no_rl,hpo_with_rl,6_Fattahi_14_workers.fjs,5,1004,1266.0281120417396,1185.3734511323148,0.9362931516746875,6.370684832531248,10172.538403272629,129600.65481567383,2936410,3224616,2.127778339565949,2.1243251812407076
combined_effect,competition_no_rl,hpo_with_rl,6_Fattahi_14_workers.fjs,6,1005,1208.266061582171,1220.6866121212036,1.0102796486088241,-1.0279648608824132,10097.247552871704,129600.78834795952,1457000,3944928,2.1086667741399143,2.0973996771841987
combined_effect,competition_no_rl,hpo_with_rl,6_Fattahi_14_workers.fjs,7,1006,1313.0034733525708,1239.0071467509235,0.9436434646949501,5.6356535305049915,10035.77022075653,129600.01630020142,4921680,1147620,2.1384421390107016,2.151054074220353
combined_effect,competition_no_rl,hpo_with_rl,6_Fattahi_14_workers.fjs,8,1007,1228.405810764075,1223.5860506979375,0.996076410560823,0.3923589439177033,10062.954860687256,129600.49932098389,4609820,1566816,2.0998389927591026,2.1023815304088274
combined_effect,competition_no_rl,hpo_with_rl,6_Fattahi_14_workers.fjs,9,1008,1216.3118729363728,1163.8780962073588,0.9568911741341221,4.310882586587795,10081.703619003296,129600.00906705856,4772310,1936680,2.1681138555015558,2.1008629895439688
combined_effect,competition_no_rl,hpo_with_rl,6_Fattahi_14_workers.fjs,10,1009,1259.985012117914,1173.974460624357,0.9317368455447089,6.826315445529108,10061.942926168442,129600.26378035545,1206750,3471648,2.117621869105738,2.1076740765248783
combined_effect,competition_no_rl,hpo_with_rl,6_Fattahi_20_workers.fjs,1,1000,2827.444009921338,2828.7093811557147,1.0004475318449937,-0.044753184499368714,16959.010805606842,129600.52614569664,4926350,4113588,2.121113285762444,2.109402968796208
combined_effect,competition_no_rl,hpo_with_rl,6_Fattahi_20_workers.fjs,2,1001,2882.216248877939,2929.717742514588,1.01648089162468,-1.6480891624679916,17009.35125041008,129600.54550170898,4168120,4982220,2.1038074809328022,2.10166265603629
combined_effect,competition_no_rl,hpo_with_rl,6_Fattahi_20_workers.fjs,3,1002,2917.511969874489,2957.2781091456973,1.0136301546255246,-1.3630154625524638,17184.067345380783,129600.43639302254,3798740,3670764,2.1452293896135948,2.098848906419941
combined_effect,competition_no_rl,hpo_with_rl,6_Fattahi_20_workers.fjs,4,1003,2764.9151041450764,2748.1270356130817,0.9939281793835816,0.6071820616418422,18275.62546491623,129600.84783434868,3761450,3296868,2.156720050035161,2.131983735929466
combined_effect,competition_no_rl,hpo_with_rl,6_Fattahi_20_workers.fjs,5,1004,2687.6239851116466,2854.7894972029662,1.062198251324348,-6.2198251324347975,17666.203986406326,129600.83761310577,2268310,4127280,2.1279683175864186,2.1352202671675142
combined_effect,competition_no_rl,hpo_with_rl,6_Fattahi_20_workers.fjs,6,1005,2711.7201690742877,2803.80895343061,1.0339595454599428,-3.395954545994284,17460.154178619385,129600.05474257469,4998110,2540544,2.1285087669342917,2.1240976919928864
combined_effect,competition_no_rl,hpo_with_rl,6_Fattahi_20_workers.fjs,7,1006,2891.9232831473314,2952.821971025367,1.021058196195218,-2.1058196195218093,17031.786366701126,129600.00082707405,4455690,1190736,2.1248517877643875,2.115201984975191
combined_effect,competition_no_rl,hpo_with_rl,6_Fattahi_20_workers.fjs,8,1007,2780.3883274353757,2786.4260677317993,1.0021715456926812,-0.2171545692681187,16229.655694961548,129600.27021718025,3784810,4615716,2.1111528682121303,2.1189551845869197
combined_effect,competition_no_rl,hpo_with_rl,6_Fattahi_20_workers.fjs,9,1008,3051.917101924744,2837.411103846377,0.9297143431769214,7.028565682307864,17250.09663081169,129600.54273915291,4725500,3573036,2.098980125120182,2.126994830469548
combined_effect,competition_no_rl,hpo_with_rl,6_Fattahi_20_workers.fjs,10,1009,2851.5086463306916,2804.290975654743,0.9834411616683302,1.6558838331669823,17393.408655405045,129600.31294751167,2321980,4220460,2.118505680780603,2.1212488469400475
